    600    136    276
0.0 0.0 0.0 0.0 0.0 0.0 0.0 0.0 0.0 0.0 0.0 0.0 0.0 0.0 0.0 0.0 0.0 0.0 0.0 0.0 0.0 0.0 0.0 0.0 0.0 0.0 0.0 0.0 0.0 0.0 0.0 0.0 0.0 0.0 0.0 0.0 0.0 0.0 0.0 0.0 0.0 0.0 0.0 0.0 0.0 0.0 0.0 0.0 0.0 0.0 0.0 0.0 0.0 0.0 0.0 0.0 0.0 0.0 0.0 0.0 0.0 0.0 0.0 0.0 0.0 0.0 0.0 0.0 0.0 0.0 0.0 0.0 0.0 0.0 0.0 0.0 0.0 0.0 0.0 0.0 0.0 0.0 0.0 0.0 0.0 0.0 0.0 0.0 0.0 0.0 0.0 0.0 0.0 0.0 0.0 0.0 0.0 0.0 0.0 0.0 0.0 0.0 0.0 0.0 0.0 0.0 0.0 0.0 0.0 0.0 0.0 0.0 0.0 0.0 0.0 0.0 0.0 0.0 0.0 0.0 0.0 0.0 0.0 0.0 0.0 0.0 0.0 0.0 0.0 0.0 0.0 0.0 0.0 0.0 0.0 0.0
0.0 0.0 0.0 0.0 0.0 0.0 0.0 0.0 0.0 0.0 0.0 0.0 0.0 0.0 0.0 0.0 0.0 0.0 0.0 0.0 0.0 0.0 0.0 0.0 0.0 0.0 0.0 0.0 0.0 0.0 0.0 0.0 0.0 0.0 0.0 0.0 0.0 0.0 0.0 0.0 0.0 0.0 0.0 0.0 0.0 0.0 0.0 0.0 0.0 0.0 0.0 0.0 0.0 0.0 0.0 0.0 0.0 0.0 0.0 0.0 0.0 0.0 0.0 0.0 0.0 0.0 0.0 0.0 0.0 0.0 0.0 0.0 0.0 0.0 0.0 0.0 0.0 0.0 0.0 0.0 0.0 0.0 0.0 0.0 0.0 0.0 0.0 0.0 0.0 0.0 0.0 0.0 0.0 0.0 0.0 0.0 0.0 0.0 0.0 0.0 0.0 0.0 0.0 0.0 0.0 0.0 0.0 0.0 0.0 0.0 0.0 0.0 0.0 0.0 0.0 0.0 0.0 0.0 0.0 0.0 0.0 0.0 0.0 0.0 0.0 0.0 0.0 0.0 0.0 0.0 0.0 0.0 0.0 0.0 0.0 0.0
0.0 0.0 0.0 0.0 0.0 0.0 0.0 0.0 0.0 0.0 0.0 0.0 0.0 0.0 0.0 0.0 0.0 0.0 0.0 0.0 0.0 0.0 0.0 0.0 0.0 0.0 0.0 0.0 0.0 0.0 0.0 0.0 0.0 0.0 0.0 0.0 0.0 0.0 0.0 0.0 0.0 0.0 0.0 0.0 0.0 0.0 0.0 0.0 0.0 0.0 0.0 0.0 0.0 0.0 0.0 0.0 0.0 0.0 0.0 0.0 0.0 0.0 0.0 0.0 0.0 0.0 0.0 0.0 0.0 0.0 0.0 0.0 0.0 0.0 0.0 0.0 0.0 0.0 0.0 0.0 0.0 0.0 0.0 0.0 0.0 0.0 0.0 0.0 0.0 0.0 0.0 0.0 0.0 0.0 0.0 0.0 0.0 0.0 0.0 0.0 0.0 0.0 0.0 0.0 0.0 0.0 0.0 0.0 0.0 0.0 0.0 0.0 0.0 0.0 0.0 0.0 0.0 0.0 0.0 0.0 0.0 0.0 0.0 0.0 0.0 0.0 0.0 0.0 0.0 0.0 0.0 0.0 0.0 0.0 0.0 0.0
0.0 0.0 0.0 0.0 0.0 0.0 0.0 0.0 0.0 0.0 0.0 0.0 0.0 0.0 0.0 0.0 0.0 0.0 0.0 0.0 0.0 0.0 0.0 0.0 0.0 0.0 0.0 0.0 0.0 0.0 0.0 0.0 0.0 0.0 0.0 0.0 0.0 0.0 0.0 0.0 0.0 0.0 0.0 0.0 0.0 0.0 0.0 0.0 0.0 0.0 0.0 0.0 0.0 0.0 0.0 0.0 0.0 0.0 0.0 0.0 0.0 0.0 0.0 0.0 0.0 0.0 0.0 0.0 0.0 0.0 0.0 0.0 0.0 0.0 0.0 0.0 0.0 0.0 0.0 0.0 0.0 0.0 0.0 0.0 0.0 0.0 0.0 0.0 0.0 0.0 0.0 0.0 0.0 0.0 0.0 0.0 0.0 0.0 0.0 0.0 0.0 0.0 0.0 0.0 0.0 0.0 0.0 0.0 0.0 0.0 0.0 0.0 0.0 0.0 0.0 0.0 0.0 0.0 0.0 0.0 0.0 0.0 0.0 0.0 0.0 0.0 0.0 0.0 0.0 0.0 0.0 0.0 0.0 0.0 0.0 0.0
0.0 0.0 0.0 0.0 0.0 0.0 0.0 0.0 0.0 0.0 0.0 0.0 0.0 0.0 0.0 0.0 0.0 0.0 0.0 0.0 0.0 0.0 0.0 0.0 0.0 0.0 0.0 0.0 0.0 0.0 0.0 0.0 0.0 0.0 0.0 0.0 0.0 0.0 0.0 0.0 0.0 0.0 0.0 0.0 0.0 0.0 0.0 0.0 0.0 0.0 0.0 0.0 0.0 0.0 0.0 0.0 0.0 0.0 0.0 0.0 0.0 0.0 0.0 0.0 0.0 0.0 0.0 0.0 0.0 0.0 0.0 0.0 0.0 0.0 0.0 0.0 0.0 0.0 0.0 0.0 0.0 0.0 0.0 0.0 0.0 0.0 0.0 0.0 0.0 0.0 0.0 0.0 0.0 0.0 0.0 0.0 0.0 0.0 0.0 0.0 0.0 0.0 0.0 0.0 0.0 0.0 0.0 0.0 0.0 0.0 0.0 0.0 0.0 0.0 0.0 0.0 0.0 0.0 0.0 0.0 0.0 0.0 0.0 0.0 0.0 0.0 0.0 0.0 0.0 0.0 0.0 0.0 0.0 0.0 0.0 0.0
0.0 0.0 0.0 0.0 0.0 0.0 0.0 0.0 0.0 0.0 0.0 0.0 0.0 0.0 0.0 0.0 0.0 0.0 0.0 0.0 0.0 0.0 0.0 0.0 0.0 0.0 0.0 0.0 0.0 0.0 0.0 0.0 0.0 0.0 0.0 0.0 0.0 0.0 0.0 0.0 0.0 0.0 0.0 0.0 0.0 0.0 0.0 0.0 0.0 0.0 0.0 0.0 0.0 0.0 0.0 0.0 0.0 0.0 0.0 0.0 0.0 0.0 0.0 0.0 0.0 0.0 0.0 0.0 0.0 0.0 0.0 0.0 0.0 0.0 0.0 0.0 0.0 0.0 0.0 0.0 0.0 0.0 0.0 0.0 0.0 0.0 0.0 0.0 0.0 0.0 0.0 0.0 0.0 0.0 0.0 0.0 0.0 0.0 0.0 0.0 0.0 0.0 0.0 0.0 0.0 0.0 0.0 0.0 0.0 0.0 0.0 0.0 0.0 0.0 0.0 0.0 0.0 0.0 0.0 0.0 0.0 0.0 0.0 0.0 0.0 0.0 0.0 0.0 0.0 0.0 0.0 0.0 0.0 0.0 0.0 0.0
0.0 0.0 0.0 0.0 0.0 0.0 0.0 0.0 0.0 0.0 0.0 0.0 0.0 0.0 0.0 0.0 0.0 0.0 0.0 0.0 0.0 0.0 0.0 0.0 0.0 0.0 0.0 0.0 0.0 0.0 0.0 0.0 0.0 0.0 0.0 0.0 0.0 0.0 0.0 0.0 0.0 0.0 0.0 0.0 0.0 0.0 0.0 0.0 0.0 0.0 0.0 0.0 0.0 0.0 0.0 0.0 0.0 0.0 0.0 0.0 0.0 0.0 0.0 0.0 0.0 0.0 0.0 0.0 0.0 0.0 0.0 0.0 0.0 0.0 0.0 0.0 0.0 0.0 0.0 0.0 0.0 0.0 0.0 0.0 0.0 0.0 0.0 0.0 0.0 0.0 0.0 0.0 0.0 0.0 0.0 0.0 0.0 0.0 0.0 0.0 0.0 0.0 0.0 0.0 0.0 0.0 0.0 0.0 0.0 0.0 0.0 0.0 0.0 0.0 0.0 0.0 0.0 0.0 0.0 0.0 0.0 0.0 0.0 0.0 0.0 0.0 0.0 0.0 0.0 0.0 0.0 0.0 0.0 0.0 0.0 0.0
0.0 0.0 0.0 0.0 0.0 0.0 0.0 0.0 0.0 0.0 0.0 0.0 0.0 0.0 0.0 0.0 0.0 0.0 0.0 0.0 0.0 0.0 0.0 0.0 0.0 0.0 0.0 0.0 0.0 0.0 0.0 0.0 0.0 0.0 0.0 0.0 0.0 0.0 0.0 0.0 0.0 0.0 0.0 0.0 0.0 0.0 0.0 0.0 0.0 0.0 0.0 0.0 0.0 0.0 0.0 0.0 0.0 0.0 0.0 0.0 0.0 0.0 0.0 0.0 0.0 0.0 0.0 0.0 0.0 0.0 0.0 0.0 0.0 0.0 0.0 0.0 0.0 0.0 0.0 0.0 0.0 0.0 0.0 0.0 0.0 0.0 0.0 0.0 0.0 0.0 0.0 0.0 0.0 0.0 0.0 0.0 0.0 0.0 0.0 0.0 0.0 0.0 0.0 0.0 0.0 0.0 0.0 0.0 0.0 0.0 0.0 0.0 0.0 0.0 0.0 0.0 0.0 0.0 0.0 0.0 0.0 0.0 0.0 0.0 0.0 0.0 0.0 0.0 0.0 0.0 0.0 0.0 0.0 0.0 0.0 0.0
0.0 0.0 0.0 0.0 0.0 0.0 0.0 0.0 0.0 0.0 0.0 0.0 0.0 0.0 0.0 0.0 0.0 0.0 0.0 0.0 0.0 0.0 0.0 0.0 0.0 0.0 0.0 0.0 0.0 0.0 0.0 0.0 0.0 0.0 0.0 0.0 0.0 0.0 0.0 0.0 0.0 0.0 0.0 0.0 0.0 0.0 0.0 0.0 0.0 0.0 0.0 0.0 0.0 0.0 0.0 0.0 0.0 0.0 0.0 0.0 0.0 0.0 0.0 0.0 0.0 0.0 0.0 0.0 0.0 0.0 0.0 0.0 0.0 0.0 0.0 0.0 0.0 0.0 0.0 0.0 0.0 0.0 0.0 0.0 0.0 0.0 0.0 0.0 0.0 0.0 0.0 0.0 0.0 0.0 0.0 0.0 0.0 0.0 0.0 0.0 0.0 0.0 0.0 0.0 0.0 0.0 0.0 0.0 0.0 0.0 0.0 0.0 0.0 0.0 0.0 0.0 0.0 0.0 0.0 0.0 0.0 0.0 0.0 0.0 0.0 0.0 0.0 0.0 0.0 0.0 0.0 0.0 0.0 0.0 0.0 0.0
0.0 0.0 0.0 0.0 0.0 0.0 0.0 0.0 0.0 0.0 0.0 0.0 0.0 0.0 0.0 0.0 0.0 0.0 0.0 0.0 0.0 0.0 0.0 0.0 0.0 0.0 0.0 0.0 0.0 0.0 0.0 0.0 0.0 0.0 0.0 0.0 0.0 0.0 0.0 0.0 0.0 0.0 0.0 0.0 0.0 0.0 0.0 0.0 0.0 0.0 0.0 0.0 0.0 0.0 0.0 0.0 0.0 0.0 0.0 0.0 0.0 0.0 0.0 0.0 0.0 0.0 0.0 0.0 0.0 0.0 0.0 0.0 0.0 0.0 0.0 0.0 0.0 0.0 0.0 0.0 0.0 0.0 0.0 0.0 0.0 0.0 0.0 0.0 0.0 0.0 0.0 0.0 0.0 0.0 0.0 0.0 0.0 0.0 0.0 0.0 0.0 0.0 0.0 0.0 0.0 0.0 0.0 0.0 0.0 0.0 0.0 0.0 0.0 0.0 0.0 0.0 0.0 0.0 0.0 0.0 0.0 0.0 0.0 0.0 0.0 0.0 0.0 0.0 0.0 0.0 0.0 0.0 0.0 0.0 0.0 0.0
0.0 0.0 0.0 0.0 0.0 0.0 0.0 0.0 0.0 0.0 0.0 0.0 0.0 0.0 0.0 0.0 0.0 0.0 0.0 0.0 0.0 0.0 0.0 0.0 0.0 0.0 0.0 0.0 0.0 0.0 0.0 0.0 0.0 0.0 0.0 0.0 0.0 0.0 0.0 0.0 0.0 0.0 0.0 0.0 0.0 0.0 0.0 0.0 0.0 0.0 0.0 0.0 0.0 0.0 0.0 0.0 0.0 0.0 0.0 0.0 0.0 0.0 0.0 0.0 0.0 0.0 0.0 0.0 0.0 0.0 0.0 0.0 0.0 0.0 0.0 0.0 0.0 0.0 0.0 0.0 0.0 0.0 0.0 0.0 0.0 0.0 0.0 0.0 0.0 0.0 0.0 0.0 0.0 0.0 0.0 0.0 0.0 0.0 0.0 0.0 0.0 0.0 0.0 0.0 0.0 0.0 0.0 0.0 0.0 0.0 0.0 0.0 0.0 0.0 0.0 0.0 0.0 0.0 0.0 0.0 0.0 0.0 0.0 0.0 0.0 0.0 0.0 0.0 0.0 0.0 0.0 0.0 0.0 0.0 0.0 0.0
0.0 0.0 0.0 0.0 0.0 0.0 0.0 0.0 0.0 0.0 0.0 0.0 0.0 0.0 0.0 0.0 0.0 0.0 0.0 0.0 0.0 0.0 0.0 0.0 0.0 0.0 0.0 0.0 0.0 0.0 0.0 0.0 0.0 0.0 0.0 0.0 0.0 0.0 0.0 0.0 0.0 0.0 0.0 0.0 0.0 0.0 0.0 0.0 0.0 0.0 0.0 0.0 0.0 0.0 0.0 0.0 0.0 0.0 0.0 0.0 0.0 0.0 0.0 0.0 0.0 0.0 0.0 0.0 0.0 0.0 0.0 0.0 0.0 0.0 0.0 0.0 0.0 0.0 0.0 0.0 0.0 0.0 0.0 0.0 0.0 0.0 0.0 0.0 0.0 0.0 0.0 0.0 0.0 0.0 0.0 0.0 0.0 0.0 0.0 0.0 0.0 0.0 0.0 0.0 0.0 0.0 0.0 0.0 0.0 0.0 0.0 0.0 0.0 0.0 0.0 0.0 0.0 0.0 0.0 0.0 0.0 0.0 0.0 0.0 0.0 0.0 0.0 0.0 0.0 0.0 0.0 0.0 0.0 0.0 0.0 0.0
0.0 0.0 0.0 0.0 0.0 0.0 0.0 0.0 0.0 0.0 0.0 0.0 0.0 0.0 0.0 0.0 0.0 0.0 0.0 0.0 0.0 0.0 0.0 0.0 0.0 0.0 0.0 0.0 0.0 0.0 0.0 0.0 0.0 0.0 0.0 0.0 0.0 0.0 0.0 0.0 0.0 0.0 0.0 0.0 0.0 0.0 0.0 0.0 0.0 0.0 0.0 0.0 0.0 0.0 0.0 0.0 0.0 0.0 0.0 0.0 0.0 0.0 0.0 0.0 0.0 0.0 0.0 0.0 0.0 0.0 0.0 0.0 0.0 0.0 0.0 0.0 0.0 0.0 0.0 0.0 0.0 0.0 0.0 0.0 0.0 0.0 0.0 0.0 0.0 0.0 0.0 0.0 0.0 0.0 0.0 0.0 0.0 0.0 0.0 0.0 0.0 0.0 0.0 0.0 0.0 0.0 0.0 0.0 0.0 0.0 0.0 0.0 0.0 0.0 0.0 0.0 0.0 0.0 0.0 0.0 0.0 0.0 0.0 0.0 0.0 0.0 0.0 0.0 0.0 0.0 0.0 0.0 0.0 0.0 0.0 0.0
0.0 0.0 0.0 0.0 0.0 0.0 0.0 0.0 0.0 0.0 0.0 0.0 0.0 0.0 0.0 0.0 0.0 0.0 0.0 0.0 0.0 0.0 0.0 0.0 0.0 0.0 0.0 0.0 0.0 0.0 0.0 0.0 0.0 0.0 0.0 0.0 0.0 0.0 0.0 0.0 0.0 0.0 0.0 0.0 0.0 0.0 0.0 0.0 0.0 0.0 0.0 0.0 0.0 0.0 0.0 0.0 0.0 0.0 0.0 0.0 0.0 0.0 0.0 0.0 0.0 0.0 0.0 0.0 0.0 0.0 0.0 0.0 0.0 0.0 0.0 0.0 0.0 0.0 0.0 0.0 0.0 0.0 0.0 0.0 0.0 0.0 0.0 0.0 0.0 0.0 0.0 0.0 0.0 0.0 0.0 0.0 0.0 0.0 0.0 0.0 0.0 0.0 0.0 0.0 0.0 0.0 0.0 0.0 0.0 0.0 0.0 0.0 0.0 0.0 0.0 0.0 0.0 0.0 0.0 0.0 0.0 0.0 0.0 0.0 0.0 0.0 0.0 0.0 0.0 0.0 0.0 0.0 0.0 0.0 0.0 0.0
0.0 0.0 0.0 0.0 0.0 0.0 0.0 0.0 0.0 0.0 0.0 0.0 0.0 0.0 0.0 0.0 0.0 0.0 0.0 0.0 0.0 0.0 0.0 0.0 0.0 0.0 0.0 0.0 0.0 0.0 0.0 0.0 0.0 0.0 0.0 0.0 0.0 0.0 0.0 0.0 0.0 0.0 0.0 0.0 0.0 0.0 0.0 0.0 0.0 0.0 0.0 0.0 0.0 0.0 0.0 0.0 0.0 0.0 0.0 0.0 0.0 0.0 0.0 0.0 0.0 0.0 0.0 0.0 0.0 0.0 0.0 0.0 0.0 0.0 0.0 0.0 0.0 0.0 0.0 0.0 0.0 0.0 0.0 0.0 0.0 0.0 0.0 0.0 0.0 0.0 0.0 0.0 0.0 0.0 0.0 0.0 0.0 0.0 0.0 0.0 0.0 0.0 0.0 0.0 0.0 0.0 0.0 0.0 0.0 0.0 0.0 0.0 0.0 0.0 0.0 0.0 0.0 0.0 0.0 0.0 0.0 0.0 0.0 0.0 0.0 0.0 0.0 0.0 0.0 0.0 0.0 0.0 0.0 0.0 0.0 0.0
0.0 0.0 0.0 0.0 0.0 0.0 0.0 0.0 0.0 0.0 0.0 0.0 0.0 0.0 0.0 0.0 0.0 0.0 0.0 0.0 0.0 0.0 0.0 0.0 0.0 0.0 0.0 0.0 0.0 0.0 0.0 0.0 0.0 0.0 0.0 0.0 0.0 0.0 0.0 0.0 0.0 0.0 0.0 0.0 0.0 0.0 0.0 0.0 0.0 0.0 0.0 0.0 0.0 0.0 0.0 0.0 0.0 0.0 0.0 0.0 0.0 0.0 0.0 0.0 0.0 0.0 0.0 0.0 0.0 0.0 0.0 0.0 0.0 0.0 0.0 0.0 0.0 0.0 0.0 0.0 0.0 0.0 0.0 0.0 0.0 0.0 0.0 0.0 0.0 0.0 0.0 0.0 0.0 0.0 0.0 0.0 0.0 0.0 0.0 0.0 0.0 0.0 0.0 0.0 0.0 0.0 0.0 0.0 0.0 0.0 0.0 0.0 0.0 0.0 0.0 0.0 0.0 0.0 0.0 0.0 0.0 0.0 0.0 0.0 0.0 0.0 0.0 0.0 0.0 0.0 0.0 0.0 0.0 0.0 0.0 0.0
0.0 0.0 0.0 0.0 0.0 0.0 0.0 0.0 0.0 0.0 0.0 0.0 0.0 0.0 0.0 0.0 0.0 0.0 0.0 0.0 0.0 0.0 0.0 0.0 0.0 0.0 0.0 0.0 0.0 0.0 0.0 0.0 0.0 0.0 0.0 0.0 0.0 0.0 0.0 0.0 0.0 0.0 0.0 0.0 0.0 0.0 0.0 0.0 0.0 0.0 0.0 0.0 0.0 0.0 0.0 0.0 0.0 0.0 0.0 0.0 0.0 0.0 0.0 0.0 0.0 0.0 0.0 0.0 0.0 0.0 0.0 0.0 0.0 0.0 0.0 0.0 0.0 0.0 0.0 0.0 0.0 0.0 0.0 0.0 0.0 0.0 0.0 0.0 0.0 0.0 0.0 0.0 0.0 0.0 0.0 0.0 0.0 0.0 0.0 0.0 0.0 0.0 0.0 0.0 0.0 0.0 0.0 0.0 0.0 0.0 0.0 0.0 0.0 0.0 0.0 0.0 0.0 0.0 0.0 0.0 0.0 0.0 0.0 0.0 0.0 0.0 0.0 0.0 0.0 0.0 0.0 0.0 0.0 0.0 0.0 0.0
0.0 0.0 0.0 0.0 0.0 0.0 0.0 0.0 0.0 0.0 0.0 0.0 0.0 0.0 0.0 0.0 0.0 0.0 0.0 0.0 0.0 0.0 0.0 0.0 0.0 0.0 0.0 0.0 0.0 0.0 0.0 0.0 0.0 0.0 0.0 0.0 0.0 0.0 0.0 0.0 0.0 0.0 0.0 0.0 0.0 0.0 0.0 0.0 0.0 0.0 0.0 0.0 0.0 0.0 0.0 0.0 0.0 0.0 0.0 0.0 0.0 0.0 0.0 0.0 0.0 0.0 0.0 0.0 0.0 0.0 0.0 0.0 0.0 0.0 0.0 0.0 0.0 0.0 0.0 0.0 0.0 0.0 0.0 0.0 0.0 0.0 0.0 0.0 0.0 0.0 0.0 0.0 0.0 0.0 0.0 0.0 0.0 0.0 0.0 0.0 0.0 0.0 0.0 0.0 0.0 0.0 0.0 0.0 0.0 0.0 0.0 0.0 0.0 0.0 0.0 0.0 0.0 0.0 0.0 0.0 0.0 0.0 0.0 0.0 0.0 0.0 0.0 0.0 0.0 0.0 0.0 0.0 0.0 0.0 0.0 0.0
0.0 0.0 0.0 0.0 0.0 0.0 0.0 0.0 0.0 0.0 0.0 0.0 0.0 0.0 0.0 0.0 0.0 0.0 0.0 0.0 0.0 0.0 0.0 0.0 0.0 0.0 0.0 0.0 0.0 0.0 0.0 0.0 0.0 0.0 0.0 0.0 0.0 0.0 0.0 0.0 0.0 0.0 0.0 0.0 0.0 0.0 0.0 0.0 0.0 0.0 0.0 0.0 0.0 0.0 0.0 0.0 0.0 0.0 0.0 0.0 0.0 0.0 0.0 0.0 0.0 0.0 0.0 0.0 0.0 0.0 0.0 0.0 0.0 0.0 0.0 0.0 0.0 0.0 0.0 0.0 0.0 0.0 0.0 0.0 0.0 0.0 0.0 0.0 0.0 0.0 0.0 0.0 0.0 0.0 0.0 0.0 0.0 0.0 0.0 0.0 0.0 0.0 0.0 0.0 0.0 0.0 0.0 0.0 0.0 0.0 0.0 0.0 0.0 0.0 0.0 0.0 0.0 0.0 0.0 0.0 0.0 0.0 0.0 0.0 0.0 0.0 0.0 0.0 0.0 0.0 0.0 0.0 0.0 0.0 0.0 0.0
0.0 0.0 0.0 0.0 0.0 0.0 0.0 0.0 0.0 0.0 0.0 0.0 0.0 0.0 0.0 0.0 0.0 0.0 0.0 0.0 0.0 0.0 0.0 0.0 0.0 0.0 0.0 0.0 0.0 0.0 0.0 0.0 0.0 0.0 0.0 0.0 0.0 0.0 0.0 0.0 0.0 0.0 0.0 0.0 0.0 0.0 0.0 0.0 0.0 0.0 0.0 0.0 0.0 0.0 0.0 0.0 0.0 0.0 0.0 0.0 0.0 0.0 0.0 0.0 0.0 0.0 0.0 0.0 0.0 0.0 0.0 0.0 0.0 0.0 0.0 0.0 0.0 0.0 0.0 0.0 0.0 0.0 0.0 0.0 0.0 0.0 0.0 0.0 0.0 0.0 0.0 0.0 0.0 0.0 0.0 0.0 0.0 0.0 0.0 0.0 0.0 0.0 0.0 0.0 0.0 0.0 0.0 0.0 0.0 0.0 0.0 0.0 0.0 0.0 0.0 0.0 0.0 0.0 0.0 0.0 0.0 0.0 0.0 0.0 0.0 0.0 0.0 0.0 0.0 0.0 0.0 0.0 0.0 0.0 0.0 0.0
0.0 0.0 0.0 0.0 0.0 0.0 0.0 0.0 0.0 0.0 0.0 0.0 0.0 0.0 0.0 0.0 0.0 0.0 0.0 0.0 0.0 0.0 0.0 0.0 0.0 0.0 0.0 0.0 0.0 0.0 0.0 0.0 0.0 0.0 0.0 0.0 0.0 0.0 0.0 0.0 0.0 0.0 0.0 0.0 0.0 0.0 0.0 0.0 0.0 0.0 0.0 0.0 0.0 0.0 0.0 0.0 0.0 0.0 0.0 0.0 0.0 0.0 0.0 0.0 0.0 0.0 0.0 0.0 0.0 0.0 0.0 0.0 0.0 0.0 0.0 0.0 0.0 0.0 0.0 0.0 0.0 0.0 0.0 0.0 0.0 0.0 0.0 0.0 0.0 0.0 0.0 0.0 0.0 0.0 0.0 0.0 0.0 0.0 0.0 0.0 0.0 0.0 0.0 0.0 0.0 0.0 0.0 0.0 0.0 0.0 0.0 0.0 0.0 0.0 0.0 0.0 0.0 0.0 0.0 0.0 0.0 0.0 0.0 0.0 0.0 0.0 0.0 0.0 0.0 0.0 0.0 0.0 0.0 0.0 0.0 0.0
0.0 0.0 0.0 0.0 0.0 0.0 0.0 0.0 0.0 0.0 0.0 0.0 0.0 0.0 0.0 0.0 0.0 0.0 0.0 0.0 0.0 0.0 0.0 0.0 0.0 0.0 0.0 0.0 0.0 0.0 0.0 0.0 0.0 0.0 0.0 0.0 0.0 0.0 0.0 0.0 0.0 0.0 0.0 0.0 0.0 0.0 0.0 0.0 0.0 0.0 0.0 0.0 0.0 0.0 0.0 0.0 0.0 0.0 0.0 0.0 0.0 0.0 0.0 0.0 0.0 0.0 0.0 0.0 0.0 0.0 0.0 0.0 0.0 0.0 0.0 0.0 0.0 0.0 0.0 0.0 0.0 0.0 0.0 0.0 0.0 0.0 0.0 0.0 0.0 0.0 0.0 0.0 0.0 0.0 0.0 0.0 0.0 0.0 0.0 0.0 0.0 0.0 0.0 0.0 0.0 0.0 0.0 0.0 0.0 0.0 0.0 0.0 0.0 0.0 0.0 0.0 0.0 0.0 0.0 0.0 0.0 0.0 0.0 0.0 0.0 0.0 0.0 0.0 0.0 0.0 0.0 0.0 0.0 0.0 0.0 0.0
0.0 0.0 0.0 0.0 0.0 0.0 0.0 0.0 0.0 0.0 0.0 0.0 0.0 0.0 0.0 0.0 0.0 0.0 0.0 0.0 0.0 0.0 0.0 0.0 0.0 0.0 0.0 0.0 0.0 0.0 0.0 0.0 0.0 0.0 0.0 0.0 0.0 0.0 0.0 0.0 0.0 0.0 0.0 0.0 0.0 0.0 0.0 0.0 0.0 0.0 0.0 0.0 0.0 0.0 0.0 0.0 0.0 0.0 0.0 0.0 0.0 0.0 0.0 0.0 0.0 0.0 0.0 0.0 0.0 0.0 0.0 0.0 0.0 0.0 0.0 0.0 0.0 0.0 0.0 0.0 0.0 0.0 0.0 0.0 0.0 0.0 0.0 0.0 0.0 0.0 0.0 0.0 0.0 0.0 0.0 0.0 0.0 0.0 0.0 0.0 0.0 0.0 0.0 0.0 0.0 0.0 0.0 0.0 0.0 0.0 0.0 0.0 0.0 0.0 0.0 0.0 0.0 0.0 0.0 0.0 0.0 0.0 0.0 0.0 0.0 0.0 0.0 0.0 0.0 0.0 0.0 0.0 0.0 0.0 0.0 0.0
0.0 0.0 0.0 0.0 0.0 0.0 0.0 0.0 0.0 0.0 0.0 0.0 0.0 0.0 0.0 0.0 0.0 0.0 0.0 0.0 0.0 0.0 0.0 0.0 0.0 0.0 0.0 0.0 0.0 0.0 0.0 0.0 0.0 0.0 0.0 0.0 0.0 0.0 0.0 0.0 0.0 0.0 0.0 0.0 0.0 0.0 0.0 0.0 0.0 0.0 0.0 0.0 0.0 0.0 0.0 0.0 0.0 0.0 0.0 0.0 0.0 0.0 0.0 0.0 0.0 0.0 0.0 0.0 0.0 0.0 0.0 0.0 0.0 0.0 0.0 0.0 0.0 0.0 0.0 0.0 0.0 0.0 0.0 0.0 0.0 0.0 0.0 0.0 0.0 0.0 0.0 0.0 0.0 0.0 0.0 0.0 0.0 0.0 0.0 0.0 0.0 0.0 0.0 0.0 0.0 0.0 0.0 0.0 0.0 0.0 0.0 0.0 0.0 0.0 0.0 0.0 0.0 0.0 0.0 0.0 0.0 0.0 0.0 0.0 0.0 0.0 0.0 0.0 0.0 0.0 0.0 0.0 0.0 0.0 0.0 0.0
0.0 0.0 0.0 0.0 0.0 0.0 0.0 0.0 0.0 0.0 0.0 0.0 0.0 0.0 0.0 0.0 0.0 0.0 0.0 0.0 0.0 0.0 0.0 0.0 0.0 0.0 0.0 0.0 0.0 0.0 0.0 0.0 0.0 0.0 0.0 0.0 0.0 0.0 0.0 0.0 0.0 0.0 0.0 0.0 0.0 0.0 0.0 0.0 0.0 0.0 0.0 0.0 0.0 0.0 0.0 0.0 0.0 0.0 0.0 0.0 0.0 0.0 0.0 0.0 0.0 0.0 0.0 0.0 0.0 0.0 0.0 0.0 0.0 0.0 0.0 0.0 0.0 0.0 0.0 0.0 0.0 0.0 0.0 0.0 0.0 0.0 0.0 0.0 0.0 0.0 0.0 0.0 0.0 0.0 0.0 0.0 0.0 0.0 0.0 0.0 0.0 0.0 0.0 0.0 0.0 0.0 0.0 0.0 0.0 0.0 0.0 0.0 0.0 0.0 0.0 0.0 0.0 0.0 0.0 0.0 0.0 0.0 0.0 0.0 0.0 0.0 0.0 0.0 0.0 0.0 0.0 0.0 0.0 0.0 0.0 0.0
0.0 0.0 0.0 0.0 0.0 0.0 0.0 0.0 0.0 0.0 0.0 0.0 0.0 0.0 0.0 0.0 0.0 0.0 0.0 0.0 0.0 0.0 0.0 0.0 0.0 0.0 0.0 0.0 0.0 0.0 0.0 0.0 0.0 0.0 0.0 0.0 0.0 0.0 0.0 0.0 0.0 0.0 0.0 0.0 0.0 0.0 0.0 0.0 0.0 0.0 0.0 0.0 0.0 0.0 0.0 0.0 0.0 0.0 0.0 0.0 0.0 0.0 0.0 0.0 0.0 0.0 0.0 0.0 0.0 0.0 0.0 0.0 0.0 0.0 0.0 0.0 0.0 0.0 0.0 0.0 0.0 0.0 0.0 0.0 0.0 0.0 0.0 0.0 0.0 0.0 0.0 0.0 0.0 0.0 0.0 0.0 0.0 0.0 0.0 0.0 0.0 0.0 0.0 0.0 0.0 0.0 0.0 0.0 0.0 0.0 0.0 0.0 0.0 0.0 0.0 0.0 0.0 0.0 0.0 0.0 0.0 0.0 0.0 0.0 0.0 0.0 0.0 0.0 0.0 0.0 0.0 0.0 0.0 0.0 0.0 0.0
0.0 0.0 0.0 0.0 0.0 0.0 0.0 0.0 0.0 0.0 0.0 0.0 0.0 0.0 0.0 0.0 0.0 0.0 0.0 0.0 0.0 0.0 0.0 0.0 0.0 0.0 0.0 0.0 0.0 0.0 0.0 0.0 0.0 0.0 0.0 0.0 0.0 0.0 0.0 0.0 0.0 0.0 0.0 0.0 0.0 0.0 0.0 0.0 0.0 0.0 0.0 0.0 0.0 0.0 0.0 0.0 0.0 0.0 0.0 0.0 0.0 0.0 0.0 0.0 0.0 0.0 0.0 0.0 0.0 0.0 0.0 0.0 0.0 0.0 0.0 0.0 0.0 0.0 0.0 0.0 0.0 0.0 0.0 0.0 0.0 0.0 0.0 0.0 0.0 0.0 0.0 0.0 0.0 0.0 0.0 0.0 0.0 0.0 0.0 0.0 0.0 0.0 0.0 0.0 0.0 0.0 0.0 0.0 0.0 0.0 0.0 0.0 0.0 0.0 0.0 0.0 0.0 0.0 0.0 0.0 0.0 0.0 0.0 0.0 0.0 0.0 0.0 0.0 0.0 0.0 0.0 0.0 0.0 0.0 0.0 0.0
0.0 0.0 0.0 0.0 0.0 0.0 0.0 0.0 0.0 0.0 0.0 0.0 0.0 0.0 0.0 0.0 0.0 0.0 0.0 0.0 0.0 0.0 0.0 0.0 0.0 0.0 0.0 0.0 0.0 0.0 0.0 0.0 0.0 0.0 0.0 0.0 0.0 0.0 0.0 0.0 0.0 0.0 0.0 0.0 0.0 0.0 0.0 0.0 0.0 0.0 0.0 0.0 0.0 0.0 0.0 0.0 0.0 0.0 0.0 0.0 0.0 0.0 0.0 0.0 0.0 0.0 0.0 0.0 0.0 0.0 0.0 0.0 0.0 0.0 0.0 0.0 0.0 0.0 0.0 0.0 0.0 0.0 0.0 0.0 0.0 0.0 0.0 0.0 0.0 0.0 0.0 0.0 0.0 0.0 0.0 0.0 0.0 0.0 0.0 0.0 0.0 0.0 0.0 0.0 0.0 0.0 0.0 0.0 0.0 0.0 0.0 0.0 0.0 0.0 0.0 0.0 0.0 0.0 0.0 0.0 0.0 0.0 0.0 0.0 0.0 0.0 0.0 0.0 0.0 0.0 0.0 0.0 0.0 0.0 0.0 0.0
0.0 0.0 0.0 0.0 0.0 0.0 0.0 0.0 0.0 0.0 0.0 0.0 0.0 0.0 0.0 0.0 0.0 0.0 0.0 0.0 0.0 0.0 0.0 0.0 0.0 0.0 0.0 0.0 0.0 0.0 0.0 0.0 0.0 0.0 0.0 0.0 0.0 0.0 0.0 0.0 0.0 0.0 0.0 0.0 0.0 0.0 0.0 0.0 0.0 0.0 0.0 0.0 0.0 0.0 0.0 0.0 0.0 0.0 0.0 0.0 0.0 0.0 0.0 0.0 0.0 0.0 0.0 0.0 0.0 0.0 0.0 0.0 0.0 0.0 0.0 0.0 0.0 0.0 0.0 0.0 0.0 0.0 0.0 0.0 0.0 0.0 0.0 0.0 0.0 0.0 0.0 0.0 0.0 0.0 0.0 0.0 0.0 0.0 0.0 0.0 0.0 0.0 0.0 0.0 0.0 0.0 0.0 0.0 0.0 0.0 0.0 0.0 0.0 0.0 0.0 0.0 0.0 0.0 0.0 0.0 0.0 0.0 0.0 0.0 0.0 0.0 0.0 0.0 0.0 0.0 0.0 0.0 0.0 0.0 0.0 0.0
0.0 0.0 0.0 0.0 0.0 0.0 0.0 0.0 0.0 0.0 0.0 0.0 0.0 0.0 0.0 0.0 0.0 0.0 0.0 0.0 0.0 0.0 0.0 0.0 0.0 0.0 0.0 0.0 0.0 0.0 0.0 0.0 0.0 0.0 0.0 0.0 0.0 0.0 0.0 0.0 0.0 0.0 0.0 0.0 0.0 0.0 0.0 0.0 0.0 0.0 0.0 0.0 0.0 0.0 0.0 0.0 0.0 0.0 0.0 0.0 0.0 0.0 0.0 0.0 0.0 0.0 0.0 0.0 0.0 0.0 0.0 0.0 0.0 0.0 0.0 0.0 0.0 0.0 0.0 0.0 0.0 0.0 0.0 0.0 0.0 0.0 0.0 0.0 0.0 0.0 0.0 0.0 0.0 0.0 0.0 0.0 0.0 0.0 0.0 0.0 0.0 0.0 0.0 0.0 0.0 0.0 0.0 0.0 0.0 0.0 0.0 0.0 0.0 0.0 0.0 0.0 0.0 0.0 0.0 0.0 0.0 0.0 0.0 0.0 0.0 0.0 0.0 0.0 0.0 0.0 0.0 0.0 0.0 0.0 0.0 0.0
0.0 0.0 0.0 0.0 0.0 0.0 0.0 0.0 0.0 0.0 0.0 0.0 0.0 0.0 0.0 0.0 0.0 0.0 0.0 0.0 0.0 0.0 0.0 0.0 0.0 0.0 0.0 0.0 0.0 0.0 0.0 0.0 0.0 0.0 0.0 0.0 0.0 0.0 0.0 0.0 0.0 0.0 0.0 0.0 0.0 0.0 0.0 0.0 0.0 0.0 0.0 0.0 0.0 0.0 0.0 0.0 0.0 0.0 0.0 0.0 0.0 0.0 0.0 0.0 0.0 0.0 0.0 0.0 0.0 0.0 0.0 0.0 0.0 0.0 0.0 0.0 0.0 0.0 0.0 0.0 0.0 0.0 0.0 0.0 0.0 0.0 0.0 0.0 0.0 0.0 0.0 0.0 0.0 0.0 0.0 0.0 0.0 0.0 0.0 0.0 0.0 0.0 0.0 0.0 0.0 0.0 0.0 0.0 0.0 0.0 0.0 0.0 0.0 0.0 0.0 0.0 0.0 0.0 0.0 0.0 0.0 0.0 0.0 0.0 0.0 0.0 0.0 0.0 0.0 0.0 0.0 0.0 0.0 0.0 0.0 0.0
0.0 0.0 0.0 0.0 0.0 0.0 0.0 0.0 0.0 0.0 0.0 0.0 0.0 0.0 0.0 0.0 0.0 0.0 0.0 0.0 0.0 0.0 0.0 0.0 0.0 0.0 0.0 0.0 0.0 0.0 0.0 0.0 0.0 0.0 0.0 0.0 0.0 0.0 0.0 0.0 0.0 0.0 0.0 0.0 0.0 0.0 0.0 0.0 0.0 0.0 0.0 0.0 0.0 0.0 0.0 0.0 0.0 0.0 0.0 0.0 0.0 0.0 0.0 0.0 0.0 0.0 0.0 0.0 0.0 0.0 0.0 0.0 0.0 0.0 0.0 0.0 0.0 0.0 0.0 0.0 0.0 0.0 0.0 0.0 0.0 0.0 0.0 0.0 0.0 0.0 0.0 0.0 0.0 0.0 0.0 0.0 0.0 0.0 0.0 0.0 0.0 0.0 0.0 0.0 0.0 0.0 0.0 0.0 0.0 0.0 0.0 0.0 0.0 0.0 0.0 0.0 0.0 0.0 0.0 0.0 0.0 0.0 0.0 0.0 0.0 0.0 0.0 0.0 0.0 0.0 0.0 0.0 0.0 0.0 0.0 0.0
0.0 0.0 0.0 0.0 0.0 0.0 0.0 0.0 0.0 0.0 0.0 0.0 0.0 0.0 0.0 0.0 0.0 0.0 0.0 0.0 0.0 0.0 0.0 0.0 0.0 0.0 0.0 0.0 0.0 0.0 0.0 0.0 0.0 0.0 0.0 0.0 0.0 0.0 0.0 0.0 0.0 0.0 0.0 0.0 0.0 0.0 0.0 0.0 0.0 0.0 0.0 0.0 0.0 0.0 0.0 0.0 0.0 0.0 0.0 0.0 0.0 0.0 0.0 0.0 0.0 0.0 0.0 0.0 0.0 0.0 0.0 0.0 0.0 0.0 0.0 0.0 0.0 0.0 0.0 0.0 0.0 0.0 0.0 0.0 0.0 0.0 0.0 0.0 0.0 0.0 0.0 0.0 0.0 0.0 0.0 0.0 0.0 0.0 0.0 0.0 0.0 0.0 0.0 0.0 0.0 0.0 0.0 0.0 0.0 0.0 0.0 0.0 0.0 0.0 0.0 0.0 0.0 0.0 0.0 0.0 0.0 0.0 0.0 0.0 0.0 0.0 0.0 0.0 0.0 0.0 0.0 0.0 0.0 0.0 0.0 0.0
0.0 0.0 0.0 0.0 0.0 0.0 0.0 0.0 0.0 0.0 0.0 0.0 0.0 0.0 0.0 0.0 0.0 0.0 0.0 0.0 0.0 0.0 0.0 0.0 0.0 0.0 0.0 0.0 0.0 0.0 0.0 0.0 0.0 0.0 0.0 0.0 0.0 0.0 0.0 0.0 0.0 0.0 0.0 0.0 0.0 0.0 0.0 0.0 0.0 0.0 0.0 0.0 0.0 0.0 0.0 0.0 0.0 0.0 0.0 0.0 0.0 0.0 0.0 0.0 0.0 0.0 0.0 0.0 0.0 0.0 0.0 0.0 0.0 0.0 0.0 0.0 0.0 0.0 0.0 0.0 0.0 0.0 0.0 0.0 0.0 0.0 0.0 0.0 0.0 0.0 0.0 0.0 0.0 0.0 0.0 0.0 0.0 0.0 0.0 0.0 0.0 0.0 0.0 0.0 0.0 0.0 0.0 0.0 0.0 0.0 0.0 0.0 0.0 0.0 0.0 0.0 0.0 0.0 0.0 0.0 0.0 0.0 0.0 0.0 0.0 0.0 0.0 0.0 0.0 0.0 0.0 0.0 0.0 0.0 0.0 0.0
0.0 0.0 0.0 0.0 0.0 0.0 0.0 0.0 0.0 0.0 0.0 0.0 0.0 0.0 0.0 0.0 0.0 0.0 0.0 0.0 0.0 0.0 0.0 0.0 0.0 0.0 0.0 0.0 0.0 0.0 0.0 0.0 0.0 0.0 0.0 0.0 0.0 0.0 0.0 0.0 0.0 0.0 0.0 0.0 0.0 0.0 0.0 0.0 0.0 0.0 0.0 0.0 0.0 0.0 0.0 0.0 0.0 0.0 0.0 0.0 0.0 0.0 0.0 0.0 0.0 0.0 0.0 0.0 0.0 0.0 0.0 0.0 0.0 0.0 0.0 0.0 0.0 0.0 0.0 0.0 0.0 0.0 0.0 0.0 0.0 0.0 0.0 0.0 0.0 0.0 0.0 0.0 0.0 0.0 0.0 0.0 0.0 0.0 0.0 0.0 0.0 0.0 0.0 0.0 0.0 0.0 0.0 0.0 0.0 0.0 0.0 0.0 0.0 0.0 0.0 0.0 0.0 0.0 0.0 0.0 0.0 0.0 0.0 0.0 0.0 0.0 0.0 0.0 0.0 0.0 0.0 0.0 0.0 0.0 0.0 0.0
0.0 0.0 0.0 0.0 0.0 0.0 0.0 0.0 0.0 0.0 0.0 0.0 0.0 0.0 0.0 0.0 0.0 0.0 0.0 0.0 0.0 0.0 0.0 0.0 0.0 0.0 0.0 0.0 0.0 0.0 0.0 0.0 0.0 0.0 0.0 0.0 0.0 0.0 0.0 0.0 0.0 0.0 0.0 0.0 0.0 0.0 0.0 0.0 0.0 0.0 0.0 0.0 0.0 0.0 0.0 0.0 0.0 0.0 0.0 0.0 0.0 0.0 0.0 0.0 0.0 0.0 0.0 0.0 0.0 0.0 0.0 0.0 0.0 0.0 0.0 0.0 0.0 0.0 0.0 0.0 0.0 0.0 0.0 0.0 0.0 0.0 0.0 0.0 0.0 0.0 0.0 0.0 0.0 0.0 0.0 0.0 0.0 0.0 0.0 0.0 0.0 0.0 0.0 0.0 0.0 0.0 0.0 0.0 0.0 0.0 0.0 0.0 0.0 0.0 0.0 0.0 0.0 0.0 0.0 0.0 0.0 0.0 0.0 0.0 0.0 0.0 0.0 0.0 0.0 0.0 0.0 0.0 0.0 0.0 0.0 0.0
0.0 0.0 0.0 0.0 0.0 0.0 0.0 0.0 0.0 0.0 0.0 0.0 0.0 0.0 0.0 0.0 0.0 0.0 0.0 0.0 0.0 0.0 0.0 0.0 0.0 0.0 0.0 0.0 0.0 0.0 0.0 0.0 0.0 0.0 0.0 0.0 0.0 0.0 0.0 0.0 0.0 0.0 0.0 0.0 0.0 0.0 0.0 0.0 0.0 0.0 0.0 0.0 0.0 0.0 0.0 0.0 0.0 0.0 0.0 0.0 0.0 0.0 0.0 0.0 0.0 0.0 0.0 0.0 0.0 0.0 0.0 0.0 0.0 0.0 0.0 0.0 0.0 0.0 0.0 0.0 0.0 0.0 0.0 0.0 0.0 0.0 0.0 0.0 0.0 0.0 0.0 0.0 0.0 0.0 0.0 0.0 0.0 0.0 0.0 0.0 0.0 0.0 0.0 0.0 0.0 0.0 0.0 0.0 0.0 0.0 0.0 0.0 0.0 0.0 0.0 0.0 0.0 0.0 0.0 0.0 0.0 0.0 0.0 0.0 0.0 0.0 0.0 0.0 0.0 0.0 0.0 0.0 0.0 0.0 0.0 0.0
0.0 0.0 0.0 0.0 0.0 0.0 0.0 0.0 0.0 0.0 0.0 0.0 0.0 0.0 0.0 0.0 0.0 0.0 0.0 0.0 0.0 0.0 0.0 0.0 0.0 0.0 0.0 0.0 0.0 0.0 0.0 0.0 0.0 0.0 0.0 0.0 0.0 0.0 0.0 0.0 0.0 0.0 0.0 0.0 0.0 0.0 0.0 0.0 0.0 0.0 0.0 0.0 0.0 0.0 0.0 0.0 0.0 0.0 0.0 0.0 0.0 0.0 0.0 0.0 0.0 0.0 0.0 0.0 0.0 0.0 0.0 0.0 0.0 0.0 0.0 0.0 0.0 0.0 0.0 0.0 0.0 0.0 0.0 0.0 0.0 0.0 0.0 0.0 0.0 0.0 0.0 0.0 0.0 0.0 0.0 0.0 0.0 0.0 0.0 0.0 0.0 0.0 0.0 0.0 0.0 0.0 0.0 0.0 0.0 0.0 0.0 0.0 0.0 0.0 0.0 0.0 0.0 0.0 0.0 0.0 0.0 0.0 0.0 0.0 0.0 0.0 0.0 0.0 0.0 0.0 0.0 0.0 0.0 0.0 0.0 0.0
0.0 0.0 0.0 0.0 0.0 0.0 0.0 0.0 0.0 0.0 0.0 0.0 0.0 0.0 0.0 0.0 0.0 0.0 0.0 0.0 0.0 0.0 0.0 0.0 0.0 0.0 0.0 0.0 0.0 0.0 0.0 0.0 0.0 0.0 0.0 0.0 0.0 0.0 0.0 0.0 0.0 0.0 0.0 0.0 0.0 0.0 0.0 0.0 0.0 0.0 0.0 0.0 0.0 0.0 0.0 0.0 0.0 0.0 0.0 0.0 0.0 0.0 0.0 0.0 0.0 0.0 0.0 0.0 0.0 0.0 0.0 0.0 0.0 0.0 0.0 0.0 0.0 0.0 0.0 0.0 0.0 0.0 0.0 0.0 0.0 0.0 0.0 0.0 0.0 0.0 0.0 0.0 0.0 0.0 0.0 0.0 0.0 0.0 0.0 0.0 0.0 0.0 0.0 0.0 0.0 0.0 0.0 0.0 0.0 0.0 0.0 0.0 0.0 0.0 0.0 0.0 0.0 0.0 0.0 0.0 0.0 0.0 0.0 0.0 0.0 0.0 0.0 0.0 0.0 0.0 0.0 0.0 0.0 0.0 0.0 0.0
0.0 0.0 0.0 0.0 0.0 0.0 0.0 0.0 0.0 0.0 0.0 0.0 0.0 0.0 0.0 0.0 0.0 0.0 0.0 0.0 0.0 0.0 0.0 0.0 0.0 0.0 0.0 0.0 0.0 0.0 0.0 0.0 0.0 0.0 0.0 0.0 0.0 0.0 0.0 0.0 0.0 0.0 0.0 0.0 0.0 0.0 0.0 0.0 0.0 0.0 0.0 0.0 0.0 0.0 0.0 0.0 0.0 0.0 0.0 0.0 0.0 0.0 0.0 0.0 0.0 0.0 0.0 0.0 0.0 0.0 0.0 0.0 0.0 0.0 0.0 0.0 0.0 0.0 0.0 0.0 0.0 0.0 0.0 0.0 0.0 0.0 0.0 0.0 0.0 0.0 0.0 0.0 0.0 0.0 0.0 0.0 0.0 0.0 0.0 0.0 0.0 0.0 0.0 0.0 0.0 0.0 0.0 0.0 0.0 0.0 0.0 0.0 0.0 0.0 0.0 0.0 0.0 0.0 0.0 0.0 0.0 0.0 0.0 0.0 0.0 0.0 0.0 0.0 0.0 0.0 0.0 0.0 0.0 0.0 0.0 0.0
0.0 0.0 0.0 0.0 0.0 0.0 0.0 0.0 0.0 0.0 0.0 0.0 0.0 0.0 0.0 0.0 0.0 0.0 0.0 0.0 0.0 0.0 0.0 0.0 0.0 0.0 0.0 0.0 0.0 0.0 0.0 0.0 0.0 0.0 0.0 0.0 0.0 0.0 0.0 0.0 0.0 0.0 0.0 0.0 0.0 0.0 0.0 0.0 0.0 0.0 0.0 0.0 0.0 0.0 0.0 0.0 0.0 0.0 0.0 0.0 0.0 0.0 0.0 0.0 0.0 0.0 0.0 0.0 0.0 0.0 0.0 0.0 0.0 0.0 0.0 0.0 0.0 0.0 0.0 0.0 0.0 0.0 0.0 0.0 0.0 0.0 0.0 0.0 0.0 0.0 0.0 0.0 0.0 0.0 0.0 0.0 0.0 0.0 0.0 0.0 0.0 0.0 0.0 0.0 0.0 0.0 0.0 0.0 0.0 0.0 0.0 0.0 0.0 0.0 0.0 0.0 0.0 0.0 0.0 0.0 0.0 0.0 0.0 0.0 0.0 0.0 0.0 0.0 0.0 0.0 0.0 0.0 0.0 0.0 0.0 0.0
0.0 0.0 0.0 0.0 0.0 0.0 0.0 0.0 0.0 0.0 0.0 0.0 0.0 0.0 0.0 0.0 0.0 0.0 0.0 0.0 0.0 0.0 0.0 0.0 0.0 0.0 0.0 0.0 0.0 0.0 0.0 0.0 0.0 0.0 0.0 0.0 0.0 0.0 0.0 0.0 0.0 0.0 0.0 0.0 0.0 0.0 0.0 0.0 0.0 0.0 0.0 0.0 0.0 0.0 0.0 0.0 0.0 0.0 0.0 0.0 0.0 0.0 0.0 0.0 0.0 0.0 0.0 0.0 0.0 0.0 0.0 0.0 0.0 0.0 0.0 0.0 0.0 0.0 0.0 0.0 0.0 0.0 0.0 0.0 0.0 0.0 0.0 0.0 0.0 0.0 0.0 0.0 0.0 0.0 0.0 0.0 0.0 0.0 0.0 0.0 0.0 0.0 0.0 0.0 0.0 0.0 0.0 0.0 0.0 0.0 0.0 0.0 0.0 0.0 0.0 0.0 0.0 0.0 0.0 0.0 0.0 0.0 0.0 0.0 0.0 0.0 0.0 0.0 0.0 0.0 0.0 0.0 0.0 0.0 0.0 0.0
0.0 0.0 0.0 0.0 0.0 0.0 0.0 0.0 0.0 0.0 0.0 0.0 0.0 0.0 0.0 0.0 0.0 0.0 0.0 0.0 0.0 0.0 0.0 0.0 0.0 0.0 0.0 0.0 0.0 0.0 0.0 0.0 0.0 0.0 0.0 0.0 0.0 0.0 0.0 0.0 0.0 0.0 0.0 0.0 0.0 0.0 0.0 0.0 0.0 0.0 0.0 0.0 0.0 0.0 0.0 0.0 0.0 0.0 0.0 0.0 0.0 0.0 0.0 0.0 0.0 0.0 0.0 0.0 0.0 0.0 0.0 0.0 0.0 0.0 0.0 0.0 0.0 0.0 0.0 0.0 0.0 0.0 0.0 0.0 0.0 0.0 0.0 0.0 0.0 0.0 0.0 0.0 0.0 0.0 0.0 0.0 0.0 0.0 0.0 0.0 0.0 0.0 0.0 0.0 0.0 0.0 0.0 0.0 0.0 0.0 0.0 0.0 0.0 0.0 0.0 0.0 0.0 0.0 0.0 0.0 0.0 0.0 0.0 0.0 0.0 0.0 0.0 0.0 0.0 0.0 0.0 0.0 0.0 0.0 0.0 0.0
0.0 0.0 0.0 0.0 0.0 0.0 0.0 0.0 0.0 0.0 0.0 0.0 0.0 0.0 0.0 0.0 0.0 0.0 0.0 0.0 0.0 0.0 0.0 0.0 0.0 0.0 0.0 0.0 0.0 0.0 0.0 0.0 0.0 0.0 0.0 0.0 0.0 0.0 0.0 0.0 0.0 0.0 0.0 0.0 0.0 0.0 0.0 0.0 0.0 0.0 0.0 0.0 0.0 0.0 0.0 0.0 0.0 0.0 0.0 0.0 0.0 0.0 0.0 0.0 0.0 0.0 0.0 0.0 0.0 0.0 0.0 0.0 0.0 0.0 0.0 0.0 0.0 0.0 0.0 0.0 0.0 0.0 0.0 0.0 0.0 0.0 0.0 0.0 0.0 0.0 0.0 0.0 0.0 0.0 0.0 0.0 0.0 0.0 0.0 0.0 0.0 0.0 0.0 0.0 0.0 0.0 0.0 0.0 0.0 0.0 0.0 0.0 0.0 0.0 0.0 0.0 0.0 0.0 0.0 0.0 0.0 0.0 0.0 0.0 0.0 0.0 0.0 0.0 0.0 0.0 0.0 0.0 0.0 0.0 0.0 0.0
0.0 0.0 0.0 0.0 0.0 0.0 0.0 0.0 0.0 0.0 0.0 0.0 0.0 0.0 0.0 0.0 0.0 0.0 0.0 0.0 0.0 0.0 0.0 0.0 0.0 0.0 0.0 0.0 0.0 0.0 0.0 0.0 0.0 0.0 0.0 0.0 0.0 0.0 0.0 0.0 0.0 0.0 0.0 0.0 0.0 0.0 0.0 0.0 0.0 0.0 0.0 0.0 0.0 0.0 0.0 0.0 0.0 0.0 0.0 0.0 0.0 0.0 0.0 0.0 0.0 0.0 0.0 0.0 0.0 0.0 0.0 0.0 0.0 0.0 0.0 0.0 0.0 0.0 0.0 0.0 0.0 0.0 0.0 0.0 0.0 0.0 0.0 0.0 0.0 0.0 0.0 0.0 0.0 0.0 0.0 0.0 0.0 0.0 0.0 0.0 0.0 0.0 0.0 0.0 0.0 0.0 0.0 0.0 0.0 0.0 0.0 0.0 0.0 0.0 0.0 0.0 0.0 0.0 0.0 0.0 0.0 0.0 0.0 0.0 0.0 0.0 0.0 0.0 0.0 0.0 0.0 0.0 0.0 0.0 0.0 0.0
0.0 0.0 0.0 0.0 0.0 0.0 0.0 0.0 0.0 0.0 0.0 0.0 0.0 0.0 0.0 0.0 0.0 0.0 0.0 0.0 0.0 0.0 0.0 0.0 0.0 0.0 0.0 0.0 0.0 0.0 0.0 0.0 0.0 0.0 0.0 0.0 0.0 0.0 0.0 0.0 0.0 0.0 0.0 0.0 0.0 0.0 0.0 0.0 0.0 0.0 0.0 0.0 0.0 0.0 0.0 0.0 0.0 0.0 0.0 0.0 0.0 0.0 0.0 0.0 0.0 0.0 0.0 0.0 0.0 0.0 0.0 0.0 0.0 0.0 0.0 0.0 0.0 0.0 0.0 0.0 0.0 0.0 0.0 0.0 0.0 0.0 0.0 0.0 0.0 0.0 0.0 0.0 0.0 0.0 0.0 0.0 0.0 0.0 0.0 0.0 0.0 0.0 0.0 0.0 0.0 0.0 0.0 0.0 0.0 0.0 0.0 0.0 0.0 0.0 0.0 0.0 0.0 0.0 0.0 0.0 0.0 0.0 0.0 0.0 0.0 0.0 0.0 0.0 0.0 0.0 0.0 0.0 0.0 0.0 0.0 0.0
0.0 0.0 0.0 0.0 0.0 0.0 0.0 0.0 0.0 0.0 0.0 0.0 0.0 0.0 0.0 0.0 0.0 0.0 0.0 0.0 0.0 0.0 0.0 0.0 0.0 0.0 0.0 0.0 0.0 0.0 0.0 0.0 0.0 0.0 0.0 0.0 0.0 0.0 0.0 0.0 0.0 0.0 0.0 0.0 0.0 0.0 0.0 0.0 0.0 0.0 0.0 0.0 0.0 0.0 0.0 0.0 0.0 0.0 0.0 0.0 0.0 0.0 0.0 0.0 0.0 0.0 0.0 0.0 0.0 0.0 0.0 0.0 0.0 0.0 0.0 0.0 0.0 0.0 0.0 0.0 0.0 0.0 0.0 0.0 0.0 0.0 0.0 0.0 0.0 0.0 0.0 0.0 0.0 0.0 0.0 0.0 0.0 0.0 0.0 0.0 0.0 0.0 0.0 0.0 0.0 0.0 0.0 0.0 0.0 0.0 0.0 0.0 0.0 0.0 0.0 0.0 0.0 0.0 0.0 0.0 0.0 0.0 0.0 0.0 0.0 0.0 0.0 0.0 0.0 0.0 0.0 0.0 0.0 0.0 0.0 0.0
0.0 0.0 0.0 0.0 0.0 0.0 0.0 0.0 0.0 0.0 0.0 0.0 0.0 0.0 0.0 0.0 0.0 0.0 0.0 0.0 0.0 0.0 0.0 0.0 0.0 0.0 0.0 0.0 0.0 0.0 0.0 0.0 0.0 0.0 0.0 0.0 0.0 0.0 0.0 0.0 0.0 0.0 0.0 0.0 0.0 0.0 0.0 0.0 0.0 0.0 0.0 0.0 0.0 0.0 0.0 0.0 0.0 0.0 0.0 0.0 0.0 0.0 0.0 0.0 0.0 0.0 0.0 0.0 0.0 0.0 0.0 0.0 0.0 0.0 0.0 0.0 0.0 0.0 0.0 0.0 0.0 0.0 0.0 0.0 0.0 0.0 0.0 0.0 0.0 0.0 0.0 0.0 0.0 0.0 0.0 0.0 0.0 0.0 0.0 0.0 0.0 0.0 0.0 0.0 0.0 0.0 0.0 0.0 0.0 0.0 0.0 0.0 0.0 0.0 0.0 0.0 0.0 0.0 0.0 0.0 0.0 0.0 0.0 0.0 0.0 0.0 0.0 0.0 0.0 0.0 0.0 0.0 0.0 0.0 0.0 0.0
0.0 0.0 0.0 0.0 0.0 0.0 0.0 0.0 0.0 0.0 0.0 0.0 0.0 0.0 0.0 0.0 0.0 0.0 0.0 0.0 0.0 0.0 0.0 0.0 0.0 0.0 0.0 0.0 0.0 0.0 0.0 0.0 0.0 0.0 0.0 0.0 0.0 0.0 0.0 0.0 0.0 0.0 0.0 0.0 0.0 0.0 0.0 0.0 0.0 0.0 0.0 0.0 0.0 0.0 0.0 0.0 0.0 0.0 0.0 0.0 0.0 0.0 0.0 0.0 0.0 0.0 0.0 0.0 0.0 0.0 0.0 0.0 0.0 0.0 0.0 0.0 0.0 0.0 0.0 0.0 0.0 0.0 0.0 0.0 0.0 0.0 0.0 0.0 0.0 0.0 0.0 0.0 0.0 0.0 0.0 0.0 0.0 0.0 0.0 0.0 0.0 0.0 0.0 0.0 0.0 0.0 0.0 0.0 0.0 0.0 0.0 0.0 0.0 0.0 0.0 0.0 0.0 0.0 0.0 0.0 0.0 0.0 0.0 0.0 0.0 0.0 0.0 0.0 0.0 0.0 0.0 0.0 0.0 0.0 0.0 0.0
0.0 0.0 0.0 0.0 0.0 0.0 0.0 0.0 0.0 0.0 0.0 0.0 0.0 0.0 0.0 0.0 0.0 0.0 0.0 0.0 0.0 0.0 0.0 0.0 0.0 0.0 0.0 0.0 0.0 0.0 0.0 0.0 0.0 0.0 0.0 0.0 0.0 0.0 0.0 0.0 0.0 0.0 0.0 0.0 0.0 0.0 0.0 0.0 0.0 0.0 0.0 0.0 0.0 0.0 0.0 0.0 0.0 0.0 0.0 0.0 0.0 0.0 0.0 0.0 0.0 0.0 0.0 0.0 0.0 0.0 0.0 0.0 0.0 0.0 0.0 0.0 0.0 0.0 0.0 0.0 0.0 0.0 0.0 0.0 0.0 0.0 0.0 0.0 0.0 0.0 0.0 0.0 0.0 0.0 0.0 0.0 0.0 0.0 0.0 0.0 0.0 0.0 0.0 0.0 0.0 0.0 0.0 0.0 0.0 0.0 0.0 0.0 0.0 0.0 0.0 0.0 0.0 0.0 0.0 0.0 0.0 0.0 0.0 0.0 0.0 0.0 0.0 0.0 0.0 0.0 0.0 0.0 0.0 0.0 0.0 0.0
0.0 0.0 0.0 0.0 0.0 0.0 0.0 0.0 0.0 0.0 0.0 0.0 0.0 0.0 0.0 0.0 0.0 0.0 0.0 0.0 0.0 0.0 0.0 0.0 0.0 0.0 0.0 0.0 0.0 0.0 0.0 0.0 0.0 0.0 0.0 0.0 0.0 0.0 0.0 0.0 0.0 0.0 0.0 0.0 0.0 0.0 0.0 0.0 0.0 0.0 0.0 0.0 0.0 0.0 0.0 0.0 0.0 0.0 0.0 0.0 0.0 0.0 0.0 0.0 0.0 0.0 0.0 0.0 0.0 0.0 0.0 0.0 0.0 0.0 0.0 0.0 0.0 0.0 0.0 0.0 0.0 0.0 0.0 0.0 0.0 0.0 0.0 0.0 0.0 0.0 0.0 0.0 0.0 0.0 0.0 0.0 0.0 0.0 0.0 0.0 0.0 0.0 0.0 0.0 0.0 0.0 0.0 0.0 0.0 0.0 0.0 0.0 0.0 0.0 0.0 0.0 0.0 0.0 0.0 0.0 0.0 0.0 0.0 0.0 0.0 0.0 0.0 0.0 0.0 0.0 0.0 0.0 0.0 0.0 0.0 0.0
0.0 0.0 0.0 0.0 0.0 0.0 0.0 0.0 0.0 0.0 0.0 0.0 0.0 0.0 0.0 0.0 0.0 0.0 0.0 0.0 0.0 0.0 0.0 0.0 0.0 0.0 0.0 0.0 0.0 0.0 0.0 0.0 0.0 0.0 0.0 0.0 0.0 0.0 0.0 0.0 0.0 0.0 0.0 0.0 0.0 0.0 0.0 0.0 0.0 0.0 0.0 0.0 0.0 0.0 0.0 0.0 0.0 0.0 0.0 0.0 0.0 0.0 0.0 0.0 0.0 0.0 0.0 0.0 0.0 0.0 0.0 0.0 0.0 0.0 0.0 0.0 0.0 0.0 0.0 0.0 0.0 0.0 0.0 0.0 0.0 0.0 0.0 0.0 0.0 0.0 0.0 0.0 0.0 0.0 0.0 0.0 0.0 0.0 0.0 0.0 0.0 0.0 0.0 0.0 0.0 0.0 0.0 0.0 0.0 0.0 0.0 0.0 0.0 0.0 0.0 0.0 0.0 0.0 0.0 0.0 0.0 0.0 0.0 0.0 0.0 0.0 0.0 0.0 0.0 0.0 0.0 0.0 0.0 0.0 0.0 0.0
0.0 0.0 0.0 0.0 0.0 0.0 0.0 0.0 0.0 0.0 0.0 0.0 0.0 0.0 0.0 0.0 0.0 0.0 0.0 0.0 0.0 0.0 0.0 0.0 0.0 0.0 0.0 0.0 0.0 0.0 0.0 0.0 0.0 0.0 0.0 0.0 0.0 0.0 0.0 0.0 0.0 0.0 0.0 0.0 0.0 0.0 0.0 0.0 0.0 0.0 0.0 0.0 0.0 0.0 0.0 0.0 0.0 0.0 0.0 0.0 0.0 0.0 0.0 0.0 0.0 0.0 0.0 0.0 0.0 0.0 0.0 0.0 0.0 0.0 0.0 0.0 0.0 0.0 0.0 0.0 0.0 0.0 0.0 0.0 0.0 0.0 0.0 0.0 0.0 0.0 0.0 0.0 0.0 0.0 0.0 0.0 0.0 0.0 0.0 0.0 0.0 0.0 0.0 0.0 0.0 0.0 0.0 0.0 0.0 0.0 0.0 0.0 0.0 0.0 0.0 0.0 0.0 0.0 0.0 0.0 0.0 0.0 0.0 0.0 0.0 0.0 0.0 0.0 0.0 0.0 0.0 0.0 0.0 0.0 0.0 0.0
0.0 0.0 0.0 0.0 0.0 0.0 0.0 0.0 0.0 0.0 0.0 0.0 0.0 0.0 0.0 0.0 0.0 0.0 0.0 0.0 0.0 0.0 0.0 0.0 0.0 0.0 0.0 0.0 0.0 0.0 0.0 0.0 0.0 0.0 0.0 0.0 0.0 0.0 0.0 0.0 0.0 0.0 0.0 0.0 0.0 0.0 0.0 0.0 0.0 0.0 0.0 0.0 0.0 0.0 0.0 0.0 0.0 0.0 0.0 0.0 0.0 0.0 0.0 0.0 0.0 0.0 0.0 0.0 0.0 0.0 0.0 0.0 0.0 0.0 0.0 0.0 0.0 0.0 0.0 0.0 0.0 0.0 0.0 0.0 0.0 0.0 0.0 0.0 0.0 0.0 0.0 0.0 0.0 0.0 0.0 0.0 0.0 0.0 0.0 0.0 0.0 0.0 0.0 0.0 0.0 0.0 0.0 0.0 0.0 0.0 0.0 0.0 0.0 0.0 0.0 0.0 0.0 0.0 0.0 0.0 0.0 0.0 0.0 0.0 0.0 0.0 0.0 0.0 0.0 0.0 0.0 0.0 0.0 0.0 0.0 0.0
0.0 0.0 0.0 0.0 0.0 0.0 0.0 0.0 0.0 0.0 0.0 0.0 0.0 0.0 0.0 0.0 0.0 0.0 0.0 0.0 0.0 0.0 0.0 0.0 0.0 0.0 0.0 0.0 0.0 0.0 0.0 0.0 0.0 0.0 0.0 0.0 0.0 0.0 0.0 0.0 0.0 0.0 0.0 0.0 0.0 0.0 0.0 0.0 0.0 0.0 0.0 0.0 0.0 0.0 0.0 0.0 0.0 0.0 0.0 0.0 0.0 0.0 0.0 0.0 0.0 0.0 0.0 0.0 0.0 0.0 0.0 0.0 0.0 0.0 0.0 0.0 0.0 0.0 0.0 0.0 0.0 0.0 0.0 0.0 0.0 0.0 0.0 0.0 0.0 0.0 0.0 0.0 0.0 0.0 0.0 0.0 0.0 0.0 0.0 0.0 0.0 0.0 0.0 0.0 0.0 0.0 0.0 0.0 0.0 0.0 0.0 0.0 0.0 0.0 0.0 0.0 0.0 0.0 0.0 0.0 0.0 0.0 0.0 0.0 0.0 0.0 0.0 0.0 0.0 0.0 0.0 0.0 0.0 0.0 0.0 0.0
0.0 0.0 0.0 0.0 0.0 0.0 0.0 0.0 0.0 0.0 0.0 0.0 0.0 0.0 0.0 0.0 0.0 0.0 0.0 0.0 0.0 0.0 0.0 0.0 0.0 0.0 0.0 0.0 0.0 0.0 0.0 0.0 0.0 0.0 0.0 0.0 0.0 0.0 0.0 0.0 0.0 0.0 0.0 0.0 0.0 0.0 0.0 0.0 0.0 0.0 0.0 0.0 0.0 0.0 0.0 0.0 0.0 0.0 0.0 0.0 0.0 0.0 0.0 0.0 0.0 0.0 0.0 0.0 0.0 0.0 0.0 0.0 0.0 0.0 0.0 0.0 0.0 0.0 0.0 0.0 0.0 0.0 0.0 0.0 0.0 0.0 0.0 0.0 0.0 0.0 0.0 0.0 0.0 0.0 0.0 0.0 0.0 0.0 0.0 0.0 0.0 0.0 0.0 0.0 0.0 0.0 0.0 0.0 0.0 0.0 0.0 0.0 0.0 0.0 0.0 0.0 0.0 0.0 0.0 0.0 0.0 0.0 0.0 0.0 0.0 0.0 0.0 0.0 0.0 0.0 0.0 0.0 0.0 0.0 0.0 0.0
0.0 0.0 0.0 0.0 0.0 0.0 0.0 0.0 0.0 0.0 0.0 0.0 0.0 0.0 0.0 0.0 0.0 0.0 0.0 0.0 0.0 0.0 0.0 0.0 0.0 0.0 0.0 0.0 0.0 0.0 0.0 0.0 0.0 0.0 0.0 0.0 0.0 0.0 0.0 0.0 0.0 0.0 0.0 0.0 0.0 0.0 0.0 0.0 0.0 0.0 0.0 0.0 0.0 0.0 0.0 0.0 0.0 0.0 0.0 0.0 0.0 0.0 0.0 0.0 0.0 0.0 0.0 0.0 0.0 0.0 0.0 0.0 0.0 0.0 0.0 0.0 0.0 0.0 0.0 0.0 0.0 0.0 0.0 0.0 0.0 0.0 0.0 0.0 0.0 0.0 0.0 0.0 0.0 0.0 0.0 0.0 0.0 0.0 0.0 0.0 0.0 0.0 0.0 0.0 0.0 0.0 0.0 0.0 0.0 0.0 0.0 0.0 0.0 0.0 0.0 0.0 0.0 0.0 0.0 0.0 0.0 0.0 0.0 0.0 0.0 0.0 0.0 0.0 0.0 0.0 0.0 0.0 0.0 0.0 0.0 0.0
0.0 0.0 0.0 0.0 0.0 0.0 0.0 0.0 0.0 0.0 0.0 0.0 0.0 0.0 0.0 0.0 0.0 0.0 0.0 0.0 0.0 0.0 0.0 0.0 0.0 0.0 0.0 0.0 0.0 0.0 0.0 0.0 0.0 0.0 0.0 0.0 0.0 0.0 0.0 0.0 0.0 0.0 0.0 0.0 0.0 0.0 0.0 0.0 0.0 0.0 0.0 0.0 0.0 0.0 0.0 0.0 0.0 0.0 0.0 0.0 0.0 0.0 0.0 0.0 0.0 0.0 0.0 0.0 0.0 0.0 0.0 0.0 0.0 0.0 0.0 0.0 0.0 0.0 0.0 0.0 0.0 0.0 0.0 0.0 0.0 0.0 0.0 0.0 0.0 0.0 0.0 0.0 0.0 0.0 0.0 0.0 0.0 0.0 0.0 0.0 0.0 0.0 0.0 0.0 0.0 0.0 0.0 0.0 0.0 0.0 0.0 0.0 0.0 0.0 0.0 0.0 0.0 0.0 0.0 0.0 0.0 0.0 0.0 0.0 0.0 0.0 0.0 0.0 0.0 0.0 0.0 0.0 0.0 0.0 0.0 0.0
0.0 0.0 0.0 0.0 0.0 0.0 0.0 0.0 0.0 0.0 0.0 0.0 0.0 0.0 0.0 0.0 0.0 0.0 0.0 0.0 0.0 0.0 0.0 0.0 0.0 0.0 0.0 0.0 0.0 0.0 0.0 0.0 0.0 0.0 0.0 0.0 0.0 0.0 0.0 0.0 0.0 0.0 0.0 0.0 0.0 0.0 0.0 0.0 0.0 0.0 0.0 0.0 0.0 0.0 0.0 0.0 0.0 0.0 0.0 0.0 0.0 0.0 0.0 0.0 0.0 0.0 0.0 0.0 0.0 0.0 0.0 0.0 0.0 0.0 0.0 0.0 0.0 0.0 0.0 0.0 0.0 0.0 0.0 0.0 0.0 0.0 0.0 0.0 0.0 0.0 0.0 0.0 0.0 0.0 0.0 0.0 0.0 0.0 0.0 0.0 0.0 0.0 0.0 0.0 0.0 0.0 0.0 0.0 0.0 0.0 0.0 0.0 0.0 0.0 0.0 0.0 0.0 0.0 0.0 0.0 0.0 0.0 0.0 0.0 0.0 0.0 0.0 0.0 0.0 0.0 0.0 0.0 0.0 0.0 0.0 0.0
0.0 0.0 0.0 0.0 0.0 0.0 0.0 0.0 0.0 0.0 0.0 0.0 0.0 0.0 0.0 0.0 0.0 0.0 0.0 0.0 0.0 0.0 0.0 0.0 0.0 0.0 0.0 0.0 0.0 0.0 0.0 0.0 0.0 0.0 0.0 0.0 0.0 0.0 0.0 0.0 0.0 0.0 0.0 0.0 0.0 0.0 0.0 0.0 0.0 0.0 0.0 0.0 0.0 0.0 0.0 0.0 0.0 0.0 0.0 0.0 0.0 0.0 0.0 0.0 0.0 0.0 0.0 0.0 0.0 0.0 0.0 0.0 0.0 0.0 0.0 0.0 0.0 0.0 0.0 0.0 0.0 0.0 0.0 0.0 0.0 0.0 0.0 0.0 0.0 0.0 0.0 0.0 0.0 0.0 0.0 0.0 0.0 0.0 0.0 0.0 0.0 0.0 0.0 0.0 0.0 0.0 0.0 0.0 0.0 0.0 0.0 0.0 0.0 0.0 0.0 0.0 0.0 0.0 0.0 0.0 0.0 0.0 0.0 0.0 0.0 0.0 0.0 0.0 0.0 0.0 0.0 0.0 0.0 0.0 0.0 0.0
0.127 0.125 0.123 0.121 0.115 0.0 0.0 0.0 0.0 0.0 0.0 0.0 0.0 0.0 0.0 0.0 0.0 0.0 0.0 0.0 0.0 0.0 0.0 0.0 0.0 0.0 0.0 0.0 0.0 0.0 0.0 0.0 0.0 0.0 0.0 0.0 0.0 0.0 0.0 0.0 0.0 0.0 0.0 0.0 0.0 0.0 0.0 0.0 0.0 0.0 0.0 0.0 0.0 0.0 0.0 0.0 0.0 0.0 0.0 0.0 0.0 0.0 0.0 0.0 0.0 0.0 0.0 0.0 0.0 0.0 0.0 0.0 0.0 0.0 0.0 0.0 0.0 0.0 0.0 0.0 0.0 0.0 0.0 0.0 0.0 0.0 0.0 0.0 0.0 0.0 0.0 0.0 0.0 0.0 0.0 0.0 0.0 0.0 0.0 0.0 0.0 0.0 0.0 0.0 0.0 0.0 0.0 0.0 0.0 0.0 0.0 0.0 0.0 0.0 0.0 0.0 0.0 0.0 0.0 0.0 0.0 0.0 0.0 0.0 0.0 0.0 0.0 0.0 0.0 0.0 0.0 0.0 0.0 0.0 0.0 0.0
0.271 0.268 0.266 0.264 0.112 0.0 0.0 0.0 0.0 0.0 0.0 0.0 0.0 0.0 0.0 0.0 0.0 0.0 0.0 0.0 0.0 0.0 0.0 0.0 0.0 0.0 0.0 0.0 0.0 0.0 0.0 0.0 0.0 0.0 0.0 0.0 0.0 0.0 0.0 0.0 0.0 0.0 0.0 0.0 0.0 0.0 0.0 0.0 0.0 0.0 0.0 0.0 0.0 0.0 0.0 0.0 0.0 0.0 0.0 0.0 0.0 0.0 0.0 0.0 0.0 0.0 0.0 0.0 0.0 0.0 0.0 0.0 0.0 0.0 0.0 0.0 0.0 0.0 0.0 0.0 0.0 0.0 0.0 0.0 0.0 0.0 0.0 0.0 0.0 0.0 0.0 0.0 0.0 0.0 0.0 0.0 0.0 0.0 0.0 0.0 0.0 0.0 0.0 0.0 0.0 0.0 0.0 0.0 0.0 0.0 0.0 0.0 0.0 0.0 0.0 0.0 0.0 0.0 0.0 0.0 0.0 0.0 0.0 0.0 0.0 0.0 0.0 0.0 0.0 0.0 0.0 0.0 0.0 0.0 0.0 0.0
0.414 0.411 0.409 0.283 0.109 0.0 0.0 0.0 0.0 0.0 0.0 0.0 0.0 0.0 0.0 0.0 0.0 0.0 0.0 0.0 0.0 0.0 0.0 0.0 0.0 0.0 0.0 0.0 0.0 0.0 0.0 0.0 0.0 0.0 0.0 0.0 0.0 0.0 0.0 0.0 0.0 0.0 0.0 0.0 0.0 0.0 0.0 0.0 0.0 0.0 0.0 0.0 0.0 0.0 0.0 0.0 0.0 0.0 0.0 0.0 0.0 0.0 0.0 0.0 0.0 0.0 0.0 0.0 0.0 0.0 0.0 0.0 0.0 0.0 0.0 0.0 0.0 0.0 0.0 0.0 0.0 0.0 0.0 0.0 0.0 0.0 0.0 0.0 0.0 0.0 0.0 0.0 0.0 0.0 0.0 0.0 0.0 0.0 0.0 0.0 0.0 0.0 0.0 0.0 0.0 0.0 0.0 0.0 0.0 0.0 0.0 0.0 0.0 0.0 0.0 0.0 0.0 0.0 0.0 0.0 0.0 0.0 0.0 0.0 0.0 0.0 0.0 0.0 0.0 0.0 0.0 0.0 0.0 0.0 0.0 0.0
0.557 0.555 0.453 0.28 0.107 0.0 0.0 0.0 0.0 0.0 0.0 0.0 0.0 0.0 0.0 0.0 0.0 0.0 0.0 0.0 0.0 0.0 0.0 0.0 0.0 0.0 0.0 0.0 0.0 0.0 0.0 0.0 0.0 0.0 0.0 0.0 0.0 0.0 0.0 0.0 0.0 0.0 0.0 0.0 0.0 0.0 0.0 0.0 0.0 0.0 0.0 0.0 0.0 0.0 0.0 0.0 0.0 0.0 0.0 0.0 0.0 0.0 0.0 0.0 0.0 0.0 0.0 0.0 0.0 0.0 0.0 0.0 0.0 0.0 0.0 0.0 0.0 0.0 0.0 0.0 0.0 0.0 0.0 0.0 0.0 0.0 0.0 0.0 0.0 0.0 0.0 0.0 0.0 0.0 0.0 0.0 0.0 0.0 0.0 0.0 0.0 0.0 0.0 0.0 0.0 0.0 0.0 0.0 0.0 0.0 0.0 0.0 0.0 0.0 0.0 0.0 0.0 0.0 0.0 0.0 0.0 0.0 0.0 0.0 0.0 0.0 0.0 0.0 0.0 0.0 0.0 0.0 0.0 0.0 0.0 0.0
0.7 0.624 0.451 0.277 0.104 0.0 0.0 0.0 0.0 0.0 0.0 0.0 0.0 0.0 0.0 0.0 0.0 0.0 0.0 0.0 0.0 0.0 0.0 0.0 0.0 0.0 0.0 0.0 0.0 0.0 0.0 0.0 0.0 0.0 0.0 0.0 0.0 0.0 0.0 0.0 0.0 0.0 0.0 0.0 0.0 0.0 0.0 0.0 0.0 0.0 0.0 0.0 0.0 0.0 0.0 0.0 0.0 0.0 0.0 0.0 0.0 0.0 0.0 0.0 0.0 0.0 0.0 0.0 0.0 0.0 0.0 0.0 0.0 0.0 0.0 0.0 0.0 0.0 0.0 0.0 0.0 0.0 0.0 0.0 0.0 0.0 0.0 0.0 0.0 0.0 0.0 0.0 0.0 0.0 0.0 0.0 0.0 0.0 0.0 0.0 0.0 0.0 0.0 0.0 0.0 0.0 0.0 0.0 0.0 0.0 0.0 0.0 0.0 0.0 0.0 0.0 0.0 0.0 0.0 0.0 0.0 0.0 0.0 0.0 0.0 0.0 0.0 0.0 0.0 0.0 0.0 0.0 0.0 0.0 0.0 0.0
0.795 0.621 0.448 0.275 0.101 0.0 0.0 0.0 0.0 0.0 0.0 0.0 0.0 0.0 0.0 0.0 0.0 0.0 0.0 0.0 0.0 0.0 0.0 0.0 0.0 0.0 0.0 0.0 0.0 0.0 0.0 0.0 0.0 0.0 0.0 0.0 0.0 0.0 0.0 0.0 0.0 0.0 0.0 0.0 0.0 0.0 0.0 0.0 0.0 0.0 0.0 0.0 0.0 0.0 0.0 0.0 0.0 0.0 0.0 0.0 0.0 0.0 0.0 0.0 0.0 0.0 0.0 0.0 0.0 0.0 0.0 0.0 0.0 0.0 0.0 0.0 0.0 0.0 0.0 0.0 0.0 0.0 0.0 0.0 0.0 0.0 0.0 0.0 0.0 0.0 0.0 0.0 0.0 0.0 0.0 0.0 0.0 0.0 0.0 0.0 0.0 0.0 0.0 0.0 0.0 0.0 0.0 0.0 0.0 0.0 0.0 0.0 0.0 0.0 0.0 0.0 0.0 0.0 0.0 0.0 0.0 0.0 0.0 0.0 0.0 0.0 0.0 0.0 0.0 0.0 0.0 0.0 0.0 0.0 0.0 0.0
0.792 0.619 0.445 0.272 0.098 0.0 0.0 0.0 0.0 0.0 0.0 0.0 0.0 0.0 0.0 0.0 0.0 0.0 0.0 0.0 0.0 0.0 0.0 0.0 0.0 0.0 0.0 0.0 0.0 0.0 0.0 0.0 0.0 0.0 0.0 0.0 0.0 0.0 0.0 0.0 0.0 0.0 0.0 0.0 0.0 0.0 0.0 0.0 0.0 0.0 0.0 0.0 0.0 0.0 0.0 0.0 0.0 0.0 0.0 0.0 0.0 0.0 0.0 0.0 0.0 0.0 0.0 0.0 0.0 0.0 0.0 0.0 0.0 0.0 0.0 0.0 0.0 0.0 0.0 0.0 0.0 0.0 0.0 0.0 0.0 0.0 0.0 0.0 0.0 0.0 0.0 0.0 0.0 0.0 0.0 0.0 0.0 0.0 0.0 0.0 0.0 0.0 0.0 0.0 0.0 0.0 0.0 0.0 0.0 0.0 0.0 0.0 0.0 0.0 0.0 0.0 0.0 0.0 0.0 0.0 0.0 0.0 0.0 0.0 0.0 0.0 0.0 0.0 0.0 0.0 0.0 0.0 0.0 0.0 0.0 0.0
0.789 0.616 0.442 0.269 0.096 0.0 0.0 0.0 0.0 0.0 0.0 0.0 0.0 0.0 0.0 0.0 0.0 0.0 0.0 0.0 0.0 0.0 0.0 0.0 0.0 0.0 0.0 0.0 0.0 0.0 0.0 0.0 0.0 0.0 0.0 0.0 0.0 0.0 0.0 0.0 0.0 0.0 0.0 0.0 0.0 0.0 0.0 0.0 0.0 0.0 0.0 0.0 0.0 0.0 0.0 0.0 0.0 0.0 0.0 0.0 0.0 0.0 0.0 0.0 0.0 0.0 0.0 0.0 0.0 0.0 0.0 0.0 0.0 0.0 0.0 0.0 0.0 0.0 0.0 0.0 0.0 0.0 0.0 0.0 0.0 0.0 0.0 0.0 0.0 0.0 0.0 0.0 0.0 0.0 0.0 0.0 0.0 0.0 0.0 0.0 0.0 0.0 0.0 0.0 0.0 0.0 0.0 0.0 0.0 0.0 0.0 0.0 0.0 0.0 0.0 0.0 0.0 0.0 0.0 0.0 0.0 0.0 0.0 0.0 0.0 0.0 0.0 0.0 0.0 0.0 0.0 0.0 0.0 0.0 0.0 0.0
0.787 0.613 0.44 0.266 0.093 0.0 0.0 0.0 0.0 0.0 0.0 0.0 0.0 0.0 0.0 0.0 0.0 0.0 0.0 0.0 0.0 0.0 0.0 0.0 0.0 0.0 0.0 0.0 0.0 0.0 0.0 0.0 0.0 0.0 0.0 0.0 0.0 0.0 0.0 0.0 0.0 0.0 0.0 0.0 0.0 0.0 0.0 0.0 0.0 0.0 0.0 0.0 0.0 0.0 0.0 0.0 0.0 0.0 0.0 0.0 0.0 0.0 0.0 0.0 0.0 0.0 0.0 0.0 0.0 0.0 0.0 0.0 0.0 0.0 0.0 0.0 0.0 0.0 0.0 0.0 0.0 0.0 0.0 0.0 0.0 0.0 0.0 0.0 0.0 0.0 0.0 0.0 0.0 0.0 0.0 0.0 0.0 0.0 0.0 0.0 0.0 0.0 0.0 0.0 0.0 0.0 0.0 0.0 0.0 0.0 0.0 0.0 0.0 0.0 0.0 0.0 0.0 0.0 0.0 0.0 0.0 0.0 0.0 0.0 0.0 0.0 0.0 0.0 0.0 0.0 0.0 0.0 0.0 0.0 0.0 0.0
0.784 0.61 0.437 0.264 0.09 0.0 0.0 0.0 0.0 0.0 0.0 0.0 0.0 0.0 0.0 0.0 0.0 0.0 0.0 0.0 0.0 0.0 0.0 0.0 0.0 0.0 0.0 0.0 0.0 0.0 0.0 0.0 0.0 0.0 0.0 0.0 0.0 0.0 0.0 0.0 0.0 0.0 0.0 0.0 0.0 0.0 0.0 0.0 0.0 0.0 0.0 0.0 0.0 0.0 0.0 0.0 0.0 0.0 0.0 0.0 0.0 0.0 0.0 0.0 0.0 0.0 0.0 0.0 0.0 0.0 0.0 0.0 0.0 0.0 0.0 0.0 0.0 0.0 0.0 0.0 0.0 0.0 0.0 0.0 0.0 0.0 0.0 0.0 0.0 0.0 0.0 0.0 0.0 0.0 0.0 0.0 0.0 0.0 0.0 0.0 0.0 0.0 0.0 0.0 0.0 0.0 0.0 0.0 0.0 0.0 0.0 0.0 0.0 0.0 0.0 0.0 0.0 0.0 0.0 0.0 0.0 0.0 0.0 0.0 0.0 0.0 0.0 0.0 0.0 0.0 0.0 0.0 0.0 0.0 0.0 0.0
0.781 0.608 0.434 0.261 0.087 0.0 0.0 0.0 0.0 0.0 0.0 0.0 0.0 0.0 0.0 0.0 0.0 0.0 0.0 0.0 0.0 0.0 0.0 0.0 0.0 0.0 0.0 0.0 0.0 0.0 0.0 0.0 0.0 0.0 0.0 0.0 0.0 0.0 0.0 0.0 0.0 0.0 0.0 0.0 0.0 0.0 0.0 0.0 0.0 0.0 0.0 0.0 0.0 0.0 0.0 0.0 0.0 0.0 0.0 0.0 0.0 0.0 0.0 0.0 0.0 0.0 0.0 0.0 0.0 0.0 0.0 0.0 0.0 0.0 0.0 0.0 0.0 0.0 0.0 0.0 0.0 0.0 0.0 0.0 0.0 0.0 0.0 0.0 0.0 0.0 0.0 0.0 0.0 0.0 0.0 0.0 0.0 0.0 0.0 0.0 0.0 0.0 0.0 0.0 0.0 0.0 0.0 0.0 0.0 0.0 0.0 0.0 0.0 0.0 0.0 0.0 0.0 0.0 0.0 0.0 0.0 0.0 0.0 0.0 0.0 0.0 0.0 0.0 0.0 0.0 0.0 0.0 0.0 0.0 0.0 0.0
0.778 0.605 0.432 0.258 0.085 0.0 0.0 0.0 0.0 0.0 0.0 0.0 0.0 0.0 0.0 0.0 0.0 0.0 0.0 0.0 0.0 0.0 0.0 0.0 0.0 0.0 0.0 0.0 0.0 0.0 0.0 0.0 0.0 0.0 0.0 0.0 0.0 0.0 0.0 0.0 0.0 0.0 0.0 0.0 0.0 0.0 0.0 0.0 0.0 0.0 0.0 0.0 0.0 0.0 0.0 0.0 0.0 0.0 0.0 0.0 0.0 0.0 0.0 0.0 0.0 0.0 0.0 0.0 0.0 0.0 0.0 0.0 0.0 0.0 0.0 0.0 0.0 0.0 0.0 0.0 0.0 0.0 0.0 0.0 0.0 0.0 0.0 0.0 0.0 0.0 0.0 0.0 0.0 0.0 0.0 0.0 0.0 0.0 0.0 0.0 0.0 0.0 0.0 0.0 0.0 0.0 0.0 0.0 0.0 0.0 0.0 0.0 0.0 0.0 0.0 0.0 0.0 0.0 0.0 0.0 0.0 0.0 0.0 0.0 0.0 0.0 0.0 0.0 0.0 0.0 0.0 0.0 0.0 0.0 0.0 0.0
0.776 0.602 0.429 0.255 0.082 0.0 0.0 0.0 0.0 0.0 0.0 0.0 0.0 0.0 0.0 0.0 0.0 0.0 0.0 0.0 0.0 0.0 0.0 0.0 0.0 0.0 0.0 0.0 0.0 0.0 0.0 0.0 0.0 0.0 0.0 0.0 0.0 0.0 0.0 0.0 0.0 0.0 0.0 0.0 0.0 0.0 0.0 0.0 0.0 0.0 0.0 0.0 0.0 0.0 0.0 0.0 0.0 0.0 0.0 0.0 0.0 0.0 0.0 0.0 0.0 0.0 0.0 0.0 0.0 0.0 0.0 0.0 0.0 0.0 0.0 0.0 0.0 0.0 0.0 0.0 0.0 0.0 0.0 0.0 0.0 0.0 0.0 0.0 0.0 0.0 0.0 0.0 0.0 0.0 0.0 0.0 0.0 0.0 0.0 0.0 0.0 0.0 0.0 0.0 0.0 0.0 0.0 0.0 0.0 0.0 0.0 0.0 0.0 0.0 0.0 0.0 0.0 0.0 0.0 0.0 0.0 0.0 0.0 0.0 0.0 0.0 0.0 0.0 0.0 0.0 0.0 0.0 0.0 0.0 0.0 0.0
0.773 0.599 0.426 0.253 0.079 0.0 0.0 0.0 0.0 0.0 0.0 0.0 0.0 0.0 0.0 0.0 0.0 0.0 0.0 0.0 0.0 0.0 0.0 0.0 0.0 0.0 0.0 0.0 0.0 0.0 0.0 0.0 0.0 0.0 0.0 0.0 0.0 0.0 0.0 0.0 0.0 0.0 0.0 0.0 0.0 0.0 0.0 0.0 0.0 0.0 0.0 0.0 0.0 0.0 0.0 0.0 0.0 0.0 0.0 0.0 0.0 0.0 0.0 0.0 0.0 0.0 0.0 0.0 0.0 0.0 0.0 0.0 0.0 0.0 0.0 0.0 0.0 0.0 0.0 0.0 0.0 0.0 0.0 0.0 0.0 0.0 0.0 0.0 0.0 0.0 0.0 0.0 0.0 0.0 0.0 0.0 0.0 0.0 0.0 0.0 0.0 0.0 0.0 0.0 0.0 0.0 0.0 0.0 0.0 0.0 0.0 0.0 0.0 0.0 0.0 0.0 0.0 0.0 0.0 0.0 0.0 0.0 0.0 0.0 0.0 0.0 0.0 0.0 0.0 0.0 0.0 0.0 0.0 0.0 0.0 0.0
0.77 0.597 0.423 0.25 0.076 0.0 0.0 0.0 0.0 0.0 0.0 0.0 0.0 0.0 0.0 0.0 0.0 0.0 0.0 0.0 0.0 0.0 0.0 0.0 0.0 0.0 0.0 0.0 0.0 0.0 0.0 0.0 0.0 0.0 0.0 0.0 0.0 0.0 0.0 0.0 0.0 0.0 0.0 0.0 0.0 0.0 0.0 0.0 0.0 0.0 0.0 0.0 0.0 0.0 0.0 0.0 0.0 0.0 0.0 0.0 0.0 0.0 0.0 0.0 0.0 0.0 0.0 0.0 0.0 0.0 0.0 0.0 0.0 0.0 0.0 0.0 0.0 0.0 0.0 0.0 0.0 0.0 0.0 0.0 0.0 0.0 0.0 0.0 0.0 0.0 0.0 0.0 0.0 0.0 0.0 0.0 0.0 0.0 0.0 0.0 0.0 0.0 0.0 0.0 0.0 0.0 0.0 0.0 0.0 0.0 0.0 0.0 0.0 0.0 0.0 0.0 0.0 0.0 0.0 0.0 0.0 0.0 0.0 0.0 0.0 0.0 0.0 0.0 0.0 0.0 0.0 0.0 0.0 0.0 0.0 0.0
0.767 0.594 0.421 0.247 0.074 0.0 0.0 0.0 0.0 0.0 0.0 0.0 0.0 0.0 0.0 0.0 0.0 0.0 0.0 0.0 0.0 0.0 0.0 0.0 0.0 0.0 0.0 0.0 0.0 0.0 0.0 0.0 0.0 0.0 0.0 0.0 0.0 0.0 0.0 0.0 0.0 0.0 0.0 0.0 0.0 0.0 0.0 0.0 0.0 0.0 0.0 0.0 0.0 0.0 0.0 0.0 0.0 0.0 0.0 0.0 0.0 0.0 0.0 0.0 0.0 0.0 0.0 0.0 0.0 0.0 0.0 0.0 0.0 0.0 0.0 0.0 0.0 0.0 0.0 0.0 0.0 0.0 0.0 0.0 0.0 0.0 0.0 0.0 0.0 0.0 0.0 0.0 0.0 0.0 0.0 0.0 0.0 0.0 0.0 0.0 0.0 0.0 0.0 0.0 0.0 0.0 0.0 0.0 0.0 0.0 0.0 0.0 0.0 0.0 0.0 0.0 0.0 0.0 0.0 0.0 0.0 0.0 0.0 0.0 0.0 0.0 0.0 0.0 0.0 0.0 0.0 0.0 0.0 0.0 0.0 0.0
0.765 0.591 0.418 0.244 0.071 0.0 0.0 0.0 0.0 0.0 0.0 0.0 0.0 0.0 0.0 0.0 0.0 0.0 0.0 0.0 0.0 0.0 0.0 0.0 0.0 0.0 0.0 0.0 0.0 0.0 0.0 0.0 0.0 0.0 0.0 0.0 0.0 0.0 0.0 0.0 0.0 0.0 0.0 0.0 0.0 0.0 0.0 0.0 0.0 0.0 0.0 0.0 0.0 0.0 0.0 0.0 0.0 0.0 0.0 0.0 0.0 0.0 0.0 0.0 0.0 0.0 0.0 0.0 0.0 0.0 0.0 0.0 0.0 0.0 0.0 0.0 0.0 0.0 0.0 0.0 0.0 0.0 0.0 0.0 0.0 0.0 0.0 0.0 0.0 0.0 0.0 0.0 0.0 0.0 0.0 0.0 0.0 0.0 0.0 0.0 0.0 0.0 0.0 0.0 0.0 0.0 0.0 0.0 0.0 0.0 0.0 0.0 0.0 0.0 0.0 0.0 0.0 0.0 0.0 0.0 0.0 0.0 0.0 0.0 0.0 0.0 0.0 0.0 0.0 0.0 0.0 0.0 0.0 0.0 0.0 0.0
0.762 0.588 0.415 0.242 0.068 0.0 0.0 0.0 0.0 0.0 0.0 0.0 0.0 0.0 0.0 0.0 0.0 0.0 0.0 0.0 0.0 0.0 0.0 0.0 0.0 0.0 0.0 0.0 0.0 0.0 0.0 0.0 0.0 0.0 0.0 0.0 0.0 0.0 0.0 0.0 0.0 0.0 0.0 0.0 0.0 0.0 0.0 0.0 0.0 0.0 0.0 0.0 0.0 0.0 0.0 0.0 0.0 0.0 0.0 0.0 0.0 0.0 0.0 0.0 0.0 0.0 0.0 0.0 0.0 0.0 0.0 0.0 0.0 0.0 0.0 0.0 0.0 0.0 0.0 0.0 0.0 0.0 0.0 0.0 0.0 0.0 0.0 0.0 0.0 0.0 0.0 0.0 0.0 0.0 0.0 0.0 0.0 0.0 0.0 0.0 0.0 0.0 0.0 0.0 0.0 0.0 0.0 0.0 0.0 0.0 0.0 0.0 0.0 0.0 0.0 0.0 0.0 0.0 0.0 0.0 0.0 0.0 0.0 0.0 0.0 0.0 0.0 0.0 0.0 0.0 0.0 0.0 0.0 0.0 0.0 0.0
0.759 0.586 0.412 0.239 0.065 0.0 0.0 0.0 0.0 0.0 0.0 0.0 0.0 0.0 0.0 0.0 0.0 0.0 0.0 0.0 0.0 0.0 0.0 0.0 0.0 0.0 0.0 0.0 0.0 0.0 0.0 0.0 0.0 0.0 0.0 0.0 0.0 0.0 0.0 0.0 0.0 0.0 0.0 0.0 0.0 0.0 0.0 0.0 0.0 0.0 0.0 0.0 0.0 0.0 0.0 0.0 0.0 0.0 0.0 0.0 0.0 0.0 0.0 0.0 0.0 0.0 0.0 0.0 0.0 0.0 0.0 0.0 0.0 0.0 0.0 0.0 0.0 0.0 0.0 0.0 0.0 0.0 0.0 0.0 0.0 0.0 0.0 0.0 0.0 0.0 0.0 0.0 0.0 0.0 0.0 0.0 0.0 0.0 0.0 0.0 0.0 0.0 0.0 0.0 0.0 0.0 0.0 0.0 0.0 0.0 0.0 0.0 0.0 0.0 0.0 0.0 0.0 0.0 0.0 0.0 0.0 0.0 0.0 0.0 0.0 0.0 0.0 0.0 0.0 0.0 0.0 0.0 0.0 0.0 0.0 0.0
0.756 0.583 0.41 0.236 0.063 0.0 0.0 0.0 0.0 0.0 0.0 0.0 0.0 0.0 0.0 0.0 0.0 0.0 0.0 0.0 0.0 0.0 0.0 0.0 0.0 0.0 0.0 0.0 0.0 0.0 0.0 0.0 0.0 0.0 0.0 0.0 0.0 0.0 0.0 0.0 0.0 0.0 0.0 0.0 0.0 0.0 0.0 0.0 0.0 0.0 0.0 0.0 0.0 0.0 0.0 0.0 0.0 0.0 0.0 0.0 0.0 0.0 0.0 0.0 0.0 0.0 0.0 0.0 0.0 0.0 0.0 0.0 0.0 0.0 0.0 0.0 0.0 0.0 0.0 0.0 0.0 0.0 0.0 0.0 0.0 0.0 0.0 0.0 0.0 0.0 0.0 0.0 0.0 0.0 0.0 0.0 0.0 0.0 0.0 0.0 0.0 0.0 0.0 0.0 0.0 0.0 0.0 0.0 0.0 0.0 0.0 0.0 0.0 0.0 0.0 0.0 0.0 0.0 0.0 0.0 0.0 0.0 0.0 0.0 0.0 0.0 0.0 0.0 0.0 0.0 0.0 0.0 0.0 0.0 0.0 0.0
0.883 0.707 0.532 0.356 0.181 0.011 0.0 0.0 0.0 0.0 0.0 0.0 0.0 0.0 0.0 0.0 0.0 0.0 0.0 0.0 0.0 0.0 0.0 0.0 0.0 0.0 0.0 0.0 0.0 0.0 0.0 0.0 0.0 0.0 0.0 0.0 0.0 0.0 0.0 0.0 0.0 0.0 0.0 0.0 0.0 0.0 0.0 0.0 0.0 0.0 0.0 0.0 0.0 0.0 0.0 0.0 0.0 0.0 0.0 0.0 0.0 0.0 0.0 0.0 0.0 0.0 0.0 0.0 0.0 0.0 0.0 0.0 0.0 0.0 0.0 0.0 0.0 0.0 0.0 0.0 0.0 0.0 0.0 0.0 0.0 0.0 0.0 0.0 0.0 0.0 0.0 0.0 0.0 0.0 0.0 0.0 0.0 0.0 0.0 0.0 0.0 0.0 0.0 0.0 0.0 0.0 0.0 0.0 0.0 0.0 0.0 0.0 0.0 0.0 0.0 0.0 0.0 0.0 0.0 0.0 0.0 0.0 0.0 0.0 0.0 0.0 0.0 0.0 0.0 0.0 0.0 0.0 0.0 0.0 0.0 0.0
1.016 0.841 0.665 0.489 0.314 0.144 0.0 0.0 0.0 0.0 0.0 0.0 0.0 0.0 0.0 0.0 0.0 0.0 0.0 0.0 0.0 0.0 0.0 0.0 0.0 0.0 0.0 0.0 0.0 0.0 0.0 0.0 0.0 0.0 0.0 0.0 0.0 0.0 0.0 0.0 0.0 0.0 0.0 0.0 0.0 0.0 0.0 0.0 0.0 0.0 0.0 0.0 0.0 0.0 0.0 0.0 0.0 0.0 0.0 0.0 0.0 0.0 0.0 0.0 0.0 0.0 0.0 0.0 0.0 0.0 0.0 0.0 0.0 0.0 0.0 0.0 0.0 0.0 0.0 0.0 0.0 0.0 0.0 0.0 0.0 0.0 0.0 0.0 0.0 0.0 0.0 0.0 0.0 0.0 0.0 0.0 0.0 0.0 0.0 0.0 0.0 0.0 0.0 0.0 0.0 0.0 0.0 0.0 0.0 0.0 0.0 0.0 0.0 0.0 0.0 0.0 0.0 0.0 0.0 0.0 0.0 0.0 0.0 0.0 0.0 0.0 0.0 0.0 0.0 0.0 0.0 0.0 0.0 0.0 0.0 0.0
1.149 0.974 0.798 0.623 0.447 0.278 0.111 0.0 0.0 0.0 0.0 0.0 0.0 0.0 0.0 0.0 0.0 0.0 0.0 0.0 0.0 0.0 0.0 0.0 0.0 0.0 0.0 0.0 0.0 0.0 0.0 0.0 0.0 0.0 0.0 0.0 0.0 0.0 0.0 0.0 0.0 0.0 0.0 0.0 0.0 0.0 0.0 0.0 0.0 0.0 0.0 0.0 0.0 0.0 0.0 0.0 0.0 0.0 0.0 0.0 0.0 0.0 0.0 0.0 0.0 0.0 0.0 0.0 0.0 0.0 0.0 0.0 0.0 0.0 0.0 0.0 0.0 0.0 0.0 0.0 0.0 0.0 0.0 0.0 0.0 0.0 0.0 0.0 0.0 0.0 0.0 0.0 0.0 0.0 0.0 0.0 0.0 0.0 0.0 0.0 0.0 0.0 0.0 0.0 0.0 0.0 0.0 0.0 0.0 0.0 0.0 0.0 0.0 0.0 0.0 0.0 0.0 0.0 0.0 0.0 0.0 0.0 0.0 0.0 0.0 0.0 0.0 0.0 0.0 0.0 0.0 0.0 0.0 0.0 0.0 0.0
1.283 1.107 0.932 0.756 0.58 0.411 0.244 0.077 0.0 0.0 0.0 0.0 0.0 0.0 0.0 0.0 0.0 0.0 0.0 0.0 0.0 0.0 0.0 0.0 0.0 0.0 0.0 0.0 0.0 0.0 0.0 0.0 0.0 0.0 0.0 0.0 0.0 0.0 0.0 0.0 0.0 0.0 0.0 0.0 0.0 0.0 0.0 0.0 0.0 0.0 0.0 0.0 0.0 0.0 0.0 0.0 0.0 0.0 0.0 0.0 0.0 0.0 0.0 0.0 0.0 0.0 0.0 0.0 0.0 0.0 0.0 0.0 0.0 0.0 0.0 0.0 0.0 0.0 0.0 0.0 0.0 0.0 0.0 0.0 0.0 0.0 0.0 0.0 0.0 0.0 0.0 0.0 0.0 0.0 0.0 0.0 0.0 0.0 0.0 0.0 0.0 0.0 0.0 0.0 0.0 0.0 0.0 0.0 0.0 0.0 0.0 0.0 0.0 0.0 0.0 0.0 0.0 0.0 0.0 0.0 0.0 0.0 0.0 0.0 0.0 0.0 0.0 0.0 0.0 0.0 0.0 0.0 0.0 0.0 0.0 0.0
1.416 1.24 1.065 0.889 0.714 0.544 0.377 0.21 0.044 0.0 0.0 0.0 0.0 0.0 0.0 0.0 0.0 0.0 0.0 0.0 0.0 0.0 0.0 0.0 0.0 0.0 0.0 0.0 0.0 0.0 0.0 0.0 0.0 0.0 0.0 0.0 0.0 0.0 0.0 0.0 0.0 0.0 0.0 0.0 0.0 0.0 0.0 0.0 0.0 0.0 0.0 0.0 0.0 0.0 0.0 0.0 0.0 0.0 0.0 0.0 0.0 0.0 0.0 0.0 0.0 0.0 0.0 0.0 0.0 0.0 0.0 0.0 0.0 0.0 0.0 0.0 0.0 0.0 0.0 0.0 0.0 0.0 0.0 0.0 0.0 0.0 0.0 0.0 0.0 0.0 0.0 0.0 0.0 0.0 0.0 0.0 0.0 0.0 0.0 0.0 0.0 0.0 0.0 0.0 0.0 0.0 0.0 0.0 0.0 0.0 0.0 0.0 0.0 0.0 0.0 0.0 0.0 0.0 0.0 0.0 0.0 0.0 0.0 0.0 0.0 0.0 0.0 0.0 0.0 0.0 0.0 0.0 0.0 0.0 0.0 0.0
1.549 1.374 1.198 1.022 0.847 0.678 0.511 0.344 0.177 0.01 0.0 0.0 0.0 0.0 0.0 0.0 0.0 0.0 0.0 0.0 0.0 0.0 0.0 0.0 0.0 0.0 0.0 0.0 0.0 0.0 0.0 0.0 0.0 0.0 0.0 0.0 0.0 0.0 0.0 0.0 0.0 0.0 0.0 0.0 0.0 0.0 0.0 0.0 0.0 0.0 0.0 0.0 0.0 0.0 0.0 0.0 0.0 0.0 0.0 0.0 0.0 0.0 0.0 0.0 0.0 0.0 0.0 0.0 0.0 0.0 0.0 0.0 0.0 0.0 0.0 0.0 0.0 0.0 0.0 0.0 0.0 0.0 0.0 0.0 0.0 0.0 0.0 0.0 0.0 0.0 0.0 0.0 0.0 0.0 0.0 0.0 0.0 0.0 0.0 0.0 0.0 0.0 0.0 0.0 0.0 0.0 0.0 0.0 0.0 0.0 0.0 0.0 0.0 0.0 0.0 0.0 0.0 0.0 0.0 0.0 0.0 0.0 0.0 0.0 0.0 0.0 0.0 0.0 0.0 0.0 0.0 0.0 0.0 0.0 0.0 0.0
1.682 1.507 1.331 1.156 0.98 0.811 0.644 0.477 0.31 0.143 0.0 0.0 0.0 0.0 0.0 0.0 0.0 0.0 0.0 0.0 0.0 0.0 0.0 0.0 0.0 0.0 0.0 0.0 0.0 0.0 0.0 0.0 0.0 0.0 0.0 0.0 0.0 0.0 0.0 0.0 0.0 0.0 0.0 0.0 0.0 0.0 0.0 0.0 0.0 0.0 0.0 0.0 0.0 0.0 0.0 0.0 0.0 0.0 0.0 0.0 0.0 0.0 0.0 0.0 0.0 0.0 0.0 0.0 0.0 0.0 0.0 0.0 0.0 0.0 0.0 0.0 0.0 0.0 0.0 0.0 0.0 0.0 0.0 0.0 0.0 0.0 0.0 0.0 0.0 0.0 0.0 0.0 0.0 0.0 0.0 0.0 0.0 0.0 0.0 0.0 0.0 0.0 0.0 0.0 0.0 0.0 0.0 0.0 0.0 0.0 0.0 0.0 0.0 0.0 0.0 0.0 0.0 0.0 0.0 0.0 0.0 0.0 0.0 0.0 0.0 0.0 0.0 0.0 0.0 0.0 0.0 0.0 0.0 0.0 0.0 0.0
1.816 1.64 1.465 1.289 1.113 0.944 0.778 0.611 0.444 0.277 0.11 0.0 0.0 0.0 0.0 0.0 0.0 0.0 0.0 0.0 0.0 0.0 0.0 0.0 0.0 0.0 0.0 0.0 0.0 0.0 0.0 0.0 0.0 0.0 0.0 0.0 0.0 0.0 0.0 0.0 0.0 0.0 0.0 0.0 0.0 0.0 0.0 0.0 0.0 0.0 0.0 0.0 0.0 0.0 0.0 0.0 0.0 0.0 0.0 0.0 0.0 0.0 0.0 0.0 0.0 0.0 0.0 0.0 0.0 0.0 0.0 0.0 0.0 0.0 0.0 0.0 0.0 0.0 0.0 0.0 0.0 0.0 0.0 0.0 0.0 0.0 0.0 0.0 0.0 0.0 0.0 0.0 0.0 0.0 0.0 0.0 0.0 0.0 0.0 0.0 0.0 0.0 0.0 0.0 0.0 0.0 0.0 0.0 0.0 0.0 0.0 0.0 0.0 0.0 0.0 0.0 0.0 0.0 0.0 0.0 0.0 0.0 0.0 0.0 0.0 0.0 0.0 0.0 0.0 0.0 0.0 0.0 0.0 0.0 0.0 0.0
1.949 1.773 1.598 1.422 1.247 1.078 0.911 0.744 0.577 0.41 0.243 0.076 0.0 0.0 0.0 0.0 0.0 0.0 0.0 0.0 0.0 0.0 0.0 0.0 0.0 0.0 0.0 0.0 0.0 0.0 0.0 0.0 0.0 0.0 0.0 0.0 0.0 0.0 0.0 0.0 0.0 0.0 0.0 0.0 0.0 0.0 0.0 0.0 0.0 0.0 0.0 0.0 0.0 0.0 0.0 0.0 0.0 0.0 0.0 0.0 0.0 0.0 0.0 0.0 0.0 0.0 0.0 0.0 0.0 0.0 0.0 0.0 0.0 0.0 0.0 0.0 0.0 0.0 0.0 0.0 0.0 0.0 0.0 0.0 0.0 0.0 0.0 0.0 0.0 0.0 0.0 0.0 0.0 0.0 0.0 0.0 0.0 0.0 0.0 0.0 0.0 0.0 0.0 0.0 0.0 0.0 0.0 0.0 0.0 0.0 0.0 0.0 0.0 0.0 0.0 0.0 0.0 0.0 0.0 0.0 0.0 0.0 0.0 0.0 0.0 0.0 0.0 0.0 0.0 0.0 0.0 0.0 0.0 0.0 0.0 0.0
2.082 1.907 1.731 1.555 1.38 1.211 1.044 0.877 0.71 0.544 0.377 0.21 0.043 0.0 0.0 0.0 0.0 0.0 0.0 0.0 0.0 0.0 0.0 0.0 0.0 0.0 0.0 0.0 0.0 0.0 0.0 0.0 0.0 0.0 0.0 0.0 0.0 0.0 0.0 0.0 0.0 0.0 0.0 0.0 0.0 0.0 0.0 0.0 0.0 0.0 0.0 0.0 0.0 0.0 0.0 0.0 0.0 0.0 0.0 0.0 0.0 0.0 0.0 0.0 0.0 0.0 0.0 0.0 0.0 0.0 0.0 0.0 0.0 0.0 0.0 0.0 0.0 0.0 0.0 0.0 0.0 0.0 0.0 0.0 0.0 0.0 0.0 0.0 0.0 0.0 0.0 0.0 0.0 0.0 0.0 0.0 0.0 0.0 0.0 0.0 0.0 0.0 0.0 0.0 0.0 0.0 0.0 0.0 0.0 0.0 0.0 0.0 0.0 0.0 0.0 0.0 0.0 0.0 0.0 0.0 0.0 0.0 0.0 0.0 0.0 0.0 0.0 0.0 0.0 0.0 0.0 0.0 0.0 0.0 0.0 0.0
2.215 2.04 1.864 1.689 1.513 1.345 1.178 1.011 0.844 0.677 0.51 0.343 0.176 0.009 0.0 0.0 0.0 0.0 0.0 0.0 0.0 0.0 0.0 0.0 0.0 0.0 0.0 0.0 0.0 0.0 0.0 0.0 0.0 0.0 0.0 0.0 0.0 0.0 0.0 0.0 0.0 0.0 0.0 0.0 0.0 0.0 0.0 0.0 0.0 0.0 0.0 0.0 0.0 0.0 0.0 0.0 0.0 0.0 0.0 0.0 0.0 0.0 0.0 0.0 0.0 0.0 0.0 0.0 0.0 0.0 0.0 0.0 0.0 0.0 0.0 0.0 0.0 0.0 0.0 0.0 0.0 0.0 0.0 0.0 0.0 0.0 0.0 0.0 0.0 0.0 0.0 0.0 0.0 0.0 0.0 0.0 0.0 0.0 0.0 0.0 0.0 0.0 0.0 0.0 0.0 0.0 0.0 0.0 0.0 0.0 0.0 0.0 0.0 0.0 0.0 0.0 0.0 0.0 0.0 0.0 0.0 0.0 0.0 0.0 0.0 0.0 0.0 0.0 0.0 0.0 0.0 0.0 0.0 0.0 0.0 0.0
2.349 2.173 1.998 1.822 1.646 1.478 1.311 1.144 0.977 0.81 0.643 0.476 0.31 0.143 0.0 0.0 0.0 0.0 0.0 0.0 0.0 0.0 0.0 0.0 0.0 0.0 0.0 0.0 0.0 0.0 0.0 0.0 0.0 0.0 0.0 0.0 0.0 0.0 0.0 0.0 0.0 0.0 0.0 0.0 0.0 0.0 0.0 0.0 0.0 0.0 0.0 0.0 0.0 0.0 0.0 0.0 0.0 0.0 0.0 0.0 0.0 0.0 0.0 0.0 0.0 0.0 0.0 0.0 0.0 0.0 0.0 0.0 0.0 0.0 0.0 0.0 0.0 0.0 0.0 0.0 0.0 0.0 0.0 0.0 0.0 0.0 0.0 0.0 0.0 0.0 0.0 0.0 0.0 0.0 0.0 0.0 0.0 0.0 0.0 0.0 0.0 0.0 0.0 0.0 0.0 0.0 0.0 0.0 0.0 0.0 0.0 0.0 0.0 0.0 0.0 0.0 0.0 0.0 0.0 0.0 0.0 0.0 0.0 0.0 0.0 0.0 0.0 0.0 0.0 0.0 0.0 0.0 0.0 0.0 0.0 0.0
2.482 2.306 2.131 1.955 1.78 1.611 1.445 1.278 1.111 0.944 0.777 0.61 0.443 0.276 0.109 0.0 0.0 0.0 0.0 0.0 0.0 0.0 0.0 0.0 0.0 0.0 0.0 0.0 0.0 0.0 0.0 0.0 0.0 0.0 0.0 0.0 0.0 0.0 0.0 0.0 0.0 0.0 0.0 0.0 0.0 0.0 0.0 0.0 0.0 0.0 0.0 0.0 0.0 0.0 0.0 0.0 0.0 0.0 0.0 0.0 0.0 0.0 0.0 0.0 0.0 0.0 0.0 0.0 0.0 0.0 0.0 0.0 0.0 0.0 0.0 0.0 0.0 0.0 0.0 0.0 0.0 0.0 0.0 0.0 0.0 0.0 0.0 0.0 0.0 0.0 0.0 0.0 0.0 0.0 0.0 0.0 0.0 0.0 0.0 0.0 0.0 0.0 0.0 0.0 0.0 0.0 0.0 0.0 0.0 0.0 0.0 0.0 0.0 0.0 0.0 0.0 0.0 0.0 0.0 0.0 0.0 0.0 0.0 0.0 0.0 0.0 0.0 0.0 0.0 0.0 0.0 0.0 0.0 0.0 0.0 0.0
2.615 2.44 2.264 2.089 1.913 1.745 1.578 1.411 1.244 1.077 0.91 0.743 0.576 0.409 0.242 0.076 0.0 0.0 0.0 0.0 0.0 0.0 0.0 0.0 0.0 0.0 0.0 0.0 0.0 0.0 0.0 0.0 0.0 0.0 0.0 0.0 0.0 0.0 0.0 0.0 0.0 0.0 0.0 0.0 0.0 0.0 0.0 0.0 0.0 0.0 0.0 0.0 0.0 0.0 0.0 0.0 0.0 0.0 0.0 0.0 0.0 0.0 0.0 0.0 0.0 0.0 0.0 0.0 0.0 0.0 0.0 0.0 0.0 0.0 0.0 0.0 0.0 0.0 0.0 0.0 0.0 0.0 0.0 0.0 0.0 0.0 0.0 0.0 0.0 0.0 0.0 0.0 0.0 0.0 0.0 0.0 0.0 0.0 0.0 0.0 0.0 0.0 0.0 0.0 0.0 0.0 0.0 0.0 0.0 0.0 0.0 0.0 0.0 0.0 0.0 0.0 0.0 0.0 0.0 0.0 0.0 0.0 0.0 0.0 0.0 0.0 0.0 0.0 0.0 0.0 0.0 0.0 0.0 0.0 0.0 0.0
2.748 2.573 2.397 2.222 2.046 1.878 1.711 1.544 1.377 1.21 1.044 0.877 0.71 0.543 0.376 0.209 0.042 0.0 0.0 0.0 0.0 0.0 0.0 0.0 0.0 0.0 0.0 0.0 0.0 0.0 0.0 0.0 0.0 0.0 0.0 0.0 0.0 0.0 0.0 0.0 0.0 0.0 0.0 0.0 0.0 0.0 0.0 0.0 0.0 0.0 0.0 0.0 0.0 0.0 0.0 0.0 0.0 0.0 0.0 0.0 0.0 0.0 0.0 0.0 0.0 0.0 0.0 0.0 0.0 0.0 0.0 0.0 0.0 0.0 0.0 0.0 0.0 0.0 0.0 0.0 0.0 0.0 0.0 0.0 0.0 0.0 0.0 0.0 0.0 0.0 0.0 0.0 0.0 0.0 0.0 0.0 0.0 0.0 0.0 0.0 0.0 0.0 0.0 0.0 0.0 0.0 0.0 0.0 0.0 0.0 0.0 0.0 0.0 0.0 0.0 0.0 0.0 0.0 0.0 0.0 0.0 0.0 0.0 0.0 0.0 0.0 0.0 0.0 0.0 0.0 0.0 0.0 0.0 0.0 0.0 0.0
2.873 2.706 2.531 2.355 2.179 2.012 1.845 1.678 1.511 1.344 1.177 1.01 0.843 0.676 0.509 0.342 0.175 0.008 0.0 0.0 0.0 0.0 0.0 0.0 0.0 0.0 0.0 0.0 0.0 0.0 0.0 0.0 0.0 0.0 0.0 0.0 0.0 0.0 0.0 0.0 0.0 0.0 0.0 0.0 0.0 0.0 0.0 0.0 0.0 0.0 0.0 0.0 0.0 0.0 0.0 0.0 0.0 0.0 0.0 0.0 0.0 0.0 0.0 0.0 0.0 0.0 0.0 0.0 0.0 0.0 0.0 0.0 0.0 0.0 0.0 0.0 0.0 0.0 0.0 0.0 0.0 0.0 0.0 0.0 0.0 0.0 0.0 0.0 0.0 0.0 0.0 0.0 0.0 0.0 0.0 0.0 0.0 0.0 0.0 0.0 0.0 0.0 0.0 0.0 0.0 0.0 0.0 0.0 0.0 0.0 0.0 0.0 0.0 0.0 0.0 0.0 0.0 0.0 0.0 0.0 0.0 0.0 0.0 0.0 0.0 0.0 0.0 0.0 0.0 0.0 0.0 0.0 0.0 0.0 0.0 0.0
2.997 2.833 2.664 2.488 2.313 2.145 1.978 1.811 1.644 1.477 1.31 1.143 0.976 0.81 0.643 0.476 0.309 0.142 0.0 0.0 0.0 0.0 0.0 0.0 0.0 0.0 0.0 0.0 0.0 0.0 0.0 0.0 0.0 0.0 0.0 0.0 0.0 0.0 0.0 0.0 0.0 0.0 0.0 0.0 0.0 0.0 0.0 0.0 0.0 0.0 0.0 0.0 0.0 0.0 0.0 0.0 0.0 0.0 0.0 0.0 0.0 0.0 0.0 0.0 0.0 0.0 0.0 0.0 0.0 0.0 0.0 0.0 0.0 0.0 0.0 0.0 0.0 0.0 0.0 0.0 0.0 0.0 0.0 0.0 0.0 0.0 0.0 0.0 0.0 0.0 0.0 0.0 0.0 0.0 0.0 0.0 0.0 0.0 0.0 0.0 0.0 0.0 0.0 0.0 0.0 0.0 0.0 0.0 0.0 0.0 0.0 0.0 0.0 0.0 0.0 0.0 0.0 0.0 0.0 0.0 0.0 0.0 0.0 0.0 0.0 0.0 0.0 0.0 0.0 0.0 0.0 0.0 0.0 0.0 0.0 0.0
3.122 2.957 2.793 2.622 2.446 2.278 2.111 1.945 1.778 1.611 1.444 1.277 1.11 0.943 0.776 0.609 0.442 0.275 0.108 0.0 0.0 0.0 0.0 0.0 0.0 0.0 0.0 0.0 0.0 0.0 0.0 0.0 0.0 0.0 0.0 0.0 0.0 0.0 0.0 0.0 0.0 0.0 0.0 0.0 0.0 0.0 0.0 0.0 0.0 0.0 0.0 0.0 0.0 0.0 0.0 0.0 0.0 0.0 0.0 0.0 0.0 0.0 0.0 0.0 0.0 0.0 0.0 0.0 0.0 0.0 0.0 0.0 0.0 0.0 0.0 0.0 0.0 0.0 0.0 0.0 0.0 0.0 0.0 0.0 0.0 0.0 0.0 0.0 0.0 0.0 0.0 0.0 0.0 0.0 0.0 0.0 0.0 0.0 0.0 0.0 0.0 0.0 0.0 0.0 0.0 0.0 0.0 0.0 0.0 0.0 0.0 0.0 0.0 0.0 0.0 0.0 0.0 0.0 0.0 0.0 0.0 0.0 0.0 0.0 0.0 0.0 0.0 0.0 0.0 0.0 0.0 0.0 0.0 0.0 0.0 0.0
3.246 3.082 2.917 2.753 2.579 2.412 2.245 2.078 1.911 1.744 1.577 1.41 1.243 1.076 0.909 0.742 0.576 0.409 0.242 0.075 0.0 0.0 0.0 0.0 0.0 0.0 0.0 0.0 0.0 0.0 0.0 0.0 0.0 0.0 0.0 0.0 0.0 0.0 0.0 0.0 0.0 0.0 0.0 0.0 0.0 0.0 0.0 0.0 0.0 0.0 0.0 0.0 0.0 0.0 0.0 0.0 0.0 0.0 0.0 0.0 0.0 0.0 0.0 0.0 0.0 0.0 0.0 0.0 0.0 0.0 0.0 0.0 0.0 0.0 0.0 0.0 0.0 0.0 0.0 0.0 0.0 0.0 0.0 0.0 0.0 0.0 0.0 0.0 0.0 0.0 0.0 0.0 0.0 0.0 0.0 0.0 0.0 0.0 0.0 0.0 0.0 0.0 0.0 0.0 0.0 0.0 0.0 0.0 0.0 0.0 0.0 0.0 0.0 0.0 0.0 0.0 0.0 0.0 0.0 0.0 0.0 0.0 0.0 0.0 0.0 0.0 0.0 0.0 0.0 0.0 0.0 0.0 0.0 0.0 0.0 0.0
3.366 3.206 3.042 2.877 2.712 2.545 2.378 2.211 2.044 1.877 1.711 1.544 1.377 1.21 1.043 0.876 0.709 0.542 0.375 0.208 0.041 0.0 0.0 0.0 0.0 0.0 0.0 0.0 0.0 0.0 0.0 0.0 0.0 0.0 0.0 0.0 0.0 0.0 0.0 0.0 0.0 0.0 0.0 0.0 0.0 0.0 0.0 0.0 0.0 0.0 0.0 0.0 0.0 0.0 0.0 0.0 0.0 0.0 0.0 0.0 0.0 0.0 0.0 0.0 0.0 0.0 0.0 0.0 0.0 0.0 0.0 0.0 0.0 0.0 0.0 0.0 0.0 0.0 0.0 0.0 0.0 0.0 0.0 0.0 0.0 0.0 0.0 0.0 0.0 0.0 0.0 0.0 0.0 0.0 0.0 0.0 0.0 0.0 0.0 0.0 0.0 0.0 0.0 0.0 0.0 0.0 0.0 0.0 0.0 0.0 0.0 0.0 0.0 0.0 0.0 0.0 0.0 0.0 0.0 0.0 0.0 0.0 0.0 0.0 0.0 0.0 0.0 0.0 0.0 0.0 0.0 0.0 0.0 0.0 0.0 0.0
3.094 2.935 2.777 2.619 2.583 2.425 2.263 2.1 1.937 1.775 1.612 1.45 1.287 1.124 0.962 0.799 0.637 0.474 0.311 0.149 0.0 0.0 0.0 0.0 0.0 0.0 0.0 0.0 0.0 0.0 0.0 0.0 0.0 0.0 0.0 0.0 0.0 0.0 0.0 0.0 0.0 0.0 0.0 0.0 0.0 0.0 0.0 0.0 0.0 0.0 0.0 0.0 0.0 0.0 0.0 0.0 0.0 0.0 0.0 0.0 0.0 0.0 0.0 0.0 0.0 0.0 0.0 0.0 0.0 0.0 0.0 0.0 0.0 0.0 0.0 0.0 0.0 0.0 0.0 0.0 0.0 0.0 0.0 0.0 0.0 0.0 0.0 0.0 0.0 0.0 0.0 0.0 0.0 0.0 0.0 0.0 0.0 0.0 0.0 0.0 0.0 0.0 0.0 0.0 0.0 0.0 0.0 0.0 0.0 0.0 0.0 0.0 0.0 0.0 0.0 0.0 0.0 0.0 0.0 0.0 0.0 0.0 0.0 0.0 0.0 0.0 0.0 0.0 0.0 0.0 0.0 0.0 0.0 0.0 0.0 0.0
2.821 2.663 2.504 2.445 2.447 2.287 2.124 1.961 1.799 1.636 1.474 1.311 1.148 0.986 0.823 0.661 0.498 0.335 0.173 0.01 0.0 0.0 0.0 0.0 0.0 0.0 0.0 0.0 0.0 0.0 0.0 0.0 0.0 0.0 0.0 0.0 0.0 0.0 0.0 0.0 0.0 0.0 0.0 0.0 0.0 0.0 0.0 0.0 0.0 0.0 0.0 0.0 0.0 0.0 0.0 0.0 0.0 0.0 0.0 0.0 0.0 0.0 0.0 0.0 0.0 0.0 0.0 0.0 0.0 0.0 0.0 0.0 0.0 0.0 0.0 0.0 0.0 0.0 0.0 0.0 0.0 0.0 0.0 0.0 0.0 0.0 0.0 0.0 0.0 0.0 0.0 0.0 0.0 0.0 0.0 0.0 0.0 0.0 0.0 0.0 0.0 0.0 0.0 0.0 0.0 0.0 0.0 0.0 0.0 0.0 0.0 0.0 0.0 0.0 0.0 0.0 0.0 0.0 0.0 0.0 0.0 0.0 0.0 0.0 0.0 0.0 0.0 0.0 0.0 0.0 0.0 0.0 0.0 0.0 0.0 0.0
2.548 2.39 2.307 2.309 2.311 2.148 1.985 1.823 1.66 1.498 1.335 1.172 1.01 0.847 0.685 0.522 0.359 0.197 0.034 0.0 0.0 0.0 0.0 0.0 0.0 0.0 0.0 0.0 0.0 0.0 0.0 0.0 0.0 0.0 0.0 0.0 0.0 0.0 0.0 0.0 0.0 0.0 0.0 0.0 0.0 0.0 0.0 0.0 0.0 0.0 0.0 0.0 0.0 0.0 0.0 0.0 0.0 0.0 0.0 0.0 0.0 0.0 0.0 0.0 0.0 0.0 0.0 0.0 0.0 0.0 0.0 0.0 0.0 0.0 0.0 0.0 0.0 0.0 0.0 0.0 0.0 0.0 0.0 0.0 0.0 0.0 0.0 0.0 0.0 0.0 0.0 0.0 0.0 0.0 0.0 0.0 0.0 0.0 0.0 0.0 0.0 0.0 0.0 0.0 0.0 0.0 0.0 0.0 0.0 0.0 0.0 0.0 0.0 0.0 0.0 0.0 0.0 0.0 0.0 0.0 0.0 0.0 0.0 0.0 0.0 0.0 0.0 0.0 0.0 0.0 0.0 0.0 0.0 0.0 0.0 0.0
2.276 2.168 2.171 2.173 2.172 2.009 1.847 1.684 1.522 1.359 1.196 1.034 0.871 0.709 0.546 0.383 0.221 0.058 0.0 0.0 0.0 0.0 0.0 0.0 0.0 0.0 0.0 0.0 0.0 0.0 0.0 0.0 0.0 0.0 0.0 0.0 0.0 0.0 0.0 0.0 0.0 0.0 0.0 0.0 0.0 0.0 0.0 0.0 0.0 0.0 0.0 0.0 0.0 0.0 0.0 0.0 0.0 0.0 0.0 0.0 0.0 0.0 0.0 0.0 0.0 0.0 0.0 0.0 0.0 0.0 0.0 0.0 0.0 0.0 0.0 0.0 0.0 0.0 0.0 0.0 0.0 0.0 0.0 0.0 0.0 0.0 0.0 0.0 0.0 0.0 0.0 0.0 0.0 0.0 0.0 0.0 0.0 0.0 0.0 0.0 0.0 0.0 0.0 0.0 0.0 0.0 0.0 0.0 0.0 0.0 0.0 0.0 0.0 0.0 0.0 0.0 0.0 0.0 0.0 0.0 0.0 0.0 0.0 0.0 0.0 0.0 0.0 0.0 0.0 0.0 0.0 0.0 0.0 0.0 0.0 0.0
2.03 2.032 2.035 2.037 2.033 1.871 1.708 1.546 1.383 1.22 1.058 0.895 0.733 0.57 0.407 0.245 0.082 0.0 0.0 0.0 0.0 0.0 0.0 0.0 0.0 0.0 0.0 0.0 0.0 0.0 0.0 0.0 0.0 0.0 0.0 0.0 0.0 0.0 0.0 0.0 0.0 0.0 0.0 0.0 0.0 0.0 0.0 0.0 0.0 0.0 0.0 0.0 0.0 0.0 0.0 0.0 0.0 0.0 0.0 0.0 0.0 0.0 0.0 0.0 0.0 0.0 0.0 0.0 0.0 0.0 0.0 0.0 0.0 0.0 0.0 0.0 0.0 0.0 0.0 0.0 0.0 0.0 0.0 0.0 0.0 0.0 0.0 0.0 0.0 0.0 0.0 0.0 0.0 0.0 0.0 0.0 0.0 0.0 0.0 0.0 0.0 0.0 0.0 0.0 0.0 0.0 0.0 0.0 0.0 0.0 0.0 0.0 0.0 0.0 0.0 0.0 0.0 0.0 0.0 0.0 0.0 0.0 0.0 0.0 0.0 0.0 0.0 0.0 0.0 0.0 0.0 0.0 0.0 0.0 0.0 0.0
1.894 1.896 1.899 1.901 1.895 1.732 1.57 1.407 1.244 1.082 0.919 0.757 0.594 0.431 0.269 0.106 0.0 0.0 0.0 0.0 0.0 0.0 0.0 0.0 0.0 0.0 0.0 0.0 0.0 0.0 0.0 0.0 0.0 0.0 0.0 0.0 0.0 0.0 0.0 0.0 0.0 0.0 0.0 0.0 0.0 0.0 0.0 0.0 0.0 0.0 0.0 0.0 0.0 0.0 0.0 0.0 0.0 0.0 0.0 0.0 0.0 0.0 0.0 0.0 0.0 0.0 0.0 0.0 0.0 0.0 0.0 0.0 0.0 0.0 0.0 0.0 0.0 0.0 0.0 0.0 0.0 0.0 0.0 0.0 0.0 0.0 0.0 0.0 0.0 0.0 0.0 0.0 0.0 0.0 0.0 0.0 0.0 0.0 0.0 0.0 0.0 0.0 0.0 0.0 0.0 0.0 0.0 0.0 0.0 0.0 0.0 0.0 0.0 0.0 0.0 0.0 0.0 0.0 0.0 0.0 0.0 0.0 0.0 0.0 0.0 0.0 0.0 0.0 0.0 0.0 0.0 0.0 0.0 0.0 0.0 0.0
1.758 1.76 1.763 1.765 1.756 1.593 1.431 1.268 1.106 0.943 0.781 0.618 0.455 0.293 0.13 0.0 0.0 0.0 0.0 0.0 0.0 0.0 0.0 0.0 0.0 0.0 0.0 0.0 0.0 0.0 0.0 0.0 0.0 0.0 0.0 0.0 0.0 0.0 0.0 0.0 0.0 0.0 0.0 0.0 0.0 0.0 0.0 0.0 0.0 0.0 0.0 0.0 0.0 0.0 0.0 0.0 0.0 0.0 0.0 0.0 0.0 0.0 0.0 0.0 0.0 0.0 0.0 0.0 0.0 0.0 0.0 0.0 0.0 0.0 0.0 0.0 0.0 0.0 0.0 0.0 0.0 0.0 0.0 0.0 0.0 0.0 0.0 0.0 0.0 0.0 0.0 0.0 0.0 0.0 0.0 0.0 0.0 0.0 0.0 0.0 0.0 0.0 0.0 0.0 0.0 0.0 0.0 0.0 0.0 0.0 0.0 0.0 0.0 0.0 0.0 0.0 0.0 0.0 0.0 0.0 0.0 0.0 0.0 0.0 0.0 0.0 0.0 0.0 0.0 0.0 0.0 0.0 0.0 0.0 0.0 0.0
1.622 1.624 1.627 1.629 1.617 1.455 1.292 1.13 0.967 0.804 0.642 0.479 0.317 0.154 0.0 0.0 0.0 0.0 0.0 0.0 0.0 0.0 0.0 0.0 0.0 0.0 0.0 0.0 0.0 0.0 0.0 0.0 0.0 0.0 0.0 0.0 0.0 0.0 0.0 0.0 0.0 0.0 0.0 0.0 0.0 0.0 0.0 0.0 0.0 0.0 0.0 0.0 0.0 0.0 0.0 0.0 0.0 0.0 0.0 0.0 0.0 0.0 0.0 0.0 0.0 0.0 0.0 0.0 0.0 0.0 0.0 0.0 0.0 0.0 0.0 0.0 0.0 0.0 0.0 0.0 0.0 0.0 0.0 0.0 0.0 0.0 0.0 0.0 0.0 0.0 0.0 0.0 0.0 0.0 0.0 0.0 0.0 0.0 0.0 0.0 0.0 0.0 0.0 0.0 0.0 0.0 0.0 0.0 0.0 0.0 0.0 0.0 0.0 0.0 0.0 0.0 0.0 0.0 0.0 0.0 0.0 0.0 0.0 0.0 0.0 0.0 0.0 0.0 0.0 0.0 0.0 0.0 0.0 0.0 0.0 0.0
1.486 1.488 1.491 1.493 1.479 1.316 1.154 0.991 0.828 0.666 0.503 0.341 0.178 0.016 0.0 0.0 0.0 0.0 0.0 0.0 0.0 0.0 0.0 0.0 0.0 0.0 0.0 0.0 0.0 0.0 0.0 0.0 0.0 0.0 0.0 0.0 0.0 0.0 0.0 0.0 0.0 0.0 0.0 0.0 0.0 0.0 0.0 0.0 0.0 0.0 0.0 0.0 0.0 0.0 0.0 0.0 0.0 0.0 0.0 0.0 0.0 0.0 0.0 0.0 0.0 0.0 0.0 0.0 0.0 0.0 0.0 0.0 0.0 0.0 0.0 0.0 0.0 0.0 0.0 0.0 0.0 0.0 0.0 0.0 0.0 0.0 0.0 0.0 0.0 0.0 0.0 0.0 0.0 0.0 0.0 0.0 0.0 0.0 0.0 0.0 0.0 0.0 0.0 0.0 0.0 0.0 0.0 0.0 0.0 0.0 0.0 0.0 0.0 0.0 0.0 0.0 0.0 0.0 0.0 0.0 0.0 0.0 0.0 0.0 0.0 0.0 0.0 0.0 0.0 0.0 0.0 0.0 0.0 0.0 0.0 0.0
1.35 1.353 1.355 1.357 1.34 1.178 1.015 0.852 0.69 0.527 0.365 0.202 0.039 0.0 0.0 0.0 0.0 0.0 0.0 0.0 0.0 0.0 0.0 0.0 0.0 0.0 0.0 0.0 0.0 0.0 0.0 0.0 0.0 0.0 0.0 0.0 0.0 0.0 0.0 0.0 0.0 0.0 0.0 0.0 0.0 0.0 0.0 0.0 0.0 0.0 0.0 0.0 0.0 0.0 0.0 0.0 0.0 0.0 0.0 0.0 0.0 0.0 0.0 0.0 0.0 0.0 0.0 0.0 0.0 0.0 0.0 0.0 0.0 0.0 0.0 0.0 0.0 0.0 0.0 0.0 0.0 0.0 0.0 0.0 0.0 0.0 0.0 0.0 0.0 0.0 0.0 0.0 0.0 0.0 0.0 0.0 0.0 0.0 0.0 0.0 0.0 0.0 0.0 0.0 0.0 0.0 0.0 0.0 0.0 0.0 0.0 0.0 0.0 0.0 0.0 0.0 0.0 0.0 0.0 0.0 0.0 0.0 0.0 0.0 0.0 0.0 0.0 0.0 0.0 0.0 0.0 0.0 0.0 0.0 0.0 0.0
1.214 1.217 1.219 1.221 1.202 1.039 0.876 0.714 0.551 0.389 0.226 0.063 0.0 0.0 0.0 0.0 0.0 0.0 0.0 0.0 0.0 0.0 0.0 0.0 0.0 0.0 0.0 0.0 0.0 0.0 0.0 0.0 0.0 0.0 0.0 0.0 0.0 0.0 0.0 0.0 0.0 0.0 0.0 0.0 0.0 0.0 0.0 0.0 0.0 0.0 0.0 0.0 0.0 0.0 0.0 0.0 0.0 0.0 0.0 0.0 0.0 0.0 0.0 0.0 0.0 0.0 0.0 0.0 0.0 0.0 0.0 0.0 0.0 0.0 0.0 0.0 0.0 0.0 0.0 0.0 0.0 0.0 0.0 0.0 0.0 0.0 0.0 0.0 0.0 0.0 0.0 0.0 0.0 0.0 0.0 0.0 0.0 0.0 0.0 0.0 0.0 0.0 0.0 0.0 0.0 0.0 0.0 0.0 0.0 0.0 0.0 0.0 0.0 0.0 0.0 0.0 0.0 0.0 0.0 0.0 0.0 0.0 0.0 0.0 0.0 0.0 0.0 0.0 0.0 0.0 0.0 0.0 0.0 0.0 0.0 0.0
1.078 1.081 1.083 1.085 1.063 0.9 0.738 0.575 0.413 0.25 0.087 0.0 0.0 0.0 0.0 0.0 0.0 0.0 0.0 0.0 0.0 0.0 0.0 0.0 0.0 0.0 0.0 0.0 0.0 0.0 0.0 0.0 0.0 0.0 0.0 0.0 0.0 0.0 0.0 0.0 0.0 0.0 0.0 0.0 0.0 0.0 0.0 0.0 0.0 0.0 0.0 0.0 0.0 0.0 0.0 0.0 0.0 0.0 0.0 0.0 0.0 0.0 0.0 0.0 0.0 0.0 0.0 0.0 0.0 0.0 0.0 0.0 0.0 0.0 0.0 0.0 0.0 0.0 0.0 0.0 0.0 0.0 0.0 0.0 0.0 0.0 0.0 0.0 0.0 0.0 0.0 0.0 0.0 0.0 0.0 0.0 0.0 0.0 0.0 0.0 0.0 0.0 0.0 0.0 0.0 0.0 0.0 0.0 0.0 0.0 0.0 0.0 0.0 0.0 0.0 0.0 0.0 0.0 0.0 0.0 0.0 0.0 0.0 0.0 0.0 0.0 0.0 0.0 0.0 0.0 0.0 0.0 0.0 0.0 0.0 0.0
0.942 0.945 0.947 0.949 0.924 0.762 0.599 0.437 0.274 0.111 0.0 0.0 0.0 0.0 0.0 0.0 0.0 0.0 0.0 0.0 0.0 0.0 0.0 0.0 0.0 0.0 0.0 0.0 0.0 0.0 0.0 0.0 0.0 0.0 0.0 0.0 0.0 0.0 0.0 0.0 0.0 0.0 0.0 0.0 0.0 0.0 0.0 0.0 0.0 0.0 0.0 0.0 0.0 0.0 0.0 0.0 0.0 0.0 0.0 0.0 0.0 0.0 0.0 0.0 0.0 0.0 0.0 0.0 0.0 0.0 0.0 0.0 0.0 0.0 0.0 0.0 0.0 0.0 0.0 0.0 0.0 0.0 0.0 0.0 0.0 0.0 0.0 0.0 0.0 0.0 0.0 0.0 0.0 0.0 0.0 0.0 0.0 0.0 0.0 0.0 0.0 0.0 0.0 0.0 0.0 0.0 0.0 0.0 0.0 0.0 0.0 0.0 0.0 0.0 0.0 0.0 0.0 0.0 0.0 0.0 0.0 0.0 0.0 0.0 0.0 0.0 0.0 0.0 0.0 0.0 0.0 0.0 0.0 0.0 0.0 0.0
0.806 0.809 0.811 0.813 0.786 0.623 0.461 0.298 0.135 0.0 0.0 0.0 0.0 0.0 0.0 0.0 0.0 0.0 0.0 0.0 0.0 0.0 0.0 0.0 0.0 0.0 0.0 0.0 0.0 0.0 0.0 0.0 0.0 0.0 0.0 0.0 0.0 0.0 0.0 0.0 0.0 0.0 0.0 0.0 0.0 0.0 0.0 0.0 0.0 0.0 0.0 0.0 0.0 0.0 0.0 0.0 0.0 0.0 0.0 0.0 0.0 0.0 0.0 0.0 0.0 0.0 0.0 0.0 0.0 0.0 0.0 0.0 0.0 0.0 0.0 0.0 0.0 0.0 0.0 0.0 0.0 0.0 0.0 0.0 0.0 0.0 0.0 0.0 0.0 0.0 0.0 0.0 0.0 0.0 0.0 0.0 0.0 0.0 0.0 0.0 0.0 0.0 0.0 0.0 0.0 0.0 0.0 0.0 0.0 0.0 0.0 0.0 0.0 0.0 0.0 0.0 0.0 0.0 0.0 0.0 0.0 0.0 0.0 0.0 0.0 0.0 0.0 0.0 0.0 0.0 0.0 0.0 0.0 0.0 0.0 0.0
0.67 0.673 0.675 0.677 0.647 0.485 0.322 0.159 0.0 0.0 0.0 0.0 0.0 0.0 0.0 0.0 0.0 0.0 0.0 0.0 0.0 0.0 0.0 0.0 0.0 0.0 0.0 0.0 0.0 0.0 0.0 0.0 0.0 0.0 0.0 0.0 0.0 0.0 0.0 0.0 0.0 0.0 0.0 0.0 0.0 0.0 0.0 0.0 0.0 0.0 0.0 0.0 0.0 0.0 0.0 0.0 0.0 0.0 0.0 0.0 0.0 0.0 0.0 0.0 0.0 0.0 0.0 0.0 0.0 0.0 0.0 0.0 0.0 0.0 0.0 0.0 0.0 0.0 0.0 0.0 0.0 0.0 0.0 0.0 0.0 0.0 0.0 0.0 0.0 0.0 0.0 0.0 0.0 0.0 0.0 0.0 0.0 0.0 0.0 0.0 0.0 0.0 0.0 0.0 0.0 0.0 0.0 0.0 0.0 0.0 0.0 0.0 0.0 0.0 0.0 0.0 0.0 0.0 0.0 0.0 0.0 0.0 0.0 0.0 0.0 0.0 0.0 0.0 0.0 0.0 0.0 0.0 0.0 0.0 0.0 0.0
0.534 0.537 0.539 0.541 0.509 0.346 0.183 0.021 0.0 0.0 0.0 0.0 0.0 0.0 0.0 0.0 0.0 0.0 0.0 0.0 0.0 0.0 0.0 0.0 0.0 0.0 0.0 0.0 0.0 0.0 0.0 0.0 0.0 0.0 0.0 0.0 0.0 0.0 0.0 0.0 0.0 0.0 0.0 0.0 0.0 0.0 0.0 0.0 0.0 0.0 0.0 0.0 0.0 0.0 0.0 0.0 0.0 0.0 0.0 0.0 0.0 0.0 0.0 0.0 0.0 0.0 0.0 0.0 0.0 0.0 0.0 0.0 0.0 0.0 0.0 0.0 0.0 0.0 0.0 0.0 0.0 0.0 0.0 0.0 0.0 0.0 0.0 0.0 0.0 0.0 0.0 0.0 0.0 0.0 0.0 0.0 0.0 0.0 0.0 0.0 0.0 0.0 0.0 0.0 0.0 0.0 0.0 0.0 0.0 0.0 0.0 0.0 0.0 0.0 0.0 0.0 0.0 0.0 0.0 0.0 0.0 0.0 0.0 0.0 0.0 0.0 0.0 0.0 0.0 0.0 0.0 0.0 0.0 0.0 0.0 0.0
0.398 0.401 0.403 0.405 0.37 0.207 0.045 0.0 0.0 0.0 0.0 0.0 0.0 0.0 0.0 0.0 0.0 0.0 0.0 0.0 0.0 0.0 0.0 0.0 0.0 0.0 0.0 0.0 0.0 0.0 0.0 0.0 0.0 0.0 0.0 0.0 0.0 0.0 0.0 0.0 0.0 0.0 0.0 0.0 0.0 0.0 0.0 0.0 0.0 0.0 0.0 0.0 0.0 0.0 0.0 0.0 0.0 0.0 0.0 0.0 0.0 0.0 0.0 0.0 0.0 0.0 0.0 0.0 0.0 0.0 0.0 0.0 0.0 0.0 0.0 0.0 0.0 0.0 0.0 0.0 0.0 0.0 0.0 0.0 0.0 0.0 0.0 0.0 0.0 0.0 0.0 0.0 0.0 0.0 0.0 0.0 0.0 0.0 0.0 0.0 0.0 0.0 0.0 0.0 0.0 0.0 0.0 0.0 0.0 0.0 0.0 0.0 0.0 0.0 0.0 0.0 0.0 0.0 0.0 0.0 0.0 0.0 0.0 0.0 0.0 0.0 0.0 0.0 0.0 0.0 0.0 0.0 0.0 0.0 0.0 0.0
0.262 0.265 0.267 0.269 0.231 0.069 0.0 0.0 0.0 0.0 0.0 0.0 0.0 0.0 0.0 0.0 0.0 0.0 0.0 0.0 0.0 0.0 0.0 0.0 0.0 0.0 0.0 0.0 0.0 0.0 0.0 0.0 0.0 0.0 0.0 0.0 0.0 0.0 0.0 0.0 0.0 0.0 0.0 0.0 0.0 0.0 0.0 0.0 0.0 0.0 0.0 0.0 0.0 0.0 0.0 0.0 0.0 0.0 0.0 0.0 0.0 0.0 0.0 0.0 0.0 0.0 0.0 0.0 0.0 0.0 0.0 0.0 0.0 0.0 0.0 0.0 0.0 0.0 0.0 0.0 0.0 0.0 0.0 0.0 0.0 0.0 0.0 0.0 0.0 0.0 0.0 0.0 0.0 0.0 0.0 0.0 0.0 0.0 0.0 0.0 0.0 0.0 0.0 0.0 0.0 0.0 0.0 0.0 0.0 0.0 0.0 0.0 0.0 0.0 0.0 0.0 0.0 0.0 0.0 0.0 0.0 0.0 0.0 0.0 0.0 0.0 0.0 0.0 0.0 0.0 0.0 0.0 0.0 0.0 0.0 0.0
0.126 0.129 0.131 0.133 0.093 0.0 0.0 0.0 0.0 0.0 0.0 0.0 0.0 0.0 0.0 0.0 0.0 0.0 0.0 0.0 0.0 0.0 0.0 0.0 0.0 0.0 0.0 0.0 0.0 0.0 0.0 0.0 0.0 0.0 0.0 0.0 0.0 0.0 0.0 0.0 0.0 0.0 0.0 0.0 0.0 0.0 0.0 0.0 0.0 0.0 0.0 0.0 0.0 0.0 0.0 0.0 0.0 0.0 0.0 0.0 0.0 0.0 0.0 0.0 0.0 0.0 0.0 0.0 0.0 0.0 0.0 0.0 0.0 0.0 0.0 0.0 0.0 0.0 0.0 0.0 0.0 0.0 0.0 0.0 0.0 0.0 0.0 0.0 0.0 0.0 0.0 0.0 0.0 0.0 0.0 0.0 0.0 0.0 0.0 0.0 0.0 0.0 0.0 0.0 0.0 0.0 0.0 0.0 0.0 0.0 0.0 0.0 0.0 0.0 0.0 0.0 0.0 0.0 0.0 0.0 0.0 0.0 0.0 0.0 0.0 0.0 0.0 0.0 0.0 0.0 0.0 0.0 0.0 0.0 0.0 0.0
0.013 0.01 0.007 0.004 0.001 0.0 0.0 0.0 0.0 0.0 0.0 0.0 0.0 0.0 0.0 0.0 0.0 0.0 0.0 0.0 0.0 0.0 0.0 0.0 0.0 0.0 0.0 0.0 0.0 0.0 0.0 0.0 0.0 0.0 0.0 0.0 0.0 0.0 0.0 0.0 0.0 0.0 0.0 0.0 0.0 0.0 0.0 0.0 0.0 0.0 0.0 0.0 0.0 0.0 0.0 0.0 0.0 0.0 0.0 0.0 0.0 0.0 0.0 0.0 0.0 0.0 0.0 0.0 0.0 0.0 0.0 0.0 0.0 0.0 0.0 0.0 0.0 0.0 0.0 0.0 0.0 0.0 0.0 0.0 0.0 0.0 0.0 0.0 0.0 0.0 0.0 0.0 0.0 0.0 0.0 0.0 0.0 0.0 0.0 0.0 0.0 0.0 0.0 0.0 0.0 0.0 0.0 0.0 0.0 0.0 0.0 0.0 0.0 0.0 0.0 0.0 0.0 0.0 0.0 0.0 0.0 0.0 0.0 0.0 0.0 0.0 0.0 0.0 0.0 0.0 0.0 0.0 0.0 0.0 0.0 0.0
0.201 0.198 0.195 0.193 0.171 0.134 0.132 0.13 0.128 0.126 0.123 0.121 0.119 0.117 0.115 0.113 0.11 0.108 0.106 0.104 0.102 0.1 0.097 0.095 0.093 0.091 0.089 0.087 0.084 0.082 0.08 0.078 0.076 0.073 0.071 0.069 0.067 0.04 0.038 0.037 0.035 0.034 0.033 0.031 0.03 0.029 0.027 0.026 0.025 0.023 0.022 0.021 0.019 0.018 0.0 0.0 0.0 0.0 0.0 0.0 0.0 0.0 0.0 0.0 0.0 0.0 0.0 0.0 0.0 0.0 0.0 0.0 0.0 0.0 0.0 0.0 0.0 0.0 0.0 0.0 0.0 0.0 0.0 0.0 0.0 0.0 0.0 0.0 0.0 0.0 0.0 0.0 0.0 0.0 0.0 0.0 0.0 0.0 0.0 0.0 0.0 0.0 0.0 0.0 0.0 0.0 0.0 0.0 0.0 0.0 0.0 0.0 0.0 0.0 0.0 0.0 0.0 0.0 0.0 0.0 0.0 0.0 0.0 0.0 0.0 0.0 0.0 0.0 0.0 0.0 0.0 0.0 0.0 0.0 0.0 0.0
0.39 0.387 0.384 0.381 0.358 0.291 0.267 0.265 0.263 0.261 0.259 0.256 0.254 0.252 0.25 0.248 0.246 0.244 0.241 0.239 0.237 0.235 0.233 0.231 0.228 0.226 0.224 0.222 0.22 0.217 0.215 0.213 0.211 0.209 0.207 0.204 0.162 0.122 0.121 0.119 0.118 0.117 0.115 0.114 0.113 0.111 0.11 0.109 0.107 0.106 0.105 0.103 0.102 0.103 0.005 0.0 0.0 0.0 0.0 0.0 0.0 0.0 0.0 0.0 0.0 0.0 0.0 0.0 0.0 0.0 0.0 0.0 0.0 0.0 0.0 0.0 0.0 0.0 0.0 0.0 0.0 0.0 0.0 0.0 0.0 0.0 0.0 0.0 0.0 0.0 0.0 0.0 0.0 0.0 0.0 0.0 0.0 0.0 0.0 0.0 0.0 0.0 0.0 0.0 0.0 0.0 0.0 0.0 0.0 0.0 0.0 0.0 0.0 0.0 0.0 0.0 0.0 0.0 0.0 0.0 0.0 0.0 0.0 0.0 0.0 0.0 0.0 0.0 0.0 0.0 0.0 0.0 0.0 0.0 0.0 0.0
0.578 0.575 0.572 0.569 0.545 0.478 0.411 0.4 0.398 0.396 0.394 0.392 0.39 0.387 0.385 0.383 0.381 0.379 0.377 0.375 0.372 0.37 0.368 0.366 0.364 0.361 0.359 0.357 0.355 0.353 0.351 0.348 0.346 0.344 0.342 0.309 0.243 0.205 0.203 0.202 0.201 0.199 0.198 0.197 0.195 0.194 0.193 0.191 0.19 0.188 0.187 0.186 0.187 0.189 0.089 0.0 0.0 0.0 0.0 0.0 0.0 0.0 0.0 0.0 0.0 0.0 0.0 0.0 0.0 0.0 0.0 0.0 0.0 0.0 0.0 0.0 0.0 0.0 0.0 0.0 0.0 0.0 0.0 0.0 0.0 0.0 0.0 0.0 0.0 0.0 0.0 0.0 0.0 0.0 0.0 0.0 0.0 0.0 0.0 0.0 0.0 0.0 0.0 0.0 0.0 0.0 0.0 0.0 0.0 0.0 0.0 0.0 0.0 0.0 0.0 0.0 0.0 0.0 0.0 0.0 0.0 0.0 0.0 0.0 0.0 0.0 0.0 0.0 0.0 0.0 0.0 0.0 0.0 0.0 0.0 0.0
0.766 0.763 0.76 0.757 0.732 0.665 0.598 0.536 0.533 0.531 0.529 0.527 0.525 0.523 0.521 0.518 0.516 0.514 0.512 0.51 0.508 0.505 0.503 0.501 0.499 0.497 0.495 0.492 0.49 0.488 0.486 0.484 0.481 0.479 0.455 0.39 0.325 0.287 0.286 0.285 0.283 0.282 0.28 0.279 0.278 0.276 0.275 0.274 0.272 0.271 0.27 0.27 0.272 0.274 0.172 0.067 0.0 0.0 0.0 0.0 0.0 0.0 0.0 0.0 0.0 0.0 0.0 0.0 0.0 0.0 0.0 0.0 0.0 0.0 0.0 0.0 0.0 0.0 0.0 0.0 0.0 0.0 0.0 0.0 0.0 0.0 0.0 0.0 0.0 0.0 0.0 0.0 0.0 0.0 0.0 0.0 0.0 0.0 0.0 0.0 0.0 0.0 0.0 0.0 0.0 0.0 0.0 0.0 0.0 0.0 0.0 0.0 0.0 0.0 0.0 0.0 0.0 0.0 0.0 0.0 0.0 0.0 0.0 0.0 0.0 0.0 0.0 0.0 0.0 0.0 0.0 0.0 0.0 0.0 0.0 0.0
0.954 0.951 0.948 0.945 0.919 0.852 0.785 0.718 0.669 0.667 0.664 0.662 0.66 0.658 0.656 0.654 0.652 0.649 0.647 0.645 0.643 0.641 0.639 0.636 0.634 0.632 0.63 0.628 0.625 0.623 0.621 0.619 0.617 0.602 0.537 0.472 0.407 0.37 0.368 0.367 0.366 0.364 0.363 0.362 0.36 0.359 0.358 0.356 0.355 0.354 0.354 0.356 0.357 0.359 0.255 0.151 0.046 0.0 0.0 0.0 0.0 0.0 0.0 0.0 0.0 0.0 0.0 0.0 0.0 0.0 0.0 0.0 0.0 0.0 0.0 0.0 0.0 0.0 0.0 0.0 0.0 0.0 0.0 0.0 0.0 0.0 0.0 0.0 0.0 0.0 0.0 0.0 0.0 0.0 0.0 0.0 0.0 0.0 0.0 0.0 0.0 0.0 0.0 0.0 0.0 0.0 0.0 0.0 0.0 0.0 0.0 0.0 0.0 0.0 0.0 0.0 0.0 0.0 0.0 0.0 0.0 0.0 0.0 0.0 0.0 0.0 0.0 0.0 0.0 0.0 0.0 0.0 0.0 0.0 0.0 0.0
1.142 1.139 1.136 1.133 1.107 1.04 0.973 0.905 0.838 0.802 0.8 0.798 0.795 0.793 0.791 0.789 0.787 0.785 0.782 0.78 0.778 0.776 0.774 0.772 0.769 0.767 0.765 0.763 0.761 0.759 0.756 0.754 0.749 0.684 0.618 0.553 0.488 0.452 0.451 0.45 0.448 0.447 0.446 0.444 0.443 0.442 0.44 0.439 0.438 0.437 0.439 0.441 0.442 0.443 0.339 0.234 0.13 0.025 0.0 0.0 0.0 0.0 0.0 0.0 0.0 0.0 0.0 0.0 0.0 0.0 0.0 0.0 0.0 0.0 0.0 0.0 0.0 0.0 0.0 0.0 0.0 0.0 0.0 0.0 0.0 0.0 0.0 0.0 0.0 0.0 0.0 0.0 0.0 0.0 0.0 0.0 0.0 0.0 0.0 0.0 0.0 0.0 0.0 0.0 0.0 0.0 0.0 0.0 0.0 0.0 0.0 0.0 0.0 0.0 0.0 0.0 0.0 0.0 0.0 0.0 0.0 0.0 0.0 0.0 0.0 0.0 0.0 0.0 0.0 0.0 0.0 0.0 0.0 0.0 0.0 0.0
1.33 1.327 1.324 1.321 1.294 1.227 1.16 1.093 1.026 0.959 0.935 0.933 0.931 0.929 0.926 0.924 0.922 0.92 0.918 0.916 0.913 0.911 0.909 0.907 0.905 0.903 0.9 0.898 0.896 0.894 0.892 0.889 0.83 0.765 0.7 0.635 0.57 0.535 0.534 0.532 0.531 0.53 0.528 0.527 0.525 0.524 0.523 0.521 0.521 0.522 0.524 0.526 0.528 0.527 0.422 0.318 0.213 0.109 0.004 0.0 0.0 0.0 0.0 0.0 0.0 0.0 0.0 0.0 0.0 0.0 0.0 0.0 0.0 0.0 0.0 0.0 0.0 0.0 0.0 0.0 0.0 0.0 0.0 0.0 0.0 0.0 0.0 0.0 0.0 0.0 0.0 0.0 0.0 0.0 0.0 0.0 0.0 0.0 0.0 0.0 0.0 0.0 0.0 0.0 0.0 0.0 0.0 0.0 0.0 0.0 0.0 0.0 0.0 0.0 0.0 0.0 0.0 0.0 0.0 0.0 0.0 0.0 0.0 0.0 0.0 0.0 0.0 0.0 0.0 0.0 0.0 0.0 0.0 0.0 0.0 0.0
1.518 1.515 1.512 1.509 1.481 1.414 1.347 1.28 1.213 1.146 1.079 1.068 1.066 1.064 1.062 1.059 1.057 1.055 1.053 1.051 1.049 1.047 1.044 1.042 1.04 1.038 1.036 1.033 1.031 1.029 1.027 0.977 0.912 0.847 0.782 0.716 0.651 0.617 0.616 0.615 0.613 0.612 0.611 0.609 0.608 0.607 0.605 0.604 0.606 0.608 0.609 0.611 0.613 0.61 0.506 0.401 0.297 0.192 0.087 0.0 0.0 0.0 0.0 0.0 0.0 0.0 0.0 0.0 0.0 0.0 0.0 0.0 0.0 0.0 0.0 0.0 0.0 0.0 0.0 0.0 0.0 0.0 0.0 0.0 0.0 0.0 0.0 0.0 0.0 0.0 0.0 0.0 0.0 0.0 0.0 0.0 0.0 0.0 0.0 0.0 0.0 0.0 0.0 0.0 0.0 0.0 0.0 0.0 0.0 0.0 0.0 0.0 0.0 0.0 0.0 0.0 0.0 0.0 0.0 0.0 0.0 0.0 0.0 0.0 0.0 0.0 0.0 0.0 0.0 0.0 0.0 0.0 0.0 0.0 0.0 0.0
1.706 1.703 1.7 1.697 1.668 1.601 1.534 1.467 1.4 1.333 1.266 1.203 1.201 1.199 1.197 1.195 1.193 1.19 1.188 1.186 1.184 1.182 1.18 1.177 1.175 1.173 1.171 1.169 1.167 1.164 1.124 1.059 0.993 0.928 0.863 0.798 0.733 0.7 0.699 0.697 0.696 0.695 0.693 0.692 0.691 0.689 0.688 0.689 0.691 0.693 0.694 0.696 0.698 0.694 0.589 0.485 0.38 0.275 0.171 0.066 0.0 0.0 0.0 0.0 0.0 0.0 0.0 0.0 0.0 0.0 0.0 0.0 0.0 0.0 0.0 0.0 0.0 0.0 0.0 0.0 0.0 0.0 0.0 0.0 0.0 0.0 0.0 0.0 0.0 0.0 0.0 0.0 0.0 0.0 0.0 0.0 0.0 0.0 0.0 0.0 0.0 0.0 0.0 0.0 0.0 0.0 0.0 0.0 0.0 0.0 0.0 0.0 0.0 0.0 0.0 0.0 0.0 0.0 0.0 0.0 0.0 0.0 0.0 0.0 0.0 0.0 0.0 0.0 0.0 0.0 0.0 0.0 0.0 0.0 0.0 0.0
1.894 1.891 1.888 1.885 1.855 1.788 1.721 1.654 1.587 1.52 1.453 1.386 1.336 1.334 1.332 1.33 1.328 1.326 1.324 1.321 1.319 1.317 1.315 1.313 1.31 1.308 1.306 1.304 1.302 1.271 1.205 1.14 1.075 1.01 0.945 0.879 0.814 0.783 0.781 0.78 0.779 0.777 0.776 0.774 0.773 0.772 0.773 0.775 0.776 0.778 0.78 0.781 0.783 0.777 0.672 0.568 0.463 0.359 0.254 0.15 0.045 0.0 0.0 0.0 0.0 0.0 0.0 0.0 0.0 0.0 0.0 0.0 0.0 0.0 0.0 0.0 0.0 0.0 0.0 0.0 0.0 0.0 0.0 0.0 0.0 0.0 0.0 0.0 0.0 0.0 0.0 0.0 0.0 0.0 0.0 0.0 0.0 0.0 0.0 0.0 0.0 0.0 0.0 0.0 0.0 0.0 0.0 0.0 0.0 0.0 0.0 0.0 0.0 0.0 0.0 0.0 0.0 0.0 0.0 0.0 0.0 0.0 0.0 0.0 0.0 0.0 0.0 0.0 0.0 0.0 0.0 0.0 0.0 0.0 0.0 0.0
2.082 2.079 2.077 2.074 2.042 1.975 1.908 1.841 1.774 1.707 1.64 1.573 1.506 1.47 1.467 1.465 1.463 1.461 1.459 1.457 1.454 1.452 1.45 1.448 1.446 1.444 1.441 1.439 1.417 1.352 1.287 1.222 1.157 1.091 1.026 0.961 0.896 0.865 0.864 0.862 0.861 0.86 0.858 0.857 0.856 0.856 0.858 0.86 0.861 0.863 0.865 0.867 0.868 0.86 0.756 0.651 0.547 0.442 0.338 0.233 0.129 0.024 0.0 0.0 0.0 0.0 0.0 0.0 0.0 0.0 0.0 0.0 0.0 0.0 0.0 0.0 0.0 0.0 0.0 0.0 0.0 0.0 0.0 0.0 0.0 0.0 0.0 0.0 0.0 0.0 0.0 0.0 0.0 0.0 0.0 0.0 0.0 0.0 0.0 0.0 0.0 0.0 0.0 0.0 0.0 0.0 0.0 0.0 0.0 0.0 0.0 0.0 0.0 0.0 0.0 0.0 0.0 0.0 0.0 0.0 0.0 0.0 0.0 0.0 0.0 0.0 0.0 0.0 0.0 0.0 0.0 0.0 0.0 0.0 0.0 0.0
2.271 2.268 2.265 2.262 2.229 2.162 2.095 2.028 1.961 1.894 1.827 1.76 1.693 1.626 1.603 1.601 1.598 1.596 1.594 1.592 1.59 1.588 1.585 1.583 1.581 1.579 1.577 1.564 1.499 1.434 1.368 1.303 1.238 1.173 1.108 1.042 0.977 0.948 0.946 0.945 0.944 0.942 0.941 0.94 0.94 0.941 0.943 0.945 0.947 0.948 0.95 0.952 0.953 0.944 0.839 0.735 0.63 0.526 0.421 0.317 0.212 0.108 0.003 0.0 0.0 0.0 0.0 0.0 0.0 0.0 0.0 0.0 0.0 0.0 0.0 0.0 0.0 0.0 0.0 0.0 0.0 0.0 0.0 0.0 0.0 0.0 0.0 0.0 0.0 0.0 0.0 0.0 0.0 0.0 0.0 0.0 0.0 0.0 0.0 0.0 0.0 0.0 0.0 0.0 0.0 0.0 0.0 0.0 0.0 0.0 0.0 0.0 0.0 0.0 0.0 0.0 0.0 0.0 0.0 0.0 0.0 0.0 0.0 0.0 0.0 0.0 0.0 0.0 0.0 0.0 0.0 0.0 0.0 0.0 0.0 0.0
2.459 2.456 2.453 2.45 2.416 2.349 2.282 2.215 2.148 2.081 2.014 1.947 1.88 1.813 1.746 1.736 1.734 1.731 1.729 1.727 1.725 1.723 1.721 1.718 1.716 1.714 1.711 1.646 1.58 1.515 1.45 1.385 1.32 1.254 1.189 1.124 1.059 1.03 1.029 1.028 1.026 1.025 1.024 1.023 1.025 1.027 1.028 1.03 1.032 1.033 1.035 1.037 1.039 1.027 0.923 0.818 0.714 0.609 0.505 0.4 0.295 0.191 0.086 0.0 0.0 0.0 0.0 0.0 0.0 0.0 0.0 0.0 0.0 0.0 0.0 0.0 0.0 0.0 0.0 0.0 0.0 0.0 0.0 0.0 0.0 0.0 0.0 0.0 0.0 0.0 0.0 0.0 0.0 0.0 0.0 0.0 0.0 0.0 0.0 0.0 0.0 0.0 0.0 0.0 0.0 0.0 0.0 0.0 0.0 0.0 0.0 0.0 0.0 0.0 0.0 0.0 0.0 0.0 0.0 0.0 0.0 0.0 0.0 0.0 0.0 0.0 0.0 0.0 0.0 0.0 0.0 0.0 0.0 0.0 0.0 0.0
2.647 2.644 2.641 2.638 2.603 2.536 2.469 2.402 2.335 2.268 2.201 2.134 2.067 2.0 1.933 1.871 1.869 1.867 1.865 1.862 1.86 1.858 1.856 1.854 1.852 1.849 1.792 1.727 1.662 1.597 1.532 1.466 1.401 1.336 1.271 1.205 1.14 1.113 1.111 1.11 1.109 1.107 1.107 1.108 1.11 1.112 1.113 1.115 1.117 1.119 1.12 1.122 1.124 1.111 1.006 0.902 0.797 0.693 0.588 0.483 0.379 0.274 0.17 0.065 0.0 0.0 0.0 0.0 0.0 0.0 0.0 0.0 0.0 0.0 0.0 0.0 0.0 0.0 0.0 0.0 0.0 0.0 0.0 0.0 0.0 0.0 0.0 0.0 0.0 0.0 0.0 0.0 0.0 0.0 0.0 0.0 0.0 0.0 0.0 0.0 0.0 0.0 0.0 0.0 0.0 0.0 0.0 0.0 0.0 0.0 0.0 0.0 0.0 0.0 0.0 0.0 0.0 0.0 0.0 0.0 0.0 0.0 0.0 0.0 0.0 0.0 0.0 0.0 0.0 0.0 0.0 0.0 0.0 0.0 0.0 0.0
2.835 2.832 2.829 2.826 2.79 2.723 2.656 2.589 2.522 2.455 2.388 2.321 2.254 2.187 2.12 2.053 2.004 2.002 2.0 1.998 1.996 1.993 1.991 1.989 1.987 1.939 1.874 1.809 1.743 1.678 1.613 1.548 1.483 1.417 1.352 1.287 1.222 1.195 1.194 1.193 1.191 1.19 1.192 1.194 1.195 1.197 1.199 1.2 1.202 1.204 1.205 1.207 1.209 1.194 1.09 0.985 0.88 0.776 0.671 0.567 0.462 0.358 0.253 0.149 0.044 0.0 0.0 0.0 0.0 0.0 0.0 0.0 0.0 0.0 0.0 0.0 0.0 0.0 0.0 0.0 0.0 0.0 0.0 0.0 0.0 0.0 0.0 0.0 0.0 0.0 0.0 0.0 0.0 0.0 0.0 0.0 0.0 0.0 0.0 0.0 0.0 0.0 0.0 0.0 0.0 0.0 0.0 0.0 0.0 0.0 0.0 0.0 0.0 0.0 0.0 0.0 0.0 0.0 0.0 0.0 0.0 0.0 0.0 0.0 0.0 0.0 0.0 0.0 0.0 0.0 0.0 0.0 0.0 0.0 0.0 0.0
3.052 3.02 3.017 3.014 2.977 2.91 2.843 2.776 2.709 2.642 2.575 2.508 2.441 2.374 2.307 2.24 2.173 2.137 2.135 2.133 2.131 2.129 2.126 2.124 2.086 2.021 1.955 1.89 1.825 1.76 1.695 1.629 1.564 1.499 1.434 1.369 1.303 1.278 1.277 1.275 1.274 1.275 1.277 1.279 1.28 1.282 1.284 1.286 1.287 1.289 1.291 1.292 1.294 1.278 1.173 1.068 0.964 0.859 0.755 0.65 0.546 0.441 0.337 0.232 0.128 0.023 0.0 0.0 0.0 0.0 0.0 0.0 0.0 0.0 0.0 0.0 0.0 0.0 0.0 0.0 0.0 0.0 0.0 0.0 0.0 0.0 0.0 0.0 0.0 0.0 0.0 0.0 0.0 0.0 0.0 0.0 0.0 0.0 0.0 0.0 0.0 0.0 0.0 0.0 0.0 0.0 0.0 0.0 0.0 0.0 0.0 0.0 0.0 0.0 0.0 0.0 0.0 0.0 0.0 0.0 0.0 0.0 0.0 0.0 0.0 0.0 0.0 0.0 0.0 0.0 0.0 0.0 0.0 0.0 0.0 0.0
3.323 3.216 3.205 3.202 3.165 3.097 3.03 2.963 2.896 2.829 2.762 2.695 2.628 2.561 2.494 2.427 2.36 2.293 2.27 2.268 2.266 2.264 2.262 2.233 2.167 2.102 2.037 1.972 1.907 1.841 1.776 1.711 1.646 1.58 1.515 1.45 1.385 1.361 1.359 1.358 1.359 1.36 1.362 1.364 1.366 1.367 1.369 1.371 1.372 1.374 1.376 1.377 1.379 1.361 1.256 1.152 1.047 0.943 0.838 0.734 0.629 0.525 0.42 0.316 0.211 0.106 0.002 0.0 0.0 0.0 0.0 0.0 0.0 0.0 0.0 0.0 0.0 0.0 0.0 0.0 0.0 0.0 0.0 0.0 0.0 0.0 0.0 0.0 0.0 0.0 0.0 0.0 0.0 0.0 0.0 0.0 0.0 0.0 0.0 0.0 0.0 0.0 0.0 0.0 0.0 0.0 0.0 0.0 0.0 0.0 0.0 0.0 0.0 0.0 0.0 0.0 0.0 0.0 0.0 0.0 0.0 0.0 0.0 0.0 0.0 0.0 0.0 0.0 0.0 0.0 0.0 0.0 0.0 0.0 0.0 0.0
3.594 3.487 3.393 3.39 3.352 3.285 3.218 3.151 3.084 3.016 2.949 2.882 2.815 2.748 2.681 2.614 2.547 2.48 2.413 2.404 2.401 2.399 2.379 2.314 2.249 2.184 2.118 2.053 1.988 1.923 1.858 1.792 1.727 1.662 1.597 1.532 1.466 1.443 1.442 1.442 1.444 1.446 1.447 1.449 1.451 1.452 1.454 1.456 1.458 1.459 1.461 1.463 1.464 1.444 1.34 1.235 1.131 1.026 0.922 0.817 0.713 0.608 0.504 0.399 0.294 0.19 0.085 0.0 0.0 0.0 0.0 0.0 0.0 0.0 0.0 0.0 0.0 0.0 0.0 0.0 0.0 0.0 0.0 0.0 0.0 0.0 0.0 0.0 0.0 0.0 0.0 0.0 0.0 0.0 0.0 0.0 0.0 0.0 0.0 0.0 0.0 0.0 0.0 0.0 0.0 0.0 0.0 0.0 0.0 0.0 0.0 0.0 0.0 0.0 0.0 0.0 0.0 0.0 0.0 0.0 0.0 0.0 0.0 0.0 0.0 0.0 0.0 0.0 0.0 0.0 0.0 0.0 0.0 0.0 0.0 0.0
3.865 3.758 3.652 3.578 3.539 3.472 3.405 3.338 3.271 3.204 3.137 3.07 3.003 2.935 2.868 2.801 2.734 2.667 2.6 2.539 2.537 2.526 2.461 2.396 2.33 2.265 2.2 2.135 2.07 2.004 1.939 1.874 1.809 1.744 1.678 1.613 1.548 1.526 1.526 1.527 1.529 1.531 1.532 1.534 1.536 1.538 1.539 1.541 1.543 1.544 1.546 1.548 1.55 1.528 1.423 1.319 1.214 1.11 1.005 0.901 0.796 0.691 0.587 0.482 0.378 0.273 0.169 0.064 0.0 0.0 0.0 0.0 0.0 0.0 0.0 0.0 0.0 0.0 0.0 0.0 0.0 0.0 0.0 0.0 0.0 0.0 0.0 0.0 0.0 0.0 0.0 0.0 0.0 0.0 0.0 0.0 0.0 0.0 0.0 0.0 0.0 0.0 0.0 0.0 0.0 0.0 0.0 0.0 0.0 0.0 0.0 0.0 0.0 0.0 0.0 0.0 0.0 0.0 0.0 0.0 0.0 0.0 0.0 0.0 0.0 0.0 0.0 0.0 0.0 0.0 0.0 0.0 0.0 0.0 0.0 0.0
4.09 3.989 3.888 3.786 3.713 3.649 3.585 3.521 3.456 3.391 3.324 3.257 3.19 3.123 3.056 2.989 2.922 2.854 2.787 2.72 2.672 2.608 2.542 2.477 2.412 2.347 2.282 2.216 2.151 2.086 2.021 1.955 1.89 1.825 1.76 1.695 1.629 1.609 1.611 1.613 1.614 1.616 1.618 1.619 1.621 1.623 1.624 1.626 1.628 1.63 1.631 1.633 1.635 1.611 1.507 1.402 1.298 1.193 1.089 0.984 0.879 0.775 0.67 0.566 0.461 0.357 0.252 0.148 0.043 0.0 0.0 0.0 0.0 0.0 0.0 0.0 0.0 0.0 0.0 0.0 0.0 0.0 0.0 0.0 0.0 0.0 0.0 0.0 0.0 0.0 0.0 0.0 0.0 0.0 0.0 0.0 0.0 0.0 0.0 0.0 0.0 0.0 0.0 0.0 0.0 0.0 0.0 0.0 0.0 0.0 0.0 0.0 0.0 0.0 0.0 0.0 0.0 0.0 0.0 0.0 0.0 0.0 0.0 0.0 0.0 0.0 0.0 0.0 0.0 0.0 0.0 0.0 0.0 0.0 0.0 0.0
4.023 3.921 3.82 3.767 3.726 3.662 3.598 3.534 3.469 3.405 3.341 3.277 3.212 3.148 3.084 3.02 2.955 2.891 2.827 2.763 2.736 2.695 2.63 2.564 2.499 2.434 2.368 2.303 2.238 2.172 2.107 2.042 1.976 1.911 1.846 1.78 1.715 1.702 1.703 1.705 1.706 1.708 1.709 1.711 1.712 1.714 1.715 1.716 1.718 1.719 1.721 1.722 1.724 1.715 1.609 1.503 1.398 1.292 1.186 1.081 0.975 0.869 0.763 0.658 0.552 0.446 0.34 0.235 0.129 0.023 0.0 0.0 0.0 0.0 0.0 0.0 0.0 0.0 0.0 0.0 0.0 0.0 0.0 0.0 0.0 0.0 0.0 0.0 0.0 0.0 0.0 0.0 0.0 0.0 0.0 0.0 0.0 0.0 0.0 0.0 0.0 0.0 0.0 0.0 0.0 0.0 0.0 0.0 0.0 0.0 0.0 0.0 0.0 0.0 0.0 0.0 0.0 0.0 0.0 0.0 0.0 0.0 0.0 0.0 0.0 0.0 0.0 0.0 0.0 0.0 0.0 0.0 0.0 0.0 0.0 0.0
3.955 3.854 3.787 3.782 3.74 3.675 3.611 3.547 3.483 3.418 3.354 3.29 3.226 3.161 3.097 3.033 2.969 2.904 2.84 2.806 2.787 2.769 2.718 2.653 2.588 2.522 2.457 2.392 2.326 2.261 2.196 2.13 2.065 2.0 1.934 1.869 1.804 1.794 1.802 1.803 1.805 1.806 1.808 1.809 1.811 1.812 1.814 1.815 1.817 1.818 1.82 1.821 1.823 1.815 1.765 1.659 1.553 1.447 1.342 1.236 1.13 1.025 0.919 0.813 0.707 0.602 0.496 0.39 0.284 0.179 0.157 0.155 0.152 0.149 0.147 0.144 0.142 0.139 0.136 0.134 0.131 0.129 0.126 0.123 0.121 0.118 0.0 0.0 0.0 0.0 0.0 0.0 0.0 0.0 0.0 0.0 0.0 0.0 0.0 0.0 0.0 0.0 0.0 0.0 0.0 0.0 0.0 0.0 0.0 0.0 0.0 0.0 0.0 0.0 0.0 0.0 0.0 0.0 0.0 0.0 0.0 0.0 0.0 0.0 0.0 0.0 0.0 0.0 0.0 0.0 0.0 0.0 0.0 0.0 0.0 0.0
3.888 3.807 3.801 3.796 3.753 3.688 3.624 3.56 3.496 3.431 3.367 3.303 3.239 3.175 3.11 3.046 2.982 2.918 2.877 2.857 2.838 2.82 2.802 2.742 2.676 2.611 2.546 2.48 2.415 2.35 2.284 2.219 2.154 2.088 2.023 1.958 1.892 1.884 1.897 1.902 1.903 1.905 1.906 1.908 1.909 1.911 1.912 1.914 1.915 1.917 1.918 1.92 1.921 1.913 1.879 1.814 1.709 1.603 1.497 1.391 1.286 1.18 1.074 0.969 0.863 0.757 0.651 0.546 0.44 0.334 0.314 0.312 0.309 0.307 0.304 0.301 0.299 0.296 0.294 0.291 0.288 0.286 0.283 0.28 0.278 0.118 0.0 0.0 0.0 0.0 0.0 0.0 0.0 0.0 0.0 0.0 0.0 0.0 0.0 0.0 0.0 0.0 0.0 0.0 0.0 0.0 0.0 0.0 0.0 0.0 0.0 0.0 0.0 0.0 0.0 0.0 0.0 0.0 0.0 0.0 0.0 0.0 0.0 0.0 0.0 0.0 0.0 0.0 0.0 0.0 0.0 0.0 0.0 0.0 0.0 0.0
3.826 3.821 3.815 3.81 3.766 3.702 3.637 3.573 3.509 3.445 3.38 3.316 3.252 3.188 3.123 3.059 2.995 2.948 2.928 2.908 2.889 2.871 2.853 2.83 2.765 2.7 2.634 2.569 2.504 2.438 2.373 2.308 2.242 2.177 2.112 2.046 1.981 1.974 1.987 1.999 2.002 2.004 2.005 2.007 2.008 2.01 2.011 2.013 2.014 2.015 2.017 2.018 2.02 2.011 1.977 1.943 1.864 1.758 1.653 1.547 1.441 1.335 1.23 1.124 1.018 0.913 0.807 0.701 0.595 0.49 0.472 0.469 0.466 0.464 0.461 0.459 0.456 0.453 0.451 0.448 0.445 0.443 0.44 0.438 0.305 0.114 0.0 0.0 0.0 0.0 0.0 0.0 0.0 0.0 0.0 0.0 0.0 0.0 0.0 0.0 0.0 0.0 0.0 0.0 0.0 0.0 0.0 0.0 0.0 0.0 0.0 0.0 0.0 0.0 0.0 0.0 0.0 0.0 0.0 0.0 0.0 0.0 0.0 0.0 0.0 0.0 0.0 0.0 0.0 0.0 0.0 0.0 0.0 0.0 0.0 0.0
3.841 3.835 3.829 3.824 3.779 3.715 3.651 3.586 3.522 3.458 3.394 3.329 3.265 3.201 3.137 3.072 3.019 2.999 2.979 2.959 2.94 2.922 2.904 2.886 2.854 2.788 2.723 2.658 2.592 2.527 2.462 2.396 2.331 2.266 2.2 2.135 2.07 2.064 2.077 2.089 2.101 2.102 2.104 2.105 2.107 2.108 2.11 2.111 2.113 2.114 2.116 2.117 2.119 2.109 2.075 2.041 2.007 1.914 1.808 1.702 1.597 1.491 1.385 1.279 1.174 1.068 0.962 0.857 0.751 0.645 0.629 0.626 0.624 0.621 0.618 0.616 0.613 0.61 0.608 0.605 0.603 0.6 0.597 0.492 0.302 0.111 0.0 0.0 0.0 0.0 0.0 0.0 0.0 0.0 0.0 0.0 0.0 0.0 0.0 0.0 0.0 0.0 0.0 0.0 0.0 0.0 0.0 0.0 0.0 0.0 0.0 0.0 0.0 0.0 0.0 0.0 0.0 0.0 0.0 0.0 0.0 0.0 0.0 0.0 0.0 0.0 0.0 0.0 0.0 0.0 0.0 0.0 0.0 0.0 0.0 0.0
3.855 3.849 3.844 3.838 3.792 3.728 3.664 3.599 3.535 3.471 3.407 3.342 3.278 3.214 3.15 3.09 3.07 3.05 3.03 3.01 2.991 2.973 2.955 2.937 2.919 2.877 2.812 2.746 2.681 2.616 2.55 2.485 2.42 2.354 2.289 2.224 2.158 2.154 2.167 2.179 2.191 2.201 2.202 2.204 2.205 2.207 2.208 2.21 2.211 2.213 2.214 2.216 2.217 2.207 2.173 2.139 2.105 2.069 1.963 1.858 1.752 1.646 1.541 1.435 1.329 1.223 1.118 1.012 0.906 0.8 0.786 0.783 0.781 0.778 0.775 0.773 0.77 0.768 0.765 0.762 0.76 0.757 0.68 0.489 0.299 0.108 0.0 0.0 0.0 0.0 0.0 0.0 0.0 0.0 0.0 0.0 0.0 0.0 0.0 0.0 0.0 0.0 0.0 0.0 0.0 0.0 0.0 0.0 0.0 0.0 0.0 0.0 0.0 0.0 0.0 0.0 0.0 0.0 0.0 0.0 0.0 0.0 0.0 0.0 0.0 0.0 0.0 0.0 0.0 0.0 0.0 0.0 0.0 0.0 0.0 0.0
3.869 3.863 3.858 3.852 3.805 3.741 3.677 3.613 3.548 3.484 3.42 3.356 3.291 3.227 3.163 3.141 3.121 3.101 3.081 3.061 3.042 3.024 3.006 2.988 2.97 2.952 2.9 2.835 2.77 2.704 2.639 2.574 2.508 2.443 2.378 2.313 2.247 2.244 2.257 2.269 2.281 2.294 2.301 2.303 2.304 2.306 2.307 2.309 2.31 2.312 2.313 2.315 2.316 2.305 2.271 2.237 2.204 2.17 2.119 2.013 1.907 1.802 1.696 1.59 1.485 1.379 1.273 1.167 1.062 0.956 0.943 0.94 0.938 0.935 0.933 0.93 0.927 0.925 0.922 0.92 0.917 0.867 0.676 0.486 0.295 0.105 0.0 0.0 0.0 0.0 0.0 0.0 0.0 0.0 0.0 0.0 0.0 0.0 0.0 0.0 0.0 0.0 0.0 0.0 0.0 0.0 0.0 0.0 0.0 0.0 0.0 0.0 0.0 0.0 0.0 0.0 0.0 0.0 0.0 0.0 0.0 0.0 0.0 0.0 0.0 0.0 0.0 0.0 0.0 0.0 0.0 0.0 0.0 0.0 0.0 0.0
3.883 3.877 3.872 3.866 3.819 3.754 3.69 3.626 3.562 3.497 3.433 3.369 3.305 3.24 3.212 3.192 3.172 3.152 3.132 3.112 3.093 3.075 3.057 3.039 3.021 3.002 2.984 2.924 2.858 2.793 2.728 2.663 2.597 2.532 2.467 2.401 2.336 2.334 2.347 2.359 2.371 2.384 2.396 2.401 2.403 2.404 2.406 2.407 2.409 2.41 2.412 2.413 2.415 2.403 2.369 2.335 2.302 2.268 2.234 2.169 2.063 1.957 1.851 1.746 1.64 1.534 1.429 1.323 1.217 1.111 1.1 1.098 1.095 1.092 1.09 1.087 1.085 1.082 1.079 1.077 1.054 0.864 0.673 0.483 0.292 0.102 0.0 0.0 0.0 0.0 0.0 0.0 0.0 0.0 0.0 0.0 0.0 0.0 0.0 0.0 0.0 0.0 0.0 0.0 0.0 0.0 0.0 0.0 0.0 0.0 0.0 0.0 0.0 0.0 0.0 0.0 0.0 0.0 0.0 0.0 0.0 0.0 0.0 0.0 0.0 0.0 0.0 0.0 0.0 0.0 0.0 0.0 0.0 0.0 0.0 0.0
3.897 3.891 3.886 3.88 3.832 3.767 3.703 3.639 3.575 3.51 3.446 3.382 3.318 3.283 3.263 3.243 3.223 3.203 3.183 3.163 3.144 3.126 3.108 3.09 3.072 3.053 3.035 3.013 2.947 2.882 2.817 2.751 2.686 2.621 2.555 2.49 2.425 2.424 2.437 2.449 2.461 2.474 2.486 2.499 2.502 2.503 2.504 2.506 2.507 2.509 2.51 2.512 2.513 2.501 2.467 2.434 2.4 2.366 2.332 2.298 2.218 2.113 2.007 1.901 1.795 1.69 1.584 1.478 1.373 1.267 1.257 1.255 1.252 1.25 1.247 1.244 1.242 1.239 1.236 1.234 1.051 0.861 0.67 0.479 0.289 0.098 0.0 0.0 0.0 0.0 0.0 0.0 0.0 0.0 0.0 0.0 0.0 0.0 0.0 0.0 0.0 0.0 0.0 0.0 0.0 0.0 0.0 0.0 0.0 0.0 0.0 0.0 0.0 0.0 0.0 0.0 0.0 0.0 0.0 0.0 0.0 0.0 0.0 0.0 0.0 0.0 0.0 0.0 0.0 0.0 0.0 0.0 0.0 0.0 0.0 0.0
3.911 3.905 3.9 3.894 3.845 3.781 3.716 3.652 3.588 3.524 3.459 3.395 3.353 3.333 3.314 3.294 3.274 3.254 3.234 3.214 3.195 3.177 3.159 3.141 3.122 3.104 3.086 3.068 3.036 2.971 2.905 2.84 2.775 2.709 2.644 2.579 2.513 2.514 2.527 2.539 2.551 2.564 2.576 2.589 2.6 2.602 2.603 2.605 2.606 2.608 2.609 2.611 2.612 2.599 2.566 2.532 2.498 2.464 2.43 2.396 2.362 2.268 2.162 2.057 1.951 1.845 1.739 1.634 1.528 1.422 1.415 1.412 1.409 1.407 1.404 1.401 1.399 1.396 1.394 1.238 1.048 0.857 0.667 0.476 0.286 0.095 0.0 0.0 0.0 0.0 0.0 0.0 0.0 0.0 0.0 0.0 0.0 0.0 0.0 0.0 0.0 0.0 0.0 0.0 0.0 0.0 0.0 0.0 0.0 0.0 0.0 0.0 0.0 0.0 0.0 0.0 0.0 0.0 0.0 0.0 0.0 0.0 0.0 0.0 0.0 0.0 0.0 0.0 0.0 0.0 0.0 0.0 0.0 0.0 0.0 0.0
3.925 3.92 3.914 3.908 3.858 3.794 3.73 3.665 3.601 3.537 3.473 3.424 3.404 3.384 3.364 3.345 3.325 3.305 3.285 3.265 3.246 3.228 3.21 3.191 3.173 3.155 3.137 3.119 3.101 3.059 2.994 2.929 2.863 2.798 2.733 2.667 2.602 2.604 2.617 2.629 2.641 2.654 2.666 2.679 2.691 2.7 2.702 2.703 2.705 2.706 2.708 2.709 2.711 2.697 2.664 2.63 2.596 2.562 2.528 2.494 2.461 2.424 2.318 2.212 2.106 2.001 1.895 1.789 1.683 1.578 1.572 1.569 1.566 1.564 1.561 1.559 1.556 1.553 1.426 1.235 1.045 0.854 0.664 0.473 0.283 0.092 0.0 0.0 0.0 0.0 0.0 0.0 0.0 0.0 0.0 0.0 0.0 0.0 0.0 0.0 0.0 0.0 0.0 0.0 0.0 0.0 0.0 0.0 0.0 0.0 0.0 0.0 0.0 0.0 0.0 0.0 0.0 0.0 0.0 0.0 0.0 0.0 0.0 0.0 0.0 0.0 0.0 0.0 0.0 0.0 0.0 0.0 0.0 0.0 0.0 0.0
3.939 3.934 3.928 3.922 3.871 3.807 3.743 3.678 3.614 3.55 3.495 3.475 3.455 3.435 3.415 3.396 3.376 3.356 3.336 3.316 3.297 3.279 3.261 3.242 3.224 3.206 3.188 3.17 3.152 3.134 3.083 3.017 2.952 2.887 2.821 2.756 2.691 2.694 2.706 2.719 2.731 2.744 2.756 2.769 2.781 2.793 2.801 2.802 2.804 2.805 2.806 2.808 2.809 2.796 2.762 2.728 2.694 2.66 2.626 2.593 2.559 2.525 2.473 2.367 2.262 2.156 2.05 1.945 1.839 1.733 1.729 1.726 1.724 1.721 1.718 1.716 1.713 1.613 1.422 1.232 1.041 0.851 0.66 0.47 0.279 0.089 0.0 0.0 0.0 0.0 0.0 0.0 0.0 0.0 0.0 0.0 0.0 0.0 0.0 0.0 0.0 0.0 0.0 0.0 0.0 0.0 0.0 0.0 0.0 0.0 0.0 0.0 0.0 0.0 0.0 0.0 0.0 0.0 0.0 0.0 0.0 0.0 0.0 0.0 0.0 0.0 0.0 0.0 0.0 0.0 0.0 0.0 0.0 0.0 0.0 0.0
3.953 3.948 3.942 3.937 3.884 3.82 3.756 3.692 3.627 3.566 3.546 3.526 3.506 3.486 3.466 3.446 3.427 3.407 3.387 3.367 3.348 3.33 3.311 3.293 3.275 3.257 3.239 3.221 3.203 3.185 3.167 3.106 3.041 2.975 2.91 2.845 2.779 2.784 2.796 2.809 2.821 2.834 2.846 2.858 2.871 2.883 2.896 2.901 2.902 2.904 2.905 2.907 2.908 2.894 2.86 2.826 2.792 2.758 2.724 2.691 2.657 2.623 2.589 2.523 2.417 2.311 2.206 2.1 1.994 1.889 1.886 1.883 1.881 1.878 1.876 1.873 1.8 1.61 1.419 1.229 1.038 0.848 0.657 0.467 0.276 0.086 0.0 0.0 0.0 0.0 0.0 0.0 0.0 0.0 0.0 0.0 0.0 0.0 0.0 0.0 0.0 0.0 0.0 0.0 0.0 0.0 0.0 0.0 0.0 0.0 0.0 0.0 0.0 0.0 0.0 0.0 0.0 0.0 0.0 0.0 0.0 0.0 0.0 0.0 0.0 0.0 0.0 0.0 0.0 0.0 0.0 0.0 0.0 0.0 0.0 0.0
3.967 3.962 3.956 3.951 3.897 3.833 3.769 3.705 3.64 3.617 3.597 3.577 3.557 3.537 3.517 3.497 3.478 3.458 3.438 3.418 3.399 3.381 3.362 3.344 3.326 3.308 3.29 3.272 3.254 3.236 3.218 3.195 3.129 3.064 2.999 2.933 2.868 2.874 2.886 2.899 2.911 2.924 2.936 2.948 2.961 2.973 2.986 2.998 3.001 3.002 3.004 3.005 3.007 2.992 2.958 2.924 2.89 2.856 2.823 2.789 2.755 2.721 2.687 2.653 2.573 2.467 2.361 2.255 2.15 2.046 2.043 2.041 2.038 2.035 2.033 1.988 1.797 1.607 1.416 1.226 1.035 0.845 0.654 0.464 0.273 0.083 0.0 0.0 0.0 0.0 0.0 0.0 0.0 0.0 0.0 0.0 0.0 0.0 0.0 0.0 0.0 0.0 0.0 0.0 0.0 0.0 0.0 0.0 0.0 0.0 0.0 0.0 0.0 0.0 0.0 0.0 0.0 0.0 0.0 0.0 0.0 0.0 0.0 0.0 0.0 0.0 0.0 0.0 0.0 0.0 0.0 0.0 0.0 0.0 0.0 0.0
3.981 3.976 3.97 3.965 3.911 3.846 3.782 3.718 3.688 3.668 3.648 3.628 3.608 3.588 3.568 3.548 3.528 3.509 3.489 3.469 3.45 3.431 3.413 3.395 3.377 3.359 3.341 3.323 3.305 3.287 3.269 3.251 3.218 3.153 3.087 3.022 2.957 2.964 2.976 2.989 3.001 3.014 3.026 3.038 3.051 3.063 3.076 3.088 3.1 3.101 3.103 3.104 3.105 3.09 3.056 3.022 2.988 2.955 2.921 2.887 2.853 2.819 2.785 2.751 2.718 2.622 2.517 2.411 2.305 2.203 2.2 2.198 2.195 2.192 2.175 1.984 1.794 1.603 1.413 1.222 1.032 0.841 0.651 0.46 0.27 0.079 0.0 0.0 0.0 0.0 0.0 0.0 0.0 0.0 0.0 0.0 0.0 0.0 0.0 0.0 0.0 0.0 0.0 0.0 0.0 0.0 0.0 0.0 0.0 0.0 0.0 0.0 0.0 0.0 0.0 0.0 0.0 0.0 0.0 0.0 0.0 0.0 0.0 0.0 0.0 0.0 0.0 0.0 0.0 0.0 0.0 0.0 0.0 0.0 0.0 0.0
3.996 3.99 3.984 3.979 3.924 3.86 3.795 3.759 3.739 3.719 3.699 3.679 3.659 3.639 3.619 3.599 3.579 3.559 3.54 3.52 3.501 3.482 3.464 3.446 3.428 3.41 3.392 3.374 3.356 3.338 3.32 3.302 3.284 3.242 3.176 3.111 3.046 3.054 3.066 3.079 3.091 3.104 3.116 3.128 3.141 3.153 3.166 3.178 3.19 3.2 3.201 3.203 3.204 3.188 3.154 3.12 3.086 3.053 3.019 2.985 2.951 2.917 2.883 2.85 2.816 2.778 2.672 2.566 2.461 2.36 2.357 2.355 2.352 2.35 2.172 1.981 1.791 1.6 1.41 1.219 1.029 0.838 0.648 0.457 0.267 0.076 0.0 0.0 0.0 0.0 0.0 0.0 0.0 0.0 0.0 0.0 0.0 0.0 0.0 0.0 0.0 0.0 0.0 0.0 0.0 0.0 0.0 0.0 0.0 0.0 0.0 0.0 0.0 0.0 0.0 0.0 0.0 0.0 0.0 0.0 0.0 0.0 0.0 0.0 0.0 0.0 0.0 0.0 0.0 0.0 0.0 0.0 0.0 0.0 0.0 0.0
4.01 4.004 3.998 3.993 3.937 3.873 3.829 3.81 3.79 3.77 3.75 3.73 3.71 3.69 3.67 3.65 3.63 3.61 3.591 3.571 3.551 3.533 3.515 3.497 3.479 3.461 3.443 3.425 3.407 3.389 3.371 3.353 3.335 3.317 3.265 3.2 3.134 3.144 3.156 3.169 3.181 3.194 3.206 3.218 3.231 3.243 3.256 3.268 3.28 3.293 3.3 3.301 3.303 3.286 3.252 3.218 3.185 3.151 3.117 3.083 3.049 3.015 2.981 2.948 2.914 2.88 2.828 2.722 2.616 2.517 2.515 2.512 2.509 2.359 2.169 1.978 1.788 1.597 1.407 1.216 1.025 0.835 0.644 0.454 0.263 0.073 0.0 0.0 0.0 0.0 0.0 0.0 0.0 0.0 0.0 0.0 0.0 0.0 0.0 0.0 0.0 0.0 0.0 0.0 0.0 0.0 0.0 0.0 0.0 0.0 0.0 0.0 0.0 0.0 0.0 0.0 0.0 0.0 0.0 0.0 0.0 0.0 0.0 0.0 0.0 0.0 0.0 0.0 0.0 0.0 0.0 0.0 0.0 0.0 0.0 0.0
4.024 4.018 4.013 4.007 3.95 3.9 3.88 3.86 3.841 3.821 3.801 3.781 3.761 3.741 3.721 3.701 3.681 3.661 3.641 3.622 3.602 3.584 3.566 3.548 3.53 3.512 3.494 3.476 3.458 3.44 3.422 3.404 3.386 3.368 3.35 3.288 3.223 3.234 3.246 3.259 3.271 3.284 3.296 3.308 3.321 3.333 3.346 3.358 3.37 3.383 3.395 3.4 3.402 3.384 3.35 3.317 3.283 3.249 3.215 3.181 3.147 3.113 3.08 3.046 3.012 2.978 2.944 2.877 2.771 2.674 2.672 2.669 2.546 2.356 2.165 1.975 1.784 1.594 1.403 1.213 1.022 0.832 0.641 0.451 0.26 0.07 0.0 0.0 0.0 0.0 0.0 0.0 0.0 0.0 0.0 0.0 0.0 0.0 0.0 0.0 0.0 0.0 0.0 0.0 0.0 0.0 0.0 0.0 0.0 0.0 0.0 0.0 0.0 0.0 0.0 0.0 0.0 0.0 0.0 0.0 0.0 0.0 0.0 0.0 0.0 0.0 0.0 0.0 0.0 0.0 0.0 0.0 0.0 0.0 0.0 0.0
4.038 4.032 4.027 4.021 3.971 3.951 3.931 3.911 3.891 3.872 3.852 3.832 3.812 3.792 3.772 3.752 3.732 3.712 3.692 3.673 3.653 3.635 3.617 3.599 3.581 3.563 3.545 3.527 3.509 3.491 3.473 3.455 3.437 3.419 3.401 3.377 3.312 3.324 3.336 3.349 3.361 3.373 3.386 3.398 3.411 3.423 3.436 3.448 3.46 3.473 3.485 3.498 3.5 3.482 3.448 3.415 3.381 3.347 3.313 3.279 3.245 3.212 3.178 3.144 3.11 3.076 3.042 3.008 2.927 2.831 2.829 2.734 2.543 2.353 2.162 1.972 1.781 1.591 1.4 1.21 1.019 0.829 0.638 0.448 0.257 0.067 0.0 0.0 0.0 0.0 0.0 0.0 0.0 0.0 0.0 0.0 0.0 0.0 0.0 0.0 0.0 0.0 0.0 0.0 0.0 0.0 0.0 0.0 0.0 0.0 0.0 0.0 0.0 0.0 0.0 0.0 0.0 0.0 0.0 0.0 0.0 0.0 0.0 0.0 0.0 0.0 0.0 0.0 0.0 0.0 0.0 0.0 0.0 0.0 0.0 0.0
4.045 4.04 4.035 4.03 4.013 3.994 3.975 3.956 3.938 3.919 3.9 3.881 3.863 3.843 3.823 3.803 3.783 3.763 3.743 3.723 3.704 3.686 3.668 3.65 3.632 3.614 3.596 3.578 3.56 3.542 3.524 3.506 3.488 3.47 3.452 3.434 3.401 3.414 3.426 3.439 3.451 3.463 3.476 3.488 3.501 3.513 3.525 3.538 3.55 3.563 3.575 3.588 3.599 3.58 3.547 3.513 3.479 3.445 3.411 3.377 3.344 3.31 3.276 3.242 3.208 3.174 3.14 3.107 3.073 2.989 2.921 2.731 2.54 2.349 2.159 1.968 1.778 1.587 1.397 1.206 1.016 0.825 0.635 0.444 0.254 0.063 0.0 0.0 0.0 0.0 0.0 0.0 0.0 0.0 0.0 0.0 0.0 0.0 0.0 0.0 0.0 0.0 0.0 0.0 0.0 0.0 0.0 0.0 0.0 0.0 0.0 0.0 0.0 0.0 0.0 0.0 0.0 0.0 0.0 0.0 0.0 0.0 0.0 0.0 0.0 0.0 0.0 0.0 0.0 0.0 0.0 0.0 0.0 0.0 0.0 0.0
4.026 4.021 4.016 4.011 3.993 3.974 3.956 3.937 3.918 3.899 3.881 3.862 3.843 3.824 3.805 3.787 3.768 3.749 3.73 3.708 3.682 3.665 3.648 3.632 3.615 3.598 3.582 3.565 3.548 3.532 3.515 3.498 3.482 3.465 3.448 3.431 3.444 3.458 3.472 3.485 3.499 3.513 3.526 3.54 3.554 3.567 3.581 3.595 3.608 3.622 3.636 3.649 3.663 3.64 3.608 3.576 3.544 3.512 3.48 3.448 3.416 3.384 3.352 3.32 3.288 3.256 3.224 3.192 3.16 3.118 2.926 2.733 2.54 2.348 2.156 1.965 1.775 1.584 1.394 1.203 1.013 0.822 0.632 0.441 0.251 0.06 0.0 0.0 0.0 0.0 0.0 0.0 0.0 0.0 0.0 0.0 0.0 0.0 0.0 0.0 0.0 0.0 0.0 0.0 0.0 0.0 0.0 0.0 0.0 0.0 0.0 0.0 0.0 0.0 0.0 0.0 0.0 0.0 0.0 0.0 0.0 0.0 0.0 0.0 0.0 0.0 0.0 0.0 0.0 0.0 0.0 0.0 0.0 0.0 0.0 0.0
4.007 4.002 3.997 3.992 3.974 3.955 3.936 3.917 3.899 3.88 3.861 3.842 3.823 3.805 3.786 3.767 3.748 3.729 3.71 3.675 3.649 3.632 3.616 3.599 3.582 3.565 3.549 3.532 3.515 3.499 3.482 3.465 3.449 3.432 3.415 3.421 3.459 3.472 3.486 3.5 3.513 3.527 3.54 3.554 3.568 3.581 3.595 3.609 3.622 3.636 3.65 3.663 3.653 3.626 3.594 3.562 3.53 3.498 3.466 3.434 3.402 3.37 3.338 3.306 3.274 3.242 3.21 3.178 3.148 3.143 3.054 2.861 2.668 2.475 2.283 2.09 1.897 1.705 1.512 1.319 1.127 0.934 0.741 0.549 0.356 0.163 0.0 0.0 0.0 0.0 0.0 0.0 0.0 0.0 0.0 0.0 0.0 0.0 0.0 0.0 0.0 0.0 0.0 0.0 0.0 0.0 0.0 0.0 0.0 0.0 0.0 0.0 0.0 0.0 0.0 0.0 0.0 0.0 0.0 0.0 0.0 0.0 0.0 0.0 0.0 0.0 0.0 0.0 0.0 0.0 0.0 0.0 0.0 0.0 0.0 0.0
3.987 3.982 3.977 3.972 3.954 3.935 3.917 3.898 3.879 3.86 3.841 3.823 3.804 3.785 3.766 3.747 3.729 3.71 3.676 3.642 3.616 3.599 3.583 3.566 3.549 3.532 3.516 3.499 3.482 3.466 3.449 3.432 3.416 3.399 3.396 3.435 3.473 3.486 3.5 3.514 3.527 3.541 3.555 3.568 3.582 3.596 3.609 3.623 3.637 3.65 3.664 3.658 3.639 3.612 3.58 3.548 3.516 3.484 3.452 3.42 3.388 3.356 3.324 3.292 3.26 3.228 3.196 3.164 3.164 3.157 3.107 2.989 2.796 2.603 2.411 2.218 2.025 1.833 1.64 1.447 1.254 1.062 0.869 0.676 0.484 0.291 0.121 0.0 0.0 0.0 0.0 0.0 0.0 0.0 0.0 0.0 0.0 0.0 0.0 0.0 0.0 0.0 0.0 0.0 0.0 0.0 0.0 0.0 0.0 0.0 0.0 0.0 0.0 0.0 0.0 0.0 0.0 0.0 0.0 0.0 0.0 0.0 0.0 0.0 0.0 0.0 0.0 0.0 0.0 0.0 0.0 0.0 0.0 0.0 0.0 0.0
3.968 3.963 3.958 3.953 3.935 3.916 3.897 3.878 3.859 3.841 3.822 3.803 3.784 3.765 3.747 3.728 3.709 3.678 3.643 3.608 3.583 3.566 3.55 3.533 3.516 3.5 3.483 3.466 3.449 3.433 3.416 3.399 3.383 3.372 3.411 3.45 3.487 3.501 3.514 3.528 3.541 3.555 3.569 3.582 3.596 3.61 3.623 3.637 3.651 3.664 3.664 3.645 3.626 3.598 3.566 3.534 3.502 3.47 3.438 3.406 3.374 3.342 3.31 3.278 3.246 3.214 3.182 3.177 3.179 3.172 3.121 3.071 2.924 2.731 2.538 2.346 2.153 1.96 1.768 1.575 1.382 1.19 0.997 0.804 0.611 0.419 0.249 0.088 0.0 0.0 0.0 0.0 0.0 0.0 0.0 0.0 0.0 0.0 0.0 0.0 0.0 0.0 0.0 0.0 0.0 0.0 0.0 0.0 0.0 0.0 0.0 0.0 0.0 0.0 0.0 0.0 0.0 0.0 0.0 0.0 0.0 0.0 0.0 0.0 0.0 0.0 0.0 0.0 0.0 0.0 0.0 0.0 0.0 0.0 0.0 0.0
3.949 3.944 3.939 3.934 3.915 3.896 3.877 3.859 3.84 3.821 3.802 3.783 3.765 3.746 3.727 3.708 3.68 3.645 3.61 3.575 3.55 3.533 3.517 3.5 3.483 3.467 3.45 3.433 3.417 3.4 3.383 3.366 3.35 3.386 3.425 3.464 3.501 3.515 3.528 3.542 3.556 3.569 3.583 3.597 3.61 3.624 3.638 3.651 3.665 3.669 3.65 3.631 3.612 3.584 3.552 3.52 3.488 3.456 3.424 3.392 3.36 3.328 3.296 3.264 3.232 3.2 3.19 3.192 3.195 3.187 3.136 3.085 3.035 2.859 2.666 2.474 2.281 2.088 1.895 1.703 1.51 1.317 1.125 0.932 0.739 0.547 0.378 0.217 0.056 0.0 0.0 0.0 0.0 0.0 0.0 0.0 0.0 0.0 0.0 0.0 0.0 0.0 0.0 0.0 0.0 0.0 0.0 0.0 0.0 0.0 0.0 0.0 0.0 0.0 0.0 0.0 0.0 0.0 0.0 0.0 0.0 0.0 0.0 0.0 0.0 0.0 0.0 0.0 0.0 0.0 0.0 0.0 0.0 0.0 0.0 0.0
3.929 3.924 3.919 3.914 3.895 3.877 3.858 3.839 3.82 3.801 3.783 3.764 3.745 3.726 3.708 3.681 3.646 3.612 3.577 3.542 3.517 3.5 3.484 3.467 3.45 3.434 3.417 3.4 3.384 3.367 3.35 3.334 3.362 3.401 3.44 3.479 3.515 3.529 3.542 3.556 3.57 3.583 3.597 3.611 3.624 3.638 3.652 3.665 3.674 3.655 3.636 3.617 3.598 3.57 3.538 3.506 3.474 3.442 3.41 3.378 3.346 3.314 3.282 3.25 3.218 3.202 3.205 3.208 3.21 3.201 3.151 3.1 3.049 2.987 2.794 2.601 2.409 2.216 2.023 1.831 1.638 1.445 1.253 1.06 0.867 0.674 0.506 0.345 0.184 0.023 0.0 0.0 0.0 0.0 0.0 0.0 0.0 0.0 0.0 0.0 0.0 0.0 0.0 0.0 0.0 0.0 0.0 0.0 0.0 0.0 0.0 0.0 0.0 0.0 0.0 0.0 0.0 0.0 0.0 0.0 0.0 0.0 0.0 0.0 0.0 0.0 0.0 0.0 0.0 0.0 0.0 0.0 0.0 0.0 0.0 0.0
3.91 3.905 3.9 3.895 3.876 3.857 3.838 3.819 3.801 3.782 3.763 3.744 3.726 3.707 3.683 3.648 3.613 3.578 3.544 3.509 3.484 3.468 3.451 3.434 3.417 3.401 3.384 3.367 3.351 3.334 3.317 3.337 3.376 3.415 3.454 3.494 3.529 3.543 3.557 3.57 3.584 3.598 3.611 3.625 3.639 3.652 3.666 3.679 3.661 3.642 3.622 3.603 3.584 3.556 3.524 3.492 3.46 3.428 3.396 3.364 3.332 3.3 3.268 3.236 3.215 3.218 3.221 3.223 3.226 3.216 3.165 3.115 3.064 3.013 2.922 2.729 2.537 2.344 2.151 1.958 1.766 1.573 1.38 1.188 0.995 0.802 0.634 0.473 0.312 0.151 0.0 0.0 0.0 0.0 0.0 0.0 0.0 0.0 0.0 0.0 0.0 0.0 0.0 0.0 0.0 0.0 0.0 0.0 0.0 0.0 0.0 0.0 0.0 0.0 0.0 0.0 0.0 0.0 0.0 0.0 0.0 0.0 0.0 0.0 0.0 0.0 0.0 0.0 0.0 0.0 0.0 0.0 0.0 0.0 0.0 0.0
3.891 3.886 3.881 3.875 3.856 3.837 3.819 3.8 3.781 3.762 3.744 3.725 3.706 3.684 3.65 3.615 3.58 3.545 3.51 3.475 3.451 3.435 3.418 3.401 3.384 3.368 3.351 3.334 3.318 3.301 3.313 3.352 3.391 3.43 3.469 3.508 3.543 3.557 3.571 3.584 3.598 3.612 3.625 3.639 3.653 3.666 3.68 3.666 3.647 3.628 3.609 3.59 3.571 3.542 3.51 3.478 3.446 3.414 3.382 3.35 3.318 3.286 3.254 3.228 3.231 3.234 3.236 3.239 3.241 3.231 3.18 3.129 3.079 3.028 2.977 2.857 2.664 2.472 2.279 2.086 1.894 1.701 1.508 1.315 1.123 0.93 0.763 0.602 0.441 0.28 0.118 0.0 0.0 0.0 0.0 0.0 0.0 0.0 0.0 0.0 0.0 0.0 0.0 0.0 0.0 0.0 0.0 0.0 0.0 0.0 0.0 0.0 0.0 0.0 0.0 0.0 0.0 0.0 0.0 0.0 0.0 0.0 0.0 0.0 0.0 0.0 0.0 0.0 0.0 0.0 0.0 0.0 0.0 0.0 0.0 0.0
3.871 3.866 3.861 3.855 3.837 3.818 3.799 3.78 3.762 3.743 3.724 3.705 3.686 3.651 3.616 3.582 3.547 3.512 3.477 3.442 3.418 3.402 3.385 3.368 3.352 3.335 3.318 3.301 3.285 3.288 3.327 3.366 3.405 3.445 3.484 3.523 3.558 3.571 3.585 3.599 3.612 3.626 3.64 3.653 3.667 3.68 3.671 3.652 3.633 3.614 3.595 3.576 3.557 3.528 3.496 3.464 3.432 3.4 3.368 3.336 3.304 3.272 3.241 3.244 3.246 3.249 3.252 3.254 3.257 3.245 3.195 3.144 3.093 3.042 2.992 2.941 2.792 2.599 2.407 2.214 2.021 1.829 1.636 1.443 1.251 1.058 0.891 0.73 0.569 0.408 0.247 0.086 0.0 0.0 0.0 0.0 0.0 0.0 0.0 0.0 0.0 0.0 0.0 0.0 0.0 0.0 0.0 0.0 0.0 0.0 0.0 0.0 0.0 0.0 0.0 0.0 0.0 0.0 0.0 0.0 0.0 0.0 0.0 0.0 0.0 0.0 0.0 0.0 0.0 0.0 0.0 0.0 0.0 0.0 0.0 0.0
3.852 3.847 3.842 3.836 3.817 3.798 3.78 3.761 3.742 3.723 3.704 3.686 3.653 3.618 3.583 3.548 3.513 3.479 3.444 3.409 3.385 3.369 3.352 3.335 3.319 3.302 3.285 3.269 3.264 3.303 3.342 3.381 3.42 3.459 3.498 3.537 3.572 3.585 3.599 3.613 3.626 3.64 3.654 3.667 3.681 3.677 3.658 3.638 3.619 3.6 3.581 3.562 3.543 3.514 3.482 3.45 3.418 3.386 3.354 3.322 3.29 3.258 3.257 3.259 3.262 3.265 3.267 3.27 3.272 3.26 3.209 3.159 3.108 3.057 3.006 2.956 2.905 2.727 2.535 2.342 2.149 1.957 1.764 1.571 1.378 1.186 1.019 0.858 0.697 0.536 0.375 0.214 0.053 0.0 0.0 0.0 0.0 0.0 0.0 0.0 0.0 0.0 0.0 0.0 0.0 0.0 0.0 0.0 0.0 0.0 0.0 0.0 0.0 0.0 0.0 0.0 0.0 0.0 0.0 0.0 0.0 0.0 0.0 0.0 0.0 0.0 0.0 0.0 0.0 0.0 0.0 0.0 0.0 0.0 0.0 0.0
3.833 3.828 3.823 3.816 3.798 3.779 3.76 3.741 3.722 3.704 3.685 3.654 3.62 3.585 3.55 3.515 3.48 3.445 3.411 3.376 3.352 3.336 3.319 3.302 3.286 3.269 3.252 3.239 3.278 3.317 3.357 3.396 3.435 3.474 3.513 3.552 3.586 3.6 3.613 3.627 3.641 3.654 3.668 3.681 3.682 3.663 3.644 3.625 3.606 3.586 3.567 3.548 3.529 3.5 3.468 3.436 3.404 3.372 3.34 3.308 3.276 3.27 3.272 3.275 3.277 3.28 3.283 3.285 3.288 3.275 3.224 3.173 3.122 3.072 3.021 2.97 2.92 2.855 2.662 2.47 2.277 2.084 1.892 1.699 1.506 1.314 1.148 0.987 0.826 0.665 0.504 0.342 0.181 0.02 0.0 0.0 0.0 0.0 0.0 0.0 0.0 0.0 0.0 0.0 0.0 0.0 0.0 0.0 0.0 0.0 0.0 0.0 0.0 0.0 0.0 0.0 0.0 0.0 0.0 0.0 0.0 0.0 0.0 0.0 0.0 0.0 0.0 0.0 0.0 0.0 0.0 0.0 0.0 0.0 0.0 0.0
3.813 3.808 3.803 3.797 3.778 3.759 3.74 3.722 3.703 3.684 3.656 3.621 3.586 3.551 3.517 3.482 3.447 3.412 3.377 3.343 3.32 3.303 3.286 3.269 3.253 3.236 3.219 3.254 3.293 3.332 3.371 3.41 3.449 3.488 3.527 3.566 3.6 3.614 3.627 3.641 3.655 3.668 3.682 3.687 3.668 3.649 3.63 3.611 3.592 3.573 3.554 3.535 3.515 3.487 3.455 3.423 3.391 3.359 3.327 3.295 3.283 3.285 3.288 3.29 3.293 3.296 3.298 3.301 3.303 3.289 3.239 3.188 3.137 3.086 3.036 2.985 2.934 2.884 2.79 2.598 2.405 2.212 2.019 1.827 1.634 1.441 1.276 1.115 0.954 0.793 0.632 0.471 0.31 0.149 0.0 0.0 0.0 0.0 0.0 0.0 0.0 0.0 0.0 0.0 0.0 0.0 0.0 0.0 0.0 0.0 0.0 0.0 0.0 0.0 0.0 0.0 0.0 0.0 0.0 0.0 0.0 0.0 0.0 0.0 0.0 0.0 0.0 0.0 0.0 0.0 0.0 0.0 0.0 0.0 0.0 0.0
3.794 3.789 3.784 3.777 3.758 3.74 3.721 3.702 3.683 3.658 3.623 3.588 3.553 3.518 3.483 3.449 3.414 3.379 3.344 3.309 3.287 3.27 3.253 3.236 3.22 3.203 3.229 3.268 3.308 3.347 3.386 3.425 3.464 3.503 3.542 3.581 3.614 3.628 3.642 3.655 3.669 3.682 3.693 3.674 3.654 3.635 3.616 3.597 3.578 3.559 3.54 3.521 3.502 3.473 3.441 3.409 3.377 3.345 3.313 3.296 3.298 3.301 3.303 3.306 3.309 3.311 3.314 3.316 3.319 3.304 3.253 3.202 3.152 3.101 3.05 3.0 2.949 2.898 2.847 2.725 2.533 2.34 2.147 1.955 1.762 1.569 1.405 1.243 1.082 0.921 0.76 0.599 0.438 0.277 0.116 0.0 0.0 0.0 0.0 0.0 0.0 0.0 0.0 0.0 0.0 0.0 0.0 0.0 0.0 0.0 0.0 0.0 0.0 0.0 0.0 0.0 0.0 0.0 0.0 0.0 0.0 0.0 0.0 0.0 0.0 0.0 0.0 0.0 0.0 0.0 0.0 0.0 0.0 0.0 0.0 0.0
3.775 3.77 3.764 3.758 3.739 3.72 3.701 3.683 3.659 3.624 3.589 3.555 3.52 3.485 3.45 3.415 3.381 3.346 3.311 3.276 3.254 3.237 3.22 3.204 3.187 3.205 3.244 3.283 3.322 3.361 3.4 3.439 3.478 3.517 3.556 3.595 3.628 3.642 3.656 3.669 3.683 3.697 3.679 3.66 3.641 3.622 3.602 3.583 3.564 3.545 3.526 3.507 3.488 3.459 3.427 3.395 3.363 3.331 3.308 3.311 3.314 3.316 3.319 3.321 3.324 3.327 3.329 3.332 3.334 3.319 3.268 3.217 3.166 3.116 3.065 3.014 2.964 2.913 2.862 2.811 2.661 2.468 2.275 2.082 1.89 1.697 1.533 1.372 1.211 1.05 0.889 0.727 0.566 0.405 0.244 0.083 0.0 0.0 0.0 0.0 0.0 0.0 0.0 0.0 0.0 0.0 0.0 0.0 0.0 0.0 0.0 0.0 0.0 0.0 0.0 0.0 0.0 0.0 0.0 0.0 0.0 0.0 0.0 0.0 0.0 0.0 0.0 0.0 0.0 0.0 0.0 0.0 0.0 0.0 0.0 0.0
3.755 3.75 3.745 3.738 3.719 3.701 3.682 3.661 3.626 3.591 3.556 3.521 3.487 3.452 3.417 3.382 3.347 3.312 3.278 3.243 3.221 3.204 3.187 3.171 3.18 3.219 3.259 3.298 3.337 3.376 3.415 3.454 3.493 3.532 3.571 3.61 3.643 3.656 3.67 3.683 3.697 3.684 3.665 3.646 3.627 3.608 3.589 3.57 3.551 3.531 3.512 3.493 3.474 3.445 3.413 3.381 3.349 3.321 3.324 3.327 3.329 3.332 3.334 3.337 3.34 3.342 3.345 3.347 3.35 3.333 3.282 3.232 3.181 3.13 3.08 3.029 2.978 2.927 2.877 2.826 2.775 2.596 2.403 2.21 2.018 1.825 1.661 1.5 1.339 1.178 1.017 0.856 0.695 0.534 0.373 0.212 0.05 0.0 0.0 0.0 0.0 0.0 0.0 0.0 0.0 0.0 0.0 0.0 0.0 0.0 0.0 0.0 0.0 0.0 0.0 0.0 0.0 0.0 0.0 0.0 0.0 0.0 0.0 0.0 0.0 0.0 0.0 0.0 0.0 0.0 0.0 0.0 0.0 0.0 0.0 0.0
3.736 3.731 3.726 3.719 3.7 3.681 3.662 3.627 3.593 3.558 3.523 3.488 3.453 3.419 3.384 3.349 3.314 3.279 3.244 3.21 3.188 3.171 3.154 3.156 3.195 3.234 3.273 3.312 3.351 3.39 3.429 3.468 3.507 3.546 3.585 3.625 3.657 3.67 3.684 3.698 3.69 3.67 3.651 3.632 3.613 3.594 3.575 3.556 3.537 3.518 3.499 3.479 3.46 3.431 3.399 3.367 3.335 3.337 3.34 3.342 3.345 3.347 3.35 3.353 3.355 3.358 3.36 3.363 3.366 3.348 3.297 3.246 3.196 3.145 3.094 3.044 2.993 2.942 2.891 2.841 2.79 2.723 2.531 2.338 2.145 1.953 1.79 1.629 1.467 1.306 1.145 0.984 0.823 0.662 0.501 0.34 0.179 0.018 0.0 0.0 0.0 0.0 0.0 0.0 0.0 0.0 0.0 0.0 0.0 0.0 0.0 0.0 0.0 0.0 0.0 0.0 0.0 0.0 0.0 0.0 0.0 0.0 0.0 0.0 0.0 0.0 0.0 0.0 0.0 0.0 0.0 0.0 0.0 0.0 0.0 0.0
3.747 3.711 3.706 3.699 3.68 3.661 3.629 3.594 3.559 3.525 3.49 3.455 3.42 3.385 3.351 3.316 3.281 3.246 3.211 3.176 3.155 3.138 3.131 3.171 3.21 3.249 3.288 3.327 3.366 3.405 3.444 3.483 3.522 3.561 3.6 3.639 3.671 3.684 3.698 3.695 3.676 3.657 3.638 3.618 3.599 3.58 3.561 3.542 3.523 3.504 3.485 3.466 3.447 3.417 3.385 3.353 3.35 3.352 3.355 3.358 3.36 3.363 3.365 3.368 3.371 3.373 3.376 3.378 3.381 3.362 3.312 3.261 3.21 3.16 3.109 3.058 3.007 2.957 2.906 2.855 2.805 2.754 2.659 2.466 2.273 2.081 1.918 1.757 1.596 1.435 1.274 1.113 0.951 0.79 0.629 0.468 0.307 0.146 0.0 0.0 0.0 0.0 0.0 0.0 0.0 0.0 0.0 0.0 0.0 0.0 0.0 0.0 0.0 0.0 0.0 0.0 0.0 0.0 0.0 0.0 0.0 0.0 0.0 0.0 0.0 0.0 0.0 0.0 0.0 0.0 0.0 0.0 0.0 0.0 0.0 0.0
3.772 3.712 3.687 3.679 3.661 3.631 3.596 3.561 3.526 3.491 3.457 3.422 3.387 3.352 3.317 3.282 3.248 3.213 3.178 3.143 3.122 3.107 3.146 3.185 3.224 3.263 3.302 3.341 3.38 3.419 3.458 3.497 3.537 3.576 3.615 3.654 3.685 3.699 3.7 3.681 3.662 3.643 3.624 3.605 3.586 3.566 3.547 3.528 3.509 3.49 3.471 3.452 3.433 3.403 3.371 3.363 3.365 3.368 3.371 3.373 3.376 3.378 3.381 3.384 3.386 3.389 3.391 3.394 3.397 3.377 3.326 3.276 3.225 3.174 3.124 3.073 3.022 2.971 2.921 2.87 2.819 2.769 2.718 2.594 2.401 2.208 2.046 1.885 1.724 1.563 1.402 1.241 1.08 0.919 0.758 0.597 0.436 0.274 0.113 0.0 0.0 0.0 0.0 0.0 0.0 0.0 0.0 0.0 0.0 0.0 0.0 0.0 0.0 0.0 0.0 0.0 0.0 0.0 0.0 0.0 0.0 0.0 0.0 0.0 0.0 0.0 0.0 0.0 0.0 0.0 0.0 0.0 0.0 0.0 0.0 0.0
3.796 3.736 3.676 3.66 3.632 3.597 3.563 3.528 3.493 3.458 3.423 3.389 3.354 3.319 3.284 3.249 3.214 3.18 3.145 3.11 3.089 3.122 3.161 3.2 3.239 3.278 3.317 3.356 3.395 3.434 3.473 3.512 3.551 3.59 3.629 3.668 3.699 3.706 3.686 3.667 3.648 3.629 3.61 3.591 3.572 3.553 3.534 3.515 3.495 3.476 3.457 3.438 3.419 3.389 3.376 3.378 3.381 3.383 3.386 3.389 3.391 3.394 3.397 3.399 3.402 3.404 3.407 3.41 3.412 3.392 3.341 3.29 3.24 3.189 3.138 3.087 3.037 2.986 2.935 2.885 2.834 2.783 2.732 2.682 2.529 2.336 2.175 2.014 1.853 1.691 1.53 1.369 1.208 1.047 0.886 0.725 0.564 0.403 0.242 0.081 0.0 0.0 0.0 0.0 0.0 0.0 0.0 0.0 0.0 0.0 0.0 0.0 0.0 0.0 0.0 0.0 0.0 0.0 0.0 0.0 0.0 0.0 0.0 0.0 0.0 0.0 0.0 0.0 0.0 0.0 0.0 0.0 0.0 0.0 0.0 0.0
3.92 3.854 3.788 3.641 3.606 3.57 3.535 3.499 3.464 3.429 3.393 3.358 3.323 3.287 3.252 3.217 3.181 3.146 3.112 3.077 3.097 3.136 3.175 3.214 3.253 3.292 3.331 3.37 3.409 3.448 3.488 3.527 3.566 3.605 3.644 3.683 3.711 3.692 3.673 3.654 3.634 3.615 3.596 3.577 3.558 3.539 3.52 3.501 3.482 3.463 3.443 3.424 3.405 3.389 3.391 3.394 3.396 3.399 3.402 3.404 3.407 3.409 3.412 3.415 3.417 3.42 3.422 3.425 3.428 3.406 3.356 3.305 3.254 3.204 3.153 3.102 3.051 3.001 2.95 2.899 2.849 2.798 2.747 2.696 2.646 2.464 2.303 2.142 1.981 1.82 1.659 1.498 1.337 1.175 1.014 0.853 0.692 0.531 0.37 0.209 0.048 0.0 0.0 0.0 0.0 0.0 0.0 0.0 0.0 0.0 0.0 0.0 0.0 0.0 0.0 0.0 0.0 0.0 0.0 0.0 0.0 0.0 0.0 0.0 0.0 0.0 0.0 0.0 0.0 0.0 0.0 0.0 0.0 0.0 0.0 0.0
4.333 4.267 4.068 3.616 3.606 3.571 3.535 3.5 3.464 3.429 3.394 3.358 3.323 3.288 3.252 3.217 3.182 3.146 3.111 3.076 3.07 3.11 3.15 3.19 3.229 3.269 3.309 3.349 3.388 3.428 3.468 3.508 3.547 3.587 3.627 3.667 3.7 3.689 3.67 3.65 3.631 3.612 3.592 3.573 3.554 3.534 3.515 3.495 3.476 3.457 3.437 3.418 3.399 3.399 3.402 3.405 3.408 3.411 3.413 3.416 3.419 3.422 3.425 3.427 3.43 3.433 3.436 3.439 3.441 3.417 3.367 3.317 3.266 3.216 3.166 3.116 3.065 3.015 2.965 2.914 2.863 2.812 2.762 2.711 2.66 2.592 2.431 2.27 2.109 1.948 1.787 1.626 1.465 1.304 1.143 0.982 0.821 0.66 0.498 0.337 0.176 0.015 0.0 0.0 0.0 0.0 0.0 0.0 0.0 0.0 0.0 0.0 0.0 0.0 0.0 0.0 0.0 0.0 0.0 0.0 0.0 0.0 0.0 0.0 0.0 0.0 0.0 0.0 0.0 0.0 0.0 0.0 0.0 0.0 0.0 0.0
4.747 4.626 4.033 3.59 3.588 3.571 3.536 3.5 3.465 3.43 3.394 3.359 3.323 3.288 3.253 3.217 3.182 3.147 3.111 3.076 3.07 3.081 3.12 3.16 3.2 3.24 3.279 3.319 3.359 3.399 3.438 3.478 3.518 3.558 3.597 3.637 3.67 3.692 3.673 3.654 3.634 3.615 3.596 3.576 3.557 3.537 3.518 3.499 3.479 3.46 3.441 3.421 3.402 3.403 3.406 3.409 3.411 3.414 3.417 3.42 3.423 3.425 3.428 3.431 3.434 3.437 3.439 3.442 3.437 3.404 3.354 3.303 3.253 3.203 3.153 3.102 3.052 3.002 2.952 2.901 2.851 2.801 2.751 2.7 2.65 2.636 2.562 2.401 2.24 2.079 1.918 1.757 1.596 1.434 1.273 1.112 0.951 0.79 0.629 0.468 0.306 0.145 0.0 0.0 0.0 0.0 0.0 0.0 0.0 0.0 0.0 0.0 0.0 0.0 0.0 0.0 0.0 0.0 0.0 0.0 0.0 0.0 0.0 0.0 0.0 0.0 0.0 0.0 0.0 0.0 0.0 0.0 0.0 0.0 0.0 0.004
5.16 4.591 3.997 3.564 3.562 3.56 3.536 3.501 3.465 3.43 3.395 3.359 3.324 3.289 3.253 3.218 3.182 3.147 3.112 3.076 3.071 3.073 3.091 3.13 3.17 3.21 3.25 3.29 3.329 3.369 3.409 3.449 3.488 3.528 3.568 3.608 3.641 3.663 3.676 3.657 3.638 3.618 3.599 3.579 3.56 3.541 3.521 3.502 3.483 3.463 3.444 3.424 3.405 3.407 3.409 3.412 3.415 3.418 3.421 3.423 3.426 3.429 3.432 3.435 3.437 3.44 3.443 3.44 3.424 3.391 3.34 3.29 3.24 3.19 3.139 3.089 3.039 2.989 2.938 2.888 2.838 2.788 2.737 2.687 2.667 2.665 2.633 2.533 2.371 2.21 2.049 1.888 1.727 1.566 1.405 1.243 1.082 0.921 0.76 0.599 0.438 0.277 0.113 0.0 0.0 0.0 0.0 0.0 0.0 0.0 0.0 0.0 0.0 0.0 0.0 0.0 0.0 0.0 0.0 0.0 0.0 0.0 0.0 0.0 0.0 0.0 0.0 0.0 0.0 0.0 0.0 0.0 0.0 0.0 0.149 0.249
5.149 4.555 3.962 3.538 3.536 3.534 3.532 3.501 3.466 3.43 3.395 3.36 3.324 3.289 3.254 3.218 3.183 3.148 3.112 3.077 3.072 3.074 3.075 3.101 3.141 3.18 3.22 3.26 3.3 3.34 3.379 3.419 3.459 3.499 3.538 3.578 3.611 3.633 3.655 3.66 3.641 3.621 3.602 3.583 3.563 3.544 3.525 3.505 3.486 3.466 3.447 3.428 3.408 3.41 3.413 3.416 3.419 3.421 3.424 3.427 3.43 3.433 3.435 3.438 3.441 3.444 3.444 3.427 3.411 3.377 3.327 3.277 3.227 3.176 3.126 3.076 3.026 2.975 2.925 2.875 2.825 2.774 2.724 2.697 2.696 2.693 2.661 2.63 2.503 2.342 2.18 2.019 1.858 1.697 1.536 1.375 1.214 1.053 0.891 0.73 0.569 0.408 0.245 0.08 0.0 0.0 0.0 0.0 0.0 0.0 0.0 0.0 0.0 0.0 0.0 0.0 0.0 0.0 0.0 0.0 0.0 0.0 0.0 0.0 0.0 0.0 0.0 0.0 0.0 0.0 0.0 0.0 0.0 0.112 0.368 0.464
5.113 4.52 3.926 3.512 3.51 3.508 3.506 3.502 3.466 3.431 3.395 3.36 3.325 3.289 3.254 3.219 3.183 3.148 3.113 3.077 3.073 3.075 3.076 3.078 3.111 3.151 3.191 3.23 3.27 3.31 3.35 3.389 3.429 3.469 3.509 3.549 3.581 3.603 3.625 3.647 3.644 3.625 3.605 3.586 3.567 3.547 3.528 3.508 3.489 3.47 3.45 3.431 3.411 3.414 3.417 3.419 3.422 3.425 3.428 3.431 3.433 3.436 3.439 3.442 3.445 3.447 3.431 3.415 3.398 3.364 3.314 3.264 3.213 3.163 3.113 3.063 3.012 2.962 2.912 2.862 2.811 2.761 2.727 2.726 2.725 2.721 2.689 2.658 2.626 2.473 2.312 2.151 1.99 1.828 1.667 1.506 1.345 1.184 1.023 0.862 0.701 0.539 0.376 0.211 0.046 0.0 0.0 0.0 0.0 0.0 0.0 0.0 0.0 0.0 0.0 0.0 0.0 0.0 0.0 0.0 0.0 0.0 0.0 0.0 0.0 0.0 0.0 0.0 0.0 0.0 0.0 0.0 0.074 0.331 0.587 0.679
5.077 4.484 3.89 3.485 3.483 3.481 3.479 3.477 3.467 3.431 3.396 3.361 3.325 3.29 3.254 3.219 3.184 3.148 3.113 3.078 3.074 3.076 3.077 3.079 3.082 3.121 3.161 3.201 3.241 3.28 3.32 3.36 3.4 3.439 3.479 3.519 3.551 3.573 3.595 3.617 3.639 3.628 3.608 3.589 3.57 3.55 3.531 3.512 3.492 3.473 3.453 3.434 3.415 3.417 3.42 3.423 3.426 3.429 3.431 3.434 3.437 3.44 3.443 3.445 3.448 3.435 3.418 3.402 3.386 3.351 3.3 3.25 3.2 3.15 3.099 3.049 2.999 2.949 2.899 2.848 2.798 2.756 2.755 2.754 2.753 2.749 2.717 2.686 2.654 2.604 2.443 2.282 2.121 1.96 1.799 1.638 1.476 1.315 1.154 0.993 0.832 0.671 0.507 0.342 0.177 0.012 0.0 0.0 0.0 0.0 0.0 0.0 0.0 0.0 0.0 0.0 0.0 0.0 0.0 0.0 0.0 0.0 0.0 0.0 0.0 0.0 0.0 0.0 0.0 0.0 0.0 0.037 0.293 0.55 0.806 0.894
5.042 4.448 3.855 3.459 3.457 3.455 3.453 3.451 3.449 3.432 3.396 3.361 3.326 3.29 3.255 3.219 3.184 3.149 3.113 3.078 3.076 3.077 3.078 3.08 3.081 3.092 3.132 3.171 3.211 3.251 3.291 3.33 3.37 3.41 3.45 3.489 3.521 3.543 3.565 3.587 3.61 3.631 3.612 3.592 3.573 3.554 3.534 3.515 3.495 3.476 3.457 3.437 3.418 3.421 3.424 3.427 3.429 3.432 3.435 3.438 3.441 3.443 3.446 3.449 3.438 3.422 3.406 3.389 3.373 3.337 3.287 3.237 3.187 3.136 3.086 3.036 2.986 2.935 2.885 2.835 2.786 2.785 2.784 2.783 2.782 2.777 2.745 2.714 2.682 2.651 2.575 2.413 2.252 2.091 1.93 1.769 1.608 1.447 1.285 1.124 0.963 0.802 0.638 0.474 0.309 0.144 0.0 0.0 0.0 0.0 0.0 0.0 0.0 0.0 0.0 0.0 0.0 0.0 0.0 0.0 0.0 0.0 0.0 0.0 0.0 0.0 0.0 0.0 0.0 0.0 0.0 0.256 0.512 0.768 1.025 1.11
5.006 4.413 3.819 3.433 3.431 3.429 3.427 3.425 3.423 3.421 3.397 3.361 3.326 3.291 3.255 3.22 3.185 3.149 3.114 3.078 3.077 3.078 3.079 3.081 3.082 3.084 3.102 3.142 3.182 3.221 3.261 3.301 3.341 3.38 3.42 3.46 3.491 3.513 3.536 3.558 3.58 3.602 3.615 3.596 3.576 3.557 3.537 3.518 3.499 3.479 3.46 3.441 3.422 3.425 3.427 3.43 3.433 3.436 3.439 3.441 3.444 3.447 3.45 3.442 3.426 3.409 3.393 3.377 3.36 3.324 3.274 3.224 3.173 3.123 3.073 3.023 2.972 2.922 2.872 2.822 2.815 2.814 2.813 2.811 2.81 2.805 2.774 2.742 2.71 2.679 2.647 2.545 2.384 2.222 2.061 1.9 1.739 1.578 1.417 1.256 1.095 0.933 0.77 0.605 0.44 0.275 0.11 0.0 0.0 0.0 0.0 0.0 0.0 0.0 0.0 0.0 0.0 0.0 0.0 0.0 0.0 0.0 0.0 0.0 0.0 0.0 0.0 0.0 0.0 0.0 0.218 0.475 0.731 0.987 1.243 1.325
4.971 4.377 3.784 3.407 3.405 3.403 3.401 3.399 3.397 3.395 3.393 3.362 3.326 3.291 3.256 3.22 3.185 3.15 3.114 3.079 3.078 3.079 3.08 3.082 3.083 3.085 3.086 3.112 3.152 3.192 3.232 3.271 3.311 3.351 3.391 3.43 3.462 3.484 3.506 3.528 3.55 3.572 3.594 3.599 3.579 3.56 3.541 3.521 3.502 3.483 3.463 3.444 3.425 3.428 3.431 3.434 3.437 3.439 3.442 3.445 3.448 3.451 3.446 3.429 3.413 3.396 3.38 3.364 3.347 3.311 3.261 3.21 3.16 3.11 3.06 3.009 2.959 2.909 2.859 2.845 2.843 2.842 2.841 2.84 2.839 2.833 2.802 2.77 2.739 2.707 2.676 2.644 2.515 2.354 2.193 2.032 1.87 1.709 1.548 1.387 1.226 1.065 0.901 0.736 0.571 0.406 0.241 0.077 0.0 0.0 0.0 0.0 0.0 0.0 0.0 0.0 0.0 0.0 0.0 0.0 0.0 0.0 0.0 0.0 0.0 0.0 0.0 0.0 0.0 0.181 0.437 0.693 0.95 1.206 1.462 1.54
4.935 4.342 3.748 3.381 3.379 3.377 3.375 3.373 3.371 3.369 3.367 3.362 3.327 3.291 3.256 3.221 3.185 3.15 3.115 3.079 3.079 3.08 3.081 3.083 3.084 3.086 3.087 3.089 3.122 3.162 3.202 3.242 3.281 3.321 3.361 3.401 3.432 3.454 3.476 3.498 3.52 3.542 3.564 3.586 3.583 3.563 3.544 3.525 3.505 3.486 3.466 3.447 3.429 3.432 3.435 3.437 3.44 3.443 3.446 3.449 3.451 3.449 3.433 3.416 3.4 3.384 3.367 3.351 3.335 3.298 3.247 3.197 3.147 3.097 3.046 2.996 2.946 2.896 2.874 2.873 2.872 2.871 2.87 2.869 2.868 2.861 2.83 2.798 2.767 2.735 2.704 2.672 2.641 2.485 2.324 2.163 2.002 1.841 1.68 1.518 1.357 1.196 1.032 0.867 0.703 0.538 0.373 0.208 0.043 0.0 0.0 0.0 0.0 0.0 0.0 0.0 0.0 0.0 0.0 0.0 0.0 0.0 0.0 0.0 0.0 0.0 0.0 0.0 0.144 0.4 0.656 0.912 1.169 1.425 1.681 1.755
4.9 4.306 3.713 3.355 3.353 3.35 3.348 3.346 3.344 3.342 3.34 3.338 3.327 3.292 3.257 3.221 3.186 3.15 3.115 3.08 3.08 3.081 3.082 3.084 3.085 3.087 3.088 3.09 3.093 3.133 3.172 3.212 3.252 3.292 3.331 3.371 3.402 3.424 3.446 3.468 3.49 3.512 3.534 3.556 3.579 3.567 3.547 3.528 3.508 3.489 3.47 3.45 3.433 3.435 3.438 3.441 3.444 3.447 3.449 3.452 3.453 3.436 3.42 3.404 3.387 3.371 3.355 3.338 3.322 3.284 3.234 3.184 3.134 3.083 3.033 2.983 2.933 2.904 2.903 2.902 2.901 2.9 2.898 2.897 2.896 2.889 2.858 2.826 2.795 2.763 2.732 2.7 2.669 2.617 2.455 2.294 2.133 1.972 1.811 1.65 1.489 1.328 1.164 0.999 0.834 0.669 0.504 0.339 0.174 0.009 0.0 0.0 0.0 0.0 0.0 0.0 0.0 0.0 0.0 0.0 0.0 0.0 0.0 0.0 0.0 0.0 0.0 0.106 0.362 0.619 0.875 1.131 1.387 1.644 1.9 1.97
4.864 4.271 3.677 3.328 3.326 3.324 3.322 3.32 3.318 3.316 3.314 3.312 3.31 3.292 3.257 3.222 3.186 3.151 3.116 3.08 3.081 3.082 3.083 3.085 3.086 3.088 3.089 3.091 3.092 3.103 3.143 3.183 3.222 3.262 3.302 3.342 3.372 3.394 3.416 3.438 3.46 3.482 3.505 3.527 3.549 3.57 3.55 3.531 3.512 3.492 3.473 3.453 3.436 3.439 3.442 3.444 3.447 3.45 3.453 3.456 3.44 3.424 3.407 3.391 3.375 3.358 3.342 3.326 3.309 3.271 3.221 3.17 3.12 3.07 3.02 2.969 2.934 2.933 2.931 2.93 2.929 2.928 2.927 2.926 2.925 2.918 2.886 2.854 2.823 2.791 2.76 2.728 2.697 2.665 2.587 2.426 2.265 2.103 1.942 1.781 1.62 1.459 1.295 1.13 0.965 0.8 0.635 0.47 0.306 0.141 0.0 0.0 0.0 0.0 0.0 0.0 0.0 0.0 0.0 0.0 0.0 0.0 0.0 0.0 0.0 0.0 0.069 0.325 0.581 0.837 1.094 1.35 1.606 1.862 2.119 2.185
4.828 4.235 3.641 3.302 3.3 3.298 3.296 3.294 3.292 3.29 3.288 3.286 3.284 3.282 3.257 3.222 3.187 3.151 3.116 3.081 3.082 3.083 3.084 3.086 3.087 3.089 3.09 3.092 3.093 3.095 3.113 3.153 3.193 3.233 3.272 3.312 3.342 3.364 3.386 3.408 3.431 3.453 3.475 3.497 3.519 3.541 3.554 3.534 3.515 3.495 3.476 3.457 3.44 3.442 3.445 3.448 3.451 3.454 3.456 3.444 3.427 3.411 3.395 3.378 3.362 3.346 3.329 3.313 3.296 3.258 3.207 3.157 3.107 3.057 3.006 2.963 2.962 2.961 2.96 2.959 2.958 2.957 2.956 2.955 2.954 2.946 2.914 2.883 2.851 2.82 2.788 2.756 2.725 2.693 2.662 2.557 2.396 2.235 2.074 1.912 1.751 1.59 1.426 1.261 1.096 0.931 0.767 0.602 0.437 0.272 0.107 0.0 0.0 0.0 0.0 0.0 0.0 0.0 0.0 0.0 0.0 0.0 0.0 0.0 0.0 0.031 0.288 0.544 0.8 1.056 1.313 1.569 1.825 2.081 2.337 2.4
4.793 4.199 3.606 3.276 3.274 3.272 3.27 3.268 3.266 3.264 3.262 3.26 3.258 3.256 3.254 3.222 3.187 3.152 3.116 3.081 3.083 3.084 3.085 3.087 3.088 3.09 3.091 3.093 3.094 3.096 3.097 3.124 3.163 3.203 3.243 3.283 3.312 3.334 3.357 3.379 3.401 3.423 3.445 3.467 3.489 3.511 3.533 3.537 3.518 3.499 3.479 3.46 3.443 3.446 3.449 3.452 3.454 3.457 3.447 3.431 3.415 3.398 3.382 3.366 3.349 3.333 3.316 3.3 3.284 3.244 3.194 3.144 3.094 3.043 2.993 2.992 2.991 2.99 2.989 2.988 2.987 2.985 2.984 2.983 2.982 2.974 2.942 2.911 2.879 2.848 2.816 2.785 2.753 2.721 2.69 2.658 2.527 2.366 2.205 2.044 1.883 1.722 1.557 1.393 1.228 1.063 0.898 0.733 0.568 0.403 0.238 0.073 0.0 0.0 0.0 0.0 0.0 0.0 0.0 0.0 0.0 0.0 0.0 0.0 0.0 0.25 0.506 0.763 1.019 1.275 1.531 1.788 2.044 2.3 2.556 2.615
4.757 4.164 3.57 3.25 3.248 3.246 3.244 3.242 3.24 3.238 3.236 3.234 3.232 3.23 3.228 3.223 3.188 3.152 3.117 3.082 3.084 3.085 3.087 3.088 3.089 3.091 3.092 3.094 3.095 3.097 3.098 3.1 3.134 3.173 3.213 3.253 3.283 3.305 3.327 3.349 3.371 3.393 3.415 3.437 3.459 3.481 3.503 3.525 3.521 3.502 3.483 3.463 3.447 3.45 3.452 3.455 3.458 3.451 3.435 3.418 3.402 3.385 3.369 3.353 3.336 3.32 3.304 3.287 3.271 3.231 3.181 3.131 3.08 3.03 3.022 3.021 3.02 3.018 3.017 3.016 3.015 3.014 3.013 3.012 3.011 3.002 2.97 2.939 2.907 2.876 2.844 2.813 2.781 2.75 2.718 2.686 2.655 2.497 2.336 2.175 2.014 1.853 1.689 1.524 1.359 1.194 1.029 0.864 0.699 0.534 0.37 0.205 0.04 0.0 0.0 0.0 0.0 0.0 0.0 0.0 0.0 0.0 0.0 0.0 0.213 0.469 0.725 0.981 1.238 1.494 1.75 2.006 2.263 2.519 2.775 2.83
4.722 4.128 3.535 3.224 3.222 3.22 3.218 3.216 3.213 3.211 3.209 3.207 3.205 3.203 3.201 3.199 3.188 3.153 3.117 3.083 3.085 3.086 3.088 3.089 3.09 3.092 3.093 3.095 3.096 3.098 3.099 3.101 3.104 3.144 3.184 3.223 3.253 3.275 3.297 3.319 3.341 3.363 3.385 3.407 3.429 3.451 3.474 3.496 3.518 3.505 3.486 3.466 3.45 3.453 3.456 3.459 3.454 3.438 3.422 3.405 3.389 3.373 3.356 3.34 3.324 3.307 3.291 3.275 3.258 3.218 3.168 3.117 3.067 3.051 3.05 3.049 3.048 3.047 3.046 3.045 3.044 3.043 3.042 3.04 3.039 3.03 2.998 2.967 2.935 2.904 2.872 2.841 2.809 2.778 2.746 2.715 2.683 2.629 2.468 2.307 2.145 1.984 1.82 1.655 1.49 1.325 1.16 0.996 0.831 0.666 0.501 0.336 0.171 0.006 0.0 0.0 0.0 0.0 0.0 0.0 0.0 0.0 0.0 0.175 0.432 0.688 0.944 1.2 1.456 1.713 1.969 2.225 2.481 2.738 2.994 3.045
4.686 4.093 3.499 3.197 3.195 3.193 3.191 3.189 3.187 3.185 3.183 3.181 3.179 3.177 3.175 3.173 3.171 3.153 3.118 3.084 3.086 3.087 3.089 3.09 3.091 3.093 3.094 3.096 3.097 3.099 3.1 3.102 3.103 3.114 3.154 3.194 3.223 3.245 3.267 3.289 3.311 3.333 3.355 3.377 3.4 3.422 3.444 3.466 3.488 3.508 3.489 3.47 3.454 3.457 3.46 3.458 3.442 3.425 3.409 3.393 3.376 3.36 3.344 3.327 3.311 3.295 3.278 3.262 3.246 3.204 3.154 3.104 3.081 3.08 3.079 3.078 3.077 3.076 3.075 3.074 3.072 3.071 3.07 3.069 3.068 3.058 3.027 2.995 2.964 2.932 2.9 2.869 2.837 2.806 2.774 2.743 2.711 2.68 2.599 2.438 2.277 2.116 1.951 1.786 1.622 1.457 1.292 1.127 0.962 0.797 0.632 0.467 0.302 0.137 0.0 0.0 0.0 0.0 0.0 0.0 0.0 0.0 0.138 0.394 0.65 0.907 1.163 1.419 1.675 1.932 2.188 2.444 2.7 2.957 3.213 3.26
4.651 4.057 3.464 3.171 3.169 3.167 3.165 3.163 3.161 3.159 3.157 3.155 3.153 3.151 3.149 3.147 3.145 3.143 3.118 3.085 3.087 3.088 3.09 3.091 3.092 3.094 3.095 3.097 3.098 3.1 3.101 3.103 3.104 3.105 3.125 3.164 3.193 3.215 3.237 3.259 3.281 3.303 3.325 3.348 3.37 3.392 3.414 3.436 3.458 3.48 3.492 3.473 3.458 3.46 3.462 3.445 3.429 3.413 3.396 3.38 3.364 3.347 3.331 3.315 3.298 3.282 3.266 3.249 3.233 3.191 3.141 3.111 3.11 3.109 3.108 3.107 3.105 3.104 3.103 3.102 3.101 3.1 3.099 3.098 3.097 3.086 3.055 3.023 2.992 2.96 2.929 2.897 2.865 2.834 2.802 2.771 2.739 2.708 2.676 2.569 2.408 2.247 2.083 1.918 1.753 1.588 1.423 1.258 1.093 0.928 0.763 0.599 0.434 0.269 0.104 0.0 0.0 0.0 0.0 0.0 0.0 0.1 0.357 0.613 0.869 1.125 1.382 1.638 1.894 2.15 2.407 2.663 2.919 3.175 3.432 3.475
4.615 4.021 3.428 3.145 3.143 3.141 3.139 3.137 3.135 3.133 3.131 3.129 3.127 3.125 3.123 3.121 3.119 3.117 3.115 3.086 3.088 3.089 3.091 3.092 3.093 3.095 3.096 3.098 3.099 3.101 3.102 3.104 3.105 3.106 3.108 3.135 3.163 3.185 3.207 3.229 3.251 3.274 3.296 3.318 3.34 3.362 3.384 3.406 3.428 3.45 3.472 3.476 3.461 3.464 3.449 3.433 3.416 3.4 3.384 3.367 3.351 3.335 3.318 3.302 3.285 3.269 3.253 3.236 3.22 3.178 3.141 3.14 3.138 3.137 3.136 3.135 3.134 3.133 3.132 3.131 3.13 3.129 3.127 3.126 3.125 3.114 3.083 3.051 3.02 2.988 2.957 2.925 2.894 2.862 2.83 2.799 2.767 2.736 2.704 2.673 2.539 2.378 2.214 2.049 1.884 1.719 1.554 1.389 1.225 1.06 0.895 0.73 0.565 0.4 0.235 0.07 0.0 0.0 0.0 0.0 0.063 0.319 0.575 0.832 1.088 1.344 1.6 1.857 2.113 2.369 2.625 2.882 3.138 3.394 3.65 3.69
4.43 3.844 3.258 3.109 3.108 3.106 3.105 3.103 3.102 3.1 3.099 3.098 3.096 3.095 3.093 3.092 3.09 3.089 3.088 3.111 3.089 3.09 3.092 3.093 3.094 3.096 3.097 3.099 3.1 3.102 3.103 3.105 3.106 3.107 3.109 3.11 3.133 3.155 3.177 3.2 3.222 3.244 3.266 3.288 3.31 3.332 3.354 3.376 3.398 3.42 3.443 3.465 3.465 3.453 3.436 3.42 3.404 3.387 3.371 3.355 3.338 3.322 3.305 3.289 3.273 3.256 3.24 3.224 3.207 3.17 3.169 3.168 3.167 3.166 3.165 3.164 3.163 3.162 3.16 3.159 3.158 3.157 3.156 3.155 3.154 3.142 3.111 3.079 3.048 3.016 2.985 2.953 2.922 2.89 2.859 2.827 2.796 2.764 2.732 2.701 2.669 2.51 2.345 2.18 2.015 1.851 1.686 1.521 1.356 1.191 1.026 0.861 0.696 0.531 0.366 0.202 0.037 0.0 0.0 0.026 0.282 0.538 0.794 1.051 1.307 1.563 1.819 2.076 2.332 2.588 2.844 3.1 3.357 3.613 3.866 3.905
3.922 3.336 3.091 3.059 3.045 3.044 3.042 3.041 3.04 3.038 3.037 3.035 3.034 3.032 3.031 3.029 3.028 3.027 3.025 3.31 5.047 5.017 4.987 4.956 4.926 4.896 4.865 4.835 4.805 4.774 4.744 4.714 4.684 4.653 4.623 4.593 4.576 4.565 4.555 4.544 4.534 4.523 4.513 4.502 4.492 4.481 4.471 4.46 4.45 4.439 4.429 4.418 3.459 3.443 3.426 3.41 3.394 3.377 3.361 3.344 3.328 3.311 3.295 3.278 3.262 3.245 3.229 3.212 3.196 3.577 3.544 3.51 3.477 3.444 3.41 3.377 3.344 3.31 3.277 3.244 3.21 3.186 3.185 3.184 3.183 3.171 3.139 3.108 3.076 3.044 3.013 2.981 2.95 2.918 2.887 2.855 2.824 2.792 2.761 2.729 2.697 2.641 2.476 2.312 2.147 1.982 1.817 1.652 1.487 1.322 1.157 0.992 0.828 0.663 0.498 0.333 0.168 0.003 0.0 0.244 0.501 0.757 1.013 1.269 1.526 1.782 2.038 2.294 2.551 2.807 3.063 3.319 3.576 3.832 4.081 4.12
3.414 3.088 3.049 3.017 2.99 2.981 2.98 2.979 2.977 2.976 2.974 2.973 2.971 2.97 2.968 2.967 2.966 2.964 2.963 3.287 5.75 6.983 6.953 6.922 6.892 6.862 6.832 6.801 6.771 6.741 6.71 6.68 6.65 6.62 6.589 6.559 6.542 6.532 6.521 6.511 6.5 6.49 6.479 6.469 6.458 6.448 6.437 6.427 6.416 6.406 6.395 5.225 3.453 3.437 3.42 3.404 3.387 3.371 3.355 3.338 3.322 3.305 3.289 3.272 3.256 3.239 3.223 3.206 4.154 5.332 5.507 5.473 5.44 5.406 5.373 5.34 5.306 5.273 5.24 5.206 5.173 5.139 5.106 5.073 5.039 4.995 4.93 4.866 4.802 4.738 4.674 4.61 4.545 4.481 4.417 4.353 4.289 4.225 4.16 4.096 4.032 3.635 3.408 3.222 3.036 2.85 2.664 2.478 2.291 2.105 1.919 1.733 1.547 1.361 1.174 0.988 0.802 0.616 0.099 0.361 0.622 0.883 1.144 1.406 1.667 1.928 2.189 2.451 2.712 2.973 3.235 3.496 3.757 4.018 4.268 4.312
3.084 3.046 3.007 2.975 2.948 2.921 2.918 2.916 2.915 2.913 2.912 2.91 2.909 2.908 2.906 2.905 2.903 2.902 2.9 3.264 5.728 8.191 8.919 8.889 8.858 8.828 8.798 8.767 8.737 8.707 8.677 8.646 8.616 8.586 8.555 8.525 8.509 8.498 8.488 8.477 8.467 8.456 8.446 8.435 8.425 8.414 8.404 8.393 8.383 8.372 7.55 5.18 3.447 3.431 3.414 3.398 3.381 3.365 3.348 3.332 3.316 3.299 3.283 3.266 3.25 3.233 3.217 3.992 5.146 6.325 7.469 7.436 7.403 7.369 7.336 7.302 7.269 7.236 7.202 7.169 7.136 7.102 7.069 7.035 7.002 6.957 6.893 6.828 6.764 6.7 6.636 6.572 6.508 6.443 6.379 6.315 6.251 6.187 6.123 6.059 5.763 5.004 4.787 4.601 4.415 4.229 4.043 3.857 3.67 3.484 3.298 3.112 2.926 2.74 2.553 2.367 2.181 1.036 0.211 0.287 0.549 0.81 1.071 1.333 1.594 1.855 2.116 2.378 2.639 2.9 3.161 3.423 3.684 3.945 4.19 4.217
3.042 3.004 2.965 2.934 2.906 2.879 2.855 2.854 2.852 2.851 2.849 2.848 2.847 2.845 2.844 2.842 2.841 2.839 2.838 3.242 5.705 8.168 10.631 10.855 10.824 10.794 10.764 10.734 10.703 10.673 10.643 10.612 10.582 10.552 10.522 10.491 10.475 10.465 10.454 10.444 10.433 10.423 10.412 10.402 10.391 10.381 10.37 10.36 10.349 9.876 7.506 5.136 3.441 3.425 3.408 3.392 3.375 3.359 3.342 3.326 3.309 3.293 3.277 3.26 3.244 3.227 3.83 4.984 6.138 7.317 8.501 9.399 9.365 9.332 9.299 9.265 9.232 9.198 9.165 9.132 9.098 9.065 9.032 8.998 8.965 8.919 8.855 8.791 8.726 8.662 8.598 8.534 8.47 8.406 8.342 8.277 8.213 8.149 8.085 7.891 7.132 6.373 6.166 5.98 5.794 5.608 5.422 5.236 5.049 4.863 4.677 4.491 4.305 4.119 3.932 3.746 2.814 1.177 0.379 0.338 0.476 0.737 0.998 1.259 1.521 1.782 2.043 2.305 2.566 2.827 3.088 3.35 3.611 3.872 4.113 4.136
3.0 2.962 2.923 2.892 2.865 2.837 2.81 2.791 2.79 2.789 2.787 2.786 2.784 2.783 2.781 2.78 2.778 2.777 2.776 3.219 5.682 8.145 10.609 12.821 12.791 12.76 12.73 12.7 12.669 12.639 12.609 12.579 12.548 12.518 12.488 12.457 12.442 12.431 12.421 12.41 12.4 12.389 12.379 12.368 12.358 12.347 12.337 12.326 12.201 9.831 7.461 5.091 3.435 3.419 3.402 3.386 3.369 3.353 3.336 3.32 3.303 3.287 3.27 3.254 3.238 3.668 4.822 5.976 7.13 8.31 9.494 10.678 11.328 11.295 11.261 11.228 11.194 11.161 11.128 11.094 11.061 11.028 10.994 10.961 10.928 10.881 10.817 10.753 10.689 10.625 10.56 10.496 10.432 10.368 10.304 10.24 10.175 10.111 10.019 9.26 8.501 7.742 7.545 7.359 7.173 6.987 6.801 6.615 6.428 6.242 6.056 5.87 5.684 5.498 5.311 4.592 2.955 1.318 0.548 0.506 0.464 0.664 0.925 1.186 1.448 1.709 1.97 2.231 2.493 2.754 3.015 3.277 3.538 3.799 4.036 4.059
2.958 2.92 2.881 2.85 2.823 2.796 2.768 2.741 2.728 2.726 2.725 2.723 2.722 2.72 2.719 2.717 2.716 2.715 2.713 3.196 5.659 8.122 10.586 13.049 14.757 14.726 14.696 14.666 14.636 14.605 14.575 14.545 14.514 14.484 14.454 14.424 14.408 14.398 14.387 14.377 14.366 14.356 14.345 14.335 14.324 14.314 14.303 14.293 12.156 9.786 7.416 5.046 3.429 3.412 3.396 3.38 3.363 3.347 3.33 3.314 3.297 3.281 3.264 3.248 3.506 4.66 5.814 6.968 8.122 9.302 10.486 11.67 12.855 13.257 13.224 13.191 13.157 13.124 13.09 13.057 13.024 12.99 12.957 12.924 12.89 12.843 12.779 12.715 12.651 12.587 12.523 12.458 12.394 12.33 12.266 12.202 12.138 12.073 11.389 10.63 9.871 9.112 8.924 8.738 8.552 8.366 8.18 7.994 7.807 7.621 7.435 7.249 7.063 6.877 6.369 4.732 3.095 1.459 0.716 0.674 0.632 0.591 0.852 1.113 1.375 1.636 1.897 2.158 2.42 2.681 2.942 3.203 3.465 3.726 3.959 3.981
2.916 2.878 2.839 2.808 2.781 2.754 2.727 2.699 2.672 2.664 2.662 2.661 2.659 2.658 2.657 2.655 2.654 2.652 2.651 3.173 5.636 8.1 10.563 13.026 15.489 16.693 16.662 16.632 16.602 16.571 16.541 16.511 16.481 16.45 16.42 16.39 16.375 16.364 16.354 16.343 16.333 16.322 16.312 16.301 16.291 16.28 16.27 14.481 12.111 9.741 7.372 5.002 3.423 3.406 3.39 3.373 3.357 3.341 3.324 3.308 3.291 3.275 3.258 3.344 4.498 5.652 6.806 7.96 9.114 10.295 11.479 12.663 13.847 15.031 15.187 15.153 15.12 15.087 15.053 15.02 14.986 14.953 14.92 14.886 14.853 14.806 14.741 14.677 14.613 14.549 14.485 14.421 14.356 14.292 14.228 14.164 14.1 13.517 12.758 11.999 11.24 10.49 10.303 10.117 9.931 9.745 9.559 9.373 9.186 9.0 8.814 8.628 8.442 8.147 6.51 4.873 3.236 1.599 0.884 0.842 0.8 0.759 0.779 1.04 1.301 1.563 1.824 2.085 2.346 2.608 2.869 3.13 3.392 3.653 3.881 3.904
2.874 2.836 2.797 2.766 2.739 2.712 2.685 2.657 2.63 2.603 2.6 2.598 2.597 2.596 2.594 2.593 2.591 2.59 2.588 3.15 5.614 8.077 10.54 13.003 15.467 17.93 18.628 18.598 18.568 18.538 18.507 18.477 18.447 18.416 18.386 18.356 18.341 18.331 18.32 18.31 18.299 18.289 18.278 18.268 18.257 18.247 16.807 14.437 12.067 9.697 7.327 4.957 3.417 3.4 3.384 3.367 3.351 3.334 3.318 3.302 3.285 3.269 3.252 4.336 5.49 6.644 7.798 8.952 10.106 11.287 12.471 13.655 14.839 16.024 17.149 17.116 17.083 17.049 17.016 16.982 16.949 16.916 16.882 16.849 16.816 16.768 16.704 16.639 16.575 16.511 16.447 16.383 16.319 16.254 16.19 16.126 15.645 14.886 14.127 13.368 12.609 11.869 11.682 11.496 11.31 11.124 10.938 10.752 10.565 10.379 10.193 10.007 9.821 8.288 6.651 5.014 3.377 1.74 1.052 1.01 0.969 0.927 0.885 0.967 1.228 1.49 1.751 2.012 2.273 2.535 2.796 3.057 3.318 3.58 3.804 3.827
2.832 2.794 2.755 2.724 2.697 2.67 2.643 2.616 2.588 2.561 2.538 2.536 2.535 2.533 2.532 2.53 2.529 2.527 2.526 3.128 5.591 8.054 10.517 12.981 15.444 17.907 20.37 20.564 20.534 20.504 20.473 20.443 20.413 20.383 20.352 20.322 20.308 20.297 20.287 20.276 20.266 20.255 20.245 20.234 20.224 19.132 16.762 14.392 12.022 9.652 7.282 4.912 3.411 3.394 3.378 3.361 3.345 3.328 3.312 3.295 3.279 3.263 4.174 5.328 6.482 7.636 8.79 9.944 11.097 12.279 13.464 14.648 15.832 17.016 18.2 19.079 19.045 19.012 18.979 18.945 18.912 18.878 18.845 18.812 18.778 18.73 18.666 18.602 18.537 18.473 18.409 18.345 18.281 18.217 18.152 17.773 17.014 16.255 15.496 14.737 13.979 13.248 13.061 12.875 12.689 12.503 12.317 12.131 11.944 11.758 11.572 11.386 10.066 8.429 6.792 5.155 3.518 1.881 1.22 1.178 1.137 1.095 1.053 1.011 1.155 1.416 1.678 1.939 2.2 2.462 2.723 2.984 3.245 3.507 3.727 3.75
2.79 2.752 2.713 2.682 2.655 2.628 2.601 2.574 2.547 2.519 2.492 2.474 2.472 2.471 2.469 2.468 2.466 2.465 2.464 3.105 5.568 8.031 10.494 12.958 15.421 17.884 20.347 22.531 22.5 22.47 22.44 22.409 22.379 22.349 22.318 22.288 22.274 22.264 22.253 22.243 22.232 22.222 22.211 22.201 21.457 19.087 16.717 14.347 11.977 9.607 7.237 4.867 3.405 3.388 3.372 3.355 3.339 3.322 3.306 3.289 3.273 4.012 5.166 6.32 7.474 8.628 9.781 10.935 12.089 13.272 14.456 15.64 16.824 18.008 19.193 20.377 21.008 20.975 20.941 20.908 20.875 20.841 20.808 20.774 20.741 20.692 20.628 20.564 20.5 20.435 20.371 20.307 20.243 20.179 19.902 19.143 18.384 17.625 16.866 16.107 15.348 14.627 14.44 14.254 14.068 13.882 13.696 13.51 13.323 13.137 12.951 11.843 10.207 8.57 6.933 5.296 3.659 2.022 1.388 1.347 1.305 1.263 1.221 1.179 1.138 1.343 1.605 1.866 2.127 2.388 2.65 2.911 3.172 3.434 3.65 3.672
2.748 2.709 2.671 2.641 2.613 2.586 2.559 2.532 2.505 2.478 2.45 2.423 2.41 2.408 2.407 2.406 2.404 2.403 2.401 3.082 5.545 8.008 10.472 12.935 15.398 17.861 20.325 22.788 24.466 24.436 24.406 24.376 24.345 24.315 24.285 24.254 24.241 24.23 24.22 24.209 24.199 24.188 24.178 23.782 21.412 19.042 16.672 14.303 11.933 9.563 7.193 4.823 3.398 3.382 3.366 3.349 3.333 3.316 3.3 3.283 3.85 5.004 6.158 7.312 8.466 9.619 10.773 11.927 13.081 14.264 15.448 16.633 17.817 19.001 20.185 21.369 22.553 22.937 22.904 22.871 22.837 22.804 22.771 22.737 22.704 22.654 22.59 22.526 22.462 22.398 22.334 22.269 22.205 22.03 21.271 20.512 19.753 18.994 18.235 17.476 16.717 16.006 15.819 15.633 15.447 15.261 15.075 14.889 14.702 14.516 13.621 11.984 10.347 8.71 7.073 5.437 3.8 2.163 1.557 1.515 1.473 1.431 1.389 1.348 1.306 1.27 1.532 1.793 2.054 2.315 2.577 2.838 3.099 3.36 3.573 3.595
2.706 2.667 2.629 2.599 2.572 2.544 2.517 2.49 2.463 2.436 2.409 2.381 2.354 2.346 2.345 2.343 2.342 2.34 2.339 3.059 5.522 7.986 10.449 12.912 15.375 17.839 20.302 22.765 25.228 26.402 26.372 26.342 26.311 26.281 26.251 26.221 26.207 26.197 26.186 26.176 26.165 26.155 26.108 23.738 21.368 18.998 16.628 14.258 11.888 9.518 7.148 4.778 3.392 3.376 3.359 3.343 3.327 3.31 3.294 3.688 4.842 5.996 7.15 8.304 9.457 10.611 11.765 12.919 14.073 15.257 16.441 17.625 18.809 19.993 21.177 22.362 23.546 24.73 24.867 24.833 24.8 24.767 24.733 24.7 24.666 24.616 24.552 24.488 24.424 24.36 24.296 24.232 24.158 23.399 22.64 21.881 21.122 20.363 19.604 18.845 18.086 17.385 17.198 17.012 16.826 16.64 16.454 16.268 16.081 15.399 13.762 12.125 10.488 8.851 7.214 5.577 3.94 2.303 1.725 1.683 1.641 1.599 1.558 1.516 1.474 1.432 1.458 1.72 1.981 2.242 2.504 2.765 3.026 3.287 3.495 3.518
2.664 2.625 2.587 2.557 2.53 2.503 2.475 2.448 2.421 2.394 2.367 2.34 2.312 2.285 2.282 2.281 2.279 2.278 2.276 3.036 5.5 7.963 10.426 12.889 15.353 17.816 20.279 22.742 25.206 27.669 28.338 28.308 28.278 28.247 28.217 28.187 28.174 28.163 28.153 28.142 28.132 28.121 26.063 23.693 21.323 18.953 16.583 14.213 11.843 9.473 7.103 4.733 3.386 3.37 3.353 3.337 3.32 3.304 3.526 4.68 5.834 6.988 8.141 9.295 10.449 11.603 12.757 13.911 15.065 16.249 17.433 18.617 19.802 20.986 22.17 23.354 24.538 25.722 26.829 26.796 26.763 26.729 26.696 26.663 26.629 26.579 26.515 26.45 26.386 26.322 26.258 26.194 25.527 24.768 24.009 23.251 22.492 21.733 20.974 20.215 19.456 18.764 18.577 18.391 18.205 18.019 17.833 17.647 17.177 15.54 13.903 12.266 10.629 8.992 7.355 5.718 4.081 2.444 1.893 1.851 1.809 1.768 1.726 1.684 1.642 1.6 1.559 1.647 1.908 2.169 2.43 2.692 2.953 3.214 3.418 3.441
2.622 2.583 2.545 2.515 2.488 2.461 2.434 2.406 2.379 2.352 2.325 2.298 2.27 2.243 2.22 2.218 2.217 2.215 2.214 3.014 5.477 7.94 10.403 12.867 15.33 17.793 20.256 22.72 25.183 27.646 30.109 30.274 30.244 30.213 30.183 30.153 30.14 30.13 30.119 30.109 30.098 28.388 26.018 23.648 21.278 18.908 16.538 14.168 11.798 9.428 7.058 4.688 3.38 3.364 3.347 3.331 3.314 3.364 4.518 5.672 6.826 7.979 9.133 10.287 11.441 12.595 13.749 14.903 16.057 17.242 18.426 19.61 20.794 21.978 23.162 24.346 25.531 26.715 27.899 28.759 28.725 28.692 28.659 28.625 28.592 28.541 28.477 28.413 28.348 28.284 28.22 27.656 26.897 26.138 25.379 24.62 23.861 23.102 22.343 21.584 20.825 20.143 19.956 19.77 19.584 19.398 19.212 18.955 17.318 15.681 14.044 12.407 10.77 9.133 7.496 5.859 4.222 2.585 2.061 2.019 1.977 1.936 1.894 1.852 1.81 1.769 1.727 1.685 1.835 2.096 2.357 2.619 2.88 3.141 3.341 3.363
2.58 2.541 2.503 2.473 2.446 2.419 2.392 2.365 2.337 2.31 2.283 2.256 2.229 2.201 2.174 2.156 2.155 2.153 2.152 2.991 5.454 7.917 10.38 12.844 15.307 17.77 20.233 22.697 25.16 27.623 30.086 32.24 32.21 32.18 32.149 32.119 32.107 32.096 32.086 32.075 30.713 28.343 25.973 23.603 21.233 18.864 16.494 14.124 11.754 9.384 7.014 4.644 3.374 3.358 3.341 3.325 3.308 4.356 5.51 6.664 7.817 8.971 10.125 11.279 12.433 13.587 14.741 15.895 17.05 18.234 19.418 20.602 21.786 22.971 24.155 25.339 26.523 27.707 28.891 30.075 30.688 30.655 30.621 30.588 30.555 30.503 30.439 30.375 30.311 30.246 29.784 29.025 28.266 27.507 26.748 25.989 25.23 24.471 23.712 22.953 22.194 21.522 21.335 21.149 20.963 20.777 20.591 19.095 17.458 15.821 14.185 12.548 10.911 9.274 7.637 6.0 4.363 2.726 2.229 2.187 2.146 2.104 2.062 2.02 1.978 1.937 1.895 1.853 1.811 2.023 2.284 2.546 2.807 3.068 3.264 3.286
2.538 2.499 2.461 2.431 2.404 2.377 2.35 2.323 2.295 2.268 2.241 2.214 2.187 2.16 2.132 2.105 2.092 2.091 2.089 2.968 5.431 7.894 10.358 12.821 15.284 17.747 20.211 22.674 25.137 27.6 30.064 32.527 34.176 34.146 34.115 34.085 34.073 34.063 34.052 33.039 30.669 28.299 25.929 23.559 21.189 18.819 16.449 14.079 11.709 9.339 6.969 4.599 3.368 3.352 3.335 3.319 4.194 5.348 6.501 7.655 8.809 9.963 11.117 12.271 13.425 14.579 15.733 16.887 18.042 19.226 20.411 21.595 22.779 23.963 25.147 26.331 27.515 28.7 29.884 31.068 32.252 32.617 32.584 32.551 32.517 32.465 32.401 32.337 32.273 31.912 31.153 30.394 29.635 28.876 28.117 27.358 26.599 25.84 25.081 24.323 23.564 22.901 22.714 22.528 22.342 22.156 20.873 19.236 17.599 15.962 14.325 12.688 11.051 9.415 7.778 6.141 4.504 2.867 2.397 2.356 2.314 2.272 2.23 2.188 2.147 2.105 2.063 2.021 1.979 1.95 2.211 2.472 2.734 2.995 3.186 3.209
2.496 2.457 2.419 2.39 2.362 2.335 2.308 2.281 2.254 2.226 2.199 2.172 2.145 2.118 2.091 2.063 2.036 2.028 2.027 2.945 5.408 7.872 10.335 12.798 15.261 17.725 20.188 22.651 25.114 27.578 30.041 32.504 34.967 36.112 36.082 36.051 36.04 36.029 35.364 32.994 30.624 28.254 25.884 23.514 21.144 18.774 16.404 14.034 11.664 9.294 6.924 4.554 3.362 3.345 3.329 4.032 5.186 6.339 7.493 8.647 9.801 10.955 12.109 13.263 14.417 15.571 16.725 17.879 19.035 20.219 21.403 22.587 23.771 24.955 26.14 27.324 28.508 29.692 30.876 32.06 33.244 34.429 34.547 34.513 34.48 34.427 34.363 34.299 34.04 33.281 32.523 31.764 31.005 30.246 29.487 28.728 27.969 27.21 26.451 25.692 24.933 24.28 24.093 23.907 23.721 22.651 21.014 19.377 17.74 16.103 14.466 12.829 11.192 9.555 7.918 6.281 4.645 3.008 2.566 2.524 2.482 2.44 2.398 2.357 2.315 2.273 2.231 2.189 2.148 2.106 2.138 2.399 2.661 2.922 3.109 3.132
2.454 2.415 2.377 2.348 2.32 2.293 2.266 2.239 2.212 2.185 2.157 2.13 2.103 2.076 2.049 2.022 1.994 1.967 1.964 2.922 5.386 7.849 10.312 12.775 15.239 17.702 20.165 22.628 25.092 27.555 30.018 32.481 34.945 37.408 38.048 38.017 38.006 37.689 35.319 32.949 30.579 28.209 25.839 23.469 21.099 18.729 16.359 13.989 11.619 9.249 6.879 4.509 3.356 3.339 3.87 5.024 6.177 7.331 8.485 9.639 10.793 11.947 13.101 14.255 15.409 16.563 17.717 18.871 20.027 21.211 22.395 23.58 24.764 25.948 27.132 28.316 29.5 30.684 31.869 33.053 34.237 35.421 36.509 36.476 36.443 36.39 36.325 36.169 35.41 34.651 33.892 33.133 32.374 31.615 30.856 30.097 29.338 28.579 27.82 27.061 26.302 25.659 25.472 25.286 24.429 22.792 21.155 19.518 17.881 16.244 14.607 12.97 11.333 9.696 8.059 6.422 4.785 3.148 2.734 2.692 2.65 2.608 2.567 2.525 2.483 2.441 2.399 2.358 2.316 2.274 2.232 2.326 2.588 2.849 3.032 3.055
2.412 2.373 2.335 2.306 2.279 2.251 2.224 2.197 2.17 2.143 2.116 2.088 2.061 2.034 2.007 1.98 1.953 1.925 1.902 2.899 5.363 7.826 10.289 12.753 15.216 17.679 20.142 22.606 25.069 27.532 29.995 32.459 34.922 37.385 39.848 39.984 39.973 37.644 35.274 32.904 30.534 28.164 25.794 23.425 21.055 18.685 16.315 13.945 11.575 9.205 6.835 4.465 3.35 3.708 4.861 6.015 7.169 8.323 9.477 10.631 11.785 12.939 14.093 15.247 16.401 17.555 18.709 19.863 21.02 22.204 23.388 24.572 25.756 26.94 28.124 29.309 30.493 31.677 32.861 34.045 35.229 36.413 37.598 38.439 38.405 38.352 38.288 37.538 36.779 36.02 35.261 34.502 33.743 32.984 32.225 31.466 30.707 29.948 29.189 28.43 27.671 27.038 26.851 26.206 24.569 22.932 21.296 19.659 18.022 16.385 14.748 13.111 11.474 9.837 8.2 6.563 4.926 3.289 2.902 2.86 2.818 2.776 2.735 2.693 2.651 2.609 2.568 2.526 2.484 2.442 2.4 2.359 2.514 2.776 2.955 2.977
2.939 2.876 2.956 2.274 2.246 2.219 2.191 2.163 2.136 2.108 2.08 2.053 2.025 1.997 1.97 1.942 1.914 1.887 1.859 2.881 5.343 7.805 10.268 12.73 15.193 17.656 20.119 22.583 25.046 27.509 29.972 32.436 34.899 37.362 39.825 41.95 39.97 37.6 35.23 32.86 30.49 28.12 25.75 23.38 21.01 18.64 16.27 13.9 11.53 9.16 6.79 4.42 3.546 4.699 5.853 7.007 8.161 9.315 10.469 11.623 12.777 13.931 15.085 16.239 17.393 18.547 19.701 20.855 22.012 23.196 24.38 25.564 26.749 27.933 29.117 30.301 31.485 32.669 33.853 35.038 36.222 37.406 38.59 39.774 40.368 40.314 39.666 38.907 38.148 37.389 36.63 35.871 35.112 34.353 33.595 32.836 32.077 31.318 30.559 29.8 29.041 28.417 27.984 26.347 24.71 23.073 21.436 19.799 18.162 16.526 14.889 13.252 11.615 9.978 8.341 6.704 5.067 3.43 3.07 3.028 2.986 2.945 2.903 2.861 2.819 2.777 2.736 2.694 2.652 2.61 2.568 2.527 2.485 2.703 2.878 2.9
4.396 4.334 5.232 2.878 2.235 2.207 2.179 2.152 2.124 2.096 2.069 2.041 2.013 1.986 1.958 1.93 1.903 1.875 1.848 2.909 5.371 7.834 10.296 12.759 15.221 17.684 20.146 22.608 25.071 27.533 29.996 32.458 34.921 37.383 39.845 40.651 39.859 37.491 35.122 32.753 30.385 28.016 25.647 23.279 20.91 18.541 16.173 13.804 11.436 9.067 6.698 4.33 3.965 5.136 6.308 7.479 8.651 9.822 10.994 12.165 13.337 14.508 15.68 16.851 18.022 19.194 20.365 21.537 22.294 23.412 24.647 25.881 27.115 28.349 29.583 30.818 32.052 33.286 34.52 35.754 36.989 38.223 39.457 40.691 41.925 41.795 41.036 40.277 39.518 38.759 38.0 37.241 36.482 35.723 34.964 34.205 33.446 32.687 31.928 31.169 30.41 29.762 28.125 26.488 24.851 23.214 21.577 19.94 18.303 16.666 15.029 13.393 11.756 10.119 8.482 6.845 5.208 3.571 3.238 3.196 3.155 3.113 3.071 3.029 2.987 2.946 2.904 2.862 2.82 2.778 2.737 2.695 2.653 2.629 2.8 2.823
5.854 6.609 7.509 5.095 2.273 2.195 2.168 2.14 2.112 2.085 2.057 2.03 2.002 1.974 1.947 1.919 1.891 1.864 1.836 2.937 5.4 7.862 10.325 12.787 15.25 17.712 20.174 22.637 25.099 27.562 30.024 32.487 34.949 37.411 38.576 38.624 38.64 37.364 34.995 32.627 30.258 27.889 25.521 23.152 20.783 18.415 16.046 13.677 11.309 8.94 6.572 4.203 3.896 5.068 6.239 7.411 8.582 9.754 10.925 12.097 13.268 14.44 15.611 16.782 17.954 19.125 20.297 21.221 21.234 21.407 22.641 23.875 25.109 26.343 27.578 28.812 30.046 31.28 32.514 33.749 34.983 36.217 37.451 38.685 39.92 39.785 39.083 38.382 37.68 36.979 36.277 35.576 34.874 34.173 33.471 32.77 32.068 31.367 30.666 29.964 29.263 28.764 27.154 25.544 23.934 22.324 20.714 19.103 17.493 15.883 14.273 12.663 11.053 9.443 7.833 6.223 4.613 3.357 3.34 3.301 3.262 3.223 3.183 3.144 3.105 3.066 3.027 2.988 2.949 2.909 2.87 2.831 2.792 2.753 2.744 2.765
7.986 8.886 9.785 7.312 4.491 2.184 2.156 2.129 2.101 2.073 2.046 2.018 1.99 1.963 1.935 1.907 1.88 1.852 1.824 2.966 5.428 7.891 10.353 12.816 15.278 17.74 20.203 22.665 25.128 27.59 30.052 32.515 34.977 36.5 36.549 36.597 36.613 36.628 34.869 32.5 30.131 27.763 25.394 23.025 20.657 18.288 15.919 13.551 11.182 8.813 6.445 4.076 3.828 4.999 6.171 7.342 8.514 9.685 10.857 12.028 13.2 14.371 15.542 16.714 17.885 19.057 20.152 20.161 20.175 20.221 20.635 21.869 23.104 24.338 25.572 26.806 28.04 29.274 30.509 31.743 32.977 34.211 35.445 36.68 37.914 37.746 37.045 36.344 35.642 34.941 34.239 33.538 32.836 32.135 31.433 30.732 30.03 29.329 28.627 27.926 27.762 27.326 25.716 24.106 22.496 20.886 19.276 17.666 16.056 14.446 12.836 11.226 9.616 8.006 6.396 4.786 3.279 3.374 3.355 3.316 3.277 3.237 3.198 3.159 3.12 3.081 3.042 3.002 2.963 2.924 2.885 2.846 2.807 2.788 2.803 2.824
10.262 11.162 12.062 9.53 6.708 3.886 2.145 2.117 2.089 2.062 2.034 2.006 1.979 1.951 1.923 1.896 1.868 1.84 1.813 2.994 5.457 7.919 10.382 12.844 15.306 17.769 20.231 22.694 25.156 27.618 30.081 32.543 34.424 34.473 34.523 34.57 34.586 34.601 34.616 32.373 30.005 27.636 25.267 22.899 20.53 18.161 15.793 13.424 11.055 8.687 6.318 3.95 3.759 4.931 6.102 7.274 8.445 9.617 10.788 11.96 13.131 14.302 15.474 16.645 17.817 18.988 19.092 19.1 19.115 19.162 19.208 19.864 21.098 22.332 23.566 24.8 26.035 27.269 28.503 29.737 30.971 32.206 33.44 34.674 35.908 35.708 35.007 34.305 33.604 32.902 32.201 31.499 30.798 30.096 29.395 28.693 27.992 27.291 26.589 26.317 26.352 25.889 24.278 22.668 21.058 19.448 17.838 16.228 14.618 13.008 11.398 9.788 8.178 6.568 4.958 3.348 3.296 3.391 3.37 3.33 3.291 3.252 3.213 3.174 3.135 3.095 3.056 3.017 2.978 2.939 2.9 2.861 2.834 2.847 2.863 2.883
12.539 13.439 14.339 11.747 8.926 6.104 3.282 2.105 2.078 2.05 2.022 1.995 1.967 1.939 1.912 1.884 1.856 1.829 1.801 3.023 5.485 7.947 10.41 12.872 15.335 17.797 20.26 22.722 25.184 27.647 30.109 32.348 32.398 32.447 32.496 32.543 32.559 32.574 32.589 32.246 29.878 27.509 25.141 22.772 20.403 18.035 15.666 13.297 10.929 8.56 6.191 3.823 3.691 4.862 6.034 7.205 8.377 9.548 10.72 11.891 13.062 14.234 15.405 16.577 17.748 18.024 18.032 18.04 18.056 18.102 18.149 18.195 19.092 20.326 21.56 22.795 24.029 25.263 26.497 27.731 28.966 30.2 31.434 32.668 33.902 33.67 32.969 32.267 31.566 30.864 30.163 29.461 28.76 28.058 27.357 26.655 25.954 25.252 24.872 24.907 24.943 24.451 22.841 21.231 19.621 18.011 16.401 14.791 13.181 11.571 9.961 8.351 6.741 5.131 3.521 3.218 3.313 3.408 3.384 3.345 3.306 3.267 3.228 3.189 3.149 3.11 3.071 3.032 2.993 2.954 2.914 2.88 2.893 2.906 2.922 2.942
14.815 15.715 16.615 13.965 11.143 8.321 5.499 2.677 2.066 2.038 2.011 1.983 1.955 1.928 1.9 1.872 1.845 1.817 1.79 3.051 5.513 7.976 10.438 12.901 15.363 17.826 20.288 22.75 25.213 27.675 30.138 30.322 30.371 30.421 30.47 30.516 30.532 30.547 30.562 30.577 29.751 27.382 25.014 22.645 20.277 17.908 15.539 13.171 10.802 8.433 6.065 3.696 3.622 4.794 5.965 7.137 8.308 9.48 10.651 11.822 12.994 14.165 15.337 16.508 16.956 16.964 16.972 16.98 16.996 17.043 17.089 17.135 17.182 18.321 19.555 20.789 22.023 23.257 24.492 25.726 26.96 28.194 29.428 30.662 31.897 31.632 30.93 30.229 29.527 28.826 28.124 27.423 26.721 26.02 25.319 24.617 23.916 23.427 23.462 23.497 23.533 23.013 21.403 19.793 18.183 16.573 14.963 13.353 11.743 10.133 8.523 6.913 5.303 3.693 3.14 3.235 3.33 3.425 3.399 3.36 3.321 3.282 3.242 3.203 3.164 3.125 3.086 3.047 3.007 2.968 2.929 2.939 2.952 2.965 2.981 3.001
17.092 17.992 18.892 16.182 13.36 10.539 7.717 4.895 2.073 2.027 1.999 1.972 1.944 1.916 1.889 1.861 1.833 1.806 1.778 3.079 5.542 8.004 10.467 12.929 15.392 17.854 20.316 22.779 25.241 27.704 28.246 28.295 28.345 28.394 28.444 28.49 28.505 28.52 28.535 28.55 28.565 27.256 24.887 22.518 20.15 17.781 15.413 13.044 10.675 8.307 5.938 3.569 3.554 4.725 5.897 7.068 8.239 9.411 10.582 11.754 12.925 14.097 15.268 15.888 15.896 15.904 15.912 15.92 15.937 15.983 16.03 16.076 16.122 16.315 17.549 18.783 20.017 21.252 22.486 23.72 24.954 26.188 27.423 28.657 29.891 29.594 28.892 28.191 27.489 26.788 26.086 25.385 24.683 23.982 23.28 22.579 21.981 22.017 22.052 22.088 22.123 21.576 19.966 18.356 16.746 15.136 13.526 11.916 10.306 8.696 7.086 5.476 3.866 3.062 3.157 3.252 3.347 3.442 3.414 3.375 3.335 3.296 3.257 3.218 3.179 3.14 3.101 3.061 3.022 2.983 2.985 2.998 3.011 3.024 3.04 3.06
19.369 20.268 21.168 18.4 15.578 12.756 9.934 7.112 4.291 2.015 1.988 1.96 1.932 1.905 1.877 1.849 1.822 1.794 1.766 3.108 5.57 8.033 10.495 12.958 15.42 17.882 20.345 22.807 25.27 26.17 26.22 26.269 26.318 26.368 26.417 26.463 26.478 26.493 26.508 26.523 26.538 26.553 24.76 22.392 20.023 17.655 15.286 12.917 10.549 8.18 5.811 3.443 3.485 4.657 5.828 6.999 8.171 9.342 10.514 11.685 12.857 14.028 14.819 14.827 14.836 14.844 14.852 14.86 14.877 14.924 14.97 15.016 15.063 15.109 15.543 16.777 18.012 19.246 20.48 21.714 22.948 24.183 25.417 26.651 27.885 27.555 26.854 26.152 25.451 24.749 24.048 23.347 22.645 21.944 21.242 20.541 20.572 20.607 20.643 20.678 20.714 20.138 18.528 16.918 15.308 13.698 12.088 10.478 8.868 7.258 5.648 4.038 2.984 3.079 3.174 3.269 3.364 3.459 3.428 3.389 3.35 3.311 3.272 3.233 3.194 3.154 3.115 3.076 3.037 3.032 3.044 3.057 3.07 3.083 3.099 3.119
21.645 22.545 23.439 20.617 17.795 14.974 12.152 9.33 6.508 3.686 1.976 1.948 1.921 1.893 1.865 1.838 1.81 1.782 1.755 3.136 5.599 8.061 10.524 12.986 15.448 17.911 20.373 22.836 24.094 24.144 24.193 24.243 24.292 24.341 24.391 24.436 24.451 24.466 24.481 24.496 24.511 24.526 24.542 22.265 19.896 17.528 15.159 12.791 10.422 8.053 5.685 3.316 3.417 4.588 5.759 6.931 8.102 9.274 10.445 11.617 12.788 13.751 13.759 13.767 13.775 13.784 13.792 13.8 13.818 13.864 13.911 13.957 14.003 14.05 14.096 14.772 16.006 17.24 18.474 19.709 20.943 22.177 23.411 24.645 25.88 25.517 24.816 24.114 23.413 22.711 22.01 21.308 20.607 19.905 19.204 19.127 19.162 19.198 19.233 19.268 19.304 18.701 17.091 15.481 13.871 12.261 10.651 9.041 7.431 5.82 4.21 2.906 3.001 3.096 3.191 3.286 3.381 3.476 3.443 3.404 3.365 3.326 3.287 3.247 3.208 3.169 3.13 3.091 3.078 3.091 3.103 3.116 3.129 3.142 3.158 3.179
23.922 24.822 25.656 22.835 20.013 17.191 14.369 11.547 8.725 5.904 3.082 1.937 1.909 1.881 1.854 1.826 1.798 1.771 1.743 3.165 5.627 8.09 10.552 13.014 15.477 17.939 20.402 22.018 22.068 22.117 22.167 22.216 22.265 22.315 22.364 22.409 22.424 22.439 22.454 22.469 22.484 22.499 22.515 22.138 19.77 17.401 15.032 12.664 10.295 7.927 5.558 3.189 3.348 4.519 5.691 6.862 8.034 9.205 10.377 11.548 12.683 12.691 12.699 12.707 12.715 12.724 12.732 12.74 12.759 12.805 12.851 12.897 12.944 12.99 13.036 13.083 14.0 15.234 16.469 17.703 18.937 20.171 21.405 22.64 23.874 23.479 22.777 22.076 21.375 20.673 19.972 19.27 18.569 17.867 17.682 17.717 17.753 17.788 17.823 17.859 17.894 17.263 15.653 14.043 12.433 10.823 9.213 7.603 5.993 4.383 2.828 2.923 3.018 3.113 3.208 3.303 3.398 3.493 3.458 3.419 3.38 3.34 3.301 3.262 3.223 3.184 3.145 3.124 3.137 3.15 3.163 3.175 3.188 3.201 3.218 3.238
26.198 27.098 27.874 25.052 22.23 19.408 16.587 13.765 10.943 8.121 5.299 2.477 1.897 1.87 1.842 1.814 1.787 1.759 1.731 3.193 5.656 8.118 10.58 13.043 15.505 17.968 19.943 19.992 20.041 20.091 20.14 20.19 20.239 20.288 20.338 20.382 20.397 20.412 20.427 20.442 20.457 20.472 20.488 20.503 19.643 17.274 14.906 12.537 10.168 7.8 5.431 3.063 3.279 4.451 5.622 6.794 7.965 9.137 10.308 11.48 11.623 11.631 11.639 11.647 11.655 11.663 11.672 11.68 11.699 11.745 11.792 11.838 11.884 11.931 11.977 12.023 12.07 13.229 14.463 15.697 16.931 18.165 19.4 20.634 21.868 21.441 20.739 20.038 19.336 18.635 17.933 17.232 16.53 16.237 16.272 16.307 16.343 16.378 16.414 16.449 16.485 15.826 14.216 12.606 10.995 9.385 7.775 6.165 4.555 2.945 2.845 2.94 3.035 3.13 3.225 3.32 3.415 3.51 3.473 3.433 3.394 3.355 3.316 3.277 3.238 3.199 3.171 3.183 3.196 3.209 3.222 3.234 3.247 3.26 3.277 3.297
28.475 29.375 30.091 27.27 24.448 21.626 18.804 15.982 13.16 10.339 7.517 4.695 1.886 1.858 1.831 1.803 1.775 1.748 1.72 3.222 5.684 8.146 10.609 13.071 15.534 17.867 17.916 17.966 18.015 18.064 18.114 18.163 18.213 18.262 18.311 18.355 18.37 18.385 18.4 18.415 18.43 18.446 18.461 18.476 18.491 17.148 14.779 12.41 10.042 7.673 5.304 2.936 3.211 4.382 5.554 6.725 7.897 9.068 10.24 10.554 10.563 10.571 10.579 10.587 10.595 10.603 10.611 10.62 10.64 10.686 10.732 10.779 10.825 10.871 10.917 10.964 11.01 11.223 12.457 13.691 14.926 16.16 17.394 18.628 19.862 19.403 18.701 18.0 17.298 16.597 15.895 15.194 14.791 14.827 14.862 14.898 14.933 14.969 15.004 15.04 15.075 14.388 12.778 11.168 9.558 7.948 6.338 4.728 3.118 2.767 2.862 2.957 3.052 3.147 3.242 3.337 3.432 3.526 3.487 3.448 3.409 3.37 3.331 3.292 3.252 3.217 3.23 3.242 3.255 3.268 3.281 3.293 3.306 3.319 3.336 3.356
30.751 31.651 32.309 29.487 26.665 23.843 21.021 18.2 15.378 12.556 9.734 6.912 4.091 1.847 1.819 1.791 1.764 1.736 1.708 3.25 5.712 8.175 10.637 13.1 15.562 15.84 15.89 15.939 15.989 16.038 16.087 16.137 16.186 16.236 16.285 16.328 16.343 16.358 16.373 16.388 16.403 16.419 16.434 16.449 16.464 16.479 14.652 12.284 9.915 7.546 5.178 2.809 3.142 4.314 5.485 6.657 7.828 9.0 9.486 9.494 9.502 9.511 9.519 9.527 9.535 9.543 9.551 9.559 9.58 9.626 9.673 9.719 9.765 9.812 9.858 9.904 9.951 9.997 10.451 11.686 12.92 14.154 15.388 16.622 17.857 17.364 16.663 15.961 15.26 14.558 13.857 13.346 13.382 13.417 13.453 13.488 13.524 13.559 13.594 13.63 13.665 12.95 11.34 9.73 8.12 6.51 4.9 3.29 2.689 2.784 2.879 2.974 3.069 3.164 3.259 3.354 3.449 3.541 3.502 3.463 3.424 3.385 3.345 3.306 3.267 3.276 3.289 3.301 3.314 3.327 3.34 3.352 3.365 3.378 3.395 3.415
33.028 33.928 34.526 31.704 28.883 26.061 23.239 20.417 17.595 14.773 11.952 9.13 6.308 3.486 1.807 1.78 1.752 1.724 1.697 3.278 5.741 8.203 10.666 13.128 13.765 13.814 13.863 13.913 13.962 14.012 14.061 14.11 14.16 14.209 14.259 14.301 14.316 14.331 14.346 14.361 14.376 14.392 14.407 14.422 14.437 14.452 14.467 12.157 9.788 7.42 5.051 2.682 3.074 4.245 5.417 6.588 7.76 8.418 8.426 8.434 8.442 8.451 8.459 8.467 8.475 8.483 8.491 8.499 8.521 8.567 8.613 8.66 8.706 8.752 8.798 8.845 8.891 8.937 8.984 9.68 10.914 12.148 13.382 14.617 15.851 15.326 14.625 13.923 13.222 12.52 11.901 11.937 11.972 12.008 12.043 12.078 12.114 12.149 12.185 12.22 12.256 11.513 9.903 8.293 6.683 5.073 3.463 2.611 2.706 2.801 2.896 2.991 3.086 3.181 3.276 3.371 3.466 3.556 3.517 3.478 3.438 3.399 3.36 3.321 3.322 3.335 3.348 3.36 3.373 3.386 3.399 3.411 3.424 3.437 3.454 3.474
35.305 36.205 36.744 33.922 31.1 28.278 25.456 22.635 19.813 16.991 14.169 11.347 8.525 5.704 2.882 1.768 1.74 1.713 1.685 3.307 5.769 8.232 10.694 11.689 11.738 11.788 11.837 11.886 11.936 11.985 12.035 12.084 12.133 12.183 12.232 12.274 12.289 12.304 12.319 12.334 12.349 12.365 12.38 12.395 12.41 12.425 12.44 12.03 9.662 7.293 4.924 2.556 3.005 4.177 5.348 6.52 7.35 7.358 7.366 7.374 7.382 7.39 7.399 7.407 7.415 7.423 7.431 7.439 7.461 7.507 7.554 7.6 7.646 7.693 7.739 7.785 7.832 7.878 7.924 7.971 8.908 10.143 11.377 12.611 13.845 13.288 12.586 11.885 11.183 10.482 10.492 10.527 10.563 10.598 10.633 10.669 10.704 10.74 10.775 10.811 10.846 10.075 8.465 6.855 5.245 3.635 2.533 2.628 2.723 2.818 2.913 3.008 3.103 3.198 3.293 3.388 3.483 3.571 3.531 3.492 3.453 3.414 3.375 3.368 3.381 3.394 3.407 3.419 3.432 3.445 3.458 3.47 3.483 3.496 3.513 3.533
37.581 38.481 38.961 36.139 33.318 30.496 27.674 24.852 22.03 19.208 16.387 13.565 10.743 7.921 5.099 2.277 1.729 1.701 1.673 3.335 5.798 8.26 9.613 9.662 9.712 9.761 9.811 9.86 9.909 9.959 10.008 10.058 10.107 10.156 10.206 10.247 10.262 10.277 10.292 10.307 10.322 10.338 10.353 10.368 10.383 10.398 10.413 10.428 9.535 7.166 4.798 2.429 2.937 4.108 5.28 6.281 6.29 6.298 6.306 6.314 6.322 6.33 6.338 6.347 6.355 6.363 6.371 6.379 6.402 6.448 6.494 6.541 6.587 6.633 6.68 6.726 6.772 6.818 6.865 6.911 6.957 8.137 9.371 10.605 11.839 11.25 10.548 9.847 9.145 9.047 9.082 9.117 9.153 9.188 9.224 9.259 9.295 9.33 9.366 9.401 9.436 8.638 7.028 5.418 3.808 2.455 2.55 2.645 2.74 2.835 2.93 3.025 3.12 3.215 3.31 3.405 3.5 3.585 3.546 3.507 3.468 3.429 3.415 3.427 3.44 3.453 3.466 3.478 3.491 3.504 3.517 3.529 3.542 3.555 3.572 3.593
39.858 40.758 41.179 38.357 35.535 32.713 29.891 27.069 24.248 21.426 18.604 15.782 12.96 10.138 7.317 4.495 1.717 1.69 1.662 3.364 5.826 7.537 7.587 7.636 7.685 7.735 7.784 7.834 7.883 7.932 7.982 8.031 8.081 8.13 8.179 8.22 8.235 8.25 8.265 8.28 8.295 8.311 8.326 8.341 8.356 8.371 8.386 8.402 8.417 7.04 4.671 2.302 2.868 4.04 5.211 5.221 5.229 5.238 5.246 5.254 5.262 5.27 5.278 5.286 5.295 5.303 5.311 5.319 5.342 5.388 5.435 5.481 5.527 5.574 5.62 5.666 5.713 5.759 5.805 5.852 5.898 6.131 7.365 8.6 9.834 9.211 8.51 7.808 7.601 7.637 7.672 7.708 7.743 7.779 7.814 7.85 7.885 7.92 7.956 7.991 8.027 7.2 5.59 3.98 2.377 2.472 2.567 2.662 2.757 2.852 2.947 3.042 3.137 3.232 3.327 3.422 3.517 3.6 3.561 3.522 3.483 3.461 3.474 3.486 3.499 3.512 3.525 3.537 3.55 3.563 3.576 3.588 3.601 3.614 3.632 3.652
42.134 43.034 43.396 40.574 37.752 34.931 32.109 29.287 26.465 23.643 20.821 18.0 15.178 12.356 9.534 6.712 3.89 1.678 1.65 3.392 5.461 5.511 5.56 5.61 5.659 5.708 5.758 5.807 5.857 5.906 5.955 6.005 6.054 6.104 6.153 6.193 6.208 6.223 6.238 6.253 6.268 6.284 6.299 6.314 6.329 6.344 6.359 6.375 6.39 6.405 4.544 2.176 2.8 3.971 4.153 4.161 4.169 4.178 4.186 4.194 4.202 4.21 4.218 4.226 4.234 4.243 4.251 4.259 4.283 4.329 4.375 4.422 4.468 4.514 4.561 4.607 4.653 4.699 4.746 4.792 4.838 4.885 5.36 6.594 7.828 7.173 6.472 6.156 6.192 6.227 6.263 6.298 6.334 6.369 6.404 6.44 6.475 6.511 6.546 6.582 6.617 5.763 4.153 2.543 2.394 2.489 2.584 2.679 2.774 2.869 2.964 3.059 3.154 3.249 3.344 3.439 3.534 3.615 3.576 3.536 3.507 3.52 3.533 3.545 3.558 3.571 3.584 3.596 3.609 3.622 3.635 3.647 3.66 3.673 3.691 3.711
44.411 45.311 45.614 42.792 39.97 37.148 34.326 31.504 28.683 25.861 23.039 20.217 17.395 14.573 11.752 8.93 6.108 3.286 1.639 3.385 3.435 3.484 3.534 3.583 3.632 3.682 3.731 3.781 3.83 3.879 3.929 3.978 4.028 4.077 4.126 4.166 4.181 4.196 4.211 4.226 4.242 4.257 4.272 4.287 4.302 4.317 4.332 4.348 4.363 4.378 4.393 2.049 2.731 3.085 3.093 3.101 3.109 3.117 3.126 3.134 3.142 3.15 3.158 3.166 3.174 3.183 3.191 3.199 3.223 3.27 3.316 3.362 3.408 3.455 3.501 3.547 3.594 3.64 3.686 3.733 3.779 3.825 3.872 4.588 5.822 5.135 4.711 4.747 4.782 4.818 4.853 4.889 4.924 4.959 4.995 5.03 5.066 5.101 5.137 5.172 5.207 4.325 2.715 2.316 2.411 2.506 2.601 2.696 2.791 2.886 2.981 3.076 3.171 3.266 3.361 3.456 3.551 3.629 3.59 3.553 3.566 3.579 3.592 3.604 3.617 3.63 3.643 3.655 3.668 3.681 3.694 3.706 3.719 3.732 3.75 3.77
45.969 46.894 46.265 43.505 40.744 37.984 35.224 32.463 29.703 26.942 24.182 21.422 18.661 15.901 13.14 10.38 7.619 4.859 2.099 1.671 1.683 1.696 1.708 1.72 1.732 1.744 1.757 1.769 1.804 1.853 1.902 1.952 2.001 2.051 2.1 2.139 2.154 2.169 2.184 2.199 2.215 2.23 2.245 2.26 2.275 2.29 2.305 2.321 2.336 2.351 2.366 1.922 2.017 2.025 2.033 2.041 2.049 2.057 2.065 2.074 2.082 2.09 2.098 2.106 2.114 2.122 2.131 2.139 2.164 2.21 2.256 2.303 2.349 2.395 2.442 2.488 2.534 2.581 2.627 2.673 2.719 2.766 2.812 2.858 3.798 3.266 3.302 3.337 3.373 3.408 3.443 3.479 3.514 3.55 3.585 3.621 3.656 3.691 3.727 3.762 3.798 2.887 2.238 2.333 2.428 2.523 2.618 2.713 2.808 2.903 2.998 3.093 3.188 3.283 3.378 3.473 3.568 3.644 3.605 3.612 3.625 3.638 3.651 3.663 3.676 3.689 3.702 3.714 3.727 3.74 3.753 3.765 3.778 3.791 3.809 3.825
46.608 46.557 44.64 41.88 39.12 36.359 33.599 30.838 28.078 25.318 22.557 19.797 17.036 14.276 11.515 8.755 5.995 3.234 2.407 2.031 1.959 1.971 1.983 1.995 2.008 2.02 2.032 2.044 2.056 2.069 2.081 2.093 2.105 2.117 2.13 2.13 2.108 2.085 2.063 2.04 2.018 1.996 1.973 1.951 1.928 1.906 1.883 1.861 1.838 1.816 1.793 1.639 1.577 1.568 1.559 1.55 1.541 1.532 1.523 1.514 1.505 1.496 1.487 1.478 1.469 1.46 1.451 1.443 1.451 1.48 1.509 1.538 1.567 1.596 1.625 1.654 1.683 1.712 1.741 1.77 1.799 1.828 1.857 1.886 1.916 1.928 1.939 1.951 1.963 1.998 2.034 2.069 2.105 2.14 2.176 2.211 2.246 2.282 2.317 2.353 2.388 2.16 2.255 2.35 2.445 2.54 2.635 2.73 2.825 2.92 3.015 3.11 3.205 3.3 3.395 3.49 3.585 3.659 3.659 3.671 3.684 3.697 3.71 3.722 3.735 3.748 3.761 3.773 3.786 3.799 3.812 3.824 3.837 3.85 3.867 3.869
46.663 44.948 43.016 40.255 37.495 34.734 31.974 29.214 26.453 23.693 20.932 18.172 15.411 12.651 9.891 7.13 4.37 3.142 3.077 2.695 2.234 2.246 2.258 2.271 2.283 2.295 2.307 2.319 2.332 2.344 2.356 2.368 2.38 2.393 2.405 2.405 2.383 2.36 2.338 2.315 2.293 2.27 2.248 2.225 2.203 2.18 2.158 2.135 2.113 2.091 1.984 1.638 1.567 1.544 1.535 1.526 1.517 1.508 1.499 1.491 1.482 1.473 1.464 1.455 1.446 1.437 1.428 1.419 1.428 1.457 1.486 1.515 1.544 1.573 1.602 1.631 1.66 1.689 1.718 1.747 1.776 1.805 1.834 1.863 1.903 1.924 1.936 1.948 1.959 1.971 1.983 1.994 2.006 2.018 2.03 2.041 2.053 2.065 2.076 2.088 2.1 2.152 2.247 2.343 2.438 2.534 2.629 2.725 2.82 2.916 3.012 3.107 3.203 3.298 3.394 3.49 3.585 3.666 3.68 3.694 3.708 3.722 3.737 3.751 3.765 3.779 3.793 3.807 3.821 3.835 3.849 3.863 3.877 3.891 3.9 3.902
45.055 43.34 41.391 38.63 35.87 33.11 30.349 27.589 24.828 22.068 19.307 16.547 13.787 11.026 8.266 5.505 3.876 3.812 3.747 3.358 2.883 2.521 2.534 2.546 2.558 2.57 2.582 2.595 2.607 2.619 2.631 2.643 2.656 2.668 2.68 2.68 2.657 2.635 2.612 2.59 2.567 2.545 2.522 2.5 2.478 2.455 2.433 2.41 2.388 2.329 1.983 1.636 1.571 1.527 1.512 1.503 1.494 1.485 1.476 1.467 1.458 1.449 1.44 1.431 1.422 1.413 1.404 1.395 1.405 1.434 1.463 1.492 1.521 1.55 1.579 1.608 1.637 1.666 1.695 1.724 1.753 1.782 1.811 1.849 1.89 1.913 1.933 1.944 1.956 1.968 1.979 1.991 2.003 2.015 2.026 2.038 2.05 2.061 2.073 2.085 2.096 2.15 2.231 2.326 2.422 2.518 2.613 2.709 2.804 2.9 2.996 3.091 3.187 3.282 3.378 3.473 3.569 3.649 3.663 3.677 3.691 3.705 3.719 3.733 3.747 3.761 3.775 3.789 3.803 3.818 3.832 3.846 3.86 3.876 3.89 3.895
43.447 41.732 39.766 37.006 34.245 31.485 28.724 25.964 23.203 20.443 17.683 14.922 12.162 9.401 6.641 4.611 4.546 4.481 4.416 4.021 3.546 3.072 2.809 2.821 2.833 2.845 2.858 2.87 2.882 2.894 2.906 2.919 2.931 2.943 2.955 2.954 2.932 2.909 2.887 2.864 2.842 2.82 2.797 2.775 2.752 2.73 2.707 2.685 2.662 2.328 1.982 1.635 1.575 1.531 1.488 1.479 1.47 1.461 1.452 1.443 1.434 1.425 1.416 1.407 1.398 1.389 1.38 1.371 1.381 1.41 1.439 1.468 1.497 1.526 1.555 1.584 1.613 1.642 1.671 1.7 1.729 1.758 1.795 1.837 1.877 1.901 1.924 1.941 1.953 1.964 1.976 1.988 1.999 2.011 2.023 2.035 2.046 2.058 2.07 2.081 2.093 2.147 2.226 2.31 2.406 2.502 2.597 2.693 2.788 2.884 2.979 3.075 3.171 3.266 3.362 3.457 3.553 3.631 3.645 3.659 3.673 3.688 3.702 3.716 3.73 3.744 3.758 3.772 3.786 3.8 3.814 3.828 3.844 3.861 3.875 3.888
41.839 40.124 38.141 35.381 32.62 29.86 27.099 24.339 21.579 18.818 16.058 13.297 10.537 7.776 5.346 5.281 5.216 5.151 5.086 4.684 4.21 3.735 3.261 3.096 3.108 3.121 3.133 3.145 3.157 3.169 3.182 3.194 3.206 3.218 3.23 3.229 3.207 3.184 3.162 3.139 3.117 3.094 3.072 3.049 3.027 3.004 2.982 2.959 2.673 2.327 1.98 1.634 1.578 1.535 1.491 1.455 1.446 1.437 1.428 1.419 1.41 1.401 1.392 1.383 1.374 1.365 1.356 1.347 1.358 1.387 1.416 1.445 1.474 1.503 1.532 1.561 1.59 1.619 1.648 1.677 1.706 1.741 1.783 1.824 1.864 1.888 1.911 1.935 1.949 1.961 1.973 1.984 1.996 2.008 2.019 2.031 2.043 2.055 2.066 2.078 2.09 2.145 2.223 2.302 2.39 2.485 2.581 2.677 2.772 2.868 2.963 3.059 3.155 3.25 3.346 3.441 3.537 3.614 3.628 3.642 3.656 3.67 3.684 3.698 3.712 3.726 3.74 3.754 3.768 3.783 3.797 3.812 3.829 3.846 3.86 3.873
40.231 38.515 36.516 33.756 30.995 28.235 25.475 22.714 19.954 17.193 14.433 11.673 8.912 6.152 6.015 5.951 5.886 5.821 5.756 5.347 4.873 4.398 3.924 3.449 3.384 3.396 3.408 3.42 3.432 3.445 3.457 3.469 3.481 3.493 3.506 3.504 3.481 3.459 3.436 3.414 3.391 3.369 3.346 3.324 3.302 3.279 3.257 3.018 2.672 2.325 1.979 1.633 1.582 1.538 1.495 1.451 1.422 1.413 1.404 1.395 1.386 1.377 1.368 1.359 1.35 1.341 1.332 1.323 1.335 1.364 1.393 1.422 1.451 1.48 1.509 1.538 1.567 1.596 1.625 1.654 1.687 1.729 1.77 1.812 1.851 1.875 1.898 1.922 1.946 1.958 1.969 1.981 1.993 2.004 2.016 2.028 2.039 2.051 2.063 2.075 2.086 2.143 2.221 2.299 2.378 2.469 2.565 2.661 2.756 2.852 2.947 3.043 3.138 3.234 3.33 3.425 3.521 3.596 3.61 3.624 3.638 3.653 3.667 3.681 3.695 3.709 3.723 3.737 3.751 3.765 3.78 3.797 3.814 3.831 3.845 3.858
38.622 36.907 34.891 32.131 29.371 26.61 23.85 21.089 18.329 15.569 12.808 10.048 7.287 6.75 6.685 6.62 6.556 6.491 6.426 6.011 5.536 5.062 4.587 4.112 3.659 3.671 3.683 3.695 3.708 3.72 3.732 3.744 3.756 3.769 3.781 3.778 3.756 3.733 3.711 3.688 3.666 3.644 3.621 3.599 3.576 3.554 3.363 3.017 2.67 2.324 1.978 1.631 1.586 1.542 1.499 1.455 1.411 1.389 1.38 1.371 1.362 1.353 1.344 1.335 1.326 1.317 1.308 1.299 1.312 1.341 1.37 1.399 1.428 1.457 1.486 1.515 1.544 1.573 1.602 1.633 1.675 1.716 1.758 1.799 1.838 1.862 1.886 1.909 1.933 1.954 1.966 1.978 1.989 2.001 2.013 2.024 2.036 2.048 2.06 2.071 2.083 2.141 2.219 2.297 2.375 2.453 2.549 2.644 2.74 2.836 2.931 3.027 3.122 3.218 3.314 3.409 3.505 3.579 3.593 3.607 3.621 3.635 3.649 3.663 3.677 3.691 3.705 3.719 3.734 3.748 3.765 3.782 3.799 3.816 3.83 3.843
37.014 35.299 33.267 30.506 27.746 24.985 22.225 19.465 16.704 13.944 11.183 8.423 7.485 7.42 7.355 7.29 7.225 7.16 7.096 6.674 6.199 5.725 5.25 4.776 4.301 3.946 3.959 3.971 3.983 3.995 4.007 4.02 4.032 4.044 4.056 4.053 4.031 4.008 3.986 3.963 3.941 3.918 3.896 3.873 3.851 3.708 3.362 3.016 2.669 2.323 1.976 1.633 1.589 1.546 1.502 1.459 1.415 1.372 1.356 1.347 1.338 1.329 1.32 1.312 1.303 1.294 1.285 1.276 1.289 1.318 1.347 1.376 1.405 1.434 1.463 1.492 1.521 1.55 1.579 1.621 1.662 1.704 1.745 1.787 1.825 1.849 1.873 1.896 1.92 1.944 1.963 1.974 1.986 1.998 2.009 2.021 2.033 2.044 2.056 2.068 2.08 2.138 2.217 2.295 2.373 2.451 2.533 2.628 2.724 2.82 2.915 3.011 3.106 3.202 3.297 3.393 3.489 3.561 3.575 3.589 3.604 3.618 3.632 3.646 3.66 3.674 3.688 3.702 3.716 3.733 3.75 3.767 3.784 3.801 3.815 3.828
35.406 33.691 31.642 28.881 26.121 23.361 20.6 17.84 15.079 12.319 9.558 8.219 8.155 8.09 8.025 7.96 7.895 7.83 7.765 7.337 6.862 6.388 5.913 5.439 4.964 4.49 4.234 4.246 4.258 4.27 4.283 4.295 4.307 4.319 4.331 4.328 4.305 4.283 4.26 4.238 4.215 4.193 4.17 4.148 4.053 3.707 3.361 3.014 2.668 2.321 1.975 1.637 1.593 1.549 1.506 1.462 1.419 1.375 1.333 1.324 1.315 1.306 1.297 1.288 1.279 1.27 1.261 1.252 1.265 1.294 1.323 1.352 1.381 1.41 1.439 1.468 1.497 1.526 1.567 1.608 1.65 1.691 1.732 1.774 1.813 1.836 1.86 1.883 1.907 1.931 1.954 1.971 1.983 1.994 2.006 2.018 2.029 2.041 2.053 2.064 2.076 2.136 2.214 2.293 2.371 2.449 2.527 2.612 2.708 2.803 2.899 2.995 3.09 3.186 3.281 3.377 3.473 3.544 3.558 3.572 3.586 3.6 3.614 3.628 3.642 3.656 3.67 3.685 3.701 3.718 3.735 3.752 3.769 3.786 3.8 3.813
33.798 32.083 30.017 27.257 24.496 21.736 18.975 16.215 13.454 10.694 8.954 8.889 8.824 8.759 8.695 8.63 8.565 8.5 8.435 8.0 7.526 7.051 6.577 6.102 5.628 5.153 4.679 4.521 4.533 4.546 4.558 4.57 4.582 4.594 4.607 4.602 4.58 4.557 4.535 4.512 4.49 4.468 4.445 4.399 4.052 3.706 3.359 3.013 2.667 2.32 1.974 1.64 1.597 1.553 1.51 1.466 1.423 1.379 1.335 1.3 1.291 1.282 1.273 1.264 1.255 1.246 1.237 1.228 1.242 1.271 1.3 1.329 1.358 1.387 1.416 1.445 1.474 1.513 1.554 1.595 1.637 1.678 1.72 1.761 1.8 1.823 1.847 1.871 1.894 1.918 1.942 1.965 1.979 1.991 2.003 2.014 2.026 2.038 2.049 2.061 2.073 2.134 2.212 2.29 2.369 2.447 2.525 2.603 2.692 2.787 2.883 2.979 3.074 3.17 3.265 3.361 3.456 3.526 3.54 3.554 3.569 3.583 3.597 3.611 3.625 3.639 3.653 3.669 3.686 3.703 3.72 3.737 3.754 3.771 3.785 3.798
32.189 30.474 28.392 25.632 22.871 20.111 17.35 14.59 11.83 9.689 9.624 9.559 9.494 9.429 9.364 9.3 9.235 9.17 9.105 8.663 8.189 7.714 7.24 6.765 6.291 5.816 5.342 4.867 4.809 4.821 4.833 4.845 4.857 4.87 4.882 4.877 4.855 4.832 4.81 4.787 4.765 4.742 4.72 4.397 4.051 3.704 3.358 3.012 2.665 2.319 1.972 1.644 1.6 1.557 1.513 1.47 1.426 1.383 1.339 1.296 1.267 1.258 1.249 1.24 1.231 1.222 1.213 1.204 1.219 1.248 1.277 1.306 1.335 1.364 1.393 1.422 1.458 1.5 1.541 1.583 1.624 1.666 1.707 1.749 1.787 1.81 1.834 1.858 1.881 1.905 1.929 1.952 1.976 1.988 1.999 2.011 2.023 2.034 2.046 2.058 2.069 2.132 2.21 2.288 2.366 2.445 2.523 2.601 2.679 2.771 2.867 2.962 3.058 3.154 3.249 3.345 3.44 3.509 3.523 3.537 3.551 3.565 3.579 3.593 3.607 3.621 3.637 3.654 3.671 3.688 3.705 3.722 3.739 3.756 3.769 3.783
30.581 28.866 26.767 24.007 21.246 18.486 15.726 12.965 10.423 10.358 10.294 10.229 10.164 10.099 10.034 9.969 9.904 9.84 9.775 9.327 8.852 8.378 7.903 7.429 6.954 6.479 6.005 5.53 5.084 5.096 5.108 5.12 5.133 5.145 5.157 5.152 5.129 5.107 5.084 5.062 5.039 5.017 4.742 4.396 4.05 3.703 3.357 3.01 2.664 2.318 1.971 1.648 1.604 1.561 1.517 1.473 1.43 1.386 1.343 1.299 1.256 1.234 1.225 1.216 1.207 1.198 1.189 1.18 1.196 1.225 1.254 1.283 1.312 1.341 1.37 1.404 1.446 1.487 1.529 1.57 1.612 1.653 1.695 1.736 1.774 1.798 1.821 1.845 1.869 1.892 1.916 1.939 1.963 1.984 1.996 2.008 2.019 2.031 2.043 2.054 2.066 2.13 2.208 2.286 2.364 2.442 2.52 2.599 2.677 2.755 2.851 2.946 3.042 3.138 3.233 3.329 3.424 3.491 3.505 3.52 3.534 3.548 3.562 3.576 3.59 3.605 3.622 3.639 3.656 3.673 3.69 3.707 3.724 3.741 3.754 3.768
28.973 27.258 25.142 22.382 19.622 16.861 14.101 11.34 11.093 11.028 10.963 10.899 10.834 10.769 10.704 10.639 10.574 10.509 10.445 9.99 9.515 9.041 8.566 8.092 7.617 7.143 6.668 6.194 5.719 5.371 5.383 5.396 5.408 5.42 5.432 5.426 5.404 5.381 5.359 5.336 5.314 5.088 4.741 4.395 4.048 3.702 3.355 3.009 2.663 2.316 1.97 1.651 1.608 1.564 1.521 1.477 1.434 1.39 1.347 1.303 1.259 1.216 1.201 1.192 1.183 1.174 1.165 1.156 1.172 1.201 1.23 1.259 1.288 1.317 1.35 1.392 1.433 1.475 1.516 1.558 1.599 1.641 1.682 1.724 1.761 1.785 1.808 1.832 1.856 1.879 1.903 1.927 1.95 1.974 1.993 2.004 2.016 2.028 2.039 2.051 2.063 2.127 2.205 2.284 2.362 2.44 2.518 2.596 2.675 2.753 2.835 2.93 3.026 3.121 3.217 3.313 3.408 3.474 3.488 3.502 3.516 3.53 3.544 3.558 3.573 3.59 3.607 3.624 3.641 3.658 3.675 3.692 3.709 3.726 3.739 3.752
27.365 25.65 23.518 20.757 17.997 15.236 12.476 11.828 11.763 11.698 11.633 11.568 11.503 11.439 11.374 11.309 11.244 11.179 11.114 10.653 10.178 9.704 9.229 8.755 8.28 7.806 7.331 6.857 6.382 5.908 5.659 5.671 5.683 5.695 5.707 5.701 5.679 5.656 5.634 5.611 5.433 5.086 4.74 4.393 4.047 3.701 3.354 3.008 2.661 2.315 1.969 1.655 1.611 1.568 1.524 1.481 1.437 1.394 1.35 1.307 1.263 1.22 1.177 1.168 1.159 1.15 1.141 1.132 1.149 1.178 1.207 1.236 1.265 1.296 1.338 1.379 1.421 1.462 1.504 1.545 1.587 1.628 1.67 1.711 1.748 1.772 1.795 1.819 1.843 1.866 1.89 1.914 1.937 1.961 1.985 2.001 2.013 2.024 2.036 2.048 2.059 2.125 2.203 2.281 2.36 2.438 2.516 2.594 2.672 2.751 2.829 2.914 3.01 3.105 3.201 3.297 3.392 3.456 3.471 3.485 3.499 3.513 3.527 3.541 3.558 3.575 3.592 3.609 3.626 3.643 3.66 3.677 3.694 3.711 3.724 3.737
25.757 24.042 21.893 19.132 16.372 13.612 12.562 12.497 12.433 12.368 12.303 12.238 12.173 12.108 12.044 11.979 11.914 11.849 11.784 11.316 10.842 10.367 9.893 9.418 8.944 8.469 7.995 7.52 7.045 6.571 6.096 5.946 5.958 5.971 5.983 5.976 5.953 5.931 5.908 5.778 5.431 5.085 4.739 4.392 4.046 3.699 3.353 3.006 2.66 2.314 1.967 1.659 1.615 1.572 1.528 1.485 1.441 1.397 1.354 1.31 1.267 1.223 1.18 1.145 1.136 1.127 1.118 1.109 1.126 1.155 1.184 1.213 1.242 1.284 1.325 1.367 1.408 1.45 1.491 1.533 1.574 1.615 1.657 1.698 1.735 1.759 1.783 1.806 1.83 1.854 1.877 1.901 1.924 1.948 1.972 1.995 2.009 2.021 2.033 2.044 2.056 2.123 2.201 2.279 2.357 2.436 2.514 2.592 2.67 2.748 2.826 2.905 2.994 3.089 3.185 3.28 3.376 3.439 3.453 3.467 3.481 3.495 3.509 3.526 3.543 3.56 3.577 3.594 3.611 3.628 3.645 3.662 3.679 3.696 3.709 3.722
24.148 22.433 20.268 17.508 14.747 13.297 13.232 13.167 13.102 13.038 12.973 12.908 12.843 12.778 12.713 12.648 12.584 12.519 12.454 11.979 11.505 11.03 10.556 10.081 9.607 9.132 8.658 8.183 7.709 7.234 6.76 6.285 6.234 6.246 6.258 6.25 6.228 6.205 6.123 5.776 5.43 5.084 4.737 4.391 4.044 3.698 3.352 3.005 2.659 2.312 1.966 1.662 1.619 1.575 1.532 1.488 1.445 1.401 1.358 1.314 1.27 1.227 1.183 1.14 1.112 1.103 1.094 1.085 1.103 1.132 1.161 1.19 1.23 1.271 1.313 1.354 1.396 1.437 1.478 1.52 1.561 1.603 1.644 1.686 1.722 1.746 1.77 1.793 1.817 1.841 1.864 1.888 1.912 1.935 1.959 1.983 2.006 2.018 2.029 2.041 2.053 2.121 2.199 2.277 2.355 2.433 2.512 2.59 2.668 2.746 2.824 2.902 2.981 3.073 3.169 3.264 3.36 3.421 3.436 3.45 3.464 3.478 3.494 3.511 3.528 3.545 3.562 3.579 3.596 3.613 3.63 3.647 3.664 3.681 3.694 3.707
22.54 20.825 18.643 15.883 14.032 13.967 13.902 13.837 13.772 13.707 13.642 13.578 13.513 13.448 13.383 13.318 13.253 13.189 13.117 12.643 12.168 11.694 11.219 10.745 10.27 9.795 9.321 8.846 8.372 7.897 7.423 6.948 6.509 6.521 6.533 6.525 6.503 6.468 6.122 5.775 5.429 5.082 4.736 4.39 4.043 3.697 3.35 3.004 2.658 2.311 1.965 1.666 1.622 1.579 1.535 1.492 1.448 1.405 1.361 1.318 1.274 1.231 1.187 1.144 1.1 1.079 1.07 1.061 1.08 1.109 1.138 1.176 1.217 1.259 1.3 1.341 1.383 1.424 1.466 1.507 1.549 1.59 1.632 1.673 1.709 1.733 1.757 1.78 1.804 1.828 1.851 1.875 1.899 1.922 1.946 1.97 1.993 2.014 2.026 2.038 2.049 2.118 2.197 2.275 2.353 2.431 2.509 2.587 2.666 2.744 2.822 2.9 2.978 3.057 3.153 3.248 3.344 3.404 3.418 3.432 3.446 3.462 3.479 3.496 3.513 3.53 3.547 3.564 3.581 3.598 3.615 3.632 3.649 3.666 3.679 3.692
20.932 19.217 17.018 14.766 14.701 14.637 14.572 14.507 14.442 14.377 14.312 14.247 14.183 14.118 14.053 13.988 13.923 13.858 13.78 13.306 12.831 12.357 11.882 11.408 10.933 10.459 9.984 9.51 9.035 8.561 8.086 7.611 7.137 6.796 6.808 6.8 6.777 6.467 6.12 5.774 5.427 5.081 4.735 4.388 4.042 3.695 3.349 3.003 2.656 2.31 1.963 1.67 1.626 1.583 1.539 1.496 1.452 1.408 1.365 1.321 1.278 1.234 1.191 1.147 1.104 1.06 1.046 1.037 1.056 1.085 1.122 1.163 1.204 1.246 1.287 1.329 1.37 1.412 1.453 1.495 1.536 1.578 1.619 1.661 1.697 1.72 1.744 1.768 1.791 1.815 1.839 1.862 1.886 1.909 1.933 1.957 1.98 2.004 2.022 2.034 2.046 2.116 2.194 2.272 2.351 2.429 2.507 2.585 2.663 2.742 2.82 2.898 2.976 3.054 3.137 3.232 3.328 3.387 3.401 3.415 3.43 3.447 3.464 3.481 3.498 3.515 3.532 3.549 3.566 3.583 3.6 3.617 3.634 3.651 3.664 3.677
19.324 17.609 15.501 15.436 15.371 15.306 15.241 15.177 15.112 15.047 14.982 14.917 14.852 14.788 14.723 14.658 14.593 14.528 14.444 13.969 13.495 13.02 12.545 12.071 11.596 11.122 10.647 10.173 9.698 9.224 8.749 8.275 7.8 7.326 7.084 7.074 6.812 6.465 6.119 5.773 5.426 5.08 4.733 4.387 4.041 3.694 3.348 3.001 2.655 2.309 1.962 1.673 1.63 1.586 1.543 1.499 1.456 1.412 1.369 1.325 1.282 1.238 1.194 1.151 1.107 1.064 1.022 1.013 1.033 1.067 1.109 1.15 1.192 1.233 1.275 1.316 1.358 1.399 1.441 1.482 1.524 1.565 1.607 1.648 1.684 1.707 1.731 1.755 1.778 1.802 1.826 1.849 1.873 1.897 1.92 1.944 1.968 1.991 2.015 2.031 2.042 2.114 2.192 2.27 2.348 2.427 2.505 2.583 2.661 2.739 2.818 2.896 2.974 3.052 3.13 3.216 3.312 3.369 3.383 3.398 3.415 3.432 3.449 3.466 3.483 3.5 3.517 3.534 3.551 3.568 3.585 3.602 3.619 3.636 3.649 3.662
18.79 17.041 16.125 16.062 15.999 15.936 15.872 15.809 15.746 15.682 15.619 15.556 15.492 15.429 15.366 15.303 15.239 15.176 14.954 14.705 14.225 13.744 13.264 12.783 12.302 11.822 11.341 10.861 10.38 9.899 9.419 8.938 8.463 7.989 7.514 7.157 6.81 6.464 6.118 5.771 5.425 5.078 4.732 4.386 4.039 3.693 3.346 3.0 2.654 2.307 1.961 1.677 1.634 1.59 1.546 1.503 1.459 1.416 1.372 1.329 1.285 1.242 1.198 1.155 1.111 1.068 1.024 0.989 1.013 1.055 1.096 1.138 1.179 1.221 1.262 1.304 1.345 1.387 1.428 1.47 1.511 1.553 1.594 1.636 1.671 1.695 1.718 1.742 1.765 1.789 1.813 1.836 1.86 1.884 1.907 1.931 1.955 1.978 2.002 2.026 2.039 2.112 2.19 2.268 2.346 2.424 2.503 2.581 2.659 2.737 2.815 2.893 2.972 3.05 3.128 3.206 3.296 3.352 3.366 3.383 3.4 3.417 3.434 3.451 3.468 3.485 3.502 3.519 3.536 3.553 3.57 3.587 3.604 3.621 3.634 3.647
19.337 17.588 16.699 16.635 16.572 16.509 16.445 16.382 16.319 16.255 16.192 16.129 16.066 16.002 15.939 15.876 15.812 15.608 14.284 15.744 15.263 14.783 14.302 13.822 13.341 12.86 12.38 11.899 11.419 10.938 10.457 9.977 9.496 9.016 8.535 8.131 7.768 7.404 7.041 6.677 6.314 5.95 5.587 5.223 4.86 4.497 4.133 3.77 3.406 3.043 2.679 2.851 2.756 2.685 2.613 2.541 2.47 2.398 2.326 2.255 2.183 2.112 2.04 1.968 1.897 1.825 1.753 1.682 1.677 1.69 1.703 1.715 1.728 1.741 1.754 1.766 1.779 1.792 1.805 1.817 1.83 1.843 1.856 1.869 1.697 1.715 1.734 1.752 1.771 1.789 1.807 1.826 1.847 1.871 1.894 1.918 1.942 1.965 1.989 2.013 2.036 2.109 2.188 2.266 2.344 2.422 2.5 2.578 2.657 2.735 2.813 2.891 2.969 3.048 3.126 3.204 3.282 3.334 3.351 3.368 3.385 3.402 3.419 3.436 3.453 3.47 3.487 3.504 3.521 3.538 3.555 3.572 3.589 3.606 3.619 3.632
19.883 18.134 17.272 17.208 17.145 17.082 17.019 16.955 16.892 16.829 16.765 16.702 16.639 16.575 16.512 16.449 16.385 14.886 13.614 15.277 16.302 15.821 15.341 14.86 14.379 13.899 13.418 12.938 12.457 11.976 11.496 11.015 10.535 10.054 9.573 9.171 8.808 8.444 8.081 7.718 7.354 6.991 6.627 6.264 5.9 5.537 5.174 4.81 4.447 4.083 4.27 4.612 4.469 4.389 4.317 4.245 4.174 4.102 4.03 3.959 3.887 3.815 3.744 3.672 3.601 3.529 3.457 3.386 3.382 3.395 3.408 3.421 3.433 3.446 3.459 3.472 3.485 3.497 3.51 3.523 3.536 3.548 3.561 3.025 1.99 2.009 2.027 2.046 2.064 2.083 2.101 2.12 2.138 2.157 2.175 2.193 2.212 2.23 2.249 2.267 2.096 2.155 2.232 2.309 2.387 2.464 2.541 2.618 2.695 2.773 2.85 2.927 3.004 3.081 3.159 3.236 3.313 3.343 3.36 3.376 3.392 3.408 3.425 3.441 3.457 3.473 3.489 3.506 3.522 3.538 3.554 3.571 3.587 3.603 3.615 3.628
20.429 18.68 17.845 17.782 17.718 17.655 17.592 17.528 17.465 17.402 17.338 17.275 17.212 17.149 17.085 17.022 15.749 14.164 12.944 14.607 16.27 16.86 16.379 15.899 15.418 14.937 14.457 13.976 13.496 13.015 12.534 12.054 11.573 11.093 10.612 10.212 9.848 9.485 9.121 8.758 8.395 8.031 7.668 7.304 6.941 6.577 6.214 5.851 5.487 5.547 6.041 6.373 6.23 6.093 6.021 5.949 5.878 5.806 5.734 5.663 5.591 5.519 5.448 5.376 5.305 5.233 5.161 5.09 5.088 5.1 5.113 5.126 5.139 5.152 5.164 5.177 5.19 5.203 5.215 5.228 5.241 5.254 4.967 3.29 2.284 2.302 2.321 2.339 2.358 2.376 2.395 2.413 2.432 2.45 2.469 2.487 2.506 2.524 2.542 2.413 2.144 2.21 2.287 2.364 2.441 2.518 2.596 2.673 2.75 2.827 2.904 2.982 3.059 3.136 3.213 3.291 3.36 3.388 3.387 3.403 3.42 3.436 3.452 3.468 3.484 3.501 3.517 3.533 3.549 3.566 3.582 3.598 3.614 3.63 3.642 3.655
20.976 19.226 18.418 18.355 18.291 18.228 18.165 18.101 18.038 17.975 17.912 17.848 17.785 17.722 17.658 16.612 15.027 13.442 12.275 13.938 15.601 17.264 17.418 16.937 16.456 15.976 15.495 15.015 14.534 14.053 13.573 13.092 12.612 12.131 11.65 11.252 10.889 10.525 10.162 9.798 9.435 9.072 8.708 8.345 7.981 7.618 7.254 6.891 6.823 7.318 7.813 8.133 7.991 7.848 7.725 7.653 7.582 7.51 7.438 7.367 7.295 7.223 7.152 7.08 7.008 6.937 6.865 6.794 6.793 6.806 6.819 6.831 6.844 6.857 6.87 6.882 6.895 6.908 6.921 6.934 6.946 6.909 5.232 3.555 2.577 2.596 2.614 2.633 2.651 2.67 2.688 2.707 2.725 2.744 2.762 2.781 2.799 2.818 2.73 2.462 2.193 2.264 2.341 2.419 2.496 2.573 2.65 2.727 2.805 2.882 2.959 3.036 3.114 3.191 3.268 3.339 3.407 3.433 3.427 3.431 3.447 3.463 3.479 3.496 3.512 3.528 3.544 3.56 3.577 3.593 3.609 3.625 3.642 3.657 3.67 3.682
21.522 19.773 18.991 18.928 18.864 18.801 18.738 18.675 18.611 18.548 18.485 18.421 18.358 18.295 17.475 15.89 14.305 12.72 11.605 13.268 14.931 16.594 18.257 17.976 17.495 17.014 16.534 16.053 15.573 15.092 14.611 14.131 13.65 13.17 12.689 12.293 11.929 11.566 11.202 10.839 10.475 10.112 9.748 9.385 9.022 8.658 8.295 8.1 8.595 9.089 9.584 9.894 9.751 9.608 9.465 9.357 9.286 9.214 9.142 9.071 8.999 8.927 8.856 8.784 8.712 8.641 8.569 8.497 8.498 8.511 8.524 8.537 8.549 8.562 8.575 8.588 8.601 8.613 8.626 8.639 8.652 7.174 5.497 3.82 2.871 2.89 2.908 2.926 2.945 2.963 2.982 3.0 3.019 3.037 3.056 3.074 3.093 3.048 2.779 2.511 2.242 2.319 2.396 2.473 2.55 2.628 2.705 2.782 2.859 2.937 3.014 3.091 3.168 3.245 3.318 3.386 3.454 3.479 3.472 3.466 3.474 3.491 3.507 3.523 3.539 3.555 3.572 3.588 3.604 3.62 3.637 3.653 3.669 3.685 3.697 3.709
22.068 20.319 19.564 19.501 19.438 19.374 19.311 19.248 19.184 19.121 19.058 18.994 18.931 18.338 16.753 15.168 13.583 11.998 10.935 12.598 14.261 15.924 17.587 19.014 18.533 18.053 17.572 17.092 16.611 16.13 15.65 15.169 14.689 14.208 13.727 13.333 12.969 12.606 12.243 11.879 11.516 11.152 10.789 10.425 10.062 9.699 9.377 9.871 10.366 10.86 11.355 11.655 11.512 11.369 11.226 11.083 10.989 10.918 10.846 10.775 10.703 10.631 10.56 10.488 10.416 10.345 10.273 10.201 10.204 10.217 10.229 10.242 10.255 10.268 10.28 10.293 10.306 10.319 10.331 10.344 9.116 7.439 5.762 4.085 3.165 3.183 3.202 3.22 3.239 3.257 3.275 3.294 3.312 3.331 3.349 3.368 3.365 3.097 2.828 2.559 2.296 2.373 2.451 2.528 2.605 2.682 2.76 2.837 2.914 2.991 3.068 3.146 3.223 3.296 3.364 3.433 3.501 3.525 3.518 3.511 3.505 3.518 3.534 3.55 3.567 3.583 3.599 3.615 3.631 3.648 3.664 3.68 3.696 3.712 3.724 3.737
22.615 20.865 20.137 20.074 20.011 19.947 19.884 19.821 19.757 19.694 19.631 19.568 19.201 17.616 16.031 14.446 12.861 11.276 10.265 11.928 13.591 15.254 16.917 18.58 19.572 19.091 18.611 18.13 17.649 17.169 16.688 16.208 15.727 15.246 14.766 14.373 14.01 13.646 13.283 12.92 12.556 12.193 11.829 11.466 11.102 10.739 11.148 11.642 12.137 12.632 13.126 13.415 13.273 13.13 12.987 12.844 12.701 12.622 12.55 12.479 12.407 12.335 12.264 12.192 12.12 12.049 11.977 11.905 11.909 11.922 11.935 11.947 11.96 11.973 11.986 11.998 12.011 12.024 12.037 11.058 9.381 7.704 6.027 4.35 3.458 3.477 3.495 3.514 3.532 3.551 3.569 3.588 3.606 3.624 3.643 3.661 3.414 3.145 2.877 2.608 2.351 2.428 2.505 2.583 2.66 2.737 2.814 2.891 2.969 3.046 3.123 3.2 3.275 3.343 3.411 3.479 3.548 3.57 3.564 3.557 3.55 3.545 3.562 3.578 3.594 3.61 3.626 3.643 3.659 3.675 3.691 3.708 3.724 3.739 3.752 3.764
23.161 21.412 20.71 20.647 20.584 20.521 20.457 20.394 20.331 20.267 20.204 20.064 18.479 16.894 15.309 13.724 12.139 10.554 9.595 11.258 12.921 14.584 16.247 17.911 19.574 20.13 19.649 19.169 18.688 18.207 17.727 17.246 16.766 16.285 15.804 15.414 15.05 14.687 14.323 13.96 13.597 13.233 12.87 12.506 12.143 12.424 12.919 13.414 13.908 14.403 14.897 15.176 15.033 14.89 14.748 14.605 14.462 14.326 14.254 14.182 14.111 14.039 13.968 13.896 13.824 13.753 13.681 13.609 13.614 13.627 13.64 13.653 13.666 13.678 13.691 13.704 13.717 13.729 13.001 11.324 9.647 7.97 6.293 4.615 3.752 3.77 3.789 3.807 3.826 3.844 3.863 3.881 3.9 3.918 3.937 3.732 3.463 3.194 2.926 2.657 2.406 2.483 2.56 2.637 2.714 2.792 2.869 2.946 3.023 3.1 3.178 3.254 3.322 3.39 3.458 3.526 3.594 3.616 3.609 3.602 3.596 3.589 3.589 3.605 3.621 3.638 3.654 3.67 3.686 3.702 3.719 3.735 3.751 3.767 3.779 3.791
23.707 21.958 21.284 21.22 21.157 21.094 21.03 20.967 20.904 20.84 20.777 19.342 17.757 16.172 14.587 13.002 11.417 9.832 8.925 10.589 12.252 13.915 15.578 17.241 18.904 20.567 20.688 20.207 19.726 19.246 18.765 18.285 17.804 17.323 16.843 16.454 16.091 15.727 15.364 15.0 14.637 14.273 13.91 13.547 13.701 14.196 14.69 15.185 15.679 16.174 16.669 16.937 16.794 16.651 16.508 16.365 16.222 16.08 15.958 15.886 15.815 15.743 15.671 15.6 15.528 15.457 15.385 15.313 15.32 15.333 15.345 15.358 15.371 15.384 15.396 15.409 15.422 14.943 13.266 11.589 9.912 8.235 6.558 4.881 4.045 4.064 4.082 4.101 4.119 4.138 4.156 4.175 4.193 4.212 4.049 3.78 3.512 3.243 2.974 2.706 2.46 2.537 2.615 2.692 2.769 2.846 2.923 3.001 3.078 3.155 3.232 3.301 3.369 3.437 3.505 3.573 3.641 3.661 3.655 3.648 3.641 3.635 3.628 3.633 3.649 3.665 3.681 3.697 3.714 3.73 3.746 3.762 3.779 3.794 3.806 3.819
24.253 22.504 21.857 21.793 21.73 21.667 21.603 21.54 21.477 21.414 20.205 18.62 17.035 15.45 13.865 12.28 10.695 9.11 8.256 9.919 11.582 13.245 14.908 16.571 18.234 19.897 21.56 21.246 20.765 20.284 19.804 19.323 18.843 18.362 17.881 17.494 17.131 16.768 16.404 16.041 15.677 15.314 14.95 14.978 15.472 15.967 16.461 16.956 17.45 17.945 18.44 18.698 18.555 18.412 18.269 18.126 17.983 17.84 17.697 17.59 17.519 17.447 17.375 17.304 17.232 17.161 17.089 17.017 17.025 17.038 17.051 17.063 17.076 17.089 17.102 17.115 16.885 15.208 13.531 11.854 10.177 8.5 6.823 5.146 4.339 4.358 4.376 4.394 4.413 4.431 4.45 4.468 4.487 4.366 4.098 3.829 3.56 3.292 3.023 2.754 2.515 2.592 2.669 2.746 2.824 2.901 2.978 3.055 3.133 3.21 3.279 3.348 3.416 3.484 3.552 3.62 3.688 3.707 3.7 3.694 3.687 3.68 3.674 3.667 3.676 3.692 3.709 3.725 3.741 3.757 3.773 3.79 3.806 3.821 3.834 3.846
24.8 23.051 22.43 22.366 22.303 22.24 22.177 22.113 22.05 21.068 19.483 17.898 16.313 14.728 13.143 11.558 9.973 8.388 7.586 9.249 10.912 12.575 14.238 15.901 17.564 19.227 20.89 22.284 21.803 21.323 20.842 20.362 19.881 19.4 18.92 18.535 18.171 17.808 17.445 17.081 16.718 16.354 16.254 16.749 17.243 17.738 18.232 18.727 19.222 19.716 20.211 20.458 20.315 20.172 20.03 19.887 19.744 19.601 19.458 19.315 19.223 19.151 19.079 19.008 18.936 18.864 18.793 18.721 18.73 18.743 18.756 18.769 18.782 18.794 18.807 18.82 17.15 15.473 13.796 12.119 10.442 8.765 7.088 5.411 4.633 4.651 4.67 4.688 4.707 4.725 4.743 4.762 4.684 4.415 4.147 3.878 3.609 3.341 3.072 2.803 2.569 2.647 2.724 2.801 2.878 2.956 3.033 3.11 3.187 3.258 3.326 3.394 3.463 3.531 3.599 3.667 3.735 3.753 3.746 3.739 3.733 3.726 3.719 3.713 3.706 3.72 3.736 3.752 3.768 3.785 3.801 3.817 3.833 3.849 3.861 3.873
25.346 23.597 23.003 22.94 22.876 22.813 22.75 22.686 21.931 20.346 18.761 17.176 15.591 14.006 12.421 10.836 9.251 7.666 6.916 8.579 10.242 11.905 13.568 15.231 16.894 18.557 20.22 21.883 22.842 22.361 21.881 21.4 20.92 20.439 19.958 19.575 19.212 18.848 18.485 18.122 17.758 17.531 18.025 18.52 19.014 19.509 20.004 20.498 20.993 21.487 21.982 22.219 22.076 21.933 21.79 21.647 21.505 21.362 21.219 21.076 20.933 20.855 20.783 20.712 20.64 20.568 20.497 20.425 20.436 20.449 20.461 20.474 20.487 20.5 20.512 19.092 17.415 15.738 14.061 12.384 10.707 9.03 7.353 5.676 4.926 4.945 4.963 4.982 5.0 5.019 5.037 5.001 4.733 4.464 4.195 3.927 3.658 3.389 3.121 2.852 2.624 2.701 2.779 2.856 2.933 3.01 3.087 3.165 3.237 3.305 3.373 3.441 3.509 3.578 3.646 3.714 3.782 3.798 3.792 3.785 3.778 3.772 3.765 3.758 3.752 3.747 3.763 3.78 3.796 3.812 3.828 3.844 3.861 3.876 3.888 3.901
25.892 24.143 23.576 23.513 23.449 23.386 23.323 22.794 21.209 19.624 18.039 16.454 14.869 13.284 11.699 10.114 8.529 6.944 6.246 7.909 9.572 11.235 12.898 14.561 16.225 17.888 19.551 21.214 22.877 23.4 22.919 22.439 21.958 21.477 20.997 20.616 20.252 19.889 19.525 19.162 18.807 19.302 19.796 20.291 20.786 21.28 21.775 22.269 22.764 23.259 23.753 23.98 23.837 23.694 23.551 23.408 23.265 23.122 22.979 22.837 22.694 22.559 22.487 22.416 22.344 22.272 22.201 22.129 22.141 22.154 22.167 22.18 22.192 22.205 21.034 19.357 17.68 16.003 14.326 12.649 10.972 9.295 7.618 5.941 5.22 5.238 5.257 5.275 5.294 5.312 5.319 5.05 4.781 4.513 4.244 3.975 3.707 3.438 3.169 2.901 2.679 2.756 2.833 2.91 2.988 3.065 3.142 3.216 3.284 3.352 3.42 3.488 3.556 3.624 3.693 3.761 3.829 3.844 3.837 3.831 3.824 3.817 3.81 3.804 3.797 3.79 3.791 3.807 3.823 3.839 3.856 3.872 3.888 3.903 3.916 3.928
26.439 24.69 24.149 24.086 24.022 23.959 23.658 22.072 20.487 18.902 17.317 15.732 14.147 12.562 10.977 9.392 7.807 6.222 5.576 7.239 8.903 10.566 12.229 13.892 15.555 17.218 18.881 20.544 22.207 23.87 23.958 23.477 22.996 22.516 22.035 21.656 21.293 20.929 20.566 20.202 20.578 21.073 21.568 22.062 22.557 23.051 23.546 24.041 24.535 25.03 25.524 25.74 25.597 25.455 25.312 25.169 25.026 24.883 24.74 24.597 24.454 24.311 24.191 24.12 24.048 23.976 23.905 23.834 23.847 23.859 23.872 23.885 23.898 22.976 21.299 19.622 17.945 16.268 14.591 12.914 11.237 9.56 7.883 6.206 5.513 5.532 5.55 5.569 5.587 5.606 5.368 5.099 4.83 4.562 4.293 4.024 3.756 3.487 3.218 2.95 2.733 2.811 2.888 2.965 3.042 3.119 3.195 3.263 3.331 3.399 3.467 3.535 3.603 3.671 3.739 3.808 3.876 3.889 3.883 3.876 3.869 3.863 3.856 3.849 3.843 3.836 3.829 3.834 3.851 3.867 3.883 3.899 3.915 3.931 3.943 3.955
26.985 25.236 24.722 24.659 24.596 24.521 22.935 21.35 19.765 18.18 16.595 15.01 13.425 11.84 10.255 8.67 7.085 5.499 4.907 6.57 8.233 9.896 11.559 13.222 14.885 16.548 18.211 19.874 21.537 23.2 24.863 24.516 24.035 23.554 23.074 22.696 22.333 21.97 21.606 21.855 22.35 22.844 23.339 23.833 24.328 24.823 25.317 25.812 26.306 26.801 27.296 27.501 27.358 27.215 27.072 26.929 26.787 26.644 26.501 26.358 26.215 26.072 25.929 25.824 25.752 25.68 25.609 25.539 25.552 25.565 25.577 25.59 24.918 23.241 21.564 19.887 18.21 16.533 14.856 13.179 11.502 9.825 8.148 6.471 5.807 5.825 5.844 5.862 5.881 5.685 5.416 5.148 4.879 4.61 4.342 4.073 3.804 3.536 3.267 2.998 2.788 2.865 2.942 3.02 3.097 3.173 3.241 3.31 3.378 3.446 3.514 3.582 3.65 3.718 3.786 3.854 3.923 3.935 3.928 3.922 3.915 3.908 3.902 3.895 3.888 3.882 3.875 3.868 3.878 3.894 3.91 3.927 3.943 3.958 3.97 3.983
27.531 25.782 25.295 25.232 25.169 23.798 22.213 20.628 19.043 17.458 15.873 14.288 12.703 11.118 9.533 7.948 6.363 4.777 4.237 5.9 7.563 9.226 10.889 12.552 14.215 15.878 17.541 19.204 20.867 22.53 24.193 25.554 25.073 24.593 24.112 23.737 23.373 23.01 23.132 23.626 24.121 24.615 25.11 25.605 26.099 26.594 27.088 27.583 28.078 28.572 29.067 29.262 29.119 28.976 28.833 28.69 28.547 28.404 28.262 28.119 27.976 27.833 27.69 27.547 27.456 27.384 27.313 27.244 27.257 27.27 27.283 26.861 25.184 23.507 21.83 20.152 18.475 16.798 15.121 13.444 11.767 10.09 8.413 6.736 6.101 6.119 6.138 6.156 6.002 5.734 5.465 5.196 4.928 4.659 4.39 4.122 3.853 3.584 3.316 3.047 2.843 2.92 2.997 3.074 3.152 3.22 3.288 3.356 3.425 3.493 3.561 3.629 3.697 3.765 3.833 3.901 3.969 3.981 3.974 3.967 3.961 3.954 3.947 3.941 3.934 3.927 3.921 3.914 3.907 3.922 3.938 3.954 3.97 3.985 3.998 4.01
