    600    136    276
0.147 0.146 0.144 0.143 0.141 0.14 0.134 0.134 0.135 0.137 0.138 0.14 0.141 0.143 0.144 0.146 0.147 0.149 0.15 0.152 0.153 0.154 0.156 0.16 0.165 0.17 0.174 0.179 0.184 0.188 0.193 0.198 0.202 0.207 0.211 0.216 0.221 0.225 0.23 0.233 0.235 0.238 0.24 0.242 0.245 0.247 0.25 0.252 0.255 0.258 0.26 0.263 0.266 0.268 0.271 0.273 0.271 0.269 0.267 0.265 0.262 0.26 0.258 0.256 0.254 0.251 0.249 0.247 0.245 0.243 0.24 0.238 0.231 0.225 0.219 0.213 0.207 0.201 0.195 0.19 0.184 0.178 0.172 0.166 0.16 0.154 0.148 0.142 0.134 0.13 0.126 0.122 0.117 0.113 0.109 0.105 0.101 0.097 0.093 0.088 0.084 0.08 0.076 0.072 0.069 0.068 0.069 0.07 0.07 0.071 0.071 0.072 0.073 0.073 0.074 0.074 0.075 0.076 0.076 0.077 0.077 0.078 0.079 0.08 0.081 0.081 0.082 0.083 0.084 0.085 0.086 0.086 0.087 0.088 0.089 0.09
0.172 0.17 0.169 0.167 0.166 0.164 0.158 0.147 0.149 0.15 0.152 0.153 0.155 0.156 0.158 0.159 0.16 0.162 0.163 0.165 0.166 0.168 0.169 0.174 0.178 0.183 0.188 0.192 0.197 0.202 0.206 0.211 0.216 0.22 0.225 0.23 0.234 0.239 0.241 0.24 0.242 0.245 0.247 0.249 0.252 0.254 0.256 0.259 0.261 0.263 0.266 0.268 0.27 0.273 0.275 0.268 0.262 0.26 0.258 0.255 0.253 0.251 0.249 0.246 0.244 0.242 0.24 0.237 0.235 0.233 0.231 0.228 0.227 0.221 0.216 0.21 0.204 0.198 0.192 0.186 0.18 0.174 0.168 0.162 0.156 0.15 0.144 0.138 0.132 0.128 0.124 0.12 0.116 0.112 0.108 0.104 0.099 0.095 0.091 0.087 0.083 0.079 0.075 0.071 0.067 0.065 0.066 0.066 0.067 0.068 0.068 0.069 0.069 0.07 0.071 0.071 0.072 0.073 0.073 0.074 0.074 0.075 0.076 0.077 0.077 0.078 0.079 0.08 0.081 0.082 0.082 0.083 0.084 0.085 0.086 0.087
0.197 0.195 0.194 0.192 0.191 0.189 0.183 0.171 0.162 0.164 0.165 0.166 0.168 0.169 0.171 0.172 0.174 0.175 0.177 0.178 0.18 0.181 0.183 0.187 0.192 0.197 0.201 0.206 0.21 0.215 0.22 0.224 0.229 0.234 0.238 0.243 0.248 0.251 0.248 0.247 0.249 0.252 0.254 0.256 0.259 0.261 0.263 0.266 0.268 0.27 0.273 0.275 0.277 0.28 0.275 0.263 0.256 0.251 0.249 0.246 0.244 0.242 0.24 0.237 0.235 0.233 0.231 0.228 0.226 0.224 0.222 0.219 0.219 0.218 0.212 0.206 0.2 0.194 0.188 0.182 0.176 0.17 0.164 0.159 0.153 0.147 0.141 0.135 0.129 0.125 0.121 0.117 0.112 0.108 0.104 0.1 0.096 0.092 0.088 0.084 0.08 0.076 0.072 0.067 0.066 0.068 0.069 0.07 0.07 0.071 0.071 0.072 0.072 0.073 0.073 0.074 0.074 0.075 0.075 0.076 0.076 0.077 0.077 0.078 0.079 0.08 0.08 0.081 0.082 0.082 0.083 0.084 0.085 0.085 0.086 0.087
0.221 0.22 0.218 0.217 0.215 0.214 0.208 0.195 0.183 0.177 0.178 0.18 0.181 0.183 0.184 0.186 0.187 0.189 0.19 0.192 0.193 0.195 0.196 0.201 0.205 0.21 0.215 0.219 0.224 0.229 0.233 0.238 0.243 0.247 0.252 0.256 0.261 0.258 0.255 0.254 0.256 0.259 0.261 0.263 0.266 0.268 0.27 0.273 0.275 0.277 0.28 0.282 0.284 0.281 0.27 0.258 0.251 0.243 0.24 0.237 0.235 0.233 0.231 0.228 0.226 0.224 0.222 0.219 0.217 0.215 0.213 0.21 0.21 0.211 0.209 0.203 0.197 0.191 0.185 0.179 0.173 0.167 0.161 0.155 0.149 0.143 0.137 0.131 0.125 0.121 0.117 0.113 0.109 0.105 0.101 0.097 0.093 0.089 0.085 0.08 0.076 0.072 0.068 0.066 0.067 0.07 0.073 0.074 0.074 0.074 0.075 0.075 0.076 0.076 0.077 0.077 0.078 0.078 0.079 0.079 0.08 0.08 0.081 0.082 0.083 0.083 0.084 0.085 0.085 0.086 0.087 0.088 0.088 0.089 0.09 0.09
0.246 0.245 0.243 0.242 0.24 0.239 0.232 0.22 0.207 0.195 0.192 0.193 0.195 0.196 0.198 0.199 0.201 0.202 0.204 0.205 0.207 0.208 0.21 0.214 0.219 0.223 0.228 0.233 0.237 0.242 0.247 0.251 0.256 0.261 0.265 0.27 0.267 0.264 0.261 0.261 0.263 0.266 0.268 0.27 0.273 0.275 0.277 0.28 0.282 0.284 0.287 0.289 0.288 0.276 0.265 0.253 0.246 0.238 0.231 0.228 0.226 0.224 0.222 0.219 0.217 0.215 0.213 0.21 0.208 0.206 0.204 0.201 0.201 0.202 0.203 0.199 0.193 0.187 0.181 0.176 0.17 0.164 0.158 0.152 0.146 0.14 0.134 0.128 0.122 0.118 0.114 0.11 0.106 0.102 0.098 0.093 0.089 0.085 0.081 0.077 0.073 0.069 0.065 0.067 0.069 0.071 0.074 0.077 0.078 0.078 0.079 0.079 0.08 0.08 0.081 0.081 0.082 0.082 0.083 0.083 0.084 0.084 0.085 0.086 0.086 0.087 0.088 0.088 0.089 0.09 0.091 0.091 0.092 0.093 0.093 0.094
0.271 0.269 0.268 0.266 0.265 0.263 0.257 0.244 0.232 0.219 0.207 0.207 0.208 0.21 0.211 0.213 0.214 0.216 0.217 0.219 0.22 0.221 0.223 0.228 0.232 0.237 0.242 0.246 0.251 0.255 0.26 0.265 0.269 0.274 0.279 0.277 0.274 0.271 0.268 0.268 0.27 0.273 0.275 0.277 0.28 0.282 0.284 0.287 0.289 0.291 0.294 0.295 0.283 0.272 0.26 0.249 0.241 0.234 0.226 0.219 0.217 0.215 0.213 0.21 0.208 0.206 0.204 0.201 0.199 0.197 0.195 0.193 0.192 0.193 0.194 0.195 0.19 0.184 0.178 0.172 0.166 0.16 0.154 0.148 0.142 0.136 0.13 0.124 0.119 0.115 0.111 0.106 0.102 0.098 0.094 0.09 0.086 0.082 0.078 0.074 0.07 0.066 0.067 0.069 0.07 0.073 0.076 0.079 0.081 0.082 0.082 0.083 0.083 0.084 0.084 0.085 0.085 0.086 0.086 0.087 0.087 0.088 0.089 0.089 0.09 0.091 0.091 0.092 0.093 0.093 0.094 0.095 0.096 0.096 0.097 0.1
0.296 0.294 0.293 0.291 0.29 0.288 0.281 0.269 0.256 0.244 0.231 0.22 0.222 0.223 0.225 0.226 0.227 0.229 0.23 0.232 0.233 0.235 0.236 0.241 0.246 0.25 0.255 0.26 0.264 0.269 0.274 0.278 0.283 0.288 0.287 0.284 0.281 0.278 0.275 0.275 0.277 0.28 0.282 0.284 0.287 0.289 0.291 0.294 0.296 0.298 0.301 0.29 0.278 0.267 0.255 0.244 0.236 0.229 0.221 0.214 0.208 0.206 0.204 0.201 0.199 0.197 0.195 0.192 0.19 0.188 0.186 0.184 0.183 0.184 0.185 0.186 0.187 0.181 0.175 0.169 0.163 0.157 0.151 0.145 0.139 0.133 0.127 0.121 0.115 0.111 0.107 0.103 0.099 0.095 0.091 0.087 0.083 0.079 0.074 0.07 0.066 0.067 0.069 0.07 0.072 0.074 0.078 0.081 0.084 0.086 0.086 0.087 0.087 0.087 0.088 0.088 0.089 0.089 0.09 0.09 0.091 0.091 0.092 0.093 0.094 0.094 0.095 0.096 0.096 0.097 0.098 0.099 0.099 0.1 0.102 0.107
0.321 0.319 0.317 0.316 0.314 0.313 0.306 0.293 0.281 0.268 0.256 0.243 0.235 0.236 0.238 0.239 0.241 0.242 0.244 0.245 0.247 0.248 0.25 0.254 0.259 0.264 0.268 0.273 0.278 0.282 0.287 0.292 0.296 0.297 0.294 0.291 0.288 0.285 0.282 0.282 0.284 0.287 0.289 0.291 0.294 0.296 0.298 0.301 0.303 0.305 0.297 0.285 0.273 0.262 0.25 0.239 0.232 0.224 0.217 0.209 0.202 0.197 0.195 0.192 0.19 0.188 0.186 0.184 0.181 0.179 0.177 0.175 0.174 0.175 0.176 0.177 0.178 0.177 0.171 0.165 0.159 0.153 0.147 0.141 0.136 0.13 0.124 0.118 0.112 0.108 0.104 0.1 0.096 0.092 0.087 0.083 0.079 0.075 0.071 0.067 0.067 0.068 0.07 0.072 0.073 0.076 0.079 0.082 0.085 0.089 0.09 0.09 0.091 0.091 0.092 0.092 0.093 0.093 0.094 0.094 0.095 0.095 0.096 0.097 0.097 0.098 0.099 0.099 0.1 0.101 0.102 0.102 0.103 0.105 0.11 0.115
0.345 0.344 0.342 0.341 0.339 0.338 0.331 0.318 0.306 0.293 0.281 0.268 0.256 0.25 0.251 0.253 0.254 0.256 0.257 0.259 0.26 0.262 0.263 0.268 0.273 0.277 0.282 0.287 0.291 0.296 0.3 0.305 0.307 0.304 0.301 0.298 0.295 0.292 0.289 0.289 0.291 0.294 0.296 0.298 0.301 0.303 0.305 0.308 0.31 0.303 0.292 0.28 0.269 0.257 0.245 0.234 0.227 0.219 0.212 0.204 0.197 0.189 0.186 0.183 0.181 0.179 0.177 0.175 0.172 0.17 0.168 0.166 0.165 0.166 0.167 0.168 0.169 0.17 0.168 0.162 0.156 0.15 0.144 0.138 0.132 0.126 0.12 0.114 0.109 0.104 0.1 0.096 0.092 0.088 0.084 0.08 0.076 0.072 0.068 0.067 0.068 0.07 0.072 0.073 0.075 0.078 0.081 0.084 0.087 0.09 0.093 0.094 0.094 0.095 0.095 0.096 0.096 0.097 0.097 0.098 0.098 0.099 0.1 0.1 0.101 0.102 0.102 0.103 0.104 0.105 0.105 0.106 0.107 0.112 0.117 0.122
0.37 0.369 0.367 0.366 0.364 0.362 0.355 0.343 0.33 0.318 0.305 0.293 0.28 0.268 0.265 0.266 0.268 0.269 0.271 0.272 0.274 0.275 0.277 0.281 0.286 0.291 0.295 0.3 0.305 0.309 0.314 0.317 0.314 0.311 0.308 0.305 0.302 0.299 0.296 0.296 0.298 0.301 0.303 0.305 0.308 0.31 0.312 0.315 0.31 0.298 0.287 0.275 0.264 0.252 0.24 0.229 0.222 0.214 0.207 0.2 0.192 0.185 0.177 0.175 0.172 0.17 0.168 0.166 0.163 0.161 0.159 0.157 0.156 0.157 0.158 0.159 0.16 0.161 0.162 0.159 0.153 0.147 0.141 0.135 0.129 0.123 0.117 0.111 0.105 0.101 0.097 0.093 0.089 0.085 0.081 0.077 0.072 0.068 0.067 0.068 0.07 0.072 0.073 0.075 0.076 0.079 0.082 0.085 0.089 0.092 0.095 0.098 0.098 0.099 0.099 0.1 0.1 0.1 0.101 0.101 0.102 0.103 0.103 0.104 0.105 0.105 0.106 0.107 0.107 0.108 0.109 0.11 0.114 0.119 0.124 0.129
0.395 0.393 0.392 0.39 0.389 0.387 0.38 0.367 0.355 0.342 0.33 0.317 0.305 0.292 0.28 0.28 0.281 0.283 0.284 0.286 0.287 0.288 0.29 0.295 0.299 0.304 0.309 0.313 0.318 0.323 0.327 0.324 0.321 0.318 0.315 0.312 0.309 0.306 0.303 0.303 0.305 0.308 0.31 0.312 0.315 0.317 0.319 0.317 0.305 0.294 0.282 0.27 0.259 0.247 0.236 0.225 0.217 0.21 0.202 0.195 0.187 0.18 0.172 0.166 0.163 0.161 0.159 0.157 0.154 0.152 0.15 0.148 0.147 0.148 0.149 0.15 0.151 0.152 0.153 0.154 0.149 0.143 0.137 0.131 0.125 0.119 0.113 0.107 0.102 0.098 0.094 0.09 0.085 0.081 0.077 0.073 0.069 0.066 0.068 0.07 0.071 0.073 0.075 0.076 0.078 0.081 0.084 0.087 0.09 0.093 0.096 0.1 0.102 0.102 0.103 0.103 0.104 0.104 0.105 0.105 0.106 0.106 0.107 0.108 0.108 0.109 0.11 0.11 0.111 0.112 0.113 0.117 0.122 0.127 0.132 0.137
0.42 0.418 0.417 0.415 0.414 0.412 0.404 0.392 0.379 0.367 0.354 0.342 0.329 0.317 0.304 0.293 0.294 0.296 0.297 0.299 0.3 0.302 0.304 0.308 0.313 0.318 0.322 0.327 0.332 0.336 0.334 0.331 0.328 0.325 0.322 0.319 0.316 0.313 0.31 0.31 0.312 0.315 0.317 0.319 0.322 0.324 0.324 0.312 0.3 0.289 0.277 0.266 0.254 0.242 0.231 0.22 0.212 0.205 0.197 0.19 0.182 0.175 0.168 0.16 0.154 0.152 0.15 0.148 0.145 0.143 0.141 0.139 0.139 0.139 0.14 0.141 0.142 0.143 0.144 0.145 0.146 0.14 0.134 0.128 0.122 0.116 0.11 0.104 0.098 0.094 0.09 0.086 0.082 0.078 0.074 0.07 0.066 0.068 0.07 0.071 0.073 0.075 0.076 0.078 0.08 0.082 0.085 0.089 0.092 0.095 0.098 0.101 0.104 0.106 0.106 0.107 0.107 0.108 0.108 0.109 0.109 0.11 0.111 0.111 0.112 0.113 0.113 0.114 0.115 0.116 0.119 0.124 0.129 0.134 0.139 0.144
0.444 0.443 0.441 0.44 0.438 0.437 0.429 0.416 0.404 0.391 0.379 0.366 0.354 0.341 0.329 0.316 0.308 0.309 0.311 0.312 0.314 0.315 0.317 0.322 0.326 0.331 0.336 0.34 0.345 0.344 0.341 0.338 0.335 0.332 0.329 0.326 0.323 0.32 0.317 0.317 0.319 0.322 0.324 0.326 0.329 0.33 0.319 0.307 0.295 0.284 0.272 0.261 0.249 0.237 0.226 0.215 0.207 0.2 0.193 0.185 0.178 0.17 0.163 0.155 0.148 0.143 0.141 0.139 0.136 0.134 0.132 0.13 0.13 0.131 0.132 0.132 0.133 0.134 0.135 0.136 0.137 0.136 0.13 0.124 0.119 0.113 0.107 0.101 0.095 0.091 0.087 0.083 0.079 0.075 0.071 0.066 0.068 0.07 0.071 0.073 0.074 0.076 0.078 0.079 0.081 0.084 0.087 0.09 0.093 0.096 0.1 0.103 0.106 0.109 0.11 0.111 0.111 0.112 0.112 0.113 0.113 0.114 0.114 0.115 0.116 0.116 0.117 0.118 0.119 0.122 0.127 0.132 0.137 0.142 0.147 0.151
0.475 0.468 0.466 0.465 0.463 0.462 0.453 0.441 0.428 0.416 0.403 0.391 0.378 0.366 0.353 0.341 0.328 0.323 0.324 0.326 0.327 0.329 0.331 0.335 0.34 0.344 0.349 0.354 0.354 0.351 0.348 0.345 0.342 0.339 0.336 0.333 0.33 0.327 0.324 0.324 0.327 0.329 0.331 0.333 0.336 0.325 0.314 0.302 0.291 0.279 0.267 0.256 0.244 0.233 0.221 0.21 0.203 0.195 0.188 0.18 0.173 0.165 0.158 0.15 0.143 0.136 0.132 0.13 0.127 0.125 0.123 0.121 0.121 0.122 0.123 0.124 0.125 0.125 0.126 0.127 0.128 0.129 0.127 0.121 0.115 0.109 0.103 0.097 0.092 0.088 0.084 0.079 0.075 0.071 0.067 0.068 0.069 0.071 0.073 0.074 0.076 0.078 0.079 0.081 0.083 0.085 0.089 0.092 0.095 0.098 0.101 0.104 0.107 0.111 0.114 0.114 0.115 0.115 0.116 0.116 0.117 0.117 0.118 0.119 0.119 0.12 0.121 0.121 0.124 0.129 0.134 0.139 0.144 0.149 0.154 0.159
0.519 0.494 0.491 0.489 0.488 0.486 0.478 0.466 0.453 0.441 0.428 0.416 0.403 0.391 0.378 0.366 0.353 0.341 0.338 0.339 0.341 0.342 0.344 0.349 0.353 0.358 0.363 0.364 0.361 0.358 0.355 0.352 0.349 0.346 0.343 0.34 0.337 0.334 0.331 0.331 0.334 0.336 0.338 0.34 0.332 0.32 0.309 0.297 0.286 0.274 0.262 0.251 0.239 0.228 0.216 0.205 0.198 0.19 0.183 0.175 0.168 0.161 0.153 0.146 0.138 0.131 0.123 0.121 0.118 0.116 0.114 0.112 0.112 0.113 0.114 0.115 0.116 0.117 0.118 0.118 0.119 0.12 0.121 0.118 0.112 0.106 0.1 0.094 0.088 0.084 0.08 0.076 0.072 0.068 0.068 0.069 0.071 0.073 0.074 0.076 0.078 0.079 0.081 0.083 0.084 0.087 0.09 0.093 0.096 0.1 0.103 0.106 0.109 0.112 0.115 0.118 0.118 0.119 0.119 0.12 0.12 0.121 0.122 0.122 0.123 0.124 0.124 0.126 0.131 0.136 0.141 0.146 0.151 0.156 0.161 0.166
0.563 0.537 0.516 0.514 0.513 0.511 0.503 0.49 0.478 0.465 0.453 0.44 0.428 0.415 0.403 0.39 0.378 0.365 0.353 0.353 0.354 0.355 0.357 0.362 0.367 0.371 0.374 0.371 0.368 0.365 0.362 0.359 0.356 0.353 0.35 0.347 0.344 0.341 0.338 0.338 0.341 0.343 0.345 0.339 0.327 0.316 0.304 0.292 0.281 0.269 0.258 0.246 0.234 0.223 0.211 0.2 0.193 0.186 0.178 0.171 0.163 0.156 0.148 0.141 0.133 0.126 0.118 0.112 0.109 0.107 0.105 0.103 0.103 0.104 0.105 0.106 0.107 0.108 0.109 0.11 0.111 0.111 0.112 0.113 0.108 0.102 0.096 0.09 0.085 0.081 0.077 0.073 0.069 0.067 0.069 0.071 0.072 0.074 0.076 0.077 0.079 0.081 0.082 0.084 0.086 0.089 0.092 0.095 0.098 0.101 0.104 0.107 0.111 0.114 0.117 0.12 0.122 0.123 0.123 0.124 0.124 0.125 0.125 0.126 0.127 0.127 0.129 0.134 0.139 0.144 0.149 0.154 0.159 0.164 0.169 0.174
0.607 0.581 0.556 0.539 0.537 0.536 0.527 0.515 0.502 0.49 0.477 0.465 0.452 0.44 0.427 0.415 0.402 0.39 0.377 0.366 0.367 0.369 0.371 0.376 0.38 0.384 0.381 0.378 0.375 0.372 0.369 0.366 0.363 0.36 0.357 0.354 0.35 0.347 0.344 0.345 0.348 0.35 0.346 0.334 0.322 0.311 0.299 0.288 0.276 0.264 0.253 0.241 0.23 0.218 0.206 0.196 0.188 0.181 0.173 0.166 0.158 0.151 0.143 0.136 0.129 0.121 0.114 0.106 0.1 0.098 0.096 0.094 0.094 0.095 0.096 0.097 0.098 0.099 0.1 0.101 0.102 0.103 0.103 0.104 0.105 0.099 0.093 0.087 0.082 0.078 0.073 0.069 0.067 0.069 0.071 0.072 0.074 0.076 0.077 0.079 0.081 0.082 0.084 0.086 0.087 0.09 0.093 0.096 0.1 0.103 0.106 0.109 0.112 0.115 0.118 0.121 0.125 0.126 0.127 0.127 0.128 0.128 0.129 0.13 0.13 0.131 0.136 0.141 0.146 0.151 0.156 0.161 0.166 0.171 0.176 0.181
0.651 0.625 0.6 0.574 0.562 0.561 0.552 0.539 0.527 0.514 0.502 0.489 0.477 0.464 0.452 0.439 0.427 0.414 0.402 0.389 0.381 0.382 0.384 0.389 0.393 0.39 0.387 0.384 0.381 0.378 0.375 0.372 0.369 0.366 0.363 0.36 0.357 0.354 0.351 0.352 0.355 0.352 0.341 0.329 0.317 0.306 0.294 0.283 0.271 0.259 0.248 0.236 0.225 0.213 0.201 0.191 0.183 0.176 0.168 0.161 0.154 0.146 0.139 0.131 0.124 0.116 0.109 0.101 0.094 0.089 0.087 0.085 0.085 0.086 0.087 0.088 0.089 0.09 0.091 0.092 0.093 0.094 0.095 0.096 0.096 0.096 0.09 0.084 0.078 0.074 0.07 0.067 0.069 0.071 0.072 0.074 0.076 0.077 0.079 0.081 0.082 0.084 0.086 0.087 0.089 0.092 0.095 0.098 0.101 0.104 0.107 0.111 0.114 0.117 0.12 0.123 0.126 0.129 0.13 0.131 0.131 0.132 0.133 0.133 0.134 0.138 0.143 0.148 0.153 0.158 0.163 0.168 0.173 0.178 0.183 0.188
0.695 0.669 0.644 0.618 0.593 0.585 0.576 0.564 0.551 0.539 0.526 0.514 0.501 0.489 0.476 0.464 0.451 0.439 0.426 0.414 0.401 0.396 0.398 0.402 0.4 0.397 0.394 0.391 0.388 0.385 0.382 0.379 0.376 0.373 0.37 0.367 0.364 0.361 0.358 0.359 0.359 0.347 0.336 0.324 0.313 0.301 0.289 0.278 0.266 0.255 0.243 0.231 0.22 0.208 0.197 0.186 0.179 0.171 0.164 0.156 0.149 0.141 0.134 0.126 0.119 0.112 0.104 0.097 0.089 0.082 0.078 0.076 0.076 0.077 0.078 0.079 0.08 0.081 0.082 0.083 0.084 0.085 0.086 0.087 0.088 0.089 0.086 0.08 0.075 0.071 0.067 0.069 0.07 0.072 0.074 0.075 0.077 0.079 0.08 0.082 0.084 0.085 0.087 0.089 0.09 0.093 0.096 0.1 0.103 0.106 0.109 0.112 0.115 0.118 0.121 0.125 0.128 0.131 0.134 0.135 0.135 0.136 0.136 0.137 0.141 0.146 0.151 0.156 0.161 0.166 0.171 0.176 0.181 0.186 0.191 0.196
0.739 0.713 0.688 0.662 0.637 0.611 0.601 0.588 0.576 0.563 0.551 0.538 0.526 0.513 0.501 0.488 0.476 0.463 0.451 0.438 0.426 0.413 0.411 0.41 0.407 0.404 0.401 0.398 0.395 0.392 0.389 0.386 0.383 0.38 0.377 0.374 0.371 0.368 0.365 0.366 0.354 0.342 0.331 0.319 0.308 0.296 0.284 0.273 0.261 0.25 0.238 0.226 0.215 0.203 0.192 0.181 0.174 0.166 0.159 0.151 0.144 0.137 0.129 0.122 0.114 0.107 0.099 0.092 0.084 0.077 0.069 0.067 0.067 0.068 0.069 0.07 0.071 0.072 0.073 0.074 0.075 0.076 0.077 0.078 0.079 0.08 0.081 0.077 0.071 0.067 0.069 0.07 0.072 0.074 0.075 0.077 0.079 0.08 0.082 0.084 0.085 0.087 0.089 0.09 0.092 0.095 0.098 0.101 0.104 0.107 0.111 0.114 0.117 0.12 0.123 0.126 0.129 0.132 0.136 0.138 0.139 0.139 0.14 0.143 0.148 0.153 0.158 0.163 0.168 0.173 0.178 0.183 0.188 0.193 0.198 0.203
0.784 0.758 0.733 0.707 0.682 0.647 0.626 0.614 0.601 0.589 0.576 0.564 0.551 0.539 0.526 0.514 0.501 0.489 0.476 0.464 0.451 0.439 0.425 0.42 0.417 0.414 0.411 0.408 0.405 0.402 0.399 0.395 0.392 0.389 0.386 0.383 0.38 0.377 0.373 0.364 0.352 0.34 0.328 0.316 0.304 0.292 0.28 0.268 0.256 0.245 0.233 0.222 0.21 0.198 0.187 0.176 0.169 0.162 0.154 0.147 0.139 0.132 0.124 0.117 0.109 0.102 0.094 0.087 0.08 0.072 0.065 0.058 0.058 0.059 0.06 0.061 0.062 0.063 0.064 0.065 0.066 0.067 0.068 0.069 0.07 0.071 0.072 0.073 0.068 0.069 0.07 0.072 0.074 0.075 0.077 0.079 0.08 0.082 0.084 0.085 0.087 0.088 0.09 0.092 0.093 0.096 0.1 0.103 0.106 0.109 0.112 0.115 0.118 0.121 0.125 0.128 0.131 0.134 0.137 0.14 0.142 0.143 0.145 0.15 0.155 0.16 0.165 0.17 0.175 0.18 0.185 0.19 0.195 0.2 0.205 0.21
0.83 0.804 0.779 0.753 0.723 0.664 0.645 0.64 0.627 0.615 0.602 0.59 0.577 0.565 0.552 0.54 0.527 0.515 0.502 0.489 0.477 0.464 0.451 0.435 0.432 0.429 0.426 0.423 0.42 0.417 0.413 0.41 0.407 0.404 0.401 0.398 0.395 0.392 0.388 0.378 0.367 0.355 0.343 0.331 0.319 0.307 0.295 0.283 0.271 0.259 0.247 0.235 0.223 0.212 0.199 0.186 0.178 0.171 0.163 0.155 0.147 0.14 0.132 0.124 0.117 0.109 0.101 0.093 0.086 0.078 0.07 0.063 0.057 0.058 0.059 0.06 0.06 0.061 0.062 0.063 0.063 0.064 0.065 0.066 0.066 0.067 0.068 0.068 0.069 0.07 0.072 0.074 0.075 0.077 0.079 0.08 0.082 0.083 0.085 0.087 0.088 0.09 0.092 0.093 0.095 0.098 0.101 0.104 0.107 0.111 0.114 0.117 0.12 0.123 0.126 0.129 0.132 0.136 0.139 0.142 0.145 0.148 0.153 0.158 0.163 0.168 0.173 0.178 0.183 0.188 0.193 0.198 0.203 0.208 0.213 0.218
0.876 0.85 0.825 0.799 0.74 0.68 0.663 0.661 0.653 0.641 0.628 0.616 0.603 0.59 0.578 0.565 0.553 0.54 0.528 0.515 0.503 0.49 0.477 0.46 0.447 0.444 0.441 0.438 0.435 0.432 0.428 0.425 0.422 0.419 0.416 0.413 0.41 0.407 0.403 0.393 0.381 0.369 0.358 0.346 0.334 0.322 0.31 0.298 0.286 0.274 0.262 0.25 0.238 0.226 0.211 0.197 0.19 0.182 0.174 0.167 0.159 0.151 0.144 0.136 0.128 0.12 0.113 0.105 0.097 0.09 0.082 0.074 0.066 0.063 0.064 0.064 0.065 0.066 0.067 0.067 0.068 0.069 0.069 0.07 0.071 0.072 0.072 0.073 0.073 0.072 0.074 0.076 0.077 0.079 0.081 0.082 0.084 0.085 0.087 0.089 0.09 0.092 0.094 0.095 0.097 0.1 0.103 0.106 0.109 0.113 0.116 0.119 0.122 0.125 0.128 0.131 0.134 0.138 0.141 0.144 0.147 0.145 0.149 0.154 0.159 0.165 0.17 0.175 0.18 0.186 0.191 0.196 0.201 0.207 0.212 0.217
0.921 0.896 0.87 0.816 0.756 0.696 0.68 0.678 0.676 0.666 0.654 0.641 0.629 0.616 0.604 0.591 0.579 0.566 0.554 0.541 0.529 0.516 0.502 0.486 0.469 0.459 0.456 0.453 0.45 0.447 0.443 0.44 0.437 0.434 0.431 0.428 0.425 0.422 0.418 0.408 0.396 0.384 0.372 0.36 0.349 0.337 0.325 0.313 0.301 0.289 0.277 0.265 0.253 0.238 0.222 0.209 0.201 0.194 0.186 0.178 0.171 0.163 0.155 0.147 0.14 0.132 0.124 0.117 0.109 0.101 0.093 0.086 0.078 0.07 0.068 0.069 0.07 0.07 0.071 0.072 0.073 0.073 0.074 0.075 0.076 0.076 0.077 0.078 0.078 0.076 0.076 0.078 0.079 0.081 0.083 0.084 0.086 0.087 0.089 0.091 0.092 0.094 0.096 0.097 0.099 0.102 0.105 0.108 0.111 0.115 0.118 0.121 0.124 0.127 0.13 0.133 0.136 0.14 0.143 0.146 0.145 0.143 0.142 0.147 0.152 0.157 0.163 0.168 0.173 0.178 0.184 0.189 0.194 0.199 0.205 0.21
0.967 0.942 0.893 0.833 0.773 0.713 0.698 0.696 0.694 0.692 0.68 0.667 0.655 0.642 0.63 0.617 0.605 0.592 0.58 0.567 0.554 0.542 0.528 0.512 0.495 0.478 0.471 0.468 0.465 0.462 0.458 0.455 0.452 0.449 0.446 0.443 0.44 0.436 0.433 0.423 0.411 0.399 0.387 0.375 0.363 0.351 0.34 0.328 0.316 0.304 0.292 0.28 0.265 0.249 0.233 0.22 0.213 0.205 0.198 0.19 0.182 0.174 0.167 0.159 0.151 0.144 0.136 0.128 0.12 0.113 0.105 0.097 0.089 0.081 0.074 0.074 0.074 0.075 0.076 0.077 0.077 0.078 0.079 0.08 0.08 0.081 0.082 0.082 0.082 0.081 0.079 0.08 0.081 0.083 0.085 0.086 0.088 0.089 0.091 0.093 0.094 0.096 0.098 0.099 0.101 0.104 0.107 0.11 0.113 0.117 0.12 0.123 0.126 0.129 0.132 0.135 0.138 0.142 0.145 0.144 0.143 0.141 0.14 0.14 0.145 0.15 0.155 0.161 0.166 0.171 0.176 0.182 0.187 0.192 0.197 0.203
1.013 0.969 0.909 0.849 0.789 0.729 0.715 0.713 0.711 0.709 0.706 0.693 0.681 0.668 0.656 0.643 0.63 0.618 0.605 0.593 0.58 0.568 0.554 0.537 0.521 0.504 0.487 0.483 0.48 0.477 0.473 0.47 0.467 0.464 0.461 0.458 0.455 0.451 0.448 0.438 0.426 0.414 0.402 0.39 0.378 0.366 0.354 0.342 0.331 0.319 0.307 0.293 0.277 0.261 0.245 0.232 0.224 0.217 0.209 0.202 0.194 0.186 0.178 0.171 0.163 0.155 0.147 0.14 0.132 0.124 0.117 0.109 0.101 0.093 0.085 0.078 0.079 0.08 0.081 0.081 0.082 0.083 0.083 0.084 0.085 0.086 0.086 0.087 0.087 0.085 0.084 0.082 0.083 0.085 0.087 0.088 0.09 0.091 0.093 0.095 0.096 0.098 0.1 0.101 0.103 0.106 0.109 0.112 0.115 0.119 0.122 0.125 0.128 0.131 0.134 0.137 0.141 0.144 0.144 0.142 0.141 0.139 0.138 0.136 0.138 0.143 0.148 0.153 0.159 0.164 0.169 0.174 0.18 0.185 0.19 0.195
1.045 0.985 0.926 0.866 0.806 0.746 0.732 0.73 0.728 0.727 0.725 0.719 0.706 0.694 0.681 0.669 0.656 0.644 0.631 0.619 0.606 0.594 0.58 0.563 0.546 0.53 0.513 0.498 0.495 0.492 0.488 0.485 0.482 0.479 0.476 0.473 0.47 0.466 0.463 0.453 0.441 0.429 0.417 0.405 0.393 0.381 0.369 0.357 0.345 0.333 0.32 0.304 0.288 0.272 0.256 0.243 0.236 0.228 0.221 0.213 0.205 0.198 0.19 0.182 0.174 0.167 0.159 0.151 0.144 0.136 0.128 0.12 0.113 0.105 0.097 0.089 0.084 0.084 0.085 0.086 0.087 0.087 0.088 0.089 0.09 0.09 0.091 0.092 0.092 0.09 0.088 0.087 0.085 0.087 0.089 0.09 0.092 0.093 0.095 0.097 0.098 0.1 0.102 0.103 0.105 0.108 0.111 0.114 0.118 0.121 0.124 0.127 0.13 0.133 0.136 0.139 0.143 0.143 0.142 0.14 0.139 0.137 0.136 0.134 0.133 0.136 0.141 0.146 0.151 0.157 0.162 0.167 0.172 0.178 0.183 0.188
1.062 1.002 0.942 0.882 0.822 0.762 0.75 0.748 0.746 0.744 0.742 0.74 0.732 0.72 0.707 0.695 0.682 0.67 0.657 0.645 0.632 0.62 0.606 0.589 0.572 0.556 0.539 0.522 0.51 0.506 0.503 0.5 0.497 0.494 0.491 0.488 0.485 0.481 0.478 0.467 0.456 0.444 0.432 0.42 0.408 0.396 0.384 0.372 0.36 0.348 0.332 0.315 0.299 0.283 0.267 0.255 0.247 0.24 0.232 0.224 0.217 0.209 0.201 0.194 0.186 0.178 0.171 0.163 0.155 0.147 0.14 0.132 0.124 0.116 0.108 0.1 0.092 0.089 0.09 0.091 0.091 0.092 0.093 0.094 0.094 0.095 0.096 0.096 0.096 0.094 0.093 0.091 0.09 0.089 0.091 0.092 0.094 0.096 0.097 0.099 0.1 0.102 0.104 0.105 0.107 0.11 0.113 0.116 0.12 0.123 0.126 0.129 0.132 0.135 0.138 0.141 0.143 0.141 0.14 0.138 0.137 0.135 0.134 0.133 0.131 0.13 0.134 0.139 0.144 0.149 0.155 0.16 0.165 0.17 0.176 0.181
1.078 1.018 0.959 0.899 0.839 0.779 0.767 0.765 0.763 0.761 0.759 0.757 0.755 0.746 0.733 0.721 0.708 0.695 0.683 0.67 0.658 0.645 0.631 0.615 0.598 0.581 0.565 0.548 0.531 0.521 0.518 0.515 0.512 0.509 0.506 0.503 0.5 0.496 0.493 0.482 0.47 0.458 0.447 0.435 0.423 0.411 0.399 0.387 0.375 0.359 0.343 0.327 0.311 0.295 0.279 0.266 0.259 0.251 0.243 0.236 0.228 0.221 0.213 0.205 0.198 0.19 0.182 0.174 0.167 0.159 0.151 0.144 0.136 0.128 0.12 0.112 0.104 0.096 0.095 0.095 0.096 0.097 0.097 0.098 0.099 0.1 0.1 0.101 0.101 0.099 0.097 0.096 0.094 0.093 0.093 0.094 0.096 0.098 0.099 0.101 0.102 0.104 0.106 0.107 0.109 0.112 0.115 0.118 0.122 0.125 0.128 0.131 0.134 0.137 0.14 0.142 0.141 0.139 0.138 0.136 0.135 0.133 0.132 0.131 0.129 0.128 0.126 0.132 0.137 0.142 0.147 0.153 0.158 0.163 0.168 0.173
1.095 1.035 0.975 0.915 0.855 0.795 0.785 0.783 0.781 0.779 0.777 0.775 0.773 0.771 0.759 0.746 0.734 0.721 0.709 0.696 0.684 0.671 0.657 0.64 0.624 0.607 0.591 0.574 0.557 0.541 0.533 0.53 0.527 0.524 0.521 0.518 0.515 0.511 0.508 0.497 0.485 0.473 0.461 0.449 0.438 0.426 0.414 0.402 0.386 0.37 0.354 0.338 0.322 0.306 0.29 0.278 0.27 0.262 0.255 0.247 0.24 0.232 0.225 0.217 0.209 0.201 0.194 0.186 0.178 0.171 0.163 0.155 0.147 0.139 0.131 0.123 0.116 0.108 0.1 0.1 0.101 0.101 0.102 0.103 0.104 0.104 0.105 0.106 0.105 0.104 0.102 0.1 0.099 0.097 0.096 0.096 0.098 0.1 0.101 0.103 0.104 0.106 0.108 0.109 0.111 0.114 0.117 0.12 0.124 0.127 0.13 0.133 0.136 0.139 0.142 0.141 0.139 0.138 0.136 0.135 0.133 0.132 0.13 0.129 0.127 0.126 0.124 0.124 0.13 0.135 0.14 0.145 0.151 0.156 0.161 0.166
1.111 1.051 0.991 0.932 0.872 0.812 0.802 0.8 0.798 0.796 0.794 0.792 0.79 0.788 0.785 0.772 0.76 0.747 0.735 0.722 0.71 0.697 0.683 0.666 0.65 0.633 0.616 0.6 0.583 0.566 0.55 0.545 0.542 0.539 0.536 0.533 0.529 0.526 0.523 0.512 0.5 0.488 0.476 0.464 0.452 0.44 0.429 0.414 0.398 0.381 0.365 0.349 0.333 0.317 0.301 0.289 0.281 0.274 0.266 0.259 0.251 0.244 0.236 0.229 0.221 0.213 0.205 0.198 0.19 0.182 0.174 0.167 0.159 0.151 0.143 0.135 0.127 0.119 0.111 0.105 0.105 0.106 0.107 0.108 0.108 0.109 0.11 0.111 0.11 0.108 0.107 0.105 0.103 0.102 0.1 0.099 0.1 0.102 0.103 0.105 0.106 0.108 0.11 0.111 0.113 0.116 0.119 0.123 0.126 0.129 0.132 0.135 0.138 0.141 0.14 0.139 0.137 0.136 0.134 0.133 0.131 0.13 0.128 0.127 0.125 0.124 0.122 0.121 0.122 0.128 0.133 0.138 0.143 0.148 0.154 0.159
1.128 1.068 1.008 0.948 0.888 0.828 0.819 0.817 0.815 0.813 0.812 0.81 0.808 0.806 0.804 0.798 0.786 0.773 0.761 0.748 0.735 0.723 0.709 0.692 0.675 0.659 0.642 0.625 0.609 0.592 0.575 0.56 0.557 0.554 0.551 0.548 0.544 0.541 0.538 0.527 0.515 0.503 0.491 0.479 0.467 0.455 0.441 0.425 0.409 0.393 0.377 0.361 0.345 0.329 0.312 0.3 0.293 0.285 0.278 0.27 0.263 0.255 0.248 0.24 0.232 0.225 0.217 0.209 0.201 0.194 0.186 0.178 0.17 0.162 0.155 0.147 0.139 0.131 0.123 0.115 0.11 0.111 0.112 0.112 0.113 0.114 0.114 0.115 0.115 0.113 0.111 0.11 0.108 0.106 0.105 0.103 0.102 0.104 0.105 0.107 0.108 0.11 0.112 0.113 0.115 0.118 0.121 0.125 0.128 0.131 0.134 0.137 0.14 0.14 0.138 0.137 0.135 0.134 0.132 0.131 0.129 0.128 0.126 0.125 0.123 0.122 0.12 0.119 0.118 0.12 0.125 0.131 0.136 0.141 0.146 0.152
1.144 1.084 1.024 0.965 0.905 0.845 0.837 0.835 0.833 0.831 0.829 0.827 0.825 0.823 0.821 0.819 0.811 0.799 0.786 0.774 0.761 0.749 0.735 0.718 0.701 0.685 0.668 0.651 0.635 0.618 0.601 0.585 0.572 0.569 0.566 0.563 0.559 0.556 0.553 0.542 0.53 0.518 0.506 0.494 0.482 0.468 0.452 0.436 0.42 0.404 0.388 0.372 0.356 0.34 0.324 0.312 0.304 0.297 0.289 0.282 0.274 0.267 0.259 0.251 0.244 0.236 0.229 0.221 0.213 0.205 0.198 0.19 0.182 0.174 0.166 0.158 0.15 0.142 0.134 0.127 0.119 0.115 0.116 0.117 0.118 0.118 0.119 0.12 0.119 0.118 0.116 0.114 0.113 0.111 0.109 0.108 0.106 0.106 0.107 0.109 0.11 0.112 0.114 0.115 0.117 0.12 0.123 0.127 0.13 0.133 0.136 0.139 0.139 0.138 0.136 0.135 0.133 0.132 0.13 0.129 0.127 0.126 0.124 0.123 0.121 0.12 0.119 0.117 0.116 0.114 0.118 0.123 0.129 0.134 0.139 0.144
1.161 1.101 1.041 0.981 0.921 0.861 0.854 0.852 0.85 0.848 0.846 0.844 0.842 0.84 0.839 0.837 0.835 0.825 0.812 0.8 0.787 0.775 0.76 0.744 0.727 0.71 0.694 0.677 0.66 0.644 0.627 0.61 0.594 0.584 0.581 0.578 0.574 0.571 0.568 0.556 0.545 0.533 0.521 0.509 0.496 0.48 0.464 0.447 0.431 0.415 0.399 0.383 0.367 0.351 0.335 0.323 0.316 0.308 0.301 0.293 0.286 0.278 0.27 0.263 0.255 0.248 0.24 0.232 0.225 0.217 0.209 0.201 0.194 0.186 0.178 0.17 0.162 0.154 0.146 0.138 0.13 0.122 0.121 0.122 0.122 0.123 0.124 0.125 0.124 0.122 0.121 0.119 0.117 0.116 0.114 0.112 0.111 0.109 0.109 0.111 0.112 0.114 0.116 0.117 0.119 0.122 0.125 0.129 0.132 0.135 0.138 0.139 0.137 0.136 0.134 0.133 0.131 0.13 0.128 0.127 0.125 0.124 0.122 0.121 0.12 0.118 0.117 0.115 0.114 0.112 0.111 0.116 0.121 0.127 0.132 0.137
1.177 1.117 1.057 0.997 0.938 0.878 0.871 0.87 0.868 0.866 0.864 0.862 0.86 0.858 0.856 0.854 0.852 0.85 0.838 0.826 0.813 0.801 0.786 0.769 0.753 0.736 0.719 0.703 0.686 0.669 0.653 0.636 0.62 0.603 0.596 0.593 0.589 0.586 0.583 0.571 0.559 0.547 0.536 0.523 0.507 0.491 0.475 0.459 0.443 0.427 0.411 0.395 0.378 0.362 0.346 0.335 0.327 0.32 0.312 0.305 0.297 0.289 0.282 0.274 0.267 0.259 0.252 0.244 0.236 0.229 0.221 0.213 0.205 0.197 0.189 0.181 0.173 0.166 0.158 0.15 0.142 0.134 0.126 0.126 0.127 0.128 0.128 0.129 0.129 0.127 0.125 0.124 0.122 0.12 0.119 0.117 0.115 0.114 0.112 0.113 0.114 0.116 0.118 0.119 0.121 0.124 0.128 0.131 0.134 0.137 0.138 0.137 0.135 0.134 0.132 0.131 0.129 0.128 0.126 0.125 0.123 0.122 0.12 0.119 0.118 0.116 0.115 0.113 0.112 0.11 0.109 0.109 0.114 0.119 0.125 0.13
1.194 1.134 1.074 1.014 0.954 0.894 0.889 0.887 0.885 0.883 0.881 0.879 0.877 0.875 0.873 0.871 0.869 0.868 0.864 0.851 0.839 0.826 0.812 0.795 0.779 0.762 0.745 0.729 0.712 0.695 0.679 0.662 0.645 0.629 0.612 0.608 0.604 0.601 0.598 0.586 0.574 0.562 0.55 0.534 0.518 0.502 0.486 0.47 0.454 0.438 0.422 0.406 0.39 0.374 0.358 0.346 0.339 0.331 0.324 0.316 0.308 0.301 0.293 0.286 0.278 0.271 0.263 0.256 0.248 0.24 0.232 0.225 0.217 0.209 0.201 0.193 0.185 0.177 0.169 0.161 0.153 0.145 0.138 0.131 0.132 0.132 0.133 0.134 0.133 0.132 0.13 0.128 0.127 0.125 0.123 0.122 0.12 0.118 0.117 0.115 0.116 0.118 0.12 0.121 0.123 0.126 0.13 0.133 0.136 0.138 0.136 0.135 0.133 0.132 0.13 0.129 0.127 0.126 0.124 0.123 0.121 0.12 0.119 0.117 0.116 0.114 0.113 0.111 0.11 0.108 0.107 0.106 0.107 0.112 0.117 0.123
1.21 1.15 1.09 1.03 0.971 0.911 0.906 0.904 0.902 0.9 0.898 0.897 0.895 0.893 0.891 0.889 0.887 0.885 0.883 0.877 0.865 0.852 0.838 0.821 0.804 0.788 0.771 0.754 0.738 0.721 0.704 0.688 0.671 0.654 0.638 0.622 0.619 0.616 0.613 0.601 0.589 0.577 0.562 0.546 0.53 0.514 0.497 0.481 0.465 0.449 0.433 0.417 0.401 0.385 0.369 0.358 0.35 0.342 0.335 0.327 0.32 0.312 0.305 0.297 0.29 0.282 0.275 0.267 0.259 0.252 0.244 0.236 0.228 0.22 0.212 0.205 0.197 0.189 0.181 0.173 0.165 0.157 0.149 0.141 0.136 0.137 0.138 0.139 0.138 0.136 0.135 0.133 0.131 0.13 0.128 0.126 0.125 0.123 0.121 0.12 0.119 0.12 0.122 0.123 0.125 0.128 0.132 0.135 0.138 0.136 0.135 0.133 0.132 0.13 0.129 0.127 0.126 0.124 0.123 0.121 0.12 0.118 0.117 0.115 0.114 0.112 0.111 0.109 0.108 0.107 0.105 0.104 0.102 0.105 0.11 0.115
1.227 1.167 1.107 1.047 0.987 0.927 0.924 0.922 0.92 0.918 0.916 0.914 0.912 0.91 0.908 0.906 0.904 0.902 0.9 0.898 0.891 0.878 0.863 0.847 0.83 0.813 0.797 0.78 0.764 0.747 0.73 0.714 0.697 0.68 0.664 0.647 0.634 0.631 0.628 0.616 0.604 0.589 0.573 0.557 0.541 0.525 0.509 0.493 0.477 0.461 0.445 0.428 0.412 0.396 0.38 0.369 0.361 0.354 0.346 0.339 0.331 0.324 0.316 0.309 0.301 0.294 0.286 0.278 0.271 0.263 0.256 0.248 0.24 0.232 0.224 0.216 0.208 0.2 0.192 0.184 0.177 0.169 0.161 0.153 0.145 0.142 0.142 0.143 0.142 0.141 0.139 0.138 0.136 0.134 0.133 0.131 0.129 0.128 0.126 0.124 0.123 0.122 0.124 0.125 0.127 0.13 0.134 0.137 0.136 0.134 0.133 0.131 0.13 0.128 0.127 0.125 0.124 0.122 0.121 0.119 0.118 0.116 0.115 0.113 0.112 0.11 0.109 0.107 0.106 0.105 0.103 0.102 0.1 0.099 0.103 0.108
1.243 1.183 1.123 1.063 1.003 0.944 0.941 0.939 0.937 0.935 0.933 0.931 0.929 0.927 0.925 0.924 0.922 0.92 0.918 0.916 0.914 0.904 0.889 0.873 0.856 0.839 0.823 0.806 0.789 0.773 0.756 0.739 0.723 0.706 0.689 0.673 0.656 0.646 0.643 0.631 0.616 0.6 0.584 0.568 0.552 0.536 0.52 0.504 0.488 0.472 0.456 0.44 0.424 0.408 0.392 0.38 0.373 0.365 0.358 0.35 0.343 0.335 0.328 0.32 0.313 0.305 0.297 0.29 0.282 0.275 0.267 0.259 0.251 0.244 0.236 0.228 0.22 0.212 0.204 0.196 0.188 0.18 0.172 0.164 0.156 0.149 0.147 0.148 0.147 0.145 0.144 0.142 0.141 0.139 0.137 0.136 0.134 0.132 0.131 0.129 0.127 0.126 0.126 0.127 0.129 0.132 0.136 0.135 0.134 0.132 0.131 0.129 0.128 0.126 0.125 0.123 0.122 0.12 0.119 0.117 0.116 0.114 0.113 0.111 0.11 0.108 0.107 0.106 0.104 0.103 0.101 0.1 0.098 0.097 0.096 0.101
1.259 1.2 1.14 1.08 1.02 0.96 0.958 0.956 0.955 0.953 0.951 0.949 0.947 0.945 0.943 0.941 0.939 0.937 0.935 0.933 0.931 0.929 0.915 0.898 0.882 0.865 0.848 0.832 0.815 0.798 0.782 0.765 0.748 0.732 0.715 0.698 0.682 0.665 0.657 0.644 0.628 0.612 0.596 0.58 0.563 0.547 0.531 0.515 0.499 0.483 0.467 0.451 0.435 0.419 0.403 0.392 0.384 0.377 0.369 0.362 0.354 0.347 0.339 0.332 0.324 0.316 0.309 0.301 0.294 0.286 0.279 0.271 0.263 0.255 0.247 0.239 0.231 0.223 0.216 0.208 0.2 0.192 0.184 0.176 0.168 0.16 0.152 0.153 0.152 0.15 0.148 0.147 0.145 0.144 0.142 0.14 0.139 0.137 0.135 0.134 0.132 0.13 0.129 0.129 0.131 0.135 0.135 0.133 0.132 0.13 0.129 0.127 0.126 0.124 0.123 0.121 0.12 0.118 0.117 0.115 0.114 0.112 0.111 0.109 0.108 0.107 0.105 0.104 0.102 0.101 0.099 0.098 0.096 0.095 0.094 0.094
1.339 1.278 1.217 1.156 1.094 1.035 1.031 1.028 1.025 1.022 1.019 1.016 1.013 1.009 1.006 1.003 1.0 0.997 0.994 0.99 0.987 0.984 0.983 0.965 0.947 0.929 0.911 0.893 0.875 0.856 0.838 0.82 0.802 0.784 0.766 0.748 0.73 0.712 0.677 0.661 0.645 0.628 0.612 0.595 0.578 0.562 0.545 0.529 0.512 0.496 0.479 0.463 0.446 0.43 0.414 0.403 0.396 0.388 0.381 0.373 0.366 0.358 0.351 0.343 0.335 0.328 0.32 0.313 0.305 0.298 0.29 0.283 0.275 0.267 0.259 0.251 0.243 0.235 0.227 0.219 0.211 0.203 0.195 0.188 0.18 0.172 0.164 0.157 0.156 0.155 0.153 0.151 0.15 0.148 0.147 0.145 0.143 0.142 0.14 0.138 0.137 0.135 0.133 0.132 0.133 0.134 0.133 0.131 0.13 0.128 0.127 0.125 0.124 0.122 0.121 0.119 0.118 0.116 0.115 0.113 0.112 0.11 0.109 0.107 0.106 0.105 0.103 0.102 0.1 0.099 0.097 0.096 0.094 0.093 0.092 0.09
1.431 1.37 1.309 1.248 1.187 1.128 1.125 1.122 1.119 1.116 1.112 1.109 1.106 1.103 1.1 1.097 1.093 1.09 1.087 1.084 1.081 1.098 1.097 1.079 1.061 1.043 1.025 1.007 0.989 0.971 0.953 0.935 0.917 0.898 0.88 0.862 0.844 0.814 0.71 0.703 0.687 0.67 0.653 0.637 0.62 0.604 0.587 0.571 0.554 0.538 0.521 0.504 0.488 0.471 0.455 0.444 0.436 0.427 0.419 0.411 0.403 0.395 0.387 0.379 0.371 0.363 0.355 0.347 0.339 0.331 0.323 0.311 0.296 0.288 0.28 0.272 0.263 0.255 0.247 0.239 0.231 0.223 0.214 0.206 0.198 0.19 0.182 0.174 0.17 0.168 0.166 0.164 0.162 0.16 0.158 0.156 0.154 0.152 0.15 0.148 0.146 0.144 0.142 0.14 0.134 0.133 0.131 0.13 0.128 0.127 0.125 0.123 0.122 0.12 0.119 0.117 0.116 0.114 0.113 0.111 0.11 0.108 0.107 0.106 0.104 0.103 0.101 0.1 0.098 0.097 0.095 0.094 0.093 0.091 0.09 0.088
1.524 1.463 1.402 1.341 1.28 1.222 1.219 1.215 1.212 1.209 1.206 1.203 1.2 1.196 1.193 1.19 1.187 1.184 1.181 1.178 1.191 1.213 1.212 1.194 1.176 1.158 1.139 1.121 1.103 1.085 1.067 1.049 1.031 1.013 0.995 0.977 0.959 0.846 0.743 0.738 0.728 0.712 0.695 0.679 0.662 0.646 0.629 0.613 0.596 0.579 0.563 0.546 0.53 0.513 0.497 0.486 0.478 0.469 0.461 0.453 0.445 0.437 0.429 0.421 0.413 0.405 0.397 0.389 0.381 0.373 0.364 0.352 0.326 0.315 0.306 0.298 0.29 0.282 0.274 0.266 0.257 0.249 0.241 0.233 0.225 0.217 0.208 0.2 0.196 0.194 0.192 0.19 0.188 0.186 0.184 0.182 0.18 0.178 0.176 0.174 0.172 0.17 0.168 0.162 0.141 0.133 0.132 0.13 0.128 0.127 0.125 0.124 0.122 0.121 0.119 0.118 0.116 0.115 0.113 0.111 0.11 0.108 0.107 0.105 0.104 0.103 0.101 0.1 0.098 0.097 0.095 0.094 0.092 0.091 0.089 0.088
1.617 1.556 1.495 1.433 1.372 1.315 1.312 1.309 1.306 1.303 1.3 1.296 1.293 1.29 1.287 1.284 1.281 1.277 1.274 1.284 1.306 1.328 1.326 1.308 1.29 1.272 1.254 1.236 1.218 1.2 1.181 1.163 1.145 1.127 1.109 1.091 0.992 0.877 0.776 0.771 0.765 0.754 0.737 0.721 0.704 0.688 0.671 0.654 0.638 0.621 0.605 0.588 0.572 0.555 0.538 0.528 0.52 0.511 0.503 0.495 0.487 0.479 0.471 0.463 0.455 0.447 0.439 0.431 0.423 0.414 0.405 0.393 0.367 0.341 0.333 0.325 0.317 0.309 0.3 0.292 0.284 0.276 0.268 0.26 0.251 0.243 0.235 0.227 0.223 0.221 0.219 0.217 0.215 0.213 0.211 0.209 0.207 0.205 0.203 0.201 0.199 0.197 0.194 0.17 0.149 0.138 0.132 0.13 0.129 0.127 0.126 0.124 0.123 0.121 0.12 0.118 0.117 0.115 0.113 0.112 0.11 0.109 0.107 0.106 0.104 0.103 0.101 0.1 0.098 0.097 0.096 0.094 0.093 0.091 0.09 0.088
1.709 1.648 1.587 1.526 1.465 1.409 1.406 1.403 1.399 1.396 1.393 1.39 1.387 1.384 1.38 1.377 1.374 1.371 1.377 1.399 1.421 1.443 1.441 1.422 1.404 1.386 1.368 1.35 1.332 1.314 1.296 1.278 1.26 1.242 1.224 1.139 1.024 0.909 0.81 0.804 0.798 0.792 0.779 0.762 0.746 0.729 0.713 0.696 0.68 0.663 0.647 0.63 0.613 0.597 0.58 0.57 0.562 0.553 0.545 0.537 0.529 0.521 0.513 0.505 0.497 0.489 0.481 0.473 0.465 0.455 0.446 0.434 0.408 0.382 0.36 0.352 0.343 0.335 0.327 0.319 0.311 0.303 0.294 0.286 0.278 0.27 0.262 0.254 0.25 0.248 0.246 0.244 0.242 0.24 0.238 0.236 0.234 0.232 0.23 0.228 0.226 0.224 0.202 0.178 0.157 0.146 0.135 0.131 0.129 0.128 0.126 0.125 0.123 0.122 0.12 0.118 0.117 0.115 0.114 0.112 0.111 0.109 0.108 0.106 0.105 0.103 0.102 0.1 0.099 0.097 0.096 0.094 0.093 0.091 0.09 0.086
1.802 1.741 1.68 1.619 1.558 1.502 1.499 1.496 1.493 1.49 1.487 1.483 1.48 1.477 1.474 1.471 1.468 1.47 1.492 1.514 1.536 1.558 1.555 1.537 1.519 1.501 1.483 1.464 1.446 1.428 1.41 1.392 1.374 1.356 1.286 1.171 1.055 0.94 0.843 0.837 0.831 0.826 0.82 0.804 0.788 0.771 0.755 0.738 0.722 0.705 0.688 0.672 0.655 0.639 0.622 0.612 0.604 0.595 0.587 0.579 0.571 0.563 0.555 0.547 0.539 0.531 0.523 0.515 0.506 0.496 0.487 0.474 0.448 0.423 0.397 0.378 0.37 0.362 0.354 0.346 0.337 0.329 0.321 0.313 0.305 0.297 0.288 0.28 0.277 0.275 0.273 0.271 0.269 0.267 0.265 0.263 0.261 0.259 0.257 0.255 0.253 0.234 0.21 0.186 0.165 0.154 0.143 0.132 0.13 0.128 0.127 0.125 0.123 0.122 0.12 0.119 0.117 0.116 0.114 0.113 0.111 0.11 0.108 0.107 0.105 0.104 0.102 0.101 0.099 0.098 0.096 0.095 0.093 0.092 0.089 0.083
1.895 1.834 1.772 1.711 1.65 1.596 1.593 1.59 1.586 1.583 1.58 1.577 1.574 1.571 1.568 1.564 1.563 1.585 1.607 1.629 1.651 1.673 1.669 1.651 1.633 1.615 1.597 1.579 1.561 1.543 1.525 1.507 1.488 1.433 1.317 1.202 1.087 0.971 0.876 0.87 0.865 0.859 0.853 0.846 0.83 0.813 0.797 0.78 0.763 0.747 0.73 0.714 0.697 0.681 0.664 0.654 0.646 0.637 0.629 0.621 0.613 0.605 0.597 0.589 0.581 0.573 0.565 0.556 0.547 0.537 0.528 0.515 0.489 0.463 0.438 0.412 0.397 0.389 0.38 0.372 0.364 0.356 0.348 0.34 0.331 0.323 0.315 0.307 0.303 0.301 0.299 0.297 0.295 0.293 0.291 0.289 0.287 0.285 0.283 0.281 0.266 0.242 0.218 0.193 0.173 0.162 0.151 0.14 0.13 0.128 0.127 0.125 0.124 0.122 0.121 0.119 0.118 0.116 0.115 0.113 0.112 0.11 0.109 0.107 0.106 0.104 0.103 0.101 0.1 0.098 0.097 0.095 0.094 0.091 0.085 0.079
1.987 1.926 1.865 1.804 1.743 1.689 1.686 1.683 1.68 1.677 1.674 1.671 1.667 1.664 1.661 1.658 1.678 1.7 1.722 1.744 1.766 1.788 1.784 1.766 1.748 1.729 1.711 1.693 1.675 1.657 1.639 1.621 1.579 1.464 1.349 1.233 1.118 1.003 0.909 0.904 0.898 0.892 0.886 0.881 0.872 0.855 0.838 0.822 0.805 0.789 0.772 0.756 0.739 0.722 0.706 0.696 0.688 0.679 0.671 0.663 0.655 0.647 0.639 0.631 0.623 0.615 0.606 0.597 0.588 0.579 0.569 0.556 0.53 0.504 0.478 0.452 0.427 0.415 0.407 0.399 0.391 0.383 0.374 0.366 0.358 0.35 0.342 0.334 0.33 0.328 0.326 0.324 0.322 0.32 0.318 0.316 0.314 0.312 0.31 0.298 0.274 0.25 0.225 0.201 0.181 0.17 0.159 0.148 0.137 0.129 0.127 0.126 0.124 0.123 0.121 0.12 0.118 0.117 0.115 0.113 0.112 0.11 0.109 0.107 0.106 0.105 0.103 0.102 0.1 0.099 0.097 0.096 0.094 0.088 0.082 0.076
2.08 2.019 1.958 1.897 1.836 1.783 1.78 1.777 1.774 1.77 1.767 1.764 1.761 1.758 1.755 1.771 1.793 1.815 1.837 1.859 1.881 1.903 1.898 1.88 1.862 1.844 1.826 1.808 1.79 1.771 1.753 1.726 1.611 1.495 1.38 1.265 1.15 1.034 0.943 0.937 0.931 0.925 0.92 0.914 0.908 0.897 0.88 0.864 0.847 0.831 0.814 0.797 0.781 0.764 0.748 0.738 0.73 0.721 0.713 0.705 0.697 0.689 0.681 0.673 0.665 0.656 0.647 0.638 0.629 0.62 0.61 0.597 0.571 0.545 0.519 0.493 0.467 0.442 0.434 0.426 0.417 0.409 0.401 0.393 0.385 0.376 0.368 0.36 0.357 0.355 0.353 0.351 0.349 0.347 0.345 0.343 0.341 0.339 0.33 0.306 0.281 0.257 0.233 0.209 0.189 0.178 0.167 0.156 0.145 0.134 0.128 0.126 0.125 0.123 0.122 0.12 0.118 0.117 0.115 0.114 0.112 0.111 0.109 0.108 0.106 0.105 0.103 0.102 0.1 0.099 0.098 0.096 0.09 0.084 0.078 0.072
2.173 2.111 2.05 1.989 1.928 1.877 1.873 1.87 1.867 1.864 1.861 1.858 1.855 1.851 1.864 1.886 1.908 1.93 1.952 1.974 1.996 2.018 2.012 1.994 1.976 1.958 1.94 1.922 1.904 1.886 1.868 1.757 1.642 1.527 1.412 1.296 1.181 1.066 0.976 0.97 0.964 0.959 0.953 0.947 0.941 0.936 0.922 0.906 0.889 0.872 0.856 0.839 0.823 0.806 0.79 0.78 0.772 0.763 0.755 0.747 0.739 0.731 0.723 0.715 0.707 0.697 0.688 0.679 0.67 0.661 0.651 0.637 0.611 0.586 0.56 0.534 0.508 0.482 0.46 0.452 0.444 0.436 0.428 0.419 0.411 0.403 0.395 0.387 0.384 0.382 0.38 0.378 0.376 0.374 0.372 0.37 0.368 0.362 0.338 0.313 0.289 0.265 0.241 0.217 0.197 0.186 0.175 0.164 0.153 0.142 0.131 0.127 0.125 0.124 0.122 0.12 0.119 0.117 0.116 0.114 0.113 0.111 0.11 0.108 0.107 0.105 0.104 0.102 0.101 0.099 0.098 0.093 0.087 0.081 0.075 0.069
2.265 2.204 2.143 2.082 2.021 1.97 1.967 1.964 1.961 1.958 1.954 1.951 1.948 1.957 1.979 2.001 2.023 2.045 2.067 2.089 2.111 2.133 2.127 2.109 2.091 2.073 2.054 2.036 2.018 2.0 1.904 1.789 1.674 1.558 1.443 1.328 1.212 1.097 1.009 1.003 0.998 0.992 0.986 0.98 0.975 0.969 0.963 0.947 0.931 0.914 0.898 0.881 0.865 0.848 0.832 0.822 0.814 0.805 0.797 0.789 0.781 0.773 0.765 0.757 0.748 0.738 0.729 0.72 0.711 0.702 0.692 0.678 0.652 0.626 0.601 0.575 0.549 0.523 0.497 0.479 0.471 0.462 0.454 0.446 0.438 0.43 0.422 0.413 0.41 0.408 0.406 0.404 0.402 0.4 0.398 0.396 0.394 0.37 0.345 0.321 0.297 0.273 0.249 0.224 0.205 0.194 0.183 0.172 0.161 0.15 0.139 0.128 0.125 0.124 0.122 0.121 0.119 0.118 0.116 0.115 0.113 0.112 0.11 0.109 0.107 0.106 0.104 0.103 0.101 0.1 0.095 0.09 0.084 0.078 0.072 0.066
2.358 2.297 2.236 2.175 2.113 2.064 2.061 2.057 2.054 2.051 2.048 2.045 2.05 2.072 2.094 2.116 2.138 2.16 2.182 2.204 2.226 2.248 2.241 2.223 2.205 2.187 2.169 2.151 2.133 2.051 1.936 1.82 1.705 1.59 1.474 1.359 1.244 1.129 1.042 1.036 1.031 1.025 1.019 1.014 1.008 1.002 0.996 0.989 0.973 0.956 0.94 0.923 0.906 0.89 0.873 0.864 0.856 0.847 0.839 0.831 0.823 0.815 0.807 0.798 0.789 0.779 0.77 0.761 0.752 0.743 0.733 0.719 0.693 0.667 0.641 0.615 0.59 0.564 0.538 0.512 0.497 0.489 0.481 0.473 0.465 0.456 0.448 0.44 0.437 0.435 0.433 0.431 0.429 0.427 0.425 0.423 0.402 0.377 0.353 0.329 0.305 0.281 0.256 0.232 0.213 0.202 0.191 0.18 0.169 0.158 0.147 0.136 0.126 0.124 0.123 0.121 0.12 0.118 0.117 0.115 0.114 0.112 0.111 0.109 0.108 0.106 0.105 0.103 0.102 0.098 0.092 0.086 0.08 0.074 0.068 0.062
2.45 2.389 2.328 2.267 2.206 2.157 2.154 2.151 2.148 2.145 2.141 2.143 2.165 2.187 2.209 2.231 2.253 2.275 2.297 2.319 2.341 2.363 2.356 2.337 2.319 2.301 2.283 2.265 2.198 2.082 1.967 1.852 1.736 1.621 1.506 1.391 1.275 1.16 1.075 1.07 1.064 1.058 1.052 1.047 1.041 1.035 1.03 1.024 1.015 0.998 0.981 0.965 0.948 0.932 0.915 0.906 0.898 0.889 0.881 0.873 0.865 0.857 0.848 0.839 0.83 0.82 0.811 0.802 0.793 0.784 0.774 0.76 0.734 0.708 0.682 0.656 0.63 0.605 0.579 0.553 0.527 0.516 0.508 0.499 0.491 0.483 0.475 0.467 0.464 0.462 0.46 0.458 0.456 0.454 0.452 0.434 0.409 0.385 0.361 0.337 0.313 0.288 0.264 0.24 0.221 0.21 0.199 0.188 0.177 0.166 0.155 0.144 0.133 0.125 0.123 0.122 0.12 0.119 0.117 0.115 0.114 0.112 0.111 0.109 0.108 0.107 0.105 0.104 0.101 0.095 0.089 0.083 0.077 0.071 0.065 0.059
2.543 2.482 2.421 2.36 2.299 2.251 2.248 2.244 2.241 2.238 2.236 2.258 2.28 2.302 2.324 2.346 2.368 2.39 2.412 2.434 2.456 2.478 2.47 2.452 2.434 2.416 2.398 2.344 2.229 2.114 1.998 1.883 1.768 1.653 1.537 1.422 1.307 1.192 1.109 1.103 1.097 1.091 1.086 1.08 1.074 1.068 1.063 1.057 1.051 1.04 1.023 1.007 0.99 0.974 0.957 0.948 0.94 0.932 0.923 0.915 0.907 0.898 0.889 0.88 0.871 0.861 0.852 0.843 0.834 0.825 0.815 0.8 0.774 0.749 0.723 0.697 0.671 0.645 0.619 0.594 0.568 0.542 0.534 0.526 0.518 0.51 0.502 0.493 0.491 0.489 0.487 0.485 0.483 0.481 0.466 0.441 0.417 0.393 0.369 0.345 0.32 0.296 0.272 0.248 0.229 0.218 0.207 0.196 0.185 0.174 0.163 0.152 0.141 0.129 0.124 0.122 0.12 0.119 0.117 0.116 0.114 0.113 0.111 0.11 0.108 0.107 0.105 0.103 0.097 0.091 0.085 0.079 0.073 0.067 0.061 0.055
2.614 2.575 2.514 2.452 2.391 2.344 2.341 2.338 2.335 2.332 2.351 2.373 2.395 2.417 2.439 2.461 2.483 2.505 2.527 2.549 2.571 2.593 2.584 2.566 2.548 2.53 2.491 2.376 2.26 2.145 2.03 1.915 1.799 1.684 1.569 1.454 1.338 1.223 1.142 1.136 1.13 1.125 1.119 1.113 1.107 1.102 1.096 1.09 1.084 1.079 1.065 1.049 1.032 1.016 0.999 0.99 0.982 0.974 0.965 0.957 0.948 0.939 0.93 0.921 0.912 0.902 0.893 0.884 0.875 0.866 0.857 0.841 0.815 0.789 0.764 0.738 0.712 0.686 0.66 0.634 0.609 0.583 0.561 0.553 0.545 0.536 0.528 0.52 0.517 0.515 0.513 0.511 0.509 0.498 0.473 0.449 0.425 0.401 0.377 0.352 0.328 0.304 0.28 0.256 0.237 0.226 0.215 0.204 0.193 0.182 0.171 0.16 0.149 0.137 0.126 0.122 0.121 0.119 0.118 0.116 0.115 0.113 0.112 0.11 0.109 0.107 0.106 0.1 0.094 0.088 0.082 0.076 0.07 0.064 0.058 0.052
2.674 2.654 2.606 2.545 2.484 2.438 2.435 2.432 2.428 2.444 2.466 2.488 2.51 2.532 2.554 2.576 2.598 2.62 2.642 2.664 2.686 2.708 2.699 2.681 2.663 2.638 2.522 2.407 2.292 2.177 2.061 1.946 1.831 1.716 1.6 1.485 1.37 1.254 1.175 1.169 1.164 1.158 1.152 1.146 1.141 1.135 1.129 1.123 1.118 1.112 1.106 1.091 1.074 1.057 1.041 1.032 1.024 1.016 1.007 0.999 0.989 0.98 0.971 0.962 0.953 0.943 0.934 0.925 0.916 0.907 0.898 0.882 0.856 0.83 0.804 0.778 0.753 0.727 0.701 0.675 0.649 0.623 0.598 0.579 0.571 0.563 0.555 0.547 0.544 0.542 0.54 0.538 0.53 0.505 0.481 0.457 0.433 0.409 0.384 0.36 0.336 0.312 0.288 0.263 0.245 0.234 0.223 0.212 0.201 0.19 0.179 0.168 0.157 0.145 0.134 0.123 0.121 0.12 0.118 0.117 0.115 0.114 0.112 0.111 0.109 0.108 0.102 0.096 0.09 0.084 0.078 0.072 0.066 0.06 0.054 0.048
2.735 2.714 2.694 2.638 2.577 2.531 2.528 2.525 2.537 2.559 2.581 2.603 2.625 2.647 2.669 2.691 2.713 2.735 2.757 2.779 2.801 2.823 2.813 2.795 2.777 2.669 2.554 2.439 2.323 2.208 2.093 1.978 1.862 1.747 1.632 1.516 1.401 1.286 1.208 1.203 1.197 1.191 1.185 1.18 1.174 1.168 1.162 1.157 1.151 1.145 1.139 1.132 1.116 1.099 1.083 1.074 1.066 1.058 1.049 1.04 1.03 1.021 1.012 1.003 0.994 0.985 0.975 0.966 0.957 0.948 0.939 0.923 0.897 0.871 0.845 0.819 0.793 0.768 0.742 0.716 0.69 0.664 0.638 0.613 0.598 0.59 0.582 0.573 0.571 0.569 0.567 0.562 0.537 0.513 0.489 0.465 0.441 0.416 0.392 0.368 0.344 0.32 0.295 0.271 0.253 0.242 0.231 0.22 0.209 0.198 0.187 0.176 0.165 0.153 0.142 0.131 0.122 0.12 0.119 0.117 0.116 0.114 0.113 0.111 0.11 0.105 0.099 0.093 0.087 0.081 0.075 0.069 0.063 0.057 0.051 0.045
2.795 2.774 2.754 2.73 2.669 2.625 2.622 2.63 2.652 2.674 2.696 2.718 2.74 2.762 2.784 2.806 2.828 2.85 2.872 2.894 2.916 2.938 2.927 2.909 2.816 2.701 2.585 2.47 2.355 2.24 2.124 2.009 1.894 1.778 1.663 1.548 1.433 1.317 1.242 1.236 1.23 1.224 1.219 1.213 1.207 1.201 1.196 1.19 1.184 1.178 1.173 1.167 1.158 1.141 1.125 1.116 1.108 1.099 1.09 1.081 1.071 1.062 1.053 1.044 1.035 1.026 1.016 1.007 0.998 0.989 0.98 0.963 0.937 0.912 0.886 0.86 0.834 0.808 0.782 0.757 0.731 0.705 0.679 0.653 0.627 0.616 0.608 0.6 0.598 0.596 0.594 0.569 0.545 0.521 0.497 0.473 0.448 0.424 0.4 0.376 0.352 0.327 0.303 0.279 0.261 0.25 0.239 0.228 0.217 0.206 0.195 0.184 0.173 0.161 0.15 0.139 0.128 0.121 0.119 0.117 0.116 0.114 0.113 0.111 0.107 0.101 0.095 0.089 0.083 0.077 0.071 0.065 0.059 0.053 0.047 0.041
2.855 2.834 2.814 2.793 2.762 2.719 2.723 2.745 2.767 2.789 2.811 2.833 2.855 2.877 2.899 2.921 2.943 2.965 2.987 3.009 3.032 3.054 3.042 2.963 2.847 2.732 2.617 2.502 2.386 2.271 2.156 2.04 1.925 1.81 1.695 1.579 1.464 1.349 1.275 1.269 1.263 1.258 1.252 1.246 1.24 1.235 1.229 1.223 1.217 1.212 1.206 1.2 1.194 1.183 1.166 1.158 1.149 1.14 1.131 1.122 1.113 1.103 1.094 1.085 1.076 1.067 1.057 1.048 1.039 1.03 1.021 1.004 0.978 0.952 0.927 0.901 0.875 0.849 0.823 0.797 0.772 0.746 0.72 0.694 0.668 0.643 0.635 0.627 0.624 0.622 0.601 0.577 0.553 0.529 0.505 0.48 0.456 0.432 0.408 0.384 0.359 0.335 0.311 0.287 0.269 0.258 0.247 0.236 0.225 0.214 0.203 0.192 0.181 0.17 0.158 0.147 0.136 0.125 0.119 0.118 0.116 0.115 0.113 0.11 0.104 0.098 0.092 0.086 0.08 0.074 0.068 0.062 0.056 0.05 0.044 0.038
2.915 2.895 2.874 2.854 2.833 2.816 2.838 2.86 2.882 2.904 2.926 2.948 2.97 2.992 3.014 3.036 3.058 3.08 3.103 3.125 3.147 3.169 3.109 2.994 2.879 2.764 2.648 2.533 2.418 2.302 2.187 2.072 1.957 1.841 1.726 1.611 1.496 1.38 1.308 1.302 1.297 1.291 1.285 1.279 1.274 1.268 1.262 1.256 1.251 1.245 1.239 1.233 1.228 1.222 1.208 1.199 1.19 1.181 1.172 1.163 1.154 1.144 1.135 1.126 1.117 1.108 1.098 1.089 1.08 1.071 1.062 1.045 1.019 0.993 0.967 0.941 0.916 0.89 0.864 0.838 0.812 0.786 0.761 0.735 0.709 0.683 0.661 0.653 0.651 0.633 0.609 0.585 0.561 0.537 0.512 0.488 0.464 0.44 0.416 0.391 0.367 0.343 0.319 0.295 0.277 0.266 0.255 0.244 0.233 0.222 0.211 0.2 0.189 0.178 0.166 0.155 0.144 0.133 0.122 0.118 0.117 0.115 0.112 0.106 0.1 0.094 0.088 0.082 0.076 0.07 0.064 0.058 0.052 0.046 0.04 0.034
2.985 2.965 2.944 2.923 2.903 2.902 2.931 2.954 2.976 2.998 3.021 3.043 3.066 3.088 3.111 3.133 3.156 3.178 3.201 3.223 3.246 3.268 3.138 3.023 2.907 2.792 2.677 2.562 2.447 2.332 2.216 2.101 1.986 1.871 1.756 1.64 1.525 1.41 1.33 1.324 1.319 1.314 1.309 1.304 1.299 1.294 1.289 1.284 1.279 1.274 1.269 1.264 1.259 1.253 1.248 1.24 1.231 1.222 1.213 1.204 1.195 1.185 1.176 1.167 1.158 1.149 1.139 1.13 1.121 1.112 1.103 1.086 1.06 1.034 1.008 0.982 0.956 0.931 0.905 0.879 0.853 0.827 0.801 0.776 0.75 0.724 0.698 0.68 0.665 0.641 0.617 0.593 0.569 0.544 0.52 0.496 0.472 0.448 0.423 0.399 0.375 0.351 0.327 0.302 0.285 0.274 0.263 0.252 0.241 0.23 0.219 0.208 0.197 0.186 0.174 0.163 0.152 0.141 0.13 0.119 0.117 0.115 0.109 0.103 0.097 0.091 0.085 0.079 0.073 0.067 0.061 0.055 0.049 0.043 0.037 0.031
3.057 3.036 3.015 2.995 2.972 2.973 3.016 3.041 3.063 3.086 3.108 3.13 3.153 3.175 3.198 3.22 3.243 3.265 3.288 3.31 3.333 3.355 3.191 3.049 2.933 2.818 2.703 2.588 2.473 2.357 2.242 2.127 2.012 1.897 1.781 1.666 1.551 1.436 1.349 1.316 1.311 1.306 1.301 1.296 1.291 1.286 1.281 1.276 1.271 1.266 1.261 1.256 1.251 1.245 1.24 1.232 1.224 1.215 1.207 1.199 1.19 1.182 1.174 1.165 1.157 1.148 1.14 1.132 1.123 1.115 1.108 1.11 1.088 1.062 1.037 1.011 0.986 0.96 0.935 0.909 0.883 0.858 0.832 0.807 0.781 0.756 0.73 0.705 0.68 0.656 0.631 0.607 0.582 0.558 0.533 0.509 0.485 0.46 0.436 0.411 0.387 0.362 0.338 0.313 0.292 0.281 0.27 0.259 0.248 0.237 0.226 0.215 0.204 0.193 0.182 0.171 0.16 0.149 0.138 0.127 0.117 0.111 0.105 0.099 0.093 0.087 0.081 0.075 0.069 0.063 0.057 0.051 0.046 0.04 0.034 0.028
3.128 3.108 3.087 3.065 3.042 3.044 3.086 3.128 3.15 3.173 3.195 3.217 3.24 3.262 3.285 3.307 3.33 3.352 3.375 3.397 3.42 3.442 3.275 3.087 2.959 2.844 2.729 2.614 2.498 2.383 2.268 2.153 2.038 1.923 1.807 1.692 1.577 1.462 1.376 1.327 1.303 1.298 1.293 1.288 1.283 1.278 1.273 1.268 1.263 1.258 1.253 1.248 1.243 1.238 1.232 1.224 1.216 1.207 1.199 1.191 1.182 1.174 1.165 1.157 1.149 1.14 1.132 1.124 1.115 1.107 1.112 1.114 1.111 1.086 1.06 1.034 1.009 0.983 0.958 0.932 0.907 0.881 0.856 0.83 0.805 0.779 0.753 0.728 0.704 0.679 0.655 0.63 0.606 0.581 0.557 0.532 0.508 0.483 0.459 0.435 0.41 0.386 0.361 0.329 0.3 0.284 0.273 0.262 0.251 0.24 0.229 0.218 0.207 0.196 0.185 0.174 0.163 0.152 0.141 0.13 0.12 0.114 0.108 0.101 0.095 0.089 0.083 0.077 0.071 0.065 0.059 0.053 0.047 0.04 0.034 0.028
3.2 3.179 3.157 3.135 3.112 3.115 3.157 3.2 3.237 3.26 3.282 3.305 3.327 3.349 3.372 3.394 3.417 3.439 3.462 3.484 3.507 3.529 3.358 3.171 2.985 2.87 2.755 2.64 2.524 2.409 2.294 2.179 2.064 1.948 1.833 1.718 1.603 1.488 1.403 1.354 1.305 1.29 1.285 1.28 1.275 1.27 1.265 1.26 1.255 1.25 1.245 1.24 1.235 1.23 1.224 1.216 1.208 1.199 1.191 1.183 1.174 1.166 1.157 1.149 1.141 1.132 1.124 1.116 1.107 1.11 1.116 1.118 1.117 1.109 1.083 1.058 1.032 1.007 0.981 0.956 0.93 0.905 0.879 0.853 0.828 0.802 0.777 0.751 0.727 0.702 0.678 0.653 0.629 0.605 0.58 0.556 0.531 0.507 0.482 0.458 0.433 0.409 0.379 0.342 0.313 0.289 0.276 0.265 0.254 0.243 0.232 0.221 0.21 0.199 0.188 0.177 0.166 0.155 0.144 0.133 0.123 0.116 0.11 0.104 0.098 0.092 0.086 0.08 0.074 0.068 0.062 0.056 0.049 0.043 0.037 0.031
3.271 3.25 3.227 3.205 3.182 3.185 3.228 3.271 3.314 3.347 3.369 3.392 3.414 3.437 3.459 3.481 3.504 3.526 3.549 3.571 3.594 3.616 3.442 3.255 3.067 2.896 2.781 2.665 2.55 2.435 2.32 2.205 2.089 1.974 1.859 1.744 1.629 1.514 1.43 1.381 1.332 1.283 1.277 1.272 1.267 1.262 1.257 1.252 1.247 1.242 1.237 1.232 1.227 1.222 1.216 1.208 1.2 1.191 1.183 1.175 1.166 1.158 1.149 1.141 1.133 1.124 1.116 1.107 1.109 1.114 1.12 1.122 1.121 1.12 1.107 1.081 1.056 1.03 1.004 0.979 0.953 0.928 0.902 0.877 0.851 0.826 0.8 0.775 0.75 0.726 0.701 0.677 0.652 0.628 0.603 0.579 0.555 0.53 0.506 0.481 0.457 0.429 0.392 0.355 0.326 0.302 0.279 0.268 0.257 0.246 0.235 0.224 0.213 0.202 0.191 0.18 0.169 0.158 0.147 0.136 0.125 0.119 0.113 0.107 0.101 0.095 0.089 0.083 0.077 0.071 0.064 0.058 0.052 0.046 0.04 0.037
3.342 3.32 3.297 3.274 3.252 3.256 3.299 3.342 3.384 3.427 3.456 3.479 3.501 3.524 3.546 3.568 3.591 3.613 3.636 3.658 3.681 3.703 3.526 3.338 3.151 2.963 2.806 2.691 2.576 2.461 2.346 2.231 2.115 2.0 1.885 1.77 1.655 1.539 1.457 1.408 1.359 1.31 1.269 1.264 1.259 1.254 1.249 1.244 1.239 1.234 1.229 1.224 1.219 1.214 1.208 1.2 1.192 1.183 1.175 1.166 1.158 1.15 1.141 1.133 1.125 1.116 1.108 1.107 1.112 1.118 1.124 1.126 1.124 1.123 1.122 1.104 1.079 1.053 1.028 1.002 0.977 0.951 0.926 0.9 0.874 0.849 0.823 0.798 0.773 0.749 0.725 0.7 0.676 0.651 0.627 0.602 0.578 0.553 0.529 0.504 0.478 0.441 0.404 0.367 0.339 0.315 0.291 0.27 0.259 0.248 0.237 0.226 0.215 0.204 0.193 0.182 0.171 0.16 0.149 0.138 0.128 0.122 0.116 0.11 0.104 0.098 0.092 0.086 0.08 0.073 0.067 0.061 0.055 0.049 0.045 0.042
3.412 3.389 3.367 3.344 3.322 3.327 3.37 3.413 3.455 3.498 3.541 3.566 3.588 3.611 3.633 3.656 3.678 3.7 3.723 3.745 3.768 3.79 3.61 3.422 3.234 3.047 2.859 2.717 2.602 2.487 2.372 2.256 2.141 2.026 1.911 1.796 1.681 1.565 1.484 1.435 1.386 1.337 1.288 1.256 1.251 1.246 1.241 1.236 1.231 1.226 1.221 1.216 1.211 1.206 1.2 1.192 1.184 1.175 1.167 1.158 1.15 1.142 1.133 1.125 1.117 1.108 1.105 1.111 1.116 1.122 1.128 1.129 1.128 1.127 1.126 1.125 1.102 1.077 1.051 1.026 1.0 0.974 0.949 0.923 0.898 0.872 0.847 0.821 0.797 0.772 0.748 0.723 0.699 0.675 0.65 0.626 0.601 0.577 0.552 0.528 0.491 0.454 0.417 0.38 0.352 0.328 0.304 0.281 0.262 0.251 0.24 0.229 0.218 0.207 0.196 0.185 0.174 0.163 0.152 0.141 0.131 0.125 0.119 0.113 0.107 0.101 0.095 0.088 0.082 0.076 0.07 0.064 0.058 0.054 0.051 0.048
3.482 3.459 3.437 3.414 3.391 3.398 3.441 3.483 3.526 3.569 3.612 3.653 3.675 3.698 3.72 3.743 3.765 3.787 3.81 3.832 3.855 3.877 3.693 3.506 3.318 3.131 2.943 2.756 2.628 2.513 2.398 2.282 2.167 2.052 1.937 1.822 1.706 1.591 1.511 1.462 1.413 1.364 1.315 1.267 1.243 1.238 1.233 1.228 1.223 1.218 1.213 1.208 1.203 1.198 1.192 1.184 1.176 1.167 1.159 1.15 1.142 1.134 1.125 1.117 1.108 1.104 1.109 1.115 1.12 1.126 1.131 1.133 1.132 1.131 1.13 1.129 1.125 1.1 1.074 1.049 1.023 0.998 0.972 0.947 0.921 0.896 0.87 0.845 0.82 0.796 0.771 0.747 0.722 0.698 0.673 0.649 0.624 0.6 0.576 0.54 0.504 0.467 0.43 0.393 0.365 0.341 0.317 0.294 0.27 0.254 0.243 0.232 0.221 0.21 0.199 0.188 0.177 0.166 0.155 0.144 0.134 0.128 0.122 0.116 0.11 0.104 0.097 0.091 0.085 0.079 0.073 0.067 0.062 0.059 0.056 0.053
3.552 3.529 3.506 3.484 3.461 3.469 3.512 3.554 3.597 3.64 3.682 3.725 3.762 3.785 3.807 3.83 3.852 3.875 3.897 3.919 3.942 3.964 3.777 3.589 3.402 3.214 3.027 2.839 2.654 2.539 2.423 2.308 2.193 2.078 1.963 1.847 1.732 1.617 1.538 1.489 1.44 1.391 1.342 1.293 1.245 1.23 1.225 1.22 1.215 1.21 1.205 1.2 1.195 1.19 1.184 1.176 1.167 1.159 1.151 1.142 1.134 1.126 1.117 1.109 1.102 1.107 1.113 1.119 1.124 1.13 1.135 1.137 1.136 1.135 1.134 1.133 1.131 1.123 1.098 1.072 1.047 1.021 0.995 0.97 0.944 0.919 0.893 0.868 0.843 0.819 0.795 0.77 0.746 0.721 0.697 0.672 0.648 0.623 0.59 0.553 0.516 0.479 0.442 0.405 0.377 0.354 0.33 0.306 0.283 0.259 0.246 0.235 0.224 0.213 0.202 0.191 0.18 0.169 0.158 0.147 0.137 0.131 0.125 0.119 0.113 0.106 0.1 0.094 0.088 0.082 0.076 0.071 0.068 0.065 0.062 0.059
3.622 3.599 3.576 3.554 3.531 3.54 3.583 3.625 3.668 3.711 3.753 3.796 3.839 3.872 3.894 3.917 3.939 3.962 3.984 4.006 4.029 4.048 3.861 3.673 3.485 3.298 3.11 2.923 2.735 2.564 2.449 2.334 2.219 2.104 1.989 1.873 1.758 1.643 1.565 1.516 1.467 1.418 1.369 1.32 1.272 1.223 1.217 1.212 1.207 1.202 1.197 1.192 1.187 1.182 1.176 1.168 1.159 1.151 1.143 1.134 1.126 1.118 1.109 1.101 1.106 1.111 1.117 1.122 1.128 1.134 1.139 1.141 1.14 1.138 1.137 1.136 1.135 1.134 1.121 1.095 1.07 1.044 1.019 0.993 0.968 0.942 0.917 0.891 0.867 0.842 0.818 0.793 0.769 0.744 0.72 0.696 0.671 0.64 0.603 0.566 0.529 0.492 0.455 0.418 0.39 0.367 0.343 0.319 0.296 0.272 0.249 0.238 0.227 0.216 0.205 0.194 0.183 0.172 0.161 0.15 0.14 0.134 0.128 0.121 0.115 0.109 0.103 0.097 0.091 0.085 0.079 0.076 0.073 0.07 0.067 0.064
3.691 3.669 3.646 3.624 3.601 3.611 3.653 3.696 3.739 3.781 3.824 3.867 3.91 3.952 3.981 4.004 4.026 4.049 4.071 4.094 4.116 4.132 3.944 3.757 3.569 3.382 3.194 3.007 2.819 2.631 2.475 2.36 2.245 2.13 2.014 1.899 1.784 1.669 1.592 1.543 1.494 1.445 1.396 1.347 1.299 1.25 1.209 1.204 1.199 1.194 1.189 1.184 1.179 1.174 1.168 1.16 1.151 1.143 1.135 1.126 1.118 1.109 1.101 1.104 1.11 1.115 1.121 1.126 1.132 1.137 1.143 1.144 1.143 1.142 1.141 1.14 1.139 1.138 1.137 1.119 1.093 1.068 1.042 1.017 0.991 0.965 0.94 0.915 0.89 0.866 0.841 0.817 0.792 0.768 0.743 0.719 0.689 0.652 0.615 0.578 0.542 0.505 0.468 0.431 0.403 0.38 0.356 0.332 0.309 0.285 0.261 0.24 0.229 0.218 0.207 0.196 0.185 0.174 0.163 0.152 0.143 0.137 0.13 0.124 0.118 0.112 0.106 0.1 0.094 0.088 0.085 0.082 0.079 0.076 0.073 0.07
3.761 3.739 3.716 3.693 3.671 3.682 3.724 3.767 3.81 3.852 3.895 3.938 3.98 4.023 4.066 4.091 4.113 4.136 4.158 4.181 4.203 4.215 4.028 3.84 3.653 3.465 3.278 3.09 2.903 2.715 2.528 2.386 2.271 2.156 2.04 1.925 1.81 1.695 1.619 1.57 1.521 1.472 1.423 1.374 1.326 1.277 1.228 1.196 1.191 1.186 1.181 1.176 1.171 1.166 1.16 1.152 1.143 1.135 1.127 1.118 1.11 1.101 1.102 1.108 1.113 1.119 1.125 1.13 1.136 1.141 1.147 1.148 1.147 1.146 1.145 1.144 1.143 1.142 1.141 1.14 1.116 1.091 1.065 1.04 1.014 0.989 0.963 0.938 0.913 0.889 0.864 0.84 0.816 0.791 0.767 0.739 0.702 0.665 0.628 0.591 0.554 0.517 0.48 0.443 0.416 0.392 0.369 0.345 0.321 0.298 0.274 0.25 0.232 0.221 0.21 0.199 0.188 0.177 0.166 0.155 0.145 0.139 0.133 0.127 0.121 0.115 0.109 0.103 0.097 0.093 0.09 0.087 0.084 0.081 0.078 0.075
3.831 3.808 3.786 3.763 3.741 3.752 3.795 3.838 3.881 3.923 3.966 4.009 4.051 4.094 4.137 4.178 4.2 4.223 4.245 4.268 4.29 4.299 4.112 3.924 3.737 3.549 3.361 3.174 2.986 2.799 2.611 2.424 2.297 2.181 2.066 1.951 1.836 1.721 1.646 1.597 1.548 1.499 1.45 1.401 1.353 1.304 1.255 1.206 1.183 1.178 1.173 1.168 1.163 1.158 1.152 1.144 1.135 1.127 1.119 1.11 1.102 1.101 1.106 1.112 1.117 1.123 1.128 1.134 1.14 1.145 1.151 1.152 1.151 1.15 1.149 1.148 1.147 1.145 1.144 1.143 1.14 1.114 1.089 1.063 1.038 1.012 0.986 0.961 0.937 0.912 0.888 0.863 0.839 0.814 0.788 0.751 0.715 0.678 0.641 0.604 0.567 0.53 0.493 0.456 0.429 0.405 0.382 0.358 0.334 0.311 0.287 0.263 0.24 0.224 0.213 0.202 0.191 0.18 0.169 0.158 0.148 0.142 0.136 0.13 0.124 0.118 0.112 0.106 0.102 0.099 0.096 0.093 0.09 0.087 0.084 0.081
3.901 3.878 3.856 3.833 3.81 3.823 3.866 3.909 3.951 3.994 4.037 4.079 4.122 4.165 4.208 4.25 4.287 4.31 4.332 4.355 4.377 4.383 4.195 4.008 3.82 3.633 3.445 3.258 3.07 2.883 2.695 2.507 2.322 2.207 2.092 1.977 1.862 1.747 1.672 1.624 1.575 1.526 1.477 1.428 1.379 1.331 1.282 1.233 1.184 1.17 1.165 1.16 1.155 1.15 1.144 1.136 1.127 1.119 1.11 1.102 1.099 1.104 1.11 1.116 1.121 1.127 1.132 1.138 1.144 1.149 1.155 1.156 1.155 1.154 1.152 1.151 1.15 1.149 1.148 1.147 1.146 1.138 1.112 1.086 1.061 1.035 1.01 0.985 0.96 0.936 0.911 0.887 0.862 0.838 0.801 0.764 0.727 0.69 0.653 0.616 0.58 0.543 0.506 0.469 0.442 0.418 0.395 0.371 0.347 0.324 0.3 0.276 0.253 0.229 0.216 0.205 0.194 0.183 0.172 0.161 0.151 0.145 0.139 0.133 0.127 0.121 0.115 0.11 0.107 0.104 0.101 0.098 0.095 0.092 0.089 0.086
3.971 3.948 3.925 3.903 3.88 3.894 3.937 3.98 4.022 4.065 4.108 4.15 4.193 4.236 4.278 4.321 4.364 4.397 4.419 4.442 4.464 4.467 4.279 4.091 3.904 3.716 3.529 3.341 3.154 2.966 2.779 2.591 2.404 2.233 2.118 2.003 1.888 1.772 1.699 1.651 1.602 1.553 1.504 1.455 1.406 1.358 1.309 1.26 1.211 1.162 1.157 1.152 1.147 1.142 1.136 1.128 1.119 1.111 1.102 1.097 1.103 1.108 1.114 1.119 1.125 1.131 1.136 1.142 1.147 1.153 1.159 1.159 1.158 1.157 1.156 1.155 1.154 1.153 1.152 1.151 1.15 1.149 1.135 1.11 1.084 1.059 1.033 1.008 0.983 0.959 0.934 0.91 0.886 0.851 0.814 0.777 0.74 0.703 0.666 0.629 0.592 0.555 0.518 0.481 0.455 0.431 0.407 0.384 0.36 0.336 0.313 0.289 0.265 0.242 0.219 0.208 0.197 0.186 0.175 0.164 0.154 0.148 0.142 0.136 0.13 0.124 0.119 0.116 0.113 0.11 0.107 0.104 0.101 0.098 0.095 0.091
4.041 4.018 3.995 3.973 3.95 3.965 4.008 4.05 4.093 4.136 4.179 4.221 4.264 4.307 4.349 4.392 4.435 4.477 4.506 4.529 4.551 4.55 4.363 4.175 3.988 3.8 3.613 3.425 3.237 3.05 2.862 2.675 2.487 2.3 2.144 2.029 1.913 1.798 1.726 1.678 1.629 1.58 1.531 1.482 1.433 1.385 1.336 1.287 1.238 1.189 1.149 1.144 1.139 1.134 1.128 1.12 1.111 1.103 1.095 1.101 1.107 1.112 1.118 1.123 1.129 1.135 1.14 1.146 1.151 1.157 1.162 1.163 1.162 1.161 1.16 1.159 1.158 1.157 1.156 1.155 1.154 1.153 1.151 1.133 1.107 1.082 1.056 1.031 1.007 0.982 0.958 0.933 0.9 0.863 0.826 0.789 0.753 0.716 0.679 0.642 0.605 0.568 0.531 0.494 0.468 0.444 0.42 0.397 0.373 0.349 0.326 0.302 0.278 0.255 0.231 0.21 0.199 0.188 0.177 0.166 0.157 0.151 0.145 0.139 0.133 0.127 0.124 0.121 0.118 0.115 0.112 0.109 0.106 0.103 0.1 0.097
4.11 4.088 4.065 4.043 4.02 4.036 4.079 4.121 4.164 4.207 4.249 4.292 4.335 4.377 4.42 4.463 4.506 4.548 4.591 4.616 4.638 4.634 4.446 4.259 4.071 3.884 3.696 3.509 3.321 3.134 2.946 2.758 2.571 2.383 2.196 2.055 1.939 1.824 1.753 1.705 1.656 1.607 1.558 1.509 1.46 1.412 1.363 1.314 1.265 1.216 1.167 1.136 1.131 1.126 1.12 1.112 1.103 1.095 1.099 1.105 1.11 1.116 1.122 1.127 1.133 1.138 1.144 1.15 1.155 1.161 1.166 1.167 1.166 1.165 1.164 1.163 1.162 1.161 1.159 1.158 1.157 1.156 1.155 1.154 1.131 1.105 1.08 1.054 1.03 1.006 0.981 0.95 0.913 0.876 0.839 0.802 0.765 0.728 0.691 0.654 0.617 0.581 0.544 0.507 0.481 0.457 0.433 0.41 0.386 0.362 0.339 0.315 0.291 0.268 0.244 0.22 0.202 0.191 0.18 0.169 0.16 0.154 0.148 0.142 0.136 0.133 0.13 0.127 0.124 0.121 0.118 0.115 0.112 0.109 0.105 0.102
4.18 4.158 4.135 4.112 4.09 4.107 4.149 4.192 4.235 4.278 4.32 4.363 4.406 4.448 4.491 4.534 4.576 4.619 4.662 4.703 4.725 4.718 4.53 4.342 4.155 3.967 3.78 3.592 3.405 3.217 3.03 2.842 2.655 2.467 2.28 2.092 1.965 1.85 1.78 1.731 1.683 1.634 1.585 1.536 1.487 1.438 1.39 1.341 1.292 1.243 1.194 1.145 1.123 1.118 1.112 1.103 1.095 1.098 1.103 1.109 1.114 1.12 1.126 1.131 1.137 1.142 1.148 1.153 1.159 1.165 1.17 1.171 1.17 1.169 1.168 1.166 1.165 1.164 1.163 1.162 1.161 1.16 1.159 1.158 1.154 1.129 1.103 1.078 1.053 1.029 0.999 0.963 0.926 0.889 0.852 0.815 0.778 0.741 0.704 0.667 0.63 0.593 0.556 0.519 0.493 0.47 0.446 0.422 0.399 0.375 0.351 0.328 0.304 0.28 0.257 0.233 0.209 0.194 0.183 0.172 0.163 0.157 0.15 0.144 0.141 0.138 0.135 0.132 0.129 0.126 0.123 0.12 0.117 0.114 0.111 0.108
4.25 4.227 4.205 4.182 4.16 4.178 4.22 4.263 4.306 4.348 4.391 4.434 4.477 4.519 4.562 4.605 4.647 4.69 4.733 4.775 4.812 4.801 4.614 4.426 4.239 4.051 3.864 3.676 3.488 3.301 3.113 2.926 2.738 2.551 2.363 2.176 1.991 1.876 1.807 1.758 1.71 1.661 1.612 1.563 1.514 1.465 1.417 1.368 1.319 1.27 1.221 1.172 1.124 1.11 1.104 1.095 1.096 1.101 1.107 1.113 1.118 1.124 1.129 1.135 1.141 1.146 1.152 1.157 1.163 1.169 1.174 1.175 1.173 1.172 1.171 1.17 1.169 1.168 1.167 1.166 1.165 1.164 1.163 1.162 1.161 1.152 1.126 1.101 1.077 1.049 1.012 0.975 0.938 0.901 0.864 0.827 0.791 0.754 0.717 0.68 0.643 0.606 0.569 0.532 0.506 0.483 0.459 0.435 0.412 0.388 0.364 0.341 0.317 0.293 0.27 0.246 0.222 0.199 0.186 0.175 0.166 0.159 0.153 0.15 0.147 0.144 0.141 0.138 0.135 0.132 0.129 0.126 0.123 0.119 0.116 0.113
4.32 4.297 4.275 4.252 4.229 4.249 4.291 4.334 4.377 4.419 4.462 4.505 4.547 4.59 4.633 4.675 4.718 4.761 4.804 4.846 4.889 4.885 4.697 4.51 4.322 4.135 3.947 3.76 3.572 3.385 3.197 3.01 2.822 2.634 2.447 2.259 2.072 1.902 1.834 1.785 1.737 1.688 1.639 1.59 1.541 1.492 1.444 1.395 1.346 1.297 1.248 1.199 1.151 1.102 1.096 1.094 1.1 1.105 1.111 1.117 1.122 1.128 1.133 1.139 1.144 1.15 1.156 1.161 1.167 1.172 1.178 1.178 1.177 1.176 1.175 1.174 1.173 1.172 1.171 1.17 1.169 1.168 1.167 1.165 1.164 1.163 1.15 1.124 1.099 1.062 1.025 0.988 0.951 0.914 0.877 0.84 0.803 0.766 0.729 0.692 0.655 0.619 0.582 0.545 0.519 0.496 0.472 0.448 0.425 0.401 0.377 0.354 0.33 0.306 0.283 0.259 0.235 0.212 0.188 0.177 0.168 0.162 0.158 0.155 0.152 0.149 0.146 0.143 0.14 0.137 0.134 0.131 0.128 0.125 0.122 0.119
4.314 4.292 4.271 4.25 4.228 4.242 4.285 4.329 4.374 4.418 4.462 4.506 4.55 4.594 4.638 4.682 4.727 4.771 4.815 4.859 4.903 4.903 4.717 4.531 4.346 4.16 3.974 3.788 3.602 3.416 3.231 3.045 2.859 2.673 2.487 2.301 2.116 1.932 1.862 1.814 1.765 1.716 1.667 1.618 1.569 1.52 1.471 1.422 1.373 1.325 1.276 1.227 1.178 1.129 1.095 1.1 1.105 1.11 1.115 1.12 1.126 1.132 1.137 1.143 1.148 1.154 1.16 1.165 1.171 1.176 1.182 1.182 1.181 1.18 1.179 1.178 1.177 1.176 1.175 1.173 1.172 1.171 1.17 1.169 1.168 1.167 1.166 1.148 1.111 1.074 1.037 1.001 0.964 0.927 0.89 0.853 0.816 0.779 0.742 0.705 0.668 0.631 0.594 0.557 0.532 0.508 0.485 0.461 0.437 0.414 0.39 0.366 0.343 0.319 0.295 0.272 0.248 0.224 0.201 0.18 0.171 0.167 0.164 0.161 0.158 0.155 0.152 0.149 0.146 0.143 0.14 0.136 0.133 0.13 0.127 0.124
4.304 4.282 4.261 4.24 4.218 4.233 4.266 4.31 4.355 4.399 4.443 4.487 4.531 4.575 4.619 4.663 4.708 4.752 4.796 4.84 4.884 4.88 4.695 4.509 4.323 4.137 3.951 3.765 3.58 3.394 3.208 3.022 2.836 2.651 2.465 2.279 2.093 1.973 1.898 1.844 1.795 1.746 1.697 1.648 1.6 1.551 1.502 1.453 1.404 1.355 1.306 1.257 1.208 1.16 1.126 1.131 1.136 1.142 1.147 1.152 1.157 1.162 1.167 1.172 1.177 1.183 1.188 1.193 1.198 1.203 1.198 1.195 1.193 1.192 1.191 1.19 1.188 1.187 1.186 1.185 1.183 1.182 1.181 1.18 1.178 1.177 1.176 1.16 1.123 1.086 1.049 1.012 0.975 0.939 0.902 0.865 0.828 0.791 0.754 0.717 0.68 0.643 0.606 0.57 0.545 0.521 0.497 0.474 0.45 0.426 0.403 0.379 0.355 0.332 0.308 0.285 0.261 0.237 0.214 0.19 0.175 0.172 0.169 0.166 0.163 0.16 0.157 0.154 0.151 0.148 0.145 0.142 0.139 0.136 0.133 0.13
4.294 4.272 4.251 4.23 4.208 4.223 4.255 4.292 4.336 4.38 4.424 4.468 4.512 4.556 4.6 4.645 4.689 4.733 4.777 4.821 4.865 4.858 4.672 4.486 4.3 4.115 3.929 3.743 3.557 3.371 3.185 3.0 2.814 2.628 2.442 2.256 2.125 2.014 1.94 1.877 1.826 1.777 1.728 1.679 1.63 1.581 1.532 1.483 1.434 1.386 1.337 1.288 1.239 1.19 1.158 1.163 1.168 1.173 1.178 1.183 1.188 1.193 1.199 1.204 1.209 1.214 1.219 1.224 1.229 1.227 1.213 1.209 1.208 1.207 1.206 1.204 1.203 1.202 1.201 1.199 1.198 1.197 1.196 1.194 1.193 1.192 1.191 1.175 1.134 1.097 1.06 1.023 0.986 0.949 0.913 0.876 0.839 0.802 0.765 0.728 0.691 0.654 0.617 0.58 0.556 0.532 0.508 0.485 0.461 0.437 0.414 0.39 0.367 0.343 0.319 0.296 0.272 0.248 0.225 0.201 0.178 0.169 0.166 0.164 0.161 0.158 0.155 0.152 0.149 0.146 0.143 0.14 0.138 0.135 0.132 0.129
4.284 4.262 4.241 4.22 4.198 4.214 4.246 4.278 4.317 4.361 4.405 4.449 4.493 4.537 4.582 4.626 4.67 4.714 4.758 4.802 4.846 4.835 4.649 4.464 4.278 4.092 3.906 3.72 3.534 3.349 3.163 2.977 2.791 2.605 2.419 2.278 2.166 2.055 1.981 1.918 1.856 1.807 1.758 1.709 1.661 1.612 1.563 1.514 1.465 1.416 1.367 1.318 1.269 1.221 1.189 1.194 1.199 1.204 1.209 1.215 1.22 1.225 1.23 1.235 1.24 1.245 1.25 1.256 1.257 1.242 1.227 1.224 1.223 1.221 1.22 1.219 1.218 1.216 1.215 1.214 1.213 1.211 1.21 1.209 1.208 1.207 1.206 1.189 1.148 1.108 1.071 1.034 0.997 0.96 0.923 0.887 0.85 0.813 0.776 0.739 0.702 0.665 0.628 0.591 0.567 0.543 0.52 0.496 0.472 0.449 0.425 0.401 0.378 0.354 0.33 0.307 0.283 0.26 0.236 0.21 0.187 0.168 0.163 0.16 0.157 0.154 0.151 0.149 0.146 0.143 0.14 0.137 0.134 0.131 0.128 0.125
4.273 4.252 4.231 4.209 4.188 4.205 4.237 4.269 4.301 4.342 4.386 4.43 4.474 4.518 4.563 4.607 4.651 4.695 4.739 4.783 4.827 4.813 4.627 4.441 4.255 4.069 3.883 3.698 3.512 3.326 3.14 2.954 2.769 2.583 2.43 2.319 2.207 2.096 2.023 1.96 1.897 1.838 1.789 1.74 1.691 1.642 1.593 1.544 1.495 1.447 1.398 1.349 1.3 1.251 1.22 1.225 1.231 1.236 1.241 1.246 1.251 1.256 1.261 1.266 1.272 1.277 1.282 1.286 1.271 1.256 1.242 1.239 1.237 1.236 1.235 1.234 1.232 1.231 1.23 1.229 1.227 1.226 1.225 1.224 1.223 1.222 1.221 1.203 1.162 1.121 1.082 1.045 1.008 0.971 0.934 0.897 0.861 0.824 0.787 0.75 0.713 0.676 0.639 0.602 0.578 0.554 0.531 0.507 0.483 0.46 0.436 0.412 0.389 0.365 0.342 0.318 0.294 0.271 0.245 0.219 0.197 0.178 0.16 0.157 0.154 0.151 0.148 0.145 0.142 0.139 0.136 0.133 0.131 0.128 0.125 0.122
4.263 4.242 4.221 4.199 4.178 4.196 4.228 4.26 4.292 4.324 4.367 4.411 4.455 4.5 4.544 4.588 4.632 4.676 4.72 4.764 4.808 4.79 4.604 4.418 4.233 4.047 3.861 3.675 3.489 3.303 3.118 2.932 2.746 2.582 2.471 2.36 2.248 2.137 2.065 2.002 1.939 1.876 1.819 1.77 1.722 1.673 1.624 1.575 1.526 1.477 1.428 1.379 1.33 1.282 1.252 1.257 1.262 1.267 1.272 1.277 1.282 1.288 1.293 1.298 1.303 1.308 1.313 1.3 1.285 1.271 1.256 1.253 1.252 1.251 1.25 1.248 1.247 1.246 1.245 1.243 1.242 1.241 1.24 1.238 1.238 1.237 1.236 1.218 1.177 1.135 1.094 1.056 1.019 0.982 0.945 0.908 0.871 0.835 0.798 0.761 0.724 0.687 0.65 0.613 0.589 0.565 0.542 0.518 0.495 0.471 0.447 0.424 0.4 0.376 0.353 0.329 0.305 0.28 0.254 0.229 0.206 0.187 0.168 0.153 0.15 0.147 0.144 0.142 0.139 0.136 0.133 0.13 0.127 0.124 0.121 0.118
4.253 4.232 4.211 4.189 4.168 4.187 4.219 4.251 4.283 4.315 4.348 4.392 4.436 4.481 4.525 4.569 4.613 4.657 4.701 4.745 4.789 4.767 4.582 4.396 4.21 4.024 3.838 3.652 3.467 3.281 3.095 2.909 2.734 2.623 2.512 2.401 2.289 2.178 2.107 2.044 1.981 1.918 1.855 1.801 1.752 1.703 1.654 1.605 1.556 1.508 1.459 1.41 1.361 1.312 1.283 1.288 1.293 1.298 1.304 1.309 1.314 1.319 1.324 1.329 1.334 1.339 1.329 1.315 1.3 1.285 1.271 1.268 1.267 1.266 1.264 1.263 1.262 1.261 1.259 1.258 1.257 1.256 1.254 1.254 1.253 1.252 1.251 1.232 1.191 1.15 1.108 1.067 1.03 0.993 0.956 0.919 0.882 0.845 0.809 0.772 0.735 0.698 0.661 0.624 0.6 0.577 0.553 0.529 0.506 0.482 0.458 0.435 0.411 0.387 0.364 0.34 0.315 0.289 0.264 0.238 0.216 0.197 0.178 0.158 0.147 0.144 0.141 0.138 0.135 0.132 0.129 0.127 0.124 0.121 0.118 0.115
4.243 4.222 4.201 4.179 4.158 4.177 4.209 4.241 4.273 4.305 4.337 4.373 4.418 4.462 4.506 4.55 4.594 4.638 4.682 4.726 4.771 4.745 4.559 4.373 4.187 4.001 3.816 3.63 3.444 3.258 3.072 2.887 2.775 2.664 2.553 2.442 2.33 2.219 2.149 2.086 2.023 1.96 1.897 1.833 1.783 1.734 1.685 1.636 1.587 1.538 1.489 1.44 1.391 1.343 1.314 1.32 1.325 1.33 1.335 1.34 1.345 1.35 1.355 1.361 1.366 1.358 1.344 1.329 1.314 1.3 1.285 1.283 1.282 1.28 1.279 1.278 1.277 1.275 1.274 1.273 1.271 1.27 1.269 1.269 1.268 1.267 1.266 1.247 1.205 1.164 1.123 1.082 1.041 1.004 0.967 0.93 0.893 0.856 0.819 0.783 0.746 0.709 0.672 0.635 0.611 0.588 0.564 0.54 0.517 0.493 0.469 0.446 0.422 0.399 0.375 0.35 0.325 0.299 0.273 0.248 0.225 0.206 0.187 0.168 0.149 0.14 0.138 0.135 0.132 0.129 0.126 0.123 0.12 0.117 0.114 0.112
4.233 4.212 4.191 4.169 4.148 4.168 4.2 4.232 4.264 4.296 4.328 4.36 4.399 4.443 4.487 4.531 4.575 4.619 4.663 4.708 4.752 4.722 4.536 4.351 4.165 3.979 3.793 3.607 3.421 3.236 3.05 2.927 2.816 2.705 2.594 2.483 2.371 2.26 2.19 2.127 2.064 2.001 1.938 1.875 1.813 1.764 1.715 1.666 1.617 1.569 1.52 1.471 1.422 1.373 1.346 1.351 1.356 1.361 1.366 1.371 1.377 1.382 1.387 1.392 1.388 1.373 1.358 1.344 1.329 1.314 1.3 1.297 1.296 1.295 1.294 1.292 1.291 1.29 1.289 1.287 1.286 1.285 1.284 1.284 1.283 1.282 1.281 1.261 1.22 1.179 1.137 1.096 1.055 1.015 0.978 0.941 0.904 0.867 0.83 0.793 0.757 0.72 0.683 0.646 0.622 0.599 0.575 0.552 0.528 0.504 0.481 0.457 0.433 0.41 0.385 0.36 0.334 0.308 0.283 0.257 0.235 0.216 0.197 0.177 0.158 0.139 0.134 0.131 0.128 0.125 0.123 0.12 0.117 0.114 0.111 0.108
4.223 4.202 4.18 4.159 4.138 4.159 4.191 4.223 4.255 4.287 4.319 4.351 4.383 4.424 4.468 4.512 4.556 4.6 4.644 4.689 4.733 4.7 4.514 4.328 4.142 3.956 3.77 3.585 3.399 3.213 3.08 2.968 2.857 2.746 2.635 2.524 2.412 2.301 2.232 2.169 2.106 2.043 1.98 1.917 1.854 1.795 1.746 1.697 1.648 1.599 1.55 1.501 1.452 1.404 1.377 1.382 1.387 1.393 1.398 1.403 1.408 1.413 1.418 1.417 1.402 1.387 1.373 1.358 1.343 1.329 1.314 1.312 1.311 1.31 1.308 1.307 1.306 1.305 1.303 1.302 1.301 1.3 1.3 1.299 1.298 1.297 1.296 1.276 1.234 1.193 1.152 1.11 1.069 1.028 0.989 0.952 0.915 0.878 0.841 0.804 0.767 0.731 0.694 0.657 0.634 0.61 0.586 0.563 0.539 0.515 0.492 0.468 0.444 0.42 0.395 0.369 0.343 0.318 0.292 0.266 0.244 0.225 0.206 0.187 0.168 0.149 0.131 0.128 0.125 0.122 0.119 0.116 0.113 0.11 0.108 0.105
4.213 4.192 4.17 4.149 4.128 4.15 4.182 4.214 4.246 4.278 4.31 4.342 4.374 4.406 4.449 4.493 4.537 4.581 4.626 4.67 4.714 4.677 4.491 4.305 4.119 3.934 3.748 3.562 3.376 3.232 3.121 3.009 2.898 2.787 2.676 2.565 2.453 2.342 2.274 2.211 2.148 2.085 2.022 1.959 1.896 1.833 1.776 1.727 1.678 1.63 1.581 1.532 1.483 1.434 1.409 1.414 1.419 1.424 1.429 1.434 1.439 1.444 1.446 1.431 1.417 1.402 1.387 1.372 1.358 1.343 1.328 1.327 1.326 1.324 1.323 1.322 1.321 1.319 1.318 1.317 1.316 1.315 1.315 1.314 1.313 1.312 1.311 1.29 1.249 1.207 1.166 1.125 1.083 1.042 1.001 0.963 0.926 0.889 0.852 0.815 0.778 0.741 0.705 0.668 0.645 0.621 0.597 0.574 0.55 0.527 0.503 0.479 0.455 0.43 0.404 0.378 0.353 0.327 0.301 0.276 0.254 0.235 0.216 0.196 0.177 0.158 0.139 0.124 0.121 0.119 0.116 0.113 0.11 0.107 0.104 0.101
4.203 4.182 4.16 4.139 4.118 4.14 4.172 4.204 4.236 4.268 4.3 4.332 4.364 4.396 4.43 4.474 4.518 4.562 4.607 4.651 4.695 4.654 4.469 4.283 4.097 3.911 3.725 3.539 3.384 3.273 3.162 3.05 2.939 2.828 2.717 2.606 2.494 2.383 2.316 2.253 2.19 2.127 2.064 2.001 1.938 1.875 1.812 1.758 1.709 1.66 1.611 1.562 1.513 1.464 1.44 1.445 1.45 1.455 1.46 1.466 1.471 1.475 1.46 1.446 1.431 1.416 1.402 1.387 1.372 1.358 1.343 1.342 1.34 1.339 1.338 1.337 1.335 1.334 1.333 1.332 1.331 1.331 1.33 1.329 1.328 1.327 1.327 1.304 1.263 1.222 1.18 1.139 1.098 1.057 1.015 0.974 0.937 0.9 0.863 0.826 0.789 0.752 0.715 0.679 0.656 0.632 0.609 0.585 0.561 0.538 0.514 0.49 0.465 0.439 0.413 0.388 0.362 0.336 0.311 0.285 0.263 0.244 0.225 0.206 0.187 0.168 0.148 0.129 0.118 0.115 0.112 0.109 0.106 0.104 0.101 0.098
4.193 4.172 4.15 4.129 4.108 4.131 4.163 4.195 4.227 4.259 4.291 4.323 4.355 4.387 4.419 4.455 4.499 4.544 4.588 4.632 4.676 4.632 4.446 4.26 4.074 3.888 3.703 3.536 3.425 3.314 3.203 3.091 2.98 2.869 2.758 2.647 2.535 2.424 2.358 2.295 2.232 2.168 2.105 2.042 1.979 1.916 1.853 1.79 1.739 1.691 1.642 1.593 1.544 1.495 1.471 1.476 1.482 1.487 1.492 1.497 1.502 1.489 1.475 1.46 1.445 1.431 1.416 1.401 1.387 1.372 1.358 1.356 1.355 1.354 1.352 1.351 1.35 1.349 1.348 1.347 1.346 1.346 1.345 1.344 1.343 1.342 1.342 1.319 1.277 1.236 1.195 1.154 1.112 1.071 1.03 0.988 0.948 0.911 0.874 0.837 0.8 0.763 0.726 0.691 0.667 0.643 0.62 0.596 0.572 0.549 0.525 0.5 0.474 0.448 0.423 0.397 0.371 0.346 0.32 0.294 0.273 0.254 0.235 0.215 0.196 0.177 0.158 0.139 0.12 0.112 0.109 0.106 0.103 0.1 0.097 0.094
4.183 4.161 4.14 4.119 4.097 4.122 4.154 4.186 4.218 4.25 4.282 4.314 4.346 4.378 4.41 4.442 4.481 4.525 4.569 4.613 4.657 4.609 4.423 4.237 4.052 3.866 3.689 3.577 3.466 3.355 3.244 3.132 3.021 2.91 2.799 2.688 2.576 2.465 2.399 2.336 2.273 2.21 2.147 2.084 2.021 1.958 1.895 1.832 1.77 1.721 1.672 1.623 1.574 1.525 1.503 1.508 1.513 1.518 1.523 1.528 1.519 1.504 1.489 1.475 1.46 1.445 1.431 1.416 1.401 1.387 1.372 1.371 1.37 1.368 1.367 1.366 1.365 1.364 1.363 1.362 1.361 1.361 1.36 1.359 1.358 1.357 1.357 1.333 1.292 1.251 1.209 1.168 1.127 1.085 1.044 1.003 0.962 0.922 0.885 0.848 0.811 0.774 0.737 0.702 0.678 0.654 0.631 0.607 0.584 0.56 0.535 0.509 0.484 0.458 0.432 0.407 0.381 0.355 0.33 0.304 0.282 0.263 0.244 0.225 0.206 0.187 0.167 0.148 0.129 0.11 0.105 0.102 0.099 0.097 0.094 0.091
4.174 4.151 4.13 4.109 4.087 4.113 4.145 4.177 4.209 4.241 4.273 4.305 4.337 4.369 4.401 4.433 4.465 4.506 4.55 4.594 4.638 4.587 4.401 4.215 4.029 3.843 3.73 3.618 3.507 3.396 3.285 3.174 3.062 2.951 2.84 2.729 2.617 2.506 2.441 2.378 2.315 2.252 2.189 2.126 2.063 2.0 1.937 1.874 1.811 1.752 1.703 1.654 1.605 1.556 1.534 1.539 1.544 1.549 1.555 1.548 1.533 1.518 1.504 1.489 1.474 1.46 1.445 1.43 1.416 1.401 1.387 1.386 1.384 1.383 1.382 1.381 1.38 1.379 1.378 1.377 1.377 1.376 1.375 1.374 1.373 1.373 1.372 1.348 1.306 1.265 1.224 1.182 1.141 1.1 1.059 1.017 0.976 0.935 0.896 0.859 0.822 0.785 0.748 0.713 0.689 0.666 0.642 0.618 0.595 0.57 0.544 0.519 0.493 0.467 0.442 0.416 0.39 0.365 0.339 0.313 0.292 0.273 0.254 0.234 0.215 0.196 0.177 0.158 0.139 0.12 0.102 0.099 0.096 0.093 0.09 0.087
4.39 4.141 4.12 4.099 4.077 4.104 4.135 4.167 4.199 4.231 4.263 4.295 4.327 4.359 4.391 4.423 4.455 4.487 4.531 4.575 4.619 4.564 4.378 4.192 4.006 3.882 3.771 3.659 3.548 3.437 3.326 3.215 3.103 2.992 2.881 2.77 2.658 2.547 2.483 2.42 2.357 2.294 2.231 2.168 2.105 2.042 1.979 1.916 1.853 1.79 1.733 1.684 1.635 1.586 1.565 1.571 1.576 1.581 1.577 1.562 1.548 1.533 1.518 1.504 1.489 1.474 1.46 1.445 1.43 1.416 1.402 1.4 1.399 1.398 1.397 1.396 1.395 1.394 1.393 1.392 1.392 1.391 1.39 1.389 1.388 1.388 1.387 1.362 1.321 1.279 1.238 1.197 1.155 1.114 1.073 1.032 0.99 0.949 0.908 0.87 0.833 0.796 0.759 0.724 0.7 0.677 0.653 0.629 0.605 0.579 0.554 0.528 0.502 0.477 0.451 0.425 0.4 0.374 0.348 0.323 0.301 0.282 0.263 0.244 0.225 0.206 0.186 0.167 0.148 0.129 0.11 0.095 0.093 0.09 0.087 0.084
4.606 4.302 4.11 4.089 4.067 4.094 4.126 4.158 4.19 4.222 4.254 4.286 4.318 4.35 4.382 4.414 4.446 4.478 4.512 4.556 4.6 4.541 4.356 4.17 4.034 3.923 3.812 3.7 3.589 3.478 3.367 3.256 3.144 3.033 2.922 2.811 2.699 2.588 2.525 2.462 2.399 2.336 2.273 2.21 2.147 2.084 2.02 1.957 1.894 1.831 1.768 1.715 1.666 1.617 1.597 1.602 1.607 1.606 1.591 1.577 1.562 1.547 1.533 1.518 1.503 1.489 1.474 1.459 1.445 1.43 1.416 1.415 1.414 1.413 1.412 1.411 1.41 1.409 1.408 1.408 1.407 1.406 1.405 1.404 1.404 1.403 1.402 1.376 1.335 1.294 1.252 1.211 1.17 1.129 1.087 1.046 1.005 0.963 0.922 0.881 0.844 0.807 0.77 0.735 0.711 0.688 0.664 0.64 0.614 0.589 0.563 0.537 0.512 0.486 0.46 0.435 0.409 0.383 0.358 0.332 0.311 0.292 0.273 0.253 0.234 0.215 0.196 0.177 0.158 0.139 0.119 0.1 0.089 0.086 0.083 0.08
4.821 4.517 4.214 4.078 4.057 4.085 4.117 4.149 4.181 4.213 4.245 4.277 4.309 4.341 4.373 4.405 4.437 4.469 4.501 4.537 4.581 4.519 4.333 4.186 4.075 3.964 3.853 3.741 3.63 3.519 3.408 3.297 3.185 3.074 2.963 2.852 2.74 2.63 2.567 2.503 2.44 2.377 2.314 2.251 2.188 2.125 2.062 1.999 1.936 1.873 1.81 1.747 1.696 1.647 1.628 1.633 1.635 1.621 1.606 1.591 1.577 1.562 1.547 1.533 1.518 1.503 1.488 1.474 1.459 1.444 1.431 1.43 1.428 1.427 1.427 1.426 1.425 1.424 1.423 1.423 1.422 1.421 1.42 1.419 1.419 1.418 1.417 1.391 1.349 1.308 1.267 1.226 1.184 1.143 1.102 1.06 1.019 0.978 0.937 0.895 0.855 0.818 0.781 0.746 0.723 0.699 0.675 0.649 0.624 0.598 0.572 0.547 0.521 0.495 0.47 0.444 0.418 0.393 0.367 0.341 0.32 0.301 0.282 0.263 0.244 0.225 0.206 0.186 0.167 0.148 0.129 0.11 0.091 0.083 0.08 0.077
5.037 4.733 4.429 4.126 4.047 4.076 4.108 4.14 4.172 4.204 4.236 4.268 4.3 4.332 4.364 4.396 4.428 4.46 4.492 4.524 4.562 4.496 4.339 4.227 4.116 4.005 3.894 3.782 3.671 3.56 3.449 3.338 3.226 3.115 3.004 2.893 2.781 2.671 2.608 2.545 2.482 2.419 2.356 2.293 2.23 2.167 2.104 2.041 1.978 1.915 1.852 1.789 1.727 1.678 1.66 1.664 1.65 1.635 1.62 1.606 1.591 1.576 1.562 1.547 1.532 1.518 1.503 1.488 1.474 1.459 1.446 1.444 1.443 1.443 1.442 1.441 1.44 1.439 1.439 1.438 1.437 1.436 1.435 1.434 1.434 1.433 1.432 1.405 1.364 1.323 1.281 1.24 1.199 1.157 1.116 1.075 1.034 0.992 0.951 0.91 0.868 0.829 0.792 0.757 0.734 0.71 0.685 0.659 0.633 0.608 0.582 0.556 0.531 0.505 0.479 0.454 0.428 0.402 0.377 0.351 0.33 0.311 0.292 0.272 0.253 0.234 0.215 0.196 0.177 0.158 0.138 0.119 0.1 0.081 0.076 0.074
5.251 4.949 4.645 4.341 4.038 4.067 4.099 4.131 4.163 4.195 4.227 4.259 4.291 4.323 4.355 4.387 4.418 4.45 4.482 4.514 4.546 4.491 4.38 4.268 4.157 4.046 3.935 3.823 3.712 3.601 3.49 3.379 3.267 3.156 3.045 2.934 2.822 2.713 2.65 2.587 2.524 2.461 2.398 2.335 2.272 2.209 2.146 2.083 2.02 1.957 1.894 1.831 1.768 1.708 1.691 1.679 1.664 1.65 1.635 1.62 1.605 1.591 1.576 1.561 1.547 1.532 1.517 1.503 1.488 1.473 1.46 1.459 1.458 1.458 1.457 1.456 1.455 1.454 1.454 1.453 1.452 1.451 1.45 1.45 1.449 1.448 1.447 1.42 1.378 1.337 1.296 1.254 1.213 1.172 1.131 1.089 1.048 1.007 0.965 0.924 0.883 0.842 0.803 0.769 0.745 0.72 0.694 0.668 0.643 0.617 0.591 0.566 0.54 0.514 0.489 0.463 0.437 0.412 0.386 0.36 0.339 0.32 0.301 0.282 0.263 0.244 0.225 0.205 0.186 0.167 0.148 0.129 0.11 0.09 0.073 0.07
5.287 4.986 4.685 4.384 4.413 4.441 4.467 4.492 4.517 4.543 4.568 4.594 4.619 4.645 4.67 4.695 4.721 4.746 4.772 4.797 4.802 4.552 4.433 4.321 4.21 4.098 3.987 3.875 3.764 3.652 3.541 3.429 3.318 3.206 3.095 2.983 2.872 2.77 2.74 2.675 2.61 2.545 2.48 2.415 2.35 2.285 2.22 2.155 2.09 2.025 1.96 1.895 1.83 1.765 1.729 1.712 1.695 1.678 1.661 1.643 1.626 1.609 1.592 1.576 1.561 1.547 1.532 1.517 1.503 1.488 1.475 1.474 1.473 1.473 1.472 1.471 1.47 1.469 1.469 1.468 1.467 1.466 1.465 1.465 1.464 1.463 1.462 1.434 1.393 1.351 1.31 1.269 1.228 1.186 1.145 1.104 1.062 1.021 0.98 0.939 0.897 0.856 0.815 0.78 0.755 0.729 0.703 0.678 0.652 0.626 0.601 0.575 0.549 0.524 0.498 0.472 0.447 0.421 0.395 0.37 0.349 0.33 0.311 0.291 0.272 0.253 0.234 0.215 0.196 0.177 0.157 0.138 0.119 0.1 0.081 0.067
5.323 5.022 4.722 4.686 4.817 4.844 4.869 4.895 4.92 4.946 4.971 4.997 5.022 5.047 5.073 5.098 5.124 5.149 5.175 5.2 4.996 4.745 4.493 4.381 4.27 4.158 4.047 3.935 3.824 3.712 3.6 3.489 3.377 3.266 3.154 3.043 2.931 2.832 2.891 2.837 2.772 2.707 2.642 2.577 2.512 2.447 2.382 2.317 2.252 2.187 2.122 2.057 1.992 1.927 1.891 1.874 1.857 1.84 1.823 1.806 1.789 1.772 1.754 1.737 1.72 1.703 1.686 1.669 1.652 1.635 1.621 1.588 1.585 1.583 1.58 1.577 1.575 1.572 1.569 1.566 1.564 1.561 1.558 1.556 1.553 1.55 1.548 1.517 1.473 1.43 1.387 1.344 1.301 1.257 1.214 1.171 1.128 1.084 1.041 0.998 0.955 0.912 0.868 0.801 0.773 0.747 0.72 0.694 0.668 0.642 0.616 0.59 0.564 0.537 0.511 0.485 0.459 0.433 0.407 0.381 0.359 0.34 0.32 0.301 0.282 0.263 0.244 0.224 0.205 0.186 0.167 0.148 0.129 0.109 0.09 0.071
5.36 5.059 4.96 5.091 5.221 5.247 5.272 5.298 5.323 5.348 5.374 5.399 5.425 5.45 5.476 5.501 5.526 5.552 5.577 5.409 5.19 4.938 4.66 4.441 4.329 4.218 4.106 3.995 3.883 3.772 3.66 3.549 3.437 3.326 3.214 3.103 2.991 2.895 2.954 2.998 2.933 2.868 2.803 2.738 2.673 2.608 2.543 2.478 2.413 2.348 2.283 2.218 2.153 2.088 2.054 2.037 2.019 2.002 1.985 1.968 1.951 1.934 1.917 1.9 1.883 1.865 1.848 1.831 1.814 1.807 1.794 1.737 1.715 1.713 1.71 1.707 1.704 1.702 1.699 1.696 1.694 1.691 1.688 1.685 1.683 1.68 1.677 1.646 1.602 1.559 1.516 1.473 1.43 1.386 1.343 1.3 1.257 1.214 1.17 1.127 1.084 1.041 0.98 0.89 0.81 0.784 0.758 0.732 0.706 0.68 0.654 0.627 0.601 0.575 0.549 0.523 0.497 0.47 0.444 0.418 0.397 0.378 0.358 0.338 0.319 0.299 0.279 0.26 0.24 0.22 0.201 0.181 0.162 0.142 0.122 0.103
5.396 5.233 5.364 5.495 5.624 5.649 5.675 5.7 5.726 5.751 5.777 5.802 5.827 5.853 5.878 5.904 5.929 5.955 5.823 5.603 5.383 5.131 4.853 4.574 4.389 4.278 4.166 4.055 3.943 3.831 3.72 3.608 3.497 3.385 3.274 3.162 3.051 2.957 3.016 3.075 3.095 3.03 2.965 2.9 2.835 2.77 2.705 2.64 2.575 2.51 2.445 2.38 2.315 2.25 2.216 2.199 2.182 2.165 2.147 2.13 2.113 2.096 2.079 2.062 2.045 2.028 2.011 1.994 1.985 1.981 1.967 1.911 1.854 1.842 1.84 1.837 1.834 1.831 1.829 1.826 1.823 1.821 1.818 1.815 1.813 1.81 1.807 1.775 1.732 1.688 1.645 1.602 1.559 1.516 1.472 1.429 1.386 1.343 1.299 1.256 1.213 1.159 1.069 0.978 0.888 0.822 0.796 0.77 0.743 0.717 0.691 0.665 0.639 0.613 0.587 0.56 0.534 0.508 0.482 0.456 0.435 0.415 0.396 0.376 0.356 0.337 0.317 0.297 0.278 0.258 0.239 0.219 0.199 0.18 0.16 0.111
5.507 5.637 5.768 5.899 6.027 6.052 6.078 6.103 6.129 6.154 6.179 6.205 6.23 6.256 6.281 6.307 6.332 6.236 6.017 5.797 5.577 5.324 5.046 4.767 4.489 4.337 4.226 4.114 4.003 3.891 3.78 3.668 3.557 3.445 3.334 3.222 3.11 3.02 3.079 3.138 3.197 3.191 3.126 3.061 2.996 2.931 2.866 2.801 2.736 2.671 2.606 2.541 2.476 2.411 2.378 2.361 2.344 2.327 2.31 2.293 2.276 2.258 2.241 2.224 2.207 2.19 2.173 2.162 2.158 2.155 2.141 2.084 2.027 1.972 1.969 1.967 1.964 1.961 1.959 1.956 1.953 1.95 1.948 1.945 1.942 1.94 1.937 1.904 1.861 1.817 1.774 1.731 1.688 1.645 1.601 1.558 1.515 1.472 1.429 1.385 1.339 1.248 1.158 1.067 0.977 0.887 0.833 0.807 0.781 0.755 0.729 0.703 0.676 0.65 0.624 0.598 0.572 0.546 0.52 0.493 0.473 0.453 0.433 0.414 0.394 0.374 0.355 0.335 0.316 0.296 0.276 0.257 0.237 0.217 0.173 0.118
5.911 6.042 6.173 6.304 6.43 6.455 6.48 6.506 6.531 6.557 6.582 6.608 6.633 6.658 6.684 6.709 6.65 6.43 6.21 5.991 5.771 5.517 5.238 4.96 4.682 4.403 4.286 4.174 4.062 3.951 3.839 3.728 3.616 3.505 3.393 3.282 3.17 3.082 3.141 3.2 3.259 3.319 3.288 3.223 3.158 3.093 3.028 2.963 2.898 2.833 2.768 2.703 2.638 2.573 2.541 2.523 2.506 2.489 2.472 2.455 2.438 2.421 2.404 2.387 2.369 2.352 2.339 2.336 2.332 2.329 2.314 2.257 2.2 2.143 2.099 2.097 2.094 2.091 2.088 2.086 2.083 2.08 2.078 2.075 2.072 2.069 2.067 2.033 1.99 1.947 1.903 1.86 1.817 1.774 1.731 1.687 1.644 1.601 1.558 1.514 1.427 1.337 1.246 1.156 1.066 0.975 0.885 0.845 0.819 0.793 0.766 0.74 0.714 0.688 0.662 0.636 0.609 0.583 0.557 0.531 0.51 0.491 0.471 0.451 0.432 0.412 0.393 0.373 0.353 0.334 0.314 0.294 0.275 0.236 0.181 0.126
6.315 6.446 6.577 6.708 6.832 6.858 6.883 6.909 6.934 6.96 6.985 7.01 7.036 7.061 7.087 7.063 6.844 6.624 6.404 6.185 5.965 5.71 5.431 5.153 4.875 4.596 4.345 4.234 4.122 4.011 3.899 3.788 3.676 3.565 3.453 3.341 3.23 3.145 3.204 3.263 3.322 3.381 3.44 3.384 3.319 3.254 3.189 3.124 3.059 2.994 2.929 2.865 2.8 2.735 2.703 2.686 2.669 2.652 2.634 2.617 2.6 2.583 2.566 2.549 2.532 2.517 2.513 2.51 2.506 2.503 2.487 2.43 2.373 2.316 2.259 2.226 2.224 2.221 2.218 2.215 2.213 2.21 2.207 2.205 2.202 2.199 2.196 2.162 2.119 2.076 2.033 1.989 1.946 1.903 1.86 1.816 1.773 1.73 1.687 1.607 1.516 1.426 1.335 1.245 1.154 1.064 0.974 0.883 0.856 0.83 0.804 0.778 0.752 0.726 0.699 0.673 0.647 0.621 0.595 0.569 0.548 0.529 0.509 0.489 0.47 0.45 0.43 0.411 0.391 0.371 0.352 0.332 0.298 0.243 0.188 0.133
6.72 6.851 6.982 7.113 7.235 7.261 7.286 7.311 7.337 7.362 7.388 7.413 7.439 7.464 7.477 7.257 7.037 6.818 6.598 6.379 6.159 5.903 5.624 5.346 5.068 4.789 4.511 4.293 4.182 4.07 3.959 3.847 3.736 3.624 3.513 3.401 3.29 3.207 3.266 3.325 3.384 3.444 3.503 3.546 3.481 3.416 3.351 3.286 3.221 3.156 3.091 3.026 2.961 2.896 2.865 2.848 2.831 2.814 2.797 2.78 2.763 2.745 2.728 2.711 2.694 2.691 2.687 2.684 2.68 2.677 2.66 2.603 2.546 2.489 2.432 2.375 2.353 2.351 2.348 2.345 2.343 2.34 2.337 2.334 2.332 2.329 2.326 2.291 2.248 2.205 2.162 2.118 2.075 2.032 1.989 1.946 1.902 1.859 1.786 1.695 1.605 1.514 1.424 1.333 1.243 1.153 1.063 0.972 0.894 0.868 0.842 0.815 0.789 0.763 0.737 0.711 0.685 0.659 0.632 0.606 0.586 0.566 0.547 0.527 0.507 0.488 0.468 0.448 0.429 0.409 0.389 0.361 0.306 0.251 0.196 0.141
7.124 7.255 7.386 7.517 7.638 7.663 7.689 7.714 7.74 7.765 7.79 7.816 7.841 7.867 7.671 7.451 7.231 7.012 6.792 6.573 6.353 6.096 5.817 5.539 5.261 4.982 4.704 4.425 4.242 4.13 4.019 3.907 3.796 3.684 3.572 3.461 3.349 3.27 3.329 3.388 3.447 3.506 3.565 3.624 3.642 3.577 3.512 3.448 3.383 3.318 3.253 3.188 3.123 3.058 3.028 3.01 2.993 2.976 2.959 2.942 2.925 2.908 2.891 2.874 2.868 2.865 2.861 2.858 2.854 2.851 2.833 2.776 2.719 2.662 2.605 2.548 2.491 2.48 2.478 2.475 2.472 2.47 2.467 2.464 2.461 2.459 2.456 2.42 2.377 2.334 2.291 2.248 2.204 2.161 2.118 2.075 2.031 1.965 1.875 1.784 1.694 1.603 1.513 1.422 1.332 1.242 1.151 1.061 0.971 0.905 0.879 0.853 0.827 0.801 0.775 0.748 0.722 0.696 0.67 0.644 0.624 0.604 0.584 0.565 0.545 0.525 0.506 0.486 0.466 0.447 0.423 0.368 0.313 0.258 0.203 0.148
7.529 7.66 7.791 7.922 8.041 8.066 8.092 8.117 8.142 8.168 8.193 8.219 8.244 8.084 7.864 7.645 7.425 7.206 6.986 6.766 6.547 6.289 6.01 5.732 5.454 5.175 4.897 4.618 4.34 4.19 4.078 3.967 3.855 3.744 3.632 3.521 3.409 3.332 3.391 3.45 3.509 3.568 3.628 3.687 3.746 3.739 3.674 3.609 3.544 3.479 3.414 3.349 3.284 3.219 3.19 3.173 3.156 3.139 3.121 3.104 3.087 3.07 3.053 3.046 3.042 3.039 3.035 3.032 3.028 3.025 3.006 2.949 2.892 2.835 2.778 2.721 2.664 2.61 2.608 2.605 2.602 2.599 2.597 2.594 2.591 2.589 2.586 2.549 2.506 2.463 2.42 2.377 2.333 2.29 2.247 2.204 2.144 2.054 1.963 1.873 1.782 1.692 1.601 1.511 1.421 1.33 1.24 1.15 1.059 0.969 0.917 0.891 0.865 0.838 0.812 0.786 0.76 0.734 0.708 0.682 0.661 0.642 0.622 0.602 0.583 0.563 0.543 0.524 0.504 0.485 0.431 0.376 0.321 0.266 0.211 0.156
7.933 8.064 8.195 8.326 8.443 8.469 8.494 8.52 8.545 8.571 8.596 8.621 8.497 8.278 8.058 7.839 7.619 7.4 7.18 6.96 6.741 6.482 6.203 5.925 5.646 5.368 5.09 4.811 4.533 4.255 4.138 4.027 3.915 3.803 3.692 3.58 3.469 3.395 3.454 3.513 3.572 3.631 3.69 3.749 3.808 3.867 3.836 3.771 3.706 3.641 3.576 3.511 3.446 3.381 3.352 3.335 3.318 3.301 3.284 3.267 3.25 3.232 3.223 3.22 3.216 3.213 3.209 3.206 3.202 3.199 3.179 3.122 3.065 3.008 2.951 2.894 2.837 2.78 2.737 2.735 2.732 2.729 2.726 2.724 2.721 2.718 2.716 2.679 2.635 2.592 2.549 2.506 2.463 2.419 2.376 2.323 2.233 2.142 2.052 1.962 1.871 1.781 1.69 1.6 1.509 1.419 1.329 1.238 1.148 1.058 0.968 0.928 0.902 0.876 0.85 0.824 0.798 0.771 0.745 0.719 0.699 0.679 0.66 0.64 0.621 0.601 0.581 0.562 0.542 0.493 0.438 0.383 0.328 0.273 0.218 0.163
8.338 8.469 8.6 8.731 8.846 8.872 8.897 8.922 8.948 8.973 8.999 8.911 8.691 8.472 8.252 8.033 7.813 7.593 7.374 7.154 6.935 6.675 6.396 6.118 5.839 5.561 5.283 5.004 4.726 4.447 4.198 4.086 3.975 3.863 3.752 3.64 3.529 3.457 3.516 3.575 3.634 3.693 3.753 3.812 3.871 3.93 3.989 3.932 3.867 3.802 3.737 3.672 3.607 3.542 3.514 3.497 3.48 3.463 3.446 3.429 3.412 3.401 3.397 3.394 3.39 3.386 3.383 3.379 3.376 3.372 3.352 3.295 3.238 3.181 3.124 3.067 3.01 2.953 2.896 2.864 2.862 2.859 2.856 2.854 2.851 2.848 2.845 2.808 2.764 2.721 2.678 2.635 2.592 2.548 2.503 2.412 2.322 2.231 2.141 2.05 1.96 1.869 1.779 1.688 1.598 1.508 1.417 1.327 1.237 1.147 1.056 0.966 0.94 0.914 0.887 0.861 0.835 0.809 0.783 0.757 0.737 0.717 0.698 0.678 0.658 0.639 0.619 0.599 0.556 0.501 0.446 0.391 0.336 0.281 0.226 0.171
8.742 8.873 9.004 9.135 9.249 9.274 9.3 9.325 9.351 9.376 9.324 9.105 8.885 8.666 8.446 8.227 8.007 7.787 7.568 7.348 7.129 6.868 6.589 6.311 6.032 5.754 5.476 5.197 4.919 4.64 4.362 4.146 4.034 3.923 3.811 3.7 3.588 3.52 3.579 3.638 3.697 3.756 3.815 3.874 3.933 3.992 4.051 4.094 4.029 3.964 3.899 3.834 3.769 3.704 3.677 3.66 3.643 3.625 3.608 3.591 3.578 3.574 3.571 3.567 3.564 3.56 3.557 3.553 3.55 3.546 3.525 3.468 3.411 3.354 3.297 3.24 3.183 3.126 3.069 3.012 2.991 2.989 2.986 2.983 2.981 2.978 2.975 2.937 2.894 2.85 2.807 2.764 2.721 2.678 2.591 2.501 2.41 2.32 2.229 2.139 2.048 1.958 1.867 1.777 1.687 1.597 1.506 1.416 1.326 1.235 1.145 1.055 0.977 0.951 0.925 0.899 0.873 0.847 0.821 0.794 0.775 0.755 0.735 0.716 0.696 0.676 0.657 0.618 0.563 0.508 0.453 0.398 0.343 0.288 0.233 0.178
9.146 9.277 9.408 9.539 9.652 9.677 9.703 9.728 9.753 9.738 9.518 9.299 9.079 8.86 8.64 8.42 8.201 7.981 7.762 7.542 7.322 7.06 6.782 6.504 6.225 5.947 5.669 5.39 5.112 4.833 4.555 4.277 4.094 3.983 3.871 3.76 3.648 3.582 3.641 3.7 3.759 3.818 3.878 3.937 3.996 4.055 4.114 4.173 4.19 4.125 4.06 3.995 3.93 3.865 3.839 3.822 3.805 3.788 3.771 3.755 3.752 3.748 3.745 3.741 3.738 3.734 3.731 3.727 3.724 3.72 3.698 3.641 3.584 3.527 3.47 3.413 3.356 3.299 3.242 3.185 3.129 3.119 3.116 3.113 3.11 3.108 3.105 3.066 3.023 2.979 2.936 2.893 2.85 2.771 2.68 2.59 2.499 2.409 2.318 2.228 2.137 2.047 1.956 1.866 1.776 1.685 1.595 1.505 1.414 1.324 1.234 1.143 1.053 0.989 0.963 0.937 0.91 0.884 0.858 0.832 0.812 0.793 0.773 0.753 0.734 0.714 0.681 0.626 0.571 0.516 0.461 0.406 0.351 0.296 0.241 0.186
9.551 9.682 9.813 9.944 10.054 10.08 10.105 10.131 10.151 9.932 9.712 9.493 9.273 9.053 8.834 8.614 8.395 8.175 7.956 7.736 7.516 7.253 6.975 6.697 6.418 6.14 5.862 5.583 5.305 5.026 4.748 4.47 4.191 4.042 3.931 3.819 3.708 3.645 3.704 3.763 3.822 3.881 3.94 3.999 4.058 4.117 4.176 4.235 4.295 4.287 4.222 4.157 4.092 4.027 4.001 3.984 3.967 3.95 3.933 3.929 3.926 3.922 3.919 3.915 3.912 3.908 3.905 3.901 3.898 3.894 3.871 3.814 3.757 3.7 3.643 3.586 3.529 3.472 3.415 3.359 3.302 3.248 3.246 3.243 3.24 3.237 3.235 3.195 3.152 3.109 3.065 3.022 2.95 2.859 2.769 2.678 2.588 2.497 2.407 2.316 2.226 2.135 2.045 1.955 1.864 1.774 1.684 1.593 1.503 1.413 1.323 1.232 1.142 1.052 1.0 0.974 0.948 0.922 0.896 0.87 0.85 0.83 0.811 0.791 0.771 0.743 0.688 0.633 0.578 0.523 0.468 0.413 0.358 0.303 0.248 0.193
9.955 10.086 10.217 10.348 10.457 10.483 10.508 10.534 10.345 10.126 9.906 9.687 9.467 9.247 9.028 8.808 8.589 8.369 8.149 7.93 7.71 7.446 7.168 6.89 6.611 6.333 6.054 5.776 5.498 5.219 4.941 4.663 4.384 4.106 3.991 3.879 3.768 3.707 3.766 3.825 3.884 3.943 4.003 4.062 4.121 4.18 4.239 4.298 4.357 4.416 4.383 4.318 4.253 4.188 4.164 4.147 4.13 4.112 4.107 4.103 4.1 4.096 4.093 4.089 4.086 4.082 4.079 4.075 4.072 4.068 4.044 3.987 3.93 3.873 3.816 3.759 3.702 3.645 3.588 3.532 3.475 3.418 3.375 3.373 3.37 3.367 3.365 3.324 3.281 3.238 3.194 3.129 3.039 2.948 2.858 2.767 2.677 2.586 2.496 2.405 2.315 2.224 2.134 2.043 1.953 1.863 1.772 1.682 1.592 1.502 1.411 1.321 1.231 1.14 1.05 1.012 0.986 0.96 0.933 0.907 0.888 0.868 0.848 0.829 0.806 0.751 0.696 0.641 0.586 0.531 0.476 0.421 0.366 0.311 0.256 0.201
10.36 10.491 10.622 10.753 10.86 10.885 10.911 10.759 10.539 10.32 10.1 9.88 9.661 9.441 9.222 9.002 8.782 8.563 8.343 8.124 7.904 7.639 7.361 7.083 6.804 6.526 6.247 5.969 5.691 5.412 5.134 4.855 4.577 4.299 4.05 3.939 3.827 3.77 3.829 3.888 3.947 4.006 4.065 4.124 4.183 4.242 4.301 4.36 4.42 4.479 4.538 4.48 4.415 4.35 4.326 4.309 4.292 4.284 4.281 4.277 4.274 4.27 4.267 4.263 4.26 4.256 4.253 4.249 4.246 4.242 4.217 4.16 4.103 4.046 3.989 3.932 3.875 3.818 3.762 3.705 3.648 3.591 3.534 3.502 3.5 3.497 3.494 3.453 3.41 3.367 3.308 3.218 3.127 3.037 2.946 2.856 2.765 2.675 2.584 2.494 2.403 2.313 2.222 2.132 2.042 1.951 1.861 1.771 1.681 1.59 1.5 1.41 1.319 1.229 1.139 1.049 1.023 0.997 0.971 0.945 0.925 0.906 0.886 0.867 0.813 0.758 0.703 0.648 0.593 0.538 0.483 0.428 0.373 0.318 0.263 0.208
10.764 10.895 11.026 11.157 11.263 11.288 11.172 10.953 10.733 10.514 10.294 10.074 9.855 9.635 9.416 9.196 8.976 8.757 8.537 8.318 8.098 7.832 7.554 7.276 6.997 6.719 6.44 6.162 5.884 5.605 5.327 5.048 4.77 4.492 4.213 3.999 3.887 3.832 3.891 3.95 4.009 4.068 4.128 4.187 4.246 4.305 4.364 4.423 4.482 4.541 4.6 4.641 4.576 4.511 4.488 4.471 4.462 4.458 4.455 4.451 4.448 4.444 4.441 4.437 4.434 4.43 4.427 4.423 4.42 4.416 4.39 4.333 4.276 4.219 4.162 4.105 4.048 3.992 3.935 3.878 3.821 3.764 3.707 3.65 3.63 3.627 3.624 3.582 3.539 3.488 3.397 3.307 3.216 3.126 3.035 2.945 2.854 2.764 2.673 2.583 2.492 2.402 2.311 2.221 2.13 2.04 1.95 1.86 1.769 1.679 1.589 1.498 1.408 1.318 1.228 1.137 1.061 1.035 1.009 0.983 0.963 0.944 0.924 0.876 0.821 0.766 0.711 0.656 0.601 0.546 0.491 0.436 0.381 0.326 0.271 0.216
11.169 11.3 11.431 11.562 11.666 11.586 11.366 11.147 10.927 10.707 10.488 10.268 10.049 9.829 9.609 9.39 9.17 8.951 8.731 8.512 8.292 8.025 7.747 7.468 7.19 6.912 6.633 6.355 6.077 5.798 5.52 5.241 4.963 4.685 4.406 4.128 3.947 3.895 3.954 4.013 4.072 4.131 4.19 4.249 4.308 4.367 4.426 4.485 4.545 4.604 4.663 4.722 4.738 4.673 4.651 4.639 4.636 4.632 4.629 4.625 4.622 4.618 4.615 4.611 4.608 4.604 4.601 4.597 4.594 4.59 4.563 4.506 4.449 4.392 4.335 4.278 4.222 4.165 4.108 4.051 3.994 3.937 3.88 3.823 3.766 3.757 3.754 3.711 3.667 3.576 3.486 3.395 3.305 3.214 3.124 3.033 2.943 2.852 2.762 2.671 2.581 2.49 2.4 2.31 2.219 2.129 2.039 1.948 1.858 1.768 1.677 1.587 1.497 1.407 1.316 1.226 1.136 1.072 1.046 1.021 1.001 0.981 0.938 0.883 0.828 0.773 0.718 0.663 0.608 0.553 0.498 0.443 0.388 0.333 0.278 0.223
11.606 11.73 11.854 11.977 12.005 11.78 11.56 11.34 11.121 10.901 10.682 10.462 10.243 10.023 9.803 9.584 9.364 9.145 8.925 8.705 8.486 8.218 7.94 7.661 7.383 7.105 6.826 6.548 6.27 5.991 5.713 5.434 5.156 4.878 4.599 4.321 4.042 3.957 4.016 4.075 4.134 4.193 4.253 4.312 4.371 4.43 4.489 4.548 4.607 4.666 4.725 4.784 4.843 4.834 4.816 4.813 4.809 4.806 4.802 4.799 4.795 4.792 4.788 4.785 4.781 4.778 4.774 4.771 4.767 4.764 4.736 4.679 4.622 4.565 4.508 4.451 4.395 4.338 4.281 4.224 4.167 4.11 4.053 3.996 3.939 3.886 3.884 3.841 3.756 3.665 3.575 3.484 3.394 3.303 3.213 3.122 3.032 2.941 2.851 2.76 2.67 2.579 2.489 2.398 2.308 2.218 2.127 2.037 1.947 1.857 1.766 1.676 1.586 1.495 1.405 1.315 1.224 1.134 1.084 1.058 1.039 1.001 0.946 0.891 0.836 0.781 0.726 0.671 0.616 0.561 0.506 0.451 0.396 0.341 0.286 0.231
12.483 12.606 12.73 12.853 12.899 12.712 12.48 12.249 12.017 11.786 11.554 11.323 11.092 10.86 10.629 10.397 10.166 9.934 9.703 9.471 9.24 8.959 8.669 8.379 8.088 7.798 7.507 7.217 6.927 6.636 6.346 6.056 5.765 5.475 5.184 4.894 4.604 4.351 4.399 4.446 4.494 4.542 4.59 4.638 4.685 4.733 4.781 4.829 4.877 4.924 4.972 5.02 5.068 5.063 4.979 4.976 4.974 4.971 4.969 4.966 4.964 4.961 4.958 4.956 4.953 4.951 4.948 4.945 4.941 4.938 4.909 4.852 4.795 4.738 4.681 4.625 4.568 4.511 4.454 4.397 4.34 4.283 4.226 4.169 4.112 4.055 4.013 3.935 3.844 3.754 3.663 3.573 3.482 3.392 3.301 3.211 3.12 3.03 2.939 2.849 2.758 2.668 2.577 2.487 2.397 2.306 2.216 2.126 2.036 1.945 1.855 1.765 1.674 1.584 1.494 1.403 1.313 1.223 1.133 1.096 1.063 1.008 0.953 0.898 0.843 0.788 0.733 0.678 0.623 0.568 0.513 0.458 0.403 0.348 0.293 0.238
13.359 13.483 13.606 13.73 13.771 13.622 13.418 13.187 12.956 12.724 12.493 12.261 12.03 11.798 11.567 11.335 11.104 10.872 10.641 10.41 10.178 9.897 9.606 9.316 9.025 8.735 8.445 8.154 7.864 7.574 7.283 6.993 6.702 6.412 6.122 5.831 5.397 5.105 5.153 5.201 5.248 5.296 5.344 5.392 5.44 5.488 5.535 5.583 5.631 5.679 5.727 5.774 5.822 5.4 5.11 5.094 5.091 5.089 5.086 5.084 5.081 5.078 5.076 5.073 5.071 5.068 5.066 5.063 5.06 5.058 5.029 4.973 4.917 4.861 4.805 4.749 4.693 4.637 4.581 4.525 4.469 4.413 4.357 4.301 4.245 4.189 4.077 3.995 3.905 3.816 3.726 3.636 3.546 3.457 3.367 3.277 3.187 3.097 3.008 2.918 2.828 2.738 2.649 2.567 2.477 2.387 2.297 2.207 2.117 2.027 1.937 1.848 1.758 1.668 1.578 1.488 1.398 1.308 1.218 1.133 1.077 1.02 0.964 0.908 0.852 0.796 0.741 0.686 0.631 0.576 0.521 0.466 0.411 0.356 0.3 0.245
14.235 14.359 14.482 14.606 14.643 14.494 14.346 14.125 13.894 13.662 13.431 13.199 12.968 12.736 12.505 12.274 12.042 11.811 11.579 11.348 11.116 10.834 10.544 10.253 9.963 9.672 9.382 9.092 8.801 8.511 8.22 7.93 7.64 7.349 7.059 6.658 6.142 5.859 5.907 5.955 6.003 6.051 6.098 6.146 6.194 6.242 6.29 6.337 6.385 6.433 6.481 6.529 6.178 5.736 5.449 5.211 5.209 5.206 5.204 5.201 5.199 5.196 5.193 5.191 5.188 5.186 5.183 5.181 5.178 5.175 5.146 5.09 5.034 4.978 4.922 4.866 4.81 4.754 4.698 4.642 4.586 4.53 4.474 4.418 4.362 4.262 4.111 4.036 3.951 3.861 3.771 3.681 3.592 3.502 3.412 3.322 3.233 3.143 3.053 2.963 2.874 2.784 2.694 2.619 2.542 2.452 2.362 2.272 2.182 2.093 2.003 1.913 1.823 1.733 1.643 1.553 1.463 1.373 1.284 1.198 1.142 1.086 1.03 0.974 0.918 0.862 0.806 0.75 0.694 0.638 0.582 0.526 0.47 0.414 0.358 0.298
15.112 15.235 15.359 15.482 15.515 15.366 15.218 15.063 14.832 14.6 14.369 14.138 13.906 13.675 13.443 13.212 12.98 12.749 12.517 12.286 12.055 11.771 11.481 11.19 10.9 10.61 10.319 10.029 9.738 9.448 9.158 8.867 8.577 8.287 7.919 7.403 6.887 6.614 6.662 6.709 6.757 6.805 6.853 6.901 6.948 6.996 7.044 7.092 7.14 7.187 7.235 6.957 6.515 6.072 5.788 5.508 5.326 5.324 5.321 5.319 5.316 5.313 5.311 5.308 5.306 5.303 5.301 5.298 5.295 5.293 5.262 5.206 5.15 5.094 5.038 4.982 4.926 4.87 4.814 4.758 4.702 4.646 4.59 4.534 4.449 4.294 4.144 4.069 3.994 3.906 3.816 3.727 3.637 3.547 3.457 3.368 3.278 3.188 3.098 3.009 2.919 2.829 2.739 2.664 2.599 2.517 2.427 2.338 2.248 2.158 2.068 1.978 1.888 1.798 1.708 1.618 1.529 1.439 1.349 1.264 1.208 1.152 1.096 1.04 0.984 0.928 0.872 0.816 0.76 0.704 0.648 0.592 0.536 0.48 0.421 0.354
15.988 16.112 16.235 16.359 16.387 16.238 16.089 15.941 15.77 15.539 15.307 15.076 14.844 14.613 14.381 14.15 13.919 13.687 13.456 13.224 12.993 12.708 12.418 12.128 11.837 11.547 11.256 10.966 10.676 10.385 10.095 9.805 9.514 9.179 8.664 8.148 7.633 7.368 7.416 7.464 7.511 7.559 7.607 7.655 7.703 7.751 7.798 7.846 7.894 7.942 7.735 7.293 6.851 6.409 6.127 5.847 5.567 5.441 5.439 5.436 5.433 5.431 5.428 5.426 5.423 5.421 5.418 5.415 5.413 5.41 5.379 5.323 5.267 5.211 5.155 5.099 5.043 4.987 4.931 4.875 4.819 4.763 4.707 4.636 4.481 4.326 4.178 4.103 4.028 3.952 3.862 3.772 3.682 3.592 3.503 3.413 3.323 3.233 3.144 3.054 2.964 2.874 2.785 2.71 2.645 2.579 2.493 2.403 2.313 2.223 2.133 2.043 1.953 1.863 1.774 1.684 1.594 1.504 1.414 1.33 1.274 1.218 1.162 1.106 1.05 0.994 0.938 0.882 0.826 0.77 0.714 0.658 0.602 0.545 0.477 0.41
16.864 16.988 17.111 17.235 17.259 17.11 16.961 16.813 16.664 16.477 16.245 16.014 15.783 15.551 15.32 15.088 14.857 14.625 14.394 14.162 13.931 13.646 13.355 13.065 12.774 12.484 12.194 11.903 11.613 11.323 11.032 10.742 10.44 9.925 9.409 8.893 8.378 8.122 8.17 8.218 8.266 8.314 8.361 8.409 8.457 8.505 8.553 8.6 8.648 8.514 8.072 7.629 7.187 6.746 6.466 6.186 5.906 5.625 5.556 5.553 5.551 5.548 5.546 5.543 5.541 5.538 5.535 5.533 5.53 5.528 5.496 5.44 5.384 5.328 5.272 5.216 5.16 5.104 5.048 4.992 4.936 4.88 4.823 4.668 4.513 4.358 4.211 4.136 4.061 3.986 3.907 3.817 3.728 3.638 3.548 3.458 3.369 3.279 3.189 3.099 3.009 2.92 2.83 2.756 2.69 2.625 2.558 2.468 2.378 2.288 2.198 2.109 2.019 1.929 1.839 1.749 1.659 1.569 1.479 1.396 1.34 1.284 1.228 1.172 1.116 1.06 1.004 0.948 0.892 0.835 0.779 0.723 0.667 0.601 0.534 0.467
17.741 17.864 17.988 18.111 18.131 17.982 17.833 17.685 17.536 17.388 17.184 16.952 16.721 16.489 16.258 16.026 15.795 15.563 15.332 15.101 14.869 14.583 14.293 14.002 13.712 13.421 13.131 12.841 12.55 12.26 11.969 11.679 11.185 10.67 10.154 9.639 9.123 8.877 8.925 8.972 9.02 9.068 9.116 9.164 9.211 9.259 9.307 9.355 9.292 8.85 8.408 7.966 7.524 7.085 6.805 6.525 6.245 5.964 5.684 5.671 5.668 5.666 5.663 5.661 5.658 5.655 5.653 5.65 5.648 5.645 5.612 5.556 5.5 5.444 5.388 5.332 5.276 5.22 5.164 5.108 5.052 4.996 4.855 4.7 4.545 4.391 4.245 4.17 4.095 4.02 3.945 3.863 3.773 3.683 3.593 3.504 3.414 3.324 3.234 3.145 3.055 2.965 2.875 2.802 2.736 2.671 2.605 2.533 2.443 2.354 2.264 2.174 2.084 1.994 1.904 1.814 1.724 1.634 1.545 1.462 1.406 1.35 1.294 1.238 1.181 1.125 1.069 1.013 0.957 0.901 0.845 0.789 0.724 0.657 0.59 0.523
18.617 18.74 18.864 18.988 19.003 18.854 18.705 18.557 18.408 18.26 18.111 17.89 17.659 17.427 17.196 16.965 16.733 16.502 16.27 16.039 15.807 15.52 15.23 14.939 14.649 14.359 14.068 13.778 13.487 13.197 12.907 12.446 11.931 11.415 10.899 10.384 9.868 9.631 9.679 9.727 9.774 9.822 9.87 9.918 9.966 10.014 10.061 10.071 9.629 9.186 8.744 8.302 7.86 7.424 7.144 6.864 6.584 6.303 6.023 5.788 5.786 5.783 5.781 5.778 5.776 5.773 5.77 5.768 5.765 5.763 5.729 5.673 5.617 5.561 5.505 5.449 5.393 5.337 5.281 5.225 5.169 5.042 4.887 4.732 4.578 4.423 4.278 4.203 4.128 4.053 3.978 3.904 3.818 3.728 3.639 3.549 3.459 3.369 3.28 3.19 3.1 3.01 2.921 2.847 2.782 2.716 2.651 2.586 2.509 2.419 2.329 2.239 2.149 2.059 1.969 1.879 1.79 1.7 1.61 1.527 1.471 1.415 1.359 1.303 1.247 1.191 1.135 1.079 1.023 0.967 0.911 0.848 0.781 0.714 0.647 0.579
19.493 19.617 19.74 19.864 19.875 19.726 19.577 19.429 19.28 19.132 18.983 18.829 18.597 18.366 18.134 17.903 17.671 17.44 17.208 16.977 16.745 16.457 16.167 15.877 15.586 15.296 15.005 14.715 14.425 14.134 13.707 13.192 12.676 12.16 11.645 11.129 10.613 10.385 10.433 10.481 10.529 10.577 10.624 10.672 10.72 10.768 10.816 10.407 9.965 9.523 9.081 8.639 8.196 7.763 7.483 7.203 6.923 6.643 6.362 6.082 5.903 5.901 5.898 5.896 5.893 5.89 5.888 5.885 5.883 5.88 5.845 5.789 5.733 5.677 5.621 5.565 5.509 5.453 5.397 5.341 5.229 5.074 4.919 4.765 4.61 4.455 4.312 4.237 4.162 4.087 4.012 3.937 3.862 3.774 3.684 3.594 3.504 3.415 3.325 3.235 3.145 3.056 2.966 2.893 2.828 2.762 2.697 2.631 2.566 2.484 2.394 2.304 2.214 2.124 2.035 1.945 1.855 1.765 1.675 1.593 1.537 1.481 1.425 1.369 1.313 1.257 1.201 1.145 1.089 1.033 0.971 0.904 0.837 0.77 0.703 0.636
20.37 20.493 20.617 20.74 20.747 20.598 20.449 20.301 20.152 20.004 19.855 19.707 19.535 19.304 19.072 18.841 18.609 18.378 18.147 17.915 17.684 17.395 17.104 16.814 16.523 16.233 15.943 15.652 15.362 14.968 14.452 13.937 13.421 12.905 12.39 11.874 11.359 11.14 11.188 11.235 11.283 11.331 11.379 11.427 11.474 11.522 11.186 10.743 10.301 9.859 9.417 8.975 8.533 8.102 7.822 7.542 7.262 6.982 6.701 6.421 6.141 6.018 6.016 6.013 6.01 6.008 6.005 6.003 6.0 5.998 5.962 5.906 5.85 5.794 5.738 5.682 5.626 5.57 5.514 5.416 5.261 5.106 4.952 4.797 4.642 4.487 4.345 4.27 4.195 4.121 4.046 3.971 3.896 3.819 3.729 3.64 3.55 3.46 3.37 3.281 3.191 3.101 3.011 2.939 2.873 2.808 2.743 2.677 2.612 2.546 2.459 2.369 2.28 2.19 2.1 2.01 1.92 1.83 1.74 1.659 1.603 1.547 1.491 1.435 1.379 1.323 1.267 1.211 1.155 1.095 1.028 0.961 0.893 0.826 0.759 0.692
21.246 21.369 21.493 21.616 21.619 21.47 21.321 21.173 21.024 20.876 20.727 20.579 20.43 20.242 20.011 19.779 19.548 19.316 19.085 18.853 18.622 18.332 18.042 17.751 17.461 17.17 16.88 16.59 16.229 15.713 15.198 14.682 14.166 13.651 13.135 12.619 12.104 11.894 11.942 11.99 12.037 12.085 12.133 12.181 12.229 11.964 11.522 11.08 10.638 10.196 9.753 9.311 8.869 8.441 8.161 7.881 7.601 7.321 7.04 6.76 6.48 6.2 6.133 6.13 6.128 6.125 6.123 6.12 6.118 6.115 6.078 6.022 5.966 5.91 5.854 5.798 5.742 5.686 5.603 5.448 5.293 5.139 4.984 4.829 4.674 4.519 4.379 4.304 4.229 4.154 4.079 4.004 3.929 3.854 3.775 3.685 3.595 3.505 3.416 3.326 3.236 3.146 3.057 2.985 2.919 2.854 2.788 2.723 2.657 2.592 2.525 2.435 2.345 2.255 2.165 2.075 1.985 1.895 1.805 1.725 1.669 1.613 1.557 1.501 1.445 1.389 1.333 1.277 1.218 1.151 1.084 1.017 0.95 0.883 0.816 0.749
22.122 22.246 22.369 22.493 22.491 22.342 22.193 22.045 21.896 21.748 21.599 21.451 21.302 21.153 20.949 20.717 20.486 20.254 20.023 19.792 19.56 19.269 18.979 18.688 18.398 18.108 17.817 17.49 16.974 16.458 15.943 15.427 14.911 14.396 13.88 13.365 12.849 12.648 12.696 12.744 12.792 12.84 12.887 12.935 12.743 12.3 11.858 11.416 10.974 10.532 10.09 9.648 9.205 8.78 8.5 8.22 7.94 7.66 7.379 7.099 6.819 6.539 6.258 6.248 6.245 6.243 6.24 6.238 6.235 6.232 6.195 6.139 6.083 6.027 5.971 5.915 5.859 5.79 5.635 5.481 5.326 5.171 5.016 4.861 4.706 4.551 4.412 4.337 4.263 4.188 4.113 4.038 3.963 3.888 3.813 3.73 3.64 3.551 3.461 3.371 3.281 3.192 3.102 3.03 2.965 2.899 2.834 2.769 2.703 2.638 2.572 2.5 2.41 2.32 2.23 2.14 2.051 1.961 1.871 1.791 1.735 1.679 1.623 1.567 1.511 1.455 1.399 1.342 1.275 1.208 1.14 1.073 1.006 0.939 0.872 0.805
22.998 23.122 23.246 23.369 23.363 23.214 23.065 22.917 22.768 22.62 22.471 22.323 22.174 22.025 21.877 21.656 21.424 21.193 20.961 20.73 20.497 20.206 19.916 19.626 19.335 19.045 18.751 18.235 17.719 17.204 16.688 16.172 15.657 15.141 14.625 14.11 13.594 13.403 13.451 13.498 13.546 13.594 13.642 13.521 13.079 12.637 12.195 11.753 11.31 10.868 10.426 9.984 9.542 9.119 8.839 8.559 8.279 7.999 7.718 7.438 7.158 6.878 6.597 6.365 6.363 6.36 6.358 6.355 6.353 6.35 6.312 6.256 6.2 6.144 6.088 6.032 5.976 5.822 5.668 5.513 5.358 5.203 5.048 4.893 4.738 4.584 4.446 4.371 4.296 4.221 4.146 4.071 3.996 3.921 3.846 3.771 3.686 3.596 3.506 3.417 3.327 3.237 3.147 3.076 3.011 2.945 2.88 2.814 2.749 2.684 2.618 2.553 2.475 2.385 2.296 2.206 2.116 2.026 1.936 1.857 1.801 1.745 1.688 1.632 1.576 1.52 1.464 1.398 1.331 1.264 1.197 1.13 1.063 0.996 0.928 0.861
23.875 23.998 24.122 24.245 24.235 24.086 23.937 23.789 23.64 23.492 23.343 23.194 23.046 22.897 22.749 22.594 22.362 22.131 21.899 21.668 21.434 21.144 20.853 20.563 20.272 19.982 19.496 18.98 18.464 17.949 17.433 16.918 16.402 15.886 15.371 14.855 14.339 14.157 14.205 14.253 14.3 14.348 14.3 13.857 13.415 12.973 12.531 12.089 11.647 11.205 10.762 10.32 9.878 9.459 9.178 8.898 8.618 8.338 8.057 7.777 7.497 7.217 6.936 6.656 6.48 6.478 6.475 6.473 6.47 6.467 6.428 6.372 6.316 6.26 6.204 6.148 6.009 5.855 5.7 5.545 5.39 5.235 5.08 4.926 4.771 4.616 4.48 4.405 4.33 4.255 4.18 4.105 4.03 3.955 3.88 3.805 3.73 3.641 3.552 3.462 3.372 3.282 3.193 3.122 3.056 2.991 2.925 2.86 2.795 2.729 2.664 2.598 2.533 2.451 2.361 2.271 2.181 2.091 2.001 1.922 1.866 1.81 1.754 1.698 1.642 1.586 1.522 1.454 1.387 1.32 1.253 1.186 1.119 1.052 0.985 0.918
24.751 24.875 24.998 25.122 25.107 24.958 24.809 24.661 24.512 24.364 24.215 24.066 23.918 23.769 23.621 23.472 23.3 23.069 22.838 22.606 22.371 22.081 21.791 21.5 21.21 20.757 20.241 19.725 19.21 18.694 18.178 17.663 17.147 16.631 16.116 15.6 15.085 14.911 14.959 15.007 15.055 15.078 14.636 14.194 13.752 13.31 12.867 12.425 11.983 11.541 11.099 10.657 10.215 9.798 9.517 9.237 8.957 8.677 8.396 8.116 7.836 7.556 7.276 6.995 6.715 6.595 6.593 6.59 6.587 6.585 6.545 6.489 6.433 6.377 6.321 6.196 6.042 5.887 5.732 5.577 5.422 5.267 5.113 4.958 4.803 4.648 4.513 4.438 4.363 4.288 4.213 4.138 4.063 3.988 3.913 3.838 3.763 3.687 3.597 3.507 3.417 3.328 3.238 3.167 3.102 3.037 2.971 2.906 2.84 2.775 2.71 2.644 2.579 2.513 2.426 2.336 2.246 2.156 2.066 1.988 1.932 1.876 1.82 1.764 1.708 1.645 1.578 1.511 1.444 1.377 1.31 1.242 1.175 1.108 1.041 0.974
25.584 25.751 25.874 25.998 25.979 25.83 25.681 25.533 25.384 25.236 25.087 24.938 24.79 24.641 24.493 24.344 24.196 24.007 23.776 23.544 23.309 23.018 22.728 22.437 22.017 21.502 20.986 20.47 19.955 19.439 18.924 18.408 17.892 17.377 16.861 16.345 15.83 15.666 15.714 15.761 15.809 15.414 14.972 14.53 14.088 13.646 13.204 12.762 12.319 11.877 11.435 10.993 10.551 10.137 9.856 9.576 9.296 9.016 8.735 8.455 8.175 7.895 7.615 7.334 7.054 6.774 6.71 6.707 6.705 6.702 6.661 6.605 6.549 6.493 6.383 6.229 6.074 5.919 5.764 5.609 5.454 5.3 5.145 4.99 4.835 4.68 4.547 4.472 4.397 4.322 4.247 4.172 4.097 4.022 3.947 3.872 3.797 3.722 3.642 3.552 3.463 3.373 3.283 3.213 3.148 3.082 3.017 2.952 2.886 2.821 2.755 2.69 2.624 2.559 2.491 2.401 2.311 2.222 2.132 2.054 1.998 1.942 1.886 1.83 1.768 1.701 1.634 1.567 1.5 1.433 1.366 1.299 1.232 1.165 1.098 1.03
26.335 26.615 26.751 26.874 26.851 26.702 26.553 26.405 26.256 26.108 25.959 25.81 25.662 25.513 25.365 25.216 25.068 24.919 24.714 24.482 24.246 23.955 23.665 23.278 22.763 22.247 21.731 21.216 20.7 20.184 19.669 19.153 18.637 18.122 17.606 17.091 16.575 16.42 16.468 16.516 16.193 15.751 15.309 14.867 14.424 13.982 13.54 13.098 12.656 12.214 11.772 11.329 10.887 10.476 10.195 9.915 9.635 9.355 9.074 8.794 8.514 8.234 7.954 7.673 7.393 7.113 6.833 6.825 6.822 6.82 6.778 6.722 6.666 6.571 6.416 6.261 6.106 5.951 5.796 5.641 5.487 5.332 5.177 5.022 4.867 4.712 4.58 4.505 4.43 4.355 4.28 4.205 4.13 4.055 3.98 3.905 3.83 3.755 3.681 3.598 3.508 3.418 3.329 3.259 3.194 3.128 3.063 2.997 2.932 2.866 2.801 2.736 2.67 2.605 2.539 2.467 2.377 2.287 2.197 2.12 2.064 2.008 1.952 1.892 1.825 1.758 1.691 1.624 1.556 1.489 1.422 1.355 1.288 1.221 1.154 1.087
27.087 27.366 27.627 27.751 27.722 27.574 27.425 27.277 27.128 26.98 26.831 26.682 26.534 26.385 26.237 26.088 25.94 25.791 25.642 25.421 25.183 24.893 24.539 24.023 23.508 22.992 22.477 21.961 21.445 20.93 20.414 19.898 19.383 18.867 18.351 17.836 17.32 17.174 17.222 16.971 16.529 16.087 15.645 15.203 14.761 14.319 13.876 13.434 12.992 12.55 12.108 11.666 11.224 10.815 10.534 10.254 9.974 9.694 9.413 9.133 8.853 8.573 8.293 8.012 7.732 7.452 7.172 6.942 6.94 6.937 6.895 6.839 6.758 6.603 6.448 6.293 6.138 5.983 5.828 5.674 5.519 5.364 5.209 5.054 4.899 4.745 4.614 4.539 4.464 4.389 4.314 4.239 4.164 4.089 4.014 3.939 3.864 3.789 3.714 3.639 3.553 3.464 3.374 3.305 3.239 3.174 3.108 3.043 2.978 2.912 2.847 2.781 2.716 2.651 2.585 2.52 2.442 2.352 2.262 2.186 2.13 2.074 2.015 1.948 1.881 1.814 1.747 1.68 1.613 1.546 1.479 1.412 1.344 1.277 1.21 1.143
27.838 28.118 28.398 28.627 28.594 28.446 28.297 28.149 28.0 27.852 27.703 27.554 27.406 27.257 27.109 26.96 26.812 26.663 26.514 26.359 26.12 25.8 25.284 24.769 24.253 23.737 23.222 22.706 22.19 21.675 21.159 20.644 20.128 19.612 19.097 18.581 18.065 17.929 17.75 17.308 16.866 16.424 15.981 15.539 15.097 14.655 14.213 13.771 13.329 12.886 12.444 12.002 11.56 11.154 10.873 10.593 10.313 10.033 9.752 9.472 9.192 8.912 8.632 8.351 8.071 7.791 7.511 7.23 7.057 7.055 7.011 6.945 6.79 6.635 6.48 6.325 6.17 6.016 5.861 5.706 5.551 5.396 5.241 5.086 4.932 4.777 4.647 4.572 4.497 4.422 4.347 4.272 4.197 4.122 4.047 3.972 3.897 3.823 3.748 3.673 3.598 3.509 3.419 3.35 3.285 3.22 3.154 3.089 3.023 2.958 2.893 2.827 2.762 2.696 2.631 2.565 2.5 2.417 2.327 2.252 2.195 2.139 2.072 2.005 1.938 1.87 1.803 1.736 1.669 1.602 1.535 1.468 1.401 1.334 1.267 1.2
28.367 28.673 28.978 29.284 29.329 29.211 29.093 28.975 28.857 28.724 28.575 28.426 28.278 28.129 27.981 27.832 27.684 27.535 27.386 27.238 27.058 26.545 26.029 25.514 24.998 24.483 23.967 23.451 22.936 22.42 21.904 21.389 20.873 20.357 19.842 19.326 18.811 18.528 18.086 17.644 17.202 16.76 16.318 15.876 15.433 14.991 14.549 14.107 13.665 13.223 12.781 12.339 11.896 11.493 11.212 10.932 10.652 10.372 10.092 9.811 9.531 9.251 8.971 8.69 8.41 8.13 7.85 7.57 7.289 7.172 7.128 6.977 6.822 6.667 6.512 6.357 6.203 6.048 5.893 5.738 5.583 5.428 5.273 5.119 4.964 4.809 4.681 4.606 4.531 4.456 4.381 4.306 4.231 4.156 4.081 4.006 3.931 3.856 3.781 3.706 3.631 3.554 3.465 3.396 3.331 3.265 3.2 3.134 3.069 3.004 2.938 2.873 2.807 2.742 2.677 2.611 2.546 2.48 2.393 2.317 2.261 2.195 2.128 2.061 1.994 1.927 1.86 1.793 1.726 1.659 1.591 1.524 1.457 1.39 1.323 1.256
27.47 27.775 28.081 28.303 28.288 28.17 28.052 27.934 27.816 27.698 27.58 27.462 27.344 27.226 27.108 26.989 26.871 26.753 26.635 26.517 26.646 26.52 26.02 25.52 25.02 24.52 24.019 23.519 23.019 22.519 22.019 21.519 21.019 20.519 20.018 19.518 19.018 18.748 18.309 17.871 17.432 16.993 16.555 16.116 15.677 15.239 14.8 14.362 13.923 13.484 13.046 12.607 12.168 11.834 11.553 11.273 10.993 10.712 10.432 10.152 9.871 9.591 9.311 9.03 8.75 8.47 8.189 7.909 7.629 7.348 7.164 7.009 6.854 6.699 6.544 6.39 6.235 6.08 5.925 5.77 5.615 5.461 5.306 5.151 4.996 4.841 4.714 4.639 4.564 4.489 4.414 4.339 4.264 4.189 4.114 4.04 3.965 3.89 3.815 3.74 3.665 3.59 3.51 3.442 3.376 3.311 3.246 3.18 3.115 3.049 2.984 2.919 2.853 2.788 2.722 2.657 2.591 2.526 2.458 2.383 2.319 2.252 2.185 2.117 2.05 1.983 1.916 1.849 1.782 1.715 1.648 1.581 1.514 1.447 1.379 1.312
26.572 26.877 27.124 27.267 27.248 27.13 27.012 26.894 26.775 26.657 26.539 26.421 26.303 26.185 26.067 25.949 25.831 25.713 25.595 25.672 25.848 26.076 25.803 25.303 24.803 24.303 23.803 23.303 22.802 22.302 21.802 21.302 20.802 20.302 19.802 19.302 18.801 18.644 18.43 17.991 17.553 17.114 16.675 16.237 15.798 15.359 14.921 14.482 14.044 13.605 13.166 12.728 12.289 11.967 11.899 11.619 11.339 11.058 10.778 10.498 10.217 9.937 9.657 9.376 9.096 8.816 8.535 8.255 7.975 7.694 7.512 7.352 7.192 7.032 6.872 6.712 6.552 6.391 6.231 6.071 5.911 5.751 5.591 5.431 5.271 5.111 5.127 5.043 4.959 4.876 4.792 4.708 4.625 4.541 4.458 4.374 4.29 4.207 4.123 4.039 3.956 3.872 3.831 3.767 3.691 3.615 3.539 3.463 3.387 3.311 3.235 3.159 3.083 3.007 2.931 2.855 2.779 2.703 2.627 2.544 2.467 2.39 2.313 2.236 2.159 2.082 2.005 1.928 1.85 1.773 1.704 1.637 1.57 1.503 1.436 1.369
25.674 25.945 26.088 26.231 26.207 26.089 25.971 25.853 25.735 25.617 25.499 25.381 25.263 25.145 25.026 24.908 24.79 24.672 24.708 24.873 25.05 25.278 25.507 25.086 24.586 24.086 23.586 23.086 22.586 22.085 21.585 21.085 20.585 20.085 19.585 19.085 18.585 18.435 18.409 18.112 17.673 17.235 16.796 16.357 15.919 15.48 15.041 14.603 14.164 13.726 13.287 12.848 12.41 12.095 12.088 11.965 11.685 11.404 11.124 10.844 10.563 10.283 10.003 9.722 9.442 9.162 8.881 8.601 8.321 8.04 7.86 7.7 7.54 7.38 7.22 7.06 6.9 6.739 6.579 6.419 6.259 6.099 5.939 5.779 5.619 5.659 5.676 5.593 5.509 5.425 5.342 5.258 5.174 5.091 5.007 4.923 4.84 4.756 4.672 4.589 4.505 4.444 4.503 4.436 4.36 4.284 4.208 4.132 4.056 3.98 3.904 3.828 3.752 3.676 3.6 3.524 3.448 3.372 3.277 3.18 3.103 3.026 2.949 2.872 2.795 2.718 2.641 2.563 2.486 2.409 2.332 2.255 2.178 2.101 2.024 1.829
24.766 24.909 25.051 25.194 25.167 25.049 24.931 24.813 24.694 24.576 24.458 24.34 24.222 24.104 23.986 23.868 23.75 23.743 23.909 24.074 24.252 24.48 24.708 24.869 24.369 23.869 23.369 22.869 22.369 21.869 21.369 20.868 20.368 19.868 19.368 18.868 18.368 18.226 18.2 18.175 17.794 17.355 16.917 16.478 16.039 15.601 15.162 14.723 14.285 13.846 13.408 12.969 12.53 12.222 12.216 12.209 12.031 11.75 11.47 11.19 10.909 10.629 10.349 10.068 9.788 9.508 9.227 8.947 8.667 8.386 8.208 8.048 7.888 7.728 7.568 7.408 7.248 7.088 6.927 6.767 6.607 6.447 6.287 6.127 6.132 6.212 6.226 6.142 6.059 5.975 5.891 5.808 5.724 5.64 5.557 5.473 5.389 5.306 5.222 5.138 5.056 5.115 5.174 5.106 5.03 4.954 4.877 4.801 4.725 4.649 4.573 4.497 4.421 4.345 4.269 4.193 4.117 4.028 3.912 3.816 3.739 3.662 3.585 3.508 3.431 3.354 3.276 3.199 3.122 3.045 2.968 2.891 2.814 2.737 2.565 2.336
23.73 23.872 24.015 24.158 24.126 24.008 23.89 23.772 23.654 23.536 23.418 23.3 23.182 23.064 22.945 22.827 22.779 22.944 23.11 23.275 23.454 23.682 23.91 24.139 24.153 23.652 23.152 22.652 22.152 21.652 21.152 20.652 20.152 19.651 19.151 18.651 18.151 18.016 17.991 17.966 17.914 17.476 17.037 16.599 16.16 15.721 15.283 14.844 14.405 13.967 13.528 13.09 12.651 12.35 12.344 12.337 12.33 12.096 11.816 11.536 11.255 10.975 10.695 10.414 10.134 9.854 9.573 9.293 9.013 8.732 8.556 8.396 8.236 8.076 7.916 7.756 7.596 7.436 7.275 7.115 6.955 6.795 6.635 6.605 6.685 6.764 6.775 6.692 6.608 6.524 6.441 6.357 6.273 6.19 6.106 6.022 5.939 5.855 5.771 5.688 5.727 5.787 5.846 5.775 5.699 5.623 5.547 5.471 5.395 5.319 5.243 5.167 5.091 5.015 4.939 4.862 4.779 4.663 4.548 4.452 4.375 4.298 4.221 4.144 4.066 3.989 3.912 3.835 3.758 3.681 3.604 3.527 3.45 3.299 3.073 2.844
22.693 22.836 22.979 23.121 23.086 22.968 22.85 22.731 22.613 22.495 22.377 22.259 22.141 22.023 21.905 21.815 21.98 22.145 22.31 22.476 22.656 22.884 23.112 23.341 23.569 23.436 22.935 22.435 21.935 21.435 20.935 20.435 19.935 19.435 18.935 18.434 17.934 17.807 17.782 17.757 17.731 17.596 17.158 16.719 16.281 15.842 15.403 14.965 14.526 14.087 13.649 13.21 12.772 12.478 12.471 12.465 12.458 12.442 12.162 11.882 11.601 11.321 11.041 10.76 10.48 10.2 9.919 9.639 9.359 9.078 8.904 8.744 8.584 8.424 8.264 8.104 7.944 7.784 7.623 7.463 7.303 7.143 7.078 7.158 7.237 7.316 7.325 7.241 7.158 7.074 6.99 6.907 6.823 6.739 6.656 6.572 6.488 6.405 6.321 6.34 6.399 6.458 6.518 6.444 6.368 6.292 6.216 6.14 6.064 5.988 5.912 5.836 5.76 5.684 5.608 5.53 5.415 5.299 5.183 5.088 5.011 4.934 4.857 4.779 4.702 4.625 4.548 4.471 4.394 4.317 4.24 4.163 4.034 3.808 3.581 3.352
21.657 21.8 21.942 22.085 22.045 21.927 21.809 21.691 21.573 21.455 21.337 21.219 21.101 20.983 20.864 21.016 21.181 21.346 21.511 21.676 21.857 22.086 22.314 22.542 22.771 22.999 22.719 22.219 21.718 21.218 20.718 20.218 19.718 19.218 18.718 18.218 17.717 17.598 17.573 17.548 17.522 17.497 17.278 16.84 16.401 15.963 15.524 15.085 14.647 14.208 13.77 13.331 12.892 12.606 12.599 12.592 12.586 12.579 12.508 12.228 11.947 11.667 11.387 11.106 10.826 10.546 10.265 9.985 9.705 9.424 9.252 9.092 8.932 8.772 8.612 8.452 8.292 8.132 7.971 7.811 7.651 7.552 7.631 7.71 7.789 7.868 7.874 7.791 7.707 7.623 7.54 7.456 7.372 7.289 7.205 7.122 7.038 6.954 6.952 7.011 7.071 7.13 7.189 7.113 7.037 6.961 6.885 6.809 6.733 6.657 6.581 6.505 6.429 6.353 6.277 6.166 6.05 5.934 5.818 5.724 5.647 5.57 5.492 5.415 5.338 5.261 5.184 5.107 5.03 4.953 4.876 4.769 4.542 4.316 4.089 3.859
20.621 20.763 20.906 21.049 21.005 20.887 20.769 20.65 20.532 20.414 20.296 20.178 20.06 19.942 20.051 20.217 20.382 20.547 20.712 20.877 21.059 21.288 21.516 21.744 21.973 22.201 22.429 22.002 21.502 21.002 20.501 20.001 19.501 19.001 18.501 18.001 17.501 17.389 17.364 17.338 17.313 17.288 17.262 16.96 16.522 16.083 15.645 15.206 14.767 14.329 13.89 13.452 13.013 12.733 12.727 12.72 12.713 12.707 12.7 12.574 12.293 12.013 11.733 11.452 11.172 10.892 10.611 10.331 10.051 9.77 9.6 9.44 9.28 9.12 8.96 8.8 8.64 8.48 8.319 8.159 8.025 8.104 8.183 8.262 8.341 8.421 8.424 8.34 8.257 8.173 8.089 8.006 7.922 7.838 7.755 7.671 7.587 7.564 7.624 7.683 7.742 7.801 7.859 7.783 7.707 7.631 7.555 7.479 7.403 7.326 7.25 7.174 7.098 7.022 6.917 6.801 6.685 6.569 6.453 6.36 6.283 6.205 6.128 6.051 5.974 5.897 5.82 5.743 5.666 5.589 5.504 5.277 5.051 4.824 4.597 4.367
19.584 19.727 19.87 20.012 19.964 19.846 19.728 19.61 19.492 19.374 19.256 19.138 19.02 19.087 19.252 19.417 19.583 19.748 19.913 20.078 20.261 20.489 20.718 20.946 21.174 21.403 21.631 21.785 21.285 20.785 20.285 19.785 19.284 18.784 18.284 17.784 17.284 17.18 17.155 17.129 17.104 17.079 17.053 17.028 16.642 16.204 15.765 15.327 14.888 14.449 14.011 13.572 13.134 12.861 12.854 12.848 12.841 12.834 12.828 12.821 12.639 12.359 12.079 11.798 11.518 11.238 10.957 10.677 10.397 10.116 9.948 9.788 9.628 9.468 9.308 9.148 8.988 8.828 8.668 8.507 8.577 8.656 8.735 8.814 8.894 8.973 8.973 8.89 8.806 8.722 8.639 8.555 8.472 8.388 8.304 8.221 8.177 8.236 8.295 8.354 8.414 8.473 8.528 8.452 8.376 8.3 8.224 8.148 8.072 7.996 7.92 7.844 7.768 7.668 7.552 7.436 7.32 7.205 7.089 6.996 6.918 6.841 6.764 6.687 6.61 6.533 6.456 6.379 6.302 6.225 6.012 5.785 5.559 5.332 5.105 4.874
18.548 18.69 18.833 18.976 18.924 18.806 18.688 18.569 18.451 18.333 18.215 18.097 18.123 18.288 18.453 18.618 18.783 18.949 19.114 19.279 19.463 19.691 19.92 20.148 20.376 20.605 20.833 21.061 21.068 20.568 20.068 19.568 19.068 18.567 18.067 17.567 17.067 16.971 16.946 16.92 16.895 16.869 16.844 16.819 16.763 16.324 15.886 15.447 15.009 14.57 14.131 13.693 13.254 12.989 12.982 12.975 12.969 12.962 12.956 12.949 12.942 12.705 12.425 12.144 11.864 11.584 11.303 11.023 10.743 10.462 10.296 10.136 9.976 9.816 9.656 9.496 9.336 9.176 9.016 9.05 9.129 9.208 9.288 9.367 9.446 9.525 9.523 9.439 9.356 9.272 9.188 9.105 9.021 8.937 8.854 8.789 8.848 8.907 8.967 9.026 9.085 9.145 9.197 9.121 9.045 8.969 8.893 8.817 8.741 8.665 8.589 8.513 8.419 8.303 8.187 8.072 7.956 7.84 7.724 7.631 7.554 7.477 7.4 7.323 7.246 7.169 7.092 7.015 6.938 6.747 6.52 6.293 6.067 5.84 5.614 5.382
17.511 17.654 17.797 17.94 17.883 17.765 17.647 17.529 17.411 17.293 17.175 17.158 17.324 17.489 17.654 17.819 17.984 18.15 18.315 18.48 18.665 18.893 19.122 19.35 19.578 19.807 20.035 20.263 20.492 20.351 19.851 19.351 18.851 18.351 17.851 17.35 16.85 16.762 16.737 16.711 16.686 16.66 16.635 16.61 16.584 16.445 16.007 15.568 15.129 14.691 14.252 13.813 13.375 13.116 13.11 13.103 13.097 13.09 13.083 13.077 13.07 13.051 12.771 12.491 12.21 11.93 11.649 11.369 11.089 10.808 10.644 10.484 10.324 10.164 10.004 9.844 9.684 9.524 9.523 9.602 9.681 9.761 9.84 9.919 9.998 10.077 10.073 9.989 9.905 9.822 9.738 9.654 9.571 9.487 9.403 9.46 9.52 9.579 9.638 9.698 9.757 9.816 9.866 9.79 9.714 9.638 9.562 9.486 9.41 9.334 9.258 9.17 9.054 8.938 8.823 8.707 8.591 8.475 8.359 8.267 8.19 8.113 8.036 7.959 7.882 7.805 7.728 7.651 7.482 7.255 7.028 6.802 6.575 6.348 6.122 5.889
16.475 16.618 16.76 16.903 16.843 16.725 16.606 16.488 16.37 16.252 16.194 16.359 16.524 16.69 16.855 17.02 17.185 17.35 17.516 17.681 17.867 18.095 18.323 18.552 18.78 19.008 19.237 19.465 19.693 19.922 19.634 19.134 18.634 18.134 17.634 17.134 16.634 16.553 16.527 16.502 16.477 16.451 16.426 16.4 16.375 16.35 16.127 15.689 15.25 14.811 14.373 13.934 13.495 13.244 13.238 13.231 13.224 13.218 13.211 13.204 13.198 13.191 13.117 12.837 12.556 12.276 11.996 11.715 11.435 11.155 10.992 10.832 10.672 10.512 10.352 10.192 10.032 9.996 10.075 10.154 10.234 10.313 10.392 10.471 10.55 10.63 10.622 10.538 10.455 10.371 10.287 10.204 10.12 10.036 10.073 10.132 10.191 10.251 10.31 10.369 10.428 10.488 10.536 10.46 10.384 10.308 10.232 10.156 10.08 10.004 9.921 9.805 9.69 9.574 9.458 9.342 9.226 9.11 8.995 8.903 8.826 8.749 8.672 8.595 8.518 8.441 8.364 8.216 7.99 7.763 7.536 7.31 7.083 6.857 6.63 6.397
15.439 15.581 15.724 15.867 15.802 15.684 15.566 15.448 15.33 15.23 15.395 15.56 15.725 15.891 16.056 16.221 16.386 16.551 16.716 16.882 17.069 17.297 17.525 17.754 17.982 18.21 18.439 18.667 18.895 19.124 19.352 18.917 18.417 17.917 17.417 16.917 16.417 16.344 16.318 16.293 16.268 16.242 16.217 16.191 16.166 16.141 16.115 15.809 15.371 14.932 14.493 14.055 13.616 13.372 13.365 13.359 13.352 13.345 13.339 13.332 13.325 13.319 13.312 13.183 12.902 12.622 12.342 12.061 11.781 11.501 11.34 11.18 11.02 10.86 10.7 10.54 10.469 10.548 10.627 10.707 10.786 10.865 10.944 11.024 11.103 11.182 11.172 11.088 11.004 10.921 10.837 10.753 10.67 10.685 10.744 10.803 10.863 10.922 10.981 11.041 11.1 11.159 11.205 11.129 11.053 10.977 10.901 10.825 10.749 10.672 10.557 10.441 10.325 10.209 10.093 9.977 9.862 9.746 9.63 9.539 9.462 9.385 9.308 9.231 9.154 9.077 8.951 8.724 8.498 8.271 8.045 7.818 7.591 7.365 7.138 6.905
14.402 14.545 14.688 14.83 14.762 14.644 14.525 14.407 14.289 14.431 14.596 14.761 14.926 15.091 15.257 15.422 15.587 15.752 15.917 16.083 16.271 16.499 16.727 16.956 17.184 17.412 17.641 17.869 18.097 18.325 18.554 18.701 18.2 17.7 17.2 16.7 16.2 16.135 16.109 16.084 16.058 16.033 16.008 15.982 15.957 15.932 15.906 15.881 15.491 15.053 14.614 14.175 13.737 13.5 13.493 13.486 13.48 13.473 13.466 13.46 13.453 13.447 13.44 13.433 13.248 12.968 12.688 12.407 12.127 11.849 11.688 11.528 11.368 11.208 11.048 10.942 11.021 11.1 11.18 11.259 11.338 11.417 11.497 11.576 11.655 11.734 11.721 11.637 11.554 11.47 11.386 11.303 11.297 11.356 11.416 11.475 11.534 11.594 11.653 11.712 11.772 11.831 11.874 11.798 11.722 11.646 11.57 11.494 11.418 11.308 11.192 11.076 10.96 10.844 10.728 10.613 10.497 10.381 10.265 10.175 10.098 10.021 9.944 9.867 9.79 9.686 9.459 9.233 9.006 8.779 8.553 8.326 8.1 7.873 7.646 7.412
13.366 13.509 13.651 13.794 13.721 13.603 13.485 13.367 13.466 13.631 13.797 13.962 14.127 14.292 14.457 14.623 14.788 14.953 15.118 15.283 15.472 15.701 15.929 16.157 16.386 16.614 16.842 17.071 17.299 17.527 17.756 17.984 17.984 17.484 16.983 16.483 15.983 15.926 15.9 15.875 15.849 15.824 15.799 15.773 15.748 15.722 15.697 15.672 15.612 15.173 14.735 14.296 13.857 13.627 13.621 13.614 13.607 13.601 13.594 13.587 13.581 13.574 13.568 13.561 13.554 13.314 13.034 12.753 12.473 12.197 12.036 11.876 11.716 11.556 11.415 11.494 11.573 11.653 11.732 11.811 11.89 11.97 12.049 12.128 12.207 12.286 12.271 12.187 12.103 12.02 11.936 11.909 11.969 12.028 12.087 12.147 12.206 12.265 12.324 12.384 12.443 12.502 12.544 12.468 12.392 12.315 12.239 12.163 12.059 11.943 11.827 11.711 11.595 11.48 11.364 11.248 11.132 11.016 10.9 10.811 10.734 10.657 10.58 10.503 10.421 10.194 9.967 9.741 9.514 9.288 9.061 8.834 8.608 8.381 8.154 7.92
12.329 12.472 12.615 12.758 12.681 12.562 12.444 12.502 12.667 12.832 12.998 13.163 13.328 13.493 13.658 13.823 13.989 14.154 14.319 14.484 14.674 14.903 15.131 15.359 15.588 15.816 16.044 16.273 16.501 16.729 16.958 17.186 17.414 17.267 16.767 16.266 15.766 15.717 15.691 15.666 15.64 15.615 15.59 15.564 15.539 15.513 15.488 15.463 15.437 15.294 14.855 14.417 13.978 13.755 13.748 13.742 13.735 13.728 13.722 13.715 13.709 13.702 13.695 13.689 13.682 13.66 13.38 13.099 12.819 12.545 12.385 12.224 12.064 11.904 11.967 12.046 12.126 12.205 12.284 12.363 12.443 12.522 12.601 12.68 12.76 12.839 12.82 12.737 12.653 12.569 12.522 12.581 12.64 12.7 12.759 12.818 12.877 12.937 12.996 13.055 13.115 13.174 13.213 13.137 13.061 12.985 12.909 12.81 12.694 12.578 12.462 12.347 12.231 12.115 11.999 11.883 11.767 11.651 11.536 11.447 11.37 11.293 11.216 11.139 10.929 10.702 10.476 10.249 10.022 9.796 9.569 9.342 9.116 8.889 8.663 8.427
11.293 11.436 11.579 11.721 11.64 11.522 11.538 11.703 11.868 12.033 12.198 12.364 12.529 12.694 12.859 13.024 13.19 13.355 13.52 13.685 13.876 14.105 14.333 14.561 14.789 15.018 15.246 15.474 15.703 15.931 16.159 16.388 16.616 16.844 16.55 16.05 15.55 15.507 15.482 15.457 15.431 15.406 15.38 15.355 15.33 15.304 15.279 15.253 15.228 15.203 14.976 14.537 14.099 13.883 13.876 13.869 13.863 13.856 13.85 13.843 13.836 13.83 13.823 13.816 13.81 13.803 13.726 13.445 13.165 12.893 12.733 12.572 12.412 12.44 12.52 12.599 12.678 12.757 12.836 12.916 12.995 13.074 13.153 13.233 13.312 13.391 13.37 13.286 13.202 13.134 13.193 13.253 13.312 13.371 13.43 13.49 13.549 13.608 13.668 13.727 13.786 13.846 13.882 13.806 13.73 13.654 13.561 13.445 13.329 13.214 13.098 12.982 12.866 12.75 12.634 12.518 12.403 12.287 12.171 12.083 12.006 11.929 11.852 11.664 11.437 11.21 10.984 10.757 10.531 10.304 10.077 9.851 9.624 9.397 9.171 8.935
10.257 10.399 10.542 10.685 10.6 10.573 10.738 10.904 11.069 11.234 11.399 11.564 11.73 11.895 12.06 12.225 12.39 12.556 12.721 12.886 13.078 13.306 13.535 13.763 13.991 14.22 14.448 14.676 14.905 15.133 15.361 15.59 15.818 16.046 16.275 15.833 15.333 15.298 15.273 15.248 15.222 15.197 15.171 15.146 15.121 15.095 15.07 15.044 15.019 14.994 14.968 14.658 14.219 14.01 14.004 13.997 13.991 13.984 13.977 13.971 13.964 13.957 13.951 13.944 13.937 13.931 13.924 13.791 13.511 13.241 13.081 12.92 12.913 12.993 13.072 13.151 13.23 13.309 13.389 13.468 13.547 13.626 13.706 13.785 13.864 13.943 13.919 13.836 13.752 13.806 13.865 13.924 13.983 14.043 14.102 14.161 14.221 14.28 14.339 14.398 14.458 14.517 14.551 14.475 14.399 14.312 14.196 14.08 13.965 13.849 13.733 13.617 13.501 13.385 13.27 13.154 13.038 12.922 12.806 12.719 12.642 12.565 12.398 12.172 11.945 11.719 11.492 11.265 11.039 10.812 10.585 10.359 10.132 9.906 9.679 9.442
9.22 9.363 9.506 9.648 9.609 9.774 9.939 10.105 10.27 10.435 10.6 10.765 10.931 11.096 11.261 11.426 11.591 11.756 11.922 12.087 12.28 12.508 12.737 12.965 13.193 13.422 13.65 13.878 14.107 14.335 14.563 14.792 15.02 15.248 15.477 15.616 15.116 15.089 15.064 15.038 15.013 14.988 14.962 14.937 14.911 14.886 14.861 14.835 14.81 14.784 14.759 14.734 14.34 14.138 14.132 14.125 14.118 14.112 14.105 14.098 14.092 14.085 14.078 14.072 14.065 14.059 14.052 14.045 13.857 13.589 13.429 13.386 13.466 13.545 13.624 13.703 13.782 13.862 13.941 14.02 14.099 14.179 14.258 14.337 14.416 14.496 14.469 14.385 14.418 14.477 14.536 14.596 14.655 14.714 14.774 14.833 14.892 14.951 15.011 15.07 15.129 15.189 15.221 15.145 15.063 14.947 14.832 14.716 14.6 14.484 14.368 14.252 14.137 14.021 13.905 13.789 13.673 13.557 13.441 13.355 13.278 13.133 12.907 12.68 12.453 12.227 12.0 11.773 11.547 11.32 11.094 10.867 10.64 10.414 10.187 9.95
8.541 8.655 8.769 8.883 9.02 9.16 9.299 9.439 9.579 9.719 9.859 9.998 10.138 10.297 10.462 10.627 10.792 10.957 11.123 11.288 11.482 11.71 11.938 12.167 12.395 12.623 12.852 13.08 13.308 13.537 13.765 13.993 14.222 14.45 14.678 14.907 14.906 14.88 14.855 14.829 14.804 14.779 14.753 14.728 14.702 14.677 14.652 14.626 14.601 14.575 14.55 14.525 14.46 14.266 14.259 14.253 14.246 14.239 14.233 14.226 14.219 14.213 14.206 14.2 14.193 14.186 14.18 14.173 14.166 13.937 13.859 13.939 14.018 14.097 14.176 14.256 14.335 14.414 14.493 14.572 14.652 14.731 14.81 14.889 14.969 15.048 15.018 15.03 15.089 15.149 15.208 15.267 15.327 15.386 15.445 15.504 15.564 15.623 15.682 15.742 15.801 15.86 15.89 15.814 15.699 15.583 15.467 15.351 15.235 15.119 15.004 14.888 14.772 14.656 14.54 14.424 14.308 14.193 14.077 13.991 13.868 13.641 13.415 13.188 12.962 12.735 12.508 12.282 12.055 11.828 11.602 11.375 11.148 10.922 10.695 10.457
9.333 9.447 9.561 9.675 9.813 9.953 10.092 10.232 10.372 10.512 10.652 10.791 10.931 11.071 11.211 11.35 11.49 11.63 11.77 11.892 12.019 12.223 12.426 12.63 12.834 13.038 13.242 13.445 13.649 13.853 14.057 14.26 14.464 14.668 14.872 15.075 15.213 15.174 15.135 15.096 15.057 15.018 14.979 14.94 14.901 14.862 14.823 14.784 14.745 14.706 14.667 14.628 14.589 14.574 14.559 14.544 14.528 14.513 14.497 14.482 14.467 14.451 14.436 14.421 14.405 14.39 14.374 14.359 14.344 14.33 14.409 14.489 14.569 14.649 14.729 14.808 14.887 14.966 15.045 15.125 15.204 15.283 15.362 15.442 15.521 15.6 15.642 15.702 15.761 15.82 15.88 15.939 15.998 16.057 16.117 16.176 16.235 16.295 16.354 16.413 16.472 16.532 16.559 16.45 16.334 16.218 16.102 15.986 15.87 15.755 15.639 15.523 15.407 15.291 15.175 15.06 14.944 14.828 14.712 14.603 14.376 14.15 13.923 13.696 13.47 13.243 13.016 12.79 12.563 12.337 12.11 11.883 11.657 11.43 11.203 10.965
10.126 10.24 10.354 10.467 10.606 10.745 10.885 11.025 11.165 11.305 11.444 11.584 11.724 11.864 12.004 12.143 12.283 12.423 12.557 12.615 12.744 12.948 13.152 13.355 13.559 13.763 13.967 14.17 14.374 14.578 14.782 14.985 15.189 15.393 15.597 15.755 15.84 15.801 15.762 15.723 15.684 15.645 15.606 15.567 15.528 15.489 15.45 15.411 15.372 15.333 15.294 15.255 15.242 15.232 15.216 15.201 15.185 15.17 15.155 15.139 15.124 15.109 15.093 15.078 15.063 15.047 15.032 15.016 15.0 14.953 14.924 15.004 15.084 15.164 15.244 15.323 15.403 15.483 15.563 15.643 15.723 15.803 15.882 15.962 16.042 16.122 16.118 16.182 16.245 16.309 16.372 16.436 16.499 16.562 16.626 16.689 16.753 16.816 16.88 16.943 17.007 17.07 17.089 16.977 16.865 16.753 16.64 16.528 16.416 16.304 16.191 16.079 15.967 15.855 15.743 15.63 15.518 15.406 15.294 15.103 14.877 14.651 14.425 14.199 13.973 13.747 13.521 13.295 13.069 12.843 12.617 12.391 12.164 11.938 11.712 11.473
10.918 11.032 11.146 11.26 11.398 11.538 11.678 11.818 11.958 12.097 12.237 12.377 12.517 12.657 12.796 12.936 13.076 13.216 13.28 13.338 13.469 13.673 13.877 14.08 14.284 14.488 14.692 14.895 15.099 15.303 15.507 15.71 15.914 16.118 16.293 16.384 16.467 16.428 16.389 16.35 16.311 16.272 16.233 16.194 16.155 16.116 16.077 16.037 15.998 15.959 15.92 15.902 15.9 15.889 15.874 15.858 15.843 15.827 15.812 15.797 15.781 15.766 15.751 15.735 15.72 15.705 15.689 15.674 15.634 15.587 15.517 15.519 15.599 15.679 15.758 15.838 15.918 15.998 16.078 16.158 16.237 16.317 16.397 16.477 16.557 16.637 16.626 16.607 16.67 16.734 16.797 16.861 16.924 16.988 17.051 17.115 17.178 17.241 17.305 17.368 17.432 17.495 17.511 17.399 17.287 17.175 17.063 16.95 16.838 16.726 16.614 16.501 16.389 16.277 16.165 16.053 15.94 15.828 15.732 15.569 15.352 15.126 14.9 14.674 14.448 14.222 13.996 13.77 13.544 13.318 13.092 12.866 12.64 12.414 12.188 11.949
11.711 11.825 11.938 12.052 12.191 12.331 12.471 12.611 12.75 12.89 13.03 13.17 13.31 13.449 13.589 13.729 13.869 13.945 14.003 14.06 14.194 14.398 14.602 14.806 15.009 15.213 15.417 15.621 15.824 16.028 16.232 16.436 16.639 16.831 16.922 17.013 17.094 17.054 17.015 16.976 16.937 16.898 16.859 16.82 16.781 16.742 16.703 16.664 16.625 16.586 16.563 16.56 16.557 16.546 16.531 16.516 16.5 16.485 16.469 16.454 16.439 16.423 16.408 16.393 16.377 16.362 16.347 16.31 16.268 16.22 16.151 16.082 16.113 16.193 16.273 16.353 16.433 16.513 16.593 16.672 16.752 16.832 16.912 16.992 17.072 17.152 17.139 17.092 17.096 17.159 17.223 17.286 17.349 17.413 17.476 17.54 17.603 17.667 17.73 17.794 17.857 17.921 17.934 17.821 17.709 17.597 17.485 17.373 17.26 17.148 17.036 16.924 16.812 16.699 16.587 16.475 16.363 16.264 16.171 16.006 15.828 15.601 15.375 15.149 14.923 14.697 14.471 14.245 14.019 13.793 13.567 13.341 13.115 12.889 12.663 12.423
12.503 12.617 12.731 12.845 12.984 13.124 13.264 13.404 13.543 13.683 13.823 13.963 14.102 14.242 14.382 14.522 14.611 14.668 14.726 14.783 14.919 15.123 15.327 15.531 15.734 15.938 16.142 16.346 16.549 16.753 16.957 17.161 17.364 17.46 17.551 17.642 17.72 17.681 17.642 17.603 17.564 17.525 17.486 17.447 17.408 17.369 17.33 17.291 17.252 17.223 17.22 17.217 17.215 17.204 17.188 17.173 17.158 17.142 17.127 17.111 17.096 17.081 17.065 17.05 17.035 17.019 16.987 16.944 16.902 16.854 16.785 16.715 16.646 16.708 16.788 16.868 16.948 17.028 17.107 17.187 17.267 17.347 17.427 17.507 17.586 17.666 17.651 17.605 17.559 17.584 17.648 17.711 17.775 17.838 17.902 17.965 18.028 18.092 18.155 18.219 18.282 18.346 18.356 18.244 18.131 18.019 17.907 17.795 17.683 17.57 17.458 17.346 17.234 17.122 17.009 16.897 16.796 16.702 16.609 16.443 16.265 16.077 15.851 15.625 15.398 15.172 14.946 14.72 14.494 14.268 14.042 13.816 13.59 13.364 13.138 12.898
13.296 13.409 13.523 13.637 13.777 13.917 14.057 14.196 14.336 14.476 14.616 14.756 14.895 15.035 15.175 15.276 15.333 15.391 15.448 15.506 15.645 15.848 16.052 16.256 16.46 16.663 16.867 17.071 17.275 17.478 17.682 17.886 17.998 18.089 18.18 18.271 18.347 18.308 18.269 18.23 18.191 18.152 18.113 18.074 18.035 17.996 17.957 17.918 17.884 17.881 17.878 17.875 17.872 17.861 17.846 17.83 17.815 17.8 17.784 17.769 17.753 17.738 17.723 17.707 17.692 17.664 17.621 17.578 17.536 17.487 17.418 17.349 17.28 17.223 17.303 17.383 17.462 17.542 17.622 17.702 17.782 17.862 17.942 18.021 18.101 18.181 18.164 18.118 18.071 18.025 18.073 18.136 18.2 18.263 18.327 18.39 18.454 18.517 18.581 18.644 18.708 18.771 18.778 18.666 18.554 18.442 18.329 18.217 18.105 17.993 17.88 17.768 17.656 17.544 17.432 17.327 17.234 17.141 17.047 16.88 16.702 16.524 16.326 16.1 15.874 15.648 15.422 15.195 14.969 14.743 14.517 14.291 14.065 13.839 13.613 13.372
14.088 14.202 14.316 14.43 14.57 14.71 14.849 14.989 15.129 15.269 15.409 15.548 15.688 15.828 15.941 15.999 16.056 16.114 16.171 16.229 16.37 16.573 16.777 16.981 17.185 17.388 17.592 17.796 18.0 18.203 18.407 18.536 18.627 18.718 18.809 18.899 18.974 18.935 18.896 18.857 18.818 18.778 18.739 18.7 18.661 18.622 18.583 18.544 18.541 18.538 18.535 18.533 18.53 18.518 18.503 18.488 18.472 18.457 18.442 18.426 18.411 18.395 18.38 18.365 18.341 18.298 18.255 18.212 18.17 18.121 18.052 17.982 17.913 17.844 17.818 17.897 17.977 18.057 18.137 18.217 18.297 18.377 18.456 18.536 18.616 18.696 18.677 18.63 18.584 18.538 18.498 18.562 18.625 18.689 18.752 18.815 18.879 18.942 19.006 19.069 19.133 19.196 19.2 19.088 18.976 18.864 18.752 18.639 18.527 18.415 18.303 18.19 18.078 17.966 17.859 17.766 17.672 17.579 17.486 17.317 17.139 16.961 16.783 16.575 16.349 16.123 15.897 15.671 15.445 15.218 14.992 14.766 14.54 14.314 14.088 13.847
14.88 14.994 15.108 15.223 15.363 15.502 15.642 15.782 15.922 16.062 16.201 16.341 16.481 16.606 16.664 16.721 16.779 16.836 16.894 16.952 17.095 17.299 17.502 17.706 17.91 18.114 18.317 18.521 18.725 18.929 19.075 19.165 19.256 19.347 19.437 19.528 19.6 19.561 19.522 19.483 19.444 19.405 19.366 19.327 19.288 19.249 19.21 19.202 19.199 19.196 19.193 19.19 19.187 19.176 19.16 19.145 19.13 19.114 19.099 19.084 19.068 19.053 19.037 19.017 18.975 18.932 18.889 18.846 18.804 18.754 18.685 18.616 18.547 18.478 18.409 18.412 18.492 18.572 18.652 18.732 18.811 18.891 18.971 19.051 19.131 19.211 19.189 19.143 19.097 19.051 19.004 18.987 19.05 19.114 19.177 19.241 19.304 19.368 19.431 19.494 19.558 19.621 19.623 19.51 19.398 19.286 19.174 19.062 18.949 18.837 18.725 18.613 18.5 18.391 18.297 18.204 18.111 18.017 17.924 17.754 17.576 17.398 17.22 17.042 16.824 16.598 16.372 16.146 15.92 15.694 15.468 15.242 15.015 14.789 14.563 14.321
15.673 15.787 15.901 16.016 16.156 16.295 16.435 16.575 16.715 16.854 16.994 17.134 17.272 17.329 17.387 17.444 17.502 17.559 17.617 17.674 17.82 18.024 18.227 18.431 18.635 18.839 19.042 19.246 19.45 19.613 19.703 19.794 19.885 19.976 20.066 20.157 20.227 20.188 20.149 20.11 20.071 20.032 19.993 19.954 19.915 19.876 19.862 19.859 19.856 19.853 19.851 19.848 19.845 19.833 19.818 19.802 19.787 19.772 19.756 19.741 19.726 19.71 19.694 19.651 19.609 19.566 19.523 19.48 19.438 19.388 19.319 19.25 19.18 19.111 19.042 18.973 19.007 19.087 19.167 19.246 19.326 19.406 19.486 19.566 19.646 19.726 19.702 19.656 19.61 19.563 19.517 19.471 19.476 19.539 19.602 19.666 19.729 19.793 19.856 19.92 19.983 20.047 20.045 19.933 19.82 19.708 19.596 19.484 19.372 19.259 19.147 19.035 18.923 18.829 18.736 18.643 18.549 18.456 18.362 18.191 18.013 17.835 17.657 17.479 17.299 17.073 16.847 16.621 16.395 16.169 15.943 15.717 15.491 15.265 15.039 14.796
16.465 16.579 16.693 16.809 16.948 17.088 17.228 17.368 17.508 17.647 17.787 17.927 17.994 18.052 18.109 18.167 18.224 18.282 18.34 18.397 18.545 18.749 18.953 19.156 19.36 19.564 19.768 19.971 20.151 20.241 20.332 20.423 20.514 20.604 20.695 20.786 20.854 20.815 20.776 20.737 20.698 20.659 20.62 20.581 20.542 20.522 20.519 20.517 20.514 20.511 20.508 20.505 20.502 20.491 20.475 20.46 20.444 20.429 20.414 20.398 20.383 20.368 20.328 20.285 20.243 20.2 20.157 20.114 20.072 20.022 19.952 19.883 19.814 19.745 19.676 19.607 19.537 19.602 19.681 19.761 19.841 19.921 20.001 20.081 20.16 20.24 20.215 20.169 20.122 20.076 20.03 19.983 19.937 19.964 20.028 20.091 20.155 20.218 20.281 20.345 20.408 20.472 20.467 20.355 20.243 20.13 20.018 19.906 19.794 19.682 19.569 19.457 19.361 19.268 19.174 19.081 18.988 18.894 18.801 18.628 18.45 18.272 18.094 17.916 17.738 17.548 17.322 17.096 16.87 16.644 16.418 16.192 15.966 15.74 15.514 15.271
17.258 17.372 17.485 17.601 17.741 17.881 18.021 18.161 18.3 18.44 18.58 18.66 18.717 18.775 18.832 18.89 18.947 19.005 19.062 19.12 19.27 19.474 19.678 19.881 20.085 20.289 20.493 20.689 20.78 20.87 20.961 21.052 21.142 21.233 21.324 21.415 21.48 21.441 21.402 21.363 21.324 21.285 21.246 21.207 21.183 21.18 21.177 21.174 21.171 21.169 21.166 21.163 21.16 21.148 21.133 21.117 21.102 21.086 21.071 21.056 21.04 21.005 20.962 20.919 20.877 20.834 20.791 20.748 20.706 20.655 20.586 20.517 20.448 20.378 20.309 20.24 20.171 20.116 20.196 20.276 20.356 20.436 20.516 20.595 20.675 20.755 20.728 20.681 20.635 20.589 20.542 20.496 20.45 20.403 20.453 20.516 20.58 20.643 20.707 20.77 20.834 20.897 20.889 20.777 20.665 20.553 20.441 20.328 20.216 20.104 19.992 19.893 19.799 19.706 19.613 19.519 19.426 19.333 19.239 19.064 18.886 18.708 18.53 18.352 18.174 17.996 17.797 17.571 17.345 17.119 16.893 16.667 16.441 16.215 15.989 15.745
18.05 18.164 18.278 18.394 18.534 18.674 18.814 18.953 19.093 19.233 19.325 19.382 19.44 19.497 19.555 19.612 19.67 19.728 19.785 19.843 19.995 20.199 20.403 20.607 20.81 21.014 21.218 21.318 21.408 21.499 21.59 21.681 21.771 21.862 21.953 22.043 22.107 22.068 22.029 21.99 21.951 21.912 21.873 21.843 21.84 21.837 21.835 21.832 21.829 21.826 21.823 21.82 21.818 21.805 21.79 21.775 21.759 21.744 21.728 21.713 21.682 21.639 21.596 21.553 21.511 21.468 21.425 21.382 21.34 21.289 21.219 21.15 21.081 21.012 20.943 20.874 20.805 20.735 20.711 20.791 20.871 20.951 21.03 21.11 21.19 21.27 21.24 21.194 21.148 21.101 21.055 21.009 20.962 20.916 20.878 20.942 21.005 21.068 21.132 21.195 21.259 21.322 21.312 21.199 21.087 20.975 20.863 20.751 20.638 20.526 20.424 20.331 20.238 20.144 20.051 19.958 19.864 19.771 19.678 19.501 19.323 19.145 18.967 18.789 18.611 18.433 18.255 18.046 17.82 17.594 17.368 17.142 16.916 16.69 16.464 16.22
18.843 18.956 19.07 19.187 19.327 19.467 19.606 19.746 19.886 19.99 20.048 20.105 20.163 20.22 20.278 20.335 20.393 20.45 20.508 20.565 20.72 20.924 21.128 21.332 21.535 21.739 21.856 21.946 22.037 22.128 22.219 22.309 22.4 22.491 22.582 22.672 22.734 22.695 22.656 22.617 22.578 22.539 22.504 22.501 22.498 22.495 22.492 22.489 22.487 22.484 22.481 22.478 22.475 22.463 22.447 22.432 22.417 22.401 22.386 22.359 22.316 22.273 22.23 22.188 22.145 22.102 22.059 22.016 21.974 21.922 21.853 21.784 21.715 21.646 21.576 21.507 21.438 21.369 21.3 21.306 21.385 21.465 21.545 21.625 21.705 21.785 21.753 21.707 21.66 21.614 21.568 21.521 21.475 21.429 21.382 21.367 21.43 21.494 21.557 21.621 21.684 21.747 21.734 21.622 21.509 21.397 21.285 21.173 21.061 20.956 20.863 20.769 20.676 20.583 20.489 20.396 20.303 20.209 20.116 19.938 19.76 19.582 19.404 19.226 19.048 18.87 18.692 18.514 18.296 18.07 17.843 17.617 17.391 17.165 16.939 16.694
19.635 19.749 19.863 19.98 20.12 20.26 20.399 20.539 20.655 20.713 20.77 20.828 20.885 20.943 21.0 21.058 21.116 21.173 21.231 21.288 21.446 21.649 21.853 22.057 22.261 22.394 22.485 22.575 22.666 22.757 22.847 22.938 23.029 23.12 23.21 23.301 23.361 23.322 23.283 23.244 23.205 23.165 23.161 23.158 23.155 23.153 23.15 23.147 23.144 23.141 23.138 23.136 23.133 23.12 23.105 23.089 23.074 23.059 23.035 22.993 22.95 22.907 22.864 22.822 22.779 22.736 22.693 22.65 22.608 22.556 22.487 22.417 22.348 22.279 22.21 22.141 22.072 22.003 21.933 21.864 21.9 21.98 22.06 22.14 22.22 22.3 22.266 22.219 22.173 22.127 22.08 22.034 21.988 21.941 21.895 21.849 21.855 21.919 21.982 22.046 22.109 22.173 22.156 22.044 21.932 21.819 21.707 21.595 21.488 21.394 21.301 21.208 21.114 21.021 20.928 20.834 20.741 20.648 20.553 20.375 20.197 20.019 19.841 19.663 19.485 19.307 19.129 18.951 18.771 18.545 18.319 18.093 17.867 17.64 17.414 17.169
20.427 20.541 20.655 20.773 20.913 21.052 21.192 21.32 21.378 21.436 21.493 21.551 21.608 21.666 21.723 21.781 21.838 21.896 21.953 22.011 22.171 22.374 22.578 22.782 22.932 23.023 23.113 23.204 23.295 23.386 23.476 23.567 23.658 23.748 23.839 23.93 23.987 23.948 23.909 23.87 23.831 23.822 23.819 23.816 23.813 23.81 23.807 23.805 23.802 23.799 23.796 23.793 23.79 23.777 23.762 23.747 23.731 23.712 23.669 23.627 23.584 23.541 23.498 23.456 23.413 23.37 23.327 23.284 23.242 23.189 23.12 23.051 22.982 22.913 22.844 22.774 22.705 22.636 22.567 22.498 22.429 22.495 22.575 22.655 22.734 22.814 22.778 22.732 22.686 22.639 22.593 22.547 22.5 22.454 22.408 22.361 22.315 22.344 22.408 22.471 22.534 22.598 22.578 22.466 22.354 22.242 22.13 22.019 21.926 21.833 21.739 21.646 21.553 21.459 21.366 21.273 21.179 21.086 20.99 20.812 20.634 20.456 20.278 20.1 19.922 19.744 19.566 19.388 19.21 19.02 18.794 18.568 18.342 18.116 17.89 17.643
21.22 21.334 21.448 21.566 21.705 21.845 21.985 22.043 22.101 22.158 22.216 22.273 22.331 22.388 22.446 22.504 22.561 22.619 22.676 22.734 22.896 23.1 23.303 23.47 23.561 23.651 23.742 23.833 23.924 24.014 24.105 24.196 24.287 24.377 24.468 24.559 24.614 24.575 24.536 24.497 24.482 24.479 24.476 24.473 24.471 24.468 24.465 24.462 24.459 24.456 24.454 24.451 24.448 24.435 24.419 24.404 24.389 24.346 24.303 24.261 24.218 24.175 24.132 24.09 24.047 24.004 23.961 23.919 23.876 23.823 23.754 23.685 23.615 23.546 23.477 23.408 23.339 23.27 23.201 23.131 23.062 23.01 23.09 23.169 23.249 23.329 23.291 23.245 23.198 23.152 23.106 23.059 23.013 22.967 22.92 22.874 22.828 22.781 22.833 22.896 22.96 23.023 23.001 22.888 22.776 22.664 22.552 22.458 22.364 22.271 22.178 22.084 21.991 21.898 21.804 21.711 21.618 21.524 21.427 21.249 21.071 20.893 20.715 20.537 20.359 20.181 20.003 19.825 19.647 19.469 19.269 19.043 18.817 18.591 18.365 18.118
21.991 22.126 22.24 22.358 22.498 22.638 22.708 22.766 22.824 22.881 22.939 22.996 23.054 23.111 23.169 23.226 23.284 23.341 23.399 23.456 23.621 23.825 24.008 24.099 24.189 24.28 24.371 24.462 24.552 24.643 24.734 24.825 24.915 25.006 25.097 25.188 25.241 25.202 25.163 25.142 25.139 25.137 25.134 25.131 25.128 25.125 25.122 25.12 25.117 25.114 25.111 25.108 25.105 25.092 25.077 25.061 25.023 24.98 24.937 24.895 24.852 24.809 24.766 24.724 24.681 24.638 24.595 24.553 24.51 24.456 24.387 24.318 24.249 24.18 24.111 24.042 23.972 23.903 23.834 23.765 23.696 23.627 23.604 23.684 23.764 23.844 23.804 23.757 23.711 23.665 23.618 23.572 23.526 23.479 23.433 23.387 23.34 23.294 23.258 23.321 23.385 23.448 23.423 23.311 23.198 23.086 22.989 22.896 22.803 22.709 22.616 22.523 22.429 22.336 22.243 22.149 22.056 21.963 21.864 21.686 21.508 21.33 21.152 20.974 20.796 20.618 20.44 20.262 20.084 19.906 19.728 19.518 19.292 19.066 18.84 18.593
22.752 22.905 23.033 23.151 23.291 23.374 23.431 23.489 23.546 23.604 23.661 23.719 23.776 23.834 23.892 23.949 24.007 24.064 24.122 24.179 24.346 24.546 24.637 24.728 24.818 24.909 25.0 25.091 25.181 25.272 25.363 25.453 25.544 25.635 25.726 25.816 25.867 25.828 25.803 25.8 25.797 25.794 25.791 25.789 25.786 25.783 25.78 25.777 25.774 25.772 25.769 25.766 25.763 25.749 25.734 25.7 25.657 25.614 25.571 25.529 25.486 25.443 25.4 25.358 25.315 25.272 25.229 25.187 25.144 25.09 25.021 24.952 24.883 24.813 24.744 24.675 24.606 24.537 24.468 24.399 24.329 24.26 24.191 24.199 24.279 24.359 24.316 24.27 24.224 24.177 24.131 24.085 24.038 23.992 23.946 23.899 23.853 23.807 23.761 23.747 23.81 23.874 23.845 23.733 23.621 23.521 23.428 23.334 23.241 23.148 23.054 22.961 22.868 22.774 22.681 22.588 22.494 22.401 22.301 22.123 21.945 21.767 21.589 21.411 21.233 21.055 20.877 20.699 20.521 20.343 20.165 19.987 19.767 19.541 19.315 19.067
23.514 23.667 23.819 23.944 24.039 24.096 24.154 24.212 24.269 24.327 24.384 24.442 24.499 24.557 24.614 24.672 24.729 24.787 24.844 24.902 25.071 25.175 25.266 25.356 25.447 25.538 25.629 25.719 25.81 25.901 25.992 26.082 26.173 26.264 26.354 26.445 26.494 26.463 26.46 26.457 26.455 26.452 26.449 26.446 26.443 26.44 26.438 26.435 26.432 26.429 26.426 26.423 26.421 26.407 26.376 26.334 26.291 26.248 26.205 26.163 26.12 26.077 26.034 25.992 25.949 25.906 25.863 25.821 25.778 25.724 25.654 25.585 25.516 25.447 25.378 25.309 25.24 25.17 25.101 25.032 24.963 24.894 24.825 24.756 24.794 24.874 24.829 24.783 24.736 24.69 24.644 24.597 24.551 24.505 24.458 24.412 24.366 24.32 24.273 24.227 24.235 24.299 24.267 24.155 24.053 23.96 23.866 23.773 23.679 23.586 23.493 23.399 23.306 23.213 23.119 23.026 22.933 22.839 22.738 22.56 22.382 22.204 22.026 21.848 21.67 21.492 21.314 21.136 20.958 20.78 20.602 20.424 20.242 20.016 19.79 19.542
23.91 24.086 24.261 24.445 24.522 24.599 24.677 24.754 24.832 24.909 24.987 25.064 25.142 25.219 25.297 25.374 25.452 25.51 25.567 25.625 25.713 25.804 25.894 25.985 26.076 26.167 26.257 26.348 26.439 26.53 26.62 26.711 26.802 26.893 26.983 27.074 27.124 27.121 27.118 27.115 27.112 27.109 27.107 27.104 27.101 27.098 27.095 27.092 27.09 27.087 27.084 27.081 27.078 27.053 27.01 26.968 26.925 26.882 26.839 26.797 26.754 26.711 26.668 26.626 26.583 26.54 26.497 26.455 26.412 26.357 26.288 26.219 26.15 26.081 26.011 25.942 25.873 25.804 25.735 25.666 25.597 25.527 25.458 25.389 25.32 25.388 25.342 25.295 25.249 25.203 25.156 25.11 25.064 25.017 24.971 24.925 24.879 24.832 24.786 24.74 24.693 24.724 24.69 24.585 24.491 24.398 24.305 24.211 24.118 24.024 23.931 23.838 23.744 23.651 23.558 23.464 23.371 23.278 23.175 22.997 22.819 22.641 22.463 22.285 22.107 21.929 21.751 21.573 21.395 21.217 21.039 20.861 20.683 20.491 20.265 20.016
23.241 23.416 23.588 23.775 23.996 24.073 24.151 24.228 24.306 24.383 24.461 24.538 24.615 24.693 24.77 24.848 24.925 25.003 25.08 25.158 25.848 25.947 26.046 26.145 26.245 26.344 26.443 26.542 26.642 26.741 26.84 26.939 27.039 27.138 27.237 27.336 27.594 27.704 27.703 27.702 27.701 27.7 27.699 27.698 27.697 27.696 27.695 27.694 27.693 27.692 27.691 27.69 27.689 27.652 27.61 27.569 27.528 27.486 27.445 27.404 27.363 27.321 27.28 27.239 27.197 27.156 27.115 27.074 27.032 27.029 26.955 26.881 26.808 26.734 26.66 26.586 26.512 26.438 26.368 26.299 26.23 26.161 26.092 26.023 25.954 25.901 25.854 25.808 25.762 25.715 25.669 25.623 25.576 25.53 25.484 25.438 25.391 25.345 25.299 25.252 25.206 25.16 25.116 25.023 24.93 24.836 24.743 24.65 24.556 24.463 24.369 24.276 24.183 24.089 23.996 23.903 23.809 23.716 23.612 23.434 23.256 23.078 22.899 22.721 22.543 22.365 22.187 22.009 21.831 21.653 21.475 21.297 21.119 20.941 20.741 20.491
22.572 22.746 22.907 23.097 23.365 23.547 23.624 23.702 23.779 23.857 23.934 24.012 24.089 24.167 24.244 24.322 24.399 24.477 24.554 24.631 25.352 26.048 26.147 26.247 26.346 26.445 26.544 26.644 26.743 26.842 26.941 27.041 27.14 27.239 27.338 27.438 27.703 28.25 28.249 28.248 28.247 28.246 28.245 28.244 28.243 28.242 28.241 28.24 28.239 28.238 28.237 28.236 28.235 28.197 28.156 28.114 28.073 28.032 27.99 27.949 27.908 27.867 27.825 27.784 27.743 27.701 27.66 27.619 27.771 27.944 27.87 27.796 27.722 27.648 27.575 27.501 27.427 27.353 27.279 27.205 27.132 27.058 26.984 26.91 26.836 26.573 26.156 26.114 26.072 26.029 25.987 25.945 25.903 25.861 25.819 25.777 25.734 25.692 25.65 25.608 25.566 25.524 25.251 25.166 25.082 24.997 24.913 24.828 24.744 24.659 24.575 24.491 24.406 24.322 24.237 24.153 24.068 23.984 23.887 23.718 23.549 23.38 23.211 23.042 22.872 22.703 22.534 22.365 22.196 22.027 21.858 21.689 21.52 21.351 21.182 20.968
21.902 22.065 22.227 22.418 22.686 22.955 23.098 23.175 23.253 23.33 23.408 23.485 23.563 23.64 23.718 23.795 23.873 23.95 24.028 24.105 24.838 25.708 26.248 26.348 26.447 26.546 26.645 26.745 26.844 26.943 27.042 27.142 27.241 27.34 27.439 27.539 27.811 28.359 28.795 28.794 28.793 28.792 28.791 28.79 28.789 28.788 28.787 28.786 28.785 28.784 28.783 28.782 28.781 28.742 28.701 28.66 28.618 28.577 28.536 28.495 28.453 28.412 28.371 28.329 28.288 28.247 28.205 28.293 28.694 28.858 28.784 28.711 28.637 28.563 28.489 28.415 28.341 28.268 28.194 28.12 28.046 27.972 27.898 27.825 27.607 27.284 26.683 26.379 26.337 26.294 26.252 26.21 26.168 26.126 26.084 26.042 25.999 25.957 25.915 25.873 25.831 25.789 25.461 25.083 24.999 24.914 24.83 24.745 24.661 24.576 24.492 24.407 24.323 24.239 24.154 24.07 23.985 23.901 23.802 23.633 23.464 23.295 23.126 22.957 22.788 22.619 22.45 22.281 22.112 21.943 21.774 21.605 21.436 21.267 20.92 20.583
21.222 21.384 21.546 21.739 22.007 22.276 22.545 22.649 22.727 22.804 22.881 22.959 23.036 23.114 23.191 23.269 23.346 23.424 23.501 23.579 24.324 25.194 26.064 26.449 26.548 26.647 26.747 26.846 26.945 27.044 27.144 27.243 27.342 27.441 27.541 27.64 27.92 28.467 29.015 29.34 29.339 29.338 29.337 29.336 29.335 29.334 29.333 29.332 29.331 29.33 29.329 29.328 29.327 29.288 29.246 29.205 29.164 29.122 29.081 29.04 28.999 28.957 28.916 28.875 28.833 28.792 28.814 29.215 29.616 29.773 29.699 29.625 29.551 29.478 29.404 29.33 29.256 29.182 29.108 29.035 28.961 28.887 28.813 28.63 28.322 27.995 27.393 26.792 26.602 26.559 26.517 26.475 26.433 26.391 26.349 26.307 26.264 26.222 26.18 26.138 26.096 26.054 25.718 25.207 24.916 24.831 24.747 24.662 24.578 24.493 24.409 24.324 24.24 24.156 24.071 23.987 23.902 23.818 23.718 23.549 23.38 23.211 23.042 22.873 22.704 22.534 22.365 22.196 22.027 21.858 21.689 21.52 21.351 21.049 20.575 20.241
20.542 20.704 20.866 21.06 21.328 21.597 21.866 22.123 22.2 22.278 22.355 22.433 22.51 22.588 22.665 22.743 22.82 22.898 22.975 23.052 23.811 24.681 25.551 26.421 26.649 26.748 26.848 26.947 27.046 27.145 27.245 27.344 27.443 27.542 27.642 27.741 28.028 28.576 29.123 29.671 29.885 29.884 29.883 29.882 29.881 29.88 29.879 29.878 29.877 29.876 29.875 29.874 29.873 29.833 29.792 29.75 29.709 29.668 29.626 29.585 29.544 29.503 29.461 29.42 29.379 29.337 29.737 30.138 30.539 30.687 30.614 30.54 30.466 30.392 30.318 30.245 30.171 30.097 30.023 29.949 29.875 29.802 29.652 29.345 29.038 28.705 28.104 27.502 26.901 26.824 26.782 26.74 26.698 26.656 26.614 26.572 26.53 26.487 26.445 26.403 26.361 26.319 25.975 25.464 24.952 24.748 24.664 24.579 24.495 24.41 24.326 24.241 24.157 24.073 23.988 23.904 23.819 23.735 23.633 23.464 23.295 23.126 22.957 22.788 22.619 22.45 22.281 22.112 21.943 21.774 21.605 21.436 21.178 20.704 20.23 19.899
19.861 20.023 20.185 20.381 20.65 20.918 21.187 21.455 21.674 21.751 21.829 21.906 21.984 22.061 22.139 22.216 22.294 22.371 22.449 22.526 23.297 24.167 25.037 25.907 26.75 26.849 26.949 27.048 27.147 27.246 27.346 27.445 27.544 27.643 27.743 27.842 28.136 28.684 29.232 29.779 30.327 30.43 30.429 30.428 30.427 30.426 30.425 30.424 30.423 30.422 30.421 30.42 30.419 30.378 30.337 30.296 30.254 30.213 30.172 30.13 30.089 30.048 30.007 29.965 29.924 30.258 30.659 31.06 31.461 31.602 31.528 31.454 31.381 31.307 31.233 31.159 31.085 31.011 30.938 30.864 30.79 30.675 30.368 30.061 29.753 29.416 28.814 28.213 27.611 27.09 27.047 27.005 26.963 26.921 26.879 26.837 26.795 26.752 26.71 26.668 26.626 26.584 26.232 25.721 25.209 24.697 24.581 24.496 24.412 24.327 24.243 24.158 24.074 23.989 23.905 23.821 23.736 23.652 23.549 23.38 23.211 23.042 22.873 22.704 22.535 22.366 22.197 22.027 21.858 21.689 21.52 21.307 20.833 20.36 19.886 19.558
19.181 19.343 19.504 19.702 19.971 20.239 20.508 20.777 21.045 21.225 21.302 21.38 21.457 21.535 21.612 21.69 21.767 21.845 21.922 22.0 22.784 23.654 24.523 25.393 26.263 26.951 27.05 27.149 27.248 27.348 27.447 27.546 27.645 27.745 27.844 27.943 28.245 28.792 29.34 29.888 30.435 30.976 30.975 30.974 30.973 30.972 30.971 30.97 30.969 30.968 30.967 30.966 30.965 30.924 30.882 30.841 30.8 30.758 30.717 30.676 30.635 30.593 30.552 30.511 30.78 31.181 31.582 31.983 32.384 32.517 32.443 32.369 32.295 32.221 32.148 32.074 32.0 31.926 31.852 31.778 31.698 31.391 31.083 30.776 30.469 30.126 29.525 28.923 28.322 27.721 27.312 27.27 27.228 27.186 27.144 27.102 27.06 27.017 26.975 26.933 26.891 26.849 26.489 25.978 25.466 24.955 24.498 24.413 24.329 24.244 24.16 24.075 23.991 23.906 23.822 23.738 23.653 23.569 23.464 23.295 23.126 22.957 22.788 22.619 22.45 22.281 22.112 21.943 21.774 21.605 21.436 20.962 20.489 20.015 19.541 19.216
18.5 18.662 18.824 19.023 19.292 19.56 19.829 20.098 20.366 20.635 20.776 20.854 20.931 21.009 21.086 21.164 21.241 21.318 21.396 21.473 22.27 23.14 24.01 24.88 25.75 26.62 27.151 27.25 27.349 27.449 27.548 27.647 27.746 27.846 27.945 28.044 28.353 28.901 29.449 29.996 30.544 31.092 31.521 31.52 31.519 31.518 31.517 31.516 31.515 31.514 31.513 31.512 31.51 31.469 31.428 31.386 31.345 31.304 31.262 31.221 31.18 31.139 31.097 31.301 31.702 32.103 32.504 32.905 33.306 33.431 33.357 33.284 33.21 33.136 33.062 32.988 32.914 32.841 32.767 32.693 32.413 32.106 31.799 31.492 31.184 30.837 30.235 29.634 29.033 28.431 27.83 27.535 27.493 27.451 27.409 27.367 27.325 27.282 27.24 27.198 27.156 27.114 26.746 26.235 25.723 25.212 24.7 24.33 24.246 24.161 24.077 23.992 23.908 23.823 23.739 23.654 23.57 23.486 23.38 23.211 23.042 22.873 22.704 22.535 22.366 22.197 22.028 21.859 21.689 21.52 21.092 20.618 20.144 19.67 19.196 18.875
17.819 17.981 18.143 18.344 18.613 18.881 19.15 19.419 19.687 19.956 20.225 20.327 20.405 20.482 20.56 20.637 20.715 20.792 20.87 20.947 21.756 22.626 23.496 24.366 25.236 26.106 26.976 27.351 27.451 27.55 27.649 27.748 27.848 27.947 28.046 28.145 28.462 29.009 29.557 30.105 30.652 31.2 31.748 32.066 32.065 32.064 32.063 32.062 32.061 32.06 32.059 32.058 32.055 32.014 31.973 31.932 31.89 31.849 31.808 31.766 31.725 31.684 31.822 32.223 32.624 33.025 33.426 33.827 34.228 34.346 34.272 34.198 34.124 34.051 33.977 33.903 33.829 33.755 33.681 33.436 33.129 32.822 32.514 32.207 31.9 31.547 30.946 30.345 29.743 29.142 28.54 27.939 27.758 27.716 27.674 27.632 27.59 27.547 27.505 27.463 27.421 27.379 27.003 26.492 25.98 25.469 24.957 24.445 24.163 24.078 23.994 23.909 23.825 23.74 23.656 23.571 23.487 23.403 23.295 23.126 22.957 22.788 22.619 22.45 22.281 22.112 21.943 21.774 21.605 21.221 20.747 20.273 19.799 19.325 18.851 18.533
17.139 17.301 17.463 17.665 17.934 18.203 18.471 18.74 19.008 19.277 19.546 19.801 19.878 19.956 20.033 20.111 20.188 20.266 20.343 20.421 21.243 22.113 22.983 23.852 24.722 25.592 26.462 27.332 27.552 27.651 27.75 27.849 27.949 28.048 28.147 28.246 28.57 29.118 29.665 30.213 30.761 31.308 31.856 32.404 32.611 32.61 32.609 32.608 32.607 32.606 32.605 32.604 32.601 32.56 32.518 32.477 32.436 32.394 32.353 32.312 32.27 32.344 32.745 33.146 33.547 33.948 34.349 34.75 35.151 35.26 35.187 35.113 35.039 34.965 34.891 34.817 34.744 34.67 34.459 34.152 33.844 33.537 33.23 32.922 32.615 32.258 31.656 31.055 30.454 29.852 29.251 28.65 28.048 27.981 27.939 27.897 27.855 27.812 27.77 27.728 27.686 27.644 27.261 26.749 26.237 25.726 25.214 24.703 24.191 23.995 23.911 23.826 23.742 23.657 23.573 23.488 23.404 23.32 23.211 23.042 22.873 22.704 22.535 22.366 22.197 22.028 21.859 21.69 21.35 20.876 20.402 19.928 19.454 18.98 18.506 18.192
16.458 16.62 16.782 16.986 17.255 17.524 17.792 18.061 18.33 18.598 18.867 19.135 19.352 19.43 19.507 19.585 19.662 19.739 19.817 19.894 20.729 21.599 22.469 23.339 24.209 25.079 25.949 26.818 27.653 27.752 27.851 27.95 28.05 28.149 28.248 28.347 28.678 29.226 29.774 30.321 30.869 31.417 31.964 32.512 33.06 33.156 33.155 33.154 33.153 33.152 33.151 33.15 33.146 33.105 33.064 33.022 32.981 32.94 32.898 32.857 32.865 33.266 33.667 34.068 34.469 34.87 35.271 35.672 36.073 36.175 36.101 36.027 35.954 35.88 35.806 35.732 35.658 35.482 35.174 34.867 34.56 34.252 33.945 33.638 33.331 32.968 32.367 31.766 31.164 30.563 29.961 29.36 28.759 28.246 28.204 28.162 28.12 28.077 28.035 27.993 27.951 27.909 27.518 27.006 26.494 25.983 25.471 24.96 24.448 23.936 23.828 23.743 23.659 23.574 23.49 23.405 23.321 23.236 23.126 22.957 22.788 22.619 22.45 22.281 22.112 21.943 21.774 21.479 21.005 20.531 20.057 19.583 19.109 18.635 18.162 17.85
15.778 15.94 16.101 16.307 16.576 16.845 17.113 17.382 17.651 17.919 18.188 18.457 18.725 18.903 18.981 19.058 19.136 19.213 19.291 19.368 20.216 21.085 21.955 22.825 23.695 24.565 25.435 26.305 27.175 27.853 27.952 28.052 28.151 28.25 28.349 28.449 28.787 29.334 29.882 30.43 30.977 31.525 32.073 32.62 33.168 33.702 33.701 33.7 33.699 33.698 33.697 33.696 33.691 33.65 33.609 33.568 33.526 33.485 33.444 33.402 33.788 34.189 34.59 34.991 35.392 35.793 36.194 36.595 36.996 37.09 37.016 36.942 36.868 36.794 36.721 36.647 36.504 36.197 35.89 35.582 35.275 34.968 34.661 34.353 34.046 33.679 33.078 32.476 31.875 31.273 30.672 30.071 29.469 28.868 28.469 28.427 28.385 28.342 28.3 28.258 28.216 28.174 27.775 27.263 26.751 26.24 25.728 25.217 24.705 24.193 23.745 23.66 23.576 23.491 23.407 23.322 23.238 23.153 23.042 22.873 22.704 22.535 22.366 22.197 22.028 21.859 21.608 21.134 20.66 20.186 19.712 19.238 18.765 18.291 17.817 17.509
15.097 15.259 15.421 15.629 15.897 16.166 16.434 16.703 16.972 17.24 17.509 17.778 18.046 18.315 18.454 18.532 18.609 18.687 18.764 18.842 19.702 20.572 21.442 22.312 23.182 24.051 24.921 25.791 26.661 27.531 28.053 28.153 28.252 28.351 28.45 28.55 28.895 29.443 29.99 30.538 31.086 31.633 32.181 32.729 33.276 33.824 34.247 34.246 34.245 34.244 34.243 34.242 34.237 34.195 34.154 34.113 34.072 34.03 33.989 34.309 34.71 35.111 35.512 35.913 36.314 36.715 37.116 37.517 37.918 38.004 37.93 37.857 37.783 37.709 37.635 37.527 37.22 36.912 36.605 36.298 35.991 35.683 35.376 35.069 34.762 34.389 33.788 33.187 32.585 31.984 31.383 30.781 30.18 29.578 28.977 28.692 28.65 28.608 28.565 28.523 28.481 28.439 28.032 27.52 27.009 26.497 25.985 25.474 24.962 24.45 23.939 23.577 23.493 23.408 23.324 23.239 23.155 23.07 22.957 22.788 22.619 22.45 22.281 22.112 21.943 21.737 21.263 20.789 20.315 19.841 19.367 18.894 18.42 17.946 17.472 17.167
14.416 14.578 14.74 14.95 15.218 15.487 15.756 16.024 16.293 16.561 16.83 17.099 17.367 17.636 17.905 18.006 18.083 18.16 18.238 18.318 19.188 20.058 20.928 21.798 22.668 23.538 24.408 25.278 26.148 27.017 27.887 28.254 28.353 28.452 28.552 28.651 29.003 29.551 30.099 30.646 31.194 31.742 32.289 32.837 33.385 33.933 34.48 34.792 34.791 34.79 34.789 34.788 34.782 34.741 34.7 34.658 34.617 34.576 34.831 35.232 35.633 36.034 36.435 36.836 37.237 37.638 38.039 38.44 38.841 38.919 38.845 38.771 38.697 38.624 38.55 38.242 37.935 37.628 37.321 37.013 36.706 36.399 36.092 35.784 35.477 35.1 34.499 33.897 33.296 32.694 32.093 31.492 30.89 30.289 29.688 29.086 28.915 28.873 28.83 28.788 28.746 28.704 28.289 27.777 27.266 26.754 26.242 25.731 25.219 24.708 24.196 23.684 23.41 23.325 23.241 23.156 23.072 22.987 22.873 22.704 22.535 22.366 22.197 22.028 21.859 21.392 20.918 20.444 19.97 19.497 19.023 18.549 18.075 17.601 17.127 16.826
13.736 13.898 14.06 14.271 14.539 14.808 15.077 15.345 15.614 15.883 16.151 16.42 16.688 16.957 17.226 17.479 17.557 17.634 17.712 17.805 18.675 19.545 20.414 21.284 22.154 23.024 23.894 24.764 25.634 26.504 27.374 28.244 28.454 28.553 28.653 28.752 29.112 29.66 30.207 30.755 31.303 31.85 32.398 32.946 33.493 34.041 34.589 35.136 35.337 35.336 35.335 35.334 35.327 35.286 35.245 35.204 35.162 35.352 35.753 36.154 36.555 36.956 37.357 37.758 38.159 38.56 38.961 39.362 39.763 39.833 39.76 39.686 39.612 39.538 39.265 38.958 38.651 38.343 38.036 37.729 37.422 37.114 36.807 36.5 36.193 35.811 35.209 34.608 34.006 33.405 32.804 32.202 31.601 30.999 30.398 29.797 29.195 29.138 29.095 29.053 29.011 28.969 28.546 28.034 27.523 27.011 26.499 25.988 25.476 24.965 24.453 23.941 23.43 23.242 23.158 23.073 22.989 22.904 22.788 22.619 22.45 22.281 22.112 21.943 21.521 21.047 20.573 20.1 19.626 19.152 18.678 18.204 17.73 17.256 16.782 16.484
13.055 13.217 13.379 13.592 13.861 14.129 14.398 14.666 14.935 15.204 15.472 15.741 16.01 16.278 16.547 16.815 17.03 17.108 17.185 17.291 18.161 19.031 19.901 20.771 21.641 22.511 23.38 24.25 25.12 25.99 26.86 27.73 28.555 28.654 28.754 28.853 29.22 29.768 30.316 30.863 31.411 31.959 32.506 33.054 33.602 34.149 34.697 35.245 35.792 35.882 35.881 35.88 35.873 35.831 35.79 35.749 35.874 36.275 36.676 37.077 37.478 37.879 38.28 38.681 39.082 39.483 39.884 40.285 40.686 40.748 40.674 40.6 40.527 40.288 39.981 39.673 39.366 39.059 38.752 38.444 38.137 37.83 37.523 37.215 36.908 36.521 35.92 35.318 34.717 34.116 33.514 32.913 32.311 31.71 31.109 30.507 29.906 29.403 29.36 29.318 29.276 29.234 28.803 28.291 27.78 27.268 26.756 26.245 25.733 25.222 24.71 24.198 23.687 23.175 23.075 22.99 22.906 22.821 22.704 22.535 22.366 22.197 22.028 21.65 21.176 20.702 20.229 19.755 19.281 18.807 18.333 17.859 17.385 16.911 16.437 16.142
12.375 12.537 12.698 12.913 13.182 13.45 13.719 13.987 14.256 14.525 14.793 15.062 15.331 15.599 15.868 16.137 16.405 16.581 16.659 16.778 17.647 18.517 19.387 20.257 21.127 21.997 22.867 23.737 24.607 25.477 26.346 27.216 28.086 28.756 28.855 28.954 29.329 29.876 30.424 30.972 31.519 32.067 32.615 33.162 33.71 34.258 34.805 35.353 35.901 36.428 36.427 36.426 36.418 36.377 36.335 36.395 36.796 37.197 37.598 37.999 38.4 38.801 39.202 39.603 40.004 40.405 40.806 41.207 41.608 41.663 41.589 41.515 41.311 41.003 40.696 40.389 40.082 39.774 39.467 39.16 38.853 38.545 38.238 37.931 37.624 37.232 36.63 36.029 35.428 34.826 34.225 33.623 33.022 32.421 31.819 31.218 30.616 30.015 29.625 29.583 29.541 29.499 29.06 28.548 28.037 27.525 27.014 26.502 25.99 25.479 24.967 24.456 23.944 23.432 22.992 22.907 22.823 22.738 22.619 22.45 22.281 22.112 21.779 21.305 20.832 20.358 19.884 19.41 18.936 18.462 17.988 17.514 17.04 16.567 16.093 15.801
11.694 11.856 12.018 12.234 12.503 12.771 13.04 13.309 13.577 13.846 14.114 14.383 14.652 14.92 15.189 15.458 15.726 15.995 16.133 16.264 17.134 18.004 18.874 19.744 20.613 21.483 22.353 23.223 24.093 24.963 25.833 26.703 27.573 28.443 28.956 29.055 29.437 29.985 30.532 31.08 31.628 32.175 32.723 33.271 33.818 34.366 34.914 35.461 36.009 36.557 36.973 36.972 36.963 36.922 36.917 37.318 37.719 38.12 38.521 38.922 39.323 39.724 40.125 40.526 40.927 41.328 41.729 42.13 42.531 42.577 42.503 42.333 42.026 41.719 41.412 41.104 40.797 40.49 40.183 39.875 39.568 39.261 38.954 38.646 38.339 37.942 37.341 36.739 36.138 35.537 34.935 34.334 33.733 33.131 32.53 31.928 31.327 30.726 30.124 29.848 29.806 29.764 29.317 28.805 28.294 27.782 27.271 26.759 26.247 25.736 25.224 24.713 24.201 23.689 23.178 22.824 22.74 22.655 22.535 22.366 22.197 21.908 21.435 20.961 20.487 20.013 19.539 19.065 18.591 18.117 17.643 17.17 16.696 16.222 15.748 15.459
11.013 11.175 11.337 11.555 11.824 12.092 12.361 12.63 12.898 13.167 13.436 13.704 13.973 14.241 14.51 14.779 15.047 15.316 15.585 15.75 16.62 17.49 18.36 19.23 20.1 20.97 21.84 22.71 23.579 24.449 25.319 26.189 27.059 27.929 28.799 29.156 29.545 30.093 30.641 31.188 31.736 32.284 32.831 33.379 33.927 34.474 35.022 35.57 36.117 36.665 37.213 37.518 37.509 37.467 37.839 38.24 38.641 39.042 39.443 39.844 40.245 40.646 41.047 41.448 41.849 42.25 42.651 43.052 43.453 43.492 43.356 43.049 42.742 42.434 42.127 41.82 41.513 41.205 40.898 40.591 40.284 39.976 39.669 39.362 39.055 38.653 38.051 37.45 36.849 36.247 35.646 35.044 34.443 33.842 33.24 32.639 32.038 31.436 30.835 30.233 30.071 30.029 29.574 29.062 28.551 28.039 27.528 27.016 26.504 25.993 25.481 24.97 24.458 23.946 23.435 22.923 22.657 22.572 22.451 22.281 22.038 21.564 21.09 20.616 20.142 19.668 19.194 18.72 18.246 17.772 17.299 16.825 16.351 15.877 15.403 15.118
10.703 10.846 10.99 11.299 11.543 11.786 12.029 12.273 12.516 12.76 13.003 13.246 13.49 13.733 13.977 14.22 14.463 14.707 14.95 15.253 16.107 16.977 17.846 18.716 19.586 20.456 21.326 22.196 23.066 23.936 24.806 25.675 26.545 27.415 28.285 29.155 29.654 30.201 30.749 31.297 31.844 32.392 32.94 33.487 34.035 34.583 35.13 35.678 36.226 36.774 37.321 37.869 38.054 38.361 38.762 39.163 39.564 39.965 40.366 40.767 41.168 41.569 41.97 42.371 42.772 43.173 43.574 43.975 44.376 44.379 44.072 43.764 43.457 43.15 42.843 42.535 42.228 41.921 41.614 41.306 40.999 40.692 40.385 40.077 39.77 39.363 38.762 38.161 37.559 36.958 36.356 35.755 35.154 34.552 33.951 33.349 32.748 32.147 31.545 30.944 30.343 30.294 29.831 29.32 28.808 28.296 27.785 27.273 26.762 26.25 25.738 25.227 24.715 24.203 23.692 23.18 22.669 22.489 22.366 22.167 21.693 21.219 20.745 20.271 19.797 19.323 18.849 18.375 17.902 17.428 16.954 16.48 16.006 15.532 15.061 14.776
11.197 11.34 11.643 12.087 12.444 12.687 12.931 13.174 13.417 13.661 13.904 14.148 14.391 14.634 14.878 15.121 15.365 15.608 15.851 16.154 16.931 17.779 18.628 19.476 20.324 21.172 22.02 22.869 23.717 24.565 25.413 26.261 27.11 27.958 28.806 29.654 30.29 30.826 31.362 31.898 32.434 32.97 33.506 34.042 34.578 35.114 35.65 36.186 36.722 37.258 37.794 38.33 38.871 39.272 39.674 40.075 40.476 40.878 41.279 41.681 42.082 42.483 42.885 43.286 43.688 44.089 44.49 44.892 45.293 45.116 44.807 44.498 44.188 43.879 43.57 43.261 42.952 42.643 42.334 42.025 41.716 41.407 41.1 40.793 40.486 40.074 39.472 38.871 38.27 37.668 37.067 36.466 35.864 35.263 34.661 34.06 33.459 32.857 32.256 31.654 31.053 30.559 30.088 29.577 29.065 28.553 28.042 27.53 27.019 26.507 25.995 25.484 24.972 24.461 23.949 23.437 22.926 22.414 22.282 21.822 21.348 20.874 20.4 19.926 19.452 18.978 18.505 18.031 17.557 17.083 16.609 16.135 15.661 15.187 14.72 14.435
11.691 11.956 12.355 12.8 13.279 13.588 13.832 14.075 14.319 14.562 14.805 15.049 15.292 15.536 15.779 16.022 16.266 16.509 16.753 17.063 17.811 18.609 19.457 20.306 21.154 22.002 22.85 23.698 24.547 25.395 26.243 27.091 27.939 28.788 29.636 30.484 31.115 31.651 32.187 32.723 33.259 33.795 34.331 34.867 35.403 35.939 36.475 37.011 37.547 38.083 38.619 39.2 39.77 40.171 40.572 40.974 41.375 41.777 42.178 42.579 42.981 43.382 43.784 44.185 44.586 44.988 45.389 45.791 46.062 45.926 45.631 45.322 45.013 44.704 44.395 44.086 43.777 43.468 43.159 42.85 42.54 42.231 41.922 41.613 41.304 40.886 40.283 39.679 39.076 38.473 37.87 37.266 36.663 36.06 35.457 34.853 34.25 33.647 33.044 32.441 31.837 31.275 30.753 30.231 29.708 29.186 28.663 28.141 27.618 27.096 26.574 26.051 25.529 25.006 24.484 23.961 23.439 22.916 22.152 21.668 21.185 20.702 20.219 19.735 19.252 18.769 18.285 17.802 17.319 16.836 16.352 15.869 15.386 14.903 14.419 14.122
12.269 12.668 13.067 13.514 13.992 14.471 14.733 14.976 15.22 15.463 15.707 15.95 16.193 16.437 16.68 16.924 17.167 17.41 17.654 17.972 18.721 19.469 20.287 21.135 21.984 22.832 23.68 24.528 25.376 26.225 27.073 27.921 28.769 29.617 30.466 31.314 31.94 32.476 33.012 33.548 34.084 34.62 35.156 35.692 36.228 36.764 37.3 37.836 38.372 38.908 39.475 40.102 40.668 41.07 41.471 41.872 42.274 42.675 43.077 43.478 43.879 44.281 44.682 45.084 45.485 45.886 46.288 46.583 46.826 46.682 46.456 46.147 45.838 45.529 45.22 44.91 44.601 44.292 43.983 43.674 43.365 43.056 42.747 42.438 42.129 41.705 41.102 40.499 39.896 39.292 38.689 38.086 37.483 36.88 36.276 35.673 35.07 34.467 33.863 33.26 32.685 32.168 31.645 31.123 30.601 30.078 29.556 29.033 28.511 27.988 27.466 26.944 26.421 25.899 25.376 24.854 24.331 23.475 22.555 21.868 21.385 20.901 20.418 19.935 19.452 18.968 18.485 18.002 17.518 17.035 16.552 16.069 15.585 15.102 14.618 14.157
12.981 13.38 13.78 14.227 14.706 15.184 15.634 15.878 16.121 16.364 16.608 16.851 17.095 17.338 17.581 17.825 18.068 18.312 18.555 18.881 19.63 20.378 21.127 21.965 22.813 23.662 24.51 25.358 26.206 27.054 27.903 28.751 29.599 30.447 31.295 32.144 32.765 33.301 33.837 34.373 34.909 35.445 35.981 36.517 37.052 37.588 38.124 38.66 39.196 39.75 40.377 41.005 41.567 41.968 42.37 42.771 43.173 43.574 43.975 44.377 44.778 45.18 45.581 45.982 46.384 46.785 47.103 47.347 47.59 47.439 47.215 46.971 46.662 46.353 46.044 45.735 45.426 45.117 44.808 44.499 44.19 43.881 43.572 43.262 42.953 42.525 41.922 41.319 40.715 40.112 39.509 38.906 38.302 37.699 37.096 36.493 35.89 35.286 34.683 34.096 33.578 33.06 32.538 32.015 31.493 30.971 30.448 29.926 29.403 28.881 28.358 27.836 27.314 26.791 26.269 25.746 24.964 23.936 23.019 22.203 21.584 21.101 20.618 20.134 19.651 19.168 18.685 18.201 17.718 17.235 16.751 16.268 15.785 15.302 14.817 14.32
13.693 14.092 14.492 14.94 15.419 15.898 16.377 16.779 17.022 17.266 17.509 17.752 17.996 18.239 18.483 18.726 18.969 19.213 19.456 19.791 20.539 21.288 22.036 22.795 23.643 24.491 25.34 26.188 27.036 27.884 28.732 29.581 30.429 31.277 32.125 32.973 33.589 34.125 34.661 35.197 35.733 36.269 36.805 37.341 37.877 38.413 38.949 39.485 40.026 40.653 41.28 41.907 42.466 42.867 43.269 43.67 44.071 44.473 44.874 45.276 45.677 46.078 46.48 46.881 47.283 47.624 47.867 48.111 48.355 48.195 47.972 47.748 47.487 47.178 46.869 46.56 46.251 45.942 45.632 45.323 45.014 44.705 44.396 44.087 43.778 43.345 42.742 42.138 41.535 40.932 40.329 39.725 39.122 38.519 37.916 37.312 36.709 36.106 35.506 34.988 34.471 33.953 33.43 32.908 32.386 31.863 31.341 30.818 30.296 29.773 29.251 28.728 28.206 27.684 27.161 26.453 25.425 24.396 23.484 22.667 21.851 21.3 20.817 20.334 19.851 19.367 18.884 18.401 17.918 17.434 16.951 16.468 15.984 15.501 15.017 14.519
14.405 14.804 15.204 15.654 16.132 16.611 17.09 17.569 17.923 18.167 18.41 18.653 18.897 19.14 19.384 19.627 19.87 20.114 20.357 20.7 21.448 22.197 22.946 23.694 24.473 25.321 26.169 27.018 27.866 28.714 29.562 30.41 31.259 32.107 32.955 33.803 34.414 34.95 35.486 36.022 36.558 37.094 37.63 38.166 38.702 39.238 39.774 40.31 40.928 41.555 42.182 42.81 43.365 43.766 44.167 44.569 44.97 45.372 45.773 46.174 46.576 46.977 47.379 47.78 48.144 48.388 48.632 48.875 49.119 48.952 48.728 48.504 48.281 48.002 47.693 47.384 47.075 46.766 46.457 46.148 45.839 45.53 45.221 44.912 44.603 44.164 43.561 42.958 42.355 41.752 41.148 40.545 39.942 39.339 38.735 38.132 37.529 36.926 36.399 35.881 35.363 34.845 34.323 33.8 33.278 32.756 32.233 31.711 31.188 30.666 30.143 29.621 29.099 28.576 27.942 26.914 25.885 24.857 23.948 23.132 22.316 21.5 21.017 20.533 20.05 19.567 19.084 18.6 18.117 17.634 17.151 16.667 16.184 15.701 15.216 14.719
15.117 15.516 15.916 16.367 16.846 17.324 17.803 18.282 18.761 19.068 19.311 19.555 19.798 20.041 20.285 20.528 20.772 21.015 21.258 21.609 22.358 23.106 23.855 24.603 25.352 26.151 26.999 27.847 28.696 29.544 30.392 31.24 32.088 32.937 33.785 34.633 35.239 35.775 36.311 36.847 37.383 37.919 38.455 38.991 39.527 40.063 40.599 41.203 41.83 42.458 43.085 43.712 44.263 44.665 45.066 45.467 45.869 46.27 46.672 47.073 47.474 47.876 48.277 48.665 48.909 49.152 49.396 49.639 49.883 49.708 49.484 49.261 49.037 48.814 48.518 48.209 47.9 47.591 47.282 46.973 46.663 46.354 46.045 45.736 45.427 44.984 44.381 43.778 43.174 42.571 41.968 41.365 40.761 40.158 39.555 38.952 38.349 37.809 37.291 36.773 36.256 35.738 35.215 34.693 34.17 33.648 33.126 32.603 32.081 31.558 31.036 30.513 29.991 29.431 28.403 27.375 26.346 25.318 24.413 23.596 22.78 21.964 21.216 20.733 20.25 19.766 19.283 18.8 18.317 17.833 17.35 16.867 16.384 15.9 15.415 14.918
15.829 16.228 16.628 17.08 17.559 18.038 18.517 18.995 19.474 19.953 20.212 20.456 20.699 20.943 21.186 21.429 21.673 21.916 22.16 22.518 23.267 24.016 24.764 25.513 26.261 27.01 27.829 28.677 29.525 30.374 31.222 32.07 32.918 33.766 34.615 35.463 36.064 36.6 37.136 37.671 38.207 38.743 39.279 39.815 40.351 40.887 41.479 42.106 42.733 43.36 43.987 44.614 45.162 45.563 45.965 46.366 46.768 47.169 47.57 47.972 48.373 48.775 49.176 49.429 49.673 49.916 50.16 50.404 50.647 50.464 50.241 50.017 49.794 49.57 49.343 49.033 48.724 48.415 48.106 47.797 47.488 47.179 46.87 46.561 46.252 45.804 45.201 44.597 43.994 43.391 42.788 42.184 41.581 40.978 40.375 39.771 39.219 38.702 38.184 37.666 37.148 36.63 36.108 35.585 35.063 34.541 34.018 33.496 32.973 32.451 31.928 31.406 30.883 29.892 28.864 27.835 26.807 25.779 24.877 24.061 23.245 22.429 21.613 20.932 20.449 19.966 19.483 18.999 18.516 18.033 17.55 17.066 16.583 16.1 15.614 15.117
16.541 16.94 17.34 17.794 18.272 18.751 19.23 19.709 20.187 20.666 21.114 21.357 21.6 21.844 22.087 22.331 22.574 22.817 23.061 23.428 24.176 24.925 25.673 26.422 27.171 27.919 28.668 29.507 30.355 31.203 32.052 32.9 33.748 34.596 35.444 36.293 36.888 37.424 37.96 38.496 39.032 39.568 40.104 40.64 41.176 41.754 42.381 43.008 43.635 44.263 44.89 45.517 46.061 46.462 46.864 47.265 47.666 48.068 48.469 48.871 49.272 49.673 49.95 50.193 50.437 50.681 50.924 51.168 51.411 51.221 50.997 50.774 50.55 50.327 50.103 49.858 49.549 49.24 48.931 48.622 48.313 48.004 47.695 47.385 47.076 46.623 46.02 45.417 44.814 44.211 43.607 43.004 42.401 41.798 41.194 40.63 40.112 39.594 39.076 38.559 38.041 37.523 37.0 36.478 35.955 35.433 34.911 34.388 33.866 33.343 32.821 32.298 31.381 30.353 29.324 28.296 27.268 26.24 25.342 24.525 23.709 22.893 22.077 21.261 20.649 20.165 19.682 19.199 18.716 18.232 17.749 17.266 16.783 16.299 15.814 15.317
17.253 17.653 18.052 18.507 18.986 19.464 19.943 20.422 20.901 21.379 21.858 22.258 22.502 22.745 22.988 23.232 23.475 23.719 23.962 24.337 25.086 25.834 26.583 27.331 28.08 28.828 29.577 30.337 31.185 32.033 32.881 33.73 34.578 35.426 36.274 37.122 37.713 38.249 38.785 39.321 39.857 40.393 40.929 41.465 42.029 42.656 43.284 43.911 44.538 45.165 45.792 46.419 46.959 47.361 47.762 48.164 48.565 48.966 49.368 49.769 50.171 50.47 50.714 50.958 51.201 51.445 51.688 51.932 52.176 51.977 51.754 51.53 51.307 51.083 50.86 50.636 50.374 50.065 49.755 49.446 49.137 48.828 48.519 48.21 47.901 47.443 46.84 46.237 45.633 45.03 44.427 43.824 43.22 42.617 42.04 41.522 41.005 40.487 39.969 39.451 38.933 38.415 37.893 37.37 36.848 36.325 35.803 35.281 34.758 34.236 33.713 32.87 31.842 30.813 29.785 28.757 27.729 26.701 25.806 24.99 24.174 23.358 22.542 21.725 20.909 20.365 19.882 19.398 18.915 18.432 17.949 17.465 16.982 16.499 16.013 15.516
17.965 18.365 18.764 19.22 19.699 20.178 20.656 21.135 21.614 22.093 22.572 23.05 23.403 23.646 23.89 24.133 24.376 24.62 24.863 25.246 25.995 26.743 27.492 28.241 28.989 29.738 30.486 31.235 32.015 32.863 33.711 34.559 35.408 36.256 37.104 37.952 38.538 39.074 39.61 40.146 40.682 41.218 41.754 42.304 42.932 43.559 44.186 44.813 45.44 46.067 46.695 47.322 47.858 48.26 48.661 49.062 49.464 49.865 50.267 50.668 50.991 51.234 51.478 51.722 51.965 52.209 52.453 52.696 52.94 52.734 52.51 52.287 52.063 51.84 51.616 51.392 51.169 50.889 50.58 50.271 49.962 49.653 49.344 49.035 48.726 48.263 47.66 47.056 46.453 45.85 45.247 44.643 44.04 43.451 42.933 42.415 41.897 41.379 40.862 40.344 39.826 39.308 38.785 38.263 37.74 37.218 36.696 36.173 35.651 35.128 34.359 33.331 32.302 31.274 30.246 29.218 28.19 27.162 26.271 25.455 24.638 23.822 23.006 22.19 21.374 20.565 20.081 19.598 19.115 18.631 18.148 17.665 17.182 16.698 16.212 15.715
18.677 19.077 19.476 19.933 20.412 20.891 21.37 21.849 22.327 22.806 23.285 23.764 24.242 24.547 24.791 25.034 25.277 25.521 25.764 26.156 26.904 27.653 28.401 29.15 29.898 30.647 31.396 32.144 32.893 33.693 34.541 35.389 36.237 37.086 37.934 38.782 39.362 39.898 40.434 40.97 41.506 42.042 42.58 43.207 43.834 44.461 45.088 45.716 46.343 46.97 47.597 48.224 48.757 49.158 49.56 49.961 50.363 50.764 51.165 51.511 51.755 51.999 52.242 52.486 52.73 52.973 53.217 53.46 53.704 53.49 53.267 53.043 52.82 52.596 52.372 52.149 51.925 51.702 51.405 51.096 50.787 50.477 50.168 49.859 49.55 49.082 48.479 47.876 47.273 46.67 46.066 45.463 44.861 44.343 43.825 43.308 42.79 42.272 41.754 41.236 40.718 40.2 39.678 39.155 38.633 38.11 37.588 37.066 36.543 35.848 34.82 33.791 32.763 31.735 30.707 29.679 28.651 27.623 26.735 25.919 25.103 24.287 23.471 22.654 21.838 21.022 20.281 19.798 19.314 18.831 18.348 17.864 17.381 16.898 16.412 15.914
19.389 19.789 20.188 20.647 21.126 21.604 22.083 22.562 23.041 23.519 23.998 24.477 24.956 25.434 25.692 25.935 26.179 26.422 26.665 27.065 27.813 28.562 29.311 30.059 30.808 31.556 32.305 33.053 33.802 34.55 35.371 36.219 37.067 37.915 38.764 39.612 40.187 40.723 41.259 41.795 42.331 42.867 43.482 44.109 44.737 45.364 45.991 46.618 47.245 47.872 48.5 49.127 49.656 50.057 50.459 50.86 51.261 51.663 52.032 52.276 52.519 52.763 53.007 53.25 53.494 53.737 53.981 54.225 54.468 54.247 54.023 53.8 53.576 53.353 53.129 52.905 52.682 52.458 52.229 51.92 51.611 51.302 50.993 50.684 50.375 49.902 49.299 48.696 48.092 47.489 46.886 46.283 45.754 45.236 44.718 44.2 43.682 43.164 42.647 42.129 41.611 41.093 40.57 40.048 39.525 39.003 38.48 37.958 37.337 36.309 35.28 34.252 33.224 32.196 31.168 30.14 29.112 28.084 27.2 26.384 25.567 24.751 23.935 23.119 22.303 21.487 20.671 19.997 19.514 19.031 18.547 18.064 17.581 17.097 16.611 16.114
20.101 20.501 20.9 21.36 21.839 22.318 22.796 23.275 23.754 24.233 24.711 25.19 25.669 26.148 26.593 26.836 27.08 27.323 27.567 27.974 28.723 29.471 30.22 30.968 31.717 32.466 33.214 33.963 34.711 35.46 36.208 37.049 37.897 38.745 39.593 40.442 41.012 41.548 42.084 42.62 43.156 43.757 44.385 45.012 45.639 46.266 46.893 47.521 48.148 48.775 49.402 50.029 50.554 50.956 51.357 51.759 52.16 52.553 52.796 53.04 53.283 53.527 53.771 54.014 54.258 54.502 54.745 54.989 55.227 55.003 54.78 54.556 54.333 54.109 53.885 53.662 53.438 53.215 52.991 52.745 52.436 52.127 51.818 51.508 51.199 50.722 50.119 49.515 48.912 48.309 47.706 47.164 46.646 46.128 45.61 45.093 44.575 44.057 43.539 43.021 42.504 41.985 41.463 40.94 40.418 39.895 39.373 38.826 37.798 36.769 35.741 34.713 33.685 32.657 31.629 30.601 29.573 28.544 27.664 26.848 26.032 25.216 24.4 23.583 22.767 21.951 21.135 20.319 19.713 19.23 18.747 18.263 17.78 17.297 16.81 16.313
20.813 21.213 21.612 22.073 22.552 23.031 23.51 23.989 24.467 24.946 25.425 25.904 26.382 26.861 27.34 27.738 27.981 28.224 28.468 28.883 29.632 30.381 31.129 31.878 32.626 33.375 34.123 34.872 35.62 36.369 37.118 37.879 38.727 39.575 40.423 41.271 41.837 42.373 42.909 43.445 44.033 44.66 45.287 45.914 46.541 47.169 47.796 48.423 49.05 49.677 50.304 50.932 51.453 51.855 52.256 52.657 53.059 53.317 53.56 53.804 54.048 54.291 54.535 54.779 55.022 55.266 55.509 55.753 55.983 55.76 55.536 55.313 55.089 54.865 54.642 54.418 54.195 53.971 53.748 53.524 53.26 52.951 52.642 52.333 52.024 51.541 50.938 50.335 49.732 49.129 48.574 48.056 47.539 47.021 46.503 45.985 45.467 44.95 44.432 43.914 43.396 42.878 42.355 41.833 41.31 40.788 40.265 39.287 38.258 37.23 36.202 35.174 34.146 33.118 32.09 31.062 30.033 29.005 28.129 27.313 26.496 25.68 24.864 24.048 23.232 22.416 21.6 20.783 19.967 19.43 18.946 18.463 17.98 17.496 17.009 16.512
21.525 21.925 22.324 22.787 23.266 23.744 24.223 24.702 25.181 25.659 26.138 26.617 27.096 27.574 28.053 28.532 28.882 29.126 29.369 29.793 30.541 31.29 32.038 32.787 33.536 34.284 35.033 35.781 36.53 37.278 38.027 38.775 39.557 40.405 41.253 42.101 42.661 43.197 43.733 44.308 44.935 45.562 46.19 46.817 47.444 48.071 48.698 49.325 49.953 50.58 51.207 51.834 52.352 52.753 53.155 53.556 53.837 54.081 54.325 54.568 54.812 55.056 55.299 55.543 55.786 56.03 56.274 56.517 56.74 56.516 56.293 56.069 55.845 55.622 55.398 55.175 54.951 54.728 54.504 54.28 54.057 53.776 53.467 53.158 52.849 52.361 51.758 51.155 50.551 49.985 49.467 48.949 48.431 47.913 47.396 46.878 46.36 45.842 45.324 44.806 44.289 43.77 43.248 42.725 42.203 41.68 40.776 39.747 38.719 37.691 36.663 35.635 34.607 33.579 32.551 31.523 30.494 29.466 28.593 27.777 26.961 26.145 25.329 24.513 23.696 22.88 22.064 21.248 20.432 19.629 19.146 18.663 18.179 17.696 17.209 16.712
22.238 22.637 23.036 23.5 23.979 24.458 24.936 25.415 25.894 26.373 26.851 27.33 27.809 28.288 28.767 29.245 29.724 30.027 30.27 30.702 31.451 32.199 32.948 33.696 34.445 35.193 35.942 36.69 37.439 38.188 38.936 39.685 40.433 41.235 42.083 42.931 43.486 44.022 44.583 45.211 45.838 46.465 47.092 47.719 48.346 48.974 49.601 50.228 50.855 51.482 52.109 52.737 53.251 53.652 54.054 54.358 54.602 54.845 55.089 55.333 55.576 55.82 56.063 56.307 56.551 56.794 57.038 57.282 57.496 57.273 57.049 56.825 56.602 56.378 56.155 55.931 55.708 55.484 55.261 55.037 54.813 54.59 54.291 53.982 53.673 53.181 52.578 51.974 51.395 50.877 50.359 49.842 49.324 48.806 48.288 47.77 47.252 46.735 46.217 45.699 45.181 44.663 44.14 43.618 43.095 42.265 41.237 40.208 39.18 38.152 37.124 36.096 35.068 34.04 33.012 31.983 30.955 29.927 29.058 28.242 27.426 26.609 25.793 24.977 24.161 23.345 22.529 21.712 20.896 20.08 19.345 18.862 18.379 17.896 17.408 16.911
22.95 23.349 23.748 24.213 24.692 25.171 25.65 26.128 26.607 27.086 27.565 28.044 28.522 29.001 29.48 29.959 30.437 30.916 31.171 31.611 32.36 33.108 33.857 34.606 35.354 36.103 36.851 37.6 38.348 39.097 39.845 40.594 41.343 42.091 42.913 43.761 44.311 44.859 45.486 46.113 46.74 47.367 47.994 48.622 49.249 49.876 50.503 51.13 51.757 52.385 53.012 53.639 54.149 54.551 54.879 55.122 55.366 55.609 55.853 56.097 56.34 56.584 56.828 57.071 57.315 57.558 57.802 58.046 58.253 58.029 57.806 57.582 57.358 57.135 56.911 56.688 56.464 56.241 56.017 55.793 55.57 55.346 55.116 54.807 54.498 54.0 53.397 52.805 52.288 51.77 51.252 50.734 50.216 49.698 49.181 48.663 48.145 47.627 47.109 46.592 46.074 45.555 45.033 44.51 43.754 42.726 41.697 40.669 39.641 38.613 37.585 36.557 35.529 34.501 33.472 32.444 31.416 30.388 29.522 28.706 27.89 27.074 26.258 25.442 24.625 23.809 22.993 22.177 21.361 20.545 19.729 19.062 18.578 18.095 17.607 17.11
23.662 24.061 24.46 24.927 25.405 25.884 26.363 26.842 27.321 27.799 28.278 28.757 29.236 29.714 30.193 30.672 31.151 31.629 32.072 32.521 33.269 34.018 34.766 35.515 36.263 37.012 37.76 38.509 39.258 40.006 40.755 41.503 42.252 43.0 43.749 44.591 45.136 45.761 46.388 47.015 47.643 48.27 48.897 49.524 50.151 50.778 51.406 52.033 52.66 53.287 53.914 54.541 55.048 55.399 55.643 55.886 56.13 56.374 56.617 56.861 57.105 57.348 57.592 57.835 58.079 58.323 58.566 58.81 59.009 58.786 58.562 58.338 58.115 57.891 57.668 57.444 57.221 56.997 56.773 56.55 56.326 56.103 55.879 55.632 55.322 54.82 54.217 53.698 53.18 52.662 52.144 51.627 51.109 50.591 50.073 49.555 49.038 48.52 48.002 47.484 46.966 46.447 45.925 45.243 44.215 43.186 42.158 41.13 40.102 39.074 38.046 37.018 35.99 34.961 33.933 32.905 31.877 30.849 29.987 29.171 28.355 27.538 26.722 25.906 25.09 24.274 23.458 22.642 21.825 21.009 20.193 19.377 18.778 18.295 17.807 17.309
24.251 24.656 25.047 25.579 26.06 26.542 27.024 27.506 27.987 28.469 28.951 29.432 29.914 30.396 30.878 31.359 31.841 32.323 32.805 33.401 34.156 34.911 35.665 36.42 37.173 37.921 38.67 39.418 40.167 40.915 41.664 42.413 43.161 43.91 44.658 45.42 46.036 46.664 47.291 47.918 48.545 49.172 49.799 50.427 51.054 51.681 52.308 52.935 53.562 54.19 54.817 55.444 55.92 56.163 56.407 56.651 56.894 57.138 57.382 57.625 57.869 58.112 58.356 58.6 58.843 59.087 59.331 59.574 59.766 59.542 59.318 59.095 58.871 58.648 58.424 58.201 57.977 57.753 57.53 57.306 57.083 56.859 56.636 56.412 56.147 55.64 55.108 54.59 54.073 53.555 53.037 52.519 52.001 51.484 50.966 50.448 49.93 49.412 48.894 48.377 47.859 47.34 46.732 45.704 44.675 43.647 42.619 41.591 40.563 39.535 38.507 37.479 36.45 35.422 34.394 33.366 32.338 31.31 30.451 29.635 28.819 28.003 27.187 26.371 25.554 24.738 23.922 23.106 22.29 21.474 20.658 19.841 19.025 18.494 18.006 17.509
24.641 25.045 25.357 26.049 26.589 27.071 27.552 28.034 28.516 28.997 29.479 29.961 30.443 30.924 31.406 31.888 32.369 32.851 33.333 33.934 34.689 35.443 36.198 36.953 37.707 38.462 39.216 39.971 40.726 41.48 42.235 42.99 43.744 44.499 45.254 46.051 46.634 47.267 47.901 48.534 49.168 49.801 50.434 51.068 51.701 52.334 52.968 53.601 54.235 54.868 55.501 56.135 56.55 56.798 57.045 57.293 57.541 57.789 58.036 58.284 58.532 58.779 59.027 59.275 59.523 59.77 60.018 60.266 60.401 60.165 59.95 59.735 59.52 59.305 59.09 58.875 58.66 58.445 58.23 58.015 57.8 57.586 57.371 57.156 56.941 56.519 56.001 55.483 54.965 54.447 53.93 53.412 52.894 52.376 51.858 51.34 50.823 50.305 49.787 49.269 48.751 48.221 47.193 46.164 45.136 44.108 43.08 42.052 41.024 39.996 38.968 37.939 36.911 35.883 34.855 33.827 32.799 31.771 30.916 30.1 29.284 28.467 27.651 26.835 26.019 25.203 24.387 23.571 22.754 21.938 21.122 20.306 19.49 18.694 18.205 17.708
25.03 25.356 25.667 26.366 27.112 27.599 28.081 28.562 29.044 29.526 30.008 30.489 30.971 31.453 31.934 32.416 32.898 33.38 33.861 34.467 35.221 35.976 36.731 37.485 38.24 38.995 39.749 40.504 41.259 42.013 42.768 43.522 44.277 45.032 45.82 46.633 47.191 47.79 48.423 49.056 49.69 50.323 50.956 51.59 52.223 52.857 53.49 54.123 54.757 55.39 56.023 56.657 57.066 57.313 57.561 57.809 58.057 58.304 58.552 58.8 59.047 59.295 59.543 59.791 60.038 60.286 60.534 60.759 60.817 60.407 60.192 59.977 59.762 59.547 59.332 59.117 58.902 58.687 58.472 58.257 58.042 57.827 57.613 57.398 57.183 56.761 56.254 55.748 55.241 54.734 54.227 53.721 53.214 52.707 52.2 51.694 51.187 50.68 50.173 49.667 49.16 48.354 47.333 46.313 45.293 44.272 43.252 42.232 41.211 40.191 39.17 38.15 37.13 36.109 35.089 34.068 33.048 32.069 31.256 30.445 29.634 28.823 28.011 27.2 26.389 25.578 24.767 23.955 23.144 22.333 21.522 20.711 19.899 19.088 18.382 17.887
25.354 25.666 25.978 26.683 27.43 28.127 28.609 29.091 29.572 30.054 30.536 31.018 31.499 31.981 32.463 32.945 33.426 33.908 34.39 35.0 35.754 36.509 37.264 38.018 38.773 39.527 40.282 41.037 41.791 42.546 43.301 44.055 44.81 45.589 46.407 47.215 47.773 48.331 48.945 49.578 50.212 50.845 51.478 52.112 52.745 53.379 54.012 54.645 55.279 55.912 56.546 57.179 57.581 57.829 58.077 58.325 58.572 58.82 59.068 59.315 59.563 59.811 60.059 60.306 60.554 60.802 61.043 61.184 61.232 60.799 60.434 60.219 60.004 59.789 59.574 59.359 59.144 58.929 58.714 58.499 58.284 58.069 57.854 57.639 57.425 56.998 56.492 55.985 55.478 54.971 54.464 53.958 53.451 52.944 52.437 51.931 51.424 50.917 50.41 49.904 49.204 48.36 47.34 46.32 45.299 44.279 43.259 42.238 41.218 40.197 39.177 38.157 37.136 36.116 35.096 34.075 33.067 32.245 31.433 30.621 29.81 28.999 28.188 27.377 26.566 25.754 24.943 24.132 23.321 22.51 21.698 20.887 20.076 19.206 18.437 17.942
25.665 25.976 26.288 27.001 27.747 28.493 29.137 29.619 30.101 30.583 31.064 31.546 32.028 32.51 32.991 33.473 33.955 34.436 34.918 35.532 36.287 37.042 37.796 38.551 39.306 40.06 40.815 41.569 42.324 43.079 43.833 44.588 45.358 46.175 46.993 47.797 48.355 48.913 49.471 50.1 50.734 51.367 52.001 52.634 53.267 53.901 54.534 55.167 55.801 56.434 57.068 57.701 58.097 58.345 58.593 58.84 59.088 59.336 59.583 59.831 60.079 60.327 60.574 60.822 61.07 61.318 61.467 61.608 61.647 61.215 60.782 60.461 60.246 60.031 59.816 59.601 59.386 59.171 58.956 58.741 58.526 58.311 58.096 57.881 57.666 57.235 56.729 56.222 55.715 55.208 54.702 54.195 53.688 53.181 52.675 52.168 51.661 51.154 50.647 49.986 49.214 48.367 47.347 46.326 45.306 44.286 43.265 42.245 41.225 40.204 39.184 38.163 37.143 36.123 35.102 34.082 33.243 32.422 31.609 30.798 29.987 29.176 28.364 27.553 26.742 25.931 25.12 24.308 23.497 22.686 21.875 21.064 20.216 19.253 18.492 17.997
25.975 26.287 26.599 27.318 28.064 28.811 29.557 30.148 30.629 31.111 31.593 32.074 32.556 33.038 33.52 34.001 34.483 34.965 35.447 36.065 36.82 37.574 38.329 39.084 39.838 40.593 41.348 42.102 42.857 43.612 44.366 45.127 45.944 46.762 47.579 48.379 48.937 49.495 50.053 50.623 51.256 51.889 52.523 53.156 53.789 54.423 55.056 55.69 56.323 56.956 57.59 58.223 58.613 58.861 59.108 59.356 59.604 59.851 60.099 60.347 60.595 60.842 61.09 61.338 61.586 61.751 61.892 62.033 62.063 61.63 61.197 60.765 60.488 60.273 60.058 59.843 59.628 59.413 59.198 58.983 58.768 58.553 58.338 58.123 57.908 57.472 56.966 56.459 55.952 55.445 54.939 54.432 53.925 53.418 52.912 52.405 51.898 51.391 50.769 49.997 49.225 48.374 47.354 46.333 45.313 44.292 43.272 42.252 41.231 40.211 39.19 38.17 37.15 36.129 35.109 34.241 33.42 32.598 31.786 30.975 30.163 29.352 28.541 27.73 26.919 26.107 25.296 24.485 23.674 22.863 22.051 21.226 20.263 19.3 18.547 18.052
26.285 26.597 26.909 27.635 28.382 29.128 29.874 30.621 31.158 31.639 32.121 32.603 33.085 33.566 34.048 34.53 35.011 35.493 35.975 36.598 37.353 38.107 38.862 39.617 40.371 41.126 41.88 42.635 43.39 44.144 44.899 45.713 46.531 47.348 48.166 48.961 49.519 50.077 50.635 51.193 51.778 52.411 53.045 53.678 54.311 54.945 55.578 56.212 56.845 57.478 58.112 58.745 59.129 59.376 59.624 59.872 60.119 60.367 60.615 60.863 61.11 61.358 61.606 61.854 62.035 62.176 62.317 62.458 62.478 62.045 61.613 61.18 60.748 60.515 60.3 60.085 59.87 59.655 59.44 59.225 59.01 58.795 58.58 58.365 58.15 57.709 57.203 56.696 56.189 55.682 55.176 54.669 54.162 53.655 53.149 52.642 52.135 51.552 50.78 50.008 49.236 48.381 47.36 46.34 45.319 44.299 43.279 42.258 41.238 40.218 39.197 38.177 37.156 36.136 35.239 34.417 33.596 32.774 31.962 31.151 30.34 29.529 28.717 27.906 27.095 26.284 25.473 24.662 23.85 23.039 22.228 21.273 20.31 19.347 18.602 18.107
26.596 26.908 27.219 27.953 28.699 29.445 30.192 30.938 31.684 32.168 32.65 33.131 33.613 34.095 34.576 35.058 35.54 36.022 36.503 37.131 37.885 38.64 39.395 40.149 40.904 41.659 42.413 43.168 43.922 44.677 45.482 46.299 47.117 47.935 48.752 49.543 50.101 50.659 51.217 51.776 52.334 52.933 53.567 54.2 54.834 55.467 56.1 56.734 57.367 58.0 58.634 59.267 59.644 59.892 60.14 60.388 60.635 60.883 61.131 61.378 61.626 61.874 62.122 62.319 62.46 62.601 62.742 62.883 62.893 62.461 62.028 61.595 61.163 60.757 60.542 60.327 60.112 59.897 59.682 59.467 59.252 59.037 58.822 58.607 58.392 57.947 57.44 56.933 56.426 55.92 55.413 54.906 54.399 53.893 53.386 52.879 52.335 51.563 50.791 50.019 49.247 48.387 47.367 46.347 45.326 44.306 43.285 42.265 41.245 40.224 39.204 38.184 37.163 36.237 35.415 34.594 33.772 32.951 32.139 31.328 30.516 29.705 28.894 28.083 27.272 26.46 25.649 24.838 24.027 23.216 22.283 21.32 20.357 19.394 18.657 18.162
26.906 27.218 27.53 28.27 29.016 29.763 30.509 31.255 32.002 32.696 33.178 33.66 34.141 34.623 35.105 35.587 36.068 36.55 37.032 37.664 38.418 39.173 39.927 40.682 41.437 42.191 42.946 43.701 44.455 45.251 46.068 46.886 47.703 48.521 49.338 50.126 50.684 51.242 51.8 52.358 52.916 53.474 54.089 54.722 55.356 55.989 56.622 57.256 57.889 58.523 59.156 59.789 60.16 60.408 60.656 60.903 61.151 61.399 61.646 61.894 62.142 62.39 62.602 62.744 62.885 63.026 63.167 63.308 63.308 62.876 62.443 62.011 61.578 61.146 60.784 60.569 60.354 60.139 59.924 59.709 59.494 59.279 59.064 58.849 58.634 58.184 57.677 57.17 56.663 56.157 55.65 55.143 54.636 54.13 53.623 53.116 52.346 51.574 50.802 50.03 49.258 48.394 47.374 46.353 45.333 44.312 43.292 42.272 41.251 40.231 39.211 38.19 37.235 36.413 35.592 34.77 33.949 33.127 32.315 31.504 30.693 29.882 29.071 28.259 27.448 26.637 25.826 25.015 24.203 23.293 22.33 21.367 20.404 19.441 18.712 18.217
27.217 27.528 27.841 28.587 29.333 30.08 30.826 31.573 32.319 33.065 33.706 34.188 34.67 35.152 35.633 36.115 36.597 37.078 37.56 38.196 38.951 39.706 40.46 41.215 41.97 42.724 43.479 44.233 45.019 45.837 46.655 47.472 48.29 49.107 49.925 50.708 51.266 51.824 52.382 52.94 53.498 54.056 54.614 55.244 55.878 56.511 57.144 57.778 58.411 59.045 59.678 60.311 60.676 60.924 61.171 61.419 61.667 61.914 62.162 62.41 62.658 62.886 63.027 63.168 63.309 63.45 63.591 63.733 63.724 63.291 62.859 62.426 61.993 61.561 61.128 60.811 60.596 60.381 60.166 59.951 59.736 59.521 59.306 59.091 58.876 58.421 57.914 57.407 56.9 56.394 55.887 55.38 54.873 54.367 53.86 53.129 52.357 51.585 50.813 50.041 49.269 48.401 47.38 46.36 45.34 44.319 43.299 42.278 41.258 40.238 39.217 38.233 37.411 36.59 35.768 34.947 34.125 33.304 32.492 31.681 30.869 30.058 29.247 28.436 27.625 26.814 26.002 25.191 24.303 23.34 22.377 21.414 20.45 19.487 18.767 18.272
27.527 27.839 28.158 28.904 29.651 30.397 31.143 31.89 32.636 33.383 34.129 34.716 35.198 35.68 36.162 36.643 37.125 37.607 38.089 38.729 39.484 40.238 40.993 41.748 42.502 43.257 44.012 44.788 45.606 46.423 47.241 48.058 48.876 49.694 50.511 51.29 51.848 52.406 52.964 53.522 54.08 54.638 55.196 55.766 56.4 57.033 57.667 58.3 58.933 59.567 60.2 60.833 61.192 61.439 61.687 61.935 62.182 62.43 62.678 62.926 63.17 63.311 63.452 63.593 63.734 63.875 64.016 64.157 64.139 63.706 63.274 62.841 62.409 61.976 61.544 61.111 60.838 60.623 60.408 60.193 59.978 59.763 59.548 59.333 59.118 58.658 58.151 57.644 57.138 56.631 56.124 55.617 55.11 54.604 53.911 53.139 52.368 51.596 50.824 50.052 49.28 48.407 47.387 46.367 45.346 44.326 43.306 42.285 41.265 40.244 39.23 38.409 37.587 36.766 35.944 35.123 34.301 33.48 32.668 31.857 31.046 30.235 29.424 28.612 27.801 26.99 26.179 25.313 24.35 23.387 22.424 21.46 20.497 19.534 18.822 18.327
27.837 28.149 28.475 29.222 29.968 30.714 31.461 32.207 32.953 33.7 34.446 35.193 35.727 36.208 36.69 37.172 37.653 38.135 38.617 39.262 40.017 40.771 41.526 42.28 43.035 43.79 44.557 45.375 46.192 47.01 47.827 48.645 49.462 50.28 51.098 51.872 52.43 52.988 53.546 54.104 54.662 55.22 55.778 56.336 56.922 57.555 58.189 58.822 59.455 60.089 60.722 61.356 61.707 61.955 62.203 62.45 62.698 62.946 63.194 63.441 63.595 63.736 63.877 64.018 64.159 64.3 64.441 64.582 64.554 64.122 63.689 63.257 62.824 62.392 61.959 61.526 61.094 60.865 60.65 60.435 60.22 60.005 59.79 59.575 59.36 58.895 58.388 57.881 57.375 56.868 56.361 55.854 55.348 54.694 53.922 53.15 52.378 51.607 50.835 50.063 49.291 48.414 47.394 46.373 45.353 44.333 43.312 42.292 41.271 40.251 39.407 38.585 37.764 36.942 36.121 35.299 34.478 33.656 32.845 32.034 31.223 30.411 29.6 28.789 27.978 27.167 26.323 25.36 24.397 23.434 22.47 21.507 20.544 19.581 18.877 18.382
28.148 28.459 28.793 29.539 30.285 31.032 31.778 32.524 33.271 34.017 34.763 35.51 36.255 36.737 37.218 37.7 38.182 38.664 39.145 39.795 40.549 41.304 42.059 42.813 43.568 44.326 45.143 45.961 46.779 47.596 48.414 49.231 50.049 50.866 51.684 52.454 53.012 53.57 54.128 54.686 55.244 55.802 56.36 56.918 57.476 58.077 58.711 59.344 59.977 60.611 61.244 61.878 62.223 62.471 62.718 62.966 63.214 63.462 63.709 63.879 64.02 64.161 64.302 64.443 64.584 64.725 64.866 65.007 64.97 64.537 64.104 63.672 63.239 62.807 62.374 61.942 61.509 61.107 60.892 60.677 60.462 60.247 60.032 59.817 59.602 59.132 58.625 58.118 57.612 57.105 56.598 56.091 55.477 54.705 53.933 53.161 52.389 51.617 50.846 50.074 49.302 48.421 47.4 46.38 45.36 44.339 43.319 42.299 41.278 40.405 39.583 38.762 37.94 37.119 36.297 35.476 34.654 33.833 33.021 32.21 31.399 30.588 29.777 28.966 28.154 27.333 26.37 25.407 24.443 23.48 22.517 21.554 20.591 19.628 18.932 18.437
28.458 28.77 29.11 29.856 30.603 31.349 32.095 32.842 33.588 34.334 35.081 35.827 36.573 37.265 37.747 38.229 38.71 39.192 39.674 40.327 41.082 41.837 42.591 43.346 44.101 44.912 45.73 46.547 47.365 48.182 49.0 49.818 50.635 51.453 52.27 53.036 53.594 54.152 54.71 55.268 55.826 56.384 56.942 57.501 58.059 58.617 59.233 59.866 60.5 61.133 61.766 62.4 62.739 62.986 63.234 63.482 63.73 63.977 64.162 64.303 64.444 64.585 64.727 64.868 65.009 65.15 65.291 65.432 65.385 64.952 64.52 64.087 63.655 63.222 62.79 62.357 61.924 61.492 61.134 60.919 60.704 60.489 60.274 60.059 59.844 59.369 58.862 58.355 57.849 57.342 56.835 56.26 55.488 54.716 53.944 53.172 52.4 51.628 50.856 50.085 49.313 48.428 47.407 46.387 45.366 44.346 43.326 42.305 41.403 40.581 39.76 38.938 38.116 37.295 36.473 35.652 34.83 34.009 33.198 32.387 31.576 30.764 29.953 29.142 28.331 27.38 26.417 25.453 24.49 23.527 22.564 21.601 20.638 19.675 18.987 18.492
28.769 29.08 29.427 30.174 30.92 31.666 32.413 33.159 33.905 34.652 35.398 36.144 36.891 37.637 38.275 38.757 39.239 39.72 40.202 40.86 41.615 42.37 43.124 43.879 44.681 45.499 46.316 47.134 47.951 48.769 49.586 50.404 51.222 52.039 52.857 53.618 54.176 54.734 55.293 55.851 56.409 56.967 57.525 58.083 58.641 59.199 59.757 60.388 61.022 61.655 62.288 62.922 63.255 63.502 63.75 63.998 64.245 64.446 64.587 64.728 64.869 65.01 65.151 65.292 65.433 65.574 65.715 65.857 65.8 65.368 64.935 64.502 64.07 63.637 63.205 62.772 62.34 61.907 61.475 61.161 60.946 60.731 60.516 60.301 60.086 59.606 59.099 58.593 58.086 57.579 57.043 56.271 55.499 54.727 53.955 53.183 52.411 51.639 50.867 50.096 49.324 48.434 47.414 46.393 45.373 44.353 43.332 42.4 41.579 40.757 39.936 39.114 38.293 37.471 36.65 35.828 35.007 34.186 33.375 32.563 31.752 30.941 30.13 29.319 28.39 27.426 26.463 25.5 24.537 23.574 22.611 21.648 20.685 19.722 19.042 18.547
29.079 29.391 29.745 30.491 31.237 31.984 32.73 33.476 34.223 34.969 35.715 36.462 37.208 37.954 38.701 39.285 39.767 40.249 40.731 41.393 42.148 42.902 43.657 44.45 45.267 46.085 46.903 47.72 48.538 49.355 50.173 50.99 51.808 52.625 53.443 54.201 54.759 55.317 55.875 56.433 56.991 57.549 58.107 58.665 59.223 59.781 60.339 60.91 61.544 62.177 62.81 63.444 63.77 64.018 64.266 64.513 64.73 64.871 65.012 65.153 65.294 65.435 65.576 65.717 65.858 65.999 66.14 66.281 66.215 65.783 65.35 64.918 64.485 64.053 63.62 63.188 62.755 62.322 61.89 61.457 61.188 60.973 60.758 60.543 60.328 59.843 59.336 58.83 58.323 57.816 57.053 56.282 55.51 54.738 53.966 53.194 52.422 51.65 50.878 50.106 49.335 48.441 47.421 46.4 45.38 44.359 43.398 42.577 41.755 40.934 40.112 39.291 38.469 37.648 36.826 36.005 35.183 34.362 33.551 32.74 31.929 31.118 30.306 29.4 28.436 27.473 26.51 25.547 24.584 23.621 22.658 21.695 20.732 19.769 19.097 18.602
29.389 29.701 30.062 30.808 31.555 32.301 33.047 33.794 34.54 35.286 36.033 36.779 37.525 38.272 39.018 39.764 40.295 40.777 41.259 41.926 42.68 43.435 44.219 45.036 45.854 46.671 47.489 48.306 49.124 49.942 50.759 51.577 52.394 53.212 54.029 54.783 55.341 55.899 56.457 57.015 57.573 58.131 58.689 59.247 59.805 60.363 60.921 61.479 62.066 62.699 63.333 63.966 64.286 64.534 64.781 65.014 65.155 65.296 65.437 65.578 65.719 65.86 66.001 66.142 66.283 66.424 66.565 66.706 66.631 66.198 65.766 65.333 64.9 64.468 64.035 63.603 63.17 62.738 62.305 61.873 61.44 61.215 61.0 60.785 60.57 60.08 59.573 59.067 58.56 57.836 57.064 56.293 55.521 54.749 53.977 53.205 52.433 51.661 50.889 50.117 49.345 48.448 47.427 46.407 45.386 44.396 43.575 42.753 41.932 41.11 40.289 39.467 38.646 37.824 37.003 36.181 35.36 34.539 33.728 32.916 32.105 31.294 30.41 29.446 28.483 27.52 26.557 25.594 24.631 23.668 22.705 21.742 20.779 19.815 19.152 18.657
29.7 30.011 30.379 31.125 31.872 32.618 33.365 34.111 34.857 35.604 36.35 37.096 37.843 38.589 39.335 40.082 40.824 41.306 41.787 42.459 43.213 43.987 44.805 45.623 46.44 47.258 48.075 48.893 49.71 50.528 51.346 52.163 52.981 53.798 54.616 55.365 55.923 56.481 57.039 57.597 58.155 58.713 59.271 59.829 60.387 60.945 61.503 62.061 62.619 63.221 63.855 64.488 64.802 65.049 65.297 65.438 65.579 65.721 65.862 66.003 66.144 66.285 66.426 66.567 66.708 66.849 66.99 67.131 67.046 66.613 66.181 65.748 65.316 64.883 64.451 64.018 63.586 63.153 62.72 62.288 61.855 61.457 61.242 61.027 60.812 60.317 59.811 59.304 58.619 57.847 57.075 56.303 55.532 54.76 53.988 53.216 52.444 51.672 50.9 50.128 49.356 48.454 47.434 46.414 45.394 44.572 43.751 42.929 42.108 41.286 40.465 39.643 38.822 38.0 37.179 36.357 35.536 34.715 33.904 33.093 32.282 31.419 30.456 29.493 28.53 27.567 26.604 25.641 24.678 23.715 22.752 21.789 20.825 19.862 19.207 18.712
30.01 30.322 30.696 31.443 32.189 32.935 33.682 34.428 35.175 35.921 36.667 37.414 38.16 38.906 39.653 40.399 41.145 41.834 42.316 42.991 43.756 44.574 45.391 46.209 47.027 47.844 48.662 49.479 50.297 51.114 51.932 52.749 53.567 54.385 55.202 55.947 56.505 57.063 57.621 58.179 58.737 59.295 59.853 60.411 60.969 61.527 62.085 62.643 63.201 63.759 64.377 65.01 65.317 65.565 65.722 65.863 66.004 66.145 66.286 66.427 66.568 66.71 66.851 66.992 67.133 67.274 67.415 67.556 67.461 67.029 66.596 66.164 65.731 65.298 64.866 64.433 64.001 63.568 63.136 62.703 62.271 61.838 61.484 61.269 61.054 60.554 60.048 59.402 58.63 57.858 57.086 56.314 55.542 54.771 53.999 53.227 52.455 51.683 50.911 50.139 49.367 48.461 47.441 46.42 45.57 44.749 43.927 43.106 42.284 41.463 40.641 39.82 38.998 38.177 37.355 36.534 35.712 34.892 34.081 33.269 32.429 31.466 30.503 29.54 28.577 27.614 26.651 25.688 24.725 23.762 22.799 21.835 20.872 19.909 19.262 18.767
30.32 30.632 31.014 31.76 32.506 33.253 33.999 34.745 35.492 36.238 36.985 37.731 38.477 39.224 39.97 40.716 41.463 42.209 42.844 43.525 44.343 45.16 45.978 46.795 47.613 48.43 49.248 50.066 50.883 51.701 52.518 53.336 54.153 54.971 55.788 56.529 57.087 57.645 58.203 58.761 59.319 59.877 60.435 60.993 61.551 62.109 62.667 63.226 63.784 64.342 64.9 65.532 65.833 66.006 66.147 66.288 66.429 66.57 66.711 66.852 66.993 67.134 67.275 67.416 67.557 67.698 67.84 67.981 67.877 67.444 67.011 66.579 66.146 65.714 65.281 64.849 64.416 63.984 63.551 63.118 62.686 62.253 61.821 61.511 61.296 60.791 60.185 59.413 58.641 57.869 57.097 56.325 55.553 54.781 54.01 53.238 52.466 51.694 50.922 50.15 49.378 48.468 47.447 46.568 45.747 44.925 44.104 43.282 42.461 41.639 40.818 39.996 39.175 38.353 37.532 36.71 35.889 35.068 34.257 33.439 32.476 31.513 30.55 29.587 28.624 27.661 26.698 25.735 24.772 23.808 22.845 21.882 20.919 19.956 19.317 18.822
30.402 30.722 31.05 31.807 32.565 33.322 34.079 34.837 35.594 36.352 37.109 37.866 38.624 39.381 40.138 40.896 41.653 42.411 43.168 43.9 44.743 45.586 46.428 47.271 48.114 48.957 49.799 50.642 51.469 52.287 53.105 53.922 54.74 55.557 56.375 57.111 57.669 58.227 58.785 59.343 59.901 60.459 61.018 61.576 62.134 62.692 63.25 63.808 64.366 64.924 65.482 66.054 66.29 66.431 66.572 66.713 66.854 66.995 67.136 67.277 67.418 67.559 67.7 67.841 67.982 68.123 68.264 68.405 68.292 67.859 67.427 66.994 66.562 66.129 65.696 65.264 64.831 64.399 63.966 63.534 63.101 62.669 62.236 61.804 61.535 60.968 60.196 59.424 58.652 57.88 57.108 56.336 55.564 54.792 54.02 53.249 52.477 51.705 50.933 50.161 49.389 48.474 47.566 46.745 45.923 45.102 44.28 43.459 42.637 41.816 40.994 40.173 39.351 38.529 37.708 36.886 36.065 35.245 34.434 33.486 32.523 31.56 30.597 29.634 28.671 27.708 26.745 25.782 24.818 23.855 22.892 21.929 20.966 20.003 19.372 18.856
30.191 30.436 30.677 31.435 32.192 32.949 33.707 34.464 35.221 35.979 36.736 37.494 38.251 39.008 39.766 40.523 41.281 42.038 42.474 42.978 43.772 44.615 45.458 46.3 47.143 47.986 48.829 49.671 50.514 51.357 52.2 53.042 53.885 54.728 55.57 56.328 56.911 57.495 58.078 58.662 59.245 59.829 60.412 60.996 61.579 62.163 62.746 63.33 63.913 64.497 65.08 65.758 66.282 66.435 66.588 66.741 66.894 67.047 67.2 67.353 67.506 67.659 67.812 67.965 68.118 68.27 68.423 68.576 68.465 68.045 67.624 67.204 66.783 66.363 65.942 65.522 65.101 64.681 64.26 63.84 63.42 62.999 62.579 62.158 61.79 61.016 60.232 59.447 58.663 57.891 57.119 56.347 55.575 54.803 54.031 53.26 52.488 51.716 50.944 50.172 49.4 48.564 47.742 46.921 46.099 45.278 44.456 43.635 42.813 41.992 41.17 40.349 39.527 38.706 37.884 37.063 36.241 35.421 34.496 33.533 32.57 31.607 30.644 29.681 28.718 27.755 26.791 25.828 24.865 23.902 22.939 21.976 21.013 20.05 19.419 18.831
29.936 30.053 30.305 31.062 31.819 32.577 33.334 34.091 34.849 35.606 36.364 37.121 37.878 38.636 39.393 40.151 40.908 41.411 41.72 42.228 42.802 43.644 44.487 45.33 46.173 47.015 47.858 48.701 49.543 50.386 51.229 52.072 52.914 53.757 54.6 55.353 55.937 56.52 57.103 57.687 58.27 58.854 59.437 60.021 60.604 61.188 61.771 62.355 62.938 63.522 64.165 64.981 65.742 66.137 66.29 66.443 66.596 66.749 66.902 67.055 67.208 67.361 67.514 67.667 67.82 67.973 68.126 68.279 68.158 67.738 67.317 66.897 66.476 66.056 65.635 65.215 64.794 64.374 63.953 63.533 63.112 62.692 62.271 61.851 62.263 61.772 60.988 60.203 59.419 58.634 57.85 57.065 56.281 55.496 54.712 53.927 53.143 52.359 51.574 50.79 50.005 49.375 48.549 47.714 46.878 46.042 45.207 44.371 43.536 42.7 41.864 41.029 40.193 39.358 38.522 37.686 36.851 35.99 35.01 34.031 33.051 32.072 31.092 30.113 29.133 28.154 27.174 26.195 25.215 24.235 23.256 22.276 21.297 20.317 19.555 18.954
29.553 29.671 29.932 30.689 31.447 32.204 32.961 33.719 34.476 35.234 35.991 36.748 37.506 38.263 39.021 39.778 40.347 40.657 40.967 41.479 42.044 42.674 43.516 44.359 45.202 46.045 46.887 47.73 48.573 49.415 50.258 51.101 51.944 52.786 53.629 54.378 54.962 55.545 56.129 56.712 57.296 57.879 58.462 59.046 59.629 60.213 60.796 61.38 61.963 62.573 63.388 64.204 64.964 65.72 65.992 66.145 66.298 66.451 66.604 66.757 66.91 67.063 67.216 67.369 67.522 67.675 67.828 67.981 67.851 67.431 67.01 66.59 66.169 65.749 65.328 64.908 64.487 64.067 63.646 63.226 62.805 62.385 61.964 62.279 62.735 62.307 61.744 60.959 60.175 59.39 58.606 57.821 57.037 56.253 55.468 54.684 53.899 53.115 52.33 51.546 50.761 50.135 49.552 48.716 47.88 47.045 46.209 45.374 44.538 43.702 42.867 42.031 41.196 40.36 39.524 38.689 37.853 36.99 36.01 35.031 34.051 33.072 32.092 31.113 30.133 29.153 28.174 27.194 26.215 25.235 24.256 23.276 22.297 21.379 20.379 19.677
29.17 29.288 29.559 30.317 31.074 31.831 32.589 33.346 34.104 34.861 35.618 36.376 37.133 37.891 38.648 39.284 39.594 39.903 40.213 40.729 41.294 41.86 42.546 43.388 44.231 45.074 45.917 46.759 47.602 48.445 49.287 50.13 50.973 51.816 52.658 53.403 53.987 54.57 55.154 55.737 56.321 56.904 57.488 58.071 58.655 59.238 59.821 60.405 60.988 61.795 62.611 63.427 64.186 64.942 65.695 65.848 66.001 66.154 66.307 66.46 66.613 66.766 66.919 67.072 67.225 67.378 67.531 67.684 67.544 67.123 66.703 66.282 65.862 65.441 65.021 64.6 64.18 63.759 63.339 62.918 62.498 62.078 62.255 62.767 63.208 62.779 62.351 61.715 60.931 60.147 59.362 58.578 57.793 57.009 56.224 55.44 54.655 53.871 53.086 52.302 51.517 50.895 50.364 49.718 48.883 48.047 47.212 46.376 45.54 44.705 43.869 43.034 42.198 41.362 40.527 39.691 38.856 37.99 37.01 36.031 35.051 34.071 33.092 32.112 31.133 30.153 29.174 28.194 27.215 26.235 25.256 24.276 23.347 22.446 21.444 20.413
28.787 28.905 29.187 29.944 30.701 31.459 32.216 32.974 33.731 34.488 35.246 36.003 36.761 37.518 38.221 38.53 38.84 39.15 39.459 39.979 40.545 41.11 41.676 42.418 43.26 44.103 44.946 45.789 46.631 47.474 48.317 49.16 50.002 50.845 51.688 52.428 53.012 53.595 54.179 54.762 55.346 55.929 56.513 57.096 57.68 58.263 58.847 59.43 60.203 61.018 61.834 62.649 63.408 64.164 64.92 65.55 65.703 65.856 66.009 66.162 66.315 66.468 66.621 66.774 66.927 67.08 67.233 67.386 67.237 66.816 66.396 65.975 65.555 65.134 64.714 64.293 63.873 63.452 63.032 62.611 62.191 62.23 62.743 63.255 63.68 63.252 62.824 62.396 61.687 60.903 60.118 59.334 58.549 57.765 56.98 56.196 55.411 54.627 53.842 53.058 52.273 51.656 51.124 50.593 49.885 49.05 48.214 47.378 46.543 45.707 44.872 44.036 43.2 42.365 41.529 40.694 39.858 38.989 38.01 37.03 36.051 35.071 34.092 33.112 32.133 31.153 30.174 29.194 28.215 27.235 26.256 25.315 24.413 23.512 22.508 21.478
28.404 28.522 28.814 29.571 30.329 31.086 31.844 32.601 33.358 34.116 34.873 35.631 36.388 37.145 37.467 37.776 38.086 38.396 38.705 39.23 39.795 40.361 40.926 41.491 42.29 43.133 43.975 44.818 45.661 46.503 47.346 48.189 49.032 49.874 50.717 51.453 52.037 52.62 53.204 53.787 54.371 54.954 55.538 56.121 56.705 57.288 57.872 58.61 59.425 60.241 61.057 61.872 62.63 63.386 64.142 64.898 65.405 65.558 65.711 65.864 66.017 66.17 66.323 66.476 66.629 66.782 66.935 67.088 66.929 66.509 66.089 65.668 65.248 64.827 64.407 63.986 63.566 63.145 62.725 62.304 62.206 62.719 63.231 63.744 64.153 63.724 63.296 62.868 62.44 61.659 60.874 60.09 59.305 58.521 57.736 56.952 56.167 55.383 54.598 53.814 53.03 52.416 51.885 51.353 50.822 50.052 49.216 48.381 47.545 46.71 45.874 45.038 44.203 43.367 42.532 41.696 40.86 39.989 39.01 38.03 37.051 36.071 35.092 34.112 33.133 32.153 31.174 30.194 29.215 28.235 27.283 26.381 25.48 24.579 23.573 22.542
28.022 28.14 28.441 29.199 29.956 30.714 31.471 32.228 32.986 33.743 34.5 35.258 36.015 36.403 36.713 37.023 37.332 37.642 37.952 38.48 39.045 39.611 40.176 40.742 41.319 42.162 43.005 43.847 44.69 45.533 46.375 47.218 48.061 48.904 49.746 50.479 51.062 51.646 52.229 52.812 53.396 53.979 54.563 55.146 55.73 56.313 57.017 57.833 58.648 59.464 60.28 61.095 61.852 62.608 63.364 64.12 64.876 65.261 65.414 65.567 65.72 65.873 66.026 66.179 66.332 66.485 66.638 66.791 66.622 66.202 65.781 65.361 64.94 64.52 64.099 63.679 63.258 62.838 62.417 62.182 62.694 63.207 63.719 64.232 64.625 64.197 63.769 63.34 62.912 62.415 61.63 60.846 60.061 59.277 58.492 57.708 56.923 56.139 55.355 54.57 53.786 53.177 52.645 52.114 51.582 51.051 50.219 49.383 48.548 47.712 46.876 46.041 45.205 44.37 43.534 42.698 41.863 40.989 40.01 39.03 38.051 37.071 36.092 35.112 34.133 33.153 32.174 31.194 30.215 29.251 28.349 27.448 26.547 25.646 24.637 23.607
27.639 27.757 28.069 28.826 29.584 30.341 31.098 31.856 32.613 33.37 34.128 34.885 35.34 35.65 35.959 36.269 36.579 36.888 37.198 37.73 38.296 38.861 39.427 39.992 40.558 41.191 42.034 42.877 43.719 44.562 45.405 46.247 47.09 47.933 48.776 49.504 50.087 50.671 51.254 51.838 52.421 53.005 53.588 54.171 54.755 55.424 56.24 57.056 57.871 58.687 59.502 60.317 61.074 61.83 62.586 63.342 64.098 64.854 65.116 65.269 65.422 65.575 65.728 65.881 66.034 66.187 66.34 66.493 66.315 65.895 65.474 65.054 64.633 64.213 63.792 63.372 62.951 62.531 62.157 62.67 63.182 63.695 64.208 64.72 65.097 64.669 64.241 63.813 63.385 62.957 62.386 61.602 60.817 60.033 59.249 58.464 57.68 56.895 56.111 55.326 54.542 53.937 53.406 52.874 52.343 51.811 51.221 50.386 49.55 48.714 47.879 47.043 46.208 45.372 44.536 43.701 42.865 41.989 41.01 40.03 39.051 38.071 37.092 36.112 35.133 34.153 33.174 32.194 31.219 30.317 29.416 28.515 27.614 26.712 25.702 24.671
27.256 27.374 27.696 28.454 29.211 29.968 30.726 31.483 32.24 32.998 33.755 34.277 34.586 34.896 35.206 35.515 35.825 36.135 36.444 36.981 37.546 38.112 38.677 39.242 39.808 40.373 41.063 41.906 42.749 43.591 44.434 45.277 46.12 46.962 47.805 48.529 49.112 49.696 50.279 50.863 51.446 52.03 52.613 53.197 53.832 54.647 55.463 56.278 57.094 57.91 58.725 59.539 60.295 61.051 61.808 62.564 63.32 64.076 64.819 64.971 65.124 65.277 65.43 65.583 65.736 65.889 66.042 66.195 66.008 65.587 65.167 64.747 64.326 63.906 63.485 63.065 62.644 62.224 62.646 63.158 63.671 64.183 64.696 65.208 65.57 65.142 64.714 64.285 63.857 63.429 63.001 62.358 61.574 60.789 60.005 59.22 58.436 57.651 56.867 56.082 55.298 54.697 54.166 53.635 53.103 52.572 52.04 51.388 50.552 49.717 48.881 48.046 47.21 46.374 45.539 44.703 43.868 42.989 42.01 41.03 40.051 39.071 38.092 37.112 36.133 35.153 34.173 33.194 32.285 31.384 30.483 29.582 28.68 27.779 26.766 25.735
26.873 26.991 27.324 28.081 28.838 29.596 30.353 31.11 31.868 32.625 33.213 33.523 33.832 34.142 34.452 34.761 35.071 35.381 35.69 36.231 36.797 37.362 37.927 38.493 39.058 39.624 40.189 40.935 41.778 42.621 43.463 44.306 45.149 45.992 46.834 47.554 48.137 48.721 49.304 49.888 50.471 51.055 51.638 52.239 53.054 53.87 54.686 55.501 56.317 57.132 57.948 58.761 59.517 60.273 61.029 61.786 62.542 63.298 64.054 64.674 64.827 64.98 65.133 65.286 65.439 65.592 65.745 65.898 65.701 65.28 64.86 64.439 64.019 63.598 63.178 62.757 62.337 62.621 63.134 63.646 64.159 64.672 65.184 65.697 66.042 65.614 65.186 64.758 64.33 63.901 63.473 63.045 62.33 61.545 60.761 59.976 59.192 58.407 57.623 56.838 56.054 55.458 54.926 54.395 53.863 53.332 52.801 52.269 51.555 50.719 49.884 49.048 48.212 47.377 46.541 45.706 44.87 43.989 43.01 42.03 41.051 40.071 39.091 38.112 37.132 36.153 35.173 34.253 33.352 32.451 31.55 30.648 29.747 28.846 27.83 26.8
26.49 26.608 26.951 27.708 28.466 29.223 29.98 30.738 31.495 32.15 32.459 32.769 33.079 33.388 33.698 34.008 34.317 34.627 34.937 35.482 36.047 36.612 37.178 37.743 38.309 38.874 39.439 40.005 40.807 41.65 42.493 43.335 44.178 45.021 45.864 46.579 47.162 47.746 48.329 48.913 49.496 50.08 50.663 51.462 52.277 53.093 53.909 54.724 55.54 56.355 57.171 57.983 58.739 59.495 60.251 61.007 61.763 62.52 63.276 64.032 64.529 64.682 64.835 64.988 65.141 65.294 65.447 65.6 65.394 64.973 64.553 64.132 63.712 63.291 62.871 62.45 62.597 63.109 63.622 64.135 64.647 65.16 65.672 66.185 66.515 66.087 65.658 65.23 64.802 64.374 63.946 63.518 63.086 62.301 61.517 60.732 59.948 59.163 58.379 57.594 56.81 56.218 55.687 55.155 54.624 54.092 53.561 53.03 52.498 51.722 50.886 50.05 49.215 48.379 47.544 46.708 45.872 44.989 44.009 43.03 42.05 41.071 40.091 39.112 38.132 37.153 36.221 35.32 34.419 33.518 32.616 31.715 30.814 29.912 28.895 27.864
26.108 26.226 26.578 27.336 28.093 28.85 29.608 30.365 31.086 31.396 31.706 32.015 32.325 32.635 32.944 33.254 33.564 33.873 34.183 34.732 35.297 35.863 36.428 36.994 37.559 38.124 38.69 39.255 39.837 40.679 41.522 42.365 43.207 44.05 44.893 45.604 46.188 46.771 47.355 47.938 48.521 49.105 49.869 50.685 51.5 52.316 53.131 53.947 54.763 55.578 56.394 57.205 57.961 58.717 59.473 60.229 60.985 61.741 62.498 63.254 64.01 64.385 64.537 64.69 64.843 64.996 65.149 65.302 65.086 64.666 64.245 63.825 63.405 62.984 62.564 62.573 63.085 63.598 64.11 64.623 65.135 65.648 66.161 66.673 66.987 66.559 66.131 65.703 65.275 64.846 64.418 63.99 63.562 63.057 62.273 61.488 60.704 59.92 59.135 58.351 57.566 56.979 56.447 55.916 55.384 54.853 54.321 53.79 53.258 52.724 51.888 51.053 50.217 49.382 48.546 47.71 46.875 45.989 45.009 44.03 43.05 42.071 41.091 40.112 39.132 38.189 37.288 36.387 35.485 34.584 33.683 32.782 31.88 30.979 29.959 28.929
25.725 25.843 26.206 26.963 27.72 28.478 29.235 29.993 30.333 30.642 30.952 31.262 31.571 31.881 32.191 32.5 32.81 33.119 33.429 33.982 34.548 35.113 35.678 36.244 36.809 37.375 37.94 38.506 39.071 39.709 40.551 41.394 42.237 43.08 43.922 44.629 45.213 45.796 46.38 46.963 47.547 48.276 49.092 49.907 50.723 51.539 52.354 53.17 53.985 54.801 55.617 56.427 57.183 57.939 58.695 59.451 60.207 60.963 61.719 62.475 63.232 63.988 64.24 64.393 64.546 64.699 64.852 65.005 64.779 64.359 63.938 63.518 63.097 62.677 62.548 63.061 63.573 64.086 64.599 65.111 65.624 66.136 66.649 67.161 67.46 67.032 66.603 66.175 65.747 65.319 64.891 64.462 64.034 63.606 63.029 62.245 61.46 60.676 59.891 59.107 58.322 57.739 57.208 56.676 56.145 55.613 55.082 54.55 54.019 53.487 52.891 52.055 51.22 50.384 49.548 48.713 47.877 46.989 46.009 45.03 44.05 43.071 42.091 41.112 40.157 39.256 38.355 37.453 36.552 35.651 34.75 33.848 32.947 32.046 31.024 29.993
25.342 25.46 25.833 26.59 27.348 28.105 28.863 29.269 29.579 29.888 30.198 30.508 30.817 31.127 31.437 31.746 32.056 32.366 32.675 33.233 33.798 34.363 34.929 35.494 36.06 36.625 37.191 37.756 38.321 38.887 39.581 40.423 41.266 42.109 42.952 43.654 44.238 44.821 45.405 45.988 46.684 47.499 48.315 49.13 49.946 50.761 51.577 52.393 53.208 54.024 54.839 55.649 56.405 57.161 57.917 58.673 59.429 60.185 60.941 61.697 62.453 63.21 63.942 64.095 64.248 64.401 64.554 64.707 64.472 64.052 63.631 63.211 62.79 62.524 63.037 63.549 64.062 64.574 65.087 65.599 66.112 66.625 67.137 67.65 67.932 67.504 67.076 66.648 66.219 65.791 65.363 64.935 64.507 64.079 63.65 63.001 62.216 61.432 60.647 59.863 59.078 58.499 57.968 57.436 56.905 56.374 55.842 55.311 54.779 54.248 53.716 53.058 52.222 51.386 50.551 49.715 48.88 47.989 47.009 46.03 45.05 44.071 43.091 42.125 41.224 40.323 39.421 38.52 37.619 36.718 35.816 34.915 34.014 33.113 32.088 31.058
24.959 25.077 25.46 26.218 26.975 27.733 28.206 28.515 28.825 29.135 29.444 29.754 30.064 30.373 30.683 30.993 31.302 31.612 31.922 32.483 33.048 33.614 34.179 34.745 35.31 35.875 36.441 37.006 37.572 38.137 38.703 39.453 40.295 41.138 41.981 42.679 43.263 43.846 44.43 45.091 45.906 46.722 47.538 48.353 49.169 49.984 50.8 51.616 52.431 53.247 54.062 54.871 55.627 56.383 57.139 57.895 58.651 59.407 60.163 60.919 61.675 62.431 63.187 63.798 63.951 64.103 64.256 64.409 64.165 63.744 63.324 62.903 62.5 63.012 63.525 64.037 64.55 65.063 65.575 66.088 66.6 67.113 67.625 68.138 68.405 67.976 67.548 67.12 66.692 66.264 65.836 65.407 64.979 64.551 64.123 63.695 62.972 62.188 61.403 60.619 59.834 59.26 58.728 58.197 57.665 57.134 56.603 56.071 55.54 55.008 54.477 53.945 53.224 52.389 51.553 50.718 49.882 48.989 48.009 47.03 46.05 45.071 44.093 43.192 42.291 41.389 40.488 39.587 38.686 37.784 36.883 35.982 35.08 34.179 33.153 32.122
24.576 24.694 25.088 25.845 26.603 27.142 27.452 27.762 28.071 28.381 28.691 29.0 29.31 29.62 29.929 30.239 30.549 30.858 31.168 31.733 32.299 32.864 33.43 33.995 34.56 35.126 35.691 36.257 36.822 37.388 37.953 38.518 39.325 40.167 41.01 41.705 42.288 42.871 43.498 44.314 45.129 45.945 46.76 47.576 48.392 49.207 50.023 50.838 51.654 52.47 53.285 54.092 54.848 55.605 56.361 57.117 57.873 58.629 59.385 60.141 60.897 61.653 62.409 63.165 63.653 63.806 63.959 64.112 63.858 63.437 63.017 62.596 62.988 63.5 64.013 64.526 65.038 65.551 66.063 66.576 67.088 67.601 68.114 68.626 68.877 68.449 68.021 67.593 67.164 66.736 66.308 65.88 65.452 65.023 64.595 64.167 63.728 62.944 62.159 61.375 60.59 60.02 59.489 58.957 58.426 57.894 57.363 56.831 56.3 55.769 55.237 54.706 54.174 53.391 52.556 51.72 50.884 49.989 49.009 48.03 47.05 46.071 45.16 44.259 43.357 42.456 41.555 40.654 39.752 38.851 37.95 37.048 36.147 35.246 34.217 33.187
24.194 24.312 24.715 25.473 26.079 26.389 26.698 27.008 27.318 27.627 27.937 28.247 28.556 28.866 29.175 29.485 29.795 30.104 30.418 30.984 31.549 32.114 32.68 33.245 33.811 34.376 34.942 35.507 36.072 36.638 37.203 37.769 38.354 39.197 40.04 40.73 41.313 41.905 42.721 43.536 44.352 45.168 45.983 46.799 47.614 48.43 49.246 50.061 50.877 51.692 52.508 53.314 54.07 54.826 55.583 56.339 57.095 57.851 58.607 59.363 60.119 60.875 61.631 62.387 63.143 63.508 63.661 63.814 63.551 63.13 62.71 62.964 63.476 63.989 64.501 65.014 65.526 66.039 66.552 67.064 67.577 68.089 68.602 69.114 69.35 68.921 68.493 68.065 67.637 67.209 66.78 66.352 65.924 65.496 65.068 64.64 64.211 63.7 62.916 62.131 61.347 60.781 60.249 59.718 59.186 58.655 58.123 57.592 57.06 56.529 55.998 55.466 54.935 54.394 53.558 52.722 51.887 50.989 50.009 49.029 48.05 47.128 46.227 45.325 44.424 43.523 42.622 41.72 40.819 39.918 39.016 38.115 37.214 36.312 35.282 34.251
23.811 23.929 24.343 25.015 25.325 25.635 25.944 26.254 26.564 26.873 27.183 27.493 27.802 28.112 28.422 28.731 29.041 29.351 29.669 30.234 30.799 31.365 31.93 32.496 33.061 33.627 34.192 34.757 35.323 35.888 36.454 37.019 37.584 38.226 39.069 39.755 40.338 41.128 41.944 42.759 43.575 44.39 45.206 46.022 46.837 47.653 48.468 49.284 50.1 50.915 51.731 52.536 53.292 54.048 54.804 55.56 56.317 57.073 57.829 58.585 59.341 60.097 60.853 61.609 62.365 63.121 63.364 63.517 63.243 62.823 62.939 63.452 63.964 64.477 64.99 65.502 66.015 66.527 67.04 67.552 68.065 68.578 69.09 69.603 69.822 69.394 68.966 68.537 68.109 67.681 67.253 66.825 66.397 65.968 65.54 65.112 64.684 64.256 63.672 62.887 62.103 61.541 61.01 60.478 59.947 59.415 58.884 58.352 57.821 57.289 56.758 56.226 55.695 55.164 54.56 53.725 52.889 51.988 51.009 50.029 49.096 48.195 47.293 46.392 45.491 44.589 43.688 42.787 41.886 40.984 40.083 39.182 38.281 37.377 36.346 35.316
23.428 23.546 23.952 24.262 24.571 24.881 25.191 25.5 25.81 26.12 26.429 26.739 27.049 27.358 27.668 27.978 28.287 28.597 28.919 29.484 30.05 30.615 31.181 31.746 32.311 32.877 33.442 34.008 34.573 35.139 35.704 36.269 36.835 37.4 38.098 38.78 39.535 40.351 41.167 41.982 42.798 43.613 44.429 45.245 46.06 46.876 47.691 48.507 49.323 50.138 50.954 51.758 52.514 53.27 54.026 54.782 55.538 56.295 57.051 57.807 58.563 59.319 60.075 60.831 61.587 62.343 63.066 63.219 62.936 62.915 63.428 63.94 64.453 64.965 65.478 65.99 66.503 67.016 67.528 68.041 68.553 69.066 69.578 70.091 70.294 69.866 69.438 69.01 68.582 68.154 67.725 67.297 66.869 66.441 66.013 65.585 65.156 64.728 64.3 63.643 62.859 62.301 61.77 61.238 60.707 60.176 59.644 59.113 58.581 58.05 57.518 56.987 56.455 55.924 55.393 54.727 53.891 52.988 52.009 51.064 50.163 49.261 48.36 47.459 46.557 45.656 44.755 43.854 42.952 42.051 41.15 40.249 39.347 38.441 37.411 36.38
23.188 23.301 23.506 23.805 24.105 24.404 24.703 25.002 25.301 25.6 25.899 26.198 26.497 26.797 27.096 27.395 27.694 27.993 28.243 28.757 29.32 29.884 30.448 31.011 31.575 32.138 32.702 33.266 33.829 34.393 34.956 35.52 36.085 36.651 37.216 37.943 38.758 39.574 40.389 41.205 42.021 42.836 43.652 44.467 45.283 46.099 46.914 47.73 48.545 49.361 50.177 50.98 51.736 52.492 53.248 54.004 54.76 55.516 56.272 57.029 57.785 58.541 59.297 60.053 60.809 61.565 62.321 62.921 62.891 63.403 63.916 64.428 64.941 65.453 65.966 66.479 66.991 67.504 68.016 68.529 69.042 69.554 70.067 70.579 70.767 70.339 69.911 69.482 69.054 68.626 68.198 67.77 67.341 66.913 66.485 66.057 65.629 65.201 64.772 64.344 63.615 63.062 62.53 61.999 61.467 60.936 60.405 59.873 59.342 58.81 58.279 57.747 57.216 56.684 56.153 55.621 54.894 53.988 53.032 52.131 51.229 50.328 49.427 48.525 47.624 46.723 45.822 44.92 44.019 43.118 42.217 41.315 40.414 39.506 38.475 37.444
23.09 23.204 23.412 23.711 24.01 24.309 24.608 24.907 25.207 25.506 25.805 26.104 26.403 26.702 27.001 27.3 27.599 27.879 27.972 28.12 28.683 29.247 29.811 30.374 30.938 31.501 32.065 32.629 33.192 33.756 34.319 34.883 35.447 36.01 36.574 37.301 38.114 38.927 39.74 40.554 41.367 42.18 42.993 43.806 44.62 45.433 46.246 47.059 47.873 48.686 49.499 50.031 50.766 51.527 52.288 53.049 53.81 54.571 55.332 56.093 56.854 57.614 58.375 59.136 59.897 60.658 61.419 62.18 62.765 63.303 63.842 64.38 64.919 65.458 65.996 66.535 67.074 67.612 68.151 68.69 69.228 69.767 70.306 70.844 71.06 70.656 70.252 69.848 69.443 69.039 68.635 68.231 67.814 67.386 66.958 66.529 66.101 65.673 65.245 64.817 64.371 63.822 63.291 62.759 62.228 61.696 61.165 60.633 60.102 59.571 59.039 58.508 57.976 57.445 56.913 56.382 55.85 55.0 54.098 53.197 52.296 51.395 50.493 49.592 48.691 47.79 46.888 45.987 45.086 44.184 43.283 42.382 41.481 40.57 39.54 38.509
22.993 23.106 23.317 23.616 23.916 24.215 24.514 24.813 25.112 25.411 25.71 26.009 26.309 26.608 26.907 27.206 27.505 27.608 27.7 27.805 28.047 28.61 29.174 29.737 30.301 30.865 31.428 31.992 32.555 33.119 33.683 34.246 34.81 35.373 35.937 36.668 37.481 38.294 39.107 39.921 40.734 41.547 42.36 43.174 43.987 44.8 45.613 46.427 47.24 48.053 48.581 49.024 49.707 50.458 51.219 51.98 52.741 53.502 54.263 55.024 55.785 56.546 57.306 58.067 58.828 59.589 60.35 61.111 61.692 62.231 62.769 63.308 63.847 64.385 64.924 65.462 66.001 66.54 67.078 67.617 68.156 68.694 69.233 69.826 70.112 69.708 69.304 68.9 68.495 68.091 67.687 67.283 66.879 66.474 66.07 65.666 65.262 64.858 64.453 64.049 64.228 63.765 63.25 62.735 62.22 61.706 61.191 60.676 60.161 59.646 59.132 58.617 58.102 57.587 57.072 56.558 56.043 55.672 54.783 53.894 53.005 52.115 51.226 50.337 49.448 48.558 47.669 46.78 45.891 45.001 44.112 43.223 42.334 41.433 40.414 39.396
22.895 23.009 23.223 23.522 23.821 24.12 24.419 24.718 25.018 25.317 25.616 25.915 26.214 26.513 26.812 27.111 27.245 27.336 27.429 27.534 27.639 27.973 28.537 29.1 29.664 30.228 30.791 31.355 31.918 32.482 33.046 33.609 34.173 34.736 35.3 36.035 36.848 37.661 38.475 39.288 40.101 40.914 41.728 42.541 43.354 44.167 44.981 45.794 46.607 47.201 47.569 48.018 48.7 49.389 50.15 50.911 51.672 52.433 53.194 53.955 54.716 55.477 56.237 56.998 57.759 58.52 59.281 60.042 60.619 61.158 61.697 62.235 62.774 63.313 63.851 64.39 64.928 65.467 66.006 66.544 67.083 67.622 68.19 68.897 69.164 68.76 68.356 67.952 67.547 67.143 66.739 66.335 65.931 65.527 65.122 64.718 64.314 63.91 63.506 63.555 64.031 63.551 63.036 62.521 62.006 61.491 60.977 60.462 59.947 59.432 58.917 58.403 57.888 57.373 56.858 56.343 56.176 55.814 55.153 54.264 53.375 52.486 51.596 50.707 49.818 48.929 48.039 47.15 46.261 45.372 44.482 43.593 42.704 41.801 40.782 39.764
22.798 22.911 23.128 23.427 23.727 24.026 24.325 24.624 24.923 25.222 25.521 25.82 26.12 26.419 26.718 26.883 26.974 27.065 27.158 27.263 27.367 27.472 27.9 28.464 29.027 29.591 30.154 30.718 31.282 31.845 32.409 32.972 33.536 34.1 34.663 35.402 36.215 37.029 37.842 38.655 39.468 40.282 41.095 41.908 42.721 43.534 44.348 45.161 45.821 46.189 46.557 47.011 47.694 48.376 49.081 49.842 50.603 51.364 52.125 52.886 53.647 54.408 55.169 55.929 56.69 57.451 58.212 58.973 59.547 60.085 60.624 61.163 61.701 62.24 62.779 63.317 63.856 64.394 64.933 65.472 66.01 66.554 67.261 67.968 68.216 67.812 67.408 67.004 66.6 66.195 65.791 65.387 64.983 64.579 64.174 63.77 63.366 62.962 62.881 63.358 63.834 63.337 62.822 62.307 61.792 61.277 60.762 60.248 59.733 59.218 58.703 58.188 57.674 57.159 56.644 56.417 56.309 55.938 55.358 54.634 53.745 52.856 51.967 51.077 50.188 49.299 48.41 47.52 46.631 45.742 44.853 43.963 43.074 42.169 41.15 40.132
22.7 22.814 23.034 23.333 23.632 23.931 24.23 24.529 24.829 25.128 25.427 25.726 26.025 26.324 26.52 26.611 26.702 26.793 26.887 26.991 27.096 27.201 27.306 27.827 28.39 28.954 29.517 30.081 30.645 31.208 31.772 32.335 32.899 33.463 34.026 34.769 35.582 36.396 37.209 38.022 38.835 39.649 40.462 41.275 42.088 42.902 43.715 44.441 44.809 45.177 45.545 46.004 46.687 47.37 48.053 48.773 49.534 50.295 51.056 51.817 52.578 53.339 54.1 54.86 55.621 56.382 57.143 57.904 58.474 59.013 59.551 60.09 60.629 61.167 61.706 62.245 62.783 63.322 63.861 64.399 64.938 65.625 66.332 67.039 67.268 66.864 66.46 66.056 65.652 65.247 64.843 64.439 64.035 63.631 63.226 62.822 62.418 62.208 62.684 63.16 63.636 63.122 62.608 62.093 61.578 61.063 60.548 60.033 59.519 59.004 58.489 57.974 57.459 56.945 56.657 56.549 56.441 56.063 55.483 54.902 54.115 53.226 52.337 51.448 50.558 49.669 48.78 47.891 47.001 46.112 45.223 44.334 43.444 42.537 41.518 40.5
22.603 22.716 22.939 23.238 23.538 23.837 24.136 24.435 24.734 25.033 25.332 25.631 25.931 26.157 26.248 26.34 26.431 26.522 26.615 26.72 26.825 26.93 27.034 27.19 27.753 28.317 28.881 29.444 30.008 30.571 31.135 31.699 32.262 32.826 33.389 34.136 34.95 35.763 36.576 37.389 38.203 39.016 39.829 40.642 41.456 42.269 43.061 43.429 43.797 44.165 44.533 44.997 45.68 46.363 47.046 47.729 48.465 49.226 49.987 50.748 51.509 52.27 53.031 53.792 54.552 55.313 56.074 56.835 57.401 57.94 58.479 59.017 59.556 60.095 60.633 61.172 61.711 62.249 62.788 63.327 63.989 64.696 65.402 66.109 66.32 65.916 65.512 65.108 64.704 64.299 63.895 63.491 63.087 62.683 62.278 61.874 61.534 62.011 62.487 62.963 63.423 62.908 62.393 61.879 61.364 60.849 60.334 59.819 59.304 58.79 58.275 57.76 57.245 56.898 56.79 56.682 56.574 56.188 55.607 55.027 54.446 53.596 52.707 51.818 50.929 50.039 49.15 48.261 47.372 46.482 45.593 44.704 43.815 42.905 41.886 40.868
22.506 22.619 22.845 23.144 23.443 23.742 24.041 24.34 24.64 24.939 25.238 25.537 25.795 25.886 25.977 26.068 26.159 26.25 26.344 26.449 26.554 26.658 26.763 26.868 27.116 27.68 28.244 28.807 29.371 29.934 30.498 31.062 31.625 32.189 32.752 33.504 34.317 35.13 35.943 36.757 37.57 38.383 39.196 40.009 40.823 41.636 42.049 42.417 42.785 43.153 43.521 43.991 44.673 45.356 46.039 46.722 47.405 48.157 48.918 49.679 50.44 51.201 51.962 52.723 53.484 54.244 55.005 55.766 56.329 56.867 57.406 57.945 58.483 59.022 59.561 60.099 60.638 61.177 61.715 62.353 63.059 63.766 64.473 65.18 65.372 64.968 64.564 64.16 63.756 63.352 62.947 62.543 62.139 61.735 61.331 60.926 61.337 61.813 62.289 62.765 63.209 62.694 62.179 61.664 61.15 60.635 60.12 59.605 59.09 58.575 58.061 57.546 57.139 57.031 56.923 56.815 56.707 56.312 55.732 55.151 54.571 53.967 53.078 52.188 51.299 50.41 49.52 48.631 47.742 46.853 45.963 45.074 44.185 43.273 42.254 41.236
22.408 22.522 22.75 23.05 23.349 23.648 23.947 24.246 24.545 24.844 25.143 25.432 25.523 25.614 25.706 25.797 25.888 25.979 26.073 26.178 26.282 26.387 26.492 26.597 26.701 27.043 27.607 28.17 28.734 29.298 29.861 30.425 30.988 31.552 32.116 32.871 33.684 34.497 35.31 36.124 36.937 37.75 38.563 39.377 40.19 40.669 41.037 41.405 41.773 42.141 42.509 42.984 43.667 44.349 45.032 45.715 46.398 47.088 47.849 48.61 49.371 50.132 50.893 51.654 52.415 53.175 53.936 54.697 55.256 55.795 56.333 56.872 57.411 57.949 58.488 59.027 59.565 60.104 60.716 61.423 62.13 62.837 63.544 64.251 64.425 64.02 63.616 63.212 62.808 62.404 61.999 61.595 61.191 60.787 60.383 60.664 61.14 61.616 62.092 62.568 62.995 62.48 61.965 61.45 60.935 60.42 59.906 59.391 58.876 58.361 57.846 57.379 57.271 57.163 57.055 56.948 56.84 56.437 55.857 55.276 54.696 54.115 53.448 52.559 51.669 50.78 49.891 49.001 48.112 47.223 46.334 45.444 44.555 43.641 42.622 41.604
22.311 22.424 22.656 22.955 23.254 23.553 23.852 24.152 24.451 24.75 25.049 25.161 25.252 25.343 25.434 25.525 25.616 25.708 25.802 25.906 26.011 26.116 26.221 26.325 26.43 26.535 26.97 27.533 28.097 28.661 29.224 29.788 30.351 30.915 31.479 32.238 33.051 33.864 34.678 35.491 36.304 37.117 37.931 38.744 39.288 39.657 40.025 40.393 40.761 41.129 41.497 41.977 42.66 43.343 44.025 44.708 45.391 46.074 46.78 47.541 48.302 49.063 49.824 50.585 51.346 52.107 52.867 53.628 54.183 54.722 55.261 55.799 56.338 56.877 57.415 57.954 58.493 59.08 59.787 60.494 61.201 61.908 62.615 63.321 63.477 63.072 62.668 62.264 61.86 61.456 61.051 60.647 60.243 59.839 59.99 60.466 60.942 61.418 61.895 62.371 62.78 62.266 61.751 61.236 60.721 60.206 59.691 59.177 58.662 58.147 57.632 57.512 57.404 57.296 57.188 57.08 56.972 56.562 55.981 55.401 54.82 54.24 53.66 52.929 52.04 51.15 50.261 49.372 48.482 47.593 46.704 45.815 44.925 44.009 42.991 41.972
22.213 22.327 22.561 22.861 23.16 23.459 23.758 24.057 24.356 24.655 24.798 24.889 24.98 25.071 25.163 25.254 25.345 25.436 25.53 25.635 25.74 25.845 25.949 26.054 26.159 26.264 26.368 26.897 27.46 28.024 28.587 29.151 29.715 30.278 30.842 31.605 32.418 33.232 34.045 34.858 35.671 36.484 37.298 37.908 38.276 38.645 39.013 39.381 39.749 40.117 40.485 40.97 41.653 42.336 43.019 43.702 44.384 45.067 45.75 46.472 47.233 47.994 48.755 49.516 50.277 51.038 51.798 52.559 53.111 53.649 54.188 54.727 55.265 55.804 56.343 56.881 57.444 58.151 58.858 59.565 60.272 60.978 61.685 62.392 62.529 62.124 61.72 61.316 60.912 60.508 60.103 59.699 59.295 59.317 59.793 60.269 60.745 61.221 61.697 62.173 62.566 62.051 61.537 61.022 60.507 59.992 59.477 58.962 58.448 57.933 57.753 57.645 57.537 57.429 57.321 57.213 57.105 56.686 56.106 55.525 54.945 54.365 53.784 53.204 52.41 51.521 50.631 49.742 48.853 47.963 47.074 46.185 45.296 44.377 43.359 42.34
22.116 22.229 22.467 22.766 23.065 23.364 23.663 23.963 24.262 24.435 24.526 24.618 24.709 24.8 24.891 24.982 25.073 25.165 25.259 25.364 25.469 25.573 25.678 25.783 25.888 25.992 26.097 26.26 26.823 27.387 27.95 28.514 29.078 29.641 30.205 30.972 31.785 32.599 33.412 34.225 35.038 35.852 36.528 36.896 37.265 37.633 38.001 38.369 38.737 39.105 39.473 39.963 40.646 41.329 42.012 42.695 43.378 44.06 44.743 45.426 46.164 46.925 47.686 48.447 49.208 49.969 50.73 51.49 52.038 52.577 53.115 53.654 54.193 54.731 55.27 55.809 56.515 57.222 57.929 58.635 59.342 60.049 60.756 61.463 61.581 61.177 60.772 60.368 59.964 59.56 59.156 58.751 58.643 59.119 59.595 60.071 60.548 61.024 61.5 61.976 62.352 61.837 61.322 60.808 60.293 59.778 59.263 58.748 58.233 57.994 57.886 57.778 57.67 57.562 57.454 57.346 57.238 56.811 56.23 55.65 55.07 54.489 53.909 53.328 52.748 51.891 51.002 50.112 49.223 48.334 47.445 46.555 45.666 44.745 43.727 42.708
22.018 22.132 22.372 22.672 22.971 23.27 23.569 23.868 24.073 24.164 24.255 24.346 24.437 24.528 24.62 24.711 24.802 24.893 24.988 25.093 25.197 25.302 25.407 25.512 25.616 25.721 25.826 25.931 26.186 26.75 27.314 27.877 28.441 29.004 29.568 30.339 31.153 31.966 32.779 33.592 34.406 35.148 35.516 35.884 36.253 36.621 36.989 37.357 37.725 38.093 38.461 38.957 39.64 40.322 41.005 41.688 42.371 43.054 43.737 44.419 45.102 45.856 46.617 47.378 48.139 48.9 49.661 50.421 50.966 51.504 52.043 52.581 53.12 53.659 54.197 54.879 55.586 56.292 56.999 57.706 58.413 59.12 59.827 60.534 60.633 60.229 59.824 59.42 59.016 58.612 58.208 57.97 58.446 58.922 59.398 59.874 60.35 60.826 61.302 61.779 62.138 61.623 61.108 60.593 60.079 59.564 59.049 58.534 58.234 58.126 58.018 57.91 57.802 57.694 57.586 57.479 57.371 56.935 56.355 55.775 55.194 54.614 54.033 53.453 52.873 52.261 51.372 50.483 49.593 48.704 47.815 46.926 46.036 45.113 44.095 43.076
21.921 22.034 22.278 22.577 22.876 23.175 23.474 23.71 23.801 23.892 23.983 24.075 24.166 24.257 24.348 24.439 24.53 24.622 24.717 24.821 24.926 25.031 25.136 25.24 25.345 25.45 25.555 25.659 25.764 26.113 26.677 27.24 27.804 28.367 28.931 29.707 30.52 31.333 32.146 32.959 33.768 34.136 34.504 34.873 35.241 35.609 35.977 36.345 36.713 37.081 37.449 37.95 38.633 39.316 39.998 40.681 41.364 42.047 42.73 43.413 44.095 44.787 45.548 46.309 47.07 47.831 48.592 49.353 49.893 50.432 50.97 51.509 52.048 52.586 53.243 53.949 54.656 55.363 56.07 56.777 57.484 58.191 58.897 59.604 59.685 59.281 58.876 58.472 58.068 57.664 57.296 57.772 58.248 58.725 59.201 59.677 60.153 60.629 61.105 61.581 61.924 61.409 60.894 60.379 59.864 59.35 58.835 58.475 58.367 58.259 58.151 58.043 57.935 57.827 57.719 57.611 57.503 57.06 56.48 55.899 55.319 54.738 54.158 53.578 52.997 52.417 51.742 50.853 49.964 49.074 48.185 47.296 46.407 45.481 44.463 43.444
21.823 21.937 22.183 22.483 22.782 23.081 23.347 23.439 23.53 23.621 23.712 23.803 23.894 23.986 24.077 24.168 24.259 24.35 24.445 24.55 24.655 24.76 24.864 24.969 25.074 25.179 25.283 25.388 25.493 25.598 26.04 26.603 27.167 27.731 28.294 29.074 29.887 30.7 31.513 32.327 32.756 33.124 33.492 33.861 34.229 34.597 34.965 35.333 35.701 36.069 36.437 36.943 37.626 38.309 38.992 39.674 40.357 41.04 41.723 42.406 43.089 43.771 44.479 45.24 46.001 46.762 47.523 48.282 48.82 49.359 49.898 50.436 50.975 51.607 52.313 53.02 53.727 54.434 55.141 55.848 56.554 57.261 57.968 58.675 58.737 58.333 57.928 57.524 57.12 56.716 57.099 57.575 58.051 58.527 59.003 59.479 59.956 60.432 60.908 61.384 61.709 61.195 60.68 60.165 59.65 59.135 58.716 58.608 58.5 58.392 58.284 58.176 58.068 57.96 57.852 57.744 57.636 57.185 56.604 56.024 55.444 54.863 54.283 53.702 53.122 52.541 51.961 51.223 50.334 49.445 48.555 47.666 46.777 45.849 44.831 43.812
21.726 21.839 22.089 22.388 22.687 22.985 23.076 23.167 23.258 23.349 23.441 23.532 23.623 23.714 23.805 23.896 23.988 24.079 24.174 24.279 24.384 24.488 24.593 24.698 24.803 24.907 25.012 25.117 25.222 25.327 25.431 25.966 26.53 27.094 27.657 28.441 29.254 30.067 30.881 31.376 31.744 32.112 32.481 32.849 33.217 33.585 33.953 34.321 34.689 35.057 35.426 35.936 36.619 37.302 37.985 38.668 39.351 40.033 40.716 41.399 42.082 42.765 43.448 44.171 44.932 45.693 46.454 47.209 47.748 48.286 48.825 49.364 49.97 50.677 51.384 52.091 52.798 53.505 54.211 54.918 55.625 56.332 57.039 57.746 57.789 57.385 56.981 56.576 56.172 56.425 56.901 57.378 57.854 58.33 58.806 59.282 59.758 60.234 60.71 61.186 61.495 60.98 60.466 59.951 59.436 58.956 58.848 58.741 58.633 58.525 58.417 58.309 58.201 58.093 57.985 57.877 57.769 57.309 56.729 56.149 55.568 54.988 54.407 53.827 53.247 52.666 52.086 51.505 50.704 49.815 48.926 48.036 47.147 46.217 45.199 44.18
21.629 21.742 21.995 22.294 22.593 22.713 22.804 22.896 22.987 23.078 23.169 23.26 23.351 23.443 23.534 23.625 23.716 23.807 23.903 24.008 24.112 24.217 24.322 24.427 24.531 24.636 24.741 24.846 24.951 25.055 25.16 25.33 25.893 26.457 27.02 27.808 28.621 29.435 29.996 30.364 30.732 31.1 31.469 31.837 32.205 32.573 32.941 33.309 33.677 34.045 34.414 34.93 35.612 36.295 36.978 37.661 38.344 39.027 39.709 40.392 41.075 41.758 42.441 43.124 43.863 44.624 45.385 46.136 46.675 47.214 47.752 48.334 49.041 49.748 50.455 51.162 51.869 52.575 53.282 53.989 54.696 55.403 56.11 56.816 56.841 56.437 56.033 55.628 55.752 56.228 56.704 57.18 57.656 58.132 58.609 59.085 59.561 60.037 60.513 60.989 61.281 60.766 60.251 59.737 59.222 59.089 58.981 58.873 58.765 58.657 58.549 58.441 58.333 58.225 58.117 58.009 57.902 57.434 56.854 56.273 55.693 55.112 54.532 53.952 53.371 52.791 52.21 51.63 51.05 50.185 49.296 48.407 47.517 46.585 45.567 44.548
