    600    136    276
24.304 24.226 24.148 24.07 23.992 23.914 23.844 23.711 23.569 23.428 23.286 23.144 23.002 22.86 22.718 22.576 22.434 22.292 22.15 22.008 21.866 21.725 21.583 21.345 21.099 20.852 20.606 20.359 20.113 19.866 19.62 19.373 19.127 18.88 18.634 18.387 18.141 17.894 17.647 17.449 17.291 17.133 16.974 16.816 16.657 16.494 16.329 16.165 16.001 15.837 15.672 15.508 15.344 15.18 15.016 14.851 14.758 14.667 14.576 14.485 14.394 14.303 14.212 14.121 14.03 13.939 13.848 13.757 13.666 13.575 13.484 13.393 13.339 13.304 13.27 13.235 13.2 13.166 13.131 13.096 13.061 13.027 12.992 12.957 12.923 12.888 12.853 12.819 12.819 12.839 12.859 12.879 12.899 12.919 12.939 12.96 12.98 13.0 13.02 13.04 13.06 13.08 13.1 13.12 13.141 13.132 13.105 13.082 13.059 13.036 13.013 12.99 12.967 12.944 12.921 12.898 12.875 12.851 12.828 12.805 12.782 12.757 12.701 12.644 12.587 12.53 12.474 12.417 12.36 12.303 12.247 12.19 12.133 12.076 12.019 11.963
23.876 23.798 23.72 23.642 23.564 23.487 23.416 23.351 23.209 23.067 22.925 22.783 22.641 22.499 22.357 22.215 22.073 21.932 21.79 21.648 21.506 21.364 21.222 20.983 20.736 20.49 20.243 19.997 19.75 19.504 19.257 19.011 18.764 18.518 18.271 18.025 17.778 17.532 17.332 17.196 17.038 16.88 16.721 16.563 16.404 16.246 16.088 15.929 15.771 15.613 15.454 15.296 15.137 14.979 14.821 14.727 14.664 14.577 14.49 14.404 14.317 14.23 14.143 14.056 13.969 13.882 13.796 13.709 13.622 13.535 13.448 13.361 13.3 13.269 13.239 13.208 13.177 13.146 13.115 13.084 13.053 13.023 12.992 12.961 12.93 12.899 12.868 12.837 12.808 12.831 12.854 12.877 12.901 12.924 12.947 12.97 12.993 13.017 13.04 13.063 13.086 13.109 13.133 13.156 13.179 13.177 13.154 13.131 13.108 13.085 13.062 13.039 13.016 12.993 12.97 12.947 12.924 12.9 12.877 12.854 12.831 12.806 12.749 12.692 12.635 12.579 12.522 12.465 12.408 12.352 12.295 12.238 12.181 12.125 12.068 12.011
23.449 23.371 23.293 23.215 23.137 23.059 22.989 22.931 22.848 22.706 22.564 22.422 22.28 22.139 21.997 21.855 21.713 21.571 21.429 21.287 21.145 21.003 20.861 20.621 20.374 20.128 19.881 19.635 19.388 19.142 18.895 18.649 18.402 18.155 17.909 17.662 17.416 17.198 17.08 16.943 16.785 16.627 16.468 16.31 16.152 15.993 15.835 15.676 15.518 15.36 15.201 15.043 14.885 14.726 14.618 14.556 14.505 14.435 14.349 14.262 14.175 14.088 14.001 13.914 13.827 13.741 13.654 13.567 13.48 13.393 13.306 13.219 13.159 13.125 13.094 13.063 13.032 13.001 12.97 12.94 12.909 12.878 12.847 12.816 12.785 12.754 12.723 12.693 12.664 12.687 12.71 12.734 12.757 12.78 12.803 12.826 12.85 12.873 12.896 12.919 12.942 12.966 12.989 13.012 13.014 12.999 12.985 12.965 12.946 12.927 12.908 12.888 12.869 12.85 12.83 12.811 12.792 12.773 12.753 12.734 12.715 12.693 12.64 12.587 12.534 12.481 12.428 12.375 12.322 12.269 12.216 12.164 12.111 12.058 12.005 11.952
23.021 22.943 22.865 22.787 22.709 22.631 22.562 22.503 22.445 22.346 22.204 22.062 21.92 21.778 21.636 21.494 21.352 21.21 21.068 20.926 20.785 20.643 20.501 20.258 20.012 19.765 19.519 19.272 19.026 18.779 18.533 18.286 18.04 17.793 17.547 17.3 17.063 16.946 16.828 16.691 16.532 16.374 16.215 16.057 15.899 15.74 15.582 15.424 15.265 15.107 14.948 14.79 14.632 14.509 14.448 14.386 14.335 14.283 14.207 14.12 14.033 13.946 13.859 13.772 13.686 13.599 13.512 13.425 13.338 13.251 13.164 13.077 13.018 12.983 12.949 12.918 12.887 12.857 12.826 12.795 12.764 12.733 12.702 12.671 12.641 12.61 12.579 12.548 12.52 12.543 12.567 12.59 12.613 12.636 12.659 12.683 12.706 12.729 12.752 12.775 12.799 12.822 12.845 12.854 12.824 12.81 12.808 12.79 12.771 12.752 12.732 12.713 12.694 12.674 12.655 12.636 12.617 12.597 12.578 12.559 12.54 12.517 12.464 12.411 12.358 12.305 12.252 12.199 12.146 12.094 12.041 11.988 11.935 11.882 11.829 11.776
22.593 22.515 22.437 22.36 22.282 22.204 22.135 22.076 22.017 21.959 21.843 21.701 21.559 21.417 21.275 21.133 20.992 20.85 20.708 20.566 20.424 20.282 20.14 19.896 19.65 19.403 19.156 18.91 18.663 18.417 18.17 17.924 17.677 17.431 17.184 16.938 16.811 16.693 16.576 16.438 16.279 16.121 15.963 15.804 15.646 15.487 15.329 15.171 15.012 14.854 14.696 14.537 14.401 14.339 14.277 14.215 14.164 14.113 14.062 13.978 13.891 13.804 13.717 13.631 13.544 13.457 13.37 13.283 13.196 13.109 13.022 12.936 12.877 12.842 12.806 12.774 12.743 12.712 12.681 12.65 12.619 12.588 12.558 12.527 12.496 12.465 12.434 12.403 12.376 12.4 12.423 12.446 12.469 12.492 12.516 12.539 12.562 12.585 12.608 12.632 12.655 12.678 12.695 12.665 12.634 12.621 12.619 12.615 12.595 12.576 12.557 12.538 12.518 12.499 12.48 12.461 12.441 12.422 12.403 12.384 12.364 12.341 12.288 12.235 12.182 12.129 12.076 12.024 11.971 11.918 11.865 11.812 11.759 11.706 11.653 11.6
22.166 22.088 22.01 21.932 21.854 21.776 21.707 21.649 21.59 21.532 21.473 21.34 21.199 21.057 20.915 20.773 20.631 20.489 20.347 20.205 20.063 19.921 19.779 19.534 19.287 19.041 18.794 18.548 18.301 18.055 17.808 17.562 17.315 17.068 16.822 16.676 16.559 16.441 16.324 16.185 16.026 15.868 15.71 15.551 15.393 15.235 15.076 14.918 14.759 14.601 14.443 14.292 14.23 14.168 14.107 14.045 13.994 13.943 13.891 13.836 13.749 13.662 13.576 13.489 13.402 13.315 13.228 13.141 13.054 12.967 12.881 12.794 12.736 12.701 12.665 12.629 12.598 12.567 12.536 12.505 12.475 12.444 12.413 12.382 12.351 12.32 12.289 12.258 12.233 12.256 12.279 12.302 12.325 12.349 12.372 12.395 12.418 12.441 12.465 12.488 12.511 12.534 12.506 12.475 12.445 12.432 12.43 12.428 12.42 12.401 12.382 12.362 12.343 12.324 12.305 12.285 12.266 12.247 12.228 12.208 12.189 12.165 12.112 12.059 12.006 11.954 11.901 11.848 11.795 11.742 11.689 11.636 11.583 11.53 11.477 11.424
21.738 21.66 21.582 21.504 21.426 21.349 21.28 21.221 21.163 21.104 21.046 20.98 20.838 20.696 20.554 20.412 20.27 20.128 19.986 19.844 19.703 19.561 19.418 19.171 18.925 18.678 18.432 18.185 17.939 17.692 17.446 17.199 16.953 16.706 16.541 16.424 16.306 16.189 16.071 15.932 15.774 15.615 15.457 15.298 15.14 14.982 14.823 14.665 14.506 14.348 14.19 14.122 14.06 13.998 13.936 13.875 13.824 13.772 13.721 13.67 13.607 13.521 13.434 13.347 13.26 13.173 13.086 12.999 12.912 12.826 12.739 12.652 12.595 12.56 12.524 12.488 12.453 12.422 12.392 12.361 12.33 12.299 12.268 12.237 12.206 12.175 12.145 12.114 12.089 12.112 12.135 12.158 12.182 12.205 12.228 12.251 12.274 12.298 12.321 12.344 12.367 12.346 12.316 12.285 12.255 12.243 12.241 12.239 12.237 12.226 12.206 12.187 12.168 12.149 12.129 12.11 12.091 12.072 12.052 12.033 12.014 11.989 11.936 11.883 11.831 11.778 11.725 11.672 11.619 11.566 11.513 11.46 11.407 11.354 11.301 11.247
21.31 21.233 21.155 21.077 20.999 20.921 20.853 20.794 20.735 20.677 20.618 20.56 20.477 20.335 20.193 20.052 19.91 19.768 19.626 19.484 19.342 19.2 19.056 18.809 18.563 18.316 18.07 17.823 17.576 17.33 17.083 16.837 16.59 16.407 16.289 16.172 16.054 15.937 15.819 15.679 15.521 15.362 15.204 15.045 14.887 14.729 14.57 14.412 14.254 14.095 14.013 13.951 13.889 13.827 13.765 13.704 13.653 13.602 13.551 13.5 13.448 13.379 13.292 13.205 13.118 13.031 12.944 12.858 12.771 12.684 12.597 12.51 12.454 12.418 12.383 12.347 12.312 12.278 12.247 12.216 12.185 12.154 12.123 12.092 12.062 12.031 12.0 11.969 11.945 11.968 11.991 12.015 12.038 12.061 12.084 12.107 12.131 12.154 12.177 12.2 12.187 12.157 12.126 12.096 12.065 12.053 12.052 12.05 12.048 12.046 12.031 12.012 11.993 11.973 11.954 11.935 11.916 11.896 11.877 11.858 11.839 11.813 11.761 11.708 11.655 11.602 11.549 11.496 11.443 11.39 11.337 11.284 11.231 11.178 11.124 11.07
20.883 20.805 20.727 20.649 20.571 20.493 20.425 20.367 20.308 20.25 20.191 20.132 20.074 19.975 19.833 19.691 19.549 19.407 19.265 19.123 18.981 18.839 18.693 18.447 18.2 17.954 17.707 17.461 17.214 16.968 16.721 16.475 16.272 16.155 16.037 15.919 15.802 15.684 15.567 15.426 15.268 15.109 14.951 14.793 14.634 14.476 14.317 14.159 14.001 13.904 13.843 13.781 13.719 13.657 13.595 13.534 13.483 13.432 13.38 13.329 13.278 13.227 13.15 13.063 12.976 12.889 12.803 12.716 12.629 12.542 12.455 12.368 12.313 12.277 12.242 12.206 12.171 12.135 12.102 12.071 12.04 12.009 11.979 11.948 11.917 11.886 11.855 11.824 11.801 11.824 11.847 11.871 11.894 11.917 11.94 11.964 11.987 12.01 12.033 12.028 11.997 11.967 11.937 11.906 11.876 11.864 11.862 11.861 11.859 11.857 11.855 11.837 11.817 11.798 11.779 11.76 11.74 11.721 11.702 11.683 11.663 11.638 11.585 11.532 11.479 11.426 11.373 11.32 11.267 11.214 11.161 11.109 11.055 11.001 10.947 10.893
20.455 20.377 20.299 20.222 20.144 20.066 19.998 19.939 19.881 19.822 19.764 19.705 19.647 19.588 19.472 19.33 19.188 19.046 18.904 18.763 18.621 18.479 18.331 18.084 17.838 17.591 17.345 17.098 16.852 16.605 16.359 16.137 16.02 15.902 15.785 15.667 15.55 15.432 15.315 15.173 15.015 14.856 14.698 14.54 14.381 14.223 14.065 13.906 13.796 13.734 13.672 13.61 13.548 13.486 13.424 13.364 13.313 13.261 13.21 13.159 13.108 13.056 13.005 12.921 12.834 12.748 12.661 12.574 12.487 12.4 12.313 12.226 12.172 12.136 12.101 12.065 12.03 11.994 11.959 11.926 11.896 11.865 11.834 11.803 11.772 11.741 11.71 11.68 11.657 11.68 11.704 11.727 11.75 11.773 11.796 11.82 11.843 11.866 11.869 11.838 11.808 11.777 11.747 11.716 11.686 11.675 11.673 11.671 11.67 11.668 11.666 11.661 11.642 11.623 11.604 11.584 11.565 11.546 11.527 11.507 11.488 11.462 11.409 11.356 11.303 11.25 11.197 11.144 11.091 11.039 10.986 10.933 10.879 10.825 10.771 10.717
20.028 19.95 19.872 19.794 19.716 19.638 19.571 19.512 19.454 19.395 19.336 19.278 19.219 19.161 19.102 18.97 18.828 18.686 18.544 18.402 18.26 18.118 17.969 17.722 17.476 17.229 16.983 16.736 16.489 16.243 16.003 15.885 15.768 15.65 15.533 15.415 15.297 15.18 15.062 14.92 14.762 14.604 14.445 14.287 14.128 13.97 13.812 13.687 13.625 13.563 13.502 13.44 13.378 13.316 13.254 13.193 13.142 13.091 13.04 12.989 12.937 12.886 12.835 12.779 12.693 12.606 12.519 12.432 12.345 12.258 12.171 12.084 12.031 11.995 11.96 11.924 11.889 11.853 11.818 11.782 11.751 11.72 11.689 11.658 11.627 11.597 11.566 11.535 11.513 11.537 11.56 11.583 11.606 11.629 11.653 11.676 11.699 11.709 11.679 11.648 11.618 11.588 11.557 11.527 11.496 11.486 11.484 11.482 11.48 11.479 11.477 11.475 11.467 11.448 11.428 11.409 11.39 11.371 11.351 11.332 11.313 11.286 11.233 11.18 11.127 11.074 11.021 10.969 10.916 10.863 10.81 10.756 10.702 10.648 10.594 10.54
19.6 19.522 19.444 19.366 19.288 19.21 19.143 19.085 19.026 18.968 18.909 18.851 18.792 18.733 18.675 18.609 18.467 18.325 18.183 18.041 17.899 17.757 17.606 17.36 17.113 16.867 16.62 16.374 16.127 15.881 15.75 15.633 15.515 15.398 15.28 15.163 15.045 14.928 14.81 14.667 14.509 14.351 14.192 14.034 13.876 13.717 13.579 13.517 13.455 13.393 13.331 13.269 13.207 13.145 13.083 13.023 12.972 12.921 12.869 12.818 12.767 12.716 12.664 12.613 12.551 12.464 12.377 12.29 12.203 12.116 12.029 11.943 11.89 11.854 11.819 11.783 11.748 11.712 11.677 11.641 11.606 11.575 11.544 11.514 11.483 11.452 11.421 11.39 11.37 11.393 11.416 11.439 11.462 11.486 11.509 11.532 11.55 11.52 11.489 11.459 11.428 11.398 11.367 11.337 11.307 11.297 11.295 11.293 11.291 11.289 11.288 11.286 11.284 11.272 11.253 11.234 11.215 11.195 11.176 11.157 11.138 11.11 11.057 11.004 10.951 10.899 10.846 10.793 10.74 10.687 10.633 10.579 10.525 10.471 10.417 10.363
19.172 19.095 19.017 18.939 18.861 18.783 18.716 18.658 18.599 18.54 18.482 18.423 18.365 18.306 18.247 18.189 18.106 17.964 17.823 17.681 17.539 17.397 17.244 16.997 16.751 16.504 16.258 16.011 15.765 15.616 15.498 15.381 15.263 15.146 15.028 14.911 14.793 14.675 14.558 14.415 14.256 14.098 13.939 13.781 13.623 13.47 13.408 13.346 13.284 13.222 13.161 13.099 13.037 12.975 12.913 12.853 12.802 12.75 12.699 12.648 12.597 12.545 12.494 12.443 12.392 12.322 12.235 12.148 12.061 11.974 11.888 11.801 11.749 11.713 11.678 11.642 11.607 11.571 11.536 11.5 11.465 11.431 11.4 11.369 11.338 11.307 11.276 11.245 11.226 11.249 11.272 11.295 11.319 11.342 11.365 11.388 11.36 11.33 11.3 11.269 11.239 11.208 11.178 11.147 11.117 11.107 11.106 11.104 11.102 11.1 11.098 11.097 11.095 11.093 11.078 11.059 11.039 11.02 11.001 10.982 10.962 10.934 10.881 10.828 10.776 10.723 10.67 10.617 10.564 10.51 10.456 10.402 10.348 10.294 10.24 10.186
18.721 18.667 18.589 18.511 18.433 18.355 18.289 18.23 18.172 18.113 18.055 17.996 17.937 17.879 17.82 17.762 17.703 17.604 17.462 17.32 17.178 17.036 16.882 16.635 16.389 16.142 15.896 15.649 15.481 15.363 15.246 15.128 15.011 14.893 14.776 14.658 14.541 14.423 14.306 14.162 14.003 13.845 13.686 13.528 13.37 13.3 13.238 13.176 13.114 13.052 12.99 12.928 12.866 12.804 12.742 12.682 12.631 12.58 12.529 12.478 12.426 12.375 12.324 12.273 12.221 12.17 12.093 12.006 11.92 11.833 11.746 11.659 11.608 11.572 11.537 11.501 11.466 11.43 11.395 11.359 11.324 11.288 11.255 11.224 11.193 11.162 11.132 11.101 11.082 11.105 11.128 11.152 11.175 11.198 11.221 11.201 11.171 11.14 11.11 11.079 11.049 11.019 10.988 10.958 10.927 10.918 10.916 10.915 10.913 10.911 10.909 10.908 10.906 10.904 10.902 10.883 10.864 10.845 10.826 10.806 10.787 10.758 10.706 10.653 10.6 10.547 10.494 10.441 10.388 10.334 10.28 10.226 10.172 10.117 10.063 10.009
18.217 18.234 18.161 18.083 18.006 17.928 17.862 17.803 17.744 17.686 17.627 17.569 17.51 17.451 17.393 17.334 17.276 17.217 17.101 16.959 16.817 16.675 16.519 16.273 16.026 15.78 15.533 15.346 15.229 15.111 14.994 14.876 14.759 14.641 14.524 14.406 14.288 14.171 14.053 13.909 13.75 13.592 13.434 13.275 13.191 13.129 13.067 13.005 12.943 12.881 12.82 12.758 12.696 12.634 12.572 12.512 12.461 12.41 12.358 12.307 12.256 12.205 12.154 12.102 12.051 12.0 11.949 11.865 11.778 11.691 11.604 11.517 11.467 11.431 11.396 11.36 11.325 11.289 11.254 11.218 11.183 11.147 11.112 11.079 11.049 11.018 10.987 10.956 10.938 10.961 10.985 11.008 11.031 11.054 11.042 11.012 10.981 10.951 10.92 10.89 10.859 10.829 10.798 10.768 10.738 10.729 10.727 10.726 10.724 10.722 10.72 10.718 10.717 10.715 10.713 10.708 10.689 10.67 10.65 10.631 10.612 10.583 10.53 10.477 10.424 10.371 10.318 10.265 10.211 10.157 10.103 10.049 9.995 9.941 9.887 9.833
17.714 17.731 17.734 17.656 17.578 17.5 17.434 17.376 17.317 17.258 17.2 17.141 17.083 17.024 16.966 16.907 16.848 16.79 16.731 16.599 16.457 16.315 16.157 15.911 15.664 15.417 15.212 15.094 14.977 14.859 14.741 14.624 14.506 14.389 14.271 14.154 14.036 13.919 13.801 13.656 13.497 13.339 13.181 13.082 13.02 12.959 12.897 12.835 12.773 12.711 12.649 12.587 12.525 12.463 12.401 12.342 12.291 12.239 12.188 12.137 12.086 12.034 11.983 11.932 11.881 11.829 11.778 11.723 11.636 11.549 11.462 11.375 11.326 11.29 11.255 11.219 11.184 11.148 11.113 11.077 11.042 11.006 10.971 10.935 10.904 10.873 10.842 10.811 10.794 10.818 10.841 10.864 10.887 10.883 10.852 10.822 10.791 10.761 10.731 10.7 10.67 10.639 10.609 10.578 10.548 10.54 10.538 10.536 10.535 10.533 10.531 10.529 10.527 10.526 10.524 10.522 10.514 10.494 10.475 10.456 10.437 10.407 10.354 10.301 10.248 10.195 10.142 10.088 10.034 9.98 9.926 9.872 9.818 9.764 9.71 9.656
17.21 17.227 17.244 17.228 17.15 17.072 17.007 16.948 16.89 16.831 16.773 16.714 16.655 16.597 16.538 16.48 16.421 16.363 16.304 16.238 16.096 15.954 15.795 15.548 15.302 15.077 14.959 14.842 14.724 14.607 14.489 14.372 14.254 14.137 14.019 13.902 13.784 13.666 13.549 13.403 13.245 13.086 12.974 12.912 12.85 12.788 12.726 12.664 12.602 12.54 12.479 12.417 12.355 12.293 12.231 12.171 12.12 12.069 12.018 11.967 11.915 11.864 11.813 11.762 11.71 11.659 11.608 11.557 11.494 11.407 11.32 11.233 11.185 11.149 11.114 11.078 11.043 11.007 10.972 10.936 10.901 10.865 10.83 10.794 10.759 10.728 10.697 10.667 10.651 10.674 10.697 10.72 10.723 10.693 10.663 10.632 10.602 10.571 10.541 10.51 10.48 10.45 10.419 10.389 10.358 10.351 10.349 10.347 10.345 10.344 10.342 10.34 10.338 10.336 10.335 10.333 10.331 10.319 10.3 10.281 10.261 10.231 10.178 10.125 10.072 10.019 9.965 9.911 9.857 9.803 9.749 9.695 9.641 9.587 9.533 9.479
16.706 16.724 16.741 16.758 16.723 16.645 16.58 16.521 16.462 16.404 16.345 16.287 16.228 16.17 16.111 16.052 15.994 15.935 15.877 15.818 15.735 15.594 15.432 15.186 14.942 14.825 14.707 14.59 14.472 14.355 14.237 14.119 14.002 13.884 13.767 13.649 13.532 13.414 13.297 13.15 12.992 12.865 12.803 12.741 12.679 12.618 12.556 12.494 12.432 12.37 12.308 12.246 12.184 12.122 12.06 12.001 11.95 11.899 11.847 11.796 11.745 11.694 11.643 11.591 11.54 11.489 11.438 11.386 11.335 11.265 11.178 11.091 11.044 11.008 10.973 10.937 10.902 10.866 10.831 10.795 10.76 10.724 10.689 10.653 10.618 10.584 10.553 10.522 10.507 10.53 10.553 10.564 10.534 10.503 10.473 10.442 10.412 10.382 10.351 10.321 10.29 10.26 10.229 10.199 10.169 10.162 10.16 10.158 10.156 10.154 10.153 10.151 10.149 10.147 10.145 10.144 10.142 10.14 10.125 10.105 10.086 10.055 10.002 9.949 9.896 9.843 9.789 9.735 9.68 9.626 9.572 9.518 9.464 9.41 9.356 9.302
16.203 16.22 16.237 16.254 16.271 16.217 16.152 16.094 16.035 15.977 15.918 15.859 15.801 15.742 15.684 15.625 15.567 15.508 15.449 15.391 15.332 15.233 15.07 14.824 14.69 14.572 14.455 14.337 14.22 14.102 13.985 13.867 13.75 13.632 13.515 13.397 13.28 13.162 13.044 12.897 12.756 12.695 12.633 12.571 12.509 12.447 12.385 12.323 12.261 12.199 12.138 12.076 12.014 11.952 11.89 11.831 11.78 11.728 11.677 11.626 11.575 11.523 11.472 11.421 11.37 11.319 11.267 11.216 11.165 11.114 11.036 10.95 10.903 10.867 10.832 10.796 10.761 10.725 10.69 10.654 10.619 10.583 10.548 10.512 10.477 10.441 10.408 10.377 10.363 10.386 10.405 10.375 10.344 10.314 10.283 10.253 10.222 10.192 10.161 10.131 10.101 10.07 10.04 10.009 9.979 9.972 9.971 9.969 9.967 9.965 9.963 9.962 9.96 9.958 9.956 9.954 9.953 9.951 9.949 9.93 9.911 9.879 9.826 9.773 9.72 9.666 9.612 9.558 9.504 9.45 9.396 9.342 9.288 9.234 9.18 9.125
15.699 15.716 15.733 15.751 15.768 15.785 15.725 15.666 15.608 15.549 15.491 15.432 15.374 15.315 15.256 15.198 15.139 15.081 15.022 14.963 14.905 14.846 14.708 14.555 14.438 14.32 14.203 14.085 13.968 13.85 13.733 13.615 13.497 13.38 13.262 13.145 13.027 12.91 12.792 12.648 12.586 12.524 12.462 12.4 12.338 12.277 12.215 12.153 12.091 12.029 11.967 11.905 11.843 11.781 11.719 11.66 11.609 11.558 11.507 11.456 11.404 11.353 11.302 11.251 11.199 11.148 11.097 11.046 10.994 10.943 10.892 10.808 10.762 10.726 10.691 10.655 10.62 10.584 10.549 10.513 10.478 10.442 10.407 10.371 10.336 10.3 10.265 10.232 10.219 10.242 10.215 10.185 10.154 10.124 10.094 10.063 10.033 10.002 9.972 9.941 9.911 9.881 9.85 9.82 9.789 9.783 9.781 9.78 9.778 9.776 9.774 9.772 9.771 9.769 9.767 9.765 9.763 9.762 9.76 9.755 9.736 9.703 9.651 9.597 9.543 9.489 9.435 9.381 9.327 9.273 9.219 9.165 9.111 9.057 9.003 8.949
15.614 15.623 15.631 15.64 15.648 15.642 15.596 15.53 15.465 15.399 15.333 15.268 15.202 15.136 15.071 15.005 14.939 14.874 14.808 14.742 14.677 14.611 14.532 14.41 14.288 14.166 14.045 13.923 13.801 13.679 13.557 13.435 13.313 13.192 13.07 12.948 12.826 12.704 12.582 12.504 12.439 12.374 12.309 12.244 12.179 12.114 12.049 11.985 11.92 11.858 11.797 11.735 11.673 11.611 11.549 11.49 11.439 11.388 11.336 11.285 11.234 11.183 11.132 11.08 11.029 10.978 10.927 10.875 10.824 10.773 10.722 10.666 10.621 10.585 10.55 10.514 10.479 10.443 10.408 10.372 10.337 10.301 10.266 10.23 10.195 10.159 10.124 10.088 10.075 10.056 10.026 9.995 9.965 9.934 9.904 9.873 9.843 9.813 9.782 9.752 9.721 9.691 9.66 9.63 9.6 9.594 9.592 9.59 9.589 9.587 9.585 9.583 9.581 9.58 9.578 9.576 9.574 9.572 9.571 9.569 9.56 9.528 9.474 9.42 9.366 9.312 9.258 9.204 9.15 9.096 9.042 8.988 8.934 8.88 8.826 8.772
15.658 15.666 15.675 15.683 15.685 15.638 15.597 15.548 15.482 15.417 15.351 15.285 15.22 15.154 15.088 15.023 14.957 14.891 14.826 14.76 14.694 14.629 14.549 14.425 14.303 14.182 14.06 13.938 13.816 13.694 13.572 13.451 13.329 13.207 13.085 12.963 12.841 12.72 12.598 12.52 12.455 12.39 12.325 12.26 12.195 12.131 12.066 12.001 11.936 11.871 11.806 11.741 11.676 11.611 11.542 11.376 11.272 11.221 11.17 11.118 11.067 11.016 10.964 10.913 10.862 10.81 10.759 10.708 10.657 10.605 10.554 10.503 10.438 10.403 10.369 10.335 10.3 10.266 10.232 10.197 10.163 10.129 10.094 10.06 10.026 9.991 9.957 9.923 9.895 9.864 9.834 9.804 9.773 9.743 9.713 9.682 9.652 9.622 9.591 9.561 9.531 9.5 9.47 9.44 9.409 9.404 9.403 9.401 9.399 9.398 9.396 9.394 9.392 9.39 9.389 9.387 9.385 9.383 9.381 9.38 9.378 9.352 9.298 9.243 9.189 9.135 9.081 9.027 8.973 8.919 8.865 8.811 8.757 8.703 8.649 8.595
15.701 15.71 15.718 15.727 15.681 15.635 15.594 15.554 15.5 15.434 15.369 15.303 15.237 15.172 15.106 15.04 14.975 14.909 14.843 14.778 14.712 14.646 14.566 14.442 14.319 14.197 14.075 13.953 13.831 13.709 13.588 13.466 13.344 13.222 13.1 12.978 12.857 12.735 12.613 12.536 12.471 12.406 12.341 12.277 12.212 12.147 12.082 12.017 11.952 11.887 11.822 11.757 11.692 11.627 11.477 11.311 11.133 11.055 11.003 10.952 10.901 10.849 10.798 10.747 10.696 10.644 10.593 10.542 10.49 10.439 10.388 10.336 10.253 10.193 10.158 10.124 10.09 10.055 10.021 9.987 9.952 9.918 9.884 9.849 9.815 9.78 9.746 9.712 9.686 9.668 9.638 9.608 9.577 9.547 9.517 9.486 9.456 9.426 9.395 9.365 9.335 9.304 9.274 9.244 9.213 9.209 9.207 9.206 9.204 9.202 9.201 9.199 9.197 9.195 9.194 9.192 9.19 9.189 9.187 9.185 9.186 9.208 9.168 9.113 9.058 9.003 8.948 8.893 8.838 8.783 8.728 8.672 8.617 8.562 8.507 8.452
15.744 15.753 15.762 15.724 15.678 15.632 15.591 15.551 15.511 15.452 15.386 15.321 15.255 15.189 15.124 15.058 14.992 14.927 14.861 14.795 14.73 14.664 14.582 14.459 14.335 14.212 14.09 13.968 13.847 13.725 13.603 13.481 13.359 13.237 13.115 12.994 12.872 12.75 12.628 12.552 12.487 12.423 12.358 12.293 12.228 12.163 12.098 12.033 11.968 11.903 11.838 11.773 11.708 11.572 11.412 11.246 11.068 10.89 10.837 10.786 10.735 10.683 10.632 10.581 10.529 10.478 10.427 10.375 10.324 10.273 10.222 10.17 10.086 9.997 9.948 9.913 9.879 9.845 9.81 9.776 9.741 9.707 9.673 9.638 9.604 9.57 9.535 9.501 9.475 9.463 9.442 9.412 9.382 9.351 9.321 9.291 9.26 9.23 9.2 9.169 9.139 9.109 9.078 9.048 9.018 9.014 9.012 9.01 9.008 9.007 9.005 9.003 9.002 9.0 8.998 8.997 8.995 8.993 8.992 8.99 9.013 9.034 9.054 8.999 8.944 8.889 8.834 8.779 8.724 8.669 8.613 8.558 8.503 8.448 8.393 8.338
15.788 15.796 15.767 15.721 15.675 15.629 15.588 15.548 15.508 15.468 15.404 15.338 15.273 15.207 15.141 15.076 15.01 14.944 14.879 14.813 14.747 14.682 14.599 14.475 14.352 14.228 14.105 13.984 13.862 13.74 13.618 13.496 13.374 13.253 13.131 13.009 12.887 12.765 12.643 12.569 12.504 12.439 12.374 12.309 12.244 12.179 12.114 12.049 11.984 11.919 11.854 11.789 11.667 11.507 11.347 11.181 11.003 10.825 10.671 10.62 10.568 10.517 10.466 10.414 10.363 10.312 10.261 10.209 10.158 10.107 10.055 10.004 9.919 9.83 9.74 9.702 9.668 9.634 9.599 9.565 9.531 9.496 9.462 9.428 9.393 9.359 9.325 9.29 9.265 9.253 9.241 9.216 9.186 9.155 9.125 9.095 9.064 9.034 9.004 8.973 8.943 8.913 8.882 8.852 8.822 8.818 8.816 8.815 8.813 8.811 8.81 8.808 8.806 8.805 8.803 8.801 8.799 8.798 8.796 8.815 8.839 8.861 8.88 8.885 8.83 8.775 8.72 8.665 8.609 8.554 8.499 8.444 8.389 8.334 8.279 8.224
15.831 15.81 15.764 15.718 15.672 15.626 15.585 15.545 15.505 15.465 15.422 15.356 15.29 15.225 15.159 15.093 15.028 14.962 14.896 14.831 14.765 14.699 14.616 14.492 14.368 14.245 14.121 13.999 13.877 13.755 13.633 13.511 13.39 13.268 13.146 13.024 12.902 12.78 12.659 12.585 12.52 12.455 12.39 12.325 12.26 12.195 12.13 12.065 12.0 11.935 11.87 11.762 11.602 11.442 11.282 11.116 10.938 10.76 10.582 10.453 10.402 10.351 10.299 10.248 10.197 10.146 10.094 10.043 9.992 9.94 9.889 9.838 9.752 9.663 9.574 9.492 9.457 9.423 9.389 9.354 9.32 9.286 9.251 9.217 9.182 9.148 9.114 9.079 9.054 9.042 9.03 9.018 8.99 8.959 8.929 8.899 8.868 8.838 8.808 8.777 8.747 8.717 8.686 8.656 8.626 8.623 8.621 8.619 8.618 8.616 8.614 8.612 8.611 8.609 8.607 8.606 8.604 8.602 8.618 8.642 8.666 8.687 8.707 8.726 8.716 8.661 8.605 8.55 8.495 8.44 8.385 8.33 8.275 8.22 8.165 8.11
15.853 15.807 15.761 15.715 15.669 15.623 15.582 15.542 15.502 15.462 15.423 15.374 15.308 15.242 15.177 15.111 15.045 14.98 14.914 14.848 14.783 14.717 14.632 14.509 14.385 14.261 14.138 14.014 13.892 13.77 13.649 13.527 13.405 13.283 13.161 13.039 12.917 12.796 12.674 12.601 12.536 12.471 12.406 12.341 12.276 12.211 12.146 12.081 12.016 11.952 11.857 11.697 11.537 11.377 11.218 11.051 10.873 10.695 10.517 10.339 10.236 10.185 10.133 10.082 10.031 9.979 9.928 9.877 9.825 9.774 9.723 9.672 9.585 9.496 9.407 9.317 9.246 9.212 9.178 9.143 9.109 9.075 9.04 9.006 8.972 8.937 8.903 8.869 8.844 8.832 8.82 8.808 8.794 8.763 8.733 8.703 8.672 8.642 8.612 8.581 8.551 8.521 8.49 8.46 8.43 8.427 8.425 8.424 8.422 8.42 8.419 8.417 8.415 8.414 8.412 8.41 8.409 8.42 8.444 8.468 8.492 8.514 8.533 8.552 8.572 8.546 8.491 8.436 8.381 8.326 8.271 8.216 8.161 8.106 8.05 7.995
15.85 15.804 15.758 15.712 15.666 15.62 15.579 15.539 15.499 15.459 15.419 15.38 15.326 15.26 15.194 15.129 15.063 14.997 14.932 14.866 14.8 14.735 14.649 14.525 14.402 14.278 14.154 14.031 13.907 13.786 13.664 13.542 13.42 13.298 13.176 13.055 12.933 12.811 12.689 12.617 12.552 12.487 12.422 12.357 12.292 12.227 12.162 12.098 12.033 11.952 11.792 11.632 11.472 11.312 11.153 10.986 10.808 10.63 10.452 10.274 10.096 10.018 9.967 9.916 9.864 9.813 9.762 9.711 9.659 9.608 9.557 9.505 9.419 9.329 9.24 9.15 9.061 9.001 8.967 8.933 8.898 8.864 8.83 8.795 8.761 8.727 8.692 8.658 8.634 8.621 8.609 8.597 8.585 8.567 8.537 8.507 8.476 8.446 8.416 8.385 8.355 8.325 8.294 8.264 8.234 8.232 8.23 8.228 8.227 8.225 8.223 8.222 8.22 8.218 8.217 8.215 8.223 8.247 8.271 8.295 8.319 8.34 8.36 8.379 8.398 8.418 8.377 8.322 8.267 8.212 8.157 8.102 8.046 7.991 7.936 7.881
15.847 15.801 15.755 15.709 15.663 15.616 15.576 15.536 15.496 15.456 15.416 15.377 15.337 15.278 15.212 15.146 15.081 15.015 14.949 14.884 14.818 14.752 14.666 14.542 14.418 14.295 14.171 14.047 13.924 13.801 13.679 13.557 13.435 13.313 13.192 13.07 12.948 12.826 12.704 12.633 12.568 12.503 12.438 12.373 12.308 12.244 12.179 12.114 12.046 11.887 11.727 11.567 11.407 11.248 11.088 10.92 10.743 10.565 10.387 10.209 10.031 9.853 9.801 9.75 9.698 9.647 9.596 9.544 9.493 9.442 9.39 9.339 9.252 9.162 9.073 8.984 8.894 8.805 8.756 8.722 8.687 8.653 8.619 8.584 8.55 8.516 8.481 8.447 8.423 8.411 8.399 8.387 8.374 8.362 8.341 8.311 8.281 8.25 8.22 8.19 8.159 8.129 8.099 8.068 8.038 8.036 8.035 8.033 8.031 8.03 8.028 8.026 8.024 8.023 8.021 8.025 8.049 8.073 8.097 8.121 8.145 8.167 8.186 8.205 8.225 8.244 8.263 8.208 8.153 8.098 8.043 7.987 7.932 7.877 7.822 7.767
15.844 15.798 15.752 15.706 15.659 15.613 15.572 15.533 15.493 15.453 15.413 15.374 15.334 15.294 15.23 15.164 15.098 15.033 14.967 14.901 14.836 14.77 14.683 14.559 14.435 14.311 14.188 14.064 13.94 13.817 13.694 13.572 13.451 13.329 13.207 13.085 12.963 12.841 12.719 12.649 12.584 12.519 12.454 12.39 12.325 12.26 12.195 12.13 11.982 11.822 11.662 11.502 11.343 11.183 11.023 10.855 10.678 10.5 10.322 10.144 9.966 9.788 9.635 9.583 9.532 9.481 9.429 9.378 9.327 9.276 9.224 9.173 9.085 8.996 8.906 8.817 8.727 8.638 8.549 8.511 8.477 8.442 8.408 8.374 8.339 8.305 8.271 8.236 8.213 8.201 8.188 8.176 8.164 8.152 8.14 8.115 8.085 8.054 8.024 7.994 7.963 7.933 7.903 7.872 7.843 7.841 7.839 7.837 7.836 7.834 7.832 7.831 7.829 7.827 7.828 7.852 7.876 7.9 7.924 7.948 7.972 7.993 8.013 8.032 8.051 8.07 8.09 8.094 8.039 7.983 7.928 7.873 7.818 7.763 7.708 7.653
15.841 15.795 15.749 15.702 15.656 15.61 15.569 15.53 15.49 15.45 15.41 15.371 15.331 15.291 15.247 15.182 15.116 15.05 14.985 14.919 14.853 14.788 14.699 14.576 14.452 14.328 14.204 14.081 13.957 13.833 13.71 13.588 13.466 13.344 13.222 13.1 12.978 12.857 12.735 12.665 12.6 12.536 12.471 12.406 12.341 12.276 12.211 12.077 11.917 11.757 11.597 11.438 11.278 11.118 10.958 10.79 10.612 10.435 10.257 10.079 9.901 9.723 9.545 9.417 9.366 9.314 9.263 9.212 9.161 9.109 9.058 9.007 8.918 8.829 8.739 8.65 8.561 8.471 8.382 8.3 8.266 8.232 8.197 8.163 8.129 8.094 8.06 8.025 8.002 7.99 7.978 7.966 7.954 7.941 7.929 7.917 7.889 7.858 7.828 7.798 7.767 7.737 7.707 7.676 7.647 7.645 7.644 7.642 7.64 7.639 7.637 7.635 7.634 7.632 7.654 7.678 7.702 7.726 7.75 7.774 7.798 7.82 7.839 7.858 7.878 7.897 7.916 7.936 7.924 7.869 7.814 7.759 7.704 7.649 7.594 7.539
15.838 15.792 15.745 15.699 15.653 15.607 15.566 15.527 15.487 15.447 15.407 15.367 15.328 15.288 15.248 15.199 15.134 15.068 15.002 14.937 14.871 14.805 14.716 14.592 14.469 14.345 14.221 14.097 13.974 13.85 13.726 13.603 13.481 13.359 13.237 13.115 12.994 12.872 12.75 12.682 12.617 12.552 12.487 12.422 12.357 12.292 12.172 12.012 11.852 11.692 11.532 11.373 11.213 11.053 10.893 10.725 10.547 10.369 10.192 10.014 9.836 9.658 9.48 9.302 9.2 9.148 9.097 9.046 8.994 8.943 8.892 8.84 8.751 8.662 8.572 8.483 8.394 8.304 8.215 8.126 8.055 8.021 7.986 7.952 7.918 7.883 7.849 7.815 7.792 7.78 7.768 7.755 7.743 7.731 7.719 7.707 7.693 7.662 7.632 7.602 7.571 7.541 7.511 7.48 7.452 7.45 7.448 7.447 7.445 7.443 7.441 7.44 7.438 7.457 7.481 7.505 7.529 7.553 7.577 7.601 7.625 7.646 7.665 7.685 7.704 7.723 7.743 7.762 7.781 7.755 7.7 7.645 7.59 7.535 7.48 7.424
15.835 15.788 15.742 15.696 15.65 15.604 15.563 15.524 15.484 15.444 15.404 15.364 15.325 15.285 15.245 15.205 15.151 15.086 15.02 14.954 14.889 14.823 14.733 14.609 14.485 14.362 14.238 14.114 13.99 13.867 13.743 13.619 13.496 13.374 13.253 13.131 13.009 12.887 12.765 12.698 12.633 12.568 12.503 12.438 12.373 12.266 12.107 11.947 11.787 11.627 11.468 11.308 11.148 10.988 10.829 10.66 10.482 10.304 10.126 9.949 9.771 9.593 9.415 9.237 9.059 8.982 8.931 8.879 8.828 8.777 8.726 8.674 8.584 8.495 8.406 8.316 8.227 8.137 8.048 7.959 7.869 7.81 7.776 7.741 7.707 7.673 7.638 7.604 7.582 7.569 7.557 7.545 7.533 7.521 7.508 7.496 7.484 7.466 7.436 7.406 7.375 7.345 7.315 7.284 7.256 7.254 7.253 7.251 7.249 7.248 7.246 7.244 7.259 7.283 7.307 7.331 7.355 7.379 7.403 7.427 7.451 7.473 7.492 7.511 7.531 7.55 7.569 7.588 7.608 7.627 7.586 7.531 7.476 7.42 7.365 7.31
15.831 15.785 15.739 15.693 15.647 15.601 15.56 15.521 15.481 15.441 15.401 15.361 15.322 15.282 15.242 15.202 15.162 15.103 15.038 14.972 14.906 14.841 14.749 14.626 14.502 14.378 14.255 14.131 14.007 13.883 13.76 13.636 13.512 13.39 13.268 13.146 13.024 12.902 12.78 12.714 12.649 12.584 12.519 12.454 12.361 12.202 12.042 11.882 11.722 11.563 11.403 11.243 11.083 10.924 10.764 10.595 10.417 10.239 10.061 9.883 9.706 9.528 9.35 9.172 8.994 8.816 8.765 8.713 8.662 8.611 8.559 8.507 8.418 8.328 8.239 8.149 8.06 7.971 7.881 7.792 7.702 7.613 7.565 7.53 7.496 7.462 7.427 7.393 7.371 7.359 7.347 7.335 7.322 7.31 7.298 7.286 7.274 7.261 7.24 7.21 7.18 7.149 7.119 7.089 7.061 7.059 7.057 7.056 7.054 7.052 7.051 7.062 7.086 7.11 7.134 7.158 7.182 7.206 7.23 7.254 7.278 7.299 7.318 7.338 7.357 7.376 7.396 7.415 7.434 7.454 7.472 7.417 7.361 7.306 7.251 7.196
15.828 15.782 15.736 15.69 15.644 15.598 15.557 15.517 15.478 15.438 15.398 15.358 15.319 15.279 15.239 15.199 15.159 15.12 15.055 14.99 14.924 14.858 14.766 14.642 14.519 14.395 14.271 14.148 14.024 13.9 13.776 13.653 13.529 13.405 13.283 13.161 13.039 12.917 12.796 12.73 12.665 12.6 12.535 12.456 12.297 12.137 11.977 11.817 11.658 11.498 11.338 11.178 11.018 10.859 10.699 10.53 10.352 10.174 9.996 9.818 9.64 9.463 9.285 9.107 8.929 8.751 8.598 8.547 8.496 8.444 8.393 8.34 8.251 8.161 8.072 7.983 7.893 7.804 7.714 7.625 7.536 7.446 7.357 7.32 7.285 7.251 7.217 7.182 7.161 7.149 7.136 7.124 7.112 7.1 7.088 7.075 7.063 7.051 7.039 7.014 6.984 6.953 6.923 6.893 6.865 6.864 6.862 6.86 6.858 6.857 6.864 6.888 6.912 6.936 6.96 6.984 7.008 7.032 7.056 7.081 7.105 7.126 7.145 7.164 7.184 7.203 7.222 7.241 7.261 7.28 7.299 7.302 7.247 7.192 7.137 7.082
15.825 15.779 15.733 15.687 15.641 15.594 15.554 15.514 15.475 15.435 15.395 15.355 15.316 15.276 15.236 15.196 15.156 15.117 15.073 15.007 14.942 14.876 14.783 14.659 14.535 14.412 14.288 14.164 14.041 13.917 13.793 13.669 13.546 13.422 13.298 13.176 13.055 12.933 12.811 12.746 12.681 12.616 12.551 12.392 12.232 12.072 11.912 11.752 11.593 11.433 11.273 11.113 10.954 10.794 10.634 10.465 10.287 10.109 9.931 9.753 9.575 9.397 9.22 9.042 8.864 8.686 8.508 8.381 8.329 8.278 8.227 8.173 8.084 7.994 7.905 7.816 7.726 7.637 7.548 7.458 7.369 7.279 7.19 7.109 7.075 7.04 7.006 6.972 6.95 6.938 6.926 6.914 6.902 6.889 6.877 6.865 6.853 6.841 6.828 6.816 6.788 6.757 6.727 6.697 6.67 6.668 6.666 6.665 6.663 6.667 6.691 6.715 6.739 6.763 6.787 6.811 6.835 6.859 6.883 6.907 6.931 6.952 6.971 6.991 7.01 7.029 7.049 7.068 7.087 7.107 7.126 7.145 7.133 7.078 7.023 6.968
15.822 15.776 15.73 15.684 15.637 15.591 15.551 15.511 15.472 15.432 15.392 15.352 15.312 15.273 15.233 15.193 15.153 15.114 15.074 15.025 14.959 14.894 14.8 14.676 14.552 14.428 14.305 14.181 14.057 13.934 13.81 13.686 13.562 13.439 13.315 13.192 13.07 12.948 12.827 12.762 12.697 12.632 12.486 12.327 12.167 12.007 11.847 11.688 11.528 11.368 11.208 11.049 10.889 10.729 10.569 10.4 10.222 10.044 9.866 9.688 9.51 9.332 9.154 8.977 8.799 8.621 8.443 8.265 8.163 8.112 8.061 8.006 7.917 7.828 7.738 7.649 7.559 7.47 7.381 7.291 7.202 7.113 7.023 6.934 6.864 6.829 6.795 6.761 6.74 6.728 6.715 6.703 6.691 6.679 6.667 6.655 6.642 6.63 6.618 6.606 6.592 6.561 6.531 6.501 6.474 6.473 6.471 6.469 6.469 6.493 6.517 6.541 6.565 6.589 6.613 6.637 6.661 6.686 6.71 6.734 6.758 6.779 6.798 6.817 6.836 6.856 6.875 6.894 6.914 6.933 6.952 6.972 6.991 6.964 6.909 6.854
15.819 15.773 15.727 15.68 15.634 15.588 15.548 15.508 15.469 15.429 15.389 15.349 15.309 15.27 15.23 15.19 15.15 15.111 15.071 15.031 14.977 14.911 14.816 14.693 14.569 14.445 14.321 14.198 14.074 13.95 13.827 13.703 13.579 13.456 13.332 13.208 13.085 12.963 12.843 12.778 12.714 12.581 12.422 12.262 12.102 11.942 11.783 11.623 11.463 11.303 11.144 10.984 10.824 10.664 10.504 10.334 10.157 9.979 9.801 9.623 9.445 9.267 9.089 8.911 8.734 8.556 8.378 8.2 8.022 7.946 7.894 7.839 7.75 7.661 7.571 7.482 7.393 7.303 7.214 7.124 7.035 6.946 6.856 6.767 6.678 6.619 6.584 6.55 6.529 6.517 6.505 6.493 6.481 6.469 6.456 6.444 6.432 6.42 6.408 6.395 6.383 6.365 6.335 6.305 6.279 6.277 6.276 6.274 6.296 6.32 6.344 6.368 6.392 6.416 6.44 6.464 6.488 6.512 6.536 6.56 6.584 6.605 6.624 6.644 6.663 6.682 6.702 6.721 6.74 6.759 6.779 6.798 6.817 6.837 6.794 6.739
15.816 15.77 15.723 15.677 15.631 15.585 15.545 15.505 15.466 15.426 15.386 15.346 15.306 15.267 15.227 15.187 15.147 15.107 15.068 15.028 14.988 14.929 14.833 14.709 14.586 14.462 14.338 14.214 14.091 13.967 13.843 13.72 13.596 13.472 13.349 13.225 13.101 12.978 12.86 12.795 12.676 12.517 12.357 12.197 12.037 11.878 11.718 11.558 11.398 11.238 11.079 10.919 10.759 10.599 10.44 10.269 10.091 9.914 9.736 9.558 9.38 9.202 9.024 8.846 8.668 8.491 8.313 8.135 7.957 7.78 7.728 7.673 7.583 7.494 7.404 7.315 7.226 7.136 7.047 6.958 6.868 6.779 6.689 6.6 6.511 6.421 6.373 6.339 6.319 6.307 6.295 6.282 6.27 6.258 6.246 6.234 6.222 6.209 6.197 6.185 6.173 6.161 6.139 6.109 6.083 6.082 6.08 6.098 6.122 6.146 6.17 6.194 6.218 6.242 6.266 6.291 6.315 6.339 6.363 6.387 6.411 6.431 6.451 6.47 6.489 6.509 6.528 6.547 6.567 6.586 6.605 6.625 6.644 6.663 6.68 6.625
15.813 15.766 15.72 15.674 15.628 15.582 15.542 15.502 15.462 15.423 15.383 15.343 15.303 15.264 15.224 15.184 15.144 15.104 15.065 15.025 14.985 14.945 14.85 14.726 14.602 14.479 14.355 14.231 14.107 13.984 13.86 13.736 13.613 13.489 13.365 13.242 13.118 12.994 12.876 12.771 12.612 12.452 12.292 12.132 11.972 11.813 11.653 11.493 11.333 11.174 11.014 10.854 10.694 10.535 10.375 10.204 10.026 9.848 9.671 9.493 9.315 9.137 8.959 8.781 8.603 8.425 8.248 8.07 7.892 7.714 7.562 7.506 7.416 7.327 7.238 7.148 7.059 6.969 6.88 6.791 6.701 6.612 6.523 6.433 6.344 6.254 6.165 6.128 6.109 6.096 6.084 6.072 6.06 6.048 6.035 6.023 6.011 5.999 5.987 5.975 5.962 5.95 5.938 5.913 5.888 5.886 5.901 5.925 5.949 5.973 5.997 6.021 6.045 6.069 6.093 6.117 6.141 6.165 6.189 6.213 6.237 6.258 6.277 6.297 6.316 6.335 6.354 6.374 6.393 6.412 6.432 6.451 6.47 6.49 6.509 6.511
16.152 16.1 16.047 15.994 15.942 15.889 15.843 15.796 15.75 15.703 15.657 15.611 15.564 15.518 15.471 15.425 15.379 15.332 15.286 15.239 15.193 15.147 15.112 14.98 14.848 14.716 14.584 14.452 14.32 14.188 14.056 13.924 13.792 13.66 13.528 13.396 13.264 13.132 12.986 12.81 12.642 12.474 12.306 12.138 11.97 11.802 11.633 11.465 11.297 11.129 10.961 10.793 10.63 10.47 10.31 10.139 9.961 9.783 9.605 9.428 9.25 9.072 8.894 8.716 8.538 8.36 8.183 8.005 7.827 7.649 7.471 7.339 7.25 7.16 7.071 6.981 6.892 6.803 6.713 6.624 6.535 6.445 6.356 6.266 6.177 6.088 5.998 5.918 5.898 5.886 5.874 5.862 5.849 5.837 5.825 5.813 5.801 5.789 5.776 5.764 5.752 5.74 5.728 5.715 5.693 5.703 5.727 5.751 5.775 5.799 5.823 5.847 5.871 5.896 5.92 5.944 5.968 5.992 6.016 6.04 6.064 6.084 6.104 6.123 6.142 6.162 6.181 6.2 6.22 6.239 6.258 6.277 6.297 6.316 6.335 6.355
16.565 16.512 16.459 16.406 16.354 16.301 16.255 16.209 16.162 16.116 16.069 16.023 15.977 15.93 15.884 15.837 15.791 15.745 15.698 15.652 15.605 15.676 15.643 15.511 15.379 15.247 15.115 14.983 14.851 14.719 14.587 14.455 14.323 14.191 14.059 13.927 13.795 13.661 13.495 13.258 13.09 12.921 12.753 12.585 12.417 12.249 12.081 11.913 11.745 11.577 11.409 11.24 11.072 10.904 10.736 10.557 10.37 10.184 9.998 9.811 9.625 9.439 9.252 9.066 8.88 8.694 8.507 8.321 8.135 7.948 7.762 7.563 7.434 7.336 7.238 7.14 7.042 6.943 6.845 6.747 6.649 6.551 6.452 6.354 6.256 6.158 6.059 5.961 5.916 5.894 5.872 5.85 5.828 5.807 5.785 5.763 5.741 5.719 5.697 5.675 5.654 5.632 5.61 5.588 5.549 5.567 5.586 5.604 5.622 5.64 5.659 5.677 5.698 5.722 5.746 5.77 5.794 5.818 5.842 5.866 5.89 5.911 5.93 5.949 5.969 5.988 6.007 6.027 6.046 6.065 6.085 6.104 6.123 6.143 6.162 6.181
16.977 16.924 16.871 16.819 16.766 16.714 16.667 16.621 16.575 16.528 16.482 16.435 16.389 16.343 16.296 16.25 16.203 16.157 16.111 16.064 16.114 16.211 16.175 16.043 15.911 15.779 15.647 15.515 15.383 15.251 15.119 14.987 14.855 14.723 14.591 14.459 14.327 14.172 14.005 13.759 13.537 13.369 13.201 13.033 12.865 12.696 12.528 12.36 12.192 12.024 11.856 11.688 11.52 11.352 11.184 11.004 10.817 10.631 10.445 10.259 10.072 9.886 9.7 9.513 9.327 9.141 8.954 8.768 8.582 8.396 8.194 7.989 7.814 7.701 7.602 7.504 7.406 7.308 7.21 7.111 7.013 6.915 6.817 6.718 6.62 6.522 6.424 6.326 6.282 6.26 6.238 6.216 6.194 6.172 6.15 6.128 6.107 6.085 6.063 6.041 6.019 5.997 5.975 5.931 5.799 5.736 5.755 5.773 5.791 5.809 5.828 5.846 5.864 5.882 5.901 5.919 5.937 5.955 5.973 5.992 6.01 6.024 6.038 6.051 6.065 6.078 6.092 6.105 6.118 6.132 6.145 6.159 6.172 6.186 6.199 6.212
17.389 17.336 17.284 17.231 17.178 17.126 17.08 17.033 16.987 16.941 16.894 16.848 16.801 16.755 16.709 16.662 16.616 16.569 16.523 16.551 16.649 16.747 16.707 16.575 16.443 16.311 16.179 16.047 15.915 15.783 15.651 15.519 15.387 15.255 15.123 14.991 14.839 14.683 14.514 14.268 14.023 13.816 13.648 13.48 13.312 13.144 12.976 12.808 12.64 12.472 12.303 12.135 11.967 11.799 11.631 11.451 11.265 11.078 10.892 10.706 10.519 10.333 10.147 9.96 9.774 9.588 9.402 9.215 9.029 8.831 8.619 8.415 8.239 8.065 7.967 7.868 7.77 7.672 7.574 7.476 7.377 7.279 7.181 7.083 6.985 6.886 6.788 6.69 6.647 6.625 6.603 6.582 6.56 6.538 6.516 6.494 6.472 6.45 6.428 6.407 6.385 6.363 6.336 6.194 6.063 5.962 5.924 5.942 5.96 5.978 5.997 6.015 6.033 6.051 6.07 6.088 6.106 6.124 6.142 6.161 6.179 6.193 6.207 6.22 6.234 6.247 6.26 6.274 6.287 6.301 6.314 6.328 6.341 6.354 6.368 6.381
17.801 17.749 17.696 17.643 17.591 17.538 17.492 17.446 17.399 17.353 17.307 17.26 17.214 17.167 17.121 17.075 17.028 16.982 16.989 17.087 17.184 17.282 17.239 17.107 16.975 16.843 16.711 16.579 16.447 16.315 16.183 16.051 15.919 15.787 15.655 15.506 15.35 15.194 15.024 14.778 14.532 14.286 14.096 13.928 13.759 13.591 13.423 13.255 13.087 12.919 12.751 12.583 12.415 12.247 12.078 11.898 11.712 11.525 11.339 11.153 10.967 10.78 10.594 10.408 10.221 10.035 9.849 9.662 9.469 9.257 9.045 8.84 8.665 8.49 8.331 8.233 8.135 8.036 7.938 7.84 7.742 7.643 7.545 7.447 7.349 7.251 7.152 7.054 7.013 6.991 6.969 6.947 6.925 6.903 6.882 6.86 6.838 6.816 6.794 6.772 6.75 6.728 6.599 6.457 6.327 6.226 6.126 6.111 6.129 6.147 6.166 6.184 6.202 6.22 6.238 6.257 6.275 6.293 6.311 6.33 6.348 6.362 6.376 6.389 6.403 6.416 6.429 6.443 6.456 6.47 6.483 6.497 6.51 6.523 6.537 6.493
18.214 18.161 18.108 18.056 18.003 17.951 17.904 17.858 17.812 17.765 17.719 17.672 17.626 17.58 17.533 17.487 17.441 17.426 17.524 17.622 17.72 17.818 17.77 17.638 17.506 17.374 17.242 17.11 16.978 16.846 16.714 16.582 16.45 16.318 16.173 16.017 15.861 15.705 15.533 15.288 15.042 14.796 14.55 14.375 14.207 14.039 13.871 13.703 13.535 13.366 13.198 13.03 12.862 12.694 12.526 12.345 12.159 11.973 11.786 11.6 11.414 11.227 11.041 10.855 10.668 10.482 10.296 10.106 9.894 9.682 9.47 9.266 9.091 8.916 8.741 8.597 8.499 8.401 8.302 8.204 8.106 8.008 7.91 7.811 7.713 7.615 7.517 7.419 7.378 7.356 7.335 7.313 7.291 7.269 7.247 7.225 7.203 7.182 7.16 7.138 7.116 7.004 6.862 6.72 6.591 6.49 6.389 6.289 6.298 6.316 6.335 6.353 6.371 6.389 6.407 6.426 6.444 6.462 6.48 6.499 6.517 6.531 6.545 6.558 6.571 6.585 6.598 6.612 6.625 6.639 6.652 6.665 6.679 6.692 6.666 6.563
18.626 18.573 18.521 18.468 18.415 18.363 18.317 18.27 18.224 18.178 18.131 18.085 18.038 17.992 17.946 17.899 17.864 17.962 18.06 18.157 18.255 18.353 18.302 18.17 18.038 17.906 17.774 17.642 17.51 17.378 17.246 17.114 16.982 16.841 16.684 16.528 16.372 16.216 16.043 15.797 15.551 15.305 15.06 14.822 14.654 14.486 14.318 14.15 13.982 13.814 13.646 13.478 13.31 13.141 12.973 12.792 12.606 12.42 12.233 12.047 11.861 11.675 11.488 11.302 11.116 10.929 10.743 10.531 10.319 10.107 9.895 9.692 9.517 9.342 9.166 8.991 8.863 8.765 8.667 8.569 8.47 8.372 8.274 8.176 8.077 7.979 7.881 7.783 7.744 7.722 7.7 7.678 7.656 7.635 7.613 7.591 7.569 7.547 7.525 7.503 7.409 7.267 7.125 6.984 6.854 6.754 6.653 6.553 6.467 6.485 6.504 6.522 6.54 6.558 6.576 6.595 6.613 6.631 6.649 6.668 6.686 6.7 6.713 6.727 6.74 6.754 6.767 6.781 6.794 6.807 6.821 6.834 6.848 6.838 6.735 6.633
19.038 18.986 18.933 18.88 18.827 18.776 18.729 18.683 18.636 18.59 18.544 18.497 18.451 18.404 18.358 18.312 18.399 18.497 18.595 18.693 18.791 18.888 18.834 18.702 18.57 18.438 18.306 18.174 18.042 17.91 17.778 17.646 17.508 17.352 17.195 17.039 16.883 16.727 16.553 16.307 16.061 15.815 15.569 15.323 15.102 14.934 14.766 14.598 14.429 14.261 14.093 13.925 13.757 13.589 13.421 13.239 13.053 12.867 12.681 12.494 12.308 12.122 11.935 11.749 11.563 11.377 11.168 10.956 10.744 10.532 10.32 10.118 9.943 9.767 9.592 9.417 9.242 9.129 9.031 8.933 8.835 8.736 8.638 8.54 8.442 8.344 8.245 8.147 8.109 8.088 8.066 8.044 8.022 8.0 7.978 7.956 7.935 7.913 7.891 7.814 7.672 7.53 7.388 7.247 7.118 7.018 6.917 6.816 6.716 6.654 6.673 6.691 6.709 6.727 6.745 6.764 6.782 6.8 6.818 6.837 6.855 6.869 6.882 6.896 6.909 6.923 6.936 6.95 6.963 6.976 6.99 7.003 7.01 6.908 6.805 6.703
19.451 19.398 19.345 19.292 19.24 19.188 19.142 19.095 19.049 19.002 18.956 18.91 18.863 18.817 18.77 18.837 18.935 19.033 19.13 19.228 19.326 19.424 19.365 19.233 19.101 18.969 18.837 18.705 18.573 18.441 18.309 18.175 18.019 17.863 17.706 17.55 17.394 17.238 17.062 16.816 16.57 16.325 16.079 15.833 15.587 15.381 15.213 15.045 14.877 14.709 14.541 14.373 14.204 14.036 13.868 13.687 13.5 13.314 13.128 12.941 12.755 12.569 12.383 12.196 12.01 11.805 11.593 11.381 11.17 10.958 10.746 10.544 10.369 10.193 10.018 9.843 9.667 9.494 9.395 9.297 9.199 9.101 9.003 8.904 8.806 8.708 8.61 8.511 8.475 8.453 8.431 8.409 8.388 8.366 8.344 8.322 8.3 8.278 8.219 8.077 7.935 7.793 7.652 7.51 7.382 7.281 7.181 7.08 6.98 6.879 6.841 6.86 6.878 6.896 6.914 6.933 6.951 6.969 6.987 7.006 7.024 7.038 7.051 7.065 7.078 7.092 7.105 7.118 7.132 7.145 7.159 7.172 7.08 6.977 6.875 6.772
19.863 19.81 19.757 19.705 19.652 19.6 19.554 19.508 19.461 19.415 19.368 19.322 19.276 19.229 19.275 19.372 19.47 19.568 19.666 19.764 19.861 19.959 19.897 19.765 19.633 19.501 19.369 19.237 19.105 18.973 18.841 18.686 18.53 18.374 18.217 18.061 17.905 17.749 17.572 17.326 17.08 16.834 16.588 16.343 16.097 15.851 15.661 15.492 15.324 15.156 14.988 14.82 14.652 14.484 14.316 14.134 13.947 13.761 13.575 13.389 13.202 13.016 12.83 12.643 12.443 12.231 12.019 11.807 11.595 11.383 11.171 10.97 10.794 10.619 10.444 10.269 10.093 9.918 9.76 9.661 9.563 9.465 9.367 9.269 9.17 9.072 8.974 8.876 8.841 8.819 8.797 8.775 8.753 8.731 8.709 8.688 8.666 8.624 8.482 8.34 8.198 8.056 7.915 7.773 7.646 7.545 7.445 7.344 7.243 7.143 7.042 7.029 7.047 7.065 7.083 7.102 7.12 7.138 7.156 7.175 7.193 7.207 7.22 7.234 7.247 7.26 7.274 7.287 7.301 7.314 7.328 7.252 7.15 7.047 6.945 6.842
20.275 20.222 20.17 20.117 20.064 20.013 19.966 19.92 19.874 19.827 19.781 19.734 19.688 19.712 19.81 19.908 20.006 20.103 20.201 20.299 20.397 20.495 20.429 20.297 20.165 20.033 19.901 19.769 19.637 19.505 19.353 19.197 19.041 18.885 18.728 18.572 18.416 18.26 18.081 17.835 17.59 17.344 17.098 16.852 16.606 16.36 16.115 15.94 15.772 15.604 15.436 15.268 15.099 14.931 14.763 14.581 14.395 14.208 14.022 13.836 13.649 13.463 13.277 13.08 12.868 12.656 12.444 12.232 12.02 11.808 11.596 11.396 11.22 11.045 10.87 10.694 10.519 10.344 10.169 10.026 9.928 9.829 9.731 9.633 9.535 9.437 9.338 9.24 9.206 9.184 9.163 9.141 9.119 9.097 9.075 9.053 9.028 8.887 8.745 8.603 8.461 8.319 8.178 8.036 7.91 7.809 7.708 7.608 7.507 7.406 7.306 7.205 7.216 7.234 7.252 7.271 7.289 7.307 7.325 7.344 7.362 7.376 7.389 7.403 7.416 7.429 7.443 7.456 7.47 7.483 7.424 7.322 7.219 7.117 7.014 6.912
20.687 20.635 20.582 20.529 20.477 20.425 20.379 20.332 20.286 20.24 20.193 20.147 20.15 20.248 20.345 20.443 20.541 20.639 20.737 20.834 20.932 21.03 20.961 20.829 20.697 20.565 20.433 20.301 20.169 20.021 19.864 19.708 19.552 19.396 19.239 19.083 18.927 18.771 18.591 18.345 18.099 17.853 17.608 17.362 17.116 16.87 16.624 16.387 16.219 16.051 15.883 15.715 15.547 15.379 15.211 15.028 14.842 14.655 14.469 14.283 14.097 13.91 13.717 13.505 13.293 13.081 12.869 12.657 12.445 12.233 12.021 11.821 11.646 11.471 11.296 11.12 10.945 10.77 10.594 10.419 10.292 10.194 10.095 9.997 9.899 9.801 9.703 9.604 9.572 9.55 9.528 9.506 9.484 9.463 9.441 9.419 9.291 9.15 9.008 8.866 8.724 8.583 8.441 8.299 8.173 8.073 7.972 7.872 7.771 7.67 7.57 7.469 7.385 7.403 7.421 7.44 7.458 7.476 7.494 7.513 7.531 7.545 7.558 7.571 7.585 7.598 7.612 7.625 7.639 7.597 7.494 7.392 7.289 7.187 7.084 6.981
21.1 21.047 20.994 20.942 20.889 20.837 20.791 20.745 20.698 20.652 20.606 20.587 20.685 20.783 20.881 20.979 21.076 21.174 21.272 21.37 21.468 21.565 21.492 21.36 21.228 21.096 20.964 20.832 20.688 20.532 20.375 20.219 20.063 19.907 19.751 19.594 19.438 19.282 19.1 18.855 18.609 18.363 18.117 17.871 17.625 17.38 17.134 16.888 16.667 16.499 16.331 16.162 15.994 15.826 15.658 15.475 15.289 15.103 14.916 14.73 14.544 14.354 14.142 13.93 13.718 13.506 13.294 13.082 12.87 12.659 12.447 12.247 12.072 11.897 11.721 11.546 11.371 11.196 11.02 10.845 10.67 10.558 10.46 10.362 10.263 10.165 10.067 9.969 9.937 9.916 9.894 9.872 9.85 9.828 9.806 9.696 9.555 9.413 9.271 9.129 8.987 8.846 8.704 8.562 8.437 8.337 8.236 8.135 8.035 7.934 7.833 7.733 7.632 7.572 7.59 7.609 7.627 7.645 7.663 7.682 7.7 7.713 7.727 7.74 7.754 7.767 7.781 7.794 7.769 7.666 7.564 7.461 7.359 7.256 7.154 7.051
21.512 21.459 21.407 21.354 21.301 21.25 21.203 21.157 21.111 21.064 21.025 21.123 21.221 21.318 21.416 21.514 21.612 21.71 21.807 21.905 22.003 22.101 22.024 21.892 21.76 21.628 21.496 21.355 21.199 21.043 20.887 20.73 20.574 20.418 20.262 20.105 19.949 19.793 19.61 19.364 19.118 18.873 18.627 18.381 18.135 17.889 17.643 17.397 17.152 16.946 16.778 16.61 16.442 16.274 16.106 15.922 15.736 15.55 15.364 15.177 14.991 14.779 14.567 14.355 14.144 13.932 13.72 13.508 13.296 13.084 12.872 12.673 12.498 12.323 12.147 11.972 11.797 11.621 11.446 11.271 11.096 10.922 10.824 10.726 10.628 10.529 10.431 10.333 10.303 10.281 10.259 10.237 10.216 10.194 10.101 9.959 9.818 9.676 9.534 9.392 9.251 9.109 8.967 8.825 8.701 8.6 8.5 8.399 8.298 8.198 8.097 7.997 7.896 7.795 7.759 7.778 7.796 7.814 7.832 7.851 7.869 7.882 7.896 7.909 7.923 7.936 7.95 7.941 7.839 7.736 7.634 7.531 7.428 7.326 7.223 7.121
21.782 21.871 21.819 21.766 21.713 21.662 21.616 21.569 21.523 21.477 21.56 21.658 21.756 21.854 21.952 22.049 22.147 22.245 22.343 22.441 22.538 22.636 22.556 22.424 22.292 22.16 22.023 21.866 21.71 21.554 21.398 21.241 21.085 20.929 20.773 20.616 20.46 20.304 20.12 19.874 19.628 19.382 19.136 18.89 18.645 18.399 18.153 17.907 17.661 17.415 17.225 17.057 16.889 16.721 16.553 16.37 16.183 15.997 15.811 15.624 15.417 15.205 14.993 14.781 14.569 14.357 14.145 13.933 13.721 13.509 13.297 13.099 12.924 12.748 12.573 12.398 12.223 12.047 11.872 11.697 11.521 11.346 11.188 11.09 10.992 10.894 10.796 10.697 10.669 10.647 10.625 10.603 10.581 10.506 10.364 10.223 10.081 9.939 9.797 9.655 9.514 9.372 9.23 9.088 8.965 8.864 8.764 8.663 8.562 8.462 8.361 8.26 8.16 8.059 7.959 7.947 7.965 7.983 8.001 8.019 8.038 8.051 8.065 8.078 8.092 8.105 8.113 8.011 7.908 7.806 7.703 7.601 7.498 7.396 7.293 7.191
21.978 22.195 22.231 22.178 22.126 22.075 22.028 21.982 21.935 21.998 22.096 22.194 22.291 22.389 22.487 22.585 22.683 22.78 22.878 22.976 23.074 23.172 23.087 22.955 22.823 22.69 22.534 22.377 22.221 22.065 21.909 21.752 21.596 21.44 21.284 21.127 20.971 20.815 20.629 20.383 20.138 19.892 19.646 19.4 19.154 18.908 18.662 18.417 18.171 17.925 17.679 17.505 17.337 17.169 17.0 16.817 16.63 16.444 16.258 16.054 15.842 15.63 15.418 15.206 14.994 14.782 14.57 14.358 14.146 13.934 13.722 13.525 13.349 13.174 12.999 12.824 12.648 12.473 12.298 12.123 11.947 11.772 11.597 11.455 11.356 11.258 11.16 11.062 11.034 11.012 10.99 10.969 10.911 10.769 10.627 10.486 10.344 10.202 10.06 9.919 9.777 9.635 9.493 9.351 9.229 9.128 9.027 8.927 8.826 8.725 8.625 8.524 8.424 8.323 8.222 8.122 8.134 8.152 8.17 8.188 8.207 8.22 8.234 8.247 8.26 8.274 8.183 8.081 7.978 7.876 7.773 7.67 7.568 7.465 7.363 7.26
22.175 22.392 22.609 22.591 22.538 22.487 22.441 22.394 22.436 22.533 22.631 22.729 22.827 22.925 23.022 23.12 23.218 23.316 23.414 23.511 23.609 23.707 23.619 23.487 23.355 23.201 23.045 22.888 22.732 22.576 22.42 22.263 22.107 21.951 21.795 21.638 21.482 21.326 21.139 20.893 20.647 20.401 20.155 19.91 19.664 19.418 19.172 18.926 18.68 18.434 18.189 17.952 17.784 17.616 17.448 17.264 17.078 16.891 16.691 16.479 16.267 16.055 15.843 15.631 15.419 15.207 14.995 14.783 14.571 14.359 14.147 13.951 13.775 13.6 13.425 13.249 13.074 12.899 12.724 12.548 12.373 12.198 12.023 11.847 11.721 11.622 11.524 11.426 11.4 11.378 11.356 11.316 11.174 11.032 10.891 10.749 10.607 10.465 10.323 10.182 10.04 9.898 9.756 9.615 9.492 9.392 9.291 9.19 9.09 8.989 8.889 8.788 8.687 8.587 8.486 8.386 8.303 8.321 8.339 8.357 8.376 8.389 8.403 8.416 8.429 8.355 8.253 8.15 8.048 7.945 7.843 7.74 7.638 7.535 7.433 7.33
22.372 22.589 22.805 23.003 22.95 22.899 22.853 22.873 22.971 23.069 23.167 23.264 23.362 23.46 23.558 23.656 23.753 23.851 23.949 24.047 24.145 24.242 24.151 24.019 23.868 23.712 23.556 23.399 23.243 23.087 22.931 22.774 22.618 22.462 22.306 22.149 21.993 21.837 21.648 21.403 21.157 20.911 20.665 20.419 20.173 19.927 19.682 19.436 19.19 18.944 18.698 18.452 18.232 18.063 17.895 17.711 17.525 17.328 17.116 16.904 16.692 16.48 16.268 16.056 15.844 15.633 15.421 15.209 14.997 14.785 14.573 14.376 14.201 14.026 13.851 13.675 13.5 13.325 13.15 12.974 12.799 12.624 12.448 12.273 12.098 11.987 11.889 11.79 11.765 11.744 11.721 11.579 11.437 11.295 11.154 11.012 10.87 10.728 10.587 10.445 10.303 10.161 10.019 9.878 9.756 9.655 9.555 9.454 9.354 9.253 9.152 9.052 8.951 8.851 8.75 8.649 8.549 8.49 8.508 8.526 8.545 8.558 8.571 8.585 8.528 8.425 8.323 8.22 8.117 8.015 7.912 7.81 7.707 7.605 7.502 7.4
22.569 22.785 23.002 23.219 23.363 23.312 23.311 23.409 23.506 23.604 23.702 23.8 23.898 23.995 24.093 24.191 24.289 24.387 24.484 24.582 24.68 24.778 24.683 24.535 24.379 24.223 24.067 23.91 23.754 23.598 23.442 23.285 23.129 22.973 22.817 22.66 22.504 22.348 22.158 21.912 21.666 21.42 21.175 20.929 20.683 20.437 20.191 19.945 19.699 19.454 19.208 18.962 18.716 18.511 18.343 18.158 17.965 17.753 17.541 17.33 17.118 16.906 16.694 16.482 16.27 16.058 15.846 15.634 15.422 15.21 14.998 14.802 14.627 14.452 14.276 14.101 13.926 13.751 13.575 13.4 13.225 13.05 12.874 12.699 12.524 12.351 12.253 12.155 12.131 12.109 11.984 11.842 11.7 11.558 11.417 11.275 11.133 10.991 10.85 10.708 10.566 10.424 10.282 10.141 10.02 9.919 9.819 9.718 9.617 9.517 9.416 9.316 9.215 9.114 9.014 8.913 8.812 8.712 8.677 8.695 8.713 8.727 8.74 8.7 8.597 8.495 8.392 8.29 8.187 8.085 7.982 7.88 7.777 7.675 7.572 7.469
22.766 22.982 23.199 23.416 23.632 23.748 23.846 23.944 24.042 24.14 24.237 24.335 24.433 24.531 24.629 24.726 24.824 24.922 25.02 25.118 25.215 25.313 25.203 25.046 24.89 24.734 24.578 24.421 24.265 24.109 23.953 23.796 23.64 23.484 23.328 23.171 23.015 22.859 22.668 22.422 22.176 21.93 21.684 21.438 21.192 20.947 20.701 20.455 20.209 19.963 19.717 19.471 19.226 18.98 18.79 18.603 18.391 18.179 17.967 17.755 17.543 17.331 17.119 16.907 16.695 16.483 16.271 16.059 15.847 15.635 15.423 15.228 15.053 14.878 14.702 14.527 14.352 14.176 14.001 13.826 13.651 13.475 13.3 13.125 12.95 12.774 12.617 12.519 12.497 12.389 12.247 12.105 11.963 11.822 11.68 11.538 11.396 11.254 11.113 10.971 10.829 10.687 10.546 10.404 10.284 10.183 10.082 9.982 9.881 9.781 9.68 9.579 9.479 9.378 9.278 9.177 9.076 8.976 8.875 8.864 8.882 8.896 8.872 8.77 8.667 8.565 8.462 8.359 8.257 8.154 8.052 7.949 7.847 7.744 7.642 7.539
22.727 22.948 23.168 23.389 23.606 23.632 23.735 23.846 23.957 24.068 24.178 24.289 24.4 24.51 24.621 24.732 24.843 24.953 25.064 25.175 25.286 25.396 25.375 25.229 25.082 24.936 24.79 24.644 24.498 24.352 24.206 24.059 23.913 23.767 23.621 23.475 23.329 23.182 23.077 22.837 22.597 22.356 22.116 21.876 21.636 21.396 21.156 20.916 20.676 20.436 20.196 19.956 19.716 19.476 19.236 19.026 18.816 18.604 18.392 18.18 17.968 17.756 17.544 17.332 17.12 16.908 16.696 16.484 16.272 16.06 15.848 15.654 15.479 15.303 15.128 14.953 14.778 14.602 14.427 14.252 14.076 13.901 13.726 13.551 13.375 13.2 13.025 12.884 12.794 12.652 12.51 12.368 12.226 12.085 11.943 11.801 11.659 11.518 11.376 11.234 11.092 10.95 10.809 10.667 10.547 10.447 10.346 10.246 10.145 10.044 9.944 9.843 9.743 9.642 9.541 9.441 9.34 9.239 9.139 9.038 9.051 9.044 8.942 8.839 8.737 8.634 8.532 8.429 8.327 8.224 8.122 8.019 7.916 7.814 7.711 7.609
22.659 22.88 23.1 23.321 23.344 23.371 23.461 23.569 23.68 23.79 23.901 24.012 24.123 24.233 24.344 24.455 24.566 24.676 24.787 24.898 25.009 25.119 25.182 25.112 24.966 24.82 24.674 24.528 24.382 24.236 24.089 23.943 23.797 23.651 23.505 23.359 23.213 23.066 23.022 22.991 22.751 22.511 22.271 22.031 21.791 21.551 21.311 21.071 20.831 20.591 20.351 20.11 19.87 19.63 19.39 19.181 18.974 18.766 18.559 18.351 18.144 17.936 17.729 17.521 17.314 17.106 16.899 16.691 16.484 16.276 16.097 16.02 15.844 15.671 15.497 15.323 15.149 14.975 14.801 14.627 14.453 14.279 14.105 13.932 13.758 13.584 13.41 13.237 13.094 12.951 12.807 12.664 12.521 12.378 12.235 12.092 11.949 11.806 11.662 11.519 11.376 11.233 11.09 10.947 10.777 10.679 10.582 10.484 10.387 10.289 10.191 10.094 9.996 9.899 9.801 9.704 9.604 9.503 9.403 9.302 9.217 9.114 9.012 8.909 8.806 8.704 8.601 8.499 8.396 8.294 8.191 8.089 7.986 7.884 7.781 7.679
22.591 22.812 23.033 23.089 23.082 23.111 23.201 23.292 23.403 23.513 23.624 23.735 23.846 23.956 24.067 24.178 24.289 24.399 24.51 24.621 24.732 24.842 24.904 24.96 24.85 24.704 24.558 24.412 24.266 24.119 23.973 23.827 23.681 23.535 23.389 23.243 23.096 22.95 22.91 23.004 22.906 22.666 22.426 22.186 21.946 21.706 21.466 21.225 20.985 20.745 20.505 20.265 20.025 19.785 19.545 19.337 19.129 18.922 18.714 18.507 18.299 18.092 17.884 17.676 17.469 17.261 17.054 16.846 16.639 16.431 16.454 16.373 16.188 16.014 15.84 15.666 15.492 15.318 15.144 14.97 14.796 14.623 14.449 14.275 14.101 13.927 13.753 13.58 13.437 13.294 13.151 13.008 12.865 12.722 12.579 12.435 12.292 12.149 12.006 11.863 11.72 11.577 11.433 11.187 10.915 10.762 10.664 10.567 10.469 10.372 10.274 10.177 10.079 9.981 9.884 9.786 9.689 9.591 9.494 9.396 9.298 9.195 9.093 8.99 8.887 8.784 8.682 8.579 8.476 8.373 8.271 8.168 8.065 7.962 7.86 7.757
22.523 22.744 22.833 22.827 22.82 22.851 22.941 23.03 23.126 23.236 23.347 23.458 23.569 23.679 23.79 23.901 24.012 24.122 24.233 24.344 24.454 24.565 24.626 24.682 24.734 24.588 24.442 24.296 24.15 24.003 23.857 23.711 23.565 23.419 23.273 23.126 22.98 22.834 22.798 22.892 22.986 22.821 22.581 22.34 22.1 21.86 21.62 21.38 21.14 20.9 20.66 20.42 20.18 19.94 19.7 19.492 19.284 19.077 18.869 18.662 18.454 18.247 18.039 17.832 17.624 17.417 17.209 17.002 16.794 16.782 16.811 16.726 16.54 16.357 16.183 16.009 15.835 15.661 15.487 15.313 15.14 14.966 14.792 14.618 14.444 14.27 14.096 13.924 13.781 13.638 13.495 13.352 13.208 13.065 12.922 12.779 12.636 12.493 12.35 12.207 12.063 11.92 11.7 11.38 11.109 10.872 10.747 10.649 10.552 10.454 10.357 10.259 10.162 10.064 9.967 9.869 9.771 9.674 9.576 9.479 9.381 9.278 9.175 9.072 8.97 8.867 8.764 8.661 8.559 8.456 8.353 8.25 8.148 8.045 7.942 7.838
22.455 22.578 22.572 22.565 22.559 22.591 22.68 22.77 22.86 22.959 23.07 23.181 23.292 23.402 23.513 23.624 23.734 23.845 23.956 24.067 24.177 24.288 24.348 24.405 24.461 24.472 24.326 24.18 24.033 23.887 23.741 23.595 23.449 23.303 23.157 23.01 22.864 22.718 22.686 22.78 22.874 22.968 22.735 22.495 22.255 22.015 21.775 21.535 21.295 21.055 20.815 20.575 20.334 20.094 19.855 19.647 19.44 19.232 19.025 18.817 18.61 18.402 18.194 17.987 17.779 17.572 17.364 17.157 17.111 17.139 17.168 17.079 16.893 16.706 16.526 16.352 16.178 16.004 15.83 15.657 15.483 15.309 15.135 14.961 14.787 14.613 14.439 14.268 14.125 13.982 13.838 13.695 13.552 13.409 13.266 13.123 12.98 12.836 12.693 12.55 12.407 12.212 11.892 11.572 11.303 11.066 10.83 10.732 10.634 10.537 10.439 10.342 10.244 10.147 10.049 9.952 9.854 9.757 9.659 9.561 9.463 9.36 9.258 9.155 9.052 8.949 8.847 8.744 8.641 8.538 8.436 8.333 8.23 8.127 8.025 7.892
22.323 22.316 22.31 22.303 22.297 22.331 22.42 22.51 22.6 22.689 22.793 22.904 23.015 23.125 23.236 23.347 23.457 23.568 23.679 23.79 23.9 24.011 24.07 24.127 24.183 24.239 24.21 24.064 23.917 23.771 23.625 23.479 23.333 23.187 23.04 22.894 22.748 22.602 22.574 22.668 22.762 22.856 22.89 22.65 22.41 22.17 21.93 21.69 21.449 21.209 20.969 20.729 20.489 20.249 20.01 19.802 19.595 19.387 19.18 18.972 18.765 18.557 18.35 18.142 17.935 17.727 17.52 17.439 17.467 17.496 17.524 17.433 17.246 17.06 16.873 16.695 16.521 16.347 16.174 16.0 15.826 15.652 15.478 15.304 15.13 14.956 14.782 14.611 14.468 14.325 14.182 14.039 13.896 13.753 13.609 13.466 13.323 13.18 13.037 12.894 12.725 12.405 12.085 11.765 11.497 11.26 11.023 10.815 10.717 10.62 10.522 10.424 10.327 10.229 10.132 10.034 9.937 9.839 9.742 9.644 9.546 9.443 9.34 9.237 9.135 9.032 8.929 8.826 8.724 8.621 8.518 8.415 8.313 8.21 8.082 7.946
22.061 22.055 22.048 22.042 22.035 22.071 22.16 22.25 22.339 22.429 22.519 22.627 22.737 22.848 22.959 23.07 23.18 23.291 23.402 23.513 23.623 23.734 23.792 23.849 23.905 23.962 24.018 23.947 23.801 23.655 23.509 23.363 23.217 23.071 22.924 22.778 22.632 22.486 22.461 22.556 22.65 22.744 22.838 22.805 22.564 22.324 22.084 21.844 21.604 21.364 21.124 20.884 20.644 20.404 20.165 19.958 19.75 19.543 19.335 19.127 18.92 18.712 18.505 18.297 18.09 17.882 17.767 17.796 17.824 17.853 17.881 17.786 17.599 17.413 17.226 17.04 16.865 16.691 16.517 16.343 16.169 15.995 15.821 15.647 15.473 15.299 15.126 14.955 14.812 14.669 14.526 14.383 14.239 14.096 13.953 13.81 13.667 13.524 13.381 13.237 12.917 12.597 12.277 11.957 11.691 11.454 11.217 10.979 10.8 10.702 10.605 10.507 10.41 10.312 10.214 10.117 10.019 9.922 9.824 9.727 9.628 9.525 9.423 9.32 9.217 9.114 9.012 8.909 8.806 8.703 8.601 8.498 8.395 8.272 8.136 8.0
21.799 21.793 21.787 21.78 21.774 21.81 21.9 21.99 22.079 22.169 22.258 22.35 22.46 22.571 22.682 22.793 22.903 23.014 23.125 23.236 23.346 23.457 23.514 23.571 23.627 23.684 23.74 23.797 23.685 23.539 23.393 23.247 23.101 22.954 22.808 22.662 22.516 22.37 22.349 22.443 22.537 22.631 22.726 22.82 22.719 22.479 22.239 21.999 21.759 21.519 21.279 21.039 20.799 20.558 20.32 20.113 19.905 19.698 19.49 19.283 19.075 18.868 18.66 18.453 18.245 18.095 18.124 18.152 18.181 18.209 18.238 18.139 17.953 17.766 17.579 17.393 17.208 17.034 16.86 16.686 16.512 16.338 16.164 15.99 15.816 15.643 15.469 15.299 15.156 15.012 14.869 14.726 14.583 14.44 14.297 14.154 14.011 13.867 13.724 13.43 13.11 12.79 12.47 12.15 11.885 11.648 11.41 11.173 10.936 10.785 10.687 10.59 10.492 10.395 10.297 10.2 10.102 10.004 9.907 9.809 9.711 9.608 9.505 9.403 9.3 9.197 9.094 8.991 8.889 8.786 8.683 8.58 8.462 8.326 8.19 8.054
21.538 21.531 21.525 21.518 21.512 21.55 21.64 21.729 21.819 21.909 21.998 22.088 22.183 22.294 22.405 22.516 22.626 22.737 22.848 22.958 23.069 23.18 23.236 23.293 23.349 23.406 23.462 23.519 23.569 23.423 23.277 23.131 22.984 22.838 22.692 22.546 22.4 22.254 22.237 22.331 22.425 22.519 22.613 22.707 22.802 22.634 22.394 22.154 21.914 21.673 21.433 21.193 20.953 20.713 20.476 20.268 20.06 19.853 19.645 19.438 19.23 19.023 18.815 18.608 18.423 18.452 18.481 18.509 18.538 18.566 18.595 18.492 18.306 18.119 17.933 17.746 17.56 17.377 17.203 17.029 16.855 16.681 16.507 16.334 16.16 15.986 15.812 15.642 15.499 15.356 15.213 15.07 14.927 14.784 14.64 14.497 14.354 14.211 13.943 13.623 13.302 12.982 12.662 12.342 12.079 11.841 11.604 11.367 11.13 10.893 10.77 10.672 10.575 10.477 10.38 10.282 10.185 10.087 9.99 9.892 9.793 9.691 9.588 9.485 9.382 9.28 9.177 9.074 8.971 8.868 8.766 8.653 8.516 8.38 8.244 8.108
21.276 21.27 21.263 21.257 21.25 21.29 21.38 21.469 21.559 21.648 21.738 21.828 21.917 22.017 22.128 22.239 22.349 22.46 22.571 22.681 22.792 22.902 22.959 23.015 23.071 23.128 23.184 23.241 23.297 23.307 23.161 23.015 22.868 22.722 22.576 22.43 22.284 22.138 22.125 22.219 22.313 22.407 22.501 22.595 22.689 22.783 22.548 22.308 22.068 21.828 21.588 21.348 21.108 20.868 20.631 20.423 20.216 20.008 19.801 19.593 19.386 19.178 18.971 18.763 18.78 18.809 18.837 18.866 18.894 18.923 18.951 18.845 18.659 18.472 18.286 18.099 17.913 17.726 17.546 17.372 17.198 17.024 16.851 16.677 16.503 16.329 16.155 15.986 15.843 15.7 15.557 15.413 15.27 15.127 14.984 14.841 14.698 14.455 14.135 13.815 13.495 13.175 12.855 12.535 12.272 12.035 11.798 11.561 11.324 11.087 10.852 10.755 10.657 10.56 10.462 10.365 10.267 10.17 10.072 9.975 9.876 9.773 9.67 9.568 9.465 9.362 9.259 9.157 9.054 8.951 8.843 8.707 8.57 8.434 8.298 8.162
21.014 21.008 21.001 20.995 20.989 21.03 21.119 21.209 21.299 21.388 21.478 21.568 21.657 21.747 21.851 21.961 22.072 22.183 22.294 22.404 22.515 22.624 22.681 22.737 22.793 22.85 22.906 22.963 23.019 23.076 23.045 22.898 22.752 22.606 22.46 22.314 22.168 22.022 22.013 22.107 22.201 22.295 22.389 22.483 22.577 22.671 22.703 22.463 22.223 21.983 21.743 21.503 21.263 21.023 20.786 20.578 20.371 20.163 19.956 19.748 19.541 19.333 19.126 19.108 19.137 19.165 19.194 19.223 19.251 19.28 19.308 19.199 19.012 18.826 18.639 18.453 18.266 18.08 17.893 17.715 17.541 17.368 17.194 17.02 16.846 16.672 16.498 16.33 16.187 16.043 15.9 15.757 15.614 15.471 15.328 15.185 14.968 14.648 14.328 14.008 13.687 13.367 13.047 12.727 12.466 12.229 11.992 11.755 11.518 11.281 11.044 10.838 10.74 10.642 10.545 10.447 10.35 10.252 10.155 10.057 9.958 9.856 9.753 9.65 9.547 9.445 9.342 9.239 9.136 9.033 8.897 8.76 8.624 8.488 8.352 8.216
20.753 20.746 20.74 20.733 20.727 20.77 20.859 20.949 21.039 21.128 21.218 21.307 21.397 21.487 21.576 21.684 21.795 21.906 22.017 22.127 22.238 22.346 22.403 22.459 22.516 22.572 22.628 22.685 22.741 22.798 22.854 22.782 22.636 22.49 22.344 22.198 22.052 21.905 21.9 21.995 22.089 22.183 22.277 22.371 22.465 22.559 22.653 22.618 22.378 22.138 21.897 21.657 21.417 21.177 20.941 20.734 20.526 20.319 20.111 19.904 19.696 19.489 19.437 19.465 19.494 19.522 19.551 19.579 19.608 19.636 19.665 19.552 19.365 19.179 18.992 18.806 18.619 18.433 18.246 18.06 17.885 17.711 17.537 17.363 17.189 17.015 16.841 16.673 16.53 16.387 16.244 16.101 15.958 15.814 15.671 15.48 15.16 14.84 14.52 14.2 13.88 13.56 13.24 12.92 12.66 12.423 12.186 11.949 11.712 11.475 11.238 11.001 10.823 10.725 10.628 10.53 10.432 10.335 10.237 10.14 10.041 9.938 9.835 9.733 9.63 9.527 9.424 9.322 9.219 9.087 8.951 8.814 8.678 8.542 8.406 8.27
20.491 20.484 20.478 20.472 20.465 20.51 20.599 20.689 20.778 20.868 20.958 21.047 21.137 21.226 21.316 21.407 21.518 21.629 21.74 21.85 21.961 22.068 22.125 22.181 22.238 22.294 22.351 22.407 22.463 22.52 22.576 22.633 22.52 22.374 22.228 22.082 21.936 21.789 21.788 21.882 21.976 22.071 22.165 22.259 22.353 22.447 22.541 22.635 22.532 22.292 22.052 21.812 21.572 21.332 21.096 20.889 20.681 20.474 20.266 20.059 19.851 19.765 19.793 19.822 19.85 19.879 19.908 19.936 19.965 19.993 20.022 19.905 19.718 19.532 19.345 19.159 18.972 18.786 18.599 18.413 18.228 18.054 17.88 17.706 17.532 17.358 17.184 17.017 16.874 16.731 16.588 16.444 16.301 16.158 15.993 15.673 15.353 15.033 14.713 14.392 14.072 13.752 13.432 13.112 12.854 12.617 12.38 12.143 11.906 11.669 11.432 11.194 10.957 10.808 10.71 10.613 10.515 10.418 10.32 10.222 10.123 10.021 9.918 9.815 9.712 9.61 9.507 9.404 9.277 9.141 9.005 8.868 8.732 8.596 8.46 8.324
20.229 20.223 20.216 20.21 20.204 20.249 20.339 20.429 20.518 20.608 20.697 20.787 20.877 20.966 21.056 21.145 21.241 21.352 21.463 21.573 21.684 21.79 21.847 21.903 21.96 22.016 22.073 22.129 22.185 22.242 22.298 22.355 22.404 22.258 22.112 21.966 21.819 21.673 21.676 21.77 21.864 21.958 22.052 22.146 22.241 22.335 22.429 22.523 22.617 22.447 22.207 21.967 21.727 21.487 21.252 21.044 20.837 20.629 20.422 20.214 20.093 20.122 20.15 20.179 20.207 20.236 20.264 20.293 20.321 20.35 20.378 20.258 20.072 19.885 19.699 19.512 19.326 19.139 18.953 18.766 18.58 18.397 18.223 18.049 17.875 17.701 17.527 17.361 17.217 17.074 16.931 16.788 16.645 16.502 16.185 15.865 15.545 15.225 14.905 14.585 14.265 13.945 13.625 13.305 13.048 12.811 12.574 12.337 12.1 11.863 11.625 11.388 11.151 10.914 10.793 10.695 10.598 10.5 10.403 10.305 10.206 10.103 10.0 9.898 9.795 9.692 9.589 9.467 9.331 9.195 9.058 8.922 8.786 8.65 8.514 8.378
19.967 19.961 19.955 19.948 19.942 19.989 20.079 20.168 20.258 20.348 20.437 20.527 20.616 20.706 20.796 20.885 20.975 21.075 21.185 21.296 21.407 21.512 21.569 21.625 21.682 21.738 21.795 21.851 21.908 21.964 22.02 22.077 22.133 22.142 21.996 21.85 21.703 21.557 21.564 21.658 21.752 21.846 21.94 22.034 22.128 22.222 22.317 22.411 22.505 22.599 22.362 22.121 21.881 21.641 21.407 21.199 20.992 20.784 20.577 20.421 20.45 20.478 20.507 20.535 20.564 20.592 20.621 20.65 20.678 20.707 20.735 20.611 20.425 20.238 20.052 19.865 19.679 19.492 19.306 19.119 18.933 18.746 18.566 18.392 18.218 18.044 17.871 17.704 17.561 17.418 17.275 17.132 16.989 16.698 16.378 16.058 15.738 15.418 15.098 14.777 14.457 14.137 13.817 13.497 13.242 13.005 12.768 12.531 12.294 12.056 11.819 11.582 11.345 11.108 10.875 10.778 10.68 10.583 10.485 10.388 10.288 10.186 10.083 9.98 9.877 9.775 9.657 9.521 9.385 9.249 9.112 8.976 8.84 8.704 8.568 8.432
19.706 19.699 19.693 19.687 19.68 19.729 19.819 19.908 19.998 20.087 20.177 20.267 20.356 20.446 20.536 20.625 20.715 20.804 20.908 21.019 21.13 21.235 21.291 21.347 21.404 21.46 21.517 21.573 21.63 21.686 21.743 21.799 21.855 21.912 21.88 21.733 21.587 21.441 21.452 21.546 21.64 21.734 21.828 21.922 22.016 22.11 22.204 22.298 22.393 22.487 22.516 22.276 22.036 21.796 21.562 21.355 21.147 20.94 20.75 20.778 20.807 20.835 20.864 20.892 20.921 20.949 20.978 21.006 21.035 21.063 21.092 20.965 20.778 20.592 20.405 20.219 20.032 19.846 19.659 19.473 19.286 19.099 18.913 18.735 18.562 18.388 18.214 18.048 17.905 17.762 17.618 17.475 17.21 16.89 16.57 16.25 15.93 15.61 15.29 14.97 14.65 14.33 14.01 13.69 13.436 13.199 12.962 12.725 12.487 12.25 12.013 11.776 11.539 11.302 11.065 10.86 10.763 10.665 10.568 10.47 10.371 10.268 10.166 10.063 9.96 9.847 9.711 9.575 9.439 9.303 9.166 9.03 8.894 8.758 8.622 8.485
19.444 19.438 19.431 19.425 19.419 19.469 19.558 19.648 19.738 19.827 19.917 20.007 20.096 20.186 20.275 20.365 20.455 20.544 20.634 20.742 20.853 20.957 21.013 21.07 21.126 21.182 21.239 21.295 21.352 21.408 21.465 21.521 21.577 21.634 21.69 21.617 21.471 21.325 21.339 21.434 21.528 21.622 21.716 21.81 21.904 21.998 22.092 22.186 22.28 22.374 22.469 22.431 22.191 21.951 21.717 21.51 21.302 21.095 21.106 21.135 21.163 21.192 21.22 21.249 21.277 21.306 21.335 21.363 21.392 21.42 21.449 21.318 21.131 20.945 20.758 20.572 20.385 20.199 20.012 19.826 19.639 19.453 19.266 19.08 18.905 18.731 18.557 18.392 18.248 18.105 17.962 17.723 17.403 17.083 16.763 16.443 16.123 15.803 15.483 15.162 14.842 14.522 14.202 13.882 13.63 13.393 13.156 12.918 12.681 12.444 12.207 11.97 11.733 11.496 11.259 11.022 10.846 10.748 10.65 10.553 10.454 10.351 10.248 10.145 10.037 9.901 9.765 9.629 9.493 9.357 9.22 9.084 8.948 8.812 8.676 8.539
19.182 19.176 19.17 19.163 19.157 19.209 19.298 19.388 19.478 19.567 19.657 19.746 19.836 19.926 20.015 20.105 20.194 20.284 20.374 20.465 20.576 20.679 20.735 20.792 20.848 20.904 20.961 21.017 21.074 21.13 21.187 21.243 21.3 21.356 21.412 21.469 21.355 21.209 21.227 21.321 21.415 21.51 21.604 21.698 21.792 21.886 21.98 22.074 22.168 22.262 22.356 22.45 22.345 22.105 21.873 21.665 21.458 21.434 21.463 21.492 21.52 21.549 21.577 21.606 21.634 21.663 21.691 21.72 21.748 21.777 21.805 21.671 21.484 21.298 21.111 20.925 20.738 20.552 20.365 20.179 19.992 19.806 19.619 19.433 19.248 19.074 18.9 18.735 18.592 18.449 18.235 17.915 17.595 17.275 16.955 16.635 16.315 15.995 15.675 15.355 15.035 14.715 14.395 14.075 13.824 13.587 13.349 13.112 12.875 12.638 12.401 12.164 11.927 11.69 11.453 11.216 10.978 10.831 10.733 10.636 10.536 10.433 10.331 10.228 10.091 9.955 9.819 9.683 9.547 9.41 9.274 9.138 9.002 8.866 8.73 8.593
18.921 18.914 18.908 18.902 18.895 18.948 19.038 19.128 19.217 19.307 19.397 19.486 19.576 19.665 19.755 19.845 19.934 20.024 20.114 20.203 20.299 20.401 20.457 20.514 20.57 20.627 20.683 20.739 20.796 20.852 20.909 20.965 21.022 21.078 21.135 21.191 21.239 21.093 21.115 21.209 21.303 21.397 21.491 21.585 21.68 21.774 21.868 21.962 22.056 22.15 22.244 22.338 22.432 22.26 22.028 21.82 21.763 21.791 21.82 21.848 21.877 21.905 21.934 21.962 21.991 22.019 22.048 22.077 22.105 22.134 22.162 22.024 21.838 21.651 21.465 21.278 21.092 20.905 20.719 20.532 20.346 20.159 19.973 19.786 19.6 19.417 19.243 19.079 18.936 18.748 18.428 18.108 17.788 17.468 17.148 16.828 16.508 16.188 15.868 15.547 15.227 14.907 14.587 14.267 14.018 13.78 13.543 13.306 13.069 12.832 12.595 12.358 12.121 11.884 11.647 11.409 11.172 10.935 10.816 10.718 10.619 10.516 10.413 10.282 10.145 10.009 9.873 9.737 9.601 9.464 9.328 9.192 9.056 8.92 8.783 8.647
18.659 18.653 18.646 18.64 18.633 18.688 18.778 18.868 18.957 19.047 19.136 19.226 19.316 19.405 19.495 19.584 19.674 19.764 19.853 19.943 20.033 20.123 20.179 20.236 20.292 20.349 20.405 20.462 20.518 20.574 20.631 20.687 20.744 20.8 20.857 20.913 20.97 20.977 21.003 21.097 21.191 21.285 21.379 21.473 21.567 21.661 21.756 21.85 21.944 22.038 22.132 22.226 22.32 22.414 22.183 22.091 22.119 22.148 22.177 22.205 22.234 22.262 22.291 22.319 22.348 22.376 22.405 22.433 22.462 22.49 22.519 22.377 22.191 22.004 21.818 21.631 21.445 21.258 21.072 20.885 20.699 20.512 20.326 20.139 19.953 19.766 19.586 19.422 19.26 18.94 18.62 18.3 17.98 17.66 17.34 17.02 16.7 16.38 16.06 15.74 15.42 15.1 14.78 14.46 14.211 13.974 13.737 13.5 13.263 13.026 12.789 12.552 12.315 12.078 11.84 11.603 11.366 11.129 10.898 10.801 10.701 10.598 10.472 10.335 10.199 10.063 9.927 9.791 9.655 9.518 9.382 9.246 9.11 8.974 8.837 8.701
19.213 19.193 19.173 19.153 19.133 19.303 19.389 19.463 19.536 19.609 19.683 19.756 19.83 19.903 19.976 20.05 20.123 20.197 20.27 20.343 20.417 20.484 20.523 20.563 20.603 20.643 20.682 20.722 20.762 20.802 20.842 20.881 20.921 20.961 21.001 21.04 21.08 21.117 21.068 21.153 21.239 21.325 21.41 21.496 21.582 21.667 21.753 21.839 21.924 22.01 22.096 22.182 22.267 22.353 22.423 22.451 22.478 22.506 22.534 22.562 22.59 22.619 22.647 22.676 22.704 22.733 22.762 22.79 22.819 22.847 22.876 22.731 22.544 22.357 22.171 21.984 21.798 21.611 21.425 21.238 21.052 20.865 20.679 20.492 20.306 20.119 19.933 19.766 19.453 19.133 18.813 18.493 18.173 17.853 17.533 17.213 16.893 16.573 16.253 15.932 15.612 15.292 14.972 14.652 14.405 14.168 13.931 13.694 13.457 13.22 12.983 12.746 12.509 12.271 12.034 11.797 11.56 11.323 11.086 10.883 10.784 10.662 10.526 10.389 10.253 10.117 9.981 9.845 9.709 9.572 9.436 9.3 9.164 9.028 8.891 8.755
19.81 19.79 19.77 19.75 19.73 19.904 20.148 20.221 20.294 20.368 20.441 20.515 20.588 20.661 20.735 20.808 20.882 20.955 21.028 21.102 21.175 21.242 21.281 21.321 21.361 21.401 21.44 21.48 21.52 21.56 21.599 21.639 21.679 21.719 21.758 21.798 21.838 21.799 21.593 21.557 21.643 21.729 21.814 21.9 21.986 22.071 22.157 22.243 22.328 22.414 22.5 22.586 22.671 22.757 22.826 22.854 22.882 22.909 22.937 22.965 22.993 23.02 23.048 23.076 23.104 23.131 23.159 23.187 23.215 23.243 23.122 22.924 22.741 22.557 22.374 22.191 22.008 21.825 21.642 21.458 21.275 21.092 20.909 20.726 20.542 20.359 20.176 19.723 19.402 19.09 18.778 18.465 18.153 17.841 17.529 17.217 16.905 16.592 16.28 15.968 15.656 15.344 15.032 14.72 14.482 14.253 14.024 13.795 13.566 13.336 13.107 12.878 12.649 12.42 12.191 11.962 11.733 11.503 11.274 11.043 10.852 10.716 10.58 10.443 10.307 10.171 10.035 9.899 9.762 9.626 9.49 9.354 9.218 9.082 8.945 8.809
20.406 20.386 20.366 20.347 20.327 20.506 20.776 20.979 21.053 21.126 21.2 21.273 21.346 21.42 21.493 21.567 21.64 21.713 21.787 21.86 21.934 21.999 22.039 22.079 22.119 22.158 22.198 22.238 22.278 22.318 22.357 22.397 22.437 22.477 22.516 22.556 22.53 22.481 22.272 22.014 22.047 22.133 22.218 22.304 22.39 22.475 22.561 22.647 22.732 22.818 22.904 22.99 23.075 23.161 23.229 23.257 23.285 23.312 23.34 23.368 23.396 23.423 23.451 23.479 23.507 23.534 23.562 23.59 23.618 23.54 23.274 23.078 22.895 22.711 22.528 22.345 22.162 21.979 21.795 21.612 21.429 21.246 21.063 20.879 20.696 20.513 20.063 19.539 19.125 18.813 18.501 18.189 17.876 17.564 17.252 16.94 16.628 16.316 16.004 15.691 15.379 15.067 14.755 14.443 14.207 13.977 13.748 13.519 13.29 13.061 12.832 12.603 12.374 12.144 11.915 11.686 11.457 11.228 10.999 10.767 10.588 10.465 10.334 10.203 10.072 9.942 9.811 9.68 9.549 9.419 9.288 9.157 9.027 8.896 8.765 8.634
21.003 20.983 20.963 20.943 20.923 21.107 21.377 21.647 21.811 21.885 21.958 22.031 22.105 22.178 22.252 22.325 22.398 22.472 22.545 22.619 22.692 22.757 22.797 22.837 22.877 22.916 22.956 22.996 23.036 23.075 23.115 23.155 23.195 23.234 23.274 23.262 23.212 23.163 22.951 22.692 22.451 22.537 22.622 22.708 22.794 22.879 22.965 23.051 23.136 23.222 23.308 23.393 23.479 23.565 23.632 23.66 23.688 23.715 23.743 23.771 23.799 23.826 23.854 23.882 23.91 23.938 23.965 23.993 23.958 23.692 23.427 23.232 23.048 22.865 22.682 22.499 22.316 22.133 21.949 21.766 21.583 21.4 21.217 21.033 20.85 20.458 19.876 19.355 18.927 18.536 18.224 17.912 17.6 17.287 16.975 16.663 16.351 16.039 15.727 15.415 15.102 14.79 14.478 14.166 13.931 13.702 13.473 13.244 13.015 12.786 12.556 12.327 12.098 11.869 11.64 11.411 11.182 10.953 10.722 10.484 10.307 10.198 10.07 9.939 9.809 9.678 9.547 9.417 9.286 9.155 9.024 8.894 8.763 8.632 8.501 8.371
21.599 21.58 21.56 21.54 21.52 21.708 21.978 22.248 22.518 22.643 22.716 22.79 22.863 22.937 23.01 23.083 23.157 23.23 23.304 23.377 23.45 23.515 23.555 23.595 23.634 23.674 23.714 23.754 23.794 23.833 23.873 23.913 23.953 23.992 23.993 23.944 23.894 23.845 23.629 23.371 23.113 22.941 23.026 23.112 23.198 23.283 23.369 23.455 23.54 23.626 23.712 23.797 23.883 23.969 24.035 24.063 24.091 24.118 24.146 24.174 24.202 24.229 24.257 24.285 24.313 24.341 24.368 24.376 24.111 23.845 23.579 23.386 23.202 23.019 22.836 22.653 22.47 22.286 22.103 21.92 21.737 21.554 21.371 21.187 20.854 20.272 19.689 19.171 18.742 18.314 17.947 17.635 17.323 17.011 16.698 16.386 16.074 15.762 15.45 15.138 14.826 14.513 14.201 13.889 13.656 13.427 13.197 12.968 12.739 12.51 12.281 12.052 11.823 11.594 11.364 11.135 10.906 10.677 10.439 10.201 10.026 9.917 9.807 9.676 9.545 9.414 9.284 9.153 9.022 8.891 8.761 8.63 8.499 8.368 8.238 8.107
22.196 22.176 22.156 22.136 22.116 22.309 22.579 22.849 23.12 23.39 23.475 23.548 23.622 23.695 23.768 23.842 23.915 23.989 24.062 24.135 24.209 24.273 24.313 24.353 24.392 24.432 24.472 24.512 24.551 24.591 24.631 24.671 24.71 24.724 24.675 24.626 24.576 24.527 24.308 24.05 23.791 23.533 23.43 23.516 23.602 23.687 23.773 23.859 23.944 24.03 24.116 24.201 24.287 24.373 24.438 24.466 24.494 24.521 24.549 24.577 24.605 24.633 24.66 24.688 24.716 24.744 24.771 24.529 24.263 23.997 23.732 23.54 23.356 23.173 22.99 22.807 22.624 22.44 22.257 22.074 21.891 21.708 21.524 21.249 20.667 20.085 19.503 18.986 18.558 18.13 17.702 17.358 17.046 16.734 16.422 16.109 15.797 15.485 15.173 14.861 14.549 14.237 13.924 13.612 13.38 13.151 12.922 12.693 12.464 12.235 12.006 11.776 11.547 11.318 11.089 10.86 10.631 10.394 10.156 9.917 9.745 9.636 9.527 9.412 9.281 9.151 9.02 8.889 8.758 8.628 8.497 8.366 8.236 8.105 7.974 7.843
22.793 22.773 22.753 22.733 22.713 22.91 23.18 23.451 23.721 23.991 24.233 24.307 24.38 24.453 24.527 24.6 24.674 24.747 24.82 24.894 24.967 25.031 25.071 25.11 25.15 25.19 25.23 25.269 25.309 25.349 25.389 25.429 25.455 25.406 25.357 25.308 25.258 25.209 24.986 24.728 24.47 24.212 23.954 23.92 24.006 24.091 24.177 24.263 24.348 24.434 24.52 24.605 24.691 24.777 24.841 24.869 24.897 24.924 24.952 24.98 25.008 25.036 25.063 25.091 25.119 25.147 24.947 24.681 24.416 24.15 23.884 23.693 23.51 23.327 23.144 22.961 22.777 22.594 22.411 22.228 22.045 21.862 21.645 21.062 20.48 19.898 19.316 18.802 18.374 17.946 17.517 17.089 16.769 16.457 16.145 15.833 15.52 15.208 14.896 14.584 14.272 13.96 13.648 13.335 13.105 12.876 12.647 12.417 12.188 11.959 11.73 11.501 11.272 11.043 10.814 10.584 10.349 10.111 9.872 9.634 9.464 9.355 9.246 9.137 9.018 8.887 8.756 8.626 8.495 8.364 8.233 8.103 7.972 7.841 7.71 7.58
23.389 23.369 23.349 23.33 23.31 23.512 23.782 24.052 24.322 24.592 24.862 25.065 25.138 25.212 25.285 25.359 25.432 25.505 25.579 25.652 25.726 25.789 25.829 25.868 25.908 25.948 25.988 26.027 26.067 26.107 26.147 26.186 26.137 26.088 26.039 25.99 25.94 25.891 25.665 25.407 25.149 24.89 24.632 24.374 24.41 24.495 24.581 24.667 24.752 24.838 24.924 25.009 25.095 25.181 25.244 25.272 25.3 25.328 25.355 25.383 25.411 25.439 25.466 25.494 25.522 25.365 25.1 24.834 24.568 24.303 24.037 23.847 23.664 23.481 23.298 23.115 22.931 22.748 22.565 22.382 22.199 22.015 21.458 20.876 20.294 19.711 19.129 18.618 18.19 17.761 17.333 16.905 16.492 16.18 15.868 15.556 15.244 14.931 14.619 14.307 13.995 13.683 13.371 13.059 12.829 12.6 12.371 12.142 11.913 11.684 11.455 11.226 10.996 10.767 10.538 10.304 10.066 9.827 9.589 9.351 9.183 9.074 8.965 8.856 8.747 8.623 8.493 8.362 8.231 8.1 7.97 7.839 7.708 7.577 7.447 7.316
23.986 23.966 23.946 23.926 23.906 24.113 24.383 24.653 24.923 25.193 25.463 25.734 25.897 25.97 26.044 26.117 26.19 26.264 26.337 26.411 26.484 26.547 26.586 26.626 26.666 26.706 26.745 26.785 26.825 26.865 26.905 26.868 26.819 26.77 26.721 26.672 26.622 26.573 26.344 26.085 25.827 25.569 25.311 25.052 24.814 24.899 24.985 25.071 25.156 25.242 25.328 25.413 25.499 25.585 25.647 25.675 25.703 25.731 25.758 25.786 25.814 25.842 25.869 25.897 25.784 25.518 25.252 24.986 24.721 24.455 24.189 24.001 23.818 23.635 23.452 23.269 23.085 22.902 22.719 22.536 22.353 21.853 21.271 20.689 20.107 19.525 18.942 18.434 18.006 17.577 17.149 16.721 16.292 15.903 15.591 15.279 14.967 14.655 14.342 14.03 13.718 13.406 13.094 12.783 12.554 12.325 12.096 11.867 11.638 11.408 11.179 10.95 10.721 10.492 10.259 10.021 9.782 9.544 9.306 9.068 8.901 8.793 8.684 8.575 8.466 8.357 8.229 8.098 7.967 7.837 7.706 7.575 7.445 7.314 7.183 7.052
24.583 24.563 24.543 24.523 24.503 24.714 24.984 25.254 25.524 25.795 26.065 26.335 26.605 26.729 26.802 26.875 26.949 27.022 27.096 27.169 27.242 27.305 27.344 27.384 27.424 27.464 27.503 27.543 27.583 27.623 27.6 27.55 27.501 27.452 27.403 27.354 27.304 27.255 27.022 26.764 26.506 26.248 25.989 25.731 25.473 25.303 25.389 25.475 25.56 25.646 25.732 25.817 25.903 25.989 26.05 26.078 26.106 26.134 26.161 26.189 26.217 26.245 26.272 26.202 25.936 25.67 25.405 25.139 24.873 24.608 24.342 24.155 23.972 23.789 23.606 23.422 23.239 23.056 22.873 22.69 22.249 21.667 21.084 20.502 19.92 19.338 18.756 18.25 17.821 17.393 16.965 16.536 16.108 15.68 15.314 15.002 14.69 14.378 14.066 13.754 13.441 13.129 12.817 12.508 12.279 12.049 11.82 11.591 11.362 11.133 10.904 10.675 10.446 10.214 9.976 9.737 9.499 9.261 9.023 8.784 8.62 8.511 8.403 8.294 8.185 8.076 7.965 7.834 7.704 7.573 7.442 7.312 7.181 7.05 6.919 6.789
25.179 25.159 25.139 25.119 25.099 25.315 25.585 25.855 26.126 26.396 26.666 26.936 27.206 27.476 27.561 27.634 27.707 27.781 27.854 27.927 28.001 28.062 28.102 28.142 28.182 28.221 28.261 28.301 28.341 28.331 28.282 28.232 28.183 28.134 28.085 28.036 27.986 27.937 27.701 27.443 27.184 26.926 26.668 26.41 26.151 25.893 25.793 25.879 25.964 26.05 26.136 26.221 26.307 26.393 26.453 26.481 26.509 26.537 26.564 26.592 26.62 26.648 26.62 26.354 26.089 25.823 25.557 25.292 25.026 24.76 24.495 24.309 24.126 23.943 23.76 23.576 23.393 23.21 23.027 22.644 22.062 21.48 20.898 20.315 19.733 19.151 18.569 18.065 17.637 17.209 16.781 16.352 15.924 15.496 15.067 14.725 14.413 14.101 13.789 13.477 13.165 12.852 12.54 12.232 12.003 11.774 11.545 11.316 11.087 10.858 10.628 10.399 10.169 9.931 9.692 9.454 9.216 8.978 8.739 8.501 8.339 8.23 8.121 8.013 7.904 7.795 7.686 7.571 7.44 7.309 7.179 7.048 6.917 6.786 6.656 6.525
25.776 25.756 25.736 25.716 25.696 25.916 26.187 26.457 26.727 26.997 27.267 27.537 27.807 28.077 28.319 28.392 28.466 28.539 28.612 28.686 28.759 28.82 28.86 28.9 28.94 28.979 29.019 29.059 29.062 29.013 28.964 28.914 28.865 28.816 28.767 28.717 28.668 28.619 28.379 28.121 27.863 27.605 27.346 27.088 26.83 26.572 26.314 26.283 26.368 26.454 26.54 26.625 26.711 26.797 26.856 26.884 26.912 26.94 26.967 26.995 27.023 27.038 26.773 26.507 26.241 25.975 25.71 25.444 25.178 24.913 24.647 24.463 24.28 24.097 23.913 23.73 23.547 23.364 23.04 22.457 21.875 21.293 20.711 20.129 19.546 18.964 18.382 17.881 17.453 17.025 16.596 16.168 15.74 15.311 14.883 14.455 14.136 13.824 13.512 13.2 12.888 12.576 12.263 11.957 11.728 11.499 11.269 11.04 10.811 10.582 10.353 10.124 9.886 9.648 9.409 9.171 8.933 8.694 8.456 8.218 8.058 7.949 7.84 7.732 7.623 7.514 7.405 7.296 7.176 7.046 6.915 6.784 6.653 6.523 6.392 6.261
26.372 26.352 26.333 26.313 26.293 26.518 26.788 27.058 27.328 27.598 27.868 28.138 28.409 28.679 28.949 29.151 29.224 29.298 29.371 29.444 29.518 29.578 29.618 29.658 29.697 29.737 29.777 29.793 29.744 29.695 29.646 29.596 29.547 29.498 29.449 29.399 29.35 29.301 29.058 28.8 28.542 28.283 28.025 27.767 27.509 27.25 26.992 26.734 26.772 26.858 26.944 27.029 27.115 27.201 27.259 27.287 27.315 27.343 27.37 27.398 27.426 27.191 26.925 26.659 26.394 26.128 25.862 25.597 25.331 25.065 24.8 24.617 24.434 24.251 24.067 23.884 23.701 23.435 22.853 22.271 21.688 21.106 20.524 19.942 19.36 18.777 18.195 17.697 17.269 16.84 16.412 15.984 15.556 15.127 14.699 14.271 13.859 13.547 13.235 12.923 12.611 12.299 11.987 11.681 11.452 11.223 10.994 10.765 10.536 10.307 10.078 9.841 9.603 9.364 9.126 8.888 8.649 8.411 8.173 7.934 7.777 7.668 7.559 7.45 7.342 7.233 7.124 7.015 6.906 6.782 6.651 6.521 6.39 6.259 6.128 5.998
26.969 26.949 26.929 26.909 26.889 27.119 27.389 27.659 27.929 28.199 28.469 28.74 29.01 29.28 29.55 29.82 29.983 30.056 30.129 30.203 30.276 30.336 30.376 30.416 30.455 30.495 30.525 30.475 30.426 30.377 30.328 30.278 30.229 30.18 30.131 30.081 30.032 29.983 29.737 29.478 29.22 28.962 28.704 28.445 28.187 27.929 27.671 27.413 27.176 27.262 27.348 27.433 27.519 27.605 27.662 27.69 27.718 27.746 27.773 27.801 27.609 27.343 27.078 26.812 26.546 26.281 26.015 25.749 25.484 25.218 24.954 24.771 24.588 24.404 24.221 24.038 23.83 23.248 22.666 22.084 21.502 20.919 20.337 19.755 19.173 18.591 18.008 17.513 17.084 16.656 16.228 15.8 15.371 14.943 14.515 14.087 13.658 13.27 12.958 12.646 12.334 12.022 11.71 11.406 11.177 10.948 10.719 10.489 10.26 10.031 9.796 9.558 9.319 9.081 8.843 8.604 8.366 8.128 7.889 7.651 7.496 7.387 7.278 7.169 7.06 6.952 6.843 6.734 6.625 6.516 6.388 6.257 6.126 5.995 5.865 5.734
27.565 27.546 27.526 27.506 27.486 27.72 27.99 28.26 28.53 28.801 29.071 29.341 29.611 29.881 30.151 30.421 30.691 30.814 30.888 30.961 31.035 31.094 31.134 31.173 31.213 31.253 31.207 31.157 31.108 31.059 31.01 30.96 30.911 30.862 30.813 30.763 30.714 30.665 30.415 30.157 29.899 29.641 29.382 29.124 28.866 28.608 28.349 28.091 27.833 27.666 27.752 27.837 27.923 28.009 28.065 28.093 28.121 28.149 28.177 28.027 27.762 27.496 27.23 26.965 26.699 26.433 26.167 25.902 25.636 25.37 25.108 24.925 24.742 24.558 24.375 24.192 23.644 23.061 22.479 21.897 21.315 20.733 20.15 19.568 18.986 18.404 17.822 17.329 16.9 16.472 16.044 15.615 15.187 14.759 14.331 13.902 13.474 13.046 12.681 12.369 12.057 11.745 11.433 11.131 10.901 10.672 10.443 10.214 9.985 9.751 9.513 9.274 9.036 8.798 8.559 8.321 8.083 7.844 7.606 7.368 7.215 7.106 6.997 6.888 6.779 6.67 6.562 6.453 6.344 6.235 6.124 5.993 5.862 5.732 5.601 5.47
28.034 28.142 28.122 28.102 28.083 28.321 28.591 28.861 29.132 29.402 29.672 29.942 30.212 30.482 30.752 31.023 31.293 31.563 31.646 31.72 31.793 31.852 31.892 31.931 31.971 31.938 31.889 31.839 31.79 31.741 31.692 31.642 31.593 31.544 31.495 31.445 31.396 31.347 31.094 30.836 30.577 30.319 30.061 29.803 29.544 29.286 29.028 28.77 28.512 28.253 28.156 28.241 28.327 28.413 28.468 28.496 28.524 28.552 28.445 28.18 27.914 27.648 27.383 27.117 26.851 26.586 26.32 26.054 25.789 25.523 25.262 25.079 24.896 24.712 24.529 24.039 23.457 22.875 22.292 21.71 21.128 20.546 19.964 19.381 18.799 18.217 17.635 17.144 16.716 16.288 15.859 15.431 15.003 14.575 14.146 13.718 13.29 12.862 12.433 12.092 11.78 11.468 11.156 10.855 10.626 10.397 10.168 9.939 9.706 9.468 9.229 8.991 8.753 8.514 8.276 8.038 7.8 7.561 7.323 7.085 6.934 6.825 6.716 6.607 6.498 6.389 6.281 6.172 6.063 5.954 5.845 5.73 5.599 5.468 5.337 5.207
28.504 28.643 28.719 28.699 28.679 28.922 29.193 29.463 29.733 30.003 30.273 30.543 30.813 31.083 31.354 31.624 31.894 32.164 32.405 32.478 32.551 32.61 32.649 32.689 32.669 32.62 32.571 32.521 32.472 32.423 32.374 32.324 32.275 32.226 32.177 32.127 32.078 32.029 31.772 31.514 31.256 30.998 30.739 30.481 30.223 29.965 29.707 29.448 29.19 28.932 28.674 28.645 28.731 28.817 28.872 28.899 28.927 28.864 28.598 28.332 28.067 27.801 27.535 27.27 27.004 26.738 26.473 26.207 25.941 25.676 25.416 25.233 25.049 24.866 24.434 23.852 23.27 22.688 22.106 21.523 20.941 20.359 19.777 19.195 18.612 18.03 17.448 16.96 16.532 16.104 15.675 15.247 14.819 14.39 13.962 13.534 13.106 12.677 12.249 11.821 11.504 11.191 10.879 10.58 10.351 10.121 9.892 9.661 9.423 9.184 8.946 8.708 8.469 8.231 7.993 7.755 7.516 7.278 7.04 6.801 6.653 6.544 6.435 6.326 6.217 6.108 5.999 5.891 5.782 5.673 5.564 5.455 5.335 5.204 5.074 4.943
28.973 29.112 29.251 29.296 29.276 29.524 29.794 30.064 30.334 30.604 30.874 31.144 31.415 31.685 31.955 32.225 32.495 32.765 33.035 33.236 33.31 33.368 33.407 33.4 33.351 33.302 33.252 33.203 33.154 33.105 33.056 33.006 32.957 32.908 32.859 32.809 32.76 32.709 32.451 32.193 31.935 31.676 31.418 31.16 30.902 30.643 30.385 30.127 29.869 29.611 29.352 29.094 29.135 29.221 29.275 29.302 29.282 29.016 28.751 28.485 28.219 27.954 27.688 27.422 27.156 26.891 26.625 26.359 26.094 25.828 25.57 25.387 25.203 24.83 24.248 23.665 23.083 22.501 21.919 21.337 20.754 20.172 19.59 19.008 18.426 17.843 17.261 16.776 16.348 15.919 15.491 15.063 14.635 14.206 13.778 13.35 12.921 12.493 12.065 11.637 11.227 10.915 10.602 10.304 10.075 9.846 9.616 9.378 9.139 8.901 8.663 8.424 8.186 7.948 7.71 7.471 7.233 6.995 6.756 6.518 6.372 6.263 6.154 6.045 5.936 5.827 5.718 5.609 5.501 5.392 5.283 5.174 5.065 4.941 4.81 4.679
29.442 29.582 29.721 29.86 29.872 30.125 30.395 30.665 30.935 31.205 31.476 31.746 32.016 32.286 32.556 32.826 33.096 33.366 33.637 33.907 34.068 34.125 34.131 34.082 34.033 33.984 33.934 33.885 33.836 33.787 33.738 33.688 33.639 33.59 33.541 33.491 33.442 33.388 33.13 32.871 32.613 32.355 32.097 31.838 31.58 31.322 31.064 30.806 30.547 30.289 30.031 29.773 29.539 29.625 29.678 29.7 29.435 29.169 28.903 28.637 28.372 28.106 27.84 27.575 27.309 27.043 26.778 26.512 26.246 25.981 25.724 25.54 25.225 24.643 24.061 23.479 22.896 22.314 21.732 21.15 20.568 19.985 19.403 18.821 18.239 17.657 17.074 16.592 16.163 15.735 15.307 14.879 14.45 14.022 13.594 13.165 12.737 12.309 11.881 11.452 11.024 10.638 10.326 10.029 9.8 9.571 9.333 9.094 8.856 8.618 8.38 8.141 7.903 7.665 7.426 7.188 6.95 6.711 6.473 6.235 6.091 5.982 5.873 5.764 5.655 5.546 5.437 5.328 5.219 5.111 5.002 4.893 4.784 4.675 4.546 4.416
29.898 30.051 30.19 30.329 30.469 30.726 30.996 31.266 31.536 31.807 32.077 32.347 32.617 32.887 33.157 33.427 33.697 33.968 34.238 34.508 34.778 34.863 34.813 34.764 34.715 34.666 34.616 34.567 34.518 34.469 34.42 34.37 34.321 34.272 34.223 34.173 34.124 34.066 33.808 33.55 33.292 33.033 32.775 32.517 32.259 32.001 31.742 31.484 31.226 30.968 30.709 30.451 30.193 30.029 30.081 29.853 29.587 29.321 29.056 28.79 28.524 28.259 27.993 27.727 27.462 27.196 26.93 26.665 26.399 26.133 25.878 25.621 25.038 24.456 23.874 23.292 22.71 22.127 21.545 20.963 20.381 19.799 19.216 18.634 18.052 17.47 16.888 16.407 15.979 15.551 15.123 14.694 14.266 13.838 13.41 12.981 12.553 12.125 11.696 11.268 10.84 10.412 10.049 9.753 9.524 9.288 9.049 8.811 8.573 8.335 8.096 7.858 7.62 7.381 7.143 6.905 6.666 6.428 6.19 5.952 5.81 5.701 5.592 5.483 5.374 5.265 5.156 5.047 4.938 4.829 4.721 4.612 4.503 4.394 4.283 4.152
29.047 29.207 29.367 29.527 29.649 29.937 30.231 30.525 30.819 31.113 31.407 31.701 31.995 32.288 32.582 32.876 33.17 33.464 33.758 34.052 34.312 34.202 34.18 34.163 34.146 34.129 34.111 34.094 34.077 34.06 34.043 34.026 34.009 33.991 33.974 33.957 33.94 33.926 33.775 33.546 33.316 33.087 32.858 32.628 32.399 32.169 31.94 31.71 31.481 31.252 31.022 30.793 30.563 30.334 30.095 29.85 29.604 29.359 29.114 28.869 28.623 28.378 28.133 27.88 27.614 27.348 27.083 26.817 26.551 26.286 26.016 25.434 24.852 24.269 23.687 23.105 22.523 21.941 21.358 20.776 20.194 19.612 19.03 18.448 17.865 17.283 16.701 16.223 15.795 15.367 14.938 14.51 14.082 13.654 13.225 12.797 12.369 11.94 11.512 11.084 10.656 10.227 9.799 9.478 9.243 9.004 8.766 8.528 8.29 8.051 7.813 7.575 7.336 7.098 6.86 6.621 6.383 6.145 5.907 5.668 5.529 5.42 5.311 5.202 5.093 4.984 4.875 4.766 4.657 4.548 4.44 4.331 4.222 4.113 4.004 3.888
28.196 28.356 28.516 28.645 28.755 29.046 29.34 29.634 29.928 30.222 30.516 30.81 31.104 31.398 31.692 31.986 32.279 32.573 32.867 33.161 33.082 32.972 32.871 32.854 32.837 32.819 32.802 32.785 32.768 32.751 32.734 32.716 32.699 32.682 32.665 32.648 32.631 32.618 32.664 32.457 32.228 31.998 31.769 31.539 31.31 31.08 30.851 30.622 30.392 30.163 29.933 29.704 29.474 29.245 29.006 28.761 28.515 28.27 28.025 27.78 27.534 27.289 27.044 26.799 26.554 26.308 26.063 25.818 25.573 25.327 25.584 25.37 24.785 24.201 23.616 23.032 22.447 21.863 21.278 20.693 20.109 19.524 18.94 18.355 17.771 17.186 16.601 16.124 15.693 15.263 14.832 14.401 13.971 13.54 13.109 12.679 12.248 11.817 11.386 10.956 10.525 10.094 9.664 9.426 9.181 8.931 8.68 8.43 8.179 7.929 7.678 7.428 7.177 6.927 6.676 6.426 6.175 5.925 5.674 5.424 5.274 5.153 5.031 4.921 4.812 4.703 4.594 4.485 4.376 4.267 4.158 4.05 3.941 3.832 3.723 3.614
27.346 27.506 27.642 27.752 27.862 28.156 28.45 28.744 29.037 29.331 29.625 29.919 30.213 30.507 30.801 31.095 31.389 31.683 31.976 31.956 31.852 31.741 31.625 31.544 31.527 31.51 31.493 31.476 31.459 31.441 31.424 31.407 31.39 31.373 31.356 31.339 31.321 31.31 31.355 31.368 31.139 30.909 30.68 30.451 30.221 29.992 29.762 29.533 29.303 29.074 28.845 28.615 28.386 28.156 27.917 27.672 27.426 27.181 26.936 26.691 26.445 26.2 25.955 25.71 25.465 25.219 24.974 24.729 24.484 24.696 25.014 25.089 24.741 24.157 23.572 22.988 22.403 21.818 21.234 20.649 20.065 19.48 18.896 18.311 17.726 17.142 16.557 16.082 15.652 15.221 14.79 14.36 13.929 13.498 13.068 12.637 12.206 11.776 11.345 10.914 10.484 10.053 9.77 9.727 9.616 9.365 9.115 8.864 8.614 8.363 8.113 7.862 7.612 7.361 7.111 6.86 6.61 6.359 6.109 5.858 5.711 5.589 5.468 5.347 5.226 5.104 4.983 4.862 4.741 4.619 4.498 4.377 4.256 4.134 4.013 3.892
26.495 26.639 26.748 26.858 26.971 27.265 27.559 27.853 28.147 28.441 28.734 29.028 29.322 29.616 29.91 30.204 30.498 30.792 30.83 30.726 30.622 30.511 30.395 30.279 30.218 30.201 30.184 30.166 30.149 30.132 30.115 30.098 30.081 30.064 30.046 30.029 30.012 30.002 30.047 30.093 30.05 29.821 29.591 29.362 29.132 28.903 28.674 28.444 28.215 27.985 27.756 27.526 27.297 27.067 26.828 26.583 26.337 26.092 25.847 25.602 25.356 25.111 24.866 24.621 24.375 24.13 23.885 23.64 23.762 24.131 24.444 24.519 24.594 24.113 23.528 22.943 22.359 21.774 21.19 20.605 20.021 19.436 18.851 18.267 17.682 17.098 16.513 16.041 15.61 15.18 14.749 14.318 13.887 13.457 13.026 12.595 12.165 11.734 11.303 10.873 10.442 10.1 10.072 10.029 9.945 9.8 9.549 9.299 9.048 8.798 8.547 8.297 8.046 7.796 7.545 7.295 7.044 6.794 6.543 6.293 6.147 6.026 5.905 5.784 5.662 5.541 5.42 5.299 5.177 5.056 4.935 4.814 4.692 4.571 4.45 4.306
25.635 25.745 25.855 25.964 26.08 26.374 26.668 26.962 27.256 27.55 27.844 28.138 28.431 28.725 29.019 29.313 29.607 29.704 29.6 29.496 29.392 29.281 29.165 29.049 28.932 28.892 28.874 28.857 28.84 28.823 28.806 28.789 28.771 28.754 28.737 28.72 28.703 28.693 28.739 28.784 28.83 28.732 28.503 28.273 28.044 27.814 27.585 27.355 27.126 26.896 26.667 26.438 26.208 25.979 25.739 25.494 25.248 25.003 24.758 24.513 24.267 24.022 23.777 23.532 23.286 23.041 22.796 22.829 23.197 23.566 23.874 23.949 24.024 24.068 23.484 22.899 22.315 21.73 21.146 20.561 19.976 19.392 18.807 18.223 17.638 17.054 16.469 15.999 15.569 15.138 14.707 14.277 13.846 13.415 12.985 12.554 12.123 11.693 11.262 10.831 10.431 10.402 10.374 10.33 10.247 10.163 9.984 9.733 9.483 9.232 8.982 8.731 8.481 8.23 7.98 7.729 7.479 7.228 6.978 6.727 6.584 6.463 6.342 6.22 6.099 5.978 5.857 5.735 5.614 5.493 5.372 5.25 5.129 5.008 4.868 4.72
24.742 24.851 24.961 25.071 25.189 25.483 25.777 26.071 26.365 26.659 26.953 27.247 27.541 27.835 28.128 28.422 28.578 28.474 28.37 28.266 28.162 28.051 27.934 27.818 27.702 27.586 27.565 27.548 27.531 27.514 27.496 27.479 27.462 27.445 27.428 27.411 27.394 27.385 27.431 27.476 27.522 27.567 27.414 27.184 26.955 26.725 26.496 26.267 26.037 25.808 25.578 25.349 25.119 24.89 24.65 24.405 24.159 23.914 23.669 23.424 23.178 22.933 22.688 22.443 22.197 21.952 21.895 22.263 22.632 23.001 23.305 23.379 23.454 23.528 23.44 22.855 22.271 21.686 21.102 20.517 19.932 19.348 18.763 18.179 17.594 17.01 16.425 15.958 15.527 15.096 14.666 14.235 13.804 13.374 12.943 12.512 12.082 11.651 11.22 10.79 10.733 10.704 10.676 10.631 10.548 10.465 10.381 10.168 9.917 9.667 9.416 9.166 8.915 8.665 8.414 8.164 7.913 7.663 7.412 7.162 7.021 6.9 6.778 6.657 6.536 6.415 6.293 6.172 6.051 5.93 5.808 5.687 5.566 5.43 5.282 5.134
23.848 23.958 24.067 24.177 24.299 24.593 24.887 25.18 25.474 25.768 26.062 26.356 26.65 26.944 27.238 27.452 27.348 27.244 27.14 27.036 26.932 26.82 26.704 26.588 26.472 26.356 26.256 26.239 26.221 26.204 26.187 26.17 26.153 26.136 26.119 26.101 26.084 26.077 26.122 26.168 26.213 26.259 26.304 26.096 25.866 25.637 25.407 25.178 24.948 24.719 24.49 24.26 24.031 23.801 23.561 23.316 23.07 22.825 22.58 22.335 22.089 21.844 21.599 21.354 21.108 20.961 21.33 21.698 22.067 22.436 22.735 22.809 22.884 22.958 23.033 22.811 22.227 21.642 21.057 20.473 19.888 19.304 18.719 18.135 17.55 16.965 16.381 15.916 15.486 15.055 14.624 14.194 13.763 13.332 12.901 12.471 12.04 11.609 11.179 11.063 11.035 11.006 10.978 10.932 10.849 10.766 10.683 10.599 10.352 10.101 9.851 9.6 9.35 9.099 8.849 8.598 8.348 8.097 7.847 7.596 7.458 7.336 7.215 7.094 6.973 6.851 6.73 6.609 6.488 6.366 6.245 6.124 5.992 5.844 5.695 5.547
22.954 23.064 23.174 23.283 23.408 23.702 23.996 24.29 24.584 24.877 25.171 25.465 25.759 26.053 26.326 26.222 26.118 26.014 25.91 25.806 25.702 25.59 25.474 25.358 25.242 25.125 25.009 24.929 24.912 24.895 24.878 24.861 24.844 24.826 24.809 24.792 24.775 24.769 24.814 24.86 24.905 24.951 24.996 25.007 24.777 24.548 24.318 24.089 23.86 23.63 23.401 23.171 22.942 22.712 22.472 22.227 21.981 21.736 21.491 21.246 21.0 20.755 20.51 20.265 20.027 20.396 20.765 21.133 21.502 21.871 22.165 22.239 22.314 22.388 22.463 22.538 22.182 21.598 21.013 20.429 19.844 19.26 18.675 18.09 17.506 16.921 16.337 15.875 15.444 15.013 14.583 14.152 13.721 13.291 12.86 12.429 11.999 11.568 11.393 11.365 11.337 11.308 11.28 11.233 11.15 11.067 10.984 10.901 10.786 10.536 10.285 10.035 9.784 9.534 9.283 9.033 8.782 8.532 8.281 8.031 7.894 7.773 7.652 7.531 7.409 7.288 7.167 7.046 6.924 6.803 6.682 6.554 6.405 6.257 6.109 5.961
22.061 22.17 22.28 22.39 22.517 22.811 23.105 23.399 23.693 23.987 24.281 24.574 24.868 25.162 25.096 24.992 24.888 24.784 24.68 24.576 24.472 24.36 24.244 24.128 24.011 23.895 23.779 23.663 23.603 23.586 23.569 23.551 23.534 23.517 23.5 23.483 23.466 23.46 23.506 23.551 23.597 23.642 23.688 23.733 23.689 23.459 23.23 23.0 22.771 22.541 22.312 22.083 21.853 21.624 21.383 21.137 20.892 20.647 20.402 20.157 19.911 19.666 19.421 19.176 19.462 19.831 20.2 20.568 20.937 21.306 21.595 21.669 21.744 21.818 21.893 21.968 22.042 21.554 20.969 20.385 19.8 19.215 18.631 18.046 17.462 16.877 16.293 15.833 15.402 14.972 14.541 14.11 13.68 13.249 12.818 12.388 11.957 11.724 11.695 11.667 11.639 11.61 11.582 11.534 11.451 11.368 11.285 11.202 11.119 10.97 10.72 10.469 10.219 9.968 9.718 9.467 9.217 8.966 8.716 8.465 8.331 8.21 8.089 7.967 7.846 7.725 7.603 7.482 7.361 7.24 7.116 6.967 6.819 6.671 6.523 6.375
21.167 21.277 21.386 21.496 21.626 21.92 22.214 22.508 22.802 23.096 23.39 23.684 23.978 23.97 23.866 23.762 23.658 23.554 23.45 23.346 23.242 23.13 23.014 22.897 22.781 22.665 22.549 22.433 22.317 22.276 22.259 22.242 22.225 22.208 22.191 22.174 22.156 22.152 22.197 22.243 22.289 22.334 22.38 22.425 22.471 22.37 22.141 21.912 21.682 21.453 21.223 20.994 20.764 20.535 20.294 20.048 19.803 19.558 19.313 19.068 18.822 18.577 18.332 18.528 18.897 19.266 19.635 20.003 20.372 20.741 21.025 21.099 21.174 21.249 21.323 21.398 21.472 21.51 20.925 20.34 19.756 19.171 18.587 18.002 17.418 16.833 16.248 15.792 15.361 14.93 14.5 14.069 13.638 13.208 12.777 12.346 12.054 12.026 11.997 11.969 11.941 11.912 11.884 11.835 11.752 11.669 11.586 11.503 11.42 11.337 11.154 10.904 10.653 10.403 10.152 9.902 9.651 9.401 9.15 8.9 8.768 8.647 8.525 8.404 8.283 8.161 8.04 7.919 7.798 7.676 7.529 7.381 7.233 7.085 6.937 6.788
20.273 20.383 20.493 20.602 20.736 21.03 21.323 21.617 21.911 22.205 22.499 22.793 22.844 22.74 22.636 22.532 22.428 22.324 22.22 22.116 22.012 21.899 21.783 21.667 21.551 21.435 21.319 21.202 21.086 20.97 20.95 20.933 20.916 20.899 20.881 20.864 20.847 20.844 20.889 20.935 20.98 21.026 21.071 21.117 21.162 21.208 21.052 20.823 20.593 20.364 20.134 19.905 19.676 19.446 19.205 18.959 18.714 18.469 18.224 17.978 17.733 17.488 17.594 17.963 18.332 18.701 19.069 19.438 19.807 20.176 20.455 20.53 20.604 20.679 20.753 20.828 20.902 20.977 20.881 20.296 19.712 19.127 18.543 17.958 17.373 16.789 16.204 15.75 15.319 14.889 14.458 14.027 13.597 13.166 12.735 12.385 12.356 12.328 12.299 12.271 12.243 12.214 12.186 12.136 12.053 11.97 11.887 11.804 11.721 11.638 11.555 11.338 11.088 10.837 10.587 10.336 10.086 9.835 9.585 9.334 9.204 9.083 8.962 8.841 8.719 8.598 8.477 8.356 8.234 8.091 7.943 7.795 7.647 7.499 7.35 7.202
19.38 19.489 19.599 19.708 19.845 20.139 20.433 20.727 21.02 21.314 21.608 21.718 21.614 21.51 21.406 21.302 21.198 21.094 20.99 20.886 20.782 20.669 20.553 20.437 20.321 20.205 20.088 19.972 19.856 19.74 19.641 19.624 19.606 19.589 19.572 19.555 19.538 19.535 19.581 19.626 19.672 19.718 19.763 19.809 19.854 19.9 19.945 19.734 19.505 19.275 19.046 18.816 18.587 18.357 18.116 17.87 17.625 17.38 17.135 16.889 16.644 16.661 17.029 17.398 17.767 18.136 18.504 18.873 19.242 19.611 19.885 19.96 20.034 20.109 20.183 20.258 20.332 20.407 20.482 20.252 19.668 19.083 18.498 17.914 17.329 16.745 16.16 15.709 15.278 14.847 14.416 13.986 13.555 13.124 12.715 12.687 12.658 12.63 12.601 12.573 12.545 12.516 12.488 12.437 12.354 12.271 12.188 12.105 12.022 11.939 11.856 11.773 11.522 11.272 11.021 10.771 10.52 10.27 10.019 9.769 9.641 9.52 9.399 9.277 9.156 9.035 8.914 8.792 8.653 8.505 8.357 8.209 8.06 7.912 7.764 7.616
18.486 18.596 18.705 18.815 18.954 19.248 19.542 19.836 20.13 20.424 20.592 20.488 20.384 20.28 20.176 20.072 19.968 19.864 19.76 19.656 19.552 19.439 19.323 19.207 19.091 18.974 18.858 18.742 18.626 18.51 18.394 18.314 18.297 18.28 18.263 18.246 18.229 18.227 18.273 18.318 18.364 18.409 18.455 18.5 18.546 18.591 18.637 18.645 18.416 18.186 17.957 17.727 17.498 17.269 17.027 16.781 16.536 16.291 16.046 15.8 15.727 16.096 16.464 16.833 17.202 17.571 17.939 18.308 18.677 19.046 19.315 19.39 19.464 19.539 19.613 19.688 19.763 19.837 19.912 19.986 19.624 19.039 18.454 17.87 17.285 16.701 16.116 15.667 15.236 14.806 14.375 13.944 13.514 13.083 13.017 12.989 12.96 12.932 12.903 12.875 12.847 12.818 12.79 12.738 12.655 12.572 12.489 12.406 12.323 12.24 12.157 12.074 11.957 11.706 11.456 11.205 10.955 10.704 10.454 10.203 10.078 9.957 9.835 9.714 9.593 9.472 9.35 9.215 9.067 8.919 8.77 8.622 8.474 8.326 8.178 8.03
17.592 17.702 17.811 17.921 18.063 18.357 18.651 18.945 19.239 19.466 19.362 19.258 19.154 19.05 18.946 18.842 18.738 18.634 18.53 18.426 18.322 18.209 18.093 17.976 17.86 17.744 17.628 17.512 17.396 17.279 17.163 17.047 16.988 16.971 16.954 16.936 16.919 16.919 16.964 17.01 17.055 17.101 17.147 17.192 17.238 17.283 17.329 17.374 17.327 17.098 16.868 16.639 16.409 16.18 15.938 15.692 15.447 15.202 14.957 14.793 15.162 15.531 15.899 16.268 16.637 17.006 17.374 17.743 18.112 18.481 18.745 18.82 18.894 18.969 19.043 19.118 19.193 19.267 19.342 19.416 19.491 18.995 18.41 17.826 17.241 16.657 16.072 15.625 15.195 14.764 14.333 13.903 13.472 13.347 13.319 13.291 13.262 13.234 13.205 13.177 13.149 13.12 13.092 13.039 12.956 12.873 12.79 12.707 12.624 12.541 12.458 12.375 12.292 12.141 11.89 11.64 11.389 11.139 10.888 10.638 10.515 10.393 10.272 10.151 10.03 9.908 9.777 9.629 9.481 9.332 9.184 9.036 8.888 8.74 8.592 8.443
16.699 16.808 16.918 17.027 17.172 17.466 17.76 18.054 18.34 18.236 18.132 18.028 17.924 17.82 17.716 17.612 17.508 17.404 17.3 17.196 17.092 16.979 16.862 16.746 16.63 16.514 16.398 16.282 16.165 16.049 15.933 15.817 15.701 15.661 15.644 15.627 15.61 15.611 15.656 15.702 15.747 15.793 15.838 15.884 15.929 15.975 16.02 16.066 16.111 16.009 15.779 15.55 15.321 15.091 14.849 14.603 14.358 14.113 13.868 14.228 14.597 14.966 15.334 15.703 16.072 16.441 16.809 17.178 17.547 17.916 18.175 18.25 18.324 18.399 18.474 18.548 18.623 18.697 18.772 18.846 18.921 18.951 18.366 17.782 17.197 16.612 16.028 15.584 15.153 14.723 14.292 13.861 13.678 13.649 13.621 13.593 13.564 13.536 13.507 13.479 13.451 13.422 13.394 13.34 13.257 13.174 13.091 13.008 12.925 12.842 12.759 12.676 12.593 12.51 12.325 12.074 11.824 11.573 11.323 11.073 10.951 10.83 10.709 10.588 10.466 10.339 10.191 10.042 9.894 9.746 9.598 9.45 9.302 9.153 9.005 8.857
15.805 15.914 16.024 16.134 16.282 16.576 16.87 17.163 17.11 17.006 16.902 16.798 16.694 16.59 16.486 16.382 16.278 16.174 16.07 15.966 15.862 15.748 15.632 15.516 15.4 15.284 15.168 15.051 14.935 14.819 14.703 14.587 14.471 14.354 14.335 14.318 14.301 14.302 14.348 14.393 14.439 14.484 14.53 14.576 14.621 14.667 14.712 14.758 14.803 14.849 14.691 14.461 14.232 14.002 13.76 13.514 13.269 13.024 13.294 13.663 14.032 14.401 14.769 15.138 15.507 15.876 16.244 16.613 16.982 17.351 17.605 17.68 17.755 17.829 17.904 17.978 18.053 18.127 18.202 18.276 18.351 18.426 18.322 17.737 17.153 16.568 15.984 15.542 15.112 14.681 14.25 14.008 13.98 13.951 13.923 13.895 13.866 13.838 13.809 13.781 13.753 13.724 13.696 13.642 13.558 13.475 13.392 13.309 13.226 13.143 13.06 12.977 12.894 12.811 12.728 12.509 12.258 12.008 11.757 11.509 11.388 11.267 11.146 11.024 10.901 10.752 10.604 10.456 10.308 10.16 10.012 9.863 9.715 9.567 9.419 9.271
14.911 15.021 15.13 15.24 15.391 15.685 15.979 15.984 15.88 15.776 15.672 15.568 15.464 15.36 15.256 15.152 15.048 14.944 14.84 14.736 14.631 14.518 14.402 14.286 14.17 14.053 13.937 13.821 13.705 13.589 13.473 13.356 13.24 13.124 13.026 13.009 12.991 12.994 13.04 13.085 13.131 13.176 13.222 13.267 13.313 13.358 13.404 13.449 13.495 13.54 13.586 13.372 13.143 12.914 12.671 12.425 12.18 12.36 12.729 13.098 13.467 13.835 14.204 14.573 14.942 15.31 15.679 16.048 16.417 16.785 17.035 17.11 17.185 17.259 17.334 17.408 17.483 17.557 17.632 17.707 17.781 17.856 17.93 17.693 17.109 16.524 15.94 15.501 15.07 14.639 14.339 14.31 14.282 14.253 14.225 14.197 14.168 14.14 14.111 14.083 14.055 14.026 13.998 13.943 13.86 13.776 13.693 13.61 13.527 13.444 13.361 13.278 13.195 13.112 13.029 12.943 12.693 12.442 12.192 11.946 11.825 11.704 11.582 11.461 11.314 11.166 11.018 10.87 10.722 10.574 10.425 10.277 10.129 9.981 9.833 9.685
14.017 14.127 14.237 14.346 14.5 14.794 14.858 14.754 14.65 14.546 14.442 14.338 14.234 14.13 14.026 13.922 13.818 13.714 13.61 13.506 13.401 13.288 13.172 13.056 12.939 12.823 12.707 12.591 12.475 12.359 12.242 12.126 12.01 11.894 11.778 11.699 11.682 11.686 11.731 11.777 11.822 11.868 11.913 11.959 12.005 12.05 12.096 12.141 12.187 12.232 12.278 12.284 12.054 11.825 11.582 11.336 11.427 11.795 12.164 12.533 12.902 13.27 13.639 14.008 14.377 14.745 15.114 15.483 15.852 16.22 16.466 16.54 16.615 16.689 16.764 16.838 16.913 16.987 17.062 17.137 17.211 17.286 17.36 17.435 17.065 16.48 15.895 15.459 15.029 14.669 14.641 14.612 14.584 14.555 14.527 14.499 14.47 14.442 14.413 14.385 14.357 14.328 14.3 14.244 14.161 14.078 13.994 13.911 13.828 13.745 13.662 13.579 13.496 13.413 13.33 13.247 13.127 12.877 12.626 12.383 12.262 12.14 12.019 11.876 11.728 11.58 11.432 11.284 11.135 10.987 10.839 10.691 10.543 10.395 10.246 10.098
13.124 13.233 13.343 13.453 13.609 13.732 13.628 13.524 13.42 13.316 13.212 13.108 13.004 12.9 12.796 12.692 12.588 12.484 12.38 12.275 12.171 12.058 11.942 11.825 11.709 11.593 11.477 11.361 11.244 11.128 11.012 10.896 10.78 10.664 10.547 10.431 10.373 10.378 10.423 10.469 10.514 10.56 10.605 10.651 10.696 10.742 10.787 10.833 10.878 10.924 10.969 11.015 10.965 10.736 10.492 10.493 10.862 11.23 11.599 11.968 12.337 12.705 13.074 13.443 13.812 14.18 14.549 14.918 15.287 15.655 15.896 15.97 16.045 16.119 16.194 16.268 16.343 16.418 16.492 16.567 16.641 16.716 16.79 16.865 16.939 16.436 15.851 15.418 15.0 14.971 14.943 14.914 14.886 14.857 14.829 14.801 14.772 14.744 14.715 14.687 14.659 14.63 14.602 14.545 14.462 14.379 14.296 14.212 14.129 14.046 13.963 13.88 13.797 13.714 13.631 13.548 13.465 13.311 13.061 12.82 12.698 12.577 12.438 12.29 12.142 11.994 11.845 11.697 11.549 11.401 11.253 11.105 10.956 10.808 10.66 10.512
12.33 12.418 12.505 12.592 12.621 12.502 12.398 12.294 12.19 12.086 11.982 11.878 11.774 11.67 11.566 11.462 11.358 11.254 11.15 11.045 10.941 10.827 10.711 10.595 10.479 10.363 10.247 10.13 10.014 9.898 9.782 9.666 9.55 9.433 9.317 9.201 9.085 9.069 9.115 9.16 9.206 9.251 9.297 9.342 9.388 9.434 9.479 9.525 9.57 9.616 9.661 9.707 9.752 9.647 9.559 9.928 10.297 10.665 11.034 11.403 11.772 12.14 12.509 12.878 13.247 13.615 13.984 14.353 14.722 15.09 15.326 15.4 15.475 15.549 15.624 15.699 15.773 15.848 15.922 15.997 16.071 16.146 16.22 16.295 16.37 16.392 15.807 15.376 15.302 15.273 15.245 15.216 15.188 15.159 15.131 15.103 15.074 15.046 15.017 14.989 14.961 14.932 14.904 14.846 14.763 14.68 14.597 14.514 14.43 14.347 14.264 14.181 14.098 14.015 13.932 13.849 13.766 13.683 13.495 13.256 13.135 13.0 12.852 12.704 12.556 12.407 12.259 12.111 11.963 11.815 11.667 11.518 11.37 11.222 11.074 10.926
12.852 12.939 13.027 13.114 13.181 13.129 12.995 12.861 12.727 12.593 12.46 12.326 12.192 12.058 11.924 11.79 11.656 11.522 11.388 11.254 11.12 10.976 10.83 10.683 10.537 10.391 10.244 10.098 9.952 9.805 9.659 9.513 9.366 9.22 9.074 8.927 8.781 8.704 8.718 8.731 8.745 8.758 8.771 8.785 8.798 8.812 8.825 8.838 8.852 8.865 8.879 8.892 8.905 8.901 9.14 9.496 9.853 10.21 10.567 10.924 11.281 11.637 11.994 12.351 12.708 13.065 13.422 13.788 14.157 14.525 14.756 14.83 14.905 14.98 15.054 15.129 15.203 15.278 15.352 15.427 15.501 15.576 15.651 15.725 15.8 15.874 15.765 15.632 15.604 15.575 15.547 15.518 15.49 15.461 15.433 15.405 15.376 15.348 15.319 15.291 15.263 15.234 15.206 15.147 15.064 14.981 14.898 14.815 14.732 14.648 14.565 14.482 14.399 14.316 14.233 14.15 14.067 13.984 13.901 13.693 13.562 13.414 13.266 13.117 12.969 12.821 12.673 12.525 12.377 12.228 12.08 11.932 11.784 11.636 11.488 11.339
13.374 13.461 13.548 13.636 13.702 13.72 13.637 13.503 13.369 13.236 13.102 12.968 12.834 12.7 12.566 12.432 12.298 12.164 12.03 11.896 11.763 11.618 11.472 11.325 11.179 11.033 10.886 10.74 10.594 10.447 10.301 10.155 10.008 9.862 9.716 9.569 9.437 9.367 9.381 9.394 9.407 9.421 9.434 9.448 9.461 9.475 9.488 9.501 9.515 9.528 9.542 9.555 9.568 9.417 9.319 9.654 10.011 10.368 10.724 11.081 11.438 11.795 12.152 12.509 12.865 13.222 13.579 13.936 14.293 14.65 14.863 14.926 14.988 15.051 15.114 15.176 15.239 15.301 15.364 15.426 15.489 15.551 15.614 15.676 15.739 15.801 15.792 15.806 15.78 15.755 15.73 15.705 15.68 15.655 15.63 15.605 15.58 15.554 15.529 15.504 15.479 15.454 15.429 15.469 15.385 15.301 15.217 15.133 15.049 14.965 14.881 14.797 14.713 14.629 14.545 14.461 14.377 14.293 14.209 14.117 13.97 13.823 13.676 13.529 13.381 13.234 13.087 12.938 12.79 12.642 12.494 12.346 12.198 12.05 11.901 11.753
13.896 13.983 14.07 14.157 14.223 14.241 14.259 14.145 14.012 13.878 13.744 13.61 13.476 13.342 13.208 13.074 12.94 12.806 12.673 12.539 12.405 12.26 12.114 11.967 11.821 11.675 11.528 11.382 11.236 11.089 10.943 10.797 10.65 10.504 10.358 10.222 10.098 10.03 10.044 10.057 10.07 10.084 10.097 10.111 10.124 10.137 10.151 10.164 10.178 10.191 10.204 10.218 10.092 9.934 9.837 9.811 10.168 10.525 10.882 11.239 11.596 11.952 12.309 12.666 13.023 13.38 13.737 14.094 14.45 14.807 15.016 15.079 15.141 15.204 15.266 15.329 15.391 15.454 15.516 15.579 15.641 15.704 15.766 15.829 15.891 15.897 15.837 15.888 15.886 15.861 15.836 15.811 15.786 15.761 15.736 15.71 15.685 15.66 15.635 15.61 15.585 15.56 15.535 15.657 15.74 15.656 15.572 15.488 15.404 15.32 15.236 15.152 15.068 14.984 14.9 14.816 14.732 14.648 14.564 14.471 14.324 14.177 14.03 13.882 13.735 13.588 13.441 13.294 13.147 13.0 12.852 12.705 12.558 12.411 12.264 12.208
14.417 14.505 14.592 14.679 14.743 14.761 14.78 14.788 14.654 14.52 14.386 14.252 14.118 13.984 13.85 13.716 13.582 13.449 13.315 13.181 13.047 12.902 12.756 12.609 12.463 12.317 12.17 12.024 11.878 11.731 11.585 11.439 11.292 11.146 11.007 10.883 10.758 10.693 10.706 10.72 10.733 10.747 10.76 10.773 10.787 10.8 10.814 10.827 10.84 10.854 10.867 10.766 10.608 10.451 10.354 10.26 10.326 10.683 11.039 11.396 11.753 12.11 12.467 12.824 13.18 13.537 13.894 14.251 14.608 14.965 15.169 15.231 15.294 15.356 15.419 15.481 15.544 15.606 15.669 15.731 15.794 15.856 15.919 15.981 16.006 15.94 15.883 15.933 15.983 15.967 15.942 15.917 15.891 15.866 15.841 15.816 15.791 15.766 15.741 15.716 15.691 15.666 15.64 15.767 15.99 16.011 15.927 15.843 15.759 15.675 15.591 15.507 15.423 15.339 15.255 15.171 15.087 15.003 14.919 14.825 14.678 14.531 14.383 14.236 14.089 13.942 13.795 13.648 13.501 13.354 13.206 13.059 12.912 12.765 12.674 12.768
14.939 15.026 15.114 15.201 15.264 15.282 15.3 15.318 15.296 15.162 15.028 14.894 14.76 14.626 14.492 14.359 14.225 14.091 13.957 13.823 13.689 13.544 13.398 13.251 13.105 12.959 12.812 12.666 12.519 12.373 12.227 12.08 11.934 11.792 11.668 11.543 11.419 11.356 11.369 11.383 11.396 11.409 11.423 11.436 11.45 11.463 11.476 11.49 11.503 11.517 11.441 11.283 11.125 10.967 10.872 10.778 10.683 10.84 11.197 11.554 11.911 12.267 12.624 12.981 13.338 13.695 14.052 14.409 14.765 15.122 15.321 15.384 15.446 15.509 15.571 15.634 15.696 15.759 15.821 15.884 15.946 16.009 16.072 16.114 16.049 15.984 15.928 15.978 16.029 16.072 16.047 16.022 15.997 15.972 15.947 15.922 15.897 15.872 15.847 15.821 15.796 15.771 15.746 15.877 16.1 16.324 16.282 16.198 16.114 16.03 15.946 15.862 15.778 15.694 15.61 15.526 15.442 15.358 15.274 15.179 15.032 14.885 14.737 14.59 14.443 14.296 14.149 14.002 13.855 13.707 13.56 13.413 13.266 13.14 13.234 13.328
15.461 15.548 15.635 15.723 15.785 15.803 15.821 15.839 15.857 15.804 15.67 15.536 15.402 15.268 15.135 15.001 14.867 14.733 14.599 14.465 14.331 14.186 14.039 13.893 13.747 13.6 13.454 13.308 13.161 13.015 12.869 12.722 12.577 12.453 12.328 12.204 12.079 12.019 12.032 12.045 12.059 12.072 12.086 12.099 12.113 12.126 12.139 12.153 12.166 12.116 11.958 11.8 11.642 11.484 11.39 11.295 11.201 11.106 11.354 11.711 12.068 12.425 12.782 13.139 13.495 13.852 14.209 14.566 14.923 15.28 15.474 15.536 15.599 15.661 15.724 15.786 15.849 15.912 15.974 16.037 16.099 16.162 16.223 16.158 16.093 16.027 15.973 16.024 16.074 16.125 16.153 16.128 16.103 16.078 16.053 16.028 16.002 15.977 15.952 15.927 15.902 15.877 15.852 15.987 16.21 16.434 16.637 16.553 16.469 16.385 16.301 16.217 16.133 16.049 15.965 15.881 15.797 15.713 15.629 15.533 15.386 15.238 15.091 14.944 14.797 14.65 14.503 14.356 14.208 14.061 13.914 13.767 13.62 13.7 13.794 13.888
15.983 16.07 16.157 16.245 16.305 16.323 16.342 16.36 16.378 16.396 16.312 16.178 16.044 15.911 15.777 15.643 15.509 15.375 15.241 15.107 14.973 14.828 14.681 14.535 14.389 14.242 14.096 13.95 13.803 13.657 13.511 13.364 13.238 13.113 12.989 12.864 12.74 12.682 12.695 12.708 12.722 12.735 12.749 12.762 12.775 12.789 12.802 12.816 12.79 12.632 12.474 12.316 12.158 12.002 11.907 11.813 11.718 11.624 11.529 11.869 12.226 12.582 12.939 13.296 13.653 14.01 14.367 14.723 15.08 15.437 15.626 15.689 15.752 15.814 15.877 15.939 16.002 16.064 16.127 16.189 16.252 16.314 16.267 16.201 16.136 16.071 16.019 16.069 16.12 16.17 16.221 16.234 16.209 16.183 16.158 16.133 16.108 16.083 16.058 16.033 16.008 15.983 15.958 16.096 16.32 16.543 16.767 16.908 16.824 16.74 16.656 16.572 16.488 16.404 16.32 16.236 16.152 16.068 15.984 15.887 15.739 15.592 15.445 15.298 15.151 15.004 14.857 14.71 14.562 14.415 14.268 14.121 14.166 14.26 14.354 14.448
16.504 16.592 16.679 16.766 16.826 16.844 16.862 16.88 16.899 16.917 16.935 16.821 16.687 16.553 16.419 16.285 16.151 16.017 15.883 15.749 15.615 15.47 15.323 15.177 15.031 14.884 14.738 14.592 14.445 14.299 14.153 14.023 13.898 13.774 13.65 13.525 13.401 13.344 13.358 13.371 13.385 13.398 13.411 13.425 13.438 13.452 13.465 13.465 13.307 13.149 12.991 12.833 12.675 12.52 12.425 12.331 12.236 12.142 12.047 12.026 12.383 12.74 13.097 13.454 13.81 14.167 14.524 14.881 15.238 15.595 15.779 15.842 15.904 15.967 16.029 16.092 16.154 16.217 16.279 16.342 16.404 16.375 16.31 16.245 16.18 16.114 16.064 16.115 16.165 16.216 16.266 16.317 16.314 16.289 16.264 16.239 16.214 16.189 16.164 16.139 16.113 16.088 16.063 16.206 16.43 16.653 16.877 17.1 17.179 17.095 17.011 16.927 16.843 16.759 16.675 16.591 16.507 16.423 16.339 16.241 16.093 15.946 15.799 15.652 15.505 15.358 15.211 15.063 14.916 14.769 14.622 14.632 14.726 14.82 14.914 15.008
17.026 17.113 17.201 17.288 17.347 17.365 17.383 17.401 17.419 17.437 17.455 17.463 17.329 17.195 17.061 16.927 16.793 16.659 16.525 16.391 16.257 16.112 15.965 15.819 15.673 15.526 15.38 15.234 15.087 14.941 14.808 14.683 14.559 14.435 14.31 14.186 14.061 14.007 14.021 14.034 14.047 14.061 14.074 14.088 14.101 14.114 14.128 13.982 13.824 13.666 13.508 13.35 13.192 13.037 12.943 12.848 12.754 12.659 12.565 12.47 12.541 12.897 13.254 13.611 13.968 14.325 14.682 15.038 15.395 15.752 15.932 15.994 16.057 16.119 16.182 16.244 16.307 16.369 16.432 16.494 16.484 16.419 16.354 16.288 16.223 16.158 16.11 16.16 16.211 16.261 16.312 16.362 16.413 16.395 16.37 16.345 16.32 16.295 16.269 16.244 16.219 16.194 16.169 16.316 16.54 16.763 16.987 17.21 17.434 17.45 17.366 17.282 17.198 17.114 17.03 16.946 16.862 16.778 16.694 16.594 16.447 16.3 16.153 16.006 15.859 15.712 15.564 15.417 15.27 15.123 15.098 15.192 15.286 15.38 15.474 15.567
17.548 17.635 17.723 17.81 17.867 17.886 17.904 17.922 17.94 17.958 17.976 17.994 17.971 17.837 17.703 17.569 17.435 17.301 17.167 17.034 16.9 16.754 16.607 16.461 16.315 16.168 16.022 15.875 15.729 15.593 15.468 15.344 15.22 15.095 14.971 14.846 14.722 14.67 14.684 14.697 14.71 14.724 14.737 14.751 14.764 14.777 14.656 14.498 14.34 14.182 14.024 13.866 13.708 13.555 13.46 13.366 13.271 13.177 13.082 12.988 12.893 13.055 13.412 13.769 14.125 14.482 14.839 15.196 15.553 15.91 16.084 16.147 16.209 16.272 16.334 16.397 16.459 16.522 16.584 16.593 16.528 16.463 16.397 16.332 16.267 16.201 16.155 16.206 16.256 16.307 16.357 16.408 16.458 16.501 16.476 16.45 16.425 16.4 16.375 16.35 16.325 16.3 16.275 16.426 16.65 16.873 17.097 17.32 17.544 17.767 17.721 17.637 17.553 17.469 17.385 17.301 17.217 17.133 17.049 16.948 16.801 16.654 16.507 16.36 16.213 16.066 15.918 15.771 15.624 15.564 15.658 15.752 15.846 15.94 16.033 16.127
18.07 18.157 18.244 18.332 18.388 18.406 18.424 18.442 18.461 18.479 18.497 18.515 18.533 18.479 18.345 18.211 18.077 17.943 17.81 17.676 17.542 17.395 17.249 17.103 16.956 16.81 16.664 16.517 16.378 16.254 16.129 16.005 15.88 15.756 15.631 15.507 15.383 15.333 15.346 15.36 15.373 15.387 15.4 15.413 15.427 15.331 15.173 15.015 14.857 14.699 14.541 14.383 14.225 14.073 13.978 13.884 13.789 13.695 13.6 13.505 13.411 13.316 13.569 13.926 14.283 14.64 14.997 15.353 15.71 16.067 16.237 16.299 16.362 16.424 16.487 16.55 16.612 16.675 16.702 16.637 16.571 16.506 16.441 16.376 16.31 16.245 16.201 16.251 16.302 16.352 16.403 16.453 16.504 16.554 16.581 16.556 16.531 16.506 16.481 16.456 16.431 16.406 16.38 16.536 16.76 16.983 17.207 17.43 17.654 17.877 18.076 17.992 17.908 17.824 17.74 17.656 17.572 17.488 17.404 17.302 17.155 17.008 16.861 16.714 16.567 16.419 16.272 16.125 16.03 16.124 16.218 16.312 16.406 16.499 16.593 16.687
18.591 18.679 18.766 18.853 18.909 18.927 18.945 18.963 18.981 18.999 19.018 19.036 19.054 19.072 18.987 18.853 18.72 18.586 18.452 18.318 18.184 18.037 17.891 17.745 17.598 17.452 17.306 17.163 17.039 16.914 16.79 16.665 16.541 16.416 16.292 16.168 16.043 15.996 16.009 16.023 16.036 16.049 16.063 16.076 16.006 15.848 15.69 15.532 15.374 15.216 15.058 14.9 14.742 14.59 14.496 14.401 14.307 14.212 14.118 14.023 13.929 13.834 13.74 14.084 14.44 14.797 15.154 15.511 15.868 16.225 16.39 16.452 16.515 16.577 16.64 16.702 16.765 16.811 16.745 16.68 16.615 16.55 16.484 16.419 16.354 16.289 16.246 16.297 16.347 16.398 16.448 16.499 16.549 16.6 16.65 16.662 16.637 16.612 16.587 16.561 16.536 16.511 16.486 16.646 16.87 17.093 17.317 17.54 17.764 17.987 18.211 18.347 18.263 18.179 18.095 18.011 17.927 17.843 17.759 17.656 17.509 17.362 17.215 17.068 16.92 16.773 16.626 16.496 16.59 16.684 16.778 16.872 16.965 17.059 17.153 17.247
19.113 19.201 19.288 19.375 19.429 19.448 19.466 19.484 19.502 19.52 19.538 19.556 19.574 19.593 19.611 19.496 19.362 19.228 19.094 18.96 18.826 18.679 18.533 18.387 18.24 18.094 17.948 17.824 17.699 17.575 17.45 17.326 17.201 17.077 16.953 16.828 16.704 16.659 16.672 16.685 16.699 16.712 16.726 16.68 16.522 16.364 16.206 16.048 15.89 15.732 15.574 15.416 15.258 15.108 15.013 14.919 14.824 14.73 14.635 14.541 14.446 14.352 14.257 14.241 14.598 14.955 15.312 15.668 16.025 16.382 16.542 16.605 16.667 16.73 16.792 16.855 16.917 16.854 16.789 16.724 16.658 16.593 16.528 16.463 16.397 16.332 16.292 16.342 16.393 16.443 16.494 16.544 16.595 16.645 16.695 16.746 16.743 16.717 16.692 16.667 16.642 16.617 16.592 16.756 16.98 17.203 17.427 17.65 17.874 18.097 18.321 18.544 18.618 18.534 18.45 18.366 18.282 18.198 18.114 18.01 17.863 17.716 17.569 17.422 17.274 17.127 16.98 17.056 17.15 17.244 17.338 17.431 17.525 17.619 17.713 17.807
19.635 19.722 19.81 19.897 19.95 19.968 19.986 20.004 20.023 20.041 20.059 20.077 20.095 20.113 20.131 20.138 20.004 19.87 19.736 19.602 19.468 19.321 19.175 19.029 18.882 18.736 18.609 18.484 18.36 18.235 18.111 17.987 17.862 17.738 17.613 17.489 17.364 17.322 17.335 17.348 17.362 17.375 17.355 17.197 17.039 16.881 16.723 16.565 16.407 16.249 16.091 15.933 15.775 15.626 15.531 15.437 15.342 15.248 15.153 15.059 14.964 14.869 14.775 14.68 14.755 15.112 15.469 15.826 16.183 16.54 16.695 16.757 16.82 16.882 16.945 17.007 16.963 16.898 16.832 16.767 16.702 16.637 16.571 16.506 16.441 16.376 16.337 16.388 16.438 16.489 16.539 16.59 16.64 16.69 16.741 16.791 16.842 16.823 16.798 16.773 16.748 16.723 16.698 16.866 17.089 17.313 17.536 17.76 17.983 18.207 18.431 18.654 18.878 18.889 18.805 18.721 18.637 18.553 18.469 18.364 18.217 18.07 17.923 17.775 17.628 17.481 17.522 17.616 17.71 17.804 17.897 17.991 18.085 18.179 18.273 18.367
20.157 20.244 20.331 20.419 20.471 20.489 20.507 20.525 20.543 20.561 20.58 20.598 20.616 20.634 20.652 20.67 20.646 20.512 20.378 20.244 20.11 19.963 19.817 19.671 19.524 19.394 19.269 19.145 19.02 18.896 18.772 18.647 18.523 18.398 18.274 18.149 18.025 17.984 17.998 18.011 18.025 18.029 17.871 17.713 17.555 17.397 17.239 17.081 16.923 16.765 16.607 16.449 16.291 16.143 16.049 15.954 15.86 15.765 15.671 15.576 15.482 15.387 15.293 15.198 15.104 15.27 15.627 15.983 16.34 16.697 16.847 16.91 16.972 17.035 17.097 17.072 17.006 16.941 16.876 16.811 16.745 16.68 16.615 16.55 16.484 16.419 16.383 16.433 16.484 16.534 16.584 16.635 16.685 16.736 16.786 16.837 16.887 16.929 16.904 16.879 16.854 16.828 16.803 16.976 17.199 17.423 17.646 17.87 18.093 18.317 18.54 18.764 18.987 19.211 19.16 19.076 18.992 18.908 18.824 18.718 18.571 18.424 18.276 18.129 17.982 17.988 18.082 18.176 18.27 18.364 18.457 18.551 18.645 18.739 18.833 18.926
20.649 20.766 20.853 20.94 20.991 21.01 21.028 21.046 21.064 21.082 21.1 21.118 21.136 21.155 21.173 21.191 21.209 21.154 21.02 20.886 20.751 20.605 20.459 20.312 20.179 20.054 19.93 19.805 19.681 19.557 19.432 19.308 19.183 19.059 18.934 18.81 18.686 18.647 18.661 18.674 18.687 18.546 18.388 18.23 18.072 17.914 17.756 17.598 17.44 17.282 17.124 16.966 16.808 16.661 16.566 16.472 16.377 16.283 16.188 16.094 15.999 15.905 15.81 15.716 15.621 15.527 15.784 16.141 16.498 16.855 17.0 17.062 17.125 17.188 17.18 17.115 17.05 16.985 16.919 16.854 16.789 16.724 16.658 16.593 16.528 16.463 16.428 16.479 16.529 16.579 16.63 16.68 16.731 16.781 16.832 16.882 16.933 16.983 17.009 16.984 16.959 16.934 16.909 17.086 17.309 17.533 17.756 17.98 18.203 18.427 18.65 18.874 19.097 19.321 19.515 19.431 19.347 19.263 19.179 19.072 18.925 18.777 18.63 18.483 18.454 18.548 18.642 18.736 18.83 18.923 19.017 19.111 19.205 19.299 19.392 19.486
21.085 21.279 21.375 21.462 21.512 21.53 21.548 21.566 21.585 21.603 21.621 21.639 21.657 21.675 21.693 21.712 21.73 21.748 21.662 21.528 21.393 21.247 21.101 20.964 20.839 20.715 20.59 20.466 20.342 20.217 20.093 19.968 19.844 19.72 19.595 19.471 19.346 19.31 19.323 19.337 19.221 19.063 18.905 18.747 18.589 18.431 18.273 18.115 17.957 17.799 17.641 17.483 17.325 17.179 17.084 16.99 16.895 16.801 16.706 16.612 16.517 16.422 16.328 16.233 16.139 16.044 15.95 16.298 16.655 17.012 17.153 17.215 17.278 17.289 17.224 17.159 17.093 17.028 16.963 16.898 16.832 16.767 16.702 16.637 16.571 16.506 16.474 16.524 16.574 16.625 16.675 16.726 16.776 16.827 16.877 16.928 16.978 17.029 17.079 17.09 17.065 17.04 17.015 17.196 17.419 17.643 17.866 18.09 18.313 18.537 18.76 18.984 19.207 19.431 19.654 19.786 19.702 19.618 19.534 19.426 19.279 19.131 18.984 18.92 19.014 19.108 19.202 19.296 19.389 19.483 19.577 19.671 19.765 19.858 19.952 20.046
21.522 21.716 21.897 21.984 22.033 22.051 22.069 22.087 22.105 22.123 22.142 22.16 22.178 22.196 22.214 22.232 22.25 22.268 22.287 22.171 22.035 21.889 21.749 21.624 21.5 21.376 21.251 21.127 21.002 20.878 20.753 20.629 20.505 20.38 20.256 20.131 20.007 19.973 19.986 19.895 19.737 19.579 19.421 19.263 19.105 18.947 18.789 18.631 18.473 18.315 18.157 17.999 17.841 17.696 17.602 17.507 17.413 17.318 17.224 17.129 17.035 16.94 16.846 16.751 16.657 16.562 16.468 16.456 16.813 17.17 17.305 17.368 17.398 17.333 17.267 17.202 17.137 17.072 17.006 16.941 16.876 16.811 16.745 16.68 16.615 16.55 16.519 16.569 16.62 16.67 16.721 16.771 16.822 16.872 16.923 16.973 17.024 17.074 17.125 17.175 17.171 17.146 17.121 17.306 17.529 17.753 17.976 18.2 18.423 18.647 18.87 19.094 19.317 19.541 19.764 19.988 20.057 19.973 19.889 19.78 19.632 19.485 19.386 19.48 19.574 19.668 19.762 19.855 19.949 20.043 20.137 20.231 20.324 20.418 20.512 20.606
21.958 22.152 22.346 22.506 22.553 22.572 22.59 22.608 22.626 22.644 22.662 22.68 22.698 22.717 22.735 22.753 22.771 22.789 22.807 22.813 22.677 22.534 22.409 22.285 22.161 22.036 21.912 21.787 21.663 21.538 21.414 21.29 21.165 21.041 20.916 20.792 20.667 20.636 20.57 20.412 20.254 20.096 19.938 19.78 19.622 19.464 19.306 19.148 18.99 18.832 18.674 18.516 18.358 18.214 18.119 18.025 17.93 17.836 17.741 17.647 17.552 17.458 17.363 17.269 17.174 17.08 16.985 16.891 16.97 17.327 17.458 17.507 17.441 17.376 17.311 17.246 17.18 17.115 17.05 16.985 16.919 16.854 16.789 16.724 16.658 16.593 16.564 16.615 16.665 16.716 16.766 16.817 16.867 16.918 16.968 17.019 17.069 17.12 17.17 17.221 17.271 17.251 17.226 17.416 17.639 17.863 18.086 18.31 18.533 18.757 18.98 19.204 19.427 19.651 19.874 20.098 20.321 20.328 20.244 20.133 19.986 19.852 19.946 20.04 20.134 20.228 20.321 20.415 20.509 20.603 20.697 20.79 20.884 20.978 21.072 21.166
22.302 22.507 22.712 22.916 23.027 23.056 23.084 23.113 23.141 23.165 23.183 23.201 23.219 23.237 23.255 23.274 23.292 23.31 23.328 23.346 23.319 23.194 23.07 22.946 22.821 22.697 22.572 22.448 22.324 22.199 22.075 21.95 21.826 21.701 21.577 21.453 21.328 21.245 21.087 20.929 20.771 20.613 20.455 20.297 20.139 19.981 19.823 19.665 19.507 19.349 19.191 19.033 18.875 18.732 18.637 18.543 18.448 18.354 18.259 18.165 18.07 17.976 17.881 17.786 17.692 17.597 17.503 17.408 17.314 17.485 17.61 17.55 17.485 17.42 17.355 17.289 17.224 17.159 17.093 17.028 16.963 16.898 16.832 16.767 16.702 16.637 16.61 16.66 16.711 16.761 16.812 16.862 16.913 16.963 17.014 17.064 17.115 17.165 17.216 17.266 17.316 17.357 17.332 17.526 17.749 17.973 18.196 18.42 18.643 18.867 19.09 19.314 19.537 19.761 19.984 20.208 20.431 20.655 20.599 20.487 20.34 20.412 20.506 20.6 20.694 20.787 20.881 20.975 21.069 21.163 21.256 21.35 21.444 21.538 21.632 21.726
22.052 22.257 22.462 22.743 22.901 22.929 22.958 22.986 23.014 23.043 23.071 23.1 23.128 23.157 23.185 23.214 23.242 23.271 23.299 23.327 23.246 23.136 23.026 22.916 22.806 22.696 22.587 22.477 22.367 22.257 22.147 22.037 21.927 21.817 21.707 21.597 21.487 21.461 21.312 21.163 21.014 20.865 20.716 20.567 20.418 20.269 20.12 19.971 19.822 19.673 19.524 19.375 19.226 19.133 19.045 18.958 18.87 18.782 18.694 18.607 18.519 18.431 18.344 18.256 18.168 18.08 17.993 17.905 17.817 17.73 17.659 17.594 17.529 17.463 17.398 17.333 17.268 17.202 17.137 17.072 17.007 16.941 16.876 16.811 16.746 16.68 16.655 16.706 16.756 16.807 16.857 16.908 16.958 17.009 17.059 17.11 17.16 17.211 17.261 17.311 17.362 17.412 17.438 17.635 17.859 18.082 18.306 18.53 18.753 18.977 19.2 19.424 19.647 19.871 20.094 20.318 20.541 20.765 20.954 20.841 20.878 20.972 21.066 21.16 21.253 21.347 21.441 21.535 21.629 21.722 21.816 21.91 22.004 22.098 22.192 22.285
21.802 22.007 22.266 22.621 22.774 22.802 22.831 22.859 22.888 22.916 22.944 22.973 23.001 23.03 23.058 23.087 23.115 23.144 23.172 23.111 23.008 22.899 22.789 22.679 22.569 22.459 22.349 22.239 22.13 22.02 21.91 21.8 21.69 21.58 21.47 21.36 21.25 21.289 21.274 21.125 20.976 20.827 20.678 20.529 20.38 20.231 20.082 19.933 19.785 19.636 19.487 19.338 19.189 19.103 19.15 19.062 18.974 18.886 18.799 18.711 18.623 18.536 18.448 18.36 18.272 18.185 18.097 18.009 17.922 17.834 17.764 17.698 17.631 17.565 17.499 17.432 17.366 17.3 17.234 17.167 17.101 17.035 16.969 16.902 16.836 16.77 16.752 16.802 16.851 16.9 16.949 16.999 17.048 17.097 17.147 17.196 17.245 17.294 17.344 17.393 17.442 17.492 17.524 17.729 17.953 18.177 18.401 18.625 18.849 19.074 19.298 19.522 19.746 19.97 20.194 20.418 20.642 20.867 21.091 21.198 21.306 21.414 21.522 21.63 21.739 21.847 21.955 22.063 22.171 22.279 22.376 22.47 22.564 22.658 22.751 22.842
21.552 21.789 22.144 22.5 22.647 22.675 22.704 22.732 22.761 22.789 22.818 22.846 22.875 22.903 22.931 22.96 22.988 23.017 22.975 22.873 22.77 22.661 22.552 22.442 22.332 22.222 22.112 22.002 21.892 21.782 21.672 21.563 21.453 21.343 21.233 21.123 21.013 21.056 21.153 21.088 20.939 20.79 20.641 20.492 20.343 20.194 20.045 19.896 19.747 19.598 19.449 19.3 19.151 19.069 19.154 19.166 19.078 18.991 18.903 18.815 18.728 18.64 18.552 18.465 18.377 18.289 18.201 18.114 18.026 17.938 17.868 17.802 17.736 17.67 17.603 17.537 17.471 17.405 17.338 17.272 17.206 17.139 17.073 17.007 16.941 16.883 16.868 16.917 16.966 17.016 17.065 17.114 17.163 17.213 17.262 17.311 17.361 17.41 17.459 17.508 17.558 17.599 17.593 17.801 18.025 18.25 18.474 18.698 18.922 19.146 19.37 19.594 19.819 20.043 20.267 20.491 20.715 20.939 20.969 20.924 21.032 21.141 21.249 21.357 21.465 21.573 21.681 21.789 21.898 22.006 22.114 22.222 22.33 22.438 22.546 22.408
21.312 21.667 22.022 22.378 22.52 22.548 22.577 22.605 22.634 22.662 22.691 22.719 22.748 22.776 22.805 22.833 22.861 22.839 22.737 22.635 22.532 22.423 22.314 22.205 22.095 21.985 21.875 21.765 21.655 21.545 21.435 21.325 21.215 21.105 20.996 20.886 20.776 20.822 20.919 21.016 20.901 20.752 20.603 20.454 20.305 20.156 20.007 19.858 19.71 19.561 19.412 19.263 19.114 19.036 19.121 19.206 19.183 19.095 19.007 18.92 18.832 18.744 18.657 18.569 18.481 18.393 18.306 18.218 18.13 18.043 17.973 17.907 17.841 17.774 17.708 17.642 17.576 17.509 17.443 17.377 17.31 17.244 17.178 17.112 17.053 16.997 16.983 17.032 17.082 17.131 17.18 17.23 17.279 17.328 17.377 17.427 17.476 17.525 17.575 17.624 17.673 17.667 17.662 17.874 18.098 18.322 18.546 18.77 18.995 19.219 19.443 19.667 19.891 20.115 20.339 20.563 20.788 20.878 20.69 20.651 20.759 20.867 20.975 21.083 21.191 21.299 21.408 21.516 21.624 21.732 21.84 21.948 22.057 22.165 22.069 21.863
21.19 21.545 21.901 22.256 22.393 22.422 22.45 22.478 22.507 22.535 22.564 22.592 22.621 22.649 22.678 22.706 22.702 22.601 22.499 22.397 22.294 22.185 22.076 21.967 21.858 21.748 21.638 21.528 21.418 21.308 21.198 21.088 20.978 20.868 20.758 20.648 20.539 20.588 20.685 20.782 20.864 20.715 20.566 20.417 20.268 20.119 19.97 19.821 19.672 19.523 19.374 19.225 19.076 19.002 19.087 19.172 19.258 19.199 19.112 19.024 18.936 18.849 18.761 18.673 18.585 18.498 18.41 18.322 18.235 18.147 18.078 18.012 17.945 17.879 17.813 17.746 17.68 17.614 17.548 17.481 17.415 17.349 17.283 17.222 17.166 17.111 17.098 17.148 17.197 17.246 17.296 17.345 17.394 17.444 17.493 17.542 17.591 17.641 17.69 17.739 17.741 17.736 17.73 17.946 18.171 18.395 18.619 18.843 19.067 19.291 19.515 19.74 19.964 20.188 20.412 20.636 20.786 20.599 20.412 20.377 20.485 20.593 20.701 20.81 20.918 21.026 21.134 21.242 21.35 21.458 21.567 21.675 21.783 21.733 21.521 21.318
21.068 21.424 21.779 22.134 22.266 22.295 22.323 22.352 22.38 22.409 22.437 22.465 22.494 22.522 22.551 22.566 22.465 22.363 22.261 22.159 22.056 21.947 21.838 21.729 21.62 21.511 21.401 21.291 21.181 21.071 20.961 20.851 20.741 20.631 20.521 20.411 20.301 20.354 20.451 20.548 20.645 20.677 20.528 20.379 20.23 20.081 19.932 19.784 19.635 19.486 19.337 19.188 19.039 18.968 19.054 19.139 19.224 19.304 19.216 19.128 19.041 18.953 18.865 18.777 18.69 18.602 18.514 18.427 18.339 18.251 18.182 18.116 18.05 17.984 17.917 17.851 17.785 17.719 17.652 17.586 17.52 17.453 17.391 17.336 17.28 17.224 17.214 17.263 17.312 17.362 17.411 17.46 17.51 17.559 17.608 17.658 17.707 17.756 17.805 17.815 17.81 17.805 17.799 18.019 18.243 18.467 18.691 18.916 19.14 19.364 19.588 19.812 20.036 20.26 20.485 20.695 20.508 20.32 20.133 20.103 20.212 20.32 20.428 20.536 20.644 20.752 20.86 20.969 21.077 21.185 21.293 21.401 21.398 21.186 20.974 20.773
20.947 21.302 21.657 22.013 22.139 22.168 22.196 22.225 22.253 22.282 22.31 22.339 22.367 22.395 22.424 22.329 22.227 22.125 22.023 21.921 21.818 21.709 21.6 21.491 21.382 21.273 21.164 21.054 20.944 20.834 20.724 20.614 20.504 20.394 20.284 20.174 20.064 20.12 20.217 20.315 20.412 20.509 20.491 20.342 20.193 20.044 19.895 19.746 19.597 19.448 19.299 19.15 19.001 18.935 19.02 19.105 19.19 19.276 19.32 19.233 19.145 19.057 18.969 18.882 18.794 18.706 18.619 18.531 18.443 18.356 18.287 18.221 18.155 18.088 18.022 17.956 17.89 17.823 17.757 17.691 17.624 17.561 17.505 17.449 17.394 17.338 17.329 17.379 17.428 17.477 17.526 17.576 17.625 17.674 17.724 17.773 17.822 17.872 17.89 17.884 17.879 17.873 17.868 18.092 18.316 18.54 18.764 18.988 19.212 19.436 19.661 19.885 20.109 20.333 20.557 20.416 20.229 20.042 19.855 19.83 19.938 20.046 20.154 20.262 20.371 20.479 20.587 20.695 20.803 20.911 21.019 21.063 20.851 20.639 20.427 20.228
20.825 21.18 21.536 21.891 22.012 22.041 22.069 22.098 22.126 22.155 22.183 22.212 22.24 22.269 22.192 22.091 21.989 21.887 21.785 21.683 21.58 21.471 21.362 21.253 21.144 21.035 20.926 20.817 20.707 20.597 20.487 20.377 20.267 20.157 20.047 19.937 19.827 19.887 19.984 20.081 20.178 20.275 20.372 20.304 20.155 20.006 19.858 19.709 19.56 19.411 19.262 19.113 18.964 18.901 18.986 19.072 19.157 19.242 19.327 19.337 19.249 19.161 19.074 18.986 18.898 18.811 18.723 18.635 18.548 18.46 18.392 18.326 18.259 18.193 18.127 18.06 17.994 17.928 17.862 17.795 17.73 17.674 17.619 17.563 17.507 17.451 17.445 17.494 17.543 17.593 17.642 17.691 17.74 17.79 17.839 17.888 17.938 17.964 17.958 17.953 17.947 17.942 17.94 18.164 18.388 18.612 18.837 19.061 19.285 19.509 19.733 19.957 20.181 20.406 20.325 20.138 19.95 19.763 19.576 19.556 19.664 19.773 19.881 19.989 20.097 20.205 20.313 20.421 20.53 20.638 20.728 20.516 20.304 20.092 19.879 19.684
20.703 21.059 21.414 21.769 21.886 21.914 21.943 21.971 21.999 22.028 22.056 22.085 22.113 22.056 21.955 21.853 21.751 21.649 21.547 21.446 21.342 21.233 21.124 21.015 20.906 20.797 20.688 20.579 20.47 20.36 20.25 20.14 20.03 19.92 19.81 19.7 19.59 19.653 19.75 19.847 19.944 20.041 20.138 20.235 20.118 19.969 19.82 19.671 19.522 19.373 19.224 19.075 18.926 18.867 18.953 19.038 19.123 19.208 19.294 19.379 19.354 19.266 19.178 19.09 19.003 18.915 18.827 18.74 18.652 18.564 18.496 18.43 18.364 18.298 18.231 18.165 18.099 18.033 17.966 17.9 17.844 17.788 17.732 17.677 17.621 17.565 17.56 17.609 17.659 17.708 17.757 17.807 17.856 17.905 17.954 18.004 18.038 18.032 18.027 18.022 18.016 18.011 18.013 18.237 18.461 18.685 18.909 19.133 19.357 19.582 19.806 20.03 20.254 20.233 20.046 19.859 19.672 19.484 19.297 19.283 19.391 19.499 19.607 19.715 19.823 19.932 20.04 20.148 20.256 20.364 20.181 19.969 19.757 19.544 19.332 19.139
20.581 20.937 21.292 21.648 21.759 21.787 21.816 21.844 21.873 21.901 21.929 21.958 21.92 21.818 21.717 21.615 21.513 21.411 21.309 21.208 21.104 20.995 20.886 20.777 20.668 20.559 20.45 20.342 20.232 20.122 20.012 19.903 19.793 19.683 19.573 19.463 19.353 19.419 19.516 19.613 19.71 19.807 19.904 20.001 20.08 19.932 19.783 19.634 19.485 19.336 19.187 19.038 18.889 18.834 18.919 19.004 19.09 19.175 19.26 19.345 19.431 19.37 19.282 19.195 19.107 19.019 18.932 18.844 18.756 18.668 18.601 18.535 18.469 18.402 18.336 18.27 18.204 18.137 18.071 18.013 17.958 17.902 17.846 17.79 17.735 17.679 17.676 17.725 17.774 17.823 17.873 17.922 17.971 18.021 18.07 18.112 18.107 18.101 18.096 18.09 18.085 18.079 18.085 18.309 18.533 18.758 18.982 19.206 19.43 19.654 19.878 20.102 20.142 19.955 19.767 19.58 19.393 19.206 19.019 19.009 19.117 19.225 19.333 19.442 19.55 19.658 19.766 19.874 19.982 19.846 19.634 19.421 19.209 18.997 18.785 18.594
20.46 20.815 21.171 21.526 21.632 21.66 21.689 21.717 21.746 21.774 21.803 21.784 21.682 21.581 21.479 21.377 21.275 21.173 21.072 20.97 20.866 20.757 20.648 20.539 20.43 20.321 20.212 20.104 19.995 19.885 19.775 19.665 19.555 19.445 19.336 19.226 19.116 19.185 19.282 19.379 19.476 19.573 19.671 19.768 19.865 19.894 19.745 19.596 19.447 19.298 19.149 19.0 18.851 18.8 18.885 18.971 19.056 19.141 19.226 19.312 19.397 19.474 19.387 19.299 19.211 19.124 19.036 18.948 18.861 18.773 18.706 18.64 18.573 18.507 18.441 18.374 18.308 18.242 18.183 18.127 18.071 18.015 17.96 17.904 17.848 17.792 17.791 17.84 17.89 17.939 17.988 18.037 18.087 18.136 18.185 18.181 18.175 18.17 18.164 18.159 18.153 18.148 18.158 18.382 18.606 18.83 19.054 19.278 19.503 19.727 19.951 20.051 19.863 19.676 19.489 19.302 19.114 18.927 18.74 18.735 18.844 18.952 19.06 19.168 19.276 19.384 19.492 19.601 19.511 19.299 19.086 18.874 18.662 18.45 18.237 18.049
20.338 20.693 21.049 21.404 21.505 21.533 21.562 21.59 21.619 21.647 21.648 21.546 21.445 21.343 21.241 21.139 21.037 20.935 20.834 20.732 20.628 20.519 20.41 20.301 20.192 20.083 19.974 19.866 19.757 19.648 19.538 19.428 19.318 19.208 19.098 18.988 18.878 18.951 19.049 19.146 19.243 19.34 19.437 19.534 19.631 19.728 19.708 19.559 19.41 19.261 19.112 18.963 18.814 18.766 18.852 18.937 19.022 19.107 19.193 19.278 19.363 19.448 19.491 19.403 19.316 19.228 19.14 19.053 18.965 18.877 18.81 18.744 18.678 18.612 18.545 18.479 18.413 18.352 18.296 18.241 18.185 18.129 18.073 18.018 17.962 17.906 17.906 17.956 18.005 18.054 18.104 18.153 18.202 18.251 18.255 18.249 18.244 18.238 18.233 18.228 18.222 18.217 18.23 18.454 18.679 18.903 19.127 19.351 19.575 19.799 19.959 19.772 19.585 19.397 19.21 19.023 18.836 18.649 18.461 18.462 18.57 18.678 18.786 18.894 19.003 19.111 19.219 19.176 18.964 18.751 18.539 18.327 18.115 17.902 17.69 17.504
20.216 20.572 20.927 21.283 21.378 21.407 21.435 21.463 21.492 21.512 21.41 21.308 21.207 21.105 21.003 20.901 20.799 20.698 20.596 20.494 20.39 20.281 20.172 20.063 19.954 19.845 19.736 19.628 19.519 19.41 19.301 19.191 19.081 18.971 18.861 18.751 18.641 18.718 18.815 18.912 19.009 19.106 19.203 19.3 19.397 19.494 19.591 19.521 19.372 19.223 19.074 18.925 18.776 18.733 18.818 18.903 18.989 19.074 19.159 19.244 19.33 19.415 19.5 19.508 19.42 19.332 19.245 19.157 19.069 18.981 18.915 18.849 18.783 18.716 18.65 18.584 18.521 18.466 18.41 18.354 18.298 18.243 18.187 18.131 18.076 18.02 18.022 18.071 18.12 18.17 18.219 18.268 18.318 18.329 18.324 18.318 18.313 18.307 18.302 18.296 18.291 18.285 18.303 18.527 18.751 18.975 19.199 19.424 19.648 19.868 19.68 19.493 19.306 19.119 18.932 18.744 18.557 18.37 18.183 18.188 18.296 18.405 18.513 18.621 18.729 18.837 18.841 18.629 18.416 18.204 17.992 17.78 17.567 17.355 17.143 16.959
20.095 20.45 20.806 21.161 21.251 21.28 21.308 21.337 21.365 21.274 21.172 21.071 20.969 20.867 20.765 20.663 20.562 20.46 20.358 20.256 20.152 20.043 19.934 19.825 19.716 19.607 19.498 19.39 19.281 19.172 19.063 18.954 18.844 18.734 18.624 18.514 18.404 18.484 18.581 18.678 18.775 18.872 18.969 19.066 19.163 19.26 19.357 19.454 19.335 19.186 19.037 18.888 18.739 18.699 18.784 18.87 18.955 19.04 19.125 19.211 19.296 19.381 19.466 19.552 19.524 19.437 19.349 19.261 19.173 19.086 19.02 18.954 18.887 18.821 18.755 18.691 18.635 18.579 18.524 18.468 18.412 18.356 18.301 18.245 18.189 18.133 18.137 18.187 18.236 18.285 18.334 18.384 18.403 18.398 18.392 18.387 18.381 18.376 18.37 18.365 18.359 18.354 18.375 18.6 18.824 19.048 19.272 19.496 19.72 19.589 19.402 19.215 19.027 18.84 18.653 18.466 18.278 18.091 17.904 17.915 18.023 18.131 18.239 18.347 18.455 18.506 18.293 18.081 17.869 17.657 17.444 17.232 17.02 16.808 16.595 16.415
19.973 20.328 20.684 21.039 21.124 21.153 21.181 21.21 21.138 21.036 20.935 20.833 20.731 20.629 20.527 20.425 20.324 20.222 20.12 20.018 19.914 19.805 19.696 19.587 19.478 19.369 19.26 19.152 19.043 18.934 18.825 18.716 18.607 18.497 18.387 18.277 18.167 18.25 18.347 18.444 18.541 18.638 18.735 18.832 18.93 19.027 19.124 19.221 19.297 19.148 18.999 18.85 18.701 18.666 18.751 18.836 18.921 19.007 19.092 19.177 19.262 19.348 19.433 19.518 19.603 19.541 19.453 19.365 19.278 19.191 19.125 19.058 18.992 18.926 18.86 18.805 18.749 18.693 18.637 18.582 18.526 18.47 18.414 18.359 18.303 18.247 18.253 18.302 18.351 18.401 18.45 18.477 18.472 18.466 18.461 18.455 18.45 18.445 18.439 18.434 18.428 18.423 18.448 18.672 18.896 19.12 19.345 19.569 19.498 19.31 19.123 18.936 18.749 18.561 18.374 18.187 18.0 17.813 17.625 17.641 17.749 17.857 17.966 18.074 18.171 17.958 17.746 17.534 17.322 17.109 16.897 16.685 16.473 16.26 16.048 15.87
19.851 20.207 20.562 20.918 20.997 21.026 21.054 21.002 20.9 20.798 20.697 20.595 20.493 20.391 20.289 20.188 20.086 19.984 19.882 19.78 19.676 19.567 19.458 19.349 19.24 19.131 19.022 18.914 18.805 18.696 18.587 18.478 18.369 18.26 18.15 18.04 17.93 18.016 18.113 18.21 18.307 18.405 18.502 18.599 18.696 18.793 18.89 18.987 19.084 19.111 18.962 18.813 18.664 18.632 18.717 18.802 18.888 18.973 19.058 19.143 19.229 19.314 19.399 19.484 19.57 19.645 19.557 19.47 19.382 19.295 19.229 19.163 19.097 19.03 18.974 18.918 18.862 18.807 18.751 18.695 18.639 18.584 18.528 18.472 18.416 18.361 18.368 18.417 18.467 18.516 18.551 18.546 18.54 18.535 18.53 18.524 18.519 18.513 18.508 18.502 18.497 18.491 18.521 18.745 18.969 19.193 19.417 19.406 19.219 19.032 18.844 18.657 18.47 18.283 18.096 17.908 17.721 17.534 17.347 17.367 17.476 17.584 17.692 17.8 17.623 17.411 17.199 16.987 16.774 16.562 16.35 16.138 15.925 15.713 15.501 15.325
19.73 20.085 20.44 20.796 20.871 20.899 20.866 20.764 20.662 20.561 20.459 20.357 20.255 20.153 20.051 19.95 19.848 19.746 19.644 19.542 19.438 19.329 19.22 19.111 19.002 18.893 18.784 18.676 18.567 18.458 18.349 18.24 18.131 18.022 17.913 17.803 17.693 17.783 17.88 17.977 18.074 18.171 18.268 18.365 18.462 18.559 18.656 18.753 18.85 18.947 18.924 18.775 18.626 18.598 18.684 18.769 18.854 18.939 19.025 19.11 19.195 19.28 19.366 19.451 19.536 19.621 19.662 19.574 19.486 19.4 19.334 19.268 19.201 19.143 19.088 19.032 18.976 18.92 18.865 18.809 18.753 18.697 18.642 18.586 18.53 18.474 18.483 18.533 18.582 18.626 18.62 18.615 18.609 18.604 18.598 18.593 18.587 18.582 18.576 18.571 18.566 18.56 18.593 18.817 19.041 19.266 19.315 19.128 18.94 18.753 18.566 18.379 18.191 18.004 17.817 17.63 17.442 17.255 17.068 17.094 17.202 17.31 17.418 17.288 17.076 16.864 16.652 16.439 16.227 16.015 15.803 15.59 15.378 15.166 14.954 14.78
19.608 19.963 20.319 20.674 20.744 20.73 20.628 20.526 20.424 20.323 20.221 20.119 20.017 19.915 19.814 19.712 19.61 19.508 19.406 19.305 19.2 19.091 18.982 18.873 18.764 18.655 18.546 18.438 18.329 18.22 18.111 18.002 17.893 17.784 17.675 17.566 17.456 17.549 17.646 17.743 17.84 17.937 18.034 18.131 18.228 18.325 18.422 18.519 18.616 18.713 18.811 18.738 18.589 18.565 18.65 18.735 18.82 18.906 18.991 19.076 19.161 19.247 19.332 19.417 19.502 19.588 19.673 19.678 19.591 19.505 19.439 19.372 19.313 19.257 19.201 19.145 19.09 19.034 18.978 18.923 18.867 18.811 18.755 18.7 18.644 18.588 18.599 18.648 18.697 18.694 18.689 18.683 18.678 18.672 18.667 18.661 18.656 18.651 18.645 18.64 18.634 18.629 18.666 18.89 19.114 19.223 19.036 18.849 18.662 18.474 18.287 18.1 17.913 17.726 17.538 17.351 17.164 16.977 16.789 16.82 16.928 17.037 16.953 16.741 16.529 16.317 16.104 15.892 15.68 15.468 15.255 15.043 14.831 14.618 14.406 14.235
19.486 19.842 20.197 20.552 20.594 20.492 20.39 20.288 20.187 20.085 19.983 19.881 19.779 19.678 19.576 19.474 19.372 19.27 19.168 19.067 18.962 18.853 18.744 18.635 18.526 18.417 18.308 18.2 18.091 17.982 17.873 17.764 17.655 17.546 17.437 17.328 17.218 17.315 17.412 17.509 17.606 17.703 17.8 17.897 17.994 18.091 18.188 18.286 18.383 18.48 18.577 18.674 18.551 18.531 18.616 18.701 18.787 18.872 18.957 19.042 19.128 19.213 19.298 19.384 19.469 19.554 19.639 19.725 19.695 19.609 19.543 19.482 19.426 19.371 19.315 19.259 19.203 19.148 19.092 19.036 18.98 18.925 18.869 18.813 18.757 18.702 18.714 18.764 18.768 18.763 18.757 18.752 18.747 18.741 18.736 18.73 18.725 18.719 18.714 18.708 18.703 18.697 18.738 18.962 19.132 18.945 18.757 18.57 18.383 18.196 18.009 17.821 17.634 17.447 17.26 17.072 16.885 16.698 16.511 16.547 16.655 16.618 16.406 16.194 15.981 15.769 15.557 15.345 15.132 14.92 14.708 14.496 14.283 14.071 13.859 13.691
19.411 19.763 20.114 20.466 20.402 20.294 20.187 20.08 19.972 19.865 19.758 19.65 19.543 19.44 19.338 19.236 19.134 19.032 18.931 18.829 18.724 18.615 18.506 18.397 18.288 18.179 18.07 17.962 17.853 17.744 17.635 17.526 17.417 17.308 17.199 17.091 16.984 17.081 17.178 17.275 17.372 17.469 17.566 17.664 17.761 17.858 17.955 18.052 18.149 18.246 18.343 18.44 18.514 18.497 18.583 18.668 18.753 18.838 18.924 19.009 19.094 19.179 19.265 19.35 19.435 19.52 19.606 19.691 19.776 19.714 19.651 19.596 19.54 19.484 19.429 19.373 19.317 19.261 19.206 19.15 19.094 19.038 18.983 18.927 18.871 18.815 18.83 18.842 18.837 18.832 18.826 18.821 18.815 18.81 18.804 18.799 18.793 18.788 18.783 18.777 18.772 18.766 18.811 19.035 18.853 18.666 18.479 18.292 18.104 17.917 17.73 17.543 17.355 17.168 16.981 16.794 16.607 16.419 16.232 16.273 16.283 16.071 15.859 15.646 15.434 15.222 15.01 14.797 14.585 14.373 14.161 13.948 13.736 13.524 13.312 13.146
19.526 19.878 20.23 20.581 20.51 20.402 20.295 20.188 20.08 19.973 19.866 19.758 19.651 19.544 19.436 19.329 19.222 19.114 19.007 18.92 18.86 18.744 18.628 18.512 18.397 18.281 18.165 18.049 17.934 17.818 17.702 17.586 17.471 17.355 17.239 17.123 17.041 17.131 17.22 17.309 17.399 17.488 17.578 17.667 17.756 17.846 17.935 18.025 18.114 18.203 18.293 18.382 18.471 18.518 18.601 18.683 18.766 18.849 18.931 19.014 19.096 19.179 19.262 19.344 19.427 19.51 19.592 19.675 19.757 19.849 19.787 19.725 19.664 19.602 19.542 19.486 19.431 19.375 19.319 19.263 19.208 19.152 19.096 19.041 18.985 18.929 18.917 18.911 18.906 18.9 18.895 18.889 18.884 18.878 18.873 18.868 18.862 18.857 18.851 18.846 18.84 18.835 18.883 18.762 18.575 18.387 18.2 18.013 17.826 17.638 17.451 17.264 17.077 16.89 16.702 16.515 16.328 16.141 15.953 15.948 15.736 15.524 15.311 15.099 14.887 14.675 14.462 14.25 14.038 13.826 13.613 13.401 13.189 12.977 12.764 12.601
19.642 19.993 20.345 20.697 20.618 20.511 20.403 20.296 20.189 20.081 19.974 19.867 19.759 19.652 19.545 19.437 19.33 19.223 19.122 19.111 19.048 18.932 18.817 18.701 18.585 18.469 18.354 18.238 18.122 18.006 17.891 17.775 17.659 17.543 17.428 17.333 17.278 17.367 17.457 17.546 17.636 17.725 17.814 17.904 17.993 18.083 18.172 18.261 18.351 18.44 18.529 18.619 18.612 18.644 18.726 18.809 18.892 18.974 19.057 19.14 19.222 19.305 19.387 19.47 19.553 19.635 19.718 19.801 19.892 20.141 20.265 20.203 20.141 20.079 20.017 19.956 19.894 19.832 19.77 19.708 19.647 19.585 19.523 19.461 19.399 19.338 19.377 19.363 19.35 19.336 19.322 19.308 19.294 19.281 19.267 19.253 19.239 19.226 19.212 19.198 19.184 19.171 19.109 18.908 18.706 18.505 18.303 18.102 17.9 17.699 17.497 17.296 17.095 16.893 16.692 16.49 16.289 16.087 15.888 15.702 15.467 15.233 14.999 14.764 14.53 14.296 14.061 13.827 13.593 13.358 13.124 12.89 12.655 12.429 12.217 12.056
19.757 20.109 20.46 20.812 20.726 20.619 20.511 20.404 20.297 20.189 20.082 19.975 19.867 19.76 19.653 19.545 19.438 19.331 19.312 19.301 19.237 19.121 19.005 18.89 18.774 18.658 18.542 18.427 18.311 18.195 18.079 17.963 17.848 17.732 17.63 17.568 17.515 17.604 17.694 17.783 17.872 17.962 18.051 18.141 18.23 18.319 18.409 18.498 18.587 18.677 18.766 18.779 18.735 18.77 18.852 18.935 19.017 19.1 19.183 19.265 19.348 19.431 19.513 19.596 19.678 19.761 19.844 19.926 20.168 20.416 20.608 20.68 20.619 20.557 20.495 20.433 20.371 20.309 20.248 20.186 20.124 20.062 20.0 19.939 19.877 19.815 19.862 19.926 19.912 19.898 19.884 19.871 19.857 19.843 19.829 19.815 19.802 19.788 19.774 19.76 19.747 19.733 19.669 19.467 19.266 19.064 18.863 18.661 18.46 18.258 18.057 17.855 17.654 17.452 17.251 17.049 16.848 16.646 16.596 16.431 16.204 15.969 15.735 15.501 15.266 15.032 14.798 14.563 14.329 14.095 13.86 13.626 13.392 13.157 12.923 12.742
19.873 20.224 20.576 20.928 20.834 20.727 20.62 20.512 20.405 20.298 20.19 20.083 19.976 19.868 19.761 19.654 19.546 19.513 19.502 19.491 19.425 19.31 19.194 19.078 18.962 18.847 18.731 18.615 18.499 18.384 18.268 18.152 18.036 17.926 17.864 17.802 17.752 17.841 17.93 18.02 18.109 18.199 18.288 18.377 18.467 18.556 18.645 18.735 18.824 18.914 18.946 18.902 18.859 18.895 18.978 19.061 19.143 19.226 19.308 19.391 19.474 19.556 19.639 19.722 19.804 19.887 19.969 20.186 20.444 20.691 20.883 21.076 21.096 21.034 20.972 20.911 20.849 20.787 20.725 20.663 20.602 20.54 20.478 20.416 20.354 20.292 20.342 20.431 20.474 20.46 20.447 20.433 20.419 20.405 20.392 20.378 20.364 20.35 20.336 20.323 20.309 20.295 20.228 20.026 19.825 19.623 19.422 19.22 19.019 18.817 18.616 18.414 18.213 18.011 17.81 17.608 17.407 17.331 17.304 17.136 16.94 16.706 16.472 16.237 16.003 15.769 15.534 15.3 15.066 14.831 14.597 14.363 14.128 13.894 13.659 13.481
19.988 20.34 20.691 21.043 20.942 20.835 20.728 20.62 20.513 20.406 20.298 20.191 20.084 19.976 19.869 19.762 19.714 19.703 19.692 19.681 19.614 19.498 19.382 19.267 19.151 19.035 18.919 18.804 18.688 18.572 18.456 18.341 18.225 18.16 18.098 18.036 17.988 18.078 18.167 18.257 18.346 18.435 18.525 18.614 18.703 18.793 18.882 18.972 19.061 19.113 19.069 19.026 18.983 19.021 19.104 19.186 19.269 19.352 19.434 19.517 19.599 19.682 19.765 19.847 19.93 20.013 20.203 20.461 20.72 20.966 21.158 21.351 21.543 21.512 21.45 21.388 21.326 21.264 21.203 21.141 21.079 21.017 20.955 20.894 20.832 20.77 20.822 20.911 21.001 21.023 21.009 20.995 20.981 20.968 20.954 20.94 20.926 20.913 20.899 20.885 20.871 20.858 20.787 20.585 20.384 20.182 19.981 19.779 19.578 19.376 19.175 18.973 18.772 18.57 18.369 18.167 18.066 18.039 18.012 17.841 17.646 17.442 17.208 16.974 16.739 16.505 16.271 16.036 15.802 15.568 15.333 15.099 14.865 14.63 14.396 14.22
20.103 20.455 20.807 21.158 21.051 20.943 20.836 20.729 20.621 20.514 20.407 20.299 20.192 20.085 19.977 19.915 19.904 19.894 19.883 19.872 19.803 19.687 19.571 19.455 19.34 19.224 19.108 18.992 18.876 18.761 18.645 18.529 18.457 18.395 18.333 18.27 18.225 18.315 18.404 18.493 18.583 18.672 18.761 18.851 18.94 19.03 19.119 19.208 19.28 19.236 19.193 19.15 19.106 19.147 19.229 19.312 19.395 19.477 19.56 19.642 19.725 19.808 19.89 19.973 20.056 20.22 20.479 20.737 20.996 21.241 21.433 21.625 21.818 21.989 21.927 21.865 21.804 21.742 21.68 21.618 21.556 21.495 21.433 21.371 21.309 21.247 21.302 21.391 21.481 21.57 21.571 21.558 21.544 21.53 21.516 21.502 21.489 21.475 21.461 21.447 21.434 21.42 21.346 21.144 20.943 20.741 20.54 20.339 20.137 19.936 19.734 19.533 19.331 19.13 18.928 18.801 18.774 18.747 18.72 18.546 18.351 18.156 17.945 17.71 17.476 17.241 17.007 16.773 16.538 16.304 16.07 15.835 15.601 15.367 15.132 14.959
20.219 20.571 20.922 21.266 21.159 21.051 20.944 20.837 20.729 20.622 20.515 20.407 20.3 20.193 20.117 20.106 20.095 20.084 20.073 20.062 19.991 19.875 19.76 19.644 19.528 19.412 19.297 19.181 19.065 18.949 18.834 18.753 18.691 18.629 18.567 18.505 18.462 18.551 18.641 18.73 18.819 18.909 18.998 19.088 19.177 19.266 19.356 19.445 19.403 19.36 19.317 19.273 19.23 19.272 19.355 19.438 19.52 19.603 19.686 19.768 19.851 19.933 20.016 20.099 20.237 20.496 20.755 21.013 21.272 21.516 21.708 21.9 22.093 22.285 22.405 22.343 22.281 22.219 22.158 22.096 22.034 21.972 21.91 21.849 21.787 21.725 21.782 21.871 21.961 22.05 22.134 22.12 22.106 22.092 22.079 22.065 22.051 22.037 22.023 22.01 21.996 21.982 21.905 21.704 21.502 21.301 21.099 20.898 20.696 20.495 20.293 20.092 19.89 19.689 19.536 19.509 19.482 19.455 19.428 19.251 19.056 18.861 18.666 18.447 18.212 17.978 17.744 17.509 17.275 17.041 16.806 16.572 16.338 16.103 15.869 15.698
20.334 20.686 21.038 21.374 21.267 21.159 21.052 20.945 20.837 20.73 20.623 20.515 20.408 20.318 20.307 20.296 20.285 20.274 20.263 20.252 20.18 20.064 19.948 19.832 19.717 19.601 19.485 19.369 19.254 19.138 19.05 18.987 18.925 18.863 18.801 18.739 18.699 18.788 18.877 18.967 19.056 19.146 19.235 19.324 19.414 19.503 19.593 19.57 19.527 19.484 19.44 19.397 19.354 19.398 19.481 19.563 19.646 19.729 19.811 19.894 19.977 20.059 20.142 20.254 20.513 20.772 21.031 21.289 21.548 21.79 21.983 22.175 22.367 22.56 22.752 22.82 22.759 22.697 22.635 22.573 22.511 22.45 22.388 22.326 22.264 22.202 22.262 22.351 22.441 22.53 22.62 22.682 22.668 22.655 22.641 22.627 22.613 22.6 22.586 22.572 22.558 22.544 22.464 22.263 22.061 21.86 21.658 21.457 21.255 21.054 20.852 20.651 20.449 20.272 20.244 20.217 20.19 20.163 20.135 19.956 19.761 19.566 19.371 19.176 18.949 18.714 18.48 18.246 18.011 17.777 17.543 17.308 17.074 16.84 16.605 16.437
20.45 20.801 21.153 21.482 21.375 21.268 21.16 21.053 20.946 20.838 20.731 20.624 20.519 20.508 20.497 20.486 20.475 20.464 20.453 20.442 20.368 20.253 20.137 20.021 19.905 19.789 19.674 19.558 19.442 19.346 19.284 19.222 19.16 19.098 19.035 18.973 18.935 19.025 19.114 19.204 19.293 19.382 19.472 19.561 19.65 19.74 19.737 19.694 19.651 19.607 19.564 19.521 19.478 19.524 19.607 19.689 19.772 19.854 19.937 20.02 20.102 20.185 20.272 20.53 20.789 21.048 21.307 21.565 21.824 22.065 22.258 22.45 22.642 22.835 23.027 23.219 23.236 23.174 23.112 23.051 22.989 22.927 22.865 22.803 22.742 22.68 22.742 22.831 22.921 23.01 23.1 23.19 23.231 23.217 23.203 23.189 23.176 23.162 23.148 23.134 23.121 23.107 23.023 22.822 22.62 22.419 22.217 22.016 21.814 21.613 21.411 21.21 21.008 20.98 20.952 20.925 20.898 20.871 20.843 20.661 20.466 20.271 20.076 19.881 19.685 19.451 19.216 18.982 18.748 18.513 18.279 18.045 17.81 17.576 17.342 17.176
20.565 20.917 21.269 21.59 21.483 21.376 21.268 21.161 21.054 20.946 20.839 20.732 20.709 20.698 20.687 20.676 20.666 20.655 20.644 20.633 20.557 20.441 20.325 20.21 20.094 19.978 19.862 19.747 19.642 19.58 19.518 19.456 19.394 19.332 19.27 19.208 19.172 19.262 19.351 19.44 19.53 19.619 19.708 19.798 19.887 19.904 19.861 19.817 19.774 19.731 19.688 19.644 19.601 19.65 19.732 19.815 19.898 19.98 20.063 20.145 20.228 20.311 20.547 20.806 21.065 21.324 21.583 21.841 22.1 22.34 22.533 22.725 22.917 23.11 23.302 23.494 23.687 23.652 23.59 23.528 23.466 23.405 23.343 23.281 23.219 23.157 23.222 23.311 23.401 23.49 23.58 23.67 23.759 23.779 23.765 23.752 23.738 23.724 23.71 23.697 23.683 23.669 23.583 23.381 23.18 22.978 22.777 22.575 22.374 22.172 21.971 21.769 21.715 21.687 21.66 21.633 21.606 21.579 21.551 21.366 21.171 20.976 20.781 20.586 20.391 20.187 19.953 19.719 19.484 19.25 19.016 18.781 18.547 18.313 18.078 17.915
20.681 21.032 21.384 21.699 21.591 21.484 21.377 21.269 21.162 21.055 20.947 20.911 20.9 20.889 20.878 20.867 20.856 20.845 20.834 20.823 20.745 20.63 20.514 20.398 20.282 20.167 20.051 19.939 19.877 19.815 19.752 19.69 19.628 19.566 19.504 19.442 19.409 19.498 19.588 19.677 19.766 19.856 19.945 20.035 20.071 20.028 19.984 19.941 19.898 19.855 19.811 19.768 19.725 19.775 19.858 19.941 20.023 20.106 20.189 20.271 20.354 20.565 20.823 21.082 21.341 21.6 21.859 22.117 22.376 22.615 22.807 23.0 23.192 23.384 23.577 23.769 23.962 24.129 24.067 24.006 23.944 23.882 23.82 23.758 23.697 23.635 23.702 23.791 23.881 23.97 24.06 24.15 24.239 24.329 24.328 24.314 24.3 24.286 24.273 24.259 24.245 24.231 24.142 23.94 23.739 23.537 23.336 23.134 22.933 22.731 22.53 22.45 22.423 22.395 22.368 22.341 22.314 22.286 22.259 22.071 21.876 21.681 21.486 21.291 21.096 20.902 20.689 20.455 20.221 19.986 19.752 19.518 19.283 19.049 18.815 18.654
20.796 21.148 21.499 21.807 21.699 21.592 21.485 21.377 21.27 21.163 21.112 21.101 21.09 21.079 21.068 21.057 21.046 21.035 21.024 21.013 20.934 20.818 20.702 20.587 20.471 20.355 20.239 20.173 20.111 20.049 19.987 19.925 19.863 19.8 19.738 19.676 19.646 19.735 19.824 19.914 20.003 20.093 20.182 20.238 20.195 20.151 20.108 20.065 20.022 19.978 19.935 19.892 19.849 19.901 19.984 20.066 20.149 20.232 20.314 20.397 20.582 20.841 21.099 21.358 21.617 21.876 22.135 22.393 22.652 22.89 23.082 23.275 23.467 23.659 23.852 24.044 24.236 24.429 24.545 24.483 24.421 24.359 24.298 24.236 24.174 24.112 24.182 24.271 24.361 24.45 24.54 24.63 24.719 24.809 24.89 24.876 24.863 24.849 24.835 24.821 24.808 24.794 24.701 24.499 24.298 24.096 23.895 23.693 23.492 23.29 23.185 23.158 23.13 23.103 23.076 23.049 23.022 22.994 22.967 22.776 22.581 22.386 22.191 21.996 21.801 21.607 21.412 21.192 20.957 20.723 20.488 20.254 20.02 19.785 19.551 19.393
20.911 21.263 21.615 21.915 21.808 21.7 21.593 21.486 21.378 21.313 21.302 21.291 21.28 21.269 21.258 21.247 21.236 21.225 21.214 21.203 21.123 21.007 20.891 20.775 20.66 20.544 20.469 20.407 20.345 20.283 20.221 20.159 20.097 20.035 19.973 19.911 19.882 19.972 20.061 20.151 20.24 20.329 20.405 20.362 20.318 20.275 20.232 20.189 20.145 20.102 20.059 20.015 19.972 20.027 20.11 20.192 20.275 20.357 20.44 20.599 20.858 21.117 21.375 21.634 21.893 22.152 22.41 22.669 22.928 23.165 23.357 23.549 23.742 23.934 24.127 24.319 24.511 24.704 24.896 24.961 24.899 24.837 24.775 24.713 24.652 24.59 24.662 24.751 24.841 24.93 25.02 25.11 25.199 25.289 25.378 25.439 25.425 25.411 25.397 25.384 25.37 25.356 25.26 25.058 24.857 24.655 24.454 24.252 24.051 23.92 23.893 23.866 23.838 23.811 23.784 23.757 23.729 23.702 23.675 23.481 23.286 23.091 22.896 22.701 22.507 22.312 22.117 21.922 21.694 21.459 21.225 20.991 20.756 20.522 20.288 20.132
21.027 21.379 21.73 22.023 21.916 21.808 21.701 21.594 21.514 21.503 21.492 21.481 21.47 21.459 21.448 21.437 21.427 21.416 21.405 21.394 21.311 21.195 21.08 20.964 20.848 20.766 20.704 20.642 20.58 20.517 20.455 20.393 20.331 20.269 20.207 20.145 20.119 20.209 20.298 20.387 20.477 20.566 20.528 20.485 20.442 20.399 20.355 20.312 20.269 20.226 20.182 20.139 20.096 20.153 20.235 20.318 20.401 20.483 20.616 20.875 21.134 21.393 21.651 21.91 22.169 22.428 22.686 22.945 23.204 23.44 23.632 23.824 24.017 24.209 24.401 24.594 24.786 24.978 25.171 25.363 25.376 25.314 25.253 25.191 25.129 25.067 25.142 25.231 25.321 25.411 25.5 25.59 25.679 25.769 25.858 25.948 25.987 25.973 25.96 25.946 25.932 25.918 25.819 25.618 25.416 25.215 25.013 24.812 24.655 24.628 24.601 24.573 24.546 24.519 24.492 24.465 24.437 24.41 24.381 24.186 23.991 23.796 23.601 23.406 23.212 23.017 22.822 22.627 22.43 22.196 21.961 21.727 21.493 21.258 21.024 20.871
21.142 21.494 21.846 22.131 22.024 21.917 21.809 21.715 21.704 21.693 21.683 21.672 21.661 21.65 21.639 21.628 21.617 21.606 21.595 21.584 21.5 21.384 21.268 21.152 21.062 21.0 20.938 20.876 20.814 20.752 20.69 20.628 20.565 20.503 20.441 20.379 20.356 20.445 20.535 20.624 20.714 20.695 20.652 20.609 20.566 20.522 20.479 20.436 20.393 20.349 20.306 20.263 20.22 20.278 20.361 20.444 20.526 20.633 20.892 21.151 21.41 21.669 21.927 22.186 22.445 22.704 22.962 23.221 23.48 23.714 23.907 24.099 24.292 24.484 24.676 24.869 25.061 25.253 25.446 25.638 25.83 25.792 25.73 25.668 25.606 25.545 25.622 25.711 25.801 25.891 25.98 26.07 26.159 26.249 26.338 26.428 26.517 26.536 26.522 26.508 26.494 26.481 26.378 26.177 25.975 25.774 25.572 25.39 25.363 25.336 25.309 25.281 25.254 25.227 25.2 25.172 25.145 25.118 25.086 24.891 24.696 24.501 24.306 24.111 23.917 23.722 23.527 23.332 23.137 22.932 22.698 22.464 22.229 21.995 21.76 21.609
21.258 21.609 21.961 22.239 22.132 22.025 21.917 21.906 21.895 21.884 21.873 21.862 21.851 21.84 21.829 21.818 21.807 21.796 21.785 21.774 21.688 21.573 21.457 21.359 21.297 21.234 21.172 21.11 21.048 20.986 20.924 20.862 20.8 20.738 20.676 20.614 20.593 20.682 20.772 20.861 20.862 20.819 20.776 20.733 20.689 20.646 20.603 20.56 20.516 20.473 20.43 20.386 20.343 20.404 20.487 20.569 20.652 20.909 21.168 21.427 21.686 21.945 22.203 22.462 22.721 22.98 23.238 23.497 23.756 23.989 24.182 24.374 24.566 24.759 24.951 25.143 25.336 25.528 25.721 25.913 26.105 26.269 26.208 26.146 26.084 26.022 26.102 26.191 26.281 26.371 26.46 26.55 26.639 26.729 26.818 26.908 26.997 27.087 27.084 27.071 27.057 27.043 26.937 26.736 26.534 26.333 26.131 26.098 26.071 26.044 26.016 25.989 25.962 25.935 25.908 25.88 25.853 25.826 25.791 25.596 25.401 25.206 25.011 24.816 24.622 24.427 24.232 24.037 23.842 23.647 23.434 23.2 22.966 22.731 22.497 22.348
21.54 21.725 22.077 22.348 22.24 22.133 22.107 22.096 22.085 22.074 22.063 22.052 22.041 22.03 22.019 22.008 21.997 21.986 21.975 21.964 21.877 21.761 21.655 21.593 21.531 21.469 21.407 21.345 21.282 21.22 21.158 21.096 21.034 20.972 20.91 20.848 20.83 20.919 21.008 21.029 20.986 20.943 20.899 20.856 20.813 20.77 20.726 20.683 20.64 20.597 20.553 20.51 20.467 20.53 20.612 20.695 20.927 21.185 21.444 21.703 21.962 22.22 22.479 22.738 22.997 23.256 23.514 23.773 24.032 24.264 24.457 24.649 24.841 25.034 25.226 25.418 25.611 25.803 25.995 26.188 26.38 26.572 26.685 26.623 26.561 26.5 26.582 26.671 26.761 26.851 26.94 27.03 27.119 27.209 27.298 27.388 27.477 27.567 27.647 27.633 27.619 27.605 27.496 27.295 27.094 26.892 26.833 26.806 26.779 26.752 26.724 26.697 26.67 26.643 26.615 26.588 26.561 26.534 26.496 26.301 26.106 25.911 25.716 25.522 25.327 25.132 24.937 24.742 24.547 24.352 24.157 23.936 23.702 23.468 23.233 23.087
21.896 21.946 22.192 22.456 22.348 22.308 22.297 22.286 22.275 22.264 22.253 22.242 22.231 22.22 22.209 22.199 22.188 22.177 22.166 22.155 22.065 21.951 21.889 21.827 21.765 21.703 21.641 21.579 21.517 21.455 21.393 21.33 21.268 21.206 21.144 21.082 21.066 21.156 21.196 21.153 21.11 21.066 21.023 20.98 20.937 20.893 20.85 20.807 20.764 20.72 20.677 20.634 20.591 20.656 20.738 20.944 21.203 21.461 21.72 21.979 22.238 22.496 22.755 23.014 23.273 23.532 23.79 24.049 24.308 24.539 24.731 24.924 25.116 25.309 25.501 25.693 25.886 26.078 26.27 26.463 26.655 26.847 27.04 27.101 27.039 26.977 27.062 27.151 27.241 27.331 27.42 27.51 27.599 27.689 27.778 27.868 27.957 28.047 28.136 28.195 28.181 28.168 28.056 27.854 27.653 27.568 27.541 27.514 27.487 27.459 27.432 27.405 27.378 27.351 27.323 27.296 27.269 27.242 27.201 27.006 26.811 26.616 26.421 26.227 26.032 25.837 25.642 25.447 25.252 25.057 24.862 24.668 24.439 24.204 23.97 23.826
22.252 22.302 22.353 22.564 22.509 22.498 22.487 22.476 22.465 22.455 22.444 22.433 22.422 22.411 22.4 22.389 22.378 22.367 22.356 22.345 22.254 22.186 22.124 22.062 21.999 21.937 21.875 21.813 21.751 21.689 21.627 21.565 21.503 21.441 21.379 21.316 21.303 21.363 21.32 21.277 21.233 21.19 21.147 21.104 21.06 21.017 20.974 20.931 20.887 20.844 20.801 20.757 20.714 20.781 20.961 21.22 21.479 21.737 21.996 22.255 22.514 22.772 23.031 23.29 23.549 23.808 24.066 24.325 24.584 24.814 25.006 25.199 25.391 25.583 25.776 25.968 26.16 26.353 26.545 26.738 26.93 27.122 27.315 27.507 27.516 27.455 27.542 27.632 27.721 27.811 27.9 27.99 28.079 28.169 28.258 28.348 28.437 28.527 28.616 28.706 28.744 28.73 28.615 28.413 28.303 28.276 28.249 28.222 28.195 28.167 28.14 28.113 28.086 28.058 28.031 28.004 27.977 27.95 27.906 27.711 27.516 27.321 27.126 26.932 26.737 26.542 26.347 26.152 25.957 25.762 25.567 25.373 25.175 24.941 24.706 24.565
22.562 22.615 22.669 22.642 22.636 22.631 22.625 22.619 22.614 22.608 22.602 22.596 22.591 22.585 22.579 22.574 22.568 22.557 22.546 22.535 22.482 22.42 22.358 22.296 22.234 22.172 22.11 22.047 21.985 21.923 21.861 21.799 21.737 21.675 21.613 21.551 21.53 21.487 21.444 21.4 21.357 21.314 21.271 21.227 21.184 21.141 21.097 21.054 21.011 20.968 20.924 20.881 20.838 20.978 21.237 21.496 21.755 22.013 22.272 22.531 22.79 23.048 23.307 23.566 23.825 24.083 24.342 24.601 24.86 25.089 25.281 25.474 25.666 25.858 26.051 26.243 26.435 26.628 26.82 27.012 27.205 27.397 27.589 27.782 27.974 27.932 28.022 28.112 28.201 28.291 28.38 28.47 28.559 28.649 28.738 28.828 28.917 29.007 29.096 29.186 29.275 29.292 29.174 29.039 29.011 28.984 28.957 28.93 28.902 28.875 28.848 28.821 28.794 28.766 28.739 28.712 28.685 28.657 28.611 28.416 28.221 28.026 27.831 27.637 27.442 27.247 27.052 26.857 26.662 26.467 26.272 26.078 25.883 25.677 25.443 25.304
22.739 22.792 22.784 22.606 22.498 22.492 22.486 22.48 22.475 22.469 22.463 22.458 22.452 22.446 22.44 22.435 22.429 22.423 22.418 22.412 22.5 22.441 22.383 22.325 22.266 22.208 22.149 22.091 22.033 21.974 21.916 21.858 21.799 21.741 21.683 21.624 21.69 21.713 21.667 21.621 21.575 21.53 21.484 21.438 21.392 21.346 21.301 21.255 21.209 21.163 21.118 21.072 21.026 21.257 21.516 21.774 22.033 22.292 22.55 22.809 23.068 23.326 23.585 23.844 24.102 24.361 24.62 24.878 25.137 25.359 25.552 25.745 25.938 26.131 26.324 26.517 26.71 26.902 27.095 27.287 27.48 27.672 27.864 28.057 28.249 28.412 28.502 28.592 28.681 28.771 28.86 28.95 29.039 29.129 29.218 29.308 29.397 29.487 29.576 29.666 29.755 29.845 29.774 29.747 29.719 29.692 29.665 29.638 29.61 29.583 29.556 29.529 29.502 29.474 29.447 29.42 29.393 29.365 29.316 29.121 28.926 28.731 28.536 28.342 28.147 27.952 27.757 27.562 27.367 27.172 26.977 26.783 26.588 26.393 26.179 26.043
22.916 22.944 22.754 22.577 22.433 22.353 22.347 22.341 22.336 22.33 22.324 22.319 22.313 22.307 22.302 22.296 22.29 22.284 22.279 22.273 22.367 22.444 22.386 22.327 22.269 22.211 22.152 22.094 22.036 21.977 21.919 21.86 21.802 21.744 21.685 21.627 21.699 21.991 21.945 21.899 21.854 21.808 21.762 21.716 21.67 21.625 21.579 21.533 21.487 21.442 21.396 21.35 21.304 21.54 21.799 22.058 22.316 22.575 22.834 23.092 23.351 23.61 23.868 24.127 24.385 24.644 24.903 25.161 25.398 25.599 25.792 25.985 26.178 26.37 26.563 26.756 26.949 27.142 27.335 27.528 27.721 27.914 28.107 28.3 28.493 28.599 28.679 28.775 28.87 28.966 29.061 29.157 29.252 29.348 29.443 29.539 29.634 29.73 29.825 29.921 30.016 30.112 30.228 30.208 30.188 30.168 30.148 30.129 30.109 30.089 30.069 30.049 30.03 30.01 29.99 29.97 29.95 29.931 29.886 29.698 29.511 29.324 29.136 28.949 28.762 28.574 28.387 28.199 28.012 27.825 27.637 27.45 27.263 27.075 26.888 26.618
23.093 22.914 22.724 22.547 22.404 22.261 22.208 22.203 22.197 22.191 22.185 22.18 22.174 22.168 22.163 22.157 22.151 22.146 22.14 22.134 22.23 22.347 22.389 22.33 22.272 22.213 22.155 22.097 22.038 21.98 21.922 21.863 21.805 21.747 21.688 21.63 21.707 21.999 22.223 22.178 22.132 22.086 22.04 21.994 21.949 21.903 21.857 21.811 21.766 21.72 21.674 21.628 21.582 21.823 22.082 22.341 22.599 22.858 23.117 23.375 23.634 23.893 24.151 24.41 24.669 24.927 25.186 25.43 25.638 25.838 26.031 26.224 26.417 26.61 26.803 26.996 27.189 27.382 27.575 27.768 27.961 28.154 28.347 28.54 28.663 28.743 28.815 28.9 28.995 29.091 29.186 29.282 29.377 29.473 29.568 29.664 29.759 29.855 29.95 30.046 30.141 30.237 30.374 30.48 30.46 30.44 30.42 30.401 30.381 30.361 30.341 30.321 30.302 30.282 30.262 30.242 30.222 30.203 30.155 29.968 29.78 29.593 29.405 29.218 29.031 28.843 28.656 28.469 28.281 28.094 27.906 27.719 27.532 27.344 27.307 27.174
23.074 22.884 22.694 22.518 22.375 22.232 22.089 22.064 22.058 22.052 22.047 22.041 22.035 22.029 22.024 22.018 22.012 22.007 22.001 21.995 22.093 22.21 22.326 22.333 22.275 22.216 22.158 22.099 22.041 21.983 21.924 21.866 21.808 21.749 21.691 21.633 21.716 22.008 22.3 22.456 22.41 22.364 22.318 22.273 22.227 22.181 22.135 22.09 22.044 21.998 21.952 21.906 21.861 22.107 22.365 22.624 22.883 23.141 23.4 23.659 23.917 24.176 24.435 24.693 24.952 25.211 25.462 25.67 25.878 26.078 26.271 26.464 26.657 26.85 27.043 27.236 27.429 27.622 27.815 28.008 28.201 28.394 28.586 28.727 28.807 28.887 28.959 29.031 29.12 29.216 29.311 29.407 29.502 29.598 29.693 29.789 29.884 29.98 30.075 30.171 30.266 30.362 30.5 30.663 30.732 30.712 30.692 30.673 30.653 30.633 30.613 30.593 30.574 30.554 30.534 30.514 30.494 30.475 30.424 30.237 30.049 29.862 29.675 29.487 29.3 29.112 28.925 28.738 28.55 28.363 28.176 27.988 27.801 27.726 27.796 27.658
23.044 22.854 22.665 22.489 22.346 22.203 22.06 21.925 21.919 21.913 21.908 21.902 21.896 21.891 21.885 21.879 21.873 21.868 21.862 21.856 21.956 22.073 22.19 22.306 22.277 22.219 22.161 22.102 22.044 21.986 21.927 21.869 21.81 21.752 21.694 21.635 21.724 22.016 22.309 22.601 22.688 22.642 22.597 22.551 22.505 22.459 22.414 22.368 22.322 22.276 22.23 22.185 22.139 22.39 22.649 22.907 23.166 23.425 23.683 23.942 24.2 24.459 24.718 24.976 25.235 25.494 25.702 25.91 26.118 26.318 26.511 26.704 26.897 27.09 27.283 27.476 27.669 27.862 28.054 28.247 28.44 28.633 28.79 28.87 28.951 29.03 29.102 29.174 29.247 29.341 29.436 29.532 29.627 29.723 29.818 29.914 30.009 30.105 30.2 30.296 30.391 30.487 30.626 30.789 30.953 30.984 30.964 30.945 30.925 30.905 30.885 30.865 30.846 30.826 30.806 30.786 30.766 30.747 30.693 30.506 30.318 30.131 29.944 29.756 29.569 29.382 29.194 29.007 28.82 28.632 28.445 28.257 28.145 28.215 28.285 28.142
23.014 22.824 22.635 22.46 22.317 22.174 22.03 21.887 21.78 21.774 21.769 21.763 21.757 21.752 21.746 21.74 21.735 21.729 21.723 21.717 21.819 21.936 22.053 22.169 22.28 22.222 22.163 22.105 22.047 21.988 21.93 21.872 21.813 21.755 21.697 21.638 21.733 22.025 22.317 22.61 22.902 22.921 22.875 22.829 22.783 22.738 22.692 22.646 22.6 22.554 22.509 22.463 22.417 22.673 22.932 23.19 23.449 23.708 23.966 24.225 24.484 24.742 25.001 25.26 25.518 25.734 25.942 26.15 26.358 26.558 26.751 26.944 27.137 27.33 27.522 27.715 27.908 28.101 28.294 28.487 28.68 28.853 28.934 29.014 29.094 29.174 29.246 29.318 29.39 29.466 29.561 29.657 29.752 29.848 29.943 30.039 30.134 30.23 30.325 30.421 30.516 30.612 30.752 30.915 31.079 31.242 31.236 31.217 31.197 31.177 31.157 31.137 31.118 31.098 31.078 31.058 31.038 31.019 30.962 30.775 30.588 30.4 30.213 30.026 29.838 29.651 29.463 29.276 29.089 28.901 28.714 28.564 28.634 28.703 28.773 28.626
22.984 22.794 22.605 22.431 22.287 22.144 22.001 21.858 21.715 21.636 21.63 21.624 21.618 21.613 21.607 21.601 21.596 21.59 21.584 21.579 21.682 21.799 21.916 22.032 22.149 22.225 22.166 22.108 22.049 21.991 21.933 21.874 21.816 21.758 21.699 21.641 21.741 22.033 22.326 22.618 22.911 23.199 23.153 23.107 23.061 23.016 22.97 22.924 22.878 22.833 22.787 22.741 22.698 22.956 23.215 23.474 23.732 23.991 24.25 24.508 24.767 25.026 25.284 25.543 25.766 25.974 26.182 26.39 26.598 26.798 26.99 27.183 27.376 27.569 27.762 27.955 28.148 28.341 28.534 28.727 28.917 28.997 29.077 29.158 29.238 29.318 29.39 29.462 29.534 29.606 29.686 29.781 29.877 29.973 30.068 30.164 30.259 30.355 30.45 30.546 30.641 30.737 30.878 31.042 31.205 31.368 31.508 31.489 31.469 31.449 31.429 31.409 31.39 31.37 31.35 31.33 31.31 31.291 31.232 31.044 30.857 30.669 30.482 30.295 30.107 29.92 29.733 29.545 29.358 29.17 28.983 29.053 29.122 29.192 29.262 29.11
22.954 22.764 22.575 22.401 22.258 22.115 21.972 21.829 21.686 21.542 21.491 21.485 21.48 21.474 21.468 21.462 21.457 21.451 21.445 21.44 21.545 21.662 21.779 21.896 22.012 22.129 22.169 22.111 22.052 21.994 21.936 21.877 21.819 21.76 21.702 21.644 21.749 22.042 22.334 22.627 22.919 23.212 23.431 23.385 23.34 23.294 23.248 23.202 23.157 23.111 23.065 23.019 22.981 23.239 23.498 23.757 24.015 24.274 24.533 24.791 25.05 25.309 25.567 25.798 26.006 26.214 26.422 26.63 26.838 27.037 27.23 27.423 27.616 27.809 28.002 28.195 28.388 28.581 28.774 28.967 29.06 29.141 29.221 29.302 29.382 29.461 29.533 29.605 29.677 29.749 29.822 29.906 30.002 30.097 30.193 30.288 30.384 30.479 30.575 30.671 30.766 30.862 31.004 31.168 31.331 31.495 31.658 31.761 31.741 31.721 31.701 31.682 31.662 31.642 31.622 31.602 31.583 31.563 31.501 31.313 31.126 30.939 30.751 30.564 30.376 30.189 30.002 29.814 29.627 29.44 29.472 29.541 29.611 29.681 29.751 29.594
22.924 22.734 22.545 22.372 22.229 22.086 21.943 21.8 21.656 21.513 21.37 21.346 21.341 21.335 21.329 21.324 21.318 21.312 21.306 21.301 21.408 21.525 21.642 21.759 21.875 21.992 22.109 22.113 22.055 21.997 21.938 21.88 21.822 21.763 21.705 21.647 21.758 22.05 22.343 22.635 22.928 23.22 23.512 23.664 23.618 23.572 23.526 23.481 23.435 23.389 23.343 23.297 23.264 23.523 23.781 24.04 24.299 24.557 24.816 25.075 25.333 25.592 25.83 26.038 26.246 26.454 26.662 26.87 27.078 27.277 27.47 27.663 27.856 28.049 28.242 28.435 28.628 28.821 29.014 29.124 29.204 29.285 29.365 29.445 29.526 29.605 29.677 29.749 29.821 29.893 29.965 30.037 30.127 30.222 30.318 30.413 30.509 30.604 30.7 30.795 30.891 30.986 31.13 31.294 31.457 31.621 31.784 31.948 32.013 31.993 31.973 31.954 31.934 31.914 31.894 31.874 31.855 31.835 31.77 31.582 31.395 31.208 31.02 30.833 30.646 30.458 30.271 30.083 29.896 29.89 29.96 30.03 30.1 30.17 30.24 30.078
22.894 22.704 22.515 22.343 22.2 22.057 21.914 21.77 21.627 21.484 21.341 21.207 21.202 21.196 21.19 21.185 21.179 21.173 21.167 21.162 21.271 21.388 21.505 21.622 21.738 21.855 21.972 22.089 22.058 21.999 21.941 21.883 21.824 21.766 21.708 21.649 21.766 22.059 22.351 22.644 22.936 23.229 23.521 23.813 23.896 23.85 23.805 23.759 23.713 23.667 23.621 23.576 23.547 23.806 24.065 24.323 24.582 24.841 25.099 25.358 25.616 25.862 26.07 26.278 26.486 26.694 26.902 27.11 27.318 27.517 27.71 27.903 28.096 28.289 28.482 28.675 28.867 29.06 29.187 29.268 29.348 29.428 29.509 29.589 29.67 29.749 29.821 29.893 29.965 30.037 30.109 30.181 30.253 30.347 30.443 30.538 30.634 30.729 30.825 30.92 31.016 31.111 31.256 31.42 31.583 31.747 31.91 32.074 32.237 32.265 32.245 32.226 32.206 32.186 32.166 32.146 32.127 32.107 32.039 31.852 31.664 31.477 31.289 31.102 30.915 30.727 30.54 30.353 30.309 30.379 30.449 30.519 30.589 30.659 30.729 30.562
22.864 22.674 22.485 22.314 22.171 22.027 21.884 21.741 21.598 21.455 21.312 21.169 21.063 21.057 21.051 21.046 21.04 21.034 21.029 21.023 21.134 21.251 21.368 21.485 21.601 21.718 21.835 21.952 22.061 22.002 21.944 21.886 21.827 21.769 21.71 21.652 21.775 22.067 22.36 22.652 22.945 23.237 23.529 23.822 24.114 24.129 24.083 24.037 23.991 23.945 23.9 23.854 23.83 24.089 24.348 24.606 24.865 25.124 25.382 25.641 25.894 26.102 26.31 26.518 26.726 26.934 27.142 27.35 27.558 27.757 27.95 28.143 28.335 28.528 28.721 28.914 29.107 29.251 29.331 29.411 29.492 29.572 29.653 29.733 29.813 29.892 29.964 30.036 30.108 30.18 30.252 30.324 30.396 30.472 30.568 30.663 30.759 30.854 30.95 31.045 31.141 31.236 31.382 31.546 31.709 31.873 32.036 32.2 32.363 32.527 32.517 32.498 32.478 32.458 32.438 32.418 32.399 32.379 32.308 32.121 31.933 31.746 31.559 31.371 31.184 30.997 30.809 30.728 30.798 30.868 30.938 31.008 31.078 31.148 31.217 31.046
22.834 22.645 22.455 22.285 22.141 21.998 21.855 21.712 21.569 21.426 21.283 21.139 20.996 20.918 20.912 20.907 20.901 20.895 20.89 20.884 20.997 21.114 21.231 21.348 21.465 21.581 21.698 21.815 21.932 22.005 21.947 21.888 21.83 21.772 21.713 21.655 21.783 22.076 22.368 22.661 22.953 23.245 23.538 23.83 24.123 24.407 24.361 24.315 24.269 24.224 24.178 24.132 24.114 24.372 24.631 24.89 25.148 25.407 25.666 25.924 26.134 26.342 26.55 26.758 26.966 27.174 27.382 27.59 27.798 27.996 28.189 28.382 28.575 28.768 28.961 29.154 29.314 29.394 29.475 29.555 29.636 29.716 29.796 29.877 29.957 30.036 30.108 30.18 30.252 30.324 30.396 30.468 30.54 30.612 30.693 30.788 30.884 30.979 31.075 31.17 31.266 31.361 31.508 31.672 31.835 31.999 32.162 32.326 32.489 32.653 32.789 32.77 32.75 32.73 32.71 32.69 32.671 32.651 32.577 32.39 32.203 32.015 31.828 31.64 31.453 31.266 31.147 31.217 31.287 31.357 31.427 31.497 31.567 31.636 31.706 31.53
22.804 22.615 22.425 22.255 22.112 21.969 21.826 21.683 21.54 21.396 21.253 21.11 20.967 20.824 20.774 20.768 20.762 20.756 20.751 20.745 20.86 20.977 21.094 21.211 21.328 21.444 21.561 21.678 21.795 21.912 21.949 21.891 21.833 21.774 21.716 21.658 21.792 22.084 22.377 22.669 22.962 23.254 23.546 23.839 24.131 24.424 24.639 24.593 24.548 24.502 24.456 24.41 24.397 24.656 24.914 25.173 25.431 25.69 25.949 26.166 26.374 26.582 26.79 26.998 27.206 27.414 27.622 27.83 28.038 28.236 28.429 28.622 28.815 29.008 29.201 29.377 29.458 29.538 29.618 29.699 29.779 29.86 29.94 30.02 30.101 30.179 30.251 30.324 30.396 30.468 30.54 30.612 30.684 30.756 30.828 30.913 31.009 31.104 31.2 31.295 31.391 31.486 31.635 31.798 31.962 32.125 32.289 32.452 32.615 32.779 32.942 33.042 33.022 33.002 32.982 32.962 32.943 32.923 32.846 32.659 32.472 32.284 32.097 31.91 31.722 31.566 31.636 31.706 31.776 31.846 31.916 31.985 32.055 32.125 32.195 32.014
22.774 22.585 22.395 22.226 22.083 21.94 21.797 21.654 21.51 21.367 21.224 21.081 20.938 20.795 20.651 20.629 20.623 20.618 20.612 20.607 20.723 20.84 20.957 21.074 21.191 21.307 21.424 21.541 21.658 21.775 21.892 21.894 21.836 21.777 21.719 21.66 21.8 22.093 22.385 22.678 22.97 23.262 23.555 23.847 24.14 24.432 24.724 24.872 24.826 24.78 24.734 24.688 24.68 24.939 25.197 25.456 25.715 25.973 26.198 26.406 26.614 26.822 27.03 27.238 27.446 27.654 27.862 28.07 28.278 28.476 28.669 28.862 29.055 29.248 29.441 29.521 29.601 29.682 29.762 29.843 29.923 30.003 30.084 30.164 30.245 30.323 30.395 30.467 30.539 30.611 30.683 30.755 30.827 30.899 30.971 31.044 31.134 31.229 31.325 31.42 31.516 31.611 31.761 31.924 32.088 32.251 32.415 32.578 32.742 32.905 33.069 33.232 33.294 33.274 33.254 33.234 33.215 33.195 33.116 32.928 32.741 32.553 32.366 32.179 31.991 32.055 32.125 32.195 32.265 32.335 32.404 32.474 32.544 32.614 32.684 32.498
22.744 22.555 22.365 22.197 22.054 21.911 21.768 21.624 21.481 21.338 21.195 21.052 20.909 20.765 20.622 20.49 20.484 20.479 20.473 20.47 20.586 20.703 20.82 20.937 21.054 21.171 21.287 21.404 21.521 21.638 21.755 21.871 21.838 21.78 21.722 21.663 21.809 22.101 22.394 22.686 22.978 23.271 23.563 23.856 24.148 24.441 24.733 25.025 25.104 25.058 25.012 24.967 24.963 25.222 25.481 25.739 25.998 26.23 26.438 26.646 26.854 27.062 27.27 27.478 27.686 27.894 28.102 28.31 28.518 28.716 28.909 29.102 29.295 29.488 29.584 29.665 29.745 29.826 29.906 29.986 30.067 30.147 30.228 30.308 30.388 30.467 30.539 30.611 30.683 30.755 30.827 30.899 30.971 31.043 31.115 31.187 31.259 31.354 31.45 31.545 31.641 31.736 31.887 32.05 32.214 32.377 32.541 32.704 32.868 33.031 33.195 33.358 33.522 33.546 33.526 33.506 33.487 33.467 33.385 33.197 33.01 32.823 32.635 32.448 32.474 32.544 32.614 32.684 32.753 32.823 32.893 32.963 33.033 33.103 33.173 32.982
22.714 22.525 22.335 22.168 22.025 21.881 21.738 21.595 21.452 21.309 21.166 21.023 20.879 20.736 20.593 20.45 20.345 20.34 20.334 20.333 20.45 20.566 20.683 20.8 20.917 21.034 21.15 21.267 21.384 21.501 21.618 21.734 21.841 21.783 21.724 21.666 21.817 22.11 22.402 22.695 22.987 23.279 23.572 23.864 24.157 24.449 24.741 25.034 25.326 25.336 25.291 25.245 25.246 25.505 25.764 26.022 26.262 26.47 26.678 26.886 27.094 27.302 27.51 27.718 27.926 28.134 28.342 28.55 28.758 28.956 29.148 29.341 29.534 29.648 29.728 29.809 29.889 29.969 30.05 30.13 30.211 30.291 30.371 30.452 30.532 30.61 30.682 30.754 30.826 30.898 30.971 31.043 31.115 31.187 31.259 31.331 31.403 31.479 31.575 31.67 31.766 31.861 32.013 32.176 32.34 32.503 32.667 32.83 32.994 33.157 33.321 33.484 33.648 33.811 33.798 33.778 33.759 33.739 33.654 33.466 33.279 33.092 32.904 32.893 32.963 33.033 33.103 33.172 33.242 33.312 33.382 33.452 33.522 33.592 33.662 33.466
22.684 22.495 22.305 22.139 21.995 21.852 21.709 21.566 21.423 21.28 21.136 20.993 20.85 20.707 20.564 20.421 20.278 20.201 20.195 20.196 20.313 20.429 20.546 20.663 20.78 20.897 21.013 21.13 21.247 21.364 21.481 21.598 21.714 21.786 21.727 21.669 21.826 22.118 22.411 22.703 22.995 23.288 23.58 23.873 24.165 24.458 24.75 25.042 25.335 25.615 25.569 25.523 25.53 25.788 26.047 26.294 26.502 26.71 26.918 27.126 27.334 27.542 27.75 27.958 28.166 28.374 28.582 28.79 28.998 29.195 29.388 29.581 29.711 29.792 29.872 29.952 30.033 30.113 30.194 30.274 30.354 30.435 30.515 30.596 30.676 30.754 30.826 30.898 30.97 31.042 31.114 31.186 31.258 31.33 31.402 31.474 31.546 31.619 31.699 31.795 31.89 31.986 32.139 32.302 32.466 32.629 32.793 32.956 33.12 33.283 33.447 33.61 33.774 33.937 34.07 34.05 34.031 34.011 33.923 33.736 33.548 33.361 33.312 33.382 33.452 33.522 33.591 33.661 33.731 33.801 33.871 33.941 34.011 34.08 34.15 33.95
22.654 22.465 22.275 22.109 21.966 21.823 21.68 21.537 21.394 21.25 21.107 20.964 20.821 20.678 20.535 20.392 20.248 20.105 20.056 20.059 20.176 20.292 20.409 20.526 20.643 20.76 20.877 20.993 21.11 21.227 21.344 21.461 21.577 21.694 21.73 21.672 21.834 22.127 22.419 22.712 23.004 23.296 23.589 23.881 24.174 24.466 24.758 25.051 25.343 25.636 25.847 25.801 25.813 26.072 26.326 26.534 26.742 26.95 27.158 27.366 27.574 27.782 27.99 28.198 28.406 28.614 28.822 29.03 29.238 29.435 29.628 29.775 29.855 29.935 30.016 30.096 30.177 30.257 30.337 30.418 30.498 30.579 30.659 30.739 30.82 30.898 30.97 31.042 31.114 31.186 31.258 31.33 31.402 31.474 31.546 31.618 31.69 31.762 31.834 31.92 32.015 32.111 32.265 32.429 32.592 32.755 32.919 33.082 33.246 33.409 33.573 33.736 33.9 34.063 34.227 34.323 34.303 34.283 34.192 34.005 33.817 33.731 33.801 33.871 33.94 34.01 34.08 34.15 34.22 34.29 34.36 34.43 34.499 34.569 34.639 34.434
22.625 22.435 22.245 22.08 21.937 21.794 21.651 21.508 21.364 21.221 21.078 20.935 20.792 20.649 20.505 20.362 20.219 20.076 19.933 19.922 20.039 20.156 20.272 20.389 20.506 20.623 20.74 20.856 20.973 21.09 21.207 21.324 21.44 21.557 21.674 21.674 21.843 22.135 22.428 22.72 23.012 23.305 23.597 23.89 24.182 24.474 24.767 25.059 25.352 25.644 25.937 26.079 26.096 26.355 26.566 26.774 26.982 27.19 27.398 27.606 27.814 28.022 28.23 28.438 28.646 28.854 29.062 29.27 29.478 29.675 29.838 29.918 29.999 30.079 30.16 30.24 30.32 30.401 30.481 30.561 30.642 30.722 30.803 30.883 30.963 31.041 31.113 31.185 31.257 31.329 31.401 31.473 31.546 31.618 31.69 31.762 31.834 31.906 31.978 32.05 32.14 32.236 32.391 32.555 32.718 32.882 33.045 33.209 33.372 33.536 33.699 33.862 34.026 34.189 34.353 34.516 34.575 34.555 34.461 34.274 34.15 34.22 34.29 34.359 34.429 34.499 34.569 34.639 34.709 34.779 34.848 34.918 34.988 35.058 35.128 34.918
22.319 22.143 21.967 21.888 21.755 21.621 21.488 21.355 21.221 21.088 20.954 20.821 20.687 20.554 20.42 20.287 20.153 20.02 19.887 19.779 19.902 20.019 20.135 20.252 20.369 20.486 20.603 20.719 20.836 20.953 21.07 21.187 21.304 21.42 21.537 21.654 21.851 22.144 22.436 22.728 23.021 23.313 23.606 23.898 24.191 24.483 24.775 25.068 25.36 25.653 25.945 26.237 26.379 26.598 26.806 27.014 27.222 27.43 27.638 27.846 28.054 28.262 28.47 28.678 28.886 29.094 29.302 29.51 29.718 29.901 29.982 30.062 30.143 30.223 30.303 30.384 30.464 30.544 30.625 30.705 30.786 30.866 30.946 31.027 31.107 31.185 31.257 31.329 31.401 31.473 31.545 31.617 31.689 31.761 31.833 31.905 31.977 32.049 32.121 32.193 32.266 32.361 32.517 32.681 32.844 33.008 33.171 33.335 33.498 33.662 33.825 33.989 34.152 34.316 34.479 34.643 34.806 34.827 34.73 34.569 34.639 34.708 34.778 34.848 34.918 34.988 35.058 35.128 35.198 35.267 35.337 35.407 35.477 35.547 35.612 35.401
21.415 21.239 21.163 21.173 21.118 20.985 20.852 20.718 20.585 20.451 20.318 20.184 20.051 19.917 19.784 19.65 19.517 19.384 19.25 19.147 19.273 19.398 19.523 19.648 19.772 19.897 20.022 20.147 20.272 20.396 20.521 20.646 20.771 20.895 21.02 21.145 21.391 21.693 21.996 22.299 22.602 22.905 23.207 23.51 23.813 24.116 24.419 24.721 25.024 25.327 25.63 25.933 26.196 26.419 26.642 26.865 27.088 27.311 27.534 27.757 27.98 28.203 28.426 28.649 28.873 29.096 29.319 29.542 29.765 29.969 30.056 30.143 30.23 30.317 30.403 30.49 30.577 30.664 30.751 30.838 30.925 31.01 31.09 31.171 31.251 31.328 31.4 31.473 31.545 31.617 31.689 31.761 31.833 31.905 31.977 32.049 32.121 32.193 32.265 32.337 32.409 32.486 32.643 32.807 32.97 33.134 33.297 33.461 33.624 33.788 33.951 34.115 34.278 34.442 34.605 34.769 34.932 35.096 35.0 35.058 35.127 35.197 35.267 35.337 35.407 35.477 35.547 35.617 35.686 35.756 35.826 35.896 35.966 36.036 36.096 35.885
20.511 20.41 20.394 20.405 20.436 20.349 20.215 20.082 19.948 19.815 19.681 19.548 19.414 19.281 19.147 19.014 18.88 18.747 18.614 18.515 18.642 18.768 18.893 19.017 19.142 19.267 19.392 19.516 19.641 19.766 19.891 20.016 20.14 20.265 20.39 20.515 20.763 21.066 21.369 21.672 21.974 22.277 22.58 22.883 23.186 23.488 23.791 24.094 24.397 24.7 25.002 25.28 25.523 25.747 25.97 26.193 26.416 26.639 26.862 27.085 27.308 27.531 27.754 27.977 28.2 28.423 28.647 28.87 29.244 29.666 29.811 29.898 29.985 30.071 30.158 30.245 30.332 30.419 30.506 30.593 30.68 30.766 30.853 30.94 31.027 31.111 31.19 31.268 31.347 31.425 31.504 31.583 31.661 31.74 31.818 31.897 31.976 32.054 32.133 32.211 32.29 32.451 32.625 32.792 32.959 33.127 33.294 33.461 33.629 33.796 33.963 34.131 34.298 34.465 34.633 34.8 34.967 35.135 35.288 35.367 35.446 35.524 35.603 35.682 35.76 35.839 35.917 35.996 36.075 36.153 36.232 36.311 36.389 36.468 36.543 36.343
19.658 19.642 19.626 19.637 19.668 19.699 19.579 19.445 19.312 19.178 19.045 18.911 18.778 18.644 18.511 18.377 18.244 18.111 17.977 17.882 18.009 18.137 18.262 18.387 18.512 18.636 18.761 18.886 19.011 19.136 19.26 19.385 19.51 19.635 19.759 19.884 20.136 20.438 20.741 21.044 21.347 21.65 21.952 22.255 22.558 22.861 23.164 23.466 23.769 24.072 24.357 24.608 24.851 25.074 25.297 25.521 25.744 25.967 26.19 26.413 26.636 26.859 27.082 27.305 27.528 27.751 27.974 28.322 28.729 29.151 29.566 29.653 29.739 29.826 29.913 30.0 30.087 30.174 30.261 30.348 30.434 30.521 30.608 30.695 30.782 30.866 30.944 31.023 31.101 31.18 31.259 31.337 31.416 31.495 31.573 31.652 31.73 31.809 31.888 31.966 32.102 32.353 32.525 32.692 32.86 33.027 33.194 33.362 33.529 33.696 33.864 34.031 34.198 34.366 34.533 34.7 34.868 35.017 35.19 35.345 35.424 35.503 35.581 35.66 35.739 35.817 35.896 35.975 36.053 36.132 36.21 36.289 36.368 36.446 36.52 36.481
18.89 18.874 18.857 18.869 18.9 18.931 18.942 18.809 18.675 18.542 18.408 18.275 18.141 18.008 17.874 17.741 17.608 17.474 17.341 17.25 17.377 17.504 17.632 17.757 17.881 18.006 18.131 18.256 18.38 18.505 18.63 18.755 18.88 19.004 19.129 19.254 19.508 19.811 20.114 20.417 20.719 21.022 21.325 21.628 21.931 22.233 22.536 22.839 23.142 23.434 23.685 23.936 24.179 24.402 24.625 24.848 25.071 25.295 25.518 25.741 25.964 26.187 26.41 26.633 26.856 27.079 27.399 27.806 28.213 28.636 29.062 29.407 29.494 29.581 29.668 29.755 29.842 29.929 30.016 30.102 30.189 30.276 30.363 30.45 30.537 30.62 30.699 30.778 30.856 30.935 31.013 31.092 31.171 31.249 31.328 31.406 31.485 31.564 31.642 31.753 32.004 32.255 32.426 32.593 32.76 32.928 33.095 33.262 33.43 33.597 33.764 33.932 34.099 34.266 34.433 34.601 34.754 34.895 35.069 35.273 35.402 35.481 35.56 35.638 35.717 35.796 35.874 35.953 36.032 36.11 36.189 36.268 36.346 36.425 36.497 36.494
18.121 18.105 18.089 18.102 18.133 18.164 18.195 18.172 18.039 17.905 17.772 17.638 17.505 17.371 17.238 17.104 16.971 16.838 16.704 16.618 16.745 16.872 16.999 17.126 17.251 17.376 17.501 17.625 17.75 17.875 18.0 18.124 18.249 18.374 18.499 18.624 18.881 19.183 19.486 19.789 20.092 20.395 20.697 21.0 21.303 21.606 21.909 22.211 22.512 22.763 23.014 23.265 23.507 23.73 23.953 24.176 24.399 24.622 24.845 25.069 25.292 25.515 25.738 25.961 26.184 26.477 26.884 27.291 27.698 28.121 28.547 28.972 29.249 29.336 29.423 29.51 29.597 29.684 29.77 29.857 29.944 30.031 30.118 30.205 30.292 30.375 30.454 30.532 30.611 30.69 30.768 30.847 30.925 31.004 31.083 31.161 31.24 31.318 31.404 31.655 31.906 32.157 32.326 32.493 32.661 32.828 32.995 33.163 33.33 33.497 33.665 33.832 33.999 34.167 34.334 34.491 34.632 34.773 34.948 35.151 35.355 35.459 35.538 35.617 35.695 35.774 35.853 35.931 36.01 36.089 36.167 36.246 36.325 36.403 36.474 36.471
17.353 17.337 17.32 17.334 17.365 17.396 17.427 17.458 17.402 17.269 17.135 17.002 16.868 16.735 16.601 16.468 16.335 16.201 16.068 15.985 16.113 16.24 16.367 16.494 16.621 16.745 16.87 16.995 17.12 17.244 17.369 17.494 17.619 17.744 17.868 17.993 18.253 18.556 18.859 19.162 19.464 19.767 20.07 20.373 20.676 20.978 21.281 21.584 21.84 22.091 22.342 22.593 22.835 23.058 23.281 23.504 23.727 23.95 24.173 24.396 24.619 24.842 25.066 25.289 25.555 25.962 26.369 26.776 27.183 27.606 28.031 28.457 28.883 29.091 29.178 29.265 29.352 29.438 29.525 29.612 29.699 29.786 29.873 29.96 30.047 30.13 30.208 30.287 30.366 30.444 30.523 30.601 30.68 30.759 30.837 30.916 30.995 31.073 31.306 31.557 31.808 32.059 32.226 32.394 32.561 32.728 32.896 33.063 33.23 33.398 33.565 33.732 33.9 34.067 34.228 34.369 34.51 34.65 34.826 35.03 35.234 35.438 35.516 35.595 35.674 35.752 35.831 35.91 35.988 36.067 36.146 36.224 36.303 36.382 36.451 36.448
16.584 16.568 16.552 16.566 16.597 16.628 16.659 16.69 16.721 16.632 16.499 16.365 16.232 16.098 15.965 15.832 15.698 15.565 15.431 15.353 15.48 15.607 15.735 15.862 15.989 16.115 16.24 16.365 16.489 16.614 16.739 16.864 16.988 17.113 17.238 17.363 17.626 17.929 18.231 18.534 18.837 19.14 19.442 19.745 20.048 20.351 20.654 20.917 21.168 21.419 21.67 21.921 22.163 22.386 22.609 22.832 23.055 23.278 23.501 23.724 23.947 24.17 24.393 24.633 25.039 25.446 25.853 26.26 26.667 27.091 27.516 27.942 28.368 28.793 28.933 29.019 29.106 29.193 29.28 29.367 29.454 29.541 29.628 29.715 29.801 29.885 29.963 30.042 30.12 30.199 30.278 30.356 30.435 30.513 30.592 30.671 30.749 30.957 31.208 31.459 31.71 31.96 32.127 32.294 32.462 32.629 32.796 32.964 33.131 33.298 33.466 33.633 33.8 33.966 34.106 34.247 34.387 34.528 34.705 34.909 35.113 35.316 35.495 35.573 35.652 35.731 35.809 35.888 35.967 36.045 36.124 36.203 36.281 36.36 36.428 36.425
15.816 15.8 15.783 15.798 15.829 15.86 15.891 15.922 15.953 15.984 15.862 15.729 15.595 15.462 15.329 15.195 15.062 14.928 14.795 14.721 14.848 14.975 15.102 15.23 15.357 15.484 15.609 15.734 15.859 15.984 16.108 16.233 16.358 16.483 16.608 16.732 16.998 17.301 17.604 17.907 18.209 18.512 18.815 19.118 19.421 19.723 19.995 20.246 20.497 20.748 20.998 21.249 21.491 21.714 21.937 22.16 22.383 22.606 22.829 23.052 23.275 23.498 23.721 24.117 24.524 24.931 25.338 25.745 26.152 26.576 27.001 27.427 27.852 28.278 28.687 28.774 28.861 28.948 29.035 29.122 29.209 29.296 29.383 29.469 29.556 29.639 29.718 29.796 29.875 29.954 30.032 30.111 30.19 30.268 30.347 30.425 30.607 30.858 31.11 31.361 31.612 31.86 32.027 32.195 32.362 32.529 32.697 32.864 33.031 33.199 33.366 33.533 33.701 33.843 33.984 34.124 34.265 34.405 34.584 34.788 34.991 35.195 35.399 35.552 35.63 35.709 35.788 35.866 35.945 36.024 36.102 36.181 36.26 36.338 36.404 36.402
15.047 15.031 15.015 15.031 15.062 15.093 15.124 15.155 15.186 15.217 15.226 15.092 14.959 14.825 14.692 14.559 14.425 14.292 14.158 14.088 14.216 14.343 14.47 14.597 14.724 14.852 14.979 15.104 15.229 15.353 15.478 15.603 15.728 15.852 15.977 16.102 16.371 16.674 16.976 17.279 17.582 17.885 18.188 18.49 18.793 19.072 19.323 19.574 19.825 20.076 20.327 20.578 20.818 21.041 21.265 21.488 21.711 21.934 22.157 22.38 22.603 22.826 23.195 23.602 24.009 24.416 24.822 25.229 25.636 26.061 26.486 26.912 27.337 27.763 28.189 28.529 28.616 28.703 28.79 28.877 28.964 29.05 29.137 29.224 29.311 29.394 29.473 29.551 29.63 29.708 29.787 29.866 29.944 30.023 30.101 30.258 30.509 30.76 31.011 31.262 31.514 31.761 31.928 32.095 32.263 32.43 32.597 32.765 32.932 33.099 33.266 33.434 33.58 33.721 33.861 34.002 34.143 34.283 34.462 34.666 34.87 35.074 35.278 35.482 35.609 35.687 35.766 35.845 35.923 36.002 36.081 36.159 36.238 36.317 36.381 36.379
14.279 14.263 14.246 14.263 14.294 14.325 14.356 14.387 14.418 14.449 14.48 14.456 14.322 14.189 14.056 13.922 13.789 13.655 13.522 13.456 13.583 13.711 13.838 13.965 14.092 14.219 14.346 14.473 14.598 14.723 14.848 14.973 15.097 15.222 15.347 15.472 15.743 16.046 16.349 16.652 16.954 17.257 17.56 17.863 18.15 18.4 18.651 18.902 19.153 19.404 19.655 19.906 20.146 20.369 20.592 20.815 21.038 21.262 21.485 21.708 21.931 22.273 22.679 23.086 23.493 23.9 24.307 24.714 25.121 25.546 25.971 26.397 26.822 27.248 27.674 28.099 28.371 28.458 28.545 28.632 28.718 28.805 28.892 28.979 29.066 29.149 29.227 29.306 29.385 29.463 29.542 29.62 29.699 29.778 29.909 30.16 30.411 30.662 30.913 31.164 31.415 31.661 31.828 31.996 32.163 32.33 32.498 32.665 32.832 33.0 33.167 33.317 33.458 33.598 33.739 33.88 34.02 34.161 34.341 34.545 34.749 34.953 35.156 35.36 35.564 35.666 35.744 35.823 35.902 35.98 36.059 36.138 36.216 36.295 36.358 36.356
13.51 13.494 13.478 13.495 13.526 13.557 13.588 13.619 13.65 13.681 13.712 13.743 13.686 13.553 13.419 13.286 13.152 13.019 12.885 12.824 12.951 13.078 13.205 13.333 13.46 13.587 13.714 13.841 13.968 14.093 14.217 14.342 14.467 14.592 14.716 14.841 15.116 15.419 15.721 16.024 16.327 16.63 16.933 17.227 17.478 17.729 17.98 18.231 18.482 18.732 18.983 19.234 19.474 19.697 19.92 20.143 20.366 20.589 20.812 21.036 21.35 21.757 22.164 22.571 22.978 23.385 23.792 24.199 24.606 25.03 25.456 25.882 26.307 26.733 27.158 27.584 28.01 28.213 28.3 28.386 28.473 28.56 28.647 28.734 28.821 28.903 28.982 29.061 29.139 29.218 29.296 29.375 29.454 29.56 29.811 30.062 30.313 30.564 30.815 31.066 31.317 31.561 31.729 31.896 32.063 32.231 32.398 32.565 32.733 32.9 33.054 33.195 33.335 33.476 33.617 33.757 33.898 34.038 34.22 34.424 34.627 34.831 35.035 35.239 35.443 35.644 35.723 35.801 35.88 35.959 36.037 36.116 36.195 36.273 36.335 36.333
12.742 12.726 12.709 12.728 12.759 12.79 12.821 12.852 12.883 12.914 12.945 12.976 13.007 12.916 12.783 12.649 12.516 12.382 12.249 12.192 12.319 12.446 12.573 12.7 12.828 12.955 13.082 13.209 13.336 13.462 13.587 13.712 13.837 13.961 14.086 14.211 14.488 14.791 15.094 15.397 15.699 16.002 16.304 16.555 16.806 17.057 17.308 17.559 17.81 18.061 18.312 18.563 18.802 19.025 19.248 19.471 19.694 19.917 20.14 20.428 20.835 21.242 21.649 22.056 22.462 22.869 23.276 23.683 24.09 24.515 24.941 25.367 25.792 26.218 26.643 27.069 27.495 27.92 28.054 28.141 28.228 28.315 28.402 28.489 28.576 28.658 28.737 28.815 28.894 28.973 29.051 29.13 29.211 29.462 29.713 29.964 30.215 30.466 30.717 30.968 31.219 31.462 31.629 31.797 31.964 32.131 32.299 32.466 32.633 32.791 32.932 33.073 33.213 33.354 33.494 33.635 33.775 33.916 34.099 34.302 34.506 34.71 34.914 35.118 35.322 35.525 35.701 35.78 35.858 35.937 36.016 36.094 36.173 36.252 36.312 36.31
11.973 11.957 11.941 11.96 11.991 12.022 12.053 12.084 12.115 12.146 12.177 12.208 12.239 12.27 12.146 12.013 11.879 11.746 11.612 11.559 11.686 11.814 11.941 12.068 12.195 12.322 12.45 12.577 12.704 12.831 12.957 13.081 13.206 13.331 13.456 13.58 13.861 14.164 14.466 14.769 15.072 15.375 15.633 15.883 16.134 16.385 16.636 16.887 17.138 17.389 17.64 17.891 18.13 18.353 18.576 18.799 19.022 19.245 19.506 19.912 20.319 20.726 21.133 21.54 21.947 22.354 22.761 23.168 23.575 24.0 24.426 24.851 25.277 25.703 26.128 26.554 26.979 27.405 27.809 27.896 27.983 28.07 28.157 28.244 28.331 28.413 28.491 28.57 28.649 28.727 28.806 28.884 29.113 29.364 29.615 29.866 30.117 30.368 30.619 30.87 31.121 31.362 31.53 31.697 31.864 32.032 32.199 32.366 32.528 32.669 32.81 32.95 33.091 33.231 33.372 33.512 33.653 33.794 33.977 34.181 34.385 34.589 34.793 34.996 35.2 35.404 35.608 35.758 35.837 35.915 35.994 36.073 36.151 36.23 36.289 36.287
11.205 11.189 11.172 11.192 11.223 11.254 11.285 11.316 11.347 11.378 11.409 11.44 11.471 11.502 11.51 11.376 11.243 11.109 10.976 10.927 11.054 11.181 11.309 11.436 11.563 11.69 11.817 11.944 12.072 12.199 12.326 12.451 12.576 12.701 12.825 12.95 13.233 13.536 13.839 14.142 14.444 14.71 14.961 15.212 15.463 15.714 15.965 16.215 16.466 16.717 16.968 17.219 17.458 17.681 17.904 18.127 18.35 18.583 18.99 19.397 19.804 20.211 20.618 21.025 21.432 21.839 22.246 22.652 23.06 23.485 23.911 24.336 24.762 25.188 25.613 26.039 26.464 26.89 27.316 27.651 27.738 27.825 27.912 27.999 28.085 28.168 28.246 28.325 28.403 28.482 28.561 28.763 29.014 29.266 29.517 29.768 30.019 30.27 30.521 30.772 31.023 31.263 31.43 31.597 31.765 31.932 32.099 32.266 32.406 32.547 32.687 32.828 32.968 33.109 33.25 33.39 33.531 33.671 33.856 34.06 34.264 34.467 34.671 34.875 35.079 35.283 35.487 35.69 35.815 35.894 35.972 36.051 36.13 36.208 36.266 36.264
10.437 10.42 10.404 10.424 10.455 10.486 10.517 10.548 10.579 10.61 10.641 10.672 10.703 10.734 10.765 10.74 10.606 10.473 10.339 10.295 10.422 10.549 10.676 10.803 10.931 11.058 11.185 11.312 11.439 11.567 11.694 11.821 11.945 12.07 12.195 12.32 12.606 12.909 13.211 13.514 13.787 14.038 14.289 14.54 14.791 15.042 15.293 15.544 15.795 16.046 16.297 16.547 16.785 17.008 17.232 17.455 17.678 18.068 18.475 18.882 19.289 19.696 20.102 20.509 20.916 21.323 21.73 22.137 22.545 22.97 23.396 23.821 24.247 24.673 25.098 25.524 25.949 26.375 26.801 27.226 27.493 27.58 27.667 27.753 27.84 27.922 28.001 28.079 28.158 28.237 28.414 28.665 28.916 29.167 29.418 29.67 29.921 30.172 30.423 30.674 30.925 31.163 31.331 31.498 31.665 31.833 32.0 32.143 32.284 32.424 32.565 32.705 32.846 32.987 33.127 33.268 33.408 33.549 33.735 33.938 34.142 34.346 34.55 34.754 34.958 35.162 35.365 35.569 35.773 35.872 35.951 36.029 36.108 36.187 36.243 36.241
9.668 9.652 9.635 9.657 9.688 9.719 9.75 9.781 9.812 9.843 9.874 9.905 9.936 9.967 9.998 10.029 9.97 9.836 9.703 9.662 9.79 9.917 10.044 10.171 10.298 10.426 10.553 10.68 10.807 10.934 11.061 11.189 11.315 11.44 11.565 11.689 11.978 12.281 12.584 12.865 13.116 13.367 13.617 13.868 14.119 14.37 14.621 14.872 15.123 15.374 15.625 15.876 16.113 16.336 16.559 16.782 17.146 17.552 17.959 18.366 18.773 19.18 19.587 19.994 20.401 20.808 21.215 21.622 22.029 22.455 22.881 23.306 23.732 24.157 24.583 25.009 25.434 25.86 26.285 26.711 27.137 27.334 27.421 27.508 27.595 27.677 27.756 27.834 27.913 28.065 28.316 28.567 28.818 29.069 29.32 29.571 29.822 30.074 30.325 30.576 30.827 31.064 31.231 31.398 31.566 31.733 31.88 32.021 32.161 32.302 32.442 32.583 32.724 32.864 33.005 33.145 33.286 33.426 33.613 33.817 34.021 34.225 34.429 34.633 34.836 35.04 35.244 35.448 35.652 35.851 35.929 36.008 36.087 36.165 36.22 36.218
8.9 8.883 8.867 8.889 8.92 8.951 8.982 9.013 9.044 9.075 9.106 9.137 9.168 9.199 9.23 9.261 9.292 9.2 9.066 9.03 9.157 9.284 9.412 9.539 9.666 9.793 9.92 10.048 10.175 10.302 10.429 10.556 10.683 10.809 10.934 11.059 11.351 11.654 11.942 12.193 12.444 12.695 12.946 13.197 13.448 13.699 13.949 14.2 14.451 14.702 14.953 15.204 15.441 15.664 15.887 16.223 16.63 17.037 17.444 17.851 18.258 18.665 19.072 19.479 19.886 20.292 20.699 21.106 21.514 21.94 22.366 22.791 23.217 23.642 24.068 24.494 24.919 25.345 25.77 26.196 26.622 27.047 27.176 27.263 27.35 27.432 27.51 27.589 27.716 27.967 28.218 28.469 28.72 28.971 29.222 29.473 29.724 29.975 30.226 30.478 30.729 30.964 31.132 31.299 31.466 31.617 31.758 31.898 32.039 32.18 32.32 32.461 32.601 32.742 32.882 33.023 33.164 33.304 33.492 33.696 33.9 34.104 34.307 34.511 34.715 34.919 35.123 35.327 35.53 35.734 35.908 35.986 36.065 36.144 36.197 36.195
8.131 8.115 8.098 8.121 8.152 8.183 8.214 8.245 8.276 8.307 8.338 8.369 8.4 8.431 8.462 8.493 8.524 8.555 8.43 8.398 8.525 8.652 8.779 8.907 9.034 9.161 9.288 9.415 9.542 9.67 9.797 9.924 10.051 10.178 10.304 10.429 10.723 11.019 11.27 11.521 11.772 12.023 12.274 12.525 12.776 13.027 13.278 13.529 13.78 14.031 14.281 14.532 14.769 14.992 15.301 15.708 16.115 16.522 16.929 17.336 17.742 18.149 18.556 18.963 19.37 19.777 20.184 20.591 20.999 21.425 21.85 22.276 22.702 23.127 23.553 23.978 24.404 24.83 25.255 25.681 26.106 26.532 26.931 27.018 27.105 27.186 27.265 27.367 27.618 27.869 28.12 28.371 28.622 28.873 29.124 29.375 29.626 29.877 30.128 30.379 30.63 30.865 31.032 31.199 31.354 31.495 31.635 31.776 31.917 32.057 32.198 32.338 32.479 32.619 32.76 32.901 33.041 33.182 33.371 33.575 33.778 33.982 34.186 34.39 34.594 34.798 35.001 35.205 35.409 35.613 35.817 35.965 36.043 36.122 36.174 36.172
7.363 7.346 7.33 7.353 7.384 7.415 7.446 7.477 7.508 7.539 7.57 7.601 7.632 7.663 7.694 7.725 7.756 7.787 7.793 7.766 7.893 8.02 8.147 8.274 8.401 8.529 8.656 8.783 8.91 9.037 9.165 9.292 9.419 9.546 9.673 9.798 10.096 10.348 10.599 10.85 11.1 11.351 11.602 11.853 12.104 12.355 12.606 12.857 13.108 13.359 13.61 13.861 14.097 14.379 14.786 15.192 15.599 16.006 16.413 16.82 17.227 17.634 18.041 18.448 18.855 19.262 19.669 20.075 20.484 20.91 21.335 21.761 22.187 22.612 23.038 23.463 23.889 24.315 24.74 25.166 25.591 26.017 26.443 26.773 26.86 26.941 27.02 27.269 27.52 27.771 28.022 28.273 28.524 28.775 29.026 29.277 29.528 29.779 30.03 30.281 30.532 30.765 30.932 31.091 31.232 31.372 31.513 31.654 31.794 31.935 32.075 32.216 32.357 32.497 32.638 32.778 32.919 33.059 33.25 33.453 33.657 33.861 34.065 34.269 34.473 34.676 34.88 35.084 35.288 35.492 35.696 35.899 36.022 36.1 36.151 36.149
6.782 6.758 6.74 6.782 6.804 6.825 6.847 6.868 6.89 6.911 6.933 6.954 6.976 6.997 7.019 7.041 7.062 7.084 7.105 7.168 7.288 7.408 7.527 7.647 7.769 7.896 8.024 8.151 8.278 8.405 8.532 8.659 8.787 8.914 9.041 9.168 9.425 9.676 9.927 10.178 10.429 10.68 10.931 11.182 11.432 11.683 11.934 12.185 12.436 12.687 12.938 13.189 13.456 13.863 14.27 14.677 15.084 15.491 15.898 16.305 16.712 17.119 17.525 17.932 18.339 18.746 19.153 19.56 19.969 20.395 20.82 21.246 21.671 22.097 22.523 22.948 23.374 23.8 24.225 24.651 25.076 25.502 25.928 26.353 26.615 26.696 26.919 27.17 27.421 27.673 27.924 28.175 28.426 28.677 28.928 29.179 29.43 29.681 29.932 30.183 30.434 30.666 30.828 30.969 31.11 31.25 31.391 31.531 31.672 31.812 31.953 32.094 32.234 32.375 32.515 32.656 32.796 32.937 33.128 33.332 33.536 33.74 33.944 34.147 34.351 34.555 34.759 34.963 35.167 35.37 35.574 35.778 35.982 36.079 36.128 36.126
6.509 6.485 6.501 6.589 6.628 6.649 6.671 6.692 6.714 6.735 6.757 6.779 6.8 6.822 6.843 6.865 6.886 6.908 6.929 6.994 7.114 7.233 7.353 7.473 7.593 7.713 7.832 7.952 8.072 8.192 8.311 8.431 8.551 8.671 8.791 8.961 9.218 9.459 9.701 9.942 10.184 10.425 10.667 10.908 11.15 11.391 11.632 11.874 12.115 12.357 12.598 12.84 13.171 13.571 13.971 14.371 14.77 15.17 15.57 15.97 16.37 16.77 17.17 17.57 17.969 18.369 18.769 19.169 19.52 19.924 20.347 20.77 21.192 21.615 22.038 22.461 22.883 23.306 23.729 24.151 24.574 24.997 25.42 25.842 26.265 26.57 26.821 27.072 27.323 27.574 27.825 28.077 28.328 28.579 28.83 29.081 29.332 29.583 29.834 30.085 30.336 30.565 30.706 30.847 30.987 31.128 31.268 31.409 31.549 31.69 31.831 31.971 32.112 32.252 32.393 32.533 32.674 32.815 33.007 33.211 33.415 33.618 33.822 34.026 34.23 34.434 34.638 34.841 35.045 35.249 35.453 35.657 35.861 36.057 36.105 36.103
6.236 6.246 6.262 6.352 6.451 6.474 6.495 6.517 6.538 6.56 6.581 6.603 6.624 6.646 6.667 6.689 6.71 6.732 6.754 6.82 6.939 7.059 7.179 7.299 7.419 7.538 7.658 7.778 7.898 8.017 8.137 8.257 8.377 8.497 8.656 8.851 9.115 9.367 9.609 9.85 10.092 10.333 10.575 10.816 11.058 11.299 11.541 11.782 12.023 12.265 12.506 12.748 13.082 13.481 13.881 14.281 14.681 15.081 15.481 15.881 16.281 16.68 17.08 17.48 17.88 18.28 18.68 19.054 19.327 19.581 20.004 20.427 20.85 21.272 21.695 22.118 22.541 22.963 23.386 23.809 24.231 24.654 25.077 25.5 25.922 26.227 26.482 26.737 26.992 27.248 27.503 27.758 28.013 28.269 28.524 28.779 29.034 29.29 29.545 29.8 30.055 30.263 30.408 30.553 30.698 30.842 30.987 31.132 31.277 31.422 31.567 31.711 31.856 32.001 32.146 32.291 32.436 32.561 32.744 32.954 33.163 33.373 33.582 33.792 34.001 34.211 34.42 34.63 34.839 35.049 35.258 35.468 35.677 35.886 35.984 35.992
5.991 6.007 6.023 6.114 6.213 6.298 6.319 6.341 6.362 6.384 6.405 6.427 6.449 6.47 6.492 6.513 6.535 6.556 6.578 6.645 6.765 6.885 7.005 7.125 7.244 7.364 7.484 7.604 7.723 7.843 7.963 8.083 8.203 8.351 8.545 8.741 9.005 9.27 9.517 9.758 10.0 10.241 10.483 10.724 10.966 11.207 11.449 11.69 11.931 12.173 12.414 12.656 12.992 13.392 13.792 14.192 14.592 14.992 15.391 15.791 16.191 16.591 16.991 17.391 17.791 18.191 18.583 18.862 19.134 19.369 19.661 20.084 20.507 20.93 21.352 21.775 22.198 22.62 23.043 23.466 23.889 24.311 24.734 25.157 25.58 25.881 26.136 26.392 26.647 26.902 27.157 27.412 27.668 27.923 28.178 28.433 28.689 28.944 29.199 29.454 29.689 29.892 30.036 30.181 30.326 30.471 30.616 30.761 30.905 31.05 31.195 31.34 31.485 31.629 31.774 31.919 32.058 32.109 32.295 32.505 32.714 32.924 33.133 33.343 33.552 33.762 33.971 34.181 34.39 34.6 34.809 35.019 35.228 35.345 35.331 35.34
5.752 5.768 5.784 5.877 5.976 6.074 6.143 6.165 6.187 6.208 6.23 6.251 6.273 6.294 6.316 6.337 6.359 6.38 6.402 6.471 6.591 6.711 6.831 6.95 7.07 7.19 7.31 7.429 7.549 7.669 7.789 7.909 8.046 8.24 8.433 8.631 8.895 9.159 9.424 9.666 9.908 10.149 10.391 10.632 10.874 11.115 11.357 11.598 11.84 12.081 12.322 12.564 12.903 13.303 13.703 14.102 14.502 14.902 15.302 15.702 16.102 16.502 16.902 17.302 17.701 18.101 18.391 18.67 18.941 19.176 19.41 19.741 20.164 20.587 21.01 21.432 21.855 22.278 22.7 23.123 23.546 23.969 24.391 24.814 25.237 25.535 25.791 26.046 26.301 26.556 26.812 27.067 27.322 27.577 27.833 28.088 28.343 28.598 28.854 29.092 29.318 29.52 29.665 29.81 29.954 30.099 30.244 30.389 30.534 30.679 30.823 30.968 31.113 31.258 31.403 31.547 31.607 31.658 31.847 32.056 32.266 32.475 32.685 32.894 33.104 33.313 33.523 33.732 33.941 34.151 34.36 34.57 34.722 34.692 34.678 34.687
5.514 5.529 5.545 5.639 5.738 5.837 5.936 5.989 6.011 6.032 6.054 6.075 6.097 6.118 6.14 6.162 6.183 6.205 6.226 6.297 6.417 6.537 6.656 6.776 6.896 7.016 7.135 7.255 7.375 7.495 7.615 7.741 7.935 8.128 8.322 8.52 8.785 9.049 9.313 9.574 9.816 10.057 10.299 10.54 10.782 11.023 11.265 11.506 11.748 11.989 12.23 12.472 12.813 13.213 13.613 14.013 14.413 14.813 15.213 15.613 16.013 16.412 16.812 17.212 17.612 17.919 18.198 18.478 18.748 18.983 19.217 19.452 19.821 20.244 20.667 21.089 21.512 21.935 22.358 22.78 23.203 23.626 24.049 24.471 24.894 25.19 25.445 25.7 25.956 26.211 26.466 26.721 26.977 27.232 27.487 27.742 27.998 28.253 28.495 28.722 28.948 29.148 29.293 29.438 29.583 29.728 29.872 30.017 30.162 30.307 30.452 30.597 30.741 30.886 31.031 31.104 31.155 31.206 31.398 31.607 31.817 32.026 32.236 32.445 32.655 32.864 33.074 33.283 33.493 33.702 33.912 34.099 34.069 34.039 34.026 34.035
5.275 5.291 5.307 5.402 5.501 5.599 5.698 5.797 5.835 5.856 5.878 5.9 5.921 5.943 5.964 5.986 6.007 6.029 6.05 6.123 6.243 6.362 6.482 6.602 6.722 6.841 6.961 7.081 7.201 7.321 7.44 7.63 7.823 8.017 8.211 8.41 8.675 8.939 9.203 9.468 9.724 9.965 10.207 10.448 10.69 10.931 11.173 11.414 11.656 11.897 12.139 12.38 12.724 13.124 13.524 13.924 14.324 14.724 15.123 15.523 15.923 16.323 16.723 17.123 17.448 17.727 18.006 18.286 18.555 18.79 19.025 19.259 19.494 19.901 20.324 20.747 21.169 21.592 22.015 22.438 22.86 23.283 23.706 24.129 24.551 24.844 25.1 25.355 25.61 25.865 26.12 26.376 26.631 26.886 27.141 27.397 27.652 27.899 28.125 28.352 28.578 28.777 28.922 29.066 29.211 29.356 29.501 29.646 29.79 29.935 30.08 30.225 30.37 30.515 30.601 30.653 30.704 30.755 30.949 31.159 31.368 31.577 31.787 31.996 32.206 32.415 32.625 32.834 33.044 33.253 33.463 33.445 33.415 33.385 33.373 33.382
5.036 5.052 5.068 5.164 5.263 5.362 5.461 5.56 5.659 5.681 5.702 5.724 5.745 5.767 5.788 5.81 5.831 5.853 5.875 5.949 6.068 6.188 6.308 6.428 6.547 6.667 6.787 6.907 7.027 7.146 7.325 7.518 7.712 7.906 8.099 8.3 8.564 8.829 9.093 9.357 9.622 9.873 10.115 10.356 10.598 10.839 11.081 11.322 11.564 11.805 12.047 12.288 12.635 13.035 13.435 13.834 14.234 14.634 15.034 15.434 15.834 16.234 16.634 16.976 17.256 17.535 17.814 18.093 18.363 18.597 18.832 19.066 19.301 19.558 19.981 20.404 20.827 21.249 21.672 22.095 22.518 22.94 23.363 23.786 24.208 24.499 24.754 25.009 25.264 25.52 25.775 26.03 26.285 26.541 26.796 27.051 27.302 27.529 27.755 27.981 28.208 28.405 28.55 28.695 28.84 28.984 29.129 29.274 29.419 29.564 29.709 29.853 29.998 30.099 30.15 30.201 30.252 30.303 30.5 30.71 30.919 31.129 31.338 31.548 31.757 31.967 32.176 32.386 32.595 32.805 32.822 32.792 32.762 32.732 32.721 32.729
4.797 4.813 4.829 4.927 5.025 5.124 5.223 5.322 5.421 5.505 5.526 5.548 5.57 5.591 5.613 5.634 5.656 5.677 5.699 5.774 5.894 6.014 6.134 6.253 6.373 6.493 6.613 6.733 6.852 7.02 7.213 7.407 7.601 7.794 7.988 8.19 8.454 8.718 8.983 9.247 9.512 9.776 10.023 10.264 10.506 10.747 10.989 11.23 11.472 11.713 11.955 12.196 12.545 12.945 13.345 13.745 14.145 14.545 14.945 15.345 15.744 16.144 16.505 16.784 17.063 17.343 17.622 17.901 18.17 18.404 18.639 18.873 19.108 19.342 19.638 20.061 20.484 20.907 21.329 21.752 22.175 22.598 23.02 23.443 23.866 24.153 24.408 24.664 24.919 25.174 25.429 25.685 25.94 26.195 26.45 26.706 26.932 27.158 27.385 27.611 27.837 28.033 28.178 28.323 28.468 28.613 28.758 28.902 29.047 29.192 29.337 29.482 29.596 29.647 29.698 29.749 29.801 29.852 30.051 30.261 30.47 30.68 30.889 31.099 31.308 31.518 31.727 31.937 32.146 32.199 32.169 32.139 32.109 32.079 32.068 32.077
4.558 4.574 4.59 4.689 4.788 4.887 4.986 5.085 5.184 5.282 5.351 5.372 5.394 5.415 5.437 5.458 5.48 5.501 5.523 5.6 5.72 5.84 5.959 6.079 6.199 6.319 6.439 6.558 6.715 6.909 7.102 7.296 7.489 7.683 7.876 8.079 8.344 8.608 8.873 9.137 9.401 9.666 9.93 10.172 10.414 10.655 10.897 11.138 11.38 11.621 11.863 12.104 12.456 12.856 13.256 13.656 14.056 14.455 14.855 15.255 15.655 16.033 16.313 16.592 16.871 17.151 17.43 17.709 17.977 18.211 18.446 18.68 18.915 19.15 19.384 19.718 20.141 20.564 20.987 21.409 21.832 22.255 22.677 23.1 23.523 23.808 24.063 24.318 24.573 24.828 25.084 25.339 25.594 25.849 26.105 26.335 26.562 26.788 27.014 27.241 27.467 27.662 27.807 27.951 28.096 28.241 28.386 28.531 28.676 28.82 28.965 29.093 29.144 29.196 29.247 29.298 29.349 29.4 29.603 29.812 30.022 30.231 30.441 30.65 30.859 31.069 31.278 31.488 31.576 31.546 31.516 31.486 31.455 31.425 31.415 31.424
4.319 4.335 4.353 4.452 4.55 4.649 4.748 4.847 4.946 5.045 5.144 5.196 5.218 5.239 5.261 5.283 5.304 5.326 5.347 5.426 5.546 5.665 5.785 5.905 6.025 6.145 6.264 6.41 6.604 6.797 6.991 7.184 7.378 7.571 7.765 7.969 8.234 8.498 8.762 9.027 9.291 9.555 9.82 10.08 10.322 10.563 10.805 11.046 11.288 11.529 11.771 12.012 12.367 12.767 13.166 13.566 13.966 14.366 14.766 15.166 15.562 15.841 16.121 16.4 16.679 16.958 17.238 17.517 17.784 18.018 18.253 18.488 18.722 18.957 19.191 19.426 19.798 20.221 20.644 21.067 21.489 21.912 22.335 22.757 23.18 23.462 23.717 23.972 24.228 24.483 24.738 24.993 25.249 25.504 25.739 25.965 26.192 26.418 26.644 26.871 27.097 27.29 27.435 27.58 27.725 27.87 28.014 28.159 28.304 28.449 28.591 28.642 28.693 28.744 28.795 28.846 28.898 28.949 29.154 29.363 29.573 29.782 29.992 30.201 30.411 30.62 30.83 30.953 30.922 30.892 30.862 30.832 30.802 30.772 30.763 30.771
4.08 4.096 4.115 4.214 4.313 4.412 4.511 4.61 4.709 4.807 4.906 5.005 5.042 5.064 5.085 5.107 5.128 5.15 5.171 5.252 5.371 5.491 5.611 5.731 5.851 5.97 6.105 6.299 6.492 6.686 6.879 7.073 7.266 7.46 7.654 7.859 8.123 8.388 8.652 8.916 9.181 9.445 9.71 9.974 10.23 10.471 10.713 10.954 11.196 11.437 11.679 11.92 12.277 12.677 13.077 13.477 13.877 14.277 14.677 15.077 15.37 15.649 15.928 16.208 16.487 16.766 17.046 17.325 17.591 17.826 18.06 18.295 18.529 18.764 18.998 19.233 19.467 19.878 20.301 20.724 21.146 21.569 21.992 22.415 22.837 23.116 23.372 23.627 23.882 24.137 24.393 24.648 24.903 25.142 25.369 25.595 25.821 26.048 26.274 26.5 26.727 26.919 27.063 27.208 27.353 27.498 27.643 27.788 27.932 28.077 28.139 28.19 28.241 28.293 28.344 28.395 28.446 28.497 28.705 28.914 29.124 29.333 29.543 29.752 29.962 30.171 30.329 30.299 30.269 30.239 30.209 30.179 30.149 30.119 30.11 30.119
3.842 3.858 3.878 3.977 4.075 4.174 4.273 4.372 4.471 4.57 4.669 4.768 4.866 4.888 4.909 4.931 4.952 4.974 4.996 5.077 5.197 5.317 5.437 5.557 5.676 5.8 5.994 6.187 6.381 6.574 6.768 6.962 7.155 7.349 7.542 7.749 8.013 8.277 8.542 8.806 9.071 9.335 9.599 9.864 10.128 10.379 10.621 10.862 11.104 11.345 11.587 11.828 12.188 12.588 12.988 13.388 13.788 14.187 14.587 14.898 15.178 15.457 15.736 16.016 16.295 16.574 16.853 17.133 17.398 17.633 17.867 18.102 18.336 18.571 18.805 19.04 19.275 19.536 19.958 20.381 20.804 21.226 21.649 22.072 22.495 22.771 23.026 23.281 23.536 23.792 24.047 24.302 24.546 24.772 24.998 25.225 25.451 25.677 25.904 26.13 26.356 26.547 26.692 26.837 26.981 27.126 27.271 27.416 27.561 27.636 27.688 27.739 27.79 27.841 27.892 27.943 27.995 28.047 28.256 28.466 28.675 28.885 29.094 29.304 29.513 29.706 29.676 29.646 29.616 29.586 29.556 29.526 29.496 29.465 29.457 29.466
3.603 3.619 3.64 3.739 3.838 3.937 4.036 4.135 4.234 4.332 4.431 4.53 4.629 4.712 4.734 4.755 4.777 4.798 4.82 4.903 5.023 5.143 5.263 5.382 5.502 5.689 5.882 6.076 6.269 6.463 6.657 6.85 7.044 7.237 7.431 7.639 7.903 8.167 8.432 8.696 8.96 9.225 9.489 9.754 10.018 10.282 10.529 10.77 11.012 11.253 11.495 11.736 12.099 12.499 12.898 13.298 13.698 14.098 14.427 14.706 14.986 15.265 15.544 15.823 16.103 16.382 16.661 16.941 17.205 17.44 17.674 17.909 18.143 18.378 18.613 18.847 19.082 19.316 19.615 20.038 20.461 20.884 21.306 21.729 22.152 22.425 22.68 22.936 23.191 23.446 23.701 23.949 24.175 24.402 24.628 24.855 25.081 25.307 25.534 25.76 25.986 26.175 26.32 26.465 26.61 26.755 26.899 27.044 27.134 27.185 27.236 27.287 27.338 27.39 27.441 27.492 27.543 27.598 27.807 28.017 28.226 28.436 28.645 28.855 29.064 29.053 29.023 28.993 28.963 28.932 28.902 28.872 28.842 28.812 28.805 28.813
3.364 3.38 3.403 3.501 3.6 3.699 3.798 3.897 3.996 4.095 4.194 4.293 4.392 4.491 4.558 4.579 4.601 4.622 4.644 4.729 4.849 4.969 5.088 5.208 5.384 5.577 5.771 5.964 6.158 6.352 6.545 6.739 6.932 7.126 7.319 7.528 7.793 8.057 8.321 8.586 8.85 9.115 9.379 9.643 9.908 10.172 10.436 10.678 10.92 11.161 11.403 11.644 12.009 12.409 12.809 13.209 13.609 13.955 14.235 14.514 14.793 15.073 15.352 15.631 15.911 16.19 16.469 16.748 17.012 17.247 17.481 17.716 17.951 18.185 18.42 18.654 18.889 19.123 19.358 19.695 20.118 20.541 20.964 21.386 21.809 22.08 22.335 22.59 22.845 23.101 23.353 23.579 23.805 24.032 24.258 24.484 24.711 24.937 25.163 25.39 25.616 25.804 25.949 26.093 26.238 26.383 26.528 26.631 26.682 26.733 26.785 26.836 26.887 26.938 26.989 27.04 27.091 27.149 27.359 27.568 27.778 27.987 28.196 28.406 28.43 28.4 28.369 28.339 28.309 28.279 28.249 28.219 28.189 28.159 28.152 28.161
3.125 3.141 3.165 3.264 3.363 3.462 3.561 3.66 3.758 3.857 3.956 4.055 4.154 4.253 4.352 4.404 4.425 4.447 4.468 4.555 4.675 4.794 4.914 5.079 5.272 5.466 5.659 5.853 6.047 6.24 6.434 6.627 6.821 7.015 7.208 7.418 7.682 7.947 8.211 8.476 8.74 9.004 9.269 9.533 9.797 10.062 10.326 10.587 10.828 11.069 11.311 11.552 11.92 12.32 12.72 13.12 13.484 13.763 14.043 14.322 14.601 14.881 15.16 15.439 15.718 15.998 16.277 16.556 16.819 17.054 17.289 17.523 17.758 17.992 18.227 18.461 18.696 18.93 19.165 19.4 19.775 20.198 20.621 21.044 21.466 21.734 21.989 22.244 22.5 22.755 22.982 23.209 23.435 23.661 23.888 24.114 24.34 24.567 24.793 25.019 25.246 25.432 25.577 25.722 25.867 26.011 26.128 26.179 26.231 26.282 26.333 26.384 26.435 26.486 26.538 26.589 26.64 26.7 26.91 27.119 27.329 27.538 27.748 27.806 27.776 27.746 27.716 27.686 27.656 27.626 27.596 27.566 27.536 27.506 27.5 27.508
2.886 2.902 2.928 3.026 3.125 3.224 3.323 3.422 3.521 3.62 3.719 3.818 3.917 4.015 4.114 4.213 4.249 4.271 4.292 4.381 4.5 4.62 4.774 4.967 5.161 5.355 5.548 5.742 5.935 6.129 6.322 6.516 6.71 6.903 7.097 7.308 7.572 7.837 8.101 8.365 8.63 8.894 9.158 9.423 9.687 9.952 10.216 10.48 10.736 10.977 11.219 11.46 11.831 12.23 12.63 13.013 13.292 13.571 13.85 14.13 14.409 14.688 14.968 15.247 15.526 15.806 16.085 16.364 16.627 16.861 17.096 17.33 17.565 17.799 18.034 18.268 18.503 18.738 18.972 19.207 19.441 19.855 20.278 20.701 21.124 21.388 21.644 21.899 22.154 22.386 22.612 22.838 23.065 23.291 23.517 23.744 23.97 24.196 24.423 24.649 24.875 25.06 25.205 25.35 25.495 25.626 25.677 25.728 25.779 25.83 25.881 25.933 25.984 26.035 26.086 26.137 26.188 26.251 26.461 26.67 26.88 27.089 27.183 27.153 27.123 27.093 27.063 27.033 27.003 26.973 26.942 26.912 26.882 26.852 26.847 26.856
2.647 2.663 2.69 2.789 2.888 2.987 3.086 3.185 3.283 3.382 3.481 3.58 3.679 3.778 3.877 3.976 4.073 4.095 4.117 4.206 4.326 4.469 4.662 4.856 5.05 5.243 5.437 5.63 5.824 6.017 6.211 6.405 6.598 6.792 6.985 7.198 7.462 7.726 7.991 8.255 8.519 8.784 9.048 9.313 9.577 9.841 10.106 10.37 10.635 10.885 11.127 11.368 11.741 12.141 12.541 12.82 13.1 13.379 13.658 13.938 14.217 14.496 14.776 15.055 15.334 15.613 15.893 16.172 16.434 16.668 16.903 17.137 17.372 17.606 17.841 18.076 18.31 18.545 18.779 19.014 19.248 19.513 19.935 20.358 20.781 21.043 21.298 21.553 21.789 22.016 22.242 22.468 22.695 22.921 23.147 23.374 23.6 23.826 24.053 24.279 24.505 24.689 24.834 24.979 25.123 25.174 25.225 25.276 25.328 25.379 25.43 25.481 25.532 25.583 25.635 25.686 25.737 25.803 26.012 26.222 26.431 26.56 26.53 26.5 26.47 26.44 26.41 26.379 26.349 26.319 26.289 26.259 26.229 26.199 26.194 26.203
2.409 2.425 2.452 2.551 2.65 2.749 2.848 2.947 3.046 3.145 3.244 3.343 3.442 3.54 3.639 3.738 3.837 3.919 3.941 4.032 4.164 4.357 4.551 4.745 4.938 5.132 5.325 5.519 5.712 5.906 6.1 6.293 6.487 6.68 6.874 7.087 7.352 7.616 7.88 8.145 8.409 8.674 8.938 9.202 9.467 9.731 9.996 10.26 10.524 10.789 11.035 11.276 11.652 12.052 12.349 12.628 12.908 13.187 13.466 13.746 14.025 14.304 14.583 14.863 15.142 15.421 15.701 15.98 16.241 16.475 16.71 16.944 17.179 17.414 17.648 17.883 18.117 18.352 18.586 18.821 19.056 19.29 19.593 20.015 20.438 20.697 20.953 21.193 21.419 21.645 21.872 22.098 22.324 22.551 22.777 23.003 23.23 23.456 23.682 23.909 24.135 24.317 24.462 24.607 24.671 24.723 24.774 24.825 24.876 24.927 24.978 25.03 25.081 25.132 25.183 25.234 25.285 25.354 25.563 25.773 25.937 25.907 25.877 25.846 25.816 25.786 25.756 25.726 25.696 25.666 25.636 25.606 25.576 25.546 25.542 25.55
2.17 2.186 2.215 2.314 2.413 2.512 2.611 2.709 2.808 2.907 3.006 3.105 3.204 3.303 3.402 3.501 3.6 3.699 3.765 3.859 4.052 4.246 4.44 4.633 4.827 5.02 5.214 5.408 5.601 5.795 5.988 6.182 6.375 6.569 6.763 6.977 7.241 7.506 7.77 8.035 8.299 8.563 8.828 9.092 9.357 9.621 9.885 10.15 10.414 10.678 10.943 11.184 11.562 11.878 12.157 12.436 12.715 12.995 13.274 13.553 13.833 14.112 14.391 14.671 14.95 15.229 15.508 15.788 16.048 16.282 16.517 16.752 16.986 17.221 17.455 17.69 17.924 18.159 18.394 18.628 18.863 19.097 19.332 19.672 20.095 20.352 20.596 20.822 21.049 21.275 21.501 21.728 21.954 22.18 22.407 22.633 22.859 23.086 23.312 23.538 23.765 23.946 24.09 24.169 24.22 24.271 24.322 24.373 24.425 24.476 24.527 24.578 24.629 24.68 24.732 24.783 24.834 24.905 25.115 25.314 25.283 25.253 25.223 25.193 25.163 25.133 25.103 25.073 25.043 25.013 24.983 24.952 24.922 24.892 24.889 24.898
2.062 2.073 2.074 2.169 2.264 2.359 2.454 2.549 2.644 2.739 2.835 2.93 3.025 3.12 3.215 3.31 3.405 3.501 3.596 3.747 3.941 4.134 4.328 4.522 4.715 4.909 5.102 5.296 5.49 5.683 5.877 6.07 6.264 6.458 6.651 6.867 7.131 7.396 7.66 7.924 8.189 8.453 8.718 8.982 9.246 9.511 9.775 10.039 10.304 10.568 10.833 11.093 11.406 11.685 11.965 12.244 12.523 12.803 13.082 13.361 13.641 13.92 14.199 14.478 14.758 15.037 15.316 15.596 15.855 16.09 16.324 16.559 16.793 17.028 17.262 17.497 17.732 17.966 18.201 18.435 18.67 18.904 19.139 19.373 19.751 19.999 20.226 20.452 20.678 20.905 21.131 21.357 21.584 21.81 22.036 22.263 22.489 22.716 22.942 23.168 23.395 23.574 23.666 23.717 23.768 23.82 23.871 23.922 23.973 24.024 24.075 24.127 24.178 24.229 24.28 24.331 24.382 24.456 24.666 24.66 24.63 24.6 24.57 24.54 24.51 24.48 24.45 24.42 24.389 24.359 24.329 24.299 24.269 24.239 24.236 24.24
2.121 2.105 2.072 2.167 2.262 2.357 2.452 2.547 2.643 2.738 2.833 2.928 3.023 3.118 3.213 3.308 3.404 3.499 3.576 3.652 3.825 4.019 4.212 4.406 4.6 4.793 4.987 5.181 5.374 5.568 5.762 5.955 6.149 6.343 6.536 6.753 7.018 7.282 7.546 7.811 8.075 8.34 8.604 8.869 9.133 9.398 9.662 9.926 10.191 10.455 10.72 10.923 11.139 11.42 11.702 11.983 12.265 12.546 12.827 13.109 13.39 13.671 13.953 14.234 14.515 14.797 15.078 15.359 15.62 15.857 16.094 16.33 16.567 16.804 17.04 17.277 17.513 17.75 17.987 18.223 18.46 18.697 18.933 19.17 19.402 19.626 19.853 20.081 20.308 20.535 20.761 20.987 21.214 21.44 21.666 21.893 22.119 22.345 22.572 22.798 23.024 23.163 23.215 23.266 23.317 23.368 23.419 23.47 23.522 23.573 23.624 23.675 23.726 23.777 23.829 23.88 23.931 24.007 24.037 24.007 23.977 23.947 23.917 23.887 23.856 23.826 23.796 23.766 23.736 23.706 23.676 23.646 23.616 23.586 23.582 23.57
2.164 2.1 2.07 2.165 2.26 2.355 2.45 2.546 2.641 2.736 2.831 2.926 3.021 3.116 3.212 3.307 3.402 3.483 3.553 3.629 3.71 3.903 4.097 4.291 4.484 4.678 4.872 5.065 5.259 5.453 5.646 5.84 6.033 6.227 6.421 6.639 6.903 7.168 7.432 7.697 7.961 8.225 8.49 8.754 9.019 9.283 9.548 9.812 10.077 10.341 10.567 10.681 10.86 11.103 11.385 11.666 11.947 12.229 12.51 12.791 13.073 13.354 13.635 13.917 14.198 14.479 14.761 15.042 15.302 15.539 15.776 16.012 16.249 16.486 16.722 16.959 17.195 17.432 17.669 17.905 18.142 18.379 18.615 18.852 19.05 19.192 19.419 19.647 19.874 20.102 20.329 20.557 20.784 21.011 21.239 21.466 21.694 21.921 22.148 22.376 22.603 22.744 22.795 22.846 22.896 22.947 22.997 23.048 23.098 23.149 23.199 23.249 23.3 23.35 23.401 23.451 23.502 23.537 23.503 23.468 23.434 23.4 23.366 23.331 23.297 23.263 23.229 23.194 23.16 23.126 23.091 23.057 23.023 22.989 22.989 22.971
2.16 2.096 2.068 2.163 2.258 2.354 2.449 2.544 2.639 2.734 2.829 2.924 3.019 3.115 3.21 3.305 3.389 3.459 3.529 3.605 3.683 3.788 3.982 4.175 4.369 4.562 4.756 4.95 5.143 5.337 5.531 5.724 5.918 6.112 6.305 6.524 6.789 7.053 7.318 7.582 7.847 8.111 8.376 8.64 8.904 9.169 9.433 9.698 9.962 10.21 10.325 10.439 10.619 10.805 11.067 11.349 11.63 11.911 12.193 12.474 12.755 13.037 13.318 13.6 13.881 14.162 14.444 14.725 14.984 15.221 15.458 15.694 15.931 16.167 16.404 16.641 16.877 17.114 17.351 17.587 17.824 18.061 18.297 18.504 18.699 18.822 18.986 19.213 19.44 19.668 19.895 20.123 20.35 20.577 20.805 21.032 21.26 21.487 21.715 21.942 22.169 22.308 22.386 22.437 22.487 22.538 22.588 22.639 22.689 22.74 22.79 22.84 22.891 22.941 22.992 23.042 23.093 23.127 23.092 23.058 23.024 22.989 22.955 22.921 22.887 22.852 22.818 22.784 22.75 22.715 22.681 22.647 22.612 22.628 22.668 22.664
2.155 2.092 2.066 2.161 2.257 2.352 2.447 2.542 2.637 2.732 2.827 2.923 3.018 3.113 3.208 3.296 3.366 3.436 3.506 3.582 3.66 3.738 3.866 4.06 4.253 4.447 4.641 4.834 5.028 5.222 5.415 5.609 5.803 5.996 6.19 6.41 6.675 6.939 7.204 7.468 7.732 7.997 8.261 8.526 8.79 9.055 9.319 9.584 9.848 9.968 10.083 10.197 10.379 10.564 10.75 11.031 11.313 11.594 11.875 12.157 12.438 12.72 13.001 13.282 13.564 13.845 14.126 14.408 14.666 14.903 15.14 15.376 15.613 15.849 16.086 16.323 16.559 16.796 17.033 17.269 17.506 17.743 17.955 18.154 18.347 18.471 18.595 18.779 19.006 19.234 19.461 19.689 19.916 20.144 20.371 20.598 20.826 21.053 21.281 21.508 21.735 21.871 21.956 22.028 22.078 22.129 22.179 22.23 22.28 22.331 22.381 22.431 22.482 22.532 22.583 22.633 22.684 22.716 22.682 22.648 22.613 22.579 22.545 22.51 22.476 22.442 22.408 22.373 22.339 22.305 22.271 22.236 22.243 22.273 22.313 22.356
2.151 2.087 2.065 2.16 2.255 2.35 2.445 2.54 2.635 2.73 2.826 2.921 3.016 3.111 3.203 3.273 3.343 3.413 3.483 3.559 3.637 3.715 3.793 3.944 4.138 4.332 4.525 4.719 4.913 5.106 5.3 5.493 5.687 5.881 6.074 6.296 6.56 6.825 7.089 7.354 7.618 7.883 8.147 8.411 8.676 8.94 9.205 9.469 9.612 9.726 9.841 9.955 10.138 10.323 10.509 10.714 10.995 11.277 11.558 11.84 12.121 12.402 12.684 12.965 13.246 13.528 13.809 14.09 14.348 14.585 14.822 15.058 15.295 15.531 15.768 16.005 16.241 16.478 16.715 16.951 17.188 17.406 17.605 17.804 17.995 18.119 18.243 18.367 18.573 18.8 19.027 19.255 19.482 19.71 19.937 20.164 20.392 20.619 20.847 21.074 21.302 21.435 21.52 21.604 21.669 21.72 21.77 21.821 21.871 21.922 21.972 22.022 22.073 22.123 22.174 22.224 22.275 22.306 22.271 22.237 22.203 22.169 22.134 22.1 22.066 22.031 21.997 21.963 21.929 21.894 21.86 21.857 21.887 21.917 21.957 22.001
2.147 2.083 2.063 2.158 2.253 2.348 2.443 2.538 2.634 2.729 2.824 2.919 3.014 3.109 3.18 3.25 3.32 3.39 3.46 3.536 3.614 3.692 3.77 3.847 4.022 4.216 4.41 4.603 4.797 4.991 5.184 5.378 5.572 5.765 5.959 6.182 6.446 6.71 6.975 7.239 7.504 7.768 8.033 8.297 8.562 8.826 9.09 9.255 9.369 9.484 9.598 9.713 9.897 10.082 10.268 10.453 10.678 10.96 11.241 11.522 11.804 12.085 12.366 12.648 12.929 13.21 13.492 13.773 14.03 14.267 14.503 14.74 14.977 15.213 15.45 15.687 15.923 16.16 16.397 16.633 16.857 17.056 17.255 17.453 17.644 17.768 17.892 18.016 18.14 18.366 18.594 18.821 19.048 19.276 19.503 19.731 19.958 20.185 20.413 20.64 20.868 20.999 21.083 21.168 21.253 21.311 21.361 21.412 21.462 21.513 21.563 21.613 21.664 21.714 21.765 21.815 21.866 21.895 21.861 21.827 21.792 21.758 21.724 21.69 21.655 21.621 21.587 21.552 21.518 21.484 21.472 21.502 21.531 21.561 21.602 21.645
2.142 2.079 2.061 2.156 2.251 2.346 2.441 2.537 2.632 2.727 2.822 2.917 3.012 3.087 3.157 3.226 3.296 3.366 3.436 3.513 3.591 3.669 3.746 3.824 3.907 4.101 4.294 4.488 4.682 4.875 5.069 5.263 5.456 5.65 5.843 6.067 6.332 6.596 6.861 7.125 7.39 7.654 7.918 8.183 8.447 8.712 8.898 9.013 9.127 9.242 9.356 9.471 9.656 9.841 10.027 10.212 10.398 10.642 10.924 11.205 11.486 11.768 12.049 12.33 12.612 12.893 13.174 13.456 13.712 13.949 14.185 14.422 14.659 14.895 15.132 15.369 15.605 15.842 16.079 16.308 16.507 16.705 16.904 17.103 17.292 17.416 17.54 17.664 17.788 17.932 18.16 18.387 18.614 18.842 19.069 19.297 19.524 19.751 19.979 20.206 20.434 20.562 20.647 20.732 20.817 20.901 20.952 21.003 21.053 21.104 21.154 21.204 21.255 21.305 21.356 21.406 21.457 21.485 21.45 21.416 21.382 21.348 21.313 21.279 21.245 21.211 21.176 21.142 21.108 21.086 21.116 21.146 21.175 21.205 21.246 21.289
2.138 2.074 2.059 2.154 2.249 2.345 2.44 2.535 2.63 2.725 2.82 2.915 2.993 3.063 3.133 3.203 3.273 3.343 3.413 3.49 3.568 3.645 3.723 3.801 3.879 3.985 4.179 4.373 4.566 4.76 4.953 5.147 5.341 5.534 5.728 5.953 6.217 6.482 6.746 7.011 7.275 7.54 7.804 8.069 8.333 8.542 8.656 8.771 8.885 9.0 9.114 9.23 9.415 9.601 9.786 9.971 10.157 10.342 10.606 10.888 11.169 11.45 11.732 12.013 12.294 12.576 12.857 13.139 13.394 13.631 13.867 14.104 14.341 14.577 14.814 15.051 15.287 15.524 15.759 15.958 16.156 16.355 16.554 16.753 16.941 17.065 17.189 17.313 17.437 17.561 17.726 17.953 18.181 18.408 18.635 18.863 19.09 19.318 19.545 19.772 20.0 20.126 20.211 20.295 20.38 20.465 20.543 20.594 20.644 20.695 20.745 20.795 20.846 20.896 20.947 20.997 21.048 21.074 21.04 21.006 20.971 20.937 20.903 20.869 20.834 20.8 20.766 20.732 20.701 20.73 20.76 20.79 20.82 20.849 20.891 20.934
2.134 2.07 2.057 2.152 2.248 2.343 2.438 2.533 2.628 2.723 2.818 2.9 2.97 3.04 3.11 3.18 3.25 3.32 3.39 3.467 3.545 3.622 3.7 3.778 3.856 3.934 4.063 4.257 4.451 4.644 4.838 5.032 5.225 5.419 5.613 5.839 6.103 6.368 6.632 6.896 7.161 7.425 7.69 7.954 8.185 8.3 8.414 8.529 8.643 8.758 8.872 8.989 9.174 9.36 9.545 9.731 9.916 10.101 10.289 10.57 10.852 11.133 11.414 11.696 11.977 12.259 12.54 12.821 13.076 13.313 13.549 13.786 14.023 14.259 14.496 14.733 14.969 15.206 15.408 15.607 15.806 16.005 16.204 16.403 16.589 16.713 16.837 16.961 17.085 17.209 17.333 17.519 17.747 17.974 18.201 18.429 18.656 18.884 19.111 19.338 19.566 19.69 19.774 19.859 19.944 20.029 20.113 20.185 20.235 20.286 20.336 20.386 20.437 20.487 20.538 20.588 20.639 20.664 20.63 20.595 20.561 20.527 20.492 20.458 20.424 20.39 20.355 20.321 20.345 20.375 20.404 20.434 20.464 20.494 20.535 20.578
2.129 2.066 2.055 2.151 2.246 2.341 2.436 2.531 2.626 2.721 2.807 2.877 2.947 3.017 3.087 3.157 3.227 3.297 3.366 3.444 3.521 3.599 3.677 3.755 3.833 3.91 3.988 4.142 4.335 4.529 4.723 4.916 5.11 5.303 5.497 5.724 5.989 6.253 6.518 6.782 7.047 7.311 7.576 7.829 7.943 8.058 8.172 8.287 8.401 8.516 8.63 8.748 8.933 9.119 9.304 9.49 9.675 9.861 10.046 10.253 10.535 10.816 11.097 11.379 11.66 11.941 12.223 12.504 12.758 12.995 13.231 13.468 13.705 13.941 14.178 14.415 14.651 14.859 15.058 15.257 15.456 15.655 15.854 16.052 16.238 16.362 16.486 16.61 16.734 16.857 16.981 17.105 17.313 17.54 17.768 17.995 18.222 18.45 18.677 18.905 19.132 19.253 19.338 19.423 19.508 19.592 19.677 19.762 19.826 19.877 19.927 19.977 20.028 20.078 20.129 20.179 20.23 20.253 20.219 20.185 20.151 20.116 20.082 20.048 20.013 19.979 19.945 19.959 19.989 20.019 20.048 20.078 20.108 20.138 20.179 20.223
2.125 2.061 2.054 2.149 2.244 2.339 2.434 2.529 2.625 2.714 2.784 2.854 2.924 2.994 3.064 3.133 3.203 3.273 3.343 3.42 3.498 3.576 3.654 3.732 3.81 3.887 3.965 4.043 4.22 4.413 4.607 4.801 4.994 5.188 5.382 5.61 5.875 6.139 6.403 6.668 6.932 7.197 7.461 7.587 7.701 7.816 7.93 8.045 8.159 8.274 8.388 8.507 8.693 8.878 9.063 9.249 9.434 9.62 9.805 9.991 10.217 10.499 10.78 11.061 11.343 11.624 11.905 12.187 12.44 12.677 12.913 13.15 13.387 13.623 13.86 14.097 14.31 14.509 14.708 14.907 15.106 15.304 15.503 15.702 15.886 16.01 16.134 16.258 16.382 16.506 16.63 16.754 16.879 17.106 17.334 17.561 17.788 18.016 18.243 18.471 18.698 18.817 18.902 18.986 19.071 19.156 19.241 19.326 19.41 19.468 19.518 19.568 19.619 19.669 19.72 19.77 19.821 19.843 19.809 19.774 19.74 19.706 19.672 19.637 19.603 19.569 19.574 19.603 19.633 19.663 19.693 19.722 19.752 19.782 19.824 19.867
2.121 2.057 2.052 2.147 2.242 2.337 2.432 2.528 2.621 2.691 2.761 2.83 2.9 2.97 3.04 3.11 3.18 3.25 3.32 3.397 3.475 3.553 3.631 3.709 3.786 3.864 3.942 4.02 4.104 4.298 4.492 4.685 4.879 5.073 5.266 5.496 5.76 6.025 6.289 6.554 6.818 7.082 7.23 7.345 7.459 7.574 7.688 7.803 7.917 8.032 8.146 8.266 8.452 8.637 8.823 9.008 9.193 9.379 9.564 9.75 9.935 10.181 10.463 10.744 11.025 11.307 11.588 11.869 12.122 12.359 12.595 12.832 13.069 13.305 13.542 13.761 13.96 14.159 14.358 14.557 14.755 14.954 15.153 15.352 15.535 15.659 15.783 15.907 16.031 16.154 16.278 16.402 16.526 16.672 16.9 17.127 17.355 17.582 17.809 18.037 18.264 18.381 18.465 18.55 18.635 18.72 18.804 18.889 18.974 19.059 19.109 19.159 19.21 19.26 19.311 19.361 19.412 19.432 19.398 19.364 19.33 19.295 19.261 19.227 19.193 19.188 19.218 19.248 19.277 19.307 19.337 19.367 19.396 19.426 19.468 19.511
2.116 2.053 2.05 2.145 2.24 2.336 2.431 2.526 2.597 2.667 2.737 2.807 2.877 2.947 3.017 3.087 3.157 3.227 3.297 3.374 3.452 3.53 3.608 3.685 3.763 3.841 3.919 3.997 4.075 4.183 4.376 4.57 4.763 4.957 5.151 5.381 5.646 5.91 6.175 6.439 6.704 6.874 6.988 7.103 7.217 7.332 7.446 7.561 7.675 7.79 7.904 8.025 8.211 8.396 8.582 8.767 8.953 9.138 9.323 9.509 9.694 9.88 10.145 10.427 10.708 10.989 11.271 11.552 11.804 12.041 12.277 12.514 12.751 12.987 13.212 13.411 13.61 13.809 14.007 14.206 14.405 14.604 14.803 15.002 15.183 15.307 15.431 15.555 15.679 15.803 15.927 16.051 16.175 16.299 16.466 16.693 16.921 17.148 17.375 17.603 17.83 17.944 18.029 18.114 18.199 18.283 18.368 18.453 18.538 18.623 18.7 18.75 18.801 18.851 18.902 18.952 19.003 19.022 18.988 18.953 18.919 18.885 18.851 18.816 18.803 18.832 18.862 18.892 18.922 18.951 18.981 19.011 19.041 19.07 19.113 19.156
2.112 2.048 2.048 2.143 2.239 2.334 2.429 2.504 2.574 2.644 2.714 2.784 2.854 2.924 2.994 3.064 3.134 3.204 3.273 3.351 3.429 3.507 3.584 3.662 3.74 3.818 3.896 3.974 4.051 4.129 4.261 4.454 4.648 4.842 5.035 5.267 5.532 5.796 6.061 6.325 6.517 6.632 6.746 6.861 6.975 7.09 7.204 7.319 7.433 7.548 7.662 7.784 7.97 8.155 8.341 8.526 8.712 8.897 9.083 9.268 9.454 9.639 9.828 10.109 10.391 10.672 10.954 11.235 11.486 11.723 11.959 12.196 12.433 12.663 12.862 13.061 13.26 13.458 13.657 13.856 14.055 14.254 14.452 14.651 14.832 14.956 15.08 15.204 15.327 15.451 15.575 15.699 15.823 15.947 16.071 16.259 16.487 16.714 16.942 17.169 17.396 17.508 17.593 17.677 17.762 17.847 17.932 18.017 18.101 18.186 18.271 18.341 18.392 18.442 18.493 18.543 18.594 18.612 18.577 18.543 18.509 18.474 18.44 18.417 18.447 18.476 18.506 18.536 18.566 18.595 18.625 18.655 18.685 18.714 18.757 18.8
2.108 2.044 2.046 2.142 2.237 2.332 2.411 2.481 2.551 2.621 2.691 2.761 2.831 2.901 2.97 3.04 3.11 3.18 3.25 3.328 3.406 3.484 3.561 3.639 3.717 3.795 3.873 3.95 4.028 4.106 4.184 4.339 4.533 4.726 4.92 5.153 5.417 5.682 5.946 6.161 6.275 6.39 6.504 6.619 6.733 6.848 6.962 7.077 7.191 7.306 7.42 7.544 7.729 7.915 8.1 8.285 8.471 8.656 8.842 9.027 9.213 9.398 9.584 9.792 10.074 10.355 10.636 10.918 11.168 11.405 11.641 11.878 12.114 12.313 12.512 12.71 12.909 13.108 13.307 13.506 13.705 13.903 14.102 14.301 14.48 14.604 14.728 14.852 14.976 15.1 15.224 15.348 15.472 15.596 15.719 15.843 16.053 16.28 16.508 16.735 16.962 17.072 17.156 17.241 17.326 17.411 17.496 17.58 17.665 17.75 17.835 17.919 17.983 18.033 18.084 18.134 18.185 18.201 18.167 18.133 18.098 18.064 18.031 18.061 18.091 18.121 18.15 18.18 18.21 18.24 18.269 18.299 18.329 18.359 18.401 18.445
2.103 2.04 2.045 2.14 2.235 2.318 2.388 2.458 2.528 2.598 2.667 2.737 2.807 2.877 2.947 3.017 3.087 3.157 3.227 3.305 3.383 3.46 3.538 3.616 3.694 3.772 3.85 3.927 4.005 4.083 4.161 4.239 4.417 4.611 4.804 5.039 5.303 5.567 5.804 5.919 6.033 6.148 6.262 6.377 6.491 6.606 6.72 6.835 6.949 7.064 7.178 7.303 7.488 7.674 7.859 8.045 8.23 8.415 8.601 8.786 8.972 9.157 9.343 9.528 9.756 10.038 10.319 10.6 10.85 11.087 11.323 11.56 11.764 11.963 12.161 12.36 12.559 12.758 12.957 13.155 13.354 13.553 13.752 13.951 14.129 14.253 14.377 14.5 14.624 14.748 14.872 14.996 15.12 15.244 15.368 15.492 15.619 15.846 16.074 16.301 16.529 16.635 16.72 16.805 16.89 16.974 17.059 17.144 17.229 17.314 17.398 17.483 17.568 17.624 17.675 17.725 17.776 17.791 17.756 17.722 17.688 17.654 17.676 17.705 17.735 17.765 17.795 17.824 17.854 17.884 17.914 17.943 17.973 18.003 18.046 18.089
2.099 2.036 2.043 2.138 2.225 2.295 2.365 2.434 2.504 2.574 2.644 2.714 2.784 2.854 2.924 2.994 3.064 3.134 3.204 3.282 3.359 3.437 3.515 3.593 3.671 3.749 3.826 3.904 3.982 4.06 4.138 4.216 4.302 4.495 4.689 4.924 5.189 5.448 5.562 5.677 5.791 5.906 6.02 6.135 6.249 6.364 6.478 6.593 6.707 6.822 6.936 7.062 7.247 7.433 7.618 7.804 7.989 8.175 8.36 8.545 8.731 8.916 9.102 9.287 9.473 9.72 10.002 10.283 10.532 10.769 11.005 11.215 11.413 11.612 11.811 12.01 12.209 12.408 12.606 12.805 13.004 13.203 13.402 13.6 13.777 13.901 14.025 14.149 14.273 14.397 14.521 14.645 14.769 14.893 15.016 15.14 15.264 15.412 15.64 15.867 16.095 16.199 16.284 16.368 16.453 16.538 16.623 16.708 16.792 16.877 16.962 17.047 17.132 17.215 17.266 17.316 17.367 17.38 17.346 17.312 17.277 17.29 17.32 17.35 17.379 17.409 17.439 17.469 17.498 17.528 17.558 17.587 17.617 17.647 17.69 17.734
2.095 2.031 2.041 2.131 2.201 2.271 2.341 2.411 2.481 2.551 2.621 2.691 2.761 2.831 2.901 2.971 3.041 3.11 3.181 3.258 3.336 3.414 3.492 3.57 3.648 3.725 3.803 3.881 3.959 4.037 4.115 4.192 4.27 4.38 4.574 4.81 5.074 5.206 5.32 5.435 5.549 5.664 5.778 5.893 6.007 6.122 6.236 6.351 6.465 6.58 6.694 6.821 7.006 7.192 7.377 7.563 7.748 7.934 8.119 8.305 8.49 8.676 8.861 9.046 9.232 9.417 9.684 9.966 10.214 10.451 10.666 10.864 11.063 11.262 11.461 11.66 11.858 12.057 12.256 12.455 12.654 12.853 13.051 13.25 13.426 13.55 13.674 13.797 13.921 14.045 14.169 14.293 14.417 14.541 14.665 14.789 14.913 15.037 15.206 15.433 15.661 15.763 15.847 15.932 16.017 16.102 16.187 16.271 16.356 16.441 16.526 16.61 16.695 16.78 16.857 16.907 16.958 16.97 16.935 16.901 16.904 16.934 16.964 16.994 17.023 17.053 17.083 17.113 17.142 17.172 17.202 17.232 17.261 17.291 17.335 17.378
2.09 2.027 2.038 2.108 2.178 2.248 2.318 2.388 2.458 2.528 2.598 2.668 2.738 2.808 2.877 2.947 3.017 3.087 3.158 3.235 3.313 3.391 3.469 3.547 3.624 3.702 3.78 3.858 3.936 4.014 4.091 4.169 4.247 4.325 4.458 4.696 4.849 4.964 5.078 5.193 5.307 5.422 5.536 5.651 5.765 5.88 5.994 6.109 6.223 6.338 6.452 6.58 6.766 6.951 7.137 7.322 7.507 7.693 7.878 8.064 8.249 8.435 8.62 8.806 8.991 9.176 9.367 9.649 9.896 10.116 10.315 10.514 10.713 10.912 11.111 11.309 11.508 11.707 11.906 12.105 12.303 12.502 12.701 12.9 13.074 13.198 13.322 13.446 13.57 13.694 13.818 13.942 14.066 14.189 14.313 14.437 14.561 14.685 14.809 14.999 15.227 15.326 15.411 15.496 15.581 15.665 15.75 15.835 15.92 16.005 16.089 16.174 16.259 16.344 16.428 16.498 16.549 16.559 16.525 16.519 16.549 16.578 16.608 16.638 16.668 16.697 16.727 16.757 16.787 16.816 16.846 16.876 16.906 16.936 16.979 17.022
2.112 2.048 2.049 2.118 2.187 2.255 2.324 2.393 2.462 2.53 2.599 2.668 2.737 2.806 2.874 2.943 3.012 3.081 3.125 3.195 3.275 3.354 3.433 3.512 3.592 3.671 3.75 3.829 3.908 3.988 4.067 4.146 4.224 4.302 4.38 4.492 4.607 4.722 4.836 4.951 5.065 5.18 5.294 5.409 5.523 5.638 5.752 5.867 5.981 6.096 6.21 6.339 6.525 6.71 6.896 7.081 7.267 7.452 7.637 7.823 8.008 8.194 8.379 8.565 8.75 8.936 9.121 9.331 9.567 9.766 9.965 10.164 10.363 10.561 10.76 10.959 11.158 11.357 11.556 11.754 11.953 12.152 12.351 12.55 12.723 12.847 12.97 13.094 13.218 13.342 13.466 13.59 13.714 13.838 13.962 14.086 14.21 14.334 14.458 14.581 14.793 14.89 14.975 15.059 15.144 15.229 15.314 15.399 15.483 15.568 15.653 15.738 15.823 15.907 15.992 16.077 16.14 16.149 16.133 16.163 16.193 16.223 16.252 16.282 16.312 16.342 16.371 16.401 16.431 16.461 16.49 16.52 16.55 16.58 16.624 16.667
2.16 2.095 2.099 2.168 2.236 2.305 2.374 2.443 2.512 2.58 2.649 2.718 2.787 2.855 2.924 2.993 3.062 3.12 3.082 3.086 3.166 3.245 3.324 3.403 3.482 3.562 3.641 3.72 3.799 3.878 3.958 4.037 4.116 4.195 4.275 4.375 4.488 4.6 4.712 4.825 4.937 5.049 5.162 5.274 5.386 5.499 5.611 5.723 5.836 5.948 6.06 6.096 6.244 6.43 6.617 6.803 6.99 7.176 7.363 7.549 7.736 7.922 8.108 8.295 8.481 8.668 8.854 9.041 9.236 9.434 9.632 9.83 10.028 10.226 10.424 10.622 10.82 11.018 11.216 11.414 11.612 11.81 12.008 12.206 12.37 12.494 12.618 12.742 12.866 12.99 13.114 13.239 13.363 13.486 13.61 13.734 13.858 13.982 14.106 14.23 14.359 14.454 14.538 14.623 14.708 14.793 14.878 14.962 15.047 15.132 15.217 15.301 15.386 15.471 15.556 15.641 15.725 15.748 15.778 15.807 15.837 15.867 15.897 15.926 15.956 15.986 16.015 16.045 16.075 16.105 16.134 16.164 16.194 16.225 16.268 16.311
2.207 2.143 2.149 2.217 2.286 2.355 2.424 2.493 2.561 2.63 2.699 2.768 2.836 2.905 2.974 3.043 3.111 3.076 3.038 3.035 3.056 3.136 3.215 3.294 3.373 3.452 3.532 3.611 3.69 3.769 3.849 3.928 4.007 4.086 4.165 4.267 4.379 4.491 4.604 4.716 4.828 4.941 5.053 5.165 5.278 5.39 5.502 5.615 5.727 5.839 5.877 5.889 5.957 6.129 6.315 6.502 6.688 6.875 7.061 7.247 7.434 7.62 7.807 7.993 8.18 8.366 8.553 8.739 8.935 9.133 9.331 9.529 9.727 9.925 10.123 10.321 10.519 10.717 10.915 11.113 11.311 11.509 11.707 11.883 12.012 12.136 12.26 12.384 12.508 12.632 12.756 12.88 13.004 13.128 13.252 13.376 13.5 13.624 13.748 13.872 14.02 14.107 14.19 14.273 14.356 14.439 14.522 14.605 14.688 14.771 14.854 14.937 15.02 15.103 15.186 15.269 15.352 15.414 15.443 15.472 15.501 15.53 15.56 15.589 15.618 15.647 15.676 15.705 15.734 15.763 15.792 15.821 15.85 15.88 15.923 15.966
2.255 2.191 2.199 2.267 2.336 2.405 2.474 2.542 2.611 2.68 2.749 2.817 2.886 2.955 3.024 3.092 3.074 3.032 2.995 2.992 2.988 3.027 3.106 3.185 3.264 3.343 3.423 3.502 3.581 3.66 3.739 3.819 3.898 3.977 4.056 4.158 4.271 4.383 4.495 4.608 4.72 4.832 4.945 5.057 5.169 5.282 5.394 5.506 5.618 5.673 5.668 5.682 5.75 5.827 6.013 6.2 6.386 6.573 6.759 6.946 7.132 7.319 7.505 7.692 7.878 8.064 8.251 8.437 8.633 8.831 9.029 9.227 9.425 9.623 9.821 10.019 10.217 10.415 10.613 10.811 11.009 11.207 11.394 11.525 11.653 11.777 11.901 12.026 12.15 12.274 12.398 12.522 12.646 12.77 12.894 13.018 13.142 13.266 13.39 13.532 13.692 13.778 13.861 13.944 14.027 14.11 14.193 14.276 14.359 14.442 14.525 14.608 14.69 14.773 14.856 14.939 15.011 15.075 15.127 15.156 15.185 15.214 15.243 15.272 15.301 15.33 15.359 15.388 15.417 15.446 15.475 15.505 15.534 15.564 15.607 15.649
2.303 2.238 2.248 2.317 2.386 2.455 2.523 2.592 2.661 2.73 2.798 2.867 2.936 3.005 3.073 3.071 3.03 2.988 2.952 2.948 2.945 2.942 2.997 3.076 3.155 3.234 3.313 3.393 3.472 3.551 3.63 3.71 3.789 3.868 3.947 4.05 4.162 4.274 4.387 4.499 4.611 4.724 4.836 4.948 5.061 5.173 5.285 5.398 5.469 5.465 5.46 5.475 5.543 5.61 5.712 5.898 6.085 6.271 6.458 6.644 6.831 7.017 7.203 7.39 7.576 7.763 7.949 8.136 8.332 8.53 8.728 8.926 9.124 9.322 9.52 9.718 9.916 10.114 10.312 10.51 10.708 10.904 11.035 11.167 11.295 11.419 11.543 11.667 11.791 11.915 12.039 12.163 12.287 12.411 12.535 12.659 12.783 12.908 13.045 13.205 13.364 13.449 13.532 13.615 13.698 13.781 13.864 13.947 14.029 14.112 14.195 14.278 14.361 14.444 14.527 14.601 14.671 14.735 14.794 14.839 14.868 14.897 14.926 14.955 14.985 15.014 15.043 15.072 15.101 15.13 15.159 15.188 15.217 15.248 15.29 15.333
2.35 2.286 2.298 2.367 2.436 2.504 2.573 2.642 2.711 2.779 2.848 2.917 2.986 3.054 3.069 3.027 2.986 2.944 2.908 2.905 2.902 2.898 2.895 2.967 3.046 3.125 3.204 3.284 3.363 3.442 3.521 3.6 3.68 3.759 3.838 3.941 4.053 4.166 4.278 4.39 4.503 4.615 4.727 4.84 4.952 5.064 5.177 5.266 5.261 5.256 5.251 5.267 5.335 5.403 5.471 5.597 5.783 5.97 6.156 6.342 6.529 6.715 6.902 7.088 7.275 7.461 7.648 7.834 8.03 8.228 8.426 8.624 8.822 9.021 9.219 9.417 9.615 9.813 10.011 10.209 10.407 10.546 10.677 10.808 10.937 11.061 11.185 11.309 11.433 11.557 11.681 11.805 11.929 12.053 12.177 12.301 12.425 12.557 12.717 12.877 13.037 13.12 13.203 13.285 13.368 13.451 13.534 13.617 13.7 13.783 13.866 13.949 14.032 14.115 14.191 14.26 14.33 14.394 14.453 14.513 14.552 14.581 14.61 14.639 14.668 14.697 14.726 14.755 14.784 14.813 14.842 14.871 14.901 14.932 14.974 15.017
2.398 2.334 2.348 2.417 2.485 2.554 2.623 2.692 2.76 2.829 2.898 2.967 3.036 3.066 3.025 2.983 2.942 2.9 2.865 2.862 2.858 2.855 2.852 2.858 2.937 3.016 3.095 3.174 3.254 3.333 3.412 3.491 3.571 3.65 3.729 3.833 3.945 4.057 4.169 4.282 4.394 4.506 4.619 4.731 4.843 4.956 5.062 5.058 5.053 5.048 5.043 5.06 5.128 5.196 5.264 5.332 5.481 5.668 5.854 6.041 6.227 6.414 6.6 6.787 6.973 7.16 7.346 7.532 7.729 7.927 8.125 8.323 8.521 8.719 8.917 9.115 9.313 9.511 9.709 9.907 10.056 10.187 10.319 10.45 10.578 10.702 10.826 10.95 11.074 11.198 11.322 11.446 11.571 11.695 11.819 11.943 12.069 12.229 12.389 12.549 12.707 12.79 12.873 12.956 13.039 13.122 13.205 13.288 13.371 13.454 13.537 13.62 13.703 13.78 13.85 13.92 13.99 14.053 14.113 14.172 14.231 14.264 14.293 14.322 14.351 14.381 14.41 14.439 14.468 14.497 14.526 14.555 14.584 14.615 14.658 14.7
2.446 2.381 2.398 2.466 2.535 2.604 2.673 2.742 2.81 2.879 2.948 3.017 3.063 3.022 2.981 2.939 2.898 2.856 2.822 2.818 2.815 2.812 2.808 2.805 2.828 2.907 2.986 3.065 3.145 3.224 3.303 3.382 3.461 3.541 3.62 3.724 3.836 3.949 4.061 4.173 4.286 4.398 4.51 4.623 4.735 4.847 4.854 4.849 4.844 4.839 4.834 4.853 4.921 4.989 5.057 5.125 5.192 5.366 5.553 5.739 5.926 6.112 6.299 6.485 6.671 6.858 7.044 7.231 7.428 7.626 7.824 8.022 8.22 8.418 8.616 8.814 9.012 9.21 9.408 9.567 9.698 9.829 9.961 10.092 10.22 10.344 10.468 10.592 10.716 10.84 10.964 11.088 11.212 11.336 11.46 11.584 11.741 11.901 12.061 12.221 12.378 12.461 12.544 12.627 12.71 12.793 12.876 12.959 13.042 13.125 13.208 13.291 13.37 13.44 13.51 13.58 13.649 13.713 13.772 13.831 13.891 13.948 13.977 14.006 14.035 14.064 14.093 14.122 14.151 14.18 14.209 14.238 14.267 14.299 14.341 14.384
2.493 2.429 2.447 2.516 2.585 2.654 2.723 2.791 2.86 2.929 2.998 3.061 3.019 2.978 2.937 2.895 2.854 2.812 2.778 2.775 2.772 2.768 2.765 2.762 2.758 2.798 2.877 2.956 3.035 3.115 3.194 3.273 3.352 3.431 3.511 3.615 3.728 3.84 3.952 4.065 4.177 4.289 4.402 4.514 4.626 4.65 4.646 4.641 4.636 4.631 4.626 4.646 4.714 4.781 4.849 4.917 4.985 5.065 5.251 5.438 5.624 5.81 5.997 6.183 6.37 6.556 6.743 6.929 7.126 7.324 7.522 7.72 7.918 8.116 8.314 8.512 8.71 8.908 9.077 9.208 9.34 9.471 9.602 9.734 9.861 9.985 10.109 10.233 10.358 10.482 10.606 10.73 10.854 10.978 11.102 11.254 11.414 11.573 11.733 11.893 12.049 12.132 12.215 12.298 12.381 12.464 12.547 12.63 12.713 12.796 12.879 12.96 13.03 13.1 13.169 13.239 13.309 13.372 13.432 13.491 13.55 13.609 13.66 13.689 13.718 13.747 13.776 13.806 13.835 13.864 13.893 13.922 13.951 13.983 14.025 14.068
2.541 2.477 2.497 2.566 2.635 2.704 2.772 2.841 2.91 2.979 3.047 3.017 2.975 2.934 2.893 2.851 2.81 2.768 2.735 2.732 2.728 2.725 2.722 2.718 2.715 2.712 2.768 2.847 2.926 3.006 3.085 3.164 3.243 3.322 3.402 3.507 3.619 3.731 3.844 3.956 4.068 4.181 4.293 4.405 4.447 4.442 4.437 4.432 4.427 4.422 4.417 4.438 4.506 4.574 4.642 4.71 4.778 4.846 4.949 5.136 5.322 5.509 5.695 5.882 6.068 6.255 6.441 6.628 6.825 7.023 7.221 7.419 7.617 7.815 8.013 8.211 8.409 8.587 8.719 8.85 8.981 9.113 9.244 9.375 9.503 9.627 9.751 9.875 9.999 10.123 10.247 10.371 10.495 10.619 10.766 10.926 11.086 11.245 11.405 11.565 11.72 11.803 11.886 11.969 12.052 12.135 12.218 12.301 12.384 12.466 12.549 12.62 12.689 12.759 12.829 12.899 12.969 13.032 13.091 13.15 13.21 13.269 13.328 13.373 13.402 13.431 13.46 13.489 13.518 13.547 13.576 13.605 13.634 13.666 13.709 13.751
2.589 2.524 2.547 2.616 2.685 2.753 2.822 2.891 2.96 3.028 3.014 2.973 2.931 2.89 2.849 2.807 2.766 2.724 2.692 2.688 2.685 2.682 2.678 2.675 2.672 2.668 2.665 2.738 2.817 2.896 2.976 3.055 3.134 3.213 3.292 3.398 3.511 3.623 3.735 3.847 3.96 4.072 4.184 4.243 4.239 4.234 4.229 4.224 4.219 4.214 4.209 4.231 4.299 4.367 4.435 4.503 4.571 4.639 4.707 4.834 5.021 5.207 5.394 5.58 5.766 5.953 6.139 6.326 6.523 6.721 6.919 7.117 7.315 7.513 7.711 7.909 8.098 8.229 8.36 8.492 8.623 8.754 8.886 9.017 9.145 9.269 9.393 9.517 9.641 9.765 9.889 10.013 10.137 10.278 10.438 10.598 10.758 10.918 11.077 11.237 11.391 11.474 11.557 11.64 11.723 11.805 11.888 11.971 12.054 12.137 12.209 12.279 12.349 12.419 12.489 12.558 12.628 12.691 12.75 12.81 12.869 12.928 12.988 13.047 13.085 13.114 13.143 13.172 13.202 13.231 13.26 13.289 13.318 13.35 13.393 13.435
2.636 2.572 2.597 2.666 2.734 2.803 2.872 2.941 3.009 3.012 2.97 2.929 2.887 2.846 2.805 2.763 2.722 2.68 2.648 2.645 2.642 2.638 2.635 2.632 2.628 2.625 2.622 2.629 2.708 2.787 2.866 2.946 3.025 3.104 3.183 3.29 3.402 3.514 3.627 3.739 3.851 3.964 4.04 4.035 4.03 4.025 4.02 4.015 4.01 4.006 4.001 4.024 4.092 4.16 4.228 4.296 4.364 4.431 4.499 4.567 4.719 4.905 5.092 5.278 5.465 5.651 5.838 6.024 6.222 6.42 6.618 6.816 7.014 7.212 7.41 7.608 7.739 7.871 8.002 8.133 8.265 8.396 8.527 8.659 8.786 8.91 9.034 9.158 9.282 9.406 9.53 9.654 9.791 9.95 10.11 10.27 10.43 10.59 10.75 10.909 11.061 11.144 11.227 11.31 11.393 11.476 11.559 11.642 11.725 11.799 11.869 11.939 12.009 12.078 12.148 12.218 12.288 12.351 12.41 12.469 12.528 12.588 12.647 12.706 12.766 12.798 12.827 12.856 12.885 12.914 12.943 12.972 13.001 13.034 13.076 13.119
2.684 2.62 2.647 2.715 2.784 2.853 2.922 2.99 3.009 2.968 2.926 2.885 2.844 2.802 2.761 2.719 2.678 2.636 2.605 2.602 2.598 2.595 2.592 2.588 2.585 2.582 2.578 2.575 2.599 2.678 2.757 2.837 2.916 2.995 3.074 3.181 3.293 3.406 3.518 3.63 3.743 3.836 3.831 3.827 3.822 3.817 3.812 3.807 3.802 3.797 3.792 3.817 3.885 3.953 4.02 4.088 4.156 4.224 4.292 4.36 4.428 4.604 4.79 4.977 5.163 5.35 5.536 5.723 5.92 6.118 6.316 6.514 6.712 6.91 7.108 7.25 7.381 7.512 7.644 7.775 7.906 8.038 8.169 8.3 8.428 8.552 8.676 8.8 8.924 9.048 9.172 9.303 9.463 9.622 9.782 9.942 10.102 10.262 10.422 10.582 10.732 10.815 10.898 10.981 11.064 11.147 11.23 11.313 11.389 11.459 11.529 11.598 11.668 11.738 11.808 11.878 11.947 12.01 12.069 12.129 12.188 12.247 12.306 12.366 12.425 12.481 12.51 12.539 12.568 12.597 12.627 12.656 12.685 12.717 12.76 12.802
2.732 2.667 2.696 2.765 2.834 2.903 2.972 3.007 2.965 2.924 2.882 2.841 2.8 2.758 2.717 2.675 2.634 2.593 2.562 2.558 2.555 2.552 2.548 2.545 2.542 2.538 2.535 2.532 2.528 2.569 2.648 2.727 2.807 2.886 2.965 3.072 3.185 3.297 3.409 3.522 3.633 3.628 3.623 3.618 3.613 3.608 3.603 3.598 3.594 3.589 3.584 3.609 3.677 3.745 3.813 3.881 3.949 4.017 4.085 4.153 4.221 4.302 4.489 4.675 4.862 5.048 5.234 5.421 5.619 5.817 6.015 6.213 6.411 6.609 6.76 6.891 7.023 7.154 7.285 7.417 7.548 7.679 7.811 7.942 8.069 8.193 8.317 8.441 8.565 8.69 8.815 8.975 9.135 9.295 9.454 9.614 9.774 9.934 10.094 10.254 10.403 10.486 10.569 10.652 10.735 10.818 10.901 10.979 11.049 11.118 11.188 11.258 11.328 11.398 11.467 11.537 11.607 11.669 11.729 11.788 11.847 11.907 11.966 12.025 12.084 12.144 12.194 12.223 12.252 12.281 12.31 12.339 12.368 12.401 12.444 12.486
2.779 2.715 2.746 2.815 2.884 2.953 3.004 2.963 2.921 2.88 2.838 2.797 2.756 2.714 2.673 2.631 2.59 2.549 2.518 2.515 2.512 2.508 2.505 2.502 2.498 2.495 2.492 2.488 2.485 2.482 2.539 2.618 2.698 2.777 2.856 2.964 3.076 3.189 3.301 3.413 3.424 3.42 3.415 3.41 3.405 3.4 3.395 3.39 3.385 3.38 3.375 3.402 3.47 3.538 3.606 3.674 3.742 3.81 3.878 3.946 4.014 4.081 4.187 4.373 4.56 4.746 4.933 5.119 5.317 5.515 5.713 5.911 6.109 6.271 6.402 6.533 6.665 6.796 6.927 7.059 7.19 7.321 7.452 7.584 7.711 7.835 7.959 8.083 8.207 8.331 8.487 8.647 8.807 8.967 9.127 9.286 9.446 9.606 9.766 9.926 10.074 10.157 10.24 10.323 10.406 10.489 10.569 10.638 10.708 10.778 10.848 10.918 10.987 11.057 11.127 11.197 11.267 11.329 11.388 11.447 11.507 11.566 11.625 11.685 11.744 11.803 11.862 11.906 11.935 11.964 11.993 12.023 12.052 12.085 12.127 12.17
2.827 2.763 2.796 2.865 2.934 3.001 2.96 2.919 2.877 2.836 2.794 2.753 2.712 2.67 2.629 2.587 2.546 2.505 2.475 2.471 2.468 2.465 2.462 2.458 2.455 2.452 2.448 2.445 2.442 2.438 2.435 2.509 2.588 2.668 2.747 2.855 2.968 3.08 3.192 3.221 3.216 3.211 3.206 3.201 3.196 3.191 3.187 3.182 3.177 3.172 3.167 3.195 3.263 3.331 3.399 3.467 3.535 3.603 3.67 3.738 3.806 3.874 3.942 4.072 4.258 4.445 4.631 4.818 5.016 5.214 5.412 5.61 5.781 5.912 6.044 6.175 6.306 6.438 6.569 6.7 6.832 6.963 7.094 7.226 7.353 7.477 7.601 7.725 7.849 7.999 8.159 8.319 8.479 8.639 8.799 8.959 9.118 9.278 9.438 9.598 9.745 9.828 9.911 9.994 10.077 10.158 10.228 10.298 10.368 10.438 10.507 10.577 10.647 10.717 10.787 10.856 10.926 10.988 11.047 11.107 11.166 11.225 11.285 11.344 11.403 11.463 11.522 11.581 11.619 11.648 11.677 11.706 11.735 11.768 11.811 11.854
2.875 2.811 2.846 2.915 2.983 2.958 2.916 2.875 2.833 2.792 2.75 2.709 2.668 2.626 2.585 2.543 2.502 2.461 2.431 2.428 2.425 2.422 2.418 2.415 2.412 2.408 2.405 2.402 2.398 2.395 2.392 2.4 2.479 2.559 2.638 2.747 2.859 2.971 3.017 3.012 3.008 3.003 2.998 2.993 2.988 2.983 2.978 2.973 2.968 2.963 2.958 2.988 3.056 3.124 3.192 3.259 3.327 3.395 3.463 3.531 3.599 3.667 3.735 3.803 3.957 4.143 4.33 4.516 4.714 4.912 5.11 5.291 5.423 5.554 5.685 5.817 5.948 6.079 6.211 6.342 6.473 6.605 6.736 6.867 6.994 7.118 7.242 7.366 7.512 7.672 7.831 7.991 8.151 8.311 8.471 8.631 8.79 8.95 9.11 9.27 9.416 9.499 9.581 9.664 9.747 9.818 9.888 9.958 10.027 10.097 10.167 10.237 10.307 10.376 10.446 10.516 10.586 10.648 10.707 10.766 10.825 10.885 10.944 11.003 11.063 11.122 11.181 11.241 11.3 11.331 11.36 11.389 11.418 11.452 11.495 11.537
