    600    136    276
0.0 0.0 0.0 0.0 0.0 0.0 0.0 0.001 0.001 0.002 0.002 0.003 0.003 0.004 0.004 0.005 0.005 0.006 0.006 0.007 0.007 0.008 0.009 0.009 0.01 0.011 0.012 0.013 0.014 0.015 0.016 0.017 0.017 0.018 0.019 0.02 0.021 0.022 0.023 0.024 0.025 0.025 0.026 0.027 0.028 0.029 0.03 0.031 0.032 0.032 0.033 0.034 0.035 0.036 0.037 0.038 0.04 0.041 0.043 0.045 0.047 0.049 0.051 0.052 0.054 0.056 0.058 0.06 0.061 0.063 0.065 0.067 0.068 0.072 0.076 0.08 0.084 0.088 0.091 0.095 0.099 0.103 0.107 0.111 0.114 0.118 0.122 0.126 0.129 0.134 0.139 0.144 0.149 0.154 0.159 0.164 0.169 0.174 0.179 0.184 0.189 0.194 0.199 0.204 0.212 0.229 0.241 0.251 0.262 0.272 0.283 0.293 0.303 0.314 0.324 0.334 0.345 0.355 0.366 0.376 0.386 0.399 0.449 0.499 0.549 0.599 0.649 0.699 0.749 0.8 0.85 0.9 0.95 1.0 1.05 1.1
0.0 0.0 0.0 0.0 0.0 0.0 0.0 0.0 0.001 0.001 0.002 0.002 0.003 0.003 0.004 0.004 0.005 0.005 0.006 0.007 0.007 0.008 0.008 0.009 0.01 0.011 0.012 0.013 0.014 0.014 0.015 0.016 0.017 0.018 0.019 0.02 0.021 0.022 0.022 0.023 0.024 0.025 0.026 0.026 0.027 0.028 0.029 0.03 0.031 0.031 0.032 0.033 0.034 0.035 0.036 0.037 0.04 0.041 0.043 0.045 0.046 0.048 0.05 0.052 0.053 0.055 0.057 0.058 0.06 0.062 0.064 0.065 0.068 0.072 0.076 0.079 0.083 0.087 0.091 0.095 0.098 0.102 0.106 0.11 0.114 0.117 0.121 0.125 0.129 0.134 0.139 0.144 0.149 0.154 0.159 0.164 0.168 0.173 0.178 0.183 0.188 0.193 0.198 0.203 0.208 0.216 0.226 0.237 0.247 0.258 0.268 0.278 0.289 0.299 0.309 0.32 0.33 0.341 0.351 0.361 0.372 0.385 0.435 0.485 0.535 0.585 0.635 0.685 0.735 0.786 0.836 0.886 0.936 0.986 1.036 1.086
0.0 0.0 0.0 0.0 0.0 0.0 0.0 0.0 0.0 0.001 0.001 0.002 0.002 0.003 0.004 0.004 0.005 0.005 0.006 0.006 0.007 0.007 0.008 0.009 0.01 0.01 0.011 0.012 0.013 0.014 0.015 0.016 0.017 0.018 0.019 0.019 0.02 0.021 0.022 0.022 0.023 0.024 0.025 0.026 0.027 0.027 0.028 0.029 0.03 0.031 0.032 0.032 0.033 0.034 0.035 0.037 0.04 0.042 0.044 0.046 0.048 0.049 0.051 0.053 0.054 0.056 0.058 0.06 0.061 0.063 0.065 0.066 0.069 0.073 0.077 0.081 0.084 0.088 0.092 0.096 0.099 0.103 0.107 0.111 0.115 0.118 0.122 0.126 0.13 0.135 0.14 0.145 0.15 0.155 0.16 0.165 0.17 0.175 0.18 0.185 0.19 0.194 0.199 0.204 0.208 0.214 0.225 0.235 0.245 0.255 0.265 0.275 0.286 0.296 0.306 0.316 0.326 0.336 0.346 0.357 0.367 0.38 0.43 0.48 0.53 0.58 0.63 0.68 0.729 0.779 0.829 0.879 0.929 0.979 1.029 1.078
0.0 0.0 0.0 0.0 0.0 0.0 0.0 0.0 0.0 0.0 0.001 0.002 0.002 0.003 0.003 0.004 0.004 0.005 0.005 0.006 0.006 0.007 0.007 0.008 0.009 0.01 0.011 0.012 0.013 0.014 0.015 0.015 0.016 0.017 0.018 0.019 0.02 0.021 0.021 0.022 0.023 0.023 0.024 0.025 0.026 0.027 0.028 0.028 0.029 0.03 0.031 0.032 0.033 0.034 0.035 0.037 0.04 0.043 0.045 0.047 0.049 0.05 0.052 0.054 0.055 0.057 0.059 0.061 0.062 0.064 0.066 0.067 0.07 0.074 0.078 0.082 0.085 0.089 0.093 0.097 0.101 0.104 0.108 0.112 0.116 0.12 0.123 0.127 0.131 0.136 0.141 0.146 0.151 0.156 0.161 0.166 0.171 0.176 0.181 0.186 0.191 0.196 0.201 0.205 0.205 0.212 0.223 0.234 0.244 0.254 0.264 0.274 0.284 0.294 0.305 0.315 0.325 0.335 0.345 0.355 0.365 0.38 0.43 0.479 0.529 0.579 0.629 0.679 0.729 0.779 0.828 0.878 0.928 0.978 1.028 1.078
0.0 0.0 0.0 0.0 0.0 0.0 0.0 0.0 0.0 0.0 0.001 0.001 0.002 0.002 0.003 0.003 0.004 0.004 0.005 0.005 0.006 0.007 0.007 0.008 0.009 0.01 0.011 0.012 0.012 0.013 0.014 0.015 0.016 0.017 0.018 0.019 0.019 0.02 0.02 0.021 0.022 0.023 0.024 0.024 0.025 0.026 0.027 0.028 0.029 0.029 0.03 0.031 0.032 0.034 0.035 0.037 0.04 0.043 0.046 0.048 0.05 0.051 0.053 0.055 0.057 0.058 0.06 0.062 0.063 0.065 0.067 0.069 0.071 0.075 0.079 0.083 0.087 0.09 0.094 0.098 0.102 0.106 0.109 0.113 0.117 0.121 0.125 0.128 0.132 0.137 0.142 0.147 0.152 0.157 0.162 0.167 0.172 0.177 0.182 0.187 0.192 0.197 0.201 0.202 0.203 0.21 0.221 0.232 0.242 0.252 0.263 0.273 0.283 0.293 0.303 0.313 0.323 0.334 0.344 0.354 0.364 0.379 0.429 0.479 0.529 0.579 0.628 0.678 0.728 0.778 0.828 0.878 0.928 0.977 1.027 1.077
0.0 0.0 0.0 0.0 0.0 0.0 0.0 0.0 0.0 0.0 0.0 0.001 0.001 0.002 0.002 0.003 0.003 0.004 0.005 0.005 0.006 0.006 0.007 0.008 0.008 0.009 0.01 0.011 0.012 0.013 0.014 0.015 0.016 0.017 0.017 0.018 0.019 0.019 0.02 0.02 0.021 0.022 0.023 0.024 0.025 0.025 0.026 0.027 0.028 0.029 0.03 0.03 0.032 0.033 0.035 0.037 0.04 0.043 0.046 0.049 0.051 0.053 0.054 0.056 0.058 0.059 0.061 0.063 0.065 0.066 0.068 0.07 0.073 0.076 0.08 0.084 0.088 0.092 0.095 0.099 0.103 0.107 0.111 0.114 0.118 0.122 0.126 0.129 0.133 0.138 0.143 0.148 0.153 0.158 0.163 0.168 0.173 0.178 0.183 0.188 0.193 0.198 0.199 0.2 0.201 0.208 0.219 0.23 0.241 0.251 0.261 0.271 0.282 0.292 0.302 0.312 0.322 0.332 0.342 0.353 0.363 0.378 0.428 0.478 0.528 0.578 0.628 0.678 0.727 0.777 0.827 0.877 0.927 0.977 1.027 1.062
0.0 0.0 0.0 0.0 0.0 0.0 0.0 0.0 0.0 0.0 0.0 0.0 0.001 0.002 0.002 0.003 0.003 0.004 0.004 0.005 0.005 0.006 0.006 0.007 0.008 0.009 0.01 0.011 0.012 0.013 0.014 0.014 0.015 0.016 0.017 0.017 0.018 0.018 0.019 0.02 0.021 0.021 0.022 0.023 0.024 0.025 0.026 0.026 0.027 0.028 0.029 0.03 0.032 0.033 0.035 0.037 0.04 0.043 0.046 0.049 0.052 0.054 0.055 0.057 0.059 0.061 0.062 0.064 0.066 0.067 0.069 0.071 0.074 0.078 0.081 0.085 0.089 0.093 0.096 0.1 0.104 0.108 0.112 0.115 0.119 0.123 0.127 0.131 0.135 0.14 0.144 0.149 0.154 0.159 0.164 0.169 0.174 0.179 0.184 0.189 0.194 0.196 0.197 0.198 0.199 0.206 0.217 0.228 0.239 0.25 0.26 0.27 0.28 0.29 0.3 0.311 0.321 0.331 0.341 0.351 0.361 0.378 0.428 0.477 0.527 0.577 0.627 0.677 0.727 0.777 0.826 0.876 0.926 0.976 1.015 1.04
0.0 0.0 0.0 0.0 0.0 0.0 0.0 0.0 0.0 0.0 0.0 0.0 0.001 0.001 0.002 0.002 0.003 0.003 0.004 0.004 0.005 0.005 0.006 0.007 0.008 0.009 0.01 0.01 0.011 0.012 0.013 0.014 0.015 0.016 0.016 0.017 0.017 0.018 0.018 0.019 0.02 0.021 0.022 0.022 0.023 0.024 0.025 0.026 0.027 0.027 0.029 0.03 0.032 0.033 0.035 0.036 0.04 0.043 0.046 0.049 0.052 0.055 0.057 0.058 0.06 0.062 0.063 0.065 0.067 0.069 0.07 0.072 0.075 0.079 0.082 0.086 0.09 0.094 0.098 0.101 0.105 0.109 0.113 0.117 0.12 0.124 0.128 0.132 0.136 0.141 0.146 0.151 0.156 0.161 0.166 0.17 0.175 0.18 0.185 0.19 0.193 0.194 0.195 0.195 0.196 0.204 0.215 0.226 0.237 0.248 0.259 0.269 0.279 0.289 0.299 0.309 0.319 0.33 0.34 0.35 0.36 0.377 0.427 0.477 0.527 0.576 0.626 0.676 0.726 0.776 0.826 0.876 0.925 0.969 0.993 1.017
0.0 0.0 0.0 0.0 0.0 0.0 0.0 0.0 0.0 0.0 0.0 0.0 0.0 0.001 0.001 0.002 0.002 0.003 0.003 0.004 0.005 0.005 0.006 0.006 0.007 0.008 0.009 0.01 0.011 0.012 0.013 0.014 0.014 0.015 0.016 0.016 0.017 0.017 0.018 0.018 0.019 0.02 0.021 0.022 0.023 0.023 0.024 0.025 0.026 0.027 0.029 0.03 0.032 0.033 0.035 0.036 0.04 0.043 0.046 0.049 0.052 0.056 0.058 0.059 0.061 0.063 0.065 0.066 0.068 0.07 0.071 0.073 0.076 0.08 0.084 0.087 0.091 0.095 0.099 0.103 0.106 0.11 0.114 0.118 0.122 0.125 0.129 0.133 0.137 0.142 0.147 0.152 0.157 0.162 0.167 0.172 0.177 0.182 0.187 0.189 0.19 0.191 0.192 0.193 0.194 0.202 0.213 0.224 0.235 0.246 0.257 0.267 0.277 0.288 0.298 0.308 0.318 0.328 0.338 0.348 0.359 0.376 0.426 0.476 0.526 0.576 0.626 0.675 0.725 0.775 0.825 0.875 0.922 0.946 0.97 0.994
0.0 0.0 0.0 0.0 0.0 0.0 0.0 0.0 0.0 0.0 0.0 0.0 0.0 0.001 0.001 0.001 0.002 0.003 0.003 0.004 0.004 0.005 0.005 0.006 0.007 0.008 0.009 0.01 0.011 0.012 0.012 0.013 0.014 0.014 0.015 0.015 0.016 0.016 0.017 0.018 0.019 0.019 0.02 0.021 0.022 0.023 0.024 0.024 0.026 0.027 0.029 0.03 0.032 0.033 0.035 0.036 0.04 0.043 0.046 0.049 0.052 0.055 0.059 0.061 0.062 0.064 0.066 0.067 0.069 0.071 0.072 0.074 0.077 0.081 0.085 0.089 0.092 0.096 0.1 0.104 0.107 0.111 0.115 0.119 0.123 0.126 0.13 0.134 0.138 0.143 0.148 0.153 0.158 0.163 0.168 0.173 0.178 0.183 0.186 0.187 0.188 0.189 0.19 0.191 0.192 0.2 0.211 0.222 0.233 0.244 0.255 0.266 0.276 0.286 0.296 0.307 0.317 0.327 0.337 0.347 0.357 0.376 0.426 0.475 0.525 0.575 0.625 0.675 0.725 0.775 0.824 0.874 0.899 0.923 0.947 0.971
0.0 0.0 0.0 0.0 0.0 0.0 0.0 0.0 0.0 0.0 0.0 0.0 0.0 0.001 0.001 0.001 0.002 0.002 0.003 0.003 0.004 0.004 0.005 0.006 0.007 0.008 0.008 0.009 0.01 0.011 0.012 0.013 0.013 0.014 0.014 0.015 0.015 0.016 0.016 0.017 0.018 0.019 0.019 0.02 0.021 0.022 0.023 0.024 0.025 0.027 0.028 0.03 0.031 0.033 0.035 0.036 0.039 0.043 0.046 0.049 0.052 0.055 0.059 0.062 0.063 0.065 0.067 0.068 0.07 0.072 0.074 0.075 0.078 0.082 0.086 0.09 0.094 0.097 0.101 0.105 0.109 0.112 0.116 0.12 0.124 0.128 0.131 0.135 0.139 0.144 0.149 0.154 0.159 0.164 0.169 0.174 0.179 0.183 0.184 0.185 0.186 0.187 0.188 0.189 0.19 0.198 0.209 0.22 0.231 0.242 0.253 0.264 0.275 0.285 0.295 0.305 0.315 0.325 0.336 0.346 0.356 0.375 0.425 0.475 0.525 0.574 0.624 0.674 0.724 0.774 0.824 0.852 0.876 0.9 0.924 0.949
0.0 0.0 0.0 0.0 0.0 0.0 0.0 0.0 0.0 0.0 0.0 0.0 0.0 0.001 0.001 0.001 0.001 0.002 0.002 0.003 0.003 0.004 0.004 0.005 0.006 0.007 0.008 0.009 0.01 0.011 0.011 0.012 0.012 0.013 0.013 0.014 0.015 0.015 0.016 0.016 0.017 0.018 0.019 0.02 0.02 0.021 0.022 0.024 0.025 0.027 0.028 0.03 0.031 0.033 0.034 0.036 0.039 0.043 0.046 0.049 0.052 0.055 0.059 0.062 0.064 0.066 0.068 0.07 0.071 0.073 0.075 0.076 0.08 0.083 0.087 0.091 0.095 0.098 0.102 0.106 0.11 0.114 0.117 0.121 0.125 0.129 0.133 0.136 0.14 0.145 0.15 0.155 0.16 0.165 0.17 0.175 0.18 0.181 0.182 0.183 0.184 0.185 0.185 0.186 0.187 0.196 0.207 0.218 0.229 0.24 0.251 0.262 0.273 0.283 0.294 0.304 0.314 0.324 0.334 0.344 0.354 0.374 0.424 0.474 0.524 0.574 0.624 0.673 0.723 0.773 0.805 0.83 0.854 0.878 0.902 0.926
0.0 0.0 0.0 0.0 0.0 0.0 0.0 0.0 0.0 0.0 0.0 0.0 0.0 0.001 0.001 0.001 0.001 0.001 0.002 0.003 0.003 0.004 0.004 0.005 0.006 0.007 0.008 0.009 0.01 0.01 0.011 0.011 0.012 0.012 0.013 0.013 0.014 0.014 0.015 0.016 0.016 0.017 0.018 0.019 0.02 0.021 0.022 0.024 0.025 0.027 0.028 0.03 0.031 0.033 0.034 0.036 0.039 0.043 0.046 0.049 0.052 0.055 0.058 0.062 0.065 0.067 0.069 0.071 0.072 0.074 0.076 0.078 0.081 0.084 0.088 0.092 0.096 0.1 0.103 0.107 0.111 0.115 0.119 0.122 0.126 0.13 0.134 0.137 0.142 0.147 0.151 0.156 0.161 0.166 0.171 0.176 0.177 0.178 0.179 0.18 0.181 0.182 0.183 0.184 0.185 0.193 0.205 0.216 0.227 0.238 0.249 0.26 0.271 0.282 0.292 0.302 0.313 0.323 0.333 0.343 0.353 0.374 0.423 0.473 0.523 0.573 0.623 0.673 0.723 0.759 0.783 0.807 0.831 0.855 0.879 0.903
0.0 0.0 0.0 0.0 0.0 0.0 0.0 0.0 0.0 0.0 0.0 0.0 0.0 0.001 0.001 0.001 0.001 0.001 0.002 0.002 0.003 0.003 0.004 0.005 0.006 0.006 0.007 0.008 0.009 0.009 0.01 0.011 0.011 0.012 0.012 0.013 0.013 0.014 0.014 0.015 0.016 0.017 0.017 0.018 0.019 0.021 0.022 0.024 0.025 0.027 0.028 0.03 0.031 0.033 0.034 0.036 0.039 0.042 0.046 0.049 0.052 0.055 0.058 0.062 0.065 0.068 0.07 0.072 0.074 0.075 0.077 0.079 0.082 0.086 0.089 0.093 0.097 0.101 0.105 0.108 0.112 0.116 0.12 0.123 0.127 0.131 0.135 0.139 0.143 0.148 0.153 0.158 0.163 0.168 0.173 0.174 0.175 0.176 0.177 0.178 0.179 0.18 0.181 0.182 0.183 0.191 0.202 0.213 0.225 0.236 0.247 0.258 0.269 0.28 0.291 0.301 0.311 0.321 0.331 0.342 0.352 0.373 0.423 0.473 0.522 0.572 0.622 0.672 0.712 0.736 0.76 0.784 0.808 0.832 0.856 0.88
0.0 0.0 0.0 0.0 0.0 0.0 0.0 0.0 0.0 0.0 0.0 0.0 0.0 0.001 0.001 0.001 0.001 0.001 0.001 0.002 0.002 0.003 0.003 0.004 0.005 0.006 0.007 0.008 0.008 0.009 0.009 0.01 0.01 0.011 0.011 0.012 0.013 0.013 0.014 0.014 0.015 0.016 0.017 0.018 0.019 0.021 0.022 0.024 0.025 0.027 0.028 0.03 0.031 0.033 0.034 0.036 0.039 0.042 0.046 0.049 0.052 0.055 0.058 0.062 0.065 0.068 0.071 0.073 0.075 0.076 0.078 0.08 0.083 0.087 0.091 0.094 0.098 0.102 0.106 0.109 0.113 0.117 0.121 0.125 0.128 0.132 0.136 0.14 0.144 0.149 0.154 0.159 0.164 0.169 0.171 0.172 0.173 0.174 0.175 0.176 0.177 0.178 0.179 0.18 0.181 0.189 0.2 0.211 0.222 0.234 0.245 0.256 0.267 0.278 0.289 0.3 0.31 0.32 0.33 0.34 0.35 0.372 0.422 0.472 0.522 0.572 0.622 0.665 0.689 0.713 0.737 0.761 0.785 0.809 0.833 0.857
0.0 0.0 0.0 0.0 0.0 0.0 0.0 0.0 0.0 0.0 0.0 0.0 0.0 0.001 0.001 0.001 0.001 0.001 0.001 0.001 0.002 0.002 0.003 0.004 0.005 0.006 0.007 0.007 0.008 0.008 0.009 0.009 0.01 0.01 0.011 0.011 0.012 0.012 0.013 0.014 0.014 0.015 0.016 0.017 0.019 0.02 0.022 0.023 0.025 0.026 0.028 0.03 0.031 0.033 0.034 0.036 0.039 0.042 0.046 0.049 0.052 0.055 0.058 0.061 0.065 0.068 0.071 0.074 0.076 0.078 0.079 0.081 0.084 0.088 0.092 0.096 0.099 0.103 0.107 0.111 0.114 0.118 0.122 0.126 0.13 0.133 0.137 0.141 0.145 0.15 0.155 0.16 0.165 0.168 0.169 0.17 0.171 0.172 0.173 0.174 0.174 0.175 0.176 0.177 0.178 0.187 0.198 0.209 0.22 0.231 0.242 0.254 0.265 0.276 0.287 0.298 0.308 0.319 0.329 0.339 0.349 0.372 0.421 0.471 0.521 0.571 0.618 0.642 0.666 0.69 0.714 0.738 0.763 0.787 0.811 0.835
0.0 0.0 0.0 0.0 0.0 0.0 0.0 0.0 0.0 0.0 0.0 0.0 0.0 0.001 0.001 0.001 0.001 0.001 0.001 0.001 0.002 0.002 0.003 0.004 0.004 0.005 0.006 0.006 0.007 0.007 0.008 0.009 0.009 0.01 0.01 0.011 0.011 0.012 0.012 0.013 0.014 0.015 0.016 0.017 0.019 0.02 0.022 0.023 0.025 0.026 0.028 0.029 0.031 0.032 0.034 0.036 0.039 0.042 0.045 0.049 0.052 0.055 0.058 0.061 0.065 0.068 0.071 0.074 0.077 0.079 0.08 0.082 0.085 0.089 0.093 0.097 0.1 0.104 0.108 0.112 0.116 0.119 0.123 0.127 0.131 0.134 0.138 0.142 0.146 0.151 0.156 0.161 0.165 0.166 0.166 0.167 0.168 0.169 0.17 0.171 0.172 0.173 0.174 0.175 0.176 0.185 0.196 0.207 0.218 0.229 0.24 0.251 0.262 0.274 0.285 0.296 0.307 0.317 0.327 0.338 0.348 0.371 0.421 0.471 0.52 0.57 0.595 0.619 0.644 0.668 0.692 0.716 0.74 0.764 0.788 0.812
0.0 0.0 0.0 0.0 0.0 0.0 0.0 0.0 0.0 0.0 0.0 0.0 0.0 0.001 0.001 0.001 0.001 0.001 0.001 0.001 0.001 0.002 0.002 0.003 0.004 0.005 0.005 0.006 0.006 0.007 0.007 0.008 0.008 0.009 0.009 0.01 0.01 0.011 0.012 0.012 0.013 0.014 0.016 0.017 0.019 0.02 0.022 0.023 0.025 0.026 0.028 0.029 0.031 0.032 0.034 0.036 0.039 0.042 0.045 0.049 0.052 0.055 0.058 0.061 0.065 0.068 0.071 0.074 0.077 0.08 0.081 0.083 0.086 0.09 0.094 0.098 0.102 0.105 0.109 0.113 0.117 0.12 0.124 0.128 0.132 0.136 0.139 0.143 0.147 0.152 0.157 0.161 0.162 0.163 0.164 0.165 0.166 0.167 0.168 0.169 0.17 0.171 0.172 0.173 0.174 0.183 0.194 0.205 0.216 0.227 0.238 0.249 0.26 0.271 0.283 0.294 0.305 0.316 0.326 0.336 0.346 0.37 0.42 0.47 0.52 0.549 0.573 0.597 0.621 0.645 0.669 0.693 0.717 0.741 0.765 0.789
0.0 0.0 0.0 0.0 0.0 0.0 0.0 0.0 0.0 0.0 0.0 0.0 0.0 0.001 0.001 0.001 0.001 0.001 0.001 0.001 0.001 0.001 0.002 0.003 0.003 0.004 0.005 0.005 0.006 0.006 0.007 0.007 0.008 0.008 0.009 0.009 0.01 0.01 0.011 0.012 0.013 0.014 0.016 0.017 0.019 0.02 0.022 0.023 0.025 0.026 0.028 0.029 0.031 0.032 0.034 0.036 0.039 0.042 0.045 0.049 0.052 0.055 0.058 0.061 0.065 0.068 0.071 0.074 0.077 0.08 0.083 0.084 0.088 0.091 0.095 0.099 0.103 0.107 0.11 0.114 0.118 0.122 0.125 0.129 0.133 0.137 0.141 0.144 0.149 0.153 0.158 0.159 0.16 0.161 0.162 0.163 0.164 0.165 0.166 0.167 0.168 0.169 0.17 0.171 0.172 0.181 0.192 0.203 0.214 0.225 0.236 0.247 0.258 0.269 0.28 0.291 0.303 0.314 0.325 0.335 0.345 0.369 0.419 0.469 0.502 0.526 0.55 0.574 0.598 0.622 0.646 0.67 0.694 0.718 0.742 0.766
0.0 0.0 0.0 0.0 0.0 0.0 0.0 0.0 0.0 0.0 0.0 0.0 0.0 0.001 0.001 0.001 0.001 0.001 0.001 0.001 0.001 0.001 0.002 0.002 0.003 0.003 0.004 0.004 0.005 0.005 0.006 0.006 0.007 0.008 0.008 0.009 0.009 0.01 0.01 0.011 0.012 0.014 0.016 0.017 0.019 0.02 0.022 0.023 0.025 0.026 0.028 0.029 0.031 0.032 0.034 0.036 0.039 0.042 0.045 0.048 0.052 0.055 0.058 0.061 0.064 0.068 0.071 0.074 0.077 0.08 0.084 0.085 0.089 0.093 0.096 0.1 0.104 0.108 0.111 0.115 0.119 0.123 0.127 0.13 0.134 0.138 0.142 0.145 0.15 0.155 0.156 0.157 0.158 0.159 0.16 0.161 0.162 0.163 0.164 0.164 0.165 0.166 0.167 0.168 0.169 0.179 0.19 0.201 0.212 0.223 0.234 0.245 0.256 0.267 0.278 0.289 0.3 0.311 0.323 0.333 0.344 0.369 0.419 0.455 0.479 0.503 0.527 0.551 0.575 0.599 0.623 0.647 0.672 0.696 0.72 0.744
0.0 0.0 0.0 0.0 0.0 0.0 0.0 0.0 0.0 0.0 0.0 0.0 0.0 0.001 0.001 0.001 0.001 0.001 0.001 0.001 0.001 0.001 0.001 0.002 0.002 0.003 0.003 0.004 0.004 0.005 0.005 0.006 0.006 0.007 0.007 0.008 0.008 0.009 0.01 0.011 0.012 0.014 0.015 0.017 0.018 0.02 0.021 0.023 0.025 0.026 0.028 0.029 0.031 0.032 0.034 0.036 0.039 0.042 0.045 0.048 0.052 0.055 0.058 0.061 0.064 0.068 0.071 0.074 0.077 0.08 0.084 0.087 0.09 0.094 0.098 0.101 0.105 0.109 0.113 0.116 0.12 0.124 0.128 0.132 0.135 0.139 0.143 0.147 0.151 0.153 0.154 0.155 0.156 0.156 0.157 0.158 0.159 0.16 0.161 0.162 0.163 0.164 0.165 0.166 0.167 0.177 0.188 0.199 0.21 0.221 0.232 0.243 0.254 0.265 0.276 0.287 0.298 0.309 0.32 0.332 0.342 0.368 0.408 0.432 0.456 0.48 0.504 0.528 0.553 0.577 0.601 0.625 0.649 0.673 0.697 0.721
0.0 0.0 0.0 0.0 0.0 0.0 0.0 0.0 0.0 0.0 0.0 0.0 0.0 0.0 0.001 0.001 0.001 0.001 0.001 0.001 0.001 0.001 0.001 0.001 0.002 0.002 0.003 0.003 0.004 0.004 0.005 0.005 0.006 0.006 0.007 0.007 0.008 0.009 0.009 0.01 0.012 0.013 0.015 0.016 0.018 0.019 0.021 0.023 0.024 0.026 0.027 0.029 0.03 0.032 0.033 0.034 0.037 0.04 0.043 0.046 0.05 0.053 0.056 0.059 0.063 0.066 0.069 0.072 0.075 0.079 0.082 0.085 0.088 0.092 0.096 0.1 0.104 0.107 0.111 0.115 0.119 0.123 0.127 0.131 0.134 0.138 0.142 0.146 0.149 0.15 0.151 0.152 0.153 0.154 0.155 0.156 0.157 0.158 0.159 0.16 0.161 0.162 0.163 0.164 0.165 0.175 0.186 0.197 0.208 0.219 0.23 0.241 0.252 0.263 0.274 0.285 0.296 0.307 0.318 0.329 0.34 0.361 0.385 0.409 0.434 0.458 0.482 0.506 0.53 0.554 0.578 0.602 0.626 0.65 0.674 0.698
0.0 0.0 0.0 0.0 0.0 0.0 0.0 0.0 0.0 0.0 0.0 0.0 0.0 0.0 0.0 0.001 0.001 0.001 0.001 0.001 0.001 0.001 0.001 0.001 0.001 0.002 0.002 0.003 0.003 0.004 0.004 0.005 0.005 0.006 0.006 0.007 0.008 0.008 0.009 0.01 0.011 0.013 0.014 0.016 0.018 0.019 0.021 0.022 0.024 0.025 0.027 0.028 0.03 0.031 0.032 0.033 0.034 0.037 0.041 0.044 0.047 0.05 0.054 0.057 0.06 0.063 0.066 0.07 0.073 0.076 0.079 0.083 0.085 0.088 0.092 0.096 0.1 0.104 0.108 0.111 0.115 0.119 0.123 0.127 0.131 0.135 0.138 0.142 0.146 0.148 0.149 0.15 0.151 0.152 0.153 0.154 0.155 0.156 0.157 0.158 0.159 0.159 0.16 0.161 0.162 0.172 0.183 0.195 0.206 0.217 0.228 0.239 0.25 0.261 0.272 0.283 0.294 0.305 0.316 0.327 0.338 0.353 0.376 0.4 0.424 0.448 0.471 0.495 0.519 0.543 0.566 0.59 0.614 0.638 0.661 0.685
0.0 0.0 0.0 0.0 0.0 0.0 0.0 0.0 0.0 0.0 0.0 0.0 0.0 0.0 0.0 0.0 0.001 0.001 0.001 0.001 0.001 0.001 0.001 0.001 0.001 0.001 0.002 0.002 0.003 0.003 0.004 0.004 0.005 0.005 0.006 0.007 0.007 0.008 0.008 0.009 0.011 0.012 0.014 0.016 0.017 0.019 0.02 0.022 0.023 0.025 0.026 0.028 0.029 0.03 0.031 0.032 0.033 0.035 0.038 0.041 0.044 0.048 0.051 0.054 0.057 0.061 0.064 0.067 0.07 0.074 0.077 0.08 0.083 0.085 0.088 0.092 0.096 0.1 0.104 0.108 0.112 0.115 0.119 0.123 0.127 0.131 0.135 0.139 0.142 0.145 0.147 0.148 0.148 0.149 0.15 0.151 0.152 0.153 0.154 0.155 0.156 0.157 0.158 0.159 0.16 0.17 0.181 0.192 0.203 0.214 0.226 0.237 0.248 0.259 0.27 0.281 0.292 0.303 0.314 0.325 0.334 0.349 0.372 0.396 0.419 0.443 0.467 0.491 0.514 0.538 0.562 0.586 0.609 0.633 0.657 0.681
0.0 0.0 0.0 0.0 0.0 0.0 0.0 0.0 0.0 0.0 0.0 0.0 0.0 0.0 0.0 0.0 0.001 0.001 0.001 0.001 0.001 0.001 0.001 0.001 0.001 0.001 0.001 0.002 0.002 0.003 0.003 0.004 0.004 0.005 0.006 0.006 0.007 0.007 0.008 0.009 0.01 0.012 0.014 0.015 0.017 0.018 0.02 0.021 0.023 0.024 0.026 0.027 0.028 0.029 0.03 0.031 0.032 0.034 0.035 0.039 0.042 0.045 0.048 0.052 0.055 0.058 0.061 0.065 0.068 0.071 0.074 0.078 0.08 0.082 0.085 0.089 0.092 0.096 0.1 0.104 0.108 0.112 0.116 0.119 0.123 0.127 0.131 0.135 0.138 0.141 0.144 0.145 0.146 0.147 0.148 0.149 0.15 0.151 0.152 0.153 0.154 0.155 0.156 0.157 0.158 0.168 0.179 0.19 0.201 0.212 0.223 0.234 0.245 0.256 0.268 0.279 0.29 0.301 0.312 0.321 0.331 0.346 0.368 0.391 0.415 0.439 0.462 0.486 0.51 0.534 0.557 0.581 0.605 0.628 0.652 0.676
0.0 0.0 0.0 0.0 0.0 0.0 0.0 0.0 0.0 0.0 0.0 0.0 0.0 0.0 0.0 0.0 0.0 0.001 0.001 0.001 0.001 0.001 0.001 0.001 0.001 0.001 0.001 0.001 0.002 0.002 0.003 0.003 0.004 0.005 0.005 0.006 0.006 0.007 0.007 0.008 0.01 0.012 0.013 0.015 0.016 0.018 0.019 0.021 0.022 0.024 0.025 0.026 0.027 0.028 0.028 0.029 0.031 0.032 0.034 0.036 0.039 0.043 0.046 0.049 0.052 0.056 0.059 0.062 0.065 0.069 0.072 0.075 0.077 0.08 0.082 0.085 0.089 0.093 0.096 0.1 0.104 0.108 0.112 0.116 0.12 0.123 0.127 0.131 0.135 0.137 0.14 0.143 0.144 0.145 0.146 0.147 0.148 0.149 0.149 0.15 0.151 0.152 0.153 0.154 0.155 0.166 0.177 0.188 0.199 0.21 0.221 0.232 0.243 0.254 0.265 0.276 0.287 0.299 0.308 0.318 0.327 0.342 0.365 0.387 0.41 0.434 0.458 0.481 0.505 0.529 0.553 0.576 0.6 0.624 0.648 0.671
0.0 0.0 0.0 0.0 0.0 0.0 0.0 0.0 0.0 0.0 0.0 0.0 0.0 0.0 0.0 0.0 0.0 0.0 0.001 0.001 0.001 0.001 0.001 0.001 0.001 0.001 0.001 0.001 0.001 0.002 0.002 0.003 0.003 0.004 0.005 0.005 0.006 0.006 0.007 0.008 0.01 0.011 0.013 0.014 0.016 0.017 0.019 0.02 0.022 0.023 0.025 0.025 0.026 0.026 0.027 0.028 0.03 0.031 0.033 0.034 0.037 0.04 0.043 0.047 0.05 0.053 0.056 0.06 0.063 0.066 0.069 0.072 0.075 0.077 0.08 0.082 0.085 0.089 0.093 0.097 0.1 0.104 0.108 0.112 0.116 0.12 0.124 0.127 0.131 0.133 0.136 0.139 0.141 0.142 0.143 0.144 0.145 0.146 0.147 0.148 0.149 0.15 0.151 0.152 0.153 0.164 0.175 0.186 0.197 0.208 0.219 0.23 0.241 0.252 0.263 0.274 0.285 0.295 0.305 0.314 0.323 0.339 0.361 0.384 0.406 0.429 0.453 0.477 0.501 0.524 0.548 0.572 0.596 0.619 0.643 0.667
0.0 0.0 0.0 0.0 0.0 0.0 0.0 0.0 0.0 0.0 0.0 0.0 0.0 0.0 0.0 0.0 0.0 0.0 0.0 0.001 0.001 0.001 0.001 0.001 0.001 0.001 0.001 0.001 0.001 0.001 0.002 0.002 0.003 0.004 0.004 0.005 0.005 0.006 0.006 0.008 0.009 0.011 0.012 0.014 0.015 0.017 0.018 0.02 0.021 0.023 0.023 0.024 0.025 0.025 0.026 0.027 0.029 0.03 0.032 0.033 0.035 0.038 0.041 0.044 0.047 0.051 0.054 0.057 0.06 0.063 0.067 0.07 0.072 0.075 0.077 0.08 0.082 0.085 0.089 0.093 0.097 0.101 0.104 0.108 0.112 0.116 0.12 0.124 0.127 0.13 0.132 0.135 0.138 0.14 0.141 0.142 0.143 0.144 0.145 0.146 0.147 0.148 0.149 0.15 0.151 0.161 0.172 0.184 0.195 0.206 0.217 0.228 0.239 0.25 0.261 0.272 0.282 0.292 0.301 0.31 0.319 0.335 0.358 0.38 0.402 0.425 0.448 0.472 0.496 0.52 0.543 0.567 0.591 0.615 0.638 0.662
0.0 0.0 0.0 0.0 0.0 0.0 0.0 0.0 0.0 0.0 0.0 0.0 0.0 0.0 0.0 0.0 0.0 0.0 0.0 0.0 0.001 0.001 0.001 0.001 0.001 0.001 0.001 0.001 0.001 0.001 0.001 0.002 0.003 0.003 0.004 0.004 0.005 0.005 0.006 0.007 0.009 0.01 0.012 0.013 0.015 0.016 0.018 0.019 0.021 0.021 0.022 0.023 0.023 0.024 0.025 0.026 0.027 0.029 0.03 0.032 0.034 0.035 0.038 0.042 0.045 0.048 0.051 0.054 0.058 0.061 0.064 0.067 0.07 0.072 0.075 0.077 0.079 0.082 0.085 0.089 0.093 0.097 0.101 0.104 0.108 0.112 0.116 0.12 0.123 0.126 0.129 0.131 0.134 0.137 0.139 0.14 0.14 0.141 0.142 0.143 0.144 0.145 0.146 0.147 0.148 0.159 0.17 0.181 0.192 0.203 0.215 0.226 0.237 0.248 0.259 0.269 0.279 0.288 0.297 0.306 0.315 0.332 0.354 0.376 0.399 0.421 0.444 0.468 0.491 0.515 0.539 0.563 0.586 0.61 0.634 0.658
0.0 0.0 0.0 0.0 0.0 0.0 0.0 0.0 0.0 0.0 0.0 0.0 0.0 0.0 0.0 0.0 0.0 0.0 0.0 0.0 0.001 0.001 0.001 0.001 0.001 0.001 0.001 0.001 0.001 0.001 0.001 0.002 0.002 0.003 0.003 0.004 0.004 0.005 0.005 0.007 0.008 0.01 0.011 0.013 0.014 0.016 0.017 0.019 0.02 0.02 0.021 0.022 0.022 0.023 0.024 0.025 0.026 0.028 0.029 0.031 0.032 0.034 0.036 0.039 0.042 0.045 0.049 0.052 0.055 0.058 0.062 0.065 0.067 0.07 0.072 0.074 0.077 0.079 0.082 0.085 0.089 0.093 0.097 0.101 0.105 0.108 0.112 0.116 0.119 0.122 0.125 0.128 0.13 0.133 0.136 0.137 0.138 0.139 0.14 0.141 0.142 0.143 0.144 0.145 0.146 0.157 0.168 0.179 0.19 0.201 0.212 0.223 0.234 0.245 0.256 0.266 0.275 0.284 0.293 0.302 0.311 0.328 0.35 0.373 0.395 0.418 0.44 0.463 0.487 0.51 0.534 0.558 0.582 0.605 0.629 0.653
0.0 0.0 0.0 0.0 0.0 0.0 0.0 0.0 0.0 0.0 0.0 0.0 0.0 0.0 0.0 0.0 0.0 0.0 0.0 0.0 0.0 0.001 0.001 0.001 0.001 0.001 0.001 0.001 0.001 0.001 0.001 0.001 0.002 0.002 0.003 0.003 0.004 0.004 0.005 0.006 0.008 0.009 0.011 0.012 0.014 0.015 0.017 0.018 0.018 0.019 0.02 0.02 0.021 0.022 0.022 0.023 0.025 0.027 0.028 0.03 0.031 0.033 0.034 0.036 0.04 0.043 0.046 0.049 0.053 0.056 0.059 0.062 0.065 0.067 0.07 0.072 0.074 0.077 0.079 0.082 0.085 0.089 0.093 0.097 0.101 0.105 0.109 0.112 0.116 0.118 0.121 0.124 0.127 0.129 0.132 0.135 0.136 0.137 0.138 0.139 0.14 0.141 0.141 0.142 0.144 0.155 0.166 0.177 0.188 0.199 0.21 0.221 0.232 0.243 0.253 0.262 0.271 0.28 0.289 0.299 0.308 0.324 0.347 0.369 0.392 0.414 0.437 0.459 0.482 0.506 0.53 0.553 0.577 0.601 0.625 0.648
0.0 0.0 0.0 0.0 0.0 0.0 0.0 0.0 0.0 0.0 0.0 0.0 0.0 0.0 0.0 0.0 0.0 0.0 0.0 0.0 0.0 0.0 0.001 0.001 0.001 0.001 0.001 0.001 0.001 0.001 0.001 0.001 0.001 0.002 0.002 0.003 0.003 0.004 0.004 0.006 0.007 0.009 0.01 0.012 0.013 0.015 0.016 0.017 0.017 0.018 0.019 0.019 0.02 0.021 0.021 0.022 0.024 0.025 0.027 0.028 0.03 0.032 0.033 0.035 0.037 0.04 0.044 0.047 0.05 0.053 0.057 0.06 0.062 0.065 0.067 0.069 0.072 0.074 0.076 0.079 0.082 0.086 0.089 0.093 0.097 0.101 0.105 0.109 0.112 0.115 0.117 0.12 0.123 0.125 0.128 0.131 0.133 0.134 0.135 0.136 0.137 0.138 0.139 0.14 0.142 0.153 0.164 0.175 0.186 0.197 0.208 0.219 0.23 0.24 0.249 0.258 0.267 0.276 0.286 0.295 0.304 0.321 0.343 0.366 0.388 0.411 0.433 0.456 0.478 0.501 0.525 0.549 0.572 0.596 0.62 0.644
0.0 0.0 0.0 0.0 0.0 0.0 0.0 0.0 0.0 0.0 0.0 0.0 0.0 0.0 0.0 0.0 0.0 0.0 0.0 0.0 0.0 0.0 0.0 0.0 0.0 0.0 0.0 0.0 0.0 0.0 0.0 0.0 0.001 0.001 0.002 0.002 0.003 0.003 0.004 0.005 0.007 0.008 0.01 0.011 0.013 0.014 0.015 0.015 0.016 0.017 0.017 0.018 0.019 0.019 0.02 0.021 0.023 0.024 0.026 0.027 0.029 0.03 0.032 0.033 0.035 0.038 0.041 0.044 0.048 0.051 0.054 0.057 0.06 0.062 0.064 0.067 0.069 0.072 0.074 0.076 0.079 0.082 0.086 0.09 0.093 0.097 0.101 0.105 0.108 0.111 0.114 0.116 0.119 0.122 0.124 0.127 0.13 0.132 0.133 0.134 0.135 0.136 0.137 0.138 0.139 0.15 0.161 0.173 0.184 0.195 0.206 0.217 0.227 0.236 0.245 0.254 0.263 0.273 0.282 0.291 0.3 0.317 0.34 0.362 0.385 0.407 0.43 0.452 0.474 0.497 0.52 0.544 0.568 0.592 0.615 0.639
0.0 0.0 0.0 0.0 0.0 0.0 0.0 0.0 0.0 0.0 0.0 0.0 0.0 0.0 0.0 0.0 0.0 0.0 0.0 0.0 0.0 0.0 0.0 0.0 0.0 0.0 0.0 0.0 0.0 0.0 0.0 0.0 0.0 0.001 0.001 0.002 0.002 0.003 0.003 0.005 0.006 0.008 0.009 0.011 0.012 0.013 0.013 0.014 0.015 0.015 0.016 0.017 0.017 0.018 0.019 0.02 0.021 0.023 0.025 0.026 0.028 0.029 0.031 0.032 0.034 0.035 0.039 0.042 0.045 0.048 0.052 0.055 0.057 0.059 0.062 0.064 0.067 0.069 0.071 0.074 0.076 0.078 0.082 0.086 0.09 0.094 0.097 0.101 0.104 0.107 0.11 0.113 0.115 0.118 0.121 0.123 0.126 0.129 0.131 0.132 0.132 0.133 0.134 0.135 0.137 0.148 0.159 0.17 0.181 0.192 0.204 0.214 0.223 0.232 0.241 0.25 0.26 0.269 0.278 0.287 0.296 0.314 0.336 0.359 0.381 0.403 0.426 0.448 0.471 0.493 0.516 0.54 0.563 0.587 0.611 0.635
0.0 0.0 0.0 0.0 0.0 0.0 0.0 0.0 0.0 0.0 0.0 0.0 0.0 0.0 0.0 0.0 0.0 0.0 0.0 0.0 0.0 0.0 0.0 0.0 0.0 0.0 0.0 0.0 0.0 0.0 0.0 0.0 0.0 0.0 0.001 0.001 0.002 0.002 0.003 0.004 0.006 0.007 0.009 0.01 0.011 0.012 0.012 0.013 0.014 0.014 0.015 0.016 0.016 0.017 0.018 0.019 0.02 0.022 0.023 0.025 0.026 0.028 0.03 0.031 0.033 0.034 0.036 0.039 0.043 0.046 0.049 0.052 0.055 0.057 0.059 0.062 0.064 0.066 0.069 0.071 0.074 0.076 0.078 0.082 0.086 0.09 0.094 0.098 0.101 0.103 0.106 0.109 0.111 0.114 0.117 0.12 0.122 0.125 0.128 0.129 0.13 0.131 0.132 0.133 0.135 0.146 0.157 0.168 0.179 0.19 0.201 0.21 0.219 0.228 0.237 0.247 0.256 0.265 0.274 0.283 0.292 0.31 0.333 0.355 0.377 0.4 0.422 0.445 0.467 0.49 0.512 0.535 0.559 0.582 0.606 0.63
0.0 0.0 0.0 0.0 0.0 0.0 0.0 0.0 0.0 0.0 0.0 0.0 0.0 0.0 0.0 0.0 0.0 0.0 0.0 0.0 0.0 0.0 0.0 0.0 0.0 0.0 0.0 0.0 0.0 0.0 0.0 0.0 0.0 0.0 0.0 0.001 0.001 0.002 0.002 0.004 0.005 0.007 0.008 0.009 0.01 0.01 0.011 0.012 0.012 0.013 0.014 0.014 0.015 0.016 0.016 0.018 0.019 0.021 0.022 0.024 0.025 0.027 0.028 0.03 0.031 0.033 0.035 0.037 0.04 0.043 0.046 0.05 0.052 0.054 0.057 0.059 0.062 0.064 0.066 0.069 0.071 0.073 0.076 0.078 0.082 0.086 0.09 0.094 0.097 0.1 0.102 0.105 0.108 0.11 0.113 0.116 0.119 0.121 0.124 0.127 0.128 0.129 0.13 0.131 0.133 0.144 0.155 0.166 0.177 0.188 0.197 0.206 0.215 0.224 0.234 0.243 0.252 0.261 0.27 0.279 0.289 0.307 0.329 0.351 0.374 0.396 0.419 0.441 0.464 0.486 0.509 0.531 0.554 0.578 0.602 0.625
0.0 0.0 0.0 0.0 0.0 0.0 0.0 0.0 0.0 0.0 0.0 0.0 0.0 0.0 0.0 0.0 0.0 0.0 0.0 0.0 0.0 0.0 0.0 0.0 0.0 0.0 0.0 0.0 0.0 0.0 0.0 0.0 0.0 0.0 0.0 0.0 0.001 0.001 0.002 0.003 0.005 0.006 0.007 0.008 0.009 0.009 0.01 0.011 0.011 0.012 0.013 0.013 0.014 0.015 0.015 0.016 0.018 0.019 0.021 0.023 0.024 0.026 0.027 0.029 0.03 0.032 0.033 0.035 0.037 0.041 0.044 0.047 0.049 0.052 0.054 0.057 0.059 0.061 0.064 0.066 0.068 0.071 0.073 0.076 0.078 0.082 0.086 0.09 0.093 0.096 0.099 0.101 0.104 0.107 0.109 0.112 0.115 0.117 0.12 0.123 0.125 0.126 0.127 0.128 0.131 0.142 0.153 0.164 0.175 0.184 0.193 0.202 0.211 0.221 0.23 0.239 0.248 0.257 0.267 0.276 0.285 0.303 0.325 0.348 0.37 0.393 0.415 0.438 0.46 0.483 0.505 0.527 0.55 0.573 0.597 0.621
0.0 0.0 0.0 0.0 0.0 0.0 0.0 0.0 0.0 0.0 0.0 0.0 0.0 0.0 0.0 0.0 0.0 0.0 0.0 0.0 0.0 0.0 0.0 0.0 0.0 0.0 0.0 0.0 0.0 0.0 0.0 0.0 0.0 0.0 0.0 0.0 0.0 0.001 0.001 0.003 0.004 0.005 0.006 0.007 0.007 0.008 0.009 0.009 0.01 0.011 0.011 0.012 0.013 0.013 0.014 0.015 0.017 0.018 0.02 0.021 0.023 0.024 0.026 0.028 0.029 0.031 0.032 0.034 0.035 0.038 0.041 0.045 0.047 0.049 0.052 0.054 0.056 0.059 0.061 0.064 0.066 0.068 0.071 0.073 0.075 0.079 0.082 0.086 0.089 0.092 0.095 0.098 0.1 0.103 0.106 0.108 0.111 0.114 0.116 0.119 0.122 0.124 0.125 0.126 0.128 0.139 0.151 0.162 0.171 0.18 0.189 0.198 0.208 0.217 0.226 0.235 0.244 0.254 0.263 0.272 0.281 0.299 0.322 0.344 0.367 0.389 0.412 0.434 0.457 0.479 0.501 0.524 0.546 0.569 0.592 0.616
0.0 0.0 0.0 0.0 0.0 0.0 0.0 0.0 0.0 0.0 0.0 0.0 0.0 0.0 0.0 0.0 0.0 0.0 0.0 0.0 0.0 0.0 0.0 0.0 0.0 0.0 0.0 0.0 0.0 0.0 0.0 0.0 0.0 0.0 0.0 0.0 0.0 0.0 0.001 0.002 0.004 0.004 0.005 0.005 0.006 0.007 0.007 0.008 0.009 0.009 0.01 0.011 0.011 0.012 0.013 0.014 0.015 0.017 0.019 0.02 0.022 0.023 0.025 0.026 0.028 0.029 0.031 0.033 0.034 0.036 0.039 0.042 0.044 0.047 0.049 0.052 0.054 0.056 0.059 0.061 0.063 0.066 0.068 0.07 0.073 0.075 0.079 0.083 0.086 0.088 0.091 0.094 0.096 0.099 0.102 0.105 0.107 0.11 0.113 0.115 0.118 0.121 0.123 0.124 0.126 0.137 0.148 0.158 0.167 0.176 0.185 0.195 0.204 0.213 0.222 0.231 0.241 0.25 0.259 0.268 0.277 0.296 0.318 0.341 0.363 0.386 0.408 0.431 0.453 0.475 0.498 0.52 0.543 0.565 0.588 0.611
0.0 0.0 0.0 0.0 0.0 0.0 0.0 0.0 0.0 0.0 0.0 0.0 0.0 0.0 0.0 0.0 0.0 0.0 0.0 0.0 0.0 0.0 0.0 0.0 0.0 0.0 0.0 0.0 0.0 0.0 0.0 0.0 0.0 0.0 0.0 0.0 0.0 0.0 0.0 0.002 0.002 0.003 0.004 0.004 0.005 0.006 0.006 0.007 0.008 0.008 0.009 0.01 0.01 0.011 0.012 0.013 0.014 0.016 0.017 0.019 0.021 0.022 0.024 0.025 0.027 0.028 0.03 0.031 0.033 0.034 0.036 0.039 0.042 0.044 0.047 0.049 0.051 0.054 0.056 0.058 0.061 0.063 0.066 0.068 0.07 0.073 0.075 0.079 0.082 0.085 0.087 0.09 0.093 0.095 0.098 0.101 0.104 0.106 0.109 0.112 0.114 0.117 0.12 0.121 0.124 0.135 0.145 0.154 0.163 0.172 0.182 0.191 0.2 0.209 0.218 0.228 0.237 0.246 0.255 0.264 0.273 0.292 0.315 0.337 0.36 0.382 0.404 0.427 0.449 0.472 0.494 0.517 0.539 0.562 0.584 0.607
0.0 0.0 0.0 0.0 0.0 0.0 0.0 0.0 0.0 0.0 0.0 0.0 0.0 0.0 0.0 0.0 0.0 0.0 0.0 0.0 0.0 0.0 0.0 0.0 0.0 0.0 0.0 0.0 0.0 0.0 0.0 0.0 0.0 0.0 0.0 0.0 0.0 0.0 0.0 0.001 0.001 0.002 0.003 0.003 0.004 0.005 0.005 0.006 0.006 0.007 0.008 0.008 0.009 0.01 0.01 0.012 0.013 0.015 0.016 0.018 0.019 0.021 0.022 0.024 0.026 0.027 0.029 0.03 0.032 0.033 0.035 0.037 0.039 0.042 0.044 0.046 0.049 0.051 0.054 0.056 0.058 0.061 0.063 0.065 0.068 0.07 0.073 0.075 0.078 0.081 0.084 0.086 0.089 0.092 0.094 0.097 0.1 0.102 0.105 0.108 0.111 0.113 0.116 0.119 0.122 0.132 0.141 0.15 0.159 0.169 0.178 0.187 0.196 0.205 0.215 0.224 0.233 0.242 0.251 0.26 0.27 0.289 0.311 0.334 0.356 0.378 0.401 0.423 0.446 0.468 0.491 0.513 0.536 0.558 0.581 0.603
0.0 0.0 0.0 0.0 0.0 0.0 0.0 0.0 0.0 0.0 0.0 0.0 0.0 0.0 0.0 0.0 0.0 0.0 0.0 0.0 0.0 0.0 0.0 0.0 0.0 0.0 0.0 0.0 0.0 0.0 0.0 0.0 0.0 0.0 0.0 0.0 0.0 0.0 0.0 0.001 0.001 0.002 0.003 0.003 0.004 0.005 0.005 0.006 0.006 0.007 0.008 0.008 0.009 0.01 0.01 0.011 0.013 0.015 0.016 0.018 0.019 0.021 0.022 0.024 0.025 0.027 0.028 0.03 0.031 0.033 0.034 0.037 0.04 0.042 0.044 0.047 0.049 0.051 0.054 0.056 0.058 0.06 0.063 0.065 0.067 0.07 0.072 0.074 0.077 0.079 0.082 0.085 0.087 0.09 0.092 0.095 0.098 0.1 0.103 0.105 0.108 0.111 0.113 0.116 0.12 0.129 0.138 0.147 0.156 0.165 0.174 0.183 0.192 0.202 0.211 0.22 0.229 0.238 0.247 0.257 0.266 0.285 0.308 0.33 0.352 0.375 0.397 0.42 0.442 0.465 0.487 0.51 0.532 0.554 0.577 0.599
0.0 0.0 0.0 0.0 0.0 0.0 0.0 0.0 0.0 0.0 0.0 0.0 0.0 0.0 0.0 0.0 0.0 0.0 0.0 0.0 0.0 0.0 0.0 0.0 0.0 0.0 0.0 0.0 0.0 0.0 0.0 0.0 0.0 0.0 0.0 0.0 0.0 0.0 0.0 0.001 0.001 0.002 0.003 0.003 0.004 0.004 0.005 0.006 0.006 0.007 0.008 0.008 0.009 0.01 0.01 0.011 0.013 0.015 0.016 0.018 0.019 0.021 0.022 0.024 0.025 0.027 0.028 0.03 0.031 0.033 0.035 0.037 0.041 0.044 0.046 0.049 0.051 0.053 0.056 0.058 0.06 0.063 0.065 0.067 0.069 0.072 0.074 0.076 0.079 0.081 0.084 0.087 0.089 0.092 0.094 0.097 0.1 0.102 0.105 0.107 0.11 0.113 0.115 0.118 0.125 0.135 0.144 0.153 0.162 0.171 0.18 0.189 0.198 0.207 0.216 0.225 0.234 0.243 0.252 0.261 0.27 0.29 0.312 0.334 0.357 0.379 0.401 0.423 0.446 0.468 0.49 0.513 0.535 0.557 0.579 0.602
0.0 0.0 0.0 0.0 0.0 0.0 0.0 0.0 0.0 0.0 0.0 0.0 0.0 0.0 0.0 0.0 0.0 0.0 0.0 0.0 0.0 0.0 0.0 0.0 0.0 0.0 0.0 0.0 0.0 0.0 0.0 0.0 0.0 0.0 0.0 0.0 0.0 0.0 0.0 0.001 0.001 0.002 0.003 0.003 0.004 0.004 0.005 0.006 0.006 0.007 0.008 0.008 0.009 0.01 0.01 0.011 0.013 0.015 0.016 0.018 0.019 0.021 0.022 0.024 0.025 0.027 0.028 0.03 0.031 0.033 0.035 0.037 0.042 0.046 0.049 0.051 0.053 0.055 0.058 0.06 0.062 0.065 0.067 0.069 0.071 0.074 0.076 0.078 0.081 0.083 0.086 0.089 0.091 0.094 0.096 0.099 0.102 0.104 0.107 0.109 0.112 0.115 0.117 0.124 0.131 0.141 0.15 0.159 0.168 0.177 0.186 0.195 0.204 0.213 0.222 0.231 0.24 0.249 0.258 0.267 0.276 0.296 0.318 0.34 0.363 0.385 0.407 0.43 0.452 0.474 0.496 0.519 0.541 0.563 0.586 0.608
0.0 0.0 0.0 0.0 0.0 0.0 0.0 0.0 0.0 0.0 0.0 0.0 0.0 0.0 0.0 0.0 0.0 0.0 0.0 0.0 0.0 0.0 0.0 0.0 0.0 0.0 0.0 0.0 0.0 0.0 0.0 0.0 0.0 0.0 0.0 0.0 0.0 0.0 0.0 0.001 0.001 0.002 0.002 0.003 0.004 0.004 0.005 0.006 0.006 0.007 0.008 0.008 0.009 0.01 0.01 0.011 0.013 0.014 0.016 0.018 0.019 0.021 0.022 0.024 0.025 0.027 0.028 0.03 0.031 0.033 0.035 0.038 0.042 0.047 0.051 0.053 0.055 0.057 0.06 0.062 0.064 0.067 0.069 0.071 0.074 0.076 0.078 0.08 0.083 0.086 0.088 0.091 0.093 0.096 0.099 0.101 0.104 0.106 0.109 0.112 0.114 0.117 0.122 0.129 0.136 0.146 0.156 0.165 0.174 0.183 0.192 0.201 0.21 0.219 0.228 0.237 0.246 0.255 0.264 0.273 0.282 0.302 0.324 0.347 0.369 0.391 0.413 0.436 0.458 0.48 0.503 0.525 0.547 0.569 0.592 0.61
0.0 0.0 0.0 0.0 0.0 0.0 0.0 0.0 0.0 0.0 0.0 0.0 0.0 0.0 0.0 0.0 0.0 0.0 0.0 0.0 0.0 0.0 0.0 0.0 0.0 0.0 0.0 0.0 0.0 0.0 0.0 0.0 0.0 0.0 0.0 0.0 0.0 0.0 0.0 0.001 0.001 0.002 0.002 0.003 0.004 0.004 0.005 0.006 0.006 0.007 0.008 0.008 0.009 0.009 0.01 0.011 0.013 0.014 0.016 0.018 0.019 0.021 0.022 0.024 0.025 0.027 0.028 0.03 0.032 0.034 0.035 0.038 0.042 0.047 0.051 0.055 0.057 0.06 0.062 0.064 0.066 0.069 0.071 0.073 0.076 0.078 0.08 0.083 0.085 0.088 0.09 0.093 0.095 0.098 0.101 0.103 0.106 0.108 0.111 0.114 0.116 0.121 0.128 0.134 0.141 0.151 0.161 0.171 0.18 0.189 0.198 0.207 0.216 0.225 0.234 0.243 0.252 0.261 0.27 0.279 0.288 0.308 0.33 0.353 0.375 0.397 0.42 0.442 0.464 0.486 0.509 0.531 0.553 0.576 0.595 0.61
0.0 0.0 0.0 0.0 0.0 0.0 0.0 0.0 0.0 0.0 0.0 0.0 0.0 0.0 0.0 0.0 0.0 0.0 0.0 0.0 0.0 0.0 0.0 0.0 0.0 0.0 0.0 0.0 0.0 0.0 0.0 0.0 0.0 0.0 0.0 0.0 0.0 0.0 0.0 0.001 0.001 0.002 0.002 0.003 0.004 0.004 0.005 0.006 0.006 0.007 0.008 0.008 0.009 0.009 0.01 0.011 0.013 0.014 0.016 0.017 0.019 0.021 0.022 0.024 0.025 0.027 0.028 0.03 0.032 0.034 0.036 0.038 0.043 0.047 0.052 0.056 0.059 0.062 0.064 0.066 0.069 0.071 0.073 0.075 0.078 0.08 0.082 0.085 0.087 0.09 0.092 0.095 0.097 0.1 0.103 0.105 0.108 0.11 0.113 0.116 0.12 0.127 0.133 0.139 0.146 0.156 0.166 0.176 0.186 0.195 0.204 0.213 0.222 0.231 0.24 0.249 0.258 0.267 0.276 0.285 0.294 0.314 0.337 0.359 0.381 0.404 0.426 0.448 0.47 0.493 0.515 0.537 0.56 0.58 0.595 0.61
0.0 0.0 0.0 0.0 0.0 0.0 0.0 0.0 0.0 0.0 0.0 0.0 0.0 0.0 0.0 0.0 0.0 0.0 0.0 0.0 0.0 0.0 0.0 0.0 0.0 0.0 0.0 0.0 0.0 0.0 0.0 0.0 0.0 0.0 0.0 0.0 0.0 0.0 0.0 0.001 0.001 0.002 0.002 0.003 0.004 0.004 0.005 0.006 0.006 0.007 0.007 0.008 0.009 0.009 0.01 0.011 0.013 0.014 0.016 0.017 0.019 0.021 0.022 0.024 0.025 0.027 0.028 0.03 0.032 0.034 0.036 0.039 0.043 0.048 0.052 0.057 0.061 0.064 0.066 0.068 0.071 0.073 0.075 0.077 0.08 0.082 0.084 0.087 0.089 0.092 0.094 0.097 0.1 0.102 0.105 0.107 0.11 0.113 0.115 0.119 0.125 0.132 0.138 0.144 0.151 0.161 0.171 0.181 0.191 0.201 0.21 0.219 0.228 0.237 0.246 0.255 0.264 0.273 0.282 0.291 0.3 0.321 0.343 0.365 0.387 0.41 0.432 0.454 0.477 0.499 0.521 0.543 0.565 0.58 0.595 0.61
0.0 0.0 0.0 0.0 0.0 0.0 0.0 0.0 0.0 0.0 0.0 0.0 0.0 0.0 0.0 0.0 0.0 0.0 0.0 0.0 0.0 0.0 0.0 0.0 0.0 0.0 0.0 0.0 0.0 0.0 0.0 0.0 0.0 0.0 0.0 0.0 0.0 0.0 0.0 0.001 0.001 0.002 0.002 0.003 0.004 0.004 0.005 0.006 0.006 0.007 0.007 0.008 0.009 0.009 0.01 0.011 0.013 0.014 0.016 0.017 0.019 0.021 0.022 0.024 0.025 0.027 0.029 0.031 0.033 0.034 0.036 0.039 0.043 0.048 0.052 0.057 0.061 0.066 0.068 0.07 0.073 0.075 0.077 0.08 0.082 0.084 0.086 0.089 0.091 0.094 0.096 0.099 0.102 0.104 0.107 0.109 0.112 0.115 0.118 0.124 0.131 0.137 0.143 0.149 0.156 0.166 0.176 0.186 0.196 0.207 0.216 0.225 0.234 0.243 0.252 0.261 0.27 0.279 0.288 0.297 0.306 0.327 0.349 0.371 0.394 0.416 0.438 0.46 0.483 0.505 0.527 0.55 0.565 0.58 0.595 0.609
0.0 0.0 0.0 0.0 0.0 0.0 0.0 0.0 0.0 0.0 0.0 0.0 0.0 0.0 0.0 0.0 0.0 0.0 0.0 0.0 0.0 0.0 0.0 0.0 0.0 0.0 0.0 0.0 0.0 0.0 0.0 0.0 0.0 0.0 0.0 0.0 0.0 0.0 0.0 0.001 0.001 0.002 0.002 0.003 0.004 0.004 0.005 0.005 0.006 0.007 0.007 0.008 0.009 0.009 0.01 0.011 0.013 0.014 0.016 0.017 0.019 0.02 0.022 0.024 0.025 0.027 0.029 0.031 0.033 0.035 0.037 0.039 0.044 0.048 0.053 0.057 0.062 0.066 0.07 0.072 0.075 0.077 0.079 0.082 0.084 0.086 0.088 0.091 0.093 0.096 0.099 0.101 0.104 0.106 0.109 0.111 0.114 0.117 0.123 0.13 0.136 0.142 0.148 0.154 0.162 0.172 0.182 0.192 0.202 0.212 0.222 0.231 0.24 0.249 0.258 0.267 0.276 0.285 0.294 0.303 0.312 0.333 0.355 0.378 0.4 0.422 0.444 0.467 0.489 0.511 0.534 0.55 0.565 0.58 0.594 0.609
0.0 0.0 0.0 0.0 0.0 0.0 0.0 0.0 0.0 0.0 0.0 0.0 0.0 0.0 0.0 0.0 0.0 0.0 0.0 0.0 0.0 0.0 0.0 0.0 0.0 0.0 0.0 0.0 0.0 0.0 0.0 0.0 0.0 0.0 0.0 0.0 0.0 0.0 0.0 0.001 0.001 0.002 0.002 0.003 0.004 0.004 0.005 0.005 0.006 0.007 0.007 0.008 0.009 0.009 0.01 0.011 0.013 0.014 0.016 0.017 0.019 0.02 0.022 0.024 0.026 0.027 0.029 0.031 0.033 0.035 0.037 0.04 0.044 0.049 0.053 0.057 0.062 0.066 0.071 0.074 0.077 0.079 0.081 0.084 0.086 0.088 0.091 0.093 0.095 0.098 0.101 0.103 0.106 0.108 0.111 0.114 0.116 0.122 0.129 0.135 0.141 0.147 0.153 0.159 0.167 0.177 0.187 0.197 0.207 0.217 0.227 0.237 0.246 0.255 0.264 0.273 0.282 0.291 0.3 0.309 0.318 0.339 0.361 0.384 0.406 0.428 0.451 0.473 0.495 0.517 0.535 0.55 0.565 0.579 0.594 0.609
0.0 0.0 0.0 0.0 0.0 0.0 0.0 0.0 0.0 0.0 0.0 0.0 0.0 0.0 0.0 0.0 0.0 0.0 0.0 0.0 0.0 0.0 0.0 0.0 0.0 0.0 0.0 0.0 0.0 0.0 0.0 0.0 0.0 0.0 0.0 0.0 0.0 0.0 0.0 0.001 0.001 0.002 0.002 0.003 0.004 0.004 0.005 0.005 0.006 0.007 0.007 0.008 0.009 0.009 0.01 0.011 0.013 0.014 0.016 0.017 0.019 0.02 0.022 0.024 0.026 0.028 0.03 0.031 0.033 0.035 0.037 0.04 0.044 0.049 0.053 0.058 0.062 0.067 0.071 0.076 0.079 0.081 0.083 0.086 0.088 0.09 0.093 0.095 0.097 0.1 0.103 0.105 0.108 0.11 0.113 0.116 0.121 0.127 0.134 0.14 0.146 0.152 0.158 0.164 0.172 0.182 0.192 0.202 0.212 0.222 0.232 0.242 0.252 0.261 0.27 0.279 0.288 0.297 0.306 0.315 0.324 0.345 0.368 0.39 0.412 0.434 0.457 0.479 0.501 0.52 0.535 0.55 0.564 0.579 0.594 0.609
0.0 0.0 0.0 0.0 0.0 0.0 0.0 0.0 0.0 0.0 0.0 0.0 0.0 0.0 0.0 0.0 0.0 0.0 0.0 0.0 0.0 0.0 0.0 0.0 0.0 0.0 0.0 0.0 0.0 0.0 0.0 0.0 0.0 0.0 0.0 0.0 0.0 0.0 0.0 0.001 0.001 0.002 0.002 0.003 0.004 0.004 0.005 0.005 0.006 0.007 0.007 0.008 0.009 0.009 0.01 0.011 0.013 0.014 0.016 0.017 0.019 0.02 0.022 0.024 0.026 0.028 0.03 0.032 0.034 0.036 0.037 0.04 0.045 0.049 0.054 0.058 0.063 0.067 0.072 0.076 0.081 0.083 0.085 0.088 0.09 0.092 0.095 0.097 0.1 0.102 0.105 0.107 0.11 0.113 0.115 0.12 0.126 0.133 0.139 0.145 0.151 0.157 0.163 0.169 0.177 0.187 0.197 0.207 0.217 0.227 0.237 0.247 0.257 0.267 0.276 0.285 0.294 0.303 0.312 0.321 0.33 0.351 0.374 0.396 0.418 0.441 0.463 0.485 0.505 0.52 0.535 0.549 0.564 0.579 0.594 0.609
0.0 0.0 0.0 0.0 0.0 0.0 0.0 0.0 0.0 0.0 0.0 0.0 0.0 0.0 0.0 0.0 0.0 0.0 0.0 0.0 0.0 0.0 0.0 0.0 0.0 0.0 0.0 0.0 0.0 0.0 0.0 0.0 0.0 0.0 0.0 0.0 0.0 0.0 0.0 0.001 0.001 0.002 0.003 0.003 0.004 0.004 0.005 0.005 0.006 0.007 0.007 0.008 0.009 0.009 0.01 0.011 0.013 0.014 0.016 0.017 0.019 0.021 0.023 0.025 0.026 0.028 0.03 0.032 0.034 0.036 0.038 0.041 0.045 0.05 0.054 0.058 0.063 0.067 0.072 0.076 0.081 0.085 0.088 0.09 0.092 0.094 0.097 0.099 0.102 0.104 0.107 0.109 0.112 0.115 0.119 0.125 0.132 0.138 0.144 0.15 0.156 0.162 0.168 0.174 0.182 0.192 0.202 0.212 0.222 0.232 0.242 0.252 0.262 0.272 0.282 0.291 0.3 0.309 0.318 0.327 0.336 0.358 0.38 0.402 0.425 0.447 0.469 0.49 0.505 0.52 0.534 0.549 0.564 0.579 0.594 0.608
0.0 0.0 0.0 0.0 0.0 0.0 0.0 0.0 0.0 0.0 0.0 0.0 0.0 0.0 0.0 0.0 0.0 0.0 0.0 0.0 0.0 0.0 0.0 0.0 0.0 0.0 0.0 0.0 0.0 0.0 0.0 0.0 0.0 0.0 0.0 0.0 0.0 0.0 0.0 0.001 0.001 0.002 0.003 0.003 0.004 0.004 0.005 0.005 0.006 0.007 0.007 0.008 0.009 0.009 0.01 0.011 0.013 0.014 0.016 0.017 0.019 0.021 0.023 0.025 0.027 0.029 0.03 0.032 0.034 0.036 0.038 0.041 0.045 0.05 0.054 0.059 0.063 0.068 0.072 0.077 0.081 0.086 0.09 0.092 0.094 0.097 0.099 0.101 0.104 0.106 0.109 0.111 0.114 0.118 0.124 0.13 0.137 0.143 0.149 0.155 0.161 0.167 0.173 0.18 0.187 0.197 0.207 0.217 0.227 0.237 0.247 0.257 0.267 0.278 0.288 0.297 0.306 0.315 0.324 0.333 0.342 0.364 0.386 0.408 0.431 0.453 0.475 0.49 0.505 0.519 0.534 0.549 0.564 0.579 0.593 0.608
0.0 0.0 0.0 0.0 0.0 0.0 0.0 0.0 0.0 0.0 0.0 0.0 0.0 0.0 0.0 0.0 0.0 0.0 0.0 0.0 0.0 0.0 0.0 0.0 0.0 0.0 0.0 0.0 0.0 0.0 0.0 0.0 0.0 0.0 0.0 0.0 0.0 0.0 0.0 0.001 0.001 0.002 0.003 0.003 0.004 0.004 0.005 0.005 0.006 0.007 0.007 0.008 0.008 0.009 0.01 0.011 0.013 0.014 0.016 0.018 0.019 0.021 0.023 0.025 0.027 0.029 0.031 0.033 0.035 0.036 0.038 0.041 0.046 0.05 0.055 0.059 0.064 0.068 0.073 0.077 0.081 0.086 0.09 0.094 0.096 0.099 0.101 0.103 0.106 0.108 0.111 0.114 0.117 0.123 0.129 0.136 0.142 0.148 0.154 0.16 0.166 0.172 0.178 0.185 0.193 0.203 0.213 0.223 0.233 0.243 0.253 0.263 0.273 0.283 0.293 0.303 0.312 0.321 0.33 0.339 0.348 0.37 0.392 0.415 0.437 0.459 0.475 0.49 0.504 0.519 0.534 0.549 0.564 0.578 0.593 0.608
0.0 0.0 0.0 0.0 0.0 0.0 0.0 0.0 0.0 0.0 0.0 0.0 0.0 0.0 0.0 0.0 0.0 0.0 0.0 0.0 0.0 0.0 0.0 0.0 0.0 0.0 0.0 0.0 0.0 0.0 0.0 0.0 0.0 0.0 0.0 0.0 0.0 0.0 0.0 0.001 0.001 0.002 0.003 0.003 0.004 0.004 0.005 0.005 0.006 0.007 0.007 0.008 0.008 0.009 0.01 0.011 0.013 0.014 0.016 0.018 0.02 0.022 0.023 0.025 0.027 0.029 0.031 0.033 0.035 0.037 0.039 0.042 0.046 0.05 0.055 0.059 0.064 0.068 0.073 0.077 0.082 0.086 0.091 0.095 0.098 0.101 0.103 0.105 0.108 0.11 0.113 0.116 0.122 0.128 0.135 0.141 0.147 0.153 0.159 0.165 0.171 0.177 0.184 0.19 0.198 0.208 0.218 0.228 0.238 0.248 0.258 0.268 0.278 0.288 0.298 0.308 0.318 0.327 0.336 0.345 0.354 0.376 0.399 0.421 0.443 0.46 0.475 0.489 0.504 0.519 0.534 0.549 0.563 0.578 0.593 0.608
0.0 0.0 0.0 0.0 0.0 0.0 0.0 0.0 0.0 0.0 0.0 0.0 0.0 0.0 0.0 0.0 0.0 0.0 0.0 0.0 0.0 0.0 0.0 0.0 0.0 0.0 0.0 0.0 0.0 0.0 0.0 0.0 0.0 0.0 0.0 0.0 0.0 0.0 0.0 0.001 0.001 0.002 0.003 0.003 0.004 0.004 0.005 0.005 0.006 0.007 0.007 0.008 0.008 0.009 0.01 0.011 0.013 0.014 0.016 0.018 0.02 0.022 0.024 0.026 0.028 0.029 0.031 0.033 0.035 0.037 0.039 0.042 0.046 0.051 0.055 0.06 0.064 0.069 0.073 0.078 0.082 0.087 0.091 0.096 0.1 0.103 0.105 0.107 0.11 0.112 0.115 0.121 0.127 0.133 0.14 0.146 0.152 0.158 0.164 0.17 0.176 0.183 0.189 0.195 0.203 0.213 0.223 0.233 0.243 0.253 0.263 0.273 0.283 0.293 0.303 0.313 0.323 0.333 0.342 0.351 0.36 0.382 0.405 0.427 0.445 0.46 0.474 0.489 0.504 0.519 0.534 0.548 0.563 0.578 0.593 0.608
0.0 0.0 0.0 0.0 0.0 0.0 0.0 0.0 0.0 0.0 0.0 0.0 0.0 0.0 0.0 0.0 0.0 0.0 0.0 0.0 0.0 0.0 0.0 0.0 0.0 0.0 0.0 0.0 0.0 0.0 0.0 0.0 0.0 0.0 0.0 0.0 0.0 0.0 0.0 0.001 0.001 0.002 0.003 0.003 0.004 0.004 0.005 0.005 0.006 0.007 0.007 0.008 0.008 0.009 0.01 0.011 0.013 0.015 0.016 0.018 0.02 0.022 0.024 0.026 0.028 0.03 0.032 0.033 0.035 0.037 0.039 0.042 0.047 0.051 0.056 0.06 0.065 0.069 0.074 0.078 0.082 0.087 0.091 0.096 0.1 0.105 0.107 0.109 0.112 0.115 0.12 0.126 0.132 0.139 0.145 0.151 0.157 0.163 0.169 0.175 0.181 0.188 0.194 0.2 0.208 0.218 0.228 0.238 0.248 0.258 0.268 0.278 0.288 0.298 0.308 0.318 0.328 0.338 0.348 0.357 0.366 0.389 0.411 0.43 0.444 0.459 0.474 0.489 0.504 0.518 0.533 0.548 0.563 0.578 0.593 0.607
0.0 0.0 0.0 0.0 0.0 0.0 0.0 0.0 0.0 0.0 0.0 0.0 0.0 0.0 0.0 0.0 0.0 0.0 0.0 0.0 0.0 0.0 0.0 0.0 0.0 0.0 0.0 0.0 0.0 0.0 0.0 0.0 0.0 0.0 0.0 0.0 0.0 0.0 0.0 0.001 0.001 0.002 0.003 0.003 0.004 0.004 0.005 0.005 0.006 0.007 0.007 0.008 0.008 0.009 0.01 0.011 0.013 0.015 0.017 0.019 0.021 0.022 0.024 0.026 0.028 0.03 0.032 0.034 0.036 0.038 0.039 0.043 0.047 0.051 0.056 0.06 0.065 0.069 0.074 0.078 0.083 0.087 0.092 0.096 0.101 0.105 0.109 0.111 0.114 0.119 0.125 0.131 0.138 0.144 0.15 0.156 0.162 0.168 0.174 0.18 0.187 0.193 0.199 0.205 0.213 0.223 0.233 0.243 0.253 0.263 0.273 0.283 0.293 0.303 0.313 0.323 0.333 0.343 0.353 0.363 0.372 0.395 0.415 0.429 0.444 0.459 0.474 0.489 0.503 0.518 0.533 0.548 0.563 0.577 0.592 0.607
0.0 0.0 0.0 0.0 0.0 0.0 0.0 0.0 0.0 0.0 0.0 0.0 0.0 0.0 0.0 0.0 0.0 0.0 0.0 0.0 0.0 0.0 0.0 0.0 0.0 0.0 0.0 0.0 0.0 0.0 0.0 0.0 0.0 0.0 0.0 0.0 0.0 0.0 0.0 0.001 0.001 0.002 0.002 0.003 0.004 0.004 0.005 0.005 0.006 0.007 0.007 0.008 0.008 0.009 0.01 0.011 0.013 0.015 0.017 0.019 0.021 0.023 0.025 0.026 0.028 0.03 0.032 0.034 0.036 0.038 0.04 0.043 0.047 0.052 0.056 0.061 0.065 0.07 0.074 0.079 0.083 0.088 0.092 0.097 0.101 0.106 0.11 0.114 0.118 0.124 0.13 0.137 0.143 0.149 0.155 0.161 0.167 0.173 0.179 0.186 0.192 0.198 0.204 0.21 0.218 0.228 0.238 0.248 0.258 0.268 0.278 0.288 0.298 0.308 0.318 0.328 0.338 0.349 0.359 0.369 0.379 0.4 0.414 0.429 0.444 0.459 0.474 0.488 0.503 0.518 0.533 0.548 0.562 0.577 0.592 0.607
0.0 0.0 0.0 0.0 0.0 0.0 0.0 0.0 0.0 0.0 0.0 0.0 0.0 0.0 0.0 0.0 0.0 0.0 0.0 0.0 0.0 0.0 0.0 0.0 0.0 0.0 0.0 0.0 0.0 0.0 0.0 0.0 0.0 0.0 0.0 0.0 0.0 0.0 0.0 0.0 0.001 0.001 0.002 0.003 0.003 0.004 0.004 0.005 0.006 0.006 0.007 0.007 0.008 0.008 0.009 0.011 0.013 0.015 0.017 0.019 0.02 0.022 0.024 0.026 0.028 0.03 0.032 0.034 0.036 0.038 0.039 0.04 0.044 0.049 0.053 0.058 0.062 0.067 0.071 0.076 0.081 0.085 0.09 0.094 0.099 0.103 0.108 0.113 0.119 0.125 0.131 0.138 0.144 0.15 0.157 0.163 0.169 0.175 0.182 0.188 0.194 0.201 0.207 0.213 0.22 0.231 0.241 0.251 0.262 0.272 0.282 0.292 0.303 0.313 0.323 0.334 0.344 0.354 0.364 0.374 0.385 0.399 0.414 0.429 0.444 0.459 0.473 0.488 0.503 0.518 0.533 0.547 0.562 0.577 0.592 0.607
0.0 0.0 0.0 0.0 0.0 0.0 0.0 0.0 0.0 0.0 0.0 0.0 0.0 0.0 0.0 0.0 0.0 0.0 0.0 0.0 0.0 0.0 0.0 0.0 0.0 0.0 0.0 0.0 0.0 0.0 0.0 0.0 0.0 0.0 0.0 0.0 0.0 0.0 0.0 0.0 0.0 0.001 0.002 0.002 0.003 0.003 0.004 0.004 0.005 0.006 0.006 0.007 0.007 0.008 0.009 0.01 0.012 0.014 0.016 0.018 0.02 0.022 0.024 0.026 0.028 0.029 0.031 0.033 0.035 0.037 0.037 0.038 0.04 0.044 0.049 0.053 0.058 0.062 0.067 0.072 0.076 0.081 0.085 0.09 0.094 0.099 0.103 0.108 0.114 0.121 0.127 0.133 0.14 0.146 0.152 0.158 0.165 0.171 0.177 0.184 0.19 0.196 0.202 0.207 0.211 0.22 0.23 0.24 0.251 0.261 0.271 0.282 0.292 0.302 0.312 0.323 0.333 0.343 0.354 0.364 0.375 0.39 0.405 0.42 0.435 0.45 0.465 0.48 0.495 0.51 0.525 0.539 0.554 0.569 0.584 0.599
0.0 0.0 0.0 0.0 0.0 0.0 0.0 0.0 0.0 0.0 0.0 0.0 0.0 0.0 0.0 0.0 0.0 0.0 0.0 0.0 0.0 0.0 0.0 0.0 0.0 0.0 0.0 0.0 0.0 0.0 0.0 0.0 0.0 0.0 0.0 0.0 0.0 0.0 0.0 0.0 0.0 0.0 0.001 0.002 0.002 0.003 0.003 0.004 0.005 0.005 0.006 0.006 0.007 0.008 0.008 0.01 0.012 0.014 0.016 0.018 0.02 0.021 0.023 0.025 0.027 0.029 0.031 0.033 0.035 0.035 0.036 0.036 0.038 0.04 0.044 0.049 0.053 0.058 0.062 0.067 0.072 0.076 0.081 0.085 0.09 0.094 0.099 0.104 0.11 0.116 0.122 0.129 0.135 0.141 0.148 0.154 0.16 0.166 0.173 0.179 0.185 0.192 0.196 0.199 0.204 0.21 0.219 0.229 0.24 0.25 0.26 0.271 0.281 0.291 0.301 0.312 0.322 0.332 0.343 0.353 0.364 0.379 0.394 0.409 0.424 0.439 0.454 0.469 0.484 0.499 0.514 0.529 0.544 0.559 0.574 0.588
0.0 0.0 0.0 0.0 0.0 0.0 0.0 0.0 0.0 0.0 0.0 0.0 0.0 0.0 0.0 0.0 0.0 0.0 0.0 0.0 0.0 0.0 0.0 0.0 0.0 0.0 0.0 0.0 0.0 0.0 0.0 0.0 0.0 0.0 0.0 0.0 0.0 0.0 0.0 0.0 0.0 0.0 0.001 0.001 0.002 0.002 0.003 0.004 0.004 0.005 0.005 0.006 0.006 0.007 0.008 0.01 0.011 0.013 0.015 0.017 0.019 0.021 0.023 0.025 0.027 0.029 0.03 0.032 0.033 0.033 0.034 0.034 0.036 0.037 0.04 0.044 0.049 0.053 0.058 0.063 0.067 0.072 0.076 0.081 0.085 0.09 0.094 0.099 0.105 0.112 0.118 0.124 0.131 0.137 0.143 0.149 0.156 0.162 0.168 0.175 0.181 0.186 0.189 0.192 0.197 0.202 0.208 0.219 0.229 0.239 0.249 0.26 0.27 0.28 0.291 0.301 0.311 0.321 0.332 0.342 0.353 0.368 0.383 0.398 0.413 0.428 0.443 0.458 0.473 0.488 0.503 0.518 0.533 0.548 0.563 0.574
0.0 0.0 0.0 0.0 0.0 0.0 0.0 0.0 0.0 0.0 0.0 0.0 0.0 0.0 0.0 0.0 0.0 0.0 0.0 0.0 0.0 0.0 0.0 0.0 0.0 0.0 0.0 0.0 0.0 0.0 0.0 0.0 0.0 0.0 0.0 0.0 0.0 0.0 0.0 0.0 0.0 0.0 0.0 0.001 0.001 0.002 0.002 0.003 0.004 0.004 0.005 0.005 0.006 0.007 0.007 0.009 0.011 0.013 0.015 0.017 0.019 0.021 0.022 0.024 0.026 0.028 0.03 0.031 0.031 0.032 0.032 0.033 0.034 0.035 0.036 0.04 0.044 0.049 0.053 0.058 0.063 0.067 0.072 0.076 0.081 0.085 0.09 0.095 0.101 0.107 0.114 0.12 0.126 0.132 0.139 0.145 0.151 0.158 0.164 0.17 0.176 0.179 0.182 0.185 0.189 0.195 0.201 0.208 0.218 0.228 0.239 0.249 0.259 0.269 0.28 0.29 0.3 0.311 0.321 0.331 0.342 0.357 0.372 0.387 0.402 0.417 0.432 0.447 0.462 0.477 0.492 0.507 0.522 0.537 0.549 0.56
0.0 0.0 0.0 0.0 0.0 0.0 0.0 0.0 0.0 0.0 0.0 0.0 0.0 0.0 0.0 0.0 0.0 0.0 0.0 0.0 0.0 0.0 0.0 0.0 0.0 0.0 0.0 0.0 0.0 0.0 0.0 0.0 0.0 0.0 0.0 0.0 0.0 0.0 0.0 0.0 0.0 0.0 0.0 0.0 0.001 0.001 0.002 0.003 0.003 0.004 0.004 0.005 0.006 0.006 0.007 0.009 0.011 0.012 0.014 0.016 0.018 0.02 0.022 0.024 0.026 0.028 0.029 0.029 0.029 0.03 0.03 0.031 0.032 0.033 0.034 0.036 0.04 0.044 0.049 0.054 0.058 0.063 0.067 0.072 0.076 0.081 0.085 0.09 0.096 0.103 0.109 0.115 0.122 0.128 0.134 0.14 0.147 0.153 0.159 0.166 0.169 0.172 0.175 0.177 0.182 0.188 0.194 0.199 0.207 0.217 0.228 0.238 0.248 0.258 0.269 0.279 0.289 0.3 0.31 0.32 0.331 0.346 0.361 0.376 0.391 0.406 0.421 0.436 0.451 0.466 0.481 0.496 0.511 0.524 0.535 0.546
0.0 0.0 0.0 0.0 0.0 0.0 0.0 0.0 0.0 0.0 0.0 0.0 0.0 0.0 0.0 0.0 0.0 0.0 0.0 0.0 0.0 0.0 0.0 0.0 0.0 0.0 0.0 0.0 0.0 0.0 0.0 0.0 0.0 0.0 0.0 0.0 0.0 0.0 0.0 0.0 0.0 0.0 0.0 0.0 0.0 0.001 0.002 0.002 0.003 0.003 0.004 0.004 0.005 0.006 0.006 0.008 0.01 0.012 0.014 0.016 0.018 0.02 0.022 0.023 0.025 0.027 0.027 0.027 0.028 0.028 0.028 0.029 0.03 0.031 0.033 0.034 0.035 0.04 0.044 0.049 0.054 0.058 0.063 0.067 0.072 0.076 0.081 0.086 0.092 0.098 0.105 0.111 0.117 0.123 0.13 0.136 0.142 0.149 0.155 0.158 0.161 0.164 0.167 0.17 0.175 0.181 0.186 0.192 0.198 0.206 0.217 0.227 0.237 0.248 0.258 0.268 0.278 0.289 0.299 0.309 0.321 0.336 0.351 0.365 0.38 0.395 0.41 0.425 0.44 0.455 0.47 0.485 0.499 0.51 0.521 0.532
0.0 0.0 0.0 0.0 0.0 0.0 0.0 0.0 0.0 0.0 0.0 0.0 0.0 0.0 0.0 0.0 0.0 0.0 0.0 0.0 0.0 0.0 0.0 0.0 0.0 0.0 0.0 0.0 0.0 0.0 0.0 0.0 0.0 0.0 0.0 0.0 0.0 0.0 0.0 0.0 0.0 0.0 0.0 0.0 0.0 0.0 0.001 0.002 0.002 0.003 0.003 0.004 0.005 0.005 0.006 0.008 0.01 0.012 0.013 0.015 0.017 0.019 0.021 0.023 0.025 0.025 0.025 0.025 0.026 0.026 0.026 0.027 0.028 0.029 0.031 0.032 0.033 0.035 0.04 0.045 0.049 0.054 0.058 0.063 0.067 0.072 0.076 0.081 0.088 0.094 0.1 0.106 0.113 0.119 0.125 0.132 0.138 0.144 0.148 0.151 0.154 0.157 0.16 0.163 0.168 0.173 0.179 0.185 0.191 0.196 0.206 0.216 0.226 0.237 0.247 0.257 0.268 0.278 0.288 0.298 0.31 0.325 0.34 0.355 0.37 0.385 0.4 0.415 0.43 0.445 0.46 0.473 0.485 0.496 0.507 0.518
0.0 0.0 0.0 0.0 0.0 0.0 0.0 0.0 0.0 0.0 0.0 0.0 0.0 0.0 0.0 0.0 0.0 0.0 0.0 0.0 0.0 0.0 0.0 0.0 0.0 0.0 0.0 0.0 0.0 0.0 0.0 0.0 0.0 0.0 0.0 0.0 0.0 0.0 0.0 0.0 0.0 0.0 0.0 0.0 0.0 0.0 0.001 0.001 0.002 0.002 0.003 0.004 0.004 0.005 0.005 0.007 0.009 0.011 0.013 0.015 0.017 0.019 0.021 0.023 0.023 0.023 0.023 0.024 0.024 0.024 0.024 0.025 0.026 0.028 0.029 0.03 0.031 0.033 0.035 0.04 0.045 0.049 0.054 0.058 0.063 0.067 0.072 0.077 0.083 0.089 0.096 0.102 0.108 0.114 0.121 0.127 0.133 0.138 0.141 0.144 0.147 0.15 0.153 0.156 0.16 0.166 0.172 0.178 0.183 0.189 0.195 0.205 0.215 0.226 0.236 0.246 0.257 0.267 0.277 0.288 0.299 0.314 0.329 0.344 0.359 0.374 0.389 0.404 0.419 0.434 0.448 0.459 0.471 0.482 0.493 0.504
0.0 0.0 0.0 0.0 0.0 0.0 0.0 0.0 0.0 0.0 0.0 0.0 0.0 0.0 0.0 0.0 0.0 0.0 0.0 0.0 0.0 0.0 0.0 0.0 0.0 0.0 0.0 0.0 0.0 0.0 0.0 0.0 0.0 0.0 0.0 0.0 0.0 0.0 0.0 0.0 0.0 0.0 0.0 0.0 0.0 0.0 0.0 0.001 0.001 0.002 0.002 0.003 0.004 0.004 0.005 0.007 0.009 0.011 0.013 0.014 0.016 0.018 0.02 0.021 0.021 0.021 0.021 0.022 0.022 0.022 0.022 0.023 0.025 0.026 0.027 0.028 0.029 0.031 0.032 0.036 0.04 0.045 0.049 0.054 0.058 0.063 0.067 0.072 0.079 0.085 0.091 0.097 0.104 0.11 0.116 0.123 0.127 0.13 0.133 0.136 0.139 0.142 0.145 0.148 0.153 0.159 0.165 0.17 0.176 0.182 0.188 0.194 0.205 0.215 0.225 0.235 0.246 0.256 0.266 0.277 0.288 0.303 0.318 0.333 0.348 0.363 0.378 0.393 0.408 0.423 0.434 0.445 0.457 0.468 0.479 0.49
0.0 0.0 0.0 0.0 0.0 0.0 0.0 0.0 0.0 0.0 0.0 0.0 0.0 0.0 0.0 0.0 0.0 0.0 0.0 0.0 0.0 0.0 0.0 0.0 0.0 0.0 0.0 0.0 0.0 0.0 0.0 0.0 0.0 0.0 0.0 0.0 0.0 0.0 0.0 0.0 0.0 0.0 0.0 0.0 0.0 0.0 0.0 0.0 0.001 0.001 0.002 0.003 0.003 0.004 0.005 0.006 0.008 0.01 0.012 0.014 0.016 0.018 0.019 0.019 0.019 0.019 0.02 0.02 0.02 0.02 0.021 0.021 0.023 0.024 0.025 0.026 0.028 0.029 0.03 0.031 0.036 0.04 0.045 0.049 0.054 0.058 0.063 0.068 0.074 0.08 0.087 0.093 0.099 0.106 0.112 0.117 0.12 0.123 0.126 0.129 0.132 0.135 0.138 0.141 0.146 0.152 0.157 0.163 0.169 0.175 0.18 0.186 0.194 0.204 0.214 0.225 0.235 0.245 0.255 0.266 0.277 0.292 0.307 0.322 0.337 0.352 0.367 0.382 0.397 0.409 0.42 0.431 0.443 0.454 0.465 0.476
0.0 0.0 0.0 0.0 0.0 0.0 0.0 0.0 0.0 0.0 0.0 0.0 0.0 0.0 0.0 0.0 0.0 0.0 0.0 0.0 0.0 0.0 0.0 0.0 0.0 0.0 0.0 0.0 0.0 0.0 0.0 0.0 0.0 0.0 0.0 0.0 0.0 0.0 0.0 0.0 0.0 0.0 0.0 0.0 0.0 0.0 0.0 0.0 0.0 0.001 0.002 0.002 0.003 0.003 0.004 0.006 0.008 0.01 0.012 0.014 0.015 0.017 0.017 0.017 0.017 0.018 0.018 0.018 0.018 0.018 0.019 0.02 0.021 0.022 0.023 0.025 0.026 0.027 0.028 0.03 0.031 0.036 0.04 0.045 0.049 0.054 0.058 0.063 0.07 0.076 0.082 0.089 0.095 0.101 0.107 0.11 0.113 0.116 0.119 0.122 0.125 0.128 0.131 0.134 0.139 0.144 0.15 0.156 0.162 0.167 0.173 0.179 0.184 0.193 0.203 0.214 0.224 0.234 0.245 0.255 0.266 0.281 0.296 0.311 0.326 0.341 0.356 0.371 0.384 0.395 0.406 0.417 0.429 0.44 0.451 0.462
0.0 0.0 0.0 0.0 0.0 0.0 0.0 0.0 0.0 0.0 0.0 0.0 0.0 0.0 0.0 0.0 0.0 0.0 0.0 0.0 0.0 0.0 0.0 0.0 0.0 0.0 0.0 0.0 0.0 0.0 0.0 0.0 0.0 0.0 0.0 0.0 0.0 0.0 0.0 0.0 0.0 0.0 0.0 0.0 0.0 0.0 0.0 0.0 0.0 0.0 0.001 0.002 0.002 0.003 0.004 0.006 0.007 0.009 0.011 0.013 0.014 0.015 0.015 0.015 0.015 0.016 0.016 0.016 0.016 0.017 0.017 0.018 0.019 0.02 0.021 0.023 0.024 0.025 0.026 0.028 0.029 0.031 0.036 0.04 0.045 0.049 0.054 0.059 0.065 0.071 0.078 0.084 0.09 0.097 0.1 0.103 0.106 0.109 0.111 0.114 0.117 0.12 0.123 0.126 0.131 0.137 0.143 0.149 0.154 0.16 0.166 0.171 0.177 0.183 0.192 0.203 0.213 0.223 0.234 0.244 0.256 0.271 0.286 0.301 0.316 0.331 0.346 0.358 0.37 0.381 0.392 0.403 0.415 0.426 0.437 0.448
0.0 0.0 0.0 0.0 0.0 0.0 0.0 0.0 0.0 0.0 0.0 0.0 0.0 0.0 0.0 0.0 0.0 0.0 0.0 0.0 0.0 0.0 0.0 0.0 0.0 0.0 0.0 0.0 0.0 0.0 0.0 0.0 0.0 0.0 0.0 0.0 0.0 0.0 0.0 0.0 0.0 0.0 0.0 0.0 0.0 0.0 0.0 0.0 0.0 0.0 0.001 0.001 0.002 0.002 0.003 0.005 0.007 0.009 0.011 0.012 0.013 0.013 0.013 0.013 0.014 0.014 0.014 0.014 0.015 0.015 0.015 0.016 0.017 0.018 0.02 0.021 0.022 0.023 0.025 0.026 0.027 0.028 0.031 0.036 0.04 0.045 0.049 0.054 0.061 0.067 0.073 0.08 0.086 0.089 0.092 0.095 0.098 0.101 0.104 0.107 0.11 0.113 0.116 0.119 0.124 0.13 0.136 0.141 0.147 0.153 0.158 0.164 0.17 0.176 0.182 0.192 0.202 0.212 0.223 0.233 0.245 0.26 0.275 0.29 0.305 0.32 0.333 0.344 0.356 0.367 0.378 0.389 0.4 0.412 0.423 0.434
0.0 0.0 0.0 0.0 0.0 0.0 0.0 0.0 0.0 0.0 0.0 0.0 0.0 0.0 0.0 0.0 0.0 0.0 0.0 0.0 0.0 0.0 0.0 0.0 0.0 0.0 0.0 0.0 0.0 0.0 0.0 0.0 0.0 0.0 0.0 0.0 0.0 0.0 0.0 0.0 0.0 0.0 0.0 0.0 0.0 0.0 0.0 0.0 0.0 0.0 0.0 0.001 0.001 0.002 0.003 0.005 0.007 0.008 0.01 0.01 0.011 0.011 0.011 0.011 0.012 0.012 0.012 0.012 0.013 0.013 0.013 0.014 0.015 0.017 0.018 0.019 0.02 0.021 0.023 0.024 0.025 0.026 0.028 0.031 0.036 0.04 0.045 0.05 0.056 0.063 0.069 0.075 0.079 0.082 0.085 0.088 0.091 0.094 0.097 0.1 0.103 0.106 0.109 0.112 0.117 0.123 0.128 0.134 0.14 0.145 0.151 0.157 0.163 0.168 0.174 0.181 0.191 0.202 0.212 0.222 0.234 0.249 0.264 0.279 0.294 0.308 0.319 0.33 0.341 0.353 0.364 0.375 0.386 0.398 0.409 0.42
0.0 0.0 0.0 0.0 0.0 0.0 0.0 0.0 0.0 0.0 0.0 0.0 0.0 0.0 0.0 0.0 0.0 0.0 0.0 0.0 0.0 0.0 0.0 0.0 0.0 0.0 0.0 0.0 0.0 0.0 0.0 0.0 0.0 0.0 0.0 0.0 0.0 0.0 0.0 0.0 0.0 0.0 0.0 0.0 0.0 0.0 0.0 0.0 0.0 0.0 0.0 0.0 0.001 0.001 0.002 0.004 0.006 0.008 0.008 0.009 0.009 0.009 0.009 0.01 0.01 0.01 0.01 0.011 0.011 0.011 0.011 0.012 0.013 0.015 0.016 0.017 0.018 0.02 0.021 0.022 0.023 0.025 0.026 0.027 0.031 0.036 0.04 0.045 0.052 0.058 0.064 0.069 0.072 0.075 0.078 0.081 0.084 0.087 0.09 0.092 0.095 0.098 0.101 0.104 0.11 0.115 0.121 0.127 0.132 0.138 0.144 0.15 0.155 0.161 0.167 0.173 0.18 0.191 0.201 0.211 0.223 0.238 0.253 0.268 0.283 0.294 0.305 0.316 0.327 0.339 0.35 0.361 0.372 0.384 0.395 0.406
0.0 0.0 0.0 0.0 0.0 0.0 0.0 0.0 0.0 0.0 0.0 0.0 0.0 0.0 0.0 0.0 0.0 0.0 0.0 0.0 0.0 0.0 0.0 0.0 0.0 0.0 0.0 0.0 0.0 0.0 0.0 0.0 0.0 0.0 0.0 0.0 0.0 0.0 0.0 0.0 0.0 0.0 0.0 0.0 0.0 0.0 0.0 0.0 0.0 0.0 0.0 0.0 0.0 0.001 0.002 0.004 0.006 0.006 0.006 0.007 0.007 0.007 0.007 0.008 0.008 0.008 0.008 0.009 0.009 0.009 0.009 0.01 0.012 0.013 0.014 0.015 0.017 0.018 0.019 0.02 0.021 0.023 0.024 0.025 0.027 0.031 0.036 0.041 0.047 0.054 0.059 0.061 0.064 0.067 0.07 0.073 0.076 0.079 0.082 0.085 0.088 0.091 0.094 0.097 0.102 0.108 0.114 0.119 0.125 0.131 0.137 0.142 0.148 0.154 0.16 0.165 0.171 0.18 0.19 0.2 0.212 0.227 0.242 0.257 0.268 0.28 0.291 0.302 0.313 0.325 0.336 0.347 0.358 0.37 0.381 0.392
0.0 0.0 0.0 0.0 0.0 0.0 0.0 0.0 0.0 0.0 0.0 0.0 0.0 0.0 0.0 0.0 0.0 0.0 0.0 0.0 0.0 0.0 0.0 0.0 0.0 0.0 0.0 0.0 0.0 0.0 0.0 0.0 0.0 0.0 0.0 0.0 0.0 0.0 0.0 0.0 0.0 0.0 0.0 0.0 0.0 0.0 0.0 0.0 0.0 0.0 0.0 0.0 0.0 0.0 0.001 0.003 0.004 0.004 0.005 0.005 0.005 0.005 0.006 0.006 0.006 0.006 0.007 0.007 0.007 0.007 0.008 0.009 0.01 0.011 0.012 0.013 0.015 0.016 0.017 0.018 0.02 0.021 0.022 0.023 0.025 0.027 0.031 0.037 0.043 0.048 0.051 0.054 0.057 0.06 0.063 0.066 0.069 0.072 0.075 0.078 0.081 0.084 0.087 0.09 0.095 0.101 0.106 0.112 0.118 0.124 0.129 0.135 0.141 0.147 0.152 0.158 0.164 0.17 0.179 0.189 0.201 0.216 0.231 0.243 0.254 0.266 0.277 0.288 0.299 0.311 0.322 0.333 0.344 0.356 0.367 0.378
0.0 0.0 0.0 0.0 0.0 0.0 0.0 0.0 0.0 0.0 0.0 0.0 0.0 0.0 0.0 0.0 0.0 0.0 0.0 0.0 0.0 0.0 0.0 0.0 0.0 0.0 0.0 0.0 0.0 0.0 0.0 0.0 0.0 0.0 0.0 0.0 0.0 0.0 0.0 0.0 0.0 0.0 0.0 0.0 0.0 0.0 0.0 0.0 0.0 0.0 0.0 0.0 0.0 0.0 0.001 0.002 0.002 0.003 0.003 0.003 0.003 0.003 0.004 0.004 0.004 0.004 0.005 0.005 0.005 0.005 0.006 0.007 0.008 0.009 0.01 0.012 0.013 0.014 0.015 0.017 0.018 0.019 0.02 0.022 0.023 0.024 0.027 0.032 0.038 0.041 0.044 0.047 0.05 0.053 0.056 0.059 0.062 0.065 0.068 0.071 0.073 0.076 0.079 0.082 0.088 0.093 0.099 0.105 0.111 0.116 0.122 0.128 0.134 0.139 0.145 0.151 0.157 0.162 0.168 0.178 0.191 0.206 0.218 0.229 0.24 0.252 0.263 0.274 0.285 0.297 0.308 0.319 0.33 0.342 0.353 0.364
0.0 0.0 0.0 0.0 0.0 0.0 0.0 0.0 0.0 0.0 0.0 0.0 0.0 0.0 0.0 0.0 0.0 0.0 0.0 0.0 0.0 0.0 0.0 0.0 0.0 0.0 0.0 0.0 0.0 0.0 0.0 0.0 0.0 0.0 0.0 0.0 0.0 0.0 0.0 0.0 0.0 0.0 0.0 0.0 0.0 0.0 0.0 0.0 0.0 0.0 0.0 0.0 0.0 0.0 0.0 0.0 0.0 0.001 0.001 0.001 0.001 0.002 0.002 0.002 0.002 0.003 0.003 0.003 0.003 0.004 0.004 0.005 0.006 0.007 0.009 0.01 0.011 0.012 0.013 0.015 0.016 0.017 0.018 0.02 0.021 0.022 0.023 0.028 0.031 0.034 0.037 0.04 0.042 0.045 0.048 0.051 0.054 0.057 0.06 0.063 0.066 0.069 0.072 0.075 0.08 0.086 0.092 0.098 0.103 0.109 0.115 0.121 0.126 0.132 0.138 0.144 0.149 0.155 0.161 0.168 0.18 0.193 0.204 0.215 0.226 0.238 0.249 0.26 0.271 0.283 0.294 0.305 0.316 0.328 0.339 0.35
0.0 0.0 0.0 0.0 0.0 0.0 0.0 0.0 0.0 0.0 0.0 0.0 0.0 0.0 0.0 0.0 0.0 0.0 0.0 0.0 0.0 0.0 0.0 0.0 0.0 0.0 0.0 0.0 0.0 0.0 0.0 0.0 0.0 0.0 0.0 0.0 0.0 0.0 0.0 0.0 0.0 0.0 0.0 0.0 0.0 0.0 0.0 0.0 0.0 0.0 0.0 0.0 0.0 0.0 0.0 0.0 0.0 0.001 0.001 0.001 0.001 0.002 0.002 0.002 0.002 0.002 0.003 0.003 0.003 0.003 0.003 0.004 0.006 0.007 0.008 0.009 0.01 0.012 0.013 0.014 0.015 0.016 0.018 0.019 0.02 0.021 0.022 0.023 0.025 0.028 0.031 0.034 0.037 0.04 0.043 0.046 0.049 0.051 0.054 0.057 0.06 0.063 0.066 0.069 0.074 0.08 0.085 0.091 0.097 0.102 0.108 0.114 0.119 0.125 0.131 0.136 0.142 0.148 0.153 0.159 0.167 0.179 0.19 0.201 0.212 0.224 0.235 0.246 0.257 0.269 0.28 0.291 0.302 0.314 0.325 0.336
0.0 0.0 0.0 0.0 0.0 0.0 0.0 0.0 0.0 0.0 0.0 0.0 0.0 0.0 0.0 0.0 0.0 0.0 0.0 0.0 0.0 0.0 0.0 0.0 0.0 0.0 0.0 0.0 0.0 0.0 0.0 0.0 0.0 0.0 0.0 0.0 0.0 0.0 0.0 0.0 0.0 0.0 0.0 0.0 0.0 0.0 0.0 0.0 0.0 0.0 0.0 0.0 0.0 0.0 0.0 0.0 0.0 0.001 0.001 0.001 0.001 0.002 0.002 0.002 0.002 0.002 0.003 0.003 0.003 0.003 0.003 0.004 0.005 0.007 0.008 0.009 0.01 0.011 0.013 0.014 0.015 0.016 0.017 0.019 0.02 0.021 0.021 0.022 0.022 0.025 0.028 0.031 0.034 0.037 0.039 0.042 0.045 0.048 0.051 0.054 0.057 0.06 0.063 0.065 0.071 0.077 0.082 0.088 0.094 0.099 0.105 0.111 0.116 0.122 0.128 0.133 0.139 0.145 0.15 0.154 0.156 0.164 0.175 0.186 0.197 0.209 0.22 0.231 0.242 0.254 0.265 0.276 0.287 0.299 0.31 0.321
0.0 0.0 0.0 0.0 0.0 0.0 0.0 0.0 0.0 0.0 0.0 0.0 0.0 0.0 0.0 0.0 0.0 0.0 0.0 0.0 0.0 0.0 0.0 0.0 0.0 0.0 0.0 0.0 0.0 0.0 0.0 0.0 0.0 0.0 0.0 0.0 0.0 0.0 0.0 0.0 0.0 0.0 0.0 0.0 0.0 0.0 0.0 0.0 0.0 0.0 0.0 0.0 0.0 0.0 0.0 0.0 0.0 0.001 0.001 0.001 0.001 0.002 0.002 0.002 0.002 0.002 0.003 0.003 0.003 0.003 0.003 0.004 0.005 0.006 0.008 0.009 0.01 0.011 0.012 0.014 0.015 0.016 0.017 0.019 0.02 0.02 0.02 0.02 0.021 0.022 0.025 0.027 0.03 0.033 0.036 0.039 0.042 0.045 0.048 0.051 0.053 0.056 0.059 0.062 0.068 0.073 0.079 0.085 0.09 0.096 0.102 0.107 0.113 0.119 0.124 0.13 0.136 0.141 0.146 0.147 0.148 0.15 0.16 0.171 0.182 0.193 0.205 0.216 0.227 0.238 0.25 0.261 0.272 0.283 0.295 0.306
0.0 0.0 0.0 0.0 0.0 0.0 0.0 0.0 0.0 0.0 0.0 0.0 0.0 0.0 0.0 0.0 0.0 0.0 0.0 0.0 0.0 0.0 0.0 0.0 0.0 0.0 0.0 0.0 0.0 0.0 0.0 0.0 0.0 0.0 0.0 0.0 0.0 0.0 0.0 0.0 0.0 0.0 0.0 0.0 0.0 0.0 0.0 0.0 0.0 0.0 0.0 0.0 0.0 0.0 0.0 0.0 0.0 0.001 0.001 0.001 0.001 0.002 0.002 0.002 0.002 0.002 0.003 0.003 0.003 0.003 0.003 0.004 0.005 0.006 0.008 0.009 0.01 0.011 0.012 0.014 0.015 0.016 0.017 0.018 0.019 0.019 0.019 0.019 0.019 0.02 0.021 0.024 0.027 0.03 0.033 0.036 0.039 0.041 0.044 0.047 0.05 0.053 0.056 0.059 0.064 0.07 0.076 0.081 0.087 0.093 0.098 0.104 0.11 0.115 0.121 0.127 0.132 0.138 0.139 0.139 0.141 0.142 0.144 0.156 0.167 0.178 0.189 0.201 0.212 0.223 0.234 0.246 0.257 0.268 0.28 0.291
0.0 0.0 0.0 0.0 0.0 0.0 0.0 0.0 0.0 0.0 0.0 0.0 0.0 0.0 0.0 0.0 0.0 0.0 0.0 0.0 0.0 0.0 0.0 0.0 0.0 0.0 0.0 0.0 0.0 0.0 0.0 0.0 0.0 0.0 0.0 0.0 0.0 0.0 0.0 0.0 0.0 0.0 0.0 0.0 0.0 0.0 0.0 0.0 0.0 0.0 0.0 0.0 0.0 0.0 0.0 0.0 0.001 0.001 0.001 0.001 0.001 0.002 0.002 0.002 0.002 0.002 0.003 0.003 0.003 0.003 0.003 0.004 0.005 0.006 0.007 0.009 0.01 0.011 0.012 0.013 0.015 0.016 0.017 0.018 0.018 0.018 0.018 0.018 0.018 0.018 0.019 0.021 0.024 0.027 0.029 0.032 0.035 0.038 0.041 0.044 0.047 0.05 0.053 0.055 0.061 0.067 0.072 0.078 0.084 0.089 0.095 0.101 0.106 0.112 0.118 0.123 0.129 0.131 0.131 0.132 0.133 0.135 0.136 0.14 0.152 0.163 0.174 0.185 0.197 0.208 0.219 0.231 0.242 0.253 0.264 0.276
0.0 0.0 0.0 0.0 0.0 0.0 0.0 0.0 0.0 0.0 0.0 0.0 0.0 0.0 0.0 0.0 0.0 0.0 0.0 0.0 0.0 0.0 0.0 0.0 0.0 0.0 0.0 0.0 0.0 0.0 0.0 0.0 0.0 0.0 0.0 0.0 0.0 0.0 0.0 0.0 0.0 0.0 0.0 0.0 0.0 0.0 0.0 0.0 0.0 0.0 0.0 0.0 0.0 0.0 0.0 0.0 0.001 0.001 0.001 0.001 0.001 0.002 0.002 0.002 0.002 0.002 0.002 0.002 0.002 0.002 0.002 0.004 0.005 0.006 0.007 0.008 0.01 0.011 0.012 0.013 0.014 0.016 0.017 0.017 0.017 0.017 0.017 0.017 0.017 0.017 0.017 0.018 0.02 0.023 0.026 0.029 0.032 0.035 0.038 0.041 0.044 0.046 0.049 0.052 0.058 0.063 0.069 0.075 0.08 0.086 0.092 0.097 0.103 0.109 0.114 0.12 0.122 0.123 0.124 0.124 0.126 0.127 0.129 0.13 0.137 0.148 0.159 0.17 0.182 0.193 0.204 0.215 0.227 0.238 0.249 0.26
0.0 0.0 0.0 0.0 0.0 0.0 0.0 0.0 0.0 0.0 0.0 0.0 0.0 0.0 0.0 0.0 0.0 0.0 0.0 0.0 0.0 0.0 0.0 0.0 0.0 0.0 0.0 0.0 0.0 0.0 0.0 0.0 0.0 0.0 0.0 0.0 0.0 0.0 0.0 0.0 0.0 0.0 0.0 0.0 0.0 0.0 0.0 0.0 0.0 0.0 0.0 0.0 0.0 0.0 0.0 0.0 0.001 0.001 0.001 0.001 0.001 0.002 0.002 0.002 0.002 0.002 0.002 0.002 0.002 0.002 0.002 0.003 0.005 0.006 0.007 0.008 0.009 0.011 0.012 0.013 0.014 0.015 0.016 0.016 0.016 0.016 0.016 0.016 0.016 0.016 0.016 0.017 0.017 0.02 0.023 0.026 0.029 0.032 0.034 0.037 0.04 0.043 0.046 0.049 0.055 0.06 0.066 0.072 0.077 0.083 0.089 0.094 0.1 0.106 0.111 0.114 0.115 0.116 0.116 0.117 0.118 0.12 0.121 0.123 0.125 0.133 0.144 0.155 0.166 0.178 0.189 0.2 0.211 0.223 0.234 0.245
0.0 0.0 0.0 0.0 0.0 0.0 0.0 0.0 0.0 0.0 0.0 0.0 0.0 0.0 0.0 0.0 0.0 0.0 0.0 0.0 0.0 0.0 0.0 0.0 0.0 0.0 0.0 0.0 0.0 0.0 0.0 0.0 0.0 0.0 0.0 0.0 0.0 0.0 0.0 0.0 0.0 0.0 0.0 0.0 0.0 0.0 0.0 0.0 0.0 0.0 0.0 0.0 0.0 0.0 0.0 0.0 0.001 0.001 0.001 0.001 0.001 0.002 0.002 0.002 0.002 0.002 0.002 0.002 0.002 0.002 0.002 0.003 0.004 0.006 0.007 0.008 0.009 0.01 0.012 0.013 0.014 0.014 0.014 0.014 0.014 0.014 0.015 0.015 0.015 0.015 0.015 0.015 0.016 0.017 0.02 0.022 0.025 0.028 0.031 0.034 0.037 0.04 0.043 0.046 0.051 0.057 0.063 0.068 0.074 0.08 0.085 0.091 0.097 0.102 0.106 0.107 0.107 0.108 0.109 0.109 0.111 0.112 0.114 0.115 0.117 0.119 0.129 0.14 0.151 0.162 0.174 0.185 0.196 0.207 0.219 0.23
0.0 0.0 0.0 0.0 0.0 0.0 0.0 0.0 0.0 0.0 0.0 0.0 0.0 0.0 0.0 0.0 0.0 0.0 0.0 0.0 0.0 0.0 0.0 0.0 0.0 0.0 0.0 0.0 0.0 0.0 0.0 0.0 0.0 0.0 0.0 0.0 0.0 0.0 0.0 0.0 0.0 0.0 0.0 0.0 0.0 0.0 0.0 0.0 0.0 0.0 0.0 0.0 0.0 0.0 0.0 0.0 0.001 0.001 0.001 0.001 0.001 0.002 0.002 0.002 0.002 0.002 0.002 0.002 0.002 0.002 0.002 0.003 0.004 0.006 0.007 0.008 0.009 0.01 0.012 0.013 0.013 0.013 0.013 0.013 0.013 0.013 0.013 0.013 0.014 0.014 0.014 0.014 0.014 0.015 0.016 0.019 0.022 0.025 0.028 0.031 0.034 0.036 0.039 0.042 0.048 0.054 0.059 0.065 0.071 0.076 0.082 0.088 0.093 0.098 0.098 0.099 0.1 0.101 0.101 0.102 0.103 0.105 0.106 0.108 0.11 0.111 0.113 0.125 0.136 0.147 0.158 0.17 0.181 0.192 0.204 0.215
0.0 0.0 0.0 0.0 0.0 0.0 0.0 0.0 0.0 0.0 0.0 0.0 0.0 0.0 0.0 0.0 0.0 0.0 0.0 0.0 0.0 0.0 0.0 0.0 0.0 0.0 0.0 0.0 0.0 0.0 0.0 0.0 0.0 0.0 0.0 0.0 0.0 0.0 0.0 0.0 0.0 0.0 0.0 0.0 0.0 0.0 0.0 0.0 0.0 0.0 0.0 0.0 0.0 0.0 0.0 0.0 0.001 0.001 0.001 0.001 0.001 0.002 0.002 0.002 0.002 0.002 0.002 0.002 0.002 0.002 0.002 0.003 0.004 0.005 0.007 0.008 0.009 0.01 0.011 0.012 0.012 0.012 0.012 0.012 0.012 0.012 0.012 0.012 0.012 0.013 0.013 0.013 0.013 0.013 0.014 0.016 0.019 0.022 0.024 0.027 0.03 0.033 0.036 0.039 0.045 0.05 0.056 0.062 0.067 0.073 0.079 0.084 0.089 0.09 0.091 0.092 0.092 0.093 0.094 0.094 0.096 0.097 0.099 0.1 0.102 0.104 0.105 0.109 0.121 0.132 0.143 0.155 0.166 0.177 0.188 0.2
0.0 0.0 0.0 0.0 0.0 0.0 0.0 0.0 0.0 0.0 0.0 0.0 0.0 0.0 0.0 0.0 0.0 0.0 0.0 0.0 0.0 0.0 0.0 0.0 0.0 0.0 0.0 0.0 0.0 0.0 0.0 0.0 0.0 0.0 0.0 0.0 0.0 0.0 0.0 0.0 0.0 0.0 0.0 0.0 0.0 0.0 0.0 0.0 0.0 0.0 0.0 0.0 0.0 0.0 0.0 0.0 0.001 0.001 0.001 0.001 0.001 0.002 0.002 0.002 0.002 0.002 0.002 0.002 0.002 0.002 0.002 0.003 0.004 0.005 0.006 0.008 0.009 0.01 0.011 0.011 0.011 0.011 0.011 0.011 0.011 0.011 0.011 0.011 0.011 0.012 0.012 0.012 0.012 0.012 0.012 0.013 0.015 0.018 0.021 0.024 0.027 0.03 0.033 0.036 0.041 0.047 0.053 0.058 0.064 0.07 0.075 0.081 0.082 0.083 0.083 0.084 0.085 0.085 0.086 0.087 0.088 0.09 0.091 0.093 0.095 0.096 0.098 0.099 0.106 0.117 0.128 0.139 0.151 0.162 0.173 0.184
0.0 0.0 0.0 0.0 0.0 0.0 0.0 0.0 0.0 0.0 0.0 0.0 0.0 0.0 0.0 0.0 0.0 0.0 0.0 0.0 0.0 0.0 0.0 0.0 0.0 0.0 0.0 0.0 0.0 0.0 0.0 0.0 0.0 0.0 0.0 0.0 0.0 0.0 0.0 0.0 0.0 0.0 0.0 0.0 0.0 0.0 0.0 0.0 0.0 0.0 0.0 0.0 0.0 0.0 0.0 0.0 0.001 0.001 0.001 0.001 0.001 0.001 0.001 0.001 0.001 0.001 0.001 0.001 0.001 0.001 0.001 0.003 0.004 0.005 0.006 0.007 0.009 0.01 0.01 0.01 0.01 0.01 0.01 0.01 0.01 0.01 0.01 0.01 0.01 0.01 0.011 0.011 0.011 0.011 0.011 0.011 0.012 0.015 0.018 0.021 0.024 0.026 0.029 0.033 0.038 0.044 0.05 0.055 0.061 0.067 0.072 0.074 0.074 0.075 0.076 0.077 0.077 0.078 0.079 0.079 0.081 0.082 0.084 0.085 0.087 0.089 0.09 0.092 0.093 0.102 0.113 0.124 0.135 0.147 0.158 0.169
0.0 0.0 0.0 0.0 0.0 0.0 0.0 0.0 0.0 0.0 0.0 0.0 0.0 0.0 0.0 0.0 0.0 0.0 0.0 0.0 0.0 0.0 0.0 0.0 0.0 0.0 0.0 0.0 0.0 0.0 0.0 0.0 0.0 0.0 0.0 0.0 0.0 0.0 0.0 0.0 0.0 0.0 0.0 0.0 0.0 0.0 0.0 0.0 0.0 0.0 0.0 0.0 0.0 0.0 0.0 0.0 0.001 0.001 0.001 0.001 0.001 0.001 0.001 0.001 0.001 0.001 0.001 0.001 0.001 0.001 0.001 0.002 0.004 0.005 0.006 0.007 0.008 0.008 0.008 0.009 0.009 0.009 0.009 0.009 0.009 0.009 0.009 0.009 0.009 0.009 0.009 0.01 0.01 0.01 0.01 0.01 0.01 0.012 0.015 0.017 0.02 0.023 0.026 0.029 0.035 0.041 0.046 0.052 0.058 0.063 0.066 0.066 0.067 0.068 0.068 0.069 0.07 0.07 0.071 0.072 0.073 0.075 0.076 0.078 0.08 0.081 0.083 0.084 0.086 0.088 0.098 0.109 0.12 0.131 0.143 0.154
0.0 0.0 0.0 0.0 0.0 0.0 0.0 0.0 0.0 0.0 0.0 0.0 0.0 0.0 0.0 0.0 0.0 0.0 0.0 0.0 0.0 0.0 0.0 0.0 0.0 0.0 0.0 0.0 0.0 0.0 0.0 0.0 0.0 0.0 0.0 0.0 0.0 0.0 0.0 0.0 0.0 0.0 0.0 0.0 0.0 0.0 0.0 0.0 0.0 0.0 0.0 0.0 0.0 0.0 0.0 0.0 0.001 0.001 0.001 0.001 0.001 0.001 0.001 0.001 0.001 0.001 0.001 0.001 0.001 0.001 0.001 0.002 0.004 0.005 0.006 0.007 0.007 0.007 0.007 0.007 0.007 0.007 0.007 0.007 0.007 0.008 0.008 0.008 0.008 0.008 0.008 0.008 0.009 0.009 0.009 0.009 0.009 0.01 0.011 0.014 0.017 0.02 0.023 0.026 0.032 0.037 0.043 0.049 0.054 0.057 0.058 0.059 0.059 0.06 0.061 0.062 0.062 0.063 0.064 0.064 0.066 0.067 0.069 0.07 0.072 0.074 0.075 0.077 0.078 0.08 0.082 0.094 0.105 0.116 0.128 0.139
0.0 0.0 0.0 0.0 0.0 0.0 0.0 0.0 0.0 0.0 0.0 0.0 0.0 0.0 0.0 0.0 0.0 0.0 0.0 0.0 0.0 0.0 0.0 0.0 0.0 0.0 0.0 0.0 0.0 0.0 0.0 0.0 0.0 0.0 0.0 0.0 0.0 0.0 0.0 0.0 0.0 0.0 0.0 0.0 0.0 0.0 0.0 0.0 0.0 0.0 0.0 0.0 0.0 0.0 0.0 0.0 0.001 0.001 0.001 0.001 0.001 0.001 0.001 0.001 0.001 0.001 0.001 0.001 0.001 0.001 0.001 0.002 0.003 0.005 0.006 0.006 0.006 0.006 0.006 0.006 0.006 0.006 0.006 0.006 0.006 0.006 0.006 0.006 0.007 0.007 0.007 0.007 0.007 0.008 0.008 0.008 0.008 0.008 0.009 0.011 0.014 0.017 0.019 0.023 0.028 0.034 0.04 0.045 0.049 0.05 0.051 0.051 0.052 0.053 0.053 0.054 0.055 0.055 0.056 0.057 0.058 0.06 0.061 0.063 0.065 0.066 0.068 0.069 0.071 0.073 0.074 0.079 0.09 0.101 0.112 0.124
0.0 0.0 0.0 0.0 0.0 0.0 0.0 0.0 0.0 0.0 0.0 0.0 0.0 0.0 0.0 0.0 0.0 0.0 0.0 0.0 0.0 0.0 0.0 0.0 0.0 0.0 0.0 0.0 0.0 0.0 0.0 0.0 0.0 0.0 0.0 0.0 0.0 0.0 0.0 0.0 0.0 0.0 0.0 0.0 0.0 0.0 0.0 0.0 0.0 0.0 0.0 0.0 0.0 0.0 0.0 0.0 0.001 0.001 0.001 0.001 0.001 0.001 0.001 0.001 0.001 0.001 0.001 0.001 0.001 0.001 0.001 0.002 0.003 0.004 0.005 0.005 0.005 0.005 0.005 0.005 0.005 0.005 0.005 0.005 0.005 0.005 0.005 0.005 0.006 0.006 0.006 0.006 0.006 0.006 0.007 0.007 0.007 0.007 0.007 0.008 0.01 0.013 0.016 0.019 0.025 0.031 0.036 0.041 0.042 0.042 0.043 0.044 0.044 0.045 0.046 0.047 0.047 0.048 0.049 0.049 0.051 0.052 0.054 0.055 0.057 0.059 0.06 0.062 0.063 0.065 0.067 0.068 0.075 0.086 0.097 0.108
0.0 0.0 0.0 0.0 0.0 0.0 0.0 0.0 0.0 0.0 0.0 0.0 0.0 0.0 0.0 0.0 0.0 0.0 0.0 0.0 0.0 0.0 0.0 0.0 0.0 0.0 0.0 0.0 0.0 0.0 0.0 0.0 0.0 0.0 0.0 0.0 0.0 0.0 0.0 0.0 0.0 0.0 0.0 0.0 0.0 0.0 0.0 0.0 0.0 0.0 0.0 0.0 0.0 0.0 0.0 0.0 0.001 0.001 0.001 0.001 0.001 0.001 0.001 0.001 0.001 0.001 0.001 0.001 0.001 0.001 0.001 0.002 0.003 0.004 0.004 0.004 0.004 0.004 0.004 0.004 0.004 0.004 0.004 0.004 0.004 0.004 0.004 0.004 0.004 0.005 0.005 0.005 0.005 0.005 0.005 0.006 0.006 0.006 0.006 0.006 0.007 0.01 0.013 0.016 0.022 0.027 0.033 0.033 0.034 0.035 0.036 0.036 0.037 0.038 0.038 0.039 0.04 0.04 0.041 0.042 0.043 0.045 0.046 0.048 0.05 0.051 0.053 0.054 0.056 0.058 0.059 0.061 0.062 0.071 0.082 0.093
0.0 0.0 0.0 0.0 0.0 0.0 0.0 0.0 0.0 0.0 0.0 0.0 0.0 0.0 0.0 0.0 0.0 0.0 0.0 0.0 0.0 0.0 0.0 0.0 0.0 0.0 0.0 0.0 0.0 0.0 0.0 0.0 0.0 0.0 0.0 0.0 0.0 0.0 0.0 0.0 0.0 0.0 0.0 0.0 0.0 0.0 0.0 0.0 0.0 0.0 0.0 0.0 0.0 0.0 0.0 0.0 0.0 0.0 0.0 0.0 0.0 0.0 0.0 0.0 0.0 0.0 0.0 0.0 0.0 0.0 0.001 0.002 0.003 0.003 0.003 0.003 0.003 0.003 0.003 0.003 0.003 0.003 0.003 0.003 0.003 0.003 0.003 0.003 0.003 0.003 0.004 0.004 0.004 0.004 0.004 0.005 0.005 0.005 0.005 0.005 0.005 0.007 0.009 0.013 0.019 0.024 0.025 0.026 0.027 0.027 0.028 0.029 0.029 0.03 0.031 0.032 0.032 0.033 0.034 0.034 0.036 0.037 0.039 0.04 0.042 0.044 0.045 0.047 0.048 0.05 0.052 0.053 0.055 0.056 0.067 0.078
0.0 0.0 0.0 0.0 0.0 0.0 0.0 0.0 0.0 0.0 0.0 0.0 0.0 0.0 0.0 0.0 0.0 0.0 0.0 0.0 0.0 0.0 0.0 0.0 0.0 0.0 0.0 0.0 0.0 0.0 0.0 0.0 0.0 0.0 0.0 0.0 0.0 0.0 0.0 0.0 0.0 0.0 0.0 0.0 0.0 0.0 0.0 0.0 0.0 0.0 0.0 0.0 0.0 0.0 0.0 0.0 0.0 0.0 0.0 0.0 0.0 0.0 0.0 0.0 0.0 0.0 0.0 0.0 0.0 0.0 0.0 0.001 0.001 0.001 0.001 0.001 0.001 0.001 0.002 0.002 0.002 0.002 0.002 0.002 0.002 0.002 0.002 0.002 0.002 0.002 0.002 0.003 0.003 0.003 0.003 0.003 0.004 0.004 0.004 0.004 0.004 0.004 0.006 0.01 0.015 0.017 0.018 0.018 0.019 0.02 0.02 0.021 0.022 0.023 0.023 0.024 0.025 0.025 0.026 0.027 0.028 0.03 0.031 0.033 0.035 0.036 0.038 0.039 0.041 0.043 0.044 0.046 0.047 0.049 0.052 0.063
0.0 0.0 0.0 0.0 0.0 0.0 0.0 0.0 0.0 0.0 0.0 0.0 0.0 0.0 0.0 0.0 0.0 0.0 0.0 0.0 0.0 0.0 0.0 0.0 0.0 0.0 0.0 0.0 0.0 0.0 0.0 0.0 0.0 0.0 0.0 0.0 0.0 0.0 0.0 0.0 0.0 0.0 0.0 0.0 0.0 0.0 0.0 0.0 0.0 0.0 0.0 0.0 0.0 0.0 0.0 0.0 0.0 0.0 0.0 0.0 0.0 0.0 0.0 0.0 0.0 0.0 0.0 0.0 0.0 0.0 0.0 0.0 0.0 0.0 0.0 0.0 0.0 0.0 0.0 0.0 0.0 0.0 0.0 0.0 0.001 0.001 0.001 0.001 0.001 0.001 0.001 0.001 0.002 0.002 0.002 0.002 0.002 0.003 0.003 0.003 0.003 0.003 0.003 0.006 0.009 0.009 0.01 0.011 0.012 0.012 0.013 0.014 0.014 0.015 0.016 0.016 0.017 0.018 0.019 0.019 0.021 0.022 0.024 0.025 0.027 0.029 0.03 0.032 0.033 0.035 0.037 0.038 0.04 0.041 0.043 0.048
0.0 0.0 0.0 0.0 0.0 0.0 0.0 0.0 0.0 0.0 0.0 0.0 0.0 0.0 0.0 0.0 0.0 0.0 0.0 0.0 0.0 0.0 0.0 0.0 0.0 0.0 0.0 0.0 0.0 0.0 0.0 0.0 0.0 0.0 0.0 0.0 0.0 0.0 0.0 0.0 0.0 0.0 0.0 0.0 0.0 0.0 0.0 0.0 0.0 0.0 0.0 0.0 0.0 0.0 0.0 0.0 0.0 0.0 0.0 0.0 0.0 0.0 0.0 0.0 0.0 0.0 0.0 0.0 0.0 0.0 0.0 0.0 0.0 0.0 0.0 0.0 0.0 0.0 0.0 0.0 0.0 0.0 0.0 0.0 0.0 0.0 0.0 0.0 0.0 0.001 0.001 0.001 0.001 0.001 0.001 0.002 0.002 0.002 0.002 0.002 0.002 0.003 0.003 0.003 0.004 0.004 0.005 0.005 0.006 0.006 0.007 0.008 0.008 0.009 0.009 0.01 0.01 0.011 0.012 0.012 0.013 0.015 0.016 0.018 0.02 0.021 0.023 0.024 0.026 0.028 0.029 0.031 0.032 0.034 0.036 0.037
0.0 0.0 0.0 0.0 0.0 0.0 0.0 0.0 0.0 0.0 0.0 0.0 0.0 0.0 0.0 0.0 0.0 0.0 0.0 0.0 0.0 0.0 0.0 0.0 0.0 0.0 0.0 0.0 0.0 0.0 0.0 0.0 0.0 0.0 0.0 0.0 0.0 0.0 0.0 0.0 0.0 0.0 0.0 0.0 0.0 0.0 0.0 0.0 0.0 0.0 0.0 0.0 0.0 0.0 0.0 0.0 0.0 0.0 0.0 0.0 0.0 0.0 0.0 0.0 0.0 0.0 0.0 0.0 0.0 0.0 0.0 0.0 0.0 0.0 0.0 0.0 0.0 0.0 0.0 0.0 0.0 0.0 0.0 0.0 0.0 0.0 0.0 0.0 0.0 0.001 0.001 0.001 0.001 0.001 0.001 0.002 0.002 0.002 0.002 0.002 0.002 0.003 0.003 0.003 0.004 0.004 0.005 0.005 0.006 0.007 0.007 0.008 0.008 0.009 0.009 0.01 0.011 0.011 0.012 0.012 0.014 0.015 0.017 0.018 0.019 0.021 0.022 0.024 0.025 0.027 0.028 0.03 0.031 0.033 0.034 0.036
0.0 0.0 0.0 0.0 0.0 0.0 0.0 0.0 0.0 0.0 0.0 0.0 0.0 0.0 0.0 0.0 0.0 0.0 0.0 0.0 0.0 0.0 0.0 0.0 0.0 0.0 0.0 0.0 0.0 0.0 0.0 0.0 0.0 0.0 0.0 0.0 0.0 0.0 0.0 0.0 0.0 0.0 0.0 0.0 0.0 0.0 0.0 0.0 0.0 0.0 0.0 0.0 0.0 0.0 0.0 0.0 0.0 0.0 0.0 0.0 0.0 0.0 0.0 0.0 0.0 0.0 0.0 0.0 0.0 0.0 0.0 0.0 0.0 0.0 0.0 0.0 0.0 0.0 0.0 0.0 0.0 0.0 0.0 0.0 0.0 0.0 0.0 0.0 0.0 0.001 0.001 0.001 0.001 0.001 0.001 0.002 0.002 0.002 0.002 0.002 0.002 0.003 0.003 0.003 0.004 0.004 0.005 0.006 0.006 0.007 0.007 0.008 0.008 0.009 0.01 0.01 0.011 0.011 0.012 0.012 0.014 0.015 0.017 0.018 0.02 0.021 0.023 0.024 0.025 0.027 0.028 0.03 0.031 0.033 0.034 0.036
0.0 0.0 0.0 0.0 0.0 0.0 0.0 0.0 0.0 0.0 0.0 0.0 0.0 0.0 0.0 0.0 0.0 0.0 0.0 0.0 0.0 0.0 0.0 0.0 0.0 0.0 0.0 0.0 0.0 0.0 0.0 0.0 0.0 0.0 0.0 0.0 0.0 0.0 0.0 0.0 0.0 0.0 0.0 0.0 0.0 0.0 0.0 0.0 0.0 0.0 0.0 0.0 0.0 0.0 0.0 0.0 0.0 0.0 0.0 0.0 0.0 0.0 0.0 0.0 0.0 0.0 0.0 0.0 0.0 0.0 0.0 0.0 0.0 0.0 0.0 0.0 0.0 0.0 0.0 0.0 0.0 0.0 0.0 0.0 0.0 0.0 0.0 0.0 0.0 0.001 0.001 0.001 0.001 0.001 0.001 0.002 0.002 0.002 0.002 0.002 0.002 0.003 0.003 0.003 0.004 0.005 0.005 0.006 0.006 0.007 0.007 0.008 0.009 0.009 0.01 0.01 0.011 0.011 0.012 0.013 0.014 0.015 0.017 0.018 0.02 0.021 0.023 0.024 0.026 0.027 0.029 0.03 0.031 0.033 0.035 0.037
0.0 0.0 0.0 0.0 0.0 0.0 0.0 0.0 0.0 0.0 0.0 0.0 0.0 0.0 0.0 0.0 0.0 0.0 0.0 0.0 0.0 0.0 0.0 0.0 0.0 0.0 0.0 0.0 0.0 0.0 0.0 0.0 0.0 0.0 0.0 0.0 0.0 0.0 0.0 0.0 0.0 0.0 0.0 0.0 0.0 0.0 0.0 0.0 0.0 0.0 0.0 0.0 0.0 0.0 0.0 0.0 0.0 0.0 0.0 0.0 0.0 0.0 0.0 0.0 0.0 0.0 0.0 0.0 0.0 0.0 0.0 0.0 0.0 0.0 0.0 0.0 0.0 0.0 0.0 0.0 0.0 0.0 0.0 0.0 0.0 0.0 0.0 0.0 0.0 0.001 0.001 0.001 0.001 0.001 0.001 0.002 0.002 0.002 0.002 0.002 0.002 0.003 0.003 0.003 0.004 0.005 0.005 0.006 0.006 0.007 0.008 0.008 0.009 0.009 0.01 0.01 0.011 0.012 0.012 0.013 0.014 0.016 0.017 0.018 0.02 0.021 0.023 0.024 0.026 0.027 0.029 0.03 0.032 0.033 0.035 0.038
0.0 0.0 0.0 0.0 0.0 0.0 0.0 0.0 0.0 0.0 0.0 0.0 0.0 0.0 0.0 0.0 0.0 0.0 0.0 0.0 0.0 0.0 0.0 0.0 0.0 0.0 0.0 0.0 0.0 0.0 0.0 0.0 0.0 0.0 0.0 0.0 0.0 0.0 0.0 0.0 0.0 0.0 0.0 0.0 0.0 0.0 0.0 0.0 0.0 0.0 0.0 0.0 0.0 0.0 0.0 0.0 0.0 0.0 0.0 0.0 0.0 0.0 0.0 0.0 0.0 0.0 0.0 0.0 0.0 0.0 0.0 0.0 0.0 0.0 0.0 0.0 0.0 0.0 0.0 0.0 0.0 0.0 0.0 0.0 0.0 0.0 0.0 0.0 0.0 0.001 0.001 0.001 0.001 0.001 0.001 0.002 0.002 0.002 0.002 0.002 0.002 0.003 0.003 0.003 0.004 0.005 0.005 0.006 0.007 0.007 0.008 0.008 0.009 0.009 0.01 0.011 0.011 0.012 0.012 0.013 0.014 0.016 0.017 0.019 0.02 0.022 0.023 0.024 0.026 0.027 0.029 0.03 0.032 0.034 0.036 0.038
0.0 0.0 0.0 0.0 0.0 0.0 0.0 0.0 0.0 0.0 0.0 0.0 0.0 0.0 0.0 0.0 0.0 0.0 0.0 0.0 0.0 0.0 0.0 0.0 0.0 0.0 0.0 0.0 0.0 0.0 0.0 0.0 0.0 0.0 0.0 0.0 0.0 0.0 0.0 0.0 0.0 0.0 0.0 0.0 0.0 0.0 0.0 0.0 0.0 0.0 0.0 0.0 0.0 0.0 0.0 0.0 0.0 0.0 0.0 0.0 0.0 0.0 0.0 0.0 0.0 0.0 0.0 0.0 0.0 0.0 0.0 0.0 0.0 0.0 0.0 0.0 0.0 0.0 0.0 0.0 0.0 0.0 0.0 0.0 0.0 0.0 0.0 0.0 0.0 0.001 0.001 0.001 0.001 0.001 0.001 0.002 0.002 0.002 0.002 0.002 0.002 0.003 0.003 0.003 0.004 0.005 0.005 0.006 0.007 0.007 0.008 0.008 0.009 0.01 0.01 0.011 0.011 0.012 0.012 0.013 0.014 0.016 0.017 0.019 0.02 0.022 0.023 0.025 0.026 0.028 0.029 0.031 0.033 0.035 0.037 0.039
0.0 0.0 0.0 0.0 0.0 0.0 0.0 0.0 0.0 0.0 0.0 0.0 0.0 0.0 0.0 0.0 0.0 0.0 0.0 0.0 0.0 0.0 0.0 0.0 0.0 0.0 0.0 0.0 0.0 0.0 0.0 0.0 0.0 0.0 0.0 0.0 0.0 0.0 0.0 0.0 0.0 0.0 0.0 0.0 0.0 0.0 0.0 0.0 0.0 0.0 0.0 0.0 0.0 0.0 0.0 0.0 0.0 0.0 0.0 0.0 0.0 0.0 0.0 0.0 0.0 0.0 0.0 0.0 0.0 0.0 0.0 0.0 0.0 0.0 0.0 0.0 0.0 0.0 0.0 0.0 0.0 0.0 0.0 0.0 0.0 0.0 0.0 0.0 0.0 0.001 0.001 0.001 0.001 0.001 0.001 0.002 0.002 0.002 0.002 0.002 0.002 0.003 0.003 0.003 0.004 0.005 0.005 0.006 0.007 0.007 0.008 0.009 0.009 0.01 0.01 0.011 0.011 0.012 0.013 0.013 0.015 0.016 0.017 0.019 0.02 0.022 0.023 0.025 0.026 0.028 0.029 0.031 0.033 0.035 0.037 0.04
0.0 0.0 0.0 0.0 0.0 0.0 0.0 0.0 0.0 0.0 0.0 0.0 0.0 0.0 0.0 0.0 0.0 0.0 0.0 0.0 0.0 0.0 0.0 0.0 0.0 0.0 0.0 0.0 0.0 0.0 0.0 0.0 0.0 0.0 0.0 0.0 0.0 0.0 0.0 0.0 0.0 0.0 0.0 0.0 0.0 0.0 0.0 0.0 0.0 0.0 0.0 0.0 0.0 0.0 0.0 0.0 0.0 0.0 0.0 0.0 0.0 0.0 0.0 0.0 0.0 0.0 0.0 0.0 0.0 0.0 0.0 0.0 0.0 0.0 0.0 0.0 0.0 0.0 0.0 0.0 0.0 0.0 0.0 0.0 0.0 0.0 0.0 0.0 0.0 0.001 0.001 0.001 0.001 0.001 0.001 0.002 0.002 0.002 0.002 0.002 0.002 0.003 0.003 0.003 0.004 0.005 0.005 0.006 0.007 0.008 0.008 0.009 0.009 0.01 0.01 0.011 0.012 0.012 0.013 0.013 0.015 0.016 0.018 0.019 0.021 0.022 0.023 0.025 0.026 0.028 0.03 0.032 0.034 0.036 0.038 0.04
0.0 0.0 0.0 0.0 0.0 0.0 0.0 0.0 0.0 0.0 0.0 0.0 0.0 0.0 0.0 0.0 0.0 0.0 0.0 0.0 0.0 0.0 0.0 0.0 0.0 0.0 0.0 0.0 0.0 0.0 0.0 0.0 0.0 0.0 0.0 0.0 0.0 0.0 0.0 0.0 0.0 0.0 0.0 0.0 0.0 0.0 0.0 0.0 0.0 0.0 0.0 0.0 0.0 0.0 0.0 0.0 0.0 0.0 0.0 0.0 0.0 0.0 0.0 0.0 0.0 0.0 0.0 0.0 0.0 0.0 0.0 0.0 0.0 0.0 0.0 0.0 0.0 0.0 0.0 0.0 0.0 0.0 0.0 0.0 0.0 0.0 0.0 0.0 0.0 0.001 0.001 0.001 0.001 0.001 0.001 0.002 0.002 0.002 0.002 0.002 0.003 0.003 0.003 0.003 0.004 0.005 0.005 0.006 0.007 0.008 0.008 0.009 0.009 0.01 0.011 0.011 0.012 0.012 0.013 0.013 0.015 0.016 0.018 0.019 0.021 0.022 0.024 0.025 0.027 0.029 0.031 0.033 0.035 0.037 0.039 0.041
0.0 0.0 0.0 0.0 0.0 0.0 0.0 0.0 0.0 0.0 0.0 0.0 0.0 0.0 0.0 0.0 0.0 0.0 0.0 0.0 0.0 0.0 0.0 0.0 0.0 0.0 0.0 0.0 0.0 0.0 0.0 0.0 0.0 0.0 0.0 0.0 0.0 0.0 0.0 0.0 0.0 0.0 0.0 0.0 0.0 0.0 0.0 0.0 0.0 0.0 0.0 0.0 0.0 0.0 0.0 0.0 0.0 0.0 0.0 0.0 0.0 0.0 0.0 0.0 0.0 0.0 0.0 0.0 0.0 0.0 0.0 0.0 0.0 0.0 0.0 0.0 0.0 0.0 0.0 0.0 0.0 0.0 0.0 0.0 0.0 0.0 0.0 0.0 0.0 0.001 0.001 0.001 0.001 0.001 0.001 0.002 0.002 0.002 0.002 0.002 0.003 0.003 0.003 0.003 0.004 0.005 0.005 0.006 0.007 0.008 0.008 0.009 0.01 0.01 0.011 0.011 0.012 0.012 0.013 0.014 0.015 0.016 0.018 0.019 0.021 0.022 0.024 0.025 0.027 0.029 0.031 0.033 0.035 0.037 0.039 0.042
0.0 0.0 0.0 0.0 0.0 0.0 0.0 0.0 0.0 0.0 0.0 0.0 0.0 0.0 0.0 0.0 0.0 0.0 0.0 0.0 0.0 0.0 0.0 0.0 0.0 0.0 0.0 0.0 0.0 0.0 0.0 0.0 0.0 0.0 0.0 0.0 0.0 0.0 0.0 0.0 0.0 0.0 0.0 0.0 0.0 0.0 0.0 0.0 0.0 0.0 0.0 0.0 0.0 0.0 0.0 0.0 0.0 0.0 0.0 0.0 0.0 0.0 0.0 0.0 0.0 0.0 0.0 0.0 0.0 0.0 0.0 0.0 0.0 0.0 0.0 0.0 0.0 0.0 0.0 0.0 0.0 0.0 0.0 0.0 0.0 0.0 0.0 0.0 0.0 0.001 0.001 0.001 0.001 0.001 0.001 0.002 0.002 0.002 0.002 0.002 0.003 0.003 0.003 0.003 0.004 0.005 0.005 0.006 0.007 0.008 0.008 0.009 0.01 0.01 0.011 0.011 0.012 0.013 0.013 0.014 0.015 0.017 0.018 0.02 0.021 0.022 0.024 0.026 0.028 0.03 0.032 0.034 0.036 0.038 0.04 0.042
0.0 0.0 0.0 0.0 0.0 0.0 0.0 0.0 0.0 0.0 0.0 0.0 0.0 0.0 0.0 0.0 0.0 0.0 0.0 0.0 0.0 0.0 0.0 0.0 0.0 0.0 0.0 0.0 0.0 0.0 0.0 0.0 0.0 0.0 0.0 0.0 0.0 0.0 0.0 0.0 0.0 0.0 0.0 0.0 0.0 0.0 0.0 0.0 0.0 0.0 0.0 0.0 0.0 0.0 0.0 0.0 0.0 0.0 0.0 0.0 0.0 0.0 0.0 0.0 0.0 0.0 0.0 0.0 0.0 0.0 0.0 0.0 0.0 0.0 0.0 0.0 0.0 0.0 0.0 0.0 0.0 0.0 0.0 0.0 0.0 0.0 0.0 0.0 0.0 0.001 0.001 0.001 0.001 0.001 0.001 0.002 0.002 0.002 0.002 0.002 0.003 0.003 0.003 0.003 0.004 0.005 0.005 0.006 0.007 0.008 0.008 0.009 0.01 0.01 0.011 0.012 0.012 0.013 0.013 0.014 0.015 0.017 0.018 0.02 0.021 0.023 0.024 0.026 0.028 0.03 0.033 0.035 0.037 0.039 0.041 0.043
0.0 0.0 0.0 0.0 0.0 0.0 0.0 0.0 0.0 0.0 0.0 0.0 0.0 0.0 0.0 0.0 0.0 0.0 0.0 0.0 0.0 0.0 0.0 0.0 0.0 0.0 0.0 0.0 0.0 0.0 0.0 0.0 0.0 0.0 0.0 0.0 0.0 0.0 0.0 0.0 0.0 0.0 0.0 0.0 0.0 0.0 0.0 0.0 0.0 0.0 0.0 0.0 0.0 0.0 0.0 0.0 0.0 0.0 0.0 0.0 0.0 0.0 0.0 0.0 0.0 0.0 0.0 0.0 0.0 0.0 0.0 0.0 0.0 0.0 0.0 0.0 0.0 0.0 0.0 0.0 0.0 0.0 0.0 0.0 0.0 0.0 0.0 0.0 0.0 0.001 0.001 0.001 0.001 0.001 0.001 0.002 0.002 0.002 0.002 0.002 0.003 0.003 0.003 0.003 0.004 0.005 0.006 0.006 0.007 0.008 0.008 0.009 0.01 0.01 0.011 0.012 0.012 0.013 0.013 0.014 0.015 0.017 0.018 0.02 0.021 0.023 0.025 0.027 0.029 0.031 0.033 0.035 0.037 0.039 0.041 0.044
0.0 0.0 0.0 0.0 0.0 0.0 0.0 0.0 0.0 0.0 0.0 0.0 0.0 0.0 0.0 0.0 0.0 0.0 0.0 0.0 0.0 0.0 0.0 0.0 0.0 0.0 0.0 0.0 0.0 0.0 0.0 0.0 0.0 0.0 0.0 0.0 0.0 0.0 0.0 0.0 0.0 0.0 0.0 0.0 0.0 0.0 0.0 0.0 0.0 0.0 0.0 0.0 0.0 0.0 0.0 0.0 0.0 0.0 0.0 0.0 0.0 0.0 0.0 0.0 0.0 0.0 0.0 0.0 0.0 0.0 0.0 0.0 0.0 0.0 0.0 0.0 0.0 0.0 0.0 0.0 0.0 0.0 0.0 0.0 0.0 0.0 0.0 0.0 0.0 0.001 0.001 0.001 0.001 0.001 0.001 0.002 0.002 0.002 0.002 0.002 0.003 0.003 0.003 0.003 0.004 0.005 0.006 0.006 0.007 0.008 0.008 0.009 0.01 0.011 0.011 0.012 0.012 0.013 0.014 0.014 0.016 0.017 0.019 0.02 0.022 0.024 0.026 0.028 0.03 0.032 0.034 0.036 0.038 0.04 0.042 0.044
0.0 0.0 0.0 0.0 0.0 0.0 0.0 0.0 0.0 0.0 0.0 0.0 0.0 0.0 0.0 0.0 0.0 0.0 0.0 0.0 0.0 0.0 0.0 0.0 0.0 0.0 0.0 0.0 0.0 0.0 0.0 0.0 0.0 0.0 0.0 0.0 0.0 0.0 0.0 0.0 0.0 0.0 0.0 0.0 0.0 0.0 0.0 0.0 0.0 0.0 0.0 0.0 0.0 0.0 0.0 0.0 0.0 0.0 0.0 0.0 0.0 0.0 0.0 0.0 0.0 0.0 0.0 0.0 0.0 0.0 0.0 0.0 0.0 0.0 0.0 0.0 0.0 0.0 0.0 0.0 0.0 0.0 0.0 0.0 0.0 0.0 0.0 0.0 0.0 0.001 0.001 0.001 0.001 0.001 0.001 0.002 0.002 0.002 0.002 0.002 0.003 0.003 0.003 0.003 0.004 0.005 0.006 0.006 0.007 0.008 0.008 0.009 0.01 0.011 0.011 0.012 0.013 0.013 0.014 0.014 0.016 0.017 0.019 0.02 0.022 0.024 0.026 0.028 0.03 0.032 0.035 0.037 0.039 0.041 0.043 0.045
0.0 0.0 0.0 0.0 0.0 0.0 0.0 0.0 0.0 0.0 0.0 0.0 0.0 0.0 0.0 0.0 0.0 0.0 0.0 0.0 0.0 0.0 0.0 0.0 0.0 0.0 0.0 0.0 0.0 0.0 0.0 0.0 0.0 0.0 0.0 0.0 0.0 0.0 0.0 0.0 0.0 0.0 0.0 0.0 0.0 0.0 0.0 0.0 0.0 0.0 0.0 0.0 0.0 0.0 0.0 0.0 0.0 0.0 0.0 0.0 0.0 0.0 0.0 0.0 0.0 0.0 0.0 0.0 0.0 0.0 0.0 0.0 0.0 0.0 0.0 0.0 0.0 0.0 0.0 0.0 0.0 0.0 0.0 0.0 0.0 0.0 0.0 0.0 0.0 0.001 0.001 0.001 0.001 0.001 0.001 0.002 0.002 0.002 0.002 0.002 0.003 0.003 0.003 0.003 0.004 0.005 0.006 0.006 0.007 0.008 0.008 0.009 0.01 0.011 0.011 0.012 0.013 0.013 0.014 0.014 0.016 0.017 0.019 0.021 0.023 0.025 0.027 0.029 0.031 0.033 0.035 0.037 0.039 0.041 0.043 0.046
0.0 0.0 0.0 0.0 0.0 0.0 0.0 0.0 0.0 0.0 0.0 0.0 0.0 0.0 0.0 0.0 0.0 0.0 0.0 0.0 0.0 0.0 0.0 0.0 0.0 0.0 0.0 0.0 0.0 0.0 0.0 0.0 0.0 0.0 0.0 0.0 0.0 0.0 0.0 0.0 0.0 0.0 0.0 0.0 0.0 0.0 0.0 0.0 0.0 0.0 0.0 0.0 0.0 0.0 0.0 0.0 0.0 0.0 0.0 0.0 0.0 0.0 0.0 0.0 0.0 0.0 0.0 0.0 0.0 0.0 0.0 0.0 0.0 0.0 0.0 0.0 0.0 0.0 0.0 0.0 0.0 0.0 0.0 0.0 0.0 0.0 0.0 0.0 0.0 0.001 0.001 0.001 0.001 0.001 0.001 0.002 0.002 0.002 0.002 0.002 0.003 0.003 0.003 0.004 0.004 0.005 0.006 0.006 0.007 0.008 0.008 0.009 0.01 0.011 0.011 0.012 0.013 0.013 0.014 0.015 0.016 0.018 0.019 0.021 0.023 0.026 0.028 0.03 0.032 0.034 0.036 0.038 0.04 0.042 0.044 0.046
0.0 0.0 0.0 0.0 0.0 0.0 0.0 0.0 0.0 0.0 0.0 0.0 0.0 0.0 0.0 0.0 0.0 0.0 0.0 0.0 0.0 0.0 0.0 0.0 0.0 0.0 0.0 0.0 0.0 0.0 0.0 0.0 0.0 0.0 0.0 0.0 0.0 0.0 0.0 0.0 0.0 0.0 0.0 0.0 0.0 0.0 0.0 0.0 0.0 0.0 0.0 0.0 0.0 0.0 0.0 0.0 0.0 0.0 0.0 0.0 0.0 0.0 0.0 0.0 0.0 0.0 0.0 0.0 0.0 0.0 0.0 0.0 0.0 0.0 0.0 0.0 0.0 0.0 0.0 0.0 0.0 0.0 0.0 0.0 0.0 0.0 0.0 0.0 0.0 0.001 0.001 0.001 0.001 0.001 0.002 0.002 0.002 0.002 0.002 0.002 0.003 0.003 0.003 0.004 0.004 0.005 0.006 0.006 0.007 0.008 0.009 0.009 0.01 0.011 0.011 0.012 0.013 0.013 0.014 0.015 0.016 0.018 0.02 0.022 0.024 0.026 0.028 0.03 0.032 0.034 0.037 0.039 0.041 0.043 0.045 0.047
0.0 0.0 0.0 0.0 0.0 0.0 0.0 0.0 0.0 0.0 0.0 0.0 0.0 0.0 0.0 0.0 0.0 0.0 0.0 0.0 0.0 0.0 0.0 0.0 0.0 0.0 0.0 0.0 0.0 0.0 0.0 0.0 0.0 0.0 0.0 0.0 0.0 0.0 0.0 0.0 0.0 0.0 0.0 0.0 0.0 0.0 0.0 0.0 0.0 0.0 0.0 0.0 0.0 0.0 0.0 0.0 0.0 0.0 0.0 0.0 0.0 0.0 0.0 0.0 0.0 0.0 0.0 0.0 0.0 0.0 0.0 0.0 0.0 0.0 0.0 0.0 0.0 0.0 0.0 0.0 0.0 0.0 0.0 0.0 0.0 0.0 0.0 0.0 0.0 0.001 0.001 0.001 0.001 0.001 0.002 0.002 0.002 0.002 0.002 0.003 0.003 0.003 0.003 0.004 0.004 0.005 0.006 0.006 0.007 0.008 0.009 0.009 0.01 0.011 0.011 0.012 0.013 0.013 0.014 0.015 0.017 0.019 0.021 0.023 0.025 0.027 0.029 0.031 0.033 0.035 0.037 0.039 0.041 0.043 0.045 0.047
0.0 0.0 0.0 0.0 0.0 0.0 0.0 0.0 0.0 0.0 0.0 0.0 0.0 0.0 0.0 0.0 0.0 0.0 0.0 0.0 0.0 0.0 0.0 0.0 0.0 0.0 0.0 0.0 0.0 0.0 0.0 0.0 0.0 0.0 0.0 0.0 0.0 0.0 0.0 0.0 0.0 0.0 0.0 0.0 0.0 0.0 0.0 0.0 0.0 0.0 0.0 0.0 0.0 0.0 0.0 0.0 0.0 0.0 0.0 0.0 0.0 0.0 0.0 0.0 0.0 0.0 0.0 0.0 0.0 0.0 0.0 0.0 0.0 0.0 0.0 0.0 0.0 0.0 0.0 0.0 0.0 0.0 0.0 0.0 0.0 0.0 0.0 0.0 0.001 0.001 0.001 0.001 0.001 0.001 0.002 0.002 0.002 0.002 0.002 0.003 0.003 0.003 0.003 0.004 0.005 0.005 0.006 0.007 0.007 0.008 0.009 0.01 0.01 0.011 0.012 0.012 0.013 0.014 0.014 0.015 0.017 0.019 0.021 0.023 0.026 0.028 0.03 0.032 0.034 0.036 0.038 0.04 0.042 0.044 0.046 0.048
0.0 0.0 0.0 0.0 0.0 0.0 0.0 0.0 0.0 0.0 0.0 0.0 0.0 0.0 0.0 0.0 0.0 0.0 0.0 0.0 0.0 0.0 0.0 0.0 0.0 0.0 0.0 0.0 0.0 0.0 0.0 0.0 0.0 0.0 0.0 0.0 0.0 0.0 0.0 0.0 0.0 0.0 0.0 0.0 0.0 0.0 0.0 0.0 0.0 0.0 0.0 0.0 0.0 0.0 0.0 0.0 0.0 0.0 0.0 0.0 0.0 0.0 0.0 0.0 0.0 0.0 0.0 0.0 0.0 0.0 0.0 0.0 0.0 0.0 0.0 0.0 0.0 0.0 0.0 0.0 0.0 0.0 0.0 0.0 0.0 0.0 0.0 0.0 0.001 0.001 0.001 0.001 0.001 0.002 0.002 0.002 0.002 0.002 0.003 0.003 0.003 0.003 0.003 0.005 0.006 0.007 0.007 0.008 0.009 0.009 0.01 0.011 0.011 0.012 0.013 0.014 0.014 0.015 0.016 0.016 0.019 0.021 0.023 0.025 0.027 0.029 0.031 0.033 0.035 0.037 0.039 0.041 0.043 0.045 0.047 0.05
0.0 0.0 0.0 0.0 0.0 0.0 0.0 0.0 0.0 0.0 0.0 0.0 0.0 0.0 0.0 0.0 0.0 0.0 0.0 0.0 0.0 0.0 0.0 0.0 0.0 0.0 0.0 0.0 0.0 0.0 0.0 0.0 0.0 0.0 0.0 0.0 0.0 0.0 0.0 0.0 0.0 0.0 0.0 0.0 0.0 0.0 0.0 0.0 0.0 0.0 0.0 0.0 0.0 0.0 0.0 0.0 0.0 0.0 0.0 0.0 0.0 0.0 0.0 0.0 0.0 0.0 0.0 0.0 0.0 0.0 0.0 0.0 0.0 0.0 0.0 0.0 0.0 0.0 0.0 0.0 0.0 0.0 0.0 0.0 0.0 0.0 0.0 0.0 0.001 0.001 0.001 0.001 0.002 0.002 0.002 0.002 0.002 0.003 0.003 0.003 0.003 0.003 0.004 0.005 0.007 0.008 0.009 0.009 0.01 0.011 0.011 0.012 0.013 0.013 0.014 0.015 0.015 0.016 0.017 0.018 0.02 0.022 0.024 0.026 0.028 0.03 0.032 0.034 0.036 0.038 0.04 0.042 0.044 0.046 0.049 0.053
0.0 0.0 0.0 0.0 0.0 0.0 0.0 0.0 0.0 0.0 0.0 0.0 0.0 0.0 0.0 0.0 0.0 0.0 0.0 0.0 0.0 0.0 0.0 0.0 0.0 0.0 0.0 0.0 0.0 0.0 0.0 0.0 0.0 0.0 0.0 0.0 0.0 0.0 0.0 0.0 0.0 0.0 0.0 0.0 0.0 0.0 0.0 0.0 0.0 0.0 0.0 0.0 0.0 0.0 0.0 0.0 0.0 0.0 0.0 0.0 0.0 0.0 0.0 0.0 0.0 0.0 0.0 0.0 0.0 0.0 0.0 0.0 0.0 0.0 0.0 0.0 0.0 0.0 0.0 0.0 0.0 0.0 0.0 0.0 0.0 0.0 0.0 0.0 0.001 0.001 0.001 0.002 0.002 0.002 0.002 0.002 0.003 0.003 0.003 0.003 0.003 0.004 0.004 0.005 0.007 0.009 0.01 0.01 0.011 0.012 0.013 0.013 0.014 0.015 0.015 0.016 0.017 0.017 0.018 0.019 0.021 0.023 0.025 0.027 0.029 0.031 0.033 0.035 0.037 0.039 0.042 0.044 0.046 0.048 0.052 0.056
0.0 0.0 0.0 0.0 0.0 0.0 0.0 0.0 0.0 0.0 0.0 0.0 0.0 0.0 0.0 0.0 0.0 0.0 0.0 0.0 0.0 0.0 0.0 0.0 0.0 0.0 0.0 0.0 0.0 0.0 0.0 0.0 0.0 0.0 0.0 0.0 0.0 0.0 0.0 0.0 0.0 0.0 0.0 0.0 0.0 0.0 0.0 0.0 0.0 0.0 0.0 0.0 0.0 0.0 0.0 0.0 0.0 0.0 0.0 0.0 0.0 0.0 0.0 0.0 0.0 0.0 0.0 0.0 0.0 0.0 0.0 0.0 0.0 0.0 0.0 0.0 0.0 0.0 0.0 0.0 0.0 0.0 0.0 0.0 0.0 0.0 0.0 0.0 0.001 0.001 0.002 0.002 0.002 0.002 0.002 0.003 0.003 0.003 0.003 0.003 0.004 0.004 0.004 0.005 0.007 0.009 0.011 0.012 0.012 0.013 0.014 0.014 0.015 0.016 0.017 0.017 0.018 0.019 0.019 0.02 0.022 0.024 0.026 0.028 0.03 0.033 0.035 0.037 0.039 0.041 0.043 0.045 0.047 0.051 0.055 0.059
0.0 0.0 0.0 0.0 0.0 0.0 0.0 0.0 0.0 0.0 0.0 0.0 0.0 0.0 0.0 0.0 0.0 0.0 0.0 0.0 0.0 0.0 0.0 0.0 0.0 0.0 0.0 0.0 0.0 0.0 0.0 0.0 0.0 0.0 0.0 0.0 0.0 0.0 0.0 0.0 0.0 0.0 0.0 0.0 0.0 0.0 0.0 0.0 0.0 0.0 0.0 0.0 0.0 0.0 0.0 0.0 0.0 0.0 0.0 0.0 0.0 0.0 0.0 0.0 0.0 0.0 0.0 0.0 0.0 0.0 0.0 0.0 0.0 0.0 0.0 0.0 0.0 0.0 0.0 0.0 0.0 0.0 0.0 0.0 0.0 0.0 0.0 0.0 0.001 0.001 0.002 0.002 0.002 0.002 0.003 0.003 0.003 0.003 0.003 0.004 0.004 0.004 0.004 0.005 0.007 0.009 0.011 0.013 0.014 0.014 0.015 0.016 0.016 0.017 0.018 0.018 0.019 0.02 0.02 0.021 0.024 0.026 0.028 0.03 0.032 0.034 0.036 0.038 0.04 0.042 0.044 0.046 0.05 0.054 0.058 0.062
0.0 0.0 0.0 0.0 0.0 0.0 0.0 0.0 0.0 0.0 0.0 0.0 0.0 0.0 0.0 0.0 0.0 0.0 0.0 0.0 0.0 0.0 0.0 0.0 0.0 0.0 0.0 0.0 0.0 0.0 0.0 0.0 0.0 0.0 0.0 0.0 0.0 0.0 0.0 0.0 0.0 0.0 0.0 0.0 0.0 0.0 0.0 0.0 0.0 0.0 0.0 0.0 0.0 0.0 0.0 0.0 0.0 0.0 0.0 0.0 0.0 0.0 0.0 0.0 0.0 0.0 0.0 0.0 0.0 0.0 0.0 0.0 0.0 0.0 0.0 0.0 0.0 0.0 0.0 0.0 0.0 0.0 0.0 0.0 0.0 0.0 0.0 0.0 0.001 0.001 0.002 0.002 0.002 0.003 0.003 0.003 0.003 0.003 0.004 0.004 0.004 0.004 0.004 0.006 0.008 0.01 0.012 0.013 0.015 0.016 0.016 0.017 0.018 0.018 0.019 0.02 0.02 0.021 0.022 0.023 0.025 0.027 0.029 0.031 0.033 0.035 0.037 0.039 0.041 0.043 0.045 0.049 0.053 0.057 0.061 0.065
0.0 0.0 0.0 0.0 0.0 0.0 0.0 0.0 0.0 0.0 0.0 0.0 0.0 0.0 0.0 0.0 0.0 0.0 0.0 0.0 0.0 0.0 0.0 0.0 0.0 0.0 0.0 0.0 0.0 0.0 0.0 0.0 0.0 0.0 0.0 0.0 0.0 0.0 0.0 0.0 0.0 0.0 0.0 0.0 0.0 0.0 0.0 0.0 0.0 0.0 0.0 0.0 0.0 0.0 0.0 0.0 0.0 0.0 0.0 0.0 0.0 0.0 0.0 0.0 0.0 0.0 0.0 0.0 0.0 0.0 0.0 0.0 0.0 0.0 0.0 0.0 0.0 0.0 0.0 0.0 0.0 0.0 0.0 0.0 0.0 0.0 0.0 0.0 0.001 0.001 0.002 0.002 0.003 0.003 0.003 0.003 0.003 0.004 0.004 0.004 0.004 0.004 0.005 0.006 0.008 0.01 0.012 0.014 0.016 0.017 0.017 0.018 0.019 0.019 0.02 0.021 0.022 0.022 0.023 0.024 0.026 0.028 0.03 0.032 0.034 0.036 0.038 0.04 0.042 0.044 0.048 0.052 0.056 0.06 0.064 0.068
0.0 0.0 0.0 0.0 0.0 0.0 0.0 0.0 0.0 0.0 0.0 0.0 0.0 0.0 0.0 0.0 0.0 0.0 0.0 0.0 0.0 0.0 0.0 0.0 0.0 0.0 0.0 0.0 0.0 0.0 0.0 0.0 0.0 0.0 0.0 0.0 0.0 0.0 0.0 0.0 0.0 0.0 0.0 0.0 0.0 0.0 0.0 0.0 0.0 0.0 0.0 0.0 0.0 0.0 0.0 0.0 0.0 0.0 0.0 0.0 0.0 0.0 0.0 0.0 0.0 0.0 0.0 0.0 0.0 0.0 0.0 0.0 0.0 0.0 0.0 0.0 0.0 0.0 0.0 0.0 0.0 0.0 0.0 0.0 0.0 0.0 0.0 0.0 0.001 0.001 0.002 0.002 0.003 0.003 0.003 0.003 0.004 0.004 0.004 0.004 0.004 0.005 0.005 0.006 0.008 0.01 0.012 0.014 0.016 0.018 0.019 0.019 0.02 0.021 0.021 0.022 0.023 0.023 0.024 0.025 0.027 0.029 0.031 0.033 0.035 0.038 0.04 0.042 0.044 0.046 0.05 0.054 0.058 0.062 0.066 0.07
0.0 0.0 0.0 0.0 0.0 0.0 0.0 0.0 0.0 0.0 0.0 0.0 0.0 0.0 0.0 0.0 0.0 0.0 0.0 0.0 0.0 0.0 0.0 0.0 0.0 0.0 0.0 0.0 0.0 0.0 0.0 0.0 0.0 0.0 0.0 0.0 0.0 0.0 0.0 0.0 0.0 0.0 0.0 0.0 0.0 0.0 0.0 0.0 0.0 0.0 0.0 0.0 0.0 0.0 0.0 0.0 0.0 0.0 0.0 0.0 0.0 0.0 0.0 0.0 0.0 0.0 0.0 0.0 0.0 0.0 0.0 0.0 0.0 0.0 0.0 0.0 0.0 0.0 0.0 0.0 0.0 0.0 0.0 0.0 0.0 0.0 0.0 0.0 0.001 0.001 0.002 0.002 0.003 0.003 0.003 0.004 0.004 0.004 0.004 0.004 0.005 0.005 0.005 0.006 0.008 0.01 0.012 0.014 0.016 0.018 0.02 0.021 0.021 0.022 0.023 0.023 0.024 0.025 0.025 0.026 0.028 0.031 0.033 0.035 0.037 0.039 0.041 0.043 0.045 0.049 0.053 0.057 0.061 0.065 0.069 0.073
0.0 0.0 0.0 0.0 0.0 0.0 0.0 0.0 0.0 0.0 0.0 0.0 0.0 0.0 0.0 0.0 0.0 0.0 0.0 0.0 0.0 0.0 0.0 0.0 0.0 0.0 0.0 0.0 0.0 0.0 0.0 0.0 0.0 0.0 0.0 0.0 0.0 0.0 0.0 0.0 0.0 0.0 0.0 0.0 0.0 0.0 0.0 0.0 0.0 0.0 0.0 0.0 0.0 0.0 0.0 0.0 0.0 0.0 0.0 0.0 0.0 0.0 0.0 0.0 0.0 0.0 0.0 0.0 0.0 0.0 0.0 0.0 0.0 0.0 0.0 0.0 0.0 0.0 0.0 0.0 0.0 0.0 0.0 0.0 0.0 0.0 0.0 0.001 0.001 0.001 0.002 0.002 0.003 0.003 0.003 0.004 0.004 0.004 0.004 0.005 0.005 0.005 0.005 0.007 0.009 0.01 0.012 0.014 0.016 0.018 0.02 0.022 0.022 0.023 0.024 0.025 0.025 0.026 0.027 0.028 0.03 0.032 0.034 0.036 0.038 0.04 0.042 0.044 0.048 0.052 0.056 0.06 0.064 0.068 0.072 0.076
0.0 0.0 0.0 0.0 0.0 0.0 0.0 0.0 0.0 0.0 0.0 0.0 0.0 0.0 0.0 0.0 0.0 0.0 0.0 0.0 0.0 0.0 0.0 0.0 0.0 0.0 0.0 0.0 0.0 0.0 0.0 0.0 0.0 0.0 0.0 0.0 0.0 0.0 0.0 0.0 0.0 0.0 0.0 0.0 0.0 0.0 0.0 0.0 0.0 0.0 0.0 0.0 0.0 0.0 0.0 0.0 0.0 0.0 0.0 0.0 0.0 0.0 0.0 0.0 0.0 0.0 0.0 0.0 0.0 0.0 0.0 0.0 0.0 0.0 0.0 0.0 0.0 0.0 0.0 0.0 0.0 0.0 0.0 0.0 0.0 0.0 0.0 0.001 0.001 0.001 0.002 0.002 0.003 0.003 0.003 0.004 0.004 0.004 0.005 0.005 0.005 0.005 0.005 0.007 0.009 0.011 0.013 0.015 0.017 0.018 0.02 0.022 0.024 0.024 0.025 0.026 0.026 0.027 0.028 0.029 0.031 0.033 0.035 0.037 0.039 0.041 0.043 0.047 0.051 0.055 0.059 0.063 0.067 0.071 0.075 0.079
0.0 0.0 0.0 0.0 0.0 0.0 0.0 0.0 0.0 0.0 0.0 0.0 0.0 0.0 0.0 0.0 0.0 0.0 0.0 0.0 0.0 0.0 0.0 0.0 0.0 0.0 0.0 0.0 0.0 0.0 0.0 0.0 0.0 0.0 0.0 0.0 0.0 0.0 0.0 0.0 0.0 0.0 0.0 0.0 0.0 0.0 0.0 0.0 0.0 0.0 0.0 0.0 0.0 0.0 0.0 0.0 0.0 0.0 0.0 0.0 0.0 0.0 0.0 0.0 0.0 0.0 0.0 0.0 0.0 0.0 0.0 0.0 0.0 0.0 0.0 0.0 0.0 0.0 0.0 0.0 0.0 0.0 0.0 0.0 0.0 0.0 0.0 0.001 0.001 0.001 0.002 0.002 0.003 0.003 0.003 0.004 0.004 0.005 0.005 0.005 0.005 0.005 0.005 0.007 0.009 0.011 0.013 0.015 0.017 0.019 0.021 0.023 0.025 0.026 0.026 0.027 0.028 0.028 0.029 0.03 0.032 0.034 0.036 0.038 0.04 0.042 0.046 0.05 0.054 0.058 0.062 0.066 0.07 0.074 0.078 0.082
0.0 0.0 0.0 0.0 0.0 0.0 0.0 0.0 0.0 0.0 0.0 0.0 0.0 0.0 0.0 0.0 0.0 0.0 0.0 0.0 0.0 0.0 0.0 0.0 0.0 0.0 0.0 0.0 0.0 0.0 0.0 0.0 0.0 0.0 0.0 0.0 0.0 0.0 0.0 0.0 0.0 0.0 0.0 0.0 0.0 0.0 0.0 0.0 0.0 0.0 0.0 0.0 0.0 0.0 0.0 0.0 0.0 0.0 0.0 0.0 0.0 0.0 0.0 0.0 0.0 0.0 0.0 0.0 0.0 0.0 0.0 0.0 0.0 0.0 0.0 0.0 0.0 0.0 0.0 0.0 0.0 0.0 0.0 0.0 0.0 0.0 0.0 0.001 0.001 0.001 0.002 0.002 0.003 0.003 0.003 0.004 0.004 0.005 0.005 0.005 0.005 0.005 0.006 0.007 0.009 0.011 0.013 0.015 0.017 0.019 0.021 0.023 0.025 0.027 0.027 0.028 0.029 0.03 0.03 0.031 0.033 0.036 0.038 0.04 0.042 0.045 0.049 0.053 0.057 0.061 0.065 0.069 0.073 0.077 0.081 0.085
0.0 0.0 0.0 0.0 0.0 0.0 0.0 0.0 0.0 0.0 0.0 0.0 0.0 0.0 0.0 0.0 0.0 0.0 0.0 0.0 0.0 0.0 0.0 0.0 0.0 0.0 0.0 0.0 0.0 0.0 0.0 0.0 0.0 0.0 0.0 0.0 0.0 0.0 0.0 0.0 0.0 0.0 0.0 0.0 0.0 0.0 0.0 0.0 0.0 0.0 0.0 0.0 0.0 0.0 0.0 0.0 0.0 0.0 0.0 0.0 0.0 0.0 0.0 0.0 0.0 0.0 0.0 0.0 0.0 0.0 0.0 0.0 0.0 0.0 0.0 0.0 0.0 0.0 0.0 0.0 0.0 0.0 0.0 0.0 0.0 0.0 0.0 0.001 0.001 0.001 0.002 0.002 0.003 0.003 0.003 0.004 0.004 0.005 0.005 0.005 0.005 0.006 0.006 0.007 0.009 0.011 0.013 0.015 0.017 0.019 0.021 0.023 0.025 0.027 0.029 0.029 0.03 0.031 0.031 0.033 0.035 0.037 0.039 0.041 0.044 0.048 0.052 0.056 0.06 0.064 0.068 0.072 0.076 0.08 0.084 0.088
0.0 0.0 0.0 0.0 0.0 0.0 0.0 0.0 0.0 0.0 0.0 0.0 0.0 0.0 0.0 0.0 0.0 0.0 0.0 0.0 0.0 0.0 0.0 0.0 0.0 0.0 0.0 0.0 0.0 0.0 0.0 0.0 0.0 0.0 0.0 0.0 0.0 0.0 0.0 0.0 0.0 0.0 0.0 0.0 0.0 0.0 0.0 0.0 0.0 0.0 0.0 0.0 0.0 0.0 0.0 0.0 0.0 0.0 0.0 0.0 0.0 0.0 0.0 0.0 0.0 0.0 0.0 0.0 0.0 0.0 0.0 0.0 0.0 0.0 0.0 0.0 0.0 0.0 0.0 0.0 0.0 0.0 0.0 0.0 0.0 0.0 0.0 0.001 0.001 0.001 0.002 0.002 0.003 0.003 0.003 0.004 0.004 0.005 0.005 0.005 0.006 0.006 0.006 0.008 0.01 0.012 0.014 0.015 0.017 0.019 0.021 0.023 0.025 0.027 0.029 0.031 0.031 0.032 0.033 0.034 0.036 0.038 0.04 0.043 0.047 0.051 0.055 0.059 0.063 0.067 0.071 0.075 0.079 0.083 0.087 0.091
0.0 0.0 0.0 0.0 0.0 0.0 0.0 0.0 0.0 0.0 0.0 0.0 0.0 0.0 0.0 0.0 0.0 0.0 0.0 0.0 0.0 0.0 0.0 0.0 0.0 0.0 0.0 0.0 0.0 0.0 0.0 0.0 0.0 0.0 0.0 0.0 0.0 0.0 0.0 0.0 0.0 0.0 0.0 0.0 0.0 0.0 0.0 0.0 0.0 0.0 0.0 0.0 0.0 0.0 0.0 0.0 0.0 0.0 0.0 0.0 0.0 0.0 0.0 0.0 0.0 0.0 0.0 0.0 0.0 0.0 0.0 0.0 0.0 0.0 0.0 0.0 0.0 0.0 0.0 0.0 0.0 0.0 0.0 0.0 0.0 0.0 0.0 0.001 0.001 0.001 0.002 0.002 0.003 0.003 0.004 0.004 0.004 0.005 0.005 0.006 0.006 0.006 0.006 0.008 0.01 0.012 0.014 0.016 0.018 0.02 0.022 0.023 0.025 0.027 0.029 0.031 0.033 0.033 0.034 0.035 0.037 0.039 0.042 0.046 0.05 0.054 0.058 0.062 0.066 0.07 0.074 0.078 0.082 0.086 0.09 0.094
0.0 0.0 0.0 0.0 0.0 0.0 0.0 0.0 0.0 0.0 0.0 0.0 0.0 0.0 0.0 0.0 0.0 0.0 0.0 0.0 0.0 0.0 0.0 0.0 0.0 0.0 0.0 0.0 0.0 0.0 0.0 0.0 0.0 0.0 0.0 0.0 0.0 0.0 0.0 0.0 0.0 0.0 0.0 0.0 0.0 0.0 0.0 0.0 0.0 0.0 0.0 0.0 0.0 0.0 0.0 0.0 0.0 0.0 0.0 0.0 0.0 0.0 0.0 0.0 0.0 0.0 0.0 0.0 0.0 0.0 0.0 0.0 0.0 0.0 0.0 0.0 0.0 0.0 0.0 0.0 0.0 0.0 0.0 0.0 0.0 0.0 0.0 0.001 0.001 0.001 0.002 0.002 0.003 0.003 0.004 0.004 0.004 0.005 0.005 0.006 0.006 0.006 0.006 0.008 0.01 0.012 0.014 0.016 0.018 0.02 0.022 0.024 0.026 0.028 0.03 0.031 0.033 0.034 0.035 0.036 0.038 0.041 0.045 0.049 0.053 0.057 0.061 0.065 0.069 0.073 0.077 0.081 0.085 0.089 0.093 0.097
0.0 0.0 0.0 0.0 0.0 0.0 0.0 0.0 0.0 0.0 0.0 0.0 0.0 0.0 0.0 0.0 0.0 0.0 0.0 0.0 0.0 0.0 0.0 0.0 0.0 0.0 0.0 0.0 0.0 0.0 0.0 0.0 0.0 0.0 0.0 0.0 0.0 0.0 0.0 0.0 0.0 0.0 0.0 0.0 0.0 0.0 0.0 0.0 0.0 0.0 0.0 0.0 0.0 0.0 0.0 0.0 0.0 0.0 0.0 0.0 0.0 0.0 0.0 0.0 0.0 0.0 0.0 0.0 0.0 0.0 0.0 0.0 0.0 0.0 0.0 0.0 0.0 0.0 0.0 0.0 0.0 0.0 0.0 0.0 0.0 0.0 0.0 0.001 0.001 0.001 0.002 0.002 0.003 0.003 0.004 0.004 0.004 0.005 0.005 0.006 0.006 0.006 0.007 0.008 0.01 0.012 0.014 0.016 0.018 0.02 0.022 0.024 0.026 0.028 0.03 0.032 0.034 0.036 0.036 0.038 0.04 0.044 0.048 0.052 0.056 0.06 0.064 0.068 0.072 0.076 0.08 0.084 0.088 0.092 0.096 0.1
0.0 0.0 0.0 0.0 0.0 0.0 0.0 0.0 0.0 0.0 0.0 0.0 0.0 0.0 0.0 0.0 0.0 0.0 0.0 0.0 0.0 0.0 0.0 0.0 0.0 0.0 0.0 0.0 0.0 0.0 0.0 0.0 0.0 0.0 0.0 0.0 0.0 0.0 0.0 0.0 0.0 0.0 0.0 0.0 0.0 0.0 0.0 0.0 0.0 0.0 0.0 0.0 0.0 0.0 0.0 0.0 0.0 0.0 0.0 0.0 0.0 0.0 0.0 0.0 0.0 0.0 0.0 0.0 0.0 0.0 0.0 0.0 0.0 0.0 0.0 0.0 0.0 0.0 0.0 0.0 0.0 0.0 0.0 0.0 0.0 0.0 0.0 0.001 0.001 0.001 0.002 0.002 0.003 0.003 0.004 0.004 0.004 0.005 0.005 0.006 0.006 0.006 0.007 0.009 0.011 0.012 0.014 0.016 0.018 0.02 0.022 0.024 0.026 0.028 0.03 0.032 0.034 0.036 0.038 0.039 0.042 0.046 0.05 0.054 0.058 0.062 0.067 0.071 0.075 0.079 0.083 0.087 0.091 0.095 0.099 0.103
0.0 0.0 0.0 0.0 0.0 0.0 0.0 0.0 0.0 0.0 0.0 0.0 0.0 0.0 0.0 0.0 0.0 0.0 0.0 0.0 0.0 0.0 0.0 0.0 0.0 0.0 0.0 0.0 0.0 0.0 0.0 0.0 0.0 0.0 0.0 0.0 0.0 0.0 0.0 0.0 0.0 0.0 0.0 0.0 0.0 0.0 0.0 0.0 0.0 0.0 0.0 0.0 0.0 0.0 0.0 0.0 0.0 0.0 0.0 0.0 0.0 0.0 0.0 0.0 0.0 0.0 0.0 0.0 0.0 0.0 0.0 0.0 0.0 0.0 0.0 0.0 0.0 0.0 0.0 0.0 0.0 0.0 0.0 0.0 0.0 0.0 0.0 0.001 0.001 0.001 0.002 0.002 0.003 0.003 0.004 0.004 0.004 0.005 0.005 0.006 0.006 0.006 0.007 0.009 0.011 0.012 0.014 0.016 0.018 0.02 0.022 0.024 0.026 0.028 0.03 0.032 0.034 0.036 0.038 0.041 0.045 0.049 0.053 0.057 0.061 0.065 0.069 0.073 0.077 0.081 0.085 0.089 0.094 0.098 0.102 0.106
0.0 0.0 0.0 0.0 0.0 0.0 0.0 0.0 0.0 0.0 0.0 0.0 0.0 0.0 0.0 0.0 0.0 0.0 0.0 0.0 0.0 0.0 0.0 0.0 0.0 0.0 0.0 0.0 0.0 0.0 0.0 0.0 0.0 0.0 0.0 0.0 0.0 0.0 0.0 0.0 0.0 0.0 0.0 0.0 0.0 0.0 0.0 0.0 0.0 0.0 0.0 0.0 0.0 0.0 0.0 0.0 0.0 0.0 0.0 0.0 0.0 0.0 0.0 0.0 0.0 0.0 0.0 0.0 0.0 0.0 0.0 0.0 0.0 0.0 0.0 0.0 0.0 0.0 0.0 0.0 0.0 0.0 0.0 0.0 0.0 0.0 0.0 0.001 0.001 0.001 0.002 0.002 0.003 0.003 0.004 0.004 0.004 0.005 0.005 0.006 0.006 0.006 0.006 0.008 0.01 0.012 0.014 0.016 0.018 0.02 0.022 0.024 0.026 0.028 0.03 0.032 0.034 0.036 0.037 0.039 0.043 0.047 0.051 0.055 0.059 0.063 0.068 0.072 0.076 0.08 0.084 0.088 0.092 0.096 0.1 0.102
0.0 0.0 0.0 0.0 0.0 0.0 0.0 0.0 0.0 0.0 0.0 0.0 0.0 0.0 0.0 0.0 0.0 0.0 0.0 0.0 0.0 0.0 0.0 0.0 0.0 0.0 0.0 0.0 0.0 0.0 0.0 0.0 0.0 0.0 0.0 0.0 0.0 0.0 0.0 0.0 0.0 0.0 0.0 0.0 0.0 0.0 0.0 0.0 0.0 0.0 0.0 0.0 0.0 0.0 0.0 0.0 0.0 0.0 0.0 0.0 0.0 0.0 0.0 0.0 0.0 0.0 0.0 0.0 0.0 0.0 0.0 0.0 0.0 0.0 0.0 0.0 0.0 0.0 0.0 0.0 0.0 0.0 0.0 0.0 0.0 0.0 0.0 0.001 0.001 0.001 0.002 0.002 0.003 0.003 0.004 0.004 0.004 0.005 0.005 0.006 0.006 0.006 0.006 0.008 0.01 0.012 0.014 0.016 0.018 0.02 0.022 0.024 0.026 0.028 0.029 0.031 0.033 0.035 0.035 0.037 0.041 0.045 0.05 0.054 0.058 0.062 0.066 0.07 0.074 0.078 0.082 0.086 0.09 0.095 0.097 0.098
0.0 0.0 0.0 0.0 0.0 0.0 0.0 0.0 0.0 0.0 0.0 0.0 0.0 0.0 0.0 0.0 0.0 0.0 0.0 0.0 0.0 0.0 0.0 0.0 0.0 0.0 0.0 0.0 0.0 0.0 0.0 0.0 0.0 0.0 0.0 0.0 0.0 0.0 0.0 0.0 0.0 0.0 0.0 0.0 0.0 0.0 0.0 0.0 0.0 0.0 0.0 0.0 0.0 0.0 0.0 0.0 0.0 0.0 0.0 0.0 0.0 0.0 0.0 0.0 0.0 0.0 0.0 0.0 0.0 0.0 0.0 0.0 0.0 0.0 0.0 0.0 0.0 0.0 0.0 0.0 0.0 0.0 0.0 0.0 0.0 0.0 0.0 0.001 0.001 0.001 0.002 0.002 0.003 0.003 0.004 0.004 0.004 0.005 0.005 0.006 0.006 0.006 0.006 0.008 0.01 0.012 0.014 0.016 0.017 0.019 0.021 0.023 0.025 0.027 0.029 0.031 0.033 0.033 0.033 0.036 0.04 0.044 0.048 0.052 0.056 0.06 0.064 0.068 0.072 0.077 0.081 0.085 0.089 0.091 0.092 0.093
0.0 0.0 0.0 0.0 0.0 0.0 0.0 0.0 0.0 0.0 0.0 0.0 0.0 0.0 0.0 0.0 0.0 0.0 0.0 0.0 0.0 0.0 0.0 0.0 0.0 0.0 0.0 0.0 0.0 0.0 0.0 0.0 0.0 0.0 0.0 0.0 0.0 0.0 0.0 0.0 0.0 0.0 0.0 0.0 0.0 0.0 0.0 0.0 0.0 0.0 0.0 0.0 0.0 0.0 0.0 0.0 0.0 0.0 0.0 0.0 0.0 0.0 0.0 0.0 0.0 0.0 0.0 0.0 0.0 0.0 0.0 0.0 0.0 0.0 0.0 0.0 0.0 0.0 0.0 0.0 0.0 0.0 0.0 0.0 0.0 0.0 0.0 0.001 0.001 0.001 0.002 0.002 0.003 0.003 0.004 0.004 0.004 0.005 0.005 0.005 0.005 0.005 0.005 0.007 0.009 0.011 0.013 0.015 0.017 0.019 0.021 0.023 0.025 0.027 0.029 0.031 0.031 0.031 0.032 0.034 0.038 0.042 0.046 0.05 0.054 0.059 0.063 0.067 0.071 0.075 0.079 0.083 0.086 0.087 0.088 0.089
0.0 0.0 0.0 0.0 0.0 0.0 0.0 0.0 0.0 0.0 0.0 0.0 0.0 0.0 0.0 0.0 0.0 0.0 0.0 0.0 0.0 0.0 0.0 0.0 0.0 0.0 0.0 0.0 0.0 0.0 0.0 0.0 0.0 0.0 0.0 0.0 0.0 0.0 0.0 0.0 0.0 0.0 0.0 0.0 0.0 0.0 0.0 0.0 0.0 0.0 0.0 0.0 0.0 0.0 0.0 0.0 0.0 0.0 0.0 0.0 0.0 0.0 0.0 0.0 0.0 0.0 0.0 0.0 0.0 0.0 0.0 0.0 0.0 0.0 0.0 0.0 0.0 0.0 0.0 0.0 0.0 0.0 0.0 0.0 0.0 0.0 0.0 0.001 0.001 0.001 0.002 0.002 0.003 0.003 0.004 0.004 0.004 0.005 0.005 0.005 0.005 0.005 0.005 0.007 0.009 0.011 0.013 0.015 0.017 0.019 0.021 0.023 0.025 0.027 0.029 0.029 0.029 0.03 0.03 0.032 0.036 0.041 0.045 0.049 0.053 0.057 0.061 0.065 0.069 0.073 0.077 0.081 0.082 0.083 0.084 0.085
0.0 0.0 0.0 0.0 0.0 0.0 0.0 0.0 0.0 0.0 0.0 0.0 0.0 0.0 0.0 0.0 0.0 0.0 0.0 0.0 0.0 0.0 0.0 0.0 0.0 0.0 0.0 0.0 0.0 0.0 0.0 0.0 0.0 0.0 0.0 0.0 0.0 0.0 0.0 0.0 0.0 0.0 0.0 0.0 0.0 0.0 0.0 0.0 0.0 0.0 0.0 0.0 0.0 0.0 0.0 0.0 0.0 0.0 0.0 0.0 0.0 0.0 0.0 0.0 0.0 0.0 0.0 0.0 0.0 0.0 0.0 0.0 0.0 0.0 0.0 0.0 0.0 0.0 0.0 0.0 0.0 0.0 0.0 0.0 0.0 0.0 0.0 0.001 0.001 0.001 0.002 0.002 0.003 0.003 0.004 0.004 0.004 0.005 0.005 0.005 0.005 0.005 0.005 0.007 0.009 0.011 0.013 0.015 0.017 0.019 0.02 0.022 0.024 0.026 0.027 0.027 0.028 0.028 0.028 0.031 0.035 0.039 0.043 0.047 0.051 0.055 0.059 0.063 0.068 0.072 0.076 0.076 0.077 0.078 0.079 0.08
0.0 0.0 0.0 0.0 0.0 0.0 0.0 0.0 0.0 0.0 0.0 0.0 0.0 0.0 0.0 0.0 0.0 0.0 0.0 0.0 0.0 0.0 0.0 0.0 0.0 0.0 0.0 0.0 0.0 0.0 0.0 0.0 0.0 0.0 0.0 0.0 0.0 0.0 0.0 0.0 0.0 0.0 0.0 0.0 0.0 0.0 0.0 0.0 0.0 0.0 0.0 0.0 0.0 0.0 0.0 0.0 0.0 0.0 0.0 0.0 0.0 0.0 0.0 0.0 0.0 0.0 0.0 0.0 0.0 0.0 0.0 0.0 0.0 0.0 0.0 0.0 0.0 0.0 0.0 0.0 0.0 0.0 0.0 0.0 0.0 0.0 0.0 0.001 0.001 0.001 0.002 0.002 0.003 0.003 0.004 0.004 0.004 0.004 0.004 0.004 0.004 0.004 0.005 0.007 0.008 0.01 0.012 0.014 0.016 0.018 0.02 0.022 0.024 0.025 0.025 0.026 0.026 0.026 0.027 0.029 0.033 0.037 0.041 0.045 0.05 0.054 0.058 0.062 0.066 0.07 0.071 0.072 0.073 0.074 0.075 0.076
0.0 0.0 0.0 0.0 0.0 0.0 0.0 0.0 0.0 0.0 0.0 0.0 0.0 0.0 0.0 0.0 0.0 0.0 0.0 0.0 0.0 0.0 0.0 0.0 0.0 0.0 0.0 0.0 0.0 0.0 0.0 0.0 0.0 0.0 0.0 0.0 0.0 0.0 0.0 0.0 0.0 0.0 0.0 0.0 0.0 0.0 0.0 0.0 0.0 0.0 0.0 0.0 0.0 0.0 0.0 0.0 0.0 0.0 0.0 0.0 0.0 0.0 0.0 0.0 0.0 0.0 0.0 0.0 0.0 0.0 0.0 0.0 0.0 0.0 0.0 0.0 0.0 0.0 0.0 0.0 0.0 0.0 0.0 0.0 0.0 0.0 0.0 0.001 0.001 0.001 0.002 0.002 0.003 0.003 0.004 0.004 0.004 0.004 0.004 0.004 0.004 0.004 0.004 0.006 0.008 0.01 0.012 0.014 0.016 0.018 0.02 0.022 0.023 0.023 0.024 0.024 0.024 0.025 0.025 0.027 0.031 0.036 0.04 0.044 0.048 0.052 0.056 0.06 0.064 0.066 0.067 0.068 0.069 0.07 0.07 0.072
0.0 0.0 0.0 0.0 0.0 0.0 0.0 0.0 0.0 0.0 0.0 0.0 0.0 0.0 0.0 0.0 0.0 0.0 0.0 0.0 0.0 0.0 0.0 0.0 0.0 0.0 0.0 0.0 0.0 0.0 0.0 0.0 0.0 0.0 0.0 0.0 0.0 0.0 0.0 0.0 0.0 0.0 0.0 0.0 0.0 0.0 0.0 0.0 0.0 0.0 0.0 0.0 0.0 0.0 0.0 0.0 0.0 0.0 0.0 0.0 0.0 0.0 0.0 0.0 0.0 0.0 0.0 0.0 0.0 0.0 0.0 0.0 0.0 0.0 0.0 0.0 0.0 0.0 0.0 0.0 0.0 0.0 0.0 0.0 0.0 0.0 0.0 0.001 0.001 0.001 0.002 0.002 0.003 0.003 0.004 0.004 0.004 0.004 0.004 0.004 0.004 0.004 0.004 0.006 0.008 0.01 0.012 0.014 0.016 0.018 0.02 0.021 0.021 0.022 0.022 0.022 0.023 0.023 0.023 0.026 0.03 0.034 0.038 0.042 0.046 0.05 0.054 0.058 0.061 0.062 0.062 0.063 0.064 0.065 0.066 0.067
0.0 0.0 0.0 0.0 0.0 0.0 0.0 0.0 0.0 0.0 0.0 0.0 0.0 0.0 0.0 0.0 0.0 0.0 0.0 0.0 0.0 0.0 0.0 0.0 0.0 0.0 0.0 0.0 0.0 0.0 0.0 0.0 0.0 0.0 0.0 0.0 0.0 0.0 0.0 0.0 0.0 0.0 0.0 0.0 0.0 0.0 0.0 0.0 0.0 0.0 0.0 0.0 0.0 0.0 0.0 0.0 0.0 0.0 0.0 0.0 0.0 0.0 0.0 0.0 0.0 0.0 0.0 0.0 0.0 0.0 0.0 0.0 0.0 0.0 0.0 0.0 0.0 0.0 0.0 0.0 0.0 0.0 0.0 0.0 0.0 0.0 0.0 0.001 0.001 0.001 0.002 0.002 0.003 0.003 0.003 0.003 0.003 0.003 0.003 0.003 0.003 0.004 0.004 0.006 0.008 0.01 0.012 0.013 0.015 0.017 0.019 0.019 0.02 0.02 0.02 0.021 0.021 0.021 0.021 0.024 0.028 0.032 0.036 0.04 0.045 0.049 0.053 0.055 0.056 0.057 0.058 0.059 0.06 0.061 0.062 0.063
0.0 0.0 0.0 0.0 0.0 0.0 0.0 0.0 0.0 0.0 0.0 0.0 0.0 0.0 0.0 0.0 0.0 0.0 0.0 0.0 0.0 0.0 0.0 0.0 0.0 0.0 0.0 0.0 0.0 0.0 0.0 0.0 0.0 0.0 0.0 0.0 0.0 0.0 0.0 0.0 0.0 0.0 0.0 0.0 0.0 0.0 0.0 0.0 0.0 0.0 0.0 0.0 0.0 0.0 0.0 0.0 0.0 0.0 0.0 0.0 0.0 0.0 0.0 0.0 0.0 0.0 0.0 0.0 0.0 0.0 0.0 0.0 0.0 0.0 0.0 0.0 0.0 0.0 0.0 0.0 0.0 0.0 0.0 0.0 0.0 0.0 0.0 0.001 0.001 0.001 0.002 0.002 0.003 0.003 0.003 0.003 0.003 0.003 0.003 0.003 0.003 0.003 0.003 0.005 0.007 0.009 0.011 0.013 0.015 0.017 0.017 0.018 0.018 0.018 0.019 0.019 0.019 0.019 0.02 0.022 0.027 0.031 0.035 0.039 0.043 0.047 0.05 0.051 0.052 0.053 0.054 0.055 0.056 0.056 0.057 0.058
0.0 0.0 0.0 0.0 0.0 0.0 0.0 0.0 0.0 0.0 0.0 0.0 0.0 0.0 0.0 0.0 0.0 0.0 0.0 0.0 0.0 0.0 0.0 0.0 0.0 0.0 0.0 0.0 0.0 0.0 0.0 0.0 0.0 0.0 0.0 0.0 0.0 0.0 0.0 0.0 0.0 0.0 0.0 0.0 0.0 0.0 0.0 0.0 0.0 0.0 0.0 0.0 0.0 0.0 0.0 0.0 0.0 0.0 0.0 0.0 0.0 0.0 0.0 0.0 0.0 0.0 0.0 0.0 0.0 0.0 0.0 0.0 0.0 0.0 0.0 0.0 0.0 0.0 0.0 0.0 0.0 0.0 0.0 0.0 0.0 0.0 0.0 0.001 0.001 0.002 0.002 0.002 0.003 0.003 0.003 0.003 0.003 0.003 0.003 0.003 0.003 0.003 0.003 0.005 0.007 0.009 0.011 0.013 0.015 0.015 0.016 0.016 0.016 0.017 0.017 0.017 0.017 0.018 0.018 0.021 0.025 0.029 0.033 0.037 0.041 0.045 0.046 0.047 0.048 0.048 0.049 0.05 0.051 0.052 0.053 0.054
0.0 0.0 0.0 0.0 0.0 0.0 0.0 0.0 0.0 0.0 0.0 0.0 0.0 0.0 0.0 0.0 0.0 0.0 0.0 0.0 0.0 0.0 0.0 0.0 0.0 0.0 0.0 0.0 0.0 0.0 0.0 0.0 0.0 0.0 0.0 0.0 0.0 0.0 0.0 0.0 0.0 0.0 0.0 0.0 0.0 0.0 0.0 0.0 0.0 0.0 0.0 0.0 0.0 0.0 0.0 0.0 0.0 0.0 0.0 0.0 0.0 0.0 0.0 0.0 0.0 0.0 0.0 0.0 0.0 0.0 0.0 0.0 0.0 0.0 0.0 0.0 0.0 0.0 0.0 0.0 0.0 0.0 0.0 0.0 0.0 0.0 0.0 0.001 0.001 0.002 0.002 0.002 0.002 0.002 0.002 0.002 0.002 0.002 0.002 0.002 0.002 0.003 0.003 0.005 0.007 0.009 0.011 0.013 0.013 0.014 0.014 0.014 0.015 0.015 0.015 0.015 0.016 0.016 0.016 0.019 0.023 0.027 0.031 0.036 0.04 0.04 0.041 0.042 0.043 0.044 0.045 0.046 0.047 0.048 0.049 0.05
0.0 0.0 0.0 0.0 0.0 0.0 0.0 0.0 0.0 0.0 0.0 0.0 0.0 0.0 0.0 0.0 0.0 0.0 0.0 0.0 0.0 0.0 0.0 0.0 0.0 0.0 0.0 0.0 0.0 0.0 0.0 0.0 0.0 0.0 0.0 0.0 0.0 0.0 0.0 0.0 0.0 0.0 0.0 0.0 0.0 0.0 0.0 0.0 0.0 0.0 0.0 0.0 0.0 0.0 0.0 0.0 0.0 0.0 0.0 0.0 0.0 0.0 0.0 0.0 0.0 0.0 0.0 0.0 0.0 0.0 0.0 0.0 0.0 0.0 0.0 0.0 0.0 0.0 0.0 0.0 0.0 0.0 0.0 0.0 0.0 0.0 0.0 0.001 0.001 0.002 0.002 0.002 0.002 0.002 0.002 0.002 0.002 0.002 0.002 0.002 0.002 0.002 0.003 0.004 0.006 0.008 0.01 0.011 0.012 0.012 0.012 0.013 0.013 0.013 0.013 0.014 0.014 0.014 0.015 0.018 0.022 0.026 0.03 0.034 0.035 0.036 0.037 0.038 0.039 0.04 0.041 0.042 0.042 0.043 0.044 0.045
0.0 0.0 0.0 0.0 0.0 0.0 0.0 0.0 0.0 0.0 0.0 0.0 0.0 0.0 0.0 0.0 0.0 0.0 0.0 0.0 0.0 0.0 0.0 0.0 0.0 0.0 0.0 0.0 0.0 0.0 0.0 0.0 0.0 0.0 0.0 0.0 0.0 0.0 0.0 0.0 0.0 0.0 0.0 0.0 0.0 0.0 0.0 0.0 0.0 0.0 0.0 0.0 0.0 0.0 0.0 0.0 0.0 0.0 0.0 0.0 0.0 0.0 0.0 0.0 0.0 0.0 0.0 0.0 0.0 0.0 0.0 0.0 0.0 0.0 0.0 0.0 0.0 0.0 0.0 0.0 0.0 0.0 0.0 0.0 0.0 0.0 0.0 0.001 0.001 0.001 0.002 0.002 0.002 0.002 0.002 0.002 0.002 0.002 0.002 0.002 0.002 0.002 0.002 0.004 0.006 0.008 0.009 0.01 0.01 0.01 0.011 0.011 0.011 0.011 0.012 0.012 0.012 0.013 0.013 0.016 0.02 0.024 0.028 0.03 0.031 0.032 0.033 0.034 0.034 0.035 0.036 0.037 0.038 0.039 0.04 0.041
0.0 0.0 0.0 0.0 0.0 0.0 0.0 0.0 0.0 0.0 0.0 0.0 0.0 0.0 0.0 0.0 0.0 0.0 0.0 0.0 0.0 0.0 0.0 0.0 0.0 0.0 0.0 0.0 0.0 0.0 0.0 0.0 0.0 0.0 0.0 0.0 0.0 0.0 0.0 0.0 0.0 0.0 0.0 0.0 0.0 0.0 0.0 0.0 0.0 0.0 0.0 0.0 0.0 0.0 0.0 0.0 0.0 0.0 0.0 0.0 0.0 0.0 0.0 0.0 0.0 0.0 0.0 0.0 0.0 0.0 0.0 0.0 0.0 0.0 0.0 0.0 0.0 0.0 0.0 0.0 0.0 0.0 0.0 0.0 0.0 0.0 0.0 0.001 0.001 0.001 0.001 0.001 0.001 0.001 0.001 0.001 0.001 0.001 0.001 0.001 0.002 0.002 0.002 0.004 0.006 0.007 0.008 0.008 0.008 0.009 0.009 0.009 0.009 0.01 0.01 0.01 0.011 0.011 0.011 0.014 0.018 0.022 0.025 0.026 0.026 0.027 0.028 0.029 0.03 0.031 0.032 0.033 0.034 0.035 0.036 0.037
0.0 0.0 0.0 0.0 0.0 0.0 0.0 0.0 0.0 0.0 0.0 0.0 0.0 0.0 0.0 0.0 0.0 0.0 0.0 0.0 0.0 0.0 0.0 0.0 0.0 0.0 0.0 0.0 0.0 0.0 0.0 0.0 0.0 0.0 0.0 0.0 0.0 0.0 0.0 0.0 0.0 0.0 0.0 0.0 0.0 0.0 0.0 0.0 0.0 0.0 0.0 0.0 0.0 0.0 0.0 0.0 0.0 0.0 0.0 0.0 0.0 0.0 0.0 0.0 0.0 0.0 0.0 0.0 0.0 0.0 0.0 0.0 0.0 0.0 0.0 0.0 0.0 0.0 0.0 0.0 0.0 0.0 0.0 0.0 0.0 0.0 0.0 0.001 0.001 0.001 0.001 0.001 0.001 0.001 0.001 0.001 0.001 0.001 0.001 0.001 0.001 0.001 0.002 0.004 0.005 0.006 0.006 0.006 0.007 0.007 0.007 0.007 0.008 0.008 0.008 0.009 0.009 0.009 0.009 0.013 0.017 0.019 0.02 0.021 0.022 0.023 0.024 0.025 0.026 0.027 0.028 0.028 0.029 0.03 0.031 0.032
0.0 0.0 0.0 0.0 0.0 0.0 0.0 0.0 0.0 0.0 0.0 0.0 0.0 0.0 0.0 0.0 0.0 0.0 0.0 0.0 0.0 0.0 0.0 0.0 0.0 0.0 0.0 0.0 0.0 0.0 0.0 0.0 0.0 0.0 0.0 0.0 0.0 0.0 0.0 0.0 0.0 0.0 0.0 0.0 0.0 0.0 0.0 0.0 0.0 0.0 0.0 0.0 0.0 0.0 0.0 0.0 0.0 0.0 0.0 0.0 0.0 0.0 0.0 0.0 0.0 0.0 0.0 0.0 0.0 0.0 0.0 0.0 0.0 0.0 0.0 0.0 0.0 0.0 0.0 0.0 0.0 0.0 0.0 0.0 0.0 0.0 0.0 0.0 0.0 0.001 0.001 0.001 0.001 0.001 0.001 0.001 0.001 0.001 0.001 0.001 0.001 0.001 0.001 0.003 0.004 0.004 0.004 0.005 0.005 0.005 0.005 0.006 0.006 0.006 0.007 0.007 0.007 0.007 0.008 0.011 0.014 0.015 0.016 0.017 0.018 0.019 0.02 0.02 0.021 0.022 0.023 0.024 0.025 0.026 0.027 0.028
0.0 0.0 0.0 0.0 0.0 0.0 0.0 0.0 0.0 0.0 0.0 0.0 0.0 0.0 0.0 0.0 0.0 0.0 0.0 0.0 0.0 0.0 0.0 0.0 0.0 0.0 0.0 0.0 0.0 0.0 0.0 0.0 0.0 0.0 0.0 0.0 0.0 0.0 0.0 0.0 0.0 0.0 0.0 0.0 0.0 0.0 0.0 0.0 0.0 0.0 0.0 0.0 0.0 0.0 0.0 0.0 0.0 0.0 0.0 0.0 0.0 0.0 0.0 0.0 0.0 0.0 0.0 0.0 0.0 0.0 0.0 0.0 0.0 0.0 0.0 0.0 0.0 0.0 0.0 0.0 0.0 0.0 0.0 0.0 0.0 0.0 0.0 0.0 0.0 0.0 0.0 0.0 0.0 0.0 0.0 0.0 0.0 0.0 0.0 0.001 0.001 0.001 0.001 0.002 0.002 0.002 0.003 0.003 0.003 0.003 0.004 0.004 0.004 0.005 0.005 0.005 0.005 0.006 0.006 0.009 0.01 0.011 0.012 0.012 0.013 0.014 0.015 0.016 0.017 0.018 0.019 0.02 0.021 0.022 0.022 0.024
0.0 0.0 0.0 0.0 0.0 0.0 0.0 0.0 0.0 0.0 0.0 0.0 0.0 0.0 0.0 0.0 0.0 0.0 0.0 0.0 0.0 0.0 0.0 0.0 0.0 0.0 0.0 0.0 0.0 0.0 0.0 0.0 0.0 0.0 0.0 0.0 0.0 0.0 0.0 0.0 0.0 0.0 0.0 0.0 0.0 0.0 0.0 0.0 0.0 0.0 0.0 0.0 0.0 0.0 0.0 0.0 0.0 0.0 0.0 0.0 0.0 0.0 0.0 0.0 0.0 0.0 0.0 0.0 0.0 0.0 0.0 0.0 0.0 0.0 0.0 0.0 0.0 0.0 0.0 0.0 0.0 0.0 0.0 0.0 0.0 0.0 0.0 0.0 0.0 0.0 0.0 0.0 0.0 0.0 0.0 0.0 0.0 0.0 0.0 0.0 0.0 0.001 0.001 0.001 0.001 0.001 0.002 0.002 0.002 0.002 0.003 0.003 0.003 0.003 0.004 0.004 0.004 0.005 0.005 0.006 0.007 0.008 0.008 0.009 0.01 0.011 0.012 0.012 0.013 0.014 0.015 0.016 0.016 0.017 0.018 0.019
0.0 0.0 0.0 0.0 0.0 0.0 0.0 0.0 0.0 0.0 0.0 0.0 0.0 0.0 0.0 0.0 0.0 0.0 0.0 0.0 0.0 0.0 0.0 0.0 0.0 0.0 0.0 0.0 0.0 0.0 0.0 0.0 0.0 0.0 0.0 0.0 0.0 0.0 0.0 0.0 0.0 0.0 0.0 0.0 0.0 0.0 0.0 0.0 0.0 0.0 0.0 0.0 0.0 0.0 0.0 0.0 0.0 0.0 0.0 0.0 0.0 0.0 0.0 0.0 0.0 0.0 0.0 0.0 0.0 0.0 0.0 0.0 0.0 0.0 0.0 0.0 0.0 0.0 0.0 0.0 0.0 0.0 0.0 0.0 0.0 0.0 0.0 0.0 0.0 0.0 0.0 0.0 0.0 0.0 0.0 0.0 0.001 0.001 0.001 0.001 0.001 0.001 0.001 0.001 0.001 0.002 0.002 0.002 0.002 0.003 0.003 0.003 0.003 0.004 0.004 0.004 0.004 0.005 0.006 0.008 0.009 0.01 0.011 0.012 0.013 0.013 0.014 0.015 0.016 0.017 0.017 0.018 0.019 0.02 0.02 0.022
0.0 0.0 0.0 0.0 0.0 0.0 0.0 0.0 0.0 0.0 0.0 0.0 0.0 0.0 0.0 0.0 0.0 0.0 0.0 0.0 0.0 0.0 0.0 0.0 0.0 0.0 0.0 0.0 0.0 0.0 0.0 0.0 0.0 0.0 0.0 0.0 0.0 0.0 0.0 0.0 0.0 0.0 0.0 0.0 0.0 0.0 0.0 0.0 0.0 0.0 0.0 0.0 0.0 0.0 0.0 0.0 0.0 0.0 0.0 0.0 0.0 0.0 0.0 0.0 0.0 0.0 0.0 0.0 0.0 0.0 0.0 0.0 0.0 0.0 0.0 0.0 0.0 0.0 0.0 0.0 0.0 0.0 0.0 0.0 0.0 0.0 0.0 0.0 0.0 0.0 0.0 0.001 0.001 0.001 0.001 0.001 0.001 0.001 0.001 0.001 0.001 0.001 0.001 0.001 0.001 0.002 0.002 0.002 0.002 0.003 0.003 0.003 0.004 0.004 0.004 0.004 0.005 0.006 0.007 0.009 0.012 0.013 0.014 0.014 0.015 0.016 0.017 0.017 0.018 0.019 0.02 0.021 0.021 0.022 0.023 0.024
0.0 0.0 0.0 0.0 0.0 0.0 0.0 0.0 0.0 0.0 0.0 0.0 0.0 0.0 0.0 0.0 0.0 0.0 0.0 0.0 0.0 0.0 0.0 0.0 0.0 0.0 0.0 0.0 0.0 0.0 0.0 0.0 0.0 0.0 0.0 0.0 0.0 0.0 0.0 0.0 0.0 0.0 0.0 0.0 0.0 0.0 0.0 0.0 0.0 0.0 0.0 0.0 0.0 0.0 0.0 0.0 0.0 0.0 0.0 0.0 0.0 0.0 0.0 0.0 0.0 0.0 0.0 0.0 0.0 0.0 0.0 0.0 0.0 0.0 0.0 0.0 0.0 0.0 0.0 0.0 0.0 0.0 0.0 0.0 0.0 0.0 0.0 0.0 0.001 0.001 0.001 0.001 0.001 0.001 0.001 0.001 0.001 0.001 0.001 0.001 0.001 0.001 0.001 0.001 0.002 0.002 0.002 0.002 0.003 0.003 0.003 0.003 0.004 0.004 0.004 0.004 0.005 0.007 0.008 0.01 0.013 0.015 0.016 0.017 0.018 0.018 0.019 0.02 0.021 0.022 0.022 0.023 0.024 0.025 0.026 0.027
0.0 0.0 0.0 0.0 0.0 0.0 0.0 0.0 0.0 0.0 0.0 0.0 0.0 0.0 0.0 0.0 0.0 0.0 0.0 0.0 0.0 0.0 0.0 0.0 0.0 0.0 0.0 0.0 0.0 0.0 0.0 0.0 0.0 0.0 0.0 0.0 0.0 0.0 0.0 0.0 0.0 0.0 0.0 0.0 0.0 0.0 0.0 0.0 0.0 0.0 0.0 0.0 0.0 0.0 0.0 0.0 0.0 0.0 0.0 0.0 0.0 0.0 0.0 0.0 0.0 0.0 0.0 0.0 0.0 0.0 0.0 0.0 0.0 0.0 0.0 0.0 0.0 0.0 0.0 0.0 0.0 0.0 0.0 0.0 0.0 0.0 0.0 0.0 0.001 0.001 0.001 0.001 0.001 0.001 0.001 0.001 0.001 0.001 0.001 0.001 0.001 0.001 0.001 0.001 0.002 0.002 0.002 0.002 0.003 0.003 0.003 0.004 0.004 0.004 0.004 0.005 0.006 0.007 0.009 0.011 0.014 0.017 0.019 0.019 0.02 0.021 0.022 0.023 0.023 0.024 0.025 0.026 0.026 0.027 0.028 0.029
0.0 0.0 0.0 0.0 0.0 0.0 0.0 0.0 0.0 0.0 0.0 0.0 0.0 0.0 0.0 0.0 0.0 0.0 0.0 0.0 0.0 0.0 0.0 0.0 0.0 0.0 0.0 0.0 0.0 0.0 0.0 0.0 0.0 0.0 0.0 0.0 0.0 0.0 0.0 0.0 0.0 0.0 0.0 0.0 0.0 0.0 0.0 0.0 0.0 0.0 0.0 0.0 0.0 0.0 0.0 0.0 0.0 0.0 0.0 0.0 0.0 0.0 0.0 0.0 0.0 0.0 0.0 0.0 0.0 0.0 0.0 0.0 0.0 0.0 0.0 0.0 0.0 0.0 0.0 0.0 0.0 0.0 0.0 0.0 0.0 0.0 0.0 0.0 0.001 0.001 0.001 0.001 0.001 0.001 0.001 0.001 0.001 0.001 0.001 0.001 0.001 0.001 0.001 0.002 0.002 0.002 0.002 0.003 0.003 0.003 0.003 0.004 0.004 0.004 0.005 0.006 0.007 0.008 0.01 0.012 0.015 0.018 0.02 0.022 0.023 0.023 0.024 0.025 0.026 0.027 0.027 0.028 0.029 0.03 0.031 0.032
0.0 0.0 0.0 0.0 0.0 0.0 0.0 0.0 0.0 0.0 0.0 0.0 0.0 0.0 0.0 0.0 0.0 0.0 0.0 0.0 0.0 0.0 0.0 0.0 0.0 0.0 0.0 0.0 0.0 0.0 0.0 0.0 0.0 0.0 0.0 0.0 0.0 0.0 0.0 0.0 0.0 0.0 0.0 0.0 0.0 0.0 0.0 0.0 0.0 0.0 0.0 0.0 0.0 0.0 0.0 0.0 0.0 0.0 0.0 0.0 0.0 0.0 0.0 0.0 0.0 0.0 0.0 0.0 0.0 0.0 0.0 0.0 0.0 0.0 0.0 0.0 0.0 0.0 0.0 0.0 0.0 0.0 0.0 0.0 0.0 0.0 0.0 0.0 0.001 0.001 0.001 0.001 0.001 0.001 0.001 0.001 0.001 0.001 0.001 0.001 0.001 0.001 0.001 0.002 0.002 0.002 0.002 0.003 0.003 0.003 0.004 0.004 0.004 0.004 0.006 0.007 0.008 0.009 0.011 0.013 0.016 0.019 0.021 0.024 0.025 0.026 0.027 0.028 0.028 0.029 0.03 0.031 0.032 0.032 0.033 0.034
0.0 0.0 0.0 0.0 0.0 0.0 0.0 0.0 0.0 0.0 0.0 0.0 0.0 0.0 0.0 0.0 0.0 0.0 0.0 0.0 0.0 0.0 0.0 0.0 0.0 0.0 0.0 0.0 0.0 0.0 0.0 0.0 0.0 0.0 0.0 0.0 0.0 0.0 0.0 0.0 0.0 0.0 0.0 0.0 0.0 0.0 0.0 0.0 0.0 0.0 0.0 0.0 0.0 0.0 0.0 0.0 0.0 0.0 0.0 0.0 0.0 0.0 0.0 0.0 0.0 0.0 0.0 0.0 0.0 0.0 0.0 0.0 0.0 0.0 0.0 0.0 0.0 0.0 0.0 0.0 0.0 0.0 0.0 0.0 0.0 0.0 0.0 0.0 0.001 0.001 0.001 0.001 0.001 0.001 0.001 0.001 0.001 0.001 0.001 0.001 0.001 0.001 0.002 0.002 0.002 0.002 0.003 0.003 0.003 0.003 0.004 0.004 0.004 0.005 0.007 0.008 0.009 0.01 0.012 0.014 0.017 0.02 0.022 0.025 0.028 0.029 0.029 0.03 0.031 0.032 0.032 0.033 0.034 0.035 0.036 0.037
0.0 0.0 0.0 0.0 0.0 0.0 0.0 0.0 0.0 0.0 0.0 0.0 0.0 0.0 0.0 0.0 0.0 0.0 0.0 0.0 0.0 0.0 0.0 0.0 0.0 0.0 0.0 0.0 0.0 0.0 0.0 0.0 0.0 0.0 0.0 0.0 0.0 0.0 0.0 0.0 0.0 0.0 0.0 0.0 0.0 0.0 0.0 0.0 0.0 0.0 0.0 0.0 0.0 0.0 0.0 0.0 0.0 0.0 0.0 0.0 0.0 0.0 0.0 0.0 0.0 0.0 0.0 0.0 0.0 0.0 0.0 0.0 0.0 0.0 0.0 0.0 0.0 0.0 0.0 0.0 0.0 0.0 0.0 0.0 0.0 0.0 0.0 0.001 0.001 0.001 0.001 0.001 0.001 0.001 0.001 0.001 0.001 0.001 0.002 0.002 0.002 0.002 0.002 0.002 0.002 0.002 0.003 0.003 0.003 0.004 0.004 0.004 0.005 0.006 0.008 0.009 0.01 0.011 0.013 0.015 0.018 0.021 0.023 0.026 0.029 0.031 0.032 0.033 0.033 0.034 0.035 0.036 0.037 0.037 0.038 0.039
0.0 0.0 0.0 0.0 0.0 0.0 0.0 0.0 0.0 0.0 0.0 0.0 0.0 0.0 0.0 0.0 0.0 0.0 0.0 0.0 0.0 0.0 0.0 0.0 0.0 0.0 0.0 0.0 0.0 0.0 0.0 0.0 0.0 0.0 0.0 0.0 0.0 0.0 0.0 0.0 0.0 0.0 0.0 0.0 0.0 0.0 0.0 0.0 0.0 0.0 0.0 0.0 0.0 0.0 0.0 0.0 0.0 0.0 0.0 0.0 0.0 0.0 0.0 0.0 0.0 0.0 0.0 0.0 0.0 0.0 0.0 0.0 0.0 0.0 0.0 0.0 0.0 0.0 0.0 0.0 0.0 0.0 0.0 0.0 0.0 0.0 0.0 0.001 0.001 0.001 0.001 0.001 0.001 0.002 0.002 0.002 0.002 0.002 0.002 0.002 0.002 0.002 0.002 0.002 0.002 0.003 0.003 0.003 0.003 0.004 0.004 0.005 0.006 0.007 0.009 0.01 0.011 0.012 0.014 0.016 0.019 0.022 0.024 0.027 0.03 0.032 0.034 0.035 0.036 0.037 0.038 0.038 0.039 0.04 0.041 0.042
0.0 0.0 0.0 0.0 0.0 0.0 0.0 0.0 0.0 0.0 0.0 0.0 0.0 0.0 0.0 0.0 0.0 0.0 0.0 0.0 0.0 0.0 0.0 0.0 0.0 0.0 0.0 0.0 0.0 0.0 0.0 0.0 0.0 0.0 0.0 0.0 0.0 0.0 0.0 0.0 0.0 0.0 0.0 0.0 0.0 0.0 0.0 0.0 0.0 0.0 0.0 0.0 0.0 0.0 0.0 0.0 0.0 0.0 0.0 0.0 0.0 0.0 0.0 0.0 0.0 0.0 0.0 0.0 0.0 0.0 0.0 0.0 0.0 0.0 0.0 0.0 0.0 0.0 0.0 0.0 0.0 0.0 0.0 0.0 0.0 0.0 0.0 0.001 0.001 0.001 0.001 0.001 0.001 0.002 0.002 0.002 0.002 0.002 0.002 0.002 0.002 0.002 0.002 0.002 0.003 0.003 0.003 0.003 0.004 0.004 0.005 0.006 0.007 0.008 0.01 0.011 0.012 0.013 0.015 0.017 0.02 0.023 0.025 0.028 0.031 0.033 0.036 0.038 0.038 0.039 0.04 0.041 0.042 0.042 0.043 0.045
0.0 0.0 0.0 0.0 0.0 0.0 0.0 0.0 0.0 0.0 0.0 0.0 0.0 0.0 0.0 0.0 0.0 0.0 0.0 0.0 0.0 0.0 0.0 0.0 0.0 0.0 0.0 0.0 0.0 0.0 0.0 0.0 0.0 0.0 0.0 0.0 0.0 0.0 0.0 0.0 0.0 0.0 0.0 0.0 0.0 0.0 0.0 0.0 0.0 0.0 0.0 0.0 0.0 0.0 0.0 0.0 0.0 0.0 0.0 0.0 0.0 0.0 0.0 0.0 0.0 0.0 0.0 0.0 0.0 0.0 0.0 0.0 0.0 0.0 0.0 0.0 0.0 0.0 0.0 0.0 0.0 0.0 0.0 0.0 0.0 0.0 0.0 0.001 0.001 0.001 0.001 0.001 0.001 0.002 0.002 0.002 0.002 0.002 0.002 0.002 0.002 0.002 0.002 0.002 0.003 0.003 0.003 0.003 0.004 0.004 0.006 0.007 0.008 0.009 0.011 0.012 0.013 0.014 0.016 0.018 0.021 0.024 0.026 0.029 0.032 0.034 0.037 0.04 0.041 0.042 0.043 0.043 0.044 0.045 0.046 0.047
0.0 0.0 0.0 0.0 0.0 0.0 0.0 0.0 0.0 0.0 0.0 0.0 0.0 0.0 0.0 0.0 0.0 0.0 0.0 0.0 0.0 0.0 0.0 0.0 0.0 0.0 0.0 0.0 0.0 0.0 0.0 0.0 0.0 0.0 0.0 0.0 0.0 0.0 0.0 0.0 0.0 0.0 0.0 0.0 0.0 0.0 0.0 0.0 0.0 0.0 0.0 0.0 0.0 0.0 0.0 0.0 0.0 0.0 0.0 0.0 0.0 0.0 0.0 0.0 0.0 0.0 0.0 0.0 0.0 0.0 0.0 0.0 0.0 0.0 0.0 0.0 0.0 0.0 0.0 0.0 0.0 0.0 0.0 0.0 0.0 0.0 0.0 0.001 0.001 0.001 0.001 0.001 0.001 0.002 0.002 0.002 0.002 0.002 0.002 0.002 0.002 0.002 0.002 0.003 0.003 0.003 0.003 0.004 0.004 0.005 0.007 0.008 0.009 0.01 0.012 0.013 0.014 0.015 0.017 0.019 0.022 0.025 0.027 0.03 0.033 0.035 0.038 0.041 0.044 0.044 0.045 0.046 0.047 0.047 0.048 0.05
0.0 0.0 0.0 0.0 0.0 0.0 0.0 0.0 0.0 0.0 0.0 0.0 0.0 0.0 0.0 0.0 0.0 0.0 0.0 0.0 0.0 0.0 0.0 0.0 0.0 0.0 0.0 0.0 0.0 0.0 0.0 0.0 0.0 0.0 0.0 0.0 0.0 0.0 0.0 0.0 0.0 0.0 0.0 0.0 0.0 0.0 0.0 0.0 0.0 0.0 0.0 0.0 0.0 0.0 0.0 0.0 0.0 0.0 0.0 0.0 0.0 0.0 0.0 0.0 0.0 0.0 0.0 0.0 0.0 0.0 0.0 0.0 0.0 0.0 0.0 0.0 0.0 0.0 0.0 0.0 0.0 0.0 0.0 0.0 0.0 0.0 0.0 0.001 0.001 0.001 0.001 0.001 0.001 0.002 0.002 0.002 0.002 0.002 0.002 0.002 0.002 0.002 0.002 0.003 0.003 0.003 0.003 0.004 0.005 0.006 0.008 0.009 0.01 0.011 0.013 0.014 0.015 0.016 0.018 0.02 0.023 0.026 0.028 0.031 0.034 0.036 0.039 0.042 0.045 0.047 0.048 0.048 0.049 0.05 0.051 0.052
0.0 0.0 0.0 0.0 0.0 0.0 0.0 0.0 0.0 0.0 0.0 0.0 0.0 0.0 0.0 0.0 0.0 0.0 0.0 0.0 0.0 0.0 0.0 0.0 0.0 0.0 0.0 0.0 0.0 0.0 0.0 0.0 0.0 0.0 0.0 0.0 0.0 0.0 0.0 0.0 0.0 0.0 0.0 0.0 0.0 0.0 0.0 0.0 0.0 0.0 0.0 0.0 0.0 0.0 0.0 0.0 0.0 0.0 0.0 0.0 0.0 0.0 0.0 0.0 0.0 0.0 0.0 0.0 0.0 0.0 0.0 0.0 0.0 0.0 0.0 0.0 0.0 0.0 0.0 0.0 0.0 0.0 0.0 0.0 0.0 0.0 0.0 0.001 0.001 0.001 0.001 0.001 0.001 0.002 0.002 0.002 0.002 0.002 0.002 0.002 0.002 0.002 0.003 0.003 0.003 0.003 0.004 0.005 0.006 0.007 0.009 0.01 0.011 0.012 0.014 0.015 0.016 0.017 0.019 0.021 0.024 0.027 0.029 0.032 0.035 0.037 0.04 0.043 0.046 0.048 0.05 0.051 0.052 0.053 0.053 0.055
0.0 0.0 0.0 0.0 0.0 0.0 0.0 0.0 0.0 0.0 0.0 0.0 0.0 0.0 0.0 0.0 0.0 0.0 0.0 0.0 0.0 0.0 0.0 0.0 0.0 0.0 0.0 0.0 0.0 0.0 0.0 0.0 0.0 0.0 0.0 0.0 0.0 0.0 0.0 0.0 0.0 0.0 0.0 0.0 0.0 0.0 0.0 0.0 0.0 0.0 0.0 0.0 0.0 0.0 0.0 0.0 0.0 0.0 0.0 0.0 0.0 0.0 0.0 0.0 0.0 0.0 0.0 0.0 0.0 0.0 0.0 0.0 0.0 0.0 0.0 0.0 0.0 0.0 0.0 0.0 0.0 0.0 0.0 0.0 0.0 0.0 0.001 0.001 0.001 0.001 0.001 0.001 0.001 0.002 0.002 0.002 0.002 0.002 0.002 0.002 0.003 0.003 0.003 0.003 0.003 0.003 0.005 0.006 0.007 0.008 0.01 0.011 0.012 0.013 0.015 0.016 0.017 0.018 0.02 0.022 0.025 0.028 0.03 0.033 0.036 0.039 0.041 0.044 0.047 0.049 0.052 0.053 0.054 0.055 0.056 0.057
0.0 0.0 0.0 0.0 0.0 0.0 0.0 0.0 0.0 0.0 0.0 0.0 0.0 0.0 0.0 0.0 0.0 0.0 0.0 0.0 0.0 0.0 0.0 0.0 0.0 0.0 0.0 0.0 0.0 0.0 0.0 0.0 0.0 0.0 0.0 0.0 0.0 0.0 0.0 0.0 0.0 0.0 0.0 0.0 0.0 0.0 0.0 0.0 0.0 0.0 0.0 0.0 0.0 0.0 0.0 0.0 0.0 0.0 0.0 0.0 0.0 0.0 0.0 0.0 0.0 0.0 0.0 0.0 0.0 0.0 0.0 0.0 0.0 0.0 0.0 0.0 0.0 0.0 0.0 0.0 0.0 0.0 0.0 0.0 0.0 0.0 0.001 0.001 0.001 0.001 0.001 0.001 0.002 0.002 0.002 0.002 0.002 0.002 0.002 0.003 0.003 0.003 0.003 0.003 0.003 0.004 0.006 0.007 0.008 0.009 0.011 0.012 0.013 0.014 0.015 0.017 0.018 0.019 0.021 0.023 0.026 0.029 0.031 0.034 0.037 0.04 0.042 0.045 0.048 0.05 0.053 0.056 0.057 0.058 0.058 0.06
0.0 0.0 0.0 0.0 0.0 0.0 0.0 0.0 0.0 0.0 0.0 0.0 0.0 0.0 0.0 0.0 0.0 0.0 0.0 0.0 0.0 0.0 0.0 0.0 0.0 0.0 0.0 0.0 0.0 0.0 0.0 0.0 0.0 0.0 0.0 0.0 0.0 0.0 0.0 0.0 0.0 0.0 0.0 0.0 0.0 0.0 0.0 0.0 0.0 0.0 0.0 0.0 0.0 0.0 0.0 0.0 0.0 0.0 0.0 0.0 0.0 0.0 0.0 0.0 0.0 0.0 0.0 0.0 0.0 0.0 0.0 0.0 0.0 0.0 0.0 0.0 0.0 0.0 0.0 0.0 0.0 0.0 0.0 0.0 0.0 0.0 0.001 0.001 0.001 0.001 0.001 0.001 0.002 0.002 0.002 0.002 0.002 0.002 0.003 0.003 0.003 0.003 0.003 0.003 0.004 0.005 0.006 0.008 0.009 0.01 0.011 0.013 0.014 0.015 0.016 0.018 0.019 0.02 0.022 0.024 0.027 0.03 0.032 0.035 0.038 0.041 0.043 0.046 0.049 0.051 0.054 0.057 0.059 0.06 0.061 0.062
0.0 0.0 0.0 0.0 0.0 0.0 0.0 0.0 0.0 0.0 0.0 0.0 0.0 0.0 0.0 0.0 0.0 0.0 0.0 0.0 0.0 0.0 0.0 0.0 0.0 0.0 0.0 0.0 0.0 0.0 0.0 0.0 0.0 0.0 0.0 0.0 0.0 0.0 0.0 0.0 0.0 0.0 0.0 0.0 0.0 0.0 0.0 0.0 0.0 0.0 0.0 0.0 0.0 0.0 0.0 0.0 0.0 0.0 0.0 0.0 0.0 0.0 0.0 0.0 0.0 0.0 0.0 0.0 0.0 0.0 0.0 0.0 0.0 0.0 0.0 0.0 0.0 0.0 0.0 0.0 0.0 0.0 0.0 0.0 0.0 0.0 0.001 0.001 0.001 0.001 0.001 0.001 0.002 0.002 0.002 0.002 0.002 0.002 0.003 0.003 0.003 0.003 0.003 0.004 0.005 0.006 0.007 0.009 0.01 0.011 0.012 0.014 0.015 0.016 0.017 0.019 0.02 0.021 0.023 0.025 0.028 0.031 0.033 0.036 0.039 0.042 0.044 0.047 0.05 0.052 0.055 0.058 0.06 0.063 0.063 0.065
0.0 0.0 0.0 0.0 0.0 0.0 0.0 0.0 0.0 0.0 0.0 0.0 0.0 0.0 0.0 0.0 0.0 0.0 0.0 0.0 0.0 0.0 0.0 0.0 0.0 0.0 0.0 0.0 0.0 0.0 0.0 0.0 0.0 0.0 0.0 0.0 0.0 0.0 0.0 0.0 0.0 0.0 0.0 0.0 0.0 0.0 0.0 0.0 0.0 0.0 0.0 0.0 0.0 0.0 0.0 0.0 0.0 0.0 0.0 0.0 0.0 0.0 0.0 0.0 0.0 0.0 0.0 0.0 0.0 0.0 0.0 0.0 0.0 0.0 0.0 0.0 0.0 0.0 0.0 0.0 0.0 0.0 0.0 0.0 0.0 0.0 0.001 0.001 0.001 0.001 0.001 0.001 0.002 0.002 0.002 0.002 0.002 0.002 0.003 0.003 0.003 0.003 0.003 0.005 0.006 0.007 0.008 0.01 0.011 0.012 0.013 0.015 0.016 0.017 0.018 0.02 0.021 0.022 0.024 0.026 0.029 0.032 0.034 0.037 0.04 0.043 0.045 0.048 0.051 0.053 0.056 0.059 0.061 0.064 0.066 0.067
0.0 0.0 0.0 0.0 0.0 0.0 0.0 0.0 0.0 0.0 0.0 0.0 0.0 0.0 0.0 0.0 0.0 0.0 0.0 0.0 0.0 0.0 0.0 0.0 0.0 0.0 0.0 0.0 0.0 0.0 0.0 0.0 0.0 0.0 0.0 0.0 0.0 0.0 0.0 0.0 0.0 0.0 0.0 0.0 0.0 0.0 0.0 0.0 0.0 0.0 0.0 0.0 0.0 0.0 0.0 0.0 0.0 0.0 0.0 0.0 0.0 0.0 0.0 0.0 0.0 0.0 0.0 0.0 0.0 0.0 0.0 0.0 0.0 0.0 0.0 0.0 0.0 0.0 0.0 0.0 0.0 0.0 0.0 0.0 0.0 0.0 0.001 0.001 0.001 0.001 0.001 0.002 0.002 0.002 0.002 0.002 0.002 0.003 0.003 0.003 0.003 0.003 0.004 0.005 0.006 0.008 0.009 0.01 0.011 0.013 0.014 0.015 0.016 0.018 0.019 0.02 0.021 0.023 0.024 0.027 0.03 0.032 0.035 0.038 0.041 0.043 0.046 0.049 0.051 0.054 0.057 0.06 0.062 0.065 0.068 0.069
0.0 0.0 0.0 0.0 0.0 0.0 0.0 0.0 0.0 0.0 0.0 0.0 0.0 0.0 0.0 0.0 0.0 0.0 0.0 0.0 0.0 0.0 0.0 0.0 0.0 0.0 0.0 0.0 0.0 0.0 0.0 0.0 0.0 0.0 0.0 0.0 0.0 0.0 0.0 0.0 0.0 0.0 0.0 0.0 0.0 0.0 0.0 0.0 0.0 0.0 0.0 0.0 0.0 0.0 0.0 0.0 0.0 0.0 0.0 0.0 0.0 0.0 0.0 0.0 0.0 0.0 0.0 0.0 0.0 0.0 0.0 0.0 0.0 0.0 0.0 0.0 0.0 0.0 0.0 0.0 0.0 0.0 0.0 0.0 0.0 0.0 0.001 0.001 0.001 0.001 0.002 0.002 0.002 0.002 0.002 0.002 0.003 0.003 0.003 0.003 0.003 0.003 0.004 0.005 0.006 0.007 0.009 0.01 0.011 0.012 0.014 0.015 0.016 0.017 0.019 0.02 0.021 0.023 0.024 0.027 0.029 0.032 0.035 0.038 0.04 0.043 0.046 0.049 0.051 0.054 0.057 0.059 0.062 0.065 0.067 0.067
0.0 0.0 0.0 0.0 0.0 0.0 0.0 0.0 0.0 0.0 0.0 0.0 0.0 0.0 0.0 0.0 0.0 0.0 0.0 0.0 0.0 0.0 0.0 0.0 0.0 0.0 0.0 0.0 0.0 0.0 0.0 0.0 0.0 0.0 0.0 0.0 0.0 0.0 0.0 0.0 0.0 0.0 0.0 0.0 0.0 0.0 0.0 0.0 0.0 0.0 0.0 0.0 0.0 0.0 0.0 0.0 0.0 0.0 0.0 0.0 0.0 0.0 0.0 0.0 0.0 0.0 0.0 0.0 0.0 0.0 0.0 0.0 0.0 0.0 0.0 0.0 0.0 0.0 0.0 0.0 0.0 0.0 0.0 0.0 0.0 0.0 0.001 0.001 0.001 0.002 0.002 0.002 0.002 0.002 0.002 0.002 0.003 0.003 0.003 0.003 0.003 0.003 0.004 0.005 0.006 0.007 0.008 0.01 0.011 0.012 0.013 0.015 0.016 0.017 0.018 0.02 0.021 0.022 0.024 0.027 0.029 0.032 0.035 0.037 0.04 0.043 0.046 0.048 0.051 0.054 0.056 0.059 0.062 0.064 0.065 0.066
0.0 0.0 0.0 0.0 0.0 0.0 0.0 0.0 0.0 0.0 0.0 0.0 0.0 0.0 0.0 0.0 0.0 0.0 0.0 0.0 0.0 0.0 0.0 0.0 0.0 0.0 0.0 0.0 0.0 0.0 0.0 0.0 0.0 0.0 0.0 0.0 0.0 0.0 0.0 0.0 0.0 0.0 0.0 0.0 0.0 0.0 0.0 0.0 0.0 0.0 0.0 0.0 0.0 0.0 0.0 0.0 0.0 0.0 0.0 0.0 0.0 0.0 0.0 0.0 0.0 0.0 0.0 0.0 0.0 0.0 0.0 0.0 0.0 0.0 0.0 0.0 0.0 0.0 0.0 0.0 0.0 0.0 0.0 0.0 0.0 0.001 0.001 0.001 0.001 0.002 0.002 0.002 0.002 0.002 0.002 0.003 0.003 0.003 0.003 0.003 0.003 0.004 0.004 0.005 0.006 0.007 0.008 0.009 0.011 0.012 0.013 0.014 0.016 0.017 0.018 0.02 0.021 0.022 0.024 0.026 0.029 0.032 0.034 0.037 0.04 0.043 0.045 0.048 0.051 0.054 0.056 0.059 0.061 0.062 0.063 0.064
0.0 0.0 0.0 0.0 0.0 0.0 0.0 0.0 0.0 0.0 0.0 0.0 0.0 0.0 0.0 0.0 0.0 0.0 0.0 0.0 0.0 0.0 0.0 0.0 0.0 0.0 0.0 0.0 0.0 0.0 0.0 0.0 0.0 0.0 0.0 0.0 0.0 0.0 0.0 0.0 0.0 0.0 0.0 0.0 0.0 0.0 0.0 0.0 0.0 0.0 0.0 0.0 0.0 0.0 0.0 0.0 0.0 0.0 0.0 0.0 0.0 0.0 0.0 0.0 0.0 0.0 0.0 0.0 0.0 0.0 0.0 0.0 0.0 0.0 0.0 0.0 0.0 0.0 0.0 0.0 0.0 0.0 0.0 0.0 0.0 0.001 0.001 0.001 0.002 0.002 0.002 0.002 0.002 0.002 0.003 0.003 0.003 0.003 0.003 0.003 0.004 0.004 0.004 0.005 0.006 0.007 0.008 0.009 0.01 0.012 0.013 0.014 0.015 0.017 0.018 0.019 0.021 0.022 0.023 0.026 0.029 0.032 0.034 0.037 0.04 0.042 0.045 0.048 0.051 0.053 0.056 0.059 0.06 0.061 0.062 0.062
0.0 0.0 0.0 0.0 0.0 0.0 0.0 0.0 0.0 0.0 0.0 0.0 0.0 0.0 0.0 0.0 0.0 0.0 0.0 0.0 0.0 0.0 0.0 0.0 0.0 0.0 0.0 0.0 0.0 0.0 0.0 0.0 0.0 0.0 0.0 0.0 0.0 0.0 0.0 0.0 0.0 0.0 0.0 0.0 0.0 0.0 0.0 0.0 0.0 0.0 0.0 0.0 0.0 0.0 0.0 0.0 0.0 0.0 0.0 0.0 0.0 0.0 0.0 0.0 0.0 0.0 0.0 0.0 0.0 0.0 0.0 0.0 0.0 0.0 0.0 0.0 0.0 0.0 0.0 0.0 0.0 0.0 0.0 0.0 0.0 0.001 0.001 0.001 0.002 0.002 0.002 0.002 0.002 0.003 0.003 0.003 0.003 0.003 0.003 0.004 0.004 0.004 0.004 0.005 0.006 0.007 0.008 0.009 0.01 0.011 0.013 0.014 0.015 0.017 0.018 0.019 0.02 0.022 0.023 0.026 0.029 0.031 0.034 0.037 0.04 0.042 0.045 0.048 0.05 0.053 0.056 0.057 0.058 0.059 0.06 0.061
0.0 0.0 0.0 0.0 0.0 0.0 0.0 0.0 0.0 0.0 0.0 0.0 0.0 0.0 0.0 0.0 0.0 0.0 0.0 0.0 0.0 0.0 0.0 0.0 0.0 0.0 0.0 0.0 0.0 0.0 0.0 0.0 0.0 0.0 0.0 0.0 0.0 0.0 0.0 0.0 0.0 0.0 0.0 0.0 0.0 0.0 0.0 0.0 0.0 0.0 0.0 0.0 0.0 0.0 0.0 0.0 0.0 0.0 0.0 0.0 0.0 0.0 0.0 0.0 0.0 0.0 0.0 0.0 0.0 0.0 0.0 0.0 0.0 0.0 0.0 0.0 0.0 0.0 0.0 0.0 0.0 0.0 0.0 0.0 0.0 0.001 0.001 0.001 0.002 0.002 0.002 0.002 0.003 0.003 0.003 0.003 0.003 0.003 0.004 0.004 0.004 0.004 0.005 0.005 0.006 0.007 0.008 0.009 0.01 0.011 0.012 0.014 0.015 0.016 0.018 0.019 0.02 0.021 0.023 0.026 0.028 0.031 0.034 0.037 0.039 0.042 0.045 0.047 0.05 0.053 0.054 0.055 0.056 0.057 0.058 0.059
0.0 0.0 0.0 0.0 0.0 0.0 0.0 0.0 0.0 0.0 0.0 0.0 0.0 0.0 0.0 0.0 0.0 0.0 0.0 0.0 0.0 0.0 0.0 0.0 0.0 0.0 0.0 0.0 0.0 0.0 0.0 0.0 0.0 0.0 0.0 0.0 0.0 0.0 0.0 0.0 0.0 0.0 0.0 0.0 0.0 0.0 0.0 0.0 0.0 0.0 0.0 0.0 0.0 0.0 0.0 0.0 0.0 0.0 0.0 0.0 0.0 0.0 0.0 0.0 0.0 0.0 0.0 0.0 0.0 0.0 0.0 0.0 0.0 0.0 0.0 0.0 0.0 0.0 0.0 0.0 0.0 0.0 0.0 0.0 0.0 0.001 0.001 0.001 0.002 0.002 0.002 0.003 0.003 0.003 0.003 0.003 0.003 0.004 0.004 0.004 0.004 0.004 0.005 0.006 0.006 0.007 0.008 0.009 0.01 0.011 0.012 0.014 0.015 0.016 0.017 0.019 0.02 0.021 0.023 0.026 0.028 0.031 0.034 0.036 0.039 0.042 0.045 0.047 0.05 0.052 0.053 0.053 0.054 0.055 0.056 0.057
0.0 0.0 0.0 0.0 0.0 0.0 0.0 0.0 0.0 0.0 0.0 0.0 0.0 0.0 0.0 0.0 0.0 0.0 0.0 0.0 0.0 0.0 0.0 0.0 0.0 0.0 0.0 0.0 0.0 0.0 0.0 0.0 0.0 0.0 0.0 0.0 0.0 0.0 0.0 0.0 0.0 0.0 0.0 0.0 0.0 0.0 0.0 0.0 0.0 0.0 0.0 0.0 0.0 0.0 0.0 0.0 0.0 0.0 0.0 0.0 0.0 0.0 0.0 0.0 0.0 0.0 0.0 0.0 0.0 0.0 0.0 0.0 0.0 0.0 0.0 0.0 0.0 0.0 0.0 0.0 0.0 0.0 0.0 0.0 0.0 0.001 0.001 0.001 0.002 0.002 0.002 0.003 0.003 0.003 0.003 0.003 0.004 0.004 0.004 0.004 0.004 0.004 0.005 0.006 0.006 0.007 0.008 0.009 0.01 0.011 0.012 0.013 0.015 0.016 0.017 0.018 0.02 0.021 0.023 0.025 0.028 0.031 0.033 0.036 0.039 0.042 0.044 0.047 0.049 0.05 0.051 0.052 0.053 0.054 0.055 0.055
0.0 0.0 0.0 0.0 0.0 0.0 0.0 0.0 0.0 0.0 0.0 0.0 0.0 0.0 0.0 0.0 0.0 0.0 0.0 0.0 0.0 0.0 0.0 0.0 0.0 0.0 0.0 0.0 0.0 0.0 0.0 0.0 0.0 0.0 0.0 0.0 0.0 0.0 0.0 0.0 0.0 0.0 0.0 0.0 0.0 0.0 0.0 0.0 0.0 0.0 0.0 0.0 0.0 0.0 0.0 0.0 0.0 0.0 0.0 0.0 0.0 0.0 0.0 0.0 0.0 0.0 0.0 0.0 0.0 0.0 0.0 0.0 0.0 0.0 0.0 0.0 0.0 0.0 0.0 0.0 0.0 0.0 0.0 0.0 0.0 0.001 0.001 0.001 0.002 0.002 0.002 0.003 0.003 0.003 0.003 0.003 0.004 0.004 0.004 0.004 0.004 0.004 0.005 0.006 0.007 0.007 0.008 0.009 0.01 0.011 0.012 0.013 0.014 0.016 0.017 0.018 0.019 0.021 0.022 0.025 0.028 0.031 0.033 0.036 0.039 0.041 0.044 0.046 0.047 0.048 0.049 0.05 0.051 0.052 0.053 0.054
0.0 0.0 0.0 0.0 0.0 0.0 0.0 0.0 0.0 0.0 0.0 0.0 0.0 0.0 0.0 0.0 0.0 0.0 0.0 0.0 0.0 0.0 0.0 0.0 0.0 0.0 0.0 0.0 0.0 0.0 0.0 0.0 0.0 0.0 0.0 0.0 0.0 0.0 0.0 0.0 0.0 0.0 0.0 0.0 0.0 0.0 0.0 0.0 0.0 0.0 0.0 0.0 0.0 0.0 0.0 0.0 0.0 0.0 0.0 0.0 0.0 0.0 0.0 0.0 0.0 0.0 0.0 0.0 0.0 0.0 0.0 0.0 0.0 0.0 0.0 0.0 0.0 0.0 0.0 0.0 0.0 0.0 0.0 0.0 0.0 0.001 0.001 0.001 0.002 0.002 0.002 0.003 0.003 0.003 0.003 0.004 0.004 0.004 0.004 0.004 0.004 0.005 0.005 0.006 0.007 0.008 0.008 0.009 0.01 0.011 0.012 0.013 0.014 0.015 0.017 0.018 0.019 0.02 0.022 0.025 0.028 0.03 0.033 0.036 0.039 0.041 0.043 0.044 0.045 0.046 0.047 0.048 0.049 0.05 0.051 0.052
0.0 0.0 0.0 0.0 0.0 0.0 0.0 0.0 0.0 0.0 0.0 0.0 0.0 0.0 0.0 0.0 0.0 0.0 0.0 0.0 0.0 0.0 0.0 0.0 0.0 0.0 0.0 0.0 0.0 0.0 0.0 0.0 0.0 0.0 0.0 0.0 0.0 0.0 0.0 0.0 0.0 0.0 0.0 0.0 0.0 0.0 0.0 0.0 0.0 0.0 0.0 0.0 0.0 0.0 0.0 0.0 0.0 0.0 0.0 0.0 0.0 0.0 0.0 0.0 0.0 0.0 0.0 0.0 0.0 0.0 0.0 0.0 0.0 0.0 0.0 0.0 0.0 0.0 0.0 0.0 0.0 0.0 0.0 0.0 0.0 0.001 0.001 0.001 0.002 0.002 0.002 0.003 0.003 0.003 0.004 0.004 0.004 0.004 0.004 0.004 0.005 0.005 0.005 0.006 0.007 0.008 0.009 0.009 0.01 0.011 0.012 0.013 0.014 0.015 0.016 0.018 0.019 0.02 0.022 0.025 0.027 0.03 0.033 0.036 0.038 0.041 0.042 0.043 0.044 0.045 0.046 0.047 0.048 0.049 0.05 0.05
0.0 0.0 0.0 0.0 0.0 0.0 0.0 0.0 0.0 0.0 0.0 0.0 0.0 0.0 0.0 0.0 0.0 0.0 0.0 0.0 0.0 0.0 0.0 0.0 0.0 0.0 0.0 0.0 0.0 0.0 0.0 0.0 0.0 0.0 0.0 0.0 0.0 0.0 0.0 0.0 0.0 0.0 0.0 0.0 0.0 0.0 0.0 0.0 0.0 0.0 0.0 0.0 0.0 0.0 0.0 0.0 0.0 0.0 0.0 0.0 0.0 0.0 0.0 0.0 0.0 0.0 0.0 0.0 0.0 0.0 0.0 0.0 0.0 0.0 0.0 0.0 0.0 0.0 0.0 0.0 0.0 0.0 0.0 0.0 0.0 0.001 0.001 0.001 0.002 0.002 0.002 0.003 0.003 0.003 0.004 0.004 0.004 0.004 0.004 0.005 0.005 0.005 0.006 0.006 0.007 0.008 0.009 0.009 0.01 0.011 0.012 0.013 0.014 0.015 0.016 0.017 0.019 0.02 0.022 0.024 0.027 0.03 0.033 0.035 0.038 0.039 0.04 0.041 0.042 0.043 0.044 0.045 0.046 0.047 0.048 0.049
0.0 0.0 0.0 0.0 0.0 0.0 0.0 0.0 0.0 0.0 0.0 0.0 0.0 0.0 0.0 0.0 0.0 0.0 0.0 0.0 0.0 0.0 0.0 0.0 0.0 0.0 0.0 0.0 0.0 0.0 0.0 0.0 0.0 0.0 0.0 0.0 0.0 0.0 0.0 0.0 0.0 0.0 0.0 0.0 0.0 0.0 0.0 0.0 0.0 0.0 0.0 0.0 0.0 0.0 0.0 0.0 0.0 0.0 0.0 0.0 0.0 0.0 0.0 0.0 0.0 0.0 0.0 0.0 0.0 0.0 0.0 0.0 0.0 0.0 0.0 0.0 0.0 0.0 0.0 0.0 0.0 0.0 0.0 0.0 0.0 0.001 0.001 0.001 0.002 0.002 0.002 0.003 0.003 0.003 0.004 0.004 0.004 0.004 0.005 0.005 0.005 0.005 0.006 0.006 0.007 0.008 0.009 0.01 0.01 0.011 0.012 0.013 0.014 0.015 0.016 0.017 0.018 0.02 0.022 0.024 0.027 0.03 0.032 0.035 0.036 0.037 0.038 0.039 0.04 0.041 0.042 0.043 0.044 0.045 0.046 0.047
0.0 0.0 0.0 0.0 0.0 0.0 0.0 0.0 0.0 0.0 0.0 0.0 0.0 0.0 0.0 0.0 0.0 0.0 0.0 0.0 0.0 0.0 0.0 0.0 0.0 0.0 0.0 0.0 0.0 0.0 0.0 0.0 0.0 0.0 0.0 0.0 0.0 0.0 0.0 0.0 0.0 0.0 0.0 0.0 0.0 0.0 0.0 0.0 0.0 0.0 0.0 0.0 0.0 0.0 0.0 0.0 0.0 0.0 0.0 0.0 0.0 0.0 0.0 0.0 0.0 0.0 0.0 0.0 0.0 0.0 0.0 0.0 0.0 0.0 0.0 0.0 0.0 0.0 0.0 0.0 0.0 0.0 0.0 0.0 0.0 0.001 0.001 0.001 0.002 0.002 0.002 0.003 0.003 0.003 0.004 0.004 0.004 0.005 0.005 0.005 0.005 0.005 0.006 0.007 0.007 0.008 0.009 0.01 0.011 0.011 0.012 0.013 0.014 0.014 0.016 0.017 0.018 0.02 0.021 0.024 0.027 0.03 0.032 0.034 0.035 0.036 0.037 0.038 0.039 0.04 0.041 0.042 0.043 0.044 0.045 0.045
0.0 0.0 0.0 0.0 0.0 0.0 0.0 0.0 0.0 0.0 0.0 0.0 0.0 0.0 0.0 0.0 0.0 0.0 0.0 0.0 0.0 0.0 0.0 0.0 0.0 0.0 0.0 0.0 0.0 0.0 0.0 0.0 0.0 0.0 0.0 0.0 0.0 0.0 0.0 0.0 0.0 0.0 0.0 0.0 0.0 0.0 0.0 0.0 0.0 0.0 0.0 0.0 0.0 0.0 0.0 0.0 0.0 0.0 0.0 0.0 0.0 0.0 0.0 0.0 0.0 0.0 0.0 0.0 0.0 0.0 0.0 0.0 0.0 0.0 0.0 0.0 0.0 0.0 0.0 0.0 0.0 0.0 0.0 0.0 0.0 0.001 0.001 0.001 0.002 0.002 0.002 0.003 0.003 0.003 0.004 0.004 0.004 0.005 0.005 0.005 0.005 0.005 0.006 0.007 0.008 0.008 0.009 0.01 0.011 0.011 0.012 0.013 0.014 0.015 0.015 0.017 0.018 0.019 0.021 0.024 0.027 0.029 0.031 0.032 0.033 0.034 0.035 0.036 0.037 0.038 0.039 0.04 0.041 0.042 0.043 0.044
0.0 0.0 0.0 0.0 0.0 0.0 0.0 0.0 0.0 0.0 0.0 0.0 0.0 0.0 0.0 0.0 0.0 0.0 0.0 0.0 0.0 0.0 0.0 0.0 0.0 0.0 0.0 0.0 0.0 0.0 0.0 0.0 0.0 0.0 0.0 0.0 0.0 0.0 0.0 0.0 0.0 0.0 0.0 0.0 0.0 0.0 0.0 0.0 0.0 0.0 0.0 0.0 0.0 0.0 0.0 0.0 0.0 0.0 0.0 0.0 0.0 0.0 0.0 0.0 0.0 0.0 0.0 0.0 0.0 0.0 0.0 0.0 0.0 0.0 0.0 0.0 0.0 0.0 0.0 0.0 0.0 0.0 0.0 0.0 0.0 0.001 0.001 0.001 0.002 0.002 0.002 0.003 0.003 0.003 0.004 0.004 0.004 0.005 0.005 0.005 0.005 0.005 0.006 0.007 0.008 0.008 0.009 0.01 0.011 0.012 0.012 0.013 0.014 0.015 0.016 0.017 0.018 0.019 0.021 0.024 0.026 0.028 0.029 0.03 0.031 0.032 0.033 0.034 0.035 0.036 0.037 0.038 0.039 0.04 0.041 0.042
0.0 0.0 0.0 0.0 0.0 0.0 0.0 0.0 0.0 0.0 0.0 0.0 0.0 0.0 0.0 0.0 0.0 0.0 0.0 0.0 0.0 0.0 0.0 0.0 0.0 0.0 0.0 0.0 0.0 0.0 0.0 0.0 0.0 0.0 0.0 0.0 0.0 0.0 0.0 0.0 0.0 0.0 0.0 0.0 0.0 0.0 0.0 0.0 0.0 0.0 0.0 0.0 0.0 0.0 0.0 0.0 0.0 0.0 0.0 0.0 0.0 0.0 0.0 0.0 0.0 0.0 0.0 0.0 0.0 0.0 0.0 0.0 0.0 0.0 0.0 0.0 0.0 0.0 0.0 0.0 0.0 0.0 0.0 0.0 0.0 0.001 0.001 0.001 0.002 0.002 0.002 0.003 0.003 0.003 0.004 0.004 0.004 0.005 0.005 0.005 0.005 0.006 0.006 0.007 0.008 0.009 0.009 0.01 0.011 0.012 0.013 0.013 0.014 0.015 0.016 0.016 0.018 0.019 0.021 0.023 0.026 0.027 0.028 0.029 0.03 0.031 0.032 0.033 0.034 0.035 0.036 0.037 0.038 0.039 0.04 0.04
0.0 0.0 0.0 0.0 0.0 0.0 0.0 0.0 0.0 0.0 0.0 0.0 0.0 0.0 0.0 0.0 0.0 0.0 0.0 0.0 0.0 0.0 0.0 0.0 0.0 0.0 0.0 0.0 0.0 0.0 0.0 0.0 0.0 0.0 0.0 0.0 0.0 0.0 0.0 0.0 0.0 0.0 0.0 0.0 0.0 0.0 0.0 0.0 0.0 0.0 0.0 0.0 0.0 0.0 0.0 0.0 0.0 0.0 0.0 0.0 0.0 0.0 0.0 0.0 0.0 0.0 0.0 0.0 0.0 0.0 0.0 0.0 0.0 0.0 0.0 0.0 0.0 0.0 0.0 0.0 0.0 0.0 0.0 0.0 0.0 0.001 0.001 0.001 0.002 0.002 0.002 0.003 0.003 0.003 0.004 0.004 0.004 0.005 0.005 0.005 0.006 0.006 0.006 0.007 0.008 0.009 0.01 0.01 0.011 0.012 0.013 0.014 0.014 0.015 0.016 0.017 0.017 0.019 0.021 0.023 0.024 0.025 0.026 0.027 0.028 0.029 0.03 0.031 0.032 0.033 0.034 0.035 0.036 0.037 0.038 0.039
0.0 0.0 0.0 0.0 0.0 0.0 0.0 0.0 0.0 0.0 0.0 0.0 0.0 0.0 0.0 0.0 0.0 0.0 0.0 0.0 0.0 0.0 0.0 0.0 0.0 0.0 0.0 0.0 0.0 0.0 0.0 0.0 0.0 0.0 0.0 0.0 0.0 0.0 0.0 0.0 0.0 0.0 0.0 0.0 0.0 0.0 0.0 0.0 0.0 0.0 0.0 0.0 0.0 0.0 0.0 0.0 0.0 0.0 0.0 0.0 0.0 0.0 0.0 0.0 0.0 0.0 0.0 0.0 0.0 0.0 0.0 0.0 0.0 0.0 0.0 0.0 0.0 0.0 0.0 0.0 0.0 0.0 0.0 0.0 0.0 0.001 0.001 0.001 0.002 0.002 0.002 0.003 0.003 0.003 0.004 0.004 0.004 0.005 0.005 0.005 0.006 0.006 0.007 0.007 0.008 0.009 0.01 0.011 0.011 0.012 0.013 0.014 0.014 0.015 0.016 0.017 0.018 0.018 0.02 0.021 0.022 0.023 0.024 0.025 0.026 0.027 0.028 0.029 0.03 0.031 0.032 0.033 0.034 0.035 0.036 0.037
0.0 0.0 0.0 0.0 0.0 0.0 0.0 0.0 0.0 0.0 0.0 0.0 0.0 0.0 0.0 0.0 0.0 0.0 0.0 0.0 0.0 0.0 0.0 0.0 0.0 0.0 0.0 0.0 0.0 0.0 0.0 0.0 0.0 0.0 0.0 0.0 0.0 0.0 0.0 0.0 0.0 0.0 0.0 0.0 0.0 0.0 0.0 0.0 0.0 0.0 0.0 0.0 0.0 0.0 0.0 0.0 0.0 0.0 0.0 0.0 0.0 0.0 0.0 0.0 0.0 0.0 0.0 0.0 0.0 0.0 0.0 0.0 0.0 0.0 0.0 0.0 0.0 0.0 0.0 0.0 0.0 0.0 0.0 0.0 0.0 0.001 0.001 0.001 0.002 0.002 0.002 0.003 0.003 0.003 0.004 0.004 0.004 0.005 0.005 0.005 0.006 0.006 0.007 0.007 0.008 0.009 0.01 0.011 0.011 0.012 0.013 0.014 0.015 0.015 0.016 0.017 0.018 0.018 0.02 0.021 0.022 0.023 0.024 0.025 0.026 0.027 0.028 0.029 0.03 0.03 0.031 0.032 0.033 0.034 0.035 0.036
0.0 0.0 0.0 0.0 0.0 0.0 0.0 0.0 0.0 0.0 0.0 0.0 0.0 0.0 0.0 0.0 0.0 0.0 0.0 0.0 0.0 0.0 0.0 0.0 0.0 0.0 0.0 0.0 0.0 0.0 0.0 0.0 0.0 0.0 0.0 0.0 0.0 0.0 0.0 0.0 0.0 0.0 0.0 0.0 0.0 0.0 0.0 0.0 0.0 0.0 0.0 0.0 0.0 0.0 0.0 0.0 0.0 0.0 0.0 0.0 0.0 0.0 0.0 0.0 0.0 0.0 0.0 0.0 0.0 0.0 0.0 0.0 0.0 0.0 0.0 0.0 0.0 0.0 0.0 0.0 0.0 0.0 0.0 0.0 0.0 0.001 0.001 0.001 0.002 0.002 0.002 0.003 0.003 0.003 0.004 0.004 0.004 0.005 0.005 0.005 0.006 0.006 0.007 0.008 0.008 0.009 0.01 0.011 0.011 0.012 0.013 0.014 0.015 0.015 0.016 0.017 0.018 0.019 0.021 0.024 0.025 0.026 0.027 0.028 0.029 0.03 0.031 0.032 0.033 0.033 0.034 0.035 0.036 0.037 0.039 0.046
0.0 0.0 0.0 0.0 0.0 0.0 0.0 0.0 0.0 0.0 0.0 0.0 0.0 0.0 0.0 0.0 0.0 0.0 0.0 0.0 0.0 0.0 0.0 0.0 0.0 0.0 0.0 0.0 0.0 0.0 0.0 0.0 0.0 0.0 0.0 0.0 0.0 0.0 0.0 0.0 0.0 0.0 0.0 0.0 0.0 0.0 0.0 0.0 0.0 0.0 0.0 0.0 0.0 0.0 0.0 0.0 0.0 0.0 0.0 0.0 0.0 0.0 0.0 0.0 0.0 0.0 0.0 0.0 0.0 0.0 0.0 0.0 0.0 0.0 0.0 0.0 0.0 0.0 0.0 0.0 0.0 0.0 0.0 0.0 0.0 0.001 0.001 0.001 0.002 0.002 0.002 0.003 0.003 0.003 0.004 0.004 0.004 0.005 0.005 0.005 0.006 0.006 0.007 0.008 0.008 0.009 0.01 0.011 0.011 0.012 0.013 0.014 0.015 0.015 0.016 0.017 0.018 0.019 0.022 0.026 0.028 0.029 0.03 0.031 0.032 0.033 0.034 0.035 0.036 0.036 0.037 0.038 0.039 0.04 0.042 0.05
0.0 0.0 0.0 0.0 0.0 0.0 0.0 0.0 0.0 0.0 0.0 0.0 0.0 0.0 0.0 0.0 0.0 0.0 0.0 0.0 0.0 0.0 0.0 0.0 0.0 0.0 0.0 0.0 0.0 0.0 0.0 0.0 0.0 0.0 0.0 0.0 0.0 0.0 0.0 0.0 0.0 0.0 0.0 0.0 0.0 0.0 0.0 0.0 0.0 0.0 0.0 0.0 0.0 0.0 0.0 0.0 0.0 0.0 0.0 0.0 0.0 0.0 0.0 0.0 0.0 0.0 0.0 0.0 0.0 0.0 0.0 0.0 0.0 0.0 0.0 0.0 0.0 0.0 0.0 0.0 0.0 0.0 0.0 0.0 0.0 0.001 0.001 0.001 0.002 0.002 0.002 0.003 0.003 0.003 0.004 0.004 0.004 0.005 0.005 0.005 0.006 0.006 0.007 0.008 0.008 0.009 0.01 0.011 0.012 0.012 0.013 0.014 0.015 0.015 0.016 0.017 0.018 0.019 0.022 0.026 0.031 0.032 0.033 0.034 0.035 0.036 0.037 0.038 0.039 0.039 0.04 0.041 0.042 0.043 0.045 0.053
0.0 0.0 0.0 0.0 0.0 0.0 0.0 0.0 0.0 0.0 0.0 0.0 0.0 0.0 0.0 0.0 0.0 0.0 0.0 0.0 0.0 0.0 0.0 0.0 0.0 0.0 0.0 0.0 0.0 0.0 0.0 0.0 0.0 0.0 0.0 0.0 0.0 0.0 0.0 0.0 0.0 0.0 0.0 0.0 0.0 0.0 0.0 0.0 0.0 0.0 0.0 0.0 0.0 0.0 0.0 0.0 0.0 0.0 0.0 0.0 0.0 0.0 0.0 0.0 0.0 0.0 0.0 0.0 0.0 0.0 0.0 0.0 0.0 0.0 0.0 0.0 0.0 0.0 0.0 0.0 0.0 0.0 0.0 0.0 0.0 0.001 0.001 0.001 0.002 0.002 0.002 0.003 0.003 0.003 0.004 0.004 0.004 0.004 0.005 0.005 0.006 0.006 0.007 0.008 0.008 0.009 0.01 0.011 0.012 0.012 0.013 0.014 0.015 0.015 0.016 0.017 0.018 0.019 0.022 0.027 0.031 0.035 0.036 0.037 0.038 0.039 0.04 0.041 0.042 0.042 0.043 0.044 0.045 0.046 0.048 0.056
0.0 0.0 0.0 0.0 0.0 0.0 0.0 0.0 0.0 0.0 0.0 0.0 0.0 0.0 0.0 0.0 0.0 0.0 0.0 0.0 0.0 0.0 0.0 0.0 0.0 0.0 0.0 0.0 0.0 0.0 0.0 0.0 0.0 0.0 0.0 0.0 0.0 0.0 0.0 0.0 0.0 0.0 0.0 0.0 0.0 0.0 0.0 0.0 0.0 0.0 0.0 0.0 0.0 0.0 0.0 0.0 0.0 0.0 0.0 0.0 0.0 0.0 0.0 0.0 0.0 0.0 0.0 0.0 0.0 0.0 0.0 0.0 0.0 0.0 0.0 0.0 0.0 0.0 0.0 0.0 0.0 0.0 0.0 0.0 0.0 0.001 0.001 0.001 0.002 0.002 0.002 0.002 0.003 0.003 0.003 0.004 0.004 0.005 0.005 0.005 0.006 0.006 0.007 0.008 0.008 0.009 0.01 0.011 0.012 0.012 0.013 0.014 0.015 0.016 0.017 0.018 0.019 0.02 0.023 0.027 0.031 0.035 0.039 0.04 0.041 0.042 0.043 0.044 0.045 0.045 0.046 0.047 0.048 0.049 0.051 0.06
0.0 0.0 0.0 0.0 0.0 0.0 0.0 0.0 0.0 0.0 0.0 0.0 0.0 0.0 0.0 0.0 0.0 0.0 0.0 0.0 0.0 0.0 0.0 0.0 0.0 0.0 0.0 0.0 0.0 0.0 0.0 0.0 0.0 0.0 0.0 0.0 0.0 0.0 0.0 0.0 0.0 0.0 0.0 0.0 0.0 0.0 0.0 0.0 0.0 0.0 0.0 0.0 0.0 0.0 0.0 0.0 0.0 0.0 0.0 0.0 0.0 0.0 0.0 0.0 0.0 0.0 0.0 0.0 0.0 0.0 0.0 0.0 0.0 0.0 0.0 0.0 0.0 0.0 0.0 0.0 0.0 0.0 0.0 0.0 0.0 0.0 0.001 0.001 0.001 0.002 0.002 0.002 0.003 0.003 0.003 0.004 0.004 0.005 0.005 0.005 0.006 0.006 0.007 0.008 0.008 0.009 0.01 0.011 0.012 0.012 0.013 0.014 0.015 0.016 0.017 0.018 0.019 0.02 0.023 0.027 0.032 0.036 0.04 0.043 0.044 0.045 0.046 0.047 0.048 0.048 0.049 0.05 0.051 0.052 0.054 0.063
0.0 0.0 0.0 0.0 0.0 0.0 0.0 0.0 0.0 0.0 0.0 0.0 0.0 0.0 0.0 0.0 0.0 0.0 0.0 0.0 0.0 0.0 0.0 0.0 0.0 0.0 0.0 0.0 0.0 0.0 0.0 0.0 0.0 0.0 0.0 0.0 0.0 0.0 0.0 0.0 0.0 0.0 0.0 0.0 0.0 0.0 0.0 0.0 0.0 0.0 0.0 0.0 0.0 0.0 0.0 0.0 0.0 0.0 0.0 0.0 0.0 0.0 0.0 0.0 0.0 0.0 0.0 0.0 0.0 0.0 0.0 0.0 0.0 0.0 0.0 0.0 0.0 0.0 0.0 0.0 0.0 0.0 0.0 0.0 0.0 0.0 0.001 0.001 0.001 0.002 0.002 0.002 0.003 0.003 0.003 0.004 0.004 0.005 0.005 0.005 0.006 0.006 0.007 0.008 0.009 0.009 0.01 0.011 0.012 0.012 0.013 0.014 0.015 0.016 0.017 0.018 0.019 0.02 0.023 0.028 0.032 0.036 0.04 0.045 0.047 0.048 0.049 0.05 0.051 0.051 0.052 0.053 0.054 0.055 0.057 0.066
0.0 0.0 0.0 0.0 0.0 0.0 0.0 0.0 0.0 0.0 0.0 0.0 0.0 0.0 0.0 0.0 0.0 0.0 0.0 0.0 0.0 0.0 0.0 0.0 0.0 0.0 0.0 0.0 0.0 0.0 0.0 0.0 0.0 0.0 0.0 0.0 0.0 0.0 0.0 0.0 0.0 0.0 0.0 0.0 0.0 0.0 0.0 0.0 0.0 0.0 0.0 0.0 0.0 0.0 0.0 0.0 0.0 0.0 0.0 0.0 0.0 0.0 0.0 0.0 0.0 0.0 0.0 0.0 0.0 0.0 0.0 0.0 0.0 0.0 0.0 0.0 0.0 0.0 0.0 0.0 0.0 0.0 0.0 0.0 0.0 0.0 0.001 0.001 0.001 0.002 0.002 0.002 0.003 0.003 0.003 0.004 0.004 0.005 0.005 0.005 0.006 0.006 0.007 0.008 0.009 0.009 0.01 0.011 0.012 0.012 0.013 0.014 0.015 0.016 0.017 0.018 0.019 0.021 0.024 0.028 0.032 0.036 0.041 0.045 0.049 0.051 0.052 0.053 0.054 0.054 0.055 0.056 0.057 0.058 0.06 0.069
0.0 0.0 0.0 0.0 0.0 0.0 0.0 0.0 0.0 0.0 0.0 0.0 0.0 0.0 0.0 0.0 0.0 0.0 0.0 0.0 0.0 0.0 0.0 0.0 0.0 0.0 0.0 0.0 0.0 0.0 0.0 0.0 0.0 0.0 0.0 0.0 0.0 0.0 0.0 0.0 0.0 0.0 0.0 0.0 0.0 0.0 0.0 0.0 0.0 0.0 0.0 0.0 0.0 0.0 0.0 0.0 0.0 0.0 0.0 0.0 0.0 0.0 0.0 0.0 0.0 0.0 0.0 0.0 0.0 0.0 0.0 0.0 0.0 0.0 0.0 0.0 0.0 0.0 0.0 0.0 0.0 0.0 0.0 0.0 0.0 0.0 0.001 0.001 0.001 0.002 0.002 0.002 0.003 0.003 0.003 0.004 0.004 0.005 0.005 0.005 0.006 0.006 0.007 0.008 0.009 0.009 0.01 0.011 0.012 0.013 0.013 0.014 0.016 0.017 0.018 0.019 0.02 0.021 0.024 0.028 0.032 0.037 0.041 0.045 0.05 0.054 0.055 0.056 0.057 0.057 0.058 0.059 0.06 0.061 0.064 0.072
0.0 0.0 0.0 0.0 0.0 0.0 0.0 0.0 0.0 0.0 0.0 0.0 0.0 0.0 0.0 0.0 0.0 0.0 0.0 0.0 0.0 0.0 0.0 0.0 0.0 0.0 0.0 0.0 0.0 0.0 0.0 0.0 0.0 0.0 0.0 0.0 0.0 0.0 0.0 0.0 0.0 0.0 0.0 0.0 0.0 0.0 0.0 0.0 0.0 0.0 0.0 0.0 0.0 0.0 0.0 0.0 0.0 0.0 0.0 0.0 0.0 0.0 0.0 0.0 0.0 0.0 0.0 0.0 0.0 0.0 0.0 0.0 0.0 0.0 0.0 0.0 0.0 0.0 0.0 0.0 0.0 0.0 0.0 0.0 0.0 0.0 0.001 0.001 0.001 0.002 0.002 0.002 0.003 0.003 0.003 0.004 0.004 0.005 0.005 0.005 0.006 0.006 0.007 0.008 0.009 0.009 0.01 0.011 0.012 0.013 0.014 0.015 0.016 0.017 0.018 0.019 0.02 0.021 0.024 0.029 0.033 0.037 0.041 0.046 0.05 0.054 0.058 0.059 0.06 0.06 0.061 0.062 0.063 0.064 0.067 0.075
0.0 0.0 0.0 0.0 0.0 0.0 0.0 0.0 0.0 0.0 0.0 0.0 0.0 0.0 0.0 0.0 0.0 0.0 0.0 0.0 0.0 0.0 0.0 0.0 0.0 0.0 0.0 0.0 0.0 0.0 0.0 0.0 0.0 0.0 0.0 0.0 0.0 0.0 0.0 0.0 0.0 0.0 0.0 0.0 0.0 0.0 0.0 0.0 0.0 0.0 0.0 0.0 0.0 0.0 0.0 0.0 0.0 0.0 0.0 0.0 0.0 0.0 0.0 0.0 0.0 0.0 0.0 0.0 0.0 0.0 0.0 0.0 0.0 0.0 0.0 0.0 0.0 0.0 0.0 0.0 0.0 0.0 0.0 0.0 0.0 0.0 0.001 0.001 0.001 0.002 0.002 0.002 0.003 0.003 0.004 0.004 0.004 0.005 0.005 0.005 0.006 0.006 0.007 0.008 0.009 0.009 0.01 0.011 0.012 0.013 0.014 0.015 0.016 0.017 0.018 0.019 0.02 0.021 0.025 0.029 0.033 0.037 0.042 0.046 0.05 0.055 0.059 0.062 0.063 0.063 0.064 0.065 0.066 0.067 0.07 0.078
0.0 0.0 0.0 0.0 0.0 0.0 0.0 0.0 0.0 0.0 0.0 0.0 0.0 0.0 0.0 0.0 0.0 0.0 0.0 0.0 0.0 0.0 0.0 0.0 0.0 0.0 0.0 0.0 0.0 0.0 0.0 0.0 0.0 0.0 0.0 0.0 0.0 0.0 0.0 0.0 0.0 0.0 0.0 0.0 0.0 0.0 0.0 0.0 0.0 0.0 0.0 0.0 0.0 0.0 0.0 0.0 0.0 0.0 0.0 0.0 0.0 0.0 0.0 0.0 0.0 0.0 0.0 0.0 0.0 0.0 0.0 0.0 0.0 0.0 0.0 0.0 0.0 0.0 0.0 0.0 0.0 0.0 0.0 0.0 0.0 0.0 0.001 0.001 0.001 0.002 0.002 0.002 0.003 0.003 0.004 0.004 0.004 0.005 0.005 0.005 0.006 0.006 0.007 0.008 0.009 0.009 0.01 0.011 0.012 0.013 0.014 0.015 0.016 0.017 0.018 0.019 0.02 0.022 0.025 0.029 0.033 0.038 0.042 0.046 0.051 0.055 0.059 0.063 0.066 0.066 0.067 0.068 0.069 0.07 0.073 0.081
0.0 0.0 0.0 0.0 0.0 0.0 0.0 0.0 0.0 0.0 0.0 0.0 0.0 0.0 0.0 0.0 0.0 0.0 0.0 0.0 0.0 0.0 0.0 0.0 0.0 0.0 0.0 0.0 0.0 0.0 0.0 0.0 0.0 0.0 0.0 0.0 0.0 0.0 0.0 0.0 0.0 0.0 0.0 0.0 0.0 0.0 0.0 0.0 0.0 0.0 0.0 0.0 0.0 0.0 0.0 0.0 0.0 0.0 0.0 0.0 0.0 0.0 0.0 0.0 0.0 0.0 0.0 0.0 0.0 0.0 0.0 0.0 0.0 0.0 0.0 0.0 0.0 0.0 0.0 0.0 0.0 0.0 0.0 0.0 0.0 0.0 0.001 0.001 0.001 0.002 0.002 0.002 0.003 0.003 0.004 0.004 0.004 0.005 0.005 0.006 0.006 0.006 0.007 0.008 0.009 0.009 0.01 0.011 0.012 0.013 0.014 0.016 0.017 0.018 0.019 0.02 0.021 0.022 0.025 0.029 0.034 0.038 0.042 0.047 0.051 0.055 0.059 0.064 0.068 0.069 0.07 0.071 0.072 0.073 0.076 0.085
0.0 0.0 0.0 0.0 0.0 0.0 0.0 0.0 0.0 0.0 0.0 0.0 0.0 0.0 0.0 0.0 0.0 0.0 0.0 0.0 0.0 0.0 0.0 0.0 0.0 0.0 0.0 0.0 0.0 0.0 0.0 0.0 0.0 0.0 0.0 0.0 0.0 0.0 0.0 0.0 0.0 0.0 0.0 0.0 0.0 0.0 0.0 0.0 0.0 0.0 0.0 0.0 0.0 0.0 0.0 0.0 0.0 0.0 0.0 0.0 0.0 0.0 0.0 0.0 0.0 0.0 0.0 0.0 0.0 0.0 0.0 0.0 0.0 0.0 0.0 0.0 0.0 0.0 0.0 0.0 0.0 0.0 0.0 0.0 0.0 0.0 0.001 0.001 0.001 0.002 0.002 0.002 0.003 0.003 0.004 0.004 0.004 0.005 0.005 0.006 0.006 0.006 0.007 0.008 0.009 0.01 0.011 0.012 0.013 0.014 0.015 0.016 0.017 0.018 0.019 0.02 0.021 0.022 0.025 0.03 0.034 0.038 0.043 0.047 0.051 0.055 0.06 0.064 0.068 0.072 0.073 0.074 0.075 0.076 0.079 0.088
0.0 0.0 0.0 0.0 0.0 0.0 0.0 0.0 0.0 0.0 0.0 0.0 0.0 0.0 0.0 0.0 0.0 0.0 0.0 0.0 0.0 0.0 0.0 0.0 0.0 0.0 0.0 0.0 0.0 0.0 0.0 0.0 0.0 0.0 0.0 0.0 0.0 0.0 0.0 0.0 0.0 0.0 0.0 0.0 0.0 0.0 0.0 0.0 0.0 0.0 0.0 0.0 0.0 0.0 0.0 0.0 0.0 0.0 0.0 0.0 0.0 0.0 0.0 0.0 0.0 0.0 0.0 0.0 0.0 0.0 0.0 0.0 0.0 0.0 0.0 0.0 0.0 0.0 0.0 0.0 0.0 0.0 0.0 0.0 0.0 0.0 0.001 0.001 0.001 0.002 0.002 0.002 0.003 0.003 0.004 0.004 0.004 0.005 0.005 0.006 0.006 0.006 0.007 0.008 0.009 0.01 0.011 0.012 0.013 0.014 0.015 0.016 0.017 0.018 0.019 0.02 0.021 0.022 0.026 0.03 0.034 0.039 0.043 0.047 0.051 0.056 0.06 0.064 0.069 0.073 0.076 0.077 0.078 0.079 0.082 0.091
0.0 0.0 0.0 0.0 0.0 0.0 0.0 0.0 0.0 0.0 0.0 0.0 0.0 0.0 0.0 0.0 0.0 0.0 0.0 0.0 0.0 0.0 0.0 0.0 0.0 0.0 0.0 0.0 0.0 0.0 0.0 0.0 0.0 0.0 0.0 0.0 0.0 0.0 0.0 0.0 0.0 0.0 0.0 0.0 0.0 0.0 0.0 0.0 0.0 0.0 0.0 0.0 0.0 0.0 0.0 0.0 0.0 0.0 0.0 0.0 0.0 0.0 0.0 0.0 0.0 0.0 0.0 0.0 0.0 0.0 0.0 0.0 0.0 0.0 0.0 0.0 0.0 0.0 0.0 0.0 0.0 0.0 0.0 0.0 0.0 0.0 0.001 0.001 0.001 0.002 0.002 0.003 0.003 0.003 0.004 0.004 0.004 0.005 0.005 0.006 0.006 0.006 0.007 0.008 0.009 0.01 0.011 0.012 0.013 0.014 0.015 0.016 0.017 0.018 0.019 0.02 0.022 0.023 0.026 0.03 0.035 0.039 0.043 0.048 0.052 0.056 0.06 0.065 0.069 0.073 0.078 0.08 0.081 0.082 0.085 0.094
0.0 0.0 0.0 0.0 0.0 0.0 0.0 0.0 0.0 0.0 0.0 0.0 0.0 0.0 0.0 0.0 0.0 0.0 0.0 0.0 0.0 0.0 0.0 0.0 0.0 0.0 0.0 0.0 0.0 0.0 0.0 0.0 0.0 0.0 0.0 0.0 0.0 0.0 0.0 0.0 0.0 0.0 0.0 0.0 0.0 0.0 0.0 0.0 0.0 0.0 0.0 0.0 0.0 0.0 0.0 0.0 0.0 0.0 0.0 0.0 0.0 0.0 0.0 0.0 0.0 0.0 0.0 0.0 0.0 0.0 0.0 0.0 0.0 0.0 0.0 0.0 0.0 0.0 0.0 0.0 0.0 0.0 0.0 0.0 0.0 0.0 0.001 0.001 0.001 0.002 0.002 0.003 0.003 0.003 0.004 0.004 0.004 0.005 0.005 0.006 0.006 0.006 0.007 0.008 0.009 0.01 0.011 0.012 0.013 0.014 0.015 0.017 0.018 0.019 0.02 0.021 0.022 0.023 0.026 0.031 0.035 0.039 0.044 0.048 0.052 0.056 0.061 0.065 0.069 0.074 0.078 0.082 0.084 0.085 0.089 0.097
0.0 0.0 0.0 0.0 0.0 0.0 0.0 0.0 0.0 0.0 0.0 0.0 0.0 0.0 0.0 0.0 0.0 0.0 0.0 0.0 0.0 0.0 0.0 0.0 0.0 0.0 0.0 0.0 0.0 0.0 0.0 0.0 0.0 0.0 0.0 0.0 0.0 0.0 0.0 0.0 0.0 0.0 0.0 0.0 0.0 0.0 0.0 0.0 0.0 0.0 0.0 0.0 0.0 0.0 0.0 0.0 0.0 0.0 0.0 0.0 0.0 0.0 0.0 0.0 0.0 0.0 0.0 0.0 0.0 0.0 0.0 0.0 0.0 0.0 0.0 0.0 0.0 0.0 0.0 0.0 0.0 0.0 0.0 0.0 0.0 0.0 0.001 0.001 0.001 0.002 0.002 0.003 0.003 0.003 0.004 0.004 0.005 0.005 0.005 0.006 0.006 0.007 0.007 0.008 0.009 0.011 0.012 0.013 0.014 0.015 0.016 0.017 0.018 0.019 0.02 0.021 0.022 0.023 0.027 0.031 0.035 0.04 0.044 0.048 0.052 0.057 0.061 0.065 0.07 0.074 0.078 0.082 0.087 0.088 0.092 0.1
0.0 0.0 0.0 0.0 0.0 0.0 0.0 0.0 0.0 0.0 0.0 0.0 0.0 0.0 0.0 0.0 0.0 0.0 0.0 0.0 0.0 0.0 0.0 0.0 0.0 0.0 0.0 0.0 0.0 0.0 0.0 0.0 0.0 0.0 0.0 0.0 0.0 0.0 0.0 0.0 0.0 0.0 0.0 0.0 0.0 0.0 0.0 0.0 0.0 0.0 0.0 0.0 0.0 0.0 0.0 0.0 0.0 0.0 0.0 0.0 0.0 0.0 0.0 0.0 0.0 0.0 0.0 0.0 0.0 0.0 0.0 0.0 0.0 0.0 0.0 0.0 0.0 0.0 0.0 0.0 0.0 0.0 0.0 0.0 0.0 0.0 0.001 0.001 0.001 0.002 0.002 0.003 0.003 0.003 0.004 0.004 0.005 0.005 0.005 0.006 0.006 0.007 0.008 0.009 0.01 0.011 0.012 0.013 0.014 0.015 0.016 0.017 0.018 0.019 0.02 0.021 0.022 0.023 0.027 0.031 0.036 0.04 0.044 0.048 0.053 0.057 0.061 0.066 0.07 0.074 0.078 0.083 0.087 0.091 0.095 0.103
0.0 0.0 0.0 0.0 0.0 0.0 0.0 0.0 0.0 0.0 0.0 0.0 0.0 0.0 0.0 0.0 0.0 0.0 0.0 0.0 0.0 0.0 0.0 0.0 0.0 0.0 0.0 0.0 0.0 0.0 0.0 0.0 0.0 0.0 0.0 0.0 0.0 0.0 0.0 0.0 0.0 0.0 0.0 0.0 0.0 0.0 0.0 0.0 0.0 0.0 0.0 0.0 0.0 0.0 0.0 0.0 0.0 0.0 0.0 0.0 0.0 0.0 0.0 0.0 0.0 0.0 0.0 0.0 0.0 0.0 0.0 0.0 0.0 0.0 0.0 0.0 0.0 0.0 0.0 0.0 0.0 0.0 0.0 0.0 0.0 0.0 0.001 0.001 0.001 0.002 0.002 0.003 0.003 0.003 0.004 0.004 0.005 0.005 0.005 0.006 0.006 0.007 0.008 0.009 0.01 0.011 0.012 0.013 0.014 0.015 0.016 0.017 0.018 0.019 0.02 0.021 0.022 0.024 0.027 0.032 0.036 0.04 0.045 0.049 0.053 0.057 0.062 0.066 0.07 0.075 0.079 0.083 0.087 0.092 0.097 0.106
0.0 0.0 0.0 0.0 0.0 0.0 0.0 0.0 0.0 0.0 0.0 0.0 0.0 0.0 0.0 0.0 0.0 0.0 0.0 0.0 0.0 0.0 0.0 0.0 0.0 0.0 0.0 0.0 0.0 0.0 0.0 0.0 0.0 0.0 0.0 0.0 0.0 0.0 0.0 0.0 0.0 0.0 0.0 0.0 0.0 0.0 0.0 0.0 0.0 0.0 0.0 0.0 0.0 0.0 0.0 0.0 0.0 0.0 0.0 0.0 0.0 0.0 0.0 0.0 0.0 0.0 0.0 0.0 0.0 0.0 0.0 0.0 0.0 0.0 0.0 0.0 0.0 0.0 0.0 0.0 0.0 0.0 0.0 0.0 0.0 0.0 0.001 0.001 0.001 0.002 0.002 0.003 0.003 0.003 0.004 0.004 0.005 0.005 0.005 0.006 0.006 0.007 0.008 0.009 0.01 0.011 0.012 0.013 0.014 0.015 0.016 0.017 0.018 0.019 0.02 0.022 0.023 0.024 0.028 0.032 0.036 0.041 0.045 0.049 0.054 0.058 0.062 0.066 0.071 0.075 0.079 0.083 0.088 0.092 0.097 0.105
0.0 0.0 0.0 0.0 0.0 0.0 0.0 0.0 0.0 0.0 0.0 0.0 0.0 0.0 0.0 0.0 0.0 0.0 0.0 0.0 0.0 0.0 0.0 0.0 0.0 0.0 0.0 0.0 0.0 0.0 0.0 0.0 0.0 0.0 0.0 0.0 0.0 0.0 0.0 0.0 0.0 0.0 0.0 0.0 0.0 0.0 0.0 0.0 0.0 0.0 0.0 0.0 0.0 0.0 0.0 0.0 0.0 0.0 0.0 0.0 0.0 0.0 0.0 0.0 0.0 0.0 0.0 0.0 0.0 0.0 0.0 0.0 0.0 0.0 0.0 0.0 0.0 0.0 0.0 0.0 0.0 0.0 0.0 0.0 0.0 0.0 0.001 0.001 0.001 0.002 0.002 0.003 0.003 0.003 0.004 0.004 0.005 0.005 0.005 0.006 0.006 0.007 0.008 0.009 0.01 0.011 0.012 0.013 0.014 0.015 0.016 0.017 0.018 0.019 0.021 0.022 0.023 0.024 0.028 0.033 0.037 0.041 0.045 0.05 0.054 0.058 0.062 0.067 0.071 0.075 0.08 0.084 0.088 0.091 0.096 0.105
0.0 0.0 0.0 0.0 0.0 0.0 0.0 0.0 0.0 0.0 0.0 0.0 0.0 0.0 0.0 0.0 0.0 0.0 0.0 0.0 0.0 0.0 0.0 0.0 0.0 0.0 0.0 0.0 0.0 0.0 0.0 0.0 0.0 0.0 0.0 0.0 0.0 0.0 0.0 0.0 0.0 0.0 0.0 0.0 0.0 0.0 0.0 0.0 0.0 0.0 0.0 0.0 0.0 0.0 0.0 0.0 0.0 0.0 0.0 0.0 0.0 0.0 0.0 0.0 0.0 0.0 0.0 0.0 0.0 0.0 0.0 0.0 0.0 0.0 0.0 0.0 0.0 0.0 0.0 0.0 0.0 0.0 0.0 0.0 0.0 0.0 0.001 0.001 0.001 0.002 0.002 0.003 0.003 0.003 0.004 0.004 0.005 0.005 0.005 0.006 0.006 0.007 0.008 0.009 0.01 0.011 0.012 0.013 0.014 0.015 0.016 0.017 0.018 0.02 0.021 0.022 0.023 0.025 0.029 0.033 0.037 0.041 0.046 0.05 0.054 0.059 0.063 0.067 0.071 0.076 0.08 0.084 0.087 0.09 0.096 0.104
0.0 0.0 0.0 0.0 0.0 0.0 0.0 0.0 0.0 0.0 0.0 0.0 0.0 0.0 0.0 0.0 0.0 0.0 0.0 0.0 0.0 0.0 0.0 0.0 0.0 0.0 0.0 0.0 0.0 0.0 0.0 0.0 0.0 0.0 0.0 0.0 0.0 0.0 0.0 0.0 0.0 0.0 0.0 0.0 0.0 0.0 0.0 0.0 0.0 0.0 0.0 0.0 0.0 0.0 0.0 0.0 0.0 0.0 0.0 0.0 0.0 0.0 0.0 0.0 0.0 0.0 0.0 0.0 0.0 0.0 0.0 0.0 0.0 0.0 0.0 0.0 0.0 0.0 0.0 0.0 0.0 0.0 0.0 0.0 0.0 0.0 0.001 0.001 0.001 0.002 0.002 0.003 0.003 0.003 0.004 0.004 0.005 0.005 0.005 0.006 0.006 0.007 0.008 0.009 0.01 0.011 0.012 0.013 0.014 0.015 0.016 0.018 0.019 0.02 0.021 0.022 0.024 0.025 0.029 0.033 0.038 0.042 0.046 0.05 0.055 0.059 0.063 0.068 0.072 0.076 0.08 0.083 0.086 0.089 0.095 0.104
0.0 0.0 0.0 0.0 0.0 0.0 0.0 0.0 0.0 0.0 0.0 0.0 0.0 0.0 0.0 0.0 0.0 0.0 0.0 0.0 0.0 0.0 0.0 0.0 0.0 0.0 0.0 0.0 0.0 0.0 0.0 0.0 0.0 0.0 0.0 0.0 0.0 0.0 0.0 0.0 0.0 0.0 0.0 0.0 0.0 0.0 0.0 0.0 0.0 0.0 0.0 0.0 0.0 0.0 0.0 0.0 0.0 0.0 0.0 0.0 0.0 0.0 0.0 0.0 0.0 0.0 0.0 0.0 0.0 0.0 0.0 0.0 0.0 0.0 0.0 0.0 0.0 0.0 0.0 0.0 0.0 0.0 0.0 0.0 0.0 0.0 0.001 0.001 0.001 0.002 0.002 0.003 0.003 0.003 0.004 0.004 0.005 0.005 0.005 0.006 0.006 0.007 0.008 0.009 0.01 0.011 0.012 0.013 0.014 0.015 0.017 0.018 0.019 0.02 0.021 0.023 0.024 0.025 0.029 0.034 0.038 0.042 0.047 0.051 0.055 0.059 0.064 0.068 0.072 0.077 0.08 0.083 0.086 0.089 0.094 0.103
0.0 0.0 0.0 0.0 0.0 0.0 0.0 0.0 0.0 0.0 0.0 0.0 0.0 0.0 0.0 0.0 0.0 0.0 0.0 0.0 0.0 0.0 0.0 0.0 0.0 0.0 0.0 0.0 0.0 0.0 0.0 0.0 0.0 0.0 0.0 0.0 0.0 0.0 0.0 0.0 0.0 0.0 0.0 0.0 0.0 0.0 0.0 0.0 0.0 0.0 0.0 0.0 0.0 0.0 0.0 0.0 0.0 0.0 0.0 0.0 0.0 0.0 0.0 0.0 0.0 0.0 0.0 0.0 0.0 0.0 0.0 0.0 0.0 0.0 0.0 0.0 0.0 0.0 0.0 0.0 0.0 0.0 0.0 0.0 0.0 0.0 0.001 0.001 0.001 0.002 0.002 0.003 0.003 0.003 0.004 0.004 0.005 0.005 0.006 0.006 0.006 0.007 0.008 0.009 0.01 0.011 0.012 0.013 0.014 0.016 0.017 0.018 0.019 0.02 0.022 0.023 0.024 0.026 0.03 0.034 0.038 0.043 0.047 0.051 0.056 0.06 0.064 0.068 0.073 0.076 0.079 0.082 0.085 0.088 0.094 0.102
0.0 0.0 0.0 0.0 0.0 0.0 0.0 0.0 0.0 0.0 0.0 0.0 0.0 0.0 0.0 0.0 0.0 0.0 0.0 0.0 0.0 0.0 0.0 0.0 0.0 0.0 0.0 0.0 0.0 0.0 0.0 0.0 0.0 0.0 0.0 0.0 0.0 0.0 0.0 0.0 0.0 0.0 0.0 0.0 0.0 0.0 0.0 0.0 0.0 0.0 0.0 0.0 0.0 0.0 0.0 0.0 0.0 0.0 0.0 0.0 0.0 0.0 0.0 0.0 0.0 0.0 0.0 0.0 0.0 0.0 0.0 0.0 0.0 0.0 0.0 0.0 0.0 0.0 0.0 0.0 0.0 0.0 0.0 0.0 0.0 0.0 0.001 0.001 0.001 0.002 0.002 0.003 0.003 0.003 0.004 0.004 0.005 0.005 0.006 0.006 0.007 0.007 0.008 0.009 0.01 0.011 0.012 0.014 0.015 0.016 0.017 0.018 0.019 0.021 0.022 0.023 0.025 0.026 0.03 0.035 0.039 0.043 0.047 0.052 0.056 0.06 0.065 0.069 0.072 0.075 0.078 0.081 0.084 0.087 0.093 0.102
0.0 0.0 0.0 0.0 0.0 0.0 0.0 0.0 0.0 0.0 0.0 0.0 0.0 0.0 0.0 0.0 0.0 0.0 0.0 0.0 0.0 0.0 0.0 0.0 0.0 0.0 0.0 0.0 0.0 0.0 0.0 0.0 0.0 0.0 0.0 0.0 0.0 0.0 0.0 0.0 0.0 0.0 0.0 0.0 0.0 0.0 0.0 0.0 0.0 0.0 0.0 0.0 0.0 0.0 0.0 0.0 0.0 0.0 0.0 0.0 0.0 0.0 0.0 0.0 0.0 0.0 0.0 0.0 0.0 0.0 0.0 0.0 0.0 0.0 0.0 0.0 0.0 0.0 0.0 0.0 0.0 0.0 0.0 0.0 0.0 0.0 0.001 0.001 0.001 0.002 0.002 0.003 0.003 0.003 0.004 0.004 0.005 0.005 0.006 0.006 0.007 0.007 0.008 0.009 0.01 0.011 0.013 0.014 0.015 0.016 0.017 0.018 0.02 0.021 0.022 0.024 0.025 0.026 0.031 0.035 0.039 0.043 0.048 0.052 0.056 0.061 0.065 0.069 0.072 0.075 0.078 0.081 0.084 0.087 0.093 0.101
0.0 0.0 0.0 0.0 0.0 0.0 0.0 0.0 0.0 0.0 0.0 0.0 0.0 0.0 0.0 0.0 0.0 0.0 0.0 0.0 0.0 0.0 0.0 0.0 0.0 0.0 0.0 0.0 0.0 0.0 0.0 0.0 0.0 0.0 0.0 0.0 0.0 0.0 0.0 0.0 0.0 0.0 0.0 0.0 0.0 0.0 0.0 0.0 0.0 0.0 0.0 0.0 0.0 0.0 0.0 0.0 0.0 0.0 0.0 0.0 0.0 0.0 0.0 0.0 0.0 0.0 0.0 0.0 0.0 0.0 0.0 0.0 0.0 0.0 0.0 0.0 0.0 0.0 0.0 0.0 0.0 0.0 0.0 0.0 0.0 0.0 0.001 0.001 0.001 0.002 0.002 0.003 0.003 0.003 0.004 0.004 0.005 0.005 0.006 0.006 0.007 0.007 0.008 0.009 0.01 0.012 0.013 0.014 0.015 0.016 0.017 0.018 0.02 0.021 0.023 0.024 0.025 0.027 0.031 0.035 0.04 0.044 0.048 0.052 0.057 0.061 0.065 0.068 0.071 0.074 0.077 0.08 0.083 0.086 0.092 0.1
0.0 0.0 0.0 0.0 0.0 0.0 0.0 0.0 0.0 0.0 0.0 0.0 0.0 0.0 0.0 0.0 0.0 0.0 0.0 0.0 0.0 0.0 0.0 0.0 0.0 0.0 0.0 0.0 0.0 0.0 0.0 0.0 0.0 0.0 0.0 0.0 0.0 0.0 0.0 0.0 0.0 0.0 0.0 0.0 0.0 0.0 0.0 0.0 0.0 0.0 0.0 0.0 0.0 0.0 0.0 0.0 0.0 0.0 0.0 0.0 0.0 0.0 0.0 0.0 0.0 0.0 0.0 0.0 0.0 0.0 0.0 0.0 0.0 0.0 0.0 0.0 0.0 0.0 0.0 0.0 0.0 0.0 0.0 0.0 0.0 0.0 0.001 0.001 0.002 0.002 0.002 0.003 0.003 0.004 0.004 0.004 0.005 0.005 0.006 0.006 0.007 0.007 0.008 0.01 0.011 0.012 0.013 0.014 0.015 0.016 0.017 0.019 0.02 0.022 0.023 0.024 0.026 0.027 0.031 0.036 0.04 0.044 0.049 0.053 0.057 0.061 0.064 0.067 0.07 0.073 0.076 0.079 0.082 0.085 0.091 0.1
0.0 0.0 0.0 0.0 0.0 0.0 0.0 0.0 0.0 0.0 0.0 0.0 0.0 0.0 0.0 0.0 0.0 0.0 0.0 0.0 0.0 0.0 0.0 0.0 0.0 0.0 0.0 0.0 0.0 0.0 0.0 0.0 0.0 0.0 0.0 0.0 0.0 0.0 0.0 0.0 0.0 0.0 0.0 0.0 0.0 0.0 0.0 0.0 0.0 0.0 0.0 0.0 0.0 0.0 0.0 0.0 0.0 0.0 0.0 0.0 0.0 0.0 0.0 0.0 0.0 0.0 0.0 0.0 0.0 0.0 0.0 0.0 0.0 0.0 0.0 0.0 0.0 0.0 0.0 0.0 0.0 0.0 0.0 0.0 0.0 0.0 0.001 0.001 0.002 0.002 0.002 0.003 0.003 0.004 0.004 0.004 0.005 0.005 0.006 0.006 0.007 0.007 0.009 0.01 0.011 0.012 0.013 0.014 0.015 0.016 0.018 0.019 0.021 0.022 0.023 0.025 0.026 0.028 0.032 0.036 0.04 0.045 0.049 0.053 0.058 0.061 0.064 0.067 0.07 0.073 0.075 0.078 0.081 0.084 0.091 0.099
0.0 0.0 0.0 0.0 0.0 0.0 0.0 0.0 0.0 0.0 0.0 0.0 0.0 0.0 0.0 0.0 0.0 0.0 0.0 0.0 0.0 0.0 0.0 0.0 0.0 0.0 0.0 0.0 0.0 0.0 0.0 0.0 0.0 0.0 0.0 0.0 0.0 0.0 0.0 0.0 0.0 0.0 0.0 0.0 0.0 0.0 0.0 0.0 0.0 0.0 0.0 0.0 0.0 0.0 0.0 0.0 0.0 0.0 0.0 0.0 0.0 0.0 0.0 0.0 0.0 0.0 0.0 0.0 0.0 0.0 0.0 0.0 0.0 0.0 0.0 0.0 0.0 0.0 0.0 0.0 0.0 0.0 0.0 0.0 0.0 0.0 0.001 0.001 0.002 0.002 0.002 0.003 0.003 0.004 0.004 0.005 0.005 0.005 0.006 0.006 0.007 0.008 0.009 0.01 0.011 0.012 0.013 0.014 0.015 0.017 0.018 0.02 0.021 0.022 0.024 0.025 0.026 0.028 0.032 0.037 0.041 0.045 0.049 0.054 0.057 0.06 0.063 0.066 0.069 0.072 0.075 0.078 0.081 0.084 0.09 0.099
0.0 0.0 0.0 0.0 0.0 0.0 0.0 0.0 0.0 0.0 0.0 0.0 0.0 0.0 0.0 0.0 0.0 0.0 0.0 0.0 0.0 0.0 0.0 0.0 0.0 0.0 0.0 0.0 0.0 0.0 0.0 0.0 0.0 0.0 0.0 0.0 0.0 0.0 0.0 0.0 0.0 0.0 0.0 0.0 0.0 0.0 0.0 0.0 0.0 0.0 0.0 0.0 0.0 0.0 0.0 0.0 0.0 0.0 0.0 0.0 0.0 0.0 0.0 0.0 0.0 0.0 0.0 0.0 0.0 0.0 0.0 0.0 0.0 0.0 0.0 0.0 0.0 0.0 0.0 0.0 0.0 0.0 0.0 0.0 0.0 0.0 0.001 0.001 0.002 0.002 0.002 0.003 0.003 0.004 0.004 0.005 0.005 0.006 0.006 0.006 0.007 0.008 0.009 0.01 0.011 0.012 0.013 0.014 0.016 0.017 0.019 0.02 0.021 0.023 0.024 0.025 0.027 0.028 0.033 0.037 0.041 0.046 0.05 0.053 0.056 0.059 0.062 0.065 0.068 0.071 0.074 0.077 0.08 0.083 0.089 0.098
0.0 0.0 0.0 0.0 0.0 0.0 0.0 0.0 0.0 0.0 0.0 0.0 0.0 0.0 0.0 0.0 0.0 0.0 0.0 0.0 0.0 0.0 0.0 0.0 0.0 0.0 0.0 0.0 0.0 0.0 0.0 0.0 0.0 0.0 0.0 0.0 0.0 0.0 0.0 0.0 0.0 0.0 0.0 0.0 0.0 0.0 0.0 0.0 0.0 0.0 0.0 0.0 0.0 0.0 0.0 0.0 0.0 0.0 0.0 0.0 0.0 0.0 0.0 0.0 0.0 0.0 0.0 0.0 0.0 0.0 0.0 0.0 0.0 0.0 0.0 0.0 0.0 0.0 0.0 0.0 0.0 0.0 0.0 0.0 0.0 0.0 0.001 0.001 0.002 0.002 0.002 0.003 0.003 0.004 0.004 0.005 0.005 0.006 0.006 0.006 0.007 0.008 0.009 0.01 0.011 0.012 0.013 0.015 0.016 0.017 0.019 0.02 0.022 0.023 0.024 0.026 0.027 0.029 0.033 0.037 0.042 0.046 0.05 0.053 0.056 0.058 0.061 0.064 0.067 0.07 0.073 0.076 0.079 0.082 0.089 0.097
0.0 0.0 0.0 0.0 0.0 0.0 0.0 0.0 0.0 0.0 0.0 0.0 0.0 0.0 0.0 0.0 0.0 0.0 0.0 0.0 0.0 0.0 0.0 0.0 0.0 0.0 0.0 0.0 0.0 0.0 0.0 0.0 0.0 0.0 0.0 0.0 0.0 0.0 0.0 0.0 0.0 0.0 0.0 0.0 0.0 0.0 0.0 0.0 0.0 0.0 0.0 0.0 0.0 0.0 0.0 0.0 0.0 0.0 0.0 0.0 0.0 0.0 0.0 0.0 0.0 0.0 0.0 0.0 0.0 0.0 0.0 0.0 0.0 0.0 0.0 0.0 0.0 0.0 0.0 0.0 0.0 0.0 0.0 0.0 0.0 0.0 0.001 0.001 0.002 0.002 0.002 0.003 0.003 0.004 0.004 0.005 0.005 0.006 0.006 0.007 0.007 0.008 0.009 0.01 0.011 0.012 0.014 0.015 0.016 0.018 0.019 0.021 0.022 0.023 0.025 0.026 0.028 0.029 0.033 0.038 0.042 0.046 0.049 0.052 0.055 0.058 0.061 0.064 0.067 0.07 0.073 0.076 0.079 0.082 0.088 0.097
0.0 0.0 0.0 0.0 0.0 0.0 0.0 0.0 0.0 0.0 0.0 0.0 0.0 0.0 0.0 0.0 0.0 0.0 0.0 0.0 0.0 0.0 0.0 0.0 0.0 0.0 0.0 0.0 0.0 0.0 0.0 0.0 0.0 0.0 0.0 0.0 0.0 0.0 0.0 0.0 0.0 0.0 0.0 0.0 0.0 0.0 0.0 0.0 0.0 0.0 0.0 0.0 0.0 0.0 0.0 0.0 0.0 0.0 0.0 0.0 0.0 0.0 0.0 0.0 0.0 0.0 0.0 0.0 0.0 0.0 0.0 0.0 0.0 0.0 0.0 0.0 0.0 0.0 0.0 0.0 0.0 0.0 0.0 0.0 0.0 0.0 0.001 0.001 0.002 0.002 0.003 0.003 0.003 0.004 0.004 0.005 0.005 0.006 0.006 0.007 0.007 0.008 0.009 0.01 0.011 0.013 0.014 0.015 0.017 0.018 0.02 0.021 0.022 0.024 0.025 0.027 0.028 0.03 0.034 0.038 0.042 0.045 0.048 0.051 0.054 0.057 0.06 0.063 0.066 0.069 0.072 0.075 0.078 0.081 0.088 0.096
0.0 0.0 0.0 0.0 0.0 0.0 0.0 0.0 0.0 0.0 0.0 0.0 0.0 0.0 0.0 0.0 0.0 0.0 0.0 0.0 0.0 0.0 0.0 0.0 0.0 0.0 0.0 0.0 0.0 0.0 0.0 0.0 0.0 0.0 0.0 0.0 0.0 0.0 0.0 0.0 0.0 0.0 0.0 0.0 0.0 0.0 0.0 0.0 0.0 0.0 0.0 0.0 0.0 0.0 0.0 0.0 0.0 0.0 0.0 0.0 0.0 0.0 0.0 0.0 0.0 0.0 0.0 0.0 0.0 0.0 0.0 0.0 0.0 0.0 0.0 0.0 0.0 0.0 0.0 0.0 0.0 0.0 0.0 0.0 0.0 0.0 0.001 0.001 0.002 0.002 0.003 0.003 0.003 0.004 0.004 0.005 0.005 0.006 0.006 0.007 0.007 0.008 0.009 0.01 0.012 0.013 0.014 0.016 0.017 0.019 0.02 0.021 0.023 0.024 0.025 0.027 0.028 0.03 0.034 0.039 0.041 0.044 0.047 0.05 0.053 0.056 0.059 0.062 0.065 0.068 0.071 0.074 0.077 0.08 0.087 0.096
0.0 0.0 0.0 0.0 0.0 0.0 0.0 0.0 0.0 0.0 0.0 0.0 0.0 0.0 0.0 0.0 0.0 0.0 0.0 0.0 0.0 0.0 0.0 0.0 0.0 0.0 0.0 0.0 0.0 0.0 0.0 0.0 0.0 0.0 0.0 0.0 0.0 0.0 0.0 0.0 0.0 0.0 0.0 0.0 0.0 0.0 0.0 0.0 0.0 0.0 0.0 0.0 0.0 0.0 0.0 0.0 0.0 0.0 0.0 0.0 0.0 0.0 0.0 0.0 0.0 0.0 0.0 0.0 0.0 0.0 0.0 0.0 0.0 0.0 0.0 0.0 0.0 0.0 0.0 0.0 0.0 0.0 0.0 0.0 0.0 0.0 0.001 0.001 0.002 0.002 0.003 0.003 0.004 0.004 0.004 0.005 0.005 0.006 0.006 0.007 0.007 0.008 0.009 0.011 0.012 0.013 0.015 0.016 0.018 0.019 0.02 0.022 0.023 0.024 0.026 0.027 0.029 0.03 0.035 0.038 0.041 0.044 0.047 0.05 0.053 0.056 0.059 0.062 0.065 0.068 0.07 0.073 0.076 0.079 0.086 0.094
0.0 0.0 0.0 0.0 0.0 0.0 0.0 0.0 0.0 0.0 0.0 0.0 0.0 0.0 0.0 0.0 0.0 0.0 0.0 0.0 0.0 0.0 0.0 0.0 0.0 0.0 0.0 0.0 0.0 0.0 0.0 0.0 0.0 0.0 0.0 0.0 0.0 0.0 0.0 0.0 0.0 0.0 0.0 0.0 0.0 0.0 0.0 0.0 0.0 0.0 0.0 0.0 0.0 0.0 0.0 0.0 0.0 0.0 0.0 0.0 0.0 0.0 0.0 0.0 0.0 0.0 0.0 0.0 0.0 0.0 0.0 0.0 0.0 0.0 0.0 0.0 0.0 0.0 0.0 0.0 0.0 0.0 0.0 0.0 0.0 0.0 0.001 0.001 0.002 0.002 0.003 0.003 0.004 0.004 0.005 0.005 0.005 0.006 0.006 0.007 0.007 0.008 0.01 0.011 0.012 0.014 0.015 0.016 0.018 0.019 0.021 0.022 0.023 0.025 0.026 0.028 0.029 0.031 0.034 0.037 0.04 0.043 0.046 0.049 0.052 0.055 0.058 0.061 0.064 0.067 0.07 0.073 0.076 0.079 0.086 0.091
0.0 0.0 0.0 0.0 0.0 0.0 0.0 0.0 0.0 0.0 0.0 0.0 0.0 0.0 0.0 0.0 0.0 0.0 0.0 0.0 0.0 0.0 0.0 0.0 0.0 0.0 0.0 0.0 0.0 0.0 0.0 0.0 0.0 0.0 0.0 0.0 0.0 0.0 0.0 0.0 0.0 0.0 0.0 0.0 0.0 0.0 0.0 0.0 0.0 0.0 0.0 0.0 0.0 0.0 0.0 0.0 0.0 0.0 0.0 0.0 0.0 0.0 0.0 0.0 0.0 0.0 0.0 0.0 0.0 0.0 0.0 0.0 0.0 0.0 0.0 0.0 0.0 0.0 0.0 0.0 0.0 0.0 0.0 0.0 0.0 0.0 0.001 0.001 0.002 0.002 0.003 0.003 0.004 0.004 0.004 0.005 0.005 0.006 0.006 0.007 0.007 0.008 0.01 0.011 0.012 0.014 0.015 0.017 0.018 0.019 0.021 0.022 0.023 0.025 0.026 0.028 0.029 0.031 0.034 0.037 0.04 0.043 0.046 0.049 0.051 0.054 0.057 0.06 0.063 0.066 0.069 0.072 0.075 0.078 0.085 0.091
0.0 0.0 0.0 0.0 0.0 0.0 0.0 0.0 0.0 0.0 0.0 0.0 0.0 0.0 0.0 0.0 0.0 0.0 0.0 0.0 0.0 0.0 0.0 0.0 0.0 0.0 0.0 0.0 0.0 0.0 0.0 0.0 0.0 0.0 0.0 0.0 0.0 0.0 0.0 0.0 0.0 0.0 0.0 0.0 0.0 0.0 0.0 0.0 0.0 0.0 0.0 0.0 0.0 0.0 0.0 0.0 0.0 0.0 0.0 0.0 0.0 0.0 0.0 0.0 0.0 0.0 0.0 0.0 0.0 0.0 0.0 0.0 0.0 0.0 0.0 0.0 0.0 0.0 0.0 0.0 0.0 0.0 0.0 0.0 0.0 0.0 0.001 0.001 0.002 0.002 0.003 0.003 0.003 0.004 0.004 0.005 0.005 0.006 0.006 0.007 0.007 0.008 0.009 0.011 0.012 0.014 0.015 0.016 0.018 0.019 0.021 0.022 0.023 0.025 0.026 0.028 0.029 0.031 0.034 0.037 0.04 0.042 0.045 0.048 0.051 0.054 0.057 0.06 0.063 0.066 0.069 0.072 0.075 0.08 0.091 0.099
0.0 0.0 0.0 0.0 0.0 0.0 0.0 0.0 0.0 0.0 0.0 0.0 0.0 0.0 0.0 0.0 0.0 0.0 0.0 0.0 0.0 0.0 0.0 0.0 0.0 0.0 0.0 0.0 0.0 0.0 0.0 0.0 0.0 0.0 0.0 0.0 0.0 0.0 0.0 0.0 0.0 0.0 0.0 0.0 0.0 0.0 0.0 0.0 0.0 0.0 0.0 0.0 0.0 0.0 0.0 0.0 0.0 0.0 0.0 0.0 0.0 0.0 0.0 0.0 0.0 0.0 0.0 0.0 0.0 0.0 0.0 0.0 0.0 0.0 0.0 0.0 0.0 0.0 0.0 0.0 0.0 0.0 0.0 0.0 0.0 0.0 0.001 0.001 0.001 0.002 0.002 0.003 0.003 0.004 0.004 0.005 0.005 0.006 0.006 0.006 0.007 0.008 0.009 0.011 0.012 0.013 0.015 0.016 0.018 0.019 0.02 0.022 0.023 0.025 0.026 0.027 0.029 0.031 0.034 0.036 0.039 0.042 0.045 0.048 0.051 0.054 0.057 0.06 0.063 0.066 0.069 0.072 0.076 0.082 0.093 0.106
0.0 0.0 0.0 0.0 0.0 0.0 0.0 0.0 0.0 0.0 0.0 0.0 0.0 0.0 0.0 0.0 0.0 0.0 0.0 0.0 0.0 0.0 0.0 0.0 0.0 0.0 0.0 0.0 0.0 0.0 0.0 0.0 0.0 0.0 0.0 0.0 0.0 0.0 0.0 0.0 0.0 0.0 0.0 0.0 0.0 0.0 0.0 0.0 0.0 0.0 0.0 0.0 0.0 0.0 0.0 0.0 0.0 0.0 0.0 0.0 0.0 0.0 0.0 0.0 0.0 0.0 0.0 0.0 0.0 0.0 0.0 0.0 0.0 0.0 0.0 0.0 0.0 0.0 0.0 0.0 0.0 0.0 0.0 0.0 0.0 0.0 0.001 0.001 0.001 0.002 0.002 0.003 0.003 0.004 0.004 0.005 0.005 0.005 0.006 0.006 0.007 0.008 0.009 0.011 0.012 0.013 0.015 0.016 0.018 0.019 0.02 0.022 0.023 0.024 0.026 0.027 0.029 0.03 0.033 0.036 0.039 0.042 0.045 0.048 0.051 0.054 0.057 0.06 0.063 0.066 0.069 0.073 0.078 0.083 0.095 0.108
0.0 0.0 0.0 0.0 0.0 0.0 0.0 0.0 0.0 0.0 0.0 0.0 0.0 0.0 0.0 0.0 0.0 0.0 0.0 0.0 0.0 0.0 0.0 0.0 0.0 0.0 0.0 0.0 0.0 0.0 0.0 0.0 0.0 0.0 0.0 0.0 0.0 0.0 0.0 0.0 0.0 0.0 0.0 0.0 0.0 0.0 0.0 0.0 0.0 0.0 0.0 0.0 0.0 0.0 0.0 0.0 0.0 0.0 0.0 0.0 0.0 0.0 0.0 0.0 0.0 0.0 0.0 0.0 0.0 0.0 0.0 0.0 0.0 0.0 0.0 0.0 0.0 0.0 0.0 0.0 0.0 0.0 0.0 0.0 0.0 0.0 0.001 0.001 0.001 0.002 0.002 0.003 0.003 0.004 0.004 0.004 0.005 0.005 0.006 0.006 0.007 0.008 0.009 0.01 0.012 0.013 0.015 0.016 0.017 0.019 0.02 0.022 0.023 0.024 0.026 0.027 0.029 0.03 0.033 0.036 0.039 0.042 0.045 0.048 0.051 0.054 0.057 0.06 0.063 0.066 0.07 0.075 0.08 0.085 0.097 0.11
0.0 0.0 0.0 0.0 0.0 0.0 0.0 0.0 0.0 0.0 0.0 0.0 0.0 0.0 0.0 0.0 0.0 0.0 0.0 0.0 0.0 0.0 0.0 0.0 0.0 0.0 0.0 0.0 0.0 0.0 0.0 0.0 0.0 0.0 0.0 0.0 0.0 0.0 0.0 0.0 0.0 0.0 0.0 0.0 0.0 0.0 0.0 0.0 0.0 0.0 0.0 0.0 0.0 0.0 0.0 0.0 0.0 0.0 0.0 0.0 0.0 0.0 0.0 0.0 0.0 0.0 0.0 0.0 0.0 0.0 0.0 0.0 0.0 0.0 0.0 0.0 0.0 0.0 0.0 0.0 0.0 0.0 0.0 0.0 0.0 0.0 0.001 0.001 0.001 0.002 0.002 0.003 0.003 0.003 0.004 0.004 0.005 0.005 0.006 0.006 0.007 0.008 0.009 0.01 0.012 0.013 0.014 0.016 0.017 0.019 0.02 0.021 0.023 0.024 0.026 0.027 0.028 0.03 0.033 0.036 0.039 0.042 0.045 0.048 0.051 0.054 0.057 0.06 0.063 0.066 0.071 0.077 0.082 0.087 0.099 0.112
0.0 0.0 0.0 0.0 0.0 0.0 0.0 0.0 0.0 0.0 0.0 0.0 0.0 0.0 0.0 0.0 0.0 0.0 0.0 0.0 0.0 0.0 0.0 0.0 0.0 0.0 0.0 0.0 0.0 0.0 0.0 0.0 0.0 0.0 0.0 0.0 0.0 0.0 0.0 0.0 0.0 0.0 0.0 0.0 0.0 0.0 0.0 0.0 0.0 0.0 0.0 0.0 0.0 0.0 0.0 0.0 0.0 0.0 0.0 0.0 0.0 0.0 0.0 0.0 0.0 0.0 0.0 0.0 0.0 0.0 0.0 0.0 0.0 0.0 0.0 0.0 0.0 0.0 0.0 0.0 0.0 0.0 0.0 0.0 0.0 0.0 0.001 0.001 0.001 0.002 0.002 0.002 0.003 0.003 0.004 0.004 0.005 0.005 0.006 0.006 0.007 0.008 0.009 0.01 0.012 0.013 0.014 0.016 0.017 0.019 0.02 0.021 0.023 0.024 0.025 0.027 0.028 0.03 0.033 0.036 0.039 0.042 0.045 0.048 0.051 0.054 0.057 0.06 0.063 0.068 0.073 0.079 0.084 0.089 0.101 0.114
0.0 0.0 0.0 0.0 0.0 0.0 0.0 0.0 0.0 0.0 0.0 0.0 0.0 0.0 0.0 0.0 0.0 0.0 0.0 0.0 0.0 0.0 0.0 0.0 0.0 0.0 0.0 0.0 0.0 0.0 0.0 0.0 0.0 0.0 0.0 0.0 0.0 0.0 0.0 0.0 0.0 0.0 0.0 0.0 0.0 0.0 0.0 0.0 0.0 0.0 0.0 0.0 0.0 0.0 0.0 0.0 0.0 0.0 0.0 0.0 0.0 0.0 0.0 0.0 0.0 0.0 0.0 0.0 0.0 0.0 0.0 0.0 0.0 0.0 0.0 0.0 0.0 0.0 0.0 0.0 0.0 0.0 0.0 0.0 0.0 0.0 0.001 0.001 0.001 0.002 0.002 0.002 0.003 0.003 0.004 0.004 0.005 0.005 0.005 0.006 0.006 0.008 0.009 0.01 0.012 0.013 0.014 0.016 0.017 0.018 0.02 0.021 0.023 0.024 0.025 0.027 0.028 0.03 0.033 0.036 0.039 0.042 0.045 0.048 0.051 0.054 0.057 0.06 0.065 0.07 0.075 0.08 0.086 0.091 0.103 0.116
0.0 0.0 0.0 0.0 0.0 0.0 0.0 0.0 0.0 0.0 0.0 0.0 0.0 0.0 0.0 0.0 0.0 0.0 0.0 0.0 0.0 0.0 0.0 0.0 0.0 0.0 0.0 0.0 0.0 0.0 0.0 0.0 0.0 0.0 0.0 0.0 0.0 0.0 0.0 0.0 0.0 0.0 0.0 0.0 0.0 0.0 0.0 0.0 0.0 0.0 0.0 0.0 0.0 0.0 0.0 0.0 0.0 0.0 0.0 0.0 0.0 0.0 0.0 0.0 0.0 0.0 0.0 0.0 0.0 0.0 0.0 0.0 0.0 0.0 0.0 0.0 0.0 0.0 0.0 0.0 0.0 0.0 0.0 0.0 0.0 0.0 0.001 0.001 0.001 0.002 0.002 0.002 0.003 0.003 0.004 0.004 0.004 0.005 0.005 0.006 0.006 0.007 0.009 0.01 0.011 0.013 0.014 0.015 0.017 0.018 0.02 0.021 0.022 0.024 0.025 0.027 0.028 0.03 0.033 0.036 0.039 0.042 0.045 0.048 0.051 0.054 0.057 0.061 0.066 0.072 0.077 0.082 0.087 0.093 0.105 0.118
0.0 0.0 0.0 0.0 0.0 0.0 0.0 0.0 0.0 0.0 0.0 0.0 0.0 0.0 0.0 0.0 0.0 0.0 0.0 0.0 0.0 0.0 0.0 0.0 0.0 0.0 0.0 0.0 0.0 0.0 0.0 0.0 0.0 0.0 0.0 0.0 0.0 0.0 0.0 0.0 0.0 0.0 0.0 0.0 0.0 0.0 0.0 0.0 0.0 0.0 0.0 0.0 0.0 0.0 0.0 0.0 0.0 0.0 0.0 0.0 0.0 0.0 0.0 0.0 0.0 0.0 0.0 0.0 0.0 0.0 0.0 0.0 0.0 0.0 0.0 0.0 0.0 0.0 0.0 0.0 0.0 0.0 0.0 0.0 0.0 0.0 0.001 0.001 0.001 0.002 0.002 0.002 0.003 0.003 0.003 0.004 0.004 0.005 0.005 0.006 0.006 0.007 0.009 0.01 0.011 0.013 0.014 0.015 0.017 0.018 0.02 0.021 0.022 0.024 0.025 0.026 0.028 0.03 0.033 0.036 0.039 0.042 0.045 0.048 0.051 0.053 0.058 0.063 0.068 0.074 0.079 0.084 0.089 0.095 0.107 0.12
0.0 0.0 0.0 0.0 0.0 0.0 0.0 0.0 0.0 0.0 0.0 0.0 0.0 0.0 0.0 0.0 0.0 0.0 0.0 0.0 0.0 0.0 0.0 0.0 0.0 0.0 0.0 0.0 0.0 0.0 0.0 0.0 0.0 0.0 0.0 0.0 0.0 0.0 0.0 0.0 0.0 0.0 0.0 0.0 0.0 0.0 0.0 0.0 0.0 0.0 0.0 0.0 0.0 0.0 0.0 0.0 0.0 0.0 0.0 0.0 0.0 0.0 0.0 0.0 0.0 0.0 0.0 0.0 0.0 0.0 0.0 0.0 0.0 0.0 0.0 0.0 0.0 0.0 0.0 0.0 0.0 0.0 0.0 0.0 0.0 0.0 0.001 0.001 0.001 0.002 0.002 0.002 0.003 0.003 0.003 0.004 0.004 0.005 0.005 0.006 0.006 0.007 0.009 0.01 0.011 0.013 0.014 0.015 0.017 0.018 0.019 0.021 0.022 0.024 0.025 0.026 0.028 0.03 0.033 0.036 0.039 0.042 0.045 0.047 0.05 0.054 0.06 0.065 0.07 0.075 0.081 0.086 0.091 0.096 0.109 0.122
0.0 0.0 0.0 0.0 0.0 0.0 0.0 0.0 0.0 0.0 0.0 0.0 0.0 0.0 0.0 0.0 0.0 0.0 0.0 0.0 0.0 0.0 0.0 0.0 0.0 0.0 0.0 0.0 0.0 0.0 0.0 0.0 0.0 0.0 0.0 0.0 0.0 0.0 0.0 0.0 0.0 0.0 0.0 0.0 0.0 0.0 0.0 0.0 0.0 0.0 0.0 0.0 0.0 0.0 0.0 0.0 0.0 0.0 0.0 0.0 0.0 0.0 0.0 0.0 0.0 0.0 0.0 0.0 0.0 0.0 0.0 0.0 0.0 0.0 0.0 0.0 0.0 0.0 0.0 0.0 0.0 0.0 0.0 0.0 0.0 0.0 0.001 0.001 0.001 0.002 0.002 0.002 0.003 0.003 0.003 0.004 0.004 0.005 0.005 0.006 0.006 0.007 0.008 0.01 0.011 0.013 0.014 0.015 0.017 0.018 0.019 0.021 0.022 0.023 0.025 0.026 0.028 0.03 0.033 0.036 0.038 0.041 0.044 0.047 0.051 0.056 0.062 0.067 0.072 0.077 0.083 0.088 0.093 0.098 0.111 0.124
0.0 0.0 0.0 0.0 0.0 0.0 0.0 0.0 0.0 0.0 0.0 0.0 0.0 0.0 0.0 0.0 0.0 0.0 0.0 0.0 0.0 0.0 0.0 0.0 0.0 0.0 0.0 0.0 0.0 0.0 0.0 0.0 0.0 0.0 0.0 0.0 0.0 0.0 0.0 0.0 0.0 0.0 0.0 0.0 0.0 0.0 0.0 0.0 0.0 0.0 0.0 0.0 0.0 0.0 0.0 0.0 0.0 0.0 0.0 0.0 0.0 0.0 0.0 0.0 0.0 0.0 0.0 0.0 0.0 0.0 0.0 0.0 0.0 0.0 0.0 0.0 0.0 0.0 0.0 0.0 0.0 0.0 0.0 0.0 0.0 0.0 0.001 0.001 0.001 0.002 0.002 0.002 0.003 0.003 0.003 0.004 0.004 0.005 0.005 0.005 0.006 0.007 0.008 0.01 0.011 0.012 0.014 0.015 0.016 0.018 0.019 0.021 0.022 0.023 0.025 0.026 0.028 0.029 0.032 0.035 0.038 0.041 0.044 0.048 0.053 0.058 0.063 0.069 0.074 0.079 0.084 0.09 0.095 0.1 0.113 0.126
0.0 0.0 0.0 0.0 0.0 0.0 0.0 0.0 0.0 0.0 0.0 0.0 0.0 0.0 0.0 0.0 0.0 0.0 0.0 0.0 0.0 0.0 0.0 0.0 0.0 0.0 0.0 0.0 0.0 0.0 0.0 0.0 0.0 0.0 0.0 0.0 0.0 0.0 0.0 0.0 0.0 0.0 0.0 0.0 0.0 0.0 0.0 0.0 0.0 0.0 0.0 0.0 0.0 0.0 0.0 0.0 0.0 0.0 0.0 0.0 0.0 0.0 0.0 0.0 0.0 0.0 0.0 0.0 0.0 0.0 0.0 0.0 0.0 0.0 0.0 0.0 0.0 0.0 0.0 0.0 0.0 0.0 0.0 0.0 0.0 0.0 0.001 0.001 0.001 0.002 0.002 0.002 0.003 0.003 0.003 0.004 0.004 0.004 0.005 0.005 0.006 0.007 0.008 0.01 0.011 0.012 0.014 0.015 0.016 0.018 0.019 0.02 0.022 0.023 0.025 0.026 0.027 0.029 0.032 0.035 0.038 0.041 0.044 0.05 0.055 0.06 0.065 0.07 0.076 0.081 0.086 0.091 0.097 0.102 0.115 0.128
0.0 0.0 0.0 0.0 0.0 0.0 0.0 0.0 0.0 0.0 0.0 0.0 0.0 0.0 0.0 0.0 0.0 0.0 0.0 0.0 0.0 0.0 0.0 0.0 0.0 0.0 0.0 0.0 0.0 0.0 0.0 0.0 0.0 0.0 0.0 0.0 0.0 0.0 0.0 0.0 0.0 0.0 0.0 0.0 0.0 0.0 0.0 0.0 0.0 0.0 0.0 0.0 0.0 0.0 0.0 0.0 0.0 0.0 0.0 0.0 0.0 0.0 0.0 0.0 0.0 0.0 0.0 0.0 0.0 0.0 0.0 0.0 0.0 0.0 0.0 0.0 0.0 0.0 0.0 0.0 0.0 0.0 0.0 0.0 0.0 0.0 0.001 0.001 0.001 0.002 0.002 0.002 0.003 0.003 0.003 0.004 0.004 0.004 0.005 0.005 0.006 0.007 0.008 0.01 0.011 0.012 0.014 0.015 0.016 0.018 0.019 0.02 0.022 0.023 0.024 0.026 0.027 0.029 0.032 0.035 0.038 0.041 0.046 0.051 0.057 0.062 0.067 0.072 0.078 0.083 0.088 0.093 0.099 0.104 0.117 0.13
0.0 0.0 0.0 0.0 0.0 0.0 0.0 0.0 0.0 0.0 0.0 0.0 0.0 0.0 0.0 0.0 0.0 0.0 0.0 0.0 0.0 0.0 0.0 0.0 0.0 0.0 0.0 0.0 0.0 0.0 0.0 0.0 0.0 0.0 0.0 0.0 0.0 0.0 0.0 0.0 0.0 0.0 0.0 0.0 0.0 0.0 0.0 0.0 0.0 0.0 0.0 0.0 0.0 0.0 0.0 0.0 0.0 0.0 0.0 0.0 0.0 0.0 0.0 0.0 0.0 0.0 0.0 0.0 0.0 0.0 0.0 0.0 0.0 0.0 0.0 0.0 0.0 0.0 0.0 0.0 0.0 0.0 0.0 0.0 0.0 0.0 0.001 0.001 0.001 0.002 0.002 0.002 0.003 0.003 0.003 0.004 0.004 0.004 0.005 0.005 0.006 0.007 0.008 0.009 0.011 0.012 0.014 0.015 0.016 0.018 0.019 0.02 0.022 0.023 0.024 0.026 0.027 0.029 0.032 0.035 0.038 0.043 0.048 0.053 0.058 0.064 0.069 0.074 0.079 0.085 0.09 0.095 0.1 0.106 0.119 0.132
0.0 0.0 0.0 0.0 0.0 0.0 0.0 0.0 0.0 0.0 0.0 0.0 0.0 0.0 0.0 0.0 0.0 0.0 0.0 0.0 0.0 0.0 0.0 0.0 0.0 0.0 0.0 0.0 0.0 0.0 0.0 0.0 0.0 0.0 0.0 0.0 0.0 0.0 0.0 0.0 0.0 0.0 0.0 0.0 0.0 0.0 0.0 0.0 0.0 0.0 0.0 0.0 0.0 0.0 0.0 0.0 0.0 0.0 0.0 0.0 0.0 0.0 0.0 0.0 0.0 0.0 0.0 0.0 0.0 0.0 0.0 0.0 0.0 0.0 0.0 0.0 0.0 0.0 0.0 0.0 0.0 0.0 0.0 0.0 0.0 0.0 0.001 0.001 0.001 0.002 0.002 0.002 0.003 0.003 0.003 0.004 0.004 0.004 0.005 0.005 0.005 0.007 0.008 0.009 0.011 0.012 0.013 0.015 0.016 0.017 0.019 0.02 0.021 0.023 0.024 0.026 0.027 0.029 0.032 0.035 0.039 0.045 0.05 0.055 0.06 0.066 0.071 0.076 0.081 0.086 0.092 0.097 0.102 0.108 0.121 0.134
0.0 0.0 0.0 0.0 0.0 0.0 0.0 0.0 0.0 0.0 0.0 0.0 0.0 0.0 0.0 0.0 0.0 0.0 0.0 0.0 0.0 0.0 0.0 0.0 0.0 0.0 0.0 0.0 0.0 0.0 0.0 0.0 0.0 0.0 0.0 0.0 0.0 0.0 0.0 0.0 0.0 0.0 0.0 0.0 0.0 0.0 0.0 0.0 0.0 0.0 0.0 0.0 0.0 0.0 0.0 0.0 0.0 0.0 0.0 0.0 0.0 0.0 0.0 0.0 0.0 0.0 0.0 0.0 0.0 0.0 0.0 0.0 0.0 0.0 0.0 0.0 0.0 0.0 0.0 0.0 0.0 0.0 0.0 0.0 0.0 0.0 0.001 0.001 0.001 0.002 0.002 0.002 0.003 0.003 0.003 0.004 0.004 0.004 0.004 0.005 0.005 0.007 0.008 0.009 0.011 0.012 0.013 0.015 0.016 0.017 0.019 0.02 0.021 0.023 0.024 0.025 0.027 0.029 0.032 0.036 0.041 0.046 0.052 0.057 0.062 0.067 0.073 0.078 0.083 0.088 0.094 0.099 0.104 0.11 0.123 0.136
0.0 0.0 0.0 0.0 0.0 0.0 0.0 0.0 0.0 0.0 0.0 0.0 0.0 0.0 0.0 0.0 0.0 0.0 0.0 0.0 0.0 0.0 0.0 0.0 0.0 0.0 0.0 0.0 0.0 0.0 0.0 0.0 0.0 0.0 0.0 0.0 0.0 0.0 0.0 0.0 0.0 0.0 0.0 0.0 0.0 0.0 0.0 0.0 0.0 0.0 0.0 0.0 0.0 0.0 0.0 0.0 0.0 0.0 0.0 0.0 0.0 0.0 0.0 0.0 0.0 0.0 0.0 0.0 0.0 0.0 0.0 0.0 0.0 0.0 0.0 0.0 0.0 0.0 0.0 0.0 0.0 0.0 0.0 0.0 0.0 0.0 0.001 0.001 0.001 0.002 0.002 0.002 0.003 0.003 0.003 0.004 0.004 0.004 0.004 0.005 0.005 0.006 0.008 0.009 0.011 0.012 0.013 0.015 0.016 0.017 0.019 0.02 0.021 0.023 0.024 0.025 0.027 0.029 0.033 0.038 0.043 0.048 0.053 0.059 0.064 0.069 0.074 0.08 0.085 0.09 0.095 0.101 0.106 0.112 0.125 0.138
0.0 0.0 0.0 0.0 0.0 0.0 0.0 0.0 0.0 0.0 0.0 0.0 0.0 0.0 0.0 0.0 0.0 0.0 0.0 0.0 0.0 0.0 0.0 0.0 0.0 0.0 0.0 0.0 0.0 0.0 0.0 0.0 0.0 0.0 0.0 0.0 0.0 0.0 0.0 0.0 0.0 0.0 0.0 0.0 0.0 0.0 0.0 0.0 0.0 0.0 0.0 0.0 0.0 0.0 0.0 0.0 0.0 0.0 0.0 0.0 0.0 0.0 0.0 0.0 0.0 0.0 0.0 0.0 0.0 0.0 0.0 0.0 0.0 0.0 0.0 0.0 0.0 0.0 0.0 0.0 0.0 0.0 0.0 0.0 0.0 0.0 0.001 0.001 0.001 0.002 0.002 0.002 0.003 0.003 0.003 0.004 0.004 0.004 0.004 0.005 0.005 0.006 0.008 0.009 0.01 0.012 0.013 0.014 0.016 0.017 0.019 0.02 0.021 0.023 0.024 0.025 0.027 0.029 0.034 0.04 0.045 0.05 0.055 0.061 0.066 0.071 0.076 0.082 0.087 0.092 0.097 0.103 0.108 0.114 0.127 0.14
0.0 0.0 0.0 0.0 0.0 0.0 0.0 0.0 0.0 0.0 0.0 0.0 0.0 0.0 0.0 0.0 0.0 0.0 0.0 0.0 0.0 0.0 0.0 0.0 0.0 0.0 0.0 0.0 0.0 0.0 0.0 0.0 0.0 0.0 0.0 0.0 0.0 0.0 0.0 0.0 0.0 0.0 0.0 0.0 0.0 0.0 0.0 0.0 0.0 0.0 0.0 0.0 0.0 0.0 0.0 0.0 0.0 0.0 0.0 0.0 0.0 0.0 0.0 0.0 0.0 0.0 0.0 0.0 0.0 0.0 0.0 0.0 0.0 0.0 0.0 0.0 0.0 0.0 0.0 0.0 0.0 0.0 0.0 0.0 0.0 0.0 0.001 0.001 0.001 0.002 0.002 0.002 0.003 0.003 0.003 0.004 0.004 0.004 0.005 0.005 0.005 0.006 0.008 0.009 0.01 0.012 0.013 0.014 0.016 0.017 0.018 0.02 0.021 0.022 0.024 0.025 0.026 0.029 0.034 0.039 0.045 0.05 0.055 0.06 0.066 0.071 0.076 0.082 0.087 0.092 0.098 0.103 0.108 0.114 0.128 0.141
0.0 0.0 0.0 0.0 0.0 0.0 0.0 0.0 0.0 0.0 0.0 0.0 0.0 0.0 0.0 0.0 0.0 0.0 0.0 0.0 0.0 0.0 0.0 0.0 0.0 0.0 0.0 0.0 0.0 0.0 0.0 0.0 0.0 0.0 0.0 0.0 0.0 0.0 0.0 0.0 0.0 0.0 0.0 0.0 0.0 0.0 0.0 0.0 0.0 0.0 0.0 0.0 0.0 0.0 0.0 0.0 0.0 0.0 0.0 0.0 0.0 0.0 0.0 0.0 0.0 0.0 0.0 0.0 0.0 0.0 0.0 0.0 0.0 0.0 0.0 0.0 0.0 0.0 0.0 0.0 0.0 0.0 0.0 0.0 0.0 0.0 0.001 0.001 0.001 0.002 0.002 0.002 0.003 0.003 0.003 0.004 0.004 0.004 0.005 0.005 0.005 0.006 0.007 0.009 0.01 0.011 0.013 0.014 0.015 0.017 0.018 0.019 0.021 0.022 0.024 0.025 0.025 0.027 0.032 0.037 0.042 0.048 0.053 0.058 0.064 0.069 0.074 0.079 0.085 0.09 0.095 0.101 0.106 0.112 0.125 0.139
0.0 0.0 0.0 0.0 0.0 0.0 0.0 0.0 0.0 0.0 0.0 0.0 0.0 0.0 0.0 0.0 0.0 0.0 0.0 0.0 0.0 0.0 0.0 0.0 0.0 0.0 0.0 0.0 0.0 0.0 0.0 0.0 0.0 0.0 0.0 0.0 0.0 0.0 0.0 0.0 0.0 0.0 0.0 0.0 0.0 0.0 0.0 0.0 0.0 0.0 0.0 0.0 0.0 0.0 0.0 0.0 0.0 0.0 0.0 0.0 0.0 0.0 0.0 0.0 0.0 0.0 0.0 0.0 0.0 0.0 0.0 0.0 0.0 0.0 0.0 0.0 0.0 0.0 0.0 0.0 0.0 0.0 0.0 0.0 0.0 0.0 0.001 0.001 0.001 0.002 0.002 0.002 0.003 0.003 0.003 0.004 0.004 0.004 0.004 0.004 0.004 0.006 0.007 0.008 0.01 0.011 0.012 0.014 0.015 0.017 0.018 0.019 0.021 0.022 0.023 0.024 0.024 0.026 0.03 0.035 0.04 0.045 0.051 0.056 0.061 0.067 0.072 0.077 0.082 0.088 0.093 0.098 0.104 0.11 0.123 0.136
0.0 0.0 0.0 0.0 0.0 0.0 0.0 0.0 0.0 0.0 0.0 0.0 0.0 0.0 0.0 0.0 0.0 0.0 0.0 0.0 0.0 0.0 0.0 0.0 0.0 0.0 0.0 0.0 0.0 0.0 0.0 0.0 0.0 0.0 0.0 0.0 0.0 0.0 0.0 0.0 0.0 0.0 0.0 0.0 0.0 0.0 0.0 0.0 0.0 0.0 0.0 0.0 0.0 0.0 0.0 0.0 0.0 0.0 0.0 0.0 0.0 0.0 0.0 0.0 0.0 0.0 0.0 0.0 0.0 0.0 0.0 0.0 0.0 0.0 0.0 0.0 0.0 0.0 0.0 0.0 0.0 0.0 0.0 0.0 0.0 0.0 0.001 0.001 0.001 0.002 0.002 0.002 0.003 0.003 0.003 0.004 0.004 0.004 0.004 0.004 0.004 0.006 0.007 0.008 0.01 0.011 0.012 0.014 0.015 0.016 0.018 0.019 0.02 0.022 0.022 0.022 0.023 0.025 0.029 0.033 0.038 0.043 0.048 0.054 0.059 0.064 0.07 0.075 0.08 0.086 0.091 0.096 0.101 0.108 0.121 0.134
0.0 0.0 0.0 0.0 0.0 0.0 0.0 0.0 0.0 0.0 0.0 0.0 0.0 0.0 0.0 0.0 0.0 0.0 0.0 0.0 0.0 0.0 0.0 0.0 0.0 0.0 0.0 0.0 0.0 0.0 0.0 0.0 0.0 0.0 0.0 0.0 0.0 0.0 0.0 0.0 0.0 0.0 0.0 0.0 0.0 0.0 0.0 0.0 0.0 0.0 0.0 0.0 0.0 0.0 0.0 0.0 0.0 0.0 0.0 0.0 0.0 0.0 0.0 0.0 0.0 0.0 0.0 0.0 0.0 0.0 0.0 0.0 0.0 0.0 0.0 0.0 0.0 0.0 0.0 0.0 0.0 0.0 0.0 0.0 0.0 0.0 0.001 0.001 0.001 0.002 0.002 0.002 0.003 0.003 0.003 0.004 0.004 0.004 0.004 0.004 0.004 0.005 0.007 0.008 0.009 0.011 0.012 0.013 0.015 0.016 0.017 0.019 0.02 0.021 0.021 0.021 0.021 0.024 0.028 0.032 0.036 0.041 0.046 0.051 0.057 0.062 0.067 0.073 0.078 0.083 0.089 0.094 0.099 0.106 0.119 0.132
0.0 0.0 0.0 0.0 0.0 0.0 0.0 0.0 0.0 0.0 0.0 0.0 0.0 0.0 0.0 0.0 0.0 0.0 0.0 0.0 0.0 0.0 0.0 0.0 0.0 0.0 0.0 0.0 0.0 0.0 0.0 0.0 0.0 0.0 0.0 0.0 0.0 0.0 0.0 0.0 0.0 0.0 0.0 0.0 0.0 0.0 0.0 0.0 0.0 0.0 0.0 0.0 0.0 0.0 0.0 0.0 0.0 0.0 0.0 0.0 0.0 0.0 0.0 0.0 0.0 0.0 0.0 0.0 0.0 0.0 0.0 0.0 0.0 0.0 0.0 0.0 0.0 0.0 0.0 0.0 0.0 0.0 0.0 0.0 0.0 0.0 0.001 0.001 0.001 0.002 0.002 0.002 0.003 0.003 0.003 0.004 0.004 0.004 0.004 0.004 0.004 0.005 0.006 0.008 0.009 0.01 0.012 0.013 0.015 0.016 0.017 0.019 0.02 0.02 0.02 0.02 0.02 0.022 0.026 0.03 0.034 0.038 0.044 0.049 0.054 0.06 0.065 0.07 0.076 0.081 0.086 0.092 0.097 0.104 0.117 0.13
0.0 0.0 0.0 0.0 0.0 0.0 0.0 0.0 0.0 0.0 0.0 0.0 0.0 0.0 0.0 0.0 0.0 0.0 0.0 0.0 0.0 0.0 0.0 0.0 0.0 0.0 0.0 0.0 0.0 0.0 0.0 0.0 0.0 0.0 0.0 0.0 0.0 0.0 0.0 0.0 0.0 0.0 0.0 0.0 0.0 0.0 0.0 0.0 0.0 0.0 0.0 0.0 0.0 0.0 0.0 0.0 0.0 0.0 0.0 0.0 0.0 0.0 0.0 0.0 0.0 0.0 0.0 0.0 0.0 0.0 0.0 0.0 0.0 0.0 0.0 0.0 0.0 0.0 0.0 0.0 0.0 0.0 0.0 0.0 0.0 0.001 0.001 0.001 0.001 0.002 0.002 0.002 0.003 0.003 0.003 0.003 0.003 0.003 0.003 0.003 0.004 0.005 0.006 0.008 0.009 0.01 0.012 0.013 0.014 0.016 0.017 0.018 0.018 0.018 0.018 0.019 0.019 0.021 0.025 0.029 0.033 0.037 0.041 0.047 0.052 0.057 0.063 0.068 0.073 0.079 0.084 0.089 0.095 0.101 0.115 0.128
0.0 0.0 0.0 0.0 0.0 0.0 0.0 0.0 0.0 0.0 0.0 0.0 0.0 0.0 0.0 0.0 0.0 0.0 0.0 0.0 0.0 0.0 0.0 0.0 0.0 0.0 0.0 0.0 0.0 0.0 0.0 0.0 0.0 0.0 0.0 0.0 0.0 0.0 0.0 0.0 0.0 0.0 0.0 0.0 0.0 0.0 0.0 0.0 0.0 0.0 0.0 0.0 0.0 0.0 0.0 0.0 0.0 0.0 0.0 0.0 0.0 0.0 0.0 0.0 0.0 0.0 0.0 0.0 0.0 0.0 0.0 0.0 0.0 0.0 0.0 0.0 0.0 0.0 0.0 0.0 0.0 0.0 0.0 0.0 0.0 0.001 0.001 0.001 0.001 0.002 0.002 0.002 0.003 0.003 0.003 0.003 0.003 0.003 0.003 0.003 0.003 0.005 0.006 0.007 0.009 0.01 0.011 0.013 0.014 0.015 0.017 0.017 0.017 0.017 0.017 0.017 0.017 0.02 0.024 0.028 0.032 0.036 0.04 0.044 0.05 0.055 0.06 0.066 0.071 0.076 0.082 0.087 0.092 0.099 0.112 0.126
0.0 0.0 0.0 0.0 0.0 0.0 0.0 0.0 0.0 0.0 0.0 0.0 0.0 0.0 0.0 0.0 0.0 0.0 0.0 0.0 0.0 0.0 0.0 0.0 0.0 0.0 0.0 0.0 0.0 0.0 0.0 0.0 0.0 0.0 0.0 0.0 0.0 0.0 0.0 0.0 0.0 0.0 0.0 0.0 0.0 0.0 0.0 0.0 0.0 0.0 0.0 0.0 0.0 0.0 0.0 0.0 0.0 0.0 0.0 0.0 0.0 0.0 0.0 0.0 0.0 0.0 0.0 0.0 0.0 0.0 0.0 0.0 0.0 0.0 0.0 0.0 0.0 0.0 0.0 0.0 0.0 0.0 0.0 0.0 0.0 0.001 0.001 0.001 0.001 0.002 0.002 0.002 0.003 0.003 0.003 0.003 0.003 0.003 0.003 0.003 0.003 0.004 0.006 0.007 0.008 0.01 0.011 0.012 0.014 0.015 0.016 0.016 0.016 0.016 0.016 0.016 0.016 0.019 0.023 0.027 0.031 0.035 0.039 0.043 0.047 0.053 0.058 0.063 0.069 0.074 0.079 0.085 0.09 0.097 0.11 0.123
0.0 0.0 0.0 0.0 0.0 0.0 0.0 0.0 0.0 0.0 0.0 0.0 0.0 0.0 0.0 0.0 0.0 0.0 0.0 0.0 0.0 0.0 0.0 0.0 0.0 0.0 0.0 0.0 0.0 0.0 0.0 0.0 0.0 0.0 0.0 0.0 0.0 0.0 0.0 0.0 0.0 0.0 0.0 0.0 0.0 0.0 0.0 0.0 0.0 0.0 0.0 0.0 0.0 0.0 0.0 0.0 0.0 0.0 0.0 0.0 0.0 0.0 0.0 0.0 0.0 0.0 0.0 0.0 0.0 0.0 0.0 0.0 0.0 0.0 0.0 0.0 0.0 0.0 0.0 0.0 0.0 0.0 0.0 0.0 0.0 0.001 0.001 0.001 0.001 0.002 0.002 0.002 0.003 0.003 0.003 0.003 0.003 0.003 0.003 0.003 0.003 0.004 0.006 0.007 0.008 0.01 0.011 0.012 0.014 0.014 0.014 0.014 0.014 0.015 0.015 0.015 0.015 0.018 0.022 0.025 0.029 0.033 0.037 0.041 0.045 0.05 0.056 0.061 0.066 0.072 0.077 0.082 0.088 0.095 0.108 0.121
0.0 0.0 0.0 0.0 0.0 0.0 0.0 0.0 0.0 0.0 0.0 0.0 0.0 0.0 0.0 0.0 0.0 0.0 0.0 0.0 0.0 0.0 0.0 0.0 0.0 0.0 0.0 0.0 0.0 0.0 0.0 0.0 0.0 0.0 0.0 0.0 0.0 0.0 0.0 0.0 0.0 0.0 0.0 0.0 0.0 0.0 0.0 0.0 0.0 0.0 0.0 0.0 0.0 0.0 0.0 0.0 0.0 0.0 0.0 0.0 0.0 0.0 0.0 0.0 0.0 0.0 0.0 0.0 0.0 0.0 0.0 0.0 0.0 0.0 0.0 0.0 0.0 0.0 0.0 0.0 0.0 0.0 0.0 0.0 0.0 0.001 0.001 0.001 0.001 0.002 0.002 0.002 0.002 0.002 0.002 0.002 0.002 0.002 0.002 0.002 0.003 0.004 0.005 0.007 0.008 0.009 0.011 0.012 0.013 0.013 0.013 0.013 0.013 0.013 0.013 0.013 0.014 0.016 0.02 0.024 0.028 0.032 0.036 0.04 0.044 0.048 0.054 0.059 0.064 0.069 0.075 0.08 0.085 0.093 0.106 0.119
0.0 0.0 0.0 0.0 0.0 0.0 0.0 0.0 0.0 0.0 0.0 0.0 0.0 0.0 0.0 0.0 0.0 0.0 0.0 0.0 0.0 0.0 0.0 0.0 0.0 0.0 0.0 0.0 0.0 0.0 0.0 0.0 0.0 0.0 0.0 0.0 0.0 0.0 0.0 0.0 0.0 0.0 0.0 0.0 0.0 0.0 0.0 0.0 0.0 0.0 0.0 0.0 0.0 0.0 0.0 0.0 0.0 0.0 0.0 0.0 0.0 0.0 0.0 0.0 0.0 0.0 0.0 0.0 0.0 0.0 0.0 0.0 0.0 0.0 0.0 0.0 0.0 0.0 0.0 0.0 0.0 0.0 0.0 0.0 0.0 0.001 0.001 0.001 0.002 0.002 0.002 0.002 0.002 0.002 0.002 0.002 0.002 0.002 0.002 0.002 0.002 0.004 0.005 0.006 0.008 0.009 0.01 0.011 0.011 0.012 0.012 0.012 0.012 0.012 0.012 0.012 0.012 0.015 0.019 0.023 0.027 0.031 0.035 0.039 0.043 0.047 0.051 0.057 0.062 0.067 0.072 0.078 0.083 0.091 0.104 0.117
0.0 0.0 0.0 0.0 0.0 0.0 0.0 0.0 0.0 0.0 0.0 0.0 0.0 0.0 0.0 0.0 0.0 0.0 0.0 0.0 0.0 0.0 0.0 0.0 0.0 0.0 0.0 0.0 0.0 0.0 0.0 0.0 0.0 0.0 0.0 0.0 0.0 0.0 0.0 0.0 0.0 0.0 0.0 0.0 0.0 0.0 0.0 0.0 0.0 0.0 0.0 0.0 0.0 0.0 0.0 0.0 0.0 0.0 0.0 0.0 0.0 0.0 0.0 0.0 0.0 0.0 0.0 0.0 0.0 0.0 0.0 0.0 0.0 0.0 0.0 0.0 0.0 0.0 0.0 0.0 0.0 0.0 0.0 0.0 0.0 0.001 0.001 0.001 0.002 0.002 0.002 0.002 0.002 0.002 0.002 0.002 0.002 0.002 0.002 0.002 0.002 0.004 0.005 0.006 0.008 0.009 0.01 0.01 0.01 0.01 0.01 0.01 0.011 0.011 0.011 0.011 0.011 0.014 0.018 0.022 0.026 0.03 0.034 0.038 0.042 0.046 0.05 0.054 0.06 0.065 0.07 0.075 0.081 0.088 0.102 0.115
0.0 0.0 0.0 0.0 0.0 0.0 0.0 0.0 0.0 0.0 0.0 0.0 0.0 0.0 0.0 0.0 0.0 0.0 0.0 0.0 0.0 0.0 0.0 0.0 0.0 0.0 0.0 0.0 0.0 0.0 0.0 0.0 0.0 0.0 0.0 0.0 0.0 0.0 0.0 0.0 0.0 0.0 0.0 0.0 0.0 0.0 0.0 0.0 0.0 0.0 0.0 0.0 0.0 0.0 0.0 0.0 0.0 0.0 0.0 0.0 0.0 0.0 0.0 0.0 0.0 0.0 0.0 0.0 0.0 0.0 0.0 0.0 0.0 0.0 0.0 0.0 0.0 0.0 0.0 0.0 0.0 0.0 0.0 0.0 0.0 0.001 0.001 0.001 0.002 0.002 0.002 0.002 0.002 0.002 0.002 0.002 0.002 0.002 0.002 0.002 0.002 0.003 0.005 0.006 0.007 0.009 0.009 0.009 0.009 0.009 0.009 0.009 0.009 0.009 0.009 0.01 0.01 0.013 0.017 0.021 0.025 0.029 0.032 0.036 0.04 0.044 0.048 0.052 0.057 0.063 0.068 0.073 0.079 0.086 0.099 0.113
0.0 0.0 0.0 0.0 0.0 0.0 0.0 0.0 0.0 0.0 0.0 0.0 0.0 0.0 0.0 0.0 0.0 0.0 0.0 0.0 0.0 0.0 0.0 0.0 0.0 0.0 0.0 0.0 0.0 0.0 0.0 0.0 0.0 0.0 0.0 0.0 0.0 0.0 0.0 0.0 0.0 0.0 0.0 0.0 0.0 0.0 0.0 0.0 0.0 0.0 0.0 0.0 0.0 0.0 0.0 0.0 0.0 0.0 0.0 0.0 0.0 0.0 0.0 0.0 0.0 0.0 0.0 0.0 0.0 0.0 0.0 0.0 0.0 0.0 0.0 0.0 0.0 0.0 0.0 0.0 0.0 0.0 0.0 0.0 0.0 0.001 0.001 0.001 0.001 0.001 0.001 0.001 0.001 0.001 0.001 0.001 0.001 0.001 0.001 0.001 0.002 0.003 0.004 0.006 0.007 0.007 0.007 0.007 0.008 0.008 0.008 0.008 0.008 0.008 0.008 0.008 0.008 0.011 0.015 0.019 0.023 0.027 0.031 0.035 0.039 0.043 0.047 0.051 0.055 0.06 0.066 0.071 0.076 0.084 0.097 0.111
