    600    136    276
0.092 0.09 0.088 0.086 0.084 0.082 0.162 0.181 0.176 0.171 0.167 0.162 0.157 0.152 0.147 0.142 0.138 0.133 0.128 0.123 0.118 0.113 0.108 0.104 0.099 0.094 0.089 0.084 0.079 0.074 0.069 0.064 0.059 0.055 0.05 0.045 0.04 0.035 0.03 0.029 0.023 0.018 0.012 0.006 0.0 0.0 0.0 0.0 0.0 0.0 0.0 0.0 0.0 0.0 0.0 0.0 0.0 0.0 0.0 0.0 0.0 0.0 0.0 0.0 0.0 0.0 0.0 0.0 0.0 0.0 0.0 0.0 0.001 0.003 0.005 0.007 0.008 0.01 0.012 0.014 0.016 0.018 0.02 0.022 0.024 0.025 0.027 0.029 0.043 0.056 0.069 0.082 0.095 0.109 0.122 0.135 0.148 0.161 0.174 0.187 0.2 0.213 0.226 0.239 0.279 0.368 0.413 0.439 0.464 0.49 0.516 0.541 0.567 0.592 0.618 0.644 0.669 0.695 0.721 0.746 0.772 0.799 0.842 0.886 0.93 0.973 1.017 1.061 1.104 1.148 1.192 1.235 1.279 1.323 1.366 1.41
0.223 0.221 0.219 0.217 0.215 0.213 0.296 0.486 0.481 0.476 0.471 0.467 0.462 0.457 0.452 0.447 0.442 0.437 0.433 0.428 0.423 0.418 0.413 0.408 0.403 0.399 0.394 0.389 0.384 0.379 0.374 0.369 0.364 0.359 0.354 0.35 0.345 0.34 0.356 0.383 0.377 0.371 0.366 0.36 0.354 0.348 0.343 0.337 0.331 0.325 0.32 0.314 0.308 0.302 0.297 0.248 0.222 0.218 0.213 0.209 0.204 0.199 0.195 0.19 0.186 0.181 0.177 0.172 0.168 0.163 0.159 0.154 0.093 0.092 0.091 0.09 0.089 0.088 0.087 0.086 0.086 0.085 0.084 0.083 0.082 0.081 0.08 0.079 0.078 0.088 0.098 0.108 0.118 0.128 0.138 0.148 0.158 0.168 0.178 0.188 0.197 0.207 0.217 0.227 0.237 0.255 0.281 0.307 0.332 0.358 0.384 0.409 0.435 0.461 0.486 0.512 0.537 0.563 0.589 0.614 0.64 0.667 0.711 0.754 0.798 0.842 0.885 0.929 0.973 1.016 1.06 1.104 1.147 1.191 1.235 1.278
0.354 0.352 0.35 0.348 0.346 0.344 0.43 0.638 0.786 0.781 0.776 0.771 0.766 0.762 0.757 0.752 0.747 0.742 0.737 0.733 0.728 0.723 0.718 0.713 0.708 0.703 0.698 0.694 0.689 0.684 0.679 0.674 0.669 0.664 0.659 0.654 0.649 0.657 0.711 0.737 0.731 0.725 0.72 0.714 0.708 0.702 0.697 0.691 0.685 0.679 0.674 0.668 0.662 0.656 0.617 0.547 0.512 0.493 0.489 0.484 0.48 0.475 0.471 0.466 0.462 0.457 0.452 0.448 0.443 0.439 0.434 0.43 0.36 0.262 0.261 0.26 0.259 0.258 0.257 0.256 0.255 0.254 0.253 0.252 0.251 0.25 0.249 0.249 0.248 0.258 0.268 0.278 0.288 0.298 0.308 0.318 0.327 0.337 0.347 0.357 0.367 0.377 0.387 0.397 0.39 0.385 0.405 0.426 0.447 0.468 0.489 0.511 0.532 0.553 0.574 0.595 0.617 0.638 0.659 0.68 0.701 0.724 0.763 0.803 0.842 0.881 0.92 0.959 0.998 1.038 1.077 1.116 1.155 1.194 1.233 1.273
0.485 0.483 0.481 0.479 0.476 0.474 0.564 0.773 0.981 1.086 1.081 1.076 1.071 1.066 1.062 1.057 1.052 1.047 1.042 1.037 1.033 1.028 1.023 1.018 1.013 1.008 1.003 0.998 0.993 0.989 0.984 0.979 0.974 0.969 0.964 0.959 0.959 1.012 1.066 1.091 1.085 1.079 1.073 1.068 1.062 1.056 1.05 1.045 1.039 1.033 1.027 1.022 1.016 0.986 0.916 0.846 0.812 0.777 0.764 0.76 0.755 0.751 0.746 0.742 0.737 0.733 0.728 0.724 0.719 0.714 0.71 0.705 0.633 0.502 0.43 0.429 0.428 0.427 0.426 0.425 0.425 0.424 0.423 0.422 0.421 0.42 0.419 0.418 0.418 0.428 0.438 0.448 0.457 0.467 0.477 0.487 0.497 0.507 0.517 0.527 0.537 0.547 0.557 0.556 0.525 0.52 0.535 0.556 0.577 0.598 0.619 0.641 0.662 0.683 0.704 0.726 0.747 0.768 0.789 0.81 0.832 0.855 0.894 0.933 0.972 1.011 1.05 1.09 1.129 1.168 1.207 1.246 1.286 1.325 1.364 1.403
0.616 0.613 0.611 0.609 0.607 0.605 0.698 0.907 1.115 1.324 1.386 1.381 1.376 1.371 1.366 1.362 1.357 1.352 1.347 1.342 1.337 1.332 1.328 1.323 1.318 1.313 1.308 1.303 1.298 1.293 1.288 1.284 1.279 1.274 1.269 1.264 1.313 1.367 1.421 1.444 1.439 1.433 1.427 1.421 1.416 1.41 1.404 1.398 1.393 1.387 1.381 1.375 1.355 1.285 1.215 1.145 1.111 1.077 1.043 1.035 1.031 1.026 1.022 1.017 1.013 1.008 1.004 0.999 0.995 0.99 0.986 0.981 0.907 0.776 0.644 0.599 0.598 0.597 0.596 0.595 0.594 0.593 0.592 0.591 0.59 0.589 0.589 0.588 0.587 0.597 0.607 0.617 0.627 0.637 0.647 0.657 0.667 0.677 0.687 0.697 0.707 0.716 0.722 0.691 0.66 0.656 0.67 0.686 0.707 0.728 0.75 0.771 0.792 0.813 0.834 0.856 0.877 0.898 0.919 0.94 0.962 0.985 1.024 1.063 1.103 1.142 1.181 1.22 1.259 1.298 1.338 1.377 1.416 1.455 1.494 1.533
0.746 0.744 0.742 0.74 0.738 0.736 0.832 1.041 1.249 1.458 1.666 1.686 1.681 1.676 1.671 1.666 1.662 1.657 1.652 1.647 1.642 1.637 1.632 1.628 1.623 1.618 1.613 1.608 1.603 1.598 1.593 1.588 1.583 1.579 1.574 1.614 1.668 1.722 1.775 1.798 1.792 1.787 1.781 1.775 1.769 1.764 1.758 1.752 1.746 1.741 1.735 1.724 1.654 1.584 1.513 1.445 1.411 1.376 1.342 1.311 1.306 1.302 1.297 1.293 1.288 1.284 1.279 1.275 1.27 1.266 1.261 1.257 1.18 1.049 0.918 0.787 0.767 0.766 0.765 0.764 0.764 0.763 0.762 0.761 0.76 0.759 0.758 0.757 0.757 0.767 0.777 0.787 0.797 0.807 0.817 0.827 0.837 0.846 0.856 0.866 0.876 0.886 0.856 0.825 0.794 0.791 0.806 0.82 0.837 0.859 0.88 0.901 0.922 0.943 0.965 0.986 1.007 1.028 1.049 1.071 1.092 1.116 1.155 1.194 1.233 1.272 1.311 1.351 1.39 1.429 1.468 1.507 1.546 1.586 1.625 1.628
0.877 0.875 0.873 0.871 0.869 0.867 0.967 1.175 1.384 1.592 1.801 1.991 1.986 1.981 1.976 1.971 1.966 1.961 1.957 1.952 1.947 1.942 1.937 1.932 1.927 1.923 1.918 1.913 1.908 1.903 1.898 1.893 1.888 1.883 1.916 1.969 2.023 2.077 2.13 2.152 2.146 2.14 2.135 2.129 2.123 2.117 2.112 2.106 2.1 2.094 2.089 2.023 1.953 1.882 1.812 1.744 1.71 1.676 1.641 1.607 1.582 1.578 1.573 1.569 1.564 1.559 1.555 1.55 1.546 1.541 1.537 1.532 1.454 1.323 1.191 1.06 0.937 0.936 0.935 0.934 0.933 0.932 0.931 0.93 0.929 0.928 0.928 0.927 0.927 0.937 0.947 0.957 0.967 0.976 0.986 0.996 1.006 1.016 1.026 1.036 1.046 1.022 0.991 0.96 0.929 0.927 0.941 0.956 0.97 0.989 1.01 1.031 1.052 1.074 1.095 1.116 1.137 1.158 1.18 1.201 1.222 1.246 1.285 1.324 1.364 1.403 1.442 1.481 1.52 1.559 1.599 1.638 1.677 1.716 1.728 1.701
1.008 1.006 1.004 1.002 1.0 0.998 1.101 1.309 1.518 1.726 1.935 2.143 2.291 2.286 2.281 2.276 2.271 2.266 2.261 2.257 2.252 2.247 2.242 2.237 2.232 2.227 2.222 2.218 2.213 2.208 2.203 2.198 2.193 2.217 2.27 2.324 2.378 2.431 2.485 2.506 2.5 2.494 2.489 2.483 2.477 2.471 2.466 2.46 2.454 2.448 2.392 2.322 2.251 2.181 2.111 2.044 2.009 1.975 1.941 1.906 1.872 1.853 1.849 1.844 1.84 1.835 1.831 1.826 1.822 1.817 1.812 1.808 1.727 1.596 1.465 1.334 1.203 1.105 1.104 1.103 1.103 1.102 1.101 1.1 1.099 1.098 1.097 1.096 1.097 1.106 1.116 1.126 1.136 1.146 1.156 1.166 1.176 1.186 1.196 1.206 1.188 1.157 1.126 1.094 1.063 1.062 1.077 1.091 1.106 1.12 1.14 1.161 1.183 1.204 1.225 1.246 1.267 1.289 1.31 1.331 1.352 1.376 1.416 1.455 1.494 1.533 1.572 1.612 1.651 1.69 1.729 1.768 1.807 1.829 1.802 1.775
1.139 1.137 1.135 1.133 1.131 1.129 1.235 1.443 1.652 1.86 2.069 2.277 2.486 2.59 2.586 2.581 2.576 2.571 2.566 2.561 2.557 2.552 2.547 2.542 2.537 2.532 2.527 2.522 2.517 2.513 2.508 2.503 2.518 2.571 2.625 2.679 2.732 2.786 2.84 2.86 2.854 2.848 2.842 2.837 2.831 2.825 2.819 2.814 2.808 2.761 2.69 2.62 2.55 2.48 2.41 2.343 2.309 2.274 2.24 2.206 2.172 2.137 2.124 2.12 2.115 2.111 2.106 2.102 2.097 2.093 2.088 2.084 2.001 1.87 1.739 1.607 1.476 1.345 1.274 1.273 1.272 1.271 1.27 1.269 1.268 1.267 1.267 1.266 1.266 1.276 1.286 1.296 1.306 1.316 1.326 1.336 1.346 1.355 1.365 1.353 1.322 1.291 1.26 1.229 1.198 1.197 1.212 1.227 1.241 1.256 1.271 1.291 1.313 1.334 1.355 1.376 1.397 1.419 1.44 1.461 1.482 1.507 1.546 1.585 1.624 1.664 1.703 1.742 1.781 1.82 1.859 1.899 1.93 1.903 1.875 1.848
1.27 1.268 1.266 1.264 1.262 1.259 1.369 1.578 1.786 1.995 2.203 2.412 2.62 2.829 2.89 2.886 2.881 2.876 2.871 2.866 2.861 2.857 2.852 2.847 2.842 2.837 2.832 2.827 2.822 2.817 2.812 2.819 2.873 2.926 2.98 3.034 3.087 3.141 3.194 3.213 3.208 3.202 3.196 3.19 3.185 3.179 3.173 3.167 3.13 3.059 2.989 2.919 2.849 2.779 2.709 2.642 2.608 2.574 2.54 2.505 2.471 2.437 2.402 2.395 2.391 2.386 2.382 2.377 2.373 2.368 2.364 2.359 2.274 2.143 2.012 1.881 1.75 1.619 1.487 1.443 1.442 1.441 1.44 1.439 1.438 1.437 1.436 1.435 1.436 1.446 1.456 1.466 1.476 1.485 1.495 1.505 1.515 1.525 1.519 1.488 1.457 1.426 1.395 1.364 1.333 1.333 1.347 1.362 1.377 1.391 1.406 1.422 1.443 1.464 1.485 1.506 1.528 1.549 1.57 1.591 1.612 1.637 1.677 1.716 1.755 1.794 1.833 1.872 1.912 1.951 1.99 2.029 2.004 1.976 1.949 1.921
1.401 1.399 1.396 1.394 1.392 1.39 1.503 1.712 1.92 2.129 2.337 2.546 2.754 2.963 3.171 3.19 3.186 3.181 3.176 3.171 3.166 3.161 3.156 3.152 3.147 3.142 3.137 3.132 3.127 3.122 3.12 3.174 3.227 3.281 3.335 3.388 3.442 3.496 3.549 3.567 3.561 3.556 3.55 3.544 3.538 3.533 3.527 3.499 3.428 3.358 3.288 3.218 3.148 3.078 3.008 2.942 2.908 2.873 2.839 2.805 2.77 2.736 2.702 2.671 2.666 2.662 2.657 2.653 2.648 2.644 2.639 2.635 2.548 2.417 2.286 2.154 2.023 1.892 1.761 1.63 1.611 1.61 1.609 1.608 1.607 1.606 1.606 1.605 1.606 1.615 1.625 1.635 1.645 1.655 1.665 1.675 1.685 1.685 1.654 1.623 1.592 1.56 1.529 1.498 1.467 1.468 1.483 1.497 1.512 1.527 1.541 1.556 1.573 1.594 1.615 1.637 1.658 1.679 1.7 1.721 1.743 1.768 1.807 1.846 1.885 1.925 1.964 2.003 2.042 2.081 2.12 2.105 2.077 2.05 2.022 1.995
1.531 1.529 1.527 1.525 1.523 1.521 1.637 1.846 2.054 2.263 2.471 2.68 2.888 3.097 3.305 3.495 3.49 3.486 3.481 3.476 3.471 3.466 3.461 3.456 3.451 3.447 3.442 3.437 3.432 3.427 3.475 3.529 3.582 3.636 3.689 3.743 3.797 3.85 3.904 3.921 3.915 3.91 3.904 3.898 3.892 3.887 3.867 3.797 3.727 3.657 3.587 3.517 3.447 3.376 3.306 3.241 3.207 3.173 3.138 3.104 3.07 3.036 3.001 2.967 2.942 2.938 2.933 2.929 2.924 2.919 2.915 2.91 2.821 2.69 2.559 2.428 2.297 2.166 2.034 1.903 1.781 1.78 1.779 1.778 1.777 1.776 1.775 1.774 1.775 1.785 1.795 1.805 1.815 1.825 1.835 1.845 1.851 1.82 1.788 1.757 1.726 1.695 1.664 1.633 1.602 1.603 1.618 1.633 1.647 1.662 1.677 1.691 1.706 1.724 1.746 1.767 1.788 1.809 1.83 1.852 1.873 1.898 1.938 1.977 2.016 2.055 2.094 2.133 2.173 2.212 2.206 2.178 2.151 2.123 2.096 2.068
1.662 1.66 1.658 1.656 1.654 1.652 1.772 1.98 2.189 2.397 2.606 2.814 3.023 3.231 3.44 3.648 3.795 3.79 3.785 3.781 3.776 3.771 3.766 3.761 3.756 3.751 3.746 3.742 3.737 3.776 3.83 3.883 3.937 3.991 4.044 4.098 4.151 4.205 4.259 4.275 4.269 4.263 4.258 4.252 4.246 4.236 4.166 4.096 4.026 3.956 3.886 3.816 3.745 3.675 3.605 3.541 3.506 3.472 3.438 3.403 3.369 3.335 3.301 3.266 3.232 3.213 3.209 3.204 3.2 3.195 3.191 3.186 3.095 2.964 2.833 2.701 2.57 2.439 2.308 2.177 2.046 1.949 1.948 1.947 1.946 1.945 1.945 1.944 1.945 1.955 1.965 1.975 1.985 1.995 2.004 2.014 1.985 1.954 1.923 1.892 1.861 1.83 1.799 1.768 1.736 1.739 1.753 1.768 1.783 1.797 1.812 1.827 1.841 1.856 1.876 1.897 1.918 1.939 1.961 1.982 2.003 2.029 2.068 2.107 2.146 2.185 2.225 2.264 2.303 2.306 2.279 2.252 2.224 2.197 2.169 2.142
1.77 1.791 1.789 1.787 1.785 1.783 1.906 2.114 2.323 2.531 2.74 2.948 3.157 3.365 3.574 3.782 3.991 4.095 4.09 4.085 4.081 4.076 4.071 4.066 4.061 4.056 4.051 4.046 4.077 4.131 4.184 4.238 4.292 4.345 4.399 4.453 4.506 4.56 4.614 4.629 4.623 4.617 4.611 4.606 4.6 4.535 4.465 4.395 4.325 4.255 4.185 4.114 4.044 3.974 3.904 3.84 3.806 3.771 3.737 3.703 3.669 3.634 3.6 3.566 3.531 3.497 3.484 3.48 3.475 3.471 3.466 3.462 3.369 3.237 3.106 2.975 2.844 2.713 2.581 2.45 2.319 2.188 2.118 2.117 2.116 2.115 2.114 2.113 2.115 2.125 2.134 2.144 2.154 2.164 2.174 2.151 2.12 2.089 2.058 2.027 1.995 1.964 1.933 1.902 1.871 1.874 1.889 1.903 1.918 1.933 1.947 1.962 1.977 1.991 2.006 2.027 2.048 2.069 2.091 2.112 2.133 2.159 2.198 2.238 2.277 2.316 2.355 2.394 2.407 2.38 2.353 2.325 2.298 2.27 2.243 2.215
1.829 1.917 1.92 1.918 1.916 1.914 2.04 2.248 2.457 2.665 2.874 3.082 3.291 3.499 3.708 3.916 4.125 4.333 4.395 4.39 4.385 4.381 4.376 4.371 4.366 4.361 4.356 4.378 4.432 4.486 4.539 4.593 4.646 4.7 4.754 4.807 4.861 4.915 4.968 4.982 4.977 4.971 4.965 4.959 4.904 4.834 4.764 4.694 4.624 4.554 4.483 4.413 4.343 4.273 4.203 4.139 4.105 4.071 4.037 4.002 3.968 3.934 3.899 3.865 3.831 3.797 3.762 3.755 3.751 3.746 3.742 3.737 3.642 3.511 3.38 3.249 3.117 2.986 2.855 2.724 2.593 2.461 2.33 2.286 2.285 2.284 2.284 2.283 2.284 2.294 2.304 2.314 2.324 2.334 2.317 2.286 2.254 2.223 2.192 2.161 2.13 2.099 2.068 2.037 2.006 2.01 2.024 2.039 2.054 2.068 2.083 2.097 2.112 2.127 2.141 2.157 2.178 2.2 2.221 2.242 2.263 2.29 2.329 2.368 2.407 2.446 2.486 2.508 2.481 2.453 2.426 2.399 2.371 2.344 2.316 2.289
1.887 1.975 2.051 2.049 2.047 2.045 2.174 2.383 2.591 2.8 3.008 3.217 3.425 3.634 3.842 4.051 4.259 4.468 4.676 4.695 4.69 4.685 4.68 4.676 4.671 4.666 4.679 4.733 4.787 4.84 4.894 4.948 5.001 5.055 5.108 5.162 5.216 5.269 5.323 5.336 5.33 5.325 5.319 5.273 5.203 5.133 5.063 4.993 4.922 4.852 4.782 4.712 4.642 4.572 4.502 4.439 4.405 4.37 4.336 4.302 4.267 4.233 4.199 4.165 4.13 4.096 4.062 4.031 4.026 4.022 4.017 4.013 3.916 3.784 3.653 3.522 3.391 3.26 3.129 2.997 2.866 2.735 2.604 2.473 2.455 2.454 2.453 2.452 2.454 2.464 2.474 2.484 2.494 2.482 2.451 2.42 2.389 2.358 2.327 2.296 2.265 2.234 2.202 2.171 2.14 2.145 2.16 2.174 2.189 2.204 2.218 2.233 2.248 2.262 2.277 2.291 2.309 2.33 2.351 2.372 2.393 2.42 2.459 2.499 2.538 2.577 2.609 2.582 2.554 2.527 2.5 2.472 2.445 2.417 2.39 2.362
1.945 2.034 2.122 2.179 2.177 2.175 2.308 2.517 2.725 2.934 3.142 3.351 3.559 3.768 3.976 4.185 4.393 4.602 4.81 5.0 4.995 4.99 4.985 4.98 4.975 4.98 5.034 5.088 5.141 5.195 5.249 5.302 5.356 5.41 5.463 5.517 5.571 5.624 5.678 5.69 5.684 5.679 5.642 5.572 5.502 5.432 5.362 5.291 5.221 5.151 5.081 5.011 4.941 4.871 4.8 4.738 4.704 4.67 4.635 4.601 4.567 4.533 4.498 4.464 4.43 4.395 4.361 4.327 4.302 4.298 4.293 4.289 4.189 4.058 3.927 3.796 3.664 3.533 3.402 3.271 3.14 3.009 2.877 2.746 2.624 2.623 2.623 2.622 2.624 2.634 2.644 2.653 2.648 2.617 2.586 2.555 2.524 2.493 2.461 2.43 2.399 2.368 2.337 2.306 2.275 2.28 2.295 2.31 2.324 2.339 2.354 2.368 2.383 2.398 2.412 2.427 2.441 2.46 2.481 2.502 2.524 2.551 2.59 2.629 2.668 2.707 2.683 2.655 2.628 2.6 2.573 2.546 2.518 2.491 2.463 2.436
2.003 2.092 2.181 2.269 2.308 2.306 2.442 2.651 2.859 3.068 3.276 3.485 3.693 3.902 4.11 4.319 4.527 4.736 4.944 5.153 5.3 5.295 5.29 5.285 5.282 5.335 5.389 5.443 5.496 5.55 5.603 5.657 5.711 5.764 5.818 5.872 5.925 5.979 6.033 6.044 6.038 6.011 5.941 5.871 5.801 5.731 5.66 5.59 5.52 5.45 5.38 5.31 5.24 5.169 5.099 5.038 5.003 4.969 4.935 4.901 4.866 4.832 4.798 4.763 4.729 4.695 4.66 4.626 4.592 4.573 4.569 4.564 4.463 4.331 4.2 4.069 3.938 3.807 3.676 3.544 3.413 3.282 3.151 3.02 2.889 2.793 2.792 2.791 2.793 2.803 2.813 2.814 2.783 2.752 2.721 2.689 2.658 2.627 2.596 2.565 2.534 2.503 2.472 2.441 2.409 2.416 2.43 2.445 2.46 2.474 2.489 2.504 2.518 2.533 2.548 2.562 2.577 2.592 2.611 2.632 2.654 2.681 2.72 2.759 2.799 2.784 2.756 2.729 2.701 2.674 2.647 2.619 2.592 2.564 2.537 2.509
2.061 2.15 2.239 2.328 2.416 2.437 2.577 2.785 2.994 3.202 3.411 3.619 3.828 4.036 4.245 4.453 4.662 4.87 5.079 5.287 5.496 5.6 5.595 5.59 5.636 5.69 5.744 5.797 5.851 5.905 5.958 6.012 6.066 6.119 6.173 6.226 6.28 6.334 6.387 6.398 6.38 6.31 6.24 6.17 6.099 6.029 5.959 5.889 5.819 5.749 5.679 5.608 5.538 5.468 5.398 5.337 5.303 5.268 5.234 5.2 5.166 5.131 5.097 5.063 5.028 4.994 4.96 4.926 4.891 4.857 4.844 4.84 4.736 4.605 4.474 4.343 4.211 4.08 3.949 3.818 3.687 3.556 3.424 3.293 3.162 3.031 2.962 2.961 2.963 2.973 2.98 2.948 2.917 2.886 2.855 2.824 2.793 2.762 2.731 2.7 2.668 2.637 2.606 2.575 2.544 2.551 2.566 2.58 2.595 2.61 2.624 2.639 2.654 2.668 2.683 2.698 2.712 2.727 2.742 2.763 2.784 2.812 2.851 2.89 2.885 2.857 2.83 2.802 2.775 2.747 2.72 2.693 2.665 2.638 2.61 2.583
2.12 2.208 2.297 2.386 2.474 2.563 2.711 2.919 3.128 3.336 3.545 3.753 3.962 4.17 4.379 4.587 4.796 5.004 5.213 5.421 5.63 5.838 5.9 5.938 5.991 6.045 6.098 6.152 6.206 6.259 6.313 6.367 6.42 6.474 6.528 6.581 6.635 6.688 6.742 6.749 6.679 6.609 6.539 6.468 6.398 6.328 6.258 6.188 6.118 6.048 5.977 5.907 5.837 5.767 5.697 5.636 5.602 5.568 5.534 5.499 5.465 5.431 5.396 5.362 5.328 5.294 5.259 5.225 5.191 5.156 5.122 5.115 5.01 4.879 4.747 4.616 4.485 4.354 4.223 4.091 3.96 3.829 3.698 3.567 3.436 3.304 3.173 3.13 3.133 3.143 3.114 3.083 3.052 3.021 2.99 2.959 2.928 2.896 2.865 2.834 2.803 2.772 2.741 2.71 2.679 2.686 2.701 2.716 2.73 2.745 2.76 2.774 2.789 2.804 2.818 2.833 2.848 2.862 2.877 2.893 2.914 2.942 2.981 2.985 2.958 2.931 2.903 2.876 2.848 2.821 2.794 2.766 2.739 2.711 2.684 2.656
2.304 2.39 2.476 2.562 2.648 2.739 2.843 3.052 3.26 3.469 3.677 3.886 4.094 4.303 4.511 4.72 4.928 5.137 5.346 5.554 5.763 5.971 6.222 6.313 6.366 6.418 6.471 6.524 6.577 6.63 6.682 6.735 6.788 6.841 6.894 6.947 6.999 7.052 7.105 7.063 6.991 6.919 6.847 6.775 6.704 6.632 6.56 6.488 6.417 6.346 6.276 6.206 6.136 6.066 5.996 5.936 5.902 5.867 5.833 5.799 5.764 5.73 5.696 5.662 5.627 5.593 5.559 5.524 5.49 5.456 5.421 5.391 5.283 5.152 5.021 4.89 4.759 4.627 4.496 4.365 4.234 4.103 3.971 3.84 3.709 3.578 3.447 3.316 3.302 3.28 3.249 3.218 3.187 3.155 3.124 3.093 3.062 3.031 3.0 2.969 2.938 2.907 2.875 2.844 2.813 2.822 2.837 2.851 2.866 2.88 2.895 2.91 2.924 2.939 2.954 2.968 2.983 2.998 3.012 3.027 3.044 3.072 3.086 3.059 3.032 3.004 2.977 2.949 2.922 2.894 2.867 2.84 2.812 2.785 2.757 2.73
2.527 2.613 2.699 2.785 2.874 2.976 3.06 3.183 3.391 3.6 3.809 4.017 4.226 4.434 4.643 4.851 5.06 5.268 5.477 5.685 5.894 6.102 6.357 6.719 6.771 6.824 6.877 6.93 6.983 7.035 7.088 7.141 7.194 7.247 7.3 7.352 7.405 7.458 7.511 7.467 7.395 7.323 7.251 7.179 7.107 7.036 6.964 6.892 6.82 6.748 6.676 6.604 6.533 6.461 6.405 6.522 6.409 6.371 6.332 6.294 6.256 6.218 6.179 6.141 6.103 6.065 6.026 5.988 5.95 5.912 5.873 5.835 5.795 5.657 5.519 5.382 5.244 5.106 4.968 4.831 4.693 4.555 4.418 4.28 4.142 4.004 3.867 3.729 3.637 3.596 3.555 3.515 3.474 3.433 3.393 3.352 3.311 3.271 3.23 3.19 3.149 3.108 3.068 3.027 2.986 2.986 2.991 2.996 3.001 3.016 3.031 3.045 3.06 3.074 3.089 3.104 3.118 3.133 3.148 3.162 3.177 3.187 3.16 3.132 3.105 3.078 3.05 3.023 2.995 2.968 2.941 2.913 2.886 2.858 2.831 2.803
2.75 2.836 2.922 3.008 3.111 3.214 3.297 3.374 3.523 3.731 3.94 4.148 4.357 4.566 4.774 4.983 5.191 5.4 5.608 5.817 6.025 6.234 6.491 6.883 7.177 7.23 7.283 7.336 7.388 7.441 7.494 7.547 7.6 7.653 7.705 7.758 7.811 7.864 7.917 7.87 7.799 7.727 7.655 7.583 7.511 7.439 7.367 7.296 7.224 7.152 7.08 7.008 6.936 6.865 7.096 7.205 6.987 6.91 6.872 6.833 6.795 6.757 6.719 6.68 6.642 6.604 6.566 6.527 6.489 6.451 6.413 6.375 6.388 6.326 6.188 6.051 5.913 5.775 5.637 5.5 5.362 5.224 5.086 4.949 4.811 4.673 4.535 4.398 4.311 4.298 4.257 4.216 4.176 4.135 4.094 4.054 4.013 3.972 3.932 3.891 3.851 3.81 3.769 3.729 3.688 3.689 3.694 3.699 3.704 3.709 3.714 3.719 3.724 3.729 3.734 3.739 3.744 3.749 3.754 3.759 3.746 3.433 3.31 3.281 3.252 3.223 3.194 3.165 3.135 3.106 3.077 3.048 3.019 2.99 2.961 2.931
2.973 3.059 3.145 3.245 3.348 3.451 3.534 3.61 3.687 3.863 4.071 4.28 4.488 4.697 4.905 5.114 5.322 5.531 5.74 5.948 6.157 6.365 6.625 7.018 7.41 7.636 7.689 7.741 7.794 7.847 7.9 7.953 8.006 8.058 8.111 8.164 8.217 8.27 8.322 8.274 8.202 8.131 8.059 7.987 7.915 7.843 7.771 7.699 7.628 7.556 7.484 7.412 7.34 7.522 7.787 7.888 7.67 7.452 7.411 7.373 7.335 7.296 7.258 7.22 7.182 7.143 7.105 7.067 7.029 6.99 6.952 6.914 6.929 6.952 6.857 6.719 6.582 6.444 6.306 6.168 6.031 5.893 5.755 5.617 5.48 5.342 5.204 5.066 4.982 4.979 4.959 4.918 4.877 4.837 4.796 4.755 4.715 4.674 4.633 4.593 4.552 4.512 4.471 4.43 4.39 4.391 4.396 4.401 4.406 4.411 4.416 4.421 4.426 4.431 4.436 4.441 4.446 4.451 4.456 4.461 4.283 3.965 3.488 3.456 3.427 3.398 3.368 3.339 3.31 3.281 3.252 3.223 3.193 3.164 3.135 3.106
3.196 3.282 3.38 3.482 3.585 3.688 3.771 3.847 3.924 4.001 4.203 4.411 4.62 4.828 5.037 5.245 5.454 5.662 5.871 6.079 6.288 6.496 6.759 7.152 7.545 7.937 8.094 8.147 8.2 8.253 8.306 8.359 8.411 8.464 8.517 8.57 8.623 8.676 8.728 8.678 8.606 8.534 8.463 8.391 8.319 8.247 8.175 8.103 8.031 7.96 7.888 7.816 7.949 8.213 8.478 8.571 8.353 8.135 7.95 7.912 7.874 7.836 7.797 7.759 7.721 7.683 7.644 7.606 7.568 7.53 7.491 7.453 7.469 7.492 7.515 7.388 7.251 7.113 6.975 6.837 6.7 6.562 6.424 6.286 6.149 6.011 5.873 5.735 5.653 5.65 5.648 5.62 5.579 5.538 5.498 5.457 5.416 5.376 5.335 5.294 5.254 5.213 5.173 5.132 5.091 5.093 5.098 5.103 5.108 5.113 5.118 5.124 5.129 5.134 5.139 5.144 5.149 5.154 5.159 5.009 4.82 4.498 4.02 3.63 3.601 3.572 3.543 3.514 3.485 3.456 3.426 3.397 3.368 3.339 3.31 3.281
3.419 3.514 3.617 3.72 3.822 3.925 4.007 4.084 4.161 4.237 4.334 4.542 4.751 4.96 5.168 5.377 5.585 5.794 6.002 6.211 6.419 6.628 6.894 7.286 7.679 8.072 8.464 8.553 8.606 8.659 8.712 8.764 8.817 8.87 8.923 8.976 9.029 9.081 9.134 9.082 9.01 8.938 8.866 8.794 8.723 8.651 8.579 8.507 8.435 8.363 8.292 8.375 8.64 8.904 9.169 9.254 9.036 8.818 8.6 8.451 8.413 8.375 8.337 8.299 8.26 8.222 8.184 8.146 8.107 8.069 8.031 7.993 8.009 8.033 8.056 8.057 7.919 7.782 7.644 7.506 7.368 7.231 7.093 6.955 6.817 6.68 6.542 6.404 6.324 6.322 6.319 6.317 6.281 6.24 6.199 6.159 6.118 6.077 6.037 5.996 5.955 5.915 5.874 5.834 5.793 5.796 5.801 5.806 5.811 5.816 5.821 5.826 5.831 5.836 5.841 5.846 5.851 5.856 5.734 5.546 5.357 5.03 4.552 4.075 3.776 3.747 3.718 3.688 3.659 3.63 3.601 3.572 3.543 3.513 3.484 3.455
3.648 3.751 3.854 3.957 4.06 4.162 4.244 4.321 4.398 4.474 4.551 4.674 4.882 5.091 5.299 5.508 5.716 5.925 6.134 6.342 6.551 6.759 7.028 7.421 7.813 8.206 8.598 8.959 9.012 9.065 9.117 9.17 9.223 9.276 9.329 9.382 9.434 9.487 9.54 9.486 9.414 9.342 9.27 9.198 9.126 9.055 8.983 8.911 8.839 8.767 8.802 9.066 9.331 9.595 9.86 9.937 9.719 9.501 9.283 9.065 8.953 8.914 8.876 8.838 8.8 8.761 8.723 8.685 8.647 8.608 8.57 8.532 8.55 8.573 8.596 8.619 8.588 8.45 8.313 8.175 8.037 7.899 7.762 7.624 7.486 7.348 7.211 7.073 6.995 6.993 6.99 6.988 6.982 6.942 6.901 6.86 6.82 6.779 6.738 6.698 6.657 6.616 6.576 6.535 6.495 6.498 6.503 6.508 6.513 6.518 6.523 6.528 6.533 6.538 6.543 6.548 6.553 6.46 6.271 6.083 5.894 5.562 5.084 4.607 4.13 3.921 3.892 3.863 3.834 3.805 3.776 3.746 3.717 3.688 3.659 3.63
3.886 3.988 4.091 4.194 4.297 4.4 4.481 4.558 4.634 4.711 4.788 4.864 5.014 5.222 5.431 5.639 5.848 6.056 6.265 6.473 6.682 6.89 7.162 7.555 7.947 8.34 8.733 9.125 9.418 9.47 9.523 9.576 9.629 9.682 9.735 9.787 9.84 9.893 9.946 9.89 9.818 9.746 9.674 9.602 9.53 9.458 9.387 9.315 9.243 9.228 9.493 9.757 10.022 10.286 10.551 10.62 10.402 10.184 9.966 9.748 9.53 9.454 9.415 9.377 9.339 9.301 9.263 9.224 9.186 9.148 9.11 9.071 9.09 9.113 9.137 9.16 9.183 9.119 8.982 8.844 8.706 8.568 8.431 8.293 8.155 8.017 7.88 7.742 7.666 7.664 7.661 7.659 7.657 7.643 7.603 7.562 7.521 7.481 7.44 7.399 7.359 7.318 7.277 7.237 7.196 7.201 7.206 7.211 7.216 7.221 7.226 7.231 7.236 7.241 7.246 7.251 7.185 6.997 6.808 6.62 6.431 6.094 5.616 5.139 4.662 4.184 4.067 4.038 4.008 3.979 3.95 3.921 3.892 3.863 3.834 3.804
4.123 4.226 4.328 4.431 4.534 4.637 4.718 4.794 4.871 4.948 5.024 5.101 5.178 5.353 5.562 5.771 5.979 6.188 6.396 6.605 6.813 7.022 7.297 7.689 8.082 8.474 8.867 9.26 9.652 9.876 9.929 9.982 10.035 10.088 10.14 10.193 10.246 10.299 10.352 10.293 10.221 10.15 10.078 10.006 9.934 9.862 9.79 9.719 9.655 9.919 10.184 10.448 10.713 10.977 11.241 11.303 11.085 10.867 10.649 10.431 10.213 9.995 9.955 9.917 9.878 9.84 9.802 9.764 9.725 9.687 9.649 9.611 9.631 9.654 9.677 9.7 9.723 9.746 9.65 9.513 9.375 9.237 9.099 8.962 8.824 8.686 8.548 8.411 8.337 8.335 8.333 8.33 8.328 8.325 8.304 8.264 8.223 8.182 8.142 8.101 8.06 8.02 7.979 7.938 7.898 7.903 7.908 7.913 7.918 7.923 7.928 7.933 7.938 7.943 7.948 7.911 7.722 7.534 7.345 7.157 6.968 6.626 6.148 5.671 5.194 4.716 4.241 4.212 4.183 4.154 4.125 4.096 4.066 4.037 4.008 3.979
4.36 4.463 4.566 4.668 4.771 4.874 4.955 5.031 5.108 5.185 5.261 5.338 5.415 5.491 5.693 5.902 6.11 6.319 6.528 6.736 6.945 7.153 7.431 7.823 8.216 8.609 9.001 9.394 9.787 10.179 10.335 10.388 10.441 10.493 10.546 10.599 10.652 10.705 10.757 10.697 10.625 10.553 10.482 10.41 10.338 10.266 10.194 10.122 10.346 10.61 10.875 11.139 11.404 11.668 11.932 11.986 11.768 11.55 11.332 11.114 10.896 10.678 10.494 10.456 10.418 10.38 10.341 10.303 10.265 10.227 10.188 10.15 10.171 10.194 10.217 10.24 10.264 10.287 10.31 10.181 10.044 9.906 9.768 9.631 9.493 9.355 9.217 9.08 9.008 9.006 9.004 9.001 8.999 8.996 8.994 8.965 8.925 8.884 8.843 8.803 8.762 8.721 8.681 8.64 8.6 8.605 8.61 8.615 8.62 8.625 8.631 8.636 8.641 8.646 8.636 8.448 8.259 8.071 7.882 7.694 7.505 7.158 6.68 6.203 5.726 5.248 4.771 4.387 4.358 4.328 4.299 4.27 4.241 4.212 4.183 4.154
4.597 4.7 4.803 4.906 5.008 5.111 5.191 5.268 5.345 5.421 5.498 5.575 5.651 5.728 5.825 6.033 6.242 6.45 6.659 6.867 7.076 7.284 7.565 7.958 8.35 8.743 9.136 9.528 9.921 10.313 10.706 10.794 10.846 10.899 10.952 11.005 11.058 11.111 11.163 11.101 11.029 10.957 10.885 10.814 10.742 10.67 10.598 10.772 11.037 11.301 11.566 11.83 12.094 12.359 12.623 12.67 12.451 12.233 12.015 11.797 11.579 11.361 11.143 10.995 10.957 10.919 10.881 10.842 10.804 10.766 10.728 10.689 10.711 10.735 10.758 10.781 10.804 10.827 10.85 10.85 10.713 10.575 10.437 10.299 10.162 10.024 9.886 9.748 9.679 9.677 9.675 9.672 9.67 9.668 9.665 9.663 9.626 9.586 9.545 9.504 9.464 9.423 9.382 9.342 9.303 9.308 9.313 9.318 9.323 9.328 9.333 9.338 9.343 9.348 9.173 8.985 8.796 8.608 8.419 8.231 8.042 7.69 7.212 6.735 6.258 5.781 5.303 4.826 4.532 4.503 4.474 4.445 4.416 4.386 4.357 4.328
4.834 4.937 5.04 5.143 5.246 5.348 5.428 5.505 5.582 5.658 5.735 5.811 5.888 5.965 6.041 6.165 6.373 6.582 6.79 6.999 7.207 7.416 7.699 8.092 8.485 8.877 9.27 9.662 10.055 10.448 10.84 11.199 11.252 11.305 11.358 11.411 11.464 11.516 11.569 11.505 11.433 11.361 11.289 11.217 11.146 11.074 11.199 11.463 11.728 11.992 12.257 12.521 12.785 13.05 13.314 13.353 13.134 12.916 12.698 12.48 12.262 12.044 11.826 11.608 11.496 11.458 11.42 11.382 11.344 11.305 11.267 11.229 11.252 11.275 11.298 11.321 11.344 11.367 11.391 11.414 11.381 11.244 11.106 10.968 10.83 10.693 10.555 10.417 10.351 10.348 10.346 10.343 10.341 10.339 10.336 10.334 10.328 10.287 10.247 10.206 10.165 10.125 10.084 10.043 10.005 10.01 10.015 10.02 10.025 10.03 10.035 10.04 10.045 9.899 9.71 9.522 9.333 9.145 8.956 8.768 8.579 8.222 7.745 7.267 6.79 6.313 5.835 5.358 4.881 4.678 4.648 4.619 4.59 4.561 4.532 4.503
5.072 5.174 5.277 5.38 5.483 5.586 5.665 5.742 5.818 5.895 5.972 6.048 6.125 6.202 6.278 6.355 6.504 6.713 6.922 7.13 7.339 7.547 7.834 8.226 8.619 9.011 9.404 9.797 10.189 10.582 10.975 11.367 11.658 11.711 11.764 11.817 11.869 11.922 11.975 11.909 11.837 11.765 11.693 11.621 11.549 11.625 11.89 12.154 12.419 12.683 12.947 13.212 13.476 13.741 14.005 14.036 13.817 13.599 13.381 13.163 12.945 12.727 12.509 12.291 12.073 11.998 11.959 11.921 11.883 11.845 11.806 11.769 11.792 11.815 11.838 11.862 11.885 11.908 11.931 11.954 11.977 11.913 11.775 11.637 11.499 11.362 11.224 11.086 11.022 11.019 11.017 11.015 11.012 11.01 11.007 11.005 11.003 10.989 10.948 10.908 10.867 10.826 10.786 10.745 10.708 10.713 10.718 10.723 10.728 10.733 10.738 10.743 10.624 10.436 10.247 10.059 9.87 9.682 9.493 9.305 9.116 8.754 8.277 7.799 7.322 6.845 6.367 5.89 5.413 4.935 4.823 4.794 4.765 4.736 4.706 4.677
5.309 5.412 5.514 5.617 5.72 5.823 5.902 5.978 6.055 6.132 6.208 6.285 6.362 6.438 6.515 6.592 6.668 6.844 7.053 7.261 7.47 7.678 7.968 8.361 8.753 9.146 9.538 9.931 10.324 10.716 11.109 11.501 11.894 12.117 12.17 12.222 12.275 12.328 12.381 12.312 12.241 12.169 12.097 12.025 12.052 12.316 12.581 12.845 13.11 13.374 13.638 13.903 14.167 14.432 14.696 14.719 14.501 14.282 14.064 13.846 13.628 13.41 13.192 12.974 12.756 12.538 12.499 12.46 12.422 12.384 12.346 12.309 12.333 12.356 12.379 12.402 12.425 12.448 12.471 12.495 12.518 12.541 12.444 12.306 12.168 12.03 11.893 11.755 11.693 11.69 11.688 11.686 11.683 11.681 11.678 11.676 11.674 11.671 11.65 11.609 11.569 11.528 11.487 11.447 11.41 11.415 11.42 11.425 11.43 11.435 11.44 11.35 11.161 10.973 10.784 10.596 10.407 10.219 10.03 9.842 9.653 9.286 8.809 8.331 7.854 7.377 6.899 6.422 5.945 5.467 4.998 4.969 4.939 4.91 4.881 4.852
5.546 5.649 5.752 5.854 5.957 6.06 6.139 6.215 6.292 6.369 6.445 6.522 6.598 6.675 6.752 6.828 6.905 6.982 7.184 7.393 7.601 7.81 8.102 8.495 8.887 9.28 9.673 10.065 10.458 10.851 11.243 11.636 12.028 12.421 12.575 12.628 12.681 12.734 12.787 12.716 12.644 12.573 12.501 12.478 12.743 13.007 13.272 13.536 13.8 14.065 14.329 14.594 14.858 15.123 15.387 15.402 15.184 14.965 14.747 14.529 14.311 14.093 13.875 13.657 13.439 13.221 13.038 13.0 12.962 12.923 12.885 12.85 12.873 12.896 12.919 12.942 12.965 12.989 13.012 13.035 13.058 13.081 13.104 12.975 12.837 12.699 12.561 12.424 12.364 12.362 12.359 12.357 12.354 12.352 12.35 12.347 12.345 12.342 12.34 12.311 12.27 12.23 12.189 12.148 12.112 12.117 12.122 12.127 12.132 12.137 12.075 11.887 11.698 11.51 11.321 11.133 10.944 10.756 10.567 10.379 10.19 9.818 9.341 8.863 8.386 7.909 7.431 6.954 6.477 5.999 5.522 5.143 5.114 5.085 5.056 5.026
5.783 5.886 5.989 6.092 6.194 6.297 6.375 6.452 6.529 6.605 6.682 6.759 6.835 6.912 6.989 7.065 7.142 7.219 7.316 7.524 7.733 7.941 8.236 8.629 9.022 9.414 9.807 10.2 10.592 10.985 11.377 11.77 12.163 12.555 12.948 13.034 13.087 13.14 13.192 13.12 13.048 12.976 12.905 13.169 13.434 13.698 13.963 14.227 14.491 14.756 15.02 15.285 15.549 15.814 16.078 16.085 15.867 15.648 15.43 15.212 14.994 14.776 14.558 14.34 14.122 13.904 13.685 13.539 13.501 13.463 13.424 13.39 13.413 13.436 13.46 13.483 13.506 13.529 13.552 13.575 13.598 13.622 13.645 13.644 13.506 13.368 13.23 13.093 13.035 13.033 13.03 13.028 13.025 13.023 13.021 13.018 13.016 13.014 13.011 13.009 12.972 12.931 12.891 12.85 12.815 12.82 12.825 12.83 12.835 12.801 12.612 12.424 12.235 12.047 11.858 11.67 11.481 11.293 11.104 10.916 10.727 10.35 9.873 9.395 8.918 8.441 7.963 7.486 7.009 6.531 6.054 5.577 5.289 5.259 5.23 5.201
6.021 6.123 6.226 6.329 6.432 6.534 6.612 6.689 6.765 6.842 6.919 6.995 7.072 7.149 7.225 7.302 7.379 7.455 7.532 7.655 7.864 8.072 8.371 8.763 9.156 9.549 9.941 10.334 10.726 11.119 11.512 11.904 12.297 12.69 13.082 13.44 13.493 13.546 13.596 13.524 13.452 13.38 13.596 13.86 14.125 14.389 14.653 14.918 15.182 15.447 15.711 15.976 16.24 16.504 16.769 16.768 16.55 16.332 16.113 15.895 15.677 15.459 15.241 15.023 14.805 14.587 14.369 14.15 14.04 14.002 13.964 13.931 13.954 13.977 14.0 14.023 14.046 14.069 14.093 14.116 14.139 14.162 14.185 14.208 14.175 14.037 13.899 13.761 13.706 13.704 13.701 13.699 13.697 13.694 13.692 13.689 13.687 13.685 13.682 13.68 13.673 13.633 13.592 13.552 13.517 13.522 13.527 13.532 13.526 13.338 13.149 12.961 12.772 12.584 12.395 12.207 12.018 11.83 11.641 11.453 11.264 10.882 10.405 9.927 9.45 8.973 8.495 8.018 7.541 7.063 6.586 6.109 5.632 5.434 5.405 5.376
6.258 6.361 6.463 6.566 6.669 6.772 6.849 6.926 7.002 7.079 7.156 7.232 7.309 7.386 7.462 7.539 7.615 7.692 7.769 7.845 7.995 8.204 8.505 8.898 9.29 9.683 10.075 10.468 10.861 11.253 11.646 12.039 12.431 12.824 13.216 13.609 13.899 13.951 14.0 13.928 13.856 14.022 14.287 14.551 14.816 15.08 15.344 15.609 15.873 16.138 16.402 16.667 16.931 17.195 17.46 17.451 17.233 17.015 16.796 16.578 16.36 16.142 15.924 15.706 15.488 15.27 15.052 14.833 14.615 14.541 14.503 14.471 14.494 14.517 14.54 14.563 14.587 14.61 14.633 14.656 14.679 14.702 14.725 14.749 14.772 14.706 14.568 14.43 14.377 14.375 14.372 14.37 14.368 14.365 14.363 14.361 14.358 14.356 14.353 14.351 14.349 14.334 14.294 14.253 14.22 14.225 14.23 14.235 14.063 13.875 13.686 13.498 13.309 13.121 12.932 12.744 12.555 12.367 12.178 11.99 11.801 11.414 10.937 10.459 9.982 9.505 9.027 8.55 8.073 7.596 7.118 6.641 6.164 5.686 5.579 5.55
6.495 6.598 6.701 6.803 6.906 7.009 7.086 7.162 7.239 7.316 7.392 7.469 7.546 7.622 7.699 7.776 7.852 7.929 8.006 8.082 8.159 8.335 8.639 9.032 9.425 9.817 10.21 10.602 10.995 11.388 11.78 12.173 12.565 12.958 13.351 13.743 14.136 14.357 14.403 14.332 14.449 14.713 14.978 15.242 15.506 15.771 16.035 16.3 16.564 16.829 17.093 17.357 17.622 17.886 18.151 18.134 17.916 17.698 17.479 17.261 17.043 16.825 16.607 16.389 16.171 15.953 15.735 15.516 15.298 15.081 15.043 15.011 15.034 15.058 15.081 15.104 15.127 15.15 15.173 15.196 15.22 15.243 15.266 15.289 15.312 15.335 15.237 15.099 15.048 15.046 15.044 15.041 15.039 15.036 15.034 15.032 15.029 15.027 15.024 15.022 15.02 15.017 14.995 14.955 14.922 14.927 14.932 14.789 14.6 14.412 14.223 14.035 13.846 13.658 13.469 13.281 13.092 12.904 12.715 12.527 12.338 11.946 11.469 10.992 10.514 10.037 9.56 9.082 8.605 8.128 7.65 7.173 6.696 6.218 5.754 5.725
6.732 6.835 6.938 7.04 7.143 7.246 7.323 7.399 7.476 7.553 7.629 7.706 7.782 7.859 7.936 8.012 8.089 8.166 8.242 8.319 8.396 8.472 8.774 9.166 9.559 9.951 10.344 10.737 11.129 11.522 11.915 12.307 12.7 13.092 13.485 13.878 14.27 14.663 14.807 14.875 15.14 15.404 15.669 15.933 16.197 16.462 16.726 16.991 17.255 17.52 17.784 18.048 18.313 18.577 18.842 18.817 18.599 18.381 18.163 17.944 17.726 17.508 17.29 17.072 16.854 16.636 16.418 16.2 15.981 15.763 15.582 15.552 15.575 15.598 15.621 15.644 15.667 15.691 15.714 15.737 15.76 15.783 15.806 15.829 15.853 15.876 15.899 15.768 15.719 15.717 15.715 15.712 15.71 15.707 15.705 15.703 15.7 15.698 15.696 15.693 15.691 15.688 15.686 15.656 15.624 15.629 15.514 15.325 15.137 14.949 14.76 14.572 14.383 14.195 14.006 13.818 13.629 13.441 13.252 13.064 12.875 12.478 12.001 11.524 11.046 10.569 10.092 9.614 9.137 8.66 8.182 7.705 7.228 6.75 6.273 5.899
7.332 7.428 7.524 7.62 7.716 7.811 7.881 7.95 8.02 8.09 8.159 8.229 8.299 8.368 8.438 8.508 8.577 8.647 8.717 8.786 8.856 8.925 9.061 9.449 9.836 10.224 10.611 10.998 11.386 11.773 12.161 12.548 12.936 13.323 13.71 14.098 14.485 14.873 15.108 15.394 15.672 15.95 16.228 16.507 16.785 17.063 17.342 17.62 17.898 18.177 18.455 18.733 19.004 19.268 19.533 19.5 19.282 19.064 18.846 18.627 18.409 18.191 17.973 17.755 17.537 17.319 17.101 16.883 16.664 16.446 16.228 16.092 16.115 16.138 16.161 16.185 16.208 16.231 16.254 16.277 16.3 16.323 16.347 16.37 16.393 16.416 16.439 16.437 16.391 16.388 16.386 16.383 16.381 16.379 16.376 16.374 16.371 16.369 16.367 16.364 16.362 16.36 16.357 16.355 16.327 16.239 16.051 15.862 15.674 15.485 15.297 15.108 14.92 14.732 14.543 14.355 14.166 13.978 13.789 13.601 13.412 13.01 12.533 12.056 11.578 11.101 10.624 10.146 9.669 9.192 8.714 8.237 7.76 7.282 6.805 6.328
8.009 8.105 8.201 8.297 8.393 8.487 8.557 8.627 8.696 8.766 8.836 8.905 8.975 9.045 9.114 9.184 9.254 9.323 9.393 9.463 9.532 9.384 9.518 9.905 10.292 10.68 11.067 11.455 11.842 12.23 12.617 13.005 13.392 13.779 14.167 14.554 14.942 15.229 14.885 15.232 15.51 15.789 16.067 16.345 16.624 16.902 17.18 17.459 17.737 18.015 18.293 18.572 18.85 19.128 19.407 19.38 19.176 18.972 18.768 18.564 18.359 18.155 17.951 17.747 17.543 17.339 17.135 16.931 16.727 16.523 16.319 16.164 16.203 16.237 16.272 16.306 16.341 16.375 16.41 16.444 16.479 16.513 16.548 16.582 16.617 16.651 16.686 16.72 16.739 16.75 16.761 16.773 16.784 16.795 16.807 16.818 16.829 16.841 16.852 16.863 16.875 16.886 16.897 16.908 16.926 16.743 16.56 16.376 16.193 16.01 15.826 15.643 15.457 15.268 15.08 14.891 14.703 14.515 14.326 14.138 13.949 13.542 13.065 12.588 12.11 11.633 11.156 10.678 10.201 9.724 9.246 8.769 8.292 7.814 7.337 6.86
8.686 8.782 8.878 8.973 9.069 9.164 9.234 9.303 9.373 9.442 9.512 9.582 9.651 9.721 9.791 9.86 9.93 10.0 10.069 10.139 10.03 9.831 9.974 10.361 10.749 11.136 11.524 11.911 12.299 12.686 13.074 13.461 13.848 14.236 14.623 15.011 15.398 14.994 14.663 15.018 15.349 15.627 15.906 16.184 16.462 16.74 17.019 17.297 17.575 17.854 18.132 18.41 18.689 18.967 19.245 19.211 19.006 18.802 18.598 18.394 18.19 17.986 17.782 17.578 17.374 17.17 16.966 16.761 16.557 16.353 16.159 16.013 16.057 16.094 16.128 16.163 16.197 16.232 16.266 16.301 16.335 16.37 16.404 16.439 16.473 16.508 16.543 16.577 16.595 16.606 16.618 16.629 16.64 16.652 16.663 16.674 16.686 16.697 16.708 16.719 16.731 16.742 16.753 16.817 17.036 16.976 16.793 16.609 16.426 16.243 16.059 15.876 15.693 15.509 15.326 15.143 14.959 14.776 14.593 14.409 14.226 13.82 13.347 12.875 12.403 11.931 11.459 10.987 10.515 10.043 9.571 9.098 8.626 8.154 7.682 7.21
9.363 9.459 9.554 9.65 9.746 9.84 9.91 9.98 10.049 10.119 10.189 10.258 10.328 10.398 10.467 10.537 10.606 10.676 10.746 10.676 10.477 10.278 10.43 10.818 11.205 11.593 11.98 12.368 12.755 13.142 13.53 13.917 14.305 14.692 15.08 15.467 15.182 14.759 14.44 14.795 15.15 15.466 15.744 16.022 16.301 16.579 16.857 17.136 17.414 17.692 17.97 18.249 18.527 18.805 19.084 19.041 18.837 18.633 18.429 18.225 18.021 17.817 17.613 17.409 17.204 17.0 16.796 16.592 16.388 16.191 16.003 15.861 15.906 15.95 15.985 16.019 16.054 16.089 16.123 16.158 16.192 16.227 16.261 16.296 16.33 16.365 16.399 16.434 16.451 16.463 16.474 16.485 16.497 16.508 16.519 16.53 16.542 16.553 16.564 16.576 16.587 16.598 16.621 16.911 17.125 17.123 17.026 16.843 16.659 16.476 16.293 16.109 15.926 15.743 15.559 15.376 15.193 15.009 14.826 14.643 14.459 14.048 13.576 13.104 12.631 12.159 11.687 11.215 10.743 10.271 9.799 9.327 8.855 8.382 7.91 7.438
10.04 10.135 10.231 10.327 10.423 10.517 10.586 10.656 10.726 10.795 10.865 10.935 11.004 11.074 11.144 11.213 11.283 11.353 11.323 11.123 10.924 10.725 10.887 11.274 11.662 12.049 12.437 12.824 13.211 13.599 13.986 14.374 14.761 15.149 15.536 15.37 14.947 14.524 14.217 14.572 14.927 15.282 15.583 15.861 16.139 16.418 16.696 16.974 17.252 17.531 17.809 18.087 18.366 18.644 18.922 18.872 18.668 18.464 18.26 18.056 17.851 17.647 17.443 17.239 17.035 16.831 16.627 16.423 16.224 16.036 15.848 15.71 15.754 15.799 15.842 15.876 15.911 15.945 15.98 16.014 16.049 16.083 16.118 16.152 16.187 16.221 16.256 16.29 16.308 16.319 16.33 16.341 16.353 16.364 16.375 16.387 16.398 16.409 16.421 16.432 16.443 16.455 16.715 17.005 17.214 17.212 17.209 17.076 16.892 16.709 16.526 16.342 16.159 15.976 15.792 15.609 15.426 15.242 15.059 14.876 14.692 14.276 13.804 13.332 12.86 12.388 11.915 11.443 10.971 10.499 10.027 9.555 9.083 8.611 8.139 7.741
10.716 10.812 10.908 11.004 11.1 11.193 11.263 11.332 11.402 11.472 11.541 11.611 11.681 11.75 11.82 11.89 11.959 11.969 11.77 11.57 11.371 11.172 11.343 11.731 12.118 12.506 12.893 13.28 13.668 14.055 14.443 14.83 15.218 15.605 15.558 15.135 14.712 14.289 13.995 14.35 14.705 15.06 15.414 15.7 15.978 16.256 16.534 16.813 17.091 17.369 17.648 17.926 18.204 18.482 18.761 18.703 18.498 18.294 18.09 17.886 17.682 17.478 17.274 17.07 16.866 16.662 16.458 16.256 16.068 15.88 15.693 15.558 15.603 15.648 15.692 15.733 15.767 15.802 15.836 15.871 15.905 15.94 15.974 16.009 16.043 16.078 16.112 16.147 16.164 16.175 16.186 16.198 16.209 16.22 16.232 16.243 16.254 16.266 16.277 16.288 16.299 16.52 16.809 17.099 17.303 17.301 17.298 17.295 17.125 16.942 16.759 16.575 16.392 16.209 16.025 15.842 15.659 15.475 15.292 15.109 14.925 14.504 14.032 13.56 13.088 12.616 12.144 11.672 11.199 10.727 10.255 9.783 9.311 8.839 8.419 8.099
11.393 11.489 11.585 11.681 11.777 11.87 11.939 12.009 12.078 12.148 12.218 12.287 12.357 12.427 12.496 12.566 12.615 12.416 12.217 12.017 11.818 11.619 11.8 12.187 12.574 12.962 13.349 13.737 14.124 14.512 14.899 15.287 15.674 15.746 15.323 14.899 14.476 14.053 13.772 14.127 14.482 14.837 15.192 15.538 15.816 16.095 16.373 16.651 16.93 17.208 17.486 17.764 18.043 18.321 18.599 18.533 18.329 18.125 17.921 17.717 17.513 17.309 17.105 16.9 16.696 16.492 16.288 16.101 15.913 15.725 15.537 15.407 15.451 15.496 15.541 15.585 15.624 15.658 15.693 15.727 15.762 15.796 15.831 15.865 15.9 15.934 15.969 16.004 16.02 16.031 16.043 16.054 16.065 16.077 16.088 16.099 16.11 16.122 16.133 16.144 16.324 16.614 16.903 17.193 17.392 17.39 17.387 17.384 17.359 17.175 16.992 16.809 16.625 16.442 16.259 16.075 15.892 15.709 15.525 15.342 15.159 14.732 14.26 13.788 13.316 12.844 12.372 11.9 11.428 10.955 10.483 10.011 9.539 9.098 8.778 8.458
12.07 12.166 12.262 12.358 12.454 12.546 12.616 12.685 12.755 12.825 12.894 12.964 13.034 13.103 13.173 13.242 13.062 12.863 12.664 12.464 12.265 12.066 12.256 12.643 13.031 13.418 13.806 14.193 14.581 14.968 15.355 15.743 15.934 15.51 15.087 14.664 14.241 13.818 13.55 13.904 14.259 14.614 14.969 15.324 15.655 15.933 16.211 16.49 16.768 17.046 17.325 17.603 17.881 18.16 18.438 18.364 18.16 17.956 17.752 17.547 17.343 17.139 16.935 16.731 16.527 16.323 16.133 15.945 15.757 15.57 15.382 15.255 15.3 15.344 15.389 15.434 15.479 15.515 15.55 15.584 15.619 15.653 15.688 15.722 15.757 15.791 15.826 15.86 15.876 15.888 15.899 15.91 15.921 15.933 15.944 15.955 15.967 15.978 15.989 16.129 16.418 16.708 16.997 17.287 17.481 17.479 17.476 17.473 17.471 17.408 17.225 17.042 16.858 16.675 16.492 16.308 16.125 15.942 15.758 15.575 15.392 14.961 14.488 14.016 13.544 13.072 12.6 12.128 11.656 11.184 10.712 10.239 9.776 9.456 9.136 8.816
12.747 12.843 12.939 13.035 13.13 13.222 13.292 13.362 13.431 13.501 13.571 13.64 13.71 13.78 13.849 13.708 13.509 13.31 13.111 12.911 12.712 12.513 12.712 13.1 13.487 13.875 14.262 14.65 15.037 15.424 15.812 16.121 15.698 15.275 14.852 14.429 14.006 13.583 13.327 13.682 14.037 14.392 14.746 15.101 15.456 15.772 16.05 16.328 16.607 16.885 17.163 17.442 17.72 17.998 18.276 18.195 17.99 17.786 17.582 17.378 17.174 16.97 16.766 16.562 16.358 16.165 15.978 15.79 15.602 15.414 15.227 15.104 15.148 15.193 15.238 15.282 15.327 15.372 15.406 15.441 15.475 15.51 15.544 15.579 15.613 15.648 15.682 15.717 15.732 15.744 15.755 15.766 15.778 15.789 15.8 15.812 15.823 15.834 15.933 16.223 16.512 16.802 17.091 17.381 17.57 17.568 17.565 17.562 17.56 17.557 17.458 17.275 17.091 16.908 16.725 16.541 16.358 16.175 15.991 15.808 15.625 15.189 14.717 14.245 13.772 13.3 12.828 12.356 11.884 11.412 10.94 10.468 10.134 9.814 9.494 9.174
13.424 13.52 13.615 13.711 13.807 13.899 13.968 14.038 14.108 14.177 14.247 14.317 14.386 14.456 14.355 14.155 13.956 13.757 13.558 13.358 13.159 12.96 13.169 13.556 13.944 14.331 14.719 15.106 15.493 15.881 16.268 15.886 15.463 15.04 14.617 14.194 13.771 13.348 13.104 13.459 13.814 14.169 14.524 14.879 15.234 15.588 15.889 16.167 16.445 16.723 17.002 17.28 17.558 17.837 18.115 18.025 17.821 17.617 17.413 17.209 17.005 16.801 16.597 16.392 16.198 16.01 15.822 15.634 15.447 15.259 15.071 14.952 14.997 15.041 15.086 15.131 15.176 15.22 15.263 15.297 15.332 15.366 15.401 15.435 15.47 15.504 15.539 15.573 15.589 15.6 15.611 15.623 15.634 15.645 15.657 15.668 15.679 15.738 16.027 16.317 16.606 16.896 17.185 17.475 17.66 17.657 17.654 17.651 17.649 17.646 17.643 17.508 17.325 17.141 16.958 16.775 16.591 16.408 16.225 16.041 15.858 15.417 14.945 14.473 14.001 13.528 13.056 12.584 12.112 11.64 11.168 10.812 10.493 10.173 9.853 9.533
14.101 14.196 14.292 14.388 14.484 14.575 14.645 14.715 14.784 14.854 14.923 14.993 15.063 15.001 14.802 14.602 14.403 14.204 14.005 13.805 13.606 13.407 13.625 14.013 14.4 14.787 15.175 15.562 15.95 16.337 16.074 15.651 15.228 14.805 14.382 13.959 13.535 13.112 12.882 13.236 13.591 13.946 14.301 14.656 15.011 15.366 15.721 16.005 16.284 16.562 16.84 17.119 17.397 17.675 17.953 17.856 17.652 17.448 17.244 17.039 16.835 16.631 16.427 16.23 16.042 15.855 15.667 15.479 15.291 15.104 14.916 14.801 14.845 14.89 14.935 14.979 15.024 15.069 15.113 15.154 15.188 15.223 15.257 15.292 15.326 15.361 15.395 15.43 15.445 15.456 15.468 15.479 15.49 15.501 15.513 15.524 15.542 15.832 16.121 16.411 16.7 16.99 17.279 17.569 17.749 17.746 17.743 17.74 17.738 17.735 17.732 17.73 17.558 17.374 17.191 17.008 16.824 16.641 16.458 16.274 16.091 15.645 15.173 14.701 14.229 13.757 13.285 12.812 12.34 11.868 11.491 11.171 10.851 10.531 10.211 9.891
14.777 14.873 14.969 15.065 15.161 15.252 15.321 15.391 15.461 15.53 15.6 15.67 15.647 15.448 15.249 15.049 14.85 14.651 14.452 14.252 14.053 13.854 14.082 14.469 14.856 15.244 15.631 16.019 16.406 16.262 15.839 15.416 14.993 14.569 14.146 13.723 13.3 12.877 12.659 13.014 13.369 13.724 14.078 14.433 14.788 15.143 15.498 15.844 16.122 16.401 16.679 16.957 17.235 17.514 17.792 17.686 17.482 17.278 17.074 16.87 16.666 16.462 16.262 16.075 15.887 15.699 15.511 15.324 15.136 14.948 14.761 14.649 14.694 14.738 14.783 14.828 14.873 14.917 14.962 15.007 15.045 15.08 15.114 15.149 15.183 15.218 15.252 15.287 15.301 15.312 15.324 15.335 15.346 15.358 15.369 15.38 15.636 15.926 16.215 16.505 16.794 17.084 17.373 17.663 17.838 17.835 17.832 17.829 17.827 17.824 17.821 17.819 17.791 17.607 17.424 17.241 17.057 16.874 16.691 16.507 16.324 15.873 15.401 14.929 14.457 13.985 13.513 13.041 12.569 12.169 11.849 11.529 11.209 10.889 10.569 10.249
15.454 15.55 15.646 15.742 15.838 15.928 15.998 16.067 16.137 16.207 16.276 16.293 16.094 15.895 15.696 15.496 15.297 15.098 14.899 14.699 14.5 14.301 14.538 14.925 15.313 15.7 16.088 16.475 16.45 16.027 15.604 15.18 14.757 14.334 13.911 13.488 13.065 12.642 12.436 12.791 13.146 13.501 13.856 14.211 14.566 14.92 15.275 15.63 15.961 16.239 16.517 16.796 17.074 17.352 17.631 17.517 17.313 17.109 16.905 16.701 16.497 16.295 16.107 15.919 15.732 15.544 15.356 15.168 14.981 14.793 14.605 14.497 14.542 14.587 14.632 14.676 14.721 14.766 14.81 14.855 14.9 14.936 14.971 15.005 15.04 15.074 15.109 15.143 15.157 15.169 15.18 15.191 15.203 15.214 15.225 15.441 15.73 16.02 16.309 16.599 16.888 17.178 17.467 17.757 17.927 17.924 17.921 17.919 17.916 17.913 17.91 17.908 17.905 17.841 17.657 17.474 17.291 17.107 16.924 16.741 16.557 16.102 15.629 15.157 14.685 14.213 13.741 13.269 12.847 12.527 12.207 11.887 11.568 11.248 10.928 10.608
16.131 16.227 16.323 16.419 16.515 16.604 16.674 16.744 16.813 16.883 16.94 16.74 16.541 16.342 16.143 15.943 15.744 15.545 15.346 15.146 14.947 14.748 14.994 15.382 15.769 16.157 16.544 16.638 16.215 15.791 15.368 14.945 14.522 14.099 13.676 13.253 12.83 12.407 12.214 12.568 12.923 13.278 13.633 13.988 14.343 14.698 15.053 15.408 15.762 16.078 16.356 16.634 16.913 17.191 17.469 17.348 17.144 16.94 16.736 16.531 16.327 16.139 15.952 15.764 15.576 15.388 15.201 15.013 14.825 14.638 14.45 14.346 14.391 14.435 14.48 14.525 14.569 14.614 14.659 14.704 14.748 14.793 14.827 14.862 14.896 14.931 14.965 15.0 15.014 15.025 15.036 15.048 15.059 15.07 15.245 15.535 15.824 16.114 16.403 16.693 16.982 17.272 17.561 17.85 18.016 18.013 18.01 18.008 18.005 18.002 17.999 17.997 17.994 17.991 17.89 17.707 17.524 17.34 17.157 16.974 16.79 16.33 15.858 15.385 14.913 14.441 13.969 13.526 13.206 12.886 12.566 12.246 11.926 11.606 11.286 10.966
17.18 16.904 17.0 17.096 17.191 17.281 17.351 17.42 17.49 17.56 17.387 17.187 16.988 16.789 16.59 16.39 16.191 15.992 15.793 15.593 15.394 15.195 15.451 15.838 16.226 16.613 16.825 16.402 15.979 15.556 15.133 14.71 14.287 13.864 13.441 13.018 12.594 12.171 11.991 12.346 12.701 13.056 13.411 13.765 14.12 14.475 14.83 15.185 15.54 15.895 16.195 16.473 16.751 17.029 17.308 17.178 16.974 16.77 16.566 16.362 16.172 15.984 15.796 15.608 15.421 15.233 15.045 14.858 14.67 14.482 14.294 14.194 14.239 14.284 14.329 14.373 14.418 14.463 14.507 14.552 14.597 14.642 14.684 14.718 14.753 14.787 14.822 14.856 14.87 14.881 14.892 14.904 14.915 15.05 15.339 15.629 15.918 16.208 16.497 16.787 17.076 17.366 17.655 17.944 18.105 18.102 18.099 18.097 18.094 18.091 18.088 18.086 18.083 18.08 18.078 17.94 17.757 17.574 17.39 17.207 17.024 16.558 16.086 15.614 15.142 14.669 14.204 13.884 13.564 13.244 12.924 12.604 12.284 11.964 11.644 11.324
18.418 17.812 17.676 17.772 17.868 17.957 18.027 18.097 18.166 18.033 17.834 17.634 17.435 17.236 17.037 16.837 16.638 16.439 16.24 16.041 15.841 15.642 15.907 16.295 16.682 17.013 16.59 16.167 15.744 15.321 14.898 14.475 14.052 13.628 13.205 12.782 12.359 11.936 11.768 12.123 12.478 12.833 13.188 13.543 13.898 14.253 14.607 14.962 15.317 15.672 16.027 16.311 16.59 16.868 17.146 17.009 16.805 16.601 16.397 16.204 16.016 15.829 15.641 15.453 15.265 15.078 14.89 14.702 14.515 14.327 14.139 14.043 14.088 14.132 14.177 14.222 14.266 14.311 14.356 14.401 14.445 14.49 14.535 14.575 14.61 14.644 14.679 14.713 14.726 14.737 14.749 14.76 14.854 15.144 15.433 15.723 16.012 16.302 16.591 16.881 17.17 17.46 17.749 18.038 18.194 18.191 18.188 18.186 18.183 18.18 18.178 18.175 18.172 18.169 18.167 18.164 17.99 17.807 17.623 17.44 17.257 16.786 16.314 15.842 15.37 14.898 14.562 14.242 13.922 13.602 13.282 12.963 12.643 12.323 12.003 11.683
19.657 19.05 18.444 18.449 18.545 18.634 18.703 18.773 18.679 18.48 18.281 18.081 17.882 17.683 17.484 17.284 17.085 16.886 16.687 16.488 16.288 16.089 16.364 16.751 17.138 16.778 16.355 15.932 15.509 15.086 14.663 14.239 13.816 13.393 12.97 12.547 12.124 11.701 11.546 11.901 12.255 12.61 12.965 13.32 13.675 14.03 14.385 14.74 15.095 15.449 15.804 16.15 16.428 16.706 16.985 16.84 16.636 16.432 16.236 16.049 15.861 15.673 15.485 15.298 15.11 14.922 14.735 14.547 14.359 14.171 13.984 13.891 13.936 13.981 14.026 14.07 14.115 14.16 14.204 14.249 14.294 14.338 14.383 14.428 14.466 14.501 14.535 14.57 14.582 14.594 14.605 14.659 14.948 15.238 15.527 15.817 16.106 16.396 16.685 16.975 17.264 17.554 17.843 18.132 18.283 18.28 18.277 18.275 18.272 18.269 18.267 18.264 18.261 18.258 18.256 18.253 18.223 18.04 17.856 17.673 17.486 17.014 16.542 16.07 15.598 15.241 14.921 14.601 14.281 13.961 13.641 13.321 13.001 12.681 12.361 12.041
20.896 20.289 19.683 19.126 19.222 19.31 19.38 19.325 19.126 18.927 18.728 18.528 18.329 18.13 17.931 17.731 17.532 17.333 17.134 16.935 16.735 16.536 16.82 17.207 16.966 16.543 16.12 15.697 15.274 14.85 14.427 14.004 13.581 13.158 12.735 12.312 11.889 11.466 11.323 11.678 12.033 12.388 12.743 13.097 13.452 13.807 14.162 14.517 14.872 15.227 15.582 15.937 16.267 16.545 16.823 16.67 16.466 16.269 16.081 15.893 15.706 15.518 15.33 15.142 14.955 14.767 14.579 14.392 14.204 14.016 13.828 13.74 13.785 13.829 13.874 13.919 13.963 14.008 14.053 14.098 14.142 14.187 14.232 14.276 14.321 14.357 14.392 14.426 14.439 14.45 14.463 14.753 15.042 15.332 15.621 15.911 16.2 16.49 16.779 17.069 17.358 17.647 17.937 18.226 18.372 18.369 18.366 18.364 18.361 18.358 18.356 18.353 18.35 18.347 18.345 18.342 18.339 18.273 18.09 17.906 17.715 17.242 16.77 16.298 15.919 15.599 15.279 14.959 14.639 14.319 13.999 13.679 13.359 13.039 12.719 12.399
22.134 21.528 20.921 20.315 19.899 19.987 19.972 19.772 19.573 19.374 19.175 18.975 18.776 18.577 18.378 18.178 17.979 17.78 17.581 17.382 17.182 16.983 17.276 17.154 16.731 16.308 15.885 15.461 15.038 14.615 14.192 13.769 13.346 12.923 12.5 12.077 11.653 11.23 11.1 11.455 11.81 12.165 12.52 12.875 13.23 13.585 13.939 14.294 14.649 15.004 15.359 15.714 16.069 16.384 16.662 16.501 16.301 16.113 15.926 15.738 15.55 15.362 15.175 14.987 14.799 14.612 14.424 14.236 14.048 13.861 13.673 13.588 13.633 13.678 13.722 13.767 13.812 13.857 13.901 13.946 13.991 14.035 14.08 14.125 14.17 14.214 14.248 14.283 14.295 14.306 14.557 14.847 15.136 15.426 15.715 16.005 16.294 16.584 16.873 17.163 17.452 17.741 18.031 18.32 18.461 18.458 18.456 18.453 18.45 18.447 18.445 18.442 18.439 18.436 18.434 18.431 18.428 18.426 18.323 18.139 17.943 17.471 16.999 16.597 16.277 15.957 15.637 15.317 14.997 14.677 14.357 14.038 13.718 13.398 13.078 12.758
23.373 22.766 22.16 21.553 20.947 20.618 20.419 20.219 20.02 19.821 19.622 19.422 19.223 19.024 18.825 18.625 18.426 18.227 18.028 17.829 17.629 17.43 17.342 16.919 16.495 16.072 15.649 15.226 14.803 14.38 13.957 13.534 13.111 12.688 12.264 11.841 11.418 10.995 10.878 11.233 11.587 11.942 12.297 12.652 13.007 13.362 13.717 14.072 14.427 14.781 15.136 15.491 15.846 16.201 16.5 16.333 16.146 15.958 15.77 15.583 15.395 15.207 15.019 14.832 14.644 14.456 14.268 14.081 13.893 13.705 13.518 13.437 13.482 13.526 13.571 13.616 13.66 13.705 13.75 13.794 13.839 13.884 13.929 13.973 14.018 14.063 14.105 14.14 14.151 14.362 14.651 14.941 15.23 15.52 15.809 16.099 16.388 16.678 16.967 17.257 17.546 17.835 18.125 18.414 18.55 18.547 18.545 18.542 18.539 18.536 18.534 18.531 18.528 18.526 18.523 18.52 18.517 18.515 18.512 18.372 18.171 17.699 17.275 16.955 16.635 16.316 15.996 15.676 15.356 15.036 14.716 14.396 14.076 13.756 13.436 13.116
24.373 23.771 23.169 22.567 21.959 21.129 20.734 20.537 20.341 20.144 19.948 19.751 19.554 19.358 19.161 18.964 18.768 18.571 18.375 18.178 17.981 17.785 17.278 16.85 16.422 15.994 15.565 15.137 14.709 14.281 13.853 13.424 12.996 12.568 12.14 11.711 11.283 10.855 10.628 10.985 11.341 11.698 12.054 12.41 12.767 13.123 13.48 13.836 14.193 14.549 14.905 15.262 15.618 15.975 16.331 16.177 15.99 15.803 15.615 15.427 15.239 15.052 14.864 14.676 14.489 14.301 14.113 13.925 13.738 13.55 13.362 13.285 13.33 13.375 13.419 13.464 13.509 13.554 13.598 13.643 13.688 13.732 13.777 13.822 13.867 13.911 13.956 13.996 14.166 14.456 14.745 15.035 15.324 15.614 15.903 16.193 16.482 16.772 17.061 17.351 17.64 17.929 18.219 18.508 18.639 18.636 18.634 18.631 18.628 18.625 18.623 18.62 18.617 18.615 18.612 18.609 18.606 18.604 18.601 18.598 18.399 17.954 17.634 17.314 16.994 16.674 16.354 16.034 15.714 15.394 15.074 14.754 14.434 14.114 13.794 13.474
25.345 24.742 24.14 23.538 22.725 21.895 21.093 20.819 20.622 20.425 20.229 20.032 19.836 19.639 19.442 19.246 19.049 18.853 18.656 18.459 18.263 18.066 17.452 16.933 16.505 16.077 15.648 15.22 14.792 14.364 13.935 13.507 13.079 12.651 12.222 11.794 11.366 10.938 10.628 10.667 11.024 11.38 11.737 12.093 12.449 12.806 13.162 13.519 13.875 14.232 14.588 14.944 15.301 15.657 16.014 15.851 15.666 15.481 15.296 15.111 14.926 14.741 14.556 14.372 14.187 14.002 13.817 13.632 13.447 13.262 13.109 13.261 13.325 13.366 13.407 13.449 13.49 13.531 13.573 13.614 13.655 13.697 13.738 13.78 13.821 13.862 13.904 13.952 14.242 14.532 14.822 15.112 15.402 15.693 15.983 16.273 16.563 16.853 17.143 17.433 17.724 18.014 18.304 18.594 18.575 18.586 18.597 18.608 18.619 18.629 18.64 18.651 18.662 18.673 18.684 18.695 18.695 18.693 18.69 18.687 18.632 18.312 17.992 17.672 17.352 17.032 16.712 16.392 16.072 15.752 15.433 15.113 14.793 14.473 14.153 13.833
26.316 25.713 25.111 24.334 23.49 22.661 21.858 21.1 20.903 20.707 20.51 20.314 20.117 19.92 19.724 19.527 19.331 19.134 18.937 18.741 18.544 18.348 17.726 17.058 16.588 16.159 15.731 15.303 14.875 14.446 14.018 13.59 13.162 12.734 12.305 11.877 11.449 11.021 10.715 10.565 10.706 11.063 11.419 11.776 12.132 12.488 12.845 13.201 13.558 13.914 14.271 14.627 14.983 15.34 15.696 15.525 15.34 15.155 14.97 14.785 14.6 14.415 14.23 14.045 13.86 13.675 13.491 13.306 13.121 12.936 13.004 13.159 13.374 13.415 13.457 13.498 13.54 13.581 13.622 13.664 13.705 13.746 13.788 13.829 13.87 13.912 13.953 14.005 14.296 14.586 14.876 15.166 15.456 15.746 16.036 16.327 16.617 16.907 17.197 17.487 17.777 18.068 18.358 18.38 18.046 17.87 17.881 17.892 17.903 17.914 17.925 17.936 17.947 17.958 17.969 17.98 17.991 18.002 18.013 18.024 17.999 17.697 17.396 17.095 16.793 16.492 16.19 15.889 15.588 15.286 14.985 14.683 14.382 14.08 13.779 13.478
27.287 26.685 25.943 25.099 24.255 23.427 22.624 21.822 21.185 20.988 20.792 20.595 20.398 20.202 20.005 19.809 19.612 19.415 19.219 19.022 18.826 18.629 17.999 17.332 16.67 16.242 15.814 15.386 14.957 14.529 14.101 13.673 13.245 12.816 12.388 11.96 11.532 11.103 10.802 10.652 10.502 10.745 11.102 11.458 11.815 12.171 12.527 12.884 13.24 13.597 13.953 14.31 14.666 15.023 15.379 15.198 15.013 14.828 14.644 14.459 14.274 14.089 13.904 13.719 13.534 13.349 13.164 12.979 12.794 12.825 12.9 13.057 13.288 13.465 13.506 13.548 13.589 13.631 13.672 13.713 13.755 13.796 13.837 13.879 13.92 13.961 14.003 14.059 14.349 14.64 14.93 15.22 15.51 15.8 16.09 16.38 16.671 16.961 17.251 17.541 17.831 18.121 18.211 18.042 17.703 17.247 17.166 17.177 17.188 17.199 17.21 17.221 17.232 17.243 17.254 17.264 17.275 17.286 17.297 17.308 17.278 16.977 16.675 16.374 16.073 15.771 15.47 15.168 14.867 14.565 14.264 13.963 13.661 13.36 13.058 12.777
28.258 27.552 26.708 25.864 25.02 24.193 23.39 22.587 21.785 21.27 21.073 20.876 20.68 20.483 20.287 20.09 19.893 19.697 19.5 19.304 19.107 18.91 18.273 17.606 16.939 16.325 15.897 15.469 15.04 14.612 14.184 13.756 13.327 12.899 12.471 12.043 11.614 11.186 10.89 10.739 10.589 10.439 10.784 11.141 11.497 11.854 12.21 12.567 12.923 13.279 13.636 13.992 14.349 14.705 15.057 14.872 14.687 14.502 14.317 14.132 13.947 13.763 13.578 13.393 13.208 13.023 12.838 12.653 12.646 12.721 12.796 12.955 13.186 13.417 13.556 13.597 13.639 13.68 13.722 13.763 13.804 13.846 13.887 13.928 13.97 14.011 14.052 14.113 14.403 14.693 14.983 15.274 15.564 15.854 16.144 16.434 16.724 17.014 17.305 17.595 17.885 18.041 17.872 17.703 17.359 16.904 16.451 16.462 16.472 16.483 16.494 16.505 16.516 16.527 16.538 16.549 16.56 16.571 16.582 16.593 16.557 16.256 15.955 15.653 15.352 15.05 14.749 14.448 14.146 13.845 13.543 13.242 12.94 12.639 12.338 12.521
29.161 28.317 27.473 26.629 25.786 24.959 24.156 23.353 22.55 21.748 21.354 21.158 20.961 20.765 20.568 20.371 20.175 19.978 19.782 19.585 19.388 19.192 18.547 17.88 17.212 16.545 15.98 15.551 15.123 14.695 14.267 13.838 13.41 12.982 12.554 12.125 11.697 11.269 10.977 10.827 10.676 10.526 10.467 10.823 11.18 11.536 11.893 12.249 12.606 12.962 13.318 13.675 14.031 14.388 14.731 14.546 14.361 14.176 13.991 13.806 13.621 13.436 13.251 13.066 12.882 12.697 12.512 12.466 12.541 12.616 12.691 12.854 13.085 13.316 13.547 13.647 13.688 13.73 13.771 13.813 13.854 13.895 13.937 13.978 14.019 14.061 14.102 14.167 14.457 14.747 15.037 15.327 15.617 15.908 16.198 16.488 16.778 17.068 17.358 17.649 17.872 17.703 17.534 17.365 17.016 16.56 16.105 15.746 15.757 15.768 15.779 15.79 15.801 15.812 15.823 15.834 15.845 15.856 15.867 15.878 15.837 15.535 15.234 14.933 14.631 14.33 14.028 13.727 13.425 13.124 12.823 12.521 12.22 11.918 12.023 12.266
29.926 29.082 28.238 27.395 26.551 25.725 24.922 24.119 23.316 22.514 21.711 21.439 21.243 21.046 20.849 20.653 20.456 20.26 20.063 19.866 19.67 19.473 18.821 18.154 17.486 16.819 16.152 15.634 15.206 14.778 14.349 13.921 13.493 13.065 12.637 12.208 11.78 11.352 11.064 10.914 10.764 10.613 10.463 10.506 10.862 11.219 11.575 11.932 12.288 12.645 13.001 13.357 13.714 14.07 14.404 14.22 14.035 13.85 13.665 13.48 13.295 13.11 12.925 12.74 12.555 12.37 12.287 12.362 12.437 12.512 12.587 12.752 12.983 13.214 13.445 13.676 13.738 13.779 13.821 13.862 13.903 13.945 13.986 14.028 14.069 14.11 14.152 14.221 14.511 14.801 15.091 15.381 15.671 15.961 16.252 16.542 16.832 17.122 17.412 17.702 17.533 17.364 17.195 17.026 16.673 16.217 15.761 15.306 15.042 15.053 15.064 15.075 15.086 15.096 15.107 15.118 15.129 15.14 15.151 15.162 15.116 14.815 14.513 14.212 13.91 13.609 13.308 13.006 12.705 12.403 12.102 11.801 11.499 11.525 11.768 12.011
30.691 29.848 29.004 28.16 27.316 26.491 25.688 24.885 24.082 23.279 22.477 21.721 21.524 21.327 21.131 20.934 20.738 20.541 20.344 20.148 19.951 19.754 19.095 18.427 17.76 17.093 16.425 15.758 15.289 14.861 14.432 14.004 13.576 13.148 12.719 12.291 11.863 11.435 11.152 11.001 10.851 10.701 10.55 10.4 10.545 10.901 11.258 11.614 11.971 12.327 12.684 13.04 13.396 13.753 14.078 13.893 13.708 13.523 13.339 13.154 12.969 12.784 12.599 12.414 12.229 12.108 12.183 12.258 12.333 12.408 12.483 12.65 12.881 13.112 13.343 13.574 13.788 13.829 13.87 13.912 13.953 13.994 14.036 14.077 14.119 14.16 14.201 14.274 14.564 14.855 15.145 15.435 15.725 16.015 16.305 16.595 16.886 17.176 17.466 17.364 17.195 17.026 16.857 16.688 16.329 15.874 15.418 14.962 14.507 14.337 14.348 14.359 14.37 14.381 14.392 14.403 14.414 14.425 14.436 14.447 14.395 14.094 13.793 13.491 13.19 12.888 12.587 12.285 11.984 11.683 11.381 11.08 11.027 11.27 11.512 11.755
31.457 30.613 29.769 28.925 28.081 27.257 26.454 25.651 24.848 24.045 23.243 22.44 21.805 21.609 21.412 21.215 21.019 20.822 20.626 20.429 20.232 20.036 19.369 18.701 18.034 17.367 16.699 16.032 15.372 14.943 14.515 14.087 13.659 13.23 12.802 12.374 11.946 11.517 11.239 11.089 10.938 10.788 10.638 10.487 10.337 10.584 10.94 11.297 11.653 12.01 12.366 12.723 13.079 13.436 13.752 13.567 13.382 13.197 13.012 12.827 12.642 12.458 12.273 12.088 11.928 12.003 12.078 12.153 12.228 12.303 12.378 12.548 12.779 13.01 13.241 13.472 13.704 13.879 13.92 13.961 14.003 14.044 14.085 14.127 14.168 14.21 14.251 14.328 14.618 14.908 15.199 15.489 15.779 16.069 16.359 16.649 16.939 17.23 17.194 17.025 16.856 16.687 16.518 16.349 15.986 15.53 15.075 14.619 14.163 13.708 13.633 13.644 13.655 13.666 13.677 13.688 13.699 13.71 13.721 13.731 13.675 13.373 13.072 12.77 12.469 12.168 11.866 11.565 11.263 10.962 10.661 10.529 10.771 11.014 11.257 11.5
32.222 31.378 30.534 29.69 28.847 28.022 27.22 26.417 25.614 24.811 24.008 23.206 22.403 21.89 21.693 21.497 21.3 21.104 20.907 20.71 20.514 20.31 19.643 18.975 18.308 17.64 16.973 16.306 15.638 15.026 14.598 14.17 13.741 13.313 12.885 12.457 12.029 11.6 11.326 11.176 11.026 10.875 10.725 10.575 10.424 10.274 10.623 10.98 11.336 11.692 12.049 12.405 12.762 13.118 13.426 13.241 13.056 12.871 12.686 12.501 12.316 12.131 11.946 11.761 11.824 11.899 11.974 12.049 12.124 12.199 12.274 12.447 12.678 12.909 13.14 13.371 13.602 13.833 13.97 14.011 14.052 14.094 14.135 14.176 14.218 14.259 14.301 14.382 14.672 14.962 15.252 15.542 15.833 16.123 16.413 16.703 16.993 17.025 16.856 16.687 16.518 16.349 16.18 16.011 15.643 15.187 14.731 14.276 13.82 13.364 12.918 12.929 12.939 12.95 12.961 12.972 12.983 12.994 13.005 13.016 12.954 12.653 12.351 12.05 11.748 11.447 11.146 10.844 10.543 10.241 10.03 10.273 10.516 10.759 11.001 11.244
32.987 32.143 31.299 30.456 29.612 28.788 27.986 27.183 26.38 25.577 24.774 23.972 23.169 22.366 21.975 21.778 21.582 21.385 21.188 20.992 20.795 20.584 19.916 19.249 18.582 17.914 17.247 16.58 15.912 15.245 14.681 14.253 13.824 13.396 12.968 12.54 12.111 11.683 11.414 11.263 11.113 10.963 10.812 10.662 10.512 10.361 10.306 10.662 11.019 11.375 11.731 12.088 12.444 12.801 13.099 12.914 12.73 12.545 12.36 12.175 11.99 11.805 11.62 11.645 11.72 11.795 11.87 11.945 12.02 12.095 12.17 12.345 12.576 12.807 13.038 13.269 13.5 13.731 13.962 14.061 14.102 14.143 14.185 14.226 14.267 14.309 14.35 14.436 14.726 15.016 15.306 15.596 15.886 16.177 16.467 16.757 16.855 16.686 16.517 16.348 16.179 16.01 15.841 15.672 15.299 14.844 14.388 13.932 13.477 13.021 12.565 12.213 12.224 12.235 12.246 12.257 12.268 12.279 12.29 12.301 12.233 11.932 11.63 11.329 11.028 10.726 10.425 10.123 9.822 9.532 9.775 10.018 10.261 10.503 10.746 10.989
33.752 32.909 32.065 31.221 30.377 29.554 28.751 27.949 27.146 26.343 25.54 24.737 23.935 23.132 22.329 22.06 21.863 21.666 21.47 21.273 21.077 20.858 20.19 19.523 18.855 18.188 17.521 16.853 16.186 15.519 14.851 14.335 13.907 13.479 13.051 12.622 12.194 11.766 11.501 11.351 11.2 11.05 10.9 10.749 10.599 10.449 10.299 10.345 10.701 11.058 11.414 11.77 12.127 12.483 12.773 12.588 12.403 12.218 12.034 11.849 11.664 11.479 11.465 11.54 11.615 11.69 11.765 11.84 11.915 11.99 12.065 12.243 12.474 12.705 12.936 13.167 13.398 13.629 13.86 14.091 14.152 14.193 14.234 14.276 14.317 14.358 14.4 14.489 14.78 15.07 15.36 15.65 15.94 16.23 16.52 16.686 16.517 16.348 16.179 16.01 15.841 15.672 15.503 15.334 14.956 14.5 14.045 13.589 13.133 12.678 12.222 11.767 11.509 11.52 11.531 11.542 11.553 11.563 11.574 11.585 11.513 11.211 10.91 10.608 10.307 10.006 9.704 9.403 9.101 9.277 9.52 9.762 10.005 10.248 10.491 10.733
34.518 33.674 32.83 31.986 31.142 30.32 29.517 28.715 27.912 27.109 26.306 25.503 24.7 23.898 23.095 22.341 22.144 21.948 21.751 21.555 21.358 21.131 20.464 19.797 19.129 18.462 17.795 17.127 16.46 15.792 15.125 14.458 13.99 13.562 13.133 12.705 12.277 11.849 11.588 11.438 11.288 11.137 10.987 10.837 10.686 10.536 10.386 10.236 10.384 10.74 11.097 11.453 11.809 12.166 12.447 12.262 12.077 11.892 11.707 11.522 11.337 11.286 11.361 11.436 11.511 11.586 11.661 11.736 11.811 11.886 11.961 12.141 12.372 12.603 12.834 13.065 13.296 13.527 13.759 13.99 14.201 14.243 14.284 14.325 14.367 14.408 14.449 14.543 14.833 15.123 15.414 15.704 15.994 16.284 16.516 16.347 16.178 16.009 15.84 15.671 15.502 15.333 15.164 14.995 14.613 14.157 13.701 13.246 12.79 12.334 11.879 11.423 10.968 10.804 10.815 10.826 10.837 10.848 10.859 10.87 10.792 10.491 10.189 9.888 9.586 9.285 8.983 8.682 8.779 9.021 9.264 9.507 9.75 9.992 10.235 10.478
35.283 34.439 33.595 32.751 31.908 31.086 30.283 29.48 28.678 27.875 27.072 26.269 25.466 24.664 23.861 23.058 22.426 22.229 22.033 21.836 21.639 21.405 20.738 20.07 19.403 18.736 18.068 17.401 16.734 16.066 15.399 14.732 14.073 13.645 13.216 12.788 12.36 11.932 11.676 11.525 11.375 11.225 11.074 10.924 10.774 10.623 10.473 10.323 10.173 10.423 10.779 11.136 11.492 11.849 12.121 11.936 11.751 11.566 11.381 11.196 11.106 11.181 11.256 11.331 11.406 11.481 11.556 11.631 11.706 11.781 11.856 12.039 12.27 12.502 12.733 12.964 13.195 13.426 13.657 13.888 14.119 14.292 14.333 14.375 14.416 14.458 14.499 14.597 14.887 15.177 15.467 15.758 16.048 16.338 16.178 16.009 15.84 15.671 15.502 15.333 15.164 14.995 14.826 14.657 14.269 13.814 13.358 12.902 12.447 11.991 11.535 11.08 10.624 10.169 10.1 10.111 10.122 10.133 10.144 10.155 10.071 9.77 9.468 9.167 8.866 8.564 8.263 8.28 8.523 8.766 9.009 9.251 9.494 9.737 9.98 10.222
36.048 35.204 34.36 33.517 32.673 31.852 31.049 30.246 29.443 28.641 27.838 27.035 26.232 25.429 24.627 23.824 23.021 22.511 22.314 22.117 21.921 21.679 21.012 20.344 19.677 19.01 18.342 17.675 17.008 16.34 15.673 15.005 14.338 13.727 13.299 12.871 12.443 12.014 11.763 11.613 11.462 11.312 11.162 11.011 10.861 10.711 10.56 10.41 10.26 10.11 10.462 10.818 11.175 11.531 11.794 11.609 11.425 11.24 11.055 10.927 11.002 11.077 11.152 11.227 11.302 11.377 11.452 11.527 11.602 11.677 11.752 11.938 12.169 12.4 12.631 12.862 13.093 13.324 13.555 13.786 14.017 14.248 14.383 14.424 14.466 14.507 14.549 14.651 14.941 15.231 15.521 15.811 16.101 16.008 15.839 15.67 15.501 15.332 15.163 14.994 14.825 14.656 14.487 14.318 13.926 13.47 13.015 12.559 12.103 11.648 11.192 10.736 10.281 9.825 9.385 9.396 9.406 9.417 9.428 9.439 9.351 9.049 8.748 8.446 8.145 7.843 7.782 8.025 8.268 8.51 8.753 8.996 9.239 9.481 9.724 9.967
36.813 35.969 35.126 34.282 33.438 32.618 31.815 31.012 30.209 29.407 28.604 27.801 26.998 26.195 25.393 24.59 23.787 22.984 22.595 22.399 22.202 21.953 21.286 20.618 19.951 19.283 18.616 17.949 17.281 16.614 15.947 15.279 14.612 13.945 13.382 12.954 12.525 12.097 11.85 11.7 11.55 11.399 11.249 11.099 10.948 10.798 10.648 10.497 10.347 10.197 10.144 10.501 10.857 11.214 11.468 11.283 11.098 10.913 10.748 10.823 10.898 10.973 11.048 11.123 11.198 11.273 11.348 11.423 11.498 11.573 11.648 11.836 12.067 12.298 12.529 12.76 12.991 13.222 13.453 13.684 13.915 14.146 14.377 14.474 14.515 14.557 14.598 14.704 14.995 15.285 15.575 15.865 15.839 15.67 15.501 15.332 15.163 14.994 14.825 14.656 14.487 14.318 14.149 13.98 13.582 13.127 12.671 12.216 11.76 11.304 10.849 10.393 9.938 9.482 9.026 8.68 8.691 8.702 8.713 8.724 8.63 8.328 8.027 7.726 7.424 7.284 7.527 7.77 8.012 8.255 8.498 8.741 8.983 9.226 9.469 9.711
37.579 36.735 35.891 35.047 34.203 33.384 32.581 31.778 30.975 30.172 29.37 28.567 27.764 26.961 26.158 25.356 24.553 23.75 22.947 22.68 22.483 22.227 21.559 20.892 20.225 19.557 18.89 18.223 17.555 16.888 16.22 15.553 14.886 14.218 13.551 13.036 12.608 12.18 11.938 11.787 11.637 11.487 11.336 11.186 11.036 10.885 10.735 10.585 10.434 10.284 10.134 10.183 10.54 10.896 11.142 10.957 10.772 10.587 10.643 10.718 10.793 10.868 10.943 11.018 11.093 11.168 11.243 11.318 11.393 11.468 11.543 11.734 11.965 12.196 12.427 12.658 12.889 13.12 13.351 13.583 13.814 14.045 14.276 14.507 14.565 14.606 14.648 14.758 15.048 15.339 15.629 15.669 15.5 15.331 15.162 14.993 14.824 14.655 14.486 14.317 14.148 13.979 13.81 13.641 13.239 12.783 12.328 11.872 11.417 10.961 10.505 10.05 9.594 9.139 8.683 8.227 7.976 7.987 7.998 8.009 7.909 7.608 7.306 7.005 6.786 7.029 7.271 7.514 7.757 8.0 8.242 8.485 8.728 8.971 9.213 9.456
38.344 37.5 36.656 35.812 34.969 34.15 33.347 32.544 31.741 30.938 30.136 29.333 28.53 27.727 26.924 26.121 25.319 24.516 23.713 22.961 22.765 22.501 21.833 21.166 20.498 19.831 19.164 18.496 17.829 17.162 16.494 15.827 15.16 14.492 13.825 13.158 12.691 12.263 12.025 11.875 11.724 11.574 11.424 11.273 11.123 10.973 10.822 10.672 10.522 10.372 10.221 10.071 10.223 10.579 10.816 10.631 10.446 10.464 10.539 10.614 10.689 10.764 10.839 10.914 10.989 11.064 11.139 11.214 11.289 11.364 11.439 11.632 11.863 12.094 12.325 12.557 12.788 13.019 13.25 13.481 13.712 13.943 14.174 14.405 14.615 14.656 14.697 14.812 15.102 15.392 15.5 15.331 15.162 14.993 14.824 14.655 14.486 14.317 14.148 13.979 13.81 13.641 13.472 13.303 12.896 12.44 11.985 11.529 11.073 10.618 10.162 9.706 9.251 8.795 8.34 7.884 7.428 7.271 7.282 7.293 7.188 6.887 6.586 6.288 6.53 6.773 7.016 7.259 7.501 7.744 7.987 8.23 8.472 8.715 8.958 9.201
39.109 38.265 37.421 36.578 35.734 34.915 34.113 33.31 32.507 31.704 30.901 30.099 29.296 28.493 27.69 26.887 26.085 25.282 24.479 23.676 23.046 22.774 22.107 21.44 20.772 20.105 19.438 18.77 18.103 17.436 16.768 16.101 15.433 14.766 14.099 13.431 12.774 12.346 12.112 11.962 11.812 11.661 11.511 11.361 11.21 11.06 10.91 10.759 10.609 10.459 10.309 10.158 10.008 10.262 10.489 10.304 10.285 10.36 10.435 10.51 10.585 10.66 10.735 10.81 10.885 10.96 11.035 11.11 11.185 11.26 11.335 11.531 11.762 11.993 12.224 12.455 12.686 12.917 13.148 13.379 13.61 13.841 14.072 14.303 14.534 14.706 14.747 14.866 15.156 15.33 15.161 14.992 14.823 14.654 14.485 14.316 14.147 13.978 13.809 13.64 13.471 13.302 13.133 12.964 12.552 12.097 11.641 11.186 10.73 10.274 9.819 9.363 8.907 8.452 7.996 7.541 7.085 6.629 6.567 6.578 6.468 6.166 5.865 6.032 6.275 6.518 6.76 7.003 7.246 7.489 7.731 7.974 8.217 8.46 8.702 8.945
39.874 39.03 38.187 37.343 36.499 35.681 34.879 34.076 33.273 32.47 31.667 30.864 30.062 29.259 28.456 27.653 26.85 26.048 25.245 24.442 23.639 23.048 22.381 21.714 21.046 20.379 19.711 19.044 18.377 17.709 17.042 16.375 15.707 15.04 14.373 13.705 13.038 12.428 12.199 12.049 11.899 11.749 11.598 11.448 11.298 11.147 10.997 10.847 10.696 10.546 10.396 10.246 10.095 9.945 10.163 10.105 10.18 10.255 10.33 10.405 10.48 10.555 10.63 10.705 10.78 10.855 10.93 11.005 11.08 11.155 11.23 11.429 11.66 11.891 12.122 12.353 12.584 12.815 13.046 13.277 13.508 13.739 13.97 14.201 14.432 14.663 14.797 14.92 15.161 14.992 14.823 14.654 14.485 14.316 14.147 13.978 13.809 13.64 13.471 13.302 13.133 12.964 12.795 12.626 12.209 11.753 11.298 10.842 10.387 9.931 9.475 9.02 8.564 8.108 7.653 7.197 6.742 6.286 5.852 5.863 5.747 5.446 5.534 5.777 6.02 6.262 6.505 6.748 6.99 7.233 7.476 7.719 7.961 8.204 8.447 8.69
38.676 37.865 37.053 36.242 35.431 35.126 34.394 33.615 32.835 32.056 31.276 30.497 29.717 28.938 28.158 27.378 26.599 25.819 25.04 24.26 23.481 22.726 22.074 21.422 20.77 20.119 19.467 18.815 18.163 17.511 16.86 16.208 15.556 14.904 14.252 13.601 12.949 12.313 12.236 12.088 11.94 11.792 11.644 11.496 11.349 11.201 11.053 10.905 10.757 10.609 10.461 10.313 10.166 10.018 9.93 10.004 10.078 10.153 10.227 10.301 10.376 10.451 10.526 10.601 10.676 10.751 10.826 10.901 10.976 11.051 11.126 11.327 11.558 11.789 12.02 12.251 12.482 12.713 12.944 13.175 13.406 13.638 13.869 14.1 14.331 14.562 14.793 14.973 14.822 14.653 14.484 14.315 14.146 13.977 13.808 13.639 13.47 13.301 13.132 12.963 12.794 12.625 12.456 12.287 11.866 11.41 10.954 10.499 10.043 9.588 9.132 8.676 8.221 7.765 7.31 6.854 6.398 5.943 5.487 5.147 5.026 5.036 5.279 5.521 5.764 6.007 6.25 6.492 6.735 6.978 7.221 7.463 7.706 7.949 8.191 8.434
37.375 36.564 35.752 34.941 34.13 33.837 33.699 32.919 32.14 31.36 30.581 29.801 29.022 28.242 27.463 26.683 25.904 25.124 24.345 23.565 22.785 22.032 21.381 20.729 20.077 19.425 18.773 18.122 17.47 16.818 16.166 15.515 14.863 14.211 13.559 12.907 12.256 12.076 12.098 12.027 11.879 11.731 11.583 11.435 11.287 11.14 10.992 10.844 10.696 10.548 10.4 10.252 10.104 9.956 9.872 9.947 10.021 10.095 10.169 10.243 10.318 10.392 10.466 10.54 10.615 10.689 10.763 10.837 10.912 10.986 10.946 11.112 11.345 11.579 11.812 12.045 12.279 12.512 12.746 12.979 13.212 13.446 13.679 13.913 14.146 14.379 14.613 14.57 14.416 14.249 14.082 13.916 13.749 13.582 13.415 13.248 13.082 12.915 12.748 12.581 12.414 12.248 12.081 11.914 11.49 11.036 10.583 10.13 9.676 9.223 8.769 8.316 7.863 7.409 6.956 6.502 6.049 5.596 5.142 4.688 4.538 4.78 5.023 5.266 5.509 5.751 5.994 6.237 6.48 6.722 6.965 7.208 7.451 7.693 7.936 8.179
36.074 35.263 34.451 33.64 32.829 32.548 32.512 32.224 31.445 30.665 29.886 29.106 28.326 27.547 26.767 25.988 25.208 24.429 23.649 22.87 22.09 21.339 20.687 20.036 19.384 18.732 18.08 17.428 16.777 16.125 15.473 14.821 14.17 13.518 12.866 12.214 11.956 11.84 11.865 11.933 11.818 11.67 11.522 11.374 11.226 11.078 10.93 10.783 10.635 10.487 10.339 10.191 10.043 9.895 9.815 9.889 9.963 10.037 10.112 10.186 10.26 10.334 10.409 10.483 10.557 10.631 10.706 10.78 10.854 10.847 10.696 10.869 11.102 11.335 11.569 11.802 12.036 12.269 12.502 12.736 12.969 13.203 13.436 13.669 13.903 14.136 14.087 13.969 13.947 13.78 13.613 13.447 13.28 13.113 12.946 12.779 12.613 12.446 12.279 12.112 11.945 11.779 11.612 11.445 11.016 10.562 10.109 9.656 9.202 8.749 8.295 7.842 7.389 6.935 6.482 6.028 5.575 5.122 4.668 4.345 4.336 4.485 4.728 4.971 5.215 5.458 5.702 5.945 6.189 6.432 6.676 6.919 7.163 7.406 7.65 7.893
34.773 33.962 33.15 32.339 31.528 31.26 31.223 31.186 30.749 29.97 29.19 28.411 27.631 26.852 26.072 25.292 24.513 23.733 22.954 22.174 21.395 20.646 19.994 19.342 18.691 18.039 17.387 16.735 16.083 15.432 14.78 14.128 13.476 12.824 12.173 11.836 11.72 11.604 11.631 11.699 11.757 11.609 11.461 11.313 11.165 11.017 10.869 10.721 10.574 10.426 10.278 10.13 9.982 9.834 9.757 9.831 9.906 9.98 10.054 10.128 10.203 10.277 10.351 10.425 10.5 10.574 10.648 10.722 10.748 10.598 10.447 10.625 10.859 11.092 11.326 11.559 11.792 12.026 12.259 12.493 12.726 12.959 13.193 13.426 13.66 13.672 13.483 13.368 13.367 13.311 13.144 12.978 12.811 12.644 12.477 12.31 12.144 11.977 11.81 11.643 11.476 11.31 11.143 10.976 10.542 10.089 9.635 9.182 8.728 8.275 7.822 7.368 6.915 6.461 6.008 5.555 5.101 4.648 4.257 4.268 4.258 4.226 4.43 4.674 4.917 5.161 5.404 5.648 5.891 6.135 6.378 6.622 6.865 7.109 7.352 7.595
33.472 32.661 31.849 31.038 30.227 29.971 29.934 29.897 29.86 29.274 28.495 27.715 26.936 26.156 25.377 24.597 23.818 23.038 22.259 21.479 20.699 19.953 19.301 18.649 17.997 17.345 16.694 16.042 15.39 14.738 14.087 13.435 12.783 12.131 11.715 11.599 11.483 11.367 11.398 11.466 11.534 11.548 11.4 11.252 11.104 10.956 10.808 10.66 10.512 10.365 10.217 10.069 9.921 9.773 9.7 9.774 9.848 9.922 9.997 10.071 10.145 10.219 10.294 10.368 10.442 10.516 10.59 10.65 10.499 10.348 10.197 10.382 10.616 10.849 11.082 11.316 11.549 11.783 12.016 12.249 12.483 12.716 12.95 13.183 13.257 13.069 12.88 12.768 12.766 12.764 12.675 12.509 12.342 12.175 12.008 11.841 11.675 11.508 11.341 11.174 11.007 10.841 10.674 10.507 10.068 9.615 9.161 8.708 8.255 7.801 7.348 6.894 6.441 5.988 5.534 5.081 4.627 4.174 4.18 4.19 4.18 4.148 4.133 4.376 4.62 4.863 5.107 5.35 5.594 5.837 6.081 6.324 6.568 6.811 7.054 7.298
32.171 31.36 30.548 29.737 28.926 28.682 28.645 28.608 28.572 28.535 27.8 27.02 26.24 25.461 24.681 23.902 23.122 22.343 21.563 20.784 20.004 19.259 18.608 17.956 17.304 16.652 16.0 15.349 14.697 14.045 13.393 12.741 12.09 11.595 11.479 11.363 11.247 11.131 11.164 11.232 11.3 11.368 11.339 11.191 11.043 10.895 10.747 10.599 10.451 10.303 10.155 10.008 9.86 9.712 9.642 9.716 9.791 9.865 9.939 10.013 10.088 10.162 10.236 10.31 10.384 10.459 10.533 10.4 10.249 10.098 9.948 10.139 10.372 10.606 10.839 11.073 11.306 11.539 11.773 12.006 12.24 12.473 12.706 12.843 12.654 12.465 12.276 12.167 12.165 12.164 12.162 12.04 11.873 11.706 11.539 11.372 11.206 11.039 10.872 10.705 10.538 10.372 10.205 10.038 9.594 9.141 8.687 8.234 7.781 7.327 6.874 6.42 5.967 5.514 5.06 4.607 4.153 4.092 4.102 4.113 4.102 4.07 4.038 4.079 4.322 4.566 4.809 5.053 5.296 5.54 5.783 6.027 6.27 6.513 6.757 7.0
30.87 30.059 29.247 28.436 27.625 27.393 27.357 27.32 27.283 27.246 27.104 26.325 25.545 24.766 23.986 23.207 22.427 21.647 20.868 20.088 19.309 18.566 17.914 17.263 16.611 15.959 15.307 14.655 14.004 13.352 12.7 12.048 11.475 11.359 11.243 11.126 11.01 10.894 10.931 10.999 11.067 11.135 11.203 11.129 10.982 10.834 10.686 10.538 10.39 10.242 10.094 9.946 9.799 9.651 9.585 9.659 9.733 9.807 9.882 9.956 10.03 10.104 10.179 10.253 10.327 10.401 10.301 10.15 10.0 9.849 9.698 9.896 10.129 10.363 10.596 10.829 11.063 11.296 11.53 11.763 11.996 12.23 12.428 12.239 12.05 11.861 11.672 11.567 11.565 11.563 11.561 11.559 11.404 11.237 11.07 10.903 10.736 10.57 10.403 10.236 10.069 9.902 9.736 9.569 9.12 8.667 8.214 7.76 7.307 6.853 6.4 5.947 5.493 5.04 4.586 4.133 4.003 4.014 4.025 4.035 4.024 3.992 3.96 3.928 4.025 4.268 4.512 4.755 4.999 5.242 5.486 5.729 5.972 6.216 6.459 6.703
29.569 28.758 27.946 27.135 26.324 26.105 26.068 26.031 25.994 25.957 25.92 25.629 24.85 24.07 23.291 22.511 21.732 20.952 20.173 19.393 18.614 17.873 17.221 16.569 15.917 15.266 14.614 13.962 13.31 12.659 12.007 11.355 11.238 11.122 11.006 10.89 10.774 10.658 10.697 10.765 10.833 10.901 10.969 11.037 10.92 10.773 10.625 10.477 10.329 10.181 10.033 9.885 9.737 9.589 9.527 9.601 9.676 9.75 9.824 9.898 9.973 10.047 10.121 10.195 10.269 10.202 10.052 9.901 9.75 9.599 9.449 9.653 9.886 10.119 10.353 10.586 10.82 11.053 11.286 11.52 11.753 11.987 11.824 11.635 11.446 11.257 11.068 10.966 10.964 10.962 10.96 10.959 10.935 10.768 10.601 10.434 10.267 10.101 9.934 9.767 9.6 9.433 9.267 9.1 8.646 8.193 7.74 7.286 6.833 6.379 5.926 5.473 5.019 4.566 4.112 3.915 3.926 3.937 3.947 3.958 3.946 3.914 3.882 3.85 3.818 3.971 4.214 4.458 4.701 4.945 5.188 5.431 5.675 5.918 6.162 6.405
28.268 27.457 26.645 25.834 25.023 24.816 24.779 24.742 24.705 24.668 24.632 24.595 24.155 23.375 22.595 21.816 21.036 20.257 19.477 18.698 17.918 17.18 16.528 15.876 15.224 14.572 13.921 13.269 12.617 11.965 11.313 11.118 11.002 10.886 10.77 10.653 10.537 10.421 10.464 10.532 10.6 10.668 10.736 10.803 10.859 10.711 10.564 10.416 10.268 10.12 9.972 9.824 9.676 9.528 9.47 9.544 9.618 9.692 9.767 9.841 9.915 9.989 10.063 10.138 10.104 9.953 9.802 9.651 9.501 9.35 9.199 9.409 9.643 9.876 10.11 10.343 10.576 10.81 11.043 11.277 11.51 11.409 11.22 11.031 10.842 10.653 10.465 10.365 10.363 10.362 10.36 10.358 10.356 10.299 10.132 9.965 9.798 9.632 9.465 9.298 9.131 8.964 8.798 8.626 8.173 7.719 7.266 6.812 6.359 5.906 5.452 4.999 4.545 4.092 3.827 3.838 3.849 3.859 3.87 3.88 3.867 3.836 3.804 3.772 3.74 3.709 3.917 4.16 4.404 4.647 4.89 5.134 5.377 5.621 5.864 6.108
26.967 26.156 25.344 24.533 23.722 23.527 23.49 23.453 23.417 23.38 23.343 23.306 23.269 22.68 21.9 21.121 20.341 19.562 18.782 18.002 17.223 16.486 15.834 15.183 14.531 13.879 13.227 12.576 11.924 11.272 10.998 10.881 10.765 10.649 10.533 10.417 10.301 10.185 10.23 10.298 10.366 10.434 10.502 10.57 10.638 10.65 10.502 10.354 10.207 10.059 9.911 9.763 9.615 9.467 9.412 9.486 9.561 9.635 9.709 9.783 9.857 9.932 10.006 10.005 9.854 9.703 9.552 9.402 9.251 9.1 8.95 9.166 9.4 9.633 9.866 10.1 10.333 10.567 10.8 11.033 10.994 10.805 10.616 10.427 10.239 10.05 9.861 9.765 9.763 9.761 9.759 9.757 9.756 9.754 9.663 9.496 9.329 9.163 8.996 8.829 8.662 8.495 8.329 8.152 7.699 7.245 6.792 6.339 5.885 5.432 4.978 4.525 4.072 3.739 3.75 3.76 3.771 3.782 3.792 3.803 3.789 3.757 3.726 3.694 3.662 3.63 3.619 3.863 4.106 4.349 4.593 4.836 5.08 5.323 5.567 5.81
25.666 24.855 24.043 23.232 22.421 22.239 22.202 22.165 22.128 22.091 22.054 22.017 21.98 21.943 21.205 20.425 19.646 18.866 18.087 17.307 16.528 15.793 15.141 14.489 13.838 13.186 12.534 11.882 11.231 10.877 10.761 10.645 10.529 10.413 10.297 10.181 10.064 9.948 9.997 10.065 10.133 10.201 10.269 10.337 10.404 10.472 10.441 10.293 10.145 9.998 9.85 9.702 9.554 9.406 9.355 9.429 9.503 9.577 9.651 9.726 9.8 9.874 9.906 9.755 9.604 9.454 9.303 9.152 9.001 8.851 8.7 8.923 9.156 9.39 9.623 9.857 10.09 10.323 10.557 10.579 10.39 10.201 10.013 9.824 9.635 9.446 9.257 9.164 9.162 9.16 9.159 9.157 9.155 9.153 9.151 9.027 8.86 8.694 8.527 8.36 8.193 8.026 7.86 7.678 7.225 6.771 6.318 5.865 5.411 4.958 4.504 4.051 3.651 3.662 3.672 3.683 3.694 3.704 3.715 3.726 3.711 3.679 3.647 3.616 3.584 3.552 3.52 3.565 3.808 4.052 4.295 4.539 4.782 5.026 5.269 5.513
24.365 23.554 22.742 21.931 21.12 20.95 20.913 20.876 20.839 20.802 20.765 20.728 20.691 20.655 20.51 19.73 18.95 18.171 17.391 16.612 15.832 15.1 14.448 13.796 13.144 12.493 11.841 11.189 10.757 10.641 10.525 10.409 10.292 10.176 10.06 9.944 9.828 9.712 9.763 9.831 9.899 9.967 10.035 10.103 10.171 10.239 10.307 10.232 10.084 9.936 9.788 9.641 9.493 9.345 9.297 9.371 9.445 9.52 9.594 9.668 9.742 9.807 9.656 9.506 9.355 9.204 9.053 8.903 8.752 8.601 8.45 8.68 8.913 9.147 9.38 9.613 9.847 10.08 10.164 9.975 9.787 9.598 9.409 9.22 9.031 8.842 8.653 8.563 8.562 8.56 8.558 8.556 8.554 8.553 8.551 8.549 8.391 8.225 8.058 7.891 7.724 7.557 7.391 7.204 6.751 6.298 5.844 5.391 4.937 4.484 4.031 3.577 3.574 3.584 3.595 3.606 3.616 3.627 3.637 3.648 3.633 3.601 3.569 3.538 3.506 3.474 3.442 3.41 3.511 3.754 3.998 4.241 4.485 4.728 4.972 5.215
23.064 22.253 21.441 20.63 19.819 19.661 19.624 19.587 19.55 19.513 19.477 19.44 19.403 19.366 19.329 19.035 18.255 17.476 16.696 15.916 15.137 14.406 13.755 13.103 12.451 11.799 11.148 10.637 10.52 10.404 10.288 10.172 10.056 9.94 9.824 9.708 9.592 9.475 9.53 9.598 9.666 9.734 9.802 9.87 9.937 10.005 10.073 10.141 10.023 9.875 9.727 9.579 9.432 9.284 9.239 9.314 9.388 9.462 9.536 9.611 9.685 9.557 9.407 9.256 9.105 8.955 8.804 8.653 8.502 8.352 8.203 8.437 8.67 8.903 9.137 9.37 9.604 9.749 9.561 9.372 9.183 8.994 8.805 8.616 8.427 8.238 8.05 7.963 7.961 7.959 7.957 7.955 7.954 7.952 7.95 7.948 7.922 7.755 7.589 7.422 7.255 7.088 6.921 6.73 6.277 5.824 5.37 4.917 4.463 4.01 3.557 3.486 3.496 3.507 3.517 3.528 3.539 3.549 3.56 3.571 3.555 3.523 3.491 3.459 3.428 3.396 3.364 3.332 3.3 3.457 3.7 3.944 4.187 4.431 4.674 4.918
21.763 20.952 20.14 19.329 18.518 18.372 18.335 18.299 18.262 18.225 18.188 18.151 18.114 18.077 18.04 18.003 17.56 16.78 16.001 15.221 14.442 13.713 13.061 12.41 11.758 11.106 10.516 10.4 10.284 10.168 10.052 9.936 9.82 9.703 9.587 9.471 9.355 9.239 9.296 9.364 9.432 9.5 9.568 9.636 9.704 9.772 9.84 9.908 9.962 9.814 9.666 9.518 9.37 9.223 9.182 9.256 9.33 9.405 9.479 9.553 9.459 9.308 9.157 9.006 8.856 8.705 8.554 8.404 8.253 8.102 7.96 8.193 8.427 8.66 8.894 9.127 9.335 9.146 8.957 8.768 8.579 8.39 8.201 8.012 7.824 7.635 7.446 7.362 7.36 7.358 7.357 7.355 7.353 7.351 7.349 7.348 7.346 7.286 7.12 6.953 6.786 6.619 6.452 6.257 5.803 5.35 4.896 4.443 3.99 3.536 3.398 3.408 3.419 3.429 3.44 3.451 3.461 3.472 3.483 3.493 3.476 3.445 3.413 3.381 3.349 3.318 3.286 3.254 3.222 3.191 3.403 3.646 3.89 4.133 4.377 4.62
20.458 19.651 18.839 18.028 17.217 17.084 17.047 17.01 16.973 16.936 16.899 16.862 16.825 16.788 16.751 16.715 16.678 16.085 15.305 14.526 13.746 13.02 12.368 11.716 11.065 10.413 10.28 10.164 10.048 9.931 9.815 9.699 9.583 9.467 9.351 9.235 9.119 9.002 9.063 9.131 9.199 9.267 9.335 9.403 9.471 9.538 9.606 9.674 9.742 9.753 9.605 9.457 9.309 9.161 9.124 9.199 9.273 9.347 9.421 9.36 9.209 9.058 8.908 8.757 8.606 8.455 8.305 8.154 8.003 7.853 7.717 7.95 8.184 8.417 8.651 8.884 8.731 8.542 8.353 8.164 7.975 7.786 7.598 7.409 7.22 7.031 6.842 6.761 6.76 6.758 6.756 6.754 6.752 6.751 6.749 6.747 6.745 6.743 6.651 6.484 6.317 6.15 5.983 5.783 5.329 4.876 4.423 3.969 3.516 3.309 3.32 3.331 3.341 3.352 3.363 3.373 3.384 3.394 3.405 3.416 3.398 3.367 3.335 3.303 3.271 3.239 3.208 3.176 3.144 3.112 3.105 3.349 3.592 3.836 4.079 4.322
18.488 18.35 17.538 16.727 15.916 15.795 15.758 15.721 15.684 15.647 15.61 15.573 15.537 15.5 15.463 15.426 15.389 15.352 14.61 13.831 13.051 12.327 11.675 11.023 10.371 10.159 10.043 9.927 9.811 9.695 9.579 9.463 9.347 9.23 9.114 8.998 8.882 8.766 8.829 8.897 8.965 9.033 9.101 9.169 9.237 9.305 9.373 9.441 9.509 9.577 9.544 9.396 9.248 9.1 9.067 9.141 9.215 9.29 9.261 9.11 8.96 8.809 8.658 8.507 8.357 8.206 8.055 7.904 7.754 7.603 7.474 7.707 7.941 8.174 8.407 8.316 8.127 7.938 7.749 7.56 7.371 7.183 6.994 6.805 6.616 6.427 6.238 6.161 6.159 6.157 6.155 6.154 6.152 6.15 6.148 6.146 6.145 6.143 6.141 6.015 5.848 5.681 5.514 5.309 4.855 4.402 3.949 3.495 3.221 3.232 3.243 3.253 3.264 3.275 3.285 3.296 3.306 3.317 3.328 3.338 3.32 3.288 3.257 3.225 3.193 3.161 3.129 3.098 3.066 3.034 3.002 3.051 3.295 3.538 3.781 4.025
16.519 16.544 16.237 15.426 14.615 14.506 14.469 14.432 14.395 14.358 14.322 14.285 14.248 14.211 14.174 14.137 14.1 14.063 13.915 13.135 12.356 11.633 10.982 10.33 10.039 9.923 9.807 9.691 9.575 9.458 9.342 9.226 9.11 8.994 8.878 8.762 8.646 8.53 8.596 8.664 8.732 8.8 8.868 8.936 9.004 9.071 9.139 9.207 9.275 9.343 9.411 9.335 9.187 9.039 9.009 9.084 9.158 9.162 9.011 8.861 8.71 8.559 8.409 8.258 8.107 7.956 7.806 7.655 7.504 7.353 7.231 7.464 7.697 7.931 7.901 7.712 7.523 7.334 7.145 6.957 6.768 6.579 6.39 6.201 6.012 5.823 5.634 5.56 5.558 5.557 5.555 5.553 5.551 5.549 5.548 5.546 5.544 5.542 5.54 5.538 5.379 5.212 5.045 4.835 4.382 3.928 3.475 3.133 3.144 3.155 3.165 3.176 3.186 3.197 3.208 3.218 3.229 3.24 3.25 3.261 3.242 3.21 3.178 3.147 3.115 3.083 3.051 3.02 2.988 2.956 2.924 2.892 2.997 3.24 3.484 3.727
14.549 14.574 14.599 14.125 13.314 13.217 13.18 13.144 13.107 13.07 13.033 12.996 12.959 12.922 12.885 12.848 12.811 12.775 12.738 12.44 11.66 10.94 10.288 9.919 9.803 9.686 9.57 9.454 9.338 9.222 9.106 8.99 8.874 8.758 8.641 8.525 8.409 8.295 8.363 8.43 8.498 8.566 8.634 8.702 8.77 8.838 8.906 8.974 9.042 9.11 9.178 9.246 9.126 8.978 8.952 9.026 9.063 8.913 8.762 8.611 8.46 8.31 8.159 8.008 7.858 7.707 7.556 7.405 7.255 7.104 6.987 7.221 7.454 7.486 7.297 7.108 6.919 6.731 6.542 6.353 6.164 5.975 5.786 5.597 5.408 5.22 5.031 4.96 4.958 4.956 4.954 4.952 4.951 4.949 4.947 4.945 4.943 4.941 4.94 4.938 4.91 4.743 4.576 4.361 3.908 3.454 3.045 3.056 3.066 3.077 3.088 3.098 3.109 3.12 3.13 3.141 3.151 3.162 3.173 3.183 3.164 3.132 3.1 3.068 3.037 3.005 2.973 2.941 2.91 2.878 2.846 2.814 2.782 2.943 3.186 3.43
12.58 12.605 12.63 12.655 12.013 11.929 11.892 11.855 11.818 11.781 11.744 11.707 11.67 11.633 11.597 11.56 11.523 11.486 11.449 11.412 10.965 10.247 9.798 9.682 9.566 9.45 9.334 9.218 9.102 8.986 8.869 8.753 8.637 8.521 8.405 8.289 8.173 8.061 8.129 8.197 8.265 8.333 8.401 8.469 8.537 8.604 8.672 8.74 8.808 8.876 8.944 9.012 9.065 8.917 8.894 8.965 8.814 8.663 8.512 8.362 8.211 8.06 7.909 7.759 7.608 7.457 7.307 7.156 7.005 6.854 6.744 6.978 7.071 6.882 6.693 6.505 6.316 6.127 5.938 5.749 5.56 5.371 5.182 4.994 4.805 4.616 4.427 4.359 4.357 4.355 4.353 4.352 4.35 4.348 4.346 4.344 4.343 4.341 4.339 4.337 4.335 4.274 4.107 3.887 3.434 2.98 2.968 2.978 2.989 3.0 3.01 3.021 3.032 3.042 3.053 3.063 3.074 3.085 3.095 3.106 3.086 3.054 3.022 2.99 2.959 2.927 2.895 2.863 2.831 2.8 2.768 2.736 2.704 2.673 2.889 3.132
10.636 10.635 10.66 10.685 10.71 10.64 10.603 10.566 10.529 10.492 10.455 10.418 10.382 10.345 10.308 10.271 10.234 10.197 10.16 10.123 10.086 9.678 9.562 9.446 9.33 9.214 9.097 8.981 8.865 8.749 8.633 8.517 8.401 8.285 8.169 8.052 7.936 7.828 7.896 7.963 8.031 8.099 8.167 8.235 8.303 8.371 8.439 8.507 8.575 8.643 8.711 8.779 8.846 8.856 8.837 8.715 8.564 8.414 8.263 8.112 7.961 7.811 7.66 7.509 7.358 7.208 7.057 6.906 6.755 6.605 6.501 6.656 6.467 6.279 6.09 5.901 5.712 5.523 5.334 5.145 4.956 4.768 4.579 4.39 4.201 4.012 3.823 3.758 3.756 3.755 3.753 3.751 3.749 3.747 3.746 3.744 3.742 3.74 3.738 3.737 3.735 3.733 3.638 3.413 2.96 2.88 2.89 2.901 2.912 2.922 2.933 2.943 2.954 2.965 2.975 2.986 2.997 3.007 3.018 3.028 3.007 2.976 2.944 2.912 2.88 2.849 2.817 2.785 2.753 2.721 2.69 2.658 2.626 2.594 2.591 2.835
11.134 11.12 11.106 11.092 11.032 10.967 10.902 10.838 10.773 10.709 10.644 10.58 10.515 10.451 10.386 10.322 10.257 10.193 10.128 10.064 9.979 9.608 9.474 9.354 9.234 9.115 8.995 8.875 8.755 8.636 8.516 8.396 8.277 8.157 8.037 7.917 7.798 7.671 7.651 7.719 7.788 7.856 7.924 7.993 8.061 8.129 8.198 8.266 8.335 8.403 8.471 8.54 8.608 8.676 8.614 8.464 8.313 8.163 8.012 7.862 7.711 7.561 7.41 7.26 7.109 6.958 6.807 6.657 6.506 6.355 6.241 6.053 5.864 5.675 5.486 5.297 5.108 4.919 4.73 4.542 4.353 4.164 3.975 3.786 3.597 3.408 3.219 3.158 3.156 3.154 3.152 3.15 3.149 3.147 3.145 3.143 3.141 3.14 3.138 3.136 3.134 3.132 3.131 2.939 2.792 2.802 2.813 2.823 2.834 2.845 2.855 2.866 2.877 2.887 2.898 2.908 2.919 2.93 2.94 2.951 2.929 2.897 2.866 2.834 2.802 2.77 2.739 2.707 2.675 2.643 2.612 2.58 2.548 2.516 2.484 2.537
11.631 11.617 11.603 11.552 11.477 11.413 11.348 11.284 11.219 11.155 11.09 11.025 10.961 10.896 10.832 10.767 10.703 10.638 10.574 10.509 10.22 9.847 9.462 9.342 9.223 9.103 8.983 8.863 8.744 8.624 8.504 8.385 8.265 8.145 8.025 7.906 7.786 7.657 7.415 7.458 7.526 7.595 7.663 7.731 7.8 7.868 7.936 8.005 8.073 8.142 8.21 8.278 8.347 8.415 8.349 8.199 8.048 7.898 7.747 7.597 7.446 7.296 7.145 6.995 6.844 6.694 6.543 6.393 6.242 6.092 5.97 5.869 5.672 5.475 5.278 5.081 4.884 4.687 4.49 4.293 4.096 3.899 3.702 3.505 3.308 3.111 2.914 2.847 2.837 2.827 2.817 2.807 2.797 2.787 2.777 2.767 2.757 2.747 2.737 2.727 2.717 2.707 2.697 2.726 2.737 2.746 2.755 2.765 2.774 2.783 2.793 2.802 2.812 2.821 2.83 2.84 2.849 2.859 2.868 2.877 2.854 2.821 2.788 2.756 2.724 2.692 2.66 2.629 2.597 2.565 2.533 2.502 2.47 2.438 2.406 2.374
12.128 12.114 12.072 11.997 11.923 11.858 11.794 11.729 11.665 11.6 11.536 11.471 11.407 11.342 11.278 11.213 11.148 11.084 11.019 10.765 10.461 10.086 9.652 9.331 9.211 9.091 8.971 8.852 8.732 8.612 8.492 8.373 8.253 8.133 8.014 7.894 7.774 7.643 7.402 7.196 7.265 7.333 7.401 7.47 7.538 7.607 7.675 7.743 7.812 7.88 7.949 8.017 8.085 8.154 8.084 7.934 7.783 7.633 7.482 7.332 7.181 7.031 6.88 6.73 6.579 6.429 6.278 6.128 5.977 5.837 5.718 5.691 5.555 5.358 5.161 4.964 4.767 4.57 4.373 4.176 3.979 3.782 3.585 3.388 3.191 2.994 2.798 2.734 2.724 2.714 2.704 2.694 2.684 2.674 2.664 2.654 2.644 2.634 2.624 2.614 2.604 2.594 2.616 2.687 2.731 2.741 2.75 2.76 2.769 2.778 2.788 2.797 2.807 2.816 2.825 2.835 2.844 2.854 2.863 2.872 2.848 2.815 2.782 2.749 2.716 2.683 2.65 2.617 2.584 2.551 2.518 2.485 2.452 2.419 2.386 2.353
12.625 12.592 12.518 12.443 12.369 12.304 12.239 12.175 12.11 12.046 11.981 11.917 11.852 11.788 11.723 11.659 11.594 11.53 11.311 11.006 10.702 10.325 9.891 9.457 9.199 9.079 8.96 8.84 8.72 8.6 8.481 8.361 8.241 8.122 8.002 7.882 7.762 7.63 7.388 7.146 7.003 7.072 7.14 7.208 7.277 7.345 7.414 7.482 7.55 7.619 7.687 7.755 7.824 7.892 7.819 7.669 7.518 7.368 7.217 7.067 6.916 6.766 6.615 6.465 6.314 6.164 6.013 5.863 5.72 5.583 5.467 5.439 5.412 5.242 5.045 4.848 4.651 4.454 4.257 4.06 3.863 3.666 3.469 3.272 3.075 2.878 2.681 2.621 2.611 2.601 2.591 2.581 2.571 2.561 2.55 2.54 2.53 2.52 2.51 2.5 2.49 2.5 2.578 2.649 2.7 2.736 2.745 2.755 2.764 2.773 2.783 2.792 2.802 2.811 2.82 2.83 2.839 2.849 2.858 2.867 2.842 2.809 2.776 2.743 2.71 2.677 2.644 2.611 2.578 2.545 2.512 2.479 2.446 2.413 2.38 2.485
13.112 13.038 12.963 12.888 12.814 12.75 12.685 12.621 12.556 12.492 12.427 12.363 12.298 12.233 12.169 12.104 12.04 11.857 11.552 11.247 10.943 10.564 10.13 9.696 9.263 9.068 8.948 8.828 8.708 8.589 8.469 8.349 8.23 8.11 7.99 7.87 7.751 7.616 7.374 7.132 6.89 6.81 6.879 6.947 7.015 7.084 7.152 7.221 7.289 7.357 7.426 7.494 7.562 7.631 7.554 7.404 7.253 7.103 6.952 6.802 6.651 6.501 6.35 6.2 6.049 5.899 5.748 5.604 5.467 5.33 5.215 5.188 5.16 5.126 4.929 4.732 4.535 4.338 4.141 3.944 3.747 3.55 3.353 3.156 2.959 2.762 2.565 2.507 2.497 2.487 2.477 2.467 2.457 2.447 2.437 2.427 2.417 2.407 2.397 2.387 2.384 2.462 2.54 2.611 2.662 2.713 2.74 2.75 2.759 2.768 2.778 2.787 2.797 2.806 2.815 2.825 2.834 2.844 2.853 2.862 2.837 2.803 2.77 2.737 2.704 2.671 2.638 2.605 2.572 2.539 2.506 2.473 2.44 2.407 2.488 2.621
13.558 13.483 13.409 13.334 13.26 13.195 13.131 13.066 13.002 12.937 12.873 12.808 12.744 12.679 12.615 12.55 12.402 12.098 11.793 11.489 11.184 10.803 10.369 9.935 9.502 9.068 8.936 8.816 8.697 8.577 8.457 8.338 8.218 8.098 7.978 7.859 7.739 7.602 7.36 7.118 6.877 6.635 6.617 6.686 6.754 6.822 6.891 6.959 7.027 7.096 7.164 7.233 7.301 7.369 7.289 7.139 6.988 6.838 6.687 6.537 6.386 6.236 6.085 5.935 5.784 5.634 5.487 5.35 5.213 5.076 4.963 4.936 4.909 4.881 4.812 4.615 4.418 4.221 4.024 3.827 3.63 3.433 3.236 3.039 2.842 2.645 2.448 2.394 2.384 2.374 2.364 2.354 2.344 2.334 2.324 2.314 2.304 2.294 2.284 2.274 2.346 2.424 2.503 2.573 2.624 2.675 2.726 2.745 2.754 2.763 2.773 2.782 2.792 2.801 2.81 2.82 2.829 2.839 2.848 2.857 2.831 2.798 2.765 2.732 2.699 2.666 2.633 2.6 2.567 2.534 2.501 2.468 2.435 2.492 2.624 2.757
14.003 13.929 13.854 13.78 13.706 13.641 13.577 13.512 13.447 13.383 13.318 13.254 13.189 13.125 13.06 12.948 12.643 12.339 12.034 11.73 11.425 11.042 10.608 10.174 9.741 9.307 8.924 8.805 8.685 8.565 8.446 8.326 8.206 8.086 7.967 7.847 7.727 7.589 7.347 7.105 6.863 6.621 6.379 6.424 6.493 6.561 6.629 6.698 6.766 6.834 6.903 6.971 7.04 7.108 7.024 6.873 6.723 6.573 6.422 6.272 6.121 5.971 5.82 5.67 5.519 5.371 5.234 5.097 4.959 4.822 4.711 4.684 4.657 4.63 4.602 4.499 4.302 4.105 3.908 3.711 3.514 3.317 3.12 2.923 2.726 2.529 2.332 2.281 2.271 2.261 2.251 2.241 2.231 2.221 2.211 2.201 2.191 2.181 2.171 2.23 2.308 2.386 2.465 2.534 2.585 2.637 2.688 2.739 2.749 2.758 2.768 2.777 2.787 2.796 2.805 2.815 2.824 2.834 2.843 2.852 2.825 2.792 2.759 2.726 2.693 2.66 2.627 2.594 2.561 2.528 2.495 2.462 2.495 2.628 2.76 2.893
14.449 14.374 14.3 14.225 14.151 14.087 14.022 13.958 13.893 13.829 13.764 13.7 13.635 13.57 13.493 13.189 12.884 12.58 12.275 11.971 11.666 11.281 10.847 10.413 9.98 9.546 9.112 8.793 8.673 8.554 8.434 8.314 8.194 8.075 7.955 7.835 7.715 7.575 7.333 7.091 6.849 6.607 6.365 6.163 6.231 6.3 6.368 6.436 6.505 6.573 6.641 6.71 6.778 6.847 6.759 6.608 6.458 6.308 6.157 6.007 5.856 5.706 5.555 5.405 5.254 5.117 4.98 4.843 4.706 4.569 4.459 4.432 4.405 4.378 4.351 4.323 4.185 3.988 3.791 3.594 3.398 3.201 3.004 2.807 2.61 2.413 2.216 2.168 2.158 2.148 2.138 2.128 2.117 2.107 2.097 2.087 2.077 2.067 2.114 2.192 2.27 2.349 2.427 2.496 2.547 2.598 2.649 2.701 2.744 2.753 2.763 2.772 2.782 2.791 2.8 2.81 2.819 2.829 2.838 2.847 2.819 2.786 2.753 2.72 2.687 2.654 2.621 2.588 2.555 2.522 2.489 2.498 2.631 2.763 2.896 3.029
14.894 14.82 14.745 14.671 14.597 14.532 14.468 14.403 14.339 14.274 14.21 14.145 14.081 14.016 13.735 13.43 13.125 12.821 12.516 12.212 11.907 11.52 11.086 10.652 10.219 9.785 9.351 8.917 8.662 8.542 8.422 8.302 8.183 8.063 7.943 7.823 7.704 7.561 7.319 7.077 6.835 6.593 6.352 6.11 5.97 6.038 6.106 6.175 6.243 6.312 6.38 6.448 6.517 6.585 6.494 6.343 6.193 6.043 5.892 5.742 5.591 5.441 5.29 5.14 5.001 4.864 4.726 4.589 4.452 4.315 4.208 4.18 4.153 4.126 4.099 4.072 4.044 3.872 3.675 3.478 3.281 3.084 2.887 2.69 2.493 2.296 2.099 2.054 2.044 2.034 2.024 2.014 2.004 1.994 1.984 1.974 1.964 1.998 2.076 2.154 2.232 2.311 2.389 2.458 2.509 2.56 2.611 2.662 2.713 2.748 2.758 2.767 2.777 2.786 2.795 2.805 2.814 2.824 2.833 2.842 2.814 2.781 2.747 2.714 2.681 2.648 2.615 2.582 2.549 2.516 2.501 2.634 2.767 2.899 3.032 3.164
15.34 15.265 15.191 15.116 15.043 14.978 14.914 14.849 14.785 14.72 14.655 14.591 14.526 14.28 13.976 13.671 13.366 13.062 12.757 12.453 12.148 11.759 11.325 10.891 10.458 10.024 9.59 9.156 8.722 8.53 8.41 8.291 8.171 8.051 7.931 7.812 7.692 7.547 7.305 7.064 6.822 6.58 6.338 6.096 5.854 5.777 5.845 5.913 5.982 6.05 6.119 6.187 6.255 6.324 6.229 6.078 5.928 5.778 5.627 5.477 5.326 5.176 5.025 4.884 4.747 4.61 4.473 4.336 4.199 4.061 3.956 3.929 3.901 3.874 3.847 3.82 3.793 3.756 3.559 3.362 3.165 2.968 2.771 2.574 2.377 2.18 1.983 1.941 1.931 1.921 1.911 1.901 1.891 1.881 1.871 1.861 1.881 1.96 2.038 2.116 2.195 2.273 2.351 2.419 2.471 2.522 2.573 2.624 2.675 2.726 2.753 2.762 2.772 2.781 2.79 2.8 2.809 2.819 2.828 2.837 2.808 2.775 2.742 2.709 2.676 2.643 2.61 2.577 2.544 2.511 2.637 2.77 2.902 3.035 3.168 3.3
15.785 15.711 15.636 15.562 15.488 15.424 15.359 15.295 15.23 15.166 15.101 15.037 14.826 14.521 14.217 13.912 13.608 13.303 12.998 12.694 12.389 11.998 11.564 11.13 10.697 10.263 9.829 9.395 8.961 8.528 8.399 8.279 8.159 8.039 7.92 7.8 7.68 7.534 7.292 7.05 6.808 6.566 6.324 6.082 5.84 5.598 5.584 5.652 5.72 5.789 5.857 5.926 5.994 6.062 5.964 5.813 5.663 5.513 5.362 5.212 5.061 4.911 4.768 4.631 4.493 4.356 4.219 4.082 3.945 3.808 3.704 3.677 3.65 3.622 3.595 3.568 3.541 3.513 3.442 3.245 3.048 2.851 2.654 2.457 2.26 2.063 1.866 1.828 1.818 1.808 1.798 1.788 1.778 1.768 1.758 1.765 1.844 1.922 2.0 2.078 2.157 2.235 2.313 2.381 2.432 2.483 2.535 2.586 2.637 2.688 2.739 2.757 2.767 2.776 2.785 2.795 2.804 2.813 2.823 2.832 2.802 2.769 2.736 2.703 2.67 2.637 2.604 2.571 2.538 2.64 2.773 2.906 3.038 3.171 3.303 3.436
16.231 16.156 16.082 16.007 15.934 15.869 15.805 15.74 15.676 15.611 15.547 15.371 15.067 14.762 14.458 14.153 13.849 13.544 13.239 12.935 12.63 12.237 11.803 11.369 10.936 10.502 10.068 9.634 9.2 8.767 8.387 8.267 8.147 8.028 7.908 7.788 7.668 7.52 7.278 7.036 6.794 6.552 6.31 6.068 5.827 5.585 5.343 5.391 5.459 5.527 5.596 5.664 5.732 5.801 5.699 5.548 5.398 5.248 5.097 4.947 4.796 4.651 4.514 4.377 4.24 4.103 3.966 3.828 3.691 3.554 3.452 3.425 3.398 3.371 3.343 3.316 3.289 3.262 3.234 3.129 2.932 2.735 2.538 2.341 2.144 1.947 1.75 1.715 1.705 1.695 1.684 1.674 1.664 1.654 1.649 1.727 1.806 1.884 1.962 2.041 2.119 2.197 2.275 2.343 2.394 2.445 2.496 2.547 2.599 2.65 2.701 2.752 2.761 2.771 2.78 2.79 2.799 2.808 2.818 2.827 2.796 2.763 2.73 2.697 2.664 2.631 2.598 2.565 2.644 2.776 2.909 3.041 3.174 3.307 3.439 3.572
16.676 16.602 16.527 16.453 16.38 16.315 16.251 16.186 16.122 16.057 15.917 15.612 15.308 15.003 14.699 14.394 14.09 13.785 13.481 13.176 12.871 12.476 12.042 11.608 11.175 10.741 10.307 9.873 9.439 9.006 8.572 8.255 8.136 8.016 7.896 7.776 7.657 7.506 7.264 7.022 6.781 6.539 6.297 6.055 5.813 5.571 5.329 5.129 5.198 5.266 5.334 5.403 5.471 5.539 5.434 5.283 5.133 4.982 4.832 4.682 4.535 4.398 4.26 4.123 3.986 3.849 3.712 3.575 3.438 3.3 3.2 3.173 3.146 3.119 3.092 3.064 3.037 3.01 2.983 2.955 2.816 2.619 2.422 2.225 2.028 1.831 1.634 1.601 1.591 1.581 1.571 1.561 1.551 1.541 1.611 1.69 1.768 1.846 1.924 2.003 2.081 2.159 2.238 2.304 2.356 2.407 2.458 2.509 2.56 2.611 2.663 2.714 2.756 2.766 2.775 2.785 2.794 2.803 2.813 2.822 2.791 2.758 2.725 2.691 2.658 2.625 2.592 2.647 2.779 2.912 3.045 3.177 3.31 3.442 3.575 3.708
17.122 17.047 16.973 16.898 16.825 16.761 16.696 16.632 16.567 16.463 16.158 15.854 15.549 15.244 14.94 14.635 14.331 14.026 13.722 13.417 13.113 12.715 12.281 11.847 11.414 10.98 10.546 10.112 9.678 9.245 8.811 8.377 8.124 8.004 7.884 7.765 7.645 7.493 7.251 7.009 6.767 6.525 6.283 6.041 5.799 5.557 5.315 5.073 4.936 5.005 5.073 5.141 5.21 5.278 5.169 5.018 4.868 4.717 4.567 4.418 4.281 4.144 4.007 3.87 3.733 3.595 3.458 3.321 3.184 3.047 2.949 2.921 2.894 2.867 2.84 2.813 2.785 2.758 2.731 2.704 2.676 2.502 2.305 2.108 1.911 1.714 1.517 1.488 1.478 1.468 1.458 1.448 1.438 1.495 1.573 1.652 1.73 1.808 1.887 1.965 2.043 2.121 2.2 2.266 2.317 2.368 2.42 2.471 2.522 2.573 2.624 2.675 2.727 2.761 2.77 2.78 2.789 2.798 2.808 2.817 2.785 2.752 2.719 2.686 2.653 2.62 2.65 2.783 2.915 3.048 3.18 3.313 3.446 3.578 3.711 3.844
17.567 17.493 17.418 17.344 17.271 17.207 17.142 17.077 17.008 16.704 16.399 16.095 15.79 15.485 15.181 14.876 14.572 14.267 13.963 13.658 13.354 12.954 12.52 12.086 11.653 11.219 10.785 10.351 9.917 9.484 9.05 8.616 8.182 7.992 7.873 7.753 7.633 7.479 7.237 6.995 6.753 6.511 6.269 6.027 5.785 5.544 5.302 5.06 4.818 4.743 4.811 4.88 4.948 5.017 4.904 4.753 4.603 4.452 4.302 4.165 4.028 3.89 3.753 3.616 3.479 3.342 3.205 3.068 2.93 2.793 2.697 2.67 2.642 2.615 2.588 2.561 2.533 2.506 2.479 2.452 2.425 2.386 2.189 1.992 1.795 1.598 1.401 1.375 1.365 1.355 1.345 1.335 1.379 1.457 1.536 1.614 1.692 1.77 1.849 1.927 2.005 2.084 2.162 2.228 2.279 2.33 2.381 2.432 2.484 2.535 2.586 2.637 2.688 2.739 2.765 2.775 2.784 2.793 2.803 2.812 2.779 2.746 2.713 2.68 2.647 2.653 2.786 2.918 3.051 3.184 3.316 3.449 3.581 3.714 3.847 3.979
18.013 17.938 17.864 17.789 17.717 17.652 17.588 17.523 17.249 16.945 16.64 16.336 16.031 15.727 15.422 15.117 14.813 14.508 14.204 13.899 13.595 13.193 12.759 12.325 11.892 11.458 11.024 10.59 10.156 9.723 9.289 8.855 8.421 7.988 7.861 7.741 7.621 7.465 7.223 6.981 6.739 6.497 6.256 6.014 5.772 5.53 5.288 5.046 4.804 4.562 4.55 4.618 4.687 4.755 4.639 4.488 4.338 4.187 4.048 3.911 3.774 3.637 3.5 3.362 3.225 3.088 2.951 2.814 2.677 2.54 2.445 2.418 2.391 2.363 2.336 2.309 2.282 2.254 2.227 2.2 2.173 2.146 2.072 1.875 1.678 1.481 1.285 1.261 1.251 1.241 1.231 1.263 1.341 1.419 1.498 1.576 1.654 1.733 1.811 1.889 1.967 2.046 2.124 2.19 2.241 2.292 2.343 2.394 2.445 2.496 2.548 2.599 2.65 2.701 2.752 2.77 2.779 2.788 2.798 2.806 2.773 2.74 2.707 2.674 2.656 2.789 2.922 3.054 3.187 3.319 3.452 3.585 3.717 3.85 3.983 4.115
18.459 18.384 18.309 18.235 18.162 18.098 18.033 17.795 17.49 17.186 16.881 16.577 16.272 15.968 15.663 15.358 15.054 14.749 14.445 14.14 13.836 13.432 12.998 12.564 12.131 11.697 11.263 10.829 10.395 9.962 9.528 9.094 8.66 8.227 7.849 7.729 7.61 7.451 7.209 6.968 6.726 6.484 6.242 6.0 5.758 5.516 5.274 5.032 4.79 4.548 4.307 4.357 4.425 4.494 4.374 4.223 4.073 3.932 3.795 3.657 3.52 3.383 3.246 3.109 2.972 2.835 2.697 2.56 2.423 2.286 2.193 2.166 2.139 2.112 2.084 2.057 2.03 2.003 1.975 1.948 1.921 1.894 1.867 1.759 1.562 1.365 1.168 1.148 1.138 1.128 1.147 1.225 1.303 1.382 1.46 1.538 1.616 1.695 1.773 1.851 1.93 2.008 2.086 2.151 2.202 2.254 2.305 2.356 2.407 2.458 2.509 2.561 2.612 2.663 2.714 2.765 2.774 2.783 2.793 2.801 2.768 2.735 2.702 2.669 2.792 2.925 3.057 3.19 3.323 3.455 3.588 3.72 3.853 3.986 4.118 4.251
18.904 18.829 18.755 18.68 18.608 18.544 18.341 18.036 17.731 17.427 17.122 16.818 16.513 16.209 15.904 15.6 15.295 14.99 14.686 14.381 14.077 13.671 13.237 12.803 12.37 11.936 11.502 11.068 10.634 10.201 9.767 9.333 8.899 8.466 8.032 7.718 7.598 7.438 7.196 6.954 6.712 6.47 6.228 5.986 5.744 5.502 5.26 5.019 4.777 4.535 4.293 4.096 4.164 4.232 4.109 3.958 3.815 3.678 3.541 3.404 3.267 3.13 2.992 2.855 2.718 2.581 2.444 2.307 2.169 2.032 1.941 1.914 1.887 1.86 1.832 1.805 1.778 1.751 1.724 1.696 1.669 1.642 1.615 1.587 1.446 1.249 1.052 1.035 1.025 1.031 1.109 1.187 1.265 1.344 1.422 1.5 1.579 1.657 1.735 1.813 1.892 1.97 2.048 2.113 2.164 2.215 2.266 2.318 2.369 2.42 2.471 2.522 2.573 2.625 2.676 2.727 2.769 2.778 2.788 2.795 2.762 2.729 2.696 2.795 2.928 3.061 3.193 3.326 3.458 3.591 3.724 3.856 3.989 4.122 4.254 4.387
19.35 19.275 19.2 19.126 19.054 18.886 18.582 18.277 17.973 17.668 17.363 17.059 16.754 16.45 16.145 15.841 15.536 15.232 14.927 14.622 14.318 13.91 13.476 13.042 12.609 12.175 11.741 11.307 10.873 10.44 10.006 9.572 9.138 8.704 8.271 7.837 7.586 7.424 7.182 6.94 6.698 6.456 6.214 5.972 5.731 5.489 5.247 5.005 4.763 4.521 4.279 4.037 3.903 3.971 3.844 3.699 3.562 3.424 3.287 3.15 3.013 2.876 2.739 2.602 2.464 2.327 2.19 2.053 1.916 1.779 1.69 1.662 1.635 1.608 1.581 1.553 1.526 1.499 1.472 1.445 1.417 1.39 1.363 1.336 1.308 1.132 0.935 0.922 0.914 0.993 1.071 1.149 1.228 1.306 1.384 1.462 1.541 1.619 1.697 1.776 1.854 1.932 2.011 2.075 2.126 2.177 2.228 2.279 2.33 2.382 2.433 2.484 2.535 2.586 2.637 2.689 2.74 2.773 2.783 2.789 2.756 2.723 2.799 2.931 3.064 3.196 3.329 3.462 3.594 3.727 3.86 3.992 4.125 4.257 4.39 4.523
19.769 19.7 19.632 19.563 19.429 19.127 18.823 18.518 18.214 17.909 17.604 17.3 16.995 16.691 16.386 16.082 15.777 15.473 15.168 14.863 14.559 14.149 13.715 13.281 12.847 12.414 11.98 11.546 11.112 10.679 10.245 9.811 9.377 8.943 8.51 8.076 7.642 7.41 7.168 6.926 6.684 6.443 6.201 5.959 5.717 5.475 5.233 4.991 4.749 4.507 4.265 4.023 3.782 3.709 3.582 3.445 3.308 3.171 3.034 2.897 2.759 2.622 2.485 2.348 2.211 2.074 1.937 1.799 1.662 1.525 1.438 1.411 1.383 1.356 1.329 1.302 1.274 1.247 1.22 1.193 1.166 1.138 1.111 1.084 1.057 1.016 0.819 0.808 0.877 0.955 1.033 1.111 1.19 1.268 1.346 1.425 1.503 1.581 1.66 1.738 1.816 1.894 1.973 2.036 2.087 2.139 2.19 2.241 2.292 2.343 2.394 2.446 2.497 2.548 2.599 2.65 2.701 2.753 2.778 2.783 2.75 2.802 2.934 3.067 3.2 3.332 3.465 3.597 3.73 3.863 3.995 4.128 4.261 4.393 4.526 4.658
19.848 19.78 19.711 19.642 19.43 18.987 18.688 18.39 18.092 17.793 17.495 17.196 16.898 16.6 16.301 16.003 15.704 15.406 15.107 14.809 14.511 14.105 13.677 13.249 12.822 12.394 11.967 11.539 11.112 10.684 10.256 9.829 9.401 8.974 8.546 8.118 7.691 7.356 7.116 6.875 6.634 6.394 6.153 5.913 5.672 5.432 5.191 4.951 4.71 4.47 4.229 3.989 3.748 3.501 3.368 3.228 3.087 2.947 2.807 2.666 2.526 2.386 2.245 2.105 1.964 1.824 1.684 1.546 1.409 1.271 1.186 1.159 1.132 1.104 1.077 1.05 1.023 0.995 0.968 0.941 0.914 0.887 0.859 0.832 0.805 0.778 0.705 0.76 0.839 0.917 0.995 1.074 1.152 1.23 1.309 1.387 1.465 1.543 1.622 1.7 1.778 1.857 1.935 1.998 2.049 2.1 2.151 2.203 2.254 2.305 2.356 2.407 2.458 2.51 2.561 2.612 2.663 2.714 2.765 2.778 2.805 2.938 3.07 3.203 3.335 3.468 3.601 3.733 3.866 3.999 4.131 4.264 4.396 4.529 4.662 4.794
19.928 19.859 19.79 19.721 19.501 18.934 18.545 18.247 17.948 17.65 17.351 17.053 16.754 16.456 16.158 15.859 15.561 15.262 14.964 14.665 14.367 13.959 13.531 13.104 12.676 12.249 11.821 11.393 10.966 10.538 10.111 9.683 9.256 8.828 8.4 7.973 7.579 7.258 7.017 6.777 6.536 6.296 6.055 5.815 5.574 5.334 5.093 4.853 4.612 4.372 4.131 3.891 3.65 3.354 3.306 3.171 3.031 2.89 2.75 2.609 2.469 2.329 2.188 2.048 1.908 1.767 1.627 1.486 1.346 1.206 1.119 1.088 1.058 1.027 0.997 0.966 0.936 0.905 0.875 0.844 0.814 0.783 0.753 0.722 0.692 0.661 0.699 0.762 0.84 0.917 0.994 1.072 1.149 1.226 1.303 1.381 1.458 1.535 1.612 1.69 1.767 1.844 1.921 1.984 2.034 2.084 2.134 2.184 2.234 2.284 2.334 2.385 2.435 2.485 2.535 2.585 2.635 2.685 2.735 2.796 2.93 3.065 3.199 3.334 3.468 3.603 3.736 3.869 4.002 4.134 4.267 4.4 4.532 4.665 4.797 4.93
20.007 19.938 19.869 19.8 19.572 19.005 18.438 18.103 17.805 17.506 17.208 16.909 16.611 16.312 16.014 15.716 15.417 15.119 14.82 14.522 14.223 13.813 13.386 12.958 12.531 12.103 11.675 11.248 10.82 10.393 9.965 9.538 9.11 8.682 8.255 7.853 7.479 7.16 6.919 6.679 6.438 6.198 5.957 5.717 5.476 5.236 4.995 4.755 4.514 4.274 4.033 3.792 3.505 3.206 3.163 3.114 2.974 2.833 2.693 2.553 2.412 2.272 2.132 1.991 1.851 1.71 1.57 1.43 1.289 1.149 1.064 1.033 1.003 0.972 0.942 0.911 0.881 0.85 0.82 0.789 0.759 0.728 0.698 0.667 0.637 0.659 0.744 0.794 0.863 0.94 1.017 1.094 1.172 1.249 1.326 1.404 1.481 1.558 1.635 1.713 1.79 1.867 1.944 2.007 2.058 2.108 2.158 2.208 2.259 2.309 2.359 2.409 2.459 2.509 2.559 2.609 2.659 2.709 2.76 2.821 2.956 3.09 3.225 3.359 3.494 3.629 3.763 3.898 4.032 4.167 4.301 4.436 4.57 4.705 4.839 4.969
20.086 20.017 19.948 19.88 19.644 19.076 18.509 17.96 17.661 17.363 17.064 16.766 16.467 16.169 15.871 15.572 15.274 14.975 14.677 14.378 14.08 13.668 13.24 12.813 12.385 11.957 11.53 11.102 10.675 10.247 9.82 9.392 8.964 8.537 8.128 7.753 7.379 7.062 6.821 6.581 6.34 6.1 5.859 5.619 5.378 5.138 4.897 4.657 4.416 4.175 3.935 3.656 3.357 3.058 3.02 2.988 2.917 2.777 2.636 2.496 2.355 2.215 2.075 1.934 1.794 1.654 1.513 1.373 1.232 1.092 1.009 0.978 0.948 0.917 0.887 0.856 0.826 0.795 0.765 0.734 0.704 0.673 0.643 0.612 0.617 0.705 0.79 0.839 0.889 0.963 1.04 1.117 1.195 1.272 1.349 1.427 1.504 1.581 1.658 1.736 1.813 1.89 1.967 2.029 2.082 2.132 2.183 2.233 2.283 2.333 2.383 2.433 2.483 2.533 2.583 2.633 2.684 2.734 2.784 2.847 2.982 3.116 3.251 3.385 3.52 3.654 3.789 3.923 4.058 4.192 4.327 4.461 4.596 4.73 4.862 4.983
20.165 20.096 20.028 19.959 19.715 19.148 18.58 18.013 17.518 17.219 16.921 16.622 16.324 16.025 15.727 15.429 15.13 14.832 14.533 14.235 13.936 13.522 13.095 12.667 12.239 11.812 11.384 10.957 10.529 10.102 9.674 9.246 8.819 8.402 8.027 7.653 7.279 6.964 6.723 6.483 6.242 6.002 5.761 5.521 5.28 5.04 4.799 4.558 4.318 4.077 3.807 3.508 3.209 2.911 2.876 2.844 2.812 2.72 2.579 2.439 2.299 2.158 2.018 1.877 1.737 1.597 1.456 1.316 1.176 1.035 0.954 0.923 0.893 0.862 0.832 0.801 0.771 0.74 0.71 0.679 0.649 0.618 0.588 0.575 0.663 0.75 0.835 0.884 0.934 0.986 1.063 1.14 1.218 1.295 1.372 1.45 1.527 1.604 1.681 1.759 1.836 1.913 1.99 2.052 2.104 2.156 2.207 2.257 2.307 2.357 2.407 2.457 2.507 2.558 2.608 2.658 2.708 2.758 2.808 2.873 3.007 3.142 3.276 3.411 3.545 3.68 3.814 3.949 4.083 4.218 4.353 4.487 4.622 4.755 4.876 4.997
20.244 20.176 20.107 20.038 19.786 19.219 18.652 18.084 17.517 17.076 16.777 16.479 16.18 15.882 15.583 15.285 14.987 14.688 14.39 14.091 13.793 13.377 12.949 12.521 12.094 11.666 11.239 10.811 10.384 9.956 9.528 9.101 8.676 8.301 7.927 7.553 7.178 6.866 6.625 6.385 6.144 5.904 5.663 5.423 5.182 4.941 4.701 4.46 4.22 3.958 3.659 3.36 3.062 2.765 2.733 2.701 2.669 2.637 2.523 2.382 2.242 2.101 1.961 1.821 1.68 1.54 1.399 1.259 1.119 0.978 0.899 0.868 0.838 0.807 0.777 0.746 0.716 0.685 0.655 0.624 0.594 0.563 0.534 0.621 0.708 0.796 0.88 0.929 0.979 1.028 1.086 1.163 1.241 1.318 1.395 1.472 1.55 1.627 1.704 1.782 1.859 1.936 2.013 2.075 2.127 2.179 2.231 2.281 2.331 2.381 2.431 2.482 2.532 2.582 2.632 2.682 2.732 2.782 2.832 2.898 3.033 3.168 3.302 3.437 3.571 3.706 3.84 3.975 4.109 4.244 4.378 4.513 4.647 4.769 4.89 5.012
20.324 20.255 20.186 20.117 19.858 19.29 18.723 18.156 17.588 17.021 16.634 16.335 16.037 15.738 15.44 15.142 14.843 14.545 14.246 13.948 13.649 13.231 12.803 12.376 11.948 11.521 11.093 10.666 10.238 9.81 9.383 8.955 8.576 8.201 7.827 7.452 7.078 6.768 6.527 6.287 6.046 5.806 5.565 5.324 5.084 4.843 4.603 4.362 4.109 3.81 3.511 3.213 2.914 2.622 2.59 2.558 2.526 2.494 2.462 2.325 2.185 2.045 1.904 1.764 1.623 1.483 1.343 1.202 1.062 0.921 0.844 0.813 0.783 0.752 0.722 0.691 0.661 0.63 0.6 0.569 0.539 0.508 0.579 0.667 0.754 0.842 0.925 0.974 1.024 1.073 1.123 1.186 1.264 1.341 1.418 1.495 1.573 1.65 1.727 1.805 1.882 1.959 2.036 2.097 2.149 2.202 2.254 2.305 2.356 2.406 2.456 2.506 2.556 2.606 2.656 2.706 2.756 2.806 2.857 2.924 3.059 3.193 3.328 3.462 3.597 3.731 3.866 4.0 4.135 4.269 4.404 4.538 4.662 4.783 4.905 5.026
20.403 20.334 20.265 20.196 19.929 19.361 18.794 18.227 17.659 17.092 16.525 16.192 15.893 15.595 15.296 14.998 14.7 14.401 14.103 13.804 13.506 13.085 12.658 12.23 11.803 11.375 10.948 10.52 10.092 9.665 9.237 8.85 8.475 8.101 7.727 7.352 6.978 6.67 6.429 6.189 5.948 5.707 5.467 5.226 4.986 4.745 4.505 4.26 3.961 3.662 3.364 3.065 2.766 2.479 2.446 2.414 2.382 2.35 2.318 2.269 2.128 1.988 1.847 1.707 1.567 1.426 1.286 1.145 1.005 0.865 0.789 0.758 0.728 0.697 0.667 0.636 0.606 0.575 0.545 0.514 0.484 0.537 0.625 0.712 0.8 0.887 0.97 1.019 1.069 1.118 1.168 1.218 1.287 1.364 1.441 1.518 1.596 1.673 1.75 1.827 1.905 1.982 2.059 2.12 2.172 2.224 2.276 2.329 2.38 2.43 2.48 2.53 2.58 2.63 2.68 2.73 2.781 2.831 2.881 2.95 3.084 3.219 3.353 3.488 3.622 3.757 3.892 4.026 4.161 4.295 4.43 4.555 4.677 4.798 4.919 5.04
20.482 20.413 20.344 20.276 20.0 19.433 18.865 18.298 17.731 17.163 16.596 16.048 15.75 15.451 15.153 14.855 14.556 14.258 13.959 13.661 13.362 12.94 12.512 12.085 11.657 11.23 10.802 10.374 9.947 9.519 9.124 8.75 8.375 8.001 7.626 7.252 6.878 6.572 6.331 6.09 5.85 5.609 5.369 5.128 4.888 4.647 4.407 4.112 3.813 3.515 3.216 2.917 2.619 2.335 2.303 2.271 2.239 2.207 2.175 2.143 2.071 1.931 1.791 1.65 1.51 1.369 1.229 1.089 0.948 0.808 0.734 0.703 0.673 0.642 0.612 0.581 0.551 0.52 0.49 0.459 0.496 0.583 0.671 0.758 0.845 0.933 1.015 1.064 1.114 1.164 1.213 1.263 1.312 1.387 1.464 1.541 1.619 1.696 1.773 1.85 1.928 2.005 2.082 2.142 2.194 2.247 2.299 2.351 2.403 2.454 2.504 2.554 2.604 2.655 2.705 2.755 2.805 2.855 2.905 2.976 3.11 3.245 3.379 3.514 3.648 3.783 3.917 4.052 4.186 4.321 4.449 4.57 4.691 4.812 4.933 5.054
20.561 20.492 20.424 20.355 20.071 19.504 18.937 18.369 17.802 17.235 16.667 16.1 15.606 15.308 15.009 14.711 14.413 14.114 13.816 13.517 13.219 12.794 12.367 11.939 11.512 11.084 10.656 10.229 9.801 9.398 9.024 8.649 8.275 7.901 7.526 7.152 6.777 6.473 6.233 5.992 5.752 5.511 5.271 5.03 4.79 4.549 4.263 3.964 3.666 3.367 3.068 2.77 2.471 2.192 2.16 2.128 2.096 2.064 2.032 2.0 1.968 1.874 1.734 1.593 1.453 1.313 1.172 1.032 0.891 0.751 0.679 0.648 0.618 0.587 0.557 0.526 0.496 0.465 0.435 0.454 0.541 0.629 0.716 0.804 0.891 0.979 1.06 1.109 1.159 1.209 1.258 1.308 1.357 1.41 1.487 1.564 1.642 1.719 1.796 1.873 1.951 2.028 2.105 2.165 2.217 2.269 2.321 2.374 2.426 2.478 2.528 2.579 2.629 2.679 2.729 2.779 2.829 2.879 2.929 3.001 3.136 3.27 3.405 3.539 3.674 3.808 3.943 4.077 4.212 4.342 4.463 4.584 4.705 4.826 4.948 5.069
20.64 20.572 20.503 20.434 20.143 19.575 19.008 18.441 17.873 17.306 16.739 16.171 15.604 15.164 14.866 14.567 14.269 13.971 13.672 13.374 13.075 12.649 12.221 11.794 11.366 10.938 10.511 10.083 9.672 9.298 8.923 8.549 8.175 7.8 7.426 7.051 6.677 6.375 6.135 5.894 5.654 5.413 5.173 4.932 4.692 4.414 4.115 3.817 3.518 3.219 2.921 2.622 2.324 2.049 2.017 1.985 1.953 1.92 1.888 1.856 1.824 1.792 1.677 1.536 1.396 1.256 1.115 0.975 0.835 0.694 0.624 0.593 0.563 0.532 0.502 0.471 0.441 0.41 0.412 0.5 0.587 0.675 0.762 0.849 0.937 1.024 1.105 1.154 1.204 1.254 1.303 1.353 1.402 1.452 1.51 1.587 1.665 1.742 1.819 1.896 1.974 2.051 2.128 2.187 2.24 2.292 2.344 2.396 2.448 2.501 2.553 2.603 2.653 2.703 2.753 2.803 2.853 2.903 2.954 3.027 3.162 3.296 3.431 3.565 3.7 3.834 3.969 4.103 4.235 4.356 4.477 4.598 4.72 4.841 4.962 5.083
20.72 20.651 20.582 20.513 20.214 19.647 19.079 18.512 17.945 17.377 16.81 16.243 15.675 15.108 14.722 14.424 14.126 13.827 13.529 13.23 12.931 12.503 12.076 11.648 11.22 10.793 10.365 9.946 9.572 9.198 8.823 8.449 8.074 7.7 7.326 6.951 6.577 6.277 6.037 5.796 5.556 5.315 5.075 4.834 4.565 4.266 3.968 3.669 3.37 3.072 2.773 2.475 2.176 1.905 1.873 1.841 1.809 1.777 1.745 1.713 1.681 1.649 1.617 1.48 1.339 1.199 1.058 0.918 0.778 0.637 0.569 0.538 0.508 0.477 0.447 0.416 0.386 0.37 0.458 0.545 0.633 0.72 0.808 0.895 0.983 1.07 1.15 1.199 1.249 1.299 1.348 1.398 1.447 1.497 1.547 1.61 1.688 1.765 1.842 1.919 1.997 2.074 2.151 2.21 2.262 2.314 2.367 2.419 2.471 2.523 2.575 2.627 2.677 2.727 2.777 2.828 2.878 2.928 2.978 3.053 3.187 3.322 3.456 3.591 3.725 3.86 3.994 4.128 4.249 4.37 4.491 4.613 4.734 4.855 4.976 5.097
20.799 20.73 20.661 20.592 20.285 19.718 19.151 18.583 18.016 17.449 16.881 16.314 15.747 15.179 14.612 14.28 13.982 13.684 13.385 13.087 12.785 12.358 11.93 11.502 11.075 10.647 10.221 9.846 9.472 9.097 8.723 8.349 7.974 7.6 7.225 6.851 6.477 6.179 5.939 5.698 5.458 5.217 4.977 4.716 4.417 4.119 3.82 3.521 3.223 2.924 2.626 2.327 2.028 1.762 1.73 1.698 1.666 1.634 1.602 1.57 1.538 1.506 1.474 1.423 1.282 1.142 1.002 0.861 0.721 0.58 0.514 0.483 0.453 0.422 0.392 0.361 0.331 0.416 0.504 0.591 0.678 0.766 0.853 0.941 1.028 1.116 1.195 1.245 1.294 1.344 1.393 1.443 1.492 1.542 1.592 1.641 1.711 1.788 1.865 1.942 2.02 2.097 2.174 2.232 2.285 2.337 2.389 2.441 2.494 2.546 2.598 2.65 2.701 2.752 2.802 2.852 2.902 2.952 3.002 3.078 3.213 3.347 3.482 3.616 3.751 3.886 4.02 4.142 4.263 4.385 4.506 4.627 4.748 4.869 4.991 5.112
20.878 20.809 20.74 20.672 20.357 19.789 19.222 18.655 18.087 17.52 16.953 16.385 15.818 15.251 14.683 14.137 13.839 13.54 13.242 12.943 12.64 12.212 11.784 11.357 10.929 10.502 10.12 9.746 9.372 8.997 8.623 8.248 7.874 7.5 7.125 6.751 6.376 6.081 5.841 5.6 5.36 5.119 4.867 4.568 4.27 3.971 3.672 3.374 3.075 2.777 2.478 2.179 1.881 1.619 1.587 1.555 1.523 1.491 1.459 1.427 1.394 1.362 1.33 1.298 1.226 1.085 0.945 0.804 0.664 0.524 0.459 0.428 0.398 0.367 0.337 0.306 0.374 0.462 0.549 0.637 0.724 0.812 0.899 0.986 1.074 1.161 1.24 1.29 1.339 1.389 1.438 1.488 1.538 1.587 1.637 1.686 1.736 1.811 1.888 1.965 2.043 2.12 2.197 2.255 2.307 2.359 2.412 2.464 2.516 2.568 2.621 2.673 2.725 2.776 2.826 2.876 2.926 2.976 3.026 3.104 3.239 3.373 3.508 3.642 3.777 3.911 4.035 4.157 4.278 4.399 4.52 4.641 4.762 4.884 5.005 5.126
20.957 20.888 20.82 20.751 20.428 19.861 19.293 18.726 18.159 17.591 17.024 16.457 15.889 15.322 14.755 14.187 13.695 13.397 13.098 12.8 12.494 12.066 11.639 11.211 10.784 10.394 10.02 9.646 9.271 8.897 8.522 8.148 7.774 7.399 7.025 6.651 6.276 5.983 5.743 5.502 5.261 5.018 4.719 4.421 4.122 3.823 3.525 3.226 2.928 2.629 2.33 2.032 1.733 1.476 1.444 1.411 1.379 1.347 1.315 1.283 1.251 1.219 1.187 1.155 1.123 1.028 0.888 0.748 0.607 0.467 0.404 0.373 0.343 0.312 0.282 0.333 0.42 0.507 0.595 0.682 0.77 0.857 0.945 1.032 1.12 1.207 1.285 1.335 1.384 1.434 1.483 1.533 1.583 1.632 1.682 1.731 1.781 1.834 1.911 1.988 2.066 2.143 2.22 2.278 2.33 2.382 2.434 2.486 2.539 2.591 2.643 2.695 2.748 2.8 2.85 2.9 2.95 3.0 3.051 3.13 3.264 3.399 3.533 3.668 3.802 3.928 4.05 4.171 4.292 4.413 4.534 4.656 4.777 4.898 5.019 5.14
21.148 20.968 20.899 20.83 20.499 19.932 19.365 18.797 18.23 17.663 17.095 16.528 15.961 15.393 14.826 14.259 13.691 13.253 12.955 12.656 12.348 11.921 11.493 11.066 10.669 10.294 9.92 9.545 9.171 8.797 8.422 8.048 7.673 7.299 6.925 6.55 6.176 5.885 5.644 5.404 5.163 4.87 4.572 4.273 3.974 3.676 3.377 3.079 2.78 2.481 2.183 1.884 1.585 1.332 1.3 1.268 1.236 1.204 1.172 1.14 1.108 1.076 1.044 1.012 0.98 0.948 0.831 0.691 0.55 0.41 0.349 0.318 0.288 0.257 0.291 0.378 0.466 0.553 0.641 0.728 0.815 0.903 0.99 1.078 1.165 1.253 1.33 1.38 1.429 1.479 1.528 1.578 1.628 1.677 1.727 1.776 1.826 1.876 1.934 2.011 2.089 2.166 2.243 2.3 2.352 2.405 2.457 2.509 2.561 2.613 2.666 2.718 2.77 2.822 2.874 2.925 2.975 3.025 3.075 3.155 3.29 3.425 3.559 3.694 3.822 3.943 4.064 4.185 4.306 4.428 4.549 4.67 4.791 4.912 5.033 5.155
21.545 21.079 20.978 20.909 20.571 20.003 19.436 18.869 18.301 17.734 17.167 16.599 16.032 15.465 14.897 14.33 13.763 13.195 12.811 12.513 12.203 11.775 11.348 10.943 10.568 10.194 9.82 9.445 9.071 8.696 8.322 7.948 7.573 7.199 6.824 6.45 6.076 5.787 5.546 5.306 5.021 4.723 4.424 4.125 3.827 3.528 3.23 2.931 2.632 2.334 2.035 1.736 1.438 1.189 1.157 1.125 1.093 1.061 1.029 0.997 0.965 0.933 0.901 0.868 0.836 0.804 0.772 0.634 0.494 0.353 0.294 0.263 0.233 0.249 0.337 0.424 0.511 0.599 0.686 0.774 0.861 0.949 1.036 1.123 1.211 1.298 1.375 1.425 1.474 1.524 1.573 1.623 1.673 1.722 1.772 1.821 1.871 1.921 1.97 2.034 2.112 2.189 2.266 2.323 2.375 2.427 2.479 2.532 2.584 2.636 2.688 2.74 2.793 2.845 2.897 2.949 2.999 3.049 3.099 3.181 3.316 3.45 3.585 3.715 3.836 3.957 4.078 4.199 4.321 4.442 4.563 4.684 4.805 4.927 5.048 5.169
21.941 21.475 21.057 20.988 20.642 20.075 19.507 18.94 18.373 17.805 17.238 16.671 16.103 15.536 14.969 14.401 13.834 13.267 12.699 12.369 12.057 11.63 11.217 10.843 10.468 10.094 9.719 9.345 8.971 8.596 8.222 7.847 7.473 7.099 6.724 6.35 5.975 5.689 5.448 5.172 4.874 4.575 4.276 3.978 3.679 3.381 3.082 2.783 2.485 2.186 1.887 1.589 1.29 1.046 1.014 0.982 0.95 0.918 0.885 0.853 0.821 0.789 0.757 0.725 0.693 0.661 0.629 0.577 0.437 0.296 0.239 0.208 0.207 0.295 0.382 0.47 0.557 0.645 0.732 0.819 0.907 0.994 1.082 1.169 1.257 1.344 1.42 1.47 1.519 1.569 1.619 1.668 1.718 1.767 1.817 1.867 1.916 1.966 2.015 2.065 2.135 2.212 2.289 2.345 2.397 2.45 2.502 2.554 2.606 2.659 2.711 2.763 2.815 2.868 2.92 2.972 3.023 3.073 3.123 3.207 3.341 3.476 3.608 3.729 3.85 3.971 4.093 4.214 4.335 4.456 4.577 4.699 4.82 4.941 5.062 5.183
22.338 21.872 21.406 21.068 20.713 20.146 19.578 19.011 18.444 17.876 17.309 16.742 16.175 15.607 15.04 14.473 13.905 13.338 12.771 12.226 11.912 11.491 11.117 10.742 10.368 9.994 9.619 9.245 8.87 8.496 8.122 7.747 7.373 6.998 6.624 6.25 5.875 5.591 5.323 5.025 4.726 4.427 4.129 3.83 3.532 3.233 2.934 2.636 2.337 2.038 1.74 1.441 1.142 0.902 0.87 0.838 0.806 0.774 0.742 0.71 0.678 0.646 0.614 0.582 0.55 0.518 0.486 0.454 0.38 0.24 0.184 0.166 0.253 0.34 0.428 0.515 0.603 0.69 0.778 0.865 0.953 1.04 1.127 1.215 1.302 1.39 1.465 1.515 1.564 1.614 1.664 1.713 1.763 1.812 1.862 1.912 1.961 2.011 2.06 2.11 2.16 2.235 2.312 2.368 2.42 2.472 2.524 2.577 2.629 2.681 2.733 2.786 2.838 2.89 2.942 2.995 3.047 3.097 3.148 3.233 3.367 3.501 3.622 3.743 3.864 3.986 4.107 4.228 4.349 4.47 4.592 4.713 4.834 4.955 5.076 5.198
22.742 22.275 21.808 21.341 20.772 20.208 19.643 19.078 18.514 17.948 17.38 16.813 16.246 15.678 15.111 14.544 13.976 13.409 12.842 12.274 11.766 11.391 11.016 10.642 10.268 9.893 9.519 9.144 8.77 8.396 8.021 7.647 7.272 6.898 6.524 6.149 5.775 5.474 5.176 4.877 4.578 4.28 3.981 3.683 3.384 3.085 2.787 2.488 2.189 1.891 1.592 1.293 0.995 0.759 0.727 0.695 0.663 0.631 0.599 0.567 0.535 0.503 0.471 0.439 0.407 0.375 0.342 0.31 0.278 0.183 0.129 0.211 0.299 0.386 0.474 0.561 0.648 0.736 0.823 0.911 0.998 1.086 1.173 1.261 1.348 1.435 1.51 1.56 1.609 1.659 1.709 1.758 1.808 1.857 1.907 1.957 2.006 2.056 2.105 2.155 2.205 2.258 2.335 2.39 2.443 2.495 2.547 2.599 2.651 2.704 2.756 2.808 2.86 2.913 2.965 3.017 3.069 3.122 3.172 3.258 3.393 3.515 3.636 3.758 3.879 4.0 4.121 4.242 4.364 4.485 4.606 4.727 4.848 4.97 5.091 5.212
23.193 22.726 22.259 21.458 20.672 20.108 19.543 18.978 18.414 17.849 17.285 16.72 16.155 15.591 15.026 14.462 13.897 13.332 12.768 12.203 11.772 11.366 10.99 10.614 10.238 9.863 9.487 9.111 8.735 8.359 7.983 7.607 7.231 6.855 6.479 6.103 5.727 5.439 5.137 4.835 4.533 4.231 3.929 3.627 3.325 3.023 2.721 2.419 2.117 1.815 1.513 1.211 0.909 0.658 0.623 0.589 0.554 0.52 0.485 0.451 0.416 0.382 0.347 0.313 0.278 0.244 0.209 0.175 0.14 0.106 0.169 0.257 0.344 0.432 0.519 0.607 0.694 0.782 0.869 0.956 1.044 1.131 1.219 1.306 1.394 1.481 1.555 1.605 1.654 1.704 1.754 1.803 1.853 1.902 1.952 2.002 2.051 2.101 2.15 2.2 2.25 2.299 2.358 2.413 2.465 2.517 2.57 2.622 2.674 2.726 2.778 2.831 2.883 2.935 2.987 3.04 3.092 3.144 3.196 3.284 3.408 3.53 3.651 3.772 3.893 4.014 4.135 4.257 4.378 4.499 4.62 4.741 4.863 4.984 5.105 5.226
23.644 23.177 22.473 21.349 20.572 20.008 19.443 18.878 18.314 17.749 17.185 16.62 16.055 15.491 14.926 14.362 13.797 13.232 12.668 12.218 11.813 11.379 10.985 10.609 10.233 9.857 9.481 9.105 8.729 8.353 7.977 7.601 7.225 6.849 6.473 6.098 5.722 5.456 5.197 4.895 4.593 4.291 3.989 3.687 3.385 3.083 2.781 2.479 2.177 1.875 1.573 1.271 0.969 0.719 0.629 0.594 0.56 0.525 0.491 0.456 0.422 0.387 0.353 0.318 0.284 0.249 0.215 0.18 0.146 0.111 0.177 0.265 0.353 0.441 0.529 0.617 0.705 0.794 0.882 0.97 1.058 1.146 1.234 1.322 1.41 1.498 1.519 1.571 1.622 1.674 1.725 1.776 1.828 1.879 1.931 1.982 2.034 2.085 2.137 2.188 2.24 2.291 2.334 2.385 2.44 2.494 2.548 2.602 2.656 2.71 2.764 2.819 2.873 2.927 2.981 3.035 3.089 3.143 3.197 3.298 3.42 3.541 3.663 3.784 3.906 4.027 4.149 4.27 4.392 4.513 4.635 4.756 4.877 4.998 5.119 5.242
24.095 23.489 22.365 21.24 20.472 19.908 19.343 18.778 18.214 17.649 17.085 16.52 15.955 15.391 14.826 14.262 13.697 13.132 12.658 12.26 11.854 11.42 10.985 10.603 10.227 9.851 9.475 9.099 8.723 8.347 7.971 7.595 7.22 6.844 6.468 6.092 5.716 5.453 5.23 4.955 4.653 4.351 4.049 3.747 3.445 3.143 2.841 2.538 2.236 1.934 1.632 1.33 1.028 0.782 0.676 0.6 0.565 0.531 0.496 0.462 0.427 0.393 0.358 0.324 0.289 0.255 0.22 0.186 0.151 0.117 0.185 0.273 0.361 0.449 0.537 0.625 0.713 0.801 0.889 0.977 1.065 1.153 1.241 1.33 1.418 1.433 1.454 1.505 1.557 1.608 1.66 1.711 1.762 1.814 1.865 1.917 1.968 2.02 2.071 2.123 2.174 2.221 2.245 2.297 2.351 2.405 2.459 2.513 2.567 2.621 2.676 2.73 2.784 2.838 2.892 2.946 3.0 3.054 3.155 3.294 3.415 3.537 3.658 3.78 3.901 4.023 4.144 4.266 4.387 4.509 4.63 4.752 4.873 4.995 5.116 5.47
24.504 23.38 22.256 21.131 20.372 19.808 19.243 18.679 18.114 17.549 16.985 16.42 15.856 15.291 14.726 14.162 13.597 13.098 12.7 12.301 11.896 11.461 11.026 10.597 10.221 9.845 9.469 9.093 8.717 8.342 7.966 7.59 7.214 6.838 6.462 6.086 5.71 5.449 5.226 5.003 4.712 4.41 4.108 3.806 3.504 3.202 2.9 2.598 2.296 1.994 1.692 1.39 1.088 0.845 0.739 0.632 0.571 0.536 0.502 0.467 0.433 0.398 0.364 0.329 0.295 0.26 0.226 0.191 0.157 0.122 0.192 0.28 0.368 0.456 0.544 0.633 0.721 0.809 0.897 0.985 1.073 1.161 1.249 1.337 1.365 1.367 1.388 1.44 1.491 1.543 1.594 1.646 1.697 1.748 1.8 1.851 1.903 1.954 2.006 2.057 2.108 2.132 2.155 2.208 2.262 2.316 2.37 2.424 2.478 2.533 2.587 2.641 2.695 2.749 2.803 2.857 2.911 2.998 3.151 3.289 3.41 3.532 3.654 3.775 3.897 4.018 4.14 4.261 4.383 4.504 4.626 4.747 4.869 4.99 5.31 5.724
24.395 23.271 22.147 21.023 20.272 19.708 19.143 18.579 18.014 17.449 16.885 16.32 15.756 15.191 14.626 14.062 13.538 13.14 12.741 12.343 11.937 11.502 11.067 10.633 10.215 9.839 9.464 9.088 8.712 8.336 7.96 7.584 7.208 6.832 6.456 6.08 5.704 5.446 5.223 5.0 4.772 4.47 4.168 3.866 3.564 3.262 2.96 2.658 2.356 2.054 1.752 1.45 1.148 0.908 0.802 0.695 0.589 0.542 0.508 0.473 0.438 0.404 0.369 0.335 0.3 0.266 0.231 0.197 0.162 0.128 0.2 0.288 0.376 0.464 0.552 0.64 0.728 0.816 0.904 0.992 1.081 1.169 1.257 1.298 1.299 1.301 1.323 1.374 1.426 1.477 1.529 1.58 1.632 1.683 1.735 1.786 1.837 1.889 1.94 1.992 2.019 2.043 2.066 2.119 2.173 2.227 2.281 2.336 2.39 2.444 2.498 2.552 2.606 2.66 2.714 2.769 2.841 2.994 3.147 3.284 3.406 3.527 3.649 3.77 3.892 4.013 4.135 4.257 4.378 4.5 4.621 4.743 4.864 5.138 5.57 5.978
24.286 23.162 22.038 20.914 20.172 19.608 19.043 18.479 17.914 17.349 16.785 16.22 15.656 15.091 14.526 13.978 13.58 13.181 12.783 12.385 11.978 11.543 11.108 10.674 10.239 9.834 9.458 9.082 8.706 8.33 7.954 7.578 7.202 6.826 6.45 6.074 5.699 5.443 5.22 4.997 4.774 4.53 4.228 3.926 3.624 3.322 3.02 2.718 2.416 2.114 1.812 1.51 1.208 0.971 0.865 0.758 0.652 0.548 0.513 0.479 0.444 0.41 0.375 0.341 0.306 0.271 0.237 0.202 0.168 0.133 0.207 0.295 0.383 0.472 0.56 0.648 0.736 0.824 0.912 1.0 1.088 1.176 1.23 1.231 1.233 1.234 1.257 1.309 1.36 1.412 1.463 1.515 1.566 1.618 1.669 1.721 1.772 1.823 1.875 1.906 1.93 1.953 1.977 2.03 2.084 2.138 2.193 2.247 2.301 2.355 2.409 2.463 2.517 2.571 2.626 2.683 2.836 2.99 3.143 3.28 3.401 3.523 3.644 3.766 3.887 4.009 4.13 4.252 4.373 4.495 4.616 4.738 4.967 5.399 5.83 6.232
24.178 23.053 21.929 20.805 20.072 19.508 18.943 18.379 17.814 17.249 16.685 16.12 15.556 14.991 14.426 14.02 13.621 13.223 12.825 12.426 12.019 11.584 11.149 10.715 10.28 9.846 9.452 9.076 8.7 8.324 7.948 7.572 7.196 6.821 6.445 6.069 5.693 5.44 5.217 4.994 4.771 4.548 4.288 3.986 3.684 3.382 3.08 2.778 2.475 2.173 1.871 1.569 1.267 1.034 0.928 0.821 0.715 0.608 0.519 0.484 0.45 0.415 0.381 0.346 0.312 0.277 0.243 0.208 0.174 0.139 0.215 0.303 0.391 0.479 0.567 0.655 0.743 0.831 0.92 1.008 1.096 1.162 1.163 1.165 1.167 1.168 1.192 1.243 1.295 1.346 1.398 1.449 1.501 1.552 1.604 1.655 1.707 1.758 1.793 1.817 1.84 1.864 1.887 1.941 1.995 2.05 2.104 2.158 2.212 2.266 2.32 2.374 2.428 2.483 2.537 2.679 2.832 2.986 3.139 3.275 3.397 3.518 3.64 3.761 3.883 4.004 4.126 4.247 4.369 4.49 4.612 4.796 5.227 5.659 6.091 6.485
24.069 22.945 21.82 20.696 19.973 19.408 18.843 18.279 17.714 17.15 16.585 16.02 15.456 14.891 14.46 14.062 13.663 13.265 12.866 12.468 12.06 11.625 11.191 10.756 10.321 9.887 9.452 9.07 8.694 8.318 7.942 7.567 7.191 6.815 6.439 6.063 5.687 5.436 5.213 4.99 4.767 4.544 4.321 4.045 3.743 3.441 3.139 2.837 2.535 2.233 1.931 1.629 1.327 1.097 0.991 0.884 0.778 0.671 0.565 0.49 0.455 0.421 0.386 0.352 0.317 0.283 0.248 0.214 0.179 0.145 0.223 0.311 0.399 0.487 0.575 0.663 0.751 0.839 0.927 1.015 1.094 1.096 1.097 1.099 1.1 1.102 1.127 1.178 1.229 1.281 1.332 1.384 1.435 1.487 1.538 1.59 1.641 1.681 1.704 1.728 1.751 1.774 1.798 1.852 1.907 1.961 2.015 2.069 2.123 2.177 2.231 2.286 2.34 2.394 2.522 2.675 2.828 2.982 3.135 3.271 3.392 3.514 3.635 3.757 3.878 4.0 4.121 4.243 4.364 4.486 4.624 5.056 5.488 5.92 6.351 6.739
23.96 22.836 21.712 20.587 19.873 19.308 18.743 18.179 17.614 17.05 16.485 15.92 15.356 14.9 14.502 14.103 13.705 13.306 12.908 12.51 12.101 11.666 11.232 10.797 10.362 9.928 9.493 9.064 8.689 8.313 7.937 7.561 7.185 6.809 6.433 6.057 5.681 5.433 5.21 4.987 4.764 4.541 4.318 4.095 3.803 3.501 3.199 2.897 2.595 2.293 1.991 1.689 1.387 1.16 1.054 0.947 0.841 0.734 0.628 0.521 0.461 0.426 0.392 0.357 0.323 0.288 0.254 0.219 0.185 0.15 0.23 0.318 0.406 0.494 0.582 0.67 0.759 0.847 0.935 1.023 1.028 1.029 1.031 1.032 1.034 1.035 1.061 1.113 1.164 1.215 1.267 1.318 1.37 1.421 1.473 1.524 1.568 1.591 1.615 1.638 1.662 1.685 1.71 1.764 1.818 1.872 1.926 1.98 2.034 2.088 2.143 2.197 2.251 2.364 2.517 2.671 2.824 2.978 3.131 3.266 3.388 3.509 3.631 3.752 3.874 3.995 4.117 4.238 4.36 4.481 4.885 5.317 5.748 6.18 6.612 6.993
23.851 22.727 21.603 20.479 19.773 19.208 18.643 18.079 17.514 16.95 16.385 15.82 15.34 14.942 14.543 14.145 13.746 13.348 12.95 12.551 12.142 11.707 11.273 10.838 10.403 9.969 9.534 9.1 8.683 8.307 7.931 7.555 7.179 6.803 6.427 6.051 5.675 5.43 5.207 4.984 4.761 4.538 4.315 4.092 3.863 3.561 3.259 2.957 2.655 2.353 2.051 1.749 1.447 1.223 1.117 1.01 0.904 0.797 0.691 0.584 0.478 0.432 0.397 0.363 0.328 0.294 0.259 0.225 0.19 0.156 0.238 0.326 0.414 0.502 0.59 0.678 0.766 0.854 0.942 0.96 0.962 0.963 0.965 0.966 0.968 0.969 0.996 1.047 1.099 1.15 1.202 1.253 1.304 1.356 1.407 1.455 1.479 1.502 1.525 1.549 1.572 1.596 1.621 1.675 1.729 1.783 1.837 1.891 1.945 2.0 2.054 2.108 2.207 2.36 2.513 2.667 2.82 2.974 3.127 3.261 3.383 3.504 3.626 3.748 3.869 3.991 4.112 4.234 4.355 4.713 5.145 5.577 6.009 6.441 6.872 7.247
23.742 22.618 21.494 20.37 19.673 19.108 18.543 17.979 17.414 16.85 16.285 15.78 15.382 14.983 14.585 14.187 13.788 13.39 12.991 12.593 12.183 11.748 11.314 10.879 10.445 10.01 9.575 9.141 8.706 8.301 7.925 7.549 7.173 6.797 6.421 6.046 5.67 5.426 5.203 4.98 4.757 4.534 4.311 4.088 3.865 3.621 3.319 3.017 2.715 2.412 2.11 1.808 1.506 1.286 1.18 1.073 0.967 0.86 0.754 0.647 0.541 0.437 0.403 0.368 0.334 0.299 0.265 0.23 0.196 0.161 0.245 0.333 0.421 0.509 0.598 0.686 0.774 0.862 0.892 0.894 0.895 0.897 0.898 0.9 0.901 0.903 0.93 0.982 1.033 1.085 1.136 1.188 1.239 1.29 1.342 1.366 1.389 1.413 1.436 1.46 1.483 1.506 1.532 1.586 1.64 1.694 1.748 1.803 1.857 1.911 1.965 2.049 2.203 2.356 2.509 2.663 2.816 2.97 3.123 3.257 3.378 3.5 3.621 3.743 3.864 3.986 4.107 4.229 4.542 4.974 5.406 5.837 6.269 6.701 7.133 7.501
23.634 22.509 21.385 20.261 19.573 19.008 18.444 17.879 17.314 16.75 16.22 15.822 15.423 15.025 14.627 14.228 13.83 13.431 13.033 12.635 12.224 11.79 11.355 10.92 10.486 10.051 9.616 9.182 8.747 8.312 7.919 7.543 7.168 6.792 6.416 6.04 5.664 5.423 5.2 4.977 4.754 4.531 4.308 4.085 3.862 3.639 3.378 3.076 2.774 2.472 2.17 1.868 1.566 1.349 1.242 1.136 1.029 0.923 0.817 0.71 0.604 0.497 0.408 0.374 0.339 0.305 0.27 0.236 0.201 0.167 0.253 0.341 0.429 0.517 0.605 0.693 0.781 0.824 0.826 0.828 0.829 0.831 0.832 0.834 0.835 0.837 0.865 0.916 0.968 1.019 1.071 1.122 1.174 1.225 1.253 1.276 1.3 1.323 1.347 1.37 1.394 1.417 1.443 1.497 1.551 1.605 1.66 1.714 1.768 1.822 1.892 2.045 2.198 2.352 2.505 2.659 2.812 2.966 3.119 3.252 3.374 3.495 3.617 3.738 3.86 3.981 4.103 4.371 4.803 5.234 5.666 6.098 6.53 6.962 7.393 7.755
23.525 22.4 21.276 20.152 19.473 18.908 18.344 17.779 17.214 16.66 16.262 15.864 15.465 15.067 14.668 14.27 13.871 13.473 13.075 12.676 12.265 11.831 11.396 10.961 10.527 10.092 9.657 9.223 8.788 8.353 7.919 7.538 7.162 6.786 6.41 6.034 5.658 5.42 5.197 4.974 4.751 4.528 4.305 4.082 3.859 3.636 3.413 3.136 2.834 2.532 2.23 1.928 1.626 1.412 1.305 1.199 1.092 0.986 0.879 0.773 0.667 0.56 0.454 0.379 0.345 0.31 0.276 0.241 0.207 0.172 0.26 0.349 0.437 0.525 0.613 0.701 0.757 0.758 0.76 0.761 0.763 0.764 0.766 0.767 0.769 0.77 0.799 0.851 0.902 0.954 1.005 1.057 1.108 1.14 1.164 1.187 1.21 1.234 1.257 1.281 1.304 1.328 1.354 1.408 1.462 1.517 1.571 1.625 1.679 1.734 1.888 2.041 2.194 2.348 2.501 2.655 2.808 2.962 3.115 3.248 3.369 3.491 3.612 3.734 3.855 3.977 4.199 4.631 5.063 5.495 5.927 6.358 6.79 7.222 7.654 8.009
23.416 22.292 21.167 20.043 19.373 18.808 18.244 17.679 17.114 16.702 16.304 15.905 15.507 15.108 14.71 14.312 13.913 13.515 13.116 12.718 12.306 11.872 11.437 11.002 10.568 10.133 9.698 9.264 8.829 8.395 7.96 7.532 7.156 6.78 6.404 6.028 5.652 5.416 5.193 4.97 4.747 4.524 4.301 4.078 3.855 3.632 3.409 3.186 2.894 2.592 2.29 1.988 1.686 1.475 1.368 1.262 1.155 1.049 0.942 0.836 0.729 0.623 0.517 0.41 0.35 0.316 0.281 0.247 0.212 0.18 0.268 0.356 0.444 0.532 0.62 0.689 0.69 0.692 0.693 0.695 0.696 0.698 0.7 0.701 0.703 0.704 0.734 0.785 0.837 0.888 0.94 0.991 1.027 1.051 1.074 1.098 1.121 1.145 1.168 1.191 1.215 1.238 1.265 1.319 1.374 1.428 1.482 1.536 1.59 1.73 1.884 2.037 2.19 2.344 2.497 2.651 2.804 2.958 3.111 3.243 3.365 3.486 3.608 3.729 3.851 4.028 4.46 4.892 5.324 5.755 6.187 6.619 7.051 7.483 7.914 8.263
23.307 22.183 21.059 19.934 19.273 18.708 18.144 17.579 17.142 16.744 16.345 15.947 15.548 15.15 14.752 14.353 13.955 13.556 13.158 12.759 12.347 11.913 11.478 11.043 10.609 10.174 9.74 9.305 8.87 8.436 8.001 7.566 7.15 6.774 6.398 6.022 5.646 5.413 5.19 4.967 4.744 4.521 4.298 4.075 3.852 3.629 3.406 3.183 2.954 2.652 2.349 2.047 1.745 1.538 1.431 1.325 1.218 1.112 1.005 0.899 0.792 0.686 0.579 0.473 0.367 0.321 0.287 0.252 0.218 0.188 0.276 0.364 0.452 0.54 0.621 0.623 0.624 0.626 0.627 0.629 0.63 0.632 0.633 0.635 0.636 0.638 0.669 0.72 0.771 0.823 0.874 0.915 0.938 0.961 0.985 1.008 1.032 1.055 1.079 1.102 1.126 1.149 1.177 1.231 1.285 1.339 1.393 1.447 1.573 1.726 1.879 2.033 2.186 2.34 2.493 2.647 2.8 2.954 3.107 3.239 3.36 3.482 3.603 3.725 3.857 4.289 4.72 5.152 5.584 6.016 6.448 6.879 7.311 7.743 8.175 8.517
23.198 22.074 20.95 19.826 19.173 18.608 18.044 17.582 17.184 16.785 16.387 15.989 15.59 15.192 14.793 14.395 13.996 13.598 13.2 12.801 12.388 11.954 11.519 11.085 10.65 10.215 9.781 9.346 8.911 8.477 8.042 7.607 7.173 6.768 6.393 6.017 5.641 5.41 5.187 4.964 4.741 4.518 4.295 4.072 3.849 3.626 3.403 3.18 2.957 2.711 2.409 2.107 1.805 1.601 1.494 1.388 1.281 1.175 1.068 0.962 0.855 0.749 0.642 0.536 0.429 0.327 0.293 0.258 0.224 0.195 0.283 0.371 0.459 0.547 0.555 0.556 0.558 0.559 0.561 0.562 0.564 0.565 0.567 0.569 0.57 0.572 0.603 0.655 0.706 0.757 0.802 0.825 0.849 0.872 0.896 0.919 0.942 0.966 0.989 1.013 1.036 1.06 1.088 1.142 1.196 1.25 1.304 1.415 1.569 1.722 1.875 2.029 2.182 2.336 2.489 2.643 2.796 2.95 3.103 3.234 3.355 3.477 3.598 3.72 4.117 4.549 4.981 5.413 5.845 6.276 6.708 7.14 7.572 8.003 8.435 8.771
23.089 21.965 20.841 19.717 19.073 18.508 18.022 17.624 17.225 16.827 16.429 16.03 15.632 15.233 14.835 14.436 14.038 13.64 13.241 12.843 12.43 11.995 11.56 11.126 10.691 10.256 9.822 9.387 8.952 8.518 8.083 7.649 7.214 6.779 6.387 6.011 5.635 5.407 5.184 4.961 4.738 4.515 4.292 4.069 3.846 3.623 3.4 3.177 2.954 2.731 2.469 2.167 1.865 1.664 1.557 1.451 1.344 1.238 1.131 1.025 0.918 0.812 0.705 0.599 0.492 0.386 0.298 0.264 0.229 0.203 0.291 0.379 0.467 0.487 0.489 0.49 0.492 0.493 0.495 0.496 0.498 0.499 0.501 0.502 0.504 0.505 0.538 0.589 0.641 0.689 0.712 0.736 0.759 0.783 0.806 0.83 0.853 0.877 0.9 0.923 0.947 0.97 0.999 1.053 1.107 1.161 1.258 1.411 1.565 1.718 1.871 2.025 2.178 2.332 2.485 2.639 2.792 2.945 3.099 3.229 3.351 3.472 3.594 3.946 4.378 4.81 5.241 5.673 6.105 6.537 6.969 7.4 7.832 8.264 8.696 9.025
22.981 21.856 20.732 19.608 18.973 18.462 18.064 17.665 17.267 16.869 16.47 16.072 15.673 15.275 14.877 14.478 14.08 13.681 13.283 12.884 12.471 12.036 11.601 11.167 10.732 10.297 9.863 9.428 8.994 8.559 8.124 7.69 7.255 6.82 6.386 6.005 5.629 5.403 5.18 4.957 4.734 4.511 4.288 4.065 3.842 3.619 3.396 3.173 2.95 2.727 2.504 2.227 1.925 1.727 1.62 1.514 1.407 1.301 1.194 1.088 0.981 0.875 0.768 0.662 0.555 0.449 0.342 0.269 0.235 0.21 0.298 0.386 0.419 0.421 0.422 0.424 0.425 0.427 0.428 0.43 0.431 0.433 0.434 0.436 0.438 0.439 0.472 0.524 0.575 0.6 0.623 0.647 0.67 0.693 0.717 0.74 0.764 0.787 0.811 0.834 0.857 0.881 0.91 0.964 1.018 1.1 1.254 1.407 1.56 1.714 1.867 2.021 2.174 2.328 2.481 2.635 2.788 2.941 3.095 3.225 3.346 3.468 3.775 4.207 4.638 5.07 5.502 5.934 6.365 6.797 7.229 7.661 8.093 8.524 8.956 9.279
22.872 21.748 20.623 19.499 18.902 18.504 18.106 17.707 17.309 16.91 16.512 16.113 15.715 15.317 14.918 14.52 14.121 13.723 13.325 12.926 12.512 12.077 11.642 11.208 10.773 10.338 9.904 9.469 9.035 8.6 8.165 7.731 7.296 6.861 6.427 5.999 5.623 5.4 5.177 4.954 4.731 4.508 4.285 4.062 3.839 3.616 3.393 3.17 2.947 2.724 2.501 2.278 1.984 1.79 1.683 1.577 1.47 1.364 1.257 1.151 1.044 0.938 0.831 0.725 0.618 0.512 0.405 0.299 0.24 0.218 0.306 0.351 0.353 0.354 0.356 0.358 0.359 0.361 0.362 0.364 0.365 0.367 0.368 0.37 0.371 0.373 0.407 0.458 0.487 0.51 0.534 0.557 0.581 0.604 0.628 0.651 0.674 0.698 0.721 0.745 0.768 0.792 0.821 0.875 0.943 1.096 1.25 1.403 1.556 1.71 1.863 2.017 2.17 2.324 2.477 2.631 2.784 2.937 3.091 3.22 3.342 3.603 4.035 4.467 4.899 5.331 5.762 6.194 6.626 7.058 7.49 7.921 8.353 8.785 9.217 9.533
22.958 21.818 20.678 19.538 19.058 18.645 18.233 17.821 17.409 16.997 16.585 16.173 15.76 15.358 14.96 14.561 14.163 13.765 13.366 12.968 12.553 12.118 11.683 11.249 10.814 10.38 9.945 9.51 9.076 8.641 8.206 7.772 7.337 6.902 6.468 6.033 5.62 5.397 5.174 4.951 4.728 4.505 4.282 4.059 3.836 3.613 3.39 3.167 2.944 2.721 2.498 2.275 2.044 1.853 1.746 1.64 1.533 1.427 1.32 1.214 1.107 1.001 0.894 0.788 0.681 0.575 0.468 0.362 0.255 0.225 0.284 0.285 0.287 0.288 0.29 0.291 0.293 0.294 0.296 0.297 0.299 0.3 0.302 0.303 0.305 0.306 0.341 0.374 0.398 0.421 0.444 0.468 0.491 0.515 0.538 0.562 0.585 0.608 0.632 0.655 0.679 0.702 0.732 0.786 0.939 1.092 1.246 1.399 1.552 1.706 1.859 2.013 2.166 2.32 2.473 2.626 2.78 2.933 3.087 3.216 3.432 3.864 4.296 4.727 5.159 5.591 6.023 6.455 6.886 7.318 7.75 8.182 8.614 9.045 9.477 9.787
23.849 22.709 21.569 20.429 19.96 19.548 19.135 18.723 18.311 17.899 17.487 17.075 16.663 16.25 15.838 15.426 15.014 14.602 14.19 13.52 12.462 12.03 11.598 11.165 10.733 10.301 9.869 9.436 9.004 8.572 8.14 7.708 7.275 6.843 6.411 5.979 5.706 5.481 5.255 5.03 4.805 4.579 4.354 4.129 3.903 3.678 3.452 3.227 3.002 2.776 2.551 2.326 2.1 2.003 1.892 1.782 1.671 1.56 1.449 1.339 1.228 1.117 1.007 0.896 0.785 0.674 0.564 0.453 0.342 0.227 0.226 0.225 0.224 0.223 0.223 0.225 0.226 0.228 0.23 0.231 0.233 0.234 0.236 0.237 0.239 0.24 0.261 0.285 0.308 0.332 0.355 0.378 0.402 0.425 0.449 0.472 0.496 0.519 0.543 0.566 0.589 0.613 0.644 0.781 0.935 1.088 1.241 1.395 1.548 1.702 1.855 2.009 2.162 2.316 2.469 2.622 2.776 2.929 3.083 3.261 3.693 4.124 4.556 4.988 5.42 5.852 6.283 6.715 7.147 7.579 8.01 8.442 8.874 9.306 9.738 10.041
24.739 23.599 22.459 21.319 20.862 20.45 20.038 19.625 19.213 18.801 18.389 17.977 17.565 17.152 16.74 16.328 15.916 15.504 15.013 13.391 12.353 11.92 11.488 11.056 10.624 10.191 9.759 9.327 8.895 8.463 8.03 7.598 7.166 6.734 6.302 5.988 5.848 5.623 5.397 5.172 4.947 4.721 4.496 4.271 4.045 3.82 3.595 3.369 3.144 2.918 2.693 2.468 2.394 2.322 2.211 2.1 1.99 1.879 1.768 1.658 1.547 1.436 1.325 1.215 1.104 0.993 0.883 0.772 0.646 0.306 0.307 0.306 0.305 0.304 0.303 0.303 0.302 0.301 0.3 0.299 0.298 0.297 0.296 0.295 0.294 0.293 0.257 0.279 0.3 0.322 0.344 0.365 0.387 0.409 0.43 0.452 0.474 0.495 0.517 0.538 0.56 0.582 0.636 0.789 0.942 1.096 1.249 1.402 1.555 1.708 1.861 2.014 2.167 2.32 2.473 2.626 2.779 2.932 3.085 3.402 3.842 4.283 4.724 5.164 5.605 6.045 6.486 6.926 7.367 7.807 8.248 8.689 9.129 9.566 9.998 10.295
25.63 24.49 23.35 22.21 21.764 21.352 20.94 20.527 20.115 19.703 19.291 18.879 18.467 18.055 17.642 17.23 16.818 16.406 14.885 13.263 12.243 11.811 11.379 10.947 10.514 10.082 9.65 9.218 8.785 8.353 7.921 7.489 7.057 6.624 6.267 6.131 5.99 5.765 5.539 5.314 5.089 4.863 4.638 4.413 4.187 3.962 3.737 3.511 3.286 3.06 2.835 2.731 2.715 2.641 2.53 2.419 2.309 2.198 2.087 1.976 1.866 1.755 1.644 1.534 1.423 1.312 1.202 1.091 0.718 0.384 0.386 0.387 0.386 0.385 0.384 0.384 0.383 0.382 0.381 0.38 0.379 0.378 0.377 0.376 0.375 0.374 0.334 0.297 0.319 0.34 0.362 0.383 0.405 0.427 0.448 0.47 0.492 0.513 0.535 0.556 0.578 0.6 0.657 0.81 0.963 1.116 1.269 1.422 1.575 1.728 1.881 2.034 2.187 2.34 2.493 2.646 2.799 2.952 3.102 3.217 3.594 4.034 4.475 4.915 5.356 5.796 6.237 6.678 7.118 7.559 7.999 8.44 8.88 9.321 9.761 10.06
26.52 25.38 24.24 23.1 22.666 22.254 21.842 21.43 21.017 20.605 20.193 19.781 19.369 18.957 18.545 18.132 17.72 16.378 14.756 13.134 12.134 11.702 11.269 10.837 10.405 9.973 9.54 9.108 8.676 8.244 7.812 7.379 6.947 6.546 6.41 6.275 6.132 5.907 5.681 5.456 5.231 5.005 4.78 4.555 4.329 4.104 3.879 3.653 3.428 3.202 3.067 3.051 3.035 2.96 2.849 2.738 2.627 2.517 2.406 2.295 2.185 2.074 1.963 1.853 1.742 1.631 1.52 1.19 0.789 0.462 0.464 0.467 0.467 0.466 0.465 0.464 0.464 0.463 0.462 0.461 0.46 0.459 0.458 0.457 0.456 0.455 0.414 0.358 0.337 0.358 0.38 0.402 0.423 0.445 0.466 0.488 0.51 0.531 0.553 0.575 0.596 0.618 0.677 0.83 0.983 1.136 1.289 1.442 1.595 1.748 1.901 2.054 2.207 2.36 2.513 2.666 2.819 2.97 3.12 3.234 3.345 3.785 4.226 4.666 5.107 5.548 5.988 6.429 6.869 7.31 7.75 8.191 8.631 9.072 9.513 9.805
27.411 26.271 25.131 23.991 23.568 23.156 22.744 22.332 21.92 21.507 21.095 20.683 20.271 19.859 19.447 19.034 17.871 16.249 14.628 13.006 12.024 11.592 11.16 10.728 10.296 9.863 9.431 8.999 8.567 8.134 7.702 7.27 6.838 6.689 6.554 6.418 6.274 6.049 5.823 5.598 5.373 5.147 4.922 4.697 4.471 4.246 4.021 3.795 3.57 3.404 3.388 3.372 3.356 3.278 3.168 3.057 2.946 2.836 2.725 2.614 2.504 2.393 2.282 2.171 2.061 1.95 1.662 1.261 0.86 0.54 0.543 0.545 0.548 0.547 0.546 0.545 0.544 0.544 0.543 0.542 0.541 0.54 0.539 0.538 0.537 0.536 0.494 0.438 0.382 0.376 0.398 0.42 0.441 0.463 0.485 0.506 0.528 0.549 0.571 0.593 0.614 0.636 0.697 0.85 1.003 1.156 1.31 1.463 1.616 1.769 1.922 2.075 2.228 2.381 2.534 2.687 2.838 2.988 3.138 3.251 3.358 3.537 3.977 4.418 4.858 5.299 5.739 6.18 6.62 7.061 7.502 7.942 8.383 8.823 9.264 9.549
28.301 27.161 26.021 24.882 24.47 24.058 23.646 23.234 22.822 22.409 21.997 21.585 21.173 20.761 20.349 19.365 17.743 16.121 14.499 12.877 11.915 11.483 11.051 10.618 10.186 9.754 9.322 8.89 8.457 8.025 7.593 7.161 6.968 6.833 6.697 6.562 6.416 6.191 5.965 5.74 5.515 5.289 5.064 4.839 4.613 4.388 4.163 3.937 3.741 3.724 3.708 3.692 3.676 3.597 3.487 3.376 3.265 3.155 3.044 2.933 2.822 2.712 2.601 2.49 2.38 2.134 1.734 1.333 0.932 0.618 0.621 0.623 0.626 0.628 0.627 0.626 0.625 0.625 0.624 0.623 0.622 0.621 0.62 0.619 0.618 0.617 0.574 0.518 0.462 0.406 0.416 0.438 0.459 0.481 0.503 0.524 0.546 0.568 0.589 0.611 0.632 0.654 0.718 0.871 1.024 1.177 1.33 1.483 1.636 1.789 1.942 2.095 2.248 2.401 2.554 2.706 2.856 3.006 3.155 3.268 3.374 3.481 3.728 4.169 4.609 5.05 5.491 5.931 6.372 6.812 7.253 7.693 8.134 8.574 9.015 9.294
29.192 28.052 26.912 25.784 25.372 24.96 24.548 24.136 23.724 23.312 22.899 22.487 22.075 21.663 20.858 19.236 17.614 15.992 14.371 12.749 11.806 11.373 10.941 10.509 10.077 9.645 9.212 8.78 8.348 7.916 7.483 7.247 7.111 6.976 6.841 6.705 6.558 6.333 6.108 5.882 5.657 5.431 5.206 4.981 4.755 4.53 4.305 4.079 4.061 4.045 4.029 4.013 3.997 3.916 3.806 3.695 3.584 3.473 3.363 3.252 3.141 3.031 2.92 2.809 2.607 2.206 1.805 1.404 1.003 0.696 0.699 0.701 0.704 0.707 0.708 0.707 0.706 0.705 0.705 0.704 0.703 0.702 0.701 0.7 0.699 0.698 0.654 0.598 0.542 0.486 0.434 0.456 0.477 0.499 0.521 0.542 0.564 0.586 0.607 0.629 0.651 0.672 0.738 0.891 1.044 1.197 1.35 1.503 1.656 1.809 1.962 2.115 2.268 2.421 2.574 2.723 2.873 3.023 3.173 3.285 3.391 3.498 3.605 3.92 4.361 4.801 5.242 5.682 6.123 6.563 7.004 7.445 7.885 8.326 8.766 9.039
30.082 28.942 27.802 26.687 26.274 25.862 25.45 25.038 24.626 24.214 23.802 23.389 22.977 22.351 20.729 19.108 17.486 15.864 14.242 12.62 11.696 11.264 10.832 10.4 9.967 9.535 9.103 8.671 8.239 7.806 7.526 7.39 7.255 7.119 6.984 6.849 6.7 6.475 6.25 6.024 5.799 5.573 5.348 5.123 4.897 4.672 4.447 4.398 4.381 4.365 4.349 4.333 4.317 4.235 4.124 4.014 3.903 3.792 3.682 3.571 3.46 3.35 3.239 3.079 2.678 2.277 1.876 1.476 1.075 0.774 0.777 0.78 0.782 0.785 0.787 0.788 0.787 0.786 0.785 0.785 0.784 0.783 0.782 0.781 0.78 0.779 0.734 0.678 0.622 0.566 0.509 0.474 0.496 0.517 0.539 0.56 0.582 0.604 0.625 0.647 0.669 0.69 0.758 0.911 1.064 1.217 1.37 1.524 1.677 1.83 1.983 2.136 2.289 2.441 2.591 2.741 2.891 3.041 3.191 3.302 3.408 3.515 3.622 3.729 4.112 4.552 4.993 5.433 5.874 6.315 6.755 7.196 7.636 8.077 8.517 8.783
30.973 29.833 28.693 27.589 27.176 26.764 26.352 25.94 25.528 25.116 24.704 24.291 23.845 22.223 20.601 18.979 17.357 15.736 14.114 12.492 11.587 11.155 10.722 10.29 9.858 9.426 8.994 8.561 8.129 7.805 7.669 7.534 7.398 7.263 7.127 6.992 6.842 6.617 6.392 6.166 5.941 5.715 5.49 5.265 5.039 4.814 4.734 4.718 4.702 4.686 4.67 4.654 4.638 4.554 4.443 4.333 4.222 4.111 4.001 3.89 3.779 3.668 3.551 3.15 2.75 2.349 1.948 1.547 1.146 0.853 0.855 0.858 0.86 0.863 0.866 0.868 0.868 0.867 0.866 0.866 0.865 0.864 0.863 0.862 0.861 0.86 0.814 0.758 0.702 0.646 0.59 0.533 0.514 0.535 0.557 0.579 0.6 0.622 0.643 0.665 0.687 0.708 0.779 0.932 1.085 1.238 1.391 1.544 1.697 1.85 2.003 2.156 2.309 2.459 2.609 2.759 2.909 3.059 3.208 3.318 3.425 3.532 3.639 3.746 3.863 4.304 4.744 5.185 5.625 6.066 6.506 6.947 7.387 7.828 8.269 8.528
31.864 30.724 29.584 28.491 28.079 27.666 27.254 26.842 26.43 26.018 25.606 25.194 23.716 22.094 20.472 18.851 17.229 15.607 13.985 12.363 11.477 11.045 10.613 10.181 9.749 9.316 8.884 8.452 8.084 7.948 7.813 7.677 7.542 7.406 7.271 7.136 6.984 6.759 6.534 6.308 6.083 5.857 5.632 5.407 5.181 5.071 5.054 5.038 5.022 5.006 4.99 4.974 4.958 4.873 4.762 4.652 4.541 4.43 4.319 4.209 4.098 3.987 3.623 3.222 2.821 2.42 2.019 1.619 1.218 0.931 0.933 0.936 0.938 0.941 0.944 0.946 0.949 0.948 0.947 0.946 0.946 0.945 0.944 0.943 0.942 0.941 0.894 0.838 0.782 0.726 0.67 0.613 0.557 0.553 0.575 0.597 0.618 0.64 0.662 0.683 0.705 0.726 0.799 0.952 1.105 1.258 1.411 1.564 1.717 1.87 2.023 2.176 2.327 2.477 2.626 2.776 2.926 3.076 3.226 3.335 3.442 3.549 3.656 3.763 3.87 4.055 4.495 4.936 5.376 5.817 6.258 6.698 7.139 7.579 8.02 8.273
32.754 31.614 30.474 29.393 28.981 28.569 28.156 27.744 27.332 26.92 26.508 25.209 23.588 21.966 20.344 18.722 17.1 15.479 13.857 12.235 11.368 10.936 10.504 10.071 9.639 9.207 8.775 8.363 8.227 8.092 7.956 7.821 7.685 7.55 7.414 7.279 7.126 6.901 6.676 6.45 6.225 5.999 5.774 5.549 5.407 5.391 5.375 5.359 5.343 5.327 5.311 5.295 5.278 5.192 5.081 4.97 4.86 4.749 4.638 4.528 4.417 4.095 3.694 3.293 2.892 2.492 2.091 1.69 1.289 1.009 1.011 1.014 1.017 1.019 1.022 1.024 1.027 1.029 1.028 1.027 1.026 1.026 1.025 1.024 1.023 1.022 0.974 0.918 0.862 0.806 0.75 0.693 0.637 0.581 0.593 0.615 0.636 0.658 0.68 0.701 0.723 0.745 0.819 0.972 1.125 1.278 1.431 1.585 1.738 1.891 2.044 2.194 2.344 2.494 2.644 2.794 2.944 3.094 3.244 3.352 3.459 3.566 3.673 3.78 3.886 3.993 4.247 4.687 5.128 5.568 6.009 6.449 6.89 7.33 7.771 8.017
33.645 32.505 31.365 30.295 29.883 29.471 29.059 28.646 28.234 27.822 26.703 25.081 23.459 21.837 20.216 18.594 16.972 15.35 13.728 12.106 11.259 10.826 10.394 9.962 9.53 9.098 8.665 8.506 8.371 8.235 8.1 7.964 7.829 7.693 7.558 7.422 7.268 7.043 6.818 6.592 6.367 6.141 5.916 5.744 5.728 5.711 5.695 5.679 5.663 5.647 5.631 5.615 5.599 5.511 5.4 5.289 5.179 5.068 4.957 4.847 4.567 4.166 3.766 3.365 2.964 2.563 2.162 1.761 1.361 1.087 1.09 1.092 1.095 1.097 1.1 1.103 1.105 1.108 1.109 1.108 1.107 1.107 1.106 1.105 1.104 1.103 1.054 0.998 0.942 0.886 0.83 0.774 0.717 0.661 0.611 0.633 0.655 0.676 0.698 0.719 0.741 0.763 0.84 0.993 1.146 1.299 1.452 1.605 1.758 1.911 2.062 2.212 2.362 2.512 2.662 2.812 2.962 3.112 3.261 3.369 3.476 3.583 3.69 3.797 3.903 4.01 4.117 4.438 4.879 5.319 5.76 6.2 6.641 7.082 7.522 7.762
34.535 33.395 32.255 31.197 30.785 30.373 29.961 29.548 29.136 28.196 26.574 24.953 23.331 21.709 20.087 18.465 16.843 15.222 13.6 11.978 11.149 10.717 10.285 9.853 9.42 8.988 8.785 8.65 8.514 8.379 8.243 8.108 7.972 7.837 7.701 7.566 7.41 7.185 6.96 6.734 6.509 6.283 6.08 6.064 6.048 6.032 6.016 6.0 5.984 5.968 5.952 5.935 5.919 5.83 5.719 5.608 5.498 5.387 5.276 5.04 4.639 4.238 3.837 3.436 3.035 2.635 2.234 1.833 1.432 1.165 1.168 1.17 1.173 1.176 1.178 1.181 1.183 1.186 1.189 1.189 1.188 1.187 1.187 1.186 1.185 1.184 1.134 1.078 1.022 0.966 0.91 0.854 0.797 0.741 0.685 0.651 0.673 0.694 0.716 0.737 0.759 0.781 0.86 1.013 1.166 1.319 1.472 1.625 1.778 1.93 2.08 2.23 2.38 2.53 2.679 2.829 2.979 3.129 3.279 3.386 3.493 3.6 3.707 3.813 3.92 4.027 4.134 4.241 4.63 5.071 5.511 5.952 6.392 6.833 7.273 7.507
35.426 34.286 33.146 32.099 31.687 31.275 30.863 30.451 29.689 28.068 26.446 24.824 23.202 21.58 19.959 18.337 16.715 15.093 13.471 11.849 11.04 10.608 10.175 9.743 9.311 9.064 8.928 8.793 8.658 8.522 8.387 8.251 8.116 7.98 7.845 7.709 7.552 7.327 7.102 6.876 6.651 6.425 6.401 6.385 6.368 6.352 6.336 6.32 6.304 6.288 6.272 6.256 6.24 6.149 6.038 5.927 5.816 5.706 5.512 5.111 4.71 4.309 3.909 3.508 3.107 2.706 2.305 1.904 1.504 1.243 1.246 1.248 1.251 1.254 1.256 1.259 1.261 1.264 1.267 1.269 1.269 1.268 1.267 1.267 1.266 1.265 1.214 1.158 1.102 1.046 0.99 0.934 0.877 0.821 0.765 0.709 0.691 0.712 0.734 0.756 0.777 0.799 0.88 1.033 1.186 1.339 1.492 1.645 1.798 1.948 2.098 2.247 2.397 2.547 2.697 2.847 2.997 3.147 3.296 3.403 3.51 3.617 3.724 3.83 3.937 4.044 4.151 4.258 4.381 4.822 5.262 5.703 6.143 6.584 7.025 7.251
36.316 35.176 34.036 33.001 32.589 32.177 31.765 31.183 29.561 27.939 26.317 24.696 23.074 21.452 19.83 18.208 16.586 14.965 13.343 11.721 10.93 10.498 10.066 9.634 9.343 9.207 9.072 8.936 8.801 8.666 8.53 8.395 8.259 8.124 7.988 7.853 7.694 7.469 7.244 7.018 6.793 6.737 6.721 6.705 6.689 6.673 6.657 6.641 6.625 6.608 6.592 6.576 6.56 6.467 6.357 6.246 6.135 5.984 5.583 5.182 4.782 4.381 3.98 3.579 3.178 2.777 2.377 1.976 1.575 1.321 1.324 1.327 1.329 1.332 1.334 1.337 1.34 1.342 1.345 1.347 1.35 1.349 1.348 1.348 1.347 1.346 1.294 1.238 1.182 1.126 1.07 1.014 0.958 0.901 0.845 0.789 0.733 0.73 0.752 0.774 0.795 0.817 0.901 1.054 1.207 1.36 1.513 1.665 1.815 1.965 2.115 2.265 2.415 2.565 2.715 2.865 3.015 3.165 3.313 3.42 3.527 3.634 3.74 3.847 3.954 4.061 4.168 4.275 4.382 4.573 5.014 5.454 5.895 6.335 6.776 6.996
37.207 36.067 34.927 33.903 33.491 33.079 32.667 31.054 29.433 27.811 26.189 24.567 22.945 21.323 19.702 18.08 16.458 14.836 13.214 11.593 10.821 10.389 9.957 9.622 9.486 9.351 9.215 9.08 8.944 8.809 8.674 8.538 8.403 8.267 8.132 7.996 7.836 7.611 7.386 7.16 7.074 7.058 7.041 7.025 7.009 6.993 6.977 6.961 6.945 6.929 6.913 6.897 6.881 6.786 6.676 6.565 6.454 6.056 5.655 5.254 4.853 4.452 4.051 3.651 3.25 2.849 2.448 2.047 1.646 1.4 1.402 1.405 1.407 1.41 1.413 1.415 1.418 1.42 1.423 1.426 1.428 1.43 1.429 1.428 1.428 1.427 1.374 1.318 1.262 1.206 1.15 1.094 1.038 0.981 0.925 0.869 0.813 0.757 0.77 0.792 0.813 0.835 0.921 1.074 1.227 1.38 1.533 1.683 1.833 1.983 2.133 2.283 2.433 2.583 2.732 2.882 3.032 3.182 3.33 3.437 3.544 3.651 3.757 3.864 3.971 4.078 4.185 4.292 4.398 4.505 4.765 5.205 5.646 6.086 6.527 6.741
37.313 36.957 35.817 34.805 34.393 33.981 32.548 30.926 29.304 27.682 26.06 24.439 22.817 21.195 19.573 17.951 16.329 14.708 13.086 11.464 10.712 10.279 9.901 9.765 9.63 9.494 9.359 9.223 9.088 8.953 8.817 8.682 8.546 8.411 8.275 8.14 7.978 7.753 7.528 7.41 7.394 7.378 7.362 7.346 7.33 7.314 7.298 7.282 7.265 7.249 7.233 7.217 7.201 7.105 6.995 6.884 6.528 6.127 5.726 5.325 4.925 4.524 4.123 3.722 3.321 2.92 2.52 2.119 1.718 1.478 1.48 1.483 1.485 1.488 1.491 1.493 1.496 1.498 1.501 1.504 1.506 1.509 1.51 1.509 1.508 1.508 1.454 1.398 1.342 1.286 1.23 1.174 1.118 1.061 1.005 0.949 0.893 0.837 0.788 0.81 0.832 0.853 0.941 1.094 1.247 1.4 1.551 1.701 1.851 2.001 2.15 2.3 2.45 2.6 2.75 2.9 3.05 3.2 3.347 3.454 3.561 3.667 3.774 3.881 3.988 4.095 4.202 4.309 4.415 4.522 4.629 4.956 5.397 5.838 6.278 6.485
37.07 37.349 36.708 35.708 35.295 34.041 32.419 30.797 29.176 27.554 25.932 24.31 22.688 21.066 19.445 17.823 16.201 14.579 12.957 11.336 10.602 10.18 10.044 9.909 9.773 9.638 9.502 9.367 9.231 9.096 8.961 8.825 8.69 8.554 8.419 8.283 8.12 7.895 7.747 7.731 7.715 7.698 7.682 7.666 7.65 7.634 7.618 7.602 7.586 7.57 7.554 7.538 7.522 7.424 7.313 7.0 6.599 6.198 5.798 5.397 4.996 4.595 4.194 3.793 3.393 2.992 2.591 2.19 1.789 1.556 1.558 1.561 1.564 1.566 1.569 1.571 1.574 1.577 1.579 1.582 1.584 1.587 1.59 1.59 1.589 1.589 1.534 1.478 1.422 1.366 1.31 1.254 1.198 1.142 1.085 1.029 0.973 0.917 0.861 0.828 0.85 0.871 0.962 1.115 1.268 1.419 1.569 1.718 1.868 2.018 2.168 2.318 2.468 2.618 2.768 2.918 3.068 3.217 3.364 3.471 3.578 3.684 3.791 3.898 4.005 4.112 4.219 4.325 4.432 4.539 4.646 4.753 5.148 5.589 6.029 6.23
36.827 37.106 37.386 36.61 35.534 33.913 32.291 30.669 29.047 27.425 25.803 24.182 22.56 20.938 19.316 17.694 16.073 14.451 12.829 11.207 10.493 10.323 10.188 10.052 9.917 9.781 9.646 9.51 9.375 9.239 9.104 8.969 8.833 8.698 8.562 8.427 8.262 8.083 8.067 8.051 8.035 8.019 8.003 7.987 7.971 7.955 7.939 7.922 7.906 7.89 7.874 7.858 7.842 7.743 7.472 7.072 6.671 6.27 5.869 5.468 5.067 4.667 4.266 3.865 3.464 3.063 2.662 2.262 1.861 1.634 1.637 1.639 1.642 1.644 1.647 1.65 1.652 1.655 1.657 1.66 1.663 1.665 1.668 1.67 1.67 1.669 1.614 1.558 1.502 1.446 1.39 1.334 1.278 1.222 1.165 1.109 1.053 0.997 0.941 0.885 0.868 0.889 0.982 1.135 1.286 1.436 1.586 1.736 1.886 2.036 2.186 2.336 2.486 2.636 2.785 2.935 3.085 3.235 3.381 3.488 3.594 3.701 3.808 3.915 4.022 4.129 4.236 4.342 4.449 4.556 4.663 4.77 4.899 5.34 5.781 5.975
36.657 36.932 37.207 37.219 35.583 33.946 32.31 30.673 29.037 27.4 25.764 24.127 22.49 20.854 19.217 17.581 15.944 14.322 12.7 11.079 10.602 10.467 10.331 10.196 10.06 9.925 9.789 9.654 9.518 9.383 9.247 9.112 8.977 8.841 8.706 8.57 8.42 8.404 8.388 8.371 8.355 8.339 8.323 8.307 8.291 8.275 8.259 8.243 8.227 8.211 8.195 8.179 8.163 7.945 7.544 7.143 6.742 6.341 5.941 5.54 5.139 4.738 4.337 3.936 3.536 3.135 2.734 2.333 1.932 1.712 1.715 1.717 1.72 1.723 1.725 1.728 1.73 1.733 1.736 1.738 1.741 1.743 1.746 1.748 1.751 1.75 1.694 1.638 1.582 1.526 1.47 1.414 1.358 1.302 1.245 1.189 1.133 1.077 1.021 0.965 0.909 0.907 1.002 1.154 1.304 1.454 1.604 1.754 1.904 2.054 2.203 2.353 2.503 2.653 2.803 2.953 3.103 3.253 3.398 3.505 3.611 3.718 3.825 3.932 4.039 4.146 4.252 4.359 4.466 4.573 4.68 4.787 4.893 5.091 5.532 5.719
36.701 36.976 37.192 37.12 36.376 34.739 33.103 31.466 29.83 28.193 26.557 24.92 23.284 21.647 20.011 18.374 16.738 15.101 13.465 11.828 11.025 10.884 10.744 10.604 10.464 10.323 10.183 10.043 9.903 9.762 9.622 9.482 9.342 9.201 9.061 8.921 8.572 8.418 8.41 8.401 8.392 8.384 8.375 8.367 8.358 8.35 8.341 8.333 8.324 8.316 8.307 8.299 8.29 7.928 7.531 7.134 6.737 6.339 5.942 5.545 5.148 4.75 4.353 3.956 3.559 3.162 2.764 2.367 1.97 1.789 1.792 1.794 1.797 1.8 1.803 1.805 1.808 1.811 1.814 1.816 1.819 1.821 1.824 1.827 1.829 1.83 1.774 1.718 1.662 1.606 1.55 1.494 1.438 1.382 1.326 1.269 1.213 1.157 1.101 1.045 0.989 0.933 1.022 1.172 1.322 1.472 1.622 1.771 1.921 2.071 2.221 2.371 2.521 2.671 2.821 2.971 3.121 3.27 3.415 3.522 3.628 3.735 3.842 3.949 4.056 4.163 4.269 4.376 4.483 4.59 4.697 4.804 4.91 5.017 5.283 5.464
36.745 36.996 37.039 36.959 36.518 35.533 33.896 32.26 30.623 28.987 27.35 25.713 24.077 22.44 20.804 19.167 17.531 15.894 14.258 12.621 11.824 11.326 11.186 11.046 10.905 10.765 10.625 10.485 10.344 10.204 10.064 9.923 9.783 9.643 9.503 9.362 9.004 8.276 8.268 8.259 8.25 8.242 8.233 8.225 8.216 8.208 8.199 8.191 8.182 8.174 8.165 8.157 8.148 7.78 7.383 6.985 6.588 6.191 5.794 5.396 4.999 4.602 4.205 3.808 3.41 3.013 2.616 2.219 1.932 1.857 1.86 1.863 1.865 1.868 1.871 1.874 1.876 1.879 1.882 1.885 1.887 1.89 1.893 1.896 1.898 1.919 1.949 1.891 1.833 1.775 1.717 1.659 1.601 1.543 1.485 1.427 1.369 1.311 1.253 1.195 1.137 1.079 1.066 1.215 1.364 1.513 1.663 1.812 1.961 2.11 2.259 2.408 2.557 2.706 2.856 3.005 3.154 3.303 3.446 3.552 3.658 3.764 3.87 3.976 4.082 4.188 4.294 4.4 4.506 4.612 4.718 4.824 4.93 5.037 5.143 5.194
36.789 36.843 36.887 36.799 36.357 35.916 34.689 33.053 31.416 29.78 28.143 26.507 24.87 23.234 21.597 19.961 18.324 16.688 15.051 13.414 12.634 12.032 11.628 11.487 11.347 11.207 11.067 10.926 10.786 10.646 10.505 10.365 10.225 10.085 9.944 9.804 9.436 8.708 8.125 8.117 8.108 8.1 8.091 8.083 8.074 8.066 8.057 8.049 8.04 8.032 8.023 8.015 8.006 7.631 7.234 6.837 6.44 6.042 5.645 5.248 4.851 4.454 4.056 3.659 3.262 2.865 2.468 2.143 1.997 1.925 1.928 1.931 1.933 1.936 1.939 1.942 1.944 1.947 1.95 1.953 1.955 1.958 1.961 1.964 1.979 2.005 2.078 2.082 2.024 1.966 1.908 1.85 1.792 1.734 1.676 1.618 1.56 1.502 1.444 1.386 1.328 1.27 1.24 1.278 1.427 1.576 1.726 1.875 2.024 2.173 2.322 2.471 2.62 2.769 2.919 3.068 3.217 3.366 3.508 3.614 3.72 3.826 3.932 4.038 4.144 4.25 4.356 4.462 4.569 4.675 4.781 4.887 4.993 5.099 5.134 5.164
36.646 36.69 36.734 36.638 36.197 35.755 35.314 33.846 32.21 30.573 28.936 27.3 25.663 24.027 22.39 20.754 19.117 17.481 15.844 14.208 13.444 12.842 12.24 11.929 11.789 11.648 11.508 11.368 11.228 11.087 10.947 10.807 10.667 10.526 10.386 10.246 9.869 9.14 8.412 7.975 7.966 7.958 7.949 7.941 7.932 7.924 7.915 7.907 7.898 7.89 7.881 7.873 7.864 7.483 7.086 6.688 6.291 5.894 5.497 5.1 4.702 4.305 3.908 3.511 3.114 2.716 2.355 2.209 2.063 1.993 1.996 1.999 2.001 2.004 2.007 2.01 2.012 2.015 2.018 2.021 2.024 2.026 2.029 2.041 2.065 2.092 2.165 2.238 2.215 2.157 2.099 2.041 1.983 1.925 1.867 1.809 1.751 1.693 1.635 1.577 1.519 1.461 1.432 1.419 1.49 1.639 1.789 1.938 2.087 2.236 2.385 2.534 2.683 2.832 2.982 3.131 3.28 3.429 3.57 3.676 3.782 3.888 3.994 4.1 4.207 4.313 4.419 4.525 4.631 4.737 4.843 4.949 5.055 5.108 5.091 5.123
36.493 36.537 36.581 36.477 36.036 35.595 35.153 34.639 33.003 31.366 29.73 28.093 26.457 24.82 23.184 21.547 19.911 18.274 16.637 15.001 14.254 13.652 13.05 12.448 12.23 12.09 11.95 11.81 11.669 11.529 11.389 11.249 11.108 10.968 10.828 10.687 10.301 9.572 8.844 8.115 7.824 7.816 7.807 7.799 7.79 7.782 7.773 7.765 7.756 7.748 7.739 7.731 7.722 7.334 6.937 6.54 6.143 5.746 5.348 4.951 4.554 4.157 3.76 3.362 2.965 2.568 2.421 2.275 2.128 2.061 2.064 2.067 2.069 2.072 2.075 2.078 2.081 2.083 2.086 2.089 2.092 2.094 2.104 2.127 2.15 2.178 2.251 2.325 2.398 2.348 2.29 2.232 2.174 2.116 2.058 2.0 1.942 1.884 1.826 1.768 1.71 1.652 1.624 1.611 1.598 1.702 1.852 2.001 2.15 2.299 2.448 2.597 2.746 2.895 3.045 3.194 3.343 3.492 3.632 3.739 3.845 3.951 4.057 4.163 4.269 4.375 4.481 4.587 4.693 4.799 4.905 5.011 5.082 5.066 5.049 5.082
36.34 36.384 36.428 36.317 35.875 35.434 34.993 34.551 33.796 32.159 30.523 28.886 27.25 25.613 23.977 22.34 20.704 19.067 17.431 15.794 15.063 14.462 13.86 13.258 12.672 12.532 12.392 12.251 12.111 11.971 11.831 11.69 11.55 11.41 11.269 11.129 10.733 10.004 9.276 8.548 7.819 7.674 7.665 7.657 7.648 7.64 7.631 7.623 7.614 7.606 7.597 7.589 7.58 7.186 6.789 6.392 5.994 5.597 5.2 4.803 4.406 4.008 3.611 3.214 2.817 2.633 2.486 2.34 2.194 2.129 2.132 2.135 2.138 2.14 2.143 2.146 2.149 2.151 2.154 2.157 2.16 2.166 2.189 2.213 2.236 2.265 2.338 2.411 2.484 2.539 2.481 2.423 2.365 2.307 2.249 2.191 2.133 2.075 2.017 1.959 1.901 1.843 1.815 1.803 1.79 1.778 1.915 2.064 2.213 2.362 2.511 2.66 2.809 2.958 3.108 3.257 3.406 3.555 3.695 3.801 3.907 4.013 4.119 4.225 4.331 4.437 4.543 4.649 4.755 4.861 4.967 5.056 5.04 5.023 5.007 5.041
36.187 36.231 36.275 36.156 35.715 35.273 34.832 34.391 33.949 32.953 31.316 29.68 28.043 26.407 24.77 23.134 21.497 19.86 18.224 16.587 15.873 15.271 14.67 14.068 13.466 12.974 12.833 12.693 12.553 12.412 12.272 12.132 11.992 11.851 11.711 11.571 11.165 10.437 9.708 8.98 8.251 7.532 7.523 7.515 7.506 7.498 7.489 7.481 7.472 7.464 7.455 7.446 7.435 7.038 6.64 6.243 5.846 5.449 5.052 4.654 4.257 3.86 3.463 3.066 2.844 2.698 2.552 2.406 2.26 2.197 2.2 2.203 2.206 2.208 2.211 2.214 2.217 2.219 2.222 2.225 2.228 2.252 2.275 2.298 2.322 2.351 2.424 2.498 2.571 2.644 2.672 2.614 2.556 2.498 2.44 2.382 2.324 2.266 2.208 2.15 2.092 2.034 2.007 1.995 1.982 1.969 1.978 2.127 2.276 2.425 2.574 2.723 2.872 3.021 3.171 3.32 3.469 3.618 3.757 3.863 3.969 4.075 4.181 4.287 4.393 4.499 4.605 4.712 4.818 4.924 5.03 5.014 4.997 4.981 4.965 5.0
36.034 36.078 36.122 35.995 35.554 35.113 34.671 34.23 33.789 33.347 32.109 30.473 28.836 27.2 25.563 23.927 22.29 20.654 19.017 17.381 16.683 16.081 15.479 14.878 14.276 13.674 13.275 13.135 12.994 12.854 12.714 12.574 12.433 12.293 12.153 12.013 11.597 10.869 10.14 9.412 8.683 7.955 7.381 7.373 7.364 7.356 7.347 7.339 7.33 7.322 7.313 7.304 7.286 6.889 6.492 6.095 5.698 5.3 4.903 4.506 4.109 3.712 3.314 3.056 2.91 2.764 2.618 2.471 2.325 2.265 2.268 2.271 2.274 2.276 2.279 2.282 2.285 2.288 2.29 2.293 2.314 2.337 2.361 2.384 2.407 2.438 2.511 2.584 2.657 2.731 2.804 2.805 2.747 2.689 2.631 2.573 2.515 2.457 2.399 2.341 2.283 2.225 2.199 2.186 2.174 2.161 2.149 2.19 2.339 2.488 2.637 2.786 2.935 3.084 3.234 3.383 3.532 3.681 3.819 3.925 4.031 4.137 4.244 4.35 4.456 4.562 4.668 4.774 4.88 4.986 4.988 4.972 4.955 4.939 4.923 4.959
35.881 35.925 35.969 35.835 35.393 34.952 34.511 34.069 33.628 33.187 32.745 31.266 29.63 27.993 26.357 24.72 23.084 21.447 19.81 18.174 17.493 16.891 16.289 15.688 15.086 14.484 13.882 13.576 13.436 13.296 13.156 13.015 12.875 12.735 12.595 12.454 12.029 11.301 10.572 9.844 9.116 8.387 7.659 7.231 7.222 7.214 7.205 7.197 7.188 7.179 7.171 7.162 7.138 6.741 6.344 5.946 5.549 5.152 4.755 4.358 3.96 3.563 3.268 3.122 2.976 2.829 2.683 2.537 2.391 2.334 2.336 2.339 2.342 2.345 2.347 2.35 2.353 2.356 2.358 2.376 2.4 2.423 2.446 2.47 2.493 2.524 2.597 2.67 2.744 2.817 2.89 2.964 2.938 2.88 2.822 2.764 2.706 2.648 2.59 2.532 2.474 2.416 2.391 2.378 2.366 2.353 2.34 2.328 2.402 2.551 2.7 2.849 2.998 3.148 3.297 3.446 3.595 3.744 3.882 3.988 4.094 4.2 4.306 4.412 4.518 4.624 4.73 4.836 4.942 4.962 4.946 4.929 4.913 4.897 4.881 4.918
35.728 35.772 35.816 35.674 35.233 34.791 34.35 33.909 33.467 33.026 32.585 32.059 30.423 28.786 27.15 25.513 23.877 22.24 20.604 18.967 18.303 17.701 17.099 16.497 15.896 15.294 14.692 14.09 13.878 13.738 13.597 13.457 13.317 13.176 13.036 12.896 12.461 11.733 11.005 10.276 9.548 8.819 8.091 7.362 7.08 7.072 7.063 7.055 7.046 7.037 7.029 7.02 6.99 6.592 6.195 5.798 5.401 5.004 4.606 4.209 3.812 3.48 3.334 3.187 3.041 2.895 2.749 2.603 2.456 2.402 2.404 2.407 2.41 2.413 2.415 2.418 2.421 2.424 2.439 2.462 2.485 2.509 2.532 2.555 2.579 2.61 2.684 2.757 2.83 2.903 2.977 3.05 3.123 3.071 3.013 2.955 2.897 2.839 2.781 2.723 2.665 2.607 2.582 2.57 2.557 2.545 2.532 2.52 2.507 2.614 2.763 2.912 3.061 3.211 3.36 3.509 3.658 3.807 3.944 4.05 4.156 4.262 4.368 4.474 4.58 4.686 4.792 4.898 4.936 4.92 4.903 4.887 4.871 4.855 4.839 4.877
35.575 35.619 35.663 35.514 35.072 34.631 34.189 33.748 33.307 32.865 32.424 31.983 31.216 29.58 27.943 26.307 24.67 23.033 21.397 19.76 19.113 18.511 17.909 17.307 16.705 16.104 15.502 14.9 14.32 14.179 14.039 13.899 13.758 13.618 13.478 13.338 12.894 12.165 11.437 10.708 9.98 9.251 8.523 7.794 7.066 6.93 6.921 6.912 6.904 6.895 6.887 6.878 6.841 6.444 6.047 5.65 5.252 4.855 4.458 4.061 3.692 3.546 3.399 3.253 3.107 2.961 2.814 2.668 2.522 2.47 2.472 2.475 2.478 2.481 2.483 2.486 2.489 2.501 2.524 2.548 2.571 2.594 2.618 2.641 2.664 2.697 2.77 2.843 2.917 2.99 3.063 3.136 3.21 3.262 3.204 3.146 3.088 3.03 2.972 2.914 2.856 2.798 2.774 2.762 2.749 2.736 2.724 2.711 2.699 2.686 2.826 2.975 3.124 3.274 3.423 3.572 3.721 3.87 4.006 4.112 4.218 4.324 4.43 4.536 4.642 4.749 4.855 4.91 4.894 4.878 4.861 4.845 4.829 4.813 4.796 4.836
35.422 35.466 35.51 35.353 34.911 34.47 34.029 33.587 33.146 32.705 32.263 31.822 31.381 30.373 28.736 27.1 25.463 23.827 22.19 20.554 19.923 19.321 18.719 18.117 17.515 16.913 16.312 15.71 15.108 14.621 14.481 14.34 14.2 14.06 13.92 13.779 13.326 12.597 11.869 11.14 10.412 9.684 8.955 8.227 7.498 6.788 6.779 6.77 6.762 6.753 6.745 6.736 6.693 6.296 5.898 5.501 5.104 4.707 4.31 3.912 3.757 3.611 3.465 3.319 3.172 3.026 2.88 2.734 2.588 2.538 2.54 2.543 2.546 2.549 2.552 2.554 2.563 2.586 2.61 2.633 2.656 2.68 2.703 2.726 2.75 2.783 2.857 2.93 3.003 3.076 3.15 3.223 3.296 3.369 3.395 3.337 3.279 3.221 3.163 3.105 3.047 2.989 2.966 2.953 2.941 2.928 2.916 2.903 2.891 2.878 2.889 3.038 3.187 3.337 3.486 3.635 3.784 3.933 4.068 4.174 4.28 4.387 4.493 4.599 4.705 4.811 4.884 4.868 4.852 4.835 4.819 4.803 4.787 4.77 4.754 4.795
35.27 35.313 35.357 35.192 34.751 34.309 33.868 33.427 32.985 32.544 32.103 31.661 31.22 30.779 29.53 27.893 26.256 24.62 22.983 21.347 20.732 20.131 19.529 18.927 18.325 17.723 17.121 16.52 15.918 15.316 14.922 14.782 14.642 14.502 14.361 14.221 13.758 13.029 12.301 11.573 10.844 10.116 9.387 8.659 7.93 7.202 6.637 6.628 6.62 6.611 6.603 6.594 6.544 6.147 5.75 5.353 4.956 4.558 4.161 3.969 3.823 3.677 3.531 3.384 3.238 3.092 2.946 2.799 2.653 2.606 2.609 2.611 2.614 2.617 2.62 2.625 2.649 2.672 2.695 2.719 2.742 2.765 2.789 2.812 2.835 2.87 2.943 3.016 3.09 3.163 3.236 3.309 3.383 3.456 3.529 3.528 3.47 3.412 3.354 3.296 3.238 3.18 3.158 3.145 3.133 3.12 3.107 3.095 3.082 3.07 3.057 3.101 3.25 3.4 3.549 3.698 3.847 3.996 4.131 4.237 4.343 4.449 4.555 4.661 4.767 4.858 4.842 4.826 4.809 4.793 4.777 4.761 4.745 4.728 4.712 4.754
35.117 35.16 35.204 35.032 34.59 34.149 33.707 33.266 32.825 32.383 31.942 31.501 31.059 30.618 30.176 28.686 27.05 25.413 23.777 22.144 21.542 20.94 20.339 19.737 19.135 18.533 17.931 17.33 16.728 16.126 15.524 15.224 15.084 14.943 14.803 14.663 14.19 13.462 12.733 12.005 11.276 10.548 9.819 9.091 8.362 7.634 6.906 6.486 6.478 6.469 6.461 6.452 6.396 5.999 5.602 5.204 4.807 4.41 4.181 4.035 3.889 3.742 3.596 3.45 3.304 3.157 3.011 2.865 2.719 2.674 2.677 2.679 2.682 2.685 2.688 2.711 2.734 2.758 2.781 2.804 2.828 2.851 2.874 2.898 2.921 2.956 3.03 3.103 3.176 3.249 3.323 3.396 3.469 3.542 3.616 3.689 3.661 3.603 3.545 3.487 3.429 3.371 3.35 3.337 3.324 3.312 3.299 3.287 3.274 3.261 3.249 3.236 3.313 3.463 3.612 3.761 3.91 4.059 4.193 4.299 4.405 4.511 4.617 4.723 4.829 4.816 4.8 4.784 4.767 4.751 4.735 4.719 4.702 4.686 4.67 4.713
34.964 35.007 35.051 34.871 34.43 33.988 33.547 33.105 32.664 32.223 31.781 31.34 30.899 30.457 30.016 29.479 27.843 26.206 24.57 22.954 22.352 21.75 21.148 20.547 19.945 19.343 18.741 18.139 17.538 16.936 16.334 15.732 15.525 15.385 15.245 15.104 14.622 13.894 13.165 12.437 11.708 10.98 10.251 9.523 8.795 8.066 7.338 6.609 6.336 6.327 6.319 6.31 6.248 5.85 5.453 5.056 4.659 4.393 4.247 4.1 3.954 3.808 3.662 3.515 3.369 3.223 3.077 2.931 2.784 2.742 2.745 2.747 2.75 2.753 2.773 2.797 2.82 2.843 2.867 2.89 2.913 2.937 2.96 2.983 3.007 3.043 3.116 3.189 3.263 3.336 3.409 3.482 3.556 3.629 3.702 3.775 3.849 3.794 3.736 3.678 3.62 3.562 3.541 3.529 3.516 3.504 3.491 3.478 3.466 3.453 3.441 3.428 3.415 3.526 3.675 3.824 3.973 4.122 4.255 4.361 4.467 4.573 4.679 4.785 4.79 4.774 4.758 4.741 4.725 4.709 4.693 4.676 4.66 4.644 4.628 4.672
34.811 34.854 34.898 34.71 34.269 33.828 33.386 32.945 32.503 32.062 31.621 31.179 30.738 30.297 29.855 29.414 28.636 27.0 25.363 23.764 23.162 22.56 21.958 21.356 20.755 20.153 19.551 18.949 18.347 17.746 17.144 16.542 15.967 15.827 15.686 15.546 15.054 14.326 13.597 12.869 12.141 11.412 10.684 9.955 9.227 8.498 7.77 7.041 6.313 6.185 6.177 6.168 6.099 5.702 5.305 4.908 4.605 4.458 4.312 4.166 4.02 3.874 3.727 3.581 3.435 3.289 3.142 2.996 2.85 2.81 2.813 2.816 2.818 2.836 2.859 2.882 2.906 2.929 2.952 2.976 2.999 3.022 3.046 3.069 3.092 3.129 3.202 3.276 3.349 3.422 3.495 3.569 3.642 3.715 3.789 3.862 3.935 3.985 3.927 3.869 3.811 3.753 3.733 3.72 3.708 3.695 3.683 3.67 3.658 3.645 3.632 3.62 3.607 3.595 3.738 3.887 4.036 4.185 4.317 4.424 4.53 4.636 4.742 4.764 4.748 4.732 4.715 4.699 4.683 4.667 4.651 4.634 4.618 4.602 4.586 4.631
34.658 34.701 34.745 34.55 34.108 33.667 33.225 32.784 32.343 31.901 31.46 31.019 30.577 30.136 29.695 29.253 28.812 27.793 26.156 24.574 23.972 23.37 22.768 22.166 21.565 20.963 20.361 19.759 19.157 18.555 17.954 17.352 16.75 16.268 16.128 15.988 15.486 14.758 14.03 13.301 12.573 11.844 11.116 10.387 9.659 8.93 8.202 7.473 6.745 6.043 6.035 6.026 5.951 5.554 5.156 4.817 4.67 4.524 4.378 4.232 4.085 3.939 3.793 3.647 3.5 3.354 3.208 3.062 2.916 2.878 2.881 2.884 2.898 2.921 2.945 2.968 2.991 3.015 3.038 3.061 3.085 3.108 3.131 3.155 3.178 3.216 3.289 3.362 3.435 3.509 3.582 3.655 3.728 3.802 3.875 3.948 4.021 4.095 4.118 4.06 4.002 3.944 3.925 3.912 3.9 3.887 3.875 3.862 3.849 3.837 3.824 3.812 3.799 3.786 3.801 3.95 4.099 4.248 4.38 4.486 4.592 4.698 4.738 4.722 4.706 4.69 4.673 4.657 4.641 4.625 4.608 4.592 4.576 4.56 4.543 4.59
34.505 34.548 34.592 34.389 33.948 33.506 33.065 32.623 32.182 31.741 31.299 30.858 30.417 29.975 29.534 29.093 28.651 28.21 26.95 25.383 24.782 24.18 23.578 22.976 22.374 21.773 21.171 20.569 19.967 19.365 18.764 18.162 17.56 16.958 16.57 16.429 15.919 15.19 14.462 13.733 13.005 12.276 11.548 10.819 10.091 9.363 8.634 7.906 7.177 6.449 5.893 5.884 5.802 5.405 5.028 4.882 4.736 4.59 4.443 4.297 4.151 4.005 3.859 3.712 3.566 3.42 3.274 3.127 2.981 2.946 2.949 2.96 2.984 3.007 3.03 3.054 3.077 3.1 3.124 3.147 3.17 3.194 3.217 3.24 3.264 3.302 3.375 3.449 3.522 3.595 3.668 3.742 3.815 3.888 3.961 4.035 4.108 4.181 4.254 4.251 4.193 4.135 4.117 4.104 4.091 4.079 4.066 4.054 4.041 4.029 4.016 4.003 3.991 3.978 3.966 4.013 4.162 4.311 4.442 4.548 4.654 4.712 4.696 4.68 4.664 4.647 4.631 4.615 4.599 4.582 4.566 4.55 4.534 4.518 4.501 4.549
34.352 34.396 34.439 34.228 33.787 33.346 32.904 32.463 32.021 31.58 31.139 30.697 30.256 29.815 29.373 28.932 28.49 28.049 27.608 26.193 25.591 24.99 24.388 23.786 23.184 22.582 21.981 21.379 20.777 20.175 19.573 18.972 18.37 17.768 17.166 16.871 16.351 15.622 14.894 14.165 13.437 12.709 11.98 11.252 10.523 9.795 9.066 8.338 7.609 6.881 6.152 5.742 5.654 5.257 5.094 4.948 4.801 4.655 4.509 4.363 4.217 4.07 3.924 3.778 3.632 3.485 3.339 3.193 3.047 3.014 3.022 3.046 3.069 3.092 3.116 3.139 3.162 3.186 3.209 3.233 3.256 3.279 3.303 3.326 3.349 3.389 3.462 3.535 3.608 3.682 3.755 3.828 3.901 3.975 4.048 4.121 4.194 4.268 4.341 4.414 4.384 4.326 4.308 4.296 4.283 4.271 4.258 4.245 4.233 4.22 4.208 4.195 4.183 4.17 4.157 4.145 4.225 4.374 4.504 4.61 4.686 4.67 4.654 4.638 4.621 4.605 4.589 4.573 4.557 4.54 4.524 4.508 4.492 4.475 4.459 4.508
34.194 34.238 34.282 34.061 33.62 33.179 32.738 32.297 31.856 31.415 30.974 30.533 30.092 29.651 29.21 28.769 28.328 27.887 27.446 26.995 26.401 25.799 25.198 24.596 23.994 23.392 22.79 22.189 21.587 20.985 20.383 19.781 19.18 18.578 17.976 17.374 16.783 16.054 15.326 14.598 13.869 13.141 12.412 11.684 10.955 10.227 9.498 8.77 8.041 7.313 6.585 5.856 5.506 5.306 5.16 5.013 4.867 4.721 4.575 4.428 4.282 4.136 3.99 3.844 3.697 3.551 3.405 3.259 3.112 3.085 3.108 3.131 3.155 3.178 3.201 3.225 3.248 3.271 3.295 3.318 3.341 3.365 3.388 3.411 3.435 3.475 3.548 3.622 3.695 3.768 3.841 3.915 3.988 4.061 4.134 4.208 4.281 4.354 4.427 4.501 4.574 4.517 4.5 4.488 4.475 4.462 4.45 4.437 4.425 4.412 4.399 4.387 4.374 4.362 4.349 4.337 4.324 4.437 4.567 4.66 4.644 4.628 4.612 4.596 4.579 4.563 4.547 4.531 4.514 4.498 4.482 4.466 4.449 4.433 4.418 4.467
34.025 34.069 33.913 33.721 33.433 32.992 32.551 32.11 31.669 31.228 30.787 30.346 29.905 29.464 29.023 28.582 28.141 27.7 27.259 26.844 26.514 25.923 25.333 24.742 24.152 23.561 22.971 22.38 21.79 21.199 20.609 20.018 19.428 18.837 18.247 17.656 16.976 16.253 15.53 14.806 14.083 13.36 12.637 11.914 11.191 10.467 9.744 9.021 8.298 7.575 6.852 6.128 5.835 5.678 5.521 5.364 5.206 5.049 4.892 4.735 4.577 4.42 4.263 4.106 3.948 3.791 3.634 3.477 3.319 3.2 3.221 3.242 3.263 3.284 3.304 3.325 3.346 3.367 3.387 3.408 3.429 3.45 3.474 3.497 3.52 3.561 3.635 3.708 3.781 3.855 3.928 4.001 4.074 4.148 4.221 4.294 4.367 4.441 4.514 4.587 4.66 4.708 4.692 4.679 4.667 4.654 4.642 4.629 4.616 4.604 4.591 4.579 4.566 4.553 4.541 4.528 4.516 4.503 4.629 4.618 4.602 4.586 4.57 4.553 4.537 4.521 4.505 4.488 4.472 4.456 4.44 4.424 4.407 4.391 4.377 4.426
33.856 33.747 33.471 33.282 33.157 32.805 32.364 31.923 31.482 31.041 30.6 30.159 29.718 29.277 28.836 28.395 27.954 27.513 27.073 26.66 26.438 26.033 25.443 24.852 24.262 23.671 23.081 22.49 21.9 21.309 20.719 20.128 19.538 18.947 18.357 17.766 17.084 16.36 15.637 14.914 14.191 13.468 12.745 12.022 11.298 10.575 9.852 9.129 8.406 7.683 6.959 6.598 6.568 6.411 6.253 6.096 5.939 5.782 5.624 5.467 5.31 5.153 4.995 4.838 4.681 4.524 4.366 4.209 3.777 3.485 3.461 3.481 3.502 3.523 3.544 3.564 3.585 3.606 3.627 3.648 3.668 3.689 3.71 3.731 3.751 3.791 3.861 3.932 4.003 4.073 4.144 4.215 4.285 4.356 4.427 4.497 4.568 4.639 4.709 4.78 4.851 4.938 4.933 4.919 4.905 4.891 4.877 4.863 4.85 4.836 4.822 4.808 4.794 4.78 4.766 4.752 4.738 4.725 4.853 4.824 4.796 4.767 4.739 4.711 4.682 4.654 4.626 4.597 4.569 4.54 4.512 4.484 4.455 4.427 4.407 4.444
33.582 33.305 33.029 32.842 32.718 32.593 32.177 31.736 31.295 30.854 30.413 29.972 29.531 29.09 28.649 28.208 27.767 27.327 26.886 26.477 26.254 26.032 25.553 24.962 24.372 23.781 23.191 22.6 22.01 21.419 20.829 20.238 19.648 19.057 18.467 17.876 17.191 16.468 15.745 15.022 14.299 13.576 12.852 12.129 11.406 10.683 9.96 9.237 8.513 7.79 7.32 7.333 7.3 7.143 6.986 6.829 6.671 6.514 6.357 6.2 6.042 5.885 5.728 5.571 5.413 5.256 5.099 4.716 4.225 3.937 3.7 3.721 3.742 3.762 3.783 3.804 3.825 3.845 3.866 3.887 3.908 3.929 3.949 3.97 3.991 4.031 4.102 4.172 4.243 4.314 4.384 4.455 4.526 4.596 4.667 4.738 4.808 4.879 4.95 5.02 5.103 5.209 5.202 5.188 5.174 5.16 5.146 5.132 5.118 5.104 5.09 5.077 5.063 5.049 5.035 5.021 5.007 5.087 5.309 5.488 5.459 5.431 5.403 5.374 5.346 5.317 5.289 5.261 5.232 5.204 5.176 5.147 5.119 5.09 5.073 5.186
33.14 32.863 32.587 32.402 32.278 32.154 31.99 31.549 31.108 30.667 30.226 29.785 29.344 28.903 28.462 28.022 27.581 27.14 26.699 26.294 26.071 25.848 25.625 25.072 24.482 23.891 23.301 22.71 22.12 21.529 20.939 20.348 19.758 19.167 18.577 17.986 17.299 16.576 15.853 15.13 14.407 13.683 12.96 12.237 11.514 10.791 10.068 9.344 8.621 8.043 8.056 8.069 8.033 7.876 7.718 7.561 7.404 7.247 7.089 6.932 6.775 6.618 6.46 6.303 6.146 5.989 5.655 5.164 4.673 4.39 4.143 3.96 3.981 4.002 4.022 4.043 4.064 4.085 4.106 4.126 4.147 4.168 4.189 4.209 4.23 4.271 4.342 4.413 4.483 4.554 4.625 4.695 4.766 4.837 4.907 4.978 5.049 5.119 5.19 5.267 5.373 5.48 5.47 5.456 5.442 5.428 5.415 5.401 5.387 5.373 5.359 5.345 5.331 5.317 5.303 5.29 5.349 5.478 5.702 6.013 6.123 6.094 6.066 6.038 6.009 5.981 5.952 5.924 5.896 5.867 5.839 5.811 5.782 5.754 5.739 5.869
32.698 32.421 32.145 31.963 31.838 31.714 31.59 31.362 30.921 30.48 30.039 29.598 29.157 28.716 28.276 27.835 27.394 26.953 26.512 26.11 25.887 25.665 25.442 25.182 24.592 24.001 23.411 22.82 22.23 21.639 21.049 20.458 19.868 19.277 18.687 18.096 17.407 16.684 15.961 15.237 14.514 13.791 13.068 12.345 11.622 10.899 10.175 9.452 8.765 8.778 8.791 8.804 8.765 8.608 8.451 8.294 8.136 7.979 7.822 7.665 7.507 7.35 7.193 7.036 6.878 6.594 6.103 5.612 5.121 4.842 4.596 4.349 4.22 4.241 4.262 4.283 4.303 4.324 4.345 4.366 4.387 4.407 4.428 4.449 4.47 4.511 4.582 4.653 4.723 4.794 4.865 4.935 5.006 5.077 5.147 5.218 5.289 5.359 5.432 5.538 5.644 5.75 5.739 5.725 5.711 5.697 5.683 5.669 5.655 5.641 5.628 5.614 5.6 5.586 5.572 5.611 5.739 5.868 6.096 6.407 6.717 6.758 6.729 6.701 6.673 6.644 6.616 6.588 6.559 6.531 6.502 6.474 6.446 6.417 6.405 6.535
32.256 31.979 31.703 31.523 31.399 31.274 31.15 31.026 30.734 30.293 29.852 29.411 28.971 28.53 28.089 27.648 27.207 26.766 26.325 25.927 25.704 25.481 25.259 25.036 24.702 24.111 23.521 22.93 22.34 21.749 21.159 20.568 19.978 19.387 18.797 18.206 17.515 16.792 16.068 15.345 14.622 13.899 13.176 12.453 11.729 11.006 10.283 9.56 9.5 9.513 9.526 9.539 9.498 9.341 9.183 9.026 8.869 8.712 8.554 8.397 8.24 8.083 7.925 7.768 7.533 7.042 6.551 6.06 5.57 5.294 5.048 4.802 4.555 4.481 4.501 4.522 4.543 4.564 4.584 4.605 4.626 4.647 4.667 4.688 4.709 4.752 4.822 4.893 4.964 5.034 5.105 5.176 5.246 5.317 5.388 5.458 5.529 5.6 5.702 5.808 5.915 6.021 6.007 5.993 5.979 5.966 5.952 5.938 5.924 5.91 5.896 5.882 5.868 5.854 5.872 6.001 6.13 6.258 6.489 6.8 7.111 7.421 7.393 7.364 7.336 7.308 7.279 7.251 7.223 7.194 7.166 7.137 7.109 7.081 7.071 7.201
31.814 31.537 31.261 31.084 30.959 30.835 30.71 30.586 30.462 30.106 29.665 29.225 28.784 28.343 27.902 27.461 27.02 26.579 26.138 25.743 25.521 25.298 25.075 24.852 24.63 24.221 23.631 23.04 22.45 21.859 21.269 20.678 20.088 19.497 18.907 18.316 17.623 16.899 16.176 15.453 14.73 14.007 13.284 12.56 11.837 11.114 10.391 10.222 10.235 10.248 10.261 10.275 10.23 10.073 9.916 9.759 9.601 9.444 9.287 9.13 8.972 8.815 8.658 8.472 7.981 7.49 6.999 6.508 6.018 5.746 5.5 5.254 5.007 4.761 4.741 4.761 4.782 4.803 4.824 4.845 4.865 4.886 4.907 4.928 4.948 4.992 5.063 5.133 5.204 5.275 5.345 5.416 5.487 5.557 5.628 5.699 5.769 5.866 5.973 6.079 6.185 6.29 6.276 6.262 6.248 6.234 6.22 6.206 6.193 6.179 6.165 6.151 6.137 6.134 6.262 6.391 6.52 6.649 6.883 7.193 7.504 7.815 8.056 8.028 8.0 7.971 7.943 7.914 7.886 7.858 7.829 7.801 7.773 7.744 7.737 7.867
31.372 31.096 30.819 30.644 30.52 30.395 30.271 30.147 30.022 29.898 29.479 29.038 28.597 28.156 27.715 27.274 26.833 26.392 25.951 25.56 25.337 25.114 24.892 24.669 24.446 24.224 23.741 23.15 22.56 21.969 21.378 20.788 20.197 19.607 19.016 18.426 17.73 17.007 16.284 15.561 14.838 14.115 13.391 12.668 11.945 11.222 10.945 10.958 10.971 10.984 10.997 11.01 10.963 10.806 10.648 10.491 10.334 10.177 10.019 9.862 9.705 9.548 9.39 8.92 8.429 7.938 7.447 6.957 6.466 6.198 5.952 5.706 5.46 5.213 4.98 5.001 5.022 5.042 5.063 5.084 5.105 5.125 5.146 5.167 5.188 5.232 5.303 5.373 5.444 5.515 5.585 5.656 5.727 5.797 5.868 5.939 6.031 6.137 6.243 6.35 6.456 6.558 6.544 6.531 6.517 6.503 6.489 6.475 6.461 6.447 6.433 6.419 6.406 6.524 6.653 6.782 6.91 7.039 7.276 7.587 7.898 8.208 8.519 8.691 8.663 8.635 8.606 8.578 8.549 8.521 8.493 8.464 8.436 8.408 8.404 8.533
30.93 30.654 30.377 30.205 30.08 29.956 29.831 29.707 29.583 29.458 29.292 28.851 28.41 27.969 27.528 27.087 26.646 26.205 25.764 25.376 25.154 24.931 24.708 24.486 24.263 24.04 23.817 23.26 22.669 22.079 21.488 20.898 20.307 19.717 19.126 18.536 17.838 17.115 16.392 15.669 14.945 14.222 13.499 12.776 12.053 11.667 11.68 11.693 11.706 11.719 11.732 11.745 11.695 11.538 11.381 11.224 11.066 10.909 10.752 10.595 10.437 10.28 9.859 9.368 8.877 8.386 7.895 7.405 6.914 6.65 6.404 6.158 5.912 5.666 5.419 5.24 5.261 5.282 5.303 5.323 5.344 5.365 5.386 5.406 5.427 5.472 5.543 5.614 5.684 5.755 5.826 5.896 5.967 6.038 6.108 6.195 6.301 6.408 6.514 6.62 6.727 6.827 6.813 6.799 6.785 6.771 6.757 6.744 6.73 6.716 6.702 6.688 6.786 6.914 7.043 7.172 7.301 7.429 7.67 7.98 8.291 8.602 8.913 9.223 9.326 9.298 9.27 9.241 9.213 9.185 9.156 9.128 9.099 9.071 9.07 9.2
30.488 30.212 29.935 29.765 29.641 29.516 29.392 29.267 29.143 29.019 28.894 28.664 28.223 27.782 27.341 26.9 26.459 26.018 25.577 25.193 24.97 24.748 24.525 24.302 24.079 23.857 23.634 23.37 22.779 22.189 21.598 21.008 20.417 19.827 19.236 18.646 17.946 17.223 16.5 15.776 15.053 14.33 13.607 12.884 12.389 12.402 12.415 12.428 12.441 12.454 12.467 12.48 12.428 12.271 12.113 11.956 11.799 11.642 11.484 11.327 11.17 10.797 10.307 9.816 9.325 8.834 8.343 7.853 7.362 7.102 6.856 6.61 6.364 6.118 5.872 5.625 5.5 5.521 5.542 5.563 5.584 5.604 5.625 5.646 5.667 5.713 5.783 5.854 5.925 5.995 6.066 6.137 6.207 6.278 6.36 6.466 6.572 6.678 6.785 6.891 6.997 7.095 7.082 7.068 7.054 7.04 7.026 7.012 6.998 6.984 6.97 7.047 7.176 7.305 7.433 7.562 7.691 7.82 8.063 8.374 8.685 8.995 9.306 9.617 9.928 9.961 9.933 9.905 9.876 9.848 9.82 9.791 9.763 9.734 9.736 9.866
30.046 29.77 29.493 29.325 29.201 29.077 28.952 28.828 28.703 28.579 28.455 28.33 28.036 27.595 27.154 26.713 26.272 25.831 25.39 25.01 24.787 24.564 24.341 24.119 23.896 23.673 23.451 23.228 22.889 22.299 21.708 21.118 20.527 19.937 19.346 18.756 18.054 17.331 16.607 15.884 15.161 14.438 13.715 13.112 13.125 13.138 13.151 13.164 13.177 13.19 13.203 13.216 13.16 13.003 12.846 12.689 12.531 12.374 12.217 12.06 11.736 11.245 10.755 10.264 9.773 9.282 8.792 8.301 7.81 7.555 7.308 7.062 6.816 6.57 6.324 6.078 5.831 5.761 5.781 5.802 5.823 5.844 5.864 5.885 5.906 5.953 6.024 6.094 6.165 6.236 6.306 6.377 6.448 6.524 6.63 6.736 6.843 6.949 7.055 7.161 7.268 7.364 7.35 7.336 7.322 7.309 7.295 7.281 7.267 7.253 7.309 7.438 7.566 7.695 7.824 7.953 8.081 8.21 8.456 8.767 9.078 9.389 9.7 10.01 10.321 10.625 10.597 10.568 10.54 10.511 10.483 10.455 10.426 10.398 10.402 10.532
29.604 29.328 29.051 28.886 28.761 28.637 28.513 28.388 28.264 28.139 28.015 27.891 27.766 27.408 26.967 26.526 26.085 25.644 25.203 24.826 24.604 24.381 24.158 23.935 23.713 23.49 23.267 23.044 22.822 22.409 21.818 21.228 20.637 20.047 19.456 18.866 18.161 17.438 16.715 15.992 15.269 14.546 13.834 13.847 13.86 13.873 13.886 13.899 13.912 13.925 13.938 13.951 13.893 13.736 13.578 13.421 13.264 13.107 12.949 12.675 12.184 11.694 11.203 10.712 10.221 9.73 9.24 8.749 8.258 8.007 7.761 7.514 7.268 7.022 6.776 6.53 6.283 6.037 6.021 6.042 6.062 6.083 6.104 6.125 6.145 6.193 6.264 6.334 6.405 6.476 6.546 6.617 6.688 6.794 6.901 7.007 7.113 7.22 7.326 7.432 7.538 7.633 7.619 7.605 7.591 7.577 7.563 7.549 7.535 7.57 7.699 7.828 7.957 8.085 8.214 8.343 8.472 8.6 8.85 9.161 9.471 9.782 10.093 10.404 10.715 11.025 11.26 11.232 11.203 11.175 11.146 11.118 11.09 11.061 11.068 11.198
29.162 28.886 28.609 28.446 28.322 28.197 28.073 27.949 27.824 27.7 27.576 27.451 27.327 27.202 26.78 26.339 25.898 25.457 25.016 24.643 24.42 24.197 23.975 23.752 23.529 23.306 23.084 22.861 22.638 22.416 21.928 21.338 20.747 20.157 19.566 18.976 18.269 17.546 16.823 16.1 15.377 14.653 14.569 14.582 14.595 14.608 14.621 14.634 14.647 14.66 14.673 14.686 14.625 14.468 14.311 14.154 13.996 13.839 13.614 13.123 12.632 12.142 11.651 11.16 10.669 10.178 9.688 9.197 8.706 8.459 8.213 7.967 7.72 7.474 7.228 6.982 6.736 6.489 6.26 6.281 6.302 6.322 6.343 6.364 6.385 6.433 6.504 6.575 6.645 6.716 6.787 6.857 6.959 7.065 7.171 7.278 7.384 7.49 7.596 7.703 7.809 7.901 7.887 7.873 7.86 7.846 7.832 7.818 7.832 7.961 8.089 8.218 8.347 8.476 8.604 8.733 8.862 8.991 9.243 9.554 9.865 10.176 10.486 10.797 11.108 11.419 11.73 11.895 11.867 11.838 11.81 11.782 11.753 11.725 11.734 11.864
28.72 28.444 28.167 28.007 27.882 27.758 27.634 27.509 27.385 27.26 27.136 27.012 26.887 26.763 26.593 26.152 25.711 25.27 24.829 24.459 24.237 24.014 23.791 23.568 23.346 23.123 22.9 22.678 22.455 22.232 22.009 21.448 20.857 20.267 19.676 19.086 18.377 17.654 16.931 16.208 15.484 15.291 15.304 15.317 15.331 15.344 15.357 15.37 15.383 15.396 15.409 15.422 15.358 15.201 15.043 14.886 14.729 14.553 14.062 13.571 13.081 12.59 12.099 11.608 11.117 10.627 10.136 9.645 9.157 8.911 8.665 8.419 8.172 7.926 7.68 7.434 7.188 6.942 6.695 6.52 6.541 6.562 6.583 6.603 6.624 6.674 6.744 6.815 6.886 6.956 7.027 7.123 7.229 7.336 7.442 7.548 7.655 7.761 7.867 7.973 8.08 8.17 8.156 8.142 8.128 8.114 8.1 8.093 8.222 8.351 8.48 8.608 8.737 8.866 8.995 9.124 9.252 9.381 9.637 9.948 10.258 10.569 10.88 11.191 11.502 11.812 12.123 12.434 12.53 12.502 12.473 12.445 12.417 12.388 12.401 12.53
28.278 28.002 27.725 27.567 27.443 27.318 27.194 27.07 26.945 26.821 26.696 26.572 26.448 26.323 26.199 25.965 25.524 25.083 24.643 24.276 24.053 23.831 23.608 23.385 23.162 22.94 22.717 22.494 22.271 22.049 21.826 21.558 20.967 20.377 19.786 19.196 18.485 17.762 17.038 16.315 16.014 16.027 16.04 16.053 16.066 16.079 16.092 16.105 16.118 16.131 16.144 16.157 16.09 15.933 15.776 15.619 15.461 15.001 14.51 14.019 13.529 13.038 12.547 12.056 11.565 11.075 10.584 10.093 9.609 9.363 9.117 8.871 8.625 8.378 8.132 7.886 7.64 7.394 7.148 6.901 6.781 6.801 6.822 6.843 6.864 6.914 6.984 7.055 7.126 7.196 7.288 7.394 7.5 7.606 7.713 7.819 7.925 8.031 8.138 8.244 8.35 8.438 8.425 8.411 8.397 8.383 8.369 8.484 8.613 8.741 8.87 8.999 9.128 9.256 9.385 9.514 9.643 9.771 10.03 10.341 10.652 10.963 11.273 11.584 11.895 12.206 12.517 12.827 13.138 13.165 13.137 13.108 13.08 13.052 13.067 13.197
27.836 27.56 27.283 27.128 27.003 26.879 26.754 26.63 26.506 26.381 26.257 26.132 26.008 25.884 25.759 25.635 25.337 24.897 24.456 24.093 23.87 23.647 23.424 23.202 22.979 22.756 22.533 22.311 22.088 21.865 21.643 21.42 21.077 20.486 19.896 19.305 18.593 17.869 17.146 16.736 16.749 16.762 16.775 16.788 16.801 16.814 16.827 16.84 16.853 16.866 16.879 16.892 16.823 16.666 16.508 16.351 15.94 15.449 14.958 14.467 13.977 13.486 12.995 12.504 12.014 11.523 11.032 10.541 10.061 9.815 9.569 9.323 9.077 8.831 8.584 8.338 8.092 7.846 7.6 7.354 7.107 7.041 7.061 7.082 7.103 7.154 7.225 7.295 7.366 7.452 7.558 7.664 7.771 7.877 7.983 8.089 8.196 8.302 8.408 8.515 8.621 8.707 8.693 8.679 8.665 8.651 8.745 8.874 9.003 9.132 9.26 9.389 9.518 9.647 9.775 9.904 10.033 10.162 10.424 10.734 11.045 11.356 11.667 11.978 12.288 12.599 12.91 13.221 13.532 13.829 13.8 13.772 13.743 13.715 13.733 13.863
27.394 27.118 26.841 26.688 26.564 26.439 26.315 26.19 26.066 25.942 25.817 25.693 25.568 25.444 25.32 25.195 25.071 24.71 24.269 23.909 23.686 23.464 23.241 23.018 22.795 22.573 22.35 22.127 21.905 21.682 21.459 21.236 21.014 20.596 20.006 19.415 18.7 17.977 17.458 17.471 17.484 17.497 17.51 17.523 17.536 17.549 17.562 17.575 17.588 17.601 17.614 17.627 17.555 17.398 17.241 16.879 16.388 15.897 15.406 14.916 14.425 13.934 13.443 12.952 12.462 11.971 11.48 10.989 10.514 10.267 10.021 9.775 9.529 9.283 9.037 8.79 8.544 8.298 8.052 7.806 7.559 7.313 7.301 7.322 7.342 7.394 7.465 7.536 7.616 7.722 7.829 7.935 8.041 8.148 8.254 8.36 8.466 8.573 8.679 8.785 8.891 8.976 8.962 8.948 8.934 9.007 9.136 9.264 9.393 9.522 9.651 9.779 9.908 10.037 10.166 10.295 10.423 10.552 10.817 11.128 11.439 11.749 12.06 12.371 12.682 12.993 13.303 13.614 13.925 14.236 14.464 14.435 14.407 14.379 14.399 14.529
26.952 26.676 26.399 26.248 26.124 26.0 25.875 25.751 25.626 25.502 25.378 25.253 25.129 25.004 24.88 24.756 24.631 24.507 24.082 23.726 23.503 23.28 23.058 22.835 22.612 22.389 22.167 21.944 21.721 21.498 21.276 21.053 20.83 20.608 20.116 19.525 18.808 18.181 18.194 18.207 18.22 18.233 18.246 18.259 18.272 18.285 18.298 18.311 18.324 18.337 18.35 18.363 18.288 18.131 17.818 17.327 16.836 16.345 15.854 15.364 14.873 14.382 13.891 13.4 12.91 12.419 11.928 11.437 10.966 10.72 10.473 10.227 9.981 9.735 9.489 9.243 8.996 8.75 8.504 8.258 8.012 7.765 7.54 7.561 7.582 7.635 7.705 7.781 7.887 7.993 8.099 8.206 8.312 8.418 8.524 8.631 8.737 8.843 8.95 9.056 9.162 9.244 9.23 9.216 9.268 9.397 9.526 9.655 9.784 9.912 10.041 10.17 10.299 10.427 10.556 10.685 10.814 10.942 11.211 11.521 11.832 12.143 12.454 12.765 13.075 13.386 13.697 14.008 14.318 14.629 14.94 15.099 15.07 15.042 15.065 15.195
26.51 26.234 25.957 25.809 25.684 25.56 25.436 25.311 25.187 25.062 24.938 24.814 24.689 24.565 24.441 24.316 24.192 24.067 23.895 23.542 23.32 23.097 22.874 22.651 22.429 22.206 21.983 21.76 21.538 21.315 21.092 20.87 20.647 20.424 20.201 19.635 18.916 18.916 18.929 18.942 18.955 18.968 18.981 18.994 19.007 19.02 19.033 19.046 19.059 19.072 19.085 19.098 19.02 18.756 18.266 17.775 17.284 16.793 16.302 15.812 15.321 14.83 14.339 13.849 13.358 12.867 12.376 11.885 11.418 11.172 10.926 10.679 10.433 10.187 9.941 9.695 9.448 9.202 8.956 8.71 8.464 8.218 7.971 7.8 7.821 7.875 7.945 8.051 8.157 8.264 8.37 8.476 8.583 8.689 8.795 8.901 9.008 9.114 9.22 9.326 9.433 9.513 9.499 9.53 9.659 9.788 9.916 10.045 10.174 10.303 10.431 10.56 10.689 10.818 10.946 11.075 11.204 11.333 11.604 11.915 12.226 12.536 12.847 13.158 13.469 13.78 14.09 14.401 14.712 15.023 15.333 15.644 15.734 15.705 15.732 15.861
25.93 25.659 25.399 25.331 25.209 25.086 24.964 24.841 24.719 24.596 24.473 24.351 24.228 24.106 23.983 23.861 23.738 23.615 23.493 23.331 23.114 22.897 22.68 22.464 22.245 22.023 21.8 21.577 21.354 21.132 20.909 20.686 20.463 20.241 20.018 19.745 19.638 19.651 19.664 19.677 19.69 19.703 19.716 19.729 19.742 19.755 19.768 19.781 19.794 19.807 19.82 19.833 19.695 19.204 18.714 18.223 17.732 17.241 16.751 16.26 15.769 15.278 14.787 14.297 13.806 13.315 12.824 12.333 11.87 11.624 11.378 11.131 10.885 10.639 10.393 10.147 9.901 9.654 9.408 9.162 8.916 8.67 8.424 8.177 8.061 8.115 8.216 8.322 8.428 8.534 8.641 8.747 8.853 8.959 9.066 9.172 9.278 9.385 9.491 9.597 9.703 9.781 9.792 9.92 10.049 10.178 10.307 10.435 10.564 10.693 10.822 10.95 11.079 11.208 11.337 11.465 11.594 11.723 11.997 12.308 12.619 12.93 13.241 13.551 13.862 14.173 14.484 14.795 15.105 15.416 15.727 16.038 16.348 16.369 16.398 16.528
25.122 24.852 24.651 24.726 24.655 24.533 24.41 24.288 24.165 24.042 23.92 23.797 23.675 23.552 23.43 23.307 23.184 23.062 22.939 22.776 22.559 22.342 22.125 21.909 21.692 21.475 21.258 21.042 20.825 20.608 20.392 20.175 19.958 19.741 19.525 19.56 19.629 19.658 19.686 19.714 19.742 19.77 19.798 19.827 19.855 19.883 19.911 19.939 19.968 19.996 20.024 20.052 19.793 19.313 18.832 18.352 17.872 17.392 16.912 16.432 15.952 15.472 14.992 14.512 14.032 13.552 13.072 12.592 12.299 12.071 11.825 11.579 11.333 11.088 10.842 10.596 10.35 10.104 9.858 9.612 9.367 9.121 8.875 8.629 8.383 8.38 8.486 8.592 8.699 8.805 8.911 9.018 9.124 9.23 9.336 9.443 9.549 9.655 9.761 9.868 9.974 10.053 10.182 10.311 10.439 10.568 10.697 10.826 10.955 11.083 11.212 11.341 11.47 11.598 11.727 11.856 11.985 12.113 12.391 12.702 13.012 13.323 13.634 13.945 14.256 14.566 14.877 15.188 15.499 15.81 16.12 16.431 16.742 17.032 17.064 17.194
24.315 24.104 23.904 23.983 24.097 23.979 23.857 23.734 23.611 23.489 23.366 23.244 23.121 22.999 22.876 22.753 22.631 22.508 22.386 22.22 22.004 21.787 21.57 21.354 21.137 20.92 20.703 20.487 20.27 20.053 19.836 19.62 19.403 19.186 19.167 19.317 19.407 19.464 19.492 19.521 19.549 19.577 19.605 19.633 19.661 19.69 19.718 19.746 19.774 19.802 19.831 19.859 19.591 19.111 18.631 18.151 17.671 17.191 16.71 16.23 15.75 15.27 14.79 14.31 13.83 13.35 12.87 12.513 12.589 12.504 12.258 12.012 11.766 11.52 11.274 11.029 10.783 10.537 10.291 10.045 9.799 9.553 9.308 9.062 8.816 8.817 8.92 9.024 9.127 9.231 9.334 9.438 9.541 9.645 9.748 9.851 9.955 10.058 10.162 10.265 10.369 10.244 10.378 10.511 10.645 10.778 10.912 11.045 11.179 11.312 11.446 11.579 11.713 11.846 11.979 12.113 12.246 12.355 12.622 12.939 13.257 13.574 13.891 14.208 14.526 14.843 15.16 15.477 15.795 16.112 16.429 16.747 17.064 17.381 17.615 17.758
23.557 23.357 23.156 23.241 23.355 23.426 23.303 23.18 23.058 22.935 22.813 22.69 22.568 22.445 22.322 22.2 22.077 21.955 21.832 21.665 21.449 21.232 21.015 20.798 20.582 20.365 20.148 19.932 19.715 19.498 19.281 19.065 18.848 18.774 18.925 19.074 19.164 19.255 19.299 19.327 19.355 19.383 19.412 19.44 19.468 19.496 19.524 19.553 19.581 19.609 19.637 19.665 19.389 18.909 18.429 17.949 17.469 16.989 16.509 16.029 15.549 15.069 14.589 14.108 13.628 13.148 12.706 12.806 12.879 12.813 12.69 12.445 12.199 11.953 11.707 11.461 11.215 10.969 10.724 10.478 10.232 9.986 9.74 9.494 9.249 9.256 9.359 9.462 9.566 9.669 9.773 9.876 9.98 10.083 10.187 10.29 10.393 10.497 10.6 10.704 10.524 10.359 10.492 10.626 10.759 10.893 11.026 11.16 11.293 11.427 11.56 11.693 11.827 11.96 12.094 12.227 12.354 12.367 12.64 12.957 13.274 13.591 13.909 14.226 14.543 14.861 15.178 15.495 15.812 16.13 16.447 16.764 17.081 17.359 17.543 17.685
22.81 22.609 22.409 22.498 22.613 22.727 22.749 22.627 22.504 22.382 22.259 22.137 22.014 21.891 21.769 21.646 21.524 21.401 21.279 21.11 20.894 20.677 20.46 20.243 20.027 19.81 19.593 19.376 19.16 18.943 18.726 18.51 18.381 18.532 18.683 18.831 18.921 19.012 19.102 19.134 19.162 19.19 19.218 19.246 19.275 19.303 19.331 19.359 19.387 19.416 19.444 19.472 19.187 18.707 18.227 17.747 17.267 16.787 16.307 15.827 15.347 14.867 14.387 13.907 13.427 12.947 12.999 13.099 13.169 13.103 13.036 12.877 12.631 12.386 12.14 11.894 11.648 11.402 11.156 10.91 10.665 10.419 10.173 9.927 9.681 9.694 9.798 9.901 10.004 10.108 10.211 10.315 10.418 10.522 10.625 10.728 10.832 10.935 11.039 10.916 10.631 10.473 10.607 10.74 10.874 11.007 11.141 11.274 11.408 11.541 11.674 11.808 11.941 12.075 12.208 12.342 12.366 12.38 12.657 12.975 13.292 13.609 13.926 14.244 14.561 14.878 15.195 15.513 15.83 16.147 16.464 16.782 17.074 17.288 17.471 17.613
22.062 21.862 21.661 21.756 21.87 21.984 22.099 22.073 21.951 21.828 21.706 21.583 21.46 21.338 21.215 21.093 20.97 20.848 20.725 20.555 20.338 20.122 19.905 19.688 19.472 19.255 19.038 18.821 18.605 18.388 18.171 17.989 18.139 18.29 18.441 18.587 18.678 18.769 18.859 18.94 18.969 18.997 19.025 19.053 19.081 19.109 19.138 19.166 19.194 19.222 19.25 19.279 18.986 18.506 18.025 17.545 17.065 16.585 16.105 15.625 15.145 14.665 14.185 13.705 13.225 13.191 13.292 13.392 13.459 13.393 13.326 13.259 13.064 12.818 12.572 12.327 12.081 11.835 11.589 11.343 11.097 10.851 10.606 10.36 10.114 10.133 10.236 10.34 10.443 10.546 10.65 10.753 10.857 10.96 11.064 11.167 11.27 11.374 11.308 11.023 10.739 10.588 10.721 10.855 10.988 11.122 11.255 11.388 11.522 11.655 11.789 11.922 12.056 12.189 12.323 12.364 12.378 12.392 12.675 12.992 13.309 13.627 13.944 14.261 14.578 14.896 15.213 15.53 15.847 16.165 16.482 16.79 17.003 17.217 17.399 17.541
21.315 21.114 20.914 21.013 21.128 21.242 21.356 21.47 21.397 21.275 21.152 21.029 20.907 20.784 20.662 20.539 20.417 20.294 20.171 20.0 19.783 19.567 19.35 19.133 18.916 18.7 18.483 18.266 18.05 17.833 17.616 17.746 17.897 18.048 18.199 18.344 18.435 18.525 18.616 18.707 18.775 18.803 18.831 18.86 18.888 18.916 18.944 18.972 19.001 19.029 19.057 19.085 18.784 18.304 17.824 17.344 16.864 16.384 15.903 15.423 14.943 14.463 13.983 13.503 13.384 13.484 13.584 13.684 13.749 13.683 13.616 13.549 13.482 13.251 13.005 12.759 12.513 12.268 12.022 11.776 11.53 11.284 11.038 10.792 10.547 10.571 10.675 10.778 10.882 10.985 11.088 11.192 11.295 11.399 11.502 11.606 11.709 11.701 11.416 11.131 10.846 10.702 10.836 10.969 11.103 11.236 11.369 11.503 11.636 11.77 11.903 12.037 12.17 12.304 12.363 12.377 12.391 12.404 12.692 13.01 13.327 13.644 13.961 14.279 14.596 14.913 15.23 15.548 15.865 16.182 16.5 16.719 16.932 17.146 17.326 17.469
20.567 20.367 20.166 20.271 20.385 20.499 20.614 20.728 20.842 20.721 20.598 20.476 20.353 20.231 20.108 19.986 19.863 19.74 19.618 19.445 19.228 19.012 18.795 18.578 18.361 18.145 17.928 17.711 17.494 17.278 17.353 17.504 17.655 17.806 17.957 18.101 18.192 18.282 18.373 18.463 18.554 18.61 18.638 18.666 18.694 18.723 18.751 18.779 18.807 18.835 18.864 18.892 18.582 18.102 17.622 17.142 16.662 16.182 15.702 15.222 14.742 14.262 13.782 13.577 13.677 13.777 13.877 13.977 14.039 13.973 13.906 13.839 13.772 13.684 13.438 13.192 12.946 12.7 12.454 12.209 11.963 11.717 11.471 11.225 10.979 11.01 11.113 11.217 11.32 11.424 11.527 11.63 11.734 11.837 11.941 12.044 12.093 11.808 11.523 11.238 10.953 10.817 10.95 11.083 11.217 11.35 11.484 11.617 11.751 11.884 12.018 12.151 12.285 12.362 12.375 12.389 12.403 12.417 12.71 13.027 13.344 13.662 13.979 14.296 14.614 14.931 15.248 15.565 15.883 16.2 16.434 16.648 16.861 17.075 17.254 17.397
19.82 19.619 19.419 19.529 19.643 19.757 19.871 19.985 20.1 20.167 20.045 19.922 19.8 19.677 19.555 19.432 19.309 19.187 19.064 18.89 18.673 18.456 18.24 18.023 17.806 17.59 17.373 17.156 16.939 16.961 17.111 17.262 17.413 17.564 17.714 17.858 17.949 18.039 18.13 18.22 18.311 18.401 18.445 18.473 18.501 18.529 18.557 18.586 18.614 18.642 18.67 18.698 18.38 17.9 17.42 16.94 16.46 15.98 15.5 15.02 14.54 14.06 13.769 13.87 13.97 14.07 14.17 14.27 14.329 14.262 14.196 14.129 14.062 13.996 13.87 13.625 13.379 13.133 12.887 12.641 12.395 12.149 11.904 11.658 11.412 11.448 11.552 11.655 11.759 11.862 11.965 12.069 12.172 12.276 12.379 12.483 12.2 11.915 11.63 11.345 11.061 10.931 11.064 11.198 11.331 11.465 11.598 11.732 11.865 11.999 12.132 12.266 12.36 12.374 12.388 12.402 12.415 12.429 12.728 13.045 13.362 13.679 13.997 14.314 14.631 14.948 15.266 15.583 15.9 16.15 16.363 16.577 16.79 17.004 17.182 17.325
19.072 18.872 18.672 18.786 18.9 19.015 19.129 19.243 19.357 19.471 19.491 19.369 19.246 19.124 19.001 18.878 18.756 18.633 18.511 18.335 18.118 17.901 17.685 17.468 17.251 17.034 16.818 16.601 16.568 16.718 16.869 17.02 17.171 17.321 17.472 17.615 17.706 17.796 17.887 17.977 18.068 18.158 18.249 18.279 18.308 18.336 18.364 18.392 18.42 18.449 18.477 18.505 18.179 17.699 17.218 16.738 16.258 15.778 15.298 14.818 14.338 13.962 14.062 14.162 14.262 14.362 14.463 14.563 14.619 14.552 14.486 14.419 14.352 14.286 14.219 14.057 13.811 13.566 13.32 13.074 12.828 12.582 12.336 12.09 11.845 11.887 11.99 12.094 12.197 12.301 12.404 12.507 12.611 12.714 12.818 12.592 12.307 12.023 11.738 11.453 11.168 11.045 11.179 11.312 11.446 11.579 11.713 11.846 11.98 12.113 12.247 12.359 12.372 12.386 12.4 12.414 12.428 12.442 12.745 13.062 13.38 13.697 14.014 14.331 14.649 14.966 15.283 15.6 15.865 16.079 16.292 16.506 16.719 16.933 17.11 17.253
18.325 18.124 17.93 18.044 18.158 18.272 18.386 18.5 18.615 18.729 18.843 18.815 18.693 18.57 18.447 18.325 18.202 18.08 17.957 17.78 17.563 17.346 17.13 16.913 16.696 16.479 16.263 16.175 16.325 16.476 16.627 16.778 16.929 17.079 17.23 17.372 17.462 17.553 17.644 17.734 17.825 17.915 18.006 18.086 18.114 18.142 18.171 18.199 18.227 18.255 18.283 18.312 17.977 17.497 17.017 16.537 16.057 15.577 15.097 14.616 14.155 14.255 14.355 14.455 14.555 14.655 14.755 14.855 14.909 14.842 14.776 14.709 14.642 14.576 14.509 14.442 14.244 13.998 13.752 13.507 13.261 13.015 12.769 12.523 12.277 12.325 12.429 12.532 12.636 12.739 12.843 12.946 13.049 13.153 12.984 12.7 12.415 12.13 11.845 11.56 11.275 11.16 11.293 11.427 11.56 11.694 11.827 11.961 12.094 12.228 12.357 12.371 12.385 12.399 12.412 12.426 12.44 12.454 12.763 13.08 13.397 13.714 14.032 14.349 14.666 14.983 15.301 15.581 15.794 16.008 16.221 16.435 16.649 16.862 17.038 17.18
17.577 17.377 17.187 17.301 17.415 17.53 17.644 17.758 17.872 17.986 18.101 18.215 18.139 18.016 17.894 17.771 17.649 17.526 17.404 17.225 17.008 16.791 16.574 16.358 16.141 15.924 15.782 15.933 16.083 16.234 16.385 16.536 16.686 16.837 16.988 17.129 17.219 17.31 17.4 17.491 17.582 17.672 17.763 17.853 17.921 17.949 17.977 18.005 18.034 18.062 18.09 18.118 17.775 17.295 16.815 16.335 15.855 15.375 14.895 14.415 14.448 14.548 14.648 14.748 14.848 14.948 15.048 15.148 15.199 15.132 15.066 14.999 14.932 14.866 14.799 14.732 14.665 14.431 14.185 13.939 13.693 13.448 13.202 12.956 12.71 12.764 12.867 12.971 13.074 13.178 13.281 13.385 13.488 13.377 13.092 12.807 12.522 12.237 11.952 11.667 11.383 11.274 11.408 11.541 11.675 11.808 11.942 12.075 12.208 12.342 12.369 12.383 12.397 12.411 12.425 12.439 12.452 12.466 12.78 13.097 13.415 13.732 14.049 14.367 14.684 15.001 15.296 15.51 15.723 15.937 16.15 16.364 16.578 16.791 16.966 17.108
16.83 16.63 16.445 16.559 16.673 16.787 16.901 17.016 17.13 17.244 17.358 17.472 17.585 17.463 17.34 17.218 17.095 16.973 16.85 16.67 16.453 16.236 16.019 15.803 15.586 15.389 15.54 15.69 15.841 15.992 16.143 16.294 16.444 16.595 16.746 16.886 16.976 17.067 17.157 17.248 17.338 17.429 17.519 17.61 17.701 17.756 17.784 17.812 17.84 17.868 17.897 17.925 17.573 17.093 16.613 16.133 15.653 15.173 14.693 14.64 14.74 14.84 14.94 15.041 15.141 15.241 15.341 15.441 15.489 15.422 15.356 15.289 15.222 15.156 15.089 15.022 14.955 14.864 14.618 14.372 14.126 13.88 13.634 13.389 13.143 13.202 13.306 13.409 13.513 13.616 13.72 13.823 13.769 13.484 13.199 12.914 12.629 12.344 12.06 11.775 11.49 11.389 11.522 11.656 11.789 11.923 12.056 12.189 12.323 12.368 12.382 12.396 12.409 12.423 12.437 12.451 12.465 12.481 12.798 13.115 13.432 13.75 14.067 14.384 14.701 15.012 15.225 15.439 15.652 15.866 16.079 16.293 16.507 16.72 16.893 17.036
16.083 15.882 15.702 15.816 15.931 16.045 16.159 16.273 16.387 16.501 16.616 16.73 16.844 16.909 16.787 16.664 16.542 16.419 16.296 16.114 15.898 15.681 15.464 15.248 15.031 15.147 15.298 15.448 15.599 15.75 15.901 16.051 16.202 16.353 16.504 16.642 16.733 16.824 16.914 17.005 17.095 17.186 17.276 17.367 17.457 17.548 17.59 17.619 17.647 17.675 17.703 17.731 17.372 16.892 16.411 15.931 15.451 14.971 14.833 14.933 15.033 15.133 15.233 15.333 15.433 15.533 15.634 15.734 15.779 15.712 15.646 15.579 15.512 15.446 15.379 15.312 15.245 15.179 15.05 14.805 14.559 14.313 14.067 13.821 13.575 13.641 13.744 13.848 13.951 14.055 14.158 14.161 13.876 13.591 13.306 13.022 12.737 12.452 12.167 11.882 11.597 11.503 11.637 11.77 11.903 12.037 12.17 12.304 12.367 12.38 12.394 12.408 12.422 12.436 12.45 12.463 12.477 12.498 12.815 13.133 13.45 13.767 14.084 14.402 14.719 14.941 15.154 15.368 15.581 15.795 16.009 16.222 16.436 16.649 16.821 16.964
15.335 15.135 14.96 15.074 15.188 15.302 15.416 15.531 15.645 15.759 15.873 15.987 16.102 16.216 16.233 16.111 15.988 15.865 15.743 15.559 15.343 15.126 14.909 14.692 14.754 14.905 15.055 15.206 15.357 15.508 15.658 15.809 15.96 16.111 16.262 16.399 16.49 16.58 16.671 16.762 16.852 16.943 17.033 17.124 17.214 17.305 17.395 17.425 17.453 17.482 17.51 17.538 17.17 16.69 16.21 15.73 15.25 15.025 15.126 15.226 15.326 15.426 15.526 15.626 15.726 15.826 15.926 16.026 16.069 16.002 15.936 15.869 15.802 15.736 15.669 15.602 15.535 15.469 15.402 15.237 14.991 14.746 14.5 14.254 14.008 14.08 14.183 14.286 14.39 14.493 14.553 14.268 13.983 13.699 13.414 13.129 12.844 12.559 12.274 11.989 11.705 11.618 11.751 11.884 12.018 12.151 12.285 12.365 12.379 12.393 12.407 12.42 12.434 12.448 12.462 12.476 12.49 12.516 12.833 13.15 13.467 13.785 14.102 14.419 14.656 14.87 15.083 15.297 15.51 15.724 15.938 16.151 16.365 16.578 16.749 16.892
14.588 14.387 14.217 14.331 14.446 14.56 14.674 14.788 14.902 15.017 15.131 15.245 15.359 15.473 15.587 15.557 15.434 15.312 15.189 15.004 14.788 14.571 14.354 14.361 14.512 14.662 14.813 14.964 15.115 15.266 15.416 15.567 15.718 15.869 16.019 16.156 16.247 16.337 16.428 16.518 16.609 16.7 16.79 16.881 16.971 17.062 17.152 17.232 17.26 17.288 17.316 17.345 16.968 16.488 16.008 15.528 15.218 15.318 15.418 15.518 15.618 15.719 15.819 15.919 16.019 16.119 16.219 16.319 16.359 16.292 16.226 16.159 16.092 16.026 15.959 15.892 15.825 15.759 15.692 15.625 15.424 15.178 14.932 14.687 14.441 14.518 14.622 14.725 14.828 14.932 14.661 14.376 14.091 13.806 13.521 13.236 12.951 12.666 12.382 12.097 11.812 11.732 11.865 11.999 12.132 12.266 12.364 12.377 12.391 12.405 12.419 12.433 12.447 12.46 12.474 12.488 12.502 12.533 12.85 13.168 13.485 13.802 14.12 14.372 14.585 14.799 15.012 15.226 15.44 15.653 15.867 16.08 16.294 16.508 16.677 16.82
13.84 13.64 13.475 13.589 13.703 13.817 13.932 14.046 14.16 14.274 14.388 14.502 14.617 14.731 14.845 14.959 14.881 14.758 14.636 14.449 14.232 14.016 13.968 14.119 14.27 14.42 14.571 14.722 14.873 15.023 15.174 15.325 15.476 15.626 15.777 15.913 16.004 16.094 16.185 16.275 16.366 16.456 16.547 16.638 16.728 16.819 16.909 17.0 17.067 17.095 17.123 17.151 16.766 16.286 15.806 15.411 15.511 15.611 15.711 15.811 15.911 16.011 16.111 16.212 16.312 16.412 16.512 16.612 16.649 16.582 16.516 16.449 16.382 16.315 16.249 16.182 16.115 16.049 15.982 15.915 15.849 15.611 15.365 15.119 14.873 14.957 15.06 15.164 15.267 15.053 14.768 14.483 14.198 13.913 13.628 13.344 13.059 12.774 12.489 12.204 11.919 11.846 11.98 12.113 12.247 12.362 12.376 12.39 12.404 12.417 12.431 12.445 12.459 12.473 12.487 12.5 12.514 12.551 12.868 13.185 13.503 13.82 14.087 14.301 14.514 14.728 14.941 15.155 15.369 15.582 15.796 16.009 16.223 16.437 16.605 16.748
13.093 12.892 12.732 12.847 12.961 13.075 13.189 13.303 13.417 13.532 13.646 13.76 13.874 13.988 14.103 14.217 14.327 14.205 14.082 13.894 13.677 13.575 13.726 13.877 14.027 14.178 14.329 14.48 14.63 14.781 14.932 15.083 15.234 15.384 15.535 15.67 15.761 15.851 15.942 16.032 16.123 16.213 16.304 16.394 16.485 16.576 16.666 16.757 16.847 16.901 16.93 16.958 16.565 16.085 15.604 15.704 15.804 15.904 16.004 16.104 16.204 16.304 16.404 16.504 16.604 16.704 16.805 16.905 16.939 16.872 16.806 16.739 16.672 16.605 16.539 16.472 16.405 16.339 16.272 16.205 16.139 16.044 15.798 15.552 15.306 15.395 15.499 15.602 15.445 15.16 14.875 14.59 14.305 14.021 13.736 13.451 13.166 12.881 12.596 12.311 12.027 11.961 12.094 12.228 12.361 12.375 12.388 12.402 12.416 12.43 12.444 12.457 12.471 12.485 12.499 12.513 12.527 12.568 12.886 13.203 13.52 13.803 14.016 14.23 14.443 14.657 14.87 15.084 15.298 15.511 15.725 15.938 16.152 16.366 16.533 16.675
12.345 12.145 11.99 12.104 12.218 12.332 12.447 12.561 12.675 12.789 12.903 13.018 13.132 13.246 13.36 13.474 13.589 13.651 13.529 13.339 13.182 13.333 13.484 13.634 13.785 13.936 14.087 14.238 14.388 14.539 14.69 14.841 14.991 15.142 15.293 15.427 15.517 15.608 15.699 15.789 15.88 15.97 16.061 16.151 16.242 16.332 16.423 16.514 16.604 16.695 16.736 16.764 16.363 15.883 15.896 15.996 16.096 16.196 16.297 16.397 16.497 16.597 16.697 16.797 16.897 16.997 17.097 17.197 17.229 17.162 17.096 17.029 16.962 16.895 16.829 16.762 16.695 16.629 16.562 16.495 16.428 16.362 16.23 15.985 15.739 15.834 15.937 15.837 15.552 15.267 14.983 14.698 14.413 14.128 13.843 13.558 13.273 12.988 12.704 12.419 12.134 12.075 12.209 12.342 12.373 12.387 12.401 12.415 12.428 12.442 12.456 12.47 12.484 12.498 12.511 12.525 12.539 12.586 12.903 13.22 13.518 13.732 13.945 14.159 14.372 14.586 14.8 15.013 15.227 15.44 15.654 15.868 16.081 16.295 16.461 16.603
11.598 11.397 11.247 11.362 11.476 11.59 11.704 11.818 11.933 12.047 12.161 12.275 12.389 12.504 12.618 12.732 12.846 12.96 12.975 12.789 12.94 13.091 13.242 13.392 13.543 13.694 13.845 13.995 14.146 14.297 14.448 14.599 14.749 14.9 15.051 15.184 15.274 15.365 15.455 15.546 15.637 15.727 15.818 15.908 15.999 16.089 16.18 16.27 16.361 16.452 16.542 16.571 16.161 16.089 16.189 16.289 16.389 16.489 16.589 16.689 16.789 16.89 16.99 17.09 17.19 17.29 17.39 17.49 17.519 17.452 17.386 17.319 17.252 17.185 17.119 17.052 16.985 16.919 16.852 16.785 16.718 16.652 16.585 16.417 16.171 16.272 16.229 15.944 15.66 15.375 15.09 14.805 14.52 14.235 13.95 13.666 13.381 13.096 12.811 12.526 12.241 12.19 12.323 12.372 12.385 12.399 12.413 12.427 12.441 12.455 12.468 12.482 12.496 12.51 12.524 12.538 12.551 12.603 12.921 13.233 13.447 13.661 13.874 14.088 14.301 14.515 14.729 14.942 15.156 15.369 15.583 15.797 16.01 16.224 16.388 16.531
11.171 10.959 10.721 10.826 10.932 11.038 11.144 11.249 11.355 11.461 11.567 11.672 11.778 11.884 11.989 12.095 12.201 12.307 12.412 12.556 12.705 12.855 13.005 13.155 13.304 13.454 13.604 13.754 13.904 14.055 14.206 14.356 14.507 14.658 14.809 14.941 15.031 15.122 15.212 15.303 15.393 15.484 15.575 15.665 15.756 15.846 15.937 16.027 16.118 16.208 16.299 16.378 16.281 16.382 16.482 16.582 16.682 16.782 16.882 16.982 17.082 17.182 17.282 17.383 17.483 17.583 17.683 17.783 17.809 17.742 17.676 17.609 17.542 17.475 17.409 17.342 17.275 17.209 17.142 17.075 17.008 16.942 16.875 16.808 16.607 16.622 16.337 16.052 15.767 15.482 15.197 14.912 14.627 14.343 14.058 13.773 13.488 13.203 12.918 12.633 12.349 12.304 12.37 12.384 12.398 12.412 12.425 12.439 12.453 12.467 12.481 12.495 12.508 12.522 12.536 12.55 12.564 12.621 12.938 13.163 13.376 13.59 13.803 14.017 14.231 14.444 14.658 14.871 15.085 15.299 15.512 15.726 15.939 16.153 16.316 16.504
11.152 10.852 10.508 10.614 10.719 10.825 10.931 11.036 11.142 11.248 11.354 11.459 11.565 11.671 11.776 11.882 11.988 12.094 12.156 12.359 12.526 12.676 12.826 12.976 13.125 13.275 13.425 13.575 13.724 13.874 14.024 14.174 14.323 14.473 14.623 14.753 14.842 14.932 15.021 15.111 15.2 15.29 15.379 15.469 15.558 15.648 15.738 15.827 15.917 16.006 16.096 16.261 16.307 16.414 16.522 16.629 16.737 16.844 16.952 17.059 17.167 17.274 17.381 17.489 17.596 17.704 17.811 17.919 17.949 17.89 17.831 17.772 17.712 17.653 17.594 17.535 17.476 17.416 17.357 17.298 17.239 17.179 17.12 17.061 17.002 16.722 16.44 16.157 15.874 15.589 15.305 15.02 14.735 14.45 14.165 13.88 13.595 13.31 13.026 12.741 12.456 12.369 12.382 12.396 12.41 12.424 12.438 12.452 12.465 12.479 12.493 12.507 12.521 12.535 12.548 12.562 12.576 12.639 12.878 13.092 13.305 13.519 13.732 13.946 14.16 14.373 14.587 14.8 15.014 15.228 15.441 15.655 15.868 16.082 16.26 16.602
11.081 10.63 10.295 10.401 10.506 10.612 10.718 10.823 10.929 11.035 11.141 11.246 11.352 11.458 11.564 11.669 11.775 11.846 11.891 12.097 12.347 12.497 12.647 12.796 12.946 13.096 13.246 13.395 13.545 13.695 13.845 13.994 14.144 14.294 14.444 14.573 14.662 14.752 14.841 14.931 15.02 15.11 15.199 15.289 15.378 15.468 15.557 15.647 15.736 15.826 15.964 16.24 16.217 16.26 16.368 16.475 16.583 16.69 16.798 16.905 17.013 17.12 17.228 17.335 17.443 17.55 17.658 17.765 17.793 17.734 17.674 17.615 17.556 17.497 17.437 17.378 17.319 17.26 17.2 17.141 17.082 17.023 16.963 16.904 16.896 16.699 16.416 16.134 15.851 15.568 15.286 15.003 14.72 14.438 14.155 13.872 13.59 13.307 13.024 12.742 12.459 12.19 12.199 12.217 12.236 12.254 12.272 12.29 12.308 12.327 12.345 12.363 12.381 12.399 12.418 12.436 12.454 12.507 12.724 12.94 13.157 13.374 13.59 13.807 14.023 14.24 14.456 14.673 14.889 15.106 15.322 15.539 15.755 15.972 16.242 16.593
10.859 10.408 10.082 10.188 10.293 10.399 10.505 10.611 10.716 10.822 10.928 11.033 11.139 11.245 11.351 11.456 11.537 11.581 11.626 11.836 12.089 12.318 12.467 12.617 12.767 12.917 13.066 13.216 13.366 13.516 13.665 13.815 13.965 14.115 14.264 14.392 14.482 14.572 14.661 14.751 14.84 14.93 15.019 15.109 15.198 15.288 15.377 15.467 15.556 15.667 15.943 16.219 16.19 16.138 16.214 16.322 16.429 16.537 16.644 16.752 16.859 16.967 17.074 17.181 17.289 17.396 17.504 17.611 17.636 17.577 17.518 17.459 17.399 17.34 17.281 17.222 17.162 17.103 17.044 16.985 16.925 16.866 16.807 16.797 16.79 16.611 16.393 16.11 15.828 15.545 15.262 14.98 14.697 14.414 14.132 13.849 13.566 13.284 13.001 12.718 12.436 12.167 11.955 11.973 11.992 12.01 12.028 12.046 12.064 12.083 12.101 12.119 12.137 12.155 12.174 12.192 12.21 12.267 12.483 12.7 12.916 13.133 13.349 13.566 13.782 13.999 14.215 14.432 14.649 14.865 15.082 15.298 15.515 15.626 15.824 16.148
10.637 10.186 9.869 9.975 10.08 10.186 10.292 10.398 10.503 10.609 10.715 10.82 10.926 11.032 11.138 11.227 11.272 11.317 11.362 11.574 11.827 12.08 12.288 12.438 12.588 12.738 12.887 13.037 13.187 13.337 13.486 13.636 13.786 13.936 14.085 14.212 14.302 14.391 14.481 14.57 14.66 14.749 14.839 14.929 15.018 15.108 15.197 15.287 15.376 15.645 15.921 16.197 16.164 16.112 16.06 16.168 16.275 16.383 16.49 16.598 16.705 16.813 16.92 17.028 17.135 17.243 17.35 17.458 17.48 17.421 17.361 17.302 17.243 17.184 17.124 17.065 17.006 16.947 16.887 16.828 16.769 16.71 16.691 16.694 16.684 16.505 16.326 16.087 15.804 15.522 15.239 14.956 14.674 14.391 14.108 13.826 13.543 13.26 12.978 12.695 12.412 12.144 11.885 11.729 11.747 11.766 11.784 11.802 11.82 11.839 11.857 11.875 11.893 11.911 11.93 11.948 11.966 12.026 12.243 12.459 12.676 12.892 13.109 13.325 13.542 13.758 13.975 14.191 14.408 14.624 14.841 15.057 15.188 15.271 15.472 15.707
10.415 9.964 9.656 9.762 9.867 9.973 10.079 10.185 10.29 10.396 10.502 10.607 10.713 10.819 10.917 10.962 11.007 11.052 11.097 11.313 11.566 11.819 12.072 12.259 12.409 12.558 12.708 12.858 13.008 13.157 13.307 13.457 13.607 13.756 13.906 14.032 14.122 14.211 14.301 14.39 14.48 14.569 14.659 14.748 14.838 14.927 15.017 15.107 15.348 15.624 15.9 16.176 16.137 16.085 16.033 16.014 16.122 16.229 16.337 16.444 16.552 16.659 16.766 16.874 16.981 17.089 17.196 17.304 17.323 17.264 17.205 17.146 17.086 17.027 16.968 16.909 16.849 16.79 16.731 16.672 16.612 16.584 16.588 16.591 16.578 16.399 16.22 16.041 15.781 15.498 15.216 14.933 14.65 14.368 14.085 13.802 13.52 13.237 12.954 12.672 12.389 12.121 11.862 11.602 11.503 11.522 11.54 11.558 11.576 11.594 11.613 11.631 11.649 11.667 11.685 11.704 11.722 11.786 12.002 12.219 12.435 12.652 12.868 13.085 13.301 13.518 13.734 13.951 14.167 14.384 14.6 14.751 14.833 14.916 15.12 15.355
10.194 9.743 9.443 9.549 9.654 9.76 9.866 9.972 10.077 10.183 10.289 10.395 10.5 10.606 10.653 10.697 10.742 10.787 10.832 11.052 11.305 11.557 11.81 12.063 12.229 12.379 12.529 12.679 12.828 12.978 13.128 13.278 13.427 13.577 13.727 13.852 13.942 14.031 14.121 14.21 14.3 14.389 14.479 14.568 14.658 14.747 14.837 15.051 15.327 15.603 15.879 16.155 16.11 16.058 16.006 15.954 15.968 16.075 16.183 16.29 16.398 16.505 16.613 16.72 16.828 16.935 17.043 17.15 17.167 17.108 17.048 16.989 16.93 16.871 16.811 16.752 16.693 16.634 16.574 16.515 16.478 16.481 16.485 16.488 16.472 16.293 16.114 15.935 15.757 15.475 15.192 14.91 14.627 14.344 14.062 13.779 13.496 13.214 12.931 12.648 12.366 12.098 11.839 11.579 11.32 11.278 11.296 11.314 11.332 11.35 11.369 11.387 11.405 11.423 11.441 11.46 11.478 11.545 11.761 11.978 12.194 12.411 12.628 12.844 13.061 13.277 13.494 13.71 13.927 14.143 14.313 14.396 14.478 14.561 14.767 15.002
9.972 9.521 9.23 9.336 9.441 9.547 9.653 9.759 9.864 9.97 10.076 10.182 10.287 10.343 10.388 10.433 10.478 10.523 10.568 10.79 11.043 11.296 11.549 11.802 12.05 12.2 12.35 12.5 12.649 12.799 12.949 13.099 13.248 13.398 13.548 13.672 13.761 13.851 13.94 14.03 14.12 14.209 14.299 14.388 14.478 14.567 14.753 15.029 15.305 15.582 15.858 16.134 16.084 16.032 15.98 15.928 15.876 15.922 16.029 16.137 16.244 16.352 16.459 16.566 16.674 16.781 16.889 16.996 17.01 16.951 16.892 16.833 16.773 16.714 16.655 16.596 16.536 16.477 16.418 16.371 16.375 16.378 16.382 16.385 16.366 16.187 16.008 15.829 15.651 15.452 15.169 14.886 14.604 14.321 14.038 13.756 13.473 13.19 12.908 12.625 12.342 12.076 11.816 11.556 11.297 11.037 11.052 11.07 11.088 11.106 11.125 11.143 11.161 11.179 11.197 11.216 11.234 11.304 11.521 11.737 11.954 12.17 12.387 12.603 12.82 13.036 13.253 13.469 13.686 13.876 13.958 14.041 14.123 14.206 14.415 14.65
9.75 9.299 9.017 9.123 9.229 9.334 9.44 9.546 9.651 9.757 9.863 9.969 10.033 10.078 10.123 10.168 10.213 10.258 10.303 10.529 10.782 11.035 11.288 11.541 11.793 12.021 12.171 12.32 12.47 12.62 12.77 12.919 13.069 13.219 13.369 13.492 13.581 13.671 13.76 13.85 13.939 14.029 14.118 14.208 14.297 14.456 14.732 15.008 15.284 15.56 15.836 16.109 16.057 16.005 15.953 15.901 15.849 15.797 15.875 15.983 16.09 16.198 16.305 16.413 16.52 16.628 16.735 16.843 16.854 16.795 16.735 16.676 16.617 16.558 16.498 16.439 16.38 16.321 16.265 16.268 16.272 16.275 16.279 16.282 16.26 16.081 15.902 15.723 15.544 15.366 15.145 14.863 14.58 14.298 14.015 13.732 13.45 13.167 12.884 12.602 12.319 12.053 11.793 11.533 11.274 11.014 10.808 10.826 10.844 10.862 10.881 10.899 10.917 10.935 10.953 10.972 10.99 11.064 11.28 11.497 11.713 11.93 12.146 12.363 12.579 12.796 13.012 13.229 13.438 13.521 13.603 13.686 13.768 13.851 14.062 14.298
9.528 9.077 8.804 8.91 9.016 9.121 9.227 9.333 9.438 9.544 9.65 9.724 9.769 9.814 9.858 9.903 9.948 9.993 10.038 10.268 10.521 10.773 11.026 11.279 11.532 11.785 11.991 12.141 12.291 12.441 12.59 12.74 12.89 13.04 13.189 13.312 13.401 13.491 13.58 13.67 13.759 13.849 13.938 14.028 14.159 14.435 14.711 14.987 15.263 15.539 15.815 16.083 16.03 15.978 15.926 15.874 15.822 15.77 15.722 15.829 15.937 16.044 16.152 16.259 16.366 16.474 16.581 16.689 16.697 16.638 16.579 16.52 16.46 16.401 16.342 16.283 16.223 16.164 16.162 16.165 16.169 16.172 16.176 16.179 16.154 15.975 15.796 15.617 15.438 15.26 15.081 14.839 14.557 14.274 13.991 13.709 13.426 13.143 12.861 12.578 12.296 12.03 11.77 11.51 11.251 10.991 10.731 10.582 10.6 10.618 10.637 10.655 10.673 10.691 10.709 10.728 10.746 10.823 11.04 11.256 11.473 11.689 11.906 12.122 12.339 12.555 12.772 12.988 13.083 13.166 13.248 13.331 13.413 13.496 13.71 13.945
9.306 8.855 8.591 8.697 8.803 8.908 9.014 9.12 9.226 9.331 9.414 9.459 9.504 9.549 9.594 9.639 9.684 9.729 9.774 10.006 10.259 10.512 10.765 11.018 11.271 11.524 11.776 11.962 12.112 12.262 12.411 12.561 12.711 12.861 13.01 13.131 13.221 13.311 13.4 13.49 13.579 13.669 13.758 13.862 14.138 14.414 14.69 14.966 15.242 15.518 15.794 16.056 16.004 15.952 15.9 15.848 15.796 15.743 15.691 15.675 15.783 15.89 15.998 16.105 16.213 16.32 16.428 16.535 16.541 16.482 16.422 16.363 16.304 16.245 16.185 16.126 16.067 16.055 16.059 16.062 16.066 16.069 16.073 16.076 16.048 15.869 15.69 15.511 15.332 15.154 14.975 14.796 14.533 14.251 13.968 13.685 13.403 13.12 12.837 12.555 12.272 12.007 11.747 11.487 11.228 10.968 10.708 10.449 10.356 10.374 10.393 10.411 10.429 10.447 10.465 10.484 10.502 10.582 10.799 11.015 11.232 11.448 11.665 11.882 12.098 12.315 12.531 12.646 12.728 12.811 12.893 12.976 13.058 13.141 13.358 13.593
9.085 8.634 8.378 8.484 8.59 8.695 8.801 8.907 9.013 9.104 9.149 9.194 9.239 9.284 9.329 9.374 9.419 9.464 9.509 9.745 9.998 10.251 10.504 10.756 11.009 11.262 11.515 11.768 11.933 12.082 12.232 12.382 12.532 12.681 12.831 12.951 13.041 13.13 13.22 13.309 13.399 13.488 13.578 13.84 14.116 14.392 14.668 14.944 15.22 15.497 15.773 16.029 15.977 15.925 15.873 15.821 15.769 15.717 15.665 15.613 15.629 15.737 15.844 15.951 16.059 16.166 16.274 16.381 16.384 16.325 16.266 16.207 16.147 16.088 16.029 15.97 15.949 15.952 15.956 15.959 15.963 15.966 15.97 15.973 15.942 15.763 15.584 15.405 15.226 15.048 14.869 14.69 14.51 14.227 13.945 13.662 13.379 13.097 12.814 12.531 12.249 11.984 11.724 11.464 11.205 10.945 10.685 10.426 10.166 10.13 10.148 10.167 10.185 10.203 10.221 10.239 10.258 10.342 10.558 10.775 10.991 11.208 11.424 11.641 11.857 12.074 12.208 12.291 12.373 12.456 12.538 12.621 12.703 12.786 13.005 13.24
8.863 8.412 8.165 8.271 8.377 8.482 8.588 8.694 8.795 8.84 8.885 8.93 8.974 9.019 9.064 9.109 9.154 9.199 9.244 9.484 9.737 9.989 10.242 10.495 10.748 11.001 11.254 11.507 11.753 11.903 12.053 12.203 12.352 12.502 12.652 12.771 12.861 12.95 13.04 13.129 13.219 13.308 13.543 13.819 14.095 14.371 14.647 14.923 15.199 15.475 15.751 16.003 15.951 15.898 15.846 15.794 15.742 15.69 15.638 15.586 15.534 15.583 15.69 15.798 15.905 16.013 16.12 16.228 16.228 16.169 16.109 16.05 15.991 15.932 15.872 15.842 15.846 15.849 15.853 15.856 15.86 15.863 15.867 15.87 15.835 15.657 15.478 15.299 15.12 14.942 14.763 14.584 14.405 14.204 13.921 13.639 13.356 13.073 12.791 12.508 12.225 11.961 11.701 11.441 11.182 10.922 10.662 10.403 10.143 9.886 9.904 9.923 9.941 9.959 9.977 9.995 10.014 10.101 10.318 10.534 10.751 10.967 11.184 11.4 11.617 11.771 11.853 11.936 12.018 12.101 12.183 12.266 12.348 12.431 12.653 12.888
8.641 8.19 7.952 8.058 8.164 8.269 8.375 8.481 8.53 8.575 8.62 8.665 8.71 8.755 8.8 8.845 8.89 8.935 8.98 9.222 9.475 9.728 9.981 10.234 10.487 10.74 10.992 11.245 11.498 11.724 11.874 12.024 12.173 12.323 12.473 12.591 12.681 12.77 12.86 12.949 13.039 13.246 13.522 13.798 14.074 14.35 14.626 14.902 15.178 15.454 15.73 15.976 15.924 15.872 15.82 15.768 15.716 15.664 15.611 15.559 15.507 15.455 15.537 15.644 15.751 15.859 15.966 16.074 16.071 16.012 15.953 15.894 15.834 15.775 15.735 15.739 15.743 15.746 15.75 15.753 15.757 15.76 15.764 15.767 15.729 15.551 15.372 15.193 15.014 14.835 14.657 14.478 14.299 14.12 13.898 13.615 13.333 13.05 12.767 12.485 12.202 11.938 11.678 11.418 11.159 10.899 10.639 10.38 10.12 9.861 9.66 9.679 9.697 9.715 9.733 9.751 9.77 9.86 10.077 10.294 10.51 10.727 10.943 11.16 11.333 11.416 11.498 11.581 11.663 11.746 11.828 11.911 11.993 12.076 12.301 12.536
8.419 7.968 7.739 7.845 7.951 8.056 8.162 8.22 8.265 8.31 8.355 8.4 8.445 8.49 8.535 8.58 8.625 8.67 8.715 8.961 9.214 9.467 9.72 9.972 10.225 10.478 10.731 10.984 11.237 11.49 11.695 11.844 11.994 12.144 12.294 12.411 12.5 12.59 12.679 12.769 12.948 13.224 13.5 13.777 14.053 14.329 14.605 14.881 15.157 15.433 15.709 15.949 15.897 15.845 15.793 15.741 15.689 15.637 15.585 15.533 15.481 15.429 15.383 15.49 15.598 15.705 15.813 15.92 15.915 15.856 15.796 15.737 15.678 15.629 15.632 15.636 15.64 15.643 15.647 15.65 15.654 15.657 15.661 15.664 15.623 15.445 15.266 15.087 14.908 14.729 14.551 14.372 14.193 14.014 13.835 13.592 13.309 13.027 12.744 12.461 12.179 11.915 11.655 11.395 11.136 10.876 10.617 10.357 10.097 9.838 9.578 9.435 9.453 9.471 9.489 9.507 9.526 9.62 9.836 10.053 10.269 10.486 10.702 10.896 10.978 11.061 11.143 11.226 11.308 11.391 11.473 11.556 11.638 11.721 11.948 12.183
8.197 7.746 7.526 7.632 7.738 7.844 7.911 7.956 8.001 8.046 8.091 8.135 8.18 8.225 8.27 8.315 8.36 8.405 8.45 8.7 8.953 9.205 9.458 9.711 9.964 10.217 10.47 10.723 10.975 11.228 11.481 11.665 11.815 11.965 12.115 12.231 12.32 12.41 12.499 12.651 12.927 13.203 13.479 13.755 14.031 14.307 14.583 14.859 15.135 15.412 15.688 15.923 15.871 15.819 15.766 15.714 15.662 15.61 15.558 15.506 15.454 15.402 15.35 15.336 15.444 15.551 15.659 15.766 15.758 15.699 15.64 15.581 15.522 15.526 15.53 15.533 15.537 15.54 15.544 15.547 15.551 15.554 15.558 15.561 15.517 15.339 15.16 14.981 14.802 14.623 14.445 14.266 14.087 13.908 13.729 13.551 13.286 13.003 12.721 12.438 12.155 11.892 11.632 11.373 11.113 10.853 10.594 10.334 10.074 9.815 9.555 9.295 9.209 9.227 9.245 9.263 9.282 9.379 9.596 9.812 10.029 10.245 10.458 10.541 10.623 10.706 10.788 10.871 10.953 11.036 11.118 11.201 11.283 11.366 11.596 11.831
7.975 7.525 7.313 7.419 7.525 7.601 7.646 7.691 7.736 7.781 7.826 7.871 7.916 7.961 8.006 8.051 8.096 8.141 8.186 8.438 8.691 8.944 9.197 9.45 9.703 9.955 10.208 10.461 10.714 10.967 11.22 11.473 11.636 11.786 11.935 12.051 12.14 12.23 12.354 12.63 12.906 13.182 13.458 13.734 14.01 14.286 14.562 14.838 15.114 15.39 15.666 15.896 15.844 15.792 15.74 15.688 15.636 15.584 15.532 15.479 15.427 15.375 15.323 15.271 15.29 15.398 15.505 15.613 15.602 15.543 15.483 15.424 15.419 15.423 15.427 15.43 15.434 15.437 15.441 15.444 15.448 15.451 15.455 15.458 15.411 15.233 15.054 14.875 14.696 14.517 14.339 14.16 13.981 13.802 13.623 13.445 13.263 12.98 12.697 12.415 12.132 11.869 11.609 11.35 11.09 10.83 10.571 10.311 10.051 9.792 9.532 9.272 9.013 8.983 9.001 9.019 9.038 9.139 9.355 9.572 9.788 10.005 10.103 10.186 10.268 10.351 10.433 10.516 10.598 10.681 10.763 10.846 10.928 11.011 11.244 11.479
7.754 7.303 7.1 7.206 7.291 7.336 7.381 7.426 7.471 7.516 7.561 7.606 7.651 7.696 7.741 7.786 7.831 7.876 7.924 8.177 8.43 8.683 8.936 9.188 9.441 9.694 9.947 10.2 10.453 10.706 10.958 11.211 11.457 11.606 11.756 11.87 11.96 12.056 12.333 12.609 12.885 13.161 13.437 13.713 13.989 14.265 14.541 14.817 15.093 15.369 15.645 15.869 15.817 15.765 15.713 15.661 15.609 15.557 15.505 15.453 15.401 15.349 15.297 15.245 15.193 15.244 15.351 15.459 15.445 15.386 15.327 15.313 15.316 15.32 15.324 15.327 15.331 15.334 15.338 15.341 15.345 15.348 15.352 15.356 15.305 15.126 14.948 14.769 14.59 14.411 14.233 14.054 13.875 13.696 13.517 13.339 13.16 12.957 12.674 12.391 12.109 11.846 11.586 11.327 11.067 10.807 10.548 10.288 10.028 9.769 9.509 9.249 8.99 8.739 8.757 8.775 8.794 8.898 9.114 9.331 9.548 9.666 9.748 9.831 9.913 9.996 10.078 10.161 10.243 10.326 10.408 10.491 10.573 10.656 10.891 11.126
7.532 7.081 6.887 6.982 7.027 7.072 7.117 7.162 7.207 7.252 7.296 7.341 7.386 7.431 7.476 7.521 7.566 7.611 7.663 7.916 8.169 8.421 8.674 8.927 9.18 9.433 9.686 9.938 10.191 10.444 10.697 10.95 11.203 11.427 11.577 11.69 11.78 12.035 12.311 12.587 12.863 13.139 13.415 13.691 13.968 14.244 14.52 14.796 15.072 15.348 15.624 15.843 15.791 15.739 15.687 15.634 15.582 15.53 15.478 15.426 15.374 15.322 15.27 15.218 15.166 15.114 15.198 15.305 15.289 15.229 15.206 15.21 15.213 15.217 15.221 15.224 15.228 15.231 15.235 15.238 15.242 15.245 15.249 15.253 15.199 15.02 14.842 14.663 14.484 14.305 14.126 13.948 13.769 13.59 13.411 13.232 13.054 12.875 12.651 12.368 12.085 11.823 11.563 11.304 11.044 10.784 10.525 10.265 10.005 9.746 9.486 9.226 8.967 8.707 8.513 8.531 8.549 8.657 8.874 9.09 9.228 9.311 9.393 9.476 9.558 9.641 9.723 9.806 9.888 9.971 10.053 10.136 10.218 10.304 10.539 10.774
7.31 6.859 6.672 6.717 6.762 6.807 6.852 6.897 6.942 6.987 7.032 7.077 7.122 7.167 7.212 7.257 7.302 7.346 7.401 7.654 7.907 8.16 8.413 8.666 8.919 9.171 9.424 9.677 9.93 10.183 10.436 10.689 10.941 11.194 11.398 11.51 11.738 12.014 12.29 12.566 12.842 13.118 13.394 13.67 13.946 14.222 14.498 14.774 15.05 15.326 15.603 15.816 15.764 15.712 15.66 15.608 15.556 15.504 15.452 15.4 15.347 15.295 15.243 15.191 15.139 15.087 15.044 15.151 15.132 15.1 15.103 15.107 15.11 15.114 15.118 15.121 15.125 15.128 15.132 15.135 15.139 15.142 15.146 15.15 15.093 14.914 14.736 14.557 14.378 14.199 14.02 13.842 13.663 13.484 13.305 13.126 12.948 12.769 12.59 12.345 12.062 11.8 11.54 11.281 11.021 10.761 10.502 10.242 9.982 9.723 9.463 9.203 8.944 8.684 8.424 8.287 8.305 8.417 8.633 8.791 8.873 8.956 9.038 9.121 9.203 9.286 9.368 9.451 9.533 9.616 9.698 9.781 9.863 9.951 10.186 10.422
7.364 6.904 6.689 6.724 6.76 6.795 6.83 6.866 6.901 6.936 6.972 7.007 7.042 7.077 7.113 7.148 7.183 7.219 7.189 7.415 7.666 7.917 8.168 8.419 8.67 8.921 9.172 9.423 9.674 9.925 10.176 10.427 10.68 10.933 11.186 11.441 11.717 11.993 12.269 12.545 12.821 13.097 13.373 13.649 13.925 14.201 14.477 14.753 15.029 15.305 15.581 15.789 15.737 15.685 15.633 15.581 15.529 15.477 15.425 15.373 15.321 15.269 15.217 15.165 15.113 15.061 15.008 14.998 14.993 14.997 15.0 15.004 15.008 15.011 15.015 15.018 15.022 15.025 15.029 15.032 15.036 15.039 15.043 15.047 14.987 14.808 14.63 14.451 14.272 14.093 13.914 13.736 13.557 13.378 13.199 13.02 12.842 12.663 12.484 12.305 12.039 11.777 11.517 11.258 10.998 10.738 10.479 10.219 9.959 9.7 9.44 9.18 8.921 8.661 8.402 8.142 8.061 8.176 8.353 8.436 8.518 8.601 8.683 8.766 8.848 8.931 9.013 9.096 9.178 9.261 9.343 9.426 9.508 9.599 9.834 10.069
7.694 7.234 7.027 7.062 7.097 7.133 7.168 7.203 7.239 7.274 7.309 7.345 7.38 7.415 7.451 7.486 7.521 7.523 7.221 7.268 7.519 7.77 8.021 8.272 8.523 8.774 9.025 9.276 9.527 9.778 10.029 10.28 10.531 10.782 11.033 11.302 11.58 11.858 12.136 12.414 12.692 12.97 13.249 13.527 13.805 14.083 14.361 14.639 14.917 15.195 15.473 15.714 15.694 15.643 15.591 15.539 15.488 15.436 15.384 15.333 15.281 15.229 15.178 15.126 15.074 15.023 14.971 14.92 14.911 14.914 14.916 14.919 14.922 14.924 14.927 14.93 14.932 14.935 14.938 14.94 14.943 14.946 14.948 14.951 14.886 14.707 14.527 14.348 14.168 13.989 13.809 13.63 13.451 13.272 13.093 12.914 12.736 12.557 12.378 12.199 12.015 11.754 11.494 11.235 10.975 10.715 10.456 10.196 9.936 9.677 9.417 9.158 8.898 8.638 8.379 8.119 7.859 7.916 7.998 8.081 8.163 8.246 8.328 8.411 8.493 8.576 8.658 8.741 8.823 8.906 8.988 9.071 9.153 9.247 9.482 9.717
8.024 7.564 7.365 7.4 7.435 7.471 7.506 7.541 7.577 7.612 7.647 7.683 7.718 7.753 7.789 7.824 7.859 7.549 7.253 7.279 7.372 7.623 7.874 8.125 8.376 8.627 8.878 9.129 9.38 9.631 9.882 10.133 10.384 10.635 10.886 11.155 11.433 11.711 11.99 12.268 12.546 12.824 13.102 13.38 13.658 13.936 14.214 14.492 14.77 15.049 15.343 15.585 15.631 15.591 15.539 15.488 15.436 15.385 15.333 15.281 15.23 15.178 15.126 15.075 15.023 14.971 14.92 14.868 14.86 14.863 14.866 14.868 14.871 14.874 14.876 14.879 14.882 14.884 14.887 14.89 14.892 14.895 14.898 14.895 14.82 14.64 14.461 14.281 14.102 13.922 13.743 13.563 13.384 13.204 13.025 12.845 12.666 12.487 12.307 12.128 12.054 11.805 11.544 11.283 11.022 10.761 10.5 10.238 9.977 9.716 9.455 9.194 8.933 8.671 8.41 8.149 7.888 7.705 7.783 7.861 7.939 8.017 8.095 8.173 8.252 8.33 8.408 8.486 8.564 8.642 8.72 8.798 8.876 8.968 9.199 9.429
8.354 7.894 7.703 7.738 7.773 7.809 7.844 7.879 7.915 7.95 7.985 8.02 8.056 8.091 8.126 8.162 7.906 7.576 7.286 7.312 7.337 7.476 7.727 7.978 8.229 8.48 8.731 8.982 9.233 9.484 9.735 9.986 10.237 10.488 10.739 11.009 11.287 11.565 11.843 12.121 12.399 12.677 12.955 13.233 13.511 13.789 14.068 14.346 14.624 14.915 15.219 15.457 15.502 15.54 15.488 15.436 15.385 15.333 15.281 15.23 15.178 15.126 15.075 15.023 14.971 14.92 14.868 14.816 14.81 14.812 14.815 14.818 14.82 14.823 14.826 14.828 14.831 14.834 14.836 14.839 14.842 14.844 14.844 14.832 14.753 14.574 14.394 14.215 14.035 13.856 13.676 13.497 13.317 13.138 12.958 12.779 12.599 12.42 12.241 12.143 12.124 11.871 11.61 11.349 11.088 10.826 10.565 10.304 10.043 9.782 9.521 9.259 8.998 8.737 8.476 8.215 7.848 7.667 7.683 7.761 7.839 7.917 7.995 8.073 8.151 8.229 8.307 8.386 8.464 8.542 8.62 8.698 8.776 8.871 9.101 9.332
8.684 8.224 8.04 8.076 8.111 8.146 8.182 8.217 8.252 8.288 8.323 8.358 8.394 8.429 8.464 8.263 7.933 7.603 7.318 7.344 7.37 7.395 7.58 7.831 8.082 8.333 8.584 8.835 9.086 9.337 9.588 9.839 10.09 10.341 10.592 10.862 11.14 11.418 11.696 11.974 12.252 12.53 12.809 13.087 13.365 13.643 13.921 14.199 14.486 14.79 15.094 15.328 15.373 15.418 15.436 15.385 15.333 15.281 15.23 15.178 15.126 15.075 15.023 14.971 14.92 14.868 14.817 14.765 14.759 14.762 14.764 14.767 14.77 14.772 14.775 14.778 14.78 14.783 14.786 14.788 14.791 14.793 14.781 14.768 14.687 14.507 14.328 14.148 13.969 13.789 13.61 13.43 13.251 13.071 12.892 12.712 12.533 12.353 12.233 12.213 12.194 11.937 11.676 11.414 11.153 10.892 10.631 10.37 10.109 9.847 9.586 9.325 9.064 8.803 8.542 8.193 7.807 7.633 7.627 7.66 7.739 7.817 7.895 7.973 8.051 8.129 8.207 8.285 8.363 8.441 8.52 8.598 8.676 8.773 9.004 9.234
9.014 8.554 8.378 8.414 8.449 8.484 8.52 8.555 8.59 8.626 8.661 8.696 8.732 8.767 8.621 8.29 7.96 7.629 7.351 7.376 7.402 7.428 7.454 7.684 7.935 8.186 8.437 8.688 8.939 9.19 9.441 9.692 9.943 10.194 10.445 10.715 10.993 11.271 11.549 11.828 12.106 12.384 12.662 12.94 13.218 13.496 13.774 14.057 14.361 14.666 14.97 15.199 15.244 15.29 15.335 15.333 15.282 15.23 15.178 15.127 15.075 15.023 14.972 14.92 14.868 14.817 14.765 14.713 14.708 14.711 14.714 14.716 14.719 14.722 14.724 14.727 14.73 14.732 14.735 14.738 14.74 14.73 14.717 14.704 14.62 14.441 14.261 14.082 13.902 13.723 13.543 13.364 13.184 13.005 12.825 12.646 12.466 12.322 12.303 12.283 12.263 12.002 11.741 11.48 11.219 10.958 10.697 10.435 10.174 9.913 9.652 9.391 9.13 8.868 8.538 8.153 7.767 7.599 7.594 7.588 7.638 7.716 7.794 7.873 7.951 8.029 8.107 8.185 8.263 8.341 8.419 8.497 8.576 8.675 8.906 9.137
9.344 8.884 8.716 8.752 8.787 8.822 8.858 8.893 8.928 8.964 8.999 9.034 9.069 8.978 8.647 8.317 7.986 7.656 7.383 7.409 7.434 7.46 7.486 7.536 7.787 8.038 8.289 8.541 8.792 9.043 9.294 9.545 9.796 10.047 10.298 10.568 10.847 11.125 11.403 11.681 11.959 12.237 12.515 12.793 13.071 13.349 13.629 13.933 14.237 14.541 14.845 15.07 15.115 15.161 15.206 15.252 15.23 15.178 15.127 15.075 15.023 14.972 14.92 14.868 14.817 14.765 14.713 14.662 14.658 14.66 14.663 14.666 14.668 14.671 14.674 14.676 14.679 14.682 14.684 14.687 14.679 14.666 14.653 14.641 14.553 14.374 14.195 14.015 13.836 13.656 13.477 13.297 13.118 12.938 12.759 12.579 12.412 12.392 12.372 12.353 12.329 12.068 11.807 11.546 11.285 11.023 10.762 10.501 10.24 9.979 9.718 9.456 9.195 8.883 8.498 8.112 7.727 7.565 7.56 7.554 7.549 7.616 7.694 7.772 7.85 7.928 8.007 8.085 8.163 8.241 8.319 8.397 8.475 8.578 8.808 9.039
9.674 9.214 9.054 9.089 9.125 9.16 9.195 9.231 9.266 9.301 9.337 9.372 9.335 9.004 8.674 8.343 8.013 7.683 7.415 7.441 7.467 7.493 7.518 7.544 7.64 7.891 8.142 8.393 8.644 8.895 9.146 9.397 9.648 9.899 10.15 10.422 10.7 10.978 11.256 11.534 11.812 12.09 12.368 12.647 12.925 13.203 13.504 13.808 14.112 14.416 14.72 14.941 14.987 15.032 15.077 15.123 15.168 15.127 15.075 15.023 14.972 14.92 14.868 14.817 14.765 14.714 14.662 14.61 14.607 14.61 14.612 14.615 14.618 14.62 14.623 14.626 14.628 14.631 14.634 14.627 14.615 14.602 14.589 14.577 14.487 14.307 14.128 13.949 13.769 13.59 13.41 13.231 13.051 12.872 12.692 12.513 12.481 12.462 12.442 12.422 12.395 12.134 11.873 11.611 11.35 11.089 10.828 10.567 10.306 10.044 9.783 9.522 9.228 8.843 8.457 8.072 7.687 7.532 7.526 7.521 7.515 7.516 7.594 7.672 7.75 7.828 7.906 7.984 8.063 8.141 8.219 8.297 8.375 8.48 8.711 8.941
10.004 9.544 9.392 9.427 9.463 9.498 9.533 9.569 9.604 9.639 9.675 9.692 9.361 9.031 8.7 8.37 8.04 7.709 7.448 7.473 7.499 7.525 7.551 7.576 7.602 7.744 7.995 8.246 8.497 8.748 8.999 9.25 9.501 9.752 10.003 10.275 10.553 10.831 11.109 11.387 11.666 11.944 12.222 12.5 12.778 13.076 13.38 13.684 13.988 14.292 14.596 14.812 14.858 14.903 14.949 14.994 15.039 15.075 15.024 14.972 14.92 14.869 14.817 14.765 14.714 14.662 14.61 14.559 14.556 14.559 14.562 14.564 14.567 14.57 14.572 14.575 14.578 14.581 14.576 14.564 14.551 14.538 14.526 14.513 14.42 14.241 14.061 13.882 13.703 13.523 13.344 13.164 12.985 12.805 12.626 12.571 12.551 12.531 12.512 12.492 12.461 12.199 11.938 11.677 11.416 11.155 10.894 10.632 10.371 10.11 9.849 9.573 9.188 8.802 8.417 8.032 7.647 7.498 7.492 7.487 7.481 7.476 7.494 7.572 7.65 7.728 7.806 7.884 7.962 8.04 8.118 8.197 8.275 8.382 8.613 8.844
10.334 9.874 9.73 9.765 9.801 9.836 9.871 9.907 9.942 9.977 10.012 9.718 9.388 9.057 8.727 8.397 8.066 7.736 7.48 7.506 7.532 7.557 7.583 7.609 7.635 7.66 7.848 8.099 8.35 8.601 8.852 9.103 9.354 9.605 9.856 10.128 10.406 10.685 10.963 11.241 11.519 11.797 12.075 12.353 12.647 12.951 13.255 13.559 13.863 14.167 14.471 14.684 14.729 14.774 14.82 14.865 14.91 14.956 14.972 14.92 14.869 14.817 14.765 14.714 14.662 14.61 14.559 14.507 14.506 14.508 14.511 14.514 14.516 14.519 14.522 14.525 14.527 14.525 14.513 14.5 14.487 14.475 14.462 14.449 14.354 14.174 13.995 13.815 13.636 13.457 13.277 13.098 12.918 12.739 12.66 12.64 12.621 12.601 12.582 12.562 12.526 12.265 12.004 11.743 11.481 11.22 10.959 10.698 10.437 10.176 9.914 9.533 9.148 8.762 8.377 7.992 7.606 7.464 7.459 7.453 7.448 7.442 7.436 7.471 7.55 7.628 7.706 7.784 7.862 7.94 8.018 8.096 8.174 8.285 8.515 8.746
10.664 10.204 10.068 10.103 10.138 10.174 10.209 10.244 10.28 10.315 10.075 9.745 9.414 9.084 8.754 8.423 8.093 7.763 7.512 7.538 7.564 7.59 7.615 7.641 7.667 7.693 7.718 7.952 8.203 8.454 8.705 8.956 9.207 9.458 9.709 9.982 10.26 10.538 10.816 11.094 11.372 11.65 11.928 12.218 12.522 12.826 13.13 13.435 13.739 14.043 14.347 14.555 14.6 14.645 14.691 14.736 14.782 14.827 14.872 14.869 14.817 14.766 14.714 14.662 14.611 14.559 14.507 14.456 14.455 14.458 14.46 14.463 14.466 14.469 14.471 14.474 14.474 14.462 14.449 14.436 14.424 14.411 14.398 14.386 14.287 14.108 13.928 13.749 13.569 13.39 13.211 13.031 12.852 12.749 12.73 12.71 12.691 12.671 12.651 12.632 12.592 12.331 12.069 11.808 11.547 11.286 11.025 10.764 10.502 10.241 9.878 9.493 9.107 8.722 8.337 7.951 7.566 7.431 7.425 7.419 7.414 7.408 7.403 7.397 7.449 7.527 7.605 7.684 7.762 7.84 7.918 7.996 8.074 8.187 8.418 8.648
10.994 10.534 10.406 10.441 10.476 10.512 10.547 10.582 10.618 10.432 10.102 9.772 9.441 9.111 8.78 8.45 8.12 7.789 7.545 7.571 7.596 7.622 7.648 7.674 7.699 7.725 7.751 7.805 8.056 8.307 8.558 8.809 9.06 9.311 9.562 9.835 10.113 10.391 10.669 10.947 11.225 11.504 11.79 12.094 12.398 12.702 13.006 13.31 13.614 13.918 14.222 14.426 14.471 14.517 14.562 14.607 14.653 14.698 14.743 14.789 14.766 14.714 14.662 14.611 14.559 14.507 14.456 14.404 14.404 14.407 14.41 14.413 14.415 14.418 14.421 14.423 14.411 14.398 14.385 14.373 14.36 14.347 14.335 14.322 14.221 14.041 13.862 13.682 13.503 13.323 13.144 12.965 12.839 12.819 12.8 12.78 12.76 12.741 12.721 12.701 12.657 12.396 12.135 11.874 11.613 11.352 11.09 10.829 10.568 10.223 9.838 9.452 9.067 8.682 8.297 7.911 7.526 7.397 7.391 7.386 7.38 7.375 7.369 7.363 7.358 7.427 7.505 7.583 7.661 7.74 7.818 7.896 7.974 8.089 8.32 8.551
11.324 10.864 10.744 10.779 10.814 10.85 10.885 10.92 10.789 10.459 10.129 9.798 9.468 9.137 8.807 8.477 8.146 7.816 7.577 7.603 7.629 7.654 7.68 7.706 7.732 7.757 7.783 7.809 7.909 8.16 8.411 8.662 8.913 9.164 9.415 9.688 9.966 10.244 10.523 10.801 11.079 11.361 11.665 11.969 12.273 12.577 12.881 13.185 13.489 13.794 14.098 14.297 14.342 14.388 14.433 14.479 14.524 14.569 14.615 14.66 14.705 14.662 14.611 14.559 14.507 14.456 14.404 14.352 14.354 14.357 14.359 14.362 14.365 14.367 14.37 14.36 14.347 14.334 14.322 14.309 14.296 14.283 14.271 14.258 14.154 13.975 13.795 13.616 13.436 13.257 13.077 12.928 12.909 12.889 12.869 12.85 12.83 12.81 12.791 12.771 12.723 12.462 12.201 11.94 11.678 11.417 11.156 10.895 10.568 10.183 9.798 9.412 9.027 8.642 8.256 7.871 7.486 7.363 7.358 7.352 7.346 7.341 7.335 7.33 7.324 7.327 7.405 7.483 7.561 7.639 7.717 7.795 7.874 7.992 8.222 8.453
11.654 11.194 11.081 11.117 11.152 11.187 11.223 11.146 10.816 10.486 10.155 9.825 9.494 9.164 8.834 8.503 8.173 7.843 7.609 7.635 7.661 7.687 7.713 7.738 7.764 7.79 7.816 7.841 7.867 8.013 8.264 8.515 8.766 9.017 9.268 9.542 9.82 10.098 10.376 10.654 10.932 11.236 11.54 11.845 12.149 12.453 12.757 13.061 13.365 13.669 13.973 14.168 14.214 14.259 14.304 14.35 14.395 14.44 14.486 14.531 14.577 14.611 14.559 14.508 14.456 14.404 14.353 14.301 14.303 14.306 14.309 14.311 14.314 14.317 14.308 14.296 14.283 14.27 14.258 14.245 14.232 14.22 14.207 14.194 14.088 13.908 13.729 13.549 13.37 13.19 13.018 12.998 12.978 12.959 12.939 12.919 12.9 12.88 12.861 12.841 12.789 12.528 12.266 12.005 11.744 11.483 11.222 10.913 10.528 10.143 9.757 9.372 8.987 8.601 8.216 7.831 7.445 7.33 7.324 7.318 7.313 7.307 7.302 7.296 7.29 7.285 7.305 7.383 7.461 7.539 7.617 7.695 7.773 7.894 8.125 8.355
11.984 11.524 11.419 11.455 11.49 11.525 11.503 11.173 10.843 10.512 10.182 9.851 9.521 9.191 8.86 8.53 8.2 7.869 7.642 7.668 7.693 7.719 7.745 7.771 7.796 7.822 7.848 7.874 7.899 7.925 8.116 8.367 8.618 8.869 9.12 9.395 9.673 9.951 10.229 10.507 10.808 11.112 11.416 11.72 12.024 12.328 12.632 12.936 13.24 13.544 13.848 14.039 14.085 14.13 14.176 14.221 14.266 14.312 14.357 14.402 14.448 14.493 14.508 14.456 14.404 14.353 14.301 14.25 14.253 14.255 14.258 14.261 14.263 14.257 14.245 14.232 14.219 14.207 14.194 14.181 14.169 14.156 14.143 14.131 14.021 13.842 13.662 13.483 13.303 13.124 13.087 13.068 13.048 13.028 13.009 12.989 12.97 12.95 12.93 12.911 12.854 12.593 12.332 12.071 11.81 11.549 11.258 10.873 10.488 10.102 9.717 9.332 8.947 8.561 8.176 7.791 7.405 7.296 7.29 7.285 7.279 7.273 7.268 7.262 7.257 7.251 7.245 7.282 7.361 7.439 7.517 7.595 7.673 7.796 8.027 8.258
12.314 11.854 11.757 11.793 11.828 11.86 11.53 11.2 10.869 10.539 10.208 9.878 9.548 9.217 8.887 8.557 8.226 7.896 7.674 7.7 7.726 7.752 7.777 7.803 7.829 7.855 7.88 7.906 7.932 7.958 7.983 8.22 8.471 8.722 8.973 9.248 9.526 9.804 10.083 10.379 10.683 10.987 11.291 11.595 11.899 12.204 12.508 12.812 13.116 13.42 13.724 13.911 13.956 14.001 14.047 14.092 14.137 14.183 14.228 14.274 14.319 14.364 14.41 14.404 14.353 14.301 14.249 14.199 14.202 14.205 14.207 14.21 14.206 14.194 14.181 14.168 14.156 14.143 14.13 14.118 14.105 14.092 14.08 14.067 13.955 13.775 13.596 13.416 13.237 13.177 13.157 13.137 13.118 13.098 13.079 13.059 13.039 13.02 13.0 12.98 12.92 12.659 12.398 12.137 11.875 11.603 11.218 10.833 10.448 10.062 9.677 9.292 8.906 8.521 8.136 7.75 7.365 7.262 7.257 7.251 7.245 7.24 7.234 7.228 7.223 7.217 7.212 7.206 7.26 7.338 7.416 7.495 7.573 7.699 7.93 8.16
12.644 12.184 12.095 12.13 12.166 11.887 11.557 11.226 10.896 10.565 10.235 9.905 9.574 9.244 8.914 8.583 8.253 7.922 7.707 7.732 7.758 7.784 7.81 7.835 7.861 7.887 7.913 7.938 7.964 7.99 8.016 8.073 8.324 8.575 8.826 9.102 9.38 9.658 9.951 10.255 10.559 10.863 11.167 11.471 11.775 12.079 12.383 12.687 12.991 13.295 13.599 13.782 13.827 13.873 13.918 13.963 14.009 14.054 14.099 14.145 14.19 14.235 14.281 14.326 14.301 14.25 14.198 14.149 14.151 14.154 14.157 14.155 14.143 14.13 14.117 14.105 14.092 14.079 14.067 14.054 14.041 14.029 14.016 14.003 13.888 13.709 13.529 13.35 13.266 13.246 13.227 13.207 13.188 13.168 13.148 13.129 13.109 13.089 13.07 13.05 12.986 12.725 12.463 12.202 11.941 11.563 11.178 10.793 10.407 10.022 9.637 9.251 8.866 8.481 8.095 7.71 7.325 7.228 7.223 7.217 7.212 7.206 7.2 7.195 7.189 7.184 7.178 7.172 7.167 7.238 7.316 7.394 7.472 7.601 7.832 8.063
