    600    136    276
0.993 0.997 1.002 1.007 1.011 1.016 1.02 1.018 1.016 1.014 1.013 1.011 1.009 1.007 1.005 1.003 1.001 0.999 0.997 0.995 0.993 0.991 0.989 0.982 0.974 0.967 0.959 0.951 0.944 0.936 0.929 0.921 0.913 0.906 0.898 0.891 0.883 0.875 0.868 0.864 0.862 0.86 0.858 0.856 0.854 0.852 0.849 0.846 0.844 0.841 0.838 0.836 0.833 0.83 0.828 0.825 0.832 0.84 0.848 0.856 0.863 0.871 0.879 0.887 0.894 0.902 0.91 0.918 0.925 0.933 0.941 0.948 0.972 0.985 0.999 1.012 1.026 1.039 1.053 1.066 1.08 1.093 1.107 1.12 1.134 1.147 1.161 1.175 1.196 1.203 1.209 1.216 1.223 1.229 1.236 1.243 1.249 1.256 1.263 1.269 1.276 1.283 1.289 1.296 1.302 1.305 1.304 1.303 1.302 1.3 1.299 1.297 1.296 1.294 1.293 1.292 1.29 1.289 1.287 1.286 1.284 1.283 1.285 1.287 1.289 1.291 1.293 1.295 1.297 1.299 1.301 1.303 1.305 1.307 1.309 1.31
0.954 0.959 0.964 0.968 0.973 0.978 0.981 0.983 0.981 0.979 0.977 0.975 0.974 0.972 0.97 0.968 0.966 0.964 0.962 0.96 0.958 0.956 0.954 0.947 0.939 0.932 0.924 0.916 0.909 0.901 0.893 0.886 0.878 0.871 0.863 0.855 0.848 0.84 0.84 0.846 0.844 0.842 0.84 0.838 0.836 0.834 0.832 0.83 0.828 0.827 0.825 0.823 0.821 0.819 0.817 0.833 0.843 0.851 0.859 0.867 0.875 0.883 0.891 0.899 0.907 0.915 0.923 0.931 0.94 0.948 0.956 0.964 0.965 0.979 0.993 1.006 1.02 1.034 1.047 1.061 1.075 1.088 1.102 1.116 1.129 1.143 1.157 1.17 1.184 1.19 1.197 1.204 1.21 1.217 1.223 1.23 1.237 1.243 1.25 1.256 1.263 1.27 1.276 1.283 1.289 1.292 1.29 1.289 1.287 1.286 1.284 1.283 1.282 1.28 1.279 1.277 1.276 1.274 1.273 1.272 1.27 1.269 1.271 1.273 1.275 1.277 1.279 1.281 1.283 1.285 1.286 1.288 1.29 1.292 1.294 1.296
0.916 0.92 0.925 0.93 0.934 0.939 0.943 0.945 0.946 0.944 0.942 0.94 0.938 0.936 0.935 0.933 0.931 0.929 0.927 0.925 0.923 0.921 0.919 0.912 0.904 0.896 0.889 0.881 0.874 0.866 0.858 0.851 0.843 0.835 0.828 0.82 0.813 0.809 0.822 0.828 0.826 0.824 0.822 0.82 0.818 0.816 0.814 0.812 0.81 0.808 0.806 0.804 0.803 0.801 0.813 0.838 0.849 0.858 0.866 0.874 0.882 0.89 0.898 0.906 0.914 0.922 0.93 0.938 0.946 0.954 0.962 0.97 0.971 0.969 0.983 0.997 1.01 1.024 1.038 1.051 1.065 1.079 1.092 1.106 1.12 1.133 1.147 1.161 1.174 1.18 1.187 1.194 1.2 1.207 1.214 1.22 1.227 1.233 1.24 1.247 1.253 1.26 1.266 1.273 1.276 1.274 1.272 1.271 1.27 1.268 1.267 1.265 1.264 1.263 1.261 1.26 1.259 1.257 1.256 1.255 1.253 1.252 1.254 1.256 1.258 1.26 1.262 1.264 1.266 1.268 1.27 1.272 1.274 1.276 1.278 1.28
0.877 0.882 0.886 0.891 0.896 0.9 0.904 0.906 0.909 0.909 0.907 0.905 0.903 0.901 0.899 0.897 0.896 0.894 0.892 0.89 0.888 0.886 0.884 0.876 0.869 0.861 0.854 0.846 0.838 0.831 0.823 0.815 0.808 0.8 0.793 0.785 0.779 0.792 0.804 0.81 0.808 0.806 0.804 0.802 0.8 0.798 0.796 0.794 0.792 0.79 0.788 0.786 0.784 0.793 0.818 0.844 0.854 0.864 0.872 0.88 0.888 0.896 0.905 0.913 0.921 0.929 0.937 0.945 0.953 0.961 0.969 0.977 0.977 0.971 0.973 0.987 1.001 1.014 1.028 1.042 1.055 1.069 1.082 1.096 1.11 1.123 1.137 1.151 1.164 1.171 1.177 1.184 1.19 1.197 1.204 1.21 1.217 1.223 1.23 1.237 1.243 1.25 1.256 1.261 1.259 1.257 1.254 1.253 1.252 1.25 1.249 1.248 1.246 1.245 1.243 1.242 1.241 1.239 1.238 1.237 1.235 1.234 1.236 1.238 1.24 1.242 1.244 1.246 1.248 1.25 1.252 1.254 1.256 1.258 1.26 1.262
0.839 0.843 0.848 0.853 0.857 0.862 0.865 0.868 0.87 0.873 0.872 0.87 0.868 0.866 0.864 0.862 0.86 0.858 0.857 0.855 0.853 0.851 0.849 0.841 0.834 0.826 0.818 0.811 0.803 0.796 0.788 0.78 0.773 0.765 0.757 0.75 0.761 0.774 0.786 0.792 0.79 0.788 0.786 0.784 0.782 0.78 0.778 0.776 0.774 0.772 0.77 0.768 0.773 0.798 0.824 0.849 0.859 0.869 0.879 0.887 0.895 0.903 0.911 0.919 0.927 0.935 0.943 0.951 0.96 0.968 0.976 0.984 0.984 0.977 0.97 0.977 0.991 1.004 1.018 1.032 1.045 1.059 1.073 1.086 1.1 1.114 1.127 1.141 1.154 1.161 1.167 1.174 1.181 1.187 1.194 1.2 1.207 1.214 1.22 1.227 1.233 1.24 1.246 1.244 1.242 1.24 1.237 1.235 1.234 1.232 1.231 1.23 1.228 1.227 1.225 1.224 1.223 1.221 1.22 1.219 1.217 1.216 1.218 1.22 1.222 1.224 1.226 1.228 1.23 1.232 1.234 1.236 1.239 1.241 1.243 1.245
0.8 0.805 0.809 0.814 0.819 0.823 0.827 0.829 0.832 0.834 0.837 0.835 0.833 0.831 0.829 0.827 0.825 0.823 0.821 0.819 0.818 0.816 0.814 0.806 0.798 0.791 0.783 0.776 0.768 0.76 0.753 0.745 0.738 0.73 0.722 0.73 0.743 0.756 0.768 0.773 0.772 0.77 0.768 0.766 0.764 0.762 0.76 0.758 0.756 0.754 0.752 0.752 0.778 0.803 0.829 0.854 0.864 0.874 0.884 0.894 0.902 0.91 0.918 0.926 0.934 0.942 0.95 0.958 0.966 0.974 0.982 0.99 0.99 0.983 0.977 0.97 0.981 0.995 1.008 1.022 1.036 1.049 1.063 1.077 1.09 1.104 1.118 1.131 1.144 1.151 1.158 1.164 1.171 1.177 1.184 1.191 1.197 1.204 1.21 1.217 1.224 1.23 1.228 1.226 1.224 1.222 1.22 1.218 1.216 1.214 1.213 1.212 1.21 1.209 1.208 1.206 1.205 1.203 1.202 1.201 1.199 1.198 1.2 1.202 1.204 1.207 1.209 1.211 1.213 1.215 1.217 1.219 1.221 1.223 1.225 1.226
0.761 0.766 0.771 0.775 0.78 0.785 0.788 0.791 0.793 0.796 0.798 0.8 0.798 0.796 0.794 0.792 0.79 0.788 0.786 0.784 0.782 0.78 0.778 0.771 0.763 0.756 0.748 0.74 0.733 0.725 0.718 0.71 0.702 0.695 0.7 0.713 0.725 0.738 0.751 0.755 0.753 0.751 0.75 0.748 0.746 0.744 0.742 0.74 0.738 0.736 0.734 0.758 0.783 0.809 0.834 0.859 0.869 0.879 0.889 0.899 0.908 0.916 0.925 0.933 0.941 0.949 0.957 0.965 0.973 0.981 0.989 0.997 0.996 0.99 0.983 0.977 0.971 0.985 0.999 1.012 1.026 1.04 1.053 1.067 1.081 1.094 1.108 1.122 1.134 1.141 1.148 1.154 1.161 1.167 1.174 1.181 1.187 1.194 1.2 1.207 1.214 1.213 1.211 1.209 1.207 1.205 1.203 1.201 1.198 1.196 1.195 1.194 1.192 1.191 1.19 1.188 1.187 1.186 1.184 1.183 1.181 1.181 1.183 1.185 1.187 1.189 1.191 1.193 1.195 1.197 1.199 1.201 1.203 1.205 1.206 1.207
0.723 0.728 0.732 0.737 0.741 0.746 0.75 0.752 0.755 0.757 0.759 0.762 0.763 0.761 0.759 0.757 0.755 0.753 0.751 0.749 0.747 0.745 0.743 0.736 0.728 0.72 0.713 0.705 0.698 0.69 0.682 0.675 0.667 0.669 0.682 0.695 0.707 0.72 0.733 0.737 0.735 0.733 0.731 0.729 0.727 0.726 0.724 0.722 0.72 0.718 0.737 0.763 0.788 0.814 0.84 0.864 0.874 0.884 0.894 0.904 0.914 0.923 0.931 0.939 0.947 0.955 0.963 0.971 0.98 0.988 0.996 1.004 1.003 0.996 0.99 0.983 0.977 0.975 0.989 1.003 1.016 1.03 1.044 1.057 1.071 1.084 1.098 1.112 1.125 1.131 1.138 1.144 1.151 1.158 1.164 1.171 1.177 1.184 1.191 1.197 1.198 1.196 1.194 1.192 1.19 1.188 1.186 1.183 1.181 1.179 1.177 1.176 1.174 1.173 1.172 1.17 1.169 1.168 1.166 1.165 1.163 1.163 1.165 1.167 1.169 1.171 1.173 1.175 1.177 1.179 1.181 1.183 1.185 1.186 1.187 1.187
0.684 0.689 0.694 0.698 0.703 0.708 0.711 0.714 0.716 0.718 0.721 0.723 0.726 0.726 0.724 0.722 0.72 0.718 0.716 0.714 0.712 0.71 0.708 0.7 0.693 0.685 0.678 0.67 0.662 0.655 0.647 0.64 0.639 0.652 0.664 0.677 0.689 0.702 0.715 0.719 0.717 0.715 0.713 0.711 0.709 0.707 0.705 0.704 0.702 0.717 0.743 0.768 0.794 0.819 0.845 0.869 0.879 0.889 0.899 0.909 0.919 0.929 0.938 0.946 0.954 0.962 0.97 0.978 0.986 0.994 1.002 1.01 1.009 1.003 0.996 0.99 0.983 0.976 0.979 0.993 1.006 1.02 1.034 1.047 1.061 1.075 1.088 1.102 1.115 1.121 1.128 1.135 1.141 1.148 1.154 1.161 1.168 1.174 1.181 1.183 1.181 1.179 1.177 1.175 1.173 1.171 1.168 1.166 1.164 1.162 1.159 1.158 1.157 1.155 1.154 1.152 1.151 1.15 1.148 1.147 1.146 1.145 1.147 1.149 1.151 1.153 1.155 1.157 1.159 1.161 1.163 1.165 1.167 1.167 1.168 1.168
0.646 0.65 0.655 0.66 0.664 0.669 0.672 0.675 0.677 0.68 0.682 0.685 0.687 0.689 0.689 0.687 0.685 0.683 0.681 0.679 0.677 0.675 0.673 0.665 0.658 0.65 0.642 0.635 0.627 0.62 0.612 0.608 0.621 0.634 0.646 0.659 0.672 0.684 0.697 0.701 0.699 0.697 0.695 0.693 0.691 0.689 0.687 0.685 0.697 0.723 0.748 0.774 0.799 0.825 0.85 0.874 0.884 0.894 0.904 0.914 0.924 0.934 0.944 0.953 0.961 0.969 0.977 0.985 0.993 1.001 1.009 1.017 1.016 1.009 1.003 0.996 0.989 0.983 0.976 0.983 0.997 1.01 1.024 1.038 1.051 1.065 1.079 1.092 1.105 1.111 1.118 1.125 1.131 1.138 1.144 1.151 1.158 1.164 1.168 1.166 1.164 1.162 1.16 1.158 1.156 1.153 1.151 1.149 1.147 1.144 1.142 1.14 1.139 1.137 1.136 1.134 1.133 1.132 1.13 1.129 1.128 1.127 1.129 1.131 1.133 1.135 1.137 1.139 1.141 1.143 1.145 1.147 1.148 1.148 1.148 1.149
0.607 0.612 0.616 0.621 0.626 0.63 0.634 0.636 0.639 0.641 0.644 0.646 0.648 0.651 0.653 0.652 0.65 0.648 0.646 0.644 0.642 0.64 0.638 0.63 0.622 0.615 0.607 0.6 0.592 0.584 0.578 0.59 0.603 0.616 0.628 0.641 0.654 0.666 0.679 0.683 0.681 0.679 0.677 0.675 0.673 0.671 0.669 0.677 0.702 0.728 0.753 0.779 0.804 0.83 0.855 0.879 0.889 0.899 0.909 0.919 0.929 0.939 0.949 0.959 0.967 0.975 0.983 0.991 1.0 1.008 1.016 1.024 1.022 1.016 1.009 1.002 0.996 0.989 0.983 0.976 0.987 1.001 1.014 1.028 1.042 1.055 1.069 1.083 1.095 1.102 1.108 1.115 1.121 1.128 1.135 1.141 1.148 1.152 1.15 1.148 1.146 1.144 1.142 1.14 1.138 1.136 1.134 1.132 1.129 1.127 1.125 1.123 1.121 1.119 1.118 1.117 1.115 1.114 1.112 1.111 1.11 1.109 1.111 1.113 1.115 1.117 1.119 1.121 1.123 1.125 1.127 1.128 1.128 1.129 1.129 1.13
0.569 0.573 0.578 0.583 0.587 0.592 0.595 0.598 0.6 0.603 0.605 0.607 0.61 0.612 0.615 0.617 0.615 0.613 0.611 0.609 0.607 0.605 0.603 0.595 0.587 0.58 0.572 0.564 0.557 0.549 0.56 0.573 0.585 0.598 0.61 0.623 0.636 0.648 0.661 0.665 0.663 0.661 0.659 0.657 0.655 0.653 0.657 0.682 0.708 0.733 0.759 0.784 0.81 0.835 0.861 0.884 0.894 0.904 0.914 0.924 0.934 0.944 0.955 0.965 0.974 0.982 0.99 0.998 1.006 1.014 1.022 1.03 1.029 1.022 1.015 1.009 1.002 0.996 0.989 0.983 0.977 0.991 1.005 1.018 1.032 1.046 1.059 1.073 1.085 1.092 1.098 1.105 1.112 1.118 1.125 1.131 1.137 1.135 1.133 1.131 1.129 1.127 1.125 1.123 1.121 1.119 1.117 1.114 1.112 1.11 1.108 1.105 1.103 1.101 1.1 1.099 1.097 1.096 1.094 1.093 1.092 1.091 1.093 1.095 1.097 1.099 1.101 1.103 1.105 1.107 1.108 1.109 1.109 1.109 1.11 1.11
0.53 0.535 0.539 0.544 0.549 0.553 0.557 0.559 0.562 0.564 0.566 0.569 0.571 0.574 0.576 0.579 0.58 0.578 0.576 0.574 0.572 0.57 0.567 0.56 0.552 0.545 0.537 0.529 0.522 0.529 0.542 0.555 0.567 0.58 0.593 0.605 0.618 0.631 0.643 0.647 0.645 0.643 0.641 0.639 0.637 0.637 0.662 0.688 0.713 0.739 0.764 0.79 0.815 0.841 0.866 0.889 0.899 0.909 0.919 0.929 0.939 0.95 0.96 0.97 0.98 0.989 0.997 1.005 1.013 1.021 1.029 1.037 1.035 1.028 1.022 1.015 1.009 1.002 0.996 0.989 0.982 0.981 0.995 1.008 1.022 1.036 1.049 1.063 1.075 1.082 1.088 1.095 1.102 1.108 1.115 1.122 1.12 1.118 1.116 1.114 1.112 1.11 1.108 1.106 1.104 1.102 1.099 1.097 1.095 1.093 1.09 1.088 1.086 1.084 1.082 1.081 1.079 1.078 1.077 1.075 1.074 1.073 1.075 1.077 1.079 1.081 1.083 1.085 1.087 1.089 1.089 1.089 1.09 1.09 1.091 1.091
0.491 0.496 0.501 0.505 0.51 0.515 0.518 0.521 0.523 0.525 0.528 0.53 0.533 0.535 0.537 0.54 0.542 0.543 0.541 0.539 0.537 0.535 0.532 0.525 0.517 0.509 0.502 0.494 0.499 0.511 0.524 0.537 0.549 0.562 0.575 0.587 0.6 0.613 0.625 0.628 0.627 0.625 0.623 0.621 0.619 0.642 0.667 0.693 0.718 0.744 0.769 0.795 0.82 0.846 0.871 0.894 0.904 0.914 0.924 0.934 0.945 0.955 0.965 0.975 0.985 0.995 1.003 1.011 1.02 1.028 1.036 1.044 1.041 1.035 1.028 1.022 1.015 1.009 1.002 0.995 0.989 0.982 0.985 0.999 1.012 1.026 1.04 1.053 1.065 1.072 1.079 1.085 1.092 1.098 1.105 1.105 1.103 1.101 1.099 1.097 1.095 1.093 1.091 1.089 1.087 1.085 1.082 1.08 1.078 1.075 1.073 1.071 1.069 1.066 1.064 1.063 1.061 1.06 1.059 1.057 1.056 1.055 1.057 1.059 1.061 1.064 1.066 1.068 1.069 1.069 1.07 1.07 1.071 1.071 1.071 1.072
0.451 0.457 0.462 0.467 0.472 0.476 0.479 0.482 0.484 0.487 0.489 0.492 0.494 0.496 0.499 0.501 0.504 0.506 0.506 0.504 0.502 0.5 0.497 0.489 0.482 0.474 0.467 0.468 0.481 0.494 0.506 0.519 0.532 0.544 0.557 0.569 0.582 0.595 0.607 0.61 0.608 0.606 0.604 0.603 0.622 0.647 0.673 0.698 0.724 0.749 0.775 0.8 0.826 0.851 0.877 0.899 0.909 0.919 0.929 0.94 0.95 0.96 0.97 0.98 0.99 1.0 1.01 1.018 1.026 1.034 1.042 1.05 1.048 1.041 1.035 1.028 1.022 1.015 1.008 1.002 0.995 0.989 0.982 0.989 1.003 1.016 1.03 1.044 1.056 1.062 1.069 1.075 1.082 1.089 1.089 1.087 1.085 1.084 1.082 1.08 1.078 1.076 1.074 1.072 1.07 1.067 1.065 1.063 1.061 1.058 1.056 1.054 1.051 1.049 1.047 1.045 1.043 1.042 1.041 1.039 1.038 1.038 1.04 1.042 1.044 1.046 1.048 1.049 1.05 1.05 1.051 1.051 1.051 1.052 1.052 1.053
0.41 0.417 0.424 0.428 0.433 0.438 0.441 0.443 0.446 0.448 0.451 0.453 0.455 0.458 0.46 0.463 0.465 0.468 0.47 0.469 0.467 0.465 0.462 0.454 0.447 0.439 0.438 0.45 0.463 0.476 0.488 0.501 0.514 0.526 0.539 0.552 0.564 0.577 0.59 0.592 0.59 0.588 0.586 0.601 0.627 0.652 0.678 0.704 0.729 0.755 0.78 0.806 0.831 0.857 0.882 0.904 0.914 0.924 0.935 0.945 0.955 0.965 0.975 0.985 0.995 1.005 1.015 1.025 1.033 1.041 1.049 1.057 1.054 1.048 1.041 1.035 1.028 1.021 1.015 1.008 1.002 0.995 0.988 0.982 0.993 1.007 1.02 1.034 1.046 1.052 1.059 1.066 1.072 1.074 1.072 1.07 1.068 1.066 1.064 1.062 1.06 1.058 1.056 1.054 1.052 1.05 1.048 1.046 1.043 1.041 1.039 1.036 1.034 1.032 1.03 1.027 1.025 1.024 1.023 1.021 1.02 1.02 1.022 1.024 1.026 1.028 1.03 1.03 1.03 1.031 1.031 1.032 1.032 1.033 1.033 1.033
0.37 0.377 0.384 0.39 0.394 0.399 0.402 0.405 0.407 0.41 0.412 0.414 0.417 0.419 0.422 0.424 0.427 0.429 0.431 0.433 0.431 0.43 0.427 0.419 0.411 0.407 0.42 0.432 0.445 0.458 0.47 0.483 0.496 0.508 0.521 0.534 0.546 0.559 0.572 0.574 0.572 0.57 0.581 0.607 0.632 0.658 0.683 0.709 0.734 0.76 0.785 0.811 0.836 0.862 0.887 0.909 0.919 0.93 0.94 0.95 0.96 0.97 0.98 0.99 1.0 1.01 1.02 1.03 1.04 1.048 1.056 1.064 1.061 1.054 1.048 1.041 1.034 1.028 1.021 1.015 1.008 1.001 0.995 0.988 0.983 0.997 1.01 1.024 1.036 1.042 1.049 1.056 1.059 1.057 1.055 1.053 1.051 1.049 1.047 1.045 1.043 1.041 1.039 1.037 1.035 1.033 1.031 1.028 1.026 1.024 1.022 1.019 1.017 1.015 1.012 1.01 1.008 1.006 1.005 1.003 1.002 1.002 1.004 1.006 1.008 1.01 1.01 1.011 1.011 1.012 1.012 1.012 1.013 1.013 1.014 1.014
0.33 0.336 0.343 0.35 0.356 0.361 0.364 0.366 0.369 0.371 0.373 0.376 0.378 0.381 0.383 0.386 0.388 0.39 0.393 0.395 0.396 0.394 0.391 0.384 0.377 0.389 0.402 0.415 0.427 0.44 0.453 0.465 0.478 0.49 0.503 0.516 0.528 0.541 0.554 0.556 0.554 0.561 0.587 0.612 0.638 0.663 0.689 0.714 0.74 0.765 0.791 0.816 0.842 0.867 0.893 0.914 0.925 0.935 0.945 0.955 0.965 0.975 0.985 0.995 1.005 1.015 1.025 1.035 1.045 1.054 1.062 1.07 1.067 1.061 1.054 1.047 1.041 1.034 1.028 1.021 1.014 1.008 1.001 0.995 0.988 0.987 1.001 1.014 1.026 1.033 1.039 1.044 1.042 1.04 1.038 1.036 1.034 1.032 1.03 1.028 1.026 1.024 1.022 1.02 1.018 1.016 1.013 1.011 1.009 1.007 1.004 1.002 1.0 0.998 0.995 0.993 0.991 0.988 0.987 0.986 0.984 0.984 0.986 0.988 0.99 0.991 0.991 0.992 0.992 0.992 0.993 0.993 0.994 0.994 0.994 0.995
0.289 0.296 0.303 0.31 0.317 0.322 0.325 0.328 0.33 0.332 0.335 0.337 0.34 0.342 0.344 0.347 0.349 0.352 0.354 0.357 0.359 0.359 0.356 0.349 0.359 0.371 0.384 0.397 0.409 0.422 0.435 0.447 0.46 0.473 0.485 0.498 0.511 0.523 0.536 0.538 0.541 0.566 0.592 0.617 0.643 0.668 0.694 0.719 0.745 0.77 0.796 0.821 0.847 0.873 0.898 0.92 0.93 0.94 0.95 0.96 0.97 0.98 0.99 1.0 1.01 1.02 1.03 1.04 1.05 1.06 1.069 1.077 1.074 1.067 1.06 1.054 1.047 1.041 1.034 1.027 1.021 1.014 1.008 1.001 0.995 0.988 0.991 1.005 1.016 1.023 1.029 1.027 1.025 1.023 1.021 1.019 1.017 1.015 1.013 1.011 1.009 1.007 1.005 1.003 1.001 0.998 0.996 0.994 0.992 0.989 0.987 0.985 0.983 0.98 0.978 0.976 0.974 0.971 0.969 0.968 0.966 0.966 0.968 0.97 0.971 0.971 0.972 0.972 0.973 0.973 0.974 0.974 0.974 0.975 0.975 0.976
0.249 0.256 0.263 0.27 0.276 0.283 0.287 0.289 0.291 0.294 0.296 0.299 0.301 0.303 0.306 0.308 0.311 0.313 0.316 0.318 0.32 0.323 0.321 0.328 0.341 0.354 0.366 0.379 0.391 0.404 0.417 0.429 0.442 0.455 0.467 0.48 0.493 0.505 0.518 0.521 0.546 0.572 0.597 0.623 0.648 0.674 0.699 0.725 0.75 0.776 0.801 0.827 0.852 0.878 0.903 0.925 0.935 0.945 0.955 0.965 0.975 0.985 0.995 1.005 1.015 1.025 1.035 1.045 1.055 1.065 1.075 1.084 1.08 1.073 1.067 1.06 1.054 1.047 1.041 1.034 1.027 1.021 1.014 1.008 1.001 0.994 0.988 0.995 1.006 1.013 1.011 1.009 1.007 1.005 1.003 1.001 0.999 0.997 0.995 0.993 0.991 0.989 0.987 0.985 0.983 0.981 0.979 0.977 0.974 0.972 0.97 0.968 0.965 0.963 0.961 0.959 0.956 0.954 0.952 0.95 0.948 0.948 0.95 0.951 0.952 0.952 0.953 0.953 0.953 0.954 0.954 0.955 0.955 0.956 0.956 0.956
0.251 0.257 0.263 0.269 0.275 0.278 0.29 0.291 0.293 0.294 0.295 0.297 0.298 0.3 0.301 0.303 0.304 0.306 0.307 0.308 0.31 0.311 0.325 0.342 0.353 0.364 0.376 0.387 0.398 0.41 0.421 0.433 0.444 0.455 0.467 0.478 0.49 0.501 0.512 0.534 0.558 0.583 0.608 0.632 0.657 0.682 0.706 0.731 0.756 0.781 0.807 0.832 0.858 0.883 0.909 0.93 0.94 0.95 0.96 0.97 0.98 0.99 1.0 1.01 1.02 1.03 1.04 1.05 1.06 1.07 1.081 1.09 1.086 1.08 1.073 1.067 1.06 1.054 1.047 1.04 1.034 1.027 1.021 1.014 1.007 1.001 0.994 0.988 0.996 0.996 0.994 0.992 0.99 0.988 0.986 0.984 0.982 0.98 0.978 0.976 0.974 0.972 0.97 0.968 0.966 0.964 0.962 0.959 0.957 0.955 0.953 0.95 0.948 0.946 0.944 0.941 0.939 0.937 0.935 0.932 0.93 0.93 0.932 0.932 0.933 0.933 0.933 0.934 0.934 0.935 0.935 0.935 0.936 0.936 0.937 0.937
0.265 0.271 0.277 0.283 0.288 0.285 0.3 0.315 0.316 0.318 0.319 0.321 0.322 0.324 0.325 0.326 0.328 0.329 0.331 0.332 0.334 0.335 0.35 0.402 0.413 0.424 0.436 0.447 0.459 0.47 0.481 0.493 0.504 0.516 0.527 0.538 0.55 0.561 0.573 0.594 0.619 0.643 0.668 0.693 0.717 0.742 0.767 0.791 0.816 0.84 0.865 0.89 0.914 0.939 0.964 0.995 1.005 1.014 1.023 1.032 1.041 1.049 1.058 1.067 1.076 1.085 1.094 1.103 1.112 1.121 1.13 1.139 1.14 1.132 1.124 1.116 1.108 1.101 1.093 1.085 1.077 1.069 1.061 1.053 1.045 1.037 1.03 1.022 1.013 1.01 1.006 1.002 0.999 0.995 0.992 0.988 0.984 0.981 0.977 0.974 0.97 0.966 0.963 0.959 0.956 0.952 0.948 0.944 0.94 0.938 0.935 0.933 0.931 0.929 0.926 0.924 0.922 0.92 0.917 0.915 0.913 0.912 0.912 0.913 0.913 0.914 0.914 0.915 0.915 0.915 0.916 0.916 0.917 0.917 0.917 0.918
0.28 0.286 0.292 0.298 0.295 0.292 0.308 0.33 0.34 0.342 0.343 0.345 0.346 0.347 0.349 0.35 0.352 0.353 0.355 0.356 0.357 0.359 0.375 0.43 0.473 0.485 0.496 0.507 0.519 0.53 0.542 0.553 0.564 0.576 0.587 0.599 0.61 0.621 0.633 0.655 0.679 0.704 0.728 0.753 0.778 0.802 0.827 0.851 0.876 0.901 0.925 0.95 0.975 0.999 1.037 1.067 1.079 1.088 1.097 1.106 1.115 1.124 1.133 1.142 1.151 1.16 1.169 1.177 1.186 1.195 1.204 1.213 1.219 1.217 1.209 1.201 1.193 1.185 1.177 1.169 1.162 1.154 1.146 1.138 1.13 1.122 1.114 1.106 1.097 1.088 1.084 1.081 1.077 1.074 1.07 1.066 1.063 1.059 1.056 1.052 1.048 1.045 1.041 1.038 1.034 1.03 1.026 1.022 1.018 1.015 1.011 1.007 1.003 0.999 0.995 0.991 0.987 0.983 0.979 0.976 0.971 0.958 0.955 0.954 0.953 0.952 0.951 0.95 0.949 0.948 0.947 0.946 0.945 0.944 0.943 0.942
0.294 0.3 0.306 0.305 0.302 0.299 0.315 0.337 0.359 0.365 0.367 0.368 0.37 0.371 0.373 0.374 0.376 0.377 0.378 0.38 0.381 0.383 0.399 0.455 0.511 0.545 0.556 0.568 0.579 0.59 0.602 0.613 0.624 0.636 0.647 0.659 0.67 0.681 0.693 0.715 0.74 0.764 0.789 0.813 0.838 0.863 0.887 0.912 0.936 0.961 0.986 1.01 1.035 1.07 1.11 1.139 1.151 1.163 1.172 1.181 1.189 1.198 1.207 1.216 1.225 1.234 1.243 1.252 1.261 1.27 1.279 1.288 1.293 1.298 1.293 1.286 1.278 1.27 1.262 1.254 1.246 1.238 1.23 1.222 1.215 1.207 1.199 1.191 1.182 1.17 1.163 1.159 1.156 1.152 1.148 1.145 1.141 1.138 1.134 1.13 1.127 1.123 1.12 1.116 1.112 1.108 1.105 1.101 1.097 1.093 1.089 1.085 1.081 1.077 1.073 1.07 1.066 1.062 1.058 1.054 1.04 1.027 1.017 1.016 1.015 1.014 1.013 1.012 1.011 1.01 1.009 1.008 1.007 1.006 1.005 1.004
0.309 0.315 0.315 0.312 0.309 0.306 0.322 0.344 0.366 0.388 0.391 0.392 0.394 0.395 0.396 0.398 0.399 0.401 0.402 0.404 0.405 0.406 0.424 0.48 0.535 0.591 0.616 0.628 0.639 0.65 0.662 0.673 0.685 0.696 0.707 0.719 0.73 0.742 0.753 0.775 0.8 0.825 0.849 0.874 0.898 0.923 0.948 0.972 0.997 1.021 1.046 1.071 1.104 1.143 1.182 1.212 1.223 1.235 1.246 1.255 1.264 1.273 1.282 1.291 1.3 1.309 1.317 1.326 1.335 1.344 1.353 1.362 1.367 1.372 1.377 1.37 1.362 1.354 1.347 1.339 1.331 1.323 1.315 1.307 1.299 1.291 1.283 1.276 1.266 1.255 1.244 1.238 1.234 1.23 1.227 1.223 1.22 1.216 1.212 1.209 1.205 1.202 1.198 1.194 1.191 1.187 1.183 1.179 1.175 1.171 1.167 1.164 1.16 1.156 1.152 1.148 1.144 1.14 1.136 1.123 1.108 1.096 1.086 1.078 1.077 1.076 1.075 1.074 1.073 1.072 1.071 1.07 1.069 1.068 1.067 1.066
0.324 0.325 0.322 0.319 0.316 0.313 0.33 0.352 0.374 0.396 0.415 0.416 0.417 0.419 0.42 0.422 0.423 0.425 0.426 0.427 0.429 0.43 0.449 0.504 0.56 0.616 0.672 0.688 0.699 0.711 0.722 0.733 0.745 0.756 0.768 0.779 0.79 0.802 0.813 0.836 0.86 0.885 0.909 0.934 0.959 0.983 1.008 1.033 1.057 1.082 1.106 1.138 1.177 1.216 1.255 1.284 1.296 1.307 1.319 1.329 1.338 1.347 1.356 1.365 1.374 1.383 1.392 1.401 1.41 1.419 1.428 1.436 1.442 1.447 1.452 1.455 1.447 1.439 1.431 1.423 1.415 1.407 1.4 1.392 1.384 1.376 1.368 1.36 1.351 1.339 1.328 1.317 1.312 1.309 1.305 1.302 1.298 1.294 1.291 1.287 1.284 1.28 1.276 1.273 1.269 1.265 1.261 1.257 1.254 1.25 1.246 1.242 1.238 1.234 1.23 1.226 1.222 1.219 1.207 1.192 1.177 1.165 1.155 1.145 1.139 1.138 1.137 1.136 1.135 1.134 1.133 1.132 1.131 1.13 1.129 1.128
0.335 0.332 0.329 0.326 0.323 0.32 0.337 0.359 0.381 0.403 0.425 0.44 0.441 0.443 0.444 0.446 0.447 0.448 0.45 0.451 0.453 0.454 0.473 0.529 0.585 0.641 0.696 0.748 0.759 0.771 0.782 0.794 0.805 0.816 0.828 0.839 0.85 0.862 0.873 0.896 0.921 0.945 0.97 0.994 1.019 1.044 1.068 1.093 1.118 1.142 1.171 1.21 1.25 1.289 1.328 1.356 1.368 1.38 1.391 1.403 1.413 1.422 1.431 1.44 1.449 1.457 1.466 1.475 1.484 1.493 1.502 1.511 1.516 1.521 1.526 1.531 1.532 1.524 1.516 1.508 1.5 1.492 1.484 1.476 1.468 1.461 1.453 1.445 1.435 1.424 1.413 1.401 1.391 1.387 1.384 1.38 1.376 1.373 1.369 1.366 1.362 1.358 1.355 1.351 1.348 1.344 1.34 1.336 1.332 1.328 1.324 1.32 1.316 1.313 1.309 1.305 1.301 1.291 1.276 1.261 1.246 1.234 1.224 1.214 1.204 1.2 1.199 1.198 1.197 1.196 1.195 1.194 1.193 1.192 1.191 1.19
0.342 0.339 0.336 0.333 0.33 0.327 0.344 0.366 0.388 0.41 0.432 0.454 0.465 0.466 0.468 0.469 0.471 0.472 0.474 0.475 0.477 0.478 0.498 0.554 0.61 0.665 0.721 0.777 0.819 0.831 0.842 0.854 0.865 0.876 0.888 0.899 0.911 0.922 0.933 0.956 0.981 1.006 1.03 1.055 1.079 1.104 1.129 1.153 1.178 1.205 1.244 1.283 1.322 1.362 1.401 1.429 1.44 1.452 1.464 1.475 1.487 1.496 1.505 1.514 1.523 1.532 1.541 1.55 1.559 1.568 1.576 1.585 1.591 1.596 1.6 1.605 1.61 1.608 1.6 1.592 1.585 1.577 1.569 1.561 1.553 1.545 1.537 1.529 1.52 1.509 1.497 1.486 1.475 1.466 1.462 1.458 1.455 1.451 1.448 1.444 1.44 1.437 1.433 1.43 1.426 1.422 1.418 1.414 1.41 1.407 1.403 1.399 1.395 1.391 1.387 1.383 1.375 1.36 1.345 1.33 1.315 1.303 1.293 1.283 1.273 1.263 1.26 1.259 1.259 1.258 1.257 1.256 1.255 1.254 1.253 1.252
0.349 0.346 0.343 0.34 0.337 0.334 0.352 0.374 0.396 0.418 0.44 0.462 0.484 0.49 0.492 0.493 0.495 0.496 0.497 0.499 0.5 0.502 0.523 0.578 0.634 0.69 0.746 0.801 0.857 0.891 0.902 0.914 0.925 0.937 0.948 0.959 0.971 0.982 0.994 1.017 1.041 1.066 1.091 1.115 1.14 1.164 1.189 1.214 1.239 1.278 1.317 1.356 1.395 1.434 1.473 1.501 1.513 1.524 1.536 1.547 1.559 1.571 1.58 1.589 1.597 1.606 1.615 1.624 1.633 1.642 1.651 1.66 1.665 1.67 1.675 1.68 1.685 1.69 1.685 1.677 1.669 1.661 1.653 1.646 1.638 1.63 1.622 1.614 1.604 1.593 1.582 1.571 1.559 1.548 1.54 1.537 1.533 1.53 1.526 1.522 1.519 1.515 1.512 1.508 1.504 1.5 1.497 1.493 1.489 1.485 1.481 1.477 1.473 1.469 1.465 1.459 1.444 1.429 1.414 1.399 1.384 1.371 1.362 1.352 1.342 1.332 1.322 1.321 1.32 1.319 1.318 1.317 1.316 1.315 1.314 1.314
0.356 0.353 0.35 0.347 0.344 0.341 0.359 0.381 0.403 0.425 0.447 0.469 0.491 0.513 0.516 0.517 0.518 0.52 0.521 0.523 0.524 0.526 0.547 0.603 0.659 0.715 0.77 0.826 0.882 0.938 0.963 0.974 0.985 0.997 1.008 1.019 1.031 1.042 1.054 1.077 1.102 1.126 1.151 1.176 1.2 1.225 1.249 1.274 1.311 1.35 1.39 1.429 1.468 1.507 1.546 1.573 1.585 1.597 1.608 1.62 1.631 1.643 1.654 1.663 1.672 1.681 1.69 1.699 1.708 1.717 1.725 1.734 1.739 1.744 1.749 1.754 1.759 1.764 1.769 1.762 1.754 1.746 1.738 1.73 1.722 1.714 1.706 1.699 1.689 1.678 1.666 1.655 1.644 1.632 1.621 1.615 1.612 1.608 1.604 1.601 1.597 1.594 1.59 1.586 1.583 1.579 1.575 1.571 1.567 1.563 1.559 1.556 1.552 1.548 1.543 1.528 1.513 1.498 1.483 1.468 1.453 1.44 1.431 1.421 1.411 1.401 1.391 1.383 1.382 1.381 1.38 1.379 1.378 1.377 1.376 1.375
0.363 0.36 0.357 0.354 0.351 0.348 0.367 0.389 0.411 0.433 0.455 0.477 0.499 0.521 0.539 0.541 0.542 0.544 0.545 0.547 0.548 0.549 0.572 0.628 0.684 0.739 0.795 0.851 0.907 0.962 1.018 1.034 1.045 1.057 1.068 1.08 1.091 1.102 1.114 1.137 1.162 1.187 1.211 1.236 1.26 1.285 1.31 1.345 1.384 1.423 1.462 1.502 1.541 1.58 1.619 1.646 1.657 1.669 1.68 1.692 1.704 1.715 1.727 1.737 1.746 1.755 1.764 1.773 1.782 1.791 1.8 1.809 1.814 1.819 1.824 1.829 1.833 1.838 1.843 1.846 1.838 1.831 1.823 1.815 1.807 1.799 1.791 1.783 1.774 1.762 1.751 1.74 1.728 1.717 1.706 1.694 1.69 1.686 1.683 1.679 1.676 1.672 1.668 1.665 1.661 1.657 1.653 1.649 1.646 1.642 1.638 1.634 1.63 1.626 1.612 1.597 1.582 1.567 1.552 1.536 1.521 1.509 1.499 1.49 1.48 1.47 1.46 1.45 1.444 1.443 1.442 1.441 1.44 1.439 1.438 1.437
0.37 0.367 0.364 0.361 0.358 0.355 0.374 0.396 0.418 0.44 0.462 0.484 0.506 0.528 0.55 0.565 0.566 0.567 0.569 0.57 0.572 0.573 0.597 0.653 0.708 0.764 0.82 0.876 0.931 0.987 1.043 1.094 1.106 1.117 1.128 1.14 1.151 1.163 1.174 1.198 1.222 1.247 1.272 1.296 1.321 1.345 1.379 1.418 1.457 1.496 1.535 1.574 1.613 1.653 1.692 1.718 1.73 1.741 1.753 1.764 1.776 1.788 1.799 1.811 1.821 1.83 1.839 1.848 1.857 1.865 1.874 1.883 1.888 1.893 1.898 1.903 1.908 1.913 1.918 1.923 1.923 1.915 1.907 1.899 1.891 1.884 1.876 1.868 1.858 1.847 1.835 1.824 1.813 1.802 1.79 1.779 1.768 1.765 1.761 1.758 1.754 1.75 1.747 1.743 1.74 1.736 1.732 1.728 1.724 1.72 1.716 1.712 1.708 1.696 1.681 1.666 1.651 1.635 1.62 1.605 1.59 1.578 1.568 1.559 1.549 1.539 1.529 1.519 1.509 1.505 1.504 1.503 1.502 1.501 1.5 1.499
0.377 0.374 0.371 0.368 0.365 0.362 0.381 0.403 0.425 0.447 0.469 0.491 0.513 0.535 0.557 0.579 0.59 0.591 0.593 0.594 0.596 0.597 0.621 0.677 0.733 0.789 0.844 0.9 0.956 1.012 1.068 1.123 1.166 1.177 1.189 1.2 1.211 1.223 1.234 1.258 1.283 1.307 1.332 1.357 1.381 1.412 1.451 1.49 1.53 1.569 1.608 1.647 1.686 1.725 1.764 1.79 1.802 1.813 1.825 1.837 1.848 1.86 1.872 1.883 1.895 1.904 1.913 1.922 1.931 1.94 1.949 1.958 1.963 1.967 1.972 1.977 1.982 1.987 1.992 1.997 2.002 2.0 1.992 1.984 1.976 1.968 1.96 1.952 1.943 1.931 1.92 1.909 1.897 1.886 1.875 1.864 1.852 1.843 1.84 1.836 1.832 1.829 1.825 1.822 1.818 1.814 1.81 1.806 1.802 1.799 1.795 1.791 1.78 1.765 1.75 1.734 1.719 1.704 1.689 1.674 1.659 1.647 1.637 1.628 1.618 1.608 1.598 1.588 1.578 1.568 1.566 1.565 1.564 1.563 1.562 1.561
0.384 0.381 0.378 0.375 0.372 0.369 0.389 0.411 0.433 0.455 0.477 0.499 0.521 0.543 0.565 0.587 0.609 0.615 0.617 0.618 0.619 0.621 0.646 0.702 0.758 0.813 0.869 0.925 0.981 1.036 1.092 1.148 1.204 1.237 1.249 1.26 1.271 1.283 1.294 1.318 1.343 1.368 1.392 1.417 1.446 1.485 1.524 1.563 1.602 1.642 1.681 1.72 1.759 1.798 1.837 1.863 1.874 1.886 1.897 1.909 1.921 1.932 1.944 1.955 1.967 1.979 1.988 1.997 2.005 2.014 2.023 2.032 2.037 2.042 2.047 2.052 2.057 2.062 2.066 2.071 2.076 2.081 2.076 2.069 2.061 2.053 2.045 2.037 2.027 2.016 2.005 1.993 1.982 1.971 1.959 1.948 1.937 1.925 1.918 1.914 1.911 1.907 1.904 1.9 1.896 1.892 1.889 1.885 1.881 1.877 1.873 1.864 1.849 1.833 1.818 1.803 1.788 1.773 1.758 1.743 1.728 1.716 1.706 1.696 1.687 1.677 1.667 1.657 1.647 1.637 1.628 1.627 1.626 1.625 1.624 1.623
0.391 0.388 0.385 0.382 0.379 0.376 0.396 0.418 0.44 0.462 0.484 0.506 0.528 0.55 0.572 0.594 0.616 0.638 0.64 0.642 0.643 0.645 0.671 0.727 0.782 0.838 0.894 0.95 1.005 1.061 1.117 1.173 1.228 1.284 1.309 1.32 1.332 1.343 1.354 1.379 1.403 1.428 1.453 1.479 1.519 1.558 1.597 1.636 1.675 1.714 1.753 1.793 1.832 1.871 1.91 1.935 1.946 1.958 1.97 1.981 1.993 2.005 2.016 2.028 2.039 2.051 2.062 2.071 2.08 2.089 2.098 2.106 2.111 2.116 2.121 2.126 2.131 2.136 2.141 2.146 2.151 2.156 2.16 2.153 2.145 2.137 2.13 2.122 2.112 2.1 2.089 2.078 2.067 2.055 2.044 2.033 2.021 2.01 1.999 1.993 1.989 1.986 1.982 1.978 1.975 1.971 1.967 1.963 1.959 1.955 1.948 1.932 1.917 1.902 1.887 1.872 1.857 1.842 1.827 1.812 1.797 1.785 1.775 1.765 1.756 1.746 1.736 1.726 1.716 1.706 1.697 1.689 1.688 1.687 1.686 1.685
0.398 0.395 0.392 0.389 0.386 0.383 0.403 0.425 0.447 0.469 0.491 0.513 0.535 0.557 0.579 0.601 0.623 0.645 0.664 0.666 0.667 0.668 0.696 0.751 0.807 0.863 0.919 0.974 1.03 1.086 1.142 1.197 1.253 1.309 1.365 1.38 1.392 1.403 1.415 1.439 1.464 1.488 1.513 1.552 1.591 1.63 1.67 1.709 1.748 1.787 1.826 1.865 1.904 1.944 1.983 2.007 2.019 2.03 2.042 2.054 2.065 2.077 2.088 2.1 2.112 2.123 2.135 2.145 2.154 2.163 2.172 2.181 2.186 2.191 2.196 2.2 2.205 2.21 2.215 2.22 2.225 2.23 2.235 2.238 2.23 2.222 2.214 2.206 2.196 2.185 2.174 2.162 2.151 2.14 2.128 2.117 2.106 2.095 2.083 2.072 2.068 2.064 2.06 2.057 2.053 2.049 2.045 2.041 2.038 2.031 2.016 2.001 1.986 1.971 1.956 1.941 1.926 1.911 1.896 1.881 1.866 1.854 1.844 1.834 1.824 1.815 1.805 1.795 1.785 1.775 1.765 1.756 1.75 1.749 1.748 1.747
0.405 0.402 0.399 0.396 0.393 0.39 0.411 0.433 0.455 0.477 0.499 0.521 0.543 0.565 0.587 0.609 0.631 0.653 0.675 0.689 0.691 0.692 0.72 0.776 0.832 0.887 0.943 0.999 1.055 1.11 1.166 1.222 1.278 1.334 1.389 1.44 1.452 1.463 1.475 1.5 1.524 1.549 1.586 1.625 1.664 1.703 1.742 1.781 1.821 1.86 1.899 1.938 1.977 2.016 2.056 2.079 2.091 2.103 2.114 2.126 2.138 2.149 2.161 2.172 2.184 2.196 2.207 2.219 2.229 2.238 2.247 2.255 2.26 2.265 2.27 2.275 2.28 2.285 2.29 2.295 2.299 2.304 2.309 2.314 2.315 2.307 2.299 2.291 2.281 2.27 2.258 2.247 2.236 2.224 2.213 2.202 2.19 2.179 2.168 2.157 2.146 2.142 2.139 2.135 2.132 2.128 2.124 2.12 2.115 2.1 2.085 2.07 2.055 2.04 2.025 2.01 1.995 1.98 1.965 1.95 1.934 1.923 1.913 1.903 1.893 1.884 1.874 1.864 1.854 1.844 1.834 1.825 1.815 1.81 1.809 1.808
0.412 0.409 0.406 0.403 0.4 0.397 0.418 0.44 0.462 0.484 0.506 0.528 0.55 0.572 0.594 0.616 0.638 0.66 0.682 0.704 0.715 0.716 0.745 0.801 0.856 0.912 0.968 1.024 1.079 1.135 1.191 1.247 1.302 1.358 1.414 1.47 1.512 1.523 1.535 1.56 1.584 1.619 1.659 1.698 1.737 1.776 1.815 1.854 1.893 1.933 1.972 2.011 2.05 2.089 2.128 2.152 2.163 2.175 2.187 2.198 2.21 2.221 2.233 2.245 2.256 2.268 2.28 2.291 2.303 2.312 2.321 2.33 2.335 2.339 2.344 2.349 2.354 2.359 2.364 2.369 2.374 2.379 2.384 2.389 2.393 2.391 2.383 2.375 2.365 2.354 2.343 2.332 2.32 2.309 2.298 2.286 2.275 2.264 2.252 2.241 2.23 2.221 2.217 2.214 2.21 2.206 2.202 2.198 2.184 2.169 2.154 2.139 2.124 2.109 2.094 2.079 2.064 2.049 2.033 2.018 2.003 1.992 1.982 1.972 1.962 1.952 1.943 1.933 1.923 1.913 1.903 1.893 1.884 1.874 1.871 1.87
0.419 0.416 0.413 0.41 0.407 0.404 0.426 0.448 0.47 0.492 0.514 0.536 0.558 0.58 0.602 0.624 0.645 0.667 0.689 0.711 0.733 0.74 0.77 0.825 0.881 0.937 0.993 1.048 1.104 1.16 1.216 1.271 1.327 1.383 1.439 1.494 1.55 1.584 1.596 1.62 1.653 1.692 1.731 1.77 1.81 1.849 1.888 1.927 1.966 2.005 2.044 2.084 2.123 2.162 2.201 2.224 2.236 2.247 2.259 2.271 2.282 2.294 2.305 2.317 2.329 2.34 2.352 2.363 2.375 2.387 2.396 2.404 2.409 2.414 2.419 2.424 2.429 2.433 2.438 2.443 2.448 2.453 2.458 2.463 2.468 2.473 2.468 2.46 2.45 2.439 2.427 2.416 2.405 2.393 2.382 2.371 2.36 2.348 2.337 2.326 2.314 2.303 2.296 2.292 2.288 2.284 2.281 2.268 2.253 2.238 2.223 2.208 2.193 2.178 2.163 2.148 2.132 2.117 2.102 2.087 2.072 2.061 2.051 2.041 2.031 2.021 2.012 2.002 1.992 1.982 1.972 1.962 1.953 1.943 1.933 1.932
0.426 0.423 0.42 0.417 0.414 0.411 0.433 0.455 0.477 0.499 0.521 0.543 0.565 0.587 0.609 0.631 0.653 0.675 0.697 0.719 0.741 0.763 0.794 0.85 0.906 0.962 1.017 1.073 1.129 1.185 1.24 1.296 1.352 1.408 1.463 1.519 1.575 1.631 1.656 1.687 1.726 1.765 1.804 1.843 1.882 1.921 1.961 2.0 2.039 2.078 2.117 2.156 2.195 2.235 2.274 2.296 2.308 2.32 2.331 2.343 2.354 2.366 2.378 2.389 2.401 2.413 2.424 2.436 2.447 2.459 2.47 2.478 2.483 2.488 2.493 2.498 2.503 2.508 2.513 2.518 2.523 2.528 2.532 2.537 2.542 2.547 2.552 2.545 2.535 2.523 2.512 2.501 2.489 2.478 2.467 2.455 2.444 2.433 2.421 2.41 2.399 2.388 2.376 2.37 2.367 2.363 2.352 2.337 2.322 2.307 2.292 2.277 2.262 2.247 2.231 2.216 2.201 2.186 2.171 2.156 2.141 2.13 2.12 2.11 2.1 2.09 2.081 2.071 2.061 2.051 2.041 2.031 2.021 2.012 2.002 1.994
0.419 0.416 0.413 0.411 0.408 0.406 0.428 0.45 0.472 0.495 0.517 0.539 0.562 0.584 0.606 0.628 0.651 0.673 0.695 0.717 0.74 0.762 0.809 0.865 0.921 0.977 1.033 1.089 1.145 1.201 1.257 1.313 1.37 1.426 1.482 1.538 1.594 1.65 1.697 1.739 1.779 1.82 1.861 1.902 1.943 1.983 2.024 2.065 2.106 2.147 2.188 2.228 2.268 2.307 2.347 2.369 2.38 2.392 2.404 2.415 2.427 2.438 2.45 2.462 2.473 2.485 2.496 2.508 2.52 2.531 2.543 2.553 2.558 2.563 2.568 2.572 2.577 2.582 2.587 2.592 2.597 2.602 2.607 2.612 2.617 2.622 2.626 2.629 2.619 2.608 2.596 2.585 2.574 2.563 2.551 2.54 2.529 2.517 2.506 2.495 2.483 2.472 2.461 2.449 2.445 2.436 2.421 2.406 2.391 2.376 2.361 2.345 2.33 2.315 2.3 2.285 2.27 2.255 2.24 2.225 2.21 2.199 2.189 2.179 2.169 2.159 2.149 2.14 2.13 2.12 2.11 2.1 2.09 2.081 2.071 2.061
0.409 0.406 0.403 0.401 0.398 0.396 0.418 0.441 0.463 0.485 0.507 0.53 0.552 0.574 0.597 0.619 0.641 0.663 0.686 0.708 0.73 0.764 0.811 0.867 0.924 0.98 1.036 1.092 1.148 1.204 1.26 1.316 1.372 1.428 1.485 1.541 1.597 1.647 1.661 1.708 1.749 1.79 1.831 1.872 1.912 1.953 1.994 2.035 2.076 2.117 2.157 2.198 2.239 2.28 2.321 2.344 2.357 2.371 2.384 2.397 2.411 2.424 2.437 2.45 2.464 2.477 2.49 2.504 2.517 2.53 2.544 2.584 2.611 2.617 2.622 2.627 2.633 2.638 2.644 2.649 2.655 2.66 2.665 2.671 2.676 2.682 2.687 2.693 2.687 2.676 2.666 2.655 2.645 2.634 2.623 2.613 2.602 2.592 2.581 2.57 2.56 2.549 2.539 2.528 2.524 2.508 2.492 2.477 2.461 2.446 2.43 2.415 2.399 2.384 2.369 2.354 2.339 2.324 2.309 2.294 2.279 2.268 2.258 2.248 2.238 2.228 2.218 2.209 2.199 2.189 2.179 2.169 2.159 2.15 2.14 2.13
0.399 0.396 0.393 0.391 0.388 0.387 0.409 0.431 0.453 0.476 0.498 0.52 0.542 0.565 0.587 0.609 0.631 0.654 0.676 0.698 0.73 0.766 0.814 0.87 0.926 0.982 1.039 1.095 1.151 1.207 1.263 1.319 1.375 1.431 1.487 1.544 1.6 1.61 1.625 1.673 1.719 1.76 1.801 1.841 1.882 1.923 1.964 2.005 2.046 2.086 2.127 2.168 2.209 2.25 2.29 2.313 2.327 2.34 2.353 2.367 2.38 2.393 2.407 2.42 2.433 2.446 2.46 2.473 2.486 2.5 2.533 2.583 2.643 2.659 2.665 2.67 2.675 2.681 2.686 2.692 2.697 2.703 2.708 2.714 2.719 2.724 2.73 2.735 2.729 2.719 2.708 2.698 2.687 2.676 2.666 2.655 2.645 2.634 2.623 2.613 2.602 2.592 2.581 2.581 2.614 2.606 2.591 2.575 2.56 2.544 2.529 2.513 2.497 2.482 2.466 2.451 2.435 2.42 2.404 2.388 2.373 2.361 2.351 2.341 2.33 2.32 2.31 2.299 2.289 2.279 2.268 2.258 2.247 2.237 2.227 2.216
0.389 0.386 0.383 0.381 0.378 0.377 0.399 0.422 0.444 0.466 0.488 0.511 0.533 0.555 0.577 0.6 0.622 0.644 0.666 0.696 0.732 0.769 0.817 0.873 0.929 0.985 1.041 1.097 1.154 1.21 1.266 1.322 1.378 1.434 1.49 1.546 1.564 1.574 1.588 1.637 1.685 1.73 1.77 1.811 1.852 1.893 1.934 1.975 2.015 2.056 2.097 2.138 2.179 2.219 2.26 2.283 2.296 2.309 2.323 2.336 2.349 2.363 2.376 2.389 2.403 2.416 2.429 2.442 2.456 2.484 2.531 2.581 2.642 2.702 2.707 2.713 2.718 2.724 2.729 2.734 2.74 2.745 2.751 2.756 2.762 2.767 2.772 2.778 2.772 2.761 2.75 2.74 2.729 2.719 2.708 2.697 2.687 2.676 2.666 2.655 2.644 2.634 2.626 2.67 2.702 2.699 2.689 2.674 2.658 2.643 2.627 2.611 2.596 2.58 2.565 2.549 2.533 2.518 2.502 2.487 2.471 2.46 2.449 2.439 2.429 2.418 2.408 2.398 2.387 2.377 2.367 2.356 2.346 2.336 2.325 2.315
0.379 0.376 0.373 0.371 0.368 0.368 0.39 0.412 0.434 0.457 0.479 0.501 0.523 0.546 0.568 0.59 0.612 0.635 0.662 0.698 0.735 0.771 0.82 0.876 0.932 0.988 1.044 1.1 1.156 1.212 1.269 1.325 1.381 1.437 1.493 1.517 1.527 1.537 1.552 1.6 1.649 1.697 1.74 1.781 1.822 1.863 1.904 1.944 1.985 2.026 2.067 2.108 2.148 2.189 2.23 2.252 2.265 2.279 2.292 2.305 2.319 2.332 2.345 2.359 2.372 2.385 2.399 2.412 2.435 2.482 2.53 2.58 2.64 2.701 2.75 2.755 2.761 2.766 2.772 2.777 2.782 2.788 2.793 2.799 2.804 2.81 2.815 2.821 2.814 2.803 2.793 2.782 2.772 2.761 2.75 2.74 2.729 2.719 2.708 2.697 2.687 2.676 2.715 2.759 2.79 2.787 2.784 2.772 2.756 2.741 2.725 2.71 2.694 2.679 2.663 2.647 2.632 2.616 2.601 2.585 2.57 2.558 2.548 2.538 2.527 2.517 2.507 2.496 2.486 2.475 2.465 2.455 2.444 2.434 2.424 2.409
0.369 0.366 0.364 0.361 0.358 0.358 0.38 0.403 0.425 0.447 0.469 0.492 0.514 0.536 0.558 0.581 0.603 0.628 0.665 0.701 0.737 0.774 0.823 0.879 0.935 0.991 1.047 1.103 1.159 1.215 1.271 1.327 1.384 1.44 1.471 1.481 1.49 1.5 1.516 1.564 1.613 1.661 1.709 1.751 1.792 1.833 1.873 1.914 1.955 1.996 2.037 2.077 2.118 2.159 2.2 2.222 2.235 2.248 2.261 2.275 2.288 2.301 2.315 2.328 2.341 2.355 2.368 2.386 2.434 2.481 2.528 2.578 2.639 2.699 2.76 2.798 2.803 2.809 2.814 2.82 2.825 2.831 2.836 2.841 2.847 2.852 2.858 2.863 2.856 2.846 2.835 2.825 2.814 2.803 2.793 2.782 2.772 2.761 2.75 2.74 2.729 2.76 2.804 2.848 2.879 2.876 2.873 2.87 2.855 2.839 2.824 2.808 2.793 2.777 2.761 2.746 2.73 2.715 2.699 2.684 2.668 2.657 2.646 2.636 2.626 2.615 2.605 2.595 2.584 2.574 2.564 2.553 2.543 2.533 2.519 2.499
0.359 0.356 0.354 0.351 0.348 0.348 0.371 0.393 0.415 0.437 0.46 0.482 0.504 0.527 0.549 0.571 0.594 0.631 0.667 0.703 0.74 0.776 0.825 0.881 0.938 0.994 1.05 1.106 1.162 1.218 1.274 1.33 1.386 1.424 1.434 1.444 1.453 1.463 1.48 1.528 1.576 1.625 1.673 1.721 1.762 1.802 1.843 1.884 1.925 1.966 2.006 2.047 2.088 2.129 2.17 2.191 2.204 2.218 2.231 2.244 2.257 2.271 2.284 2.297 2.311 2.324 2.337 2.385 2.432 2.479 2.526 2.577 2.637 2.698 2.759 2.819 2.846 2.851 2.857 2.862 2.868 2.873 2.879 2.884 2.889 2.895 2.9 2.906 2.899 2.888 2.878 2.867 2.856 2.846 2.835 2.825 2.814 2.803 2.793 2.782 2.805 2.849 2.893 2.938 2.967 2.964 2.961 2.958 2.953 2.938 2.922 2.907 2.891 2.875 2.86 2.844 2.829 2.813 2.798 2.782 2.766 2.755 2.745 2.734 2.724 2.714 2.703 2.693 2.683 2.672 2.662 2.652 2.641 2.629 2.609 2.589
0.349 0.346 0.344 0.341 0.338 0.339 0.361 0.383 0.406 0.428 0.45 0.472 0.495 0.517 0.539 0.561 0.597 0.633 0.67 0.706 0.742 0.779 0.828 0.884 0.94 0.996 1.053 1.109 1.165 1.221 1.277 1.333 1.378 1.388 1.397 1.407 1.416 1.426 1.443 1.492 1.54 1.589 1.637 1.685 1.731 1.772 1.813 1.854 1.895 1.935 1.976 2.017 2.058 2.099 2.14 2.16 2.174 2.187 2.2 2.214 2.227 2.24 2.253 2.267 2.28 2.293 2.336 2.383 2.43 2.477 2.525 2.575 2.636 2.697 2.757 2.818 2.878 2.894 2.899 2.905 2.91 2.916 2.921 2.927 2.932 2.938 2.943 2.948 2.941 2.931 2.92 2.909 2.899 2.888 2.878 2.867 2.856 2.846 2.835 2.85 2.894 2.938 2.983 3.027 3.056 3.053 3.05 3.046 3.043 3.036 3.02 3.005 2.989 2.974 2.958 2.943 2.927 2.911 2.896 2.88 2.865 2.854 2.843 2.833 2.823 2.812 2.802 2.792 2.781 2.771 2.761 2.75 2.739 2.719 2.7 2.68
0.339 0.336 0.334 0.331 0.328 0.329 0.352 0.374 0.396 0.418 0.441 0.463 0.485 0.507 0.53 0.563 0.599 0.636 0.672 0.708 0.745 0.781 0.831 0.887 0.943 0.999 1.055 1.111 1.168 1.224 1.28 1.331 1.341 1.351 1.36 1.37 1.38 1.389 1.407 1.456 1.504 1.552 1.601 1.649 1.698 1.742 1.783 1.824 1.864 1.905 1.946 1.987 2.028 2.069 2.109 2.13 2.143 2.156 2.17 2.183 2.196 2.209 2.223 2.236 2.249 2.287 2.334 2.381 2.429 2.476 2.523 2.574 2.635 2.695 2.756 2.816 2.877 2.937 2.942 2.948 2.953 2.958 2.964 2.969 2.975 2.98 2.986 2.991 2.984 2.973 2.962 2.952 2.941 2.931 2.92 2.909 2.899 2.888 2.895 2.939 2.983 3.028 3.072 3.116 3.144 3.141 3.138 3.135 3.132 3.129 3.119 3.103 3.088 3.072 3.057 3.041 3.025 3.01 2.994 2.979 2.963 2.952 2.942 2.931 2.921 2.911 2.9 2.89 2.88 2.869 2.859 2.849 2.83 2.81 2.79 2.77
0.329 0.326 0.324 0.321 0.318 0.32 0.342 0.364 0.387 0.409 0.431 0.453 0.476 0.498 0.529 0.565 0.602 0.638 0.675 0.711 0.747 0.784 0.834 0.89 0.946 1.002 1.058 1.114 1.17 1.226 1.283 1.295 1.304 1.314 1.323 1.333 1.343 1.352 1.371 1.419 1.468 1.516 1.565 1.613 1.661 1.71 1.753 1.793 1.834 1.875 1.916 1.957 1.998 2.038 2.079 2.099 2.112 2.126 2.139 2.152 2.166 2.179 2.192 2.205 2.238 2.285 2.332 2.38 2.427 2.474 2.521 2.573 2.633 2.694 2.754 2.815 2.876 2.936 2.985 2.99 2.996 3.001 3.007 3.012 3.017 3.023 3.028 3.034 3.026 3.015 3.005 2.994 2.983 2.973 2.962 2.952 2.941 2.94 2.984 3.028 3.073 3.117 3.161 3.205 3.233 3.23 3.226 3.223 3.22 3.217 3.214 3.202 3.186 3.171 3.155 3.139 3.124 3.108 3.093 3.077 3.062 3.051 3.04 3.03 3.02 3.009 2.999 2.989 2.978 2.968 2.958 2.94 2.92 2.9 2.88 2.86
0.319 0.316 0.314 0.311 0.308 0.31 0.333 0.355 0.377 0.399 0.422 0.444 0.466 0.495 0.532 0.568 0.604 0.641 0.677 0.713 0.75 0.786 0.837 0.893 0.949 1.005 1.061 1.117 1.173 1.229 1.248 1.258 1.267 1.277 1.287 1.296 1.306 1.316 1.335 1.383 1.432 1.48 1.528 1.577 1.625 1.673 1.722 1.763 1.804 1.845 1.886 1.927 1.967 2.008 2.049 2.068 2.082 2.095 2.108 2.122 2.135 2.148 2.162 2.189 2.236 2.284 2.331 2.378 2.425 2.472 2.52 2.571 2.632 2.692 2.753 2.814 2.874 2.935 2.995 3.033 3.038 3.044 3.049 3.055 3.06 3.065 3.071 3.076 3.068 3.058 3.047 3.036 3.026 3.015 3.005 2.994 2.985 3.029 3.073 3.118 3.162 3.206 3.25 3.295 3.321 3.318 3.315 3.312 3.309 3.306 3.302 3.299 3.285 3.269 3.253 3.238 3.222 3.207 3.191 3.175 3.16 3.149 3.139 3.128 3.118 3.108 3.097 3.087 3.077 3.066 3.05 3.03 3.01 2.99 2.971 2.951
0.309 0.307 0.304 0.301 0.299 0.301 0.323 0.345 0.367 0.39 0.412 0.434 0.461 0.498 0.534 0.57 0.607 0.643 0.68 0.716 0.752 0.789 0.839 0.895 0.952 1.008 1.064 1.12 1.176 1.202 1.211 1.221 1.23 1.24 1.25 1.259 1.269 1.279 1.299 1.347 1.395 1.444 1.492 1.54 1.589 1.637 1.686 1.733 1.774 1.815 1.856 1.896 1.937 1.978 2.019 2.038 2.051 2.064 2.078 2.091 2.104 2.118 2.14 2.187 2.235 2.282 2.329 2.376 2.424 2.471 2.518 2.57 2.63 2.691 2.752 2.812 2.873 2.933 2.994 3.055 3.081 3.086 3.092 3.097 3.103 3.108 3.114 3.119 3.111 3.1 3.089 3.079 3.068 3.058 3.047 3.036 3.074 3.118 3.163 3.207 3.251 3.295 3.34 3.384 3.41 3.406 3.403 3.4 3.397 3.394 3.391 3.388 3.383 3.367 3.352 3.336 3.321 3.305 3.289 3.274 3.258 3.248 3.237 3.227 3.217 3.206 3.196 3.186 3.175 3.16 3.14 3.121 3.101 3.081 3.061 3.041
0.299 0.297 0.294 0.291 0.289 0.291 0.313 0.336 0.358 0.38 0.402 0.427 0.464 0.5 0.537 0.573 0.609 0.646 0.682 0.718 0.755 0.791 0.842 0.898 0.954 1.01 1.067 1.123 1.155 1.165 1.174 1.184 1.194 1.203 1.213 1.223 1.232 1.242 1.262 1.311 1.359 1.407 1.456 1.504 1.553 1.601 1.649 1.698 1.744 1.785 1.825 1.866 1.907 1.948 1.989 2.007 2.02 2.034 2.047 2.06 2.074 2.091 2.139 2.186 2.233 2.28 2.327 2.375 2.422 2.469 2.516 2.568 2.629 2.689 2.75 2.811 2.871 2.932 2.993 3.053 3.114 3.129 3.134 3.14 3.145 3.151 3.156 3.162 3.153 3.142 3.132 3.121 3.111 3.1 3.089 3.119 3.163 3.208 3.252 3.296 3.34 3.385 3.429 3.473 3.498 3.495 3.492 3.489 3.486 3.482 3.479 3.476 3.473 3.466 3.45 3.435 3.419 3.403 3.388 3.372 3.357 3.346 3.336 3.325 3.315 3.305 3.294 3.284 3.27 3.251 3.231 3.211 3.191 3.171 3.151 3.131
0.289 0.287 0.284 0.281 0.279 0.282 0.304 0.326 0.348 0.371 0.394 0.43 0.466 0.503 0.539 0.575 0.612 0.648 0.684 0.721 0.757 0.794 0.845 0.901 0.957 1.013 1.069 1.109 1.118 1.128 1.138 1.147 1.157 1.166 1.176 1.186 1.195 1.205 1.226 1.274 1.323 1.371 1.42 1.468 1.516 1.565 1.613 1.662 1.71 1.754 1.795 1.836 1.877 1.918 1.959 1.977 1.99 2.003 2.016 2.03 2.043 2.09 2.137 2.184 2.231 2.279 2.326 2.373 2.42 2.468 2.515 2.567 2.627 2.688 2.749 2.809 2.87 2.931 2.991 3.052 3.112 3.172 3.177 3.182 3.188 3.193 3.199 3.204 3.195 3.185 3.174 3.164 3.153 3.142 3.164 3.208 3.253 3.297 3.341 3.385 3.43 3.474 3.518 3.562 3.586 3.583 3.58 3.577 3.574 3.571 3.568 3.565 3.562 3.558 3.549 3.533 3.517 3.502 3.486 3.471 3.455 3.445 3.434 3.424 3.414 3.403 3.393 3.381 3.361 3.341 3.321 3.301 3.281 3.261 3.242 3.222
0.271 0.277 0.274 0.271 0.269 0.272 0.294 0.317 0.339 0.361 0.396 0.432 0.469 0.505 0.542 0.578 0.614 0.651 0.687 0.723 0.76 0.796 0.848 0.904 0.96 1.016 1.062 1.072 1.081 1.091 1.101 1.11 1.12 1.13 1.139 1.149 1.158 1.168 1.19 1.238 1.287 1.335 1.383 1.432 1.48 1.529 1.577 1.625 1.674 1.722 1.765 1.806 1.847 1.888 1.928 1.946 1.959 1.973 1.986 1.999 2.041 2.088 2.135 2.182 2.23 2.277 2.324 2.371 2.419 2.466 2.513 2.565 2.626 2.687 2.747 2.808 2.868 2.929 2.99 3.05 3.111 3.172 3.22 3.225 3.231 3.236 3.241 3.247 3.238 3.227 3.216 3.206 3.195 3.209 3.253 3.298 3.342 3.386 3.43 3.475 3.519 3.563 3.607 3.652 3.675 3.672 3.669 3.666 3.662 3.659 3.656 3.653 3.65 3.647 3.644 3.631 3.616 3.6 3.585 3.569 3.553 3.543 3.533 3.522 3.512 3.502 3.491 3.471 3.451 3.431 3.411 3.392 3.372 3.352 3.332 3.312
0.248 0.261 0.264 0.261 0.259 0.263 0.285 0.307 0.329 0.362 0.399 0.435 0.471 0.508 0.544 0.58 0.617 0.653 0.689 0.726 0.762 0.799 0.851 0.907 0.963 1.016 1.025 1.035 1.045 1.054 1.064 1.073 1.083 1.093 1.102 1.112 1.122 1.131 1.154 1.202 1.25 1.299 1.347 1.396 1.444 1.492 1.541 1.589 1.638 1.686 1.734 1.776 1.817 1.857 1.898 1.915 1.929 1.942 1.955 1.992 2.039 2.086 2.134 2.181 2.228 2.275 2.323 2.37 2.417 2.464 2.511 2.564 2.625 2.685 2.746 2.806 2.867 2.928 2.988 3.049 3.11 3.17 3.231 3.268 3.273 3.279 3.284 3.289 3.28 3.269 3.259 3.248 3.254 3.298 3.343 3.387 3.431 3.475 3.52 3.564 3.608 3.652 3.697 3.741 3.763 3.76 3.757 3.754 3.751 3.748 3.745 3.742 3.738 3.735 3.732 3.729 3.714 3.699 3.683 3.667 3.652 3.641 3.631 3.621 3.61 3.6 3.581 3.561 3.541 3.522 3.502 3.482 3.462 3.442 3.422 3.402
0.225 0.239 0.252 0.251 0.249 0.253 0.275 0.297 0.328 0.365 0.401 0.437 0.474 0.51 0.546 0.583 0.619 0.656 0.692 0.728 0.765 0.801 0.853 0.909 0.966 0.979 0.988 0.998 1.008 1.017 1.027 1.037 1.046 1.056 1.065 1.075 1.085 1.094 1.117 1.166 1.214 1.263 1.311 1.359 1.408 1.456 1.505 1.553 1.601 1.65 1.698 1.746 1.786 1.827 1.868 1.885 1.898 1.911 1.943 1.99 2.037 2.085 2.132 2.179 2.226 2.274 2.321 2.368 2.415 2.463 2.51 2.562 2.623 2.684 2.744 2.805 2.866 2.926 2.987 3.047 3.108 3.169 3.229 3.29 3.316 3.321 3.327 3.332 3.322 3.312 3.301 3.299 3.343 3.388 3.432 3.476 3.52 3.565 3.609 3.653 3.697 3.742 3.786 3.83 3.852 3.849 3.846 3.842 3.839 3.836 3.833 3.83 3.827 3.824 3.821 3.818 3.813 3.797 3.781 3.766 3.75 3.74 3.73 3.719 3.709 3.691 3.672 3.652 3.632 3.612 3.592 3.572 3.552 3.532 3.513 3.493
0.202 0.216 0.229 0.242 0.239 0.243 0.266 0.294 0.331 0.367 0.404 0.44 0.476 0.513 0.549 0.585 0.622 0.658 0.694 0.731 0.767 0.803 0.856 0.912 0.932 0.942 0.952 0.961 0.971 0.98 0.99 1.0 1.009 1.019 1.029 1.038 1.048 1.058 1.081 1.13 1.178 1.226 1.275 1.323 1.371 1.42 1.468 1.517 1.565 1.613 1.662 1.71 1.756 1.797 1.838 1.854 1.867 1.894 1.941 1.989 2.036 2.083 2.13 2.178 2.225 2.272 2.319 2.366 2.414 2.461 2.508 2.561 2.622 2.682 2.743 2.804 2.864 2.925 2.985 3.046 3.107 3.167 3.228 3.289 3.349 3.364 3.369 3.375 3.365 3.354 3.344 3.388 3.433 3.477 3.521 3.565 3.61 3.654 3.698 3.742 3.787 3.831 3.875 3.919 3.94 3.937 3.934 3.931 3.928 3.925 3.922 3.918 3.915 3.912 3.909 3.906 3.903 3.895 3.88 3.864 3.849 3.838 3.828 3.818 3.802 3.782 3.762 3.742 3.722 3.702 3.682 3.663 3.643 3.623 3.603 3.583
0.18 0.193 0.206 0.22 0.229 0.234 0.261 0.297 0.333 0.37 0.406 0.442 0.479 0.515 0.551 0.588 0.624 0.661 0.697 0.733 0.77 0.806 0.859 0.886 0.895 0.905 0.915 0.924 0.934 0.944 0.953 0.963 0.973 0.982 0.992 1.001 1.011 1.021 1.045 1.093 1.142 1.19 1.238 1.287 1.335 1.384 1.432 1.48 1.529 1.577 1.626 1.674 1.722 1.767 1.808 1.823 1.845 1.893 1.94 1.987 2.034 2.081 2.129 2.176 2.223 2.27 2.318 2.365 2.412 2.459 2.506 2.56 2.62 2.681 2.742 2.802 2.863 2.923 2.984 3.045 3.105 3.166 3.226 3.287 3.348 3.406 3.412 3.417 3.407 3.397 3.433 3.477 3.522 3.566 3.61 3.655 3.699 3.743 3.787 3.832 3.876 3.92 3.964 4.009 4.029 4.026 4.022 4.019 4.016 4.013 4.01 4.007 4.004 4.001 3.998 3.994 3.991 3.988 3.978 3.963 3.947 3.937 3.927 3.912 3.892 3.872 3.852 3.832 3.812 3.793 3.773 3.753 3.733 3.713 3.693 3.673
0.157 0.17 0.184 0.197 0.21 0.227 0.263 0.299 0.336 0.372 0.409 0.445 0.481 0.518 0.554 0.59 0.627 0.663 0.699 0.736 0.772 0.808 0.839 0.849 0.859 0.868 0.878 0.887 0.897 0.907 0.916 0.926 0.936 0.945 0.955 0.965 0.974 0.984 1.009 1.057 1.105 1.154 1.202 1.251 1.299 1.347 1.396 1.444 1.493 1.541 1.589 1.638 1.686 1.735 1.777 1.796 1.844 1.891 1.938 1.985 2.033 2.08 2.127 2.174 2.221 2.269 2.316 2.363 2.41 2.458 2.505 2.558 2.619 2.679 2.74 2.801 2.861 2.922 2.983 3.043 3.104 3.164 3.225 3.286 3.346 3.407 3.455 3.46 3.45 3.478 3.522 3.567 3.611 3.655 3.7 3.744 3.788 3.832 3.877 3.921 3.965 4.009 4.054 4.098 4.117 4.114 4.111 4.108 4.105 4.102 4.098 4.095 4.092 4.089 4.086 4.083 4.08 4.077 4.074 4.061 4.046 4.035 4.022 4.002 3.982 3.962 3.943 3.923 3.903 3.883 3.863 3.843 3.823 3.803 3.784 3.764
0.155 0.168 0.181 0.194 0.206 0.212 0.241 0.278 0.315 0.351 0.388 0.425 0.462 0.499 0.536 0.573 0.609 0.646 0.683 0.72 0.757 0.794 0.814 0.823 0.833 0.842 0.851 0.861 0.87 0.879 0.888 0.898 0.907 0.916 0.926 0.935 0.944 0.953 0.97 1.019 1.067 1.116 1.164 1.213 1.261 1.31 1.358 1.407 1.455 1.504 1.553 1.601 1.65 1.698 1.747 1.794 1.842 1.889 1.936 1.984 2.031 2.078 2.125 2.173 2.22 2.267 2.314 2.361 2.409 2.456 2.503 2.557 2.617 2.678 2.739 2.799 2.86 2.921 2.981 3.042 3.102 3.163 3.224 3.284 3.345 3.405 3.466 3.502 3.523 3.567 3.612 3.656 3.7 3.745 3.789 3.833 3.877 3.922 3.966 4.01 4.054 4.099 4.143 4.187 4.206 4.202 4.199 4.196 4.193 4.19 4.187 4.184 4.181 4.178 4.174 4.171 4.168 4.165 4.162 4.159 4.144 4.132 4.112 4.092 4.073 4.053 4.033 4.013 3.993 3.973 3.953 3.934 3.914 3.894 3.874 3.854
0.155 0.168 0.181 0.194 0.197 0.203 0.215 0.249 0.286 0.323 0.36 0.397 0.433 0.47 0.507 0.544 0.581 0.618 0.655 0.691 0.728 0.765 0.793 0.808 0.817 0.827 0.836 0.845 0.855 0.864 0.873 0.883 0.892 0.901 0.91 0.92 0.929 0.938 0.949 0.975 1.024 1.072 1.121 1.169 1.218 1.266 1.315 1.363 1.412 1.46 1.509 1.557 1.606 1.654 1.703 1.751 1.799 1.847 1.895 1.943 1.99 2.038 2.086 2.134 2.182 2.23 2.278 2.326 2.374 2.422 2.463 2.474 2.533 2.595 2.658 2.72 2.783 2.845 2.908 2.97 3.033 3.095 3.158 3.22 3.283 3.345 3.408 3.47 3.518 3.566 3.613 3.661 3.709 3.756 3.804 3.852 3.9 3.947 3.995 4.043 4.09 4.138 4.186 4.234 4.272 4.271 4.27 4.268 4.267 4.266 4.265 4.264 4.263 4.262 4.26 4.259 4.257 4.254 4.25 4.247 4.242 4.223 4.203 4.183 4.163 4.143 4.123 4.103 4.083 4.064 4.044 4.024 4.004 3.984 3.964 3.944
0.155 0.168 0.181 0.186 0.188 0.194 0.206 0.221 0.258 0.294 0.331 0.368 0.405 0.442 0.479 0.515 0.552 0.589 0.626 0.663 0.7 0.737 0.764 0.79 0.802 0.812 0.821 0.83 0.839 0.849 0.858 0.867 0.877 0.886 0.895 0.904 0.914 0.923 0.934 0.947 0.98 1.029 1.077 1.126 1.174 1.223 1.271 1.32 1.368 1.417 1.465 1.514 1.562 1.611 1.659 1.707 1.755 1.803 1.851 1.899 1.947 1.995 2.043 2.091 2.139 2.186 2.234 2.282 2.33 2.378 2.375 2.386 2.416 2.479 2.541 2.604 2.666 2.729 2.791 2.854 2.916 2.979 3.042 3.104 3.167 3.229 3.292 3.354 3.401 3.449 3.497 3.544 3.592 3.64 3.688 3.735 3.783 3.831 3.878 3.926 3.974 4.022 4.069 4.149 4.223 4.243 4.242 4.241 4.24 4.239 4.237 4.236 4.235 4.234 4.233 4.232 4.231 4.23 4.228 4.227 4.224 4.206 4.189 4.171 4.153 4.135 4.117 4.099 4.081 4.064 4.046 4.028 4.01 3.992 3.974 3.957
0.155 0.168 0.175 0.177 0.179 0.185 0.197 0.21 0.229 0.266 0.303 0.34 0.376 0.413 0.45 0.487 0.524 0.561 0.597 0.634 0.671 0.708 0.735 0.761 0.787 0.796 0.806 0.815 0.824 0.833 0.843 0.852 0.861 0.871 0.88 0.889 0.899 0.908 0.919 0.932 0.945 0.985 1.034 1.082 1.131 1.179 1.228 1.276 1.325 1.373 1.422 1.47 1.519 1.567 1.616 1.664 1.712 1.759 1.807 1.855 1.903 1.951 1.999 2.047 2.095 2.143 2.191 2.239 2.287 2.291 2.287 2.299 2.325 2.362 2.425 2.487 2.55 2.613 2.675 2.738 2.8 2.863 2.925 2.988 3.05 3.113 3.175 3.237 3.285 3.332 3.38 3.428 3.476 3.523 3.571 3.619 3.666 3.714 3.762 3.81 3.857 3.905 3.977 4.08 4.153 4.205 4.215 4.213 4.212 4.211 4.21 4.209 4.208 4.207 4.205 4.204 4.203 4.202 4.201 4.2 4.196 4.179 4.161 4.143 4.125 4.107 4.089 4.071 4.054 4.036 4.018 4.0 3.982 3.964 3.947 3.929
0.155 0.163 0.165 0.167 0.169 0.176 0.188 0.201 0.213 0.237 0.274 0.311 0.348 0.385 0.422 0.458 0.495 0.532 0.569 0.606 0.643 0.68 0.706 0.733 0.759 0.781 0.79 0.8 0.809 0.818 0.828 0.837 0.846 0.855 0.865 0.874 0.883 0.893 0.904 0.916 0.929 0.942 0.99 1.038 1.087 1.136 1.184 1.233 1.281 1.33 1.378 1.427 1.475 1.524 1.572 1.62 1.668 1.716 1.764 1.812 1.86 1.908 1.955 2.003 2.051 2.099 2.147 2.195 2.207 2.203 2.198 2.211 2.238 2.264 2.309 2.371 2.434 2.496 2.559 2.621 2.684 2.746 2.809 2.871 2.934 2.996 3.059 3.12 3.168 3.216 3.264 3.311 3.359 3.407 3.454 3.502 3.55 3.597 3.645 3.693 3.741 3.805 3.908 4.011 4.083 4.135 4.187 4.186 4.185 4.184 4.182 4.181 4.18 4.179 4.178 4.177 4.176 4.174 4.173 4.172 4.169 4.151 4.133 4.115 4.097 4.079 4.061 4.044 4.026 4.008 3.99 3.972 3.954 3.937 3.919 3.911
0.152 0.154 0.156 0.158 0.16 0.166 0.179 0.192 0.204 0.217 0.246 0.282 0.319 0.356 0.393 0.43 0.467 0.504 0.54 0.577 0.614 0.651 0.678 0.704 0.73 0.756 0.775 0.784 0.794 0.803 0.812 0.822 0.831 0.84 0.849 0.859 0.868 0.877 0.888 0.901 0.914 0.927 0.946 0.995 1.043 1.092 1.14 1.189 1.237 1.286 1.334 1.383 1.431 1.48 1.528 1.576 1.624 1.672 1.72 1.768 1.816 1.864 1.912 1.96 2.008 2.056 2.103 2.123 2.119 2.115 2.11 2.123 2.15 2.177 2.203 2.255 2.317 2.38 2.442 2.505 2.567 2.63 2.692 2.755 2.818 2.88 2.943 3.004 3.051 3.099 3.147 3.195 3.242 3.29 3.338 3.385 3.433 3.481 3.529 3.576 3.632 3.736 3.839 3.942 4.014 4.065 4.117 4.158 4.157 4.156 4.155 4.154 4.153 4.151 4.15 4.149 4.148 4.147 4.146 4.145 4.141 4.123 4.105 4.087 4.069 4.051 4.034 4.016 3.998 3.98 3.962 3.944 3.927 3.909 3.9 3.893
0.143 0.145 0.147 0.149 0.151 0.157 0.17 0.182 0.195 0.208 0.22 0.254 0.291 0.328 0.364 0.401 0.438 0.475 0.512 0.549 0.586 0.622 0.649 0.675 0.701 0.727 0.754 0.769 0.779 0.788 0.797 0.806 0.816 0.825 0.834 0.844 0.853 0.862 0.873 0.886 0.899 0.912 0.925 0.951 1.0 1.048 1.097 1.145 1.194 1.242 1.291 1.339 1.388 1.436 1.485 1.533 1.581 1.629 1.677 1.724 1.772 1.82 1.868 1.916 1.964 2.012 2.039 2.035 2.031 2.026 2.022 2.035 2.062 2.089 2.116 2.142 2.201 2.263 2.326 2.389 2.451 2.514 2.576 2.639 2.701 2.764 2.826 2.887 2.935 2.983 3.03 3.078 3.126 3.173 3.221 3.269 3.317 3.364 3.412 3.46 3.563 3.667 3.77 3.873 3.944 3.996 4.048 4.099 4.13 4.128 4.127 4.126 4.125 4.124 4.123 4.122 4.12 4.119 4.118 4.117 4.113 4.095 4.077 4.059 4.042 4.024 4.006 3.988 3.97 3.952 3.934 3.917 3.899 3.888 3.882 3.875
0.134 0.136 0.138 0.14 0.141 0.148 0.161 0.173 0.186 0.198 0.211 0.225 0.262 0.299 0.336 0.373 0.41 0.446 0.483 0.52 0.557 0.594 0.62 0.646 0.673 0.699 0.725 0.751 0.763 0.773 0.782 0.791 0.8 0.81 0.819 0.828 0.838 0.847 0.858 0.871 0.884 0.897 0.91 0.923 0.956 1.005 1.053 1.102 1.15 1.199 1.247 1.296 1.344 1.393 1.441 1.489 1.537 1.585 1.633 1.681 1.729 1.777 1.825 1.872 1.92 1.956 1.951 1.947 1.942 1.938 1.934 1.948 1.974 2.001 2.028 2.055 2.085 2.147 2.21 2.272 2.335 2.397 2.46 2.522 2.585 2.647 2.71 2.771 2.818 2.866 2.914 2.961 3.009 3.057 3.105 3.152 3.2 3.248 3.295 3.391 3.494 3.598 3.701 3.805 3.874 3.926 3.978 4.03 4.082 4.101 4.1 4.099 4.098 4.096 4.095 4.094 4.093 4.092 4.091 4.09 4.085 4.067 4.049 4.032 4.014 3.996 3.978 3.96 3.942 3.924 3.907 3.889 3.876 3.87 3.864 3.857
0.124 0.126 0.128 0.13 0.132 0.139 0.152 0.164 0.177 0.189 0.202 0.214 0.234 0.271 0.307 0.344 0.381 0.418 0.455 0.492 0.529 0.565 0.592 0.618 0.644 0.67 0.696 0.722 0.748 0.757 0.767 0.776 0.785 0.795 0.804 0.813 0.822 0.832 0.843 0.856 0.869 0.882 0.894 0.907 0.92 0.961 1.01 1.058 1.107 1.155 1.204 1.252 1.301 1.349 1.398 1.446 1.493 1.541 1.589 1.637 1.685 1.733 1.781 1.829 1.872 1.867 1.863 1.859 1.854 1.85 1.845 1.86 1.887 1.913 1.94 1.967 1.994 2.031 2.093 2.156 2.218 2.281 2.343 2.406 2.469 2.531 2.594 2.654 2.702 2.749 2.797 2.845 2.893 2.94 2.988 3.036 3.083 3.131 3.218 3.322 3.425 3.529 3.632 3.736 3.804 3.856 3.908 3.96 4.012 4.064 4.072 4.071 4.07 4.069 4.068 4.067 4.065 4.064 4.063 4.062 4.057 4.039 4.022 4.004 3.986 3.968 3.95 3.932 3.914 3.897 3.879 3.865 3.858 3.852 3.846 3.839
0.115 0.117 0.119 0.121 0.123 0.13 0.143 0.155 0.168 0.18 0.193 0.205 0.218 0.242 0.279 0.316 0.353 0.389 0.426 0.463 0.5 0.537 0.563 0.589 0.615 0.641 0.668 0.694 0.72 0.742 0.751 0.761 0.77 0.779 0.789 0.798 0.807 0.816 0.828 0.841 0.854 0.866 0.879 0.892 0.905 0.918 0.966 1.014 1.063 1.111 1.16 1.209 1.257 1.306 1.354 1.402 1.45 1.498 1.546 1.594 1.641 1.689 1.737 1.785 1.783 1.779 1.775 1.77 1.766 1.761 1.757 1.772 1.799 1.826 1.852 1.879 1.906 1.932 1.977 2.04 2.102 2.165 2.227 2.29 2.352 2.415 2.477 2.537 2.585 2.633 2.681 2.728 2.776 2.824 2.871 2.919 2.967 3.046 3.149 3.253 3.356 3.46 3.563 3.667 3.734 3.786 3.838 3.89 3.942 3.994 4.045 4.044 4.042 4.041 4.04 4.039 4.038 4.037 4.036 4.034 4.029 4.012 3.994 3.976 3.958 3.94 3.922 3.904 3.887 3.869 3.853 3.847 3.84 3.834 3.828 3.821
0.106 0.108 0.11 0.112 0.114 0.121 0.133 0.146 0.159 0.171 0.184 0.196 0.209 0.221 0.25 0.287 0.324 0.361 0.398 0.435 0.471 0.508 0.534 0.56 0.586 0.613 0.639 0.665 0.691 0.717 0.736 0.746 0.755 0.764 0.773 0.783 0.792 0.801 0.813 0.825 0.838 0.851 0.864 0.877 0.89 0.903 0.922 0.971 1.019 1.068 1.116 1.165 1.213 1.262 1.31 1.358 1.406 1.454 1.502 1.55 1.598 1.646 1.694 1.7 1.695 1.691 1.686 1.682 1.678 1.673 1.669 1.684 1.711 1.738 1.765 1.791 1.818 1.845 1.871 1.923 1.986 2.048 2.111 2.173 2.236 2.298 2.361 2.421 2.469 2.516 2.564 2.612 2.659 2.707 2.755 2.803 2.873 2.977 3.08 3.184 3.287 3.391 3.494 3.598 3.664 3.716 3.768 3.82 3.872 3.924 3.976 4.016 4.015 4.014 4.013 4.011 4.01 4.009 4.008 4.007 4.002 3.984 3.966 3.948 3.93 3.912 3.895 3.877 3.859 3.841 3.835 3.829 3.822 3.816 3.81 3.803
0.097 0.099 0.1 0.102 0.104 0.112 0.124 0.137 0.149 0.162 0.174 0.187 0.2 0.212 0.225 0.259 0.295 0.332 0.369 0.406 0.443 0.479 0.505 0.532 0.558 0.584 0.61 0.636 0.662 0.689 0.715 0.73 0.74 0.749 0.758 0.767 0.777 0.786 0.797 0.81 0.823 0.836 0.849 0.862 0.875 0.888 0.901 0.927 0.976 1.024 1.073 1.121 1.17 1.218 1.267 1.315 1.363 1.41 1.458 1.506 1.554 1.602 1.616 1.611 1.607 1.602 1.598 1.594 1.589 1.585 1.581 1.597 1.623 1.65 1.677 1.704 1.73 1.757 1.784 1.81 1.869 1.932 1.994 2.057 2.119 2.182 2.245 2.304 2.352 2.4 2.447 2.495 2.543 2.591 2.638 2.701 2.805 2.908 3.011 3.115 3.218 3.322 3.425 3.529 3.594 3.646 3.698 3.75 3.802 3.854 3.906 3.958 3.987 3.986 3.985 3.984 3.983 3.982 3.98 3.979 3.974 3.956 3.938 3.92 3.902 3.885 3.867 3.849 3.831 3.823 3.817 3.811 3.804 3.798 3.792 3.785
0.087 0.089 0.091 0.093 0.095 0.103 0.115 0.128 0.14 0.153 0.165 0.178 0.19 0.203 0.216 0.23 0.267 0.304 0.341 0.378 0.414 0.451 0.477 0.503 0.529 0.555 0.581 0.608 0.634 0.66 0.686 0.712 0.724 0.734 0.743 0.752 0.762 0.771 0.782 0.795 0.808 0.821 0.834 0.847 0.86 0.872 0.885 0.898 0.932 0.981 1.029 1.078 1.126 1.175 1.223 1.271 1.319 1.367 1.415 1.463 1.511 1.532 1.527 1.523 1.519 1.514 1.51 1.505 1.501 1.497 1.492 1.509 1.536 1.562 1.589 1.616 1.642 1.669 1.696 1.723 1.753 1.816 1.878 1.941 2.003 2.066 2.128 2.188 2.235 2.283 2.331 2.378 2.426 2.474 2.529 2.632 2.736 2.839 2.942 3.046 3.149 3.253 3.356 3.46 3.525 3.577 3.628 3.68 3.732 3.784 3.836 3.888 3.94 3.959 3.958 3.956 3.955 3.954 3.953 3.952 3.946 3.928 3.91 3.892 3.875 3.857 3.839 3.821 3.812 3.805 3.799 3.793 3.786 3.78 3.774 3.767
0.078 0.08 0.082 0.084 0.086 0.094 0.106 0.119 0.131 0.144 0.156 0.169 0.181 0.194 0.206 0.219 0.238 0.275 0.312 0.349 0.386 0.422 0.448 0.474 0.5 0.527 0.553 0.579 0.605 0.631 0.657 0.684 0.709 0.718 0.728 0.737 0.746 0.756 0.767 0.78 0.793 0.806 0.819 0.832 0.844 0.857 0.87 0.883 0.896 0.937 0.986 1.034 1.083 1.131 1.179 1.227 1.275 1.323 1.371 1.419 1.448 1.443 1.439 1.435 1.43 1.426 1.422 1.417 1.413 1.408 1.404 1.421 1.448 1.475 1.501 1.528 1.555 1.581 1.608 1.635 1.662 1.699 1.762 1.824 1.887 1.949 2.012 2.071 2.119 2.166 2.214 2.262 2.31 2.357 2.46 2.563 2.667 2.77 2.873 2.977 3.08 3.184 3.287 3.391 3.455 3.507 3.559 3.611 3.662 3.714 3.766 3.818 3.87 3.922 3.93 3.929 3.928 3.927 3.925 3.924 3.918 3.9 3.882 3.865 3.847 3.829 3.811 3.8 3.794 3.787 3.781 3.775 3.768 3.762 3.756 3.75
0.069 0.071 0.073 0.075 0.077 0.084 0.097 0.109 0.122 0.135 0.147 0.16 0.172 0.185 0.197 0.21 0.222 0.247 0.284 0.32 0.357 0.393 0.419 0.445 0.472 0.498 0.524 0.55 0.576 0.603 0.629 0.655 0.681 0.703 0.713 0.722 0.731 0.74 0.752 0.765 0.778 0.791 0.804 0.816 0.829 0.842 0.855 0.868 0.881 0.894 0.942 0.99 1.039 1.087 1.136 1.184 1.232 1.28 1.328 1.364 1.36 1.355 1.351 1.346 1.342 1.338 1.333 1.329 1.325 1.32 1.316 1.333 1.36 1.387 1.414 1.44 1.467 1.494 1.52 1.547 1.574 1.601 1.645 1.708 1.77 1.833 1.896 1.954 2.002 2.05 2.098 2.145 2.193 2.287 2.391 2.494 2.598 2.701 2.804 2.908 3.011 3.115 3.218 3.322 3.385 3.437 3.489 3.541 3.593 3.645 3.696 3.748 3.8 3.852 3.902 3.901 3.9 3.899 3.898 3.897 3.89 3.872 3.855 3.837 3.819 3.801 3.788 3.782 3.776 3.769 3.763 3.757 3.75 3.744 3.738 3.732
0.059 0.061 0.063 0.065 0.067 0.075 0.088 0.1 0.113 0.125 0.138 0.151 0.163 0.176 0.188 0.201 0.213 0.226 0.255 0.292 0.329 0.364 0.391 0.417 0.443 0.469 0.495 0.521 0.548 0.574 0.6 0.626 0.652 0.679 0.697 0.707 0.716 0.725 0.737 0.75 0.763 0.775 0.788 0.801 0.814 0.827 0.84 0.853 0.866 0.879 0.898 0.947 0.995 1.044 1.092 1.14 1.188 1.236 1.28 1.276 1.271 1.267 1.263 1.258 1.254 1.249 1.245 1.241 1.236 1.232 1.227 1.246 1.272 1.299 1.326 1.353 1.379 1.406 1.433 1.459 1.486 1.513 1.539 1.592 1.654 1.717 1.779 1.838 1.886 1.933 1.981 2.029 2.115 2.218 2.322 2.425 2.529 2.632 2.735 2.839 2.942 3.046 3.149 3.253 3.315 3.367 3.419 3.471 3.523 3.575 3.627 3.679 3.73 3.782 3.834 3.874 3.873 3.871 3.87 3.869 3.862 3.845 3.827 3.809 3.791 3.777 3.77 3.764 3.758 3.751 3.745 3.739 3.732 3.726 3.72 3.714
0.05 0.052 0.054 0.056 0.058 0.066 0.079 0.091 0.104 0.116 0.129 0.141 0.154 0.167 0.179 0.192 0.204 0.217 0.229 0.263 0.3 0.336 0.362 0.388 0.414 0.44 0.467 0.493 0.519 0.545 0.571 0.597 0.624 0.65 0.676 0.691 0.701 0.71 0.722 0.735 0.747 0.76 0.773 0.786 0.799 0.812 0.825 0.838 0.851 0.863 0.876 0.903 0.952 1.0 1.049 1.097 1.144 1.192 1.192 1.187 1.183 1.179 1.174 1.17 1.166 1.161 1.157 1.152 1.148 1.144 1.139 1.158 1.185 1.211 1.238 1.265 1.291 1.318 1.345 1.372 1.398 1.425 1.452 1.478 1.538 1.6 1.663 1.721 1.769 1.817 1.864 1.942 2.046 2.149 2.253 2.356 2.46 2.563 2.666 2.77 2.873 2.977 3.08 3.184 3.245 3.297 3.349 3.401 3.453 3.505 3.557 3.609 3.661 3.713 3.764 3.816 3.845 3.844 3.843 3.842 3.835 3.817 3.799 3.781 3.765 3.759 3.752 3.746 3.74 3.733 3.727 3.721 3.715 3.708 3.702 3.696
0.041 0.043 0.045 0.047 0.049 0.057 0.07 0.082 0.095 0.107 0.12 0.132 0.145 0.157 0.17 0.183 0.195 0.208 0.22 0.235 0.272 0.307 0.333 0.359 0.386 0.412 0.438 0.464 0.49 0.516 0.543 0.569 0.595 0.621 0.647 0.673 0.685 0.695 0.706 0.719 0.732 0.745 0.758 0.771 0.784 0.797 0.81 0.822 0.835 0.848 0.861 0.874 0.908 0.957 1.005 1.053 1.101 1.108 1.104 1.099 1.095 1.09 1.086 1.082 1.077 1.073 1.068 1.064 1.06 1.055 1.051 1.07 1.097 1.124 1.15 1.177 1.204 1.23 1.257 1.284 1.311 1.337 1.364 1.391 1.421 1.484 1.547 1.605 1.652 1.7 1.77 1.873 1.977 2.08 2.184 2.287 2.391 2.494 2.598 2.701 2.804 2.908 3.011 3.115 3.175 3.227 3.279 3.331 3.383 3.435 3.487 3.539 3.591 3.643 3.695 3.746 3.798 3.816 3.815 3.814 3.807 3.789 3.771 3.753 3.747 3.741 3.734 3.728 3.722 3.715 3.709 3.703 3.697 3.69 3.684 3.678
0.032 0.034 0.035 0.037 0.039 0.048 0.06 0.073 0.086 0.098 0.111 0.123 0.136 0.148 0.161 0.173 0.186 0.199 0.211 0.224 0.243 0.278 0.304 0.331 0.357 0.383 0.409 0.435 0.462 0.488 0.514 0.54 0.566 0.592 0.619 0.645 0.67 0.68 0.691 0.704 0.717 0.73 0.743 0.756 0.769 0.782 0.794 0.807 0.82 0.833 0.846 0.859 0.872 0.913 0.961 1.009 1.024 1.02 1.015 1.011 1.006 1.002 0.998 0.993 0.989 0.985 0.98 0.976 0.971 0.967 0.963 0.982 1.009 1.036 1.063 1.089 1.116 1.143 1.169 1.196 1.223 1.25 1.276 1.303 1.33 1.368 1.43 1.488 1.536 1.598 1.701 1.804 1.908 2.011 2.115 2.218 2.322 2.425 2.529 2.632 2.735 2.839 2.942 3.046 3.106 3.157 3.209 3.261 3.313 3.365 3.417 3.469 3.521 3.573 3.625 3.677 3.729 3.78 3.788 3.787 3.779 3.761 3.743 3.735 3.729 3.723 3.716 3.71 3.704 3.698 3.691 3.685 3.679 3.672 3.666 3.66
0.022 0.024 0.026 0.028 0.03 0.039 0.051 0.064 0.076 0.089 0.102 0.114 0.127 0.139 0.152 0.164 0.177 0.189 0.202 0.215 0.227 0.25 0.276 0.302 0.328 0.354 0.38 0.407 0.433 0.459 0.485 0.511 0.538 0.564 0.59 0.616 0.642 0.664 0.676 0.689 0.702 0.715 0.728 0.741 0.753 0.766 0.779 0.792 0.805 0.818 0.831 0.844 0.857 0.869 0.918 0.94 0.936 0.931 0.927 0.923 0.918 0.914 0.909 0.905 0.901 0.896 0.892 0.888 0.883 0.879 0.874 0.895 0.921 0.948 0.975 1.001 1.028 1.055 1.082 1.108 1.135 1.162 1.188 1.215 1.242 1.269 1.314 1.371 1.425 1.529 1.632 1.735 1.839 1.942 2.046 2.149 2.253 2.356 2.46 2.563 2.666 2.77 2.873 2.977 3.036 3.088 3.14 3.191 3.243 3.295 3.347 3.399 3.451 3.503 3.555 3.607 3.659 3.711 3.76 3.759 3.751 3.733 3.724 3.717 3.711 3.705 3.698 3.692 3.686 3.68 3.673 3.667 3.661 3.654 3.648 3.642
0.02 0.022 0.024 0.026 0.028 0.028 0.04 0.053 0.065 0.078 0.091 0.103 0.116 0.128 0.141 0.153 0.166 0.179 0.191 0.204 0.216 0.232 0.257 0.283 0.309 0.335 0.361 0.387 0.413 0.439 0.465 0.491 0.516 0.542 0.568 0.594 0.62 0.645 0.657 0.67 0.683 0.696 0.709 0.722 0.736 0.749 0.762 0.775 0.788 0.801 0.814 0.827 0.84 0.853 0.861 0.856 0.85 0.845 0.84 0.834 0.83 0.826 0.821 0.817 0.812 0.808 0.804 0.799 0.795 0.791 0.786 0.807 0.834 0.86 0.887 0.914 0.94 0.967 0.994 1.021 1.047 1.074 1.101 1.127 1.154 1.181 1.208 1.255 1.356 1.46 1.563 1.666 1.77 1.873 1.977 2.08 2.184 2.287 2.391 2.494 2.597 2.701 2.804 2.908 2.966 3.018 3.07 3.122 3.174 3.225 3.277 3.329 3.381 3.433 3.485 3.537 3.589 3.641 3.693 3.731 3.723 3.712 3.706 3.699 3.693 3.687 3.681 3.674 3.668 3.662 3.655 3.649 3.643 3.636 3.63 3.624
0.019 0.021 0.023 0.024 0.026 0.027 0.029 0.041 0.054 0.066 0.079 0.092 0.104 0.117 0.129 0.142 0.155 0.167 0.18 0.192 0.205 0.22 0.246 0.272 0.298 0.324 0.35 0.376 0.402 0.427 0.453 0.479 0.505 0.531 0.557 0.583 0.609 0.612 0.628 0.644 0.657 0.67 0.683 0.696 0.709 0.722 0.735 0.748 0.761 0.774 0.787 0.801 0.814 0.827 0.834 0.829 0.824 0.818 0.813 0.808 0.802 0.797 0.791 0.786 0.781 0.775 0.77 0.764 0.759 0.754 0.779 0.81 0.835 0.859 0.884 0.909 0.934 0.959 0.984 1.008 1.033 1.058 1.083 1.108 1.133 1.157 1.182 1.244 1.347 1.448 1.55 1.651 1.753 1.854 1.956 2.057 2.159 2.26 2.362 2.463 2.565 2.666 2.768 2.869 2.925 2.975 3.025 3.075 3.124 3.174 3.224 3.274 3.324 3.374 3.424 3.474 3.524 3.574 3.624 3.675 3.7 3.694 3.688 3.681 3.675 3.669 3.663 3.656 3.65 3.644 3.637 3.631 3.625 3.618 3.612 3.606
0.018 0.019 0.021 0.023 0.025 0.025 0.025 0.03 0.042 0.055 0.067 0.08 0.093 0.105 0.118 0.13 0.143 0.156 0.168 0.181 0.193 0.209 0.235 0.261 0.287 0.313 0.338 0.364 0.39 0.416 0.442 0.468 0.494 0.52 0.546 0.571 0.579 0.579 0.595 0.616 0.63 0.643 0.656 0.67 0.683 0.696 0.709 0.722 0.735 0.748 0.761 0.774 0.787 0.8 0.808 0.802 0.797 0.792 0.786 0.781 0.775 0.77 0.765 0.759 0.754 0.748 0.743 0.738 0.732 0.749 0.805 0.835 0.86 0.885 0.909 0.934 0.959 0.984 1.009 1.034 1.058 1.083 1.108 1.133 1.158 1.183 1.211 1.275 1.392 1.494 1.595 1.697 1.798 1.9 2.001 2.103 2.204 2.306 2.407 2.509 2.61 2.712 2.813 2.915 2.969 3.019 3.069 3.119 3.169 3.219 3.269 3.319 3.369 3.419 3.469 3.519 3.569 3.619 3.669 3.723 3.765 3.766 3.758 3.75 3.742 3.734 3.726 3.718 3.711 3.703 3.695 3.687 3.679 3.671 3.663 3.655
0.016 0.018 0.02 0.022 0.023 0.024 0.024 0.024 0.031 0.043 0.056 0.069 0.081 0.094 0.106 0.119 0.131 0.144 0.157 0.169 0.182 0.198 0.224 0.249 0.275 0.301 0.327 0.353 0.379 0.405 0.431 0.457 0.482 0.508 0.534 0.545 0.546 0.546 0.563 0.583 0.604 0.617 0.63 0.643 0.656 0.669 0.682 0.695 0.708 0.721 0.735 0.748 0.761 0.774 0.781 0.776 0.77 0.765 0.759 0.754 0.749 0.743 0.738 0.732 0.727 0.722 0.716 0.711 0.719 0.775 0.831 0.86 0.885 0.91 0.935 0.959 0.984 1.009 1.034 1.059 1.084 1.108 1.133 1.158 1.183 1.21 1.24 1.306 1.425 1.539 1.641 1.742 1.844 1.945 2.047 2.148 2.25 2.351 2.453 2.554 2.656 2.757 2.859 2.96 3.014 3.064 3.114 3.164 3.214 3.264 3.314 3.364 3.414 3.464 3.514 3.564 3.614 3.664 3.715 3.779 3.821 3.838 3.834 3.826 3.818 3.81 3.802 3.794 3.786 3.778 3.77 3.762 3.755 3.747 3.739 3.731
0.015 0.016 0.018 0.02 0.022 0.022 0.022 0.023 0.023 0.032 0.044 0.057 0.07 0.082 0.095 0.107 0.12 0.133 0.145 0.158 0.17 0.186 0.212 0.238 0.264 0.29 0.316 0.342 0.368 0.393 0.419 0.445 0.471 0.497 0.512 0.512 0.513 0.513 0.53 0.551 0.572 0.59 0.603 0.617 0.63 0.643 0.656 0.669 0.682 0.695 0.708 0.721 0.734 0.747 0.754 0.749 0.743 0.738 0.733 0.727 0.722 0.716 0.711 0.706 0.7 0.695 0.689 0.688 0.744 0.8 0.857 0.885 0.91 0.935 0.96 0.985 1.01 1.034 1.059 1.084 1.109 1.134 1.159 1.183 1.21 1.24 1.27 1.337 1.456 1.576 1.686 1.788 1.889 1.991 2.092 2.194 2.295 2.397 2.498 2.6 2.701 2.803 2.905 3.006 3.059 3.109 3.159 3.209 3.259 3.308 3.358 3.408 3.458 3.508 3.558 3.608 3.658 3.708 3.772 3.836 3.877 3.894 3.909 3.901 3.893 3.885 3.878 3.87 3.862 3.854 3.846 3.838 3.83 3.822 3.814 3.806
0.013 0.015 0.017 0.019 0.02 0.021 0.021 0.021 0.021 0.021 0.033 0.045 0.058 0.071 0.083 0.096 0.108 0.121 0.134 0.146 0.159 0.175 0.201 0.227 0.253 0.279 0.304 0.33 0.356 0.382 0.408 0.434 0.46 0.478 0.479 0.479 0.48 0.48 0.497 0.518 0.539 0.56 0.577 0.59 0.603 0.616 0.629 0.642 0.655 0.668 0.682 0.695 0.708 0.721 0.727 0.722 0.717 0.711 0.706 0.7 0.695 0.69 0.684 0.679 0.673 0.668 0.663 0.714 0.77 0.826 0.882 0.911 0.935 0.96 0.985 1.01 1.035 1.06 1.084 1.109 1.134 1.159 1.184 1.21 1.24 1.269 1.299 1.368 1.487 1.607 1.727 1.833 1.935 2.036 2.138 2.239 2.341 2.442 2.544 2.646 2.747 2.849 2.95 3.052 3.103 3.153 3.203 3.253 3.303 3.353 3.403 3.453 3.503 3.553 3.603 3.653 3.703 3.765 3.829 3.893 3.933 3.95 3.966 3.977 3.969 3.961 3.953 3.945 3.937 3.929 3.921 3.914 3.906 3.898 3.89 3.882
0.012 0.014 0.015 0.017 0.019 0.019 0.019 0.02 0.02 0.02 0.021 0.034 0.047 0.059 0.072 0.084 0.097 0.109 0.122 0.135 0.147 0.164 0.19 0.215 0.241 0.267 0.293 0.319 0.345 0.371 0.397 0.423 0.445 0.445 0.446 0.446 0.447 0.447 0.465 0.486 0.506 0.527 0.548 0.564 0.577 0.59 0.603 0.616 0.629 0.642 0.655 0.668 0.681 0.694 0.701 0.695 0.69 0.684 0.679 0.674 0.668 0.663 0.657 0.652 0.647 0.641 0.684 0.74 0.796 0.852 0.908 0.936 0.961 0.985 1.01 1.035 1.06 1.085 1.11 1.134 1.159 1.184 1.209 1.239 1.269 1.299 1.329 1.399 1.518 1.638 1.758 1.878 1.98 2.082 2.184 2.285 2.387 2.488 2.59 2.691 2.793 2.894 2.996 3.097 3.148 3.198 3.248 3.298 3.348 3.398 3.448 3.498 3.548 3.598 3.648 3.698 3.757 3.821 3.885 3.949 3.989 4.006 4.022 4.039 4.044 4.037 4.029 4.021 4.013 4.005 3.997 3.989 3.981 3.973 3.965 3.957
0.01 0.012 0.014 0.016 0.018 0.018 0.018 0.018 0.018 0.018 0.018 0.022 0.035 0.048 0.06 0.073 0.085 0.098 0.111 0.123 0.136 0.152 0.178 0.204 0.23 0.256 0.282 0.308 0.334 0.36 0.385 0.411 0.412 0.412 0.413 0.413 0.414 0.415 0.432 0.453 0.474 0.494 0.515 0.536 0.55 0.563 0.576 0.589 0.602 0.616 0.629 0.642 0.655 0.668 0.674 0.668 0.663 0.658 0.652 0.647 0.641 0.636 0.631 0.625 0.62 0.653 0.709 0.765 0.822 0.878 0.934 0.961 0.986 1.011 1.036 1.06 1.085 1.11 1.135 1.16 1.185 1.209 1.239 1.269 1.299 1.328 1.358 1.43 1.549 1.669 1.789 1.909 2.026 2.128 2.229 2.331 2.432 2.534 2.635 2.737 2.838 2.94 3.041 3.143 3.193 3.243 3.293 3.343 3.393 3.443 3.493 3.542 3.592 3.642 3.692 3.75 3.814 3.878 3.942 4.006 4.045 4.061 4.078 4.095 4.112 4.112 4.104 4.096 4.088 4.081 4.073 4.065 4.057 4.049 4.041 4.033
0.009 0.011 0.012 0.014 0.016 0.016 0.017 0.017 0.017 0.017 0.017 0.017 0.023 0.036 0.049 0.061 0.074 0.086 0.099 0.112 0.124 0.141 0.167 0.193 0.219 0.245 0.271 0.296 0.322 0.348 0.374 0.378 0.379 0.379 0.38 0.381 0.381 0.382 0.4 0.42 0.441 0.462 0.483 0.503 0.524 0.537 0.55 0.563 0.576 0.589 0.602 0.615 0.628 0.641 0.647 0.642 0.636 0.631 0.625 0.62 0.615 0.609 0.604 0.598 0.623 0.679 0.735 0.791 0.847 0.903 0.96 0.986 1.011 1.036 1.061 1.086 1.11 1.135 1.16 1.185 1.21 1.239 1.268 1.298 1.328 1.358 1.388 1.461 1.58 1.7 1.82 1.94 2.059 2.173 2.275 2.376 2.478 2.579 2.681 2.782 2.884 2.985 3.087 3.187 3.237 3.287 3.337 3.387 3.437 3.487 3.537 3.587 3.637 3.687 3.743 3.807 3.871 3.935 3.999 4.063 4.1 4.117 4.134 4.151 4.168 4.185 4.18 4.172 4.164 4.156 4.148 4.14 4.132 4.124 4.117 4.109
0.007 0.009 0.011 0.013 0.015 0.015 0.015 0.015 0.015 0.015 0.015 0.015 0.015 0.025 0.037 0.05 0.062 0.075 0.087 0.1 0.113 0.13 0.156 0.182 0.207 0.233 0.259 0.285 0.311 0.337 0.345 0.345 0.346 0.347 0.347 0.348 0.348 0.349 0.367 0.388 0.408 0.429 0.45 0.471 0.491 0.51 0.523 0.536 0.549 0.563 0.576 0.589 0.602 0.615 0.62 0.615 0.609 0.604 0.599 0.593 0.588 0.582 0.577 0.592 0.648 0.705 0.761 0.817 0.873 0.929 0.985 1.011 1.036 1.061 1.086 1.111 1.136 1.16 1.185 1.21 1.238 1.268 1.298 1.328 1.358 1.387 1.417 1.492 1.611 1.731 1.851 1.971 2.09 2.21 2.32 2.422 2.523 2.625 2.726 2.828 2.929 3.031 3.132 3.232 3.282 3.332 3.382 3.432 3.482 3.532 3.582 3.632 3.682 3.735 3.799 3.863 3.927 3.991 4.055 4.119 4.156 4.173 4.19 4.207 4.224 4.24 4.255 4.247 4.24 4.232 4.224 4.216 4.208 4.2 4.192 4.184
0.006 0.008 0.009 0.011 0.013 0.014 0.014 0.014 0.014 0.014 0.014 0.014 0.014 0.014 0.026 0.038 0.051 0.063 0.076 0.089 0.101 0.118 0.144 0.17 0.196 0.222 0.248 0.274 0.3 0.311 0.312 0.313 0.313 0.314 0.314 0.315 0.315 0.316 0.334 0.355 0.376 0.397 0.417 0.438 0.459 0.48 0.497 0.51 0.523 0.536 0.549 0.562 0.575 0.588 0.593 0.588 0.583 0.577 0.572 0.566 0.561 0.556 0.562 0.618 0.674 0.73 0.786 0.843 0.899 0.955 1.011 1.037 1.061 1.086 1.111 1.136 1.161 1.186 1.21 1.238 1.268 1.298 1.327 1.357 1.387 1.417 1.447 1.523 1.642 1.762 1.882 2.002 2.121 2.241 2.361 2.467 2.569 2.67 2.772 2.873 2.975 3.076 3.178 3.277 3.327 3.377 3.427 3.477 3.527 3.577 3.627 3.677 3.728 3.792 3.856 3.92 3.984 4.048 4.112 4.176 4.212 4.229 4.246 4.263 4.279 4.296 4.313 4.323 4.315 4.307 4.299 4.291 4.283 4.276 4.268 4.26
0.004 0.006 0.008 0.01 0.012 0.012 0.012 0.012 0.012 0.012 0.012 0.012 0.012 0.012 0.014 0.027 0.039 0.052 0.064 0.077 0.09 0.107 0.133 0.159 0.185 0.211 0.237 0.262 0.278 0.278 0.279 0.28 0.28 0.281 0.281 0.282 0.282 0.283 0.302 0.322 0.343 0.364 0.385 0.405 0.426 0.447 0.468 0.483 0.496 0.51 0.523 0.536 0.549 0.562 0.567 0.561 0.556 0.55 0.545 0.54 0.534 0.531 0.588 0.644 0.7 0.756 0.812 0.868 0.924 0.981 1.037 1.062 1.087 1.112 1.136 1.161 1.186 1.211 1.237 1.267 1.297 1.327 1.357 1.387 1.417 1.446 1.476 1.554 1.673 1.793 1.913 2.033 2.152 2.272 2.392 2.512 2.614 2.716 2.817 2.919 3.02 3.122 3.223 3.321 3.371 3.421 3.471 3.521 3.571 3.621 3.671 3.721 3.785 3.849 3.913 3.977 4.041 4.105 4.169 4.233 4.268 4.285 4.302 4.318 4.335 4.352 4.369 4.386 4.391 4.383 4.375 4.367 4.359 4.351 4.343 4.335
0.003 0.005 0.007 0.008 0.01 0.011 0.011 0.011 0.011 0.011 0.011 0.011 0.011 0.011 0.011 0.015 0.028 0.04 0.053 0.065 0.078 0.096 0.122 0.148 0.173 0.199 0.225 0.244 0.245 0.246 0.246 0.247 0.247 0.248 0.248 0.249 0.249 0.25 0.269 0.29 0.311 0.331 0.352 0.373 0.394 0.414 0.435 0.456 0.47 0.483 0.496 0.509 0.522 0.535 0.54 0.534 0.529 0.524 0.518 0.513 0.507 0.557 0.613 0.669 0.726 0.782 0.838 0.894 0.95 1.006 1.062 1.087 1.112 1.137 1.162 1.186 1.211 1.237 1.267 1.297 1.327 1.356 1.386 1.416 1.446 1.476 1.506 1.585 1.704 1.824 1.944 2.064 2.183 2.303 2.423 2.543 2.66 2.761 2.863 2.964 3.066 3.167 3.269 3.366 3.416 3.466 3.516 3.566 3.616 3.666 3.716 3.777 3.841 3.905 3.969 4.033 4.097 4.161 4.225 4.289 4.324 4.341 4.357 4.374 4.391 4.408 4.425 4.442 4.458 4.458 4.45 4.443 4.435 4.427 4.419 4.411
0.001 0.003 0.005 0.007 0.009 0.009 0.009 0.009 0.009 0.009 0.009 0.009 0.009 0.009 0.009 0.009 0.016 0.029 0.041 0.054 0.067 0.084 0.11 0.136 0.162 0.188 0.211 0.212 0.212 0.213 0.213 0.214 0.214 0.215 0.215 0.216 0.216 0.217 0.236 0.257 0.278 0.299 0.319 0.34 0.361 0.382 0.403 0.423 0.444 0.457 0.47 0.483 0.496 0.509 0.513 0.508 0.502 0.497 0.491 0.486 0.527 0.583 0.639 0.695 0.751 0.807 0.864 0.92 0.976 1.032 1.087 1.112 1.137 1.162 1.187 1.212 1.237 1.267 1.296 1.326 1.356 1.386 1.416 1.446 1.476 1.505 1.535 1.616 1.735 1.855 1.975 2.095 2.214 2.334 2.454 2.574 2.694 2.807 2.908 3.01 3.111 3.213 3.315 3.411 3.461 3.511 3.561 3.611 3.661 3.711 3.77 3.834 3.898 3.962 4.026 4.09 4.154 4.218 4.282 4.346 4.38 4.396 4.413 4.43 4.447 4.464 4.481 4.497 4.514 4.531 4.526 4.518 4.51 4.502 4.494 4.486
0.0 0.002 0.004 0.005 0.007 0.008 0.008 0.008 0.008 0.008 0.008 0.008 0.008 0.008 0.008 0.008 0.008 0.017 0.03 0.042 0.055 0.073 0.099 0.125 0.151 0.177 0.178 0.179 0.179 0.18 0.18 0.181 0.181 0.182 0.182 0.183 0.183 0.184 0.204 0.225 0.245 0.266 0.287 0.308 0.328 0.349 0.37 0.391 0.411 0.43 0.443 0.456 0.469 0.482 0.486 0.481 0.475 0.47 0.465 0.496 0.553 0.609 0.665 0.721 0.777 0.833 0.889 0.945 1.002 1.058 1.113 1.138 1.162 1.187 1.212 1.237 1.266 1.296 1.326 1.356 1.386 1.415 1.445 1.475 1.505 1.535 1.565 1.647 1.766 1.886 2.006 2.126 2.245 2.365 2.485 2.605 2.725 2.844 2.954 3.056 3.157 3.259 3.36 3.455 3.505 3.555 3.605 3.655 3.705 3.763 3.827 3.891 3.955 4.019 4.083 4.147 4.211 4.275 4.339 4.403 4.435 4.452 4.469 4.486 4.503 4.52 4.536 4.553 4.57 4.587 4.602 4.594 4.586 4.578 4.57 4.562
0.0 0.0 0.002 0.004 0.006 0.006 0.006 0.006 0.006 0.006 0.006 0.006 0.006 0.006 0.006 0.006 0.006 0.006 0.018 0.031 0.043 0.062 0.088 0.114 0.14 0.145 0.145 0.146 0.146 0.147 0.147 0.148 0.148 0.149 0.149 0.15 0.15 0.151 0.171 0.192 0.213 0.233 0.254 0.275 0.296 0.317 0.337 0.358 0.379 0.4 0.417 0.43 0.443 0.456 0.459 0.454 0.449 0.443 0.466 0.522 0.578 0.634 0.691 0.747 0.803 0.859 0.915 0.971 1.027 1.084 1.138 1.163 1.188 1.212 1.237 1.266 1.296 1.326 1.355 1.385 1.415 1.445 1.475 1.505 1.534 1.564 1.594 1.678 1.797 1.917 2.037 2.157 2.276 2.396 2.516 2.636 2.756 2.875 2.995 3.101 3.203 3.304 3.406 3.5 3.55 3.6 3.65 3.7 3.755 3.819 3.883 3.947 4.011 4.075 4.139 4.203 4.267 4.331 4.395 4.459 4.491 4.508 4.525 4.542 4.559 4.575 4.592 4.609 4.626 4.643 4.66 4.669 4.661 4.653 4.646 4.638
0.0 0.0 0.001 0.003 0.004 0.005 0.005 0.005 0.005 0.005 0.005 0.005 0.005 0.005 0.005 0.005 0.005 0.005 0.007 0.019 0.032 0.051 0.076 0.102 0.111 0.112 0.112 0.113 0.113 0.114 0.114 0.115 0.115 0.116 0.116 0.117 0.117 0.118 0.139 0.159 0.18 0.201 0.222 0.242 0.263 0.284 0.305 0.325 0.346 0.367 0.388 0.403 0.416 0.429 0.433 0.427 0.422 0.436 0.492 0.548 0.604 0.66 0.716 0.772 0.829 0.885 0.941 0.997 1.053 1.109 1.163 1.188 1.213 1.238 1.266 1.295 1.325 1.355 1.385 1.415 1.445 1.474 1.504 1.534 1.564 1.594 1.624 1.709 1.828 1.948 2.068 2.188 2.307 2.427 2.547 2.667 2.787 2.906 3.026 3.146 3.248 3.35 3.451 3.545 3.595 3.645 3.695 3.748 3.812 3.876 3.94 4.004 4.068 4.132 4.196 4.26 4.324 4.388 4.452 4.516 4.547 4.564 4.581 4.598 4.614 4.631 4.648 4.665 4.682 4.699 4.715 4.732 4.737 4.729 4.721 4.713
0.0 0.0 0.0 0.001 0.003 0.003 0.003 0.003 0.003 0.003 0.003 0.003 0.003 0.003 0.003 0.003 0.003 0.003 0.003 0.008 0.02 0.039 0.065 0.078 0.078 0.079 0.079 0.08 0.08 0.081 0.081 0.082 0.082 0.083 0.083 0.084 0.085 0.085 0.106 0.127 0.147 0.168 0.189 0.21 0.231 0.251 0.272 0.293 0.314 0.334 0.355 0.376 0.39 0.403 0.406 0.4 0.405 0.461 0.517 0.574 0.63 0.686 0.742 0.798 0.854 0.91 0.967 1.023 1.079 1.135 1.188 1.213 1.238 1.265 1.295 1.325 1.355 1.385 1.414 1.444 1.474 1.504 1.534 1.564 1.593 1.623 1.653 1.74 1.859 1.979 2.099 2.219 2.338 2.458 2.578 2.698 2.818 2.937 3.057 3.177 3.294 3.395 3.497 3.59 3.64 3.689 3.741 3.805 3.869 3.933 3.997 4.061 4.125 4.189 4.253 4.317 4.381 4.445 4.509 4.573 4.603 4.62 4.637 4.653 4.67 4.687 4.704 4.721 4.738 4.754 4.771 4.788 4.805 4.805 4.797 4.789
0.0 0.0 0.0 0.0 0.001 0.002 0.002 0.002 0.002 0.002 0.002 0.002 0.002 0.002 0.002 0.002 0.002 0.002 0.002 0.002 0.009 0.028 0.044 0.045 0.045 0.046 0.046 0.047 0.047 0.048 0.048 0.049 0.049 0.05 0.051 0.051 0.052 0.053 0.073 0.094 0.115 0.136 0.156 0.177 0.198 0.219 0.239 0.26 0.281 0.302 0.322 0.343 0.363 0.376 0.379 0.375 0.431 0.487 0.543 0.599 0.655 0.712 0.768 0.824 0.88 0.936 0.992 1.048 1.105 1.161 1.214 1.238 1.265 1.295 1.325 1.354 1.384 1.414 1.444 1.474 1.504 1.533 1.563 1.593 1.623 1.653 1.683 1.771 1.89 2.01 2.13 2.25 2.369 2.489 2.609 2.729 2.849 2.968 3.088 3.208 3.328 3.441 3.542 3.634 3.684 3.734 3.797 3.861 3.925 3.989 4.053 4.117 4.181 4.245 4.309 4.373 4.437 4.501 4.565 4.629 4.659 4.676 4.692 4.709 4.726 4.743 4.76 4.777 4.794 4.81 4.827 4.844 4.861 4.878 4.872 4.864
0.0 0.0 0.0 0.0 0.0 0.0 0.0 0.0 0.0 0.0 0.0 0.0 0.0 0.0 0.0 0.0 0.0 0.0 0.0 0.0 0.0 0.011 0.011 0.012 0.012 0.013 0.013 0.014 0.014 0.015 0.015 0.016 0.016 0.017 0.018 0.018 0.019 0.02 0.041 0.061 0.082 0.103 0.124 0.145 0.165 0.186 0.207 0.228 0.248 0.269 0.29 0.311 0.331 0.35 0.352 0.401 0.457 0.513 0.569 0.625 0.681 0.737 0.793 0.85 0.906 0.962 1.018 1.074 1.13 1.186 1.239 1.264 1.294 1.324 1.354 1.384 1.414 1.444 1.473 1.503 1.533 1.563 1.593 1.623 1.652 1.682 1.712 1.802 1.921 2.041 2.161 2.281 2.4 2.52 2.64 2.76 2.88 2.999 3.119 3.239 3.359 3.478 3.588 3.679 3.729 3.79 3.854 3.918 3.982 4.046 4.11 4.174 4.238 4.302 4.366 4.43 4.494 4.558 4.622 4.686 4.715 4.732 4.748 4.765 4.782 4.799 4.816 4.833 4.849 4.866 4.883 4.9 4.917 4.934 4.948 4.94
0.001 0.001 0.001 0.001 0.001 0.001 0.001 0.001 0.001 0.001 0.001 0.001 0.001 0.001 0.001 0.001 0.001 0.001 0.001 0.001 0.001 0.0 0.0 0.0 0.0 0.0 0.0 0.0 0.0 0.0 0.0 0.0 0.0 0.0 0.0 0.0 0.0 0.0 0.015 0.035 0.056 0.076 0.097 0.117 0.138 0.158 0.179 0.199 0.22 0.24 0.261 0.281 0.302 0.322 0.364 0.421 0.478 0.535 0.592 0.648 0.705 0.762 0.819 0.875 0.931 0.988 1.044 1.1 1.156 1.212 1.264 1.294 1.324 1.354 1.384 1.413 1.443 1.473 1.503 1.533 1.563 1.592 1.622 1.652 1.682 1.712 1.742 1.833 1.952 2.072 2.192 2.312 2.431 2.551 2.671 2.791 2.911 3.03 3.15 3.27 3.39 3.509 3.629 3.724 3.783 3.847 3.911 3.975 4.039 4.103 4.167 4.231 4.295 4.359 4.423 4.487 4.551 4.615 4.679 4.743 4.771 4.787 4.804 4.821 4.838 4.855 4.872 4.888 4.905 4.922 4.939 4.956 4.973 4.989 5.006 5.015
0.001 0.001 0.001 0.001 0.002 0.002 0.002 0.002 0.002 0.002 0.002 0.002 0.001 0.001 0.001 0.001 0.001 0.001 0.001 0.001 0.001 0.001 0.001 0.001 0.001 0.001 0.001 0.001 0.001 0.001 0.001 0.001 0.001 0.001 0.001 0.001 0.001 0.001 0.001 0.019 0.04 0.06 0.081 0.101 0.122 0.142 0.163 0.183 0.204 0.224 0.245 0.265 0.286 0.306 0.349 0.406 0.463 0.519 0.576 0.633 0.69 0.747 0.804 0.86 0.917 0.974 1.031 1.088 1.144 1.201 1.293 1.449 1.476 1.503 1.531 1.558 1.586 1.613 1.641 1.668 1.695 1.723 1.75 1.778 1.805 1.833 1.86 1.95 2.067 2.185 2.302 2.419 2.537 2.654 2.771 2.889 3.006 3.123 3.241 3.358 3.475 3.593 3.71 3.886 3.948 4.006 4.064 4.122 4.18 4.238 4.296 4.354 4.412 4.47 4.528 4.586 4.644 4.702 4.76 4.818 4.839 4.85 4.861 4.877 4.894 4.911 4.927 4.944 4.961 4.978 4.995 5.012 5.028 5.045 5.062 5.079
0.002 0.002 0.002 0.002 0.002 0.002 0.002 0.002 0.002 0.002 0.002 0.002 0.002 0.002 0.002 0.002 0.002 0.002 0.002 0.002 0.002 0.002 0.001 0.001 0.001 0.001 0.001 0.001 0.001 0.001 0.001 0.001 0.001 0.001 0.001 0.001 0.001 0.001 0.001 0.004 0.024 0.045 0.065 0.086 0.106 0.126 0.147 0.167 0.188 0.208 0.229 0.249 0.27 0.29 0.334 0.391 0.447 0.504 0.561 0.618 0.675 0.731 0.788 0.845 0.902 0.959 1.015 1.072 1.129 1.19 1.286 1.541 1.651 1.678 1.706 1.733 1.76 1.788 1.815 1.843 1.87 1.898 1.925 1.952 1.98 2.007 2.035 2.126 2.243 2.361 2.478 2.595 2.713 2.83 2.947 3.065 3.182 3.299 3.417 3.534 3.651 3.769 3.942 4.192 4.355 4.413 4.471 4.529 4.587 4.645 4.703 4.761 4.819 4.877 4.935 4.993 5.051 5.109 5.168 5.226 5.246 5.257 5.267 5.278 5.289 5.3 5.311 5.322 5.332 5.343 5.354 5.365 5.376 5.386 5.397 5.408
0.002 0.002 0.003 0.003 0.003 0.003 0.003 0.003 0.003 0.003 0.003 0.003 0.003 0.003 0.003 0.003 0.003 0.003 0.003 0.003 0.003 0.002 0.002 0.002 0.002 0.002 0.002 0.002 0.002 0.002 0.002 0.002 0.002 0.002 0.002 0.002 0.002 0.002 0.002 0.002 0.008 0.029 0.049 0.07 0.09 0.111 0.131 0.152 0.172 0.193 0.213 0.234 0.254 0.274 0.318 0.375 0.432 0.489 0.546 0.603 0.659 0.716 0.773 0.83 0.887 0.943 1.0 1.057 1.117 1.18 1.278 1.534 1.789 1.853 1.88 1.908 1.935 1.962 1.99 2.017 2.045 2.072 2.1 2.127 2.154 2.182 2.209 2.302 2.42 2.537 2.654 2.772 2.889 3.006 3.124 3.241 3.358 3.476 3.593 3.71 3.828 3.979 4.25 4.498 4.683 4.821 4.879 4.937 4.995 5.053 5.111 5.169 5.227 5.285 5.343 5.401 5.459 5.517 5.575 5.633 5.653 5.663 5.674 5.685 5.696 5.707 5.717 5.728 5.739 5.75 5.761 5.771 5.782 5.793 5.804 5.851
0.003 0.003 0.004 0.004 0.004 0.004 0.004 0.004 0.004 0.004 0.004 0.004 0.004 0.004 0.004 0.004 0.004 0.004 0.004 0.004 0.003 0.003 0.003 0.003 0.002 0.002 0.002 0.002 0.002 0.002 0.002 0.002 0.002 0.002 0.002 0.002 0.002 0.002 0.002 0.002 0.002 0.013 0.033 0.054 0.074 0.095 0.115 0.136 0.156 0.177 0.197 0.218 0.238 0.259 0.303 0.36 0.417 0.474 0.53 0.587 0.644 0.701 0.758 0.814 0.871 0.928 0.985 1.044 1.107 1.169 1.271 1.527 1.782 2.027 2.055 2.082 2.11 2.137 2.165 2.192 2.219 2.247 2.274 2.302 2.329 2.357 2.384 2.478 2.596 2.713 2.83 2.948 3.065 3.182 3.3 3.417 3.534 3.652 3.769 3.886 4.015 4.286 4.557 4.804 4.989 5.174 5.286 5.344 5.402 5.46 5.518 5.576 5.634 5.692 5.75 5.808 5.866 5.924 5.982 6.04 6.059 6.07 6.081 6.092 6.102 6.113 6.124 6.135 6.146 6.156 6.167 6.178 6.189 6.2 6.24 6.295
0.004 0.004 0.004 0.005 0.005 0.005 0.005 0.005 0.005 0.005 0.005 0.005 0.005 0.005 0.005 0.005 0.005 0.005 0.004 0.004 0.004 0.004 0.004 0.003 0.003 0.003 0.003 0.003 0.003 0.003 0.003 0.003 0.003 0.003 0.003 0.003 0.003 0.003 0.003 0.003 0.003 0.003 0.017 0.038 0.058 0.079 0.099 0.12 0.14 0.161 0.181 0.202 0.222 0.243 0.288 0.345 0.402 0.458 0.515 0.572 0.629 0.686 0.742 0.799 0.856 0.913 0.971 1.034 1.096 1.159 1.264 1.519 1.775 2.03 2.23 2.257 2.284 2.312 2.339 2.367 2.394 2.421 2.449 2.476 2.504 2.531 2.559 2.655 2.772 2.889 3.007 3.124 3.241 3.359 3.476 3.593 3.711 3.828 3.945 4.063 4.323 4.594 4.865 5.11 5.295 5.48 5.666 5.752 5.81 5.868 5.926 5.984 6.042 6.1 6.158 6.216 6.274 6.332 6.39 6.448 6.466 6.477 6.487 6.498 6.509 6.52 6.531 6.541 6.552 6.563 6.574 6.585 6.596 6.63 6.684 6.739
0.005 0.005 0.005 0.005 0.006 0.006 0.006 0.006 0.006 0.006 0.006 0.006 0.006 0.006 0.006 0.006 0.005 0.005 0.005 0.005 0.005 0.005 0.004 0.004 0.004 0.003 0.003 0.003 0.003 0.003 0.003 0.003 0.003 0.003 0.003 0.003 0.003 0.003 0.003 0.003 0.003 0.003 0.003 0.022 0.042 0.063 0.083 0.104 0.124 0.145 0.165 0.186 0.206 0.227 0.273 0.329 0.386 0.443 0.5 0.557 0.613 0.67 0.727 0.784 0.841 0.898 0.961 1.023 1.086 1.148 1.257 1.512 1.768 2.023 2.279 2.432 2.459 2.486 2.514 2.541 2.569 2.596 2.624 2.651 2.678 2.706 2.733 2.831 2.948 3.065 3.183 3.3 3.417 3.535 3.652 3.769 3.887 4.004 4.121 4.359 4.63 4.901 5.172 5.416 5.601 5.787 5.972 6.157 6.217 6.275 6.333 6.391 6.449 6.507 6.565 6.623 6.681 6.739 6.797 6.855 6.873 6.883 6.894 6.905 6.916 6.927 6.937 6.948 6.959 6.97 6.981 6.991 7.02 7.074 7.128 7.182
0.006 0.006 0.006 0.006 0.007 0.007 0.006 0.006 0.006 0.006 0.006 0.006 0.006 0.006 0.006 0.006 0.006 0.006 0.006 0.006 0.005 0.005 0.005 0.005 0.004 0.004 0.004 0.004 0.004 0.004 0.004 0.004 0.004 0.004 0.004 0.004 0.004 0.004 0.004 0.004 0.004 0.004 0.004 0.006 0.027 0.047 0.068 0.088 0.109 0.129 0.15 0.17 0.19 0.211 0.257 0.314 0.371 0.428 0.485 0.541 0.598 0.655 0.712 0.769 0.826 0.888 0.95 1.013 1.075 1.138 1.249 1.505 1.76 2.016 2.271 2.527 2.634 2.661 2.689 2.716 2.743 2.771 2.798 2.826 2.853 2.881 2.908 3.007 3.124 3.242 3.359 3.476 3.594 3.711 3.828 3.946 4.063 4.18 4.396 4.667 4.938 5.209 5.48 5.722 5.907 6.093 6.278 6.463 6.625 6.683 6.741 6.799 6.857 6.915 6.973 7.031 7.089 7.147 7.205 7.263 7.279 7.29 7.301 7.312 7.322 7.333 7.344 7.355 7.366 7.376 7.387 7.409 7.463 7.518 7.572 7.626
0.006 0.007 0.007 0.007 0.007 0.007 0.007 0.007 0.007 0.007 0.007 0.007 0.007 0.007 0.007 0.007 0.007 0.007 0.006 0.006 0.006 0.006 0.006 0.005 0.005 0.005 0.004 0.004 0.004 0.004 0.004 0.004 0.004 0.004 0.004 0.004 0.004 0.004 0.004 0.004 0.004 0.004 0.004 0.004 0.011 0.031 0.052 0.072 0.093 0.113 0.134 0.154 0.175 0.195 0.242 0.299 0.356 0.412 0.469 0.526 0.583 0.64 0.697 0.753 0.815 0.878 0.94 1.002 1.065 1.127 1.242 1.498 1.753 2.009 2.264 2.52 2.775 2.836 2.863 2.891 2.918 2.945 2.973 3.0 3.028 3.055 3.083 3.183 3.3 3.418 3.535 3.652 3.77 3.887 4.004 4.122 4.239 4.432 4.703 4.974 5.245 5.516 5.787 6.028 6.213 6.399 6.584 6.769 6.954 7.09 7.148 7.206 7.264 7.322 7.38 7.438 7.496 7.554 7.612 7.67 7.686 7.697 7.707 7.718 7.729 7.74 7.751 7.761 7.772 7.783 7.799 7.853 7.907 7.962 8.016 8.07
0.007 0.007 0.008 0.008 0.008 0.008 0.008 0.008 0.008 0.008 0.008 0.008 0.008 0.008 0.008 0.008 0.007 0.007 0.007 0.007 0.007 0.007 0.006 0.006 0.006 0.005 0.005 0.005 0.005 0.005 0.005 0.005 0.005 0.005 0.005 0.005 0.004 0.004 0.004 0.004 0.004 0.004 0.004 0.004 0.004 0.015 0.036 0.056 0.077 0.097 0.118 0.138 0.159 0.179 0.227 0.284 0.34 0.397 0.454 0.511 0.568 0.624 0.681 0.742 0.805 0.867 0.929 0.992 1.054 1.117 1.235 1.49 1.746 2.001 2.257 2.512 2.768 3.01 3.038 3.065 3.093 3.12 3.148 3.175 3.202 3.23 3.257 3.359 3.477 3.594 3.711 3.829 3.946 4.063 4.181 4.298 4.468 4.739 5.011 5.282 5.553 5.824 6.095 6.334 6.519 6.705 6.89 7.075 7.26 7.446 7.556 7.614 7.672 7.73 7.788 7.846 7.904 7.962 8.02 8.078 8.092 8.103 8.114 8.125 8.136 8.147 8.157 8.168 8.179 8.19 8.242 8.297 8.351 8.405 8.46 8.514
0.008 0.008 0.009 0.009 0.009 0.009 0.009 0.009 0.009 0.009 0.009 0.009 0.009 0.009 0.008 0.008 0.008 0.008 0.008 0.008 0.008 0.007 0.007 0.007 0.006 0.006 0.006 0.006 0.005 0.005 0.005 0.005 0.005 0.005 0.005 0.005 0.005 0.005 0.005 0.005 0.005 0.005 0.005 0.005 0.005 0.005 0.02 0.04 0.061 0.081 0.102 0.122 0.143 0.163 0.212 0.268 0.325 0.382 0.439 0.496 0.552 0.609 0.669 0.732 0.794 0.857 0.919 0.981 1.044 1.106 1.228 1.483 1.739 1.994 2.25 2.505 2.761 3.016 3.213 3.24 3.267 3.295 3.322 3.35 3.377 3.405 3.432 3.536 3.653 3.77 3.887 4.005 4.122 4.239 4.357 4.505 4.776 5.047 5.318 5.589 5.86 6.131 6.402 6.64 6.825 7.011 7.196 7.381 7.567 7.752 7.937 8.021 8.079 8.137 8.195 8.253 8.311 8.369 8.427 8.485 8.499 8.51 8.521 8.532 8.542 8.553 8.564 8.575 8.586 8.632 8.686 8.741 8.795 8.849 8.903 8.958
0.009 0.009 0.009 0.01 0.01 0.01 0.01 0.01 0.01 0.01 0.01 0.01 0.01 0.009 0.009 0.009 0.009 0.009 0.009 0.008 0.008 0.008 0.008 0.007 0.007 0.007 0.007 0.006 0.006 0.006 0.005 0.005 0.005 0.005 0.005 0.005 0.005 0.005 0.005 0.005 0.005 0.005 0.005 0.005 0.005 0.005 0.005 0.025 0.045 0.066 0.086 0.107 0.127 0.147 0.196 0.253 0.31 0.367 0.423 0.48 0.537 0.596 0.659 0.721 0.784 0.846 0.909 0.971 1.033 1.096 1.22 1.476 1.731 1.987 2.242 2.498 2.753 3.009 3.264 3.415 3.442 3.469 3.497 3.524 3.552 3.579 3.607 3.712 3.829 3.946 4.064 4.181 4.298 4.416 4.541 4.812 5.083 5.354 5.626 5.897 6.168 6.439 6.71 6.946 7.132 7.317 7.502 7.687 7.873 8.058 8.243 8.428 8.487 8.545 8.603 8.661 8.719 8.777 8.835 8.893 8.906 8.917 8.927 8.938 8.949 8.96 8.971 8.981 9.022 9.076 9.13 9.184 9.239 9.293 9.347 9.402
0.01 0.01 0.01 0.01 0.011 0.011 0.011 0.011 0.011 0.011 0.011 0.01 0.01 0.01 0.01 0.01 0.01 0.009 0.009 0.009 0.009 0.009 0.008 0.008 0.008 0.008 0.007 0.007 0.007 0.006 0.006 0.006 0.006 0.006 0.006 0.006 0.006 0.006 0.006 0.006 0.006 0.006 0.006 0.006 0.006 0.006 0.006 0.009 0.029 0.05 0.07 0.091 0.111 0.132 0.181 0.238 0.295 0.351 0.408 0.465 0.523 0.586 0.648 0.711 0.773 0.836 0.898 0.961 1.023 1.085 1.213 1.469 1.724 1.98 2.235 2.491 2.746 3.002 3.257 3.513 3.617 3.644 3.672 3.699 3.726 3.754 3.781 3.888 4.005 4.123 4.24 4.357 4.474 4.592 4.849 5.12 5.391 5.662 5.933 6.204 6.475 6.746 7.017 7.252 7.438 7.623 7.808 7.993 8.179 8.364 8.549 8.734 8.894 8.952 9.01 9.068 9.126 9.184 9.242 9.3 9.312 9.323 9.334 9.345 9.356 9.367 9.377 9.411 9.465 9.52 9.574 9.628 9.683 9.737 9.791 9.845
0.01 0.011 0.011 0.011 0.011 0.011 0.011 0.011 0.011 0.011 0.011 0.011 0.011 0.011 0.011 0.01 0.01 0.01 0.01 0.01 0.01 0.009 0.009 0.009 0.009 0.008 0.008 0.008 0.007 0.007 0.007 0.007 0.006 0.006 0.006 0.006 0.006 0.006 0.006 0.006 0.006 0.006 0.006 0.006 0.006 0.006 0.006 0.006 0.013 0.034 0.054 0.075 0.095 0.116 0.166 0.222 0.279 0.336 0.393 0.45 0.513 0.575 0.638 0.7 0.763 0.825 0.888 0.95 1.013 1.075 1.206 1.461 1.717 1.972 2.228 2.483 2.739 2.994 3.25 3.505 3.761 3.819 3.846 3.874 3.901 3.929 3.956 4.064 4.181 4.299 4.416 4.533 4.651 4.885 5.156 5.427 5.698 5.969 6.241 6.512 6.783 7.054 7.325 7.558 7.744 7.929 8.114 8.299 8.485 8.67 8.855 9.041 9.226 9.36 9.418 9.476 9.534 9.592 9.65 9.708 9.719 9.73 9.741 9.752 9.762 9.773 9.801 9.855 9.909 9.963 10.018 10.072 10.126 10.181 10.235 10.289
0.011 0.012 0.012 0.012 0.012 0.012 0.012 0.012 0.012 0.012 0.012 0.012 0.012 0.011 0.011 0.011 0.011 0.011 0.011 0.011 0.01 0.01 0.01 0.01 0.009 0.009 0.009 0.008 0.008 0.008 0.008 0.007 0.007 0.007 0.007 0.007 0.007 0.007 0.007 0.007 0.007 0.007 0.007 0.007 0.007 0.007 0.007 0.007 0.007 0.018 0.038 0.059 0.079 0.1 0.15 0.207 0.264 0.321 0.378 0.44 0.502 0.565 0.627 0.69 0.752 0.815 0.877 0.94 1.002 1.065 1.198 1.454 1.709 1.965 2.22 2.476 2.731 2.987 3.242 3.498 3.753 3.993 4.021 4.048 4.076 4.103 4.131 4.24 4.358 4.475 4.592 4.709 4.921 5.193 5.464 5.735 6.006 6.277 6.548 6.819 7.09 7.361 7.633 7.864 8.05 8.235 8.42 8.605 8.791 8.976 9.161 9.347 9.532 9.717 9.825 9.883 9.941 9.999 10.057 10.115 10.126 10.137 10.147 10.158 10.169 10.19 10.244 10.299 10.353 10.407 10.462 10.516 10.57 10.625 10.679 10.733
0.012 0.012 0.013 0.013 0.013 0.013 0.013 0.013 0.013 0.013 0.013 0.012 0.012 0.012 0.012 0.012 0.012 0.012 0.011 0.011 0.011 0.011 0.011 0.01 0.01 0.01 0.009 0.009 0.009 0.009 0.008 0.008 0.008 0.007 0.007 0.007 0.007 0.007 0.007 0.007 0.007 0.007 0.007 0.007 0.007 0.007 0.007 0.007 0.007 0.007 0.023 0.043 0.063 0.084 0.135 0.192 0.249 0.306 0.367 0.43 0.492 0.554 0.617 0.679 0.742 0.804 0.867 0.929 0.992 1.054 1.191 1.447 1.702 1.958 2.213 2.469 2.724 2.98 3.235 3.491 3.746 4.002 4.196 4.223 4.25 4.278 4.305 4.416 4.534 4.651 4.768 4.958 5.229 5.5 5.771 6.042 6.313 6.584 6.856 7.127 7.398 7.669 7.94 8.17 8.356 8.541 8.726 8.912 9.097 9.282 9.467 9.653 9.838 10.023 10.208 10.291 10.349 10.407 10.465 10.522 10.532 10.543 10.554 10.565 10.58 10.634 10.688 10.743 10.797 10.851 10.905 10.96 11.014 11.068 11.123 11.177
0.013 0.013 0.013 0.014 0.014 0.014 0.014 0.014 0.014 0.013 0.013 0.013 0.013 0.013 0.013 0.013 0.012 0.012 0.012 0.012 0.012 0.012 0.011 0.011 0.011 0.01 0.01 0.01 0.01 0.009 0.009 0.009 0.008 0.008 0.008 0.008 0.008 0.008 0.008 0.008 0.008 0.008 0.008 0.008 0.008 0.008 0.008 0.008 0.008 0.008 0.008 0.027 0.048 0.068 0.12 0.177 0.233 0.294 0.357 0.419 0.482 0.544 0.606 0.669 0.731 0.794 0.856 0.919 0.981 1.044 1.184 1.439 1.695 1.95 2.206 2.461 2.717 2.972 3.228 3.483 3.739 3.994 4.25 4.398 4.425 4.453 4.48 4.593 4.71 4.827 4.994 5.265 5.536 5.808 6.079 6.35 6.621 6.892 7.163 7.434 7.705 7.976 8.248 8.477 8.662 8.847 9.032 9.218 9.403 9.588 9.773 9.959 10.144 10.329 10.514 10.698 10.756 10.814 10.872 10.928 10.939 10.95 10.961 10.972 11.023 11.078 11.132 11.186 11.241 11.295 11.349 11.404 11.458 11.512 11.566 11.621
0.014 0.014 0.014 0.015 0.015 0.015 0.015 0.014 0.014 0.014 0.014 0.014 0.014 0.014 0.013 0.013 0.013 0.013 0.013 0.013 0.013 0.012 0.012 0.012 0.011 0.011 0.011 0.011 0.01 0.01 0.01 0.009 0.009 0.009 0.008 0.008 0.008 0.008 0.008 0.008 0.008 0.008 0.008 0.008 0.008 0.008 0.008 0.008 0.008 0.008 0.008 0.011 0.032 0.052 0.105 0.161 0.221 0.284 0.346 0.409 0.471 0.533 0.596 0.658 0.721 0.783 0.846 0.908 0.971 1.033 1.177 1.432 1.688 1.943 2.199 2.454 2.71 2.965 3.221 3.476 3.732 3.987 4.243 4.498 4.6 4.627 4.655 4.769 4.886 5.031 5.302 5.573 5.844 6.115 6.386 6.657 6.928 7.199 7.471 7.742 8.013 8.284 8.555 8.783 8.968 9.153 9.338 9.524 9.709 9.894 10.079 10.265 10.45 10.635 10.821 11.006 11.163 11.221 11.279 11.335 11.346 11.357 11.367 11.413 11.467 11.522 11.576 11.63 11.684 11.739 11.793 11.847 11.902 11.956 12.01 12.065
0.015 0.015 0.015 0.015 0.016 0.015 0.015 0.015 0.015 0.015 0.015 0.015 0.014 0.014 0.014 0.014 0.014 0.014 0.014 0.013 0.013 0.013 0.013 0.012 0.012 0.012 0.012 0.011 0.011 0.011 0.01 0.01 0.01 0.009 0.009 0.009 0.009 0.009 0.009 0.009 0.009 0.009 0.009 0.009 0.009 0.009 0.009 0.009 0.009 0.009 0.009 0.009 0.016 0.036 0.089 0.148 0.211 0.273 0.336 0.398 0.461 0.523 0.585 0.648 0.71 0.773 0.835 0.898 0.96 1.023 1.169 1.425 1.68 1.936 2.191 2.447 2.702 2.958 3.213 3.469 3.724 3.98 4.235 4.491 4.746 4.802 4.829 4.945 5.067 5.338 5.609 5.88 6.151 6.423 6.694 6.965 7.236 7.507 7.778 8.049 8.32 8.591 8.863 9.089 9.274 9.459 9.644 9.83 10.015 10.2 10.386 10.571 10.756 10.941 11.127 11.312 11.497 11.629 11.687 11.742 11.752 11.763 11.803 11.857 11.911 11.965 12.02 12.074 12.128 12.183 12.237 12.291 12.346 12.4 12.454 12.508
0.017 0.017 0.017 0.017 0.017 0.016 0.016 0.016 0.016 0.016 0.015 0.015 0.015 0.015 0.015 0.015 0.015 0.014 0.014 0.014 0.014 0.014 0.013 0.013 0.013 0.013 0.012 0.012 0.012 0.011 0.011 0.011 0.01 0.01 0.01 0.01 0.009 0.009 0.009 0.009 0.009 0.009 0.009 0.009 0.009 0.009 0.009 0.009 0.009 0.009 0.009 0.009 0.009 0.02 0.075 0.138 0.2 0.263 0.325 0.388 0.45 0.513 0.575 0.637 0.7 0.762 0.825 0.887 0.95 1.012 1.162 1.418 1.673 1.929 2.184 2.44 2.695 2.951 3.206 3.462 3.717 3.973 4.228 4.484 4.739 4.977 5.004 5.121 5.374 5.646 5.917 6.188 6.459 6.73 7.001 7.272 7.543 7.814 8.086 8.357 8.628 8.899 9.17 9.395 9.58 9.765 9.95 10.136 10.321 10.506 10.692 10.877 11.062 11.247 11.433 11.618 11.803 11.988 12.094 12.148 12.159 12.192 12.246 12.301 12.355 12.409 12.464 12.518 12.572 12.626 12.681 12.735 12.789 12.844 12.898 12.952
0.042 0.042 0.042 0.042 0.051 0.069 0.068 0.067 0.066 0.065 0.064 0.063 0.062 0.061 0.06 0.059 0.058 0.057 0.056 0.055 0.054 0.053 0.052 0.051 0.05 0.049 0.047 0.046 0.045 0.044 0.043 0.042 0.041 0.039 0.038 0.037 0.036 0.057 0.055 0.054 0.052 0.05 0.049 0.047 0.046 0.044 0.042 0.041 0.039 0.038 0.036 0.034 0.033 0.03 0.07 0.132 0.194 0.256 0.318 0.38 0.442 0.504 0.566 0.628 0.69 0.752 0.814 0.877 0.939 1.002 1.155 1.41 1.666 1.921 2.177 2.432 2.688 2.943 3.199 3.454 3.71 3.965 4.221 4.476 4.732 4.987 5.18 5.411 5.682 5.953 6.224 6.495 6.766 7.038 7.309 7.58 7.851 8.122 8.393 8.664 8.935 9.206 9.478 9.701 9.886 10.071 10.257 10.442 10.627 10.812 10.998 11.183 11.368 11.553 11.739 11.924 12.109 12.294 12.48 12.555 12.582 12.636 12.69 12.744 12.799 12.853 12.907 12.962 13.016 13.07 13.125 13.179 13.233 13.287 13.342 13.396
0.067 0.067 0.067 0.066 0.077 0.111 0.121 0.12 0.119 0.118 0.118 0.117 0.116 0.115 0.114 0.113 0.112 0.111 0.11 0.109 0.108 0.106 0.105 0.104 0.103 0.102 0.101 0.1 0.099 0.097 0.096 0.095 0.094 0.093 0.092 0.091 0.124 0.155 0.154 0.152 0.151 0.149 0.147 0.146 0.144 0.143 0.141 0.139 0.138 0.136 0.135 0.133 0.131 0.116 0.089 0.147 0.209 0.271 0.333 0.395 0.457 0.519 0.581 0.643 0.705 0.767 0.829 0.891 0.953 1.015 1.171 1.427 1.682 1.937 2.192 2.447 2.702 2.957 3.212 3.467 3.722 3.977 4.232 4.487 4.743 4.998 5.126 5.288 5.57 5.852 6.135 6.417 6.699 6.981 7.263 7.545 7.828 8.11 8.392 8.674 8.956 9.239 9.521 9.759 9.955 10.152 10.348 10.544 10.74 10.936 11.133 11.329 11.525 11.721 11.918 12.114 12.31 12.506 12.702 12.883 12.951 13.018 13.086 13.154 13.222 13.289 13.351 13.406 13.46 13.514 13.568 13.623 13.677 13.731 13.786 13.84
0.092 0.092 0.091 0.091 0.102 0.136 0.17 0.174 0.173 0.172 0.171 0.17 0.169 0.168 0.167 0.166 0.165 0.164 0.163 0.162 0.161 0.16 0.159 0.158 0.156 0.155 0.154 0.153 0.152 0.151 0.15 0.148 0.147 0.146 0.145 0.171 0.224 0.254 0.253 0.251 0.249 0.248 0.246 0.245 0.243 0.241 0.24 0.238 0.237 0.235 0.233 0.232 0.219 0.203 0.176 0.162 0.224 0.286 0.348 0.41 0.472 0.534 0.596 0.658 0.72 0.782 0.844 0.906 0.968 1.03 1.19 1.445 1.7 1.955 2.21 2.465 2.72 2.975 3.23 3.485 3.74 3.995 4.251 4.506 4.761 4.92 4.962 5.011 5.22 5.502 5.784 6.066 6.349 6.631 6.913 7.195 7.477 7.76 8.042 8.324 8.606 8.888 9.17 9.412 9.618 9.814 10.01 10.207 10.403 10.599 10.795 10.992 11.188 11.384 11.58 11.776 11.973 12.169 12.365 12.543 12.611 12.679 12.747 12.814 12.882 12.95 13.018 13.085 13.153 13.221 13.289 13.357 13.424 13.492 13.56 13.686
0.117 0.116 0.116 0.116 0.127 0.161 0.196 0.227 0.226 0.225 0.224 0.223 0.222 0.221 0.22 0.219 0.218 0.217 0.216 0.215 0.214 0.213 0.212 0.211 0.21 0.209 0.208 0.206 0.205 0.204 0.203 0.202 0.201 0.2 0.217 0.27 0.323 0.353 0.351 0.35 0.348 0.347 0.345 0.343 0.342 0.34 0.339 0.337 0.335 0.334 0.332 0.321 0.305 0.289 0.262 0.235 0.239 0.301 0.363 0.425 0.487 0.549 0.611 0.673 0.735 0.797 0.859 0.921 0.983 1.045 1.208 1.463 1.718 1.973 2.228 2.483 2.738 2.993 3.248 3.503 3.759 4.014 4.269 4.524 4.715 4.756 4.798 4.847 4.895 5.152 5.434 5.716 5.998 6.281 6.563 6.845 7.127 7.409 7.692 7.974 8.256 8.538 8.82 9.061 9.275 9.477 9.673 9.869 10.066 10.262 10.458 10.654 10.85 11.047 11.243 11.439 11.635 11.831 12.028 12.204 12.272 12.339 12.407 12.475 12.543 12.61 12.678 12.746 12.814 12.881 12.949 13.017 13.085 13.153 13.256 13.478
0.141 0.141 0.141 0.141 0.153 0.187 0.221 0.255 0.28 0.279 0.278 0.277 0.276 0.275 0.274 0.273 0.272 0.271 0.27 0.269 0.268 0.267 0.265 0.264 0.263 0.262 0.261 0.26 0.259 0.257 0.256 0.255 0.254 0.264 0.317 0.37 0.423 0.452 0.45 0.448 0.447 0.445 0.444 0.442 0.44 0.439 0.437 0.436 0.434 0.432 0.423 0.407 0.392 0.376 0.348 0.321 0.294 0.316 0.378 0.44 0.502 0.564 0.626 0.688 0.75 0.812 0.874 0.936 0.998 1.06 1.226 1.481 1.736 1.991 2.246 2.501 2.756 3.011 3.267 3.522 3.777 4.032 4.287 4.509 4.55 4.592 4.633 4.682 4.731 4.802 5.084 5.366 5.648 5.93 6.213 6.495 6.777 7.059 7.341 7.623 7.906 8.188 8.47 8.709 8.923 9.137 9.336 9.532 9.728 9.924 10.121 10.317 10.513 10.709 10.905 11.102 11.298 11.494 11.69 11.864 11.932 12.0 12.068 12.135 12.203 12.271 12.339 12.406 12.474 12.542 12.61 12.677 12.745 12.827 13.049 13.27
0.166 0.166 0.166 0.166 0.178 0.212 0.246 0.28 0.314 0.332 0.331 0.33 0.329 0.328 0.327 0.326 0.325 0.324 0.323 0.322 0.321 0.32 0.319 0.318 0.316 0.315 0.314 0.313 0.312 0.311 0.31 0.309 0.31 0.363 0.416 0.469 0.523 0.55 0.549 0.547 0.546 0.544 0.542 0.541 0.539 0.538 0.536 0.534 0.533 0.526 0.51 0.494 0.478 0.462 0.435 0.407 0.38 0.352 0.393 0.455 0.517 0.579 0.641 0.703 0.765 0.827 0.889 0.951 1.013 1.075 1.244 1.499 1.754 2.009 2.264 2.519 2.775 3.03 3.285 3.54 3.795 4.05 4.303 4.345 4.386 4.427 4.469 4.518 4.567 4.616 4.734 5.016 5.298 5.58 5.862 6.144 6.427 6.709 6.991 7.273 7.555 7.838 8.12 8.358 8.572 8.786 8.998 9.195 9.391 9.587 9.783 9.979 10.176 10.372 10.568 10.764 10.961 11.157 11.353 11.525 11.592 11.66 11.728 11.796 11.864 11.931 11.999 12.067 12.135 12.202 12.27 12.338 12.406 12.619 12.841 13.062
0.191 0.191 0.191 0.191 0.204 0.238 0.272 0.306 0.34 0.374 0.384 0.383 0.382 0.381 0.38 0.379 0.378 0.377 0.376 0.375 0.374 0.373 0.372 0.371 0.37 0.369 0.368 0.366 0.365 0.364 0.363 0.362 0.41 0.463 0.516 0.569 0.622 0.649 0.647 0.646 0.644 0.643 0.641 0.639 0.638 0.636 0.635 0.633 0.628 0.612 0.596 0.581 0.565 0.548 0.521 0.494 0.466 0.439 0.411 0.47 0.532 0.594 0.656 0.718 0.78 0.842 0.904 0.966 1.028 1.09 1.262 1.517 1.772 2.027 2.283 2.538 2.793 3.048 3.303 3.558 3.813 4.068 4.139 4.18 4.222 4.263 4.305 4.354 4.403 4.452 4.501 4.666 4.948 5.23 5.512 5.794 6.076 6.359 6.641 6.923 7.205 7.487 7.77 8.007 8.22 8.434 8.648 8.857 9.053 9.25 9.446 9.642 9.838 10.035 10.231 10.427 10.623 10.819 11.016 11.185 11.253 11.321 11.388 11.456 11.524 11.592 11.66 11.727 11.795 11.863 11.931 11.998 12.189 12.411 12.633 12.854
0.216 0.216 0.216 0.216 0.229 0.263 0.297 0.331 0.365 0.399 0.433 0.437 0.436 0.435 0.434 0.433 0.432 0.431 0.43 0.429 0.428 0.427 0.425 0.424 0.423 0.422 0.421 0.42 0.419 0.417 0.416 0.456 0.509 0.562 0.616 0.669 0.722 0.748 0.746 0.745 0.743 0.741 0.74 0.738 0.737 0.735 0.733 0.731 0.715 0.699 0.683 0.667 0.651 0.635 0.607 0.58 0.553 0.525 0.498 0.485 0.547 0.609 0.671 0.733 0.795 0.857 0.919 0.981 1.043 1.105 1.28 1.535 1.791 2.046 2.301 2.556 2.811 3.066 3.321 3.576 3.831 3.933 3.975 4.016 4.057 4.098 4.141 4.19 4.239 4.287 4.336 4.385 4.597 4.88 5.162 5.444 5.726 6.008 6.291 6.573 6.855 7.137 7.419 7.655 7.869 8.083 8.297 8.511 8.716 8.912 9.109 9.305 9.501 9.697 9.893 10.09 10.286 10.482 10.678 10.846 10.913 10.981 11.049 11.117 11.184 11.252 11.32 11.388 11.456 11.523 11.591 11.759 11.981 12.203 12.425 12.647
0.241 0.241 0.241 0.24 0.254 0.288 0.322 0.356 0.39 0.424 0.459 0.49 0.489 0.488 0.487 0.486 0.485 0.484 0.483 0.482 0.481 0.48 0.479 0.478 0.477 0.475 0.474 0.473 0.472 0.471 0.503 0.556 0.609 0.662 0.715 0.768 0.821 0.847 0.845 0.843 0.842 0.84 0.839 0.837 0.835 0.834 0.832 0.817 0.801 0.785 0.769 0.754 0.738 0.721 0.694 0.666 0.639 0.611 0.584 0.557 0.562 0.624 0.686 0.748 0.81 0.872 0.934 0.996 1.058 1.12 1.299 1.554 1.809 2.064 2.319 2.574 2.829 3.084 3.339 3.594 3.728 3.769 3.81 3.852 3.893 3.934 3.977 4.025 4.074 4.123 4.172 4.221 4.27 4.529 4.812 5.094 5.376 5.658 5.94 6.222 6.505 6.787 7.069 7.304 7.518 7.732 7.945 8.159 8.373 8.575 8.771 8.967 9.164 9.36 9.556 9.752 9.949 10.145 10.341 10.506 10.574 10.642 10.709 10.777 10.845 10.913 10.98 11.048 11.116 11.184 11.33 11.552 11.773 11.995 12.217 12.439
0.266 0.266 0.265 0.265 0.28 0.314 0.348 0.382 0.416 0.45 0.484 0.518 0.542 0.541 0.54 0.539 0.538 0.537 0.536 0.535 0.534 0.533 0.532 0.531 0.53 0.529 0.528 0.526 0.525 0.549 0.602 0.655 0.708 0.762 0.815 0.868 0.921 0.945 0.944 0.942 0.94 0.939 0.937 0.936 0.934 0.932 0.92 0.904 0.888 0.872 0.856 0.84 0.824 0.807 0.78 0.753 0.725 0.698 0.67 0.643 0.616 0.639 0.701 0.763 0.825 0.887 0.949 1.011 1.073 1.135 1.317 1.572 1.827 2.082 2.337 2.592 2.847 3.102 3.357 3.522 3.563 3.605 3.646 3.687 3.728 3.77 3.812 3.861 3.91 3.959 4.008 4.057 4.106 4.179 4.461 4.744 5.026 5.308 5.59 5.872 6.154 6.437 6.719 6.952 7.166 7.38 7.594 7.808 8.022 8.236 8.434 8.63 8.826 9.023 9.219 9.415 9.611 9.807 10.004 10.166 10.234 10.302 10.37 10.438 10.505 10.573 10.641 10.709 10.776 10.9 11.122 11.344 11.565 11.787 12.009 12.231
0.291 0.29 0.29 0.29 0.305 0.339 0.373 0.407 0.441 0.475 0.509 0.543 0.577 0.595 0.594 0.593 0.592 0.591 0.59 0.589 0.588 0.587 0.586 0.584 0.583 0.582 0.581 0.58 0.596 0.649 0.702 0.755 0.808 0.861 0.914 0.967 1.021 1.044 1.042 1.041 1.039 1.038 1.036 1.034 1.033 1.022 1.006 0.99 0.974 0.958 0.942 0.927 0.911 0.894 0.866 0.839 0.812 0.784 0.757 0.729 0.702 0.675 0.716 0.778 0.84 0.902 0.964 1.026 1.088 1.15 1.335 1.59 1.845 2.1 2.355 2.61 2.865 3.12 3.316 3.358 3.399 3.44 3.482 3.523 3.564 3.605 3.648 3.697 3.746 3.795 3.844 3.893 3.942 3.99 4.111 4.393 4.675 4.958 5.24 5.522 5.804 6.086 6.369 6.601 6.815 7.029 7.243 7.456 7.67 7.884 8.097 8.293 8.489 8.685 8.881 9.078 9.274 9.47 9.666 9.827 9.895 9.962 10.03 10.098 10.166 10.234 10.301 10.369 10.47 10.692 10.914 11.136 11.357 11.579 11.801 12.023
0.315 0.315 0.315 0.315 0.331 0.365 0.399 0.433 0.467 0.501 0.535 0.569 0.603 0.637 0.647 0.646 0.645 0.644 0.643 0.642 0.641 0.64 0.639 0.638 0.637 0.635 0.634 0.642 0.695 0.748 0.801 0.855 0.908 0.961 1.014 1.067 1.12 1.143 1.141 1.139 1.138 1.136 1.135 1.133 1.124 1.109 1.093 1.077 1.061 1.045 1.029 1.013 0.997 0.98 0.953 0.925 0.898 0.87 0.843 0.816 0.788 0.761 0.733 0.793 0.855 0.917 0.979 1.041 1.103 1.165 1.353 1.608 1.863 2.118 2.373 2.628 2.883 3.111 3.152 3.193 3.235 3.276 3.317 3.359 3.4 3.441 3.484 3.533 3.582 3.631 3.679 3.728 3.777 3.826 3.875 4.043 4.325 4.607 4.89 5.172 5.454 5.736 6.018 6.25 6.463 6.677 6.891 7.105 7.319 7.533 7.747 7.955 8.152 8.348 8.544 8.74 8.936 9.133 9.329 9.487 9.555 9.623 9.691 9.758 9.826 9.894 9.962 10.041 10.262 10.484 10.706 10.928 11.149 11.371 11.593 11.815
0.34 0.34 0.34 0.34 0.356 0.39 0.424 0.458 0.492 0.526 0.56 0.594 0.628 0.662 0.696 0.699 0.698 0.697 0.696 0.695 0.694 0.693 0.692 0.691 0.69 0.689 0.689 0.742 0.795 0.848 0.901 0.954 1.007 1.06 1.114 1.167 1.22 1.241 1.24 1.238 1.237 1.235 1.233 1.227 1.211 1.195 1.179 1.163 1.147 1.131 1.116 1.1 1.084 1.066 1.039 1.012 0.984 0.957 0.929 0.902 0.875 0.847 0.82 0.808 0.87 0.932 0.994 1.056 1.118 1.18 1.371 1.626 1.881 2.136 2.392 2.647 2.902 2.946 2.988 3.029 3.07 3.112 3.153 3.194 3.235 3.277 3.32 3.369 3.417 3.466 3.515 3.564 3.613 3.662 3.711 3.76 3.975 4.257 4.539 4.822 5.104 5.386 5.668 5.898 6.112 6.326 6.54 6.754 6.967 7.181 7.395 7.609 7.814 8.01 8.207 8.403 8.599 8.795 8.992 9.148 9.216 9.283 9.351 9.419 9.487 9.554 9.622 9.833 10.054 10.276 10.498 10.72 10.942 11.163 11.385 11.607
0.365 0.365 0.365 0.365 0.381 0.415 0.449 0.483 0.517 0.551 0.585 0.619 0.653 0.688 0.722 0.753 0.752 0.751 0.75 0.749 0.748 0.747 0.746 0.744 0.743 0.742 0.788 0.841 0.894 0.948 1.001 1.054 1.107 1.16 1.213 1.266 1.319 1.34 1.339 1.337 1.335 1.334 1.329 1.313 1.297 1.282 1.266 1.25 1.234 1.218 1.202 1.186 1.17 1.153 1.125 1.098 1.07 1.043 1.016 0.988 0.961 0.934 0.906 0.879 0.885 0.947 1.009 1.071 1.133 1.195 1.389 1.644 1.9 2.155 2.41 2.665 2.741 2.782 2.823 2.865 2.906 2.947 2.989 3.03 3.071 3.112 3.155 3.204 3.253 3.302 3.351 3.4 3.449 3.498 3.547 3.596 3.644 3.907 4.189 4.471 4.753 5.036 5.318 5.547 5.761 5.975 6.188 6.402 6.616 6.83 7.044 7.258 7.471 7.673 7.869 8.066 8.262 8.458 8.654 8.808 8.876 8.944 9.012 9.079 9.147 9.215 9.403 9.625 9.847 10.068 10.29 10.512 10.734 10.955 11.177 11.399
0.39 0.39 0.39 0.39 0.407 0.441 0.475 0.509 0.543 0.577 0.611 0.645 0.679 0.713 0.747 0.781 0.805 0.804 0.803 0.802 0.801 0.8 0.799 0.798 0.797 0.835 0.888 0.941 0.994 1.047 1.1 1.153 1.207 1.26 1.313 1.366 1.419 1.439 1.437 1.436 1.434 1.432 1.416 1.4 1.384 1.368 1.352 1.336 1.32 1.304 1.289 1.273 1.257 1.239 1.212 1.184 1.157 1.129 1.102 1.075 1.047 1.02 0.992 0.965 0.938 0.962 1.024 1.086 1.148 1.21 1.408 1.663 1.918 2.173 2.428 2.535 2.576 2.618 2.659 2.7 2.742 2.783 2.824 2.865 2.907 2.948 2.991 3.04 3.089 3.138 3.187 3.236 3.285 3.334 3.382 3.431 3.48 3.557 3.839 4.121 4.403 4.685 4.968 5.195 5.409 5.623 5.837 6.051 6.265 6.479 6.692 6.906 7.12 7.334 7.532 7.728 7.924 8.121 8.317 8.469 8.537 8.604 8.672 8.74 8.808 8.973 9.195 9.417 9.639 9.86 10.082 10.304 10.526 10.747 10.969 11.191
0.41 0.415 0.415 0.414 0.432 0.466 0.5 0.534 0.568 0.602 0.636 0.67 0.704 0.738 0.772 0.806 0.84 0.858 0.857 0.856 0.855 0.853 0.852 0.851 0.881 0.934 0.987 1.041 1.094 1.147 1.2 1.253 1.306 1.359 1.412 1.465 1.519 1.538 1.536 1.534 1.533 1.518 1.502 1.486 1.471 1.455 1.439 1.423 1.407 1.391 1.375 1.359 1.343 1.325 1.298 1.271 1.243 1.216 1.188 1.161 1.134 1.106 1.079 1.051 1.024 0.997 1.039 1.101 1.163 1.225 1.426 1.681 1.936 2.191 2.329 2.371 2.412 2.453 2.495 2.536 2.577 2.619 2.66 2.701 2.742 2.784 2.827 2.876 2.925 2.974 3.023 3.071 3.12 3.169 3.218 3.267 3.316 3.365 3.489 3.771 4.053 4.335 4.617 4.844 5.058 5.272 5.486 5.699 5.913 6.127 6.341 6.555 6.769 6.983 7.195 7.391 7.587 7.783 7.98 8.129 8.197 8.265 8.333 8.4 8.544 8.765 8.987 9.209 9.431 9.652 9.874 10.096 10.318 10.54 10.761 10.983
0.423 0.438 0.439 0.439 0.458 0.492 0.526 0.56 0.594 0.628 0.662 0.696 0.73 0.764 0.798 0.832 0.866 0.9 0.91 0.909 0.908 0.907 0.906 0.928 0.981 1.034 1.087 1.14 1.193 1.246 1.3 1.353 1.406 1.459 1.512 1.565 1.618 1.636 1.635 1.633 1.621 1.605 1.589 1.573 1.557 1.541 1.525 1.509 1.493 1.477 1.462 1.446 1.43 1.412 1.384 1.357 1.329 1.302 1.275 1.247 1.22 1.192 1.165 1.138 1.11 1.083 1.055 1.116 1.178 1.24 1.444 1.699 1.954 2.124 2.165 2.206 2.248 2.289 2.33 2.372 2.413 2.454 2.495 2.537 2.578 2.619 2.663 2.712 2.761 2.809 2.858 2.907 2.956 3.005 3.054 3.103 3.152 3.201 3.25 3.421 3.703 3.985 4.267 4.493 4.706 4.92 5.134 5.348 5.562 5.776 5.99 6.203 6.417 6.631 6.845 7.054 7.25 7.446 7.642 7.79 7.857 7.925 7.993 8.114 8.336 8.557 8.779 9.001 9.223 9.445 9.666 9.888 10.11 10.332 10.553 10.775
0.435 0.451 0.464 0.464 0.483 0.517 0.551 0.585 0.619 0.653 0.687 0.721 0.755 0.789 0.823 0.857 0.891 0.925 0.959 0.962 0.961 0.96 0.974 1.027 1.08 1.134 1.187 1.24 1.293 1.346 1.399 1.452 1.505 1.558 1.612 1.665 1.718 1.735 1.733 1.723 1.707 1.691 1.675 1.659 1.644 1.628 1.612 1.596 1.58 1.564 1.548 1.532 1.516 1.498 1.471 1.443 1.416 1.388 1.361 1.334 1.306 1.279 1.251 1.224 1.197 1.169 1.142 1.131 1.193 1.255 1.462 1.717 1.918 1.959 2.001 2.042 2.083 2.125 2.166 2.207 2.249 2.29 2.331 2.372 2.414 2.455 2.499 2.547 2.596 2.645 2.694 2.743 2.792 2.841 2.89 2.939 2.988 3.036 3.085 3.134 3.352 3.635 3.917 4.141 4.355 4.569 4.783 4.997 5.21 5.424 5.638 5.852 6.066 6.28 6.494 6.707 6.912 7.109 7.305 7.45 7.518 7.586 7.684 7.906 8.128 8.35 8.571 8.793 9.015 9.237 9.458 9.68 9.902 10.124 10.345 10.567
0.447 0.463 0.478 0.489 0.508 0.542 0.576 0.61 0.644 0.678 0.712 0.746 0.78 0.814 0.848 0.882 0.916 0.951 0.985 1.016 1.015 1.021 1.074 1.127 1.18 1.233 1.286 1.339 1.393 1.446 1.499 1.552 1.605 1.658 1.711 1.764 1.817 1.834 1.826 1.81 1.794 1.778 1.762 1.746 1.73 1.714 1.698 1.682 1.666 1.65 1.635 1.619 1.603 1.584 1.557 1.53 1.502 1.475 1.447 1.42 1.393 1.365 1.338 1.31 1.283 1.256 1.228 1.201 1.208 1.27 1.48 1.713 1.754 1.795 1.836 1.878 1.919 1.96 2.002 2.043 2.084 2.125 2.167 2.208 2.249 2.291 2.334 2.383 2.432 2.481 2.53 2.579 2.628 2.677 2.726 2.774 2.823 2.872 2.921 2.97 3.019 3.284 3.567 3.79 4.004 4.218 4.431 4.645 4.859 5.073 5.287 5.501 5.714 5.928 6.142 6.356 6.57 6.771 6.967 7.111 7.178 7.255 7.476 7.698 7.92 8.142 8.363 8.585 8.807 9.029 9.25 9.472 9.694 9.916 10.138 10.359
0.485 0.497 0.51 0.523 0.549 0.58 0.61 0.641 0.672 0.704 0.738 0.772 0.806 0.84 0.874 0.908 0.942 0.976 1.01 1.044 1.068 1.12 1.173 1.227 1.28 1.333 1.386 1.439 1.492 1.545 1.598 1.651 1.705 1.758 1.811 1.864 1.917 1.928 1.912 1.896 1.88 1.864 1.848 1.832 1.817 1.801 1.785 1.769 1.753 1.737 1.721 1.705 1.689 1.671 1.643 1.616 1.588 1.561 1.534 1.506 1.479 1.451 1.424 1.397 1.369 1.342 1.314 1.287 1.26 1.285 1.498 1.548 1.589 1.631 1.672 1.713 1.755 1.796 1.837 1.879 1.92 1.961 2.002 2.044 2.085 2.126 2.17 2.219 2.268 2.317 2.366 2.415 2.463 2.512 2.561 2.61 2.659 2.708 2.757 2.806 2.855 2.934 3.216 3.438 3.652 3.866 4.08 4.294 4.508 4.722 4.935 5.149 5.363 5.577 5.791 6.005 6.218 6.432 6.63 6.771 6.839 7.047 7.268 7.49 7.712 7.934 8.155 8.377 8.599 8.821 9.043 9.264 9.486 9.708 9.93 10.151
0.681 0.694 0.707 0.745 0.789 0.82 0.85 0.881 0.911 0.942 0.973 1.003 1.034 1.064 1.095 1.126 1.156 1.187 1.217 1.248 1.299 1.358 1.409 1.459 1.509 1.56 1.61 1.66 1.711 1.761 1.811 1.862 1.912 1.962 2.013 2.063 2.113 2.155 2.135 2.115 2.095 2.075 2.055 2.034 2.014 1.994 1.974 1.954 1.934 1.914 1.893 1.873 1.853 1.842 1.81 1.777 1.745 1.712 1.68 1.648 1.615 1.583 1.551 1.518 1.486 1.453 1.421 1.389 1.356 1.324 1.343 1.384 1.425 1.466 1.508 1.549 1.59 1.632 1.673 1.714 1.755 1.797 1.838 1.879 1.921 1.962 2.006 2.055 2.104 2.153 2.201 2.25 2.299 2.348 2.397 2.446 2.495 2.544 2.593 2.642 2.69 2.739 2.866 3.087 3.301 3.515 3.729 3.942 4.156 4.37 4.584 4.798 5.012 5.226 5.439 5.653 5.867 6.081 6.293 6.432 6.617 6.839 7.06 7.282 7.504 7.726 7.948 8.169 8.391 8.613 8.835 9.056 9.278 9.5 9.722 9.943
0.878 0.891 0.922 0.986 1.029 1.059 1.09 1.121 1.151 1.182 1.212 1.243 1.274 1.304 1.335 1.365 1.396 1.427 1.457 1.503 1.558 1.625 1.681 1.731 1.782 1.832 1.882 1.933 1.983 2.033 2.084 2.134 2.184 2.235 2.285 2.335 2.386 2.451 2.481 2.461 2.441 2.421 2.401 2.38 2.36 2.34 2.32 2.3 2.28 2.26 2.239 2.219 2.199 2.19 2.198 2.165 2.133 2.1 2.068 2.036 2.003 1.971 1.939 1.906 1.874 1.841 1.809 1.777 1.744 1.712 1.732 1.764 1.796 1.829 1.861 1.893 1.925 1.957 1.989 2.021 2.053 2.085 2.117 2.149 2.181 2.213 2.246 2.286 2.325 2.365 2.404 2.444 2.484 2.523 2.563 2.603 2.642 2.682 2.721 2.761 2.801 2.84 2.897 3.088 3.289 3.489 3.69 3.89 4.091 4.291 4.492 4.692 4.892 5.093 5.293 5.494 5.694 5.895 6.095 6.302 6.513 6.723 6.934 7.144 7.355 7.565 7.776 7.986 8.197 8.407 8.627 8.848 9.07 9.292 9.514 9.732
1.075 1.098 1.162 1.226 1.269 1.299 1.33 1.36 1.391 1.422 1.452 1.483 1.513 1.544 1.575 1.605 1.636 1.666 1.709 1.761 1.816 1.884 1.952 2.004 2.054 2.104 2.155 2.205 2.255 2.306 2.356 2.406 2.457 2.507 2.557 2.608 2.658 2.724 2.796 2.807 2.787 2.767 2.747 2.726 2.706 2.686 2.666 2.646 2.626 2.606 2.585 2.565 2.545 2.536 2.556 2.553 2.521 2.488 2.456 2.424 2.391 2.359 2.327 2.294 2.262 2.229 2.197 2.165 2.132 2.1 2.121 2.153 2.186 2.218 2.25 2.282 2.314 2.346 2.378 2.41 2.442 2.474 2.506 2.538 2.57 2.599 2.632 2.672 2.711 2.751 2.791 2.83 2.87 2.909 2.949 2.989 3.028 3.068 3.108 3.147 3.187 3.235 3.331 3.524 3.725 3.925 4.125 4.326 4.526 4.727 4.927 5.128 5.328 5.529 5.729 5.929 6.13 6.33 6.537 6.748 6.959 7.169 7.38 7.59 7.801 8.011 8.222 8.432 8.643 8.853 9.064 9.274 9.485 9.695 9.906 10.126
1.275 1.339 1.403 1.466 1.508 1.539 1.57 1.6 1.631 1.661 1.692 1.723 1.753 1.784 1.814 1.845 1.876 1.915 1.967 2.02 2.075 2.143 2.21 2.276 2.326 2.377 2.427 2.477 2.528 2.578 2.628 2.679 2.729 2.779 2.83 2.88 2.93 2.997 3.069 3.14 3.133 3.113 3.093 3.073 3.052 3.032 3.012 2.992 2.972 2.952 2.932 2.911 2.891 2.883 2.902 2.922 2.909 2.876 2.844 2.812 2.779 2.747 2.715 2.682 2.65 2.617 2.585 2.553 2.52 2.488 2.51 2.543 2.575 2.607 2.639 2.671 2.703 2.735 2.767 2.799 2.831 2.863 2.895 2.927 2.957 2.985 3.018 3.058 3.097 3.137 3.177 3.216 3.256 3.296 3.335 3.375 3.414 3.454 3.494 3.533 3.573 3.669 3.765 3.96 4.16 4.361 4.561 4.762 4.962 5.162 5.363 5.563 5.764 5.964 6.165 6.365 6.566 6.77 6.983 7.194 7.405 7.615 7.826 8.036 8.247 8.457 8.668 8.878 9.089 9.299 9.51 9.72 9.931 10.141 10.359 10.582
1.515 1.579 1.643 1.707 1.748 1.779 1.809 1.84 1.871 1.901 1.932 1.962 1.993 2.024 2.054 2.085 2.121 2.173 2.226 2.278 2.334 2.401 2.469 2.536 2.599 2.649 2.7 2.75 2.8 2.851 2.901 2.951 3.002 3.052 3.102 3.153 3.203 3.27 3.341 3.413 3.479 3.459 3.439 3.419 3.398 3.378 3.358 3.338 3.318 3.298 3.278 3.257 3.237 3.23 3.249 3.269 3.288 3.264 3.232 3.2 3.167 3.135 3.103 3.07 3.038 3.005 2.973 2.941 2.908 2.876 2.9 2.932 2.964 2.996 3.028 3.06 3.092 3.124 3.156 3.188 3.22 3.252 3.284 3.314 3.343 3.371 3.404 3.444 3.483 3.523 3.563 3.602 3.642 3.682 3.721 3.761 3.801 3.84 3.88 3.919 4.007 4.103 4.199 4.395 4.596 4.796 4.997 5.197 5.398 5.598 5.799 5.999 6.2 6.4 6.6 6.801 7.004 7.216 7.428 7.64 7.85 8.061 8.272 8.482 8.693 8.903 9.114 9.324 9.535 9.745 9.956 10.166 10.377 10.593 10.815 11.038
1.756 1.819 1.883 1.947 1.988 2.019 2.049 2.08 2.11 2.141 2.172 2.202 2.233 2.263 2.294 2.327 2.379 2.432 2.484 2.536 2.592 2.66 2.727 2.795 2.863 2.922 2.972 3.022 3.073 3.123 3.173 3.224 3.274 3.324 3.375 3.425 3.475 3.542 3.614 3.686 3.757 3.805 3.785 3.765 3.744 3.724 3.704 3.684 3.664 3.644 3.624 3.603 3.583 3.576 3.596 3.615 3.635 3.652 3.62 3.588 3.555 3.523 3.491 3.458 3.426 3.393 3.361 3.329 3.296 3.264 3.289 3.321 3.353 3.385 3.417 3.449 3.481 3.513 3.545 3.577 3.609 3.641 3.672 3.7 3.729 3.757 3.79 3.83 3.87 3.909 3.949 3.988 4.028 4.068 4.107 4.147 4.187 4.226 4.266 4.346 4.441 4.537 4.633 4.831 5.032 5.232 5.433 5.633 5.833 6.034 6.234 6.435 6.635 6.836 7.036 7.237 7.45 7.662 7.874 8.086 8.296 8.507 8.717 8.928 9.139 9.349 9.56 9.77 9.981 10.191 10.402 10.612 10.827 11.048 11.27 11.494
1.996 2.06 2.124 2.187 2.228 2.259 2.289 2.32 2.35 2.381 2.411 2.442 2.473 2.503 2.534 2.585 2.638 2.69 2.742 2.795 2.851 2.918 2.986 3.054 3.121 3.189 3.244 3.295 3.345 3.395 3.446 3.496 3.546 3.597 3.647 3.697 3.748 3.815 3.887 3.959 4.03 4.102 4.131 4.111 4.09 4.07 4.05 4.03 4.01 3.99 3.97 3.949 3.929 3.923 3.943 3.962 3.981 4.001 4.008 3.976 3.943 3.911 3.879 3.846 3.814 3.781 3.749 3.717 3.684 3.652 3.678 3.71 3.742 3.774 3.806 3.838 3.87 3.902 3.934 3.966 3.998 4.029 4.058 4.086 4.115 4.143 4.176 4.216 4.256 4.295 4.335 4.375 4.414 4.454 4.493 4.533 4.573 4.612 4.684 4.78 4.875 4.971 5.067 5.267 5.467 5.668 5.868 6.069 6.269 6.47 6.67 6.871 7.071 7.271 7.472 7.683 7.896 8.108 8.32 8.532 8.742 8.953 9.163 9.374 9.584 9.795 10.005 10.216 10.427 10.637 10.848 11.06 11.282 11.504 11.726 11.95
2.236 2.3 2.364 2.428 2.468 2.498 2.529 2.56 2.59 2.621 2.651 2.682 2.712 2.743 2.791 2.844 2.896 2.948 3.001 3.053 3.11 3.177 3.245 3.312 3.38 3.447 3.515 3.567 3.617 3.668 3.718 3.768 3.819 3.869 3.919 3.97 4.02 4.088 4.16 4.231 4.303 4.375 4.446 4.457 4.437 4.416 4.396 4.376 4.356 4.336 4.316 4.296 4.275 4.27 4.289 4.309 4.328 4.348 4.367 4.364 4.331 4.299 4.267 4.234 4.202 4.169 4.137 4.105 4.072 4.04 4.067 4.099 4.131 4.163 4.195 4.227 4.259 4.291 4.323 4.355 4.387 4.415 4.444 4.472 4.5 4.529 4.562 4.602 4.642 4.681 4.721 4.761 4.8 4.84 4.88 4.919 4.959 5.022 5.118 5.214 5.309 5.405 5.502 5.703 5.903 6.104 6.304 6.504 6.705 6.905 7.106 7.306 7.507 7.707 7.917 8.129 8.342 8.554 8.766 8.978 9.188 9.399 9.609 9.82 10.03 10.241 10.451 10.662 10.872 11.083 11.294 11.516 11.738 11.96 12.182 12.406
2.477 2.54 2.604 2.668 2.708 2.738 2.769 2.799 2.83 2.861 2.891 2.922 2.952 2.997 3.05 3.102 3.154 3.207 3.259 3.312 3.368 3.436 3.503 3.571 3.639 3.706 3.774 3.84 3.89 3.94 3.99 4.041 4.091 4.141 4.192 4.242 4.292 4.361 4.432 4.504 4.576 4.647 4.719 4.791 4.783 4.762 4.742 4.722 4.702 4.682 4.662 4.642 4.621 4.616 4.636 4.655 4.675 4.694 4.714 4.733 4.719 4.687 4.655 4.622 4.59 4.557 4.525 4.493 4.46 4.428 4.456 4.488 4.52 4.552 4.584 4.616 4.648 4.68 4.712 4.744 4.773 4.801 4.83 4.858 4.886 4.915 4.949 4.988 5.028 5.067 5.107 5.147 5.186 5.226 5.266 5.305 5.36 5.456 5.552 5.647 5.743 5.839 5.938 6.138 6.339 6.539 6.74 6.94 7.141 7.341 7.542 7.742 7.942 8.15 8.363 8.575 8.787 9.0 9.212 9.424 9.634 9.845 10.055 10.266 10.476 10.687 10.897 11.108 11.318 11.529 11.75 11.972 12.193 12.415 12.637 12.862
2.717 2.781 2.845 2.908 2.947 2.978 3.009 3.039 3.07 3.1 3.131 3.162 3.203 3.256 3.308 3.36 3.413 3.465 3.518 3.57 3.627 3.694 3.762 3.83 3.897 3.965 4.032 4.1 4.162 4.213 4.263 4.313 4.364 4.414 4.464 4.515 4.565 4.633 4.705 4.777 4.849 4.92 4.992 5.064 5.129 5.108 5.088 5.068 5.048 5.028 5.008 4.988 4.967 4.963 4.983 5.002 5.021 5.041 5.06 5.08 5.099 5.075 5.043 5.01 4.978 4.945 4.913 4.881 4.848 4.816 4.845 4.877 4.909 4.941 4.973 5.005 5.037 5.069 5.101 5.13 5.159 5.187 5.216 5.244 5.272 5.301 5.335 5.374 5.414 5.454 5.493 5.533 5.572 5.612 5.652 5.699 5.794 5.89 5.986 6.081 6.177 6.273 6.374 6.574 6.775 6.975 7.175 7.376 7.576 7.777 7.977 8.178 8.384 8.596 8.809 9.021 9.233 9.446 9.658 9.87 10.08 10.291 10.501 10.712 10.922 11.133 11.343 11.554 11.764 11.984 12.205 12.427 12.649 12.871 13.093 13.318
2.957 3.021 3.085 3.149 3.187 3.218 3.248 3.279 3.31 3.34 3.371 3.409 3.462 3.514 3.566 3.619 3.671 3.724 3.776 3.828 3.885 3.953 4.021 4.088 4.156 4.223 4.291 4.359 4.426 4.485 4.535 4.586 4.636 4.686 4.737 4.787 4.837 4.906 4.978 5.05 5.121 5.193 5.265 5.336 5.408 5.455 5.434 5.414 5.394 5.374 5.354 5.334 5.313 5.31 5.329 5.349 5.368 5.388 5.407 5.426 5.446 5.463 5.431 5.398 5.366 5.333 5.301 5.269 5.236 5.204 5.234 5.266 5.298 5.33 5.362 5.394 5.426 5.458 5.488 5.516 5.545 5.573 5.601 5.63 5.658 5.687 5.721 5.76 5.8 5.84 5.879 5.919 5.959 5.998 6.038 6.133 6.228 6.324 6.42 6.515 6.611 6.707 6.809 7.01 7.21 7.411 7.611 7.812 8.012 8.213 8.413 8.617 8.83 9.042 9.255 9.467 9.679 9.892 10.104 10.316 10.526 10.737 10.947 11.158 11.368 11.579 11.789 12.0 12.217 12.439 12.661 12.883 13.105 13.327 13.548 13.774
3.198 3.261 3.325 3.389 3.427 3.458 3.488 3.519 3.549 3.58 3.615 3.668 3.72 3.772 3.825 3.877 3.93 3.982 4.034 4.087 4.144 4.212 4.279 4.347 4.414 4.482 4.55 4.617 4.685 4.752 4.808 4.858 4.908 4.959 5.009 5.059 5.11 5.179 5.251 5.322 5.394 5.466 5.537 5.609 5.681 5.753 5.78 5.76 5.74 5.72 5.7 5.68 5.66 5.657 5.676 5.695 5.715 5.734 5.754 5.773 5.793 5.812 5.819 5.786 5.754 5.721 5.689 5.657 5.624 5.592 5.623 5.655 5.687 5.719 5.751 5.783 5.815 5.846 5.874 5.902 5.931 5.959 5.987 6.016 6.044 6.072 6.107 6.146 6.186 6.226 6.265 6.305 6.345 6.384 6.471 6.567 6.662 6.758 6.854 6.949 7.045 7.141 7.245 7.446 7.646 7.846 8.047 8.247 8.448 8.648 8.851 9.063 9.276 9.488 9.7 9.913 10.125 10.338 10.55 10.762 10.972 11.183 11.393 11.604 11.814 12.025 12.235 12.451 12.673 12.895 13.117 13.339 13.56 13.782 14.004 14.23
3.438 3.502 3.566 3.629 3.667 3.697 3.728 3.759 3.789 3.821 3.874 3.926 3.978 4.031 4.083 4.136 4.188 4.24 4.293 4.345 4.403 4.47 4.538 4.606 4.673 4.741 4.808 4.876 4.943 5.011 5.079 5.13 5.181 5.231 5.281 5.332 5.382 5.452 5.523 5.595 5.667 5.738 5.81 5.882 5.954 6.025 6.097 6.106 6.086 6.066 6.046 6.026 6.006 6.003 6.023 6.042 6.062 6.081 6.1 6.12 6.139 6.159 6.178 6.174 6.142 6.109 6.077 6.045 6.012 5.98 6.012 6.044 6.076 6.108 6.14 6.172 6.203 6.231 6.26 6.288 6.317 6.345 6.373 6.402 6.43 6.458 6.493 6.533 6.572 6.612 6.651 6.691 6.731 6.809 6.905 7.001 7.096 7.192 7.288 7.383 7.479 7.575 7.681 7.881 8.082 8.282 8.483 8.683 8.884 9.084 9.297 9.509 9.722 9.934 10.146 10.359 10.571 10.784 10.996 11.208 11.418 11.629 11.839 12.05 12.26 12.471 12.685 12.907 13.129 13.35 13.572 13.794 14.016 14.238 14.46 14.686
3.678 3.742 3.806 3.87 3.907 3.937 3.968 3.998 4.029 4.08 4.132 4.184 4.237 4.289 4.342 4.394 4.446 4.499 4.551 4.604 4.661 4.729 4.797 4.864 4.932 4.999 5.067 5.134 5.202 5.27 5.337 5.403 5.453 5.504 5.554 5.604 5.655 5.724 5.796 5.868 5.94 6.011 6.083 6.155 6.226 6.298 6.37 6.441 6.432 6.412 6.392 6.372 6.352 6.35 6.369 6.389 6.408 6.428 6.447 6.466 6.486 6.505 6.525 6.544 6.53 6.497 6.465 6.433 6.4 6.369 6.401 6.433 6.465 6.497 6.529 6.561 6.589 6.617 6.646 6.674 6.702 6.731 6.759 6.788 6.816 6.844 6.879 6.919 6.958 6.998 7.038 7.077 7.147 7.243 7.339 7.434 7.53 7.626 7.722 7.817 7.913 8.009 8.117 8.317 8.517 8.718 8.918 9.119 9.319 9.53 9.743 9.955 10.168 10.38 10.592 10.805 11.017 11.23 11.442 11.654 11.864 12.075 12.285 12.496 12.706 12.919 13.141 13.362 13.584 13.806 14.028 14.25 14.472 14.694 14.915 15.142
3.919 3.982 4.046 4.11 4.146 4.177 4.208 4.238 4.286 4.338 4.39 4.443 4.495 4.548 4.6 4.652 4.705 4.757 4.81 4.862 4.92 4.988 5.055 5.123 5.19 5.258 5.326 5.393 5.461 5.528 5.596 5.663 5.726 5.776 5.826 5.877 5.927 5.997 6.069 6.141 6.212 6.284 6.356 6.427 6.499 6.571 6.642 6.714 6.778 6.758 6.738 6.718 6.698 6.697 6.716 6.735 6.755 6.774 6.794 6.813 6.833 6.852 6.871 6.891 6.91 6.885 6.853 6.821 6.788 6.758 6.79 6.822 6.854 6.886 6.918 6.947 6.975 7.003 7.032 7.06 7.088 7.117 7.145 7.173 7.202 7.23 7.265 7.305 7.344 7.384 7.424 7.486 7.581 7.677 7.773 7.868 7.964 8.06 8.155 8.251 8.347 8.443 8.552 8.753 8.953 9.154 9.354 9.555 9.764 9.976 10.189 10.401 10.614 10.826 11.038 11.251 11.463 11.676 11.888 12.099 12.31 12.521 12.731 12.942 13.152 13.374 13.596 13.818 14.04 14.262 14.484 14.705 14.927 15.149 15.371 15.598
4.159 4.223 4.287 4.35 4.386 4.417 4.447 4.492 4.544 4.596 4.649 4.701 4.754 4.806 4.858 4.911 4.963 5.016 5.068 5.12 5.179 5.246 5.314 5.381 5.449 5.517 5.584 5.652 5.719 5.787 5.855 5.922 5.99 6.048 6.099 6.149 6.199 6.27 6.342 6.413 6.485 6.557 6.628 6.7 6.772 6.844 6.915 6.987 7.059 7.104 7.084 7.064 7.044 7.043 7.063 7.082 7.102 7.121 7.14 7.16 7.179 7.199 7.218 7.238 7.257 7.273 7.241 7.209 7.176 7.147 7.179 7.211 7.243 7.275 7.304 7.332 7.361 7.389 7.418 7.446 7.474 7.503 7.531 7.559 7.588 7.616 7.651 7.691 7.731 7.77 7.824 7.92 8.015 8.111 8.207 8.302 8.398 8.494 8.589 8.685 8.781 8.876 8.988 9.188 9.389 9.589 9.79 9.997 10.21 10.422 10.635 10.847 11.059 11.272 11.484 11.697 11.909 12.122 12.334 12.545 12.756 12.966 13.177 13.388 13.608 13.83 14.052 14.274 14.496 14.717 14.939 15.161 15.383 15.605 15.827 16.054
4.399 4.463 4.527 4.591 4.626 4.657 4.698 4.75 4.802 4.855 4.907 4.96 5.012 5.064 5.117 5.169 5.222 5.274 5.326 5.379 5.437 5.505 5.573 5.64 5.708 5.775 5.843 5.91 5.978 6.046 6.113 6.181 6.248 6.316 6.371 6.421 6.472 6.543 6.614 6.686 6.758 6.829 6.901 6.973 7.045 7.116 7.188 7.26 7.331 7.403 7.43 7.41 7.39 7.39 7.409 7.429 7.448 7.468 7.487 7.507 7.526 7.545 7.565 7.584 7.604 7.623 7.629 7.597 7.564 7.536 7.568 7.6 7.632 7.662 7.69 7.718 7.747 7.775 7.803 7.832 7.86 7.889 7.917 7.945 7.974 8.002 8.037 8.077 8.117 8.162 8.258 8.354 8.449 8.545 8.641 8.736 8.832 8.928 9.023 9.119 9.215 9.31 9.424 9.624 9.825 10.025 10.231 10.443 10.656 10.868 11.081 11.293 11.505 11.718 11.93 12.143 12.355 12.568 12.78 12.991 13.202 13.412 13.623 13.842 14.064 14.286 14.507 14.729 14.951 15.173 15.395 15.617 15.839 16.06 16.282 16.51
4.64 4.704 4.767 4.831 4.866 4.904 4.956 5.008 5.061 5.113 5.166 5.218 5.27 5.323 5.375 5.428 5.48 5.532 5.585 5.637 5.696 5.764 5.831 5.899 5.966 6.034 6.101 6.169 6.237 6.304 6.372 6.439 6.507 6.575 6.642 6.694 6.744 6.815 6.887 6.959 7.031 7.102 7.174 7.246 7.317 7.389 7.461 7.532 7.604 7.676 7.748 7.756 7.736 7.737 7.756 7.776 7.795 7.814 7.834 7.853 7.873 7.892 7.912 7.931 7.95 7.97 7.989 7.985 7.952 7.925 7.957 7.989 8.019 8.048 8.076 8.104 8.133 8.161 8.189 8.218 8.246 8.274 8.303 8.331 8.36 8.388 8.423 8.463 8.503 8.596 8.692 8.788 8.883 8.979 9.075 9.17 9.266 9.362 9.457 9.553 9.649 9.744 9.859 10.06 10.26 10.464 10.677 10.889 11.102 11.314 11.527 11.739 11.951 12.164 12.376 12.589 12.801 13.014 13.226 13.437 13.648 13.858 14.076 14.298 14.519 14.741 14.963 15.185 15.407 15.629 15.85 16.072 16.294 16.516 16.738 16.966
4.88 4.944 5.008 5.072 5.11 5.162 5.214 5.267 5.319 5.372 5.424 5.476 5.529 5.581 5.634 5.686 5.738 5.791 5.843 5.896 5.955 6.022 6.09 6.157 6.225 6.293 6.36 6.428 6.495 6.563 6.63 6.698 6.766 6.833 6.901 6.966 7.017 7.088 7.16 7.232 7.303 7.375 7.447 7.518 7.59 7.662 7.734 7.805 7.877 7.949 8.02 8.092 8.082 8.083 8.103 8.122 8.142 8.161 8.18 8.2 8.219 8.239 8.258 8.278 8.297 8.316 8.336 8.355 8.34 8.314 8.347 8.377 8.405 8.433 8.462 8.49 8.519 8.547 8.575 8.604 8.632 8.66 8.689 8.717 8.745 8.774 8.81 8.849 8.934 9.03 9.126 9.221 9.317 9.413 9.509 9.604 9.7 9.796 9.891 9.987 10.083 10.178 10.295 10.496 10.698 10.91 11.123 11.335 11.548 11.76 11.972 12.185 12.397 12.61 12.822 13.035 13.247 13.46 13.672 13.883 14.094 14.309 14.531 14.753 14.975 15.197 15.419 15.641 15.862 16.084 16.306 16.528 16.75 16.972 17.194 17.422
5.145 5.207 5.269 5.331 5.382 5.433 5.484 5.534 5.585 5.636 5.686 5.737 5.788 5.84 5.892 5.944 5.997 6.049 6.102 6.154 6.213 6.281 6.348 6.416 6.484 6.551 6.619 6.686 6.754 6.822 6.889 6.957 7.024 7.092 7.159 7.227 7.289 7.361 7.433 7.504 7.576 7.648 7.719 7.791 7.863 7.935 8.006 8.078 8.15 8.221 8.293 8.365 8.428 8.43 8.449 8.469 8.488 8.508 8.527 8.547 8.566 8.585 8.605 8.624 8.644 8.663 8.683 8.702 8.721 8.704 8.734 8.763 8.791 8.819 8.848 8.876 8.904 8.933 8.961 8.99 9.018 9.046 9.075 9.103 9.131 9.16 9.196 9.273 9.368 9.464 9.56 9.655 9.751 9.847 9.942 10.038 10.134 10.23 10.325 10.421 10.517 10.612 10.731 10.931 11.144 11.356 11.569 11.781 11.994 12.206 12.418 12.631 12.843 13.056 13.268 13.481 13.693 13.906 14.118 14.329 14.543 14.765 14.987 15.209 15.431 15.652 15.874 16.096 16.318 16.54 16.762 16.984 17.205 17.427 17.649 17.878
5.512 5.574 5.636 5.698 5.749 5.8 5.851 5.901 5.952 6.003 6.053 6.104 6.155 6.205 6.256 6.307 6.357 6.408 6.459 6.518 6.595 6.661 6.726 6.791 6.857 6.922 6.987 7.052 7.118 7.183 7.248 7.314 7.379 7.444 7.51 7.575 7.667 7.736 7.805 7.874 7.943 8.012 8.081 8.15 8.218 8.287 8.356 8.425 8.494 8.563 8.632 8.701 8.77 8.817 8.835 8.852 8.87 8.887 8.905 8.922 8.94 8.957 8.975 8.992 9.009 9.027 9.044 9.062 9.079 9.12 9.142 9.165 9.187 9.209 9.234 9.262 9.29 9.319 9.347 9.375 9.404 9.432 9.461 9.489 9.517 9.546 9.611 9.707 9.802 9.898 9.994 10.089 10.185 10.281 10.376 10.472 10.568 10.663 10.759 10.855 10.951 11.046 11.167 11.377 11.59 11.802 12.015 12.227 12.44 12.652 12.864 13.077 13.289 13.502 13.714 13.927 14.139 14.352 14.564 14.777 14.999 15.221 15.443 15.664 15.886 16.108 16.33 16.552 16.774 16.996 17.217 17.439 17.661 17.883 18.105 18.334
5.88 5.942 6.003 6.065 6.117 6.167 6.218 6.269 6.319 6.37 6.421 6.471 6.522 6.573 6.623 6.674 6.725 6.775 6.828 6.917 6.995 7.06 7.125 7.191 7.256 7.321 7.386 7.452 7.517 7.582 7.648 7.713 7.778 7.844 7.909 7.995 8.11 8.179 8.248 8.316 8.385 8.454 8.523 8.592 8.661 8.73 8.799 8.868 8.937 9.006 9.075 9.144 9.233 9.283 9.301 9.318 9.335 9.353 9.37 9.388 9.405 9.423 9.44 9.458 9.475 9.493 9.51 9.528 9.555 9.754 9.895 9.918 9.94 9.962 9.984 10.007 10.029 10.051 10.073 10.096 10.118 10.14 10.162 10.185 10.207 10.229 10.236 10.328 10.42 10.511 10.603 10.694 10.786 10.878 10.969 11.061 11.153 11.244 11.336 11.427 11.519 11.611 11.732 11.94 12.149 12.357 12.566 12.775 12.983 13.192 13.4 13.609 13.817 14.026 14.234 14.443 14.651 14.86 15.065 15.203 15.427 15.651 15.875 16.099 16.323 16.547 16.771 16.995 17.219 17.443 17.667 17.891 18.115 18.339 18.56 18.79
6.247 6.309 6.371 6.433 6.484 6.534 6.585 6.636 6.686 6.737 6.788 6.838 6.889 6.94 6.99 7.041 7.092 7.142 7.228 7.317 7.394 7.459 7.525 7.59 7.655 7.721 7.786 7.851 7.916 7.982 8.047 8.112 8.178 8.243 8.321 8.438 8.552 8.621 8.69 8.759 8.828 8.897 8.966 9.035 9.104 9.173 9.242 9.31 9.379 9.448 9.517 9.603 9.7 9.749 9.766 9.784 9.801 9.819 9.836 9.854 9.871 9.888 9.906 9.923 9.941 9.958 9.976 9.993 10.178 10.378 10.563 10.671 10.693 10.715 10.737 10.76 10.782 10.804 10.826 10.849 10.871 10.893 10.915 10.938 10.96 10.982 10.984 11.003 11.095 11.186 11.278 11.37 11.461 11.553 11.645 11.736 11.828 11.919 12.011 12.103 12.194 12.286 12.409 12.618 12.826 13.035 13.243 13.452 13.66 13.869 14.077 14.286 14.494 14.703 14.911 15.12 15.329 15.537 15.553 15.572 15.758 15.982 16.206 16.43 16.654 16.878 17.102 17.326 17.55 17.774 17.998 18.222 18.446 18.67 18.894 19.126
6.614 6.676 6.738 6.8 6.851 6.901 6.952 7.003 7.053 7.104 7.155 7.205 7.256 7.307 7.357 7.408 7.459 7.539 7.628 7.717 7.793 7.859 7.924 7.989 8.055 8.12 8.185 8.251 8.316 8.381 8.446 8.512 8.577 8.648 8.765 8.882 8.995 9.064 9.133 9.202 9.271 9.34 9.408 9.477 9.546 9.615 9.684 9.753 9.822 9.891 9.972 10.07 10.167 10.215 10.232 10.249 10.267 10.284 10.302 10.319 10.337 10.354 10.372 10.389 10.407 10.424 10.442 10.599 10.801 11.001 11.186 11.371 11.446 11.468 11.49 11.513 11.535 11.557 11.579 11.602 11.624 11.646 11.668 11.691 11.713 11.735 11.737 11.732 11.77 11.862 11.953 12.045 12.137 12.228 12.32 12.411 12.503 12.595 12.686 12.778 12.87 12.961 13.086 13.295 13.503 13.712 13.92 14.129 14.337 14.546 14.755 14.963 15.172 15.38 15.589 15.797 16.006 16.054 16.04 16.06 16.089 16.313 16.537 16.761 16.985 17.209 17.433 17.657 17.881 18.105 18.329 18.553 18.777 19.001 19.225 19.457
6.982 7.043 7.105 7.167 7.218 7.269 7.319 7.37 7.421 7.471 7.522 7.573 7.623 7.674 7.725 7.775 7.85 7.939 8.028 8.116 8.193 8.258 8.323 8.389 8.454 8.519 8.585 8.65 8.715 8.78 8.846 8.911 8.976 9.091 9.208 9.325 9.437 9.506 9.575 9.644 9.713 9.782 9.851 9.92 9.989 10.058 10.127 10.196 10.265 10.342 10.439 10.537 10.634 10.68 10.698 10.715 10.733 10.75 10.768 10.785 10.802 10.82 10.837 10.855 10.872 10.89 11.02 11.222 11.425 11.624 11.809 11.994 12.179 12.221 12.243 12.266 12.288 12.31 12.332 12.355 12.377 12.399 12.421 12.444 12.466 12.488 12.49 12.484 12.479 12.537 12.629 12.72 12.812 12.903 12.995 13.087 13.178 13.27 13.361 13.453 13.545 13.636 13.763 13.972 14.18 14.389 14.598 14.806 15.015 15.223 15.432 15.64 15.849 16.057 16.266 16.474 16.555 16.541 16.527 16.548 16.574 16.644 16.868 17.092 17.316 17.54 17.764 17.988 18.212 18.436 18.66 18.884 19.108 19.332 19.556 19.788
7.349 7.411 7.473 7.534 7.585 7.636 7.686 7.737 7.788 7.838 7.889 7.94 7.99 8.041 8.092 8.16 8.249 8.338 8.427 8.516 8.592 8.657 8.723 8.788 8.853 8.919 8.984 9.049 9.115 9.18 9.245 9.31 9.417 9.534 9.651 9.768 9.88 9.949 10.018 10.087 10.156 10.225 10.294 10.363 10.431 10.5 10.569 10.638 10.711 10.809 10.906 11.004 11.102 11.146 11.163 11.181 11.198 11.216 11.233 11.251 11.268 11.286 11.303 11.321 11.338 11.441 11.644 11.846 12.048 12.247 12.432 12.617 12.802 12.974 12.996 13.019 13.041 13.063 13.085 13.108 13.13 13.152 13.174 13.197 13.219 13.241 13.242 13.237 13.231 13.226 13.304 13.395 13.487 13.579 13.67 13.762 13.853 13.945 14.037 14.128 14.22 14.312 14.441 14.649 14.858 15.066 15.275 15.483 15.692 15.9 16.109 16.317 16.526 16.735 16.943 17.056 17.042 17.029 17.015 17.036 17.063 17.089 17.198 17.422 17.646 17.87 18.094 18.318 18.542 18.766 18.99 19.214 19.438 19.662 19.886 20.119
7.716 7.778 7.84 7.902 7.952 8.003 8.053 8.104 8.155 8.205 8.256 8.307 8.357 8.408 8.471 8.56 8.649 8.738 8.827 8.916 8.991 9.057 9.122 9.187 9.253 9.318 9.383 9.449 9.514 9.579 9.645 9.744 9.861 9.978 10.095 10.212 10.323 10.392 10.461 10.529 10.598 10.667 10.736 10.805 10.874 10.943 11.012 11.081 11.178 11.276 11.373 11.471 11.569 11.612 11.629 11.647 11.664 11.682 11.699 11.716 11.734 11.751 11.769 11.786 11.862 12.065 12.267 12.469 12.672 12.87 13.055 13.24 13.426 13.611 13.749 13.772 13.794 13.816 13.838 13.861 13.883 13.905 13.927 13.95 13.972 13.994 13.995 13.989 13.984 13.978 13.979 14.071 14.162 14.254 14.345 14.437 14.529 14.62 14.712 14.804 14.895 14.987 15.118 15.326 15.535 15.743 15.952 16.161 16.369 16.578 16.786 16.995 17.203 17.412 17.557 17.544 17.53 17.516 17.502 17.524 17.551 17.577 17.603 17.753 17.977 18.201 18.425 18.649 18.873 19.097 19.321 19.545 19.769 19.993 20.217 20.45
8.084 8.145 8.207 8.269 8.319 8.37 8.421 8.471 8.522 8.573 8.623 8.674 8.725 8.782 8.871 8.96 9.049 9.138 9.227 9.316 9.391 9.456 9.521 9.587 9.652 9.717 9.783 9.848 9.913 9.979 10.07 10.187 10.304 10.421 10.538 10.655 10.765 10.834 10.903 10.972 11.041 11.11 11.179 11.248 11.317 11.386 11.455 11.548 11.645 11.743 11.84 11.938 12.036 12.077 12.095 12.112 12.13 12.147 12.165 12.182 12.2 12.217 12.235 12.283 12.486 12.688 12.89 13.093 13.295 13.493 13.678 13.863 14.049 14.234 14.419 14.525 14.547 14.569 14.591 14.614 14.636 14.658 14.68 14.703 14.725 14.747 14.747 14.742 14.736 14.731 14.726 14.746 14.837 14.929 15.021 15.112 15.204 15.296 15.387 15.479 15.57 15.662 15.795 16.004 16.212 16.421 16.629 16.838 17.046 17.255 17.463 17.672 17.88 18.059 18.045 18.031 18.017 18.003 17.99 18.012 18.039 18.065 18.091 18.118 18.308 18.532 18.756 18.98 19.204 19.428 19.652 19.876 20.1 20.324 20.548 20.781
8.451 8.513 8.574 8.636 8.686 8.737 8.788 8.838 8.889 8.94 8.99 9.041 9.093 9.182 9.271 9.36 9.449 9.538 9.626 9.715 9.79 9.855 9.921 9.986 10.051 10.117 10.182 10.247 10.313 10.397 10.514 10.631 10.748 10.865 10.982 11.099 11.208 11.277 11.346 11.415 11.484 11.553 11.621 11.69 11.759 11.828 11.917 12.015 12.112 12.21 12.307 12.405 12.503 12.543 12.561 12.578 12.596 12.613 12.63 12.648 12.665 12.683 12.704 12.907 13.109 13.311 13.514 13.716 13.918 14.116 14.301 14.487 14.672 14.857 15.042 15.227 15.3 15.322 15.344 15.367 15.389 15.411 15.433 15.456 15.478 15.5 15.5 15.494 15.489 15.484 15.478 15.473 15.513 15.604 15.696 15.788 15.879 15.971 16.062 16.154 16.246 16.337 16.472 16.681 16.889 17.098 17.306 17.515 17.723 17.932 18.141 18.349 18.558 18.546 18.532 18.518 18.505 18.491 18.477 18.5 18.527 18.553 18.58 18.606 18.638 18.862 19.086 19.31 19.534 19.758 19.982 20.206 20.43 20.654 20.878 21.112
8.818 8.88 8.942 9.003 9.054 9.104 9.155 9.206 9.256 9.307 9.357 9.408 9.493 9.581 9.67 9.759 9.848 9.937 10.026 10.115 10.189 10.255 10.32 10.385 10.451 10.516 10.581 10.647 10.723 10.84 10.957 11.074 11.191 11.308 11.425 11.542 11.65 11.719 11.788 11.857 11.926 11.995 12.064 12.133 12.202 12.287 12.384 12.482 12.579 12.677 12.775 12.872 12.97 13.009 13.026 13.044 13.061 13.079 13.096 13.114 13.131 13.149 13.328 13.53 13.732 13.935 14.137 14.339 14.542 14.739 14.924 15.11 15.295 15.48 15.665 15.85 16.036 16.075 16.097 16.12 16.142 16.164 16.186 16.209 16.231 16.253 16.252 16.247 16.241 16.236 16.231 16.225 16.22 16.279 16.371 16.463 16.554 16.646 16.738 16.829 16.921 17.012 17.149 17.358 17.566 17.775 17.984 18.192 18.401 18.609 18.818 19.026 19.047 19.033 19.02 19.006 18.992 18.978 18.964 18.988 19.015 19.041 19.068 19.094 19.12 19.193 19.417 19.641 19.865 20.089 20.313 20.537 20.761 20.985 21.209 21.443
9.185 9.247 9.309 9.37 9.421 9.471 9.522 9.573 9.623 9.674 9.725 9.803 9.892 9.981 10.07 10.159 10.248 10.337 10.426 10.515 10.589 10.654 10.719 10.785 10.85 10.915 10.981 11.05 11.166 11.283 11.4 11.517 11.634 11.751 11.868 11.985 12.093 12.162 12.231 12.3 12.369 12.438 12.507 12.576 12.656 12.754 12.851 12.949 13.046 13.144 13.242 13.339 13.437 13.475 13.492 13.51 13.527 13.544 13.562 13.579 13.597 13.749 13.951 14.154 14.356 14.558 14.761 14.963 15.165 15.362 15.548 15.733 15.918 16.103 16.288 16.474 16.659 16.828 16.85 16.873 16.895 16.917 16.939 16.962 16.984 17.006 17.005 16.999 16.994 16.989 16.983 16.978 16.972 16.967 17.046 17.138 17.23 17.321 17.413 17.504 17.596 17.688 17.827 18.035 18.244 18.452 18.661 18.869 19.078 19.286 19.495 19.548 19.535 19.521 19.507 19.493 19.479 19.466 19.452 19.477 19.503 19.529 19.556 19.582 19.608 19.635 19.748 19.972 20.196 20.42 20.644 20.868 21.092 21.316 21.54 21.774
9.553 9.615 9.676 9.737 9.788 9.838 9.889 9.94 9.99 10.041 10.114 10.203 10.292 10.381 10.47 10.559 10.648 10.737 10.826 10.915 10.988 11.054 11.119 11.184 11.249 11.315 11.38 11.493 11.61 11.727 11.844 11.961 12.078 12.195 12.312 12.429 12.536 12.605 12.674 12.742 12.811 12.88 12.949 13.025 13.123 13.221 13.318 13.416 13.513 13.611 13.709 13.806 13.904 13.94 13.958 13.975 13.993 14.01 14.028 14.045 14.17 14.372 14.575 14.777 14.979 15.182 15.384 15.586 15.789 15.986 16.171 16.356 16.541 16.726 16.912 17.097 17.282 17.467 17.603 17.626 17.648 17.67 17.692 17.715 17.737 17.759 17.757 17.752 17.747 17.741 17.736 17.73 17.725 17.719 17.722 17.813 17.905 17.996 18.088 18.18 18.271 18.363 18.504 18.712 18.921 19.129 19.338 19.547 19.755 19.964 20.05 20.036 20.022 20.008 19.994 19.981 19.967 19.953 19.939 19.965 19.991 20.017 20.044 20.07 20.097 20.123 20.149 20.303 20.527 20.751 20.975 21.199 21.423 21.647 21.871 22.105
9.92 9.982 10.044 10.104 10.155 10.206 10.256 10.307 10.358 10.425 10.514 10.603 10.692 10.781 10.87 10.959 11.048 11.136 11.225 11.314 11.388 11.453 11.518 11.584 11.649 11.714 11.819 11.936 12.053 12.17 12.287 12.404 12.521 12.638 12.755 12.872 12.978 13.047 13.116 13.185 13.254 13.323 13.395 13.492 13.59 13.688 13.785 13.883 13.98 14.078 14.176 14.273 14.371 14.406 14.424 14.441 14.458 14.476 14.493 14.591 14.793 14.996 15.198 15.4 15.603 15.805 16.007 16.21 16.412 16.609 16.794 16.979 17.164 17.349 17.535 17.72 17.905 18.09 18.275 18.379 18.401 18.423 18.445 18.468 18.49 18.512 18.51 18.505 18.499 18.494 18.488 18.483 18.477 18.472 18.467 18.488 18.58 18.672 18.763 18.855 18.946 19.038 19.181 19.39 19.598 19.807 20.015 20.224 20.432 20.551 20.537 20.523 20.509 20.496 20.482 20.468 20.454 20.44 20.427 20.453 20.479 20.505 20.532 20.558 20.585 20.611 20.637 20.664 20.857 21.081 21.305 21.529 21.753 21.977 22.201 22.437
10.287 10.349 10.411 10.471 10.522 10.573 10.623 10.674 10.736 10.825 10.914 11.003 11.091 11.18 11.269 11.358 11.447 11.536 11.625 11.714 11.787 11.852 11.918 11.983 12.048 12.146 12.263 12.38 12.497 12.614 12.731 12.848 12.965 13.082 13.198 13.315 13.421 13.49 13.559 13.628 13.697 13.766 13.862 13.959 14.057 14.155 14.252 14.35 14.447 14.545 14.643 14.74 14.838 14.872 14.889 14.907 14.924 14.942 15.012 15.214 15.417 15.619 15.821 16.024 16.226 16.428 16.631 16.833 17.035 17.232 17.417 17.602 17.787 17.973 18.158 18.343 18.528 18.713 18.899 19.084 19.154 19.176 19.198 19.221 19.243 19.265 19.263 19.257 19.252 19.246 19.241 19.235 19.23 19.225 19.219 19.214 19.255 19.347 19.438 19.53 19.622 19.713 19.858 20.067 20.275 20.484 20.692 20.901 21.052 21.038 21.024 21.011 20.997 20.983 20.969 20.955 20.942 20.928 20.914 20.941 20.967 20.994 21.02 21.046 21.073 21.099 21.125 21.152 21.188 21.412 21.636 21.86 22.084 22.308 22.532 22.768
10.655 10.716 10.778 10.838 10.889 10.94 10.99 11.046 11.135 11.224 11.313 11.402 11.491 11.58 11.669 11.758 11.847 11.936 12.025 12.114 12.186 12.252 12.317 12.382 12.472 12.589 12.706 12.823 12.94 13.057 13.174 13.291 13.408 13.525 13.642 13.759 13.863 13.932 14.001 14.07 14.139 14.231 14.329 14.427 14.524 14.622 14.719 14.817 14.915 15.012 15.11 15.207 15.305 15.338 15.355 15.372 15.39 15.433 15.636 15.838 16.04 16.242 16.445 16.647 16.849 17.052 17.254 17.456 17.659 17.855 18.04 18.225 18.41 18.596 18.781 18.966 19.151 19.336 19.522 19.707 19.892 19.929 19.951 19.974 19.996 20.018 20.015 20.01 20.004 19.999 19.993 19.988 19.983 19.977 19.972 19.966 19.961 20.022 20.114 20.205 20.297 20.389 20.535 20.744 20.952 21.161 21.37 21.553 21.539 21.526 21.512 21.498 21.484 21.47 21.457 21.443 21.429 21.415 21.402 21.429 21.455 21.482 21.508 21.534 21.561 21.587 21.614 21.64 21.666 21.743 21.967 22.191 22.415 22.639 22.863 23.099
11.022 11.084 11.146 11.206 11.256 11.307 11.358 11.446 11.535 11.624 11.713 11.802 11.891 11.98 12.069 12.158 12.247 12.336 12.425 12.514 12.586 12.651 12.716 12.799 12.915 13.032 13.149 13.266 13.383 13.5 13.617 13.734 13.851 13.968 14.085 14.202 14.306 14.375 14.444 14.513 14.601 14.698 14.796 14.894 14.991 15.089 15.186 15.284 15.382 15.479 15.577 15.674 15.772 15.803 15.821 15.838 15.856 16.057 16.259 16.461 16.664 16.866 17.068 17.271 17.473 17.675 17.877 18.08 18.282 18.478 18.663 18.848 19.034 19.219 19.404 19.589 19.774 19.96 20.145 20.33 20.515 20.682 20.705 20.727 20.749 20.771 20.768 20.762 20.757 20.751 20.746 20.74 20.735 20.73 20.724 20.719 20.713 20.708 20.789 20.881 20.972 21.064 21.213 21.421 21.63 21.838 22.047 22.041 22.027 22.013 21.999 21.985 21.972 21.958 21.944 21.93 21.916 21.902 21.891 21.917 21.943 21.97 21.996 22.022 22.049 22.075 22.102 22.128 22.154 22.181 22.298 22.522 22.746 22.97 23.194 23.43
11.385 11.451 11.513 11.573 11.623 11.674 11.757 11.846 11.935 12.024 12.113 12.202 12.291 12.38 12.469 12.558 12.646 12.735 12.824 12.913 12.985 13.05 13.125 13.242 13.359 13.476 13.593 13.71 13.827 13.944 14.061 14.178 14.295 14.412 14.529 14.646 14.749 14.818 14.887 14.97 15.068 15.165 15.263 15.361 15.458 15.556 15.653 15.751 15.849 15.946 16.044 16.141 16.239 16.269 16.286 16.304 16.478 16.68 16.882 17.085 17.287 17.489 17.692 17.894 18.096 18.299 18.501 18.703 18.906 19.101 19.286 19.471 19.657 19.842 20.027 20.212 20.397 20.583 20.768 20.953 21.138 21.323 21.458 21.48 21.502 21.524 21.52 21.515 21.509 21.504 21.498 21.493 21.488 21.482 21.477 21.471 21.466 21.461 21.464 21.556 21.647 21.739 21.89 22.098 22.307 22.515 22.542 22.528 22.514 22.5 22.487 22.473 22.459 22.445 22.431 22.418 22.404 22.39 22.379 22.405 22.431 22.458 22.484 22.511 22.537 22.563 22.59 22.616 22.642 22.669 22.695 22.852 23.076 23.3 23.524 23.761
11.746 11.816 11.88 11.94 11.99 12.068 12.157 12.246 12.335 12.424 12.513 12.601 12.69 12.779 12.868 12.957 13.046 13.135 13.224 13.313 13.384 13.451 13.568 13.685 13.802 13.919 14.036 14.153 14.27 14.387 14.504 14.621 14.738 14.855 14.972 15.089 15.191 15.26 15.34 15.437 15.535 15.632 15.73 15.828 15.925 16.023 16.12 16.218 16.316 16.413 16.511 16.608 16.706 16.735 16.752 16.899 17.101 17.303 17.506 17.708 17.91 18.113 18.315 18.517 18.72 18.922 19.124 19.327 19.529 19.724 19.909 20.095 20.28 20.465 20.65 20.835 21.021 21.206 21.391 21.576 21.761 21.947 22.132 22.233 22.255 22.277 22.273 22.267 22.262 22.256 22.251 22.246 22.24 22.235 22.229 22.224 22.218 22.213 22.208 22.231 22.323 22.414 22.567 22.776 22.984 23.043 23.029 23.015 23.002 22.988 22.974 22.96 22.946 22.933 22.919 22.905 22.891 22.877 22.867 22.893 22.919 22.946 22.972 22.999 23.025 23.051 23.078 23.104 23.131 23.157 23.183 23.21 23.407 23.631 23.855 24.092
12.108 12.177 12.246 12.307 12.379 12.468 12.556 12.645 12.734 12.823 12.912 13.001 13.09 13.179 13.268 13.357 13.446 13.535 13.624 13.713 13.784 13.895 14.012 14.129 14.246 14.363 14.48 14.597 14.714 14.831 14.947 15.064 15.181 15.298 15.415 15.532 15.634 15.709 15.807 15.904 16.002 16.1 16.197 16.295 16.392 16.49 16.587 16.685 16.783 16.88 16.978 17.075 17.173 17.2 17.32 17.522 17.724 17.927 18.129 18.331 18.534 18.736 18.938 19.141 19.343 19.545 19.748 19.95 20.152 20.347 20.532 20.718 20.903 21.088 21.273 21.458 21.644 21.829 22.014 22.199 22.384 22.57 22.755 22.94 23.008 23.03 23.025 23.02 23.014 23.009 23.004 22.998 22.993 22.987 22.982 22.976 22.971 22.966 22.96 22.955 22.998 23.089 23.244 23.453 23.544 23.53 23.517 23.503 23.489 23.475 23.461 23.448 23.434 23.42 23.406 23.392 23.378 23.365 23.355 23.381 23.408 23.434 23.46 23.487 23.513 23.539 23.566 23.592 23.619 23.645 23.671 23.698 23.738 23.962 24.186 24.423
12.404 12.477 12.551 12.676 12.766 12.856 12.946 13.036 13.126 13.216 13.306 13.396 13.486 13.576 13.666 13.756 13.846 13.935 14.024 14.113 14.221 14.338 14.455 14.572 14.689 14.806 14.923 15.04 15.157 15.274 15.391 15.508 15.625 15.742 15.859 15.976 16.079 16.176 16.274 16.371 16.469 16.567 16.664 16.762 16.859 16.957 17.055 17.152 17.25 17.347 17.445 17.543 17.64 17.741 17.943 18.145 18.348 18.55 18.752 18.955 19.157 19.359 19.562 19.764 19.966 20.169 20.371 20.573 20.776 20.97 21.156 21.341 21.526 21.711 21.896 22.082 22.267 22.452 22.637 22.822 23.008 23.193 23.378 23.563 23.748 23.783 23.778 23.772 23.767 23.762 23.756 23.751 23.745 23.74 23.734 23.729 23.724 23.718 23.713 23.707 23.702 23.765 23.921 24.045 24.032 24.018 24.004 23.99 23.976 23.963 23.949 23.935 23.921 23.907 23.894 23.88 23.866 23.852 23.843 23.869 23.896 23.922 23.948 23.975 24.001 24.028 24.054 24.08 24.107 24.133 24.159 24.186 24.212 24.292 24.516 24.754
12.511 12.584 12.696 12.921 13.102 13.192 13.282 13.372 13.462 13.552 13.642 13.732 13.822 13.912 14.002 14.092 14.182 14.272 14.362 14.451 14.661 14.778 14.895 15.012 15.129 15.246 15.363 15.48 15.597 15.714 15.831 15.948 16.065 16.182 16.299 16.417 16.592 16.726 16.821 16.917 17.012 17.108 17.204 17.299 17.395 17.49 17.586 17.681 17.777 17.873 17.968 18.064 18.159 18.352 18.555 18.758 18.961 19.164 19.366 19.569 19.772 19.975 20.178 20.38 20.583 20.786 20.989 21.192 21.395 21.595 21.78 21.965 22.15 22.335 22.52 22.705 22.89 23.075 23.26 23.446 23.631 23.816 24.001 24.186 24.372 24.536 24.53 24.525 24.519 24.514 24.509 24.503 24.498 24.492 24.487 24.482 24.476 24.471 24.465 24.46 24.454 24.449 24.547 24.533 24.519 24.505 24.491 24.478 24.464 24.45 24.436 24.422 24.409 24.395 24.381 24.367 24.353 24.339 24.331 24.357 24.384 24.41 24.437 24.463 24.489 24.516 24.542 24.568 24.595 24.621 24.648 24.674 24.7 24.727 24.847 25.085
12.617 12.707 12.935 13.159 13.371 13.528 13.618 13.708 13.798 13.888 13.978 14.068 14.158 14.248 14.338 14.427 14.517 14.607 14.697 14.787 15.002 15.218 15.335 15.452 15.569 15.686 15.803 15.92 16.037 16.154 16.271 16.388 16.505 16.622 16.739 16.856 17.035 17.318 17.413 17.509 17.604 17.7 17.795 17.891 17.987 18.082 18.178 18.273 18.369 18.464 18.56 18.656 18.751 18.946 19.149 19.352 19.554 19.757 19.96 20.163 20.366 20.568 20.771 20.974 21.177 21.38 21.583 21.785 22.008 22.225 22.41 22.595 22.781 22.966 23.151 23.336 23.521 23.706 23.891 24.076 24.261 24.446 24.631 24.816 25.001 25.112 25.071 25.07 25.069 25.067 25.066 25.065 25.064 25.063 25.061 25.06 25.059 25.058 25.056 25.055 25.054 25.053 25.006 24.993 24.98 24.967 24.954 24.941 24.928 24.915 24.902 24.889 24.876 24.863 24.85 24.837 24.824 24.811 24.804 24.831 24.858 24.886 24.913 24.94 24.967 24.994 25.022 25.049 25.076 25.103 25.131 25.158 25.185 25.212 25.24 25.342
12.724 12.945 13.174 13.398 13.61 13.822 13.954 14.044 14.134 14.224 14.314 14.403 14.493 14.583 14.673 14.763 14.853 14.943 15.033 15.123 15.341 15.585 15.774 15.891 16.008 16.125 16.242 16.36 16.477 16.594 16.711 16.828 16.945 17.062 17.179 17.296 17.477 17.76 18.005 18.101 18.196 18.292 18.387 18.483 18.578 18.674 18.77 18.865 18.961 19.056 19.152 19.247 19.343 19.54 19.742 19.945 20.148 20.351 20.554 20.756 20.959 21.162 21.365 21.568 21.771 21.973 22.176 22.392 22.64 22.856 23.041 23.226 23.411 23.596 23.781 23.967 24.152 24.337 24.522 24.707 24.892 25.077 25.262 25.447 25.577 25.664 25.603 25.574 25.573 25.572 25.571 25.569 25.568 25.567 25.566 25.564 25.563 25.562 25.561 25.559 25.558 25.557 25.5 25.431 25.418 25.405 25.392 25.379 25.366 25.353 25.34 25.327 25.314 25.301 25.288 25.276 25.263 25.25 25.243 25.27 25.298 25.325 25.352 25.379 25.407 25.434 25.461 25.488 25.515 25.543 25.57 25.597 25.624 25.652 25.632 25.594
12.955 13.184 13.413 13.636 13.848 14.06 14.272 14.38 14.469 14.559 14.649 14.739 14.829 14.919 15.009 15.099 15.189 15.279 15.369 15.459 15.679 15.923 16.167 16.331 16.448 16.565 16.682 16.799 16.916 17.033 17.15 17.267 17.384 17.501 17.618 17.735 17.919 18.202 18.485 18.693 18.788 18.884 18.979 19.075 19.17 19.266 19.361 19.457 19.553 19.648 19.744 19.839 19.935 20.133 20.336 20.539 20.742 20.944 21.147 21.35 21.553 21.756 21.959 22.161 22.364 22.567 22.776 23.024 23.271 23.487 23.672 23.857 24.042 24.227 24.412 24.597 24.782 24.967 25.153 25.338 25.523 25.708 25.893 26.036 26.131 26.215 26.155 26.094 26.077 26.076 26.075 26.074 26.072 26.071 26.07 26.069 26.067 26.066 26.065 26.064 26.062 26.061 26.002 25.909 25.857 25.844 25.831 25.818 25.805 25.792 25.779 25.766 25.753 25.74 25.727 25.714 25.701 25.688 25.683 25.71 25.737 25.764 25.791 25.819 25.846 25.873 25.9 25.928 25.955 25.982 26.009 26.036 26.064 26.056 26.002 25.965
13.194 13.423 13.651 13.875 14.087 14.299 14.511 14.715 14.805 14.895 14.985 15.075 15.165 15.255 15.345 15.435 15.525 15.615 15.705 15.795 16.017 16.261 16.505 16.749 16.888 17.005 17.122 17.239 17.356 17.473 17.59 17.707 17.824 17.941 18.058 18.175 18.362 18.645 18.928 19.211 19.38 19.475 19.571 19.667 19.762 19.858 19.953 20.049 20.144 20.24 20.336 20.431 20.527 20.727 20.93 21.132 21.335 21.538 21.741 21.944 22.147 22.349 22.552 22.755 22.958 23.161 23.408 23.656 23.903 24.118 24.303 24.488 24.673 24.858 25.043 25.228 25.413 25.598 25.783 25.968 26.153 26.339 26.495 26.59 26.685 26.766 26.706 26.646 26.585 26.58 26.579 26.578 26.577 26.575 26.574 26.573 26.572 26.57 26.569 26.568 26.567 26.565 26.505 26.412 26.318 26.283 26.27 26.257 26.244 26.231 26.218 26.205 26.192 26.179 26.166 26.153 26.14 26.127 26.122 26.149 26.176 26.204 26.231 26.258 26.285 26.312 26.34 26.367 26.394 26.421 26.449 26.476 26.48 26.426 26.373 26.336
13.433 13.662 13.89 14.113 14.325 14.537 14.749 14.961 15.141 15.231 15.321 15.411 15.501 15.591 15.681 15.771 15.861 15.951 16.041 16.131 16.356 16.6 16.844 17.088 17.327 17.444 17.561 17.678 17.795 17.913 18.03 18.147 18.264 18.381 18.498 18.615 18.804 19.087 19.37 19.653 19.936 20.067 20.163 20.258 20.354 20.45 20.545 20.641 20.736 20.832 20.927 21.023 21.119 21.32 21.523 21.726 21.929 22.132 22.334 22.537 22.74 22.943 23.146 23.349 23.551 23.792 24.04 24.287 24.535 24.748 24.934 25.119 25.304 25.489 25.674 25.859 26.044 26.229 26.414 26.599 26.784 26.954 27.049 27.144 27.239 27.318 27.257 27.197 27.137 27.085 27.083 27.082 27.081 27.08 27.078 27.077 27.076 27.075 27.073 27.072 27.071 27.07 27.008 26.914 26.821 26.727 26.708 26.695 26.682 26.669 26.656 26.643 26.63 26.617 26.604 26.591 26.578 26.565 26.561 26.588 26.616 26.643 26.67 26.697 26.725 26.752 26.779 26.806 26.833 26.861 26.888 26.903 26.85 26.796 26.743 26.707
13.672 13.9 14.129 14.352 14.564 14.776 14.988 15.2 15.412 15.567 15.657 15.747 15.837 15.927 16.017 16.107 16.197 16.287 16.377 16.467 16.694 16.938 17.182 17.426 17.67 17.884 18.001 18.118 18.235 18.352 18.469 18.586 18.703 18.82 18.937 19.054 19.246 19.529 19.812 20.095 20.379 20.659 20.755 20.85 20.946 21.041 21.137 21.233 21.328 21.424 21.519 21.615 21.711 21.914 22.117 22.32 22.522 22.725 22.928 23.131 23.334 23.537 23.739 23.942 24.176 24.424 24.672 24.919 25.167 25.379 25.564 25.749 25.934 26.12 26.305 26.49 26.675 26.86 27.045 27.23 27.412 27.508 27.603 27.698 27.793 27.869 27.809 27.748 27.688 27.628 27.588 27.586 27.585 27.584 27.583 27.581 27.58 27.579 27.578 27.576 27.575 27.574 27.51 27.417 27.324 27.23 27.147 27.134 27.121 27.108 27.095 27.082 27.069 27.056 27.043 27.03 27.017 27.004 27.001 27.028 27.055 27.082 27.109 27.137 27.164 27.191 27.218 27.246 27.273 27.3 27.327 27.274 27.22 27.167 27.113 27.077
13.91 14.139 14.368 14.59 14.802 15.014 15.226 15.438 15.65 15.862 15.993 16.083 16.173 16.263 16.353 16.443 16.533 16.623 16.713 16.803 17.032 17.276 17.52 17.764 18.008 18.252 18.441 18.558 18.675 18.792 18.909 19.026 19.143 19.26 19.377 19.494 19.689 19.972 20.255 20.538 20.821 21.104 21.347 21.442 21.538 21.633 21.729 21.824 21.92 22.016 22.111 22.207 22.305 22.508 22.71 22.913 23.116 23.319 23.522 23.725 23.927 24.13 24.333 24.561 24.808 25.056 25.303 25.551 25.799 26.01 26.195 26.38 26.565 26.75 26.935 27.12 27.306 27.491 27.676 27.861 27.966 28.062 28.157 28.252 28.347 28.421 28.36 28.3 28.239 28.179 28.119 28.091 28.089 28.088 28.087 28.086 28.084 28.083 28.082 28.081 28.08 28.078 28.013 27.92 27.826 27.733 27.639 27.573 27.56 27.547 27.534 27.521 27.508 27.495 27.482 27.469 27.456 27.443 27.44 27.467 27.494 27.522 27.549 27.576 27.603 27.63 27.658 27.685 27.712 27.739 27.698 27.644 27.591 27.537 27.484 27.448
14.149 14.378 14.606 14.829 15.041 15.253 15.465 15.677 15.889 16.101 16.313 16.419 16.509 16.599 16.689 16.779 16.869 16.959 17.049 17.139 17.371 17.615 17.859 18.103 18.347 18.591 18.835 18.997 19.114 19.231 19.348 19.466 19.583 19.7 19.817 19.934 20.131 20.414 20.697 20.98 21.263 21.546 21.829 22.034 22.13 22.225 22.321 22.416 22.512 22.607 22.703 22.799 22.898 23.101 23.304 23.507 23.71 23.913 24.115 24.318 24.521 24.724 24.945 25.192 25.44 25.688 25.935 26.183 26.431 26.641 26.826 27.011 27.196 27.381 27.566 27.751 27.936 28.121 28.306 28.425 28.52 28.616 28.711 28.806 28.901 28.972 28.912 28.851 28.791 28.73 28.67 28.61 28.594 28.592 28.591 28.59 28.589 28.587 28.586 28.585 28.584 28.583 28.516 28.422 28.329 28.236 28.142 28.049 27.998 27.985 27.972 27.959 27.946 27.933 27.92 27.907 27.894 27.881 27.879 27.906 27.934 27.961 27.988 28.015 28.043 28.07 28.097 28.124 28.151 28.122 28.068 28.015 27.961 27.908 27.854 27.819
14.388 14.617 14.845 15.067 15.279 15.491 15.703 15.915 16.127 16.339 16.551 16.755 16.845 16.935 17.025 17.115 17.205 17.294 17.384 17.474 17.709 17.953 18.197 18.441 18.685 18.929 19.173 19.417 19.554 19.671 19.788 19.905 20.022 20.139 20.256 20.373 20.573 20.856 21.139 21.422 21.706 21.989 22.272 22.555 22.721 22.817 22.913 23.008 23.104 23.199 23.295 23.39 23.492 23.695 23.898 24.101 24.303 24.506 24.709 24.912 25.115 25.329 25.577 25.824 26.072 26.32 26.567 26.815 27.062 27.272 27.457 27.642 27.827 28.012 28.197 28.382 28.567 28.752 28.884 28.979 29.074 29.17 29.265 29.36 29.455 29.523 29.463 29.403 29.342 29.282 29.221 29.161 29.101 29.097 29.095 29.094 29.093 29.092 29.091 29.089 29.088 29.087 29.019 28.925 28.832 28.738 28.645 28.551 28.458 28.424 28.411 28.398 28.385 28.372 28.359 28.346 28.333 28.32 28.319 28.346 28.373 28.4 28.427 28.455 28.482 28.509 28.536 28.564 28.546 28.492 28.439 28.385 28.332 28.278 28.225 28.19
14.627 14.855 15.084 15.306 15.518 15.73 15.942 16.154 16.366 16.578 16.79 17.002 17.181 17.271 17.36 17.45 17.54 17.63 17.72 17.81 18.047 18.291 18.536 18.78 19.024 19.268 19.512 19.756 19.994 20.111 20.228 20.345 20.462 20.579 20.696 20.813 21.016 21.299 21.582 21.865 22.148 22.431 22.714 22.997 23.28 23.409 23.504 23.6 23.696 23.791 23.887 23.982 24.086 24.289 24.491 24.694 24.897 25.1 25.303 25.505 25.713 25.961 26.208 26.456 26.704 26.951 27.199 27.447 27.694 27.902 28.087 28.273 28.458 28.643 28.828 29.013 29.198 29.343 29.438 29.533 29.628 29.724 29.819 29.914 30.009 30.075 30.014 29.954 29.894 29.833 29.773 29.712 29.652 29.601 29.6 29.598 29.597 29.596 29.595 29.594 29.592 29.591 29.521 29.428 29.334 29.241 29.147 29.054 28.961 28.867 28.85 28.837 28.824 28.811 28.798 28.785 28.772 28.759 28.758 28.785 28.812 28.84 28.867 28.894 28.921 28.948 28.976 28.969 28.916 28.862 28.809 28.755 28.702 28.648 28.595 28.561
14.865 15.094 15.323 15.544 15.756 15.968 16.18 16.392 16.604 16.816 17.028 17.24 17.452 17.606 17.696 17.786 17.876 17.966 18.056 18.146 18.386 18.63 18.874 19.118 19.362 19.606 19.85 20.094 20.338 20.55 20.667 20.784 20.901 21.019 21.136 21.253 21.458 21.741 22.024 22.307 22.59 22.873 23.156 23.439 23.722 24.001 24.096 24.192 24.287 24.383 24.479 24.574 24.679 24.882 25.085 25.288 25.491 25.693 25.896 26.099 26.345 26.593 26.84 27.088 27.336 27.583 27.831 28.078 28.326 28.533 28.718 28.903 29.088 29.273 29.459 29.644 29.802 29.897 29.992 30.087 30.183 30.278 30.373 30.468 30.563 30.626 30.566 30.505 30.445 30.385 30.324 30.264 30.203 30.143 30.104 30.103 30.102 30.1 30.099 30.098 30.097 30.095 30.024 29.931 29.837 29.744 29.65 29.557 29.463 29.37 29.288 29.275 29.262 29.249 29.236 29.223 29.21 29.197 29.197 29.224 29.252 29.279 29.306 29.333 29.361 29.388 29.393 29.34 29.286 29.233 29.179 29.126 29.072 29.019 28.965 28.931
15.104 15.333 15.561 15.783 15.995 16.207 16.419 16.631 16.843 17.055 17.267 17.479 17.691 17.903 18.032 18.122 18.212 18.302 18.392 18.482 18.724 18.968 19.212 19.456 19.7 19.944 20.188 20.432 20.676 20.92 21.107 21.224 21.341 21.458 21.575 21.692 21.9 22.183 22.466 22.749 23.033 23.316 23.599 23.882 24.165 24.448 24.688 24.784 24.879 24.975 25.07 25.166 25.273 25.476 25.679 25.881 26.084 26.287 26.49 26.729 26.977 27.225 27.472 27.72 27.967 28.215 28.463 28.71 28.958 29.164 29.349 29.534 29.719 29.904 30.089 30.261 30.356 30.451 30.546 30.641 30.737 30.832 30.927 31.022 31.117 31.178 31.117 31.057 30.996 30.936 30.876 30.815 30.755 30.694 30.634 30.607 30.606 30.605 30.603 30.602 30.601 30.6 30.527 30.433 30.34 30.246 30.153 30.059 29.966 29.873 29.779 29.714 29.701 29.688 29.675 29.662 29.649 29.636 29.637 29.664 29.691 29.718 29.745 29.773 29.8 29.817 29.764 29.71 29.657 29.603 29.55 29.496 29.443 29.389 29.336 29.302
15.343 15.571 15.8 16.021 16.233 16.445 16.657 16.869 17.081 17.293 17.505 17.717 17.929 18.141 18.353 18.458 18.548 18.638 18.728 18.819 19.063 19.307 19.551 19.795 20.039 20.283 20.527 20.771 21.015 21.259 21.503 21.664 21.781 21.898 22.015 22.132 22.343 22.626 22.909 23.192 23.475 23.758 24.041 24.324 24.607 24.89 25.173 25.376 25.471 25.567 25.662 25.758 25.867 26.069 26.272 26.475 26.678 26.881 27.113 27.361 27.609 27.856 28.104 28.352 28.599 28.847 29.094 29.342 29.59 29.795 29.98 30.165 30.35 30.535 30.72 30.815 30.91 31.005 31.1 31.195 31.291 31.386 31.481 31.576 31.671 31.729 31.669 31.608 31.548 31.487 31.427 31.367 31.306 31.246 31.185 31.125 31.11 31.109 31.108 31.106 31.105 31.104 31.029 30.936 30.842 30.749 30.656 30.562 30.469 30.375 30.282 30.188 30.14 30.127 30.114 30.101 30.088 30.075 30.076 30.103 30.13 30.158 30.185 30.212 30.239 30.188 30.134 30.081 30.027 29.974 29.92 29.867 29.813 29.76 29.706 29.673
15.582 15.81 16.039 16.26 16.472 16.684 16.896 17.108 17.32 17.532 17.744 17.956 18.168 18.38 18.592 18.794 18.884 18.974 19.064 19.157 19.401 19.645 19.889 20.133 20.377 20.621 20.865 21.109 21.353 21.597 21.841 22.085 22.22 22.337 22.454 22.571 22.785 23.068 23.351 23.634 23.917 24.2 24.483 24.766 25.049 25.332 25.615 25.898 26.063 26.159 26.254 26.35 26.46 26.663 26.866 27.069 27.271 27.498 27.745 27.993 28.241 28.488 28.736 28.983 29.231 29.479 29.726 29.974 30.221 30.425 30.611 30.796 30.981 31.166 31.274 31.369 31.464 31.559 31.654 31.749 31.845 31.94 32.035 32.13 32.225 32.28 32.22 32.16 32.099 32.039 31.978 31.918 31.858 31.797 31.737 31.676 31.616 31.613 31.612 31.611 31.609 31.608 31.532 31.439 31.345 31.252 31.158 31.065 30.971 30.878 30.785 30.691 30.598 30.565 30.552 30.539 30.526 30.513 30.515 30.542 30.57 30.597 30.624 30.651 30.612 30.558 30.505 30.451 30.398 30.344 30.291 30.237 30.184 30.13 30.077 30.044
15.82 16.049 16.278 16.498 16.71 16.922 17.134 17.346 17.558 17.77 17.982 18.194 18.406 18.618 18.83 19.042 19.22 19.31 19.4 19.495 19.739 19.983 20.227 20.471 20.715 20.959 21.203 21.447 21.691 21.935 22.179 22.423 22.66 22.777 22.894 23.011 23.227 23.51 23.793 24.076 24.36 24.643 24.926 25.209 25.492 25.775 26.058 26.341 26.624 26.75 26.846 26.942 27.054 27.257 27.459 27.662 27.882 28.13 28.377 28.625 28.872 29.12 29.368 29.615 29.863 30.11 30.358 30.606 30.853 31.056 31.241 31.426 31.612 31.733 31.828 31.923 32.018 32.113 32.208 32.303 32.399 32.494 32.589 32.684 32.779 32.832 32.771 32.711 32.651 32.59 32.53 32.469 32.409 32.349 32.288 32.228 32.167 32.117 32.116 32.115 32.114 32.112 32.035 31.941 31.848 31.754 31.661 31.568 31.474 31.381 31.287 31.194 31.1 31.007 30.991 30.978 30.965 30.952 30.955 30.982 31.009 31.036 31.063 31.035 30.982 30.928 30.875 30.821 30.768 30.714 30.661 30.607 30.554 30.5 30.447 30.414
16.059 16.288 16.516 16.737 16.949 17.161 17.373 17.585 17.797 18.009 18.221 18.433 18.645 18.857 19.069 19.281 19.493 19.646 19.736 19.834 20.078 20.322 20.566 20.81 21.054 21.298 21.542 21.786 22.03 22.274 22.518 22.762 23.006 23.217 23.334 23.451 23.67 23.953 24.236 24.519 24.802 25.085 25.368 25.651 25.934 26.217 26.5 26.783 27.066 27.342 27.438 27.533 27.647 27.85 28.053 28.266 28.514 28.761 29.009 29.257 29.504 29.752 29.999 30.247 30.495 30.742 30.99 31.237 31.485 31.687 31.872 32.057 32.192 32.287 32.382 32.477 32.572 32.667 32.762 32.857 32.953 33.048 33.143 33.238 33.333 33.383 33.323 33.262 33.202 33.142 33.081 33.021 32.96 32.9 32.84 32.779 32.719 32.658 32.62 32.619 32.618 32.617 32.538 32.444 32.351 32.257 32.164 32.07 31.977 31.883 31.79 31.696 31.603 31.51 31.43 31.417 31.404 31.391 31.394 31.421 31.448 31.476 31.459 31.406 31.352 31.299 31.245 31.192 31.138 31.085 31.031 30.978 30.924 30.871 30.817 30.785
16.298 16.526 16.755 16.975 17.187 17.399 17.611 17.823 18.035 18.247 18.459 18.671 18.883 19.095 19.307 19.519 19.731 19.943 20.072 20.172 20.416 20.66 20.904 21.148 21.392 21.636 21.88 22.124 22.368 22.612 22.856 23.1 23.344 23.588 23.773 23.89 24.112 24.395 24.678 24.961 25.244 25.527 25.81 26.093 26.376 26.659 26.942 27.225 27.509 27.792 28.03 28.125 28.241 28.444 28.65 28.898 29.146 29.393 29.641 29.888 30.136 30.384 30.631 30.879 31.126 31.374 31.622 31.869 32.117 32.318 32.503 32.651 32.746 32.841 32.936 33.031 33.126 33.221 33.316 33.411 33.507 33.602 33.697 33.792 33.887 33.935 33.874 33.814 33.753 33.693 33.633 33.572 33.512 33.451 33.391 33.331 33.27 33.21 33.149 33.123 33.122 33.121 33.04 32.947 32.853 32.76 32.666 32.573 32.48 32.386 32.293 32.199 32.106 32.012 31.919 31.855 31.842 31.829 31.833 31.86 31.888 31.883 31.83 31.776 31.723 31.669 31.616 31.562 31.509 31.455 31.402 31.348 31.295 31.241 31.188 31.156
16.537 16.765 16.994 17.214 17.426 17.638 17.85 18.062 18.274 18.486 18.698 18.91 19.122 19.334 19.546 19.758 19.97 20.182 20.394 20.51 20.754 20.998 21.242 21.486 21.73 21.974 22.218 22.462 22.706 22.95 23.194 23.438 23.682 23.926 24.17 24.33 24.554 24.837 25.12 25.404 25.687 25.97 26.253 26.536 26.819 27.102 27.385 27.668 27.951 28.234 28.517 28.717 28.835 29.037 29.282 29.53 29.777 30.025 30.273 30.52 30.768 31.015 31.263 31.511 31.758 32.006 32.254 32.501 32.749 32.949 33.11 33.205 33.3 33.395 33.49 33.585 33.68 33.775 33.87 33.965 34.061 34.156 34.251 34.346 34.441 34.486 34.426 34.365 34.305 34.244 34.184 34.124 34.063 34.003 33.942 33.882 33.822 33.761 33.701 33.64 33.626 33.625 33.543 33.449 33.356 33.263 33.169 33.076 32.982 32.889 32.795 32.702 32.608 32.515 32.422 32.328 32.281 32.268 32.273 32.3 32.307 32.254 32.2 32.147 32.093 32.04 31.986 31.933 31.879 31.826 31.772 31.719 31.665 31.612 31.558 31.527
16.688 16.921 17.154 17.412 17.626 17.84 18.055 18.269 18.484 18.698 18.912 19.127 19.341 19.556 19.77 19.985 20.199 20.413 20.628 20.847 21.093 21.337 21.581 21.825 22.069 22.313 22.557 22.801 23.045 23.289 23.533 23.777 24.021 24.265 24.509 24.753 24.997 25.28 25.563 25.846 26.129 26.412 26.695 26.978 27.261 27.544 27.827 28.11 28.393 28.676 28.959 29.242 29.428 29.666 29.914 30.162 30.409 30.657 30.904 31.152 31.4 31.647 31.895 32.142 32.39 32.638 32.885 33.133 33.381 33.569 33.664 33.759 33.854 33.949 34.044 34.139 34.234 34.329 34.424 34.52 34.615 34.71 34.805 34.9 34.995 35.037 34.977 34.917 34.856 34.796 34.735 34.675 34.615 34.554 34.494 34.433 34.373 34.313 34.252 34.192 34.131 34.13 34.046 33.952 33.859 33.765 33.672 33.578 33.485 33.391 33.298 33.205 33.111 33.018 32.924 32.831 32.737 32.706 32.712 32.731 32.678 32.624 32.571 32.517 32.464 32.41 32.357 32.303 32.25 32.196 32.143 32.089 32.036 31.982 31.929 31.898
16.649 16.882 17.14 17.444 17.713 17.928 18.142 18.356 18.571 18.785 19.0 19.214 19.428 19.643 19.857 20.072 20.286 20.501 20.715 20.948 21.289 21.535 21.781 22.028 22.274 22.52 22.767 23.013 23.259 23.506 23.752 23.998 24.245 24.491 24.737 24.984 25.258 25.545 25.832 26.119 26.406 26.693 26.98 27.267 27.554 27.841 28.128 28.415 28.702 28.989 29.276 29.563 29.873 30.126 30.38 30.634 30.888 31.141 31.395 31.649 31.903 32.157 32.41 32.664 32.918 33.172 33.426 33.679 33.933 34.071 34.171 34.27 34.37 34.469 34.569 34.668 34.768 34.867 34.967 35.066 35.165 35.264 35.359 35.454 35.549 35.589 35.528 35.468 35.408 35.347 35.287 35.226 35.166 35.106 35.045 34.985 34.924 34.864 34.804 34.743 34.683 34.634 34.548 34.455 34.361 34.268 34.175 34.081 33.988 33.894 33.801 33.707 33.614 33.52 33.427 33.334 33.24 33.147 33.151 33.101 33.048 32.994 32.941 32.887 32.834 32.78 32.727 32.673 32.62 32.566 32.513 32.459 32.406 32.352 32.3 32.268
16.611 16.862 17.135 17.439 17.768 18.015 18.229 18.443 18.658 18.872 19.087 19.301 19.516 19.73 19.944 20.159 20.373 20.588 20.802 21.038 21.417 21.731 21.977 22.223 22.47 22.716 22.962 23.209 23.455 23.701 23.947 24.194 24.44 24.686 24.933 25.179 25.454 25.741 26.028 26.315 26.602 26.889 27.176 27.463 27.75 28.037 28.324 28.611 28.898 29.185 29.473 29.796 30.131 30.384 30.638 30.892 31.146 31.4 31.653 31.907 32.161 32.415 32.668 32.922 33.176 33.43 33.684 33.937 34.216 34.361 34.463 34.562 34.661 34.761 34.86 34.96 35.059 35.159 35.258 35.358 35.457 35.557 35.656 35.755 35.855 35.897 35.841 35.785 35.729 35.673 35.617 35.561 35.505 35.449 35.393 35.337 35.281 35.225 35.169 35.113 35.057 35.036 34.953 34.862 34.772 34.681 34.59 34.499 34.408 34.317 34.226 34.136 34.045 33.954 33.863 33.772 33.681 33.59 33.533 33.479 33.425 33.371 33.318 33.264 33.21 33.156 33.102 33.048 32.994 32.941 32.887 32.833 32.779 32.725 32.674 32.642
16.585 16.857 17.13 17.435 17.764 18.093 18.316 18.531 18.745 18.959 19.174 19.388 19.603 19.817 20.031 20.246 20.46 20.675 20.889 21.128 21.507 21.886 22.172 22.419 22.665 22.911 23.158 23.404 23.65 23.897 24.143 24.389 24.636 24.882 25.128 25.375 25.65 25.937 26.224 26.511 26.798 27.085 27.372 27.659 27.946 28.233 28.52 28.808 29.095 29.382 29.694 30.056 30.389 30.643 30.896 31.15 31.404 31.658 31.911 32.165 32.419 32.673 32.927 33.18 33.434 33.688 33.942 34.216 34.5 34.642 34.754 34.854 34.953 35.053 35.152 35.251 35.351 35.45 35.55 35.649 35.749 35.848 35.948 36.047 36.146 36.186 36.13 36.074 36.018 35.962 35.906 35.85 35.794 35.738 35.682 35.626 35.57 35.514 35.458 35.402 35.371 35.389 35.303 35.213 35.122 35.031 34.94 34.849 34.758 34.668 34.577 34.486 34.395 34.304 34.213 34.122 34.032 33.972 33.924 33.87 33.816 33.762 33.709 33.655 33.601 33.547 33.493 33.439 33.385 33.332 33.278 33.224 33.17 33.116 33.066 33.057
16.58 16.852 17.125 17.431 17.76 18.089 18.403 18.618 18.832 19.046 19.261 19.475 19.69 19.904 20.119 20.333 20.547 20.762 20.976 21.218 21.597 21.976 22.354 22.614 22.861 23.107 23.353 23.6 23.846 24.092 24.338 24.585 24.831 25.077 25.324 25.57 25.846 26.133 26.42 26.707 26.994 27.281 27.568 27.855 28.143 28.43 28.717 29.004 29.291 29.592 29.954 30.316 30.647 30.901 31.154 31.408 31.662 31.916 32.17 32.423 32.677 32.931 33.185 33.438 33.692 33.946 34.216 34.5 34.783 34.923 35.036 35.145 35.245 35.344 35.444 35.543 35.643 35.742 35.841 35.941 36.04 36.14 36.239 36.339 36.438 36.475 36.419 36.363 36.307 36.251 36.195 36.139 36.083 36.027 35.971 35.915 35.859 35.803 35.747 35.705 35.723 35.741 35.654 35.563 35.472 35.381 35.29 35.2 35.109 35.018 34.927 34.836 34.745 34.654 34.564 34.473 34.406 34.363 34.314 34.261 34.207 34.153 34.1 34.046 33.992 33.938 33.884 33.83 33.776 33.723 33.669 33.615 33.561 33.507 33.457 33.454
16.575 16.847 17.119 17.427 17.756 18.084 18.413 18.705 18.919 19.134 19.348 19.562 19.777 19.991 20.206 20.42 20.634 20.849 21.063 21.307 21.686 22.065 22.444 22.81 23.056 23.302 23.549 23.795 24.041 24.288 24.534 24.78 25.027 25.273 25.519 25.766 26.042 26.329 26.616 26.903 27.19 27.478 27.765 28.052 28.339 28.626 28.913 29.2 29.491 29.852 30.214 30.576 30.905 31.159 31.412 31.666 31.92 32.174 32.428 32.681 32.935 33.189 33.443 33.697 33.95 34.216 34.499 34.783 35.067 35.204 35.316 35.429 35.536 35.636 35.735 35.835 35.934 36.034 36.133 36.232 36.332 36.431 36.531 36.63 36.73 36.764 36.708 36.652 36.596 36.54 36.484 36.428 36.372 36.316 36.26 36.204 36.148 36.092 36.039 36.057 36.075 36.093 36.004 35.913 35.822 35.731 35.641 35.55 35.459 35.368 35.277 35.186 35.096 35.005 34.914 34.84 34.797 34.753 34.705 34.651 34.598 34.544 34.491 34.437 34.383 34.329 34.275 34.221 34.167 34.113 34.06 34.006 33.952 33.898 33.849 33.846
16.57 16.842 17.114 17.423 17.751 18.08 18.409 18.738 19.006 19.221 19.435 19.65 19.864 20.078 20.293 20.507 20.722 20.936 21.15 21.397 21.776 22.155 22.534 22.913 23.252 23.498 23.744 23.991 24.237 24.483 24.73 24.976 25.222 25.468 25.715 25.961 26.238 26.525 26.813 27.1 27.387 27.674 27.961 28.248 28.535 28.822 29.109 29.396 29.75 30.112 30.474 30.836 31.163 31.417 31.671 31.924 32.178 32.432 32.686 32.939 33.193 33.447 33.701 33.955 34.215 34.499 34.783 35.067 35.351 35.484 35.597 35.71 35.823 35.927 36.027 36.126 36.226 36.325 36.425 36.524 36.624 36.723 36.822 36.922 37.021 37.053 36.997 36.941 36.885 36.829 36.773 36.717 36.661 36.605 36.549 36.493 36.437 36.381 36.391 36.409 36.427 36.445 36.354 36.263 36.173 36.082 35.991 35.9 35.809 35.718 35.627 35.537 35.446 35.355 35.275 35.231 35.188 35.144 35.095 35.042 34.989 34.935 34.882 34.828 34.774 34.72 34.666 34.612 34.558 34.504 34.451 34.397 34.343 34.289 34.241 34.238
16.565 16.837 17.109 17.418 17.747 18.076 18.405 18.734 19.062 19.308 19.522 19.737 19.951 20.165 20.38 20.594 20.809 21.023 21.238 21.487 21.866 22.245 22.624 23.003 23.382 23.693 23.94 24.186 24.432 24.679 24.925 25.171 25.418 25.664 25.91 26.157 26.435 26.722 27.009 27.296 27.583 27.87 28.157 28.444 28.731 29.018 29.305 29.649 30.01 30.372 30.734 31.096 31.421 31.675 31.929 32.182 32.436 32.69 32.944 33.198 33.451 33.705 33.959 34.215 34.499 34.783 35.067 35.351 35.635 35.765 35.878 35.991 36.104 36.217 36.319 36.418 36.517 36.617 36.716 36.816 36.915 37.015 37.114 37.214 37.313 37.342 37.286 37.23 37.174 37.118 37.062 37.006 36.95 36.894 36.838 36.782 36.726 36.725 36.743 36.761 36.779 36.795 36.705 36.614 36.523 36.432 36.341 36.25 36.159 36.069 35.978 35.887 35.796 35.709 35.665 35.622 35.578 35.535 35.486 35.432 35.379 35.326 35.272 35.219 35.165 35.111 35.057 35.003 34.949 34.895 34.842 34.788 34.734 34.68 34.633 34.629
16.56 16.832 17.104 17.414 17.743 18.072 18.401 18.729 19.058 19.387 19.609 19.824 20.038 20.253 20.467 20.681 20.896 21.11 21.325 21.577 21.956 22.335 22.713 23.092 23.471 23.85 24.135 24.382 24.628 24.874 25.121 25.367 25.613 25.86 26.106 26.352 26.631 26.918 27.205 27.492 27.779 28.066 28.353 28.64 28.927 29.214 29.547 29.908 30.27 30.632 30.994 31.355 31.679 31.933 32.187 32.441 32.694 32.948 33.202 33.456 33.709 33.963 34.217 34.499 34.783 35.067 35.351 35.635 35.918 36.046 36.159 36.272 36.385 36.498 36.61 36.71 36.809 36.908 37.008 37.107 37.207 37.306 37.406 37.505 37.605 37.631 37.575 37.519 37.463 37.407 37.351 37.295 37.239 37.183 37.127 37.071 37.059 37.077 37.095 37.113 37.131 37.146 37.055 36.964 36.873 36.782 36.691 36.601 36.51 36.419 36.328 36.237 36.146 36.099 36.056 36.013 35.969 35.926 35.876 35.823 35.77 35.716 35.663 35.61 35.556 35.502 35.448 35.394 35.34 35.286 35.233 35.179 35.125 35.071 35.025 35.021
16.555 16.827 17.099 17.41 17.739 18.068 18.396 18.725 19.054 19.383 19.696 19.911 20.125 20.34 20.554 20.768 20.983 21.197 21.412 21.666 22.045 22.424 22.803 23.182 23.561 23.94 24.319 24.577 24.823 25.07 25.316 25.562 25.809 26.055 26.301 26.548 26.827 27.114 27.401 27.688 27.975 28.262 28.549 28.836 29.123 29.445 29.806 30.168 30.53 30.892 31.254 31.615 31.937 32.191 32.445 32.699 32.952 33.206 33.46 33.714 33.968 34.221 34.499 34.783 35.067 35.351 35.634 35.918 36.202 36.327 36.44 36.553 36.666 36.779 36.892 37.001 37.101 37.2 37.3 37.399 37.498 37.598 37.697 37.797 37.896 37.92 37.864 37.808 37.752 37.696 37.64 37.584 37.528 37.472 37.416 37.393 37.411 37.429 37.447 37.465 37.483 37.496 37.405 37.314 37.223 37.133 37.042 36.951 36.86 36.769 36.678 36.587 36.534 36.49 36.447 36.403 36.36 36.316 36.267 36.214 36.16 36.107 36.054 36.0 35.947 35.893 35.839 35.785 35.731 35.677 35.624 35.57 35.516 35.462 35.417 35.413
16.55 16.822 17.094 17.406 17.735 18.063 18.392 18.721 19.05 19.379 19.707 19.998 20.212 20.427 20.641 20.856 21.07 21.284 21.499 21.756 22.135 22.514 22.893 23.272 23.651 24.03 24.409 24.773 25.019 25.265 25.512 25.758 26.004 26.251 26.497 26.743 27.023 27.31 27.597 27.884 28.171 28.458 28.745 29.033 29.343 29.705 30.066 30.428 30.79 31.152 31.513 31.875 32.195 32.449 32.703 32.957 33.211 33.464 33.718 33.972 34.226 34.499 34.783 35.067 35.35 35.634 35.918 36.202 36.486 36.608 36.721 36.834 36.947 37.06 37.173 37.285 37.392 37.492 37.591 37.691 37.79 37.89 37.989 38.088 38.188 38.209 38.153 38.097 38.041 37.985 37.929 37.873 37.817 37.761 37.728 37.746 37.764 37.782 37.799 37.817 37.835 37.846 37.755 37.664 37.574 37.483 37.392 37.301 37.21 37.119 37.029 36.968 36.924 36.881 36.837 36.794 36.75 36.707 36.657 36.604 36.551 36.498 36.444 36.391 36.338 36.284 36.23 36.176 36.122 36.068 36.015 35.961 35.907 35.853 35.809 35.805
16.544 16.817 17.089 17.402 17.73 18.059 18.388 18.717 19.046 19.374 19.703 20.032 20.299 20.514 20.728 20.943 21.157 21.372 21.586 21.846 22.225 22.604 22.983 23.362 23.741 24.119 24.498 24.877 25.214 25.461 25.707 25.953 26.2 26.446 26.692 26.939 27.219 27.506 27.793 28.08 28.368 28.655 28.942 29.241 29.603 29.964 30.326 30.688 31.05 31.412 31.773 32.135 32.453 32.707 32.961 33.215 33.469 33.722 33.976 34.23 34.499 34.783 35.066 35.35 35.634 35.918 36.202 36.486 36.77 36.889 37.002 37.115 37.228 37.341 37.453 37.566 37.679 37.783 37.883 37.982 38.082 38.181 38.281 38.38 38.48 38.498 38.442 38.386 38.33 38.274 38.218 38.162 38.106 38.062 38.08 38.098 38.116 38.134 38.152 38.17 38.187 38.196 38.106 38.015 37.924 37.833 37.742 37.651 37.56 37.47 37.402 37.358 37.315 37.272 37.228 37.185 37.141 37.098 37.048 36.995 36.941 36.888 36.835 36.781 36.728 36.675 36.621 36.567 36.513 36.459 36.406 36.352 36.298 36.244 36.201 36.197
16.539 16.812 17.084 17.397 17.726 18.055 18.384 18.713 19.041 19.37 19.699 20.028 20.357 20.601 20.815 21.03 21.244 21.459 21.673 21.936 22.315 22.693 23.072 23.451 23.83 24.209 24.588 24.967 25.346 25.656 25.903 26.149 26.395 26.642 26.888 27.134 27.415 27.703 27.99 28.277 28.564 28.851 29.139 29.501 29.863 30.224 30.586 30.948 31.31 31.671 32.033 32.395 32.712 32.965 33.219 33.473 33.727 33.981 34.234 34.499 34.782 35.066 35.35 35.634 35.918 36.202 36.486 36.77 37.053 37.17 37.283 37.396 37.509 37.622 37.734 37.847 37.96 38.073 38.174 38.274 38.373 38.473 38.572 38.672 38.771 38.787 38.731 38.675 38.619 38.563 38.507 38.451 38.396 38.414 38.432 38.45 38.468 38.486 38.504 38.522 38.54 38.547 38.456 38.365 38.274 38.183 38.092 38.002 37.911 37.836 37.793 37.749 37.706 37.662 37.619 37.575 37.532 37.488 37.438 37.385 37.332 37.279 37.225 37.172 37.119 37.065 37.012 36.958 36.904 36.85 36.797 36.743 36.689 36.635 36.592 36.589
16.534 16.806 17.079 17.393 17.722 18.051 18.38 18.708 19.037 19.366 19.695 20.024 20.352 20.681 20.902 21.117 21.331 21.546 21.76 22.025 22.404 22.783 23.162 23.541 23.92 24.299 24.678 25.057 25.436 25.815 26.098 26.344 26.591 26.837 27.083 27.33 27.612 27.899 28.186 28.473 28.76 29.047 29.399 29.761 30.122 30.484 30.846 31.208 31.57 31.931 32.293 32.655 32.97 33.223 33.477 33.731 33.985 34.239 34.499 34.782 35.066 35.35 35.634 35.918 36.202 36.486 36.769 37.053 37.337 37.451 37.564 37.677 37.79 37.902 38.015 38.128 38.241 38.354 38.466 38.566 38.665 38.764 38.864 38.963 39.063 39.076 39.02 38.964 38.908 38.852 38.796 38.74 38.748 38.766 38.784 38.802 38.82 38.838 38.856 38.874 38.892 38.897 38.806 38.715 38.624 38.534 38.443 38.352 38.27 38.227 38.183 38.14 38.096 38.053 38.01 37.966 37.923 37.879 37.829 37.776 37.722 37.669 37.616 37.563 37.509 37.456 37.403 37.349 37.295 37.241 37.188 37.134 37.08 37.026 36.984 36.981
16.529 16.801 17.074 17.389 17.718 18.047 18.375 18.704 19.033 19.362 19.691 20.019 20.348 20.677 20.99 21.204 21.418 21.633 21.847 22.115 22.494 22.873 23.252 23.631 24.01 24.389 24.768 25.147 25.525 25.904 26.283 26.54 26.786 27.033 27.279 27.525 27.808 28.095 28.382 28.669 28.956 29.297 29.659 30.02 30.382 30.744 31.106 31.468 31.829 32.191 32.553 32.915 33.228 33.482 33.735 33.989 34.243 34.498 34.782 35.066 35.35 35.634 35.918 36.202 36.485 36.769 37.053 37.337 37.619 37.732 37.845 37.958 38.07 38.183 38.296 38.409 38.522 38.635 38.748 38.857 38.957 39.056 39.155 39.255 39.354 39.365 39.309 39.253 39.197 39.141 39.085 39.082 39.1 39.118 39.136 39.154 39.172 39.19 39.208 39.226 39.244 39.247 39.156 39.066 38.975 38.884 38.793 38.704 38.661 38.618 38.574 38.531 38.487 38.444 38.4 38.357 38.313 38.27 38.22 38.166 38.113 38.06 38.006 37.953 37.9 37.847 37.793 37.74 37.686 37.632 37.579 37.525 37.471 37.417 37.376 37.373
16.524 16.796 17.069 17.385 17.714 18.042 18.371 18.7 19.029 19.358 19.686 20.015 20.344 20.673 21.002 21.291 21.505 21.72 21.934 22.205 22.584 22.963 23.342 23.721 24.099 24.478 24.857 25.236 25.615 25.994 26.373 26.735 26.982 27.228 27.474 27.721 28.004 28.291 28.578 28.865 29.195 29.557 29.919 30.28 30.642 31.004 31.366 31.727 32.089 32.451 32.813 33.175 33.486 33.74 33.993 34.247 34.501 34.782 35.066 35.35 35.634 35.918 36.201 36.485 36.769 37.053 37.337 37.621 37.9 38.013 38.126 38.238 38.351 38.464 38.577 38.69 38.803 38.916 39.029 39.142 39.248 39.348 39.447 39.547 39.646 39.654 39.598 39.542 39.486 39.43 39.416 39.434 39.452 39.47 39.488 39.506 39.524 39.542 39.56 39.578 39.596 39.597 39.507 39.416 39.325 39.234 39.143 39.095 39.052 39.008 38.965 38.921 38.878 38.834 38.791 38.747 38.704 38.661 38.61 38.557 38.503 38.45 38.397 38.344 38.29 38.237 38.184 38.13 38.077 38.023 37.97 37.916 37.862 37.808 37.768 37.764
16.519 16.791 17.063 17.381 17.709 18.038 18.367 18.696 19.025 19.353 19.682 20.011 20.34 20.669 20.997 21.326 21.593 21.807 22.021 22.295 22.674 23.052 23.431 23.81 24.189 24.568 24.947 25.326 25.705 26.084 26.463 26.842 27.177 27.424 27.67 27.916 28.2 28.487 28.774 29.093 29.455 29.817 30.178 30.54 30.902 31.264 31.626 31.987 32.349 32.711 33.073 33.434 33.744 33.998 34.252 34.505 34.782 35.066 35.35 35.634 35.917 36.201 36.485 36.769 37.053 37.337 37.621 37.905 38.181 38.294 38.406 38.519 38.632 38.745 38.858 38.971 39.084 39.197 39.31 39.423 39.535 39.639 39.739 39.838 39.938 39.943 39.887 39.831 39.775 39.75 39.768 39.786 39.804 39.822 39.84 39.858 39.876 39.894 39.912 39.93 39.948 39.948 39.857 39.766 39.675 39.584 39.529 39.486 39.442 39.399 39.355 39.312 39.269 39.225 39.182 39.138 39.095 39.051 39.001 38.947 38.894 38.841 38.787 38.734 38.681 38.628 38.574 38.521 38.468 38.414 38.361 38.307 38.253 38.199 38.16 38.156
16.514 16.786 17.058 17.376 17.705 18.034 18.363 18.692 19.02 19.349 19.678 20.007 20.336 20.664 20.993 21.322 21.651 21.894 22.109 22.384 22.763 23.142 23.521 23.9 24.279 24.658 25.037 25.416 25.795 26.174 26.553 26.931 27.31 27.619 27.865 28.112 28.396 28.683 28.991 29.353 29.715 30.077 30.438 30.8 31.162 31.524 31.885 32.247 32.609 32.971 33.333 33.694 34.002 34.256 34.51 34.782 35.066 35.35 35.633 35.917 36.201 36.485 36.769 37.053 37.337 37.621 37.904 38.188 38.462 38.574 38.687 38.8 38.913 39.026 39.139 39.252 39.365 39.478 39.591 39.703 39.816 39.929 40.03 40.13 40.229 40.232 40.176 40.12 40.085 40.103 40.121 40.139 40.156 40.174 40.192 40.21 40.228 40.246 40.264 40.282 40.3 40.298 40.207 40.116 40.025 39.963 39.92 39.877 39.833 39.79 39.746 39.703 39.659 39.616 39.572 39.529 39.485 39.442 39.391 39.338 39.285 39.231 39.178 39.125 39.071 39.018 38.965 38.912 38.858 38.805 38.752 38.698 38.644 38.59 38.552 38.548
16.509 16.781 17.053 17.372 17.701 18.03 18.359 18.687 19.016 19.345 19.674 20.003 20.331 20.66 20.989 21.318 21.647 21.976 22.196 22.474 22.853 23.232 23.611 23.99 24.369 24.748 25.127 25.505 25.884 26.263 26.642 27.021 27.4 27.779 28.061 28.307 28.593 28.889 29.251 29.613 29.975 30.336 30.698 31.06 31.422 31.784 32.145 32.507 32.869 33.231 33.592 33.954 34.26 34.514 34.782 35.066 35.35 35.633 35.917 36.201 36.485 36.769 37.053 37.337 37.62 37.904 38.188 38.472 38.742 38.855 38.968 39.081 39.194 39.307 39.42 39.533 39.646 39.759 39.871 39.984 40.097 40.21 40.322 40.421 40.521 40.521 40.465 40.419 40.437 40.455 40.473 40.491 40.509 40.527 40.544 40.562 40.58 40.598 40.616 40.634 40.652 40.648 40.557 40.467 40.398 40.354 40.311 40.267 40.224 40.18 40.137 40.093 40.05 40.006 39.963 39.92 39.876 39.833 39.782 39.728 39.675 39.622 39.569 39.515 39.462 39.409 39.355 39.302 39.249 39.196 39.142 39.089 39.035 38.981 38.944 38.94
16.504 16.776 17.048 17.368 17.697 18.026 18.354 18.683 19.012 19.341 19.67 19.998 20.327 20.656 20.985 21.314 21.643 21.971 22.283 22.564 22.943 23.322 23.701 24.08 24.458 24.837 25.216 25.595 25.974 26.353 26.732 27.111 27.49 27.869 28.248 28.503 28.789 29.149 29.511 29.873 30.234 30.596 30.958 31.32 31.682 32.043 32.405 32.767 33.129 33.491 33.852 34.214 34.518 34.782 35.066 35.349 35.633 35.917 36.201 36.485 36.769 37.053 37.336 37.62 37.904 38.188 38.472 38.756 39.023 39.136 39.249 39.362 39.475 39.588 39.701 39.814 39.927 40.039 40.152 40.265 40.378 40.491 40.604 40.713 40.813 40.81 40.754 40.771 40.789 40.807 40.825 40.843 40.861 40.879 40.897 40.915 40.933 40.95 40.968 40.986 41.004 40.999 40.908 40.832 40.788 40.745 40.701 40.658 40.615 40.571 40.528 40.484 40.441 40.397 40.354 40.31 40.267 40.223 40.172 40.119 40.066 40.012 39.959 39.906 39.852 39.799 39.746 39.693 39.639 39.586 39.533 39.48 39.426 39.372 39.335 39.332
16.506 16.778 17.042 17.336 17.666 17.996 18.326 18.656 18.987 19.317 19.647 19.977 20.307 20.637 20.967 21.298 21.628 21.958 22.288 22.64 23.022 23.404 23.785 24.167 24.548 24.927 25.306 25.685 26.064 26.443 26.822 27.201 27.58 27.959 28.337 28.698 29.047 29.409 29.771 30.133 30.494 30.856 31.218 31.58 31.941 32.303 32.665 33.027 33.389 33.75 34.112 34.474 34.782 35.065 35.349 35.633 35.917 36.201 36.485 36.769 37.052 37.336 37.62 37.904 38.188 38.472 38.756 39.039 39.304 39.417 39.53 39.643 39.756 39.869 39.982 40.095 40.207 40.32 40.433 40.546 40.659 40.772 40.885 40.998 41.104 41.099 41.105 41.123 41.141 41.159 41.177 41.195 41.213 41.231 41.249 41.267 41.285 41.303 41.321 41.338 41.356 41.349 41.266 41.223 41.179 41.136 41.092 41.049 41.005 40.962 40.918 40.875 40.831 40.788 40.744 40.701 40.658 40.614 40.563 40.509 40.456 40.403 40.35 40.296 40.243 40.19 40.136 40.083 40.03 39.977 39.923 39.87 39.817 39.763 39.727 39.724
16.52 16.792 17.012 17.263 17.577 17.907 18.237 18.568 18.898 19.228 19.558 19.888 20.218 20.548 20.879 21.209 21.539 21.869 22.199 22.552 22.934 23.316 23.697 24.079 24.461 24.843 25.225 25.606 25.988 26.37 26.752 27.134 27.515 27.897 28.279 28.595 28.936 29.305 29.674 30.044 30.413 30.782 31.152 31.521 31.89 32.26 32.629 32.998 33.368 33.737 34.107 34.476 34.801 35.093 35.385 35.677 35.969 36.261 36.553 36.845 37.137 37.429 37.721 38.013 38.305 38.597 38.888 39.18 39.444 39.571 39.692 39.813 39.935 40.056 40.177 40.298 40.419 40.54 40.661 40.782 40.903 41.024 41.145 41.266 41.387 41.439 41.457 41.475 41.493 41.511 41.529 41.547 41.565 41.583 41.601 41.619 41.637 41.655 41.673 41.691 41.709 41.7 41.657 41.613 41.57 41.526 41.483 41.439 41.396 41.352 41.309 41.266 41.222 41.179 41.135 41.092 41.048 41.005 40.953 40.9 40.847 40.793 40.74 40.687 40.634 40.58 40.527 40.474 40.42 40.367 40.314 40.261 40.207 40.154 40.119 40.116
16.535 16.762 16.981 17.234 17.49 17.818 18.149 18.479 18.809 19.139 19.469 19.799 20.13 20.46 20.79 21.12 21.45 21.78 22.11 22.464 22.846 23.228 23.609 23.991 24.373 24.755 25.137 25.518 25.9 26.282 26.664 27.046 27.427 27.809 28.14 28.427 28.752 29.101 29.47 29.84 30.209 30.578 30.948 31.317 31.687 32.056 32.425 32.795 33.164 33.533 33.903 34.272 34.596 34.888 35.18 35.472 35.764 36.056 36.348 36.64 36.932 37.224 37.516 37.808 38.099 38.391 38.683 38.963 39.188 39.363 39.484 39.605 39.726 39.847 39.968 40.089 40.21 40.331 40.452 40.574 40.695 40.816 40.937 41.058 41.179 41.234 41.261 41.289 41.316 41.344 41.371 41.398 41.426 41.453 41.481 41.508 41.536 41.563 41.591 41.618 41.645 41.692 41.658 41.624 41.59 41.556 41.522 41.488 41.454 41.42 41.386 41.352 41.318 41.284 41.25 41.216 41.182 41.155 41.119 41.075 41.031 40.986 40.942 40.898 40.853 40.809 40.765 40.72 40.676 40.632 40.587 40.543 40.499 40.454 40.442 40.446
16.512 16.732 16.951 17.204 17.46 17.73 18.06 18.39 18.72 19.05 19.38 19.711 20.041 20.371 20.701 21.031 21.361 21.691 22.022 22.376 22.758 23.14 23.521 23.903 24.285 24.667 25.049 25.43 25.812 26.194 26.576 26.958 27.339 27.684 27.97 28.258 28.583 28.908 29.267 29.636 30.005 30.375 30.744 31.113 31.483 31.852 32.221 32.591 32.96 33.329 33.699 34.068 34.391 34.683 34.975 35.267 35.559 35.851 36.143 36.435 36.727 37.019 37.311 37.602 37.894 38.186 38.474 38.707 38.931 39.113 39.275 39.396 39.517 39.639 39.76 39.881 40.002 40.123 40.244 40.365 40.486 40.607 40.728 40.849 40.97 41.024 41.051 41.079 41.106 41.133 41.161 41.188 41.216 41.243 41.271 41.298 41.326 41.353 41.38 41.408 41.478 41.531 41.496 41.462 41.428 41.394 41.36 41.326 41.292 41.258 41.224 41.19 41.156 41.122 41.088 41.054 41.022 41.026 40.989 40.945 40.901 40.856 40.812 40.768 40.723 40.679 40.635 40.59 40.546 40.502 40.457 40.413 40.369 40.362 40.394 40.398
16.482 16.701 16.921 17.174 17.43 17.686 17.971 18.301 18.631 18.961 19.292 19.622 19.952 20.282 20.612 20.942 21.272 21.603 21.933 22.288 22.67 23.052 23.433 23.815 24.197 24.579 24.961 25.342 25.724 26.106 26.488 26.87 27.228 27.515 27.801 28.089 28.414 28.74 29.065 29.432 29.801 30.171 30.54 30.909 31.279 31.648 32.018 32.387 32.756 33.126 33.495 33.864 34.186 34.478 34.77 35.062 35.354 35.646 35.938 36.23 36.522 36.813 37.105 37.397 37.689 37.981 38.219 38.451 38.675 38.856 39.037 39.188 39.309 39.43 39.551 39.672 39.793 39.914 40.035 40.156 40.278 40.399 40.52 40.641 40.762 40.814 40.841 40.868 40.896 40.923 40.951 40.978 41.006 41.033 41.061 41.088 41.115 41.143 41.17 41.232 41.319 41.369 41.335 41.301 41.267 41.233 41.199 41.165 41.131 41.097 41.062 41.028 40.994 40.96 40.926 40.892 40.893 40.897 40.859 40.815 40.771 40.726 40.682 40.638 40.593 40.549 40.505 40.46 40.416 40.372 40.327 40.283 40.262 40.314 40.345 40.349
16.452 16.671 16.89 17.144 17.4 17.656 17.912 18.212 18.542 18.873 19.203 19.533 19.863 20.193 20.523 20.853 21.184 21.514 21.844 22.2 22.582 22.964 23.345 23.727 24.109 24.491 24.873 25.254 25.636 26.018 26.4 26.773 27.059 27.345 27.631 27.92 28.246 28.571 28.896 29.228 29.598 29.967 30.336 30.706 31.075 31.444 31.814 32.183 32.552 32.922 33.291 33.66 33.981 34.273 34.565 34.857 35.149 35.441 35.733 36.024 36.316 36.608 36.9 37.192 37.484 37.73 37.963 38.196 38.418 38.6 38.781 38.962 39.1 39.222 39.343 39.464 39.585 39.706 39.827 39.948 40.069 40.19 40.311 40.432 40.553 40.603 40.631 40.658 40.686 40.713 40.741 40.768 40.796 40.823 40.85 40.878 40.905 40.933 40.986 41.073 41.159 41.207 41.173 41.139 41.105 41.071 41.037 41.003 40.969 40.935 40.901 40.867 40.833 40.799 40.765 40.76 40.764 40.768 40.729 40.685 40.641 40.596 40.552 40.508 40.463 40.419 40.375 40.33 40.286 40.242 40.197 40.162 40.214 40.266 40.296 40.3
16.421 16.641 16.86 17.115 17.371 17.627 17.883 18.139 18.454 18.784 19.114 19.444 19.774 20.104 20.434 20.765 21.095 21.425 21.755 22.112 22.494 22.876 23.257 23.639 24.021 24.403 24.785 25.166 25.548 25.93 26.312 26.603 26.889 27.176 27.462 27.751 28.077 28.402 28.727 29.053 29.394 29.763 30.132 30.502 30.871 31.24 31.61 31.979 32.349 32.718 33.087 33.457 33.776 34.068 34.36 34.652 34.944 35.235 35.527 35.819 36.111 36.403 36.695 36.987 37.242 37.475 37.707 37.94 38.162 38.343 38.524 38.706 38.887 39.013 39.134 39.255 39.376 39.497 39.618 39.739 39.86 39.982 40.103 40.224 40.345 40.393 40.421 40.448 40.476 40.503 40.531 40.558 40.585 40.613 40.64 40.668 40.695 40.74 40.826 40.913 41.0 41.045 41.011 40.977 40.943 40.909 40.875 40.841 40.807 40.773 40.739 40.705 40.671 40.637 40.627 40.631 40.635 40.639 40.599 40.555 40.511 40.466 40.422 40.378 40.333 40.289 40.245 40.2 40.156 40.112 40.068 40.114 40.166 40.218 40.248 40.252
16.391 16.61 16.83 17.085 17.341 17.597 17.853 18.109 18.365 18.695 19.025 19.355 19.685 20.015 20.346 20.676 21.006 21.336 21.666 22.024 22.406 22.788 23.169 23.551 23.933 24.315 24.697 25.078 25.46 25.842 26.148 26.434 26.72 27.006 27.292 27.583 27.908 28.233 28.559 28.884 29.209 29.559 29.929 30.298 30.667 31.037 31.406 31.775 32.145 32.514 32.883 33.253 33.571 33.863 34.155 34.446 34.738 35.03 35.322 35.614 35.906 36.198 36.49 36.754 36.986 37.219 37.452 37.684 37.905 38.086 38.268 38.449 38.631 38.804 38.926 39.047 39.168 39.289 39.41 39.531 39.652 39.773 39.894 40.015 40.136 40.183 40.211 40.238 40.266 40.293 40.32 40.348 40.375 40.403 40.43 40.458 40.493 40.58 40.667 40.753 40.84 40.884 40.85 40.816 40.782 40.748 40.714 40.68 40.645 40.611 40.577 40.543 40.509 40.493 40.497 40.502 40.506 40.51 40.469 40.425 40.381 40.336 40.292 40.248 40.203 40.159 40.115 40.071 40.026 39.982 40.015 40.066 40.118 40.17 40.199 40.203
16.361 16.58 16.8 17.055 17.311 17.567 17.823 18.079 18.335 18.606 18.936 19.266 19.596 19.927 20.257 20.587 20.917 21.247 21.577 21.936 22.318 22.7 23.081 23.463 23.845 24.227 24.609 24.99 25.372 25.692 25.978 26.264 26.551 26.837 27.123 27.414 27.739 28.065 28.39 28.715 29.041 29.366 29.725 30.094 30.463 30.833 31.202 31.571 31.941 32.31 32.68 33.049 33.366 33.657 33.949 34.241 34.533 34.825 35.117 35.409 35.701 35.993 36.265 36.498 36.731 36.963 37.196 37.428 37.649 37.83 38.011 38.193 38.374 38.555 38.717 38.838 38.959 39.08 39.201 39.322 39.443 39.564 39.686 39.807 39.928 39.973 40.001 40.028 40.055 40.083 40.11 40.138 40.165 40.193 40.22 40.248 40.334 40.42 40.507 40.594 40.68 40.722 40.688 40.654 40.62 40.586 40.552 40.518 40.484 40.45 40.416 40.382 40.36 40.364 40.368 40.372 40.377 40.381 40.339 40.295 40.251 40.206 40.162 40.118 40.073 40.029 39.985 39.941 39.896 39.915 39.967 40.019 40.071 40.122 40.15 40.154
16.33 16.55 16.769 17.025 17.281 17.537 17.794 18.05 18.306 18.562 18.847 19.177 19.508 19.838 20.168 20.498 20.828 21.158 21.489 21.848 22.23 22.612 22.993 23.375 23.757 24.139 24.521 24.902 25.236 25.523 25.809 26.095 26.381 26.667 26.954 27.245 27.57 27.896 28.221 28.546 28.872 29.197 29.523 29.89 30.26 30.629 30.998 31.368 31.737 32.106 32.476 32.845 33.16 33.452 33.744 34.036 34.328 34.62 34.912 35.204 35.496 35.777 36.01 36.242 36.475 36.708 36.94 37.173 37.392 37.573 37.755 37.936 38.117 38.299 38.48 38.63 38.751 38.872 38.993 39.114 39.235 39.356 39.477 39.598 39.719 39.763 39.79 39.818 39.845 39.873 39.9 39.928 39.955 39.983 40.01 40.088 40.174 40.261 40.347 40.434 40.521 40.56 40.526 40.492 40.458 40.424 40.39 40.356 40.322 40.288 40.254 40.227 40.231 40.235 40.239 40.243 40.247 40.252 40.209 40.165 40.121 40.076 40.032 39.988 39.944 39.899 39.855 39.811 39.815 39.867 39.919 39.971 40.023 40.075 40.102 40.106
16.3 16.519 16.74 16.996 17.252 17.508 17.764 18.02 18.276 18.532 18.788 19.089 19.419 19.749 20.079 20.409 20.739 21.07 21.4 21.76 22.142 22.524 22.905 23.287 23.669 24.051 24.433 24.781 25.067 25.353 25.639 25.926 26.212 26.498 26.784 27.076 27.402 27.727 28.052 28.378 28.703 29.028 29.354 29.686 30.056 30.425 30.794 31.164 31.533 31.902 32.272 32.641 32.955 33.247 33.539 33.831 34.123 34.415 34.707 34.999 35.289 35.521 35.754 35.987 36.219 36.452 36.684 36.917 37.135 37.317 37.498 37.679 37.861 38.042 38.224 38.405 38.542 38.663 38.784 38.905 39.026 39.147 39.269 39.39 39.511 39.553 39.58 39.608 39.635 39.663 39.69 39.718 39.745 39.772 39.841 39.928 40.015 40.101 40.188 40.274 40.361 40.399 40.365 40.331 40.297 40.263 40.229 40.194 40.16 40.126 40.094 40.098 40.102 40.106 40.11 40.114 40.118 40.122 40.079 40.035 39.991 39.947 39.902 39.858 39.814 39.769 39.725 39.715 39.767 39.819 39.871 39.923 39.975 40.027 40.053 40.057
16.27 16.489 16.71 16.966 17.222 17.478 17.734 17.99 18.246 18.502 18.758 19.014 19.33 19.66 19.99 20.32 20.651 20.981 21.311 21.672 22.054 22.436 22.817 23.199 23.581 23.963 24.325 24.611 24.898 25.184 25.47 25.756 26.042 26.329 26.615 26.907 27.233 27.558 27.884 28.209 28.534 28.86 29.185 29.51 29.852 30.221 30.591 30.96 31.329 31.699 32.068 32.437 32.75 33.042 33.334 33.626 33.918 34.21 34.502 34.794 35.033 35.266 35.498 35.731 35.964 36.196 36.429 36.661 36.879 37.06 37.242 37.423 37.604 37.786 37.967 38.148 38.33 38.455 38.576 38.697 38.818 38.939 39.06 39.181 39.302 39.343 39.37 39.398 39.425 39.453 39.48 39.508 39.535 39.595 39.682 39.768 39.855 39.942 40.028 40.115 40.201 40.237 40.203 40.169 40.135 40.101 40.067 40.033 39.999 39.965 39.964 39.969 39.973 39.977 39.981 39.985 39.989 39.993 39.95 39.905 39.861 39.817 39.772 39.728 39.684 39.639 39.616 39.668 39.719 39.771 39.823 39.875 39.927 39.979 40.004 40.009
16.239 16.459 16.68 16.936 17.192 17.448 17.704 17.96 18.216 18.473 18.729 18.985 19.241 19.571 19.901 20.232 20.562 20.892 21.222 21.584 21.966 22.348 22.729 23.111 23.493 23.87 24.156 24.442 24.728 25.014 25.301 25.587 25.873 26.159 26.445 26.739 27.064 27.389 27.715 28.04 28.366 28.691 29.016 29.342 29.667 30.017 30.387 30.756 31.125 31.495 31.864 32.233 32.545 32.837 33.129 33.421 33.713 34.005 34.297 34.545 34.777 35.01 35.243 35.475 35.708 35.94 36.173 36.406 36.622 36.804 36.985 37.166 37.348 37.529 37.71 37.892 38.073 38.246 38.367 38.488 38.609 38.73 38.851 38.973 39.094 39.133 39.16 39.188 39.215 39.243 39.27 39.297 39.349 39.435 39.522 39.609 39.695 39.782 39.869 39.955 40.042 40.075 40.041 40.007 39.973 39.939 39.905 39.871 39.837 39.831 39.835 39.839 39.844 39.848 39.852 39.856 39.86 39.864 39.82 39.775 39.731 39.687 39.642 39.598 39.554 39.516 39.568 39.62 39.672 39.724 39.775 39.827 39.879 39.931 39.956 39.96
16.209 16.428 16.65 16.906 17.162 17.419 17.675 17.931 18.187 18.443 18.699 18.955 19.211 19.482 19.813 20.143 20.473 20.803 21.133 21.496 21.878 22.259 22.641 23.023 23.405 23.7 23.986 24.273 24.559 24.845 25.131 25.417 25.704 25.99 26.276 26.57 26.895 27.221 27.546 27.871 28.197 28.522 28.847 29.173 29.498 29.824 30.183 30.552 30.922 31.291 31.66 32.03 32.34 32.632 32.924 33.216 33.508 33.8 34.057 34.289 34.522 34.754 34.987 35.22 35.452 35.685 35.917 36.15 36.366 36.547 36.728 36.91 37.091 37.273 37.454 37.635 37.817 37.998 38.159 38.28 38.401 38.522 38.643 38.764 38.885 38.923 38.95 38.978 39.005 39.032 39.06 39.103 39.189 39.276 39.362 39.449 39.536 39.622 39.709 39.795 39.882 39.914 39.88 39.846 39.812 39.777 39.743 39.709 39.698 39.702 39.706 39.71 39.714 39.719 39.723 39.727 39.731 39.734 39.69 39.645 39.601 39.557 39.512 39.468 39.424 39.468 39.52 39.572 39.624 39.676 39.728 39.78 39.831 39.883 39.907 39.911
16.179 16.398 16.621 16.877 17.133 17.389 17.645 17.901 18.157 18.413 18.669 18.925 19.181 19.437 19.724 20.054 20.384 20.714 21.044 21.408 21.79 22.171 22.553 22.935 23.245 23.531 23.817 24.103 24.389 24.676 24.962 25.248 25.534 25.82 26.107 26.401 26.726 27.052 27.377 27.703 28.028 28.353 28.679 29.004 29.329 29.655 29.98 30.348 30.718 31.087 31.456 31.826 32.135 32.427 32.719 33.011 33.303 33.568 33.801 34.033 34.266 34.499 34.731 34.964 35.196 35.429 35.662 35.894 36.109 36.291 36.472 36.653 36.835 37.016 37.197 37.379 37.56 37.741 37.923 38.071 38.192 38.313 38.434 38.555 38.677 38.713 38.74 38.767 38.795 38.822 38.856 38.943 39.03 39.116 39.203 39.289 39.376 39.463 39.549 39.636 39.722 39.752 39.718 39.684 39.65 39.616 39.582 39.565 39.569 39.573 39.577 39.581 39.585 39.589 39.594 39.598 39.602 39.604 39.56 39.515 39.471 39.427 39.382 39.338 39.368 39.42 39.472 39.524 39.576 39.628 39.68 39.732 39.784 39.835 39.858 39.863
16.148 16.368 16.591 16.847 17.103 17.359 17.615 17.871 18.127 18.383 18.639 18.895 19.152 19.408 19.664 19.965 20.295 20.625 20.956 21.32 21.702 22.083 22.465 22.789 23.075 23.361 23.648 23.934 24.22 24.506 24.792 25.078 25.365 25.651 25.937 26.232 26.558 26.883 27.208 27.534 27.859 28.185 28.51 28.835 29.161 29.486 29.811 30.145 30.514 30.883 31.253 31.622 31.93 32.222 32.514 32.805 33.08 33.313 33.545 33.778 34.01 34.243 34.476 34.708 34.941 35.173 35.406 35.639 35.853 36.034 36.215 36.397 36.578 36.759 36.941 37.122 37.304 37.485 37.666 37.848 37.984 38.105 38.226 38.347 38.468 38.502 38.53 38.557 38.585 38.612 38.697 38.783 38.87 38.957 39.043 39.13 39.216 39.303 39.39 39.476 39.563 39.59 39.556 39.522 39.488 39.454 39.431 39.436 39.44 39.444 39.448 39.452 39.456 39.46 39.464 39.469 39.473 39.474 39.43 39.385 39.341 39.297 39.252 39.269 39.321 39.372 39.424 39.476 39.528 39.58 39.632 39.684 39.736 39.788 39.81 39.814
16.118 16.338 16.561 16.817 17.073 17.329 17.585 17.841 18.098 18.354 18.61 18.866 19.122 19.378 19.634 19.89 20.206 20.537 20.867 21.232 21.614 21.995 22.333 22.62 22.906 23.192 23.478 23.764 24.05 24.337 24.623 24.909 25.195 25.481 25.768 26.064 26.389 26.714 27.04 27.365 27.69 28.016 28.341 28.666 28.992 29.317 29.643 29.968 30.31 30.679 31.049 31.418 31.725 32.016 32.308 32.592 32.824 33.057 33.289 33.522 33.755 33.987 34.22 34.452 34.685 34.918 35.15 35.383 35.596 35.777 35.959 36.14 36.322 36.503 36.684 36.866 37.047 37.228 37.41 37.591 37.772 37.896 38.017 38.138 38.259 38.292 38.32 38.347 38.375 38.45 38.537 38.624 38.71 38.797 38.884 38.97 39.057 39.143 39.23 39.317 39.403 39.429 39.395 39.361 39.326 39.298 39.302 39.306 39.311 39.315 39.319 39.323 39.327 39.331 39.335 39.339 39.344 39.344 39.3 39.255 39.211 39.167 39.169 39.221 39.273 39.325 39.377 39.428 39.48 39.532 39.584 39.636 39.688 39.74 39.761 39.765
16.088 16.307 16.531 16.787 17.044 17.3 17.556 17.812 18.068 18.324 18.58 18.836 19.092 19.348 19.604 19.86 20.118 20.448 20.778 21.144 21.526 21.878 22.164 22.45 22.736 23.022 23.309 23.595 23.881 24.167 24.453 24.74 25.026 25.312 25.598 25.895 26.22 26.545 26.871 27.196 27.522 27.847 28.172 28.498 28.823 29.148 29.474 29.799 30.124 30.476 30.845 31.214 31.519 31.811 32.103 32.336 32.569 32.801 33.034 33.266 33.499 33.732 33.964 34.197 34.429 34.662 34.894 35.127 35.339 35.521 35.702 35.884 36.065 36.246 36.428 36.609 36.79 36.972 37.153 37.334 37.516 37.688 37.809 37.93 38.051 38.082 38.11 38.137 38.204 38.291 38.377 38.464 38.551 38.637 38.724 38.81 38.897 38.984 39.07 39.157 39.244 39.267 39.233 39.199 39.165 39.169 39.173 39.177 39.181 39.186 39.19 39.194 39.198 39.202 39.206 39.21 39.214 39.214 39.17 39.125 39.081 39.069 39.121 39.173 39.225 39.277 39.329 39.381 39.432 39.484 39.536 39.588 39.64 39.692 39.713 39.717
16.057 16.277 16.502 16.758 17.014 17.27 17.526 17.782 18.038 18.294 18.55 18.806 19.062 19.318 19.574 19.831 20.087 20.359 20.689 21.056 21.422 21.708 21.994 22.281 22.567 22.853 23.139 23.425 23.712 23.998 24.284 24.57 24.856 25.143 25.429 25.726 26.051 26.377 26.702 27.027 27.353 27.678 28.004 28.329 28.654 28.98 29.305 29.63 29.956 30.281 30.641 31.01 31.314 31.606 31.848 32.08 32.313 32.545 32.778 33.011 33.243 33.476 33.708 33.941 34.174 34.406 34.639 34.871 35.083 35.264 35.446 35.627 35.808 35.99 36.171 36.352 36.534 36.715 36.897 37.078 37.259 37.441 37.6 37.721 37.842 37.872 37.9 37.958 38.045 38.131 38.218 38.304 38.391 38.478 38.564 38.651 38.737 38.824 38.911 38.997 39.084 39.105 39.071 39.037 39.036 39.04 39.044 39.048 39.052 39.056 39.061 39.065 39.069 39.073 39.077 39.081 39.085 39.084 39.04 38.995 38.969 39.021 39.073 39.125 39.177 39.229 39.281 39.333 39.385 39.437 39.488 39.54 39.592 39.644 39.664 39.668
16.027 16.247 16.472 16.728 16.984 17.24 17.496 17.752 18.008 18.264 18.52 18.777 19.033 19.289 19.545 19.801 20.057 20.313 20.6 20.966 21.253 21.539 21.825 22.111 22.397 22.684 22.97 23.256 23.542 23.828 24.115 24.401 24.687 24.973 25.259 25.557 25.883 26.208 26.533 26.859 27.184 27.509 27.835 28.16 28.485 28.811 29.136 29.462 29.787 30.112 30.438 30.807 31.109 31.359 31.592 31.825 32.057 32.29 32.522 32.755 32.988 33.22 33.453 33.685 33.918 34.15 34.383 34.616 34.826 35.008 35.189 35.37 35.552 35.733 35.915 36.096 36.277 36.459 36.64 36.821 37.003 37.184 37.365 37.513 37.634 37.662 37.712 37.798 37.885 37.972 38.058 38.145 38.231 38.318 38.405 38.491 38.578 38.664 38.751 38.838 38.924 38.944 38.91 38.903 38.907 38.911 38.915 38.919 38.923 38.927 38.931 38.936 38.94 38.944 38.948 38.952 38.956 38.954 38.91 38.87 38.922 38.974 39.025 39.077 39.129 39.181 39.233 39.285 39.337 39.389 39.441 39.493 39.544 39.596 39.615 39.619
16.054 16.271 16.483 16.737 16.992 17.246 17.501 17.755 18.01 18.264 18.519 18.773 19.028 19.282 19.536 19.791 20.045 20.3 20.554 20.804 21.089 21.375 21.66 21.946 22.231 22.516 22.802 23.087 23.373 23.659 23.945 24.231 24.518 24.804 25.09 25.388 25.714 26.039 26.365 26.69 27.015 27.341 27.666 27.991 28.317 28.642 28.967 29.293 29.618 29.943 30.269 30.603 30.871 31.104 31.336 31.569 31.801 32.034 32.267 32.499 32.732 32.964 33.197 33.43 33.662 33.895 34.127 34.36 34.57 34.751 34.933 35.114 35.295 35.477 35.658 35.839 36.021 36.202 36.383 36.565 36.746 36.928 37.109 37.29 37.424 37.466 37.552 37.639 37.725 37.812 37.899 37.985 38.072 38.158 38.245 38.332 38.418 38.505 38.591 38.678 38.765 38.782 38.769 38.773 38.778 38.782 38.786 38.79 38.794 38.798 38.802 38.806 38.811 38.815 38.819 38.823 38.827 38.824 38.78 38.822 38.874 38.926 38.978 39.029 39.081 39.133 39.185 39.237 39.289 39.341 39.393 39.445 39.497 39.549 39.567 39.604
16.153 16.357 16.553 16.807 17.062 17.316 17.571 17.825 18.08 18.334 18.588 18.843 19.097 19.352 19.606 19.861 20.115 20.37 20.539 20.706 20.972 21.258 21.543 21.828 22.114 22.399 22.684 22.97 23.255 23.54 23.826 24.111 24.396 24.682 24.967 25.265 25.59 25.914 26.239 26.563 26.888 27.212 27.537 27.861 28.186 28.51 28.835 29.16 29.484 29.809 30.133 30.41 30.612 30.844 31.077 31.31 31.543 31.775 32.008 32.241 32.473 32.706 32.939 33.171 33.404 33.637 33.869 34.102 34.311 34.493 34.674 34.856 35.037 35.219 35.4 35.582 35.763 35.944 36.126 36.307 36.489 36.67 36.852 37.033 37.208 37.297 37.386 37.476 37.566 37.652 37.739 37.826 37.912 37.999 38.085 38.172 38.259 38.345 38.432 38.518 38.605 38.636 38.64 38.644 38.648 38.653 38.657 38.661 38.665 38.669 38.673 38.677 38.681 38.686 38.69 38.694 38.698 38.694 38.722 38.774 38.826 38.878 38.93 38.982 39.034 39.085 39.137 39.189 39.241 39.293 39.345 39.397 39.449 39.501 39.53 39.683
16.244 16.426 16.623 16.877 17.132 17.386 17.641 17.895 18.149 18.404 18.658 18.913 19.167 19.422 19.676 19.931 20.185 20.372 20.508 20.675 20.855 21.14 21.426 21.711 21.996 22.282 22.567 22.852 23.138 23.423 23.709 23.994 24.279 24.565 24.85 25.149 25.473 25.798 26.122 26.447 26.771 27.096 27.42 27.745 28.069 28.394 28.718 29.043 29.367 29.692 29.986 30.195 30.373 30.583 30.815 31.048 31.281 31.514 31.746 31.979 32.212 32.444 32.677 32.91 33.142 33.375 33.608 33.84 34.049 34.23 34.412 34.593 34.775 34.956 35.137 35.319 35.5 35.682 35.863 36.045 36.226 36.408 36.589 36.771 36.898 36.959 37.048 37.138 37.227 37.317 37.407 37.496 37.586 37.676 37.765 37.855 37.944 38.034 38.124 38.213 38.303 38.347 38.355 38.363 38.37 38.378 38.385 38.393 38.401 38.408 38.416 38.423 38.431 38.439 38.446 38.454 38.461 38.478 38.535 38.591 38.648 38.705 38.762 38.819 38.876 38.932 38.989 39.046 39.103 39.16 39.216 39.273 39.33 39.387 39.514 39.675
16.313 16.495 16.693 16.947 17.201 17.456 17.71 17.965 18.219 18.474 18.728 18.983 19.237 19.492 19.746 20.001 20.205 20.341 20.476 20.645 20.821 21.023 21.308 21.594 21.879 22.164 22.45 22.735 23.021 23.306 23.591 23.877 24.162 24.447 24.733 25.032 25.357 25.681 26.006 26.33 26.655 26.979 27.304 27.628 27.953 28.277 28.602 28.926 29.251 29.562 29.771 29.98 30.158 30.332 30.554 30.786 31.019 31.252 31.485 31.717 31.95 32.183 32.415 32.648 32.881 33.113 33.346 33.579 33.786 33.968 34.149 34.331 34.512 34.693 34.875 35.056 35.238 35.419 35.601 35.782 35.964 36.145 36.327 36.466 36.589 36.643 36.71 36.8 36.889 36.979 37.068 37.158 37.248 37.337 37.427 37.517 37.606 37.696 37.785 37.875 37.965 38.008 38.021 38.029 38.037 38.044 38.052 38.059 38.067 38.075 38.082 38.09 38.097 38.105 38.113 38.12 38.128 38.145 38.202 38.259 38.315 38.372 38.429 38.486 38.543 38.6 38.656 38.713 38.77 38.827 38.884 38.94 38.997 39.057 39.161 39.312
16.382 16.563 16.762 17.017 17.271 17.526 17.78 18.035 18.289 18.544 18.798 19.053 19.307 19.562 19.816 20.038 20.174 20.31 20.445 20.614 20.791 20.967 21.191 21.477 21.762 22.047 22.333 22.618 22.903 23.189 23.474 23.759 24.045 24.33 24.615 24.916 25.24 25.565 25.889 26.214 26.538 26.863 27.187 27.512 27.836 28.161 28.485 28.81 29.134 29.347 29.556 29.765 29.942 30.117 30.292 30.525 30.757 30.99 31.223 31.456 31.688 31.921 32.154 32.386 32.619 32.852 33.084 33.317 33.524 33.705 33.887 34.068 34.249 34.431 34.612 34.794 34.975 35.157 35.338 35.52 35.701 35.883 36.03 36.157 36.279 36.333 36.387 36.461 36.551 36.641 36.73 36.82 36.909 36.999 37.089 37.178 37.268 37.358 37.447 37.537 37.626 37.668 37.683 37.695 37.703 37.71 37.718 37.726 37.733 37.741 37.749 37.756 37.764 37.771 37.779 37.787 37.794 37.812 37.869 37.926 37.983 38.039 38.096 38.153 38.21 38.267 38.324 38.38 38.437 38.494 38.551 38.608 38.667 38.727 38.832 38.951
16.451 16.632 16.832 17.087 17.341 17.596 17.85 18.105 18.359 18.614 18.868 19.123 19.377 19.632 19.872 20.007 20.143 20.278 20.414 20.583 20.76 20.937 21.113 21.359 21.645 21.93 22.215 22.501 22.786 23.071 23.357 23.642 23.927 24.213 24.498 24.799 25.123 25.448 25.772 26.097 26.421 26.746 27.071 27.395 27.72 28.044 28.369 28.693 28.923 29.132 29.341 29.55 29.726 29.901 30.076 30.263 30.496 30.728 30.961 31.194 31.427 31.659 31.892 32.125 32.357 32.59 32.823 33.055 33.261 33.442 33.624 33.805 33.987 34.168 34.35 34.531 34.713 34.894 35.076 35.257 35.439 35.593 35.721 35.848 35.969 36.023 36.077 36.131 36.213 36.302 36.392 36.482 36.571 36.661 36.75 36.84 36.93 37.019 37.109 37.199 37.288 37.329 37.344 37.359 37.369 37.377 37.384 37.392 37.4 37.407 37.415 37.423 37.43 37.438 37.445 37.453 37.461 37.479 37.536 37.593 37.65 37.707 37.764 37.82 37.877 37.934 37.991 38.048 38.104 38.161 38.218 38.277 38.337 38.397 38.504 38.622
16.519 16.701 16.902 17.157 17.411 17.666 17.92 18.175 18.429 18.684 18.938 19.193 19.447 19.702 19.84 19.976 20.111 20.247 20.383 20.553 20.729 20.906 21.083 21.259 21.527 21.813 22.098 22.383 22.669 22.954 23.239 23.525 23.81 24.096 24.381 24.682 25.007 25.331 25.656 25.98 26.305 26.629 26.954 27.278 27.603 27.927 28.252 28.499 28.708 28.917 29.126 29.335 29.51 29.685 29.86 30.035 30.234 30.467 30.699 30.932 31.165 31.397 31.63 31.863 32.096 32.328 32.561 32.794 32.998 33.18 33.361 33.543 33.724 33.906 34.087 34.269 34.45 34.632 34.813 34.995 35.157 35.285 35.412 35.54 35.659 35.713 35.767 35.821 35.875 35.964 36.054 36.143 36.233 36.323 36.412 36.502 36.591 36.681 36.771 36.86 36.95 36.989 37.004 37.019 37.034 37.043 37.051 37.058 37.066 37.074 37.081 37.089 37.096 37.104 37.112 37.119 37.127 37.147 37.203 37.26 37.317 37.374 37.431 37.488 37.544 37.601 37.658 37.715 37.772 37.828 37.886 37.947 38.007 38.068 38.175 38.293
16.588 16.77 16.972 17.227 17.481 17.736 17.99 18.245 18.499 18.754 19.008 19.262 19.517 19.673 19.809 19.945 20.08 20.216 20.351 20.522 20.699 20.875 21.052 21.229 21.41 21.695 21.981 22.266 22.552 22.837 23.122 23.408 23.693 23.978 24.264 24.566 24.89 25.215 25.539 25.864 26.188 26.513 26.837 27.162 27.486 27.811 28.075 28.284 28.493 28.702 28.911 29.119 29.295 29.47 29.645 29.82 29.995 30.205 30.438 30.67 30.903 31.136 31.368 31.601 31.834 32.067 32.299 32.532 32.736 32.917 33.099 33.28 33.462 33.643 33.825 34.006 34.188 34.369 34.551 34.721 34.849 34.976 35.104 35.231 35.35 35.403 35.457 35.511 35.565 35.626 35.715 35.805 35.895 35.984 36.074 36.164 36.253 36.343 36.432 36.522 36.612 36.649 36.664 36.679 36.694 36.709 36.717 36.725 36.732 36.74 36.748 36.755 36.763 36.77 36.778 36.786 36.793 36.814 36.871 36.927 36.984 37.041 37.098 37.155 37.212 37.268 37.325 37.382 37.439 37.496 37.557 37.617 37.678 37.738 37.846 37.964
16.657 16.838 17.042 17.297 17.551 17.806 18.06 18.314 18.569 18.823 19.078 19.332 19.506 19.642 19.778 19.913 20.049 20.184 20.32 20.491 20.668 20.845 21.021 21.198 21.375 21.578 21.864 22.149 22.434 22.72 23.005 23.29 23.576 23.861 24.146 24.449 24.774 25.098 25.423 25.747 26.072 26.396 26.721 27.045 27.37 27.651 27.86 28.069 28.278 28.487 28.695 28.904 29.079 29.254 29.429 29.604 29.779 29.954 30.176 30.409 30.641 30.874 31.107 31.339 31.572 31.805 32.038 32.27 32.473 32.655 32.836 33.018 33.199 33.381 33.562 33.744 33.925 34.107 34.285 34.413 34.54 34.668 34.795 34.923 35.04 35.094 35.147 35.201 35.255 35.309 35.377 35.467 35.556 35.646 35.736 35.825 35.915 36.005 36.094 36.184 36.273 36.31 36.325 36.34 36.355 36.37 36.384 36.391 36.399 36.406 36.414 36.422 36.429 36.437 36.444 36.452 36.46 36.481 36.538 36.595 36.651 36.708 36.765 36.822 36.879 36.936 36.992 37.049 37.106 37.167 37.227 37.287 37.348 37.408 37.518 37.636
16.726 16.907 17.112 17.366 17.621 17.875 18.13 18.384 18.639 18.893 19.148 19.34 19.475 19.611 19.746 19.882 20.018 20.153 20.289 20.461 20.637 20.814 20.991 21.168 21.344 21.521 21.746 22.032 22.317 22.602 22.888 23.173 23.458 23.744 24.029 24.332 24.657 24.981 25.306 25.631 25.955 26.28 26.604 26.929 27.227 27.436 27.645 27.854 28.063 28.271 28.48 28.688 28.863 29.038 29.213 29.388 29.563 29.738 29.914 30.147 30.38 30.612 30.845 31.078 31.31 31.543 31.776 32.009 32.211 32.392 32.574 32.755 32.937 33.118 33.3 33.481 33.663 33.844 33.977 34.104 34.232 34.359 34.487 34.614 34.73 34.784 34.838 34.892 34.945 34.999 35.053 35.129 35.218 35.308 35.397 35.487 35.577 35.666 35.756 35.845 35.935 35.97 35.985 36.0 36.015 36.03 36.045 36.057 36.065 36.073 36.08 36.088 36.096 36.103 36.111 36.118 36.126 36.148 36.205 36.262 36.319 36.375 36.432 36.489 36.546 36.603 36.66 36.716 36.776 36.837 36.897 36.958 37.018 37.078 37.189 37.307
16.794 16.976 17.182 17.436 17.691 17.945 18.2 18.454 18.709 18.963 19.173 19.308 19.444 19.579 19.715 19.851 19.986 20.122 20.257 20.43 20.607 20.784 20.96 21.137 21.314 21.49 21.667 21.914 22.2 22.485 22.77 23.056 23.341 23.627 23.912 24.216 24.54 24.865 25.189 25.514 25.838 26.163 26.487 26.803 27.012 27.221 27.43 27.639 27.847 28.056 28.265 28.472 28.647 28.822 28.997 29.172 29.347 29.522 29.697 29.885 30.118 30.351 30.583 30.816 31.049 31.281 31.514 31.747 31.948 32.13 32.311 32.493 32.674 32.856 33.037 33.218 33.4 33.541 33.668 33.796 33.923 34.051 34.178 34.306 34.42 34.474 34.528 34.582 34.636 34.689 34.743 34.797 34.88 34.97 35.059 35.149 35.238 35.328 35.418 35.507 35.597 35.631 35.646 35.661 35.676 35.691 35.706 35.721 35.731 35.739 35.747 35.754 35.762 35.769 35.777 35.785 35.792 35.815 35.872 35.929 35.986 36.043 36.099 36.156 36.213 36.27 36.327 36.386 36.447 36.507 36.568 36.628 36.688 36.749 36.86 36.978
16.863 17.045 17.252 17.506 17.761 18.015 18.27 18.524 18.779 19.006 19.141 19.277 19.413 19.548 19.684 19.819 19.955 20.091 20.226 20.4 20.576 20.753 20.93 21.106 21.283 21.46 21.636 21.813 22.083 22.368 22.653 22.939 23.224 23.509 23.795 24.099 24.424 24.748 25.073 25.397 25.722 26.046 26.371 26.588 26.797 27.006 27.215 27.423 27.632 27.841 28.05 28.257 28.432 28.607 28.782 28.957 29.132 29.307 29.482 29.657 29.856 30.089 30.322 30.554 30.787 31.02 31.252 31.485 31.686 31.867 32.049 32.23 32.412 32.593 32.774 32.956 33.105 33.232 33.36 33.487 33.615 33.742 33.87 33.997 34.11 34.164 34.218 34.272 34.326 34.38 34.434 34.487 34.542 34.631 34.721 34.811 34.9 34.99 35.079 35.169 35.259 35.291 35.306 35.321 35.336 35.351 35.366 35.381 35.396 35.405 35.413 35.421 35.428 35.436 35.443 35.451 35.459 35.483 35.539 35.596 35.653 35.71 35.767 35.824 35.88 35.937 35.996 36.057 36.117 36.177 36.238 36.298 36.359 36.419 36.531 36.65
16.932 17.113 17.322 17.576 17.831 18.085 18.34 18.594 18.839 18.975 19.11 19.246 19.381 19.517 19.652 19.788 19.924 20.059 20.195 20.369 20.546 20.722 20.899 21.076 21.252 21.429 21.606 21.782 21.965 22.251 22.536 22.821 23.107 23.392 23.677 23.983 24.307 24.632 24.956 25.281 25.605 25.93 26.164 26.373 26.582 26.791 26.999 27.208 27.417 27.626 27.835 28.041 28.216 28.391 28.566 28.741 28.916 29.091 29.266 29.441 29.616 29.827 30.06 30.293 30.525 30.758 30.991 31.223 31.423 31.605 31.786 31.968 32.149 32.33 32.512 32.669 32.796 32.924 33.051 33.179 33.306 33.434 33.561 33.689 33.801 33.854 33.908 33.962 34.016 34.07 34.124 34.178 34.231 34.293 34.383 34.472 34.562 34.651 34.741 34.831 34.92 34.952 34.967 34.982 34.997 35.012 35.027 35.042 35.057 35.072 35.079 35.087 35.095 35.102 35.11 35.117 35.125 35.15 35.207 35.263 35.32 35.377 35.434 35.491 35.548 35.606 35.666 35.727 35.787 35.848 35.908 35.968 36.029 36.089 36.203 36.321
17.001 17.182 17.392 17.646 17.901 18.155 18.41 18.664 18.808 18.943 19.079 19.214 19.35 19.486 19.621 19.757 19.892 20.028 20.164 20.338 20.515 20.692 20.868 21.045 21.222 21.398 21.575 21.752 21.928 22.133 22.419 22.704 22.989 23.275 23.56 23.866 24.191 24.515 24.84 25.164 25.489 25.74 25.949 26.158 26.367 26.575 26.784 26.993 27.202 27.411 27.62 27.825 28.0 28.175 28.35 28.525 28.7 28.875 29.05 29.225 29.4 29.575 29.798 30.031 30.264 30.496 30.729 30.962 31.161 31.342 31.524 31.705 31.886 32.068 32.232 32.36 32.488 32.615 32.743 32.87 32.998 33.125 33.253 33.38 33.491 33.545 33.599 33.652 33.706 33.76 33.814 33.868 33.922 33.976 34.044 34.134 34.224 34.313 34.403 34.492 34.582 34.612 34.627 34.642 34.657 34.672 34.687 34.702 34.717 34.732 34.746 34.753 34.761 34.769 34.776 34.784 34.791 34.817 34.874 34.931 34.987 35.044 35.101 35.158 35.216 35.276 35.337 35.397 35.458 35.518 35.578 35.639 35.699 35.76 35.874 35.992
17.069 17.251 17.462 17.716 17.971 18.225 18.479 18.641 18.776 18.912 19.048 19.183 19.319 19.454 19.59 19.725 19.861 19.997 20.132 20.308 20.484 20.661 20.838 21.014 21.191 21.368 21.544 21.721 21.898 22.074 22.301 22.587 22.872 23.158 23.443 23.749 24.074 24.398 24.723 25.047 25.316 25.525 25.734 25.943 26.151 26.36 26.569 26.778 26.987 27.196 27.404 27.61 27.784 27.959 28.134 28.309 28.484 28.659 28.834 29.009 29.184 29.359 29.537 29.769 30.002 30.235 30.467 30.7 30.898 31.079 31.261 31.442 31.624 31.796 31.924 32.051 32.179 32.306 32.434 32.562 32.689 32.817 32.944 33.072 33.181 33.235 33.289 33.343 33.396 33.45 33.504 33.558 33.612 33.666 33.72 33.796 33.885 33.975 34.065 34.154 34.244 34.273 34.288 34.303 34.318 34.333 34.348 34.363 34.378 34.393 34.408 34.42 34.427 34.435 34.443 34.45 34.458 34.484 34.541 34.598 34.655 34.711 34.768 34.826 34.886 34.947 35.007 35.067 35.128 35.188 35.249 35.309 35.369 35.43 35.545 35.663
17.138 17.32 17.531 17.786 18.04 18.295 18.474 18.61 18.745 18.881 19.016 19.152 19.287 19.423 19.559 19.694 19.83 19.965 20.101 20.277 20.454 20.63 20.807 20.984 21.16 21.337 21.514 21.69 21.867 22.044 22.221 22.47 22.755 23.04 23.326 23.633 23.957 24.282 24.606 24.892 25.101 25.31 25.519 25.727 25.936 26.145 26.354 26.563 26.772 26.98 27.189 27.394 27.569 27.744 27.919 28.094 28.269 28.444 28.619 28.794 28.969 29.144 29.319 29.508 29.74 29.973 30.206 30.438 30.635 30.817 30.998 31.18 31.36 31.488 31.615 31.743 31.87 31.998 32.125 32.253 32.38 32.508 32.636 32.763 32.871 32.925 32.979 33.033 33.087 33.141 33.194 33.248 33.302 33.356 33.41 33.464 33.547 33.637 33.726 33.816 33.906 33.933 33.948 33.963 33.978 33.993 34.008 34.023 34.038 34.053 34.068 34.083 34.094 34.101 34.109 34.116 34.124 34.151 34.208 34.265 34.322 34.379 34.436 34.496 34.556 34.617 34.677 34.738 34.798 34.858 34.919 34.979 35.04 35.1 35.216 35.335
17.207 17.388 17.601 17.856 18.11 18.307 18.443 18.578 18.714 18.849 18.985 19.121 19.256 19.392 19.527 19.663 19.798 19.934 20.07 20.246 20.423 20.6 20.776 20.953 21.13 21.306 21.483 21.66 21.837 22.013 22.19 22.367 22.638 22.923 23.208 23.516 23.841 24.165 24.468 24.677 24.886 25.095 25.303 25.512 25.721 25.93 26.139 26.348 26.556 26.765 26.974 27.178 27.353 27.528 27.703 27.878 28.053 28.228 28.403 28.578 28.753 28.928 29.103 29.278 29.479 29.711 29.944 30.177 30.373 30.554 30.736 30.917 31.052 31.179 31.307 31.434 31.562 31.689 31.817 31.944 32.072 32.199 32.327 32.454 32.562 32.615 32.669 32.723 32.777 32.831 32.885 32.939 32.992 33.046 33.1 33.154 33.209 33.298 33.388 33.478 33.567 33.594 33.609 33.624 33.639 33.654 33.669 33.684 33.699 33.714 33.729 33.744 33.759 33.768 33.775 33.783 33.79 33.819 33.875 33.932 33.989 34.046 34.106 34.166 34.227 34.287 34.347 34.408 34.468 34.529 34.589 34.65 34.71 34.77 34.888 35.006
17.276 17.457 17.671 17.926 18.14 18.276 18.411 18.547 18.683 18.818 18.954 19.089 19.225 19.36 19.496 19.632 19.767 19.903 20.039 20.216 20.392 20.569 20.746 20.922 21.099 21.276 21.453 21.629 21.806 21.983 22.159 22.336 22.52 22.806 23.091 23.4 23.724 24.044 24.253 24.462 24.671 24.88 25.088 25.297 25.506 25.715 25.924 26.132 26.341 26.55 26.759 26.962 27.137 27.312 27.487 27.662 27.837 28.012 28.187 28.362 28.537 28.712 28.887 29.062 29.237 29.449 29.682 29.915 30.11 30.292 30.473 30.616 30.743 30.871 30.998 31.126 31.253 31.381 31.508 31.636 31.763 31.891 32.018 32.146 32.252 32.306 32.359 32.413 32.467 32.521 32.575 32.629 32.683 32.736 32.79 32.844 32.898 32.96 33.05 33.139 33.229 33.254 33.269 33.284 33.299 33.314 33.329 33.344 33.359 33.374 33.389 33.404 33.419 33.434 33.442 33.449 33.457 33.486 33.543 33.599 33.656 33.716 33.776 33.837 33.897 33.957 34.018 34.078 34.139 34.199 34.259 34.32 34.38 34.441 34.559 34.677
17.344 17.526 17.741 17.973 18.109 18.244 18.38 18.516 18.651 18.787 18.922 19.058 19.194 19.329 19.465 19.6 19.736 19.872 20.008 20.185 20.362 20.538 20.715 20.892 21.069 21.245 21.422 21.599 21.775 21.952 22.129 22.305 22.482 22.689 22.974 23.283 23.607 23.829 24.038 24.247 24.456 24.664 24.873 25.082 25.291 25.5 25.708 25.917 26.126 26.335 26.544 26.747 26.922 27.097 27.272 27.447 27.621 27.796 27.971 28.146 28.321 28.496 28.671 28.846 29.021 29.196 29.42 29.653 29.848 30.029 30.18 30.307 30.435 30.562 30.69 30.817 30.945 31.072 31.2 31.327 31.455 31.582 31.71 31.837 31.942 31.996 32.05 32.104 32.157 32.211 32.265 32.319 32.373 32.427 32.481 32.534 32.588 32.642 32.712 32.801 32.891 32.915 32.93 32.945 32.96 32.975 32.99 33.005 33.02 33.035 33.05 33.065 33.08 33.095 33.108 33.116 33.123 33.153 33.21 33.267 33.326 33.386 33.446 33.507 33.567 33.628 33.688 33.748 33.809 33.869 33.93 33.99 34.05 34.112 34.23 34.348
17.413 17.595 17.806 17.942 18.078 18.213 18.349 18.484 18.62 18.756 18.891 19.027 19.162 19.298 19.433 19.569 19.705 19.84 19.978 20.154 20.331 20.508 20.685 20.861 21.038 21.215 21.391 21.568 21.745 21.921 22.098 22.275 22.451 22.628 22.857 23.166 23.405 23.614 23.823 24.032 24.24 24.449 24.658 24.867 25.076 25.284 25.493 25.702 25.911 26.12 26.328 26.531 26.706 26.881 27.056 27.231 27.406 27.581 27.756 27.931 28.106 28.281 28.456 28.631 28.806 28.981 29.159 29.391 29.585 29.744 29.871 29.999 30.126 30.254 30.381 30.509 30.636 30.764 30.891 31.019 31.146 31.274 31.401 31.529 31.632 31.686 31.74 31.794 31.848 31.901 31.955 32.009 32.063 32.117 32.171 32.225 32.278 32.332 32.386 32.463 32.553 32.575 32.59 32.605 32.62 32.635 32.65 32.665 32.68 32.695 32.71 32.725 32.74 32.755 32.77 32.782 32.789 32.82 32.877 32.935 32.996 33.056 33.117 33.177 33.237 33.298 33.358 33.419 33.479 33.54 33.6 33.66 33.721 33.783 33.901 34.02
17.287 17.475 17.639 17.779 17.919 18.06 18.2 18.34 18.48 18.621 18.761 18.901 19.041 19.182 19.322 19.462 19.602 19.743 19.882 20.058 20.24 20.422 20.604 20.786 20.969 21.151 21.333 21.515 21.697 21.879 22.061 22.244 22.421 22.597 22.774 22.981 23.19 23.399 23.608 23.816 24.025 24.234 24.443 24.652 24.86 25.069 25.278 25.487 25.696 25.904 26.113 26.315 26.49 26.665 26.84 27.015 27.19 27.365 27.54 27.715 27.89 28.065 28.24 28.415 28.59 28.765 28.94 29.13 29.308 29.435 29.563 29.69 29.818 29.945 30.073 30.2 30.328 30.455 30.583 30.71 30.838 30.965 31.093 31.22 31.322 31.376 31.43 31.484 31.538 31.592 31.646 31.699 31.753 31.807 31.861 31.915 31.969 32.023 32.076 32.13 32.214 32.236 32.251 32.266 32.281 32.296 32.311 32.326 32.341 32.356 32.371 32.386 32.401 32.416 32.431 32.446 32.456 32.487 32.545 32.606 32.666 32.726 32.787 32.847 32.908 32.968 33.029 33.089 33.149 33.21 33.27 33.331 33.391 33.455 33.573 33.691
16.965 17.152 17.316 17.456 17.596 17.737 17.877 18.017 18.157 18.298 18.438 18.578 18.718 18.859 18.999 19.139 19.279 19.419 19.556 19.688 19.871 20.053 20.235 20.417 20.599 20.781 20.964 21.146 21.328 21.51 21.692 21.874 22.056 22.239 22.421 22.622 22.833 23.045 23.256 23.467 23.679 23.89 24.101 24.313 24.524 24.735 24.947 25.158 25.369 25.581 25.792 25.914 26.077 26.257 26.437 26.617 26.797 26.977 27.157 27.337 27.517 27.697 27.877 28.056 28.236 28.416 28.596 28.776 28.917 29.048 29.179 29.31 29.441 29.572 29.703 29.834 29.965 30.096 30.227 30.358 30.489 30.62 30.751 30.882 30.975 31.034 31.093 31.152 31.211 31.269 31.328 31.387 31.443 31.497 31.551 31.605 31.659 31.713 31.767 31.82 31.876 31.896 31.911 31.926 31.941 31.956 31.971 31.986 32.001 32.016 32.031 32.046 32.061 32.076 32.091 32.106 32.121 32.155 32.216 32.276 32.336 32.397 32.457 32.518 32.578 32.638 32.699 32.759 32.82 32.88 32.94 33.001 33.061 33.126 33.244 33.362
16.642 16.83 16.993 17.133 17.273 17.413 17.554 17.694 17.834 17.974 18.115 18.255 18.395 18.535 18.676 18.816 18.956 19.094 19.231 19.358 19.501 19.683 19.866 20.048 20.23 20.412 20.594 20.776 20.958 21.141 21.323 21.505 21.687 21.869 22.051 22.253 22.464 22.676 22.887 23.098 23.31 23.521 23.732 23.944 24.155 24.366 24.578 24.789 25.0 25.212 25.343 25.439 25.568 25.742 25.922 26.102 26.282 26.462 26.642 26.821 27.001 27.181 27.361 27.541 27.721 27.901 28.081 28.261 28.401 28.532 28.663 28.794 28.925 29.056 29.187 29.318 29.449 29.58 29.711 29.842 29.973 30.104 30.235 30.331 30.367 30.426 30.485 30.544 30.603 30.661 30.72 30.779 30.838 30.897 30.956 31.015 31.074 31.133 31.191 31.25 31.249 31.267 31.288 31.309 31.33 31.351 31.372 31.393 31.414 31.434 31.455 31.476 31.497 31.518 31.539 31.56 31.581 31.537 31.606 31.676 31.745 31.814 31.883 31.952 32.022 32.091 32.16 32.229 32.298 32.368 32.437 32.506 32.575 32.649 32.777 32.904
16.32 16.508 16.67 16.81 16.95 17.09 17.231 17.371 17.511 17.651 17.792 17.932 18.072 18.212 18.353 18.493 18.631 18.769 18.906 19.033 19.159 19.314 19.496 19.678 19.861 20.043 20.225 20.407 20.589 20.771 20.953 21.136 21.318 21.5 21.682 21.884 22.096 22.307 22.518 22.73 22.941 23.152 23.364 23.575 23.786 23.998 24.209 24.42 24.632 24.781 24.868 24.965 25.094 25.227 25.407 25.586 25.766 25.946 26.126 26.306 26.486 26.666 26.846 27.026 27.206 27.386 27.566 27.746 27.885 28.016 28.147 28.278 28.409 28.54 28.671 28.802 28.933 29.064 29.195 29.326 29.457 29.588 29.7 29.722 29.759 29.818 29.877 29.936 29.995 30.053 30.112 30.171 30.23 30.289 30.348 30.407 30.466 30.525 30.583 30.596 30.564 30.583 30.604 30.625 30.646 30.667 30.688 30.708 30.729 30.75 30.771 30.792 30.813 30.834 30.855 30.876 30.846 30.795 30.767 30.836 30.906 30.975 31.044 31.113 31.182 31.252 31.321 31.39 31.459 31.528 31.598 31.667 31.736 31.811 31.938 32.065
15.998 16.185 16.347 16.487 16.627 16.767 16.908 17.048 17.188 17.328 17.469 17.609 17.749 17.889 18.03 18.168 18.306 18.444 18.58 18.707 18.834 18.961 19.127 19.309 19.491 19.673 19.855 20.038 20.22 20.402 20.584 20.766 20.948 21.131 21.313 21.515 21.727 21.938 22.149 22.361 22.572 22.783 22.995 23.206 23.417 23.629 23.84 24.051 24.22 24.306 24.392 24.49 24.619 24.748 24.891 25.071 25.251 25.431 25.611 25.791 25.971 26.151 26.331 26.511 26.691 26.87 27.05 27.23 27.369 27.5 27.631 27.762 27.893 28.024 28.155 28.286 28.417 28.548 28.679 28.81 28.941 29.069 29.091 29.113 29.151 29.21 29.269 29.328 29.387 29.445 29.504 29.563 29.622 29.681 29.74 29.799 29.858 29.917 29.942 29.911 29.879 29.899 29.92 29.941 29.962 29.982 30.003 30.024 30.045 30.066 30.087 30.108 30.129 30.15 30.17 30.149 30.111 30.06 29.998 29.997 30.066 30.136 30.205 30.274 30.343 30.412 30.482 30.551 30.62 30.689 30.758 30.828 30.897 30.973 31.1 31.227
15.675 15.863 16.024 16.164 16.304 16.444 16.585 16.725 16.865 17.005 17.146 17.286 17.426 17.566 17.705 17.843 17.981 18.119 18.255 18.382 18.509 18.636 18.763 18.94 19.122 19.304 19.486 19.668 19.85 20.033 20.215 20.397 20.579 20.761 20.943 21.147 21.358 21.569 21.781 21.992 22.203 22.415 22.626 22.837 23.048 23.26 23.471 23.658 23.744 23.831 23.917 24.016 24.145 24.273 24.402 24.556 24.736 24.916 25.096 25.276 25.456 25.635 25.815 25.995 26.175 26.355 26.535 26.715 26.853 26.984 27.115 27.246 27.377 27.508 27.639 27.77 27.901 28.032 28.163 28.294 28.425 28.46 28.482 28.505 28.543 28.602 28.661 28.72 28.779 28.837 28.896 28.955 29.014 29.073 29.132 29.191 29.25 29.289 29.257 29.225 29.194 29.215 29.236 29.257 29.277 29.298 29.319 29.34 29.361 29.382 29.403 29.424 29.444 29.465 29.453 29.414 29.376 29.324 29.263 29.201 29.227 29.296 29.366 29.435 29.504 29.573 29.642 29.712 29.781 29.85 29.919 29.988 30.058 30.135 30.262 30.389
15.353 15.541 15.701 15.841 15.981 16.121 16.262 16.402 16.542 16.682 16.823 16.963 17.103 17.242 17.38 17.518 17.656 17.794 17.93 18.057 18.184 18.31 18.437 18.57 18.752 18.935 19.117 19.299 19.481 19.663 19.845 20.028 20.21 20.392 20.574 20.778 20.989 21.2 21.412 21.623 21.834 22.046 22.257 22.468 22.68 22.891 23.096 23.183 23.269 23.355 23.442 23.541 23.67 23.799 23.928 24.056 24.221 24.4 24.58 24.76 24.94 25.12 25.3 25.48 25.66 25.84 26.02 26.2 26.337 26.468 26.599 26.73 26.861 26.992 27.123 27.254 27.385 27.516 27.647 27.778 27.829 27.851 27.874 27.896 27.935 27.994 28.053 28.112 28.171 28.229 28.288 28.347 28.406 28.465 28.524 28.583 28.635 28.603 28.572 28.54 28.51 28.531 28.551 28.572 28.593 28.614 28.635 28.656 28.677 28.698 28.718 28.739 28.76 28.757 28.718 28.679 28.641 28.589 28.528 28.466 28.405 28.457 28.527 28.596 28.665 28.734 28.803 28.872 28.942 29.011 29.08 29.149 29.218 29.297 29.424 29.551
15.031 15.218 15.377 15.518 15.658 15.798 15.938 16.079 16.219 16.359 16.499 16.64 16.779 16.917 17.055 17.193 17.331 17.469 17.604 17.731 17.858 17.985 18.112 18.239 18.383 18.565 18.747 18.93 19.112 19.294 19.476 19.658 19.84 20.023 20.205 20.409 20.62 20.831 21.043 21.254 21.465 21.677 21.888 22.099 22.311 22.522 22.621 22.707 22.794 22.88 22.967 23.067 23.195 23.324 23.453 23.582 23.711 23.885 24.065 24.245 24.425 24.605 24.785 24.965 25.145 25.325 25.505 25.685 25.821 25.952 26.083 26.214 26.345 26.476 26.607 26.738 26.869 27.0 27.131 27.198 27.22 27.243 27.265 27.288 27.327 27.386 27.445 27.504 27.563 27.621 27.68 27.739 27.798 27.857 27.916 27.975 27.95 27.918 27.887 27.855 27.825 27.846 27.867 27.888 27.909 27.93 27.951 27.972 27.992 28.013 28.034 28.055 28.06 28.022 27.983 27.945 27.906 27.854 27.792 27.731 27.669 27.618 27.687 27.757 27.826 27.895 27.964 28.033 28.103 28.172 28.241 28.31 28.379 28.459 28.586 28.713
14.708 14.896 15.054 15.195 15.335 15.475 15.615 15.756 15.896 16.036 16.176 16.317 16.454 16.592 16.73 16.868 17.006 17.143 17.279 17.406 17.533 17.66 17.787 17.914 18.041 18.196 18.378 18.56 18.742 18.925 19.107 19.289 19.471 19.653 19.835 20.04 20.251 20.463 20.674 20.885 21.097 21.308 21.519 21.731 21.942 22.059 22.146 22.232 22.319 22.405 22.491 22.592 22.721 22.85 22.979 23.107 23.236 23.37 23.55 23.73 23.91 24.09 24.27 24.45 24.629 24.809 24.989 25.169 25.305 25.436 25.567 25.698 25.829 25.96 26.091 26.222 26.353 26.484 26.567 26.589 26.612 26.634 26.657 26.679 26.719 26.778 26.837 26.896 26.955 27.013 27.072 27.131 27.19 27.249 27.308 27.296 27.265 27.233 27.202 27.17 27.141 27.162 27.183 27.204 27.225 27.246 27.266 27.287 27.308 27.329 27.35 27.364 27.325 27.287 27.248 27.21 27.171 27.118 27.057 26.996 26.934 26.873 26.848 26.917 26.987 27.056 27.125 27.194 27.263 27.333 27.402 27.471 27.54 27.621 27.748 27.875
14.386 14.574 14.731 14.872 15.012 15.152 15.292 15.433 15.573 15.713 15.853 15.991 16.129 16.267 16.405 16.543 16.68 16.818 16.954 17.081 17.208 17.335 17.461 17.588 17.715 17.842 18.009 18.191 18.373 18.555 18.737 18.92 19.102 19.284 19.466 19.671 19.882 20.094 20.305 20.516 20.728 20.939 21.15 21.362 21.498 21.584 21.67 21.757 21.843 21.93 22.016 22.117 22.246 22.375 22.504 22.633 22.762 22.89 23.035 23.214 23.394 23.574 23.754 23.934 24.114 24.294 24.474 24.654 24.789 24.92 25.051 25.182 25.312 25.443 25.574 25.705 25.836 25.936 25.958 25.981 26.003 26.026 26.048 26.07 26.111 26.17 26.229 26.288 26.347 26.405 26.464 26.523 26.582 26.641 26.643 26.611 26.58 26.548 26.517 26.485 26.457 26.478 26.499 26.52 26.54 26.561 26.582 26.603 26.624 26.645 26.666 26.629 26.59 26.552 26.513 26.475 26.436 26.383 26.322 26.26 26.199 26.137 26.076 26.078 26.147 26.217 26.286 26.355 26.424 26.493 26.563 26.632 26.701 26.782 26.909 27.037
14.064 14.252 14.408 14.549 14.689 14.829 14.969 15.11 15.25 15.39 15.528 15.666 15.804 15.942 16.08 16.218 16.355 16.493 16.629 16.755 16.882 17.009 17.136 17.263 17.39 17.517 17.644 17.822 18.004 18.186 18.368 18.55 18.732 18.915 19.097 19.302 19.514 19.725 19.936 20.148 20.359 20.57 20.781 20.936 21.022 21.109 21.195 21.282 21.368 21.454 21.541 21.643 21.772 21.901 22.029 22.158 22.287 22.416 22.545 22.699 22.879 23.059 23.239 23.419 23.599 23.779 23.959 24.139 24.272 24.403 24.534 24.665 24.796 24.927 25.058 25.189 25.305 25.327 25.35 25.372 25.394 25.417 25.439 25.462 25.503 25.562 25.621 25.68 25.739 25.797 25.856 25.915 25.974 25.989 25.958 25.926 25.895 25.863 25.831 25.8 25.773 25.794 25.814 25.835 25.856 25.877 25.898 25.919 25.94 25.961 25.933 25.894 25.855 25.817 25.778 25.74 25.701 25.648 25.586 25.525 25.464 25.402 25.341 25.279 25.308 25.377 25.447 25.516 25.585 25.654 25.723 25.793 25.862 25.944 26.071 26.198
13.742 13.929 14.085 14.225 14.366 14.506 14.646 14.787 14.927 15.066 15.203 15.341 15.479 15.617 15.755 15.892 16.03 16.168 16.303 16.43 16.557 16.684 16.811 16.938 17.065 17.192 17.318 17.452 17.634 17.817 17.999 18.181 18.363 18.545 18.727 18.933 19.145 19.356 19.567 19.779 19.99 20.201 20.374 20.461 20.547 20.633 20.72 20.806 20.893 20.979 21.065 21.168 21.297 21.426 21.555 21.684 21.812 21.941 22.07 22.199 22.364 22.544 22.724 22.904 23.084 23.264 23.443 23.623 23.756 23.887 24.018 24.149 24.28 24.411 24.542 24.673 24.696 24.719 24.741 24.763 24.786 24.808 24.831 24.853 24.895 24.954 25.013 25.072 25.131 25.189 25.248 25.307 25.336 25.304 25.273 25.241 25.209 25.178 25.146 25.115 25.088 25.109 25.13 25.151 25.172 25.193 25.214 25.235 25.255 25.236 25.198 25.159 25.121 25.082 25.044 25.005 24.966 24.912 24.851 24.79 24.728 24.667 24.605 24.544 24.483 24.538 24.608 24.677 24.746 24.815 24.884 24.953 25.023 25.106 25.233 25.36
13.419 13.607 13.762 13.902 14.043 14.183 14.323 14.463 14.603 14.74 14.878 15.016 15.154 15.292 15.429 15.567 15.705 15.843 15.978 16.105 16.232 16.359 16.486 16.612 16.739 16.866 16.993 17.12 17.265 17.447 17.629 17.812 17.994 18.176 18.358 18.564 18.776 18.987 19.198 19.41 19.621 19.813 19.899 19.985 20.072 20.158 20.245 20.331 20.417 20.504 20.59 20.694 20.823 20.951 21.08 21.209 21.338 21.467 21.596 21.724 21.853 22.029 22.208 22.388 22.568 22.748 22.928 23.108 23.24 23.371 23.502 23.633 23.764 23.895 24.026 24.065 24.088 24.11 24.132 24.155 24.177 24.2 24.222 24.245 24.287 24.346 24.405 24.464 24.523 24.581 24.64 24.682 24.651 24.619 24.587 24.556 24.524 24.493 24.461 24.43 24.404 24.425 24.446 24.467 24.488 24.509 24.529 24.55 24.54 24.501 24.463 24.424 24.386 24.347 24.309 24.27 24.232 24.177 24.116 24.054 23.993 23.932 23.87 23.809 23.747 23.699 23.768 23.838 23.907 23.976 24.045 24.114 24.184 24.268 24.395 24.522
13.097 13.285 13.439 13.579 13.72 13.86 14.0 14.14 14.277 14.415 14.553 14.691 14.829 14.967 15.104 15.242 15.38 15.518 15.653 15.78 15.906 16.033 16.16 16.287 16.414 16.541 16.668 16.795 16.922 17.078 17.26 17.442 17.624 17.807 17.989 18.196 18.407 18.618 18.83 19.041 19.251 19.337 19.424 19.51 19.597 19.683 19.769 19.856 19.942 20.029 20.115 20.219 20.348 20.477 20.606 20.734 20.863 20.992 21.121 21.25 21.379 21.513 21.693 21.873 22.053 22.233 22.413 22.593 22.724 22.855 22.986 23.117 23.248 23.379 23.434 23.456 23.479 23.501 23.524 23.546 23.569 23.591 23.614 23.636 23.679 23.738 23.797 23.856 23.915 23.973 24.029 23.997 23.965 23.934 23.902 23.871 23.839 23.808 23.776 23.744 23.72 23.741 23.762 23.783 23.804 23.824 23.845 23.843 23.805 23.766 23.728 23.689 23.651 23.612 23.574 23.535 23.497 23.442 23.38 23.319 23.258 23.196 23.135 23.074 23.012 22.951 22.929 22.998 23.068 23.137 23.206 23.275 23.344 23.43 23.557 23.684
12.775 12.962 13.116 13.256 13.397 13.537 13.677 13.815 13.952 14.09 14.228 14.366 14.504 14.641 14.779 14.917 15.055 15.193 15.327 15.454 15.581 15.708 15.835 15.962 16.089 16.216 16.342 16.469 16.596 16.723 16.891 17.073 17.255 17.437 17.619 17.827 18.038 18.249 18.461 18.672 18.776 18.862 18.948 19.035 19.121 19.208 19.294 19.38 19.467 19.553 19.64 19.745 19.873 20.002 20.131 20.26 20.389 20.518 20.646 20.775 20.904 21.033 21.178 21.358 21.538 21.718 21.898 22.077 22.208 22.339 22.47 22.601 22.732 22.803 22.825 22.848 22.87 22.893 22.915 22.938 22.96 22.982 23.005 23.027 23.071 23.13 23.189 23.248 23.307 23.365 23.343 23.312 23.28 23.249 23.217 23.186 23.154 23.122 23.091 23.059 23.036 23.057 23.078 23.098 23.119 23.14 23.147 23.109 23.07 23.032 22.993 22.954 22.916 22.877 22.839 22.8 22.762 22.707 22.645 22.584 22.522 22.461 22.4 22.338 22.277 22.215 22.154 22.159 22.228 22.298 22.367 22.436 22.505 22.592 22.719 22.846
12.452 12.64 12.793 12.933 13.074 13.214 13.352 13.489 13.627 13.765 13.903 14.041 14.178 14.316 14.454 14.592 14.73 14.868 15.002 15.129 15.256 15.383 15.51 15.636 15.763 15.89 16.017 16.144 16.271 16.398 16.525 16.704 16.886 17.068 17.25 17.458 17.669 17.881 18.092 18.214 18.3 18.387 18.473 18.56 18.646 18.732 18.819 18.905 18.992 19.078 19.164 19.27 19.399 19.528 19.657 19.785 19.914 20.043 20.172 20.301 20.429 20.558 20.687 20.843 21.022 21.202 21.382 21.561 21.692 21.823 21.954 22.085 22.172 22.194 22.217 22.239 22.262 22.284 22.307 22.329 22.351 22.374 22.396 22.419 22.463 22.522 22.581 22.64 22.699 22.69 22.658 22.627 22.595 22.564 22.532 22.5 22.469 22.437 22.406 22.374 22.352 22.372 22.393 22.414 22.435 22.451 22.412 22.374 22.335 22.297 22.258 22.22 22.181 22.142 22.104 22.065 22.027 21.971 21.91 21.848 21.787 21.726 21.664 21.603 21.542 21.48 21.419 21.357 21.389 21.458 21.528 21.597 21.666 21.753 21.881 22.008
12.13 12.318 12.47 12.61 12.75 12.889 13.026 13.164 13.302 13.44 13.578 13.716 13.853 13.991 14.129 14.267 14.405 14.542 14.677 14.804 14.93 15.057 15.184 15.311 15.438 15.565 15.692 15.819 15.946 16.073 16.199 16.334 16.516 16.699 16.881 17.089 17.3 17.512 17.652 17.739 17.825 17.912 17.998 18.084 18.171 18.257 18.344 18.43 18.516 18.603 18.689 18.796 18.924 19.053 19.182 19.311 19.44 19.568 19.697 19.826 19.955 20.084 20.213 20.341 20.507 20.687 20.867 21.045 21.176 21.307 21.438 21.541 21.563 21.586 21.608 21.631 21.653 21.676 21.698 21.72 21.743 21.765 21.788 21.81 21.855 21.914 21.973 22.032 22.036 22.005 21.973 21.942 21.91 21.878 21.847 21.815 21.784 21.752 21.721 21.689 21.667 21.688 21.709 21.73 21.751 21.716 21.677 21.639 21.6 21.562 21.523 21.485 21.446 21.408 21.369 21.33 21.292 21.236 21.175 21.113 21.052 20.99 20.929 20.868 20.806 20.745 20.683 20.622 20.561 20.619 20.689 20.758 20.827 20.915 21.042 21.169
