    600    136    276
0.221 0.183 0.145 0.106 0.068 0.03 0.004 0.003 0.003 0.003 0.003 0.003 0.003 0.003 0.003 0.002 0.002 0.002 0.002 0.002 0.002 0.002 0.002 0.002 0.002 0.002 0.002 0.001 0.001 0.001 0.001 0.001 0.001 0.001 0.001 0.001 0.001 0.001 0.001 0.0 0.0 0.0 0.0 0.0 0.0 0.0 0.0 0.0 0.0 0.0 0.0 0.0 0.0 0.0 0.0 0.0 0.0 0.0 0.0 0.0 0.0 0.0 0.0 0.0 0.0 0.0 0.0 0.0 0.0 0.0 0.0 0.0 0.0 0.0 0.0 0.0 0.0 0.0 0.0 0.0 0.0 0.0 0.0 0.0 0.0 0.0 0.0 0.0 0.0 0.0 0.0 0.0 0.0 0.0 0.0 0.0 0.0 0.0 0.0 0.0 0.0 0.0 0.0 0.0 0.0 0.003 0.009 0.016 0.022 0.028 0.035 0.041 0.047 0.054 0.06 0.066 0.073 0.079 0.085 0.091 0.098 0.105 0.121 0.138 0.154 0.171 0.187 0.204 0.22 0.236 0.253 0.269 0.286 0.302 0.319 0.335
0.231 0.193 0.155 0.117 0.079 0.041 0.015 0.008 0.008 0.008 0.008 0.008 0.008 0.008 0.008 0.008 0.008 0.007 0.007 0.007 0.007 0.007 0.007 0.007 0.007 0.007 0.007 0.007 0.007 0.006 0.006 0.006 0.006 0.006 0.006 0.006 0.006 0.006 0.004 0.001 0.001 0.001 0.001 0.001 0.001 0.001 0.001 0.001 0.001 0.001 0.001 0.001 0.001 0.001 0.001 0.0 0.0 0.0 0.0 0.0 0.0 0.0 0.0 0.0 0.0 0.0 0.0 0.0 0.0 0.0 0.0 0.0 0.0 0.0 0.0 0.0 0.0 0.0 0.0 0.0 0.0 0.0 0.0 0.0 0.0 0.0 0.0 0.0 0.0 0.0 0.0 0.0 0.0 0.0 0.0 0.0 0.0 0.0 0.0 0.0 0.0 0.0 0.0 0.0 0.0 0.003 0.01 0.016 0.022 0.029 0.035 0.041 0.048 0.054 0.06 0.067 0.073 0.079 0.086 0.092 0.098 0.105 0.122 0.138 0.155 0.171 0.188 0.204 0.221 0.237 0.254 0.27 0.287 0.303 0.319 0.336
0.242 0.204 0.166 0.128 0.089 0.051 0.026 0.019 0.013 0.013 0.013 0.013 0.013 0.013 0.013 0.013 0.013 0.013 0.013 0.012 0.012 0.012 0.012 0.012 0.012 0.012 0.012 0.012 0.012 0.012 0.012 0.011 0.011 0.011 0.011 0.011 0.011 0.01 0.004 0.002 0.002 0.002 0.002 0.001 0.001 0.001 0.001 0.001 0.001 0.001 0.001 0.001 0.001 0.001 0.001 0.0 0.0 0.0 0.0 0.0 0.0 0.0 0.0 0.0 0.0 0.0 0.0 0.0 0.0 0.0 0.0 0.0 0.0 0.0 0.0 0.0 0.0 0.0 0.0 0.0 0.0 0.0 0.0 0.0 0.0 0.0 0.0 0.0 0.0 0.0 0.0 0.0 0.0 0.0 0.0 0.0 0.0 0.0 0.0 0.0 0.0 0.0 0.0 0.0 0.0 0.003 0.008 0.015 0.021 0.027 0.034 0.04 0.046 0.053 0.059 0.066 0.072 0.078 0.085 0.091 0.097 0.105 0.121 0.138 0.154 0.171 0.187 0.204 0.22 0.237 0.253 0.27 0.286 0.303 0.319 0.336
0.252 0.214 0.176 0.138 0.1 0.062 0.037 0.03 0.022 0.019 0.018 0.018 0.018 0.018 0.018 0.018 0.018 0.018 0.018 0.018 0.018 0.018 0.017 0.017 0.017 0.017 0.017 0.017 0.017 0.017 0.017 0.017 0.017 0.017 0.016 0.016 0.016 0.01 0.005 0.002 0.002 0.002 0.002 0.002 0.002 0.002 0.002 0.002 0.002 0.002 0.002 0.002 0.002 0.002 0.001 0.0 0.0 0.0 0.0 0.0 0.0 0.0 0.0 0.0 0.0 0.0 0.0 0.0 0.0 0.0 0.0 0.0 0.0 0.0 0.0 0.0 0.0 0.0 0.0 0.0 0.0 0.0 0.0 0.0 0.0 0.0 0.0 0.0 0.0 0.0 0.0 0.0 0.0 0.0 0.0 0.0 0.0 0.0 0.0 0.0 0.0 0.0 0.0 0.0 0.001 0.003 0.007 0.013 0.02 0.026 0.032 0.039 0.045 0.051 0.058 0.064 0.07 0.077 0.083 0.089 0.096 0.103 0.12 0.136 0.153 0.169 0.186 0.202 0.219 0.235 0.252 0.268 0.285 0.301 0.318 0.334
0.263 0.225 0.187 0.149 0.111 0.072 0.048 0.041 0.033 0.026 0.024 0.024 0.023 0.023 0.023 0.023 0.023 0.023 0.023 0.023 0.023 0.023 0.023 0.023 0.022 0.022 0.022 0.022 0.022 0.022 0.022 0.022 0.022 0.022 0.022 0.022 0.017 0.011 0.006 0.003 0.003 0.003 0.003 0.003 0.003 0.003 0.003 0.003 0.003 0.003 0.003 0.003 0.003 0.002 0.001 0.0 0.0 0.0 0.0 0.0 0.0 0.0 0.0 0.0 0.0 0.0 0.0 0.0 0.0 0.0 0.0 0.0 0.0 0.0 0.0 0.0 0.0 0.0 0.0 0.0 0.0 0.0 0.0 0.0 0.0 0.0 0.0 0.0 0.0 0.0 0.0 0.0 0.0 0.0 0.0 0.0 0.0 0.0 0.0 0.0 0.0 0.0 0.0 0.001 0.001 0.004 0.008 0.012 0.018 0.024 0.031 0.037 0.044 0.05 0.056 0.063 0.069 0.075 0.082 0.088 0.094 0.102 0.118 0.135 0.151 0.168 0.185 0.201 0.218 0.234 0.251 0.267 0.284 0.3 0.317 0.333
0.274 0.235 0.197 0.159 0.121 0.083 0.059 0.052 0.044 0.037 0.03 0.029 0.029 0.029 0.029 0.028 0.028 0.028 0.028 0.028 0.028 0.028 0.028 0.028 0.028 0.028 0.028 0.027 0.027 0.027 0.027 0.027 0.027 0.027 0.027 0.023 0.017 0.012 0.006 0.004 0.004 0.004 0.004 0.004 0.004 0.004 0.004 0.004 0.004 0.004 0.004 0.004 0.003 0.002 0.001 0.0 0.0 0.0 0.0 0.0 0.0 0.0 0.0 0.0 0.0 0.0 0.0 0.0 0.0 0.0 0.0 0.0 0.0 0.0 0.0 0.0 0.0 0.0 0.0 0.0 0.0 0.0 0.0 0.0 0.0 0.0 0.0 0.0 0.0 0.0 0.0 0.0 0.0 0.0 0.0 0.0 0.0 0.0 0.0 0.0 0.0 0.0 0.001 0.001 0.002 0.004 0.008 0.012 0.017 0.023 0.029 0.036 0.042 0.048 0.055 0.061 0.067 0.074 0.08 0.087 0.093 0.101 0.117 0.134 0.15 0.167 0.183 0.2 0.216 0.233 0.249 0.266 0.282 0.299 0.315 0.328
0.284 0.246 0.208 0.17 0.132 0.094 0.07 0.063 0.056 0.048 0.041 0.034 0.034 0.034 0.034 0.034 0.034 0.033 0.033 0.033 0.033 0.033 0.033 0.033 0.033 0.033 0.033 0.033 0.033 0.032 0.032 0.032 0.032 0.032 0.029 0.023 0.018 0.012 0.007 0.004 0.004 0.004 0.004 0.004 0.004 0.004 0.004 0.004 0.004 0.004 0.004 0.004 0.003 0.002 0.001 0.0 0.0 0.0 0.0 0.0 0.0 0.0 0.0 0.0 0.0 0.0 0.0 0.0 0.0 0.0 0.0 0.0 0.0 0.0 0.0 0.0 0.0 0.0 0.0 0.0 0.0 0.0 0.0 0.0 0.0 0.0 0.0 0.0 0.0 0.0 0.0 0.0 0.0 0.0 0.0 0.0 0.0 0.0 0.0 0.0 0.0 0.001 0.001 0.002 0.002 0.005 0.009 0.013 0.016 0.022 0.028 0.034 0.041 0.047 0.053 0.06 0.066 0.072 0.079 0.085 0.091 0.099 0.116 0.132 0.149 0.165 0.182 0.198 0.215 0.231 0.248 0.264 0.281 0.297 0.311 0.32
0.295 0.257 0.219 0.18 0.142 0.104 0.081 0.074 0.067 0.059 0.052 0.044 0.039 0.039 0.039 0.039 0.039 0.039 0.039 0.038 0.038 0.038 0.038 0.038 0.038 0.038 0.038 0.038 0.038 0.038 0.038 0.037 0.037 0.035 0.029 0.024 0.018 0.013 0.008 0.005 0.005 0.005 0.005 0.005 0.005 0.005 0.005 0.005 0.005 0.005 0.004 0.004 0.003 0.002 0.001 0.0 0.0 0.0 0.0 0.0 0.0 0.0 0.0 0.0 0.0 0.0 0.0 0.0 0.0 0.0 0.0 0.0 0.0 0.0 0.0 0.0 0.0 0.0 0.0 0.0 0.0 0.0 0.0 0.0 0.0 0.0 0.0 0.0 0.0 0.0 0.0 0.0 0.0 0.0 0.0 0.0 0.0 0.0 0.0 0.0 0.0 0.001 0.002 0.002 0.003 0.006 0.009 0.013 0.017 0.021 0.026 0.033 0.039 0.046 0.052 0.058 0.065 0.071 0.077 0.084 0.09 0.098 0.115 0.131 0.148 0.164 0.181 0.197 0.214 0.23 0.247 0.263 0.28 0.294 0.303 0.312
0.305 0.267 0.229 0.191 0.153 0.115 0.092 0.085 0.078 0.07 0.063 0.055 0.048 0.044 0.044 0.044 0.044 0.044 0.044 0.044 0.044 0.044 0.043 0.043 0.043 0.043 0.043 0.043 0.043 0.043 0.043 0.043 0.041 0.035 0.03 0.025 0.019 0.014 0.008 0.006 0.006 0.006 0.006 0.006 0.006 0.006 0.006 0.006 0.006 0.005 0.004 0.003 0.003 0.002 0.001 0.0 0.0 0.0 0.0 0.0 0.0 0.0 0.0 0.0 0.0 0.0 0.0 0.0 0.0 0.0 0.0 0.0 0.0 0.0 0.0 0.0 0.0 0.0 0.0 0.0 0.0 0.0 0.0 0.0 0.0 0.0 0.0 0.0 0.0 0.0 0.0 0.0 0.0 0.0 0.0 0.0 0.0 0.0 0.0 0.0 0.001 0.002 0.002 0.003 0.003 0.006 0.01 0.014 0.018 0.021 0.025 0.031 0.038 0.044 0.05 0.057 0.063 0.069 0.076 0.082 0.089 0.097 0.113 0.13 0.146 0.163 0.179 0.196 0.212 0.229 0.245 0.262 0.278 0.286 0.295 0.304
0.316 0.278 0.24 0.202 0.163 0.125 0.103 0.096 0.089 0.081 0.074 0.066 0.059 0.052 0.049 0.049 0.049 0.049 0.049 0.049 0.049 0.049 0.049 0.049 0.048 0.048 0.048 0.048 0.048 0.048 0.048 0.047 0.041 0.036 0.031 0.025 0.02 0.014 0.009 0.007 0.007 0.007 0.007 0.007 0.007 0.007 0.007 0.007 0.006 0.005 0.004 0.003 0.003 0.002 0.001 0.0 0.0 0.0 0.0 0.0 0.0 0.0 0.0 0.0 0.0 0.0 0.0 0.0 0.0 0.0 0.0 0.0 0.0 0.0 0.0 0.0 0.0 0.0 0.0 0.0 0.0 0.0 0.0 0.0 0.0 0.0 0.0 0.0 0.0 0.0 0.0 0.0 0.0 0.0 0.0 0.0 0.0 0.0 0.0 0.001 0.001 0.002 0.003 0.003 0.004 0.007 0.011 0.014 0.018 0.022 0.026 0.03 0.036 0.043 0.049 0.055 0.062 0.068 0.074 0.081 0.087 0.096 0.112 0.129 0.145 0.162 0.178 0.195 0.211 0.228 0.244 0.261 0.27 0.279 0.287 0.296
0.326 0.288 0.25 0.212 0.174 0.136 0.115 0.107 0.1 0.092 0.085 0.078 0.07 0.063 0.055 0.054 0.054 0.054 0.054 0.054 0.054 0.054 0.054 0.054 0.054 0.054 0.054 0.053 0.053 0.053 0.053 0.047 0.042 0.037 0.031 0.026 0.02 0.015 0.01 0.007 0.007 0.007 0.007 0.007 0.007 0.007 0.007 0.007 0.006 0.005 0.004 0.003 0.003 0.002 0.001 0.0 0.0 0.0 0.0 0.0 0.0 0.0 0.0 0.0 0.0 0.0 0.0 0.0 0.0 0.0 0.0 0.0 0.0 0.0 0.0 0.0 0.0 0.0 0.0 0.0 0.0 0.0 0.0 0.0 0.0 0.0 0.0 0.0 0.0 0.0 0.0 0.0 0.0 0.0 0.0 0.0 0.0 0.0 0.001 0.001 0.002 0.003 0.003 0.004 0.005 0.007 0.011 0.015 0.019 0.022 0.026 0.03 0.035 0.041 0.047 0.054 0.06 0.067 0.073 0.079 0.086 0.094 0.111 0.127 0.144 0.16 0.177 0.193 0.21 0.226 0.243 0.253 0.262 0.271 0.28 0.289
0.337 0.299 0.261 0.223 0.185 0.146 0.126 0.118 0.111 0.103 0.096 0.089 0.081 0.074 0.066 0.06 0.06 0.059 0.059 0.059 0.059 0.059 0.059 0.059 0.059 0.059 0.059 0.059 0.059 0.058 0.054 0.048 0.043 0.037 0.032 0.026 0.021 0.016 0.01 0.008 0.008 0.008 0.008 0.008 0.008 0.008 0.008 0.007 0.006 0.005 0.004 0.003 0.003 0.002 0.001 0.0 0.0 0.0 0.0 0.0 0.0 0.0 0.0 0.0 0.0 0.0 0.0 0.0 0.0 0.0 0.0 0.0 0.0 0.0 0.0 0.0 0.0 0.0 0.0 0.0 0.0 0.0 0.0 0.0 0.0 0.0 0.0 0.0 0.0 0.0 0.0 0.0 0.0 0.0 0.0 0.0 0.0 0.001 0.001 0.002 0.003 0.003 0.004 0.004 0.005 0.008 0.012 0.016 0.019 0.023 0.027 0.031 0.034 0.04 0.046 0.052 0.059 0.065 0.071 0.078 0.084 0.093 0.109 0.126 0.142 0.159 0.175 0.192 0.209 0.225 0.236 0.245 0.254 0.263 0.272 0.281
0.348 0.309 0.271 0.233 0.195 0.157 0.137 0.129 0.122 0.114 0.107 0.1 0.092 0.085 0.077 0.07 0.065 0.065 0.065 0.064 0.064 0.064 0.064 0.064 0.064 0.064 0.064 0.064 0.064 0.06 0.054 0.049 0.043 0.038 0.033 0.027 0.022 0.016 0.011 0.009 0.009 0.009 0.009 0.009 0.009 0.009 0.008 0.007 0.006 0.005 0.004 0.003 0.003 0.002 0.001 0.0 0.0 0.0 0.0 0.0 0.0 0.0 0.0 0.0 0.0 0.0 0.0 0.0 0.0 0.0 0.0 0.0 0.0 0.0 0.0 0.0 0.0 0.0 0.0 0.0 0.0 0.0 0.0 0.0 0.0 0.0 0.0 0.0 0.0 0.0 0.0 0.0 0.0 0.0 0.0 0.0 0.001 0.001 0.002 0.002 0.003 0.004 0.004 0.005 0.006 0.009 0.012 0.016 0.02 0.024 0.027 0.031 0.035 0.039 0.045 0.051 0.057 0.064 0.07 0.076 0.083 0.092 0.108 0.125 0.141 0.158 0.174 0.191 0.207 0.22 0.229 0.237 0.246 0.255 0.264 0.273
0.362 0.32 0.282 0.244 0.206 0.168 0.148 0.14 0.133 0.125 0.118 0.111 0.103 0.096 0.088 0.081 0.074 0.07 0.07 0.07 0.07 0.07 0.069 0.069 0.069 0.069 0.069 0.069 0.066 0.06 0.055 0.049 0.044 0.039 0.033 0.028 0.022 0.017 0.012 0.01 0.01 0.01 0.01 0.01 0.01 0.009 0.008 0.007 0.006 0.005 0.004 0.003 0.003 0.002 0.001 0.0 0.0 0.0 0.0 0.0 0.0 0.0 0.0 0.0 0.0 0.0 0.0 0.0 0.0 0.0 0.0 0.0 0.0 0.0 0.0 0.0 0.0 0.0 0.0 0.0 0.0 0.0 0.0 0.0 0.0 0.0 0.0 0.0 0.0 0.0 0.0 0.0 0.0 0.0 0.0 0.001 0.001 0.002 0.002 0.003 0.004 0.004 0.005 0.006 0.006 0.009 0.013 0.017 0.02 0.024 0.028 0.032 0.036 0.039 0.043 0.049 0.056 0.062 0.068 0.075 0.081 0.09 0.107 0.123 0.14 0.156 0.173 0.189 0.203 0.212 0.221 0.23 0.238 0.247 0.256 0.265
0.386 0.331 0.292 0.254 0.216 0.178 0.159 0.151 0.144 0.137 0.129 0.122 0.114 0.107 0.1 0.092 0.085 0.077 0.075 0.075 0.075 0.075 0.075 0.075 0.074 0.074 0.074 0.072 0.066 0.061 0.056 0.05 0.045 0.039 0.034 0.028 0.023 0.018 0.012 0.01 0.01 0.01 0.01 0.01 0.01 0.009 0.008 0.007 0.006 0.005 0.004 0.003 0.003 0.002 0.001 0.0 0.0 0.0 0.0 0.0 0.0 0.0 0.0 0.0 0.0 0.0 0.0 0.0 0.0 0.0 0.0 0.0 0.0 0.0 0.0 0.0 0.0 0.0 0.0 0.0 0.0 0.0 0.0 0.0 0.0 0.0 0.0 0.0 0.0 0.0 0.0 0.0 0.0 0.0 0.0 0.001 0.002 0.002 0.003 0.004 0.004 0.005 0.005 0.006 0.007 0.01 0.014 0.017 0.021 0.025 0.029 0.032 0.036 0.04 0.044 0.048 0.054 0.061 0.067 0.073 0.08 0.089 0.106 0.122 0.139 0.155 0.172 0.186 0.195 0.204 0.213 0.222 0.231 0.239 0.248 0.257
0.409 0.355 0.303 0.265 0.227 0.189 0.17 0.162 0.155 0.148 0.14 0.133 0.125 0.118 0.111 0.103 0.096 0.088 0.081 0.08 0.08 0.08 0.08 0.08 0.08 0.08 0.078 0.072 0.067 0.062 0.056 0.051 0.045 0.04 0.035 0.029 0.024 0.018 0.013 0.011 0.011 0.011 0.011 0.011 0.01 0.009 0.008 0.007 0.006 0.005 0.004 0.003 0.002 0.002 0.001 0.0 0.0 0.0 0.0 0.0 0.0 0.0 0.0 0.0 0.0 0.0 0.0 0.0 0.0 0.0 0.0 0.0 0.0 0.0 0.0 0.0 0.0 0.0 0.0 0.0 0.0 0.0 0.0 0.0 0.0 0.0 0.0 0.0 0.0 0.0 0.0 0.0 0.0 0.0 0.001 0.002 0.002 0.003 0.003 0.004 0.005 0.005 0.006 0.007 0.007 0.01 0.014 0.018 0.022 0.025 0.029 0.033 0.037 0.041 0.044 0.048 0.053 0.059 0.066 0.072 0.078 0.088 0.104 0.121 0.137 0.154 0.17 0.178 0.187 0.196 0.205 0.214 0.223 0.232 0.241 0.249
0.433 0.378 0.324 0.275 0.237 0.199 0.181 0.173 0.166 0.159 0.151 0.144 0.136 0.129 0.122 0.114 0.107 0.099 0.092 0.085 0.085 0.085 0.085 0.085 0.085 0.084 0.078 0.073 0.068 0.062 0.057 0.051 0.046 0.041 0.035 0.03 0.024 0.019 0.014 0.012 0.012 0.012 0.011 0.011 0.01 0.009 0.008 0.007 0.006 0.005 0.004 0.003 0.002 0.002 0.001 0.0 0.0 0.0 0.0 0.0 0.0 0.0 0.0 0.0 0.0 0.0 0.0 0.0 0.0 0.0 0.0 0.0 0.0 0.0 0.0 0.0 0.0 0.0 0.0 0.0 0.0 0.0 0.0 0.0 0.0 0.0 0.0 0.0 0.0 0.0 0.0 0.0 0.0 0.001 0.001 0.002 0.003 0.003 0.004 0.005 0.005 0.006 0.007 0.007 0.008 0.011 0.015 0.018 0.022 0.026 0.03 0.034 0.037 0.041 0.045 0.049 0.052 0.058 0.064 0.07 0.077 0.086 0.103 0.12 0.136 0.153 0.162 0.171 0.179 0.188 0.197 0.206 0.215 0.224 0.233 0.242
0.456 0.402 0.348 0.293 0.248 0.21 0.192 0.184 0.177 0.17 0.162 0.155 0.147 0.14 0.133 0.125 0.118 0.11 0.103 0.096 0.09 0.09 0.09 0.09 0.09 0.085 0.079 0.074 0.068 0.063 0.057 0.052 0.047 0.041 0.036 0.03 0.025 0.02 0.014 0.013 0.013 0.012 0.011 0.011 0.01 0.009 0.008 0.007 0.006 0.005 0.004 0.003 0.002 0.002 0.001 0.0 0.0 0.0 0.0 0.0 0.0 0.0 0.0 0.0 0.0 0.0 0.0 0.0 0.0 0.0 0.0 0.0 0.0 0.0 0.0 0.0 0.0 0.0 0.0 0.0 0.0 0.0 0.0 0.0 0.0 0.0 0.0 0.0 0.0 0.0 0.0 0.0 0.001 0.001 0.002 0.003 0.003 0.004 0.005 0.005 0.006 0.006 0.007 0.008 0.008 0.011 0.015 0.019 0.023 0.027 0.03 0.034 0.038 0.042 0.046 0.049 0.053 0.057 0.063 0.069 0.075 0.085 0.102 0.118 0.135 0.145 0.154 0.163 0.172 0.181 0.189 0.198 0.207 0.216 0.225 0.234
0.48 0.425 0.371 0.317 0.263 0.22 0.203 0.196 0.188 0.181 0.173 0.166 0.159 0.151 0.144 0.136 0.129 0.122 0.114 0.107 0.099 0.096 0.095 0.095 0.091 0.085 0.08 0.074 0.069 0.064 0.058 0.053 0.047 0.042 0.036 0.031 0.026 0.02 0.015 0.013 0.013 0.012 0.011 0.01 0.01 0.009 0.008 0.007 0.006 0.005 0.004 0.003 0.002 0.002 0.001 0.0 0.0 0.0 0.0 0.0 0.0 0.0 0.0 0.0 0.0 0.0 0.0 0.0 0.0 0.0 0.0 0.0 0.0 0.0 0.0 0.0 0.0 0.0 0.0 0.0 0.0 0.0 0.0 0.0 0.0 0.0 0.0 0.0 0.0 0.0 0.0 0.001 0.001 0.002 0.003 0.003 0.004 0.004 0.005 0.006 0.006 0.007 0.008 0.008 0.009 0.012 0.016 0.02 0.023 0.027 0.031 0.035 0.039 0.042 0.046 0.05 0.054 0.057 0.061 0.068 0.074 0.084 0.1 0.117 0.128 0.137 0.146 0.155 0.164 0.173 0.182 0.19 0.199 0.208 0.217 0.226
0.503 0.449 0.395 0.34 0.286 0.232 0.214 0.207 0.199 0.192 0.184 0.177 0.17 0.162 0.155 0.147 0.14 0.133 0.125 0.118 0.11 0.103 0.101 0.097 0.091 0.086 0.08 0.075 0.07 0.064 0.059 0.053 0.048 0.043 0.037 0.032 0.026 0.021 0.015 0.014 0.013 0.012 0.011 0.01 0.01 0.009 0.008 0.007 0.006 0.005 0.004 0.003 0.002 0.002 0.001 0.0 0.0 0.0 0.0 0.0 0.0 0.0 0.0 0.0 0.0 0.0 0.0 0.0 0.0 0.0 0.0 0.0 0.0 0.0 0.0 0.0 0.0 0.0 0.0 0.0 0.0 0.0 0.0 0.0 0.0 0.0 0.0 0.0 0.0 0.0 0.001 0.001 0.002 0.002 0.003 0.004 0.004 0.005 0.006 0.006 0.007 0.007 0.008 0.009 0.009 0.013 0.016 0.02 0.024 0.028 0.032 0.035 0.039 0.043 0.047 0.05 0.054 0.058 0.062 0.066 0.072 0.083 0.099 0.112 0.121 0.129 0.138 0.147 0.156 0.165 0.174 0.183 0.191 0.2 0.209 0.218
0.656 0.599 0.542 0.485 0.428 0.387 0.337 0.327 0.317 0.307 0.297 0.287 0.277 0.267 0.257 0.247 0.237 0.227 0.217 0.207 0.196 0.186 0.153 0.134 0.127 0.12 0.113 0.106 0.099 0.093 0.086 0.079 0.072 0.065 0.058 0.051 0.044 0.038 0.031 0.027 0.025 0.022 0.02 0.018 0.015 0.013 0.01 0.008 0.006 0.005 0.004 0.003 0.002 0.002 0.001 0.0 0.0 0.0 0.0 0.0 0.0 0.0 0.0 0.0 0.0 0.0 0.0 0.0 0.0 0.0 0.0 0.0 0.0 0.0 0.0 0.0 0.0 0.0 0.0 0.0 0.0 0.0 0.0 0.0 0.0 0.0 0.0 0.0 0.0 0.0 0.001 0.002 0.002 0.003 0.004 0.004 0.005 0.006 0.006 0.007 0.007 0.008 0.009 0.009 0.01 0.013 0.017 0.021 0.025 0.028 0.032 0.036 0.04 0.044 0.047 0.051 0.055 0.059 0.062 0.066 0.071 0.081 0.095 0.104 0.113 0.122 0.13 0.139 0.148 0.157 0.166 0.175 0.184 0.193 0.201 0.21
0.849 0.792 0.735 0.678 0.628 0.628 0.566 0.506 0.496 0.486 0.476 0.466 0.456 0.445 0.435 0.425 0.415 0.405 0.395 0.385 0.375 0.365 0.329 0.226 0.219 0.212 0.205 0.199 0.192 0.185 0.178 0.171 0.164 0.157 0.15 0.143 0.137 0.13 0.123 0.119 0.117 0.115 0.112 0.11 0.107 0.105 0.103 0.1 0.098 0.095 0.093 0.091 0.088 0.086 0.078 0.001 0.0 0.0 0.0 0.0 0.0 0.0 0.0 0.0 0.0 0.0 0.0 0.0 0.0 0.0 0.0 0.0 0.0 0.0 0.0 0.0 0.0 0.0 0.0 0.0 0.0 0.0 0.0 0.0 0.0 0.0 0.0 0.0 0.001 0.002 0.002 0.003 0.003 0.004 0.005 0.005 0.006 0.006 0.007 0.008 0.008 0.009 0.009 0.01 0.011 0.014 0.018 0.021 0.025 0.029 0.033 0.037 0.04 0.044 0.048 0.052 0.055 0.059 0.063 0.067 0.071 0.078 0.087 0.096 0.105 0.114 0.123 0.131 0.14 0.149 0.158 0.167 0.176 0.185 0.194 0.202
1.042 0.985 0.928 0.871 0.87 0.87 0.806 0.719 0.674 0.664 0.654 0.644 0.634 0.624 0.614 0.604 0.594 0.584 0.574 0.564 0.554 0.544 0.506 0.393 0.311 0.305 0.298 0.291 0.284 0.277 0.27 0.263 0.256 0.249 0.243 0.236 0.229 0.222 0.215 0.212 0.209 0.207 0.205 0.202 0.2 0.197 0.195 0.193 0.19 0.188 0.185 0.183 0.181 0.178 0.078 0.002 0.0 0.0 0.0 0.0 0.0 0.0 0.0 0.0 0.0 0.0 0.0 0.0 0.0 0.0 0.0 0.0 0.0 0.0 0.0 0.0 0.0 0.0 0.0 0.0 0.0 0.0 0.0 0.0 0.0 0.0 0.0 0.0 0.002 0.004 0.005 0.005 0.006 0.006 0.007 0.008 0.008 0.009 0.009 0.01 0.011 0.011 0.012 0.012 0.013 0.016 0.02 0.024 0.028 0.031 0.035 0.039 0.043 0.046 0.05 0.054 0.058 0.061 0.065 0.069 0.073 0.094 0.107 0.116 0.124 0.132 0.14 0.149 0.157 0.165 0.173 0.182 0.19 0.198 0.206 0.215
1.234 1.178 1.121 1.111 1.111 1.111 1.046 0.959 0.872 0.843 0.833 0.823 0.813 0.803 0.793 0.782 0.772 0.762 0.752 0.742 0.732 0.722 0.683 0.57 0.457 0.397 0.39 0.383 0.376 0.369 0.362 0.355 0.348 0.342 0.335 0.328 0.321 0.314 0.307 0.304 0.302 0.299 0.297 0.294 0.292 0.29 0.287 0.285 0.282 0.28 0.278 0.275 0.273 0.188 0.078 0.004 0.002 0.0 0.0 0.0 0.0 0.0 0.0 0.0 0.0 0.0 0.0 0.0 0.0 0.0 0.0 0.0 0.0 0.001 0.001 0.001 0.001 0.001 0.001 0.001 0.001 0.001 0.001 0.001 0.001 0.001 0.001 0.001 0.002 0.005 0.007 0.008 0.008 0.009 0.009 0.01 0.011 0.011 0.012 0.012 0.013 0.013 0.014 0.015 0.015 0.019 0.023 0.026 0.03 0.034 0.038 0.041 0.045 0.049 0.053 0.056 0.06 0.064 0.068 0.071 0.083 0.104 0.136 0.145 0.153 0.161 0.17 0.178 0.186 0.194 0.203 0.211 0.219 0.227 0.235 0.244
1.427 1.37 1.352 1.352 1.352 1.353 1.286 1.199 1.112 1.025 1.011 1.001 0.991 0.981 0.971 0.961 0.951 0.941 0.931 0.921 0.911 0.901 0.86 0.747 0.634 0.521 0.482 0.475 0.468 0.461 0.454 0.448 0.441 0.434 0.427 0.42 0.413 0.406 0.399 0.396 0.394 0.391 0.389 0.387 0.384 0.382 0.379 0.377 0.375 0.372 0.37 0.367 0.299 0.188 0.077 0.005 0.003 0.001 0.0 0.0 0.0 0.0 0.0 0.0 0.0 0.0 0.0 0.0 0.0 0.0 0.0 0.0 0.0 0.001 0.001 0.001 0.001 0.001 0.001 0.001 0.001 0.001 0.001 0.001 0.001 0.001 0.001 0.001 0.002 0.005 0.008 0.01 0.01 0.011 0.012 0.012 0.013 0.013 0.014 0.015 0.015 0.016 0.016 0.017 0.018 0.021 0.025 0.029 0.032 0.036 0.04 0.044 0.047 0.051 0.055 0.059 0.062 0.066 0.07 0.08 0.092 0.114 0.146 0.174 0.182 0.191 0.199 0.207 0.215 0.223 0.232 0.24 0.248 0.256 0.265 0.273
1.62 1.594 1.594 1.594 1.594 1.594 1.526 1.439 1.352 1.265 1.19 1.18 1.17 1.16 1.15 1.14 1.13 1.119 1.109 1.099 1.089 1.079 1.037 0.924 0.811 0.698 0.585 0.567 0.56 0.554 0.547 0.54 0.533 0.526 0.519 0.512 0.505 0.498 0.492 0.488 0.486 0.484 0.481 0.479 0.476 0.474 0.472 0.469 0.467 0.465 0.462 0.409 0.299 0.188 0.077 0.006 0.005 0.003 0.001 0.0 0.0 0.0 0.0 0.0 0.0 0.0 0.0 0.0 0.0 0.0 0.0 0.0 0.0 0.001 0.001 0.001 0.001 0.001 0.001 0.001 0.001 0.001 0.001 0.001 0.001 0.001 0.001 0.001 0.002 0.006 0.009 0.012 0.013 0.013 0.014 0.015 0.015 0.016 0.016 0.017 0.018 0.018 0.019 0.019 0.02 0.024 0.027 0.031 0.035 0.039 0.042 0.046 0.05 0.054 0.057 0.061 0.065 0.069 0.078 0.09 0.101 0.123 0.156 0.188 0.211 0.22 0.228 0.236 0.244 0.253 0.261 0.269 0.277 0.286 0.294 0.302
1.835 1.835 1.835 1.835 1.835 1.835 1.766 1.679 1.592 1.505 1.418 1.358 1.348 1.338 1.328 1.318 1.308 1.298 1.288 1.278 1.268 1.258 1.214 1.101 0.988 0.875 0.762 0.659 0.653 0.646 0.639 0.632 0.625 0.618 0.611 0.604 0.598 0.591 0.584 0.581 0.578 0.576 0.574 0.571 0.569 0.566 0.564 0.562 0.559 0.557 0.52 0.409 0.298 0.187 0.076 0.008 0.006 0.004 0.002 0.001 0.0 0.0 0.0 0.0 0.0 0.0 0.0 0.0 0.0 0.0 0.0 0.0 0.0 0.001 0.001 0.001 0.001 0.001 0.001 0.001 0.001 0.001 0.001 0.001 0.001 0.001 0.001 0.001 0.003 0.006 0.009 0.012 0.015 0.016 0.016 0.017 0.018 0.018 0.019 0.019 0.02 0.021 0.021 0.022 0.022 0.026 0.03 0.034 0.037 0.041 0.045 0.049 0.052 0.056 0.06 0.064 0.067 0.075 0.087 0.099 0.111 0.133 0.166 0.198 0.231 0.249 0.257 0.265 0.274 0.282 0.29 0.298 0.306 0.315 0.323 0.331
2.076 2.076 2.076 2.077 2.077 2.077 2.006 1.919 1.832 1.745 1.658 1.571 1.527 1.517 1.507 1.497 1.487 1.477 1.467 1.456 1.446 1.436 1.391 1.278 1.165 1.052 0.939 0.826 0.745 0.738 0.731 0.724 0.717 0.71 0.703 0.697 0.69 0.683 0.676 0.673 0.671 0.668 0.666 0.663 0.661 0.659 0.656 0.654 0.651 0.631 0.52 0.409 0.298 0.187 0.076 0.009 0.007 0.006 0.004 0.002 0.0 0.0 0.0 0.0 0.0 0.0 0.0 0.0 0.0 0.0 0.0 0.0 0.0 0.001 0.001 0.001 0.001 0.001 0.001 0.001 0.001 0.001 0.001 0.001 0.001 0.001 0.001 0.001 0.003 0.006 0.009 0.013 0.016 0.018 0.019 0.019 0.02 0.021 0.021 0.022 0.022 0.023 0.024 0.024 0.025 0.028 0.032 0.036 0.04 0.043 0.047 0.051 0.055 0.058 0.062 0.066 0.073 0.084 0.096 0.108 0.12 0.143 0.175 0.208 0.241 0.273 0.286 0.294 0.303 0.311 0.319 0.327 0.336 0.344 0.352 0.36
2.318 2.318 2.318 2.318 2.318 2.318 2.246 2.159 2.072 1.985 1.898 1.811 1.725 1.695 1.685 1.675 1.665 1.655 1.645 1.635 1.625 1.615 1.568 1.455 1.342 1.229 1.116 1.003 0.89 0.83 0.823 0.816 0.809 0.803 0.796 0.789 0.782 0.775 0.768 0.765 0.763 0.76 0.758 0.756 0.753 0.751 0.748 0.746 0.741 0.63 0.519 0.408 0.297 0.187 0.076 0.011 0.009 0.007 0.005 0.004 0.002 0.0 0.0 0.0 0.0 0.0 0.0 0.0 0.0 0.0 0.0 0.0 0.0 0.001 0.001 0.001 0.001 0.002 0.002 0.002 0.002 0.002 0.002 0.002 0.002 0.002 0.002 0.002 0.003 0.006 0.01 0.013 0.016 0.019 0.021 0.022 0.022 0.023 0.024 0.024 0.025 0.025 0.026 0.027 0.027 0.031 0.035 0.038 0.042 0.046 0.05 0.053 0.057 0.061 0.065 0.07 0.082 0.094 0.106 0.118 0.129 0.152 0.185 0.218 0.25 0.283 0.315 0.324 0.332 0.34 0.348 0.357 0.365 0.373 0.381 0.389
2.559 2.559 2.559 2.559 2.559 2.559 2.486 2.399 2.312 2.225 2.138 2.051 1.965 1.878 1.864 1.854 1.844 1.834 1.824 1.814 1.804 1.793 1.745 1.632 1.519 1.406 1.293 1.18 1.067 0.954 0.915 0.908 0.902 0.895 0.888 0.881 0.874 0.867 0.86 0.857 0.855 0.853 0.85 0.848 0.846 0.843 0.841 0.838 0.741 0.63 0.519 0.408 0.297 0.186 0.075 0.012 0.01 0.008 0.007 0.005 0.003 0.001 0.0 0.0 0.0 0.0 0.0 0.0 0.0 0.0 0.0 0.0 0.0 0.001 0.001 0.001 0.001 0.002 0.002 0.002 0.002 0.002 0.002 0.002 0.002 0.002 0.002 0.002 0.003 0.007 0.01 0.013 0.016 0.019 0.023 0.024 0.025 0.025 0.026 0.026 0.027 0.028 0.028 0.029 0.03 0.033 0.037 0.041 0.045 0.048 0.052 0.056 0.06 0.063 0.068 0.079 0.091 0.103 0.115 0.127 0.139 0.162 0.195 0.227 0.26 0.293 0.325 0.353 0.361 0.369 0.377 0.386 0.394 0.402 0.41 0.419
2.8 2.8 2.801 2.801 2.801 2.801 2.726 2.639 2.552 2.465 2.378 2.291 2.205 2.118 2.042 2.032 2.022 2.012 2.002 1.992 1.982 1.972 1.922 1.809 1.696 1.583 1.47 1.357 1.244 1.131 1.018 1.001 0.994 0.987 0.98 0.973 0.966 0.959 0.952 0.95 0.947 0.945 0.943 0.94 0.938 0.935 0.933 0.851 0.74 0.629 0.518 0.408 0.297 0.186 0.075 0.013 0.012 0.01 0.008 0.006 0.005 0.003 0.001 0.0 0.0 0.0 0.0 0.0 0.0 0.0 0.0 0.0 0.0 0.001 0.001 0.001 0.001 0.002 0.002 0.002 0.002 0.002 0.002 0.002 0.002 0.002 0.002 0.002 0.004 0.007 0.01 0.013 0.017 0.02 0.023 0.026 0.027 0.028 0.028 0.029 0.029 0.03 0.031 0.031 0.032 0.036 0.039 0.043 0.047 0.051 0.054 0.058 0.062 0.066 0.077 0.089 0.101 0.113 0.124 0.136 0.148 0.172 0.204 0.237 0.27 0.302 0.335 0.367 0.39 0.398 0.407 0.415 0.423 0.431 0.44 0.448
3.042 3.042 3.042 3.042 3.042 3.042 2.966 2.879 2.792 2.705 2.618 2.531 2.444 2.358 2.271 2.211 2.201 2.191 2.181 2.171 2.161 2.151 2.099 1.986 1.873 1.76 1.647 1.534 1.421 1.308 1.195 1.093 1.086 1.079 1.072 1.065 1.058 1.052 1.045 1.042 1.04 1.037 1.035 1.032 1.03 1.028 0.962 0.851 0.74 0.629 0.518 0.407 0.296 0.185 0.075 0.015 0.013 0.011 0.009 0.008 0.006 0.004 0.002 0.001 0.0 0.0 0.0 0.0 0.0 0.0 0.0 0.0 0.0 0.001 0.001 0.001 0.001 0.002 0.002 0.002 0.002 0.002 0.002 0.002 0.002 0.002 0.002 0.002 0.004 0.007 0.01 0.014 0.017 0.02 0.023 0.026 0.029 0.03 0.031 0.031 0.032 0.032 0.033 0.034 0.034 0.038 0.042 0.046 0.049 0.053 0.057 0.061 0.064 0.074 0.086 0.098 0.11 0.122 0.134 0.146 0.158 0.182 0.214 0.247 0.279 0.312 0.345 0.377 0.41 0.428 0.436 0.444 0.452 0.46 0.469 0.477
3.283 3.283 3.283 3.283 3.283 3.283 3.206 3.119 3.032 2.945 2.858 2.771 2.684 2.598 2.511 2.424 2.379 2.369 2.359 2.349 2.339 2.329 2.276 2.163 2.05 1.937 1.824 1.711 1.598 1.485 1.372 1.259 1.178 1.171 1.164 1.157 1.151 1.144 1.137 1.134 1.132 1.129 1.127 1.125 1.122 1.072 0.961 0.85 0.739 0.629 0.518 0.407 0.296 0.185 0.074 0.016 0.014 0.013 0.011 0.009 0.007 0.006 0.004 0.002 0.0 0.0 0.0 0.0 0.0 0.0 0.0 0.0 0.0 0.001 0.001 0.001 0.001 0.002 0.002 0.002 0.002 0.003 0.003 0.003 0.003 0.003 0.003 0.003 0.004 0.007 0.011 0.014 0.017 0.02 0.024 0.027 0.03 0.032 0.033 0.034 0.034 0.035 0.035 0.036 0.037 0.041 0.044 0.048 0.052 0.056 0.059 0.063 0.072 0.084 0.096 0.108 0.119 0.131 0.143 0.155 0.167 0.191 0.224 0.256 0.289 0.322 0.354 0.387 0.42 0.452 0.465 0.473 0.481 0.49 0.498 0.506
3.525 3.525 3.525 3.525 3.525 3.525 3.446 3.359 3.272 3.185 3.098 3.011 2.924 2.838 2.751 2.664 2.577 2.548 2.538 2.528 2.518 2.508 2.452 2.34 2.227 2.114 2.001 1.888 1.775 1.662 1.549 1.436 1.323 1.263 1.257 1.25 1.243 1.236 1.229 1.226 1.224 1.222 1.219 1.217 1.183 1.072 0.961 0.85 0.739 0.628 0.517 0.406 0.296 0.185 0.074 0.018 0.016 0.014 0.012 0.011 0.009 0.007 0.005 0.004 0.002 0.0 0.0 0.0 0.0 0.0 0.0 0.0 0.0 0.001 0.001 0.001 0.001 0.002 0.002 0.002 0.002 0.003 0.003 0.003 0.003 0.003 0.003 0.003 0.005 0.008 0.011 0.014 0.017 0.021 0.024 0.027 0.03 0.033 0.035 0.036 0.037 0.037 0.038 0.038 0.039 0.043 0.047 0.05 0.054 0.058 0.062 0.069 0.081 0.093 0.105 0.117 0.129 0.141 0.152 0.164 0.176 0.201 0.234 0.266 0.299 0.331 0.364 0.397 0.429 0.462 0.494 0.502 0.511 0.519 0.527 0.535
3.766 3.766 3.766 3.766 3.766 3.766 3.686 3.599 3.512 3.425 3.338 3.251 3.164 3.078 2.991 2.904 2.817 2.73 2.716 2.706 2.696 2.686 2.629 2.516 2.404 2.291 2.178 2.065 1.952 1.839 1.726 1.613 1.5 1.387 1.349 1.342 1.335 1.328 1.321 1.319 1.316 1.314 1.312 1.293 1.182 1.071 0.961 0.85 0.739 0.628 0.517 0.406 0.295 0.184 0.073 0.019 0.017 0.015 0.014 0.012 0.01 0.008 0.007 0.005 0.003 0.001 0.0 0.0 0.0 0.0 0.0 0.0 0.0 0.001 0.001 0.001 0.001 0.002 0.002 0.002 0.002 0.003 0.003 0.003 0.003 0.003 0.003 0.003 0.005 0.008 0.011 0.014 0.018 0.021 0.024 0.027 0.03 0.034 0.037 0.038 0.039 0.039 0.04 0.041 0.042 0.045 0.049 0.053 0.057 0.06 0.067 0.079 0.091 0.103 0.114 0.126 0.138 0.15 0.162 0.174 0.186 0.211 0.243 0.276 0.308 0.341 0.374 0.406 0.439 0.472 0.504 0.531 0.54 0.548 0.556 0.564
4.007 4.007 4.007 4.007 4.007 4.007 3.926 3.839 3.752 3.665 3.578 3.491 3.404 3.318 3.231 3.144 3.057 2.97 2.895 2.885 2.875 2.865 2.806 2.693 2.58 2.468 2.355 2.242 2.129 2.016 1.903 1.79 1.677 1.564 1.451 1.434 1.427 1.42 1.413 1.411 1.409 1.406 1.404 1.293 1.182 1.071 0.96 0.849 0.738 0.627 0.517 0.406 0.295 0.184 0.073 0.02 0.019 0.017 0.015 0.013 0.012 0.01 0.008 0.006 0.005 0.003 0.001 0.0 0.0 0.0 0.0 0.0 0.0 0.001 0.001 0.001 0.001 0.002 0.002 0.002 0.002 0.003 0.003 0.003 0.003 0.003 0.003 0.003 0.005 0.008 0.012 0.015 0.018 0.021 0.024 0.028 0.031 0.034 0.037 0.04 0.041 0.042 0.042 0.043 0.044 0.048 0.052 0.055 0.059 0.064 0.076 0.088 0.1 0.112 0.124 0.136 0.147 0.159 0.171 0.183 0.195 0.22 0.253 0.286 0.318 0.351 0.383 0.416 0.449 0.481 0.514 0.546 0.569 0.577 0.585 0.594
4.249 4.249 4.249 4.249 4.249 4.249 4.166 4.079 3.992 3.905 3.818 3.731 3.644 3.558 3.471 3.384 3.297 3.21 3.123 3.064 3.053 3.043 2.983 2.87 2.757 2.644 2.532 2.419 2.306 2.193 2.08 1.967 1.854 1.741 1.628 1.526 1.519 1.512 1.506 1.503 1.501 1.498 1.403 1.292 1.182 1.071 0.96 0.849 0.738 0.627 0.516 0.405 0.294 0.183 0.073 0.022 0.02 0.018 0.016 0.015 0.013 0.011 0.009 0.008 0.006 0.004 0.002 0.001 0.0 0.0 0.0 0.0 0.0 0.001 0.001 0.001 0.001 0.002 0.002 0.002 0.002 0.003 0.003 0.003 0.003 0.003 0.003 0.003 0.005 0.009 0.012 0.015 0.018 0.021 0.025 0.028 0.031 0.034 0.037 0.041 0.044 0.044 0.045 0.045 0.046 0.05 0.054 0.058 0.062 0.074 0.086 0.097 0.109 0.121 0.133 0.145 0.157 0.169 0.181 0.192 0.204 0.23 0.263 0.295 0.328 0.361 0.393 0.426 0.458 0.491 0.524 0.556 0.589 0.606 0.614 0.623
4.49 4.49 4.49 4.49 4.49 4.49 4.406 4.319 4.232 4.145 4.058 3.971 3.884 3.797 3.711 3.624 3.537 3.45 3.363 3.276 3.232 3.222 3.16 3.047 2.934 2.821 2.708 2.596 2.483 2.37 2.257 2.144 2.031 1.918 1.805 1.692 1.612 1.605 1.598 1.596 1.593 1.514 1.403 1.292 1.181 1.07 0.959 0.848 0.738 0.627 0.516 0.405 0.294 0.183 0.072 0.023 0.021 0.02 0.018 0.016 0.014 0.013 0.011 0.009 0.007 0.006 0.004 0.002 0.0 0.0 0.0 0.0 0.0 0.001 0.001 0.001 0.001 0.002 0.002 0.002 0.002 0.003 0.003 0.003 0.004 0.004 0.004 0.004 0.006 0.009 0.012 0.015 0.018 0.022 0.025 0.028 0.031 0.035 0.038 0.041 0.044 0.047 0.047 0.048 0.049 0.053 0.056 0.06 0.071 0.083 0.095 0.107 0.119 0.131 0.142 0.154 0.166 0.178 0.19 0.202 0.214 0.24 0.272 0.305 0.338 0.37 0.403 0.435 0.468 0.501 0.533 0.566 0.599 0.631 0.644 0.652
4.731 4.731 4.731 4.731 4.731 4.731 4.646 4.559 4.472 4.385 4.298 4.211 4.124 4.037 3.951 3.864 3.777 3.69 3.603 3.516 3.429 3.401 3.337 3.224 3.111 2.998 2.885 2.772 2.66 2.547 2.434 2.321 2.208 2.095 1.982 1.869 1.756 1.697 1.69 1.688 1.624 1.513 1.403 1.292 1.181 1.07 0.959 0.848 0.737 0.626 0.515 0.405 0.294 0.183 0.072 0.025 0.023 0.021 0.019 0.018 0.016 0.014 0.012 0.011 0.009 0.007 0.005 0.004 0.002 0.0 0.0 0.0 0.0 0.001 0.001 0.001 0.001 0.002 0.002 0.002 0.002 0.003 0.003 0.003 0.004 0.004 0.004 0.004 0.006 0.009 0.012 0.016 0.019 0.022 0.025 0.028 0.032 0.035 0.038 0.041 0.044 0.048 0.05 0.05 0.051 0.055 0.059 0.069 0.081 0.092 0.104 0.116 0.128 0.14 0.152 0.164 0.176 0.187 0.199 0.211 0.223 0.249 0.282 0.315 0.347 0.38 0.413 0.445 0.478 0.51 0.543 0.576 0.608 0.641 0.673 0.681
4.973 4.973 4.973 4.973 4.973 4.972 4.886 4.799 4.712 4.625 4.538 4.451 4.364 4.277 4.191 4.104 4.017 3.93 3.843 3.756 3.669 3.582 3.514 3.401 3.288 3.175 3.062 2.949 2.836 2.724 2.611 2.498 2.385 2.272 2.159 2.046 1.933 1.82 1.782 1.735 1.624 1.513 1.402 1.291 1.18 1.07 0.959 0.848 0.737 0.626 0.515 0.404 0.293 0.182 0.071 0.026 0.024 0.022 0.021 0.019 0.017 0.015 0.014 0.012 0.01 0.008 0.007 0.005 0.003 0.001 0.0 0.0 0.0 0.001 0.001 0.001 0.001 0.002 0.002 0.002 0.002 0.003 0.003 0.003 0.004 0.004 0.004 0.004 0.006 0.009 0.013 0.016 0.019 0.022 0.025 0.029 0.032 0.035 0.038 0.042 0.045 0.048 0.051 0.052 0.054 0.057 0.066 0.078 0.09 0.102 0.114 0.126 0.137 0.149 0.161 0.173 0.185 0.197 0.209 0.22 0.232 0.259 0.292 0.324 0.357 0.39 0.422 0.455 0.487 0.52 0.553 0.585 0.618 0.651 0.683 0.71
5.098 5.1 5.102 5.105 5.107 5.107 5.023 4.938 4.853 4.769 4.684 4.6 4.515 4.43 4.346 4.261 4.176 4.092 4.007 3.923 3.838 3.753 3.709 3.595 3.482 3.368 3.255 3.141 3.028 2.914 2.801 2.687 2.574 2.46 2.346 2.233 2.119 2.006 1.883 1.768 1.654 1.541 1.427 1.314 1.2 1.086 0.973 0.859 0.746 0.632 0.519 0.405 0.293 0.182 0.071 0.027 0.026 0.024 0.022 0.02 0.019 0.017 0.015 0.013 0.012 0.01 0.008 0.006 0.005 0.003 0.001 0.0 0.0 0.001 0.001 0.001 0.001 0.002 0.002 0.002 0.002 0.003 0.003 0.003 0.004 0.004 0.004 0.004 0.006 0.01 0.013 0.016 0.019 0.023 0.026 0.029 0.032 0.035 0.039 0.042 0.045 0.048 0.051 0.055 0.056 0.064 0.076 0.087 0.099 0.111 0.123 0.135 0.147 0.159 0.17 0.182 0.194 0.206 0.218 0.23 0.242 0.269 0.301 0.334 0.367 0.399 0.432 0.465 0.497 0.53 0.562 0.595 0.628 0.66 0.693 0.725
5.199 5.201 5.203 5.205 5.208 5.207 5.122 5.037 4.953 4.868 4.784 4.699 4.614 4.53 4.445 4.36 4.276 4.191 4.106 4.022 3.937 3.964 3.923 3.809 3.696 3.582 3.469 3.355 3.242 3.128 3.015 2.901 2.788 2.674 2.561 2.447 2.334 2.215 2.061 1.932 1.818 1.705 1.591 1.478 1.364 1.251 1.137 1.023 0.91 0.796 0.683 0.569 0.456 0.342 0.228 0.184 0.179 0.175 0.17 0.166 0.162 0.157 0.153 0.148 0.144 0.139 0.135 0.13 0.126 0.121 0.117 0.004 0.001 0.001 0.001 0.002 0.002 0.002 0.002 0.003 0.003 0.003 0.003 0.004 0.004 0.004 0.004 0.005 0.007 0.01 0.013 0.017 0.02 0.023 0.026 0.029 0.033 0.036 0.039 0.042 0.045 0.049 0.052 0.055 0.061 0.073 0.085 0.097 0.109 0.12 0.132 0.144 0.156 0.168 0.18 0.192 0.204 0.215 0.227 0.239 0.251 0.279 0.311 0.344 0.376 0.409 0.442 0.474 0.507 0.539 0.572 0.605 0.637 0.67 0.703 0.735
5.299 5.302 5.304 5.306 5.308 5.306 5.221 5.137 5.052 4.968 4.883 4.798 4.714 4.629 4.544 4.46 4.375 4.29 4.206 4.121 4.128 4.181 4.137 4.024 3.91 3.797 3.683 3.57 3.456 3.343 3.229 3.116 3.002 2.889 2.775 2.662 2.548 2.392 2.239 2.108 1.983 1.869 1.756 1.642 1.528 1.415 1.301 1.188 1.074 0.961 0.847 0.733 0.62 0.506 0.393 0.35 0.345 0.341 0.336 0.332 0.328 0.323 0.319 0.314 0.31 0.305 0.301 0.296 0.292 0.287 0.172 0.011 0.003 0.002 0.002 0.002 0.003 0.003 0.003 0.003 0.004 0.004 0.004 0.004 0.005 0.005 0.005 0.005 0.008 0.011 0.014 0.017 0.021 0.024 0.027 0.03 0.033 0.037 0.04 0.043 0.046 0.049 0.053 0.056 0.062 0.08 0.092 0.104 0.116 0.127 0.139 0.151 0.163 0.175 0.187 0.199 0.211 0.223 0.235 0.246 0.258 0.286 0.319 0.352 0.384 0.417 0.45 0.482 0.515 0.548 0.58 0.613 0.646 0.678 0.711 0.743
5.4 5.402 5.405 5.407 5.409 5.405 5.321 5.236 5.152 5.067 4.982 4.898 4.813 4.728 4.644 4.559 4.474 4.39 4.305 4.292 4.345 4.398 4.352 4.238 4.125 4.011 3.898 3.784 3.67 3.557 3.443 3.33 3.216 3.103 2.989 2.876 2.726 2.57 2.416 2.286 2.155 2.033 1.92 1.806 1.693 1.579 1.466 1.352 1.238 1.125 1.011 0.898 0.784 0.67 0.557 0.516 0.511 0.507 0.502 0.498 0.494 0.489 0.485 0.48 0.476 0.471 0.467 0.462 0.458 0.37 0.176 0.019 0.011 0.003 0.003 0.003 0.003 0.004 0.004 0.004 0.004 0.005 0.005 0.005 0.005 0.006 0.006 0.006 0.009 0.012 0.015 0.018 0.021 0.025 0.028 0.031 0.034 0.037 0.041 0.044 0.047 0.05 0.053 0.056 0.063 0.083 0.099 0.111 0.122 0.134 0.146 0.158 0.17 0.182 0.194 0.206 0.218 0.23 0.242 0.253 0.265 0.294 0.326 0.359 0.392 0.424 0.457 0.49 0.522 0.555 0.588 0.62 0.653 0.686 0.718 0.751
5.501 5.503 5.505 5.508 5.51 5.505 5.42 5.336 5.251 5.166 5.082 4.997 4.912 4.828 4.743 4.658 4.574 4.489 4.456 4.509 4.562 4.615 4.566 4.452 4.339 4.225 4.112 3.998 3.885 3.771 3.658 3.544 3.431 3.317 3.204 3.061 2.904 2.747 2.594 2.464 2.333 2.203 2.084 1.97 1.857 1.743 1.63 1.516 1.403 1.289 1.175 1.062 0.948 0.835 0.721 0.682 0.677 0.673 0.669 0.664 0.66 0.655 0.651 0.646 0.642 0.637 0.633 0.628 0.568 0.374 0.18 0.026 0.018 0.01 0.004 0.004 0.004 0.004 0.005 0.005 0.005 0.005 0.006 0.006 0.006 0.006 0.007 0.007 0.009 0.013 0.016 0.019 0.022 0.025 0.029 0.032 0.035 0.038 0.041 0.045 0.048 0.051 0.054 0.056 0.064 0.084 0.103 0.118 0.129 0.141 0.153 0.165 0.177 0.189 0.201 0.213 0.225 0.237 0.249 0.26 0.272 0.301 0.334 0.366 0.399 0.432 0.464 0.497 0.53 0.562 0.595 0.628 0.66 0.693 0.726 0.763
5.602 5.604 5.606 5.608 5.611 5.604 5.52 5.435 5.35 5.266 5.181 5.096 5.012 4.927 4.842 4.758 4.673 4.619 4.673 4.726 4.779 4.832 4.78 4.667 4.553 4.44 4.326 4.213 4.099 3.986 3.872 3.759 3.645 3.532 3.395 3.238 3.081 2.924 2.772 2.641 2.511 2.38 2.25 2.135 2.021 1.908 1.794 1.68 1.567 1.453 1.34 1.226 1.113 0.999 0.885 0.848 0.843 0.839 0.835 0.83 0.826 0.821 0.817 0.812 0.808 0.803 0.799 0.766 0.572 0.379 0.185 0.033 0.025 0.017 0.009 0.005 0.005 0.005 0.005 0.006 0.006 0.006 0.006 0.007 0.007 0.007 0.007 0.008 0.01 0.013 0.017 0.02 0.023 0.026 0.029 0.033 0.036 0.039 0.042 0.045 0.049 0.051 0.054 0.057 0.064 0.084 0.104 0.124 0.136 0.148 0.16 0.172 0.184 0.196 0.208 0.22 0.232 0.244 0.256 0.267 0.279 0.308 0.341 0.374 0.406 0.439 0.472 0.504 0.537 0.57 0.602 0.635 0.668 0.7 0.736 0.778
5.702 5.705 5.707 5.709 5.711 5.703 5.619 5.534 5.45 5.365 5.28 5.196 5.111 5.026 4.942 4.857 4.783 4.836 4.89 4.943 4.996 5.049 4.994 4.881 4.767 4.654 4.54 4.427 4.313 4.2 4.086 3.973 3.859 3.729 3.572 3.415 3.258 3.102 2.95 2.819 2.689 2.558 2.428 2.299 2.185 2.072 1.958 1.845 1.731 1.617 1.504 1.39 1.277 1.163 1.05 1.014 1.009 1.005 1.001 0.996 0.992 0.987 0.983 0.978 0.974 0.969 0.964 0.77 0.577 0.383 0.189 0.041 0.033 0.025 0.017 0.008 0.006 0.006 0.006 0.006 0.007 0.007 0.007 0.007 0.008 0.008 0.008 0.008 0.011 0.014 0.017 0.02 0.024 0.027 0.03 0.033 0.036 0.04 0.043 0.046 0.049 0.052 0.054 0.057 0.065 0.085 0.105 0.125 0.143 0.155 0.167 0.179 0.191 0.203 0.215 0.227 0.239 0.251 0.262 0.274 0.286 0.316 0.348 0.381 0.414 0.446 0.479 0.512 0.544 0.577 0.61 0.642 0.675 0.709 0.752 0.794
5.803 5.805 5.808 5.81 5.812 5.803 5.718 5.634 5.549 5.464 5.38 5.295 5.21 5.126 5.041 4.957 5.0 5.053 5.106 5.16 5.213 5.266 5.209 5.095 4.982 4.868 4.755 4.641 4.528 4.414 4.301 4.187 4.063 3.906 3.749 3.593 3.436 3.279 3.127 2.997 2.866 2.736 2.605 2.475 2.35 2.236 2.122 2.009 1.895 1.782 1.668 1.555 1.441 1.327 1.214 1.18 1.175 1.171 1.167 1.162 1.158 1.153 1.149 1.144 1.14 1.135 0.969 0.775 0.581 0.387 0.193 0.048 0.04 0.032 0.024 0.016 0.008 0.006 0.007 0.007 0.007 0.008 0.008 0.008 0.008 0.009 0.009 0.009 0.012 0.015 0.018 0.021 0.024 0.028 0.031 0.034 0.037 0.04 0.044 0.047 0.049 0.052 0.055 0.057 0.066 0.086 0.105 0.125 0.145 0.162 0.174 0.186 0.198 0.21 0.222 0.234 0.246 0.258 0.269 0.281 0.293 0.323 0.356 0.388 0.421 0.454 0.486 0.519 0.552 0.584 0.617 0.65 0.683 0.725 0.767 0.809
5.904 5.906 5.908 5.91 5.913 5.902 5.818 5.733 5.648 5.564 5.479 5.394 5.31 5.225 5.14 5.164 5.217 5.27 5.323 5.377 5.43 5.483 5.423 5.31 5.196 5.083 4.969 4.856 4.742 4.628 4.515 4.397 4.24 4.084 3.927 3.77 3.613 3.456 3.305 3.175 3.044 2.914 2.783 2.653 2.522 2.4 2.287 2.173 2.06 1.946 1.832 1.719 1.605 1.492 1.378 1.346 1.342 1.337 1.333 1.328 1.324 1.319 1.315 1.31 1.306 1.167 0.973 0.779 0.585 0.392 0.198 0.056 0.048 0.039 0.031 0.023 0.015 0.007 0.007 0.008 0.008 0.008 0.009 0.009 0.009 0.009 0.01 0.01 0.012 0.016 0.019 0.022 0.025 0.028 0.032 0.035 0.038 0.041 0.044 0.047 0.05 0.052 0.055 0.058 0.066 0.086 0.106 0.126 0.146 0.166 0.181 0.193 0.205 0.217 0.229 0.241 0.253 0.265 0.276 0.288 0.3 0.33 0.363 0.396 0.428 0.461 0.494 0.526 0.559 0.592 0.624 0.657 0.698 0.74 0.782 0.824
6.004 6.007 6.009 6.011 6.013 6.002 5.917 5.832 5.748 5.663 5.578 5.494 5.409 5.324 5.328 5.381 5.434 5.487 5.54 5.594 5.647 5.7 5.637 5.524 5.41 5.297 5.183 5.07 4.956 4.843 4.729 4.575 4.418 4.261 4.104 3.947 3.791 3.634 3.483 3.352 3.222 3.091 2.961 2.83 2.7 2.569 2.451 2.337 2.224 2.11 1.997 1.883 1.769 1.656 1.542 1.512 1.508 1.503 1.499 1.494 1.49 1.485 1.481 1.476 1.365 1.171 0.977 0.783 0.59 0.396 0.202 0.063 0.055 0.047 0.039 0.031 0.023 0.014 0.008 0.008 0.009 0.009 0.009 0.01 0.01 0.01 0.01 0.011 0.013 0.016 0.02 0.023 0.026 0.029 0.032 0.036 0.039 0.042 0.045 0.047 0.05 0.053 0.055 0.058 0.067 0.087 0.107 0.127 0.146 0.166 0.186 0.2 0.212 0.224 0.236 0.248 0.26 0.272 0.283 0.295 0.307 0.338 0.37 0.403 0.436 0.468 0.501 0.534 0.566 0.599 0.632 0.671 0.714 0.756 0.798 0.84
6.105 6.107 6.11 6.112 6.114 6.101 6.016 5.932 5.847 5.762 5.678 5.593 5.508 5.491 5.544 5.598 5.651 5.704 5.757 5.811 5.864 5.917 5.852 5.738 5.625 5.511 5.398 5.284 5.171 5.057 4.909 4.752 4.595 4.438 4.282 4.125 3.968 3.811 3.661 3.53 3.4 3.269 3.139 3.008 2.878 2.747 2.617 2.502 2.388 2.274 2.161 2.047 1.934 1.82 1.707 1.678 1.674 1.669 1.665 1.66 1.656 1.651 1.647 1.563 1.369 1.175 0.982 0.788 0.594 0.4 0.206 0.07 0.062 0.054 0.046 0.038 0.03 0.022 0.014 0.009 0.009 0.01 0.01 0.01 0.011 0.011 0.011 0.011 0.014 0.017 0.02 0.024 0.027 0.03 0.033 0.036 0.04 0.042 0.045 0.048 0.05 0.053 0.056 0.058 0.068 0.087 0.107 0.127 0.147 0.167 0.187 0.207 0.219 0.231 0.243 0.255 0.267 0.279 0.29 0.302 0.314 0.345 0.378 0.41 0.443 0.476 0.508 0.541 0.574 0.606 0.645 0.687 0.729 0.771 0.813 0.855
6.206 6.208 6.21 6.213 6.215 6.2 6.116 6.031 5.946 5.862 5.777 5.692 5.655 5.708 5.761 5.815 5.868 5.921 5.974 6.028 6.081 6.134 6.066 5.952 5.839 5.725 5.612 5.498 5.385 5.243 5.086 4.929 4.773 4.616 4.459 4.302 4.145 3.988 3.839 3.708 3.577 3.447 3.316 3.186 3.055 2.925 2.794 2.666 2.552 2.439 2.325 2.211 2.098 1.984 1.871 1.844 1.84 1.835 1.831 1.826 1.822 1.817 1.761 1.567 1.373 1.18 0.986 0.792 0.598 0.405 0.211 0.078 0.07 0.062 0.054 0.045 0.037 0.029 0.021 0.013 0.01 0.01 0.011 0.011 0.011 0.011 0.012 0.012 0.015 0.018 0.021 0.024 0.028 0.031 0.034 0.037 0.04 0.043 0.045 0.048 0.051 0.053 0.056 0.059 0.068 0.088 0.108 0.128 0.148 0.168 0.187 0.207 0.226 0.238 0.25 0.262 0.274 0.286 0.297 0.309 0.321 0.352 0.385 0.418 0.45 0.483 0.516 0.548 0.581 0.618 0.66 0.702 0.744 0.786 0.829 0.871
6.307 6.309 6.311 6.313 6.316 6.3 6.215 6.13 6.046 5.961 5.876 5.819 5.872 5.925 5.978 6.032 6.085 6.138 6.191 6.245 6.298 6.351 6.28 6.167 6.053 5.94 5.826 5.713 5.577 5.42 5.264 5.107 4.95 4.793 4.636 4.479 4.323 4.166 4.016 3.886 3.755 3.625 3.494 3.364 3.233 3.103 2.972 2.842 2.716 2.603 2.489 2.376 2.262 2.149 2.035 2.01 2.006 2.001 1.997 1.992 1.988 1.959 1.765 1.571 1.378 1.184 0.99 0.796 0.603 0.409 0.215 0.085 0.077 0.069 0.061 0.053 0.045 0.037 0.029 0.021 0.012 0.011 0.011 0.012 0.012 0.012 0.012 0.013 0.016 0.019 0.022 0.025 0.028 0.032 0.035 0.038 0.04 0.043 0.046 0.048 0.051 0.054 0.056 0.059 0.069 0.089 0.109 0.128 0.148 0.168 0.188 0.208 0.228 0.245 0.257 0.269 0.281 0.293 0.304 0.316 0.328 0.36 0.392 0.425 0.458 0.49 0.523 0.556 0.591 0.634 0.676 0.718 0.76 0.802 0.844 0.886
6.407 6.41 6.412 6.414 6.416 6.399 6.314 6.23 6.145 6.06 5.982 6.036 6.089 6.142 6.195 6.249 6.302 6.355 6.408 6.462 6.515 6.568 6.495 6.381 6.268 6.154 6.041 5.911 5.755 5.598 5.441 5.284 5.127 4.97 4.814 4.657 4.5 4.343 4.194 4.064 3.933 3.803 3.672 3.541 3.411 3.28 3.15 3.019 2.889 2.767 2.654 2.54 2.426 2.313 2.199 2.176 2.172 2.167 2.163 2.158 2.154 1.963 1.77 1.576 1.382 1.188 0.995 0.801 0.607 0.413 0.219 0.093 0.085 0.077 0.068 0.06 0.052 0.044 0.036 0.028 0.02 0.012 0.012 0.012 0.013 0.013 0.013 0.013 0.016 0.02 0.023 0.026 0.029 0.032 0.035 0.038 0.041 0.043 0.046 0.049 0.051 0.054 0.057 0.059 0.069 0.089 0.109 0.129 0.149 0.169 0.189 0.209 0.228 0.248 0.264 0.276 0.288 0.299 0.311 0.323 0.335 0.367 0.4 0.432 0.465 0.498 0.53 0.565 0.607 0.649 0.691 0.733 0.775 0.817 0.859 0.901
6.514 6.51 6.513 6.515 6.517 6.498 6.414 6.329 6.244 6.16 6.199 6.253 6.306 6.359 6.412 6.466 6.519 6.572 6.625 6.679 6.732 6.785 6.709 6.595 6.482 6.368 6.246 6.089 5.932 5.775 5.618 5.461 5.305 5.148 4.991 4.834 4.677 4.52 4.372 4.241 4.111 3.98 3.85 3.719 3.589 3.458 3.328 3.197 3.067 2.936 2.818 2.704 2.591 2.477 2.363 2.342 2.338 2.333 2.329 2.324 2.161 1.968 1.774 1.58 1.386 1.193 0.999 0.805 0.611 0.418 0.224 0.1 0.092 0.084 0.076 0.068 0.06 0.052 0.043 0.035 0.027 0.019 0.013 0.013 0.013 0.014 0.014 0.014 0.017 0.02 0.024 0.027 0.03 0.033 0.036 0.038 0.041 0.044 0.046 0.049 0.052 0.054 0.057 0.06 0.07 0.09 0.11 0.13 0.15 0.169 0.189 0.209 0.229 0.249 0.269 0.283 0.295 0.306 0.318 0.33 0.342 0.374 0.407 0.44 0.472 0.505 0.538 0.58 0.622 0.664 0.706 0.748 0.791 0.833 0.875 0.917
6.625 6.615 6.613 6.616 6.618 6.598 6.513 6.428 6.344 6.363 6.416 6.47 6.523 6.576 6.629 6.683 6.736 6.789 6.842 6.896 6.949 7.002 6.923 6.81 6.696 6.58 6.423 6.266 6.109 5.952 5.796 5.639 5.482 5.325 5.168 5.011 4.855 4.698 4.55 4.419 4.289 4.158 4.028 3.897 3.766 3.636 3.505 3.375 3.244 3.114 2.983 2.868 2.755 2.641 2.528 2.508 2.504 2.499 2.495 2.36 2.166 1.972 1.778 1.584 1.391 1.197 1.003 0.809 0.616 0.422 0.228 0.108 0.099 0.091 0.083 0.075 0.067 0.059 0.051 0.043 0.035 0.027 0.018 0.014 0.014 0.014 0.015 0.015 0.018 0.021 0.024 0.028 0.031 0.033 0.036 0.039 0.041 0.044 0.047 0.049 0.052 0.055 0.057 0.06 0.071 0.091 0.11 0.13 0.15 0.17 0.19 0.21 0.23 0.25 0.269 0.289 0.302 0.313 0.325 0.337 0.349 0.382 0.414 0.447 0.48 0.512 0.553 0.596 0.638 0.68 0.722 0.764 0.806 0.848 0.89 0.932
6.735 6.725 6.716 6.716 6.719 6.697 6.612 6.528 6.527 6.58 6.633 6.687 6.74 6.793 6.846 6.9 6.953 7.006 7.059 7.112 7.166 7.219 7.138 7.024 6.91 6.757 6.6 6.443 6.287 6.13 5.973 5.816 5.659 5.502 5.346 5.189 5.032 4.875 4.727 4.597 4.466 4.336 4.205 4.075 3.944 3.814 3.683 3.553 3.422 3.292 3.161 3.033 2.919 2.806 2.692 2.674 2.67 2.665 2.558 2.364 2.17 1.976 1.783 1.589 1.395 1.201 1.008 0.814 0.62 0.426 0.232 0.115 0.107 0.099 0.091 0.083 0.074 0.066 0.058 0.05 0.042 0.034 0.026 0.018 0.015 0.015 0.015 0.016 0.019 0.022 0.025 0.028 0.031 0.034 0.036 0.039 0.042 0.044 0.047 0.05 0.052 0.055 0.058 0.06 0.071 0.091 0.111 0.131 0.151 0.171 0.191 0.21 0.23 0.25 0.27 0.29 0.309 0.32 0.332 0.344 0.356 0.389 0.422 0.454 0.487 0.527 0.569 0.611 0.653 0.695 0.737 0.779 0.821 0.863 0.906 0.948
6.846 6.836 6.826 6.817 6.819 6.796 6.712 6.691 6.744 6.797 6.85 6.904 6.957 7.01 7.063 7.117 7.17 7.223 7.276 7.329 7.383 7.436 7.352 7.238 7.091 6.934 6.778 6.621 6.464 6.307 6.15 5.993 5.837 5.68 5.523 5.366 5.209 5.053 4.905 4.775 4.644 4.514 4.383 4.253 4.122 3.992 3.861 3.73 3.6 3.469 3.339 3.208 3.083 2.97 2.856 2.84 2.836 2.756 2.562 2.368 2.174 1.981 1.787 1.593 1.399 1.206 1.012 0.818 0.624 0.431 0.237 0.122 0.114 0.106 0.098 0.09 0.082 0.074 0.066 0.058 0.049 0.041 0.033 0.025 0.017 0.016 0.016 0.016 0.019 0.023 0.026 0.029 0.031 0.034 0.037 0.039 0.042 0.045 0.047 0.05 0.053 0.055 0.058 0.061 0.072 0.092 0.112 0.132 0.151 0.171 0.191 0.211 0.231 0.251 0.271 0.291 0.31 0.327 0.339 0.351 0.364 0.396 0.429 0.462 0.5 0.542 0.584 0.626 0.668 0.711 0.753 0.795 0.837 0.879 0.921 0.963
6.956 6.946 6.936 6.927 6.92 6.896 6.854 6.908 6.961 7.014 7.067 7.121 7.174 7.227 7.28 7.334 7.387 7.44 7.493 7.546 7.6 7.653 7.566 7.425 7.269 7.112 6.955 6.798 6.641 6.484 6.328 6.171 6.014 5.857 5.7 5.544 5.387 5.23 5.083 4.952 4.822 4.691 4.561 4.43 4.3 4.169 4.039 3.908 3.778 3.647 3.517 3.386 3.256 3.134 3.02 3.006 2.954 2.76 2.566 2.373 2.179 1.985 1.791 1.597 1.404 1.21 1.016 0.822 0.629 0.435 0.241 0.13 0.122 0.114 0.105 0.097 0.089 0.081 0.073 0.065 0.057 0.049 0.041 0.033 0.024 0.017 0.017 0.017 0.02 0.023 0.026 0.029 0.032 0.034 0.037 0.04 0.042 0.045 0.048 0.05 0.053 0.056 0.058 0.061 0.073 0.092 0.112 0.132 0.152 0.172 0.192 0.212 0.232 0.251 0.271 0.291 0.311 0.331 0.346 0.358 0.371 0.404 0.436 0.473 0.516 0.558 0.6 0.642 0.684 0.726 0.768 0.81 0.852 0.894 0.936 0.978
7.067 7.057 7.047 7.037 7.027 7.018 7.071 7.125 7.178 7.231 7.284 7.338 7.391 7.444 7.497 7.55 7.604 7.657 7.71 7.763 7.817 7.87 7.76 7.603 7.446 7.289 7.132 6.975 6.819 6.662 6.505 6.348 6.191 6.034 5.878 5.721 5.564 5.407 5.261 5.13 5.0 4.869 4.739 4.608 4.478 4.347 4.217 4.086 3.955 3.825 3.694 3.564 3.433 3.303 3.185 3.152 2.958 2.764 2.571 2.377 2.183 1.989 1.796 1.602 1.408 1.214 1.021 0.827 0.633 0.439 0.245 0.137 0.129 0.121 0.113 0.105 0.097 0.089 0.08 0.072 0.064 0.056 0.048 0.04 0.032 0.024 0.018 0.018 0.021 0.024 0.027 0.029 0.032 0.035 0.037 0.04 0.043 0.045 0.048 0.051 0.053 0.056 0.059 0.062 0.073 0.093 0.113 0.133 0.153 0.173 0.192 0.212 0.232 0.252 0.272 0.292 0.312 0.332 0.351 0.365 0.378 0.411 0.447 0.489 0.531 0.573 0.615 0.657 0.699 0.741 0.783 0.825 0.868 0.91 0.952 0.994
6.855 6.851 6.847 6.843 6.841 6.935 7.013 7.072 7.13 7.189 7.248 7.307 7.365 7.424 7.483 7.542 7.6 7.659 7.718 7.777 7.835 7.894 7.882 7.727 7.571 7.416 7.261 7.106 6.951 6.795 6.64 6.485 6.33 6.175 6.02 5.864 5.709 5.554 5.427 5.297 5.168 5.038 4.908 4.778 4.648 4.518 4.388 4.258 4.129 3.999 3.869 3.739 3.609 3.479 3.349 3.157 2.963 2.769 2.575 2.381 2.187 1.994 1.8 1.606 1.412 1.219 1.025 0.831 0.637 0.444 0.25 0.145 0.136 0.128 0.12 0.112 0.104 0.096 0.088 0.08 0.072 0.064 0.055 0.047 0.039 0.031 0.023 0.019 0.022 0.024 0.027 0.03 0.032 0.035 0.038 0.04 0.043 0.046 0.048 0.051 0.054 0.056 0.059 0.062 0.074 0.094 0.114 0.133 0.153 0.173 0.193 0.213 0.233 0.253 0.273 0.292 0.312 0.332 0.352 0.372 0.386 0.42 0.462 0.504 0.546 0.588 0.63 0.673 0.715 0.757 0.799 0.841 0.883 0.925 0.967 1.009
6.604 6.6 6.596 6.592 6.665 6.761 6.876 6.942 7.001 7.06 7.119 7.177 7.236 7.295 7.354 7.412 7.471 7.53 7.589 7.647 7.706 7.765 7.86 7.802 7.647 7.492 7.336 7.181 7.026 6.871 6.716 6.56 6.405 6.25 6.095 5.94 5.785 5.629 5.518 5.436 5.306 5.176 5.046 4.916 4.786 4.656 4.526 4.397 4.267 4.137 4.007 3.877 3.747 3.617 3.487 3.294 3.098 2.902 2.706 2.51 2.314 2.118 1.923 1.727 1.531 1.335 1.139 0.943 0.747 0.551 0.369 0.247 0.219 0.209 0.2 0.19 0.18 0.17 0.16 0.15 0.141 0.131 0.121 0.111 0.101 0.092 0.082 0.072 0.073 0.074 0.075 0.075 0.076 0.077 0.078 0.079 0.08 0.08 0.081 0.082 0.083 0.084 0.084 0.085 0.074 0.094 0.114 0.134 0.154 0.174 0.194 0.213 0.233 0.253 0.273 0.293 0.313 0.333 0.353 0.373 0.393 0.435 0.478 0.52 0.562 0.604 0.646 0.688 0.73 0.772 0.814 0.856 0.898 0.94 0.983 1.025
6.354 6.349 6.345 6.405 6.49 6.586 6.701 6.813 6.872 6.93 6.989 7.048 7.107 7.165 7.224 7.283 7.342 7.4 7.459 7.518 7.577 7.635 7.732 7.832 7.722 7.567 7.412 7.257 7.101 6.946 6.791 6.636 6.481 6.325 6.17 6.015 5.86 5.705 5.595 5.541 5.444 5.314 5.184 5.054 4.924 4.794 4.665 4.535 4.405 4.275 4.145 4.015 3.885 3.755 3.626 3.431 3.235 3.039 2.843 2.647 2.451 2.256 2.06 1.864 1.668 1.472 1.276 1.08 0.884 0.688 0.604 0.481 0.331 0.321 0.311 0.301 0.291 0.281 0.272 0.262 0.252 0.242 0.232 0.222 0.213 0.203 0.193 0.184 0.184 0.185 0.186 0.187 0.188 0.189 0.189 0.19 0.191 0.192 0.193 0.193 0.194 0.195 0.196 0.127 0.079 0.093 0.112 0.132 0.152 0.172 0.192 0.212 0.232 0.252 0.272 0.292 0.312 0.331 0.351 0.371 0.394 0.436 0.478 0.521 0.563 0.605 0.648 0.69 0.733 0.775 0.817 0.86 0.902 0.944 0.987 1.029
6.103 6.098 6.145 6.23 6.314 6.411 6.526 6.642 6.742 6.801 6.86 6.919 6.977 7.036 7.095 7.154 7.212 7.271 7.33 7.389 7.447 7.506 7.603 7.703 7.797 7.642 7.487 7.332 7.177 7.021 6.866 6.711 6.556 6.401 6.246 6.09 5.935 5.78 5.672 5.618 5.565 5.452 5.322 5.192 5.062 4.933 4.803 4.673 4.543 4.413 4.283 4.153 4.023 3.894 3.764 3.568 3.372 3.176 2.98 2.785 2.589 2.393 2.197 2.001 1.805 1.609 1.413 1.217 1.021 0.92 0.839 0.715 0.552 0.432 0.422 0.412 0.403 0.393 0.383 0.373 0.363 0.353 0.344 0.334 0.324 0.314 0.304 0.295 0.296 0.297 0.298 0.298 0.299 0.3 0.301 0.302 0.302 0.303 0.304 0.305 0.306 0.307 0.255 0.136 0.09 0.094 0.111 0.131 0.151 0.171 0.191 0.211 0.23 0.25 0.27 0.29 0.31 0.33 0.35 0.37 0.393 0.435 0.477 0.52 0.562 0.604 0.647 0.689 0.732 0.774 0.816 0.859 0.901 0.943 0.986 1.028
5.852 5.886 5.97 6.054 6.139 6.236 6.352 6.467 6.583 6.672 6.731 6.789 6.848 6.907 6.966 7.024 7.083 7.142 7.2 7.259 7.318 7.377 7.474 7.574 7.675 7.718 7.562 7.407 7.252 7.097 6.942 6.786 6.631 6.476 6.321 6.166 6.011 5.855 5.748 5.695 5.642 5.589 5.46 5.331 5.201 5.071 4.941 4.811 4.681 4.551 4.421 4.292 4.162 4.032 3.901 3.705 3.509 3.313 3.118 2.922 2.726 2.53 2.334 2.138 1.942 1.746 1.55 1.354 1.237 1.156 1.075 0.949 0.786 0.622 0.533 0.524 0.514 0.504 0.494 0.484 0.474 0.465 0.455 0.445 0.435 0.425 0.416 0.407 0.407 0.408 0.409 0.41 0.411 0.411 0.412 0.413 0.414 0.415 0.416 0.416 0.417 0.383 0.264 0.145 0.101 0.105 0.11 0.13 0.149 0.169 0.189 0.209 0.229 0.249 0.269 0.289 0.309 0.329 0.348 0.368 0.392 0.434 0.476 0.519 0.561 0.603 0.646 0.688 0.73 0.773 0.815 0.858 0.9 0.942 0.985 1.015
5.626 5.71 5.795 5.879 5.963 6.061 6.177 6.292 6.408 6.524 6.601 6.66 6.719 6.777 6.836 6.895 6.954 7.012 7.071 7.13 7.189 7.247 7.346 7.446 7.546 7.646 7.638 7.483 7.327 7.172 7.017 6.862 6.707 6.551 6.396 6.241 6.086 5.931 5.825 5.772 5.719 5.666 5.599 5.469 5.339 5.209 5.079 4.949 4.819 4.689 4.56 4.43 4.3 4.17 4.038 3.842 3.647 3.451 3.255 3.059 2.863 2.667 2.471 2.275 2.079 1.883 1.687 1.553 1.472 1.391 1.31 1.183 1.019 0.856 0.692 0.635 0.625 0.615 0.605 0.596 0.586 0.576 0.566 0.556 0.546 0.537 0.527 0.518 0.519 0.52 0.52 0.521 0.522 0.523 0.524 0.525 0.525 0.526 0.527 0.528 0.511 0.392 0.273 0.154 0.112 0.116 0.121 0.128 0.148 0.168 0.188 0.208 0.228 0.247 0.267 0.287 0.307 0.327 0.347 0.367 0.391 0.433 0.475 0.518 0.56 0.602 0.645 0.687 0.729 0.772 0.814 0.857 0.899 0.941 0.974 1.003
5.45 5.535 5.619 5.704 5.788 5.886 6.002 6.117 6.233 6.349 6.465 6.531 6.589 6.648 6.707 6.766 6.824 6.883 6.942 7.001 7.059 7.118 7.217 7.317 7.417 7.518 7.618 7.558 7.403 7.247 7.092 6.937 6.782 6.627 6.472 6.316 6.161 6.006 5.902 5.849 5.796 5.743 5.689 5.607 5.477 5.347 5.217 5.087 4.957 4.828 4.698 4.568 4.438 4.308 4.175 3.98 3.784 3.588 3.392 3.196 3.0 2.804 2.608 2.412 2.216 2.02 1.869 1.788 1.707 1.626 1.545 1.417 1.253 1.09 0.926 0.763 0.736 0.726 0.717 0.707 0.697 0.687 0.677 0.668 0.658 0.648 0.638 0.629 0.63 0.631 0.632 0.633 0.634 0.634 0.635 0.636 0.637 0.638 0.638 0.639 0.52 0.401 0.282 0.163 0.123 0.128 0.132 0.136 0.147 0.166 0.186 0.206 0.226 0.246 0.266 0.286 0.306 0.326 0.346 0.365 0.389 0.432 0.474 0.517 0.559 0.601 0.644 0.686 0.728 0.771 0.813 0.855 0.898 0.932 0.961 0.991
5.275 5.359 5.444 5.528 5.613 5.711 5.827 5.943 6.058 6.174 6.29 6.401 6.46 6.519 6.578 6.636 6.695 6.754 6.812 6.871 6.93 6.989 7.088 7.188 7.289 7.389 7.489 7.589 7.478 7.323 7.168 7.012 6.857 6.702 6.547 6.392 6.237 6.081 5.979 5.926 5.873 5.82 5.766 5.713 5.615 5.485 5.355 5.225 5.096 4.966 4.836 4.706 4.576 4.446 4.313 4.117 3.921 3.725 3.529 3.333 3.137 2.941 2.745 2.549 2.353 2.185 2.104 2.023 1.942 1.862 1.781 1.651 1.487 1.324 1.16 0.997 0.848 0.838 0.828 0.818 0.808 0.798 0.789 0.779 0.769 0.759 0.749 0.741 0.742 0.742 0.743 0.744 0.745 0.746 0.747 0.747 0.748 0.749 0.75 0.648 0.529 0.41 0.291 0.172 0.135 0.139 0.143 0.147 0.151 0.165 0.185 0.205 0.225 0.245 0.264 0.284 0.304 0.324 0.344 0.364 0.388 0.431 0.473 0.515 0.558 0.6 0.643 0.685 0.727 0.77 0.812 0.854 0.891 0.92 0.949 0.978
5.099 5.184 5.268 5.353 5.437 5.536 5.652 5.768 5.883 5.999 6.115 6.231 6.331 6.389 6.448 6.507 6.566 6.624 6.683 6.742 6.801 6.859 6.96 7.06 7.16 7.26 7.36 7.461 7.553 7.398 7.243 7.088 6.933 6.777 6.622 6.467 6.312 6.157 6.056 6.003 5.95 5.897 5.843 5.79 5.737 5.623 5.494 5.364 5.234 5.104 4.974 4.844 4.714 4.584 4.45 4.254 4.058 3.862 3.666 3.47 3.274 3.078 2.882 2.686 2.501 2.42 2.34 2.259 2.178 2.097 2.016 1.885 1.721 1.558 1.394 1.231 1.067 0.949 0.939 0.929 0.92 0.91 0.9 0.89 0.88 0.87 0.861 0.852 0.853 0.854 0.855 0.856 0.856 0.857 0.858 0.859 0.86 0.86 0.776 0.657 0.538 0.419 0.3 0.181 0.146 0.15 0.154 0.158 0.162 0.166 0.183 0.203 0.223 0.243 0.263 0.283 0.303 0.323 0.343 0.363 0.387 0.43 0.472 0.514 0.557 0.599 0.642 0.684 0.726 0.769 0.811 0.849 0.878 0.908 0.937 0.966
4.924 5.008 5.093 5.177 5.262 5.361 5.477 5.593 5.708 5.824 5.94 6.056 6.172 6.26 6.319 6.378 6.436 6.495 6.554 6.613 6.671 6.731 6.831 6.931 7.031 7.132 7.232 7.332 7.432 7.473 7.318 7.163 7.008 6.853 6.698 6.542 6.387 6.232 6.133 6.08 6.027 5.974 5.92 5.867 5.814 5.76 5.632 5.502 5.372 5.242 5.112 4.982 4.852 4.723 4.587 4.391 4.195 3.999 3.803 3.607 3.411 3.215 3.019 2.823 2.737 2.656 2.575 2.494 2.413 2.332 2.251 2.119 1.955 1.792 1.628 1.465 1.301 1.138 1.05 1.041 1.031 1.021 1.011 1.001 0.992 0.982 0.972 0.964 0.965 0.965 0.966 0.967 0.968 0.969 0.969 0.97 0.971 0.904 0.785 0.666 0.547 0.428 0.309 0.19 0.157 0.161 0.165 0.169 0.173 0.178 0.182 0.202 0.222 0.242 0.262 0.282 0.301 0.321 0.341 0.361 0.386 0.429 0.471 0.513 0.556 0.598 0.64 0.683 0.725 0.768 0.808 0.837 0.866 0.895 0.924 0.954
4.749 4.833 4.917 5.002 5.086 5.186 5.302 5.418 5.534 5.649 5.765 5.881 5.997 6.112 6.189 6.248 6.307 6.366 6.424 6.483 6.542 6.602 6.702 6.802 6.903 7.003 7.103 7.203 7.303 7.404 7.394 7.238 7.083 6.928 6.773 6.618 6.463 6.307 6.21 6.157 6.104 6.051 5.997 5.944 5.891 5.837 5.77 5.64 5.51 5.38 5.25 5.12 4.991 4.861 4.724 4.528 4.332 4.136 3.94 3.744 3.548 3.352 3.156 3.053 2.972 2.891 2.81 2.729 2.648 2.567 2.486 2.353 2.189 2.026 1.862 1.699 1.535 1.372 1.208 1.152 1.142 1.132 1.122 1.113 1.103 1.093 1.083 1.075 1.076 1.077 1.078 1.078 1.079 1.08 1.081 1.082 1.033 0.914 0.794 0.675 0.556 0.437 0.318 0.199 0.168 0.172 0.176 0.18 0.185 0.189 0.193 0.2 0.22 0.24 0.26 0.28 0.3 0.32 0.34 0.36 0.385 0.428 0.47 0.512 0.555 0.597 0.639 0.682 0.724 0.766 0.795 0.825 0.854 0.883 0.912 0.941
4.573 4.658 4.742 4.826 4.911 5.011 5.127 5.243 5.359 5.474 5.59 5.706 5.822 5.938 6.053 6.119 6.178 6.236 6.295 6.354 6.413 6.473 6.574 6.674 6.774 6.874 6.974 7.075 7.175 7.275 7.375 7.314 7.159 7.003 6.848 6.693 6.538 6.383 6.287 6.234 6.181 6.128 6.074 6.021 5.968 5.914 5.861 5.778 5.648 5.518 5.388 5.259 5.129 4.999 4.861 4.665 4.469 4.273 4.077 3.881 3.685 3.489 3.369 3.288 3.207 3.126 3.045 2.965 2.884 2.803 2.722 2.586 2.423 2.259 2.096 1.932 1.769 1.605 1.442 1.278 1.253 1.244 1.234 1.224 1.214 1.204 1.194 1.187 1.187 1.188 1.189 1.19 1.191 1.192 1.192 1.161 1.042 0.923 0.803 0.684 0.565 0.446 0.327 0.208 0.179 0.183 0.187 0.191 0.196 0.2 0.204 0.208 0.219 0.239 0.259 0.279 0.299 0.318 0.338 0.358 0.384 0.427 0.469 0.511 0.554 0.596 0.638 0.681 0.723 0.754 0.783 0.812 0.841 0.871 0.9 0.929
4.398 4.482 4.567 4.651 4.735 4.836 4.952 5.068 5.184 5.299 5.415 5.531 5.647 5.763 5.878 5.99 6.048 6.107 6.166 6.225 6.283 6.345 6.445 6.545 6.645 6.746 6.846 6.946 7.046 7.146 7.247 7.347 7.234 7.079 6.924 6.768 6.613 6.458 6.364 6.311 6.258 6.204 6.151 6.098 6.045 5.991 5.938 5.885 5.786 5.657 5.527 5.397 5.267 5.137 4.998 4.802 4.606 4.41 4.214 4.018 3.822 3.685 3.604 3.523 3.443 3.362 3.281 3.2 3.119 3.038 2.957 2.82 2.657 2.493 2.33 2.166 2.003 1.839 1.676 1.512 1.365 1.355 1.345 1.335 1.325 1.315 1.306 1.298 1.299 1.3 1.301 1.301 1.302 1.303 1.289 1.17 1.051 0.932 0.812 0.693 0.574 0.455 0.336 0.217 0.19 0.194 0.198 0.203 0.207 0.211 0.215 0.219 0.223 0.237 0.257 0.277 0.297 0.317 0.337 0.357 0.383 0.425 0.468 0.51 0.553 0.595 0.637 0.68 0.712 0.742 0.771 0.8 0.829 0.858 0.887 0.917
4.222 4.307 4.391 4.476 4.56 4.661 4.777 4.893 5.009 5.125 5.24 5.356 5.472 5.588 5.703 5.819 5.919 5.978 6.036 6.095 6.154 6.216 6.316 6.416 6.517 6.617 6.717 6.817 6.917 7.018 7.118 7.218 7.309 7.154 6.999 6.844 6.689 6.533 6.441 6.388 6.335 6.281 6.228 6.175 6.122 6.068 6.015 5.962 5.909 5.795 5.665 5.535 5.405 5.275 5.135 4.939 4.743 4.547 4.351 4.155 4.002 3.921 3.84 3.759 3.678 3.597 3.516 3.435 3.354 3.273 3.192 3.054 2.891 2.727 2.564 2.4 2.237 2.073 1.91 1.746 1.583 1.466 1.456 1.446 1.437 1.427 1.417 1.41 1.41 1.411 1.412 1.413 1.414 1.414 1.298 1.179 1.06 0.941 0.822 0.702 0.583 0.464 0.345 0.226 0.201 0.205 0.21 0.214 0.218 0.222 0.226 0.23 0.234 0.239 0.256 0.276 0.296 0.316 0.335 0.355 0.382 0.424 0.467 0.509 0.551 0.594 0.636 0.671 0.7 0.729 0.758 0.788 0.817 0.846 0.875 0.904
4.047 4.131 4.216 4.3 4.385 4.487 4.602 4.718 4.834 4.95 5.065 5.181 5.297 5.413 5.529 5.644 5.76 5.848 5.907 5.966 6.025 6.087 6.188 6.288 6.388 6.488 6.588 6.689 6.789 6.889 6.989 7.089 7.19 7.229 7.074 6.919 6.764 6.609 6.518 6.465 6.412 6.358 6.305 6.252 6.199 6.145 6.092 6.039 5.986 5.932 5.803 5.673 5.543 5.413 5.272 5.076 4.88 4.684 4.488 4.318 4.237 4.156 4.075 3.994 3.913 3.832 3.751 3.67 3.589 3.509 3.428 3.288 3.125 2.961 2.798 2.634 2.471 2.307 2.144 1.98 1.817 1.653 1.568 1.558 1.548 1.538 1.528 1.521 1.522 1.523 1.523 1.524 1.525 1.426 1.307 1.188 1.069 0.95 0.831 0.711 0.592 0.473 0.354 0.235 0.212 0.216 0.221 0.225 0.229 0.233 0.237 0.241 0.246 0.25 0.254 0.274 0.294 0.314 0.334 0.354 0.381 0.423 0.466 0.508 0.55 0.593 0.629 0.659 0.688 0.717 0.746 0.775 0.804 0.834 0.863 0.892
3.872 3.956 4.04 4.125 4.209 4.312 4.427 4.543 4.659 4.775 4.89 5.006 5.122 5.238 5.354 5.469 5.585 5.701 5.778 5.836 5.895 5.959 6.059 6.159 6.259 6.359 6.46 6.56 6.66 6.76 6.861 6.961 7.061 7.161 7.15 6.994 6.839 6.684 6.595 6.542 6.489 6.435 6.382 6.329 6.276 6.222 6.169 6.116 6.062 6.009 5.941 5.811 5.681 5.551 5.409 5.213 5.017 4.821 4.634 4.553 4.472 4.391 4.31 4.229 4.148 4.067 3.987 3.906 3.825 3.744 3.663 3.522 3.359 3.195 3.032 2.868 2.705 2.541 2.378 2.214 2.051 1.887 1.724 1.669 1.659 1.649 1.639 1.632 1.633 1.634 1.635 1.636 1.554 1.435 1.316 1.197 1.078 0.959 0.84 0.721 0.601 0.482 0.363 0.244 0.223 0.228 0.232 0.236 0.24 0.244 0.248 0.253 0.257 0.261 0.265 0.273 0.293 0.313 0.333 0.352 0.38 0.422 0.465 0.507 0.549 0.588 0.617 0.646 0.675 0.704 0.734 0.763 0.792 0.821 0.85 0.88
3.696 3.781 3.865 3.949 4.034 4.137 4.252 4.368 4.484 4.6 4.716 4.831 4.947 5.063 5.179 5.294 5.41 5.526 5.642 5.707 5.766 5.83 5.93 6.03 6.131 6.231 6.331 6.431 6.531 6.632 6.732 6.832 6.932 7.033 7.133 7.07 6.915 6.759 6.672 6.619 6.566 6.512 6.459 6.406 6.353 6.299 6.246 6.193 6.139 6.086 6.033 5.949 5.82 5.69 5.546 5.35 5.154 4.958 4.869 4.788 4.707 4.626 4.546 4.465 4.384 4.303 4.222 4.141 4.06 3.979 3.898 3.756 3.593 3.429 3.266 3.102 2.939 2.775 2.612 2.448 2.285 2.121 1.958 1.794 1.77 1.761 1.751 1.744 1.745 1.746 1.746 1.682 1.563 1.444 1.325 1.206 1.087 0.968 0.849 0.73 0.61 0.491 0.372 0.253 0.235 0.239 0.243 0.247 0.251 0.255 0.259 0.264 0.268 0.272 0.276 0.28 0.291 0.311 0.331 0.351 0.379 0.421 0.464 0.506 0.546 0.575 0.605 0.634 0.663 0.692 0.721 0.75 0.78 0.809 0.838 0.867
3.521 3.605 3.689 3.774 3.858 3.962 4.078 4.193 4.309 4.425 4.541 4.656 4.772 4.888 5.004 5.12 5.235 5.351 5.467 5.578 5.637 5.701 5.801 5.902 6.002 6.102 6.202 6.303 6.403 6.503 6.603 6.703 6.804 6.904 7.004 7.104 6.99 6.835 6.749 6.696 6.643 6.589 6.536 6.483 6.43 6.376 6.323 6.27 6.216 6.163 6.11 6.057 5.958 5.828 5.683 5.487 5.291 5.185 5.104 5.024 4.943 4.862 4.781 4.7 4.619 4.538 4.457 4.376 4.295 4.214 4.133 3.99 3.826 3.663 3.499 3.336 3.172 3.009 2.845 2.682 2.518 2.355 2.191 2.028 1.882 1.872 1.862 1.855 1.856 1.857 1.81 1.691 1.572 1.453 1.334 1.215 1.096 0.977 0.858 0.739 0.62 0.5 0.381 0.262 0.246 0.25 0.254 0.258 0.262 0.266 0.271 0.275 0.279 0.283 0.287 0.291 0.296 0.31 0.33 0.35 0.378 0.42 0.463 0.505 0.534 0.563 0.592 0.621 0.651 0.68 0.709 0.738 0.767 0.796 0.826 0.855
3.345 3.43 3.514 3.598 3.683 3.787 3.903 4.018 4.134 4.25 4.366 4.481 4.597 4.713 4.829 4.945 5.06 5.176 5.292 5.408 5.507 5.573 5.673 5.773 5.873 5.973 6.074 6.174 6.274 6.374 6.475 6.575 6.675 6.775 6.875 6.976 7.065 6.91 6.826 6.773 6.72 6.666 6.613 6.56 6.507 6.453 6.4 6.347 6.293 6.24 6.187 6.134 6.08 5.966 5.82 5.624 5.502 5.421 5.34 5.259 5.178 5.097 5.016 4.935 4.854 4.773 4.692 4.611 4.531 4.45 4.369 4.224 4.06 3.897 3.733 3.57 3.406 3.243 3.079 2.916 2.752 2.589 2.425 2.262 2.098 1.983 1.973 1.967 1.968 1.938 1.819 1.7 1.581 1.462 1.343 1.224 1.105 0.986 0.867 0.748 0.629 0.509 0.39 0.271 0.257 0.261 0.265 0.269 0.273 0.278 0.282 0.286 0.29 0.294 0.298 0.303 0.307 0.311 0.328 0.348 0.377 0.419 0.461 0.492 0.522 0.551 0.58 0.609 0.638 0.667 0.697 0.726 0.755 0.784 0.813 0.842
3.17 3.254 3.339 3.423 3.507 3.612 3.728 3.843 3.959 4.075 4.191 4.307 4.422 4.538 4.654 4.77 4.885 5.001 5.117 5.233 5.349 5.444 5.544 5.644 5.745 5.845 5.945 6.045 6.145 6.246 6.346 6.446 6.546 6.646 6.747 6.847 6.947 6.985 6.903 6.85 6.797 6.743 6.69 6.637 6.584 6.53 6.477 6.424 6.37 6.317 6.264 6.211 6.157 6.104 5.957 5.818 5.737 5.656 5.575 5.494 5.413 5.332 5.251 5.17 5.09 5.009 4.928 4.847 4.766 4.685 4.604 4.458 4.294 4.131 3.967 3.804 3.64 3.477 3.313 3.15 2.986 2.823 2.659 2.496 2.332 2.169 2.085 2.078 2.066 1.947 1.828 1.709 1.59 1.471 1.352 1.233 1.114 0.995 0.876 0.757 0.638 0.519 0.399 0.28 0.268 0.272 0.276 0.28 0.285 0.289 0.293 0.297 0.301 0.305 0.309 0.314 0.318 0.322 0.327 0.347 0.376 0.418 0.451 0.48 0.509 0.538 0.568 0.597 0.626 0.655 0.684 0.713 0.743 0.772 0.801 0.83
3.089 3.172 3.255 3.338 3.42 3.51 3.623 3.737 3.852 3.966 4.081 4.195 4.31 4.424 4.539 4.653 4.768 4.882 4.997 5.111 5.225 5.337 5.437 5.536 5.636 5.736 5.835 5.935 6.035 6.134 6.234 6.334 6.433 6.533 6.632 6.732 6.832 6.931 6.948 6.896 6.845 6.793 6.741 6.689 6.638 6.586 6.534 6.482 6.431 6.379 6.327 6.275 6.223 6.172 6.113 6.036 5.96 5.883 5.806 5.729 5.648 5.568 5.487 5.406 5.325 5.244 5.163 5.082 5.001 4.92 4.839 4.692 4.528 4.365 4.201 4.038 3.874 3.711 3.547 3.384 3.22 3.057 2.893 2.73 2.566 2.403 2.239 2.19 2.075 1.956 1.837 1.718 1.599 1.48 1.361 1.242 1.123 1.004 0.885 0.766 0.647 0.528 0.408 0.289 0.279 0.283 0.287 0.291 0.296 0.3 0.304 0.308 0.312 0.316 0.321 0.325 0.329 0.333 0.337 0.345 0.375 0.409 0.439 0.468 0.497 0.526 0.555 0.584 0.614 0.643 0.672 0.701 0.73 0.759 0.789 0.818
3.013 3.096 3.179 3.262 3.345 3.434 3.53 3.644 3.759 3.873 3.988 4.102 4.217 4.331 4.446 4.56 4.675 4.789 4.904 5.018 5.133 5.244 5.344 5.443 5.543 5.642 5.742 5.842 5.941 6.041 6.141 6.24 6.34 6.44 6.539 6.639 6.739 6.822 6.89 6.879 6.828 6.776 6.724 6.672 6.621 6.569 6.517 6.465 6.414 6.362 6.31 6.258 6.207 6.155 6.096 6.019 5.942 5.866 5.789 5.712 5.635 5.559 5.482 5.405 5.328 5.252 5.175 5.098 5.021 4.945 4.922 4.795 4.634 4.473 4.312 4.151 3.991 3.83 3.669 3.508 3.348 3.187 3.026 2.865 2.704 2.544 2.383 2.297 2.174 2.052 1.93 1.808 1.686 1.564 1.442 1.32 1.199 1.077 0.955 0.833 0.711 0.589 0.467 0.345 0.333 0.335 0.336 0.337 0.338 0.339 0.341 0.342 0.343 0.344 0.346 0.347 0.348 0.349 0.35 0.352 0.368 0.397 0.426 0.455 0.485 0.514 0.543 0.572 0.601 0.63 0.66 0.689 0.718 0.747 0.776 0.805
2.937 3.02 3.103 3.186 3.269 3.358 3.451 3.551 3.666 3.78 3.895 4.009 4.124 4.238 4.353 4.467 4.582 4.696 4.811 4.925 5.04 5.151 5.25 5.35 5.45 5.549 5.649 5.749 5.848 5.948 6.047 6.147 6.247 6.346 6.446 6.546 6.632 6.714 6.781 6.845 6.811 6.759 6.707 6.656 6.604 6.552 6.5 6.449 6.397 6.345 6.293 6.242 6.19 6.138 6.079 6.002 5.925 5.848 5.772 5.695 5.618 5.541 5.465 5.388 5.311 5.234 5.158 5.081 5.004 4.966 4.996 4.865 4.704 4.544 4.383 4.222 4.061 3.901 3.74 3.579 3.418 3.257 3.097 2.936 2.775 2.614 2.548 2.487 2.357 2.235 2.113 1.991 1.869 1.747 1.625 1.503 1.381 1.259 1.137 1.015 0.893 0.771 0.649 0.527 0.518 0.519 0.52 0.521 0.523 0.524 0.525 0.526 0.528 0.529 0.53 0.531 0.532 0.534 0.535 0.488 0.375 0.379 0.408 0.437 0.467 0.496 0.525 0.555 0.584 0.613 0.642 0.672 0.701 0.73 0.759 0.789
2.862 2.944 3.027 3.11 3.193 3.283 3.376 3.468 3.573 3.687 3.802 3.916 4.031 4.145 4.26 4.374 4.489 4.603 4.718 4.832 4.947 5.057 5.157 5.257 5.356 5.456 5.556 5.655 5.755 5.855 5.954 6.054 6.154 6.253 6.353 6.442 6.523 6.605 6.672 6.736 6.794 6.742 6.69 6.639 6.587 6.535 6.483 6.432 6.38 6.328 6.276 6.225 6.173 6.121 6.061 5.985 5.908 5.831 5.754 5.678 5.601 5.524 5.447 5.371 5.294 5.217 5.14 5.063 5.01 5.04 5.069 4.936 4.775 4.614 4.454 4.293 4.132 3.971 3.81 3.65 3.489 3.328 3.167 3.006 2.846 2.759 2.74 2.676 2.545 2.417 2.295 2.173 2.051 1.929 1.807 1.685 1.563 1.441 1.319 1.197 1.075 0.953 0.831 0.709 0.702 0.703 0.705 0.706 0.707 0.708 0.71 0.711 0.712 0.713 0.714 0.716 0.717 0.718 0.696 0.525 0.414 0.371 0.39 0.419 0.448 0.478 0.507 0.536 0.565 0.595 0.624 0.653 0.683 0.712 0.741 0.77
2.786 2.869 2.951 3.034 3.117 3.207 3.3 3.393 3.486 3.594 3.709 3.823 3.938 4.052 4.167 4.281 4.396 4.51 4.625 4.739 4.854 4.964 5.064 5.164 5.263 5.363 5.463 5.562 5.662 5.761 5.861 5.961 6.06 6.16 6.252 6.333 6.415 6.496 6.563 6.627 6.691 6.725 6.674 6.622 6.57 6.518 6.467 6.415 6.363 6.311 6.26 6.208 6.156 6.104 6.044 5.967 5.891 5.814 5.737 5.66 5.584 5.507 5.43 5.353 5.277 5.2 5.123 5.053 5.083 5.113 5.143 5.007 4.846 4.685 4.524 4.363 4.203 4.042 3.881 3.72 3.559 3.399 3.238 3.077 2.97 2.951 2.931 2.866 2.735 2.604 2.477 2.355 2.233 2.111 1.989 1.868 1.746 1.624 1.502 1.38 1.258 1.136 1.014 0.892 0.887 0.888 0.889 0.89 0.892 0.893 0.894 0.895 0.896 0.898 0.899 0.9 0.901 0.902 0.733 0.562 0.453 0.41 0.371 0.401 0.43 0.459 0.488 0.518 0.547 0.576 0.606 0.635 0.664 0.693 0.723 0.752
2.71 2.793 2.876 2.958 3.041 3.131 3.224 3.317 3.41 3.503 3.616 3.73 3.845 3.959 4.074 4.188 4.303 4.417 4.532 4.646 4.761 4.871 4.971 5.07 5.17 5.27 5.369 5.469 5.569 5.668 5.768 5.868 5.967 6.061 6.143 6.225 6.306 6.388 6.454 6.518 6.582 6.645 6.657 6.605 6.553 6.501 6.45 6.398 6.346 6.294 6.243 6.191 6.139 6.087 6.027 5.95 5.873 5.797 5.72 5.643 5.566 5.49 5.413 5.336 5.259 5.182 5.106 5.127 5.157 5.187 5.217 5.077 4.916 4.756 4.595 4.434 4.273 4.112 3.952 3.791 3.63 3.469 3.309 3.18 3.161 3.142 3.123 3.056 2.925 2.793 2.662 2.538 2.416 2.294 2.172 2.05 1.928 1.806 1.684 1.562 1.44 1.318 1.196 1.074 1.071 1.072 1.074 1.075 1.076 1.077 1.078 1.08 1.081 1.082 1.083 1.084 1.086 0.941 0.77 0.599 0.492 0.449 0.406 0.382 0.412 0.441 0.47 0.499 0.529 0.558 0.587 0.616 0.646 0.675 0.704 0.734
2.634 2.717 2.8 2.883 2.965 3.056 3.149 3.241 3.334 3.427 3.523 3.637 3.752 3.866 3.981 4.095 4.21 4.324 4.439 4.553 4.668 4.778 4.878 4.977 5.077 5.176 5.276 5.376 5.475 5.575 5.675 5.774 5.871 5.953 6.034 6.116 6.197 6.279 6.346 6.409 6.473 6.536 6.6 6.588 6.536 6.485 6.433 6.381 6.329 6.278 6.226 6.174 6.122 6.071 6.01 5.933 5.856 5.779 5.703 5.626 5.549 5.472 5.395 5.319 5.242 5.165 5.171 5.201 5.231 5.261 5.291 5.148 4.987 4.826 4.665 4.505 4.344 4.183 4.022 3.862 3.701 3.54 3.391 3.372 3.353 3.334 3.315 3.246 3.114 2.983 2.852 2.721 2.598 2.476 2.354 2.232 2.11 1.988 1.866 1.744 1.622 1.5 1.378 1.256 1.256 1.257 1.258 1.259 1.26 1.262 1.263 1.264 1.265 1.266 1.268 1.269 1.15 0.978 0.807 0.636 0.532 0.489 0.446 0.402 0.393 0.422 0.452 0.481 0.51 0.539 0.569 0.598 0.627 0.657 0.686 0.715
2.558 2.641 2.724 2.807 2.89 2.98 3.073 3.166 3.259 3.351 3.444 3.544 3.659 3.773 3.888 4.002 4.117 4.231 4.346 4.46 4.575 4.685 4.784 4.884 4.984 5.083 5.183 5.283 5.382 5.482 5.581 5.681 5.763 5.844 5.926 6.007 6.089 6.17 6.237 6.3 6.364 6.427 6.491 6.554 6.519 6.468 6.416 6.364 6.312 6.261 6.209 6.157 6.105 6.054 5.992 5.916 5.839 5.762 5.685 5.608 5.532 5.455 5.378 5.301 5.225 5.215 5.245 5.275 5.305 5.335 5.365 5.218 5.058 4.897 4.736 4.575 4.415 4.254 4.093 3.932 3.771 3.611 3.583 3.564 3.545 3.525 3.506 3.435 3.304 3.173 3.042 2.91 2.78 2.658 2.537 2.415 2.293 2.171 2.049 1.927 1.805 1.683 1.561 1.439 1.44 1.441 1.442 1.444 1.445 1.446 1.447 1.448 1.45 1.451 1.452 1.358 1.187 1.015 0.844 0.673 0.571 0.528 0.485 0.442 0.399 0.404 0.433 0.463 0.492 0.521 0.55 0.58 0.609 0.638 0.667 0.697
2.482 2.565 2.648 2.731 2.814 2.904 2.997 3.09 3.183 3.276 3.369 3.461 3.566 3.68 3.795 3.909 4.024 4.138 4.253 4.367 4.482 4.591 4.691 4.791 4.89 4.99 5.09 5.189 5.289 5.389 5.488 5.572 5.654 5.736 5.817 5.899 5.98 6.062 6.128 6.191 6.255 6.318 6.382 6.445 6.503 6.451 6.399 6.347 6.296 6.244 6.192 6.14 6.089 6.037 5.975 5.898 5.822 5.745 5.668 5.591 5.514 5.438 5.361 5.284 5.259 5.289 5.319 5.349 5.379 5.408 5.438 5.289 5.128 4.968 4.807 4.646 4.485 4.324 4.164 4.003 3.842 3.793 3.774 3.755 3.736 3.717 3.698 3.625 3.494 3.363 3.231 3.1 2.969 2.841 2.719 2.597 2.475 2.353 2.231 2.109 1.987 1.865 1.743 1.623 1.624 1.626 1.627 1.628 1.629 1.63 1.632 1.633 1.634 1.635 1.566 1.395 1.224 1.052 0.881 0.71 0.61 0.567 0.524 0.481 0.438 0.395 0.415 0.444 0.473 0.503 0.532 0.561 0.59 0.62 0.649 0.678
2.407 2.489 2.572 2.655 2.738 2.829 2.922 3.014 3.107 3.2 3.293 3.386 3.479 3.587 3.702 3.816 3.931 4.045 4.16 4.274 4.389 4.498 4.598 4.698 4.797 4.897 4.996 5.096 5.196 5.295 5.382 5.464 5.545 5.627 5.708 5.79 5.871 5.953 6.019 6.082 6.146 6.209 6.273 6.337 6.4 6.434 6.382 6.33 6.279 6.227 6.175 6.123 6.072 6.02 5.958 5.881 5.804 5.727 5.651 5.574 5.497 5.42 5.344 5.303 5.333 5.363 5.392 5.422 5.452 5.482 5.512 5.36 5.199 5.038 4.877 4.717 4.556 4.395 4.234 4.073 4.004 3.985 3.966 3.947 3.928 3.909 3.89 3.815 3.684 3.552 3.421 3.29 3.159 3.027 2.901 2.779 2.657 2.535 2.413 2.291 2.169 2.047 1.925 1.808 1.809 1.81 1.811 1.812 1.814 1.815 1.816 1.817 1.819 1.775 1.603 1.432 1.261 1.089 0.918 0.747 0.649 0.606 0.563 0.52 0.477 0.434 0.396 0.426 0.455 0.484 0.514 0.543 0.572 0.601 0.631 0.66
2.331 2.414 2.496 2.579 2.662 2.753 2.846 2.939 3.032 3.124 3.217 3.31 3.403 3.496 3.609 3.723 3.838 3.952 4.067 4.181 4.296 4.405 4.505 4.604 4.704 4.804 4.903 5.003 5.103 5.192 5.274 5.355 5.437 5.518 5.6 5.681 5.763 5.844 5.91 5.973 6.037 6.1 6.164 6.228 6.291 6.355 6.365 6.314 6.262 6.21 6.158 6.107 6.055 6.003 5.94 5.864 5.787 5.71 5.633 5.557 5.48 5.403 5.347 5.376 5.406 5.436 5.466 5.496 5.526 5.556 5.586 5.43 5.27 5.109 4.948 4.787 4.626 4.466 4.305 4.215 4.196 4.177 4.158 4.139 4.119 4.1 4.081 4.005 3.873 3.742 3.611 3.48 3.348 3.217 3.086 2.962 2.84 2.718 2.596 2.474 2.352 2.23 2.108 1.992 1.993 1.994 1.996 1.997 1.998 1.999 2.001 2.002 1.983 1.812 1.64 1.469 1.298 1.126 0.955 0.784 0.689 0.645 0.602 0.559 0.516 0.473 0.43 0.407 0.437 0.466 0.495 0.524 0.554 0.583 0.612 0.641
2.255 2.338 2.421 2.503 2.586 2.677 2.77 2.863 2.956 3.049 3.142 3.234 3.327 3.42 3.516 3.63 3.745 3.859 3.974 4.088 4.203 4.312 4.412 4.511 4.611 4.71 4.81 4.91 5.002 5.083 5.165 5.246 5.328 5.41 5.491 5.573 5.654 5.736 5.801 5.864 5.928 5.991 6.055 6.119 6.182 6.246 6.309 6.297 6.245 6.193 6.141 6.09 6.038 5.986 5.923 5.846 5.77 5.693 5.616 5.539 5.463 5.39 5.42 5.45 5.48 5.51 5.54 5.57 5.6 5.63 5.66 5.501 5.34 5.179 5.019 4.858 4.697 4.536 4.426 4.407 4.387 4.368 4.349 4.33 4.311 4.292 4.273 4.194 4.063 3.932 3.801 3.669 3.538 3.407 3.276 3.144 3.022 2.9 2.778 2.656 2.534 2.412 2.29 2.176 2.178 2.179 2.18 2.181 2.183 2.184 2.185 2.186 2.02 1.849 1.677 1.506 1.335 1.163 0.992 0.821 0.728 0.685 0.642 0.599 0.556 0.513 0.47 0.426 0.418 0.447 0.477 0.506 0.535 0.565 0.594 0.623
2.179 2.262 2.345 2.428 2.51 2.602 2.695 2.787 2.88 2.973 3.066 3.159 3.252 3.344 3.437 3.538 3.652 3.766 3.881 3.995 4.11 4.219 4.318 4.418 4.518 4.617 4.717 4.812 4.893 4.975 5.056 5.138 5.219 5.301 5.382 5.464 5.545 5.627 5.692 5.755 5.819 5.883 5.946 6.01 6.073 6.137 6.2 6.264 6.228 6.176 6.125 6.073 6.021 5.969 5.906 5.829 5.752 5.676 5.599 5.522 5.445 5.464 5.494 5.524 5.554 5.584 5.614 5.644 5.674 5.704 5.732 5.572 5.411 5.25 5.089 4.929 4.768 4.636 4.617 4.598 4.579 4.56 4.541 4.522 4.503 4.484 4.464 4.384 4.253 4.122 3.99 3.859 3.728 3.597 3.465 3.334 3.204 3.082 2.96 2.838 2.716 2.594 2.472 2.361 2.362 2.363 2.365 2.366 2.367 2.368 2.369 2.228 2.057 1.886 1.714 1.543 1.372 1.201 1.029 0.858 0.767 0.724 0.681 0.638 0.595 0.552 0.509 0.466 0.423 0.429 0.458 0.488 0.517 0.546 0.575 0.605
2.103 2.186 2.269 2.352 2.435 2.526 2.619 2.712 2.805 2.897 2.99 3.083 3.176 3.269 3.362 3.454 3.559 3.674 3.788 3.902 4.017 4.125 4.225 4.325 4.424 4.524 4.622 4.703 4.785 4.866 4.948 5.029 5.111 5.192 5.274 5.355 5.437 5.518 5.583 5.646 5.71 5.774 5.837 5.901 5.964 6.028 6.091 6.155 6.211 6.159 6.108 6.056 6.004 5.952 5.889 5.812 5.735 5.658 5.582 5.505 5.508 5.538 5.568 5.598 5.628 5.658 5.688 5.718 5.748 5.777 5.803 5.642 5.481 5.321 5.16 4.999 4.847 4.828 4.809 4.79 4.771 4.752 4.732 4.713 4.694 4.675 4.656 4.574 4.443 4.311 4.18 4.049 3.918 3.786 3.655 3.524 3.393 3.265 3.143 3.021 2.899 2.777 2.655 2.545 2.547 2.548 2.549 2.55 2.551 2.553 2.437 2.265 2.094 1.923 1.752 1.58 1.409 1.238 1.066 0.895 0.806 0.763 0.72 0.677 0.634 0.591 0.548 0.505 0.462 0.419 0.44 0.469 0.498 0.528 0.557 0.586
2.027 2.11 2.193 2.276 2.359 2.45 2.543 2.636 2.729 2.822 2.915 3.007 3.1 3.193 3.286 3.379 3.472 3.581 3.695 3.809 3.924 4.032 4.132 4.232 4.331 4.431 4.513 4.594 4.676 4.757 4.839 4.921 5.002 5.084 5.165 5.247 5.328 5.41 5.474 5.537 5.601 5.665 5.728 5.792 5.855 5.919 5.982 6.046 6.11 6.143 6.091 6.039 5.987 5.936 5.871 5.795 5.718 5.641 5.564 5.552 5.582 5.612 5.642 5.672 5.702 5.732 5.761 5.791 5.821 5.851 5.874 5.713 5.552 5.391 5.231 5.07 5.039 5.02 5.001 4.981 4.962 4.943 4.924 4.905 4.886 4.867 4.848 4.764 4.632 4.501 4.37 4.239 4.107 3.976 3.845 3.714 3.582 3.451 3.325 3.203 3.081 2.959 2.837 2.73 2.731 2.732 2.733 2.735 2.736 2.645 2.474 2.302 2.131 1.96 1.789 1.617 1.446 1.275 1.103 0.932 0.845 0.802 0.759 0.716 0.673 0.63 0.587 0.544 0.501 0.458 0.421 0.451 0.48 0.509 0.539 0.568
1.969 2.034 2.117 2.2 2.283 2.375 2.467 2.56 2.653 2.746 2.839 2.932 3.024 3.117 3.21 3.303 3.396 3.489 3.602 3.717 3.831 3.939 4.039 4.138 4.238 4.323 4.404 4.486 4.567 4.649 4.73 4.812 4.893 4.975 5.056 5.138 5.219 5.301 5.365 5.429 5.492 5.556 5.619 5.683 5.746 5.81 5.874 5.937 6.001 6.064 6.074 6.022 5.971 5.919 5.854 5.777 5.701 5.624 5.596 5.626 5.656 5.686 5.716 5.745 5.775 5.805 5.835 5.865 5.895 5.925 5.944 5.784 5.623 5.462 5.301 5.249 5.23 5.211 5.192 5.173 5.154 5.135 5.116 5.097 5.078 5.058 5.039 4.953 4.822 4.691 4.56 4.428 4.297 4.166 4.035 3.903 3.772 3.641 3.51 3.385 3.263 3.141 3.019 2.914 2.915 2.917 2.918 2.919 2.853 2.682 2.511 2.34 2.168 1.997 1.826 1.654 1.483 1.312 1.14 0.969 0.885 0.842 0.799 0.756 0.712 0.669 0.626 0.583 0.54 0.497 0.454 0.432 0.462 0.491 0.52 0.549
1.911 1.972 2.041 2.124 2.207 2.299 2.392 2.485 2.577 2.67 2.763 2.856 2.949 3.042 3.134 3.227 3.32 3.413 3.509 3.624 3.738 3.846 3.945 4.045 4.133 4.214 4.296 4.377 4.459 4.54 4.622 4.703 4.785 4.866 4.948 5.029 5.111 5.192 5.256 5.32 5.383 5.447 5.51 5.574 5.637 5.701 5.765 5.828 5.892 5.955 6.019 6.005 5.954 5.902 5.837 5.76 5.683 5.64 5.67 5.7 5.729 5.759 5.789 5.819 5.849 5.879 5.909 5.939 5.969 5.999 6.015 5.854 5.693 5.533 5.46 5.441 5.422 5.403 5.384 5.365 5.346 5.326 5.307 5.288 5.269 5.25 5.231 5.143 5.012 4.881 4.749 4.618 4.487 4.356 4.224 4.093 3.962 3.831 3.699 3.568 3.446 3.324 3.202 3.099 3.1 3.101 3.102 3.062 2.891 2.719 2.548 2.377 2.205 2.034 1.863 1.691 1.52 1.349 1.177 1.006 0.924 0.881 0.838 0.795 0.752 0.709 0.666 0.623 0.58 0.537 0.493 0.45 0.443 0.472 0.502 0.531
1.853 1.914 1.974 2.048 2.131 2.223 2.316 2.409 2.502 2.595 2.687 2.78 2.873 2.966 3.059 3.152 3.244 3.337 3.43 3.531 3.645 3.753 3.852 3.942 4.024 4.105 4.187 4.268 4.35 4.431 4.513 4.595 4.676 4.758 4.839 4.921 5.002 5.083 5.147 5.211 5.274 5.338 5.401 5.465 5.529 5.592 5.656 5.719 5.783 5.846 5.91 5.974 5.937 5.885 5.82 5.743 5.684 5.713 5.743 5.773 5.803 5.833 5.863 5.893 5.923 5.953 5.983 6.013 6.043 6.073 6.086 5.925 5.764 5.671 5.652 5.633 5.614 5.594 5.575 5.556 5.537 5.518 5.499 5.48 5.461 5.442 5.423 5.333 5.202 5.07 4.939 4.808 4.677 4.545 4.414 4.283 4.152 4.02 3.889 3.758 3.628 3.506 3.384 3.283 3.284 3.285 3.27 3.099 2.928 2.756 2.585 2.414 2.242 2.071 1.9 1.728 1.557 1.386 1.214 1.043 0.963 0.92 0.877 0.834 0.791 0.748 0.705 0.662 0.619 0.576 0.533 0.49 0.447 0.454 0.483 0.513
1.795 1.855 1.916 1.977 2.055 2.148 2.24 2.333 2.426 2.519 2.612 2.705 2.797 2.89 2.983 3.076 3.169 3.262 3.354 3.447 3.552 3.659 3.752 3.834 3.915 3.997 4.078 4.16 4.241 4.323 4.404 4.486 4.567 4.649 4.73 4.812 4.893 4.975 5.038 5.102 5.165 5.229 5.292 5.356 5.42 5.483 5.547 5.61 5.674 5.737 5.801 5.865 5.92 5.868 5.802 5.727 5.757 5.787 5.817 5.847 5.877 5.907 5.937 5.967 5.997 6.027 6.057 6.087 6.117 6.146 6.156 5.995 5.882 5.862 5.843 5.824 5.805 5.786 5.767 5.748 5.729 5.71 5.691 5.671 5.652 5.633 5.614 5.523 5.391 5.26 5.129 4.998 4.866 4.735 4.604 4.473 4.341 4.21 4.079 3.948 3.816 3.688 3.567 3.467 3.469 3.47 3.307 3.136 2.965 2.793 2.622 2.451 2.279 2.108 1.937 1.765 1.594 1.423 1.251 1.08 1.002 0.959 0.916 0.873 0.83 0.787 0.744 0.701 0.658 0.615 0.572 0.529 0.486 0.443 0.465 0.494
1.737 1.797 1.858 1.919 1.98 2.072 2.165 2.258 2.35 2.443 2.536 2.629 2.722 2.815 2.907 3.0 3.093 3.186 3.279 3.372 3.464 3.562 3.644 3.725 3.807 3.888 3.97 4.051 4.133 4.214 4.296 4.377 4.459 4.54 4.622 4.703 4.785 4.866 4.929 4.993 5.056 5.12 5.183 5.247 5.311 5.374 5.438 5.501 5.565 5.628 5.692 5.756 5.819 5.851 5.785 5.801 5.831 5.861 5.891 5.921 5.951 5.981 6.011 6.041 6.071 6.101 6.13 6.16 6.19 6.22 6.227 6.092 6.073 6.054 6.035 6.016 5.997 5.978 5.959 5.939 5.92 5.901 5.882 5.863 5.844 5.825 5.806 5.712 5.581 5.45 5.319 5.187 5.056 4.925 4.794 4.662 4.531 4.4 4.269 4.137 4.006 3.875 3.749 3.652 3.653 3.516 3.344 3.173 3.002 2.83 2.659 2.488 2.316 2.145 1.974 1.802 1.631 1.46 1.288 1.117 1.042 0.999 0.955 0.912 0.869 0.826 0.783 0.74 0.697 0.654 0.611 0.568 0.525 0.482 0.447 0.476
1.697 1.758 1.818 1.879 1.912 2.002 2.095 2.188 2.28 2.373 2.466 2.559 2.651 2.744 2.837 2.93 3.022 3.115 3.208 3.301 3.39 3.452 3.533 3.615 3.696 3.778 3.859 3.941 4.023 4.104 4.186 4.267 4.349 4.43 4.512 4.593 4.675 4.756 4.822 4.885 4.949 5.012 5.076 5.139 5.203 5.266 5.33 5.393 5.457 5.52 5.584 5.647 5.711 5.774 5.82 5.853 5.885 5.918 5.951 5.984 6.017 6.05 6.083 6.114 6.144 6.174 6.204 6.234 6.264 6.294 6.303 6.284 6.265 6.246 6.227 6.208 6.188 6.169 6.15 6.131 6.112 6.093 6.074 6.055 6.036 6.017 5.997 5.902 5.771 5.64 5.508 5.377 5.246 5.115 4.983 4.852 4.721 4.59 4.458 4.327 4.196 4.065 3.933 3.836 3.724 3.553 3.381 3.21 3.039 2.867 2.696 2.525 2.353 2.182 2.011 1.839 1.668 1.497 1.325 1.154 1.081 1.038 0.995 0.952 0.909 0.866 0.823 0.779 0.736 0.693 0.65 0.607 0.564 0.521 0.478 0.457
1.658 1.718 1.779 1.817 1.841 1.933 2.026 2.119 2.211 2.304 2.397 2.489 2.582 2.675 2.768 2.86 2.953 3.046 3.139 3.231 3.29 3.353 3.422 3.503 3.585 3.667 3.748 3.83 3.911 3.993 4.074 4.156 4.238 4.319 4.401 4.482 4.564 4.645 4.716 4.78 4.844 4.907 4.971 5.034 5.098 5.161 5.225 5.288 5.352 5.415 5.479 5.542 5.606 5.669 5.714 5.747 5.78 5.813 5.846 5.878 5.911 5.944 5.977 6.01 6.043 6.076 6.109 6.142 6.174 6.207 6.284 6.31 6.295 6.279 6.263 6.247 6.231 6.215 6.199 6.183 6.167 6.151 6.135 6.12 6.104 6.088 6.072 5.978 5.85 5.722 5.594 5.466 5.338 5.21 5.082 4.954 4.826 4.698 4.57 4.442 4.314 4.185 4.057 3.982 3.811 3.637 3.463 3.289 3.115 2.941 2.767 2.592 2.418 2.244 2.07 1.896 1.722 1.548 1.374 1.2 1.126 1.08 1.034 0.991 0.948 0.905 0.862 0.819 0.776 0.733 0.69 0.647 0.604 0.56 0.517 0.474
1.618 1.679 1.722 1.747 1.771 1.864 1.957 2.049 2.142 2.235 2.328 2.42 2.513 2.606 2.698 2.791 2.884 2.977 3.069 3.134 3.191 3.253 3.32 3.392 3.474 3.555 3.637 3.718 3.8 3.882 3.963 4.045 4.126 4.208 4.289 4.371 4.453 4.533 4.605 4.675 4.739 4.802 4.866 4.929 4.993 5.056 5.12 5.183 5.247 5.31 5.374 5.437 5.501 5.564 5.608 5.641 5.674 5.707 5.74 5.773 5.806 5.839 5.872 5.904 5.937 5.97 6.003 6.036 6.069 6.142 6.225 6.284 6.295 6.279 6.263 6.247 6.231 6.215 6.199 6.183 6.167 6.151 6.135 6.12 6.104 6.088 6.072 5.976 5.848 5.72 5.592 5.464 5.336 5.208 5.08 4.952 4.824 4.696 4.568 4.44 4.312 4.184 4.111 4.109 4.01 3.836 3.662 3.488 3.314 3.14 2.966 2.792 2.617 2.443 2.269 2.095 1.921 1.747 1.573 1.399 1.327 1.281 1.236 1.19 1.144 1.098 1.052 1.006 0.961 0.915 0.869 0.823 0.777 0.731 0.686 0.64
1.579 1.628 1.652 1.676 1.702 1.795 1.887 1.98 2.073 2.166 2.258 2.351 2.444 2.537 2.629 2.722 2.815 2.907 2.977 3.034 3.091 3.153 3.22 3.287 3.363 3.444 3.526 3.607 3.689 3.77 3.852 3.933 4.015 4.097 4.178 4.26 4.341 4.422 4.493 4.565 4.634 4.697 4.761 4.824 4.888 4.951 5.015 5.078 5.142 5.205 5.269 5.332 5.396 5.459 5.503 5.536 5.569 5.602 5.634 5.667 5.7 5.733 5.766 5.799 5.832 5.865 5.898 5.93 5.996 6.083 6.165 6.224 6.283 6.279 6.263 6.247 6.231 6.215 6.199 6.183 6.167 6.151 6.135 6.12 6.104 6.088 6.072 5.974 5.846 5.718 5.59 5.462 5.334 5.206 5.078 4.95 4.822 4.694 4.566 4.438 4.31 4.215 4.24 4.235 4.152 4.035 3.861 3.687 3.513 3.339 3.165 2.991 2.817 2.642 2.468 2.294 2.12 1.946 1.772 1.598 1.528 1.483 1.437 1.391 1.345 1.299 1.253 1.208 1.162 1.116 1.07 1.024 0.979 0.933 0.887 0.762
1.533 1.558 1.582 1.606 1.633 1.725 1.818 1.911 2.004 2.096 2.189 2.282 2.375 2.467 2.56 2.653 2.746 2.82 2.877 2.934 2.991 3.054 3.121 3.188 3.255 3.333 3.414 3.496 3.578 3.659 3.741 3.822 3.904 3.985 4.067 4.148 4.23 4.31 4.382 4.453 4.525 4.592 4.656 4.719 4.783 4.846 4.91 4.973 5.037 5.1 5.164 5.227 5.291 5.354 5.397 5.43 5.463 5.496 5.529 5.562 5.595 5.628 5.66 5.693 5.726 5.759 5.792 5.849 5.937 6.024 6.105 6.164 6.223 6.279 6.263 6.247 6.231 6.215 6.199 6.183 6.167 6.151 6.135 6.12 6.104 6.088 6.072 5.972 5.844 5.716 5.588 5.46 5.332 5.204 5.076 4.948 4.82 4.692 4.564 4.436 4.319 4.344 4.368 4.361 4.278 4.196 4.06 3.886 3.712 3.538 3.364 3.19 3.016 2.842 2.667 2.493 2.319 2.145 1.971 1.797 1.73 1.684 1.638 1.592 1.546 1.501 1.455 1.409 1.363 1.317 1.271 1.226 1.18 1.134 1.023 0.883
1.463 1.487 1.512 1.536 1.564 1.656 1.749 1.842 1.934 2.027 2.12 2.213 2.305 2.398 2.491 2.584 2.664 2.721 2.777 2.834 2.891 2.954 3.021 3.088 3.155 3.222 3.303 3.385 3.466 3.548 3.629 3.711 3.793 3.874 3.956 4.037 4.119 4.199 4.27 4.342 4.413 4.485 4.55 4.614 4.678 4.741 4.805 4.868 4.932 4.995 5.059 5.122 5.186 5.249 5.292 5.325 5.358 5.39 5.423 5.456 5.489 5.522 5.555 5.588 5.621 5.654 5.703 5.79 5.878 5.965 6.046 6.105 6.164 6.222 6.263 6.247 6.231 6.215 6.199 6.183 6.167 6.151 6.135 6.12 6.104 6.088 6.072 5.97 5.842 5.714 5.586 5.458 5.33 5.202 5.074 4.946 4.818 4.69 4.562 4.434 4.447 4.472 4.496 4.488 4.405 4.322 4.239 4.085 3.911 3.737 3.563 3.389 3.215 3.041 2.867 2.692 2.518 2.344 2.17 1.996 1.931 1.885 1.839 1.793 1.748 1.702 1.656 1.61 1.564 1.519 1.473 1.427 1.381 1.284 1.144 1.004
1.393 1.417 1.441 1.466 1.494 1.587 1.68 1.773 1.865 1.958 2.051 2.143 2.236 2.329 2.422 2.507 2.564 2.621 2.678 2.734 2.791 2.854 2.921 2.988 3.055 3.122 3.192 3.274 3.355 3.437 3.518 3.6 3.681 3.763 3.844 3.926 4.008 4.088 4.159 4.23 4.302 4.373 4.445 4.509 4.572 4.636 4.699 4.763 4.826 4.89 4.953 5.017 5.081 5.144 5.186 5.219 5.252 5.285 5.318 5.351 5.384 5.416 5.449 5.482 5.515 5.557 5.644 5.731 5.818 5.906 5.986 6.045 6.104 6.163 6.222 6.247 6.231 6.215 6.199 6.183 6.167 6.151 6.135 6.12 6.104 6.088 6.072 5.969 5.84 5.712 5.584 5.456 5.328 5.2 5.072 4.944 4.816 4.688 4.56 4.551 4.576 4.6 4.624 4.614 4.531 4.448 4.365 4.283 4.11 3.936 3.762 3.588 3.414 3.24 3.066 2.892 2.717 2.543 2.369 2.195 2.132 2.086 2.041 1.995 1.949 1.903 1.857 1.811 1.766 1.72 1.674 1.628 1.545 1.405 1.265 1.125
1.322 1.347 1.371 1.395 1.425 1.518 1.611 1.703 1.796 1.889 1.981 2.074 2.167 2.26 2.351 2.407 2.464 2.521 2.578 2.634 2.691 2.754 2.822 2.889 2.956 3.023 3.09 3.162 3.244 3.325 3.407 3.488 3.57 3.652 3.733 3.815 3.896 3.976 4.048 4.119 4.191 4.262 4.333 4.404 4.467 4.531 4.594 4.658 4.721 4.785 4.848 4.912 4.975 5.039 5.081 5.114 5.146 5.179 5.212 5.245 5.278 5.311 5.344 5.377 5.41 5.497 5.585 5.672 5.759 5.846 5.926 5.985 6.044 6.103 6.162 6.221 6.231 6.215 6.199 6.183 6.167 6.151 6.135 6.12 6.104 6.088 6.072 5.967 5.839 5.711 5.583 5.455 5.327 5.198 5.07 4.942 4.814 4.686 4.655 4.68 4.704 4.728 4.752 4.74 4.657 4.575 4.492 4.409 4.309 4.135 3.961 3.787 3.613 3.439 3.265 3.091 2.916 2.742 2.568 2.394 2.333 2.288 2.242 2.196 2.15 2.104 2.059 2.013 1.967 1.921 1.875 1.805 1.665 1.525 1.385 1.245
1.252 1.276 1.301 1.325 1.356 1.449 1.541 1.634 1.727 1.82 1.912 2.005 2.098 2.19 2.251 2.307 2.364 2.421 2.478 2.535 2.591 2.655 2.722 2.789 2.856 2.923 2.99 3.057 3.133 3.214 3.296 3.377 3.459 3.54 3.622 3.703 3.785 3.865 3.936 4.008 4.079 4.151 4.222 4.293 4.362 4.426 4.489 4.553 4.616 4.68 4.743 4.807 4.87 4.934 4.975 5.008 5.041 5.074 5.107 5.14 5.172 5.205 5.238 5.271 5.351 5.438 5.526 5.613 5.7 5.787 5.867 5.926 5.985 6.043 6.102 6.161 6.22 6.215 6.199 6.183 6.167 6.151 6.136 6.12 6.104 6.088 6.072 5.965 5.837 5.709 5.581 5.453 5.325 5.197 5.069 4.941 4.813 4.759 4.784 4.808 4.832 4.856 4.88 4.867 4.784 4.701 4.618 4.535 4.452 4.334 4.16 3.986 3.812 3.638 3.464 3.29 3.116 2.941 2.767 2.593 2.535 2.489 2.443 2.397 2.351 2.306 2.26 2.214 2.168 2.122 2.066 1.926 1.786 1.646 1.506 1.366
1.182 1.206 1.23 1.255 1.287 1.379 1.472 1.565 1.658 1.75 1.843 1.936 2.029 2.094 2.151 2.208 2.264 2.321 2.378 2.435 2.492 2.555 2.622 2.689 2.756 2.823 2.89 2.958 3.025 3.103 3.184 3.266 3.348 3.429 3.511 3.592 3.674 3.753 3.825 3.896 3.968 4.039 4.111 4.182 4.254 4.321 4.384 4.448 4.511 4.575 4.638 4.702 4.765 4.829 4.87 4.902 4.935 4.968 5.001 5.034 5.067 5.1 5.133 5.205 5.292 5.379 5.466 5.554 5.641 5.728 5.807 5.866 5.925 5.984 6.043 6.102 6.16 6.215 6.199 6.183 6.167 6.151 6.136 6.12 6.104 6.088 6.072 5.963 5.835 5.707 5.579 5.451 5.323 5.195 5.067 4.939 4.863 4.887 4.912 4.936 4.96 4.984 5.009 4.993 4.91 4.827 4.744 4.662 4.579 4.496 4.359 4.185 4.011 3.837 3.663 3.489 3.315 3.141 2.966 2.792 2.736 2.69 2.644 2.598 2.553 2.507 2.461 2.415 2.369 2.324 2.187 2.047 1.907 1.767 1.627 1.487
1.112 1.136 1.16 1.184 1.217 1.31 1.403 1.496 1.588 1.681 1.774 1.867 1.937 1.994 2.051 2.108 2.165 2.221 2.278 2.335 2.392 2.455 2.522 2.59 2.657 2.724 2.791 2.858 2.925 2.992 3.073 3.155 3.236 3.318 3.399 3.481 3.563 3.642 3.713 3.785 3.856 3.928 3.999 4.071 4.142 4.214 4.279 4.343 4.406 4.47 4.533 4.597 4.66 4.724 4.764 4.797 4.83 4.863 4.895 4.928 4.961 4.994 5.058 5.145 5.233 5.32 5.407 5.494 5.582 5.669 5.748 5.806 5.865 5.924 5.983 6.042 6.101 6.16 6.199 6.183 6.167 6.151 6.136 6.12 6.104 6.088 6.072 5.961 5.833 5.705 5.577 5.449 5.321 5.193 5.065 4.967 4.991 5.016 5.04 5.064 5.088 5.113 5.137 5.119 5.037 4.954 4.871 4.788 4.705 4.622 4.539 4.384 4.21 4.036 3.862 3.688 3.514 3.34 3.166 2.991 2.937 2.891 2.846 2.8 2.754 2.708 2.662 2.616 2.571 2.448 2.308 2.168 2.028 1.888 1.748 1.608
1.041 1.066 1.09 1.114 1.148 1.241 1.334 1.426 1.519 1.612 1.705 1.781 1.838 1.894 1.951 2.008 2.065 2.121 2.178 2.235 2.292 2.356 2.423 2.49 2.557 2.624 2.691 2.758 2.825 2.892 2.962 3.044 3.125 3.207 3.288 3.37 3.451 3.53 3.602 3.673 3.745 3.816 3.888 3.959 4.031 4.102 4.174 4.238 4.301 4.365 4.428 4.492 4.555 4.619 4.658 4.691 4.724 4.757 4.79 4.823 4.856 4.912 4.999 5.086 5.173 5.261 5.348 5.435 5.522 5.61 5.688 5.747 5.806 5.864 5.923 5.982 6.041 6.1 6.159 6.183 6.167 6.151 6.136 6.12 6.104 6.088 6.072 5.959 5.831 5.703 5.575 5.447 5.319 5.191 5.071 5.095 5.12 5.144 5.168 5.192 5.217 5.241 5.265 5.246 5.163 5.08 4.997 4.914 4.832 4.749 4.666 4.583 4.409 4.235 4.061 3.887 3.713 3.539 3.365 3.191 3.138 3.093 3.047 3.001 2.955 2.909 2.864 2.818 2.709 2.569 2.429 2.288 2.148 2.008 1.868 1.728
0.971 0.995 1.019 1.044 1.079 1.172 1.265 1.357 1.45 1.543 1.624 1.681 1.738 1.794 1.851 1.908 1.965 2.022 2.078 2.135 2.192 2.256 2.323 2.39 2.457 2.524 2.591 2.659 2.726 2.793 2.86 2.932 3.014 3.095 3.177 3.259 3.34 3.419 3.491 3.562 3.633 3.705 3.776 3.848 3.919 3.991 4.062 4.133 4.196 4.26 4.323 4.387 4.45 4.514 4.553 4.586 4.619 4.651 4.684 4.717 4.765 4.853 4.94 5.027 5.114 5.202 5.289 5.376 5.463 5.551 5.628 5.687 5.746 5.805 5.864 5.923 5.981 6.04 6.099 6.158 6.167 6.151 6.136 6.12 6.104 6.088 6.072 5.957 5.829 5.701 5.573 5.445 5.317 5.189 5.199 5.223 5.248 5.272 5.296 5.32 5.345 5.369 5.393 5.372 5.289 5.206 5.124 5.041 4.958 4.875 4.792 4.709 4.608 4.434 4.26 4.086 3.912 3.738 3.564 3.39 3.34 3.294 3.248 3.202 3.156 3.111 3.065 2.969 2.829 2.689 2.549 2.409 2.269 2.129 1.989 1.849
0.901 0.925 0.949 0.973 1.01 1.103 1.195 1.288 1.381 1.467 1.524 1.581 1.638 1.695 1.751 1.808 1.865 1.922 1.979 2.035 2.092 2.156 2.223 2.29 2.358 2.425 2.492 2.559 2.626 2.693 2.76 2.827 2.903 2.984 3.066 3.147 3.229 3.308 3.379 3.451 3.522 3.594 3.665 3.736 3.808 3.879 3.951 4.022 4.091 4.155 4.218 4.282 4.345 4.409 4.447 4.48 4.513 4.546 4.579 4.619 4.706 4.793 4.881 4.968 5.055 5.142 5.23 5.317 5.404 5.491 5.569 5.627 5.686 5.745 5.804 5.863 5.922 5.981 6.04 6.098 6.157 6.151 6.136 6.12 6.104 6.088 6.072 5.955 5.827 5.699 5.571 5.443 5.315 5.303 5.327 5.352 5.376 5.4 5.424 5.449 5.473 5.497 5.521 5.498 5.416 5.333 5.25 5.167 5.084 5.001 4.919 4.836 4.753 4.633 4.459 4.285 4.111 3.937 3.763 3.589 3.541 3.495 3.449 3.404 3.358 3.312 3.23 3.09 2.95 2.81 2.67 2.53 2.39 2.25 2.11 1.97
0.83 0.855 0.879 0.903 0.941 1.033 1.126 1.219 1.311 1.368 1.424 1.481 1.538 1.595 1.652 1.708 1.765 1.822 1.879 1.935 1.992 2.057 2.124 2.191 2.258 2.325 2.392 2.459 2.526 2.593 2.66 2.727 2.795 2.873 2.954 3.036 3.118 3.196 3.268 3.339 3.411 3.482 3.554 3.625 3.696 3.768 3.839 3.911 3.982 4.049 4.113 4.176 4.24 4.304 4.342 4.375 4.407 4.44 4.473 4.56 4.647 4.734 4.821 4.909 4.996 5.083 5.17 5.258 5.345 5.432 5.509 5.568 5.627 5.686 5.744 5.803 5.862 5.921 5.98 6.039 6.098 6.151 6.136 6.12 6.104 6.088 6.072 5.954 5.826 5.698 5.57 5.441 5.407 5.431 5.456 5.48 5.504 5.528 5.553 5.577 5.601 5.625 5.65 5.625 5.542 5.459 5.376 5.293 5.211 5.128 5.045 4.962 4.879 4.796 4.658 4.484 4.31 4.136 3.962 3.788 3.742 3.696 3.651 3.605 3.559 3.491 3.351 3.211 3.071 2.931 2.791 2.651 2.511 2.371 2.231 2.091
0.76 0.784 0.809 0.833 0.871 0.964 1.057 1.15 1.211 1.268 1.325 1.381 1.438 1.495 1.552 1.608 1.665 1.722 1.779 1.836 1.892 1.957 2.024 2.091 2.158 2.225 2.292 2.359 2.427 2.494 2.561 2.628 2.695 2.762 2.843 2.925 3.006 3.085 3.156 3.228 3.299 3.371 3.442 3.514 3.585 3.657 3.728 3.799 3.871 3.942 4.008 4.071 4.135 4.198 4.236 4.269 4.302 4.335 4.413 4.501 4.588 4.675 4.762 4.85 4.937 5.024 5.111 5.199 5.286 5.373 5.449 5.508 5.567 5.626 5.685 5.744 5.803 5.861 5.92 5.979 6.038 6.097 6.136 6.12 6.104 6.088 6.072 5.952 5.824 5.696 5.568 5.511 5.535 5.56 5.584 5.608 5.632 5.656 5.681 5.705 5.729 5.753 5.778 5.751 5.668 5.586 5.503 5.42 5.337 5.254 5.171 5.088 5.006 4.923 4.84 4.683 4.509 4.335 4.161 3.989 3.943 3.898 3.852 3.806 3.752 3.612 3.472 3.332 3.192 3.052 2.912 2.771 2.631 2.491 2.351 2.211
0.69 0.714 0.738 0.763 0.802 0.895 0.988 1.054 1.111 1.168 1.225 1.281 1.338 1.395 1.452 1.509 1.565 1.622 1.679 1.736 1.792 1.857 1.924 1.991 2.058 2.126 2.193 2.26 2.327 2.394 2.461 2.528 2.595 2.662 2.732 2.814 2.895 2.973 3.045 3.116 3.188 3.259 3.331 3.402 3.474 3.545 3.617 3.688 3.759 3.831 3.902 3.966 4.03 4.093 4.131 4.163 4.196 4.267 4.354 4.441 4.529 4.616 4.703 4.79 4.878 4.965 5.052 5.139 5.227 5.314 5.39 5.448 5.507 5.566 5.625 5.684 5.743 5.802 5.861 5.92 5.978 6.037 6.096 6.12 6.104 6.088 6.072 5.95 5.822 5.694 5.615 5.639 5.663 5.688 5.712 5.736 5.76 5.785 5.809 5.833 5.857 5.882 5.906 5.878 5.795 5.712 5.629 5.546 5.463 5.38 5.298 5.215 5.132 5.049 4.966 4.882 4.708 4.534 4.36 4.191 4.145 4.099 4.053 4.007 3.872 3.732 3.592 3.452 3.312 3.172 3.032 2.892 2.752 2.612 2.472 2.332
0.619 0.644 0.668 0.692 0.733 0.826 0.898 0.954 1.011 1.068 1.125 1.182 1.238 1.295 1.352 1.409 1.466 1.522 1.579 1.636 1.693 1.758 1.825 1.892 1.959 2.026 2.093 2.16 2.227 2.294 2.361 2.428 2.495 2.563 2.63 2.702 2.784 2.862 2.933 3.005 3.076 3.148 3.219 3.291 3.362 3.434 3.505 3.577 3.648 3.72 3.791 3.861 3.925 3.988 4.025 4.058 4.12 4.208 4.295 4.382 4.469 4.557 4.644 4.731 4.818 4.906 4.993 5.08 5.167 5.255 5.33 5.389 5.448 5.507 5.565 5.624 5.683 5.742 5.801 5.86 5.919 5.978 6.037 6.095 6.104 6.088 6.072 5.948 5.82 5.719 5.743 5.767 5.792 5.816 5.84 5.864 5.889 5.913 5.937 5.961 5.986 6.01 6.034 6.004 5.921 5.838 5.755 5.673 5.59 5.507 5.424 5.341 5.258 5.175 5.093 5.01 4.907 4.733 4.559 4.392 4.346 4.3 4.254 4.133 3.993 3.853 3.713 3.573 3.433 3.293 3.153 3.013 2.873 2.733 2.593 2.453
0.549 0.573 0.598 0.622 0.664 0.741 0.798 0.855 0.911 0.968 1.025 1.082 1.139 1.195 1.252 1.309 1.366 1.422 1.479 1.536 1.593 1.658 1.725 1.792 1.859 1.926 1.993 2.06 2.127 2.195 2.262 2.329 2.396 2.463 2.53 2.597 2.673 2.751 2.822 2.894 2.965 3.036 3.108 3.179 3.251 3.322 3.394 3.465 3.537 3.608 3.68 3.751 3.82 3.883 3.919 3.974 4.061 4.149 4.236 4.323 4.41 4.498 4.585 4.672 4.759 4.846 4.934 5.021 5.108 5.195 5.27 5.329 5.388 5.447 5.506 5.565 5.624 5.682 5.741 5.8 5.859 5.918 5.977 6.036 6.095 6.088 6.072 5.946 5.823 5.847 5.871 5.896 5.92 5.944 5.968 5.993 6.017 6.041 6.065 6.089 6.114 6.138 6.162 6.13 6.047 5.965 5.882 5.799 5.716 5.633 5.55 5.467 5.385 5.302 5.219 5.136 5.053 4.932 4.758 4.593 4.547 4.501 4.394 4.254 4.114 3.974 3.834 3.694 3.554 3.414 3.274 3.134 2.994 2.854 2.714 2.574
0.482 0.506 0.529 0.553 0.585 0.641 0.698 0.755 0.812 0.868 0.925 0.982 1.039 1.095 1.152 1.209 1.266 1.323 1.379 1.436 1.493 1.558 1.625 1.692 1.759 1.826 1.894 1.961 2.028 2.095 2.162 2.229 2.296 2.363 2.43 2.497 2.564 2.639 2.711 2.782 2.854 2.925 2.997 3.068 3.139 3.211 3.282 3.354 3.425 3.497 3.568 3.64 3.711 3.778 3.828 3.915 4.002 4.089 4.177 4.264 4.351 4.438 4.526 4.613 4.7 4.787 4.875 4.962 5.049 5.136 5.211 5.27 5.328 5.387 5.446 5.505 5.564 5.623 5.682 5.741 5.799 5.858 5.917 5.976 6.035 6.088 6.072 5.944 5.951 5.975 5.999 6.024 6.048 6.072 6.096 6.121 6.145 6.169 6.193 6.218 6.242 6.266 6.29 6.257 6.174 6.091 6.008 5.925 5.842 5.76 5.677 5.594 5.511 5.428 5.345 5.262 5.18 5.097 4.957 4.794 4.749 4.655 4.515 4.375 4.235 4.095 3.955 3.815 3.675 3.535 3.394 3.254 3.114 2.974 2.834 2.694
0.458 0.481 0.505 0.528 0.546 0.575 0.631 0.687 0.743 0.8 0.856 0.912 0.968 1.025 1.081 1.137 1.193 1.25 1.306 1.362 1.418 1.483 1.55 1.616 1.683 1.749 1.816 1.882 1.949 2.016 2.082 2.149 2.215 2.282 2.348 2.415 2.481 2.524 2.596 2.667 2.739 2.811 2.882 2.954 3.025 3.097 3.168 3.24 3.312 3.383 3.455 3.526 3.598 3.664 3.738 3.827 3.917 4.007 4.097 4.186 4.276 4.366 4.456 4.546 4.635 4.725 4.815 4.903 4.99 5.077 5.151 5.21 5.269 5.328 5.387 5.445 5.504 5.563 5.622 5.681 5.74 5.799 5.858 5.916 5.975 6.034 6.07 6.055 6.079 6.103 6.128 6.152 6.176 6.2 6.225 6.249 6.273 6.297 6.322 6.346 6.37 6.394 6.419 6.383 6.3 6.217 6.134 6.052 5.969 5.886 5.803 5.72 5.637 5.555 5.472 5.389 5.306 5.223 5.14 4.996 4.915 4.775 4.635 4.495 4.355 4.215 4.075 3.935 3.795 3.655 3.515 3.375 3.235 3.095 2.955 2.815
0.434 0.457 0.481 0.504 0.522 0.526 0.565 0.621 0.677 0.733 0.79 0.846 0.902 0.958 1.014 1.071 1.127 1.183 1.239 1.296 1.352 1.417 1.484 1.55 1.617 1.683 1.75 1.816 1.883 1.949 2.016 2.082 2.149 2.216 2.282 2.349 2.375 2.406 2.477 2.549 2.62 2.692 2.763 2.835 2.907 2.978 3.05 3.121 3.193 3.264 3.336 3.408 3.479 3.497 3.529 3.616 3.705 3.795 3.885 3.975 4.064 4.154 4.244 4.334 4.423 4.513 4.603 4.693 4.782 4.872 4.948 5.01 5.071 5.132 5.194 5.255 5.317 5.378 5.44 5.501 5.562 5.624 5.685 5.747 5.808 5.869 5.906 5.941 5.971 6.002 6.032 6.063 6.093 6.124 6.154 6.185 6.215 6.246 6.276 6.307 6.337 6.368 6.398 6.39 6.313 6.235 6.157 6.08 6.002 5.925 5.847 5.77 5.692 5.614 5.537 5.459 5.382 5.304 5.226 5.142 5.007 4.872 4.738 4.603 4.468 4.333 4.196 4.056 3.916 3.776 3.636 3.496 3.356 3.216 3.076 2.936
0.409 0.433 0.456 0.48 0.497 0.501 0.505 0.554 0.611 0.667 0.723 0.779 0.836 0.892 0.948 1.004 1.061 1.117 1.173 1.229 1.286 1.351 1.417 1.484 1.55 1.617 1.684 1.75 1.817 1.883 1.95 2.016 2.083 2.149 2.216 2.252 2.255 2.287 2.358 2.43 2.502 2.573 2.645 2.716 2.788 2.859 2.931 3.003 3.074 3.146 3.217 3.289 3.315 3.33 3.362 3.404 3.493 3.583 3.673 3.763 3.852 3.942 4.032 4.122 4.211 4.301 4.391 4.481 4.57 4.66 4.736 4.797 4.859 4.92 4.981 5.043 5.104 5.166 5.227 5.289 5.35 5.411 5.473 5.534 5.596 5.638 5.657 5.696 5.73 5.76 5.791 5.821 5.851 5.882 5.912 5.943 5.973 6.004 6.034 6.065 6.095 6.126 6.156 6.167 6.129 6.052 5.974 5.897 5.819 5.741 5.664 5.586 5.509 5.431 5.353 5.276 5.198 5.121 5.043 4.958 4.823 4.688 4.553 4.418 4.284 4.149 4.014 3.879 3.745 3.61 3.475 3.34 3.205 3.071 2.936 2.849
0.385 0.408 0.432 0.456 0.473 0.477 0.481 0.488 0.544 0.601 0.657 0.713 0.769 0.826 0.882 0.938 0.994 1.051 1.107 1.163 1.219 1.285 1.351 1.418 1.484 1.551 1.617 1.684 1.75 1.817 1.884 1.95 2.017 2.083 2.128 2.132 2.135 2.168 2.24 2.311 2.383 2.454 2.526 2.598 2.669 2.741 2.812 2.884 2.955 3.027 3.099 3.133 3.148 3.163 3.196 3.228 3.281 3.371 3.461 3.551 3.64 3.73 3.82 3.91 3.999 4.089 4.179 4.269 4.359 4.448 4.523 4.585 4.646 4.708 4.769 4.83 4.892 4.953 5.015 5.076 5.138 5.199 5.26 5.322 5.37 5.388 5.408 5.447 5.487 5.518 5.549 5.579 5.61 5.64 5.671 5.701 5.731 5.762 5.792 5.823 5.853 5.884 5.914 5.924 5.921 5.868 5.791 5.713 5.636 5.558 5.48 5.403 5.325 5.248 5.17 5.093 5.015 4.937 4.86 4.773 4.639 4.504 4.369 4.234 4.099 3.965 3.83 3.695 3.56 3.425 3.291 3.156 3.021 2.886 2.781 2.771
0.361 0.384 0.408 0.431 0.448 0.452 0.456 0.46 0.478 0.534 0.59 0.647 0.703 0.759 0.815 0.872 0.928 0.984 1.04 1.097 1.153 1.218 1.285 1.352 1.418 1.485 1.551 1.618 1.684 1.751 1.817 1.884 1.95 2.005 2.008 2.012 2.015 2.049 2.121 2.192 2.264 2.336 2.407 2.479 2.55 2.622 2.694 2.765 2.837 2.908 2.951 2.966 2.981 2.996 3.029 3.062 3.095 3.159 3.249 3.339 3.429 3.518 3.608 3.698 3.788 3.877 3.967 4.057 4.147 4.236 4.311 4.372 4.434 4.495 4.557 4.618 4.679 4.741 4.802 4.864 4.925 4.987 5.048 5.103 5.121 5.139 5.159 5.198 5.238 5.276 5.307 5.337 5.368 5.398 5.429 5.459 5.49 5.52 5.551 5.581 5.612 5.642 5.672 5.682 5.678 5.675 5.607 5.53 5.452 5.375 5.297 5.22 5.142 5.064 4.987 4.909 4.832 4.754 4.677 4.589 4.454 4.319 4.185 4.05 3.915 3.78 3.646 3.511 3.376 3.241 3.106 2.972 2.837 2.713 2.704 2.694
0.336 0.36 0.383 0.407 0.423 0.427 0.431 0.435 0.439 0.468 0.524 0.58 0.637 0.693 0.749 0.805 0.862 0.918 0.974 1.03 1.087 1.152 1.219 1.285 1.352 1.418 1.485 1.552 1.618 1.685 1.751 1.818 1.881 1.885 1.888 1.892 1.896 1.931 2.002 2.074 2.145 2.217 2.288 2.36 2.432 2.503 2.575 2.646 2.718 2.769 2.784 2.799 2.814 2.83 2.863 2.895 2.928 2.961 3.037 3.127 3.217 3.306 3.396 3.486 3.576 3.665 3.755 3.845 3.935 4.024 4.099 4.16 4.221 4.283 4.344 4.406 4.467 4.528 4.59 4.651 4.713 4.774 4.835 4.853 4.872 4.89 4.91 4.949 4.989 5.028 5.065 5.095 5.126 5.156 5.187 5.217 5.248 5.278 5.309 5.339 5.37 5.4 5.431 5.439 5.436 5.432 5.424 5.347 5.269 5.191 5.114 5.036 4.959 4.881 4.804 4.726 4.648 4.571 4.493 4.405 4.27 4.135 4.0 3.866 3.731 3.596 3.461 3.326 3.192 3.057 2.922 2.787 2.653 2.636 2.626 2.616
0.312 0.335 0.359 0.383 0.399 0.403 0.407 0.411 0.415 0.419 0.458 0.514 0.57 0.627 0.683 0.739 0.795 0.852 0.908 0.964 1.02 1.086 1.153 1.219 1.286 1.352 1.419 1.485 1.552 1.618 1.685 1.752 1.761 1.765 1.769 1.772 1.776 1.812 1.883 1.955 2.027 2.098 2.17 2.241 2.313 2.384 2.456 2.528 2.587 2.602 2.617 2.632 2.648 2.663 2.696 2.729 2.762 2.795 2.827 2.915 3.005 3.094 3.184 3.274 3.364 3.453 3.543 3.633 3.723 3.812 3.886 3.948 4.009 4.07 4.132 4.193 4.255 4.316 4.378 4.439 4.5 4.562 4.586 4.604 4.622 4.641 4.661 4.701 4.74 4.779 4.819 4.854 4.884 4.915 4.945 4.975 5.006 5.036 5.067 5.097 5.128 5.158 5.189 5.197 5.193 5.19 5.187 5.163 5.086 5.008 4.931 4.853 4.775 4.698 4.62 4.543 4.465 4.387 4.31 4.22 4.086 3.951 3.816 3.681 3.546 3.412 3.277 3.142 3.007 2.873 2.738 2.603 2.568 2.558 2.549 2.539
0.288 0.311 0.335 0.358 0.374 0.378 0.382 0.386 0.39 0.394 0.398 0.448 0.504 0.56 0.616 0.673 0.729 0.785 0.841 0.898 0.954 1.02 1.086 1.153 1.22 1.286 1.353 1.419 1.486 1.552 1.619 1.638 1.642 1.645 1.649 1.652 1.656 1.693 1.765 1.836 1.908 1.979 2.051 2.123 2.194 2.266 2.337 2.404 2.42 2.435 2.45 2.466 2.481 2.497 2.53 2.562 2.595 2.628 2.661 2.703 2.793 2.882 2.972 3.062 3.152 3.242 3.331 3.421 3.511 3.601 3.674 3.735 3.797 3.858 3.919 3.981 4.042 4.104 4.165 4.227 4.288 4.318 4.337 4.355 4.373 4.391 4.412 4.452 4.491 4.53 4.57 4.609 4.642 4.673 4.703 4.734 4.764 4.795 4.825 4.855 4.886 4.916 4.947 4.954 4.951 4.948 4.944 4.941 4.902 4.825 4.747 4.67 4.592 4.514 4.437 4.359 4.282 4.204 4.127 4.036 3.901 3.767 3.632 3.497 3.362 3.227 3.093 2.958 2.823 2.688 2.554 2.5 2.491 2.481 2.471 2.461
0.263 0.287 0.31 0.334 0.349 0.353 0.357 0.361 0.366 0.37 0.374 0.381 0.438 0.494 0.55 0.606 0.663 0.719 0.775 0.831 0.888 0.954 1.02 1.087 1.153 1.22 1.287 1.353 1.42 1.486 1.514 1.518 1.522 1.525 1.529 1.532 1.536 1.574 1.646 1.718 1.789 1.861 1.932 2.004 2.075 2.147 2.219 2.238 2.253 2.268 2.284 2.299 2.314 2.33 2.363 2.396 2.429 2.462 2.494 2.527 2.581 2.671 2.76 2.85 2.94 3.03 3.119 3.209 3.299 3.389 3.461 3.523 3.584 3.646 3.707 3.768 3.83 3.891 3.953 4.014 4.051 4.069 4.087 4.106 4.124 4.142 4.163 4.203 4.242 4.281 4.321 4.36 4.399 4.431 4.461 4.492 4.522 4.553 4.583 4.614 4.644 4.675 4.705 4.712 4.709 4.705 4.702 4.698 4.695 4.641 4.564 4.486 4.409 4.331 4.254 4.176 4.098 4.021 3.943 3.852 3.717 3.582 3.447 3.313 3.178 3.043 2.908 2.774 2.639 2.504 2.433 2.423 2.413 2.403 2.394 2.384
0.239 0.263 0.286 0.31 0.325 0.329 0.333 0.337 0.341 0.345 0.349 0.353 0.371 0.428 0.484 0.54 0.596 0.653 0.709 0.765 0.821 0.888 0.954 1.021 1.087 1.154 1.22 1.287 1.353 1.391 1.395 1.398 1.402 1.405 1.409 1.413 1.416 1.456 1.527 1.599 1.67 1.742 1.814 1.885 1.957 2.028 2.056 2.071 2.086 2.101 2.117 2.132 2.147 2.164 2.197 2.229 2.262 2.295 2.328 2.361 2.393 2.459 2.548 2.638 2.728 2.818 2.907 2.997 3.087 3.177 3.249 3.31 3.372 3.433 3.495 3.556 3.617 3.679 3.74 3.783 3.802 3.82 3.838 3.856 3.874 3.893 3.914 3.954 3.993 4.032 4.072 4.111 4.15 4.189 4.219 4.25 4.28 4.311 4.341 4.372 4.402 4.433 4.463 4.47 4.466 4.463 4.459 4.456 4.453 4.449 4.381 4.303 4.225 4.148 4.07 3.993 3.915 3.837 3.76 3.667 3.533 3.398 3.263 3.128 2.994 2.859 2.724 2.589 2.454 2.365 2.355 2.346 2.336 2.326 2.316 2.306
0.215 0.238 0.262 0.285 0.3 0.304 0.308 0.312 0.316 0.32 0.324 0.328 0.332 0.361 0.417 0.474 0.53 0.586 0.642 0.699 0.755 0.821 0.888 0.955 1.021 1.088 1.154 1.221 1.268 1.271 1.275 1.278 1.282 1.286 1.289 1.293 1.296 1.337 1.408 1.48 1.552 1.623 1.695 1.766 1.838 1.874 1.889 1.904 1.919 1.935 1.95 1.965 1.981 1.997 2.03 2.063 2.096 2.129 2.161 2.194 2.227 2.26 2.336 2.426 2.516 2.606 2.695 2.785 2.875 2.965 3.037 3.098 3.159 3.221 3.282 3.344 3.405 3.466 3.516 3.534 3.552 3.571 3.589 3.607 3.625 3.643 3.665 3.705 3.744 3.783 3.823 3.862 3.902 3.941 3.978 4.008 4.038 4.069 4.099 4.13 4.16 4.191 4.221 4.227 4.224 4.22 4.217 4.213 4.21 4.207 4.197 4.12 4.042 3.964 3.887 3.809 3.732 3.654 3.577 3.483 3.348 3.214 3.079 2.944 2.809 2.675 2.54 2.405 2.297 2.288 2.278 2.268 2.258 2.249 2.239 2.229
0.19 0.214 0.237 0.261 0.276 0.28 0.284 0.288 0.292 0.296 0.3 0.304 0.308 0.312 0.351 0.407 0.464 0.52 0.576 0.632 0.689 0.755 0.822 0.888 0.955 1.021 1.088 1.144 1.148 1.151 1.155 1.159 1.162 1.166 1.169 1.173 1.177 1.218 1.29 1.361 1.433 1.504 1.576 1.648 1.692 1.707 1.722 1.737 1.753 1.768 1.783 1.799 1.814 1.831 1.864 1.897 1.929 1.962 1.995 2.028 2.061 2.093 2.126 2.214 2.304 2.394 2.484 2.573 2.663 2.753 2.824 2.886 2.947 3.008 3.07 3.131 3.193 3.248 3.267 3.285 3.303 3.321 3.339 3.358 3.376 3.394 3.416 3.456 3.495 3.534 3.574 3.613 3.653 3.692 3.731 3.766 3.797 3.827 3.858 3.888 3.918 3.949 3.979 3.985 3.981 3.978 3.974 3.971 3.968 3.964 3.961 3.936 3.859 3.781 3.704 3.626 3.548 3.471 3.393 3.299 3.164 3.029 2.895 2.76 2.625 2.49 2.355 2.23 2.22 2.21 2.2 2.191 2.181 2.171 2.161 2.152
0.166 0.19 0.213 0.237 0.251 0.255 0.259 0.263 0.267 0.271 0.275 0.279 0.283 0.287 0.291 0.341 0.397 0.454 0.51 0.566 0.623 0.689 0.756 0.822 0.889 0.955 1.021 1.024 1.028 1.032 1.035 1.039 1.042 1.046 1.05 1.053 1.057 1.099 1.171 1.243 1.314 1.386 1.457 1.51 1.525 1.54 1.555 1.571 1.586 1.601 1.616 1.632 1.647 1.664 1.697 1.73 1.763 1.796 1.828 1.861 1.894 1.927 1.96 2.002 2.092 2.182 2.272 2.361 2.451 2.541 2.612 2.673 2.735 2.796 2.857 2.919 2.98 2.999 3.017 3.036 3.054 3.072 3.09 3.108 3.126 3.145 3.167 3.207 3.246 3.286 3.325 3.364 3.404 3.443 3.482 3.522 3.555 3.585 3.616 3.646 3.677 3.707 3.738 3.742 3.739 3.735 3.732 3.729 3.725 3.722 3.718 3.715 3.675 3.598 3.52 3.443 3.365 3.288 3.21 3.115 2.98 2.845 2.71 2.575 2.441 2.306 2.171 2.152 2.142 2.133 2.123 2.113 2.103 2.094 2.084 2.074
0.142 0.165 0.189 0.212 0.226 0.23 0.234 0.238 0.242 0.246 0.25 0.255 0.259 0.263 0.267 0.275 0.331 0.387 0.443 0.5 0.556 0.623 0.689 0.756 0.823 0.889 0.901 0.904 0.908 0.912 0.915 0.919 0.922 0.926 0.93 0.933 0.937 0.981 1.052 1.124 1.195 1.267 1.327 1.343 1.358 1.373 1.389 1.404 1.419 1.434 1.45 1.465 1.48 1.498 1.531 1.564 1.596 1.629 1.662 1.695 1.728 1.76 1.793 1.826 1.88 1.97 2.06 2.149 2.239 2.329 2.399 2.461 2.522 2.584 2.645 2.706 2.732 2.75 2.768 2.786 2.804 2.823 2.841 2.859 2.877 2.895 2.918 2.958 2.997 3.037 3.076 3.115 3.155 3.194 3.233 3.273 3.312 3.343 3.374 3.404 3.435 3.465 3.496 3.5 3.496 3.493 3.49 3.486 3.483 3.479 3.476 3.473 3.469 3.415 3.337 3.259 3.182 3.104 3.027 2.93 2.796 2.661 2.526 2.391 2.256 2.122 2.085 2.075 2.065 2.055 2.045 2.036 2.026 2.016 2.006 1.997
0.117 0.141 0.165 0.188 0.202 0.206 0.21 0.214 0.218 0.222 0.226 0.23 0.234 0.238 0.242 0.246 0.265 0.321 0.377 0.433 0.49 0.557 0.623 0.69 0.756 0.777 0.781 0.785 0.788 0.792 0.795 0.799 0.803 0.806 0.81 0.813 0.817 0.862 0.934 1.005 1.077 1.145 1.161 1.176 1.191 1.207 1.222 1.237 1.252 1.268 1.283 1.298 1.313 1.331 1.364 1.397 1.43 1.463 1.495 1.528 1.561 1.594 1.627 1.659 1.692 1.758 1.848 1.938 2.027 2.117 2.187 2.248 2.31 2.371 2.433 2.464 2.482 2.501 2.519 2.537 2.555 2.573 2.591 2.61 2.628 2.646 2.67 2.709 2.748 2.788 2.827 2.866 2.906 2.945 2.984 3.024 3.063 3.102 3.132 3.162 3.193 3.223 3.254 3.257 3.254 3.251 3.247 3.244 3.24 3.237 3.234 3.23 3.227 3.223 3.154 3.076 2.998 2.921 2.843 2.746 2.611 2.476 2.342 2.207 2.072 2.017 2.007 1.997 1.988 1.978 1.968 1.958 1.949 1.939 1.929 1.919
0.099 0.117 0.14 0.164 0.177 0.181 0.185 0.189 0.193 0.197 0.201 0.205 0.209 0.213 0.217 0.221 0.225 0.255 0.311 0.367 0.424 0.491 0.557 0.624 0.654 0.658 0.661 0.665 0.668 0.672 0.676 0.679 0.683 0.686 0.69 0.694 0.697 0.743 0.815 0.886 0.958 0.979 0.994 1.009 1.024 1.04 1.055 1.07 1.086 1.101 1.116 1.131 1.147 1.165 1.198 1.231 1.263 1.296 1.329 1.362 1.395 1.427 1.46 1.493 1.526 1.559 1.636 1.726 1.815 1.905 1.974 2.036 2.097 2.159 2.197 2.215 2.233 2.251 2.269 2.288 2.306 2.324 2.342 2.36 2.379 2.397 2.421 2.46 2.499 2.539 2.578 2.617 2.657 2.696 2.736 2.775 2.814 2.854 2.89 2.921 2.951 2.982 3.012 3.015 3.012 3.008 3.005 3.001 2.998 2.995 2.991 2.988 2.984 2.981 2.97 2.893 2.815 2.738 2.66 2.562 2.427 2.292 2.157 2.023 1.949 1.939 1.93 1.92 1.91 1.9 1.891 1.881 1.871 1.861 1.852 1.842
0.09 0.094 0.116 0.139 0.152 0.156 0.16 0.165 0.169 0.173 0.177 0.181 0.185 0.189 0.193 0.197 0.201 0.205 0.244 0.301 0.358 0.424 0.491 0.531 0.534 0.538 0.541 0.545 0.549 0.552 0.556 0.559 0.563 0.567 0.57 0.574 0.577 0.624 0.696 0.768 0.797 0.812 0.827 0.842 0.858 0.873 0.888 0.904 0.919 0.934 0.949 0.965 0.98 0.999 1.031 1.064 1.097 1.13 1.163 1.195 1.228 1.261 1.294 1.327 1.359 1.392 1.425 1.514 1.603 1.693 1.762 1.824 1.885 1.929 1.947 1.966 1.984 2.002 2.02 2.038 2.056 2.075 2.093 2.111 2.129 2.147 2.172 2.211 2.25 2.29 2.329 2.368 2.408 2.447 2.487 2.526 2.565 2.605 2.644 2.679 2.709 2.74 2.77 2.773 2.769 2.766 2.762 2.759 2.755 2.752 2.749 2.745 2.742 2.738 2.735 2.709 2.632 2.554 2.477 2.377 2.243 2.108 1.973 1.881 1.872 1.862 1.852 1.842 1.833 1.823 1.813 1.803 1.794 1.784 1.774 1.764
0.081 0.085 0.092 0.115 0.128 0.132 0.136 0.14 0.144 0.148 0.152 0.156 0.16 0.164 0.168 0.172 0.176 0.18 0.184 0.234 0.292 0.358 0.407 0.411 0.414 0.418 0.422 0.425 0.429 0.432 0.436 0.44 0.443 0.447 0.45 0.454 0.457 0.506 0.577 0.615 0.63 0.645 0.66 0.676 0.691 0.706 0.722 0.737 0.752 0.767 0.783 0.798 0.813 0.832 0.865 0.898 0.93 0.963 0.996 1.029 1.062 1.094 1.127 1.16 1.193 1.226 1.258 1.302 1.391 1.481 1.55 1.611 1.662 1.68 1.698 1.716 1.734 1.753 1.771 1.789 1.807 1.825 1.844 1.862 1.88 1.898 1.923 1.962 2.001 2.041 2.08 2.119 2.159 2.198 2.238 2.277 2.316 2.356 2.395 2.434 2.467 2.498 2.528 2.53 2.527 2.523 2.52 2.516 2.513 2.51 2.506 2.503 2.499 2.496 2.493 2.489 2.449 2.371 2.293 2.193 2.058 1.924 1.814 1.804 1.794 1.784 1.775 1.765 1.755 1.745 1.736 1.726 1.716 1.706 1.697 1.687
0.072 0.076 0.08 0.091 0.103 0.107 0.111 0.115 0.119 0.123 0.127 0.131 0.135 0.139 0.143 0.148 0.152 0.156 0.16 0.168 0.226 0.284 0.287 0.291 0.294 0.298 0.302 0.305 0.309 0.312 0.316 0.32 0.323 0.327 0.33 0.334 0.338 0.387 0.433 0.448 0.463 0.478 0.494 0.509 0.524 0.539 0.555 0.57 0.585 0.601 0.616 0.631 0.646 0.666 0.698 0.731 0.764 0.797 0.83 0.862 0.895 0.928 0.961 0.994 1.026 1.059 1.092 1.125 1.18 1.269 1.337 1.394 1.412 1.431 1.449 1.467 1.485 1.503 1.521 1.54 1.558 1.576 1.594 1.612 1.631 1.649 1.674 1.713 1.752 1.792 1.831 1.871 1.91 1.949 1.989 2.028 2.067 2.107 2.146 2.185 2.225 2.256 2.286 2.288 2.284 2.281 2.277 2.274 2.271 2.267 2.264 2.26 2.257 2.254 2.25 2.247 2.243 2.188 2.11 2.009 1.874 1.746 1.736 1.727 1.717 1.707 1.697 1.688 1.678 1.668 1.658 1.648 1.639 1.629 1.619 1.609
0.065 0.069 0.073 0.076 0.08 0.084 0.087 0.091 0.095 0.099 0.103 0.107 0.111 0.115 0.119 0.123 0.127 0.131 0.135 0.139 0.159 0.164 0.167 0.171 0.175 0.178 0.182 0.185 0.189 0.193 0.196 0.2 0.203 0.207 0.211 0.214 0.218 0.25 0.266 0.281 0.296 0.312 0.327 0.342 0.357 0.373 0.388 0.403 0.419 0.434 0.449 0.464 0.48 0.499 0.532 0.565 0.597 0.63 0.663 0.696 0.729 0.761 0.794 0.827 0.86 0.893 0.925 0.958 0.991 1.057 1.125 1.145 1.163 1.181 1.199 1.218 1.236 1.254 1.272 1.29 1.309 1.327 1.345 1.363 1.381 1.4 1.425 1.464 1.503 1.543 1.582 1.622 1.661 1.7 1.74 1.779 1.818 1.858 1.897 1.937 1.976 2.014 2.045 2.045 2.042 2.038 2.035 2.032 2.028 2.025 2.021 2.018 2.015 2.011 2.008 2.004 2.001 1.998 1.927 1.825 1.69 1.669 1.659 1.649 1.639 1.63 1.62 1.61 1.6 1.591 1.581 1.571 1.561 1.551 1.542 1.532
0.064 0.068 0.072 0.074 0.076 0.08 0.084 0.087 0.091 0.095 0.098 0.102 0.106 0.109 0.113 0.117 0.121 0.124 0.128 0.132 0.132 0.133 0.135 0.137 0.139 0.141 0.142 0.144 0.146 0.148 0.15 0.151 0.153 0.155 0.157 0.159 0.16 0.164 0.177 0.19 0.203 0.216 0.229 0.242 0.254 0.267 0.28 0.293 0.306 0.319 0.332 0.344 0.357 0.368 0.398 0.429 0.46 0.491 0.521 0.552 0.583 0.614 0.644 0.675 0.706 0.737 0.767 0.798 0.829 0.86 0.878 0.896 0.914 0.932 0.95 0.968 0.986 1.005 1.023 1.041 1.059 1.077 1.096 1.114 1.132 1.15 1.176 1.215 1.255 1.294 1.333 1.373 1.412 1.451 1.491 1.53 1.569 1.609 1.648 1.688 1.727 1.766 1.803 1.803 1.799 1.796 1.793 1.789 1.786 1.782 1.779 1.776 1.772 1.769 1.765 1.762 1.759 1.755 1.743 1.64 1.601 1.591 1.581 1.572 1.562 1.552 1.542 1.533 1.523 1.513 1.503 1.494 1.484 1.474 1.464 1.455
0.063 0.067 0.07 0.07 0.072 0.076 0.08 0.083 0.087 0.091 0.095 0.098 0.102 0.106 0.109 0.113 0.117 0.12 0.124 0.125 0.125 0.126 0.127 0.129 0.131 0.132 0.134 0.136 0.138 0.14 0.141 0.143 0.145 0.147 0.149 0.15 0.152 0.153 0.159 0.172 0.185 0.198 0.211 0.224 0.237 0.249 0.262 0.275 0.288 0.301 0.314 0.327 0.339 0.349 0.357 0.388 0.418 0.449 0.48 0.511 0.541 0.572 0.603 0.633 0.664 0.695 0.726 0.756 0.787 0.818 0.836 0.85 0.865 0.88 0.895 0.909 0.924 0.939 0.953 0.968 0.983 0.998 1.012 1.027 1.042 1.057 1.075 1.111 1.147 1.183 1.219 1.255 1.291 1.327 1.363 1.399 1.435 1.471 1.507 1.543 1.579 1.615 1.647 1.643 1.636 1.629 1.623 1.616 1.61 1.603 1.597 1.59 1.584 1.577 1.571 1.564 1.558 1.551 1.545 1.54 1.53 1.519 1.509 1.499 1.488 1.478 1.467 1.457 1.446 1.436 1.426 1.416 1.406 1.397 1.387 1.375
0.063 0.066 0.066 0.066 0.068 0.072 0.076 0.08 0.083 0.087 0.091 0.094 0.098 0.102 0.105 0.109 0.113 0.117 0.118 0.118 0.119 0.119 0.119 0.121 0.122 0.124 0.126 0.128 0.13 0.131 0.133 0.135 0.137 0.139 0.14 0.142 0.144 0.145 0.146 0.154 0.167 0.18 0.193 0.206 0.219 0.232 0.244 0.257 0.27 0.283 0.296 0.309 0.321 0.331 0.332 0.346 0.377 0.407 0.438 0.469 0.5 0.53 0.561 0.592 0.623 0.653 0.684 0.715 0.745 0.776 0.794 0.808 0.823 0.838 0.853 0.867 0.882 0.897 0.912 0.926 0.941 0.956 0.97 0.985 1.0 1.01 1.029 1.065 1.101 1.137 1.173 1.209 1.245 1.281 1.317 1.353 1.389 1.424 1.46 1.496 1.532 1.566 1.588 1.583 1.577 1.57 1.564 1.557 1.551 1.544 1.538 1.531 1.525 1.518 1.512 1.505 1.499 1.492 1.498 1.503 1.493 1.482 1.472 1.462 1.451 1.441 1.43 1.42 1.409 1.399 1.388 1.378 1.367 1.357 1.346 1.355
0.062 0.062 0.062 0.062 0.065 0.068 0.072 0.076 0.079 0.083 0.087 0.09 0.094 0.098 0.102 0.105 0.109 0.111 0.111 0.112 0.112 0.112 0.112 0.112 0.114 0.116 0.118 0.12 0.121 0.123 0.125 0.127 0.129 0.13 0.132 0.134 0.136 0.137 0.138 0.138 0.149 0.162 0.175 0.188 0.201 0.214 0.226 0.239 0.252 0.265 0.278 0.291 0.304 0.313 0.314 0.315 0.335 0.366 0.396 0.427 0.458 0.489 0.519 0.55 0.581 0.612 0.642 0.673 0.704 0.735 0.752 0.766 0.781 0.796 0.811 0.825 0.84 0.855 0.87 0.884 0.899 0.914 0.929 0.943 0.954 0.963 0.982 1.018 1.054 1.09 1.126 1.162 1.198 1.234 1.27 1.306 1.342 1.378 1.414 1.45 1.486 1.507 1.529 1.524 1.518 1.511 1.505 1.498 1.492 1.485 1.479 1.472 1.466 1.459 1.452 1.446 1.439 1.442 1.462 1.466 1.456 1.445 1.435 1.424 1.414 1.404 1.393 1.383 1.372 1.362 1.351 1.341 1.33 1.32 1.325 1.34
0.058 0.058 0.058 0.058 0.061 0.064 0.068 0.072 0.076 0.079 0.083 0.087 0.09 0.094 0.098 0.101 0.104 0.104 0.104 0.105 0.105 0.105 0.105 0.105 0.106 0.108 0.11 0.111 0.113 0.115 0.117 0.119 0.12 0.122 0.124 0.126 0.128 0.129 0.129 0.13 0.132 0.144 0.157 0.17 0.183 0.196 0.209 0.221 0.234 0.247 0.26 0.273 0.286 0.295 0.296 0.297 0.298 0.324 0.355 0.385 0.416 0.447 0.478 0.508 0.539 0.57 0.601 0.631 0.662 0.693 0.71 0.724 0.739 0.754 0.769 0.783 0.798 0.813 0.828 0.842 0.857 0.872 0.887 0.898 0.907 0.916 0.936 0.972 1.008 1.044 1.08 1.116 1.152 1.187 1.223 1.259 1.295 1.331 1.367 1.403 1.427 1.449 1.471 1.465 1.459 1.452 1.446 1.439 1.433 1.426 1.419 1.413 1.406 1.4 1.393 1.387 1.385 1.405 1.425 1.429 1.419 1.408 1.398 1.387 1.377 1.367 1.356 1.346 1.335 1.325 1.314 1.304 1.293 1.295 1.31 1.324
0.054 0.054 0.054 0.054 0.057 0.061 0.064 0.068 0.072 0.075 0.079 0.083 0.086 0.09 0.094 0.097 0.097 0.097 0.098 0.098 0.098 0.098 0.098 0.098 0.099 0.1 0.101 0.103 0.105 0.107 0.109 0.11 0.112 0.114 0.116 0.118 0.119 0.12 0.121 0.122 0.123 0.126 0.139 0.152 0.165 0.178 0.191 0.204 0.216 0.229 0.242 0.255 0.268 0.277 0.278 0.279 0.28 0.282 0.313 0.344 0.374 0.405 0.436 0.467 0.497 0.528 0.559 0.59 0.62 0.651 0.668 0.682 0.697 0.712 0.727 0.741 0.756 0.771 0.786 0.8 0.815 0.83 0.842 0.851 0.86 0.869 0.889 0.925 0.961 0.997 1.033 1.069 1.105 1.141 1.177 1.213 1.249 1.285 1.321 1.347 1.368 1.39 1.412 1.406 1.4 1.393 1.386 1.38 1.373 1.367 1.36 1.354 1.347 1.341 1.334 1.329 1.349 1.369 1.389 1.392 1.382 1.371 1.361 1.35 1.34 1.33 1.319 1.309 1.298 1.288 1.277 1.267 1.265 1.28 1.294 1.308
0.05 0.05 0.05 0.05 0.053 0.057 0.06 0.064 0.068 0.072 0.075 0.079 0.083 0.086 0.09 0.09 0.09 0.091 0.091 0.091 0.091 0.091 0.091 0.092 0.092 0.092 0.093 0.095 0.097 0.099 0.1 0.102 0.104 0.106 0.108 0.109 0.111 0.112 0.113 0.114 0.114 0.115 0.121 0.134 0.147 0.16 0.173 0.186 0.199 0.211 0.224 0.237 0.25 0.259 0.26 0.261 0.262 0.263 0.271 0.302 0.333 0.363 0.394 0.425 0.456 0.486 0.517 0.548 0.579 0.609 0.626 0.64 0.655 0.67 0.685 0.699 0.714 0.729 0.744 0.758 0.773 0.786 0.795 0.804 0.813 0.822 0.843 0.879 0.915 0.951 0.986 1.022 1.058 1.094 1.13 1.166 1.202 1.238 1.266 1.288 1.31 1.332 1.353 1.347 1.34 1.334 1.327 1.321 1.314 1.308 1.301 1.295 1.288 1.282 1.275 1.292 1.312 1.332 1.352 1.355 1.345 1.334 1.324 1.313 1.303 1.293 1.282 1.272 1.261 1.251 1.24 1.235 1.25 1.264 1.279 1.292
0.046 0.046 0.046 0.046 0.049 0.053 0.057 0.06 0.064 0.068 0.071 0.075 0.079 0.082 0.083 0.083 0.083 0.084 0.084 0.084 0.084 0.084 0.084 0.085 0.085 0.085 0.085 0.087 0.089 0.091 0.092 0.094 0.096 0.098 0.1 0.101 0.103 0.104 0.105 0.105 0.106 0.107 0.108 0.116 0.129 0.142 0.155 0.168 0.181 0.194 0.206 0.219 0.232 0.241 0.242 0.243 0.244 0.245 0.246 0.26 0.291 0.322 0.352 0.383 0.414 0.445 0.475 0.506 0.537 0.568 0.584 0.599 0.613 0.628 0.643 0.657 0.672 0.687 0.702 0.716 0.731 0.739 0.748 0.757 0.766 0.775 0.796 0.832 0.868 0.904 0.94 0.976 1.012 1.048 1.084 1.12 1.156 1.186 1.207 1.229 1.251 1.273 1.294 1.288 1.281 1.275 1.268 1.262 1.255 1.249 1.242 1.236 1.229 1.223 1.236 1.256 1.276 1.296 1.316 1.318 1.308 1.297 1.287 1.276 1.266 1.256 1.245 1.235 1.224 1.214 1.205 1.219 1.234 1.249 1.263 1.277
0.042 0.042 0.042 0.043 0.045 0.049 0.053 0.056 0.06 0.064 0.067 0.071 0.075 0.076 0.076 0.076 0.077 0.077 0.077 0.077 0.077 0.077 0.077 0.078 0.078 0.078 0.078 0.079 0.081 0.082 0.084 0.086 0.088 0.09 0.091 0.093 0.095 0.096 0.097 0.097 0.098 0.099 0.099 0.1 0.111 0.124 0.137 0.15 0.163 0.176 0.188 0.201 0.214 0.223 0.224 0.225 0.226 0.227 0.228 0.229 0.249 0.28 0.311 0.342 0.372 0.403 0.434 0.465 0.495 0.526 0.542 0.557 0.571 0.586 0.601 0.615 0.63 0.645 0.66 0.674 0.683 0.692 0.701 0.71 0.719 0.728 0.749 0.785 0.821 0.857 0.893 0.929 0.965 1.001 1.037 1.073 1.105 1.127 1.149 1.171 1.192 1.214 1.235 1.229 1.222 1.216 1.209 1.203 1.196 1.19 1.183 1.176 1.17 1.179 1.199 1.219 1.239 1.259 1.279 1.281 1.271 1.26 1.25 1.239 1.229 1.219 1.208 1.198 1.187 1.177 1.189 1.204 1.218 1.233 1.248 1.261
0.038 0.038 0.039 0.039 0.041 0.045 0.049 0.053 0.056 0.06 0.064 0.067 0.069 0.069 0.069 0.07 0.07 0.07 0.07 0.07 0.07 0.07 0.071 0.071 0.071 0.071 0.071 0.072 0.072 0.074 0.076 0.078 0.08 0.081 0.083 0.085 0.087 0.088 0.088 0.089 0.09 0.09 0.091 0.092 0.093 0.106 0.119 0.132 0.145 0.158 0.171 0.183 0.196 0.204 0.206 0.207 0.208 0.209 0.21 0.211 0.212 0.238 0.269 0.3 0.331 0.361 0.392 0.423 0.454 0.484 0.5 0.515 0.529 0.544 0.559 0.574 0.588 0.603 0.618 0.628 0.636 0.645 0.654 0.663 0.672 0.681 0.703 0.739 0.775 0.811 0.847 0.883 0.919 0.955 0.991 1.025 1.047 1.068 1.09 1.112 1.134 1.156 1.176 1.17 1.163 1.157 1.15 1.143 1.137 1.13 1.124 1.117 1.123 1.143 1.163 1.183 1.203 1.223 1.243 1.244 1.234 1.223 1.213 1.202 1.192 1.182 1.171 1.161 1.15 1.159 1.174 1.188 1.203 1.218 1.232 1.245
0.035 0.035 0.035 0.035 0.038 0.041 0.045 0.049 0.052 0.056 0.06 0.062 0.062 0.062 0.062 0.063 0.063 0.063 0.063 0.063 0.063 0.063 0.064 0.064 0.064 0.064 0.065 0.065 0.065 0.066 0.068 0.07 0.071 0.073 0.075 0.077 0.079 0.079 0.08 0.081 0.082 0.082 0.083 0.084 0.084 0.088 0.101 0.114 0.127 0.14 0.153 0.166 0.178 0.186 0.187 0.189 0.19 0.191 0.192 0.193 0.194 0.197 0.227 0.258 0.289 0.32 0.35 0.381 0.412 0.443 0.458 0.473 0.487 0.502 0.517 0.532 0.546 0.561 0.572 0.581 0.589 0.598 0.607 0.616 0.625 0.634 0.656 0.692 0.728 0.764 0.8 0.836 0.872 0.908 0.944 0.966 0.988 1.01 1.032 1.053 1.075 1.097 1.117 1.11 1.104 1.097 1.091 1.084 1.078 1.071 1.065 1.066 1.086 1.106 1.126 1.146 1.166 1.186 1.206 1.207 1.197 1.186 1.176 1.165 1.155 1.145 1.134 1.124 1.129 1.143 1.158 1.173 1.187 1.202 1.217 1.229
0.031 0.031 0.031 0.031 0.034 0.037 0.041 0.045 0.048 0.052 0.055 0.055 0.055 0.055 0.056 0.056 0.056 0.056 0.056 0.056 0.056 0.056 0.057 0.057 0.057 0.057 0.058 0.058 0.058 0.058 0.06 0.061 0.063 0.065 0.067 0.069 0.07 0.071 0.072 0.073 0.073 0.074 0.075 0.075 0.076 0.077 0.083 0.096 0.109 0.122 0.135 0.148 0.161 0.168 0.169 0.171 0.172 0.173 0.174 0.175 0.176 0.177 0.186 0.216 0.247 0.278 0.309 0.339 0.37 0.401 0.416 0.431 0.445 0.46 0.475 0.49 0.504 0.516 0.525 0.534 0.542 0.551 0.56 0.569 0.578 0.586 0.61 0.646 0.682 0.718 0.754 0.79 0.826 0.861 0.886 0.907 0.929 0.951 0.973 0.995 1.017 1.038 1.058 1.051 1.045 1.038 1.032 1.025 1.019 1.012 1.01 1.03 1.05 1.07 1.09 1.11 1.13 1.15 1.17 1.17 1.16 1.149 1.139 1.128 1.118 1.108 1.097 1.098 1.113 1.128 1.142 1.157 1.172 1.186 1.201 1.214
0.027 0.027 0.027 0.027 0.03 0.034 0.037 0.041 0.045 0.048 0.048 0.048 0.048 0.049 0.049 0.049 0.049 0.049 0.049 0.049 0.049 0.05 0.05 0.05 0.05 0.05 0.051 0.051 0.051 0.051 0.052 0.053 0.055 0.057 0.059 0.06 0.062 0.063 0.064 0.064 0.065 0.066 0.067 0.067 0.068 0.069 0.069 0.078 0.091 0.104 0.117 0.13 0.143 0.15 0.151 0.152 0.154 0.155 0.156 0.157 0.158 0.159 0.16 0.175 0.205 0.236 0.267 0.298 0.328 0.359 0.374 0.389 0.403 0.418 0.433 0.448 0.46 0.469 0.478 0.487 0.495 0.504 0.513 0.522 0.531 0.539 0.563 0.599 0.635 0.671 0.707 0.743 0.779 0.805 0.827 0.849 0.871 0.892 0.914 0.936 0.958 0.98 0.999 0.992 0.986 0.979 0.973 0.966 0.96 0.953 0.973 0.993 1.013 1.033 1.053 1.073 1.093 1.113 1.133 1.133 1.123 1.112 1.102 1.091 1.081 1.071 1.068 1.083 1.098 1.112 1.127 1.142 1.156 1.171 1.186 1.198
0.023 0.023 0.023 0.023 0.026 0.03 0.033 0.037 0.041 0.041 0.041 0.041 0.042 0.042 0.042 0.042 0.042 0.042 0.042 0.042 0.042 0.043 0.043 0.043 0.043 0.044 0.044 0.044 0.044 0.044 0.045 0.045 0.047 0.049 0.05 0.052 0.054 0.055 0.056 0.056 0.057 0.058 0.058 0.059 0.06 0.061 0.061 0.062 0.073 0.086 0.099 0.112 0.125 0.132 0.133 0.134 0.136 0.137 0.138 0.139 0.14 0.141 0.142 0.143 0.164 0.194 0.225 0.256 0.287 0.317 0.332 0.347 0.361 0.376 0.391 0.404 0.413 0.422 0.431 0.44 0.448 0.457 0.466 0.475 0.484 0.492 0.517 0.553 0.589 0.625 0.66 0.696 0.725 0.747 0.768 0.79 0.812 0.834 0.856 0.877 0.899 0.921 0.94 0.933 0.927 0.92 0.914 0.907 0.9 0.917 0.937 0.957 0.977 0.997 1.017 1.037 1.057 1.077 1.097 1.096 1.086 1.075 1.065 1.054 1.044 1.038 1.053 1.067 1.082 1.097 1.111 1.126 1.141 1.155 1.17 1.182
0.019 0.019 0.019 0.019 0.022 0.026 0.029 0.033 0.034 0.034 0.034 0.034 0.035 0.035 0.035 0.035 0.035 0.035 0.035 0.035 0.036 0.036 0.036 0.036 0.036 0.037 0.037 0.037 0.037 0.037 0.038 0.038 0.039 0.04 0.042 0.044 0.046 0.047 0.047 0.048 0.049 0.049 0.05 0.051 0.052 0.052 0.053 0.054 0.055 0.068 0.081 0.094 0.107 0.114 0.115 0.116 0.117 0.119 0.12 0.121 0.122 0.123 0.124 0.125 0.126 0.153 0.184 0.214 0.245 0.275 0.29 0.305 0.319 0.334 0.348 0.357 0.366 0.375 0.384 0.393 0.401 0.41 0.419 0.428 0.437 0.445 0.47 0.506 0.542 0.578 0.614 0.644 0.666 0.688 0.71 0.732 0.753 0.775 0.797 0.819 0.841 0.862 0.881 0.874 0.867 0.861 0.854 0.848 0.86 0.88 0.9 0.92 0.94 0.96 0.98 1.0 1.02 1.04 1.06 1.059 1.049 1.038 1.028 1.017 1.008 1.022 1.037 1.052 1.066 1.081 1.096 1.11 1.125 1.14 1.154 1.166
0.015 0.015 0.015 0.015 0.018 0.022 0.026 0.027 0.027 0.027 0.027 0.028 0.028 0.028 0.028 0.028 0.028 0.028 0.028 0.028 0.029 0.029 0.029 0.029 0.029 0.03 0.03 0.03 0.03 0.031 0.031 0.031 0.031 0.032 0.034 0.036 0.038 0.038 0.039 0.04 0.041 0.041 0.042 0.043 0.043 0.044 0.045 0.046 0.046 0.05 0.063 0.076 0.089 0.096 0.097 0.098 0.099 0.1 0.102 0.103 0.104 0.105 0.106 0.107 0.108 0.111 0.142 0.173 0.203 0.233 0.248 0.263 0.277 0.292 0.301 0.31 0.319 0.328 0.337 0.345 0.354 0.363 0.372 0.381 0.39 0.398 0.423 0.459 0.495 0.531 0.564 0.586 0.607 0.629 0.651 0.673 0.695 0.717 0.738 0.76 0.782 0.804 0.821 0.815 0.808 0.802 0.795 0.804 0.824 0.844 0.864 0.884 0.904 0.924 0.944 0.964 0.984 1.004 1.024 1.022 1.012 1.001 0.991 0.98 0.992 1.007 1.022 1.036 1.051 1.066 1.08 1.095 1.11 1.124 1.139 1.151
0.011 0.011 0.011 0.011 0.014 0.018 0.02 0.02 0.02 0.02 0.021 0.021 0.021 0.021 0.021 0.021 0.021 0.021 0.021 0.022 0.022 0.022 0.022 0.022 0.023 0.023 0.023 0.023 0.023 0.024 0.024 0.024 0.024 0.025 0.026 0.028 0.029 0.03 0.031 0.032 0.032 0.033 0.034 0.035 0.035 0.036 0.037 0.037 0.038 0.039 0.045 0.058 0.071 0.078 0.079 0.08 0.081 0.082 0.084 0.085 0.086 0.087 0.088 0.089 0.09 0.091 0.1 0.131 0.162 0.191 0.206 0.221 0.235 0.246 0.254 0.263 0.272 0.281 0.29 0.298 0.307 0.316 0.325 0.334 0.343 0.351 0.377 0.413 0.449 0.483 0.505 0.527 0.549 0.571 0.592 0.614 0.636 0.658 0.68 0.702 0.723 0.745 0.762 0.756 0.749 0.743 0.747 0.767 0.787 0.807 0.827 0.847 0.867 0.887 0.907 0.927 0.947 0.967 0.987 0.985 0.975 0.964 0.954 0.962 0.977 0.991 1.006 1.021 1.035 1.05 1.065 1.079 1.094 1.109 1.123 1.135
0.007 0.007 0.007 0.007 0.011 0.013 0.013 0.013 0.013 0.013 0.014 0.014 0.014 0.014 0.014 0.014 0.014 0.014 0.014 0.015 0.015 0.015 0.015 0.015 0.016 0.016 0.016 0.016 0.017 0.017 0.017 0.017 0.017 0.018 0.018 0.019 0.021 0.022 0.023 0.023 0.024 0.025 0.026 0.026 0.027 0.028 0.028 0.029 0.03 0.031 0.031 0.04 0.053 0.06 0.061 0.062 0.063 0.064 0.065 0.067 0.068 0.069 0.07 0.071 0.072 0.073 0.074 0.089 0.12 0.149 0.164 0.179 0.19 0.199 0.207 0.216 0.225 0.234 0.243 0.251 0.26 0.269 0.278 0.287 0.296 0.304 0.33 0.366 0.402 0.425 0.446 0.468 0.49 0.512 0.534 0.556 0.577 0.599 0.621 0.643 0.665 0.687 0.703 0.697 0.69 0.691 0.711 0.731 0.751 0.771 0.791 0.811 0.831 0.851 0.871 0.891 0.911 0.931 0.951 0.948 0.938 0.927 0.932 0.947 0.961 0.976 0.991 1.005 1.02 1.034 1.049 1.064 1.078 1.093 1.108 1.119
0.003 0.003 0.003 0.003 0.006 0.006 0.006 0.006 0.006 0.007 0.007 0.007 0.007 0.007 0.007 0.007 0.007 0.007 0.008 0.008 0.008 0.008 0.008 0.008 0.009 0.009 0.009 0.009 0.01 0.01 0.01 0.01 0.01 0.011 0.011 0.011 0.013 0.014 0.015 0.015 0.016 0.017 0.017 0.018 0.019 0.02 0.02 0.021 0.022 0.022 0.023 0.024 0.035 0.042 0.043 0.044 0.045 0.046 0.047 0.048 0.05 0.051 0.052 0.053 0.054 0.055 0.056 0.057 0.078 0.107 0.122 0.134 0.143 0.152 0.16 0.169 0.178 0.187 0.196 0.204 0.213 0.222 0.231 0.24 0.248 0.257 0.284 0.32 0.344 0.366 0.388 0.41 0.431 0.453 0.475 0.497 0.519 0.541 0.562 0.584 0.606 0.628 0.644 0.638 0.635 0.654 0.674 0.694 0.714 0.734 0.754 0.774 0.794 0.814 0.834 0.854 0.874 0.894 0.914 0.911 0.901 0.902 0.916 0.931 0.946 0.96 0.975 0.99 1.004 1.019 1.034 1.048 1.063 1.078 1.092 1.103
0.0 0.0 0.0 0.0 0.0 0.0 0.0 0.0 0.0 0.0 0.0 0.0 0.0 0.0 0.0 0.0 0.0 0.001 0.001 0.001 0.001 0.001 0.001 0.002 0.002 0.002 0.002 0.002 0.003 0.003 0.003 0.003 0.004 0.004 0.004 0.004 0.005 0.006 0.006 0.007 0.008 0.008 0.009 0.01 0.011 0.011 0.012 0.013 0.013 0.014 0.015 0.016 0.017 0.024 0.025 0.026 0.027 0.028 0.029 0.03 0.032 0.033 0.034 0.035 0.036 0.037 0.038 0.039 0.04 0.065 0.078 0.087 0.096 0.104 0.113 0.122 0.131 0.14 0.149 0.157 0.166 0.175 0.184 0.193 0.201 0.21 0.237 0.264 0.286 0.307 0.329 0.351 0.373 0.395 0.417 0.438 0.46 0.482 0.504 0.526 0.547 0.569 0.585 0.578 0.598 0.618 0.638 0.658 0.678 0.698 0.718 0.738 0.758 0.778 0.798 0.818 0.838 0.858 0.878 0.874 0.871 0.886 0.901 0.915 0.93 0.945 0.959 0.974 0.989 1.003 1.018 1.033 1.047 1.062 1.077 1.088
0.0 0.0 0.0 0.0 0.0 0.0 0.0 0.0 0.0 0.0 0.0 0.0 0.0 0.0 0.0 0.0 0.0 0.0 0.0 0.0 0.0 0.0 0.0 0.0 0.0 0.001 0.001 0.001 0.001 0.001 0.001 0.001 0.001 0.001 0.002 0.002 0.002 0.002 0.003 0.003 0.004 0.005 0.005 0.006 0.006 0.007 0.008 0.008 0.009 0.009 0.01 0.01 0.011 0.012 0.012 0.013 0.014 0.015 0.016 0.017 0.017 0.018 0.019 0.02 0.021 0.022 0.022 0.023 0.024 0.025 0.034 0.042 0.05 0.058 0.066 0.075 0.084 0.093 0.102 0.11 0.119 0.128 0.137 0.146 0.154 0.163 0.183 0.205 0.227 0.249 0.271 0.292 0.314 0.336 0.358 0.38 0.402 0.423 0.445 0.467 0.489 0.511 0.526 0.542 0.562 0.582 0.601 0.621 0.641 0.661 0.681 0.701 0.721 0.741 0.761 0.781 0.801 0.821 0.841 0.841 0.856 0.871 0.885 0.9 0.915 0.929 0.944 0.959 0.973 0.988 1.003 1.017 1.032 1.047 1.061 1.072
0.0 0.0 0.0 0.0 0.0 0.0 0.0 0.0 0.0 0.0 0.0 0.0 0.0 0.0 0.0 0.0 0.0 0.0 0.0 0.0 0.0 0.0 0.0 0.0 0.0 0.001 0.001 0.001 0.001 0.001 0.001 0.001 0.001 0.001 0.002 0.002 0.002 0.002 0.003 0.003 0.004 0.005 0.005 0.006 0.006 0.007 0.007 0.008 0.009 0.009 0.01 0.01 0.011 0.011 0.012 0.013 0.014 0.014 0.015 0.016 0.017 0.018 0.018 0.019 0.02 0.021 0.022 0.023 0.023 0.024 0.028 0.037 0.045 0.053 0.061 0.069 0.077 0.085 0.093 0.101 0.11 0.118 0.126 0.134 0.142 0.15 0.172 0.193 0.214 0.235 0.255 0.276 0.297 0.318 0.339 0.36 0.38 0.401 0.422 0.443 0.464 0.484 0.505 0.524 0.544 0.563 0.582 0.602 0.621 0.64 0.66 0.679 0.698 0.718 0.737 0.756 0.776 0.795 0.815 0.844 0.858 0.871 0.884 0.897 0.911 0.924 0.937 0.951 0.964 0.977 0.991 1.004 1.017 1.031 1.046 1.056
0.0 0.0 0.0 0.0 0.0 0.0 0.0 0.0 0.0 0.0 0.0 0.0 0.0 0.0 0.0 0.0 0.0 0.0 0.0 0.0 0.0 0.0 0.0 0.0 0.0 0.001 0.001 0.001 0.001 0.001 0.001 0.001 0.001 0.001 0.002 0.002 0.002 0.002 0.003 0.003 0.004 0.004 0.005 0.006 0.006 0.007 0.007 0.008 0.009 0.009 0.01 0.01 0.01 0.01 0.011 0.012 0.013 0.014 0.015 0.015 0.016 0.017 0.018 0.019 0.02 0.02 0.021 0.022 0.023 0.023 0.026 0.031 0.039 0.048 0.056 0.064 0.072 0.08 0.088 0.096 0.104 0.113 0.121 0.129 0.137 0.145 0.168 0.194 0.215 0.236 0.257 0.278 0.298 0.319 0.34 0.361 0.382 0.403 0.423 0.444 0.465 0.486 0.506 0.526 0.545 0.564 0.584 0.603 0.622 0.642 0.661 0.68 0.7 0.719 0.738 0.758 0.777 0.796 0.855 0.902 0.921 0.935 0.948 0.961 0.975 0.988 1.001 1.015 1.028 1.041 1.054 1.068 1.081 1.094 1.108 1.116
0.0 0.0 0.0 0.0 0.0 0.0 0.0 0.0 0.0 0.0 0.0 0.0 0.0 0.0 0.0 0.0 0.0 0.0 0.0 0.0 0.0 0.0 0.0 0.0 0.0 0.001 0.001 0.001 0.001 0.001 0.001 0.001 0.001 0.001 0.001 0.001 0.001 0.002 0.003 0.003 0.004 0.004 0.005 0.006 0.006 0.007 0.007 0.008 0.008 0.009 0.009 0.009 0.009 0.01 0.011 0.012 0.012 0.013 0.014 0.015 0.016 0.017 0.017 0.018 0.019 0.02 0.021 0.021 0.022 0.022 0.025 0.028 0.034 0.042 0.051 0.059 0.067 0.075 0.083 0.091 0.099 0.107 0.115 0.124 0.132 0.14 0.163 0.191 0.216 0.237 0.258 0.279 0.3 0.321 0.341 0.362 0.383 0.404 0.425 0.445 0.466 0.487 0.507 0.527 0.546 0.565 0.585 0.604 0.624 0.643 0.662 0.682 0.701 0.72 0.74 0.759 0.778 0.831 0.896 0.943 0.985 0.999 1.012 1.025 1.039 1.052 1.065 1.078 1.092 1.105 1.118 1.132 1.145 1.158 1.171 1.18
0.0 0.0 0.0 0.0 0.0 0.0 0.0 0.0 0.0 0.0 0.0 0.0 0.0 0.0 0.0 0.0 0.0 0.0 0.0 0.0 0.0 0.0 0.0 0.0 0.0 0.001 0.001 0.001 0.001 0.001 0.001 0.001 0.001 0.001 0.001 0.001 0.001 0.002 0.003 0.003 0.004 0.004 0.005 0.005 0.006 0.007 0.007 0.008 0.008 0.009 0.009 0.009 0.009 0.009 0.01 0.011 0.012 0.013 0.014 0.014 0.015 0.016 0.017 0.018 0.018 0.019 0.02 0.02 0.021 0.022 0.024 0.027 0.03 0.037 0.045 0.053 0.062 0.07 0.078 0.086 0.094 0.102 0.11 0.118 0.127 0.135 0.158 0.187 0.215 0.239 0.259 0.28 0.301 0.322 0.343 0.364 0.384 0.405 0.426 0.447 0.468 0.488 0.509 0.528 0.547 0.567 0.586 0.605 0.625 0.644 0.663 0.683 0.702 0.721 0.741 0.76 0.806 0.871 0.936 0.983 1.026 1.062 1.076 1.089 1.102 1.116 1.129 1.142 1.156 1.169 1.182 1.195 1.209 1.222 1.235 1.244
0.0 0.0 0.0 0.0 0.0 0.0 0.0 0.0 0.0 0.0 0.0 0.0 0.0 0.0 0.0 0.0 0.0 0.0 0.0 0.0 0.0 0.0 0.0 0.0 0.0 0.001 0.001 0.001 0.001 0.001 0.001 0.001 0.001 0.001 0.001 0.001 0.001 0.002 0.002 0.003 0.004 0.004 0.005 0.005 0.006 0.007 0.007 0.008 0.008 0.008 0.008 0.008 0.008 0.009 0.01 0.01 0.011 0.012 0.013 0.014 0.015 0.015 0.016 0.017 0.018 0.019 0.019 0.019 0.02 0.021 0.023 0.026 0.029 0.032 0.04 0.048 0.056 0.065 0.073 0.081 0.089 0.097 0.105 0.113 0.121 0.129 0.153 0.182 0.21 0.239 0.261 0.282 0.302 0.323 0.344 0.365 0.386 0.406 0.427 0.448 0.469 0.49 0.51 0.529 0.549 0.568 0.587 0.607 0.626 0.645 0.665 0.684 0.703 0.723 0.742 0.781 0.846 0.911 0.977 1.023 1.066 1.109 1.14 1.153 1.166 1.18 1.193 1.206 1.219 1.233 1.246 1.259 1.273 1.286 1.299 1.308
0.0 0.0 0.0 0.0 0.0 0.0 0.0 0.0 0.0 0.0 0.0 0.0 0.0 0.0 0.0 0.0 0.0 0.0 0.0 0.0 0.0 0.0 0.0 0.0 0.0 0.001 0.001 0.001 0.001 0.001 0.001 0.001 0.001 0.001 0.001 0.001 0.001 0.002 0.002 0.003 0.004 0.004 0.005 0.005 0.006 0.006 0.007 0.008 0.008 0.008 0.008 0.008 0.008 0.008 0.009 0.01 0.011 0.012 0.012 0.013 0.014 0.015 0.016 0.017 0.017 0.018 0.018 0.018 0.019 0.02 0.023 0.025 0.028 0.031 0.035 0.043 0.051 0.059 0.068 0.076 0.084 0.092 0.1 0.108 0.116 0.124 0.148 0.177 0.206 0.234 0.262 0.283 0.304 0.325 0.345 0.366 0.387 0.408 0.429 0.449 0.47 0.491 0.511 0.531 0.55 0.569 0.589 0.608 0.627 0.647 0.666 0.685 0.705 0.724 0.756 0.822 0.887 0.952 1.017 1.063 1.106 1.149 1.192 1.217 1.23 1.243 1.257 1.27 1.283 1.297 1.31 1.323 1.337 1.35 1.363 1.371
0.0 0.0 0.0 0.0 0.0 0.0 0.0 0.0 0.0 0.0 0.0 0.0 0.0 0.0 0.0 0.0 0.0 0.0 0.0 0.0 0.0 0.0 0.0 0.0 0.0 0.001 0.001 0.001 0.001 0.001 0.001 0.001 0.001 0.001 0.001 0.001 0.001 0.002 0.002 0.003 0.004 0.004 0.005 0.005 0.006 0.006 0.007 0.007 0.007 0.007 0.007 0.007 0.007 0.008 0.009 0.009 0.01 0.011 0.012 0.013 0.014 0.014 0.015 0.016 0.016 0.017 0.017 0.018 0.018 0.019 0.022 0.024 0.027 0.03 0.033 0.038 0.046 0.054 0.062 0.07 0.079 0.087 0.095 0.103 0.111 0.119 0.144 0.172 0.201 0.229 0.258 0.284 0.305 0.326 0.347 0.368 0.388 0.409 0.43 0.451 0.472 0.492 0.513 0.532 0.551 0.571 0.59 0.609 0.629 0.648 0.667 0.687 0.706 0.732 0.797 0.862 0.927 0.992 1.058 1.103 1.146 1.189 1.232 1.276 1.294 1.307 1.321 1.334 1.347 1.36 1.374 1.387 1.4 1.414 1.427 1.435
0.0 0.0 0.0 0.0 0.0 0.0 0.0 0.0 0.0 0.0 0.0 0.0 0.0 0.0 0.0 0.0 0.0 0.0 0.0 0.0 0.0 0.0 0.0 0.0 0.0 0.001 0.001 0.001 0.001 0.001 0.001 0.001 0.001 0.001 0.001 0.001 0.001 0.002 0.002 0.003 0.003 0.004 0.005 0.005 0.006 0.006 0.007 0.007 0.007 0.007 0.007 0.007 0.007 0.007 0.008 0.009 0.01 0.01 0.011 0.012 0.013 0.014 0.015 0.015 0.015 0.016 0.016 0.017 0.017 0.018 0.021 0.024 0.026 0.029 0.032 0.035 0.041 0.049 0.057 0.065 0.073 0.082 0.09 0.098 0.106 0.114 0.139 0.167 0.196 0.224 0.253 0.281 0.306 0.327 0.348 0.369 0.39 0.41 0.431 0.452 0.473 0.494 0.514 0.533 0.553 0.572 0.591 0.611 0.63 0.649 0.669 0.688 0.707 0.772 0.837 0.902 0.968 1.033 1.098 1.143 1.186 1.229 1.272 1.316 1.358 1.371 1.384 1.398 1.411 1.424 1.438 1.451 1.464 1.478 1.491 1.499
0.0 0.0 0.0 0.0 0.0 0.0 0.0 0.0 0.0 0.0 0.0 0.0 0.0 0.0 0.0 0.0 0.0 0.0 0.0 0.0 0.0 0.0 0.0 0.0 0.0 0.001 0.001 0.001 0.001 0.001 0.001 0.001 0.001 0.001 0.001 0.001 0.001 0.002 0.002 0.003 0.003 0.004 0.005 0.005 0.006 0.006 0.006 0.006 0.006 0.006 0.006 0.006 0.006 0.007 0.007 0.008 0.009 0.01 0.011 0.012 0.012 0.013 0.014 0.014 0.015 0.015 0.015 0.016 0.016 0.017 0.02 0.023 0.025 0.028 0.031 0.034 0.036 0.044 0.052 0.06 0.068 0.076 0.084 0.093 0.101 0.109 0.134 0.163 0.191 0.22 0.248 0.277 0.305 0.329 0.349 0.37 0.391 0.412 0.433 0.453 0.474 0.495 0.515 0.535 0.554 0.573 0.593 0.612 0.631 0.651 0.67 0.689 0.747 0.813 0.878 0.943 1.008 1.073 1.138 1.183 1.226 1.269 1.312 1.356 1.399 1.435 1.448 1.462 1.475 1.488 1.502 1.515 1.528 1.541 1.555 1.562
0.0 0.0 0.0 0.0 0.0 0.0 0.0 0.0 0.0 0.0 0.0 0.0 0.0 0.0 0.0 0.0 0.0 0.0 0.0 0.0 0.0 0.0 0.0 0.0 0.0 0.001 0.001 0.001 0.001 0.001 0.001 0.001 0.001 0.001 0.001 0.001 0.001 0.002 0.002 0.003 0.003 0.004 0.004 0.005 0.005 0.005 0.005 0.005 0.005 0.005 0.005 0.005 0.005 0.006 0.007 0.008 0.009 0.009 0.01 0.011 0.012 0.012 0.013 0.013 0.014 0.014 0.014 0.015 0.015 0.016 0.019 0.022 0.025 0.027 0.03 0.033 0.035 0.039 0.047 0.055 0.063 0.071 0.079 0.087 0.096 0.104 0.129 0.158 0.186 0.215 0.243 0.272 0.3 0.329 0.351 0.371 0.392 0.413 0.434 0.455 0.476 0.496 0.517 0.536 0.555 0.575 0.594 0.613 0.633 0.652 0.671 0.723 0.788 0.853 0.918 0.983 1.048 1.114 1.179 1.223 1.266 1.309 1.353 1.396 1.439 1.482 1.512 1.526 1.539 1.552 1.565 1.579 1.592 1.605 1.619 1.626
0.0 0.0 0.0 0.0 0.0 0.0 0.0 0.0 0.0 0.0 0.0 0.0 0.0 0.0 0.0 0.0 0.0 0.0 0.0 0.0 0.0 0.0 0.0 0.0 0.001 0.001 0.001 0.001 0.001 0.001 0.001 0.001 0.001 0.001 0.001 0.001 0.001 0.001 0.002 0.003 0.003 0.004 0.004 0.005 0.005 0.005 0.005 0.005 0.005 0.005 0.005 0.005 0.005 0.006 0.006 0.007 0.008 0.009 0.01 0.01 0.011 0.011 0.012 0.012 0.013 0.013 0.013 0.014 0.014 0.015 0.018 0.021 0.024 0.026 0.029 0.032 0.035 0.037 0.042 0.05 0.058 0.066 0.074 0.082 0.09 0.099 0.124 0.153 0.181 0.21 0.238 0.267 0.296 0.324 0.352 0.373 0.394 0.414 0.435 0.456 0.477 0.498 0.518 0.537 0.557 0.576 0.595 0.615 0.634 0.653 0.698 0.763 0.828 0.893 0.959 1.024 1.089 1.154 1.219 1.263 1.306 1.349 1.393 1.436 1.479 1.522 1.565 1.589 1.603 1.616 1.629 1.643 1.656 1.669 1.682 1.69
0.0 0.0 0.0 0.0 0.0 0.0 0.0 0.0 0.0 0.0 0.0 0.0 0.0 0.0 0.0 0.0 0.0 0.0 0.0 0.0 0.0 0.0 0.0 0.0 0.001 0.001 0.001 0.001 0.001 0.001 0.001 0.001 0.001 0.001 0.001 0.001 0.001 0.001 0.002 0.003 0.003 0.004 0.004 0.004 0.004 0.004 0.004 0.004 0.004 0.004 0.004 0.004 0.004 0.005 0.006 0.007 0.007 0.008 0.009 0.01 0.01 0.011 0.011 0.011 0.012 0.012 0.013 0.013 0.013 0.015 0.017 0.02 0.023 0.026 0.028 0.031 0.034 0.036 0.039 0.045 0.053 0.061 0.069 0.077 0.085 0.093 0.12 0.148 0.177 0.205 0.234 0.262 0.291 0.319 0.348 0.374 0.395 0.416 0.437 0.457 0.478 0.499 0.519 0.539 0.558 0.577 0.597 0.616 0.635 0.673 0.738 0.803 0.869 0.934 0.999 1.064 1.129 1.195 1.26 1.303 1.346 1.389 1.433 1.476 1.519 1.562 1.605 1.649 1.667 1.68 1.693 1.706 1.72 1.733 1.746 1.753
0.0 0.0 0.0 0.0 0.0 0.0 0.0 0.0 0.0 0.0 0.0 0.0 0.0 0.0 0.0 0.0 0.0 0.0 0.0 0.0 0.0 0.0 0.0 0.0 0.001 0.001 0.001 0.001 0.001 0.001 0.001 0.001 0.001 0.001 0.001 0.001 0.001 0.001 0.002 0.002 0.003 0.004 0.004 0.004 0.004 0.004 0.004 0.004 0.004 0.004 0.004 0.004 0.004 0.004 0.005 0.006 0.007 0.008 0.008 0.009 0.009 0.01 0.01 0.01 0.011 0.011 0.012 0.012 0.012 0.014 0.016 0.019 0.022 0.025 0.027 0.03 0.033 0.036 0.038 0.041 0.048 0.056 0.064 0.072 0.08 0.088 0.115 0.143 0.172 0.2 0.229 0.257 0.286 0.314 0.343 0.371 0.396 0.417 0.438 0.459 0.48 0.5 0.521 0.54 0.559 0.579 0.598 0.617 0.648 0.714 0.779 0.844 0.909 0.974 1.039 1.105 1.17 1.235 1.3 1.343 1.386 1.43 1.473 1.516 1.559 1.602 1.646 1.689 1.73 1.744 1.757 1.77 1.784 1.797 1.81 1.817
0.0 0.0 0.0 0.0 0.0 0.0 0.0 0.0 0.0 0.0 0.0 0.0 0.0 0.0 0.0 0.0 0.0 0.0 0.0 0.0 0.0 0.0 0.0 0.0 0.0 0.0 0.0 0.0 0.0 0.0 0.0 0.0 0.0 0.0 0.0 0.0 0.001 0.001 0.002 0.002 0.003 0.003 0.003 0.003 0.003 0.003 0.003 0.003 0.003 0.003 0.003 0.003 0.003 0.004 0.005 0.005 0.006 0.007 0.007 0.008 0.008 0.009 0.009 0.01 0.01 0.01 0.011 0.011 0.012 0.013 0.016 0.018 0.021 0.024 0.027 0.029 0.032 0.035 0.037 0.04 0.043 0.051 0.059 0.067 0.075 0.083 0.11 0.138 0.167 0.195 0.224 0.253 0.281 0.31 0.338 0.367 0.395 0.418 0.439 0.46 0.481 0.502 0.522 0.541 0.56 0.58 0.599 0.624 0.689 0.754 0.819 0.884 0.95 1.015 1.08 1.145 1.21 1.275 1.34 1.383 1.426 1.47 1.513 1.556 1.599 1.642 1.686 1.729 1.772 1.808 1.821 1.834 1.847 1.861 1.874 1.881
0.0 0.0 0.0 0.0 0.0 0.0 0.0 0.0 0.0 0.0 0.0 0.0 0.0 0.0 0.0 0.0 0.0 0.0 0.0 0.0 0.0 0.0 0.0 0.0 0.0 0.0 0.0 0.0 0.0 0.0 0.0 0.0 0.0 0.0 0.0 0.0 0.001 0.001 0.002 0.002 0.002 0.002 0.003 0.003 0.003 0.003 0.003 0.003 0.003 0.003 0.003 0.003 0.003 0.003 0.004 0.005 0.006 0.006 0.007 0.007 0.007 0.008 0.008 0.009 0.009 0.009 0.01 0.01 0.011 0.012 0.015 0.017 0.02 0.023 0.026 0.028 0.031 0.034 0.037 0.039 0.042 0.045 0.054 0.062 0.07 0.078 0.105 0.134 0.162 0.191 0.219 0.248 0.276 0.305 0.333 0.362 0.39 0.419 0.441 0.461 0.482 0.503 0.523 0.542 0.562 0.581 0.6 0.664 0.729 0.794 0.86 0.925 0.99 1.055 1.12 1.185 1.251 1.316 1.38 1.423 1.466 1.51 1.553 1.596 1.639 1.682 1.726 1.769 1.812 1.855 1.885 1.898 1.911 1.925 1.938 1.944
0.0 0.0 0.0 0.0 0.0 0.0 0.0 0.0 0.0 0.0 0.0 0.0 0.0 0.0 0.0 0.0 0.0 0.0 0.0 0.0 0.0 0.0 0.0 0.0 0.0 0.0 0.0 0.0 0.0 0.0 0.0 0.0 0.0 0.0 0.0 0.0 0.0 0.001 0.002 0.002 0.002 0.002 0.002 0.002 0.002 0.002 0.002 0.002 0.002 0.002 0.002 0.002 0.002 0.003 0.004 0.004 0.005 0.005 0.006 0.006 0.006 0.007 0.007 0.008 0.008 0.009 0.009 0.009 0.01 0.011 0.014 0.017 0.019 0.022 0.025 0.027 0.03 0.033 0.036 0.038 0.041 0.044 0.048 0.056 0.065 0.073 0.1 0.129 0.157 0.186 0.214 0.243 0.271 0.3 0.328 0.357 0.386 0.414 0.442 0.463 0.484 0.504 0.524 0.544 0.563 0.582 0.639 0.704 0.77 0.835 0.9 0.965 1.03 1.096 1.161 1.226 1.291 1.356 1.42 1.463 1.506 1.55 1.593 1.636 1.679 1.722 1.766 1.809 1.852 1.895 1.939 1.962 1.975 1.989 2.002 2.008
0.0 0.0 0.0 0.0 0.0 0.0 0.0 0.0 0.0 0.0 0.0 0.0 0.0 0.0 0.0 0.0 0.0 0.0 0.0 0.0 0.0 0.0 0.0 0.0 0.0 0.0 0.0 0.0 0.0 0.0 0.0 0.0 0.0 0.0 0.0 0.0 0.0 0.001 0.001 0.001 0.001 0.001 0.001 0.001 0.001 0.001 0.001 0.001 0.001 0.001 0.001 0.001 0.001 0.002 0.003 0.004 0.004 0.004 0.005 0.005 0.006 0.006 0.006 0.007 0.007 0.008 0.008 0.008 0.009 0.01 0.013 0.016 0.018 0.021 0.024 0.027 0.029 0.032 0.035 0.038 0.04 0.043 0.046 0.051 0.059 0.068 0.095 0.124 0.153 0.181 0.21 0.238 0.267 0.295 0.324 0.352 0.381 0.409 0.438 0.464 0.485 0.506 0.526 0.545 0.564 0.615 0.68 0.745 0.81 0.875 0.94 1.006 1.071 1.136 1.201 1.266 1.332 1.397 1.46 1.503 1.547 1.59 1.633 1.676 1.719 1.763 1.806 1.849 1.892 1.935 1.979 2.022 2.039 2.052 2.066 2.072
0.0 0.0 0.0 0.0 0.0 0.0 0.0 0.0 0.0 0.0 0.0 0.0 0.0 0.0 0.0 0.0 0.0 0.0 0.0 0.0 0.0 0.0 0.0 0.0 0.0 0.0 0.0 0.0 0.0 0.0 0.0 0.0 0.0 0.0 0.0 0.0 0.0 0.001 0.001 0.001 0.001 0.001 0.001 0.001 0.001 0.001 0.001 0.001 0.001 0.001 0.001 0.001 0.001 0.002 0.002 0.003 0.003 0.003 0.004 0.004 0.005 0.005 0.005 0.006 0.006 0.007 0.007 0.007 0.008 0.009 0.012 0.015 0.018 0.02 0.023 0.026 0.028 0.031 0.034 0.037 0.039 0.042 0.045 0.048 0.054 0.062 0.091 0.119 0.148 0.176 0.205 0.233 0.262 0.29 0.319 0.347 0.376 0.404 0.433 0.462 0.486 0.507 0.527 0.546 0.59 0.655 0.72 0.785 0.851 0.916 0.981 1.046 1.111 1.176 1.242 1.307 1.372 1.437 1.5 1.543 1.587 1.63 1.673 1.716 1.759 1.803 1.846 1.889 1.932 1.975 2.019 2.062 2.103 2.116 2.13 2.135
0.0 0.0 0.0 0.0 0.0 0.0 0.0 0.0 0.0 0.0 0.0 0.0 0.0 0.0 0.0 0.0 0.0 0.0 0.0 0.0 0.0 0.0 0.0 0.0 0.0 0.0 0.0 0.0 0.0 0.0 0.0 0.0 0.0 0.0 0.0 0.0 0.0 0.0 0.0 0.0 0.0 0.0 0.0 0.0 0.0 0.0 0.0 0.0 0.0 0.0 0.0 0.0 0.0 0.001 0.001 0.002 0.002 0.003 0.003 0.003 0.004 0.004 0.005 0.005 0.005 0.006 0.006 0.007 0.007 0.008 0.011 0.014 0.017 0.019 0.022 0.025 0.028 0.03 0.033 0.036 0.039 0.041 0.044 0.047 0.05 0.057 0.086 0.114 0.143 0.171 0.2 0.228 0.257 0.286 0.314 0.343 0.371 0.4 0.428 0.457 0.485 0.508 0.528 0.565 0.63 0.695 0.761 0.826 0.891 0.956 1.021 1.087 1.152 1.217 1.282 1.347 1.412 1.478 1.54 1.583 1.627 1.67 1.713 1.756 1.799 1.843 1.886 1.929 1.972 2.015 2.059 2.102 2.145 2.18 2.193 2.199
0.0 0.0 0.0 0.0 0.0 0.0 0.0 0.0 0.0 0.0 0.0 0.0 0.0 0.0 0.0 0.0 0.0 0.0 0.0 0.0 0.0 0.0 0.0 0.0 0.0 0.0 0.0 0.0 0.0 0.0 0.0 0.0 0.0 0.0 0.0 0.0 0.0 0.0 0.0 0.0 0.0 0.0 0.0 0.0 0.0 0.0 0.0 0.0 0.0 0.0 0.0 0.0 0.0 0.0 0.001 0.001 0.002 0.002 0.002 0.003 0.003 0.003 0.004 0.004 0.005 0.005 0.005 0.006 0.006 0.008 0.01 0.013 0.016 0.019 0.021 0.024 0.027 0.029 0.032 0.035 0.038 0.04 0.043 0.046 0.049 0.052 0.081 0.11 0.138 0.167 0.195 0.224 0.252 0.281 0.309 0.338 0.366 0.395 0.423 0.452 0.48 0.509 0.54 0.605 0.671 0.736 0.801 0.866 0.931 0.997 1.062 1.127 1.192 1.257 1.322 1.388 1.453 1.518 1.58 1.624 1.667 1.71 1.753 1.796 1.84 1.883 1.926 1.969 2.012 2.056 2.099 2.142 2.185 2.228 2.257 2.263
0.0 0.0 0.0 0.0 0.0 0.0 0.0 0.0 0.0 0.0 0.0 0.0 0.0 0.0 0.0 0.0 0.0 0.0 0.0 0.0 0.0 0.0 0.0 0.0 0.0 0.0 0.0 0.0 0.0 0.0 0.0 0.0 0.0 0.0 0.0 0.0 0.0 0.0 0.0 0.0 0.0 0.0 0.0 0.0 0.0 0.0 0.0 0.0 0.0 0.0 0.0 0.0 0.0 0.0 0.001 0.001 0.002 0.002 0.002 0.003 0.003 0.003 0.004 0.004 0.005 0.005 0.005 0.006 0.006 0.007 0.01 0.013 0.016 0.018 0.021 0.024 0.027 0.029 0.032 0.035 0.037 0.04 0.043 0.046 0.048 0.05 0.06 0.089 0.118 0.146 0.175 0.204 0.233 0.262 0.291 0.32 0.348 0.377 0.406 0.435 0.464 0.493 0.513 0.58 0.647 0.714 0.782 0.849 0.916 0.983 1.05 1.117 1.185 1.252 1.319 1.386 1.453 1.52 1.584 1.629 1.675 1.72 1.765 1.81 1.855 1.901 1.946 1.991 2.036 2.082 2.127 2.172 2.217 2.262 2.308 2.35
0.0 0.0 0.0 0.0 0.0 0.0 0.0 0.0 0.0 0.0 0.0 0.0 0.0 0.0 0.0 0.0 0.0 0.0 0.0 0.0 0.0 0.0 0.0 0.0 0.0 0.0 0.0 0.0 0.0 0.0 0.0 0.0 0.0 0.0 0.0 0.0 0.0 0.0 0.0 0.0 0.0 0.0 0.0 0.0 0.0 0.0 0.0 0.0 0.0 0.0 0.0 0.0 0.0 0.0 0.001 0.001 0.002 0.002 0.002 0.003 0.003 0.003 0.004 0.004 0.005 0.005 0.005 0.006 0.006 0.007 0.01 0.013 0.015 0.018 0.021 0.024 0.026 0.029 0.032 0.035 0.037 0.04 0.043 0.045 0.047 0.048 0.049 0.065 0.094 0.123 0.151 0.18 0.209 0.238 0.267 0.296 0.325 0.353 0.382 0.411 0.44 0.469 0.481 0.504 0.571 0.638 0.706 0.773 0.84 0.907 0.974 1.041 1.109 1.176 1.243 1.31 1.377 1.444 1.508 1.553 1.598 1.643 1.689 1.734 1.779 1.824 1.87 1.915 1.96 2.005 2.05 2.096 2.141 2.186 2.215 2.251
0.0 0.0 0.0 0.0 0.0 0.0 0.0 0.0 0.0 0.0 0.0 0.0 0.0 0.0 0.0 0.0 0.0 0.0 0.0 0.0 0.0 0.0 0.0 0.0 0.0 0.0 0.0 0.0 0.0 0.0 0.0 0.0 0.0 0.0 0.0 0.0 0.0 0.0 0.0 0.0 0.0 0.0 0.0 0.0 0.0 0.0 0.0 0.0 0.0 0.0 0.0 0.0 0.0 0.0 0.001 0.001 0.002 0.002 0.002 0.003 0.003 0.003 0.004 0.004 0.005 0.005 0.005 0.006 0.006 0.007 0.01 0.013 0.015 0.018 0.021 0.023 0.026 0.029 0.032 0.034 0.037 0.04 0.043 0.044 0.045 0.046 0.047 0.048 0.07 0.099 0.127 0.156 0.185 0.214 0.243 0.272 0.301 0.329 0.358 0.387 0.416 0.445 0.457 0.459 0.495 0.562 0.63 0.697 0.764 0.831 0.898 0.965 1.033 1.1 1.167 1.234 1.301 1.368 1.431 1.477 1.522 1.567 1.612 1.658 1.703 1.748 1.793 1.838 1.884 1.929 1.974 2.019 2.064 2.098 2.116 2.152
0.0 0.0 0.0 0.0 0.0 0.0 0.0 0.0 0.0 0.0 0.0 0.0 0.0 0.0 0.0 0.0 0.0 0.0 0.0 0.0 0.0 0.0 0.0 0.0 0.0 0.0 0.0 0.0 0.0 0.0 0.0 0.0 0.0 0.0 0.0 0.0 0.0 0.0 0.0 0.0 0.0 0.0 0.0 0.0 0.0 0.0 0.0 0.0 0.0 0.0 0.0 0.0 0.0 0.0 0.001 0.001 0.002 0.002 0.002 0.003 0.003 0.003 0.004 0.004 0.005 0.005 0.005 0.005 0.005 0.007 0.01 0.012 0.015 0.018 0.021 0.023 0.026 0.029 0.032 0.034 0.037 0.04 0.042 0.043 0.043 0.044 0.045 0.046 0.048 0.075 0.104 0.132 0.161 0.19 0.219 0.248 0.277 0.306 0.334 0.363 0.392 0.421 0.433 0.435 0.437 0.486 0.553 0.621 0.688 0.755 0.822 0.889 0.956 1.024 1.091 1.158 1.225 1.292 1.355 1.4 1.445 1.491 1.536 1.581 1.626 1.672 1.717 1.762 1.807 1.852 1.898 1.943 1.98 1.998 2.017 2.053
0.0 0.0 0.0 0.0 0.0 0.0 0.0 0.0 0.0 0.0 0.0 0.0 0.0 0.0 0.0 0.0 0.0 0.0 0.0 0.0 0.0 0.0 0.0 0.0 0.0 0.0 0.0 0.0 0.0 0.0 0.0 0.0 0.0 0.0 0.0 0.0 0.0 0.0 0.0 0.0 0.0 0.0 0.0 0.0 0.0 0.0 0.0 0.0 0.0 0.0 0.0 0.0 0.0 0.0 0.001 0.001 0.002 0.002 0.002 0.003 0.003 0.004 0.004 0.004 0.005 0.005 0.005 0.005 0.005 0.007 0.01 0.012 0.015 0.018 0.02 0.023 0.026 0.029 0.031 0.034 0.037 0.039 0.04 0.041 0.041 0.042 0.043 0.045 0.046 0.051 0.08 0.109 0.137 0.166 0.195 0.224 0.253 0.282 0.31 0.339 0.368 0.397 0.408 0.411 0.413 0.415 0.477 0.545 0.612 0.679 0.746 0.813 0.88 0.948 1.015 1.082 1.149 1.216 1.279 1.324 1.369 1.414 1.46 1.505 1.55 1.595 1.64 1.686 1.731 1.776 1.821 1.862 1.881 1.899 1.917 1.954
0.0 0.0 0.0 0.0 0.0 0.0 0.0 0.0 0.0 0.0 0.0 0.0 0.0 0.0 0.0 0.0 0.0 0.0 0.0 0.0 0.0 0.0 0.0 0.0 0.0 0.0 0.0 0.0 0.0 0.0 0.0 0.0 0.0 0.0 0.0 0.0 0.0 0.0 0.0 0.0 0.0 0.0 0.0 0.0 0.0 0.0 0.0 0.0 0.0 0.0 0.0 0.0 0.0 0.0 0.001 0.001 0.002 0.002 0.002 0.003 0.003 0.004 0.004 0.004 0.004 0.005 0.005 0.005 0.005 0.007 0.009 0.012 0.015 0.018 0.02 0.023 0.026 0.028 0.031 0.034 0.037 0.037 0.038 0.039 0.04 0.04 0.041 0.043 0.044 0.045 0.056 0.085 0.113 0.142 0.171 0.2 0.229 0.258 0.287 0.315 0.344 0.373 0.384 0.386 0.389 0.391 0.401 0.469 0.536 0.603 0.67 0.737 0.804 0.872 0.939 1.006 1.073 1.14 1.202 1.247 1.293 1.338 1.383 1.428 1.474 1.519 1.564 1.609 1.654 1.7 1.745 1.763 1.781 1.799 1.818 1.855
0.0 0.0 0.0 0.0 0.0 0.0 0.0 0.0 0.0 0.0 0.0 0.0 0.0 0.0 0.0 0.0 0.0 0.0 0.0 0.0 0.0 0.0 0.0 0.0 0.0 0.0 0.0 0.0 0.0 0.0 0.0 0.0 0.0 0.0 0.0 0.0 0.0 0.0 0.0 0.0 0.0 0.0 0.0 0.0 0.0 0.0 0.0 0.0 0.0 0.0 0.0 0.0 0.0 0.0 0.001 0.001 0.002 0.002 0.002 0.003 0.003 0.004 0.004 0.004 0.004 0.004 0.005 0.005 0.005 0.006 0.009 0.012 0.015 0.017 0.02 0.023 0.026 0.028 0.031 0.034 0.035 0.035 0.036 0.037 0.038 0.038 0.04 0.041 0.042 0.043 0.044 0.061 0.09 0.118 0.147 0.176 0.205 0.234 0.263 0.292 0.32 0.349 0.36 0.362 0.364 0.367 0.369 0.393 0.46 0.527 0.594 0.661 0.728 0.796 0.863 0.93 0.997 1.064 1.126 1.171 1.216 1.262 1.307 1.352 1.397 1.442 1.488 1.533 1.578 1.623 1.645 1.664 1.682 1.7 1.718 1.756
0.0 0.0 0.0 0.0 0.0 0.0 0.0 0.0 0.0 0.0 0.0 0.0 0.0 0.0 0.0 0.0 0.0 0.0 0.0 0.0 0.0 0.0 0.0 0.0 0.0 0.0 0.0 0.0 0.0 0.0 0.0 0.0 0.0 0.0 0.0 0.0 0.0 0.0 0.0 0.0 0.0 0.0 0.0 0.0 0.0 0.0 0.0 0.0 0.0 0.0 0.0 0.0 0.0 0.0 0.001 0.001 0.002 0.002 0.002 0.003 0.003 0.004 0.004 0.004 0.004 0.004 0.004 0.004 0.005 0.006 0.009 0.012 0.014 0.017 0.02 0.023 0.025 0.028 0.031 0.032 0.033 0.034 0.034 0.035 0.036 0.037 0.038 0.039 0.04 0.041 0.043 0.044 0.066 0.095 0.123 0.152 0.181 0.21 0.239 0.268 0.296 0.325 0.335 0.338 0.34 0.342 0.344 0.347 0.384 0.451 0.518 0.585 0.652 0.72 0.787 0.854 0.921 0.988 1.05 1.095 1.14 1.185 1.23 1.276 1.321 1.366 1.411 1.456 1.502 1.528 1.546 1.564 1.582 1.601 1.619 1.657
0.0 0.0 0.0 0.0 0.0 0.0 0.0 0.0 0.0 0.0 0.0 0.0 0.0 0.0 0.0 0.0 0.0 0.0 0.0 0.0 0.0 0.0 0.0 0.0 0.0 0.0 0.0 0.0 0.0 0.0 0.0 0.0 0.0 0.0 0.0 0.0 0.0 0.0 0.0 0.0 0.0 0.0 0.0 0.0 0.0 0.0 0.0 0.0 0.0 0.0 0.0 0.0 0.0 0.0 0.001 0.001 0.002 0.002 0.002 0.003 0.003 0.003 0.004 0.004 0.004 0.004 0.004 0.004 0.004 0.006 0.009 0.012 0.014 0.017 0.02 0.022 0.025 0.028 0.029 0.03 0.031 0.032 0.032 0.033 0.034 0.035 0.036 0.037 0.038 0.039 0.041 0.042 0.043 0.071 0.099 0.128 0.157 0.186 0.215 0.244 0.273 0.301 0.311 0.313 0.316 0.318 0.32 0.322 0.325 0.375 0.442 0.509 0.576 0.644 0.711 0.778 0.845 0.912 0.973 1.018 1.064 1.109 1.154 1.199 1.244 1.29 1.335 1.38 1.41 1.428 1.446 1.465 1.483 1.501 1.519 1.558
0.0 0.0 0.0 0.0 0.0 0.0 0.0 0.0 0.0 0.0 0.0 0.0 0.0 0.0 0.0 0.0 0.0 0.0 0.0 0.0 0.0 0.0 0.0 0.0 0.0 0.0 0.0 0.0 0.0 0.0 0.0 0.0 0.0 0.0 0.0 0.0 0.0 0.0 0.0 0.0 0.0 0.0 0.0 0.0 0.0 0.0 0.0 0.0 0.0 0.0 0.0 0.0 0.0 0.0 0.001 0.001 0.002 0.002 0.002 0.003 0.003 0.003 0.003 0.003 0.004 0.004 0.004 0.004 0.004 0.006 0.009 0.011 0.014 0.017 0.02 0.022 0.025 0.027 0.028 0.028 0.029 0.03 0.031 0.031 0.032 0.033 0.034 0.035 0.036 0.038 0.039 0.04 0.041 0.047 0.076 0.104 0.133 0.162 0.191 0.22 0.249 0.278 0.287 0.289 0.291 0.293 0.296 0.298 0.3 0.303 0.366 0.433 0.5 0.568 0.635 0.702 0.769 0.836 0.897 0.942 0.987 1.032 1.078 1.123 1.168 1.213 1.258 1.292 1.311 1.329 1.347 1.365 1.383 1.402 1.42 1.459
0.0 0.0 0.0 0.0 0.0 0.0 0.0 0.0 0.0 0.0 0.0 0.0 0.0 0.0 0.0 0.0 0.0 0.0 0.0 0.0 0.0 0.0 0.0 0.0 0.0 0.0 0.0 0.0 0.0 0.0 0.0 0.0 0.0 0.0 0.0 0.0 0.0 0.0 0.0 0.0 0.0 0.0 0.0 0.0 0.0 0.0 0.0 0.0 0.0 0.0 0.0 0.0 0.0 0.0 0.001 0.001 0.002 0.002 0.002 0.003 0.003 0.003 0.003 0.003 0.003 0.004 0.004 0.004 0.004 0.006 0.008 0.011 0.014 0.017 0.019 0.022 0.024 0.025 0.026 0.026 0.027 0.028 0.029 0.029 0.03 0.031 0.032 0.033 0.035 0.036 0.037 0.038 0.039 0.04 0.052 0.081 0.109 0.138 0.167 0.196 0.225 0.254 0.262 0.265 0.267 0.269 0.271 0.274 0.276 0.278 0.29 0.357 0.424 0.492 0.559 0.626 0.693 0.76 0.82 0.866 0.911 0.956 1.001 1.046 1.092 1.137 1.175 1.193 1.211 1.229 1.248 1.266 1.284 1.302 1.32 1.36
0.0 0.0 0.0 0.0 0.0 0.0 0.0 0.0 0.0 0.0 0.0 0.0 0.0 0.0 0.0 0.0 0.0 0.0 0.0 0.0 0.0 0.0 0.0 0.0 0.0 0.0 0.0 0.0 0.0 0.0 0.0 0.0 0.0 0.0 0.0 0.0 0.0 0.0 0.0 0.0 0.0 0.0 0.0 0.0 0.0 0.0 0.0 0.0 0.0 0.0 0.0 0.0 0.0 0.0 0.001 0.001 0.002 0.002 0.002 0.003 0.003 0.003 0.003 0.003 0.003 0.003 0.003 0.004 0.004 0.006 0.008 0.011 0.014 0.016 0.019 0.022 0.022 0.023 0.024 0.025 0.025 0.026 0.027 0.028 0.028 0.029 0.03 0.032 0.033 0.034 0.035 0.036 0.037 0.039 0.04 0.057 0.085 0.114 0.143 0.172 0.201 0.23 0.238 0.24 0.242 0.245 0.247 0.249 0.252 0.254 0.256 0.281 0.348 0.416 0.483 0.55 0.617 0.684 0.744 0.789 0.834 0.88 0.925 0.97 1.015 1.057 1.075 1.094 1.112 1.13 1.148 1.166 1.185 1.203 1.221 1.261
0.0 0.0 0.0 0.0 0.0 0.0 0.0 0.0 0.0 0.0 0.0 0.0 0.0 0.0 0.0 0.0 0.0 0.0 0.0 0.0 0.0 0.0 0.0 0.0 0.0 0.0 0.0 0.0 0.0 0.0 0.0 0.0 0.0 0.0 0.0 0.0 0.0 0.0 0.0 0.0 0.0 0.0 0.0 0.0 0.0 0.0 0.0 0.0 0.0 0.0 0.0 0.0 0.0 0.0 0.001 0.001 0.002 0.002 0.002 0.002 0.002 0.003 0.003 0.003 0.003 0.003 0.003 0.003 0.003 0.005 0.008 0.011 0.014 0.016 0.019 0.02 0.021 0.021 0.022 0.023 0.023 0.024 0.025 0.026 0.026 0.027 0.028 0.03 0.031 0.032 0.033 0.034 0.036 0.037 0.038 0.039 0.062 0.09 0.119 0.148 0.177 0.206 0.214 0.216 0.218 0.22 0.223 0.225 0.227 0.23 0.232 0.234 0.272 0.34 0.407 0.474 0.541 0.608 0.668 0.713 0.758 0.803 0.848 0.894 0.939 0.958 0.976 0.994 1.012 1.03 1.049 1.067 1.085 1.103 1.122 1.162
0.0 0.0 0.0 0.0 0.0 0.0 0.0 0.0 0.0 0.0 0.0 0.0 0.0 0.0 0.0 0.0 0.0 0.0 0.0 0.0 0.0 0.0 0.0 0.0 0.0 0.0 0.0 0.0 0.0 0.0 0.0 0.0 0.0 0.0 0.0 0.0 0.0 0.0 0.0 0.0 0.0 0.0 0.0 0.0 0.0 0.0 0.0 0.0 0.0 0.0 0.0 0.0 0.0 0.0 0.001 0.001 0.002 0.002 0.002 0.002 0.002 0.002 0.003 0.003 0.003 0.003 0.003 0.003 0.003 0.005 0.008 0.011 0.013 0.016 0.017 0.018 0.019 0.019 0.02 0.021 0.022 0.022 0.023 0.024 0.025 0.025 0.027 0.028 0.029 0.03 0.031 0.033 0.034 0.035 0.036 0.037 0.038 0.067 0.095 0.124 0.153 0.182 0.189 0.191 0.194 0.196 0.198 0.201 0.203 0.205 0.207 0.21 0.212 0.263 0.331 0.398 0.465 0.532 0.591 0.636 0.682 0.727 0.772 0.817 0.84 0.858 0.876 0.895 0.913 0.931 0.949 0.967 0.986 1.004 1.022 1.063
0.0 0.0 0.0 0.0 0.0 0.0 0.0 0.0 0.0 0.0 0.0 0.0 0.0 0.0 0.0 0.0 0.0 0.0 0.0 0.0 0.0 0.0 0.0 0.0 0.0 0.0 0.0 0.0 0.0 0.0 0.0 0.0 0.0 0.0 0.0 0.0 0.0 0.0 0.0 0.0 0.0 0.0 0.0 0.0 0.0 0.0 0.0 0.0 0.0 0.0 0.0 0.0 0.0 0.0 0.001 0.001 0.002 0.002 0.002 0.002 0.002 0.002 0.002 0.002 0.003 0.003 0.003 0.003 0.003 0.005 0.008 0.01 0.013 0.015 0.015 0.016 0.017 0.018 0.018 0.019 0.02 0.02 0.021 0.022 0.023 0.024 0.025 0.026 0.027 0.028 0.029 0.031 0.032 0.033 0.034 0.035 0.037 0.043 0.071 0.1 0.129 0.158 0.165 0.167 0.169 0.172 0.174 0.176 0.179 0.181 0.183 0.185 0.188 0.19 0.255 0.322 0.389 0.456 0.515 0.56 0.605 0.65 0.696 0.722 0.741 0.759 0.777 0.795 0.813 0.832 0.85 0.868 0.886 0.904 0.923 0.964
0.0 0.0 0.0 0.0 0.0 0.0 0.0 0.0 0.0 0.0 0.0 0.0 0.0 0.0 0.0 0.0 0.0 0.0 0.0 0.0 0.0 0.0 0.0 0.0 0.0 0.0 0.0 0.0 0.0 0.0 0.0 0.0 0.0 0.0 0.0 0.0 0.0 0.0 0.0 0.0 0.0 0.0 0.0 0.0 0.0 0.0 0.0 0.0 0.0 0.0 0.0 0.0 0.0 0.0 0.001 0.001 0.001 0.001 0.002 0.002 0.002 0.002 0.002 0.002 0.002 0.002 0.003 0.003 0.003 0.005 0.008 0.01 0.012 0.013 0.013 0.014 0.015 0.016 0.016 0.017 0.018 0.019 0.019 0.02 0.021 0.022 0.023 0.024 0.025 0.026 0.028 0.029 0.03 0.031 0.032 0.034 0.035 0.036 0.048 0.076 0.105 0.134 0.141 0.143 0.145 0.147 0.15 0.152 0.154 0.156 0.159 0.161 0.163 0.166 0.179 0.246 0.313 0.38 0.438 0.484 0.529 0.574 0.605 0.623 0.641 0.659 0.678 0.696 0.714 0.732 0.75 0.769 0.787 0.805 0.823 0.865
0.0 0.0 0.0 0.0 0.0 0.0 0.0 0.0 0.0 0.0 0.0 0.0 0.0 0.0 0.0 0.0 0.0 0.0 0.0 0.0 0.0 0.0 0.0 0.0 0.0 0.0 0.0 0.0 0.0 0.0 0.0 0.0 0.0 0.0 0.0 0.0 0.0 0.0 0.0 0.0 0.0 0.0 0.0 0.0 0.0 0.0 0.0 0.0 0.0 0.0 0.0 0.0 0.0 0.0 0.001 0.001 0.001 0.001 0.001 0.001 0.002 0.002 0.002 0.002 0.002 0.002 0.002 0.002 0.003 0.005 0.007 0.009 0.01 0.011 0.012 0.012 0.013 0.014 0.015 0.015 0.016 0.017 0.017 0.018 0.019 0.02 0.021 0.022 0.023 0.025 0.026 0.027 0.028 0.029 0.03 0.032 0.033 0.034 0.035 0.053 0.081 0.11 0.116 0.118 0.121 0.123 0.125 0.128 0.13 0.132 0.134 0.137 0.139 0.141 0.143 0.17 0.237 0.304 0.362 0.407 0.452 0.487 0.505 0.523 0.542 0.56 0.578 0.596 0.614 0.633 0.651 0.669 0.687 0.706 0.724 0.766
0.0 0.0 0.0 0.0 0.0 0.0 0.0 0.0 0.0 0.0 0.0 0.0 0.0 0.0 0.0 0.0 0.0 0.0 0.0 0.0 0.0 0.0 0.0 0.0 0.0 0.0 0.0 0.0 0.0 0.0 0.0 0.0 0.0 0.0 0.0 0.0 0.0 0.0 0.0 0.0 0.0 0.0 0.0 0.0 0.0 0.0 0.0 0.0 0.0 0.0 0.0 0.0 0.0 0.0 0.001 0.001 0.001 0.001 0.001 0.001 0.001 0.002 0.002 0.002 0.002 0.002 0.002 0.002 0.002 0.005 0.007 0.007 0.008 0.009 0.01 0.01 0.011 0.012 0.013 0.013 0.014 0.015 0.016 0.016 0.017 0.018 0.019 0.02 0.022 0.023 0.024 0.025 0.026 0.027 0.029 0.03 0.031 0.032 0.033 0.035 0.057 0.086 0.092 0.094 0.096 0.099 0.101 0.103 0.105 0.108 0.11 0.112 0.115 0.117 0.119 0.121 0.161 0.228 0.286 0.331 0.369 0.388 0.406 0.424 0.442 0.46 0.479 0.497 0.515 0.533 0.551 0.57 0.588 0.606 0.624 0.667
0.0 0.0 0.0 0.0 0.0 0.0 0.0 0.0 0.0 0.0 0.0 0.0 0.0 0.0 0.0 0.0 0.0 0.0 0.0 0.0 0.0 0.0 0.0 0.0 0.0 0.0 0.0 0.0 0.0 0.0 0.0 0.0 0.0 0.0 0.0 0.0 0.0 0.0 0.0 0.0 0.0 0.0 0.0 0.0 0.0 0.0 0.0 0.0 0.0 0.0 0.0 0.0 0.0 0.0 0.0 0.001 0.001 0.001 0.001 0.001 0.001 0.001 0.001 0.002 0.002 0.002 0.002 0.002 0.002 0.004 0.005 0.006 0.006 0.007 0.008 0.009 0.009 0.01 0.011 0.011 0.012 0.013 0.014 0.014 0.015 0.016 0.017 0.018 0.02 0.021 0.022 0.023 0.024 0.026 0.027 0.028 0.029 0.03 0.032 0.033 0.034 0.062 0.067 0.07 0.072 0.074 0.077 0.079 0.081 0.083 0.086 0.088 0.09 0.093 0.095 0.097 0.099 0.152 0.209 0.252 0.27 0.288 0.306 0.325 0.343 0.361 0.379 0.397 0.416 0.434 0.452 0.47 0.488 0.507 0.525 0.568
0.0 0.0 0.0 0.0 0.0 0.0 0.0 0.0 0.0 0.0 0.0 0.0 0.0 0.0 0.0 0.0 0.0 0.0 0.0 0.0 0.0 0.0 0.0 0.0 0.0 0.0 0.0 0.0 0.0 0.0 0.0 0.0 0.0 0.0 0.0 0.0 0.0 0.0 0.0 0.0 0.0 0.0 0.0 0.0 0.0 0.0 0.0 0.0 0.0 0.0 0.0 0.0 0.0 0.0 0.0 0.0 0.001 0.001 0.001 0.001 0.001 0.001 0.001 0.001 0.002 0.002 0.002 0.002 0.002 0.002 0.003 0.004 0.005 0.005 0.006 0.007 0.008 0.008 0.009 0.01 0.01 0.011 0.012 0.013 0.013 0.014 0.015 0.017 0.018 0.019 0.02 0.021 0.023 0.024 0.025 0.026 0.027 0.028 0.03 0.031 0.032 0.039 0.043 0.045 0.048 0.05 0.052 0.054 0.057 0.059 0.061 0.064 0.066 0.068 0.07 0.073 0.075 0.077 0.133 0.152 0.17 0.189 0.207 0.225 0.243 0.262 0.28 0.298 0.316 0.334 0.353 0.371 0.389 0.407 0.426 0.469
0.0 0.0 0.0 0.0 0.0 0.0 0.0 0.0 0.0 0.0 0.0 0.0 0.0 0.0 0.0 0.0 0.0 0.0 0.0 0.0 0.0 0.0 0.0 0.0 0.0 0.0 0.0 0.0 0.0 0.0 0.0 0.0 0.0 0.0 0.0 0.0 0.0 0.0 0.0 0.0 0.0 0.0 0.0 0.0 0.0 0.0 0.0 0.0 0.0 0.0 0.0 0.0 0.0 0.0 0.0 0.0 0.001 0.001 0.001 0.001 0.001 0.001 0.001 0.001 0.002 0.002 0.002 0.002 0.002 0.002 0.003 0.003 0.004 0.005 0.005 0.006 0.007 0.008 0.008 0.009 0.01 0.01 0.011 0.012 0.013 0.013 0.015 0.016 0.017 0.018 0.019 0.02 0.022 0.023 0.024 0.025 0.026 0.027 0.029 0.03 0.031 0.032 0.033 0.035 0.037 0.039 0.041 0.043 0.045 0.047 0.048 0.05 0.052 0.054 0.056 0.058 0.06 0.062 0.066 0.083 0.1 0.116 0.133 0.15 0.167 0.183 0.2 0.217 0.233 0.25 0.267 0.284 0.3 0.317 0.334 0.375
0.0 0.0 0.0 0.0 0.0 0.0 0.0 0.0 0.0 0.0 0.0 0.0 0.0 0.0 0.0 0.0 0.0 0.0 0.0 0.0 0.0 0.0 0.0 0.0 0.0 0.0 0.0 0.0 0.0 0.0 0.0 0.0 0.0 0.0 0.0 0.0 0.0 0.0 0.0 0.0 0.0 0.0 0.0 0.0 0.0 0.0 0.0 0.0 0.0 0.0 0.0 0.0 0.0 0.0 0.0 0.0 0.001 0.001 0.001 0.001 0.001 0.001 0.001 0.001 0.002 0.002 0.002 0.002 0.002 0.002 0.002 0.003 0.003 0.004 0.005 0.005 0.006 0.007 0.008 0.008 0.009 0.01 0.01 0.011 0.012 0.013 0.014 0.015 0.016 0.017 0.019 0.02 0.021 0.022 0.023 0.024 0.026 0.027 0.028 0.029 0.03 0.03 0.032 0.034 0.036 0.037 0.039 0.041 0.043 0.045 0.047 0.049 0.051 0.053 0.054 0.056 0.058 0.059 0.061 0.069 0.085 0.102 0.119 0.136 0.152 0.169 0.186 0.203 0.219 0.236 0.253 0.27 0.286 0.303 0.32 0.347
0.0 0.0 0.0 0.0 0.0 0.0 0.0 0.0 0.0 0.0 0.0 0.0 0.0 0.0 0.0 0.0 0.0 0.0 0.0 0.0 0.0 0.0 0.0 0.0 0.0 0.0 0.0 0.0 0.0 0.0 0.0 0.0 0.0 0.0 0.0 0.0 0.0 0.0 0.0 0.0 0.0 0.0 0.0 0.0 0.0 0.0 0.0 0.0 0.0 0.0 0.0 0.0 0.0 0.0 0.0 0.0 0.001 0.001 0.001 0.001 0.001 0.001 0.001 0.001 0.002 0.002 0.002 0.002 0.002 0.002 0.002 0.002 0.003 0.003 0.004 0.005 0.005 0.006 0.007 0.008 0.008 0.009 0.01 0.011 0.011 0.012 0.013 0.014 0.016 0.017 0.018 0.019 0.02 0.021 0.023 0.024 0.025 0.026 0.027 0.028 0.028 0.028 0.03 0.032 0.034 0.036 0.038 0.04 0.042 0.043 0.045 0.047 0.049 0.051 0.053 0.055 0.056 0.057 0.058 0.06 0.071 0.088 0.105 0.121 0.138 0.155 0.172 0.188 0.205 0.222 0.239 0.255 0.272 0.289 0.306 0.33
0.0 0.0 0.0 0.0 0.0 0.0 0.0 0.0 0.0 0.0 0.0 0.0 0.0 0.0 0.0 0.0 0.0 0.0 0.0 0.0 0.0 0.0 0.0 0.0 0.0 0.0 0.0 0.0 0.0 0.0 0.0 0.0 0.0 0.0 0.0 0.0 0.0 0.0 0.0 0.0 0.0 0.0 0.0 0.0 0.0 0.0 0.0 0.0 0.0 0.0 0.0 0.0 0.0 0.0 0.0 0.0 0.001 0.001 0.001 0.001 0.001 0.001 0.001 0.001 0.002 0.002 0.002 0.002 0.002 0.002 0.002 0.002 0.002 0.003 0.003 0.004 0.005 0.006 0.006 0.007 0.008 0.008 0.009 0.01 0.011 0.011 0.013 0.014 0.015 0.016 0.017 0.018 0.02 0.021 0.022 0.023 0.024 0.025 0.027 0.027 0.027 0.027 0.029 0.031 0.032 0.034 0.036 0.038 0.04 0.042 0.044 0.046 0.048 0.049 0.051 0.053 0.053 0.054 0.055 0.058 0.06 0.074 0.091 0.107 0.124 0.141 0.158 0.174 0.191 0.208 0.224 0.241 0.258 0.275 0.292 0.315
0.0 0.0 0.0 0.0 0.0 0.0 0.0 0.0 0.0 0.0 0.0 0.0 0.0 0.0 0.0 0.0 0.0 0.0 0.0 0.0 0.0 0.0 0.0 0.0 0.0 0.0 0.0 0.0 0.0 0.0 0.0 0.0 0.0 0.0 0.0 0.0 0.0 0.0 0.0 0.0 0.0 0.0 0.0 0.0 0.0 0.0 0.0 0.0 0.0 0.0 0.0 0.0 0.0 0.0 0.0 0.0 0.001 0.001 0.001 0.001 0.001 0.001 0.001 0.001 0.002 0.002 0.002 0.002 0.002 0.002 0.002 0.002 0.002 0.002 0.003 0.003 0.004 0.005 0.006 0.006 0.007 0.008 0.008 0.009 0.01 0.011 0.012 0.013 0.014 0.015 0.017 0.018 0.019 0.02 0.021 0.022 0.024 0.025 0.025 0.025 0.025 0.025 0.027 0.029 0.031 0.033 0.035 0.037 0.038 0.04 0.042 0.044 0.046 0.048 0.049 0.05 0.051 0.051 0.053 0.055 0.057 0.06 0.076 0.093 0.11 0.127 0.143 0.16 0.177 0.194 0.21 0.227 0.244 0.261 0.278 0.301
0.0 0.0 0.0 0.0 0.0 0.0 0.0 0.0 0.0 0.0 0.0 0.0 0.0 0.0 0.0 0.0 0.0 0.0 0.0 0.0 0.0 0.0 0.0 0.0 0.0 0.0 0.0 0.0 0.0 0.0 0.0 0.0 0.0 0.0 0.0 0.0 0.0 0.0 0.0 0.0 0.0 0.0 0.0 0.0 0.0 0.0 0.0 0.0 0.0 0.0 0.0 0.0 0.0 0.0 0.0 0.0 0.001 0.001 0.001 0.001 0.001 0.001 0.001 0.001 0.001 0.001 0.001 0.001 0.001 0.001 0.001 0.001 0.001 0.001 0.002 0.003 0.003 0.004 0.005 0.006 0.006 0.007 0.008 0.008 0.009 0.01 0.011 0.012 0.014 0.015 0.016 0.017 0.018 0.019 0.021 0.022 0.023 0.023 0.023 0.023 0.024 0.024 0.026 0.027 0.029 0.031 0.033 0.035 0.037 0.039 0.041 0.043 0.044 0.046 0.047 0.047 0.048 0.048 0.05 0.052 0.055 0.057 0.062 0.079 0.096 0.112 0.129 0.146 0.163 0.179 0.196 0.213 0.23 0.246 0.264 0.287
0.0 0.0 0.0 0.0 0.0 0.0 0.0 0.0 0.0 0.0 0.0 0.0 0.0 0.0 0.0 0.0 0.0 0.0 0.0 0.0 0.0 0.0 0.0 0.0 0.0 0.0 0.0 0.0 0.0 0.0 0.0 0.0 0.0 0.0 0.0 0.0 0.0 0.0 0.0 0.0 0.0 0.0 0.0 0.0 0.0 0.0 0.0 0.0 0.0 0.0 0.0 0.0 0.0 0.0 0.0 0.0 0.001 0.001 0.001 0.001 0.001 0.001 0.001 0.001 0.001 0.001 0.001 0.001 0.001 0.001 0.001 0.001 0.001 0.001 0.001 0.002 0.003 0.004 0.004 0.005 0.006 0.006 0.007 0.008 0.009 0.009 0.011 0.012 0.013 0.014 0.015 0.016 0.018 0.019 0.02 0.021 0.022 0.022 0.022 0.022 0.022 0.022 0.024 0.026 0.028 0.03 0.032 0.033 0.035 0.037 0.039 0.041 0.043 0.044 0.044 0.045 0.045 0.046 0.047 0.05 0.052 0.054 0.057 0.065 0.082 0.098 0.115 0.132 0.149 0.165 0.182 0.199 0.216 0.232 0.25 0.273
0.0 0.0 0.0 0.0 0.0 0.0 0.0 0.0 0.0 0.0 0.0 0.0 0.0 0.0 0.0 0.0 0.0 0.0 0.0 0.0 0.0 0.0 0.0 0.0 0.0 0.0 0.0 0.0 0.0 0.0 0.0 0.0 0.0 0.0 0.0 0.0 0.0 0.0 0.0 0.0 0.0 0.0 0.0 0.0 0.0 0.0 0.0 0.0 0.0 0.0 0.0 0.0 0.0 0.0 0.0 0.0 0.001 0.001 0.001 0.001 0.001 0.001 0.001 0.001 0.001 0.001 0.001 0.001 0.001 0.001 0.001 0.001 0.001 0.001 0.001 0.001 0.002 0.003 0.004 0.004 0.005 0.006 0.006 0.007 0.008 0.009 0.01 0.011 0.012 0.013 0.015 0.016 0.017 0.018 0.019 0.02 0.02 0.02 0.02 0.02 0.02 0.021 0.022 0.024 0.026 0.028 0.03 0.032 0.034 0.036 0.038 0.039 0.04 0.041 0.041 0.042 0.042 0.043 0.045 0.047 0.049 0.052 0.054 0.056 0.067 0.084 0.101 0.118 0.134 0.151 0.168 0.185 0.201 0.218 0.236 0.259
0.0 0.0 0.0 0.0 0.0 0.0 0.0 0.0 0.0 0.0 0.0 0.0 0.0 0.0 0.0 0.0 0.0 0.0 0.0 0.0 0.0 0.0 0.0 0.0 0.0 0.0 0.0 0.0 0.0 0.0 0.0 0.0 0.0 0.0 0.0 0.0 0.0 0.0 0.0 0.0 0.0 0.0 0.0 0.0 0.0 0.0 0.0 0.0 0.0 0.0 0.0 0.0 0.0 0.0 0.0 0.0 0.001 0.001 0.001 0.001 0.001 0.001 0.001 0.001 0.001 0.001 0.001 0.001 0.001 0.001 0.001 0.001 0.001 0.001 0.001 0.001 0.001 0.002 0.003 0.004 0.004 0.005 0.006 0.006 0.007 0.008 0.009 0.01 0.012 0.013 0.014 0.015 0.016 0.017 0.018 0.018 0.018 0.019 0.019 0.019 0.019 0.019 0.021 0.023 0.025 0.027 0.028 0.03 0.032 0.034 0.036 0.037 0.038 0.038 0.039 0.039 0.04 0.04 0.042 0.044 0.047 0.049 0.051 0.054 0.056 0.07 0.087 0.103 0.12 0.137 0.154 0.17 0.187 0.204 0.222 0.245
0.0 0.0 0.0 0.0 0.0 0.0 0.0 0.0 0.0 0.0 0.0 0.0 0.0 0.0 0.0 0.0 0.0 0.0 0.0 0.0 0.0 0.0 0.0 0.0 0.0 0.0 0.0 0.0 0.0 0.0 0.0 0.0 0.0 0.0 0.0 0.0 0.0 0.0 0.0 0.0 0.0 0.0 0.0 0.0 0.0 0.0 0.0 0.0 0.0 0.0 0.0 0.0 0.0 0.0 0.0 0.0 0.001 0.001 0.001 0.001 0.001 0.001 0.001 0.001 0.001 0.001 0.001 0.001 0.001 0.001 0.001 0.001 0.001 0.001 0.001 0.001 0.001 0.001 0.002 0.003 0.004 0.004 0.005 0.006 0.007 0.007 0.009 0.01 0.011 0.012 0.013 0.014 0.016 0.017 0.017 0.017 0.017 0.017 0.017 0.017 0.017 0.017 0.019 0.021 0.023 0.025 0.027 0.029 0.031 0.033 0.034 0.034 0.035 0.035 0.036 0.036 0.037 0.038 0.039 0.042 0.044 0.046 0.049 0.051 0.053 0.056 0.073 0.089 0.106 0.123 0.14 0.156 0.173 0.19 0.208 0.231
0.0 0.0 0.0 0.0 0.0 0.0 0.0 0.0 0.0 0.0 0.0 0.0 0.0 0.0 0.0 0.0 0.0 0.0 0.0 0.0 0.0 0.0 0.0 0.0 0.0 0.0 0.0 0.0 0.0 0.0 0.0 0.0 0.0 0.0 0.0 0.0 0.0 0.0 0.0 0.0 0.0 0.0 0.0 0.0 0.0 0.0 0.0 0.0 0.0 0.0 0.0 0.0 0.0 0.0 0.0 0.0 0.001 0.001 0.001 0.001 0.001 0.001 0.001 0.001 0.001 0.001 0.001 0.001 0.001 0.001 0.001 0.001 0.001 0.001 0.001 0.001 0.001 0.001 0.002 0.002 0.003 0.004 0.004 0.005 0.006 0.007 0.008 0.009 0.01 0.011 0.013 0.014 0.015 0.015 0.015 0.015 0.015 0.015 0.015 0.016 0.016 0.016 0.018 0.02 0.022 0.023 0.025 0.027 0.029 0.031 0.031 0.032 0.032 0.033 0.033 0.034 0.034 0.035 0.037 0.039 0.041 0.044 0.046 0.048 0.051 0.053 0.058 0.075 0.092 0.109 0.125 0.142 0.159 0.176 0.194 0.217
0.0 0.0 0.0 0.0 0.0 0.0 0.0 0.0 0.0 0.0 0.0 0.0 0.0 0.0 0.0 0.0 0.0 0.0 0.0 0.0 0.0 0.0 0.0 0.0 0.0 0.0 0.0 0.0 0.0 0.0 0.0 0.0 0.0 0.0 0.0 0.0 0.0 0.0 0.0 0.0 0.0 0.0 0.0 0.0 0.0 0.0 0.0 0.0 0.0 0.0 0.0 0.0 0.0 0.0 0.0 0.0 0.001 0.001 0.001 0.001 0.001 0.001 0.001 0.001 0.001 0.001 0.001 0.001 0.001 0.001 0.001 0.001 0.001 0.001 0.001 0.001 0.001 0.001 0.001 0.002 0.002 0.003 0.004 0.004 0.005 0.006 0.007 0.008 0.01 0.011 0.012 0.013 0.013 0.013 0.014 0.014 0.014 0.014 0.014 0.014 0.014 0.014 0.016 0.018 0.02 0.022 0.024 0.026 0.027 0.028 0.028 0.029 0.029 0.03 0.03 0.031 0.032 0.032 0.034 0.036 0.039 0.041 0.043 0.046 0.048 0.05 0.053 0.061 0.078 0.095 0.111 0.128 0.145 0.161 0.18 0.203
0.0 0.0 0.0 0.0 0.0 0.0 0.0 0.0 0.0 0.0 0.0 0.0 0.0 0.0 0.0 0.0 0.0 0.0 0.0 0.0 0.0 0.0 0.0 0.0 0.0 0.0 0.0 0.0 0.0 0.0 0.0 0.0 0.0 0.0 0.0 0.0 0.0 0.0 0.0 0.0 0.0 0.0 0.0 0.0 0.0 0.0 0.0 0.0 0.0 0.0 0.0 0.0 0.0 0.0 0.0 0.0 0.001 0.001 0.001 0.001 0.001 0.001 0.001 0.001 0.001 0.001 0.001 0.001 0.001 0.001 0.001 0.001 0.001 0.001 0.001 0.001 0.001 0.001 0.001 0.001 0.002 0.002 0.003 0.004 0.004 0.005 0.007 0.008 0.009 0.01 0.011 0.012 0.012 0.012 0.012 0.012 0.012 0.012 0.012 0.012 0.012 0.013 0.015 0.017 0.018 0.02 0.022 0.024 0.025 0.025 0.026 0.026 0.027 0.027 0.028 0.028 0.029 0.029 0.031 0.034 0.036 0.038 0.041 0.043 0.045 0.048 0.05 0.052 0.064 0.08 0.097 0.114 0.131 0.147 0.166 0.189
0.0 0.0 0.0 0.0 0.0 0.0 0.0 0.0 0.0 0.0 0.0 0.0 0.0 0.0 0.0 0.0 0.0 0.0 0.0 0.0 0.0 0.0 0.0 0.0 0.0 0.0 0.0 0.0 0.0 0.0 0.0 0.0 0.0 0.0 0.0 0.0 0.0 0.0 0.0 0.0 0.0 0.0 0.0 0.0 0.0 0.0 0.0 0.0 0.0 0.0 0.0 0.0 0.0 0.0 0.0 0.0 0.001 0.001 0.001 0.001 0.001 0.001 0.001 0.001 0.001 0.001 0.001 0.001 0.001 0.001 0.001 0.001 0.001 0.001 0.001 0.001 0.001 0.001 0.001 0.001 0.001 0.002 0.002 0.003 0.004 0.005 0.006 0.007 0.008 0.009 0.01 0.01 0.01 0.01 0.01 0.01 0.01 0.011 0.011 0.011 0.011 0.011 0.013 0.015 0.017 0.019 0.021 0.021 0.022 0.022 0.023 0.023 0.024 0.025 0.025 0.026 0.026 0.027 0.028 0.031 0.033 0.035 0.038 0.04 0.042 0.045 0.047 0.049 0.052 0.066 0.083 0.1 0.116 0.133 0.152 0.175
0.0 0.0 0.0 0.0 0.0 0.0 0.0 0.0 0.0 0.0 0.0 0.0 0.0 0.0 0.0 0.0 0.0 0.0 0.0 0.0 0.0 0.0 0.0 0.0 0.0 0.0 0.0 0.0 0.0 0.0 0.0 0.0 0.0 0.0 0.0 0.0 0.0 0.0 0.0 0.0 0.0 0.0 0.0 0.0 0.0 0.0 0.0 0.0 0.0 0.0 0.0 0.0 0.0 0.0 0.0 0.0 0.0 0.0 0.0 0.0 0.0 0.0 0.0 0.0 0.0 0.0 0.0 0.0 0.0 0.0 0.0 0.0 0.0 0.0 0.0 0.0 0.0 0.0 0.001 0.001 0.001 0.001 0.002 0.002 0.003 0.004 0.005 0.006 0.008 0.008 0.008 0.008 0.009 0.009 0.009 0.009 0.009 0.009 0.009 0.009 0.009 0.01 0.011 0.013 0.015 0.017 0.018 0.019 0.019 0.02 0.02 0.021 0.021 0.022 0.022 0.023 0.023 0.024 0.026 0.028 0.03 0.033 0.035 0.037 0.04 0.042 0.044 0.047 0.049 0.052 0.069 0.086 0.102 0.119 0.138 0.161
0.0 0.0 0.0 0.0 0.0 0.0 0.0 0.0 0.0 0.0 0.0 0.0 0.0 0.0 0.0 0.0 0.0 0.0 0.0 0.0 0.0 0.0 0.0 0.0 0.0 0.0 0.0 0.0 0.0 0.0 0.0 0.0 0.0 0.0 0.0 0.0 0.0 0.0 0.0 0.0 0.0 0.0 0.0 0.0 0.0 0.0 0.0 0.0 0.0 0.0 0.0 0.0 0.0 0.0 0.0 0.0 0.0 0.0 0.0 0.0 0.0 0.0 0.0 0.0 0.0 0.0 0.0 0.0 0.0 0.0 0.0 0.0 0.0 0.0 0.0 0.0 0.0 0.0 0.0 0.0 0.0 0.0 0.001 0.002 0.002 0.003 0.005 0.006 0.007 0.007 0.007 0.007 0.007 0.007 0.007 0.007 0.007 0.007 0.007 0.008 0.008 0.008 0.01 0.012 0.014 0.015 0.015 0.016 0.016 0.017 0.017 0.018 0.019 0.019 0.02 0.02 0.021 0.021 0.023 0.025 0.028 0.03 0.032 0.035 0.037 0.039 0.042 0.044 0.046 0.049 0.055 0.071 0.088 0.105 0.124 0.147
0.0 0.0 0.0 0.0 0.0 0.0 0.0 0.0 0.0 0.0 0.0 0.0 0.0 0.0 0.0 0.0 0.0 0.0 0.0 0.0 0.0 0.0 0.0 0.0 0.0 0.0 0.0 0.0 0.0 0.0 0.0 0.0 0.0 0.0 0.0 0.0 0.0 0.0 0.0 0.0 0.0 0.0 0.0 0.0 0.0 0.0 0.0 0.0 0.0 0.0 0.0 0.0 0.0 0.0 0.0 0.0 0.0 0.0 0.0 0.0 0.0 0.0 0.0 0.0 0.0 0.0 0.0 0.0 0.0 0.0 0.0 0.0 0.0 0.0 0.0 0.0 0.0 0.0 0.0 0.0 0.0 0.0 0.0 0.001 0.002 0.003 0.004 0.005 0.005 0.005 0.005 0.005 0.005 0.005 0.006 0.006 0.006 0.006 0.006 0.006 0.006 0.006 0.008 0.01 0.012 0.012 0.013 0.013 0.014 0.014 0.015 0.015 0.016 0.016 0.017 0.017 0.018 0.019 0.02 0.023 0.025 0.027 0.03 0.032 0.034 0.037 0.039 0.041 0.044 0.046 0.048 0.057 0.074 0.091 0.11 0.133
0.0 0.0 0.0 0.0 0.0 0.0 0.0 0.0 0.0 0.0 0.0 0.0 0.0 0.0 0.0 0.0 0.0 0.0 0.0 0.0 0.0 0.0 0.0 0.0 0.0 0.0 0.0 0.0 0.0 0.0 0.0 0.0 0.0 0.0 0.0 0.0 0.0 0.0 0.0 0.0 0.0 0.0 0.0 0.0 0.0 0.0 0.0 0.0 0.0 0.0 0.0 0.0 0.0 0.0 0.0 0.0 0.0 0.0 0.0 0.0 0.0 0.0 0.0 0.0 0.0 0.0 0.0 0.0 0.0 0.0 0.0 0.0 0.0 0.0 0.0 0.0 0.0 0.0 0.0 0.0 0.0 0.0 0.0 0.0 0.001 0.002 0.003 0.003 0.003 0.004 0.004 0.004 0.004 0.004 0.004 0.004 0.004 0.004 0.004 0.004 0.004 0.005 0.007 0.008 0.009 0.009 0.01 0.01 0.011 0.012 0.012 0.013 0.013 0.014 0.014 0.015 0.015 0.016 0.018 0.02 0.022 0.025 0.027 0.029 0.032 0.034 0.036 0.039 0.041 0.043 0.046 0.048 0.06 0.077 0.096 0.119
0.0 0.0 0.0 0.0 0.0 0.0 0.0 0.0 0.0 0.0 0.0 0.0 0.0 0.0 0.0 0.0 0.0 0.0 0.0 0.0 0.0 0.0 0.0 0.0 0.0 0.0 0.0 0.0 0.0 0.0 0.0 0.0 0.0 0.0 0.0 0.0 0.0 0.0 0.0 0.0 0.0 0.0 0.0 0.0 0.0 0.0 0.0 0.0 0.0 0.0 0.0 0.0 0.0 0.0 0.0 0.0 0.0 0.0 0.0 0.0 0.0 0.0 0.0 0.0 0.0 0.0 0.0 0.0 0.0 0.0 0.0 0.0 0.0 0.0 0.0 0.0 0.0 0.0 0.0 0.0 0.0 0.0 0.0 0.0 0.0 0.001 0.002 0.002 0.002 0.002 0.002 0.002 0.002 0.002 0.002 0.002 0.003 0.003 0.003 0.003 0.003 0.003 0.005 0.006 0.006 0.007 0.007 0.008 0.008 0.009 0.009 0.01 0.01 0.011 0.011 0.012 0.013 0.013 0.015 0.017 0.02 0.022 0.024 0.027 0.029 0.031 0.034 0.036 0.038 0.041 0.043 0.045 0.048 0.062 0.082 0.105
0.0 0.0 0.0 0.0 0.0 0.0 0.0 0.0 0.0 0.0 0.0 0.0 0.0 0.0 0.0 0.0 0.0 0.0 0.0 0.0 0.0 0.0 0.0 0.0 0.0 0.0 0.0 0.0 0.0 0.0 0.0 0.0 0.0 0.0 0.0 0.0 0.0 0.0 0.0 0.0 0.0 0.0 0.0 0.0 0.0 0.0 0.0 0.0 0.0 0.0 0.0 0.0 0.0 0.0 0.0 0.0 0.0 0.0 0.0 0.0 0.0 0.0 0.0 0.0 0.0 0.0 0.0 0.0 0.0 0.0 0.0 0.0 0.0 0.0 0.0 0.0 0.0 0.0 0.0 0.0 0.0 0.0 0.0 0.0 0.0 0.0 0.0 0.0 0.0 0.0 0.0 0.001 0.001 0.001 0.001 0.001 0.001 0.001 0.001 0.001 0.001 0.002 0.002 0.003 0.003 0.004 0.004 0.005 0.006 0.006 0.007 0.007 0.008 0.008 0.009 0.009 0.01 0.01 0.012 0.015 0.017 0.019 0.022 0.024 0.026 0.029 0.031 0.033 0.036 0.038 0.04 0.043 0.045 0.048 0.067 0.091
0.0 0.0 0.0 0.0 0.0 0.0 0.0 0.0 0.0 0.0 0.0 0.0 0.0 0.0 0.0 0.0 0.0 0.0 0.0 0.0 0.0 0.0 0.0 0.0 0.0 0.0 0.0 0.0 0.0 0.0 0.0 0.0 0.0 0.0 0.0 0.0 0.0 0.0 0.0 0.0 0.0 0.0 0.0 0.0 0.0 0.0 0.0 0.0 0.0 0.0 0.0 0.0 0.0 0.0 0.0 0.0 0.0 0.0 0.0 0.0 0.0 0.0 0.0 0.0 0.0 0.0 0.0 0.0 0.0 0.0 0.0 0.0 0.0 0.0 0.0 0.0 0.0 0.0 0.0 0.0 0.0 0.0 0.0 0.0 0.0 0.0 0.0 0.0 0.0 0.0 0.0 0.0 0.0 0.0 0.001 0.001 0.001 0.001 0.001 0.001 0.001 0.001 0.002 0.002 0.003 0.003 0.004 0.004 0.005 0.005 0.006 0.006 0.007 0.007 0.008 0.008 0.009 0.01 0.013 0.015 0.017 0.019 0.021 0.024 0.026 0.028 0.03 0.033 0.035 0.037 0.039 0.041 0.044 0.046 0.057 0.08
0.0 0.0 0.0 0.0 0.0 0.0 0.0 0.0 0.0 0.0 0.0 0.0 0.0 0.0 0.0 0.0 0.0 0.0 0.0 0.0 0.0 0.0 0.0 0.0 0.0 0.0 0.0 0.0 0.0 0.0 0.0 0.0 0.0 0.0 0.0 0.0 0.0 0.0 0.0 0.0 0.0 0.0 0.0 0.0 0.0 0.0 0.0 0.0 0.0 0.0 0.0 0.0 0.0 0.0 0.0 0.0 0.0 0.0 0.0 0.0 0.0 0.0 0.0 0.0 0.0 0.0 0.0 0.0 0.0 0.0 0.0 0.0 0.0 0.0 0.0 0.0 0.0 0.0 0.0 0.0 0.0 0.0 0.0 0.0 0.0 0.0 0.0 0.0 0.0 0.0 0.0 0.0 0.0 0.0 0.001 0.001 0.001 0.001 0.001 0.001 0.001 0.002 0.002 0.003 0.003 0.004 0.004 0.005 0.005 0.006 0.006 0.007 0.007 0.008 0.008 0.009 0.009 0.014 0.016 0.019 0.021 0.023 0.025 0.028 0.03 0.032 0.034 0.036 0.039 0.041 0.043 0.045 0.048 0.052 0.066 0.089
0.0 0.0 0.0 0.0 0.0 0.0 0.0 0.0 0.0 0.0 0.0 0.0 0.0 0.0 0.0 0.0 0.0 0.0 0.0 0.0 0.0 0.0 0.0 0.0 0.0 0.0 0.0 0.0 0.0 0.0 0.0 0.0 0.0 0.0 0.0 0.0 0.0 0.0 0.0 0.0 0.0 0.0 0.0 0.0 0.0 0.0 0.0 0.0 0.0 0.0 0.0 0.0 0.0 0.0 0.0 0.0 0.0 0.0 0.0 0.0 0.0 0.0 0.0 0.0 0.0 0.0 0.0 0.0 0.0 0.0 0.0 0.0 0.0 0.0 0.0 0.0 0.0 0.0 0.0 0.0 0.0 0.0 0.0 0.0 0.0 0.0 0.0 0.0 0.0 0.0 0.0 0.0 0.0 0.0 0.001 0.001 0.001 0.001 0.001 0.001 0.002 0.002 0.003 0.003 0.004 0.004 0.005 0.005 0.006 0.006 0.007 0.007 0.008 0.008 0.009 0.009 0.013 0.018 0.02 0.023 0.025 0.027 0.029 0.032 0.034 0.036 0.038 0.04 0.043 0.045 0.047 0.049 0.053 0.06 0.074 0.097
0.0 0.0 0.0 0.0 0.0 0.0 0.0 0.0 0.0 0.0 0.0 0.0 0.0 0.0 0.0 0.0 0.0 0.0 0.0 0.0 0.0 0.0 0.0 0.0 0.0 0.0 0.0 0.0 0.0 0.0 0.0 0.0 0.0 0.0 0.0 0.0 0.0 0.0 0.0 0.0 0.0 0.0 0.0 0.0 0.0 0.0 0.0 0.0 0.0 0.0 0.0 0.0 0.0 0.0 0.0 0.0 0.0 0.0 0.0 0.0 0.0 0.0 0.0 0.0 0.0 0.0 0.0 0.0 0.0 0.0 0.0 0.0 0.0 0.0 0.0 0.0 0.0 0.0 0.0 0.0 0.0 0.0 0.0 0.0 0.0 0.0 0.0 0.0 0.0 0.0 0.0 0.0 0.0 0.0 0.001 0.001 0.001 0.001 0.001 0.002 0.002 0.003 0.004 0.004 0.004 0.005 0.005 0.006 0.006 0.007 0.007 0.008 0.008 0.009 0.009 0.013 0.017 0.022 0.024 0.027 0.029 0.031 0.033 0.035 0.038 0.04 0.042 0.044 0.047 0.049 0.051 0.054 0.061 0.068 0.083 0.106
0.0 0.0 0.0 0.0 0.0 0.0 0.0 0.0 0.0 0.0 0.0 0.0 0.0 0.0 0.0 0.0 0.0 0.0 0.0 0.0 0.0 0.0 0.0 0.0 0.0 0.0 0.0 0.0 0.0 0.0 0.0 0.0 0.0 0.0 0.0 0.0 0.0 0.0 0.0 0.0 0.0 0.0 0.0 0.0 0.0 0.0 0.0 0.0 0.0 0.0 0.0 0.0 0.0 0.0 0.0 0.0 0.0 0.0 0.0 0.0 0.0 0.0 0.0 0.0 0.0 0.0 0.0 0.0 0.0 0.0 0.0 0.0 0.0 0.0 0.0 0.0 0.0 0.0 0.0 0.0 0.0 0.0 0.0 0.0 0.0 0.0 0.0 0.0 0.0 0.0 0.0 0.0 0.0 0.0 0.001 0.001 0.001 0.001 0.002 0.002 0.003 0.004 0.004 0.005 0.005 0.006 0.006 0.006 0.007 0.007 0.008 0.008 0.009 0.009 0.012 0.017 0.021 0.026 0.028 0.03 0.033 0.035 0.037 0.039 0.042 0.044 0.046 0.048 0.05 0.053 0.055 0.062 0.069 0.077 0.091 0.114
0.0 0.0 0.0 0.0 0.0 0.0 0.0 0.0 0.0 0.0 0.0 0.0 0.0 0.0 0.0 0.0 0.0 0.0 0.0 0.0 0.0 0.0 0.0 0.0 0.0 0.0 0.0 0.0 0.0 0.0 0.0 0.0 0.0 0.0 0.0 0.0 0.0 0.0 0.0 0.0 0.0 0.0 0.0 0.0 0.0 0.0 0.0 0.0 0.0 0.0 0.0 0.0 0.0 0.0 0.0 0.0 0.0 0.0 0.0 0.0 0.0 0.0 0.0 0.0 0.0 0.0 0.0 0.0 0.0 0.0 0.0 0.0 0.0 0.0 0.0 0.0 0.0 0.0 0.0 0.0 0.0 0.0 0.0 0.0 0.0 0.0 0.0 0.0 0.0 0.0 0.0 0.0 0.0 0.0 0.001 0.001 0.001 0.001 0.002 0.003 0.004 0.004 0.005 0.005 0.006 0.006 0.007 0.007 0.008 0.008 0.008 0.009 0.009 0.012 0.016 0.021 0.025 0.03 0.032 0.034 0.037 0.039 0.041 0.043 0.046 0.048 0.05 0.052 0.054 0.057 0.063 0.07 0.078 0.085 0.1 0.123
0.0 0.0 0.0 0.0 0.0 0.0 0.0 0.0 0.0 0.0 0.0 0.0 0.0 0.0 0.0 0.0 0.0 0.0 0.0 0.0 0.0 0.0 0.0 0.0 0.0 0.0 0.0 0.0 0.0 0.0 0.0 0.0 0.0 0.0 0.0 0.0 0.0 0.0 0.0 0.0 0.0 0.0 0.0 0.0 0.0 0.0 0.0 0.0 0.0 0.0 0.0 0.0 0.0 0.0 0.0 0.0 0.0 0.0 0.0 0.0 0.0 0.0 0.0 0.0 0.0 0.0 0.0 0.0 0.0 0.0 0.0 0.0 0.0 0.0 0.0 0.0 0.0 0.0 0.0 0.0 0.0 0.0 0.0 0.0 0.0 0.0 0.0 0.0 0.0 0.0 0.0 0.0 0.0 0.0 0.001 0.001 0.001 0.002 0.003 0.003 0.004 0.005 0.005 0.006 0.006 0.007 0.007 0.008 0.008 0.009 0.009 0.01 0.011 0.016 0.02 0.025 0.029 0.034 0.036 0.038 0.041 0.043 0.045 0.047 0.049 0.052 0.054 0.056 0.058 0.064 0.071 0.079 0.086 0.093 0.108 0.131
0.0 0.0 0.0 0.0 0.0 0.0 0.0 0.0 0.0 0.0 0.0 0.0 0.0 0.0 0.0 0.0 0.0 0.0 0.0 0.0 0.0 0.0 0.0 0.0 0.0 0.0 0.0 0.0 0.0 0.0 0.0 0.0 0.0 0.0 0.0 0.0 0.0 0.0 0.0 0.0 0.0 0.0 0.0 0.0 0.0 0.0 0.0 0.0 0.0 0.0 0.0 0.0 0.0 0.0 0.0 0.0 0.0 0.0 0.0 0.0 0.0 0.0 0.0 0.0 0.0 0.0 0.0 0.0 0.0 0.0 0.0 0.0 0.0 0.0 0.0 0.0 0.0 0.0 0.0 0.0 0.0 0.0 0.0 0.0 0.0 0.0 0.0 0.0 0.0 0.0 0.0 0.0 0.0 0.0 0.001 0.001 0.002 0.003 0.003 0.004 0.005 0.005 0.006 0.006 0.007 0.007 0.008 0.008 0.009 0.009 0.01 0.011 0.015 0.02 0.024 0.029 0.033 0.038 0.04 0.042 0.044 0.047 0.049 0.051 0.053 0.056 0.058 0.06 0.065 0.072 0.08 0.087 0.094 0.102 0.117 0.14
0.0 0.0 0.0 0.0 0.0 0.0 0.0 0.0 0.0 0.0 0.0 0.0 0.0 0.0 0.0 0.0 0.0 0.0 0.0 0.0 0.0 0.0 0.0 0.0 0.0 0.0 0.0 0.0 0.0 0.0 0.0 0.0 0.0 0.0 0.0 0.0 0.0 0.0 0.0 0.0 0.0 0.0 0.0 0.0 0.0 0.0 0.0 0.0 0.0 0.0 0.0 0.0 0.0 0.0 0.0 0.0 0.0 0.0 0.0 0.0 0.0 0.0 0.0 0.0 0.0 0.0 0.0 0.0 0.0 0.0 0.0 0.0 0.0 0.0 0.0 0.0 0.0 0.0 0.0 0.0 0.0 0.0 0.0 0.0 0.0 0.0 0.0 0.0 0.0 0.0 0.0 0.0 0.0 0.0 0.001 0.002 0.002 0.003 0.004 0.004 0.005 0.006 0.006 0.007 0.007 0.008 0.008 0.009 0.009 0.01 0.01 0.015 0.019 0.024 0.028 0.033 0.037 0.042 0.044 0.046 0.048 0.051 0.053 0.055 0.057 0.06 0.062 0.066 0.073 0.08 0.088 0.095 0.103 0.11 0.126 0.149
0.0 0.0 0.0 0.0 0.0 0.0 0.0 0.0 0.0 0.0 0.0 0.0 0.0 0.0 0.0 0.0 0.0 0.0 0.0 0.0 0.0 0.0 0.0 0.0 0.0 0.0 0.0 0.0 0.0 0.0 0.0 0.0 0.0 0.0 0.0 0.0 0.0 0.0 0.0 0.0 0.0 0.0 0.0 0.0 0.0 0.0 0.0 0.0 0.0 0.0 0.0 0.0 0.0 0.0 0.0 0.0 0.0 0.0 0.0 0.0 0.0 0.0 0.0 0.0 0.0 0.0 0.0 0.0 0.0 0.0 0.0 0.0 0.0 0.0 0.0 0.0 0.0 0.0 0.0 0.0 0.0 0.0 0.0 0.0 0.0 0.0 0.0 0.0 0.0 0.0 0.0 0.0 0.0 0.001 0.002 0.002 0.003 0.004 0.004 0.005 0.006 0.006 0.007 0.007 0.008 0.008 0.009 0.009 0.01 0.01 0.014 0.019 0.023 0.028 0.032 0.037 0.041 0.046 0.048 0.05 0.052 0.055 0.057 0.059 0.061 0.063 0.067 0.074 0.081 0.089 0.096 0.103 0.111 0.118 0.134 0.157
0.0 0.0 0.0 0.0 0.0 0.0 0.0 0.0 0.0 0.0 0.0 0.0 0.0 0.0 0.0 0.0 0.0 0.0 0.0 0.0 0.0 0.0 0.0 0.0 0.0 0.0 0.0 0.0 0.0 0.0 0.0 0.0 0.0 0.0 0.0 0.0 0.0 0.0 0.0 0.0 0.0 0.0 0.0 0.0 0.0 0.0 0.0 0.0 0.0 0.0 0.0 0.0 0.0 0.0 0.0 0.0 0.0 0.0 0.0 0.0 0.0 0.0 0.0 0.0 0.0 0.0 0.0 0.0 0.0 0.0 0.0 0.0 0.0 0.0 0.0 0.0 0.0 0.0 0.0 0.0 0.0 0.0 0.0 0.0 0.0 0.0 0.0 0.0 0.0 0.0 0.0 0.0 0.001 0.001 0.002 0.003 0.003 0.004 0.005 0.006 0.006 0.007 0.007 0.008 0.008 0.009 0.009 0.01 0.01 0.014 0.018 0.023 0.027 0.032 0.036 0.041 0.045 0.05 0.052 0.054 0.056 0.058 0.061 0.063 0.065 0.068 0.075 0.082 0.09 0.097 0.104 0.112 0.119 0.126 0.143 0.166
0.0 0.0 0.0 0.0 0.0 0.0 0.0 0.0 0.0 0.0 0.0 0.0 0.0 0.0 0.0 0.0 0.0 0.0 0.0 0.0 0.0 0.0 0.0 0.0 0.0 0.0 0.0 0.0 0.0 0.0 0.0 0.0 0.0 0.0 0.0 0.0 0.0 0.0 0.0 0.0 0.0 0.0 0.0 0.0 0.0 0.0 0.0 0.0 0.0 0.0 0.0 0.0 0.0 0.0 0.0 0.0 0.0 0.0 0.0 0.0 0.0 0.0 0.0 0.0 0.0 0.0 0.0 0.0 0.0 0.0 0.0 0.0 0.0 0.0 0.0 0.0 0.0 0.0 0.0 0.0 0.0 0.0 0.0 0.0 0.0 0.0 0.0 0.0 0.0 0.0 0.0 0.001 0.001 0.002 0.003 0.003 0.004 0.005 0.005 0.006 0.007 0.007 0.008 0.008 0.009 0.009 0.01 0.01 0.013 0.018 0.022 0.027 0.031 0.036 0.04 0.045 0.049 0.054 0.056 0.058 0.06 0.062 0.065 0.067 0.069 0.076 0.083 0.091 0.098 0.105 0.113 0.12 0.127 0.135 0.151 0.174
0.0 0.0 0.0 0.0 0.0 0.0 0.0 0.0 0.0 0.0 0.0 0.0 0.0 0.0 0.0 0.0 0.0 0.0 0.0 0.0 0.0 0.0 0.0 0.0 0.0 0.0 0.0 0.0 0.0 0.0 0.0 0.0 0.0 0.0 0.0 0.0 0.0 0.0 0.0 0.0 0.0 0.0 0.0 0.0 0.0 0.0 0.0 0.0 0.0 0.0 0.0 0.0 0.0 0.0 0.0 0.0 0.0 0.0 0.0 0.0 0.0 0.0 0.0 0.0 0.0 0.0 0.0 0.0 0.0 0.0 0.0 0.0 0.0 0.0 0.0 0.0 0.0 0.0 0.0 0.0 0.0 0.0 0.0 0.0 0.0 0.0 0.0 0.0 0.0 0.0 0.0 0.001 0.002 0.002 0.003 0.004 0.005 0.005 0.006 0.007 0.007 0.008 0.008 0.009 0.009 0.01 0.01 0.013 0.017 0.022 0.026 0.031 0.035 0.04 0.044 0.049 0.053 0.057 0.06 0.062 0.064 0.066 0.069 0.071 0.077 0.084 0.092 0.099 0.106 0.114 0.121 0.128 0.136 0.143 0.16 0.183
0.0 0.0 0.0 0.0 0.0 0.0 0.0 0.0 0.0 0.0 0.0 0.0 0.0 0.0 0.0 0.0 0.0 0.0 0.0 0.0 0.0 0.0 0.0 0.0 0.0 0.0 0.0 0.0 0.0 0.0 0.0 0.0 0.0 0.0 0.0 0.0 0.0 0.0 0.0 0.0 0.0 0.0 0.0 0.0 0.0 0.0 0.0 0.0 0.0 0.0 0.0 0.0 0.0 0.0 0.0 0.0 0.0 0.0 0.0 0.0 0.0 0.0 0.0 0.0 0.0 0.0 0.0 0.0 0.0 0.0 0.0 0.0 0.0 0.0 0.0 0.0 0.0 0.0 0.0 0.0 0.0 0.0 0.0 0.0 0.0 0.0 0.0 0.0 0.0 0.0 0.001 0.002 0.002 0.003 0.004 0.004 0.005 0.006 0.007 0.007 0.008 0.008 0.009 0.009 0.01 0.01 0.012 0.017 0.021 0.026 0.03 0.035 0.039 0.044 0.048 0.053 0.057 0.061 0.064 0.066 0.068 0.07 0.072 0.078 0.085 0.093 0.1 0.107 0.115 0.122 0.129 0.137 0.144 0.151 0.168 0.191
0.0 0.0 0.0 0.0 0.0 0.0 0.0 0.0 0.0 0.0 0.0 0.0 0.0 0.0 0.0 0.0 0.0 0.0 0.0 0.0 0.0 0.0 0.0 0.0 0.0 0.0 0.0 0.0 0.0 0.0 0.0 0.0 0.0 0.0 0.0 0.0 0.0 0.0 0.0 0.0 0.0 0.0 0.0 0.0 0.0 0.0 0.0 0.0 0.0 0.0 0.0 0.0 0.0 0.0 0.0 0.0 0.0 0.0 0.0 0.0 0.0 0.0 0.0 0.0 0.0 0.0 0.0 0.0 0.0 0.0 0.0 0.0 0.0 0.0 0.0 0.0 0.0 0.0 0.0 0.0 0.0 0.0 0.0 0.0 0.0 0.0 0.0 0.0 0.0 0.001 0.001 0.002 0.003 0.004 0.004 0.005 0.006 0.006 0.007 0.008 0.008 0.009 0.01 0.01 0.01 0.012 0.016 0.021 0.025 0.03 0.034 0.039 0.043 0.048 0.052 0.057 0.061 0.065 0.068 0.07 0.072 0.074 0.079 0.086 0.094 0.101 0.108 0.116 0.123 0.13 0.138 0.145 0.152 0.16 0.177 0.2
0.0 0.0 0.0 0.0 0.0 0.0 0.0 0.0 0.0 0.0 0.0 0.0 0.0 0.0 0.0 0.0 0.0 0.0 0.0 0.0 0.0 0.0 0.0 0.0 0.0 0.0 0.0 0.0 0.0 0.0 0.0 0.0 0.0 0.0 0.0 0.0 0.0 0.0 0.0 0.0 0.0 0.0 0.0 0.0 0.0 0.0 0.0 0.0 0.0 0.0 0.0 0.0 0.0 0.0 0.0 0.0 0.0 0.0 0.0 0.0 0.0 0.0 0.0 0.0 0.0 0.0 0.0 0.0 0.0 0.0 0.0 0.0 0.0 0.0 0.0 0.0 0.0 0.0 0.0 0.0 0.0 0.0 0.0 0.0 0.0 0.0 0.0 0.0 0.001 0.001 0.002 0.003 0.003 0.004 0.005 0.006 0.006 0.007 0.008 0.008 0.009 0.01 0.01 0.011 0.011 0.016 0.02 0.025 0.029 0.034 0.038 0.043 0.047 0.051 0.056 0.06 0.065 0.069 0.071 0.074 0.076 0.08 0.087 0.095 0.102 0.109 0.117 0.124 0.131 0.139 0.146 0.153 0.161 0.168 0.186 0.209
0.0 0.0 0.0 0.0 0.0 0.0 0.0 0.0 0.0 0.0 0.0 0.0 0.0 0.0 0.0 0.0 0.0 0.0 0.0 0.0 0.0 0.0 0.0 0.0 0.0 0.0 0.0 0.0 0.0 0.0 0.0 0.0 0.0 0.0 0.0 0.0 0.0 0.0 0.0 0.0 0.0 0.0 0.0 0.0 0.0 0.0 0.0 0.0 0.0 0.0 0.0 0.0 0.0 0.0 0.0 0.0 0.0 0.0 0.0 0.0 0.0 0.0 0.0 0.0 0.0 0.0 0.0 0.0 0.0 0.0 0.0 0.0 0.0 0.0 0.0 0.0 0.0 0.0 0.0 0.0 0.0 0.0 0.0 0.0 0.0 0.0 0.0 0.0 0.001 0.002 0.003 0.003 0.004 0.005 0.005 0.006 0.007 0.007 0.008 0.009 0.01 0.01 0.011 0.011 0.015 0.02 0.024 0.028 0.033 0.037 0.042 0.046 0.051 0.055 0.06 0.064 0.069 0.073 0.075 0.078 0.081 0.088 0.096 0.103 0.11 0.118 0.125 0.132 0.14 0.147 0.154 0.162 0.169 0.176 0.194 0.217
0.0 0.0 0.0 0.0 0.0 0.0 0.0 0.0 0.0 0.0 0.0 0.0 0.0 0.0 0.0 0.0 0.0 0.0 0.0 0.0 0.0 0.0 0.0 0.0 0.0 0.0 0.0 0.0 0.0 0.0 0.0 0.0 0.0 0.0 0.0 0.0 0.0 0.0 0.0 0.0 0.0 0.0 0.0 0.0 0.0 0.0 0.0 0.0 0.0 0.0 0.0 0.0 0.0 0.0 0.0 0.0 0.0 0.0 0.0 0.0 0.0 0.0 0.0 0.0 0.0 0.0 0.0 0.0 0.0 0.0 0.0 0.0 0.0 0.0 0.0 0.0 0.0 0.0 0.0 0.0 0.0 0.0 0.0 0.0 0.0 0.0 0.0 0.001 0.002 0.002 0.003 0.004 0.005 0.005 0.006 0.007 0.007 0.008 0.009 0.009 0.01 0.011 0.011 0.014 0.019 0.023 0.028 0.032 0.037 0.041 0.046 0.05 0.055 0.059 0.064 0.068 0.073 0.077 0.079 0.082 0.089 0.096 0.104 0.111 0.118 0.126 0.133 0.141 0.148 0.155 0.163 0.17 0.177 0.185 0.203 0.226
0.0 0.0 0.0 0.0 0.0 0.0 0.0 0.0 0.0 0.0 0.0 0.0 0.0 0.0 0.0 0.0 0.0 0.0 0.0 0.0 0.0 0.0 0.0 0.0 0.0 0.0 0.0 0.0 0.0 0.0 0.0 0.0 0.0 0.0 0.0 0.0 0.0 0.0 0.0 0.0 0.0 0.0 0.0 0.0 0.0 0.0 0.0 0.0 0.0 0.0 0.0 0.0 0.0 0.0 0.0 0.0 0.0 0.0 0.0 0.0 0.0 0.0 0.0 0.0 0.0 0.0 0.0 0.0 0.0 0.0 0.0 0.0 0.0 0.0 0.0 0.0 0.0 0.0 0.0 0.0 0.0 0.0 0.0 0.0 0.0 0.0 0.001 0.002 0.002 0.003 0.004 0.004 0.005 0.006 0.006 0.007 0.008 0.009 0.009 0.01 0.011 0.011 0.014 0.018 0.023 0.027 0.032 0.036 0.041 0.045 0.05 0.054 0.059 0.063 0.068 0.072 0.077 0.081 0.083 0.09 0.097 0.105 0.112 0.119 0.127 0.134 0.141 0.149 0.156 0.163 0.171 0.178 0.186 0.193 0.211 0.231
0.0 0.0 0.0 0.0 0.0 0.0 0.0 0.0 0.0 0.0 0.0 0.0 0.0 0.0 0.0 0.0 0.0 0.0 0.0 0.0 0.0 0.0 0.0 0.0 0.0 0.0 0.0 0.0 0.0 0.0 0.0 0.0 0.0 0.0 0.0 0.0 0.0 0.0 0.0 0.0 0.0 0.0 0.0 0.0 0.0 0.0 0.0 0.0 0.0 0.0 0.0 0.0 0.0 0.0 0.0 0.0 0.0 0.0 0.0 0.0 0.0 0.0 0.0 0.0 0.0 0.0 0.0 0.0 0.0 0.0 0.0 0.0 0.0 0.0 0.0 0.0 0.0 0.0 0.0 0.0 0.0 0.0 0.0 0.0 0.0 0.001 0.001 0.002 0.003 0.004 0.004 0.005 0.006 0.006 0.007 0.008 0.008 0.009 0.01 0.01 0.011 0.013 0.018 0.022 0.027 0.031 0.036 0.04 0.045 0.049 0.054 0.058 0.063 0.067 0.072 0.076 0.081 0.085 0.091 0.098 0.106 0.113 0.12 0.128 0.135 0.142 0.15 0.157 0.164 0.172 0.179 0.186 0.194 0.201 0.219 0.229
0.0 0.0 0.0 0.0 0.0 0.0 0.0 0.0 0.0 0.0 0.0 0.0 0.0 0.0 0.0 0.0 0.0 0.0 0.0 0.0 0.0 0.0 0.0 0.0 0.0 0.0 0.0 0.0 0.0 0.0 0.0 0.0 0.0 0.0 0.0 0.0 0.0 0.0 0.0 0.0 0.0 0.0 0.0 0.0 0.0 0.0 0.0 0.0 0.0 0.0 0.0 0.0 0.0 0.0 0.0 0.0 0.0 0.0 0.0 0.0 0.0 0.0 0.0 0.0 0.0 0.0 0.0 0.0 0.0 0.0 0.0 0.0 0.0 0.0 0.0 0.0 0.0 0.0 0.0 0.0 0.0 0.0 0.0 0.0 0.0 0.0 0.001 0.002 0.002 0.003 0.004 0.005 0.005 0.006 0.007 0.007 0.008 0.009 0.01 0.01 0.011 0.012 0.017 0.021 0.026 0.03 0.035 0.04 0.044 0.049 0.054 0.058 0.063 0.067 0.072 0.077 0.081 0.086 0.094 0.101 0.109 0.116 0.124 0.132 0.139 0.147 0.154 0.162 0.169 0.177 0.184 0.192 0.199 0.207 0.213 0.223
0.0 0.0 0.0 0.0 0.0 0.0 0.0 0.0 0.0 0.0 0.0 0.0 0.0 0.0 0.0 0.0 0.0 0.0 0.0 0.0 0.0 0.0 0.0 0.0 0.0 0.0 0.0 0.0 0.0 0.0 0.0 0.0 0.0 0.0 0.0 0.0 0.0 0.0 0.0 0.0 0.0 0.0 0.0 0.0 0.0 0.0 0.0 0.0 0.0 0.0 0.0 0.0 0.0 0.0 0.0 0.0 0.0 0.0 0.0 0.0 0.0 0.0 0.0 0.0 0.0 0.0 0.0 0.0 0.0 0.0 0.0 0.0 0.0 0.0 0.0 0.0 0.0 0.0 0.0 0.0 0.0 0.0 0.0 0.0 0.0 0.0 0.001 0.001 0.002 0.003 0.004 0.004 0.005 0.006 0.006 0.007 0.008 0.009 0.009 0.01 0.011 0.012 0.014 0.018 0.023 0.027 0.032 0.037 0.041 0.046 0.051 0.055 0.06 0.064 0.069 0.074 0.078 0.083 0.091 0.098 0.106 0.114 0.121 0.129 0.136 0.144 0.151 0.159 0.166 0.174 0.181 0.189 0.196 0.199 0.199 0.207
0.0 0.0 0.0 0.0 0.0 0.0 0.0 0.0 0.0 0.0 0.0 0.0 0.0 0.0 0.0 0.0 0.0 0.0 0.0 0.0 0.0 0.0 0.0 0.0 0.0 0.0 0.0 0.0 0.0 0.0 0.0 0.0 0.0 0.0 0.0 0.0 0.0 0.0 0.0 0.0 0.0 0.0 0.0 0.0 0.0 0.0 0.0 0.0 0.0 0.0 0.0 0.0 0.0 0.0 0.0 0.0 0.0 0.0 0.0 0.0 0.0 0.0 0.0 0.0 0.0 0.0 0.0 0.0 0.0 0.0 0.0 0.0 0.0 0.0 0.0 0.0 0.0 0.0 0.0 0.0 0.0 0.0 0.0 0.0 0.0 0.0 0.001 0.001 0.002 0.003 0.003 0.004 0.005 0.005 0.006 0.007 0.008 0.008 0.009 0.01 0.01 0.011 0.013 0.015 0.02 0.025 0.029 0.034 0.038 0.043 0.048 0.052 0.057 0.061 0.066 0.071 0.075 0.081 0.088 0.096 0.103 0.111 0.118 0.126 0.133 0.141 0.148 0.156 0.163 0.171 0.178 0.186 0.189 0.19 0.19 0.19
0.0 0.0 0.0 0.0 0.0 0.0 0.0 0.0 0.0 0.0 0.0 0.0 0.0 0.0 0.0 0.0 0.0 0.0 0.0 0.0 0.0 0.0 0.0 0.0 0.0 0.0 0.0 0.0 0.0 0.0 0.0 0.0 0.0 0.0 0.0 0.0 0.0 0.0 0.0 0.0 0.0 0.0 0.0 0.0 0.0 0.0 0.0 0.0 0.0 0.0 0.0 0.0 0.0 0.0 0.0 0.0 0.0 0.0 0.0 0.0 0.0 0.0 0.0 0.0 0.0 0.0 0.0 0.0 0.0 0.0 0.0 0.0 0.0 0.0 0.0 0.0 0.0 0.0 0.0 0.0 0.0 0.0 0.0 0.0 0.0 0.0 0.001 0.001 0.001 0.002 0.003 0.004 0.004 0.005 0.006 0.006 0.007 0.008 0.009 0.009 0.01 0.011 0.012 0.014 0.017 0.022 0.026 0.031 0.035 0.04 0.045 0.049 0.054 0.058 0.063 0.068 0.072 0.078 0.085 0.093 0.1 0.108 0.115 0.123 0.13 0.138 0.145 0.153 0.16 0.168 0.176 0.18 0.181 0.182 0.182 0.182
0.0 0.0 0.0 0.0 0.0 0.0 0.0 0.0 0.0 0.0 0.0 0.0 0.0 0.0 0.0 0.0 0.0 0.0 0.0 0.0 0.0 0.0 0.0 0.0 0.0 0.0 0.0 0.0 0.0 0.0 0.0 0.0 0.0 0.0 0.0 0.0 0.0 0.0 0.0 0.0 0.0 0.0 0.0 0.0 0.0 0.0 0.0 0.0 0.0 0.0 0.0 0.0 0.0 0.0 0.0 0.0 0.0 0.0 0.0 0.0 0.0 0.0 0.0 0.0 0.0 0.0 0.0 0.0 0.0 0.0 0.0 0.0 0.0 0.0 0.0 0.0 0.0 0.0 0.0 0.0 0.0 0.0 0.0 0.0 0.0 0.0 0.001 0.001 0.001 0.002 0.003 0.003 0.004 0.005 0.005 0.006 0.007 0.008 0.008 0.009 0.01 0.011 0.012 0.013 0.015 0.019 0.023 0.028 0.032 0.037 0.042 0.046 0.051 0.056 0.06 0.065 0.069 0.075 0.082 0.09 0.097 0.105 0.112 0.12 0.127 0.135 0.143 0.15 0.158 0.165 0.17 0.171 0.172 0.173 0.173 0.173
0.0 0.0 0.0 0.0 0.0 0.0 0.0 0.0 0.0 0.0 0.0 0.0 0.0 0.0 0.0 0.0 0.0 0.0 0.0 0.0 0.0 0.0 0.0 0.0 0.0 0.0 0.0 0.0 0.0 0.0 0.0 0.0 0.0 0.0 0.0 0.0 0.0 0.0 0.0 0.0 0.0 0.0 0.0 0.0 0.0 0.0 0.0 0.0 0.0 0.0 0.0 0.0 0.0 0.0 0.0 0.0 0.0 0.0 0.0 0.0 0.0 0.0 0.0 0.0 0.0 0.0 0.0 0.0 0.0 0.0 0.0 0.0 0.0 0.0 0.0 0.0 0.0 0.0 0.0 0.0 0.0 0.0 0.0 0.0 0.0 0.0 0.001 0.001 0.001 0.002 0.002 0.003 0.004 0.004 0.005 0.006 0.006 0.007 0.008 0.009 0.009 0.01 0.012 0.013 0.014 0.016 0.02 0.025 0.03 0.034 0.039 0.043 0.048 0.053 0.057 0.062 0.066 0.072 0.079 0.087 0.094 0.102 0.109 0.117 0.125 0.132 0.14 0.147 0.155 0.161 0.162 0.163 0.164 0.165 0.165 0.165
0.0 0.0 0.0 0.0 0.0 0.0 0.0 0.0 0.0 0.0 0.0 0.0 0.0 0.0 0.0 0.0 0.0 0.0 0.0 0.0 0.0 0.0 0.0 0.0 0.0 0.0 0.0 0.0 0.0 0.0 0.0 0.0 0.0 0.0 0.0 0.0 0.0 0.0 0.0 0.0 0.0 0.0 0.0 0.0 0.0 0.0 0.0 0.0 0.0 0.0 0.0 0.0 0.0 0.0 0.0 0.0 0.0 0.0 0.0 0.0 0.0 0.0 0.0 0.0 0.0 0.0 0.0 0.0 0.0 0.0 0.0 0.0 0.0 0.0 0.0 0.0 0.0 0.0 0.0 0.0 0.0 0.0 0.0 0.0 0.0 0.0 0.001 0.001 0.001 0.001 0.002 0.003 0.003 0.004 0.005 0.005 0.006 0.007 0.008 0.008 0.009 0.01 0.011 0.013 0.014 0.015 0.017 0.022 0.027 0.031 0.036 0.04 0.045 0.05 0.054 0.059 0.063 0.069 0.076 0.084 0.091 0.099 0.107 0.114 0.122 0.129 0.137 0.144 0.151 0.152 0.153 0.154 0.155 0.156 0.156 0.156
0.0 0.0 0.0 0.0 0.0 0.0 0.0 0.0 0.0 0.0 0.0 0.0 0.0 0.0 0.0 0.0 0.0 0.0 0.0 0.0 0.0 0.0 0.0 0.0 0.0 0.0 0.0 0.0 0.0 0.0 0.0 0.0 0.0 0.0 0.0 0.0 0.0 0.0 0.0 0.0 0.0 0.0 0.0 0.0 0.0 0.0 0.0 0.0 0.0 0.0 0.0 0.0 0.0 0.0 0.0 0.0 0.0 0.0 0.0 0.0 0.0 0.0 0.0 0.0 0.0 0.0 0.0 0.0 0.0 0.0 0.0 0.0 0.0 0.0 0.0 0.0 0.0 0.0 0.0 0.0 0.0 0.0 0.0 0.0 0.0 0.0 0.001 0.001 0.001 0.001 0.002 0.002 0.003 0.004 0.004 0.005 0.006 0.007 0.007 0.008 0.009 0.01 0.011 0.012 0.014 0.015 0.016 0.019 0.024 0.028 0.033 0.037 0.042 0.047 0.051 0.056 0.061 0.066 0.074 0.081 0.089 0.096 0.104 0.111 0.119 0.126 0.134 0.141 0.143 0.144 0.145 0.146 0.147 0.148 0.148 0.148
0.0 0.0 0.0 0.0 0.0 0.0 0.0 0.0 0.0 0.0 0.0 0.0 0.0 0.0 0.0 0.0 0.0 0.0 0.0 0.0 0.0 0.0 0.0 0.0 0.0 0.0 0.0 0.0 0.0 0.0 0.0 0.0 0.0 0.0 0.0 0.0 0.0 0.0 0.0 0.0 0.0 0.0 0.0 0.0 0.0 0.0 0.0 0.0 0.0 0.0 0.0 0.0 0.0 0.0 0.0 0.0 0.0 0.0 0.0 0.0 0.0 0.0 0.0 0.0 0.0 0.0 0.0 0.0 0.0 0.0 0.0 0.0 0.0 0.0 0.0 0.0 0.0 0.0 0.0 0.0 0.0 0.0 0.0 0.0 0.0 0.0 0.001 0.001 0.001 0.001 0.002 0.002 0.003 0.003 0.004 0.005 0.005 0.006 0.007 0.008 0.008 0.009 0.011 0.012 0.013 0.015 0.016 0.017 0.021 0.025 0.03 0.034 0.039 0.044 0.048 0.053 0.058 0.063 0.071 0.078 0.086 0.093 0.101 0.108 0.116 0.123 0.131 0.133 0.134 0.135 0.136 0.137 0.138 0.139 0.139 0.139
0.0 0.0 0.0 0.0 0.0 0.0 0.0 0.0 0.0 0.0 0.0 0.0 0.0 0.0 0.0 0.0 0.0 0.0 0.0 0.0 0.0 0.0 0.0 0.0 0.0 0.0 0.0 0.0 0.0 0.0 0.0 0.0 0.0 0.0 0.0 0.0 0.0 0.0 0.0 0.0 0.0 0.0 0.0 0.0 0.0 0.0 0.0 0.0 0.0 0.0 0.0 0.0 0.0 0.0 0.0 0.0 0.0 0.0 0.0 0.0 0.0 0.0 0.0 0.0 0.0 0.0 0.0 0.0 0.0 0.0 0.0 0.0 0.0 0.0 0.0 0.0 0.0 0.0 0.0 0.0 0.0 0.0 0.0 0.0 0.0 0.0 0.001 0.001 0.001 0.001 0.002 0.002 0.002 0.003 0.004 0.004 0.005 0.006 0.007 0.007 0.008 0.009 0.01 0.012 0.013 0.014 0.016 0.017 0.018 0.022 0.027 0.032 0.036 0.041 0.045 0.05 0.055 0.06 0.068 0.075 0.083 0.09 0.098 0.105 0.113 0.12 0.124 0.125 0.126 0.127 0.128 0.129 0.13 0.131 0.131 0.13
0.0 0.0 0.0 0.0 0.0 0.0 0.0 0.0 0.0 0.0 0.0 0.0 0.0 0.0 0.0 0.0 0.0 0.0 0.0 0.0 0.0 0.0 0.0 0.0 0.0 0.0 0.0 0.0 0.0 0.0 0.0 0.0 0.0 0.0 0.0 0.0 0.0 0.0 0.0 0.0 0.0 0.0 0.0 0.0 0.0 0.0 0.0 0.0 0.0 0.0 0.0 0.0 0.0 0.0 0.0 0.0 0.0 0.0 0.0 0.0 0.0 0.0 0.0 0.0 0.0 0.0 0.0 0.0 0.0 0.0 0.0 0.0 0.0 0.0 0.0 0.0 0.0 0.0 0.0 0.0 0.0 0.0 0.0 0.0 0.0 0.0 0.001 0.001 0.001 0.001 0.002 0.002 0.002 0.003 0.003 0.004 0.005 0.005 0.006 0.007 0.008 0.009 0.01 0.011 0.013 0.014 0.015 0.017 0.018 0.019 0.024 0.029 0.033 0.038 0.042 0.047 0.052 0.057 0.065 0.072 0.08 0.087 0.095 0.102 0.11 0.114 0.115 0.116 0.117 0.118 0.119 0.12 0.121 0.122 0.122 0.122
0.0 0.0 0.0 0.0 0.0 0.0 0.0 0.0 0.0 0.0 0.0 0.0 0.0 0.0 0.0 0.0 0.0 0.0 0.0 0.0 0.0 0.0 0.0 0.0 0.0 0.0 0.0 0.0 0.0 0.0 0.0 0.0 0.0 0.0 0.0 0.0 0.0 0.0 0.0 0.0 0.0 0.0 0.0 0.0 0.0 0.0 0.0 0.0 0.0 0.0 0.0 0.0 0.0 0.0 0.0 0.0 0.0 0.0 0.0 0.0 0.0 0.0 0.0 0.0 0.0 0.0 0.0 0.0 0.0 0.0 0.0 0.0 0.0 0.0 0.0 0.0 0.0 0.0 0.0 0.0 0.0 0.0 0.0 0.0 0.0 0.0 0.001 0.001 0.001 0.001 0.002 0.002 0.002 0.003 0.003 0.004 0.004 0.005 0.006 0.007 0.007 0.008 0.01 0.011 0.012 0.014 0.015 0.016 0.018 0.019 0.021 0.026 0.03 0.035 0.039 0.044 0.049 0.054 0.062 0.069 0.077 0.085 0.092 0.1 0.105 0.106 0.107 0.108 0.109 0.11 0.111 0.112 0.113 0.114 0.114 0.113
0.0 0.0 0.0 0.0 0.0 0.0 0.0 0.0 0.0 0.0 0.0 0.0 0.0 0.0 0.0 0.0 0.0 0.0 0.0 0.0 0.0 0.0 0.0 0.0 0.0 0.0 0.0 0.0 0.0 0.0 0.0 0.0 0.0 0.0 0.0 0.0 0.0 0.0 0.0 0.0 0.0 0.0 0.0 0.0 0.0 0.0 0.0 0.0 0.0 0.0 0.0 0.0 0.0 0.0 0.0 0.0 0.0 0.0 0.0 0.0 0.0 0.0 0.0 0.0 0.0 0.0 0.0 0.0 0.0 0.0 0.0 0.0 0.0 0.0 0.0 0.0 0.0 0.0 0.0 0.0 0.0 0.0 0.0 0.0 0.0 0.0 0.001 0.001 0.001 0.001 0.002 0.002 0.002 0.003 0.003 0.003 0.004 0.005 0.006 0.006 0.007 0.008 0.009 0.011 0.012 0.013 0.015 0.016 0.017 0.019 0.02 0.023 0.027 0.032 0.037 0.041 0.046 0.051 0.059 0.067 0.074 0.082 0.089 0.096 0.097 0.097 0.098 0.099 0.1 0.101 0.102 0.103 0.104 0.105 0.105 0.105
0.0 0.0 0.0 0.0 0.0 0.0 0.0 0.0 0.0 0.0 0.0 0.0 0.0 0.0 0.0 0.0 0.0 0.0 0.0 0.0 0.0 0.0 0.0 0.0 0.0 0.0 0.0 0.0 0.0 0.0 0.0 0.0 0.0 0.0 0.0 0.0 0.0 0.0 0.0 0.0 0.0 0.0 0.0 0.0 0.0 0.0 0.0 0.0 0.0 0.0 0.0 0.0 0.0 0.0 0.0 0.0 0.0 0.0 0.0 0.0 0.0 0.0 0.0 0.0 0.0 0.0 0.0 0.0 0.0 0.0 0.0 0.0 0.0 0.0 0.0 0.0 0.0 0.0 0.0 0.0 0.0 0.0 0.0 0.0 0.0 0.0 0.001 0.001 0.001 0.001 0.002 0.002 0.002 0.003 0.003 0.003 0.004 0.004 0.005 0.006 0.007 0.008 0.009 0.01 0.012 0.013 0.014 0.016 0.017 0.018 0.02 0.021 0.024 0.029 0.034 0.038 0.043 0.049 0.056 0.064 0.071 0.079 0.086 0.087 0.088 0.089 0.09 0.091 0.092 0.093 0.094 0.095 0.096 0.097 0.097 0.096
0.0 0.0 0.0 0.0 0.0 0.0 0.0 0.0 0.0 0.0 0.0 0.0 0.0 0.0 0.0 0.0 0.0 0.0 0.0 0.0 0.0 0.0 0.0 0.0 0.0 0.0 0.0 0.0 0.0 0.0 0.0 0.0 0.0 0.0 0.0 0.0 0.0 0.0 0.0 0.0 0.0 0.0 0.0 0.0 0.0 0.0 0.0 0.0 0.0 0.0 0.0 0.0 0.0 0.0 0.0 0.0 0.0 0.0 0.0 0.0 0.0 0.0 0.0 0.0 0.0 0.0 0.0 0.0 0.0 0.0 0.0 0.0 0.0 0.0 0.0 0.0 0.0 0.0 0.0 0.0 0.0 0.0 0.0 0.0 0.0 0.0 0.001 0.001 0.001 0.001 0.002 0.002 0.002 0.003 0.003 0.003 0.003 0.004 0.005 0.006 0.006 0.007 0.009 0.01 0.011 0.013 0.014 0.015 0.017 0.018 0.019 0.021 0.022 0.026 0.031 0.035 0.04 0.046 0.053 0.061 0.068 0.076 0.078 0.079 0.08 0.08 0.081 0.082 0.083 0.084 0.085 0.086 0.087 0.088 0.088 0.088
0.0 0.0 0.0 0.0 0.0 0.0 0.0 0.0 0.0 0.0 0.0 0.0 0.0 0.0 0.0 0.0 0.0 0.0 0.0 0.0 0.0 0.0 0.0 0.0 0.0 0.0 0.0 0.0 0.0 0.0 0.0 0.0 0.0 0.0 0.0 0.0 0.0 0.0 0.0 0.0 0.0 0.0 0.0 0.0 0.0 0.0 0.0 0.0 0.0 0.0 0.0 0.0 0.0 0.0 0.0 0.0 0.0 0.0 0.0 0.0 0.0 0.0 0.0 0.0 0.0 0.0 0.0 0.0 0.0 0.0 0.0 0.0 0.0 0.0 0.0 0.0 0.0 0.0 0.0 0.0 0.0 0.0 0.0 0.0 0.0 0.0 0.001 0.001 0.001 0.001 0.002 0.002 0.002 0.003 0.003 0.003 0.003 0.004 0.005 0.005 0.006 0.007 0.008 0.01 0.011 0.012 0.014 0.015 0.016 0.018 0.019 0.02 0.022 0.023 0.028 0.032 0.037 0.043 0.05 0.058 0.065 0.068 0.069 0.07 0.071 0.072 0.073 0.074 0.075 0.076 0.077 0.078 0.079 0.08 0.08 0.079
0.0 0.0 0.0 0.0 0.0 0.0 0.0 0.0 0.0 0.0 0.0 0.0 0.0 0.0 0.0 0.0 0.0 0.0 0.0 0.0 0.0 0.0 0.0 0.0 0.0 0.0 0.0 0.0 0.0 0.0 0.0 0.0 0.0 0.0 0.0 0.0 0.0 0.0 0.0 0.0 0.0 0.0 0.0 0.0 0.0 0.0 0.0 0.0 0.0 0.0 0.0 0.0 0.0 0.0 0.0 0.0 0.0 0.0 0.0 0.0 0.0 0.0 0.0 0.0 0.0 0.0 0.0 0.0 0.0 0.0 0.0 0.0 0.0 0.0 0.0 0.0 0.0 0.0 0.0 0.0 0.0 0.0 0.0 0.0 0.0 0.0 0.001 0.001 0.001 0.001 0.002 0.002 0.002 0.003 0.003 0.003 0.003 0.004 0.004 0.005 0.006 0.007 0.008 0.009 0.011 0.012 0.013 0.015 0.016 0.017 0.019 0.02 0.021 0.023 0.025 0.029 0.034 0.04 0.047 0.055 0.059 0.06 0.061 0.062 0.062 0.063 0.064 0.065 0.066 0.067 0.068 0.069 0.07 0.071 0.071 0.071
0.0 0.0 0.0 0.0 0.0 0.0 0.0 0.0 0.0 0.0 0.0 0.0 0.0 0.0 0.0 0.0 0.0 0.0 0.0 0.0 0.0 0.0 0.0 0.0 0.0 0.0 0.0 0.0 0.0 0.0 0.0 0.0 0.0 0.0 0.0 0.0 0.0 0.0 0.0 0.0 0.0 0.0 0.0 0.0 0.0 0.0 0.0 0.0 0.0 0.0 0.0 0.0 0.0 0.0 0.0 0.0 0.0 0.0 0.0 0.0 0.0 0.0 0.0 0.0 0.0 0.0 0.0 0.0 0.0 0.0 0.0 0.0 0.0 0.0 0.0 0.0 0.0 0.0 0.0 0.0 0.0 0.0 0.0 0.0 0.0 0.0 0.001 0.001 0.001 0.001 0.002 0.002 0.002 0.003 0.003 0.003 0.003 0.004 0.004 0.005 0.005 0.007 0.008 0.009 0.01 0.012 0.013 0.014 0.016 0.017 0.018 0.02 0.021 0.022 0.024 0.026 0.031 0.037 0.044 0.049 0.05 0.051 0.052 0.053 0.054 0.055 0.056 0.057 0.058 0.059 0.06 0.061 0.062 0.063 0.063 0.062
0.0 0.0 0.0 0.0 0.0 0.0 0.0 0.0 0.0 0.0 0.0 0.0 0.0 0.0 0.0 0.0 0.0 0.0 0.0 0.0 0.0 0.0 0.0 0.0 0.0 0.0 0.0 0.0 0.0 0.0 0.0 0.0 0.0 0.0 0.0 0.0 0.0 0.0 0.0 0.0 0.0 0.0 0.0 0.0 0.0 0.0 0.0 0.0 0.0 0.0 0.0 0.0 0.0 0.0 0.0 0.0 0.0 0.0 0.0 0.0 0.0 0.0 0.0 0.0 0.0 0.0 0.0 0.0 0.0 0.0 0.0 0.0 0.0 0.0 0.0 0.0 0.0 0.0 0.0 0.0 0.0 0.0 0.0 0.0 0.0 0.0 0.001 0.001 0.001 0.001 0.002 0.002 0.002 0.003 0.003 0.003 0.003 0.004 0.004 0.004 0.005 0.006 0.007 0.009 0.01 0.011 0.013 0.014 0.015 0.017 0.018 0.019 0.021 0.022 0.023 0.025 0.028 0.034 0.04 0.041 0.042 0.043 0.044 0.045 0.045 0.046 0.047 0.048 0.049 0.05 0.051 0.052 0.053 0.054 0.054 0.054
0.0 0.0 0.0 0.0 0.0 0.0 0.0 0.0 0.0 0.0 0.0 0.0 0.0 0.0 0.0 0.0 0.0 0.0 0.0 0.0 0.0 0.0 0.0 0.0 0.0 0.0 0.0 0.0 0.0 0.0 0.0 0.0 0.0 0.0 0.0 0.0 0.0 0.0 0.0 0.0 0.0 0.0 0.0 0.0 0.0 0.0 0.0 0.0 0.0 0.0 0.0 0.0 0.0 0.0 0.0 0.0 0.0 0.0 0.0 0.0 0.0 0.0 0.0 0.0 0.0 0.0 0.0 0.0 0.0 0.0 0.0 0.0 0.0 0.0 0.0 0.0 0.0 0.0 0.0 0.0 0.0 0.0 0.0 0.0 0.0 0.0 0.001 0.001 0.001 0.001 0.002 0.002 0.002 0.003 0.003 0.003 0.003 0.004 0.004 0.004 0.005 0.006 0.007 0.008 0.01 0.011 0.012 0.014 0.015 0.016 0.018 0.019 0.02 0.022 0.023 0.024 0.026 0.03 0.031 0.032 0.033 0.034 0.035 0.036 0.037 0.038 0.039 0.04 0.041 0.042 0.043 0.044 0.045 0.046 0.045 0.045
0.0 0.0 0.0 0.0 0.0 0.0 0.0 0.0 0.0 0.0 0.0 0.0 0.0 0.0 0.0 0.0 0.0 0.0 0.0 0.0 0.0 0.0 0.0 0.0 0.0 0.0 0.0 0.0 0.0 0.0 0.0 0.0 0.0 0.0 0.0 0.0 0.0 0.0 0.0 0.0 0.0 0.0 0.0 0.0 0.0 0.0 0.0 0.0 0.0 0.0 0.0 0.0 0.0 0.0 0.0 0.0 0.0 0.0 0.0 0.0 0.0 0.0 0.0 0.0 0.0 0.0 0.0 0.0 0.0 0.0 0.0 0.0 0.0 0.0 0.0 0.0 0.0 0.0 0.0 0.0 0.0 0.0 0.0 0.0 0.0 0.0 0.001 0.001 0.001 0.001 0.002 0.002 0.002 0.003 0.003 0.003 0.003 0.004 0.004 0.004 0.004 0.006 0.007 0.008 0.01 0.011 0.012 0.013 0.015 0.016 0.017 0.019 0.02 0.021 0.023 0.024 0.025 0.025 0.026 0.027 0.028 0.029 0.03 0.031 0.031 0.032 0.033 0.034 0.035 0.036 0.037 0.037 0.038 0.039 0.039 0.038
0.0 0.0 0.0 0.0 0.0 0.0 0.0 0.0 0.0 0.0 0.0 0.0 0.0 0.0 0.0 0.0 0.0 0.0 0.0 0.0 0.0 0.0 0.0 0.0 0.0 0.0 0.0 0.0 0.0 0.0 0.0 0.0 0.0 0.0 0.0 0.0 0.0 0.0 0.0 0.0 0.0 0.0 0.0 0.0 0.0 0.0 0.0 0.0 0.0 0.0 0.0 0.0 0.0 0.0 0.0 0.0 0.0 0.0 0.0 0.0 0.0 0.0 0.0 0.0 0.0 0.0 0.0 0.0 0.0 0.0 0.0 0.0 0.0 0.0 0.0 0.0 0.0 0.0 0.0 0.0 0.0 0.0 0.0 0.0 0.0 0.0 0.001 0.001 0.001 0.002 0.002 0.002 0.002 0.003 0.003 0.003 0.003 0.004 0.004 0.004 0.004 0.005 0.007 0.008 0.009 0.011 0.012 0.013 0.015 0.016 0.017 0.019 0.02 0.021 0.022 0.024 0.024 0.024 0.024 0.025 0.026 0.027 0.028 0.029 0.029 0.03 0.031 0.032 0.033 0.034 0.035 0.035 0.036 0.037 0.037 0.036
0.0 0.0 0.0 0.0 0.0 0.0 0.0 0.0 0.0 0.0 0.0 0.0 0.0 0.0 0.0 0.0 0.0 0.0 0.0 0.0 0.0 0.0 0.0 0.0 0.0 0.0 0.0 0.0 0.0 0.0 0.0 0.0 0.0 0.0 0.0 0.0 0.0 0.0 0.0 0.0 0.0 0.0 0.0 0.0 0.0 0.0 0.0 0.0 0.0 0.0 0.0 0.0 0.0 0.0 0.0 0.0 0.0 0.0 0.0 0.0 0.0 0.0 0.0 0.0 0.0 0.0 0.0 0.0 0.0 0.0 0.0 0.0 0.0 0.0 0.0 0.0 0.0 0.0 0.0 0.0 0.0 0.0 0.0 0.0 0.0 0.0 0.001 0.001 0.001 0.002 0.002 0.002 0.002 0.003 0.003 0.003 0.003 0.004 0.004 0.004 0.004 0.005 0.007 0.008 0.009 0.01 0.012 0.013 0.014 0.016 0.017 0.018 0.02 0.021 0.022 0.023 0.023 0.023 0.023 0.023 0.024 0.025 0.026 0.027 0.027 0.028 0.029 0.03 0.031 0.032 0.033 0.033 0.034 0.035 0.035 0.034
0.0 0.0 0.0 0.0 0.0 0.0 0.0 0.0 0.0 0.0 0.0 0.0 0.0 0.0 0.0 0.0 0.0 0.0 0.0 0.0 0.0 0.0 0.0 0.0 0.0 0.0 0.0 0.0 0.0 0.0 0.0 0.0 0.0 0.0 0.0 0.0 0.0 0.0 0.0 0.0 0.0 0.0 0.0 0.0 0.0 0.0 0.0 0.0 0.0 0.0 0.0 0.0 0.0 0.0 0.0 0.0 0.0 0.0 0.0 0.0 0.0 0.0 0.0 0.0 0.0 0.0 0.0 0.0 0.0 0.0 0.0 0.0 0.0 0.0 0.0 0.0 0.0 0.0 0.0 0.0 0.0 0.0 0.0 0.0 0.0 0.0 0.001 0.001 0.001 0.002 0.002 0.002 0.002 0.003 0.003 0.003 0.003 0.004 0.004 0.004 0.004 0.005 0.006 0.008 0.009 0.01 0.012 0.013 0.014 0.015 0.017 0.018 0.019 0.021 0.021 0.021 0.021 0.021 0.021 0.021 0.022 0.023 0.024 0.025 0.025 0.026 0.027 0.028 0.029 0.03 0.031 0.032 0.032 0.033 0.033 0.032
0.0 0.0 0.0 0.0 0.0 0.0 0.0 0.0 0.0 0.0 0.0 0.0 0.0 0.0 0.0 0.0 0.0 0.0 0.0 0.0 0.0 0.0 0.0 0.0 0.0 0.0 0.0 0.0 0.0 0.0 0.0 0.0 0.0 0.0 0.0 0.0 0.0 0.0 0.0 0.0 0.0 0.0 0.0 0.0 0.0 0.0 0.0 0.0 0.0 0.0 0.0 0.0 0.0 0.0 0.0 0.0 0.0 0.0 0.0 0.0 0.0 0.0 0.0 0.0 0.0 0.0 0.0 0.0 0.0 0.0 0.0 0.0 0.0 0.0 0.0 0.0 0.0 0.0 0.0 0.0 0.0 0.0 0.0 0.0 0.0 0.0 0.001 0.001 0.001 0.002 0.002 0.002 0.002 0.003 0.003 0.003 0.003 0.003 0.003 0.003 0.003 0.005 0.006 0.007 0.009 0.01 0.011 0.013 0.014 0.015 0.017 0.018 0.019 0.02 0.02 0.02 0.02 0.02 0.02 0.02 0.02 0.021 0.022 0.023 0.023 0.024 0.025 0.026 0.027 0.028 0.029 0.03 0.03 0.031 0.031 0.03
0.0 0.0 0.0 0.0 0.0 0.0 0.0 0.0 0.0 0.0 0.0 0.0 0.0 0.0 0.0 0.0 0.0 0.0 0.0 0.0 0.0 0.0 0.0 0.0 0.0 0.0 0.0 0.0 0.0 0.0 0.0 0.0 0.0 0.0 0.0 0.0 0.0 0.0 0.0 0.0 0.0 0.0 0.0 0.0 0.0 0.0 0.0 0.0 0.0 0.0 0.0 0.0 0.0 0.0 0.0 0.0 0.0 0.0 0.0 0.0 0.0 0.0 0.0 0.0 0.0 0.0 0.0 0.0 0.0 0.0 0.0 0.0 0.0 0.0 0.0 0.0 0.0 0.0 0.0 0.0 0.0 0.0 0.0 0.0 0.0 0.0 0.001 0.001 0.001 0.002 0.002 0.002 0.002 0.003 0.003 0.003 0.003 0.003 0.003 0.003 0.003 0.005 0.006 0.007 0.009 0.01 0.011 0.012 0.014 0.015 0.016 0.018 0.019 0.019 0.019 0.019 0.019 0.019 0.019 0.019 0.019 0.019 0.02 0.021 0.022 0.022 0.023 0.024 0.025 0.026 0.027 0.028 0.028 0.029 0.029 0.028
0.0 0.0 0.0 0.0 0.0 0.0 0.0 0.0 0.0 0.0 0.0 0.0 0.0 0.0 0.0 0.0 0.0 0.0 0.0 0.0 0.0 0.0 0.0 0.0 0.0 0.0 0.0 0.0 0.0 0.0 0.0 0.0 0.0 0.0 0.0 0.0 0.0 0.0 0.0 0.0 0.0 0.0 0.0 0.0 0.0 0.0 0.0 0.0 0.0 0.0 0.0 0.0 0.0 0.0 0.0 0.0 0.0 0.0 0.0 0.0 0.0 0.0 0.0 0.0 0.0 0.0 0.0 0.0 0.0 0.0 0.0 0.0 0.0 0.0 0.0 0.0 0.0 0.0 0.0 0.0 0.0 0.0 0.0 0.0 0.0 0.0 0.001 0.001 0.001 0.002 0.002 0.002 0.002 0.003 0.003 0.003 0.003 0.003 0.003 0.003 0.003 0.004 0.006 0.007 0.008 0.01 0.011 0.012 0.014 0.015 0.016 0.017 0.017 0.017 0.017 0.017 0.017 0.017 0.017 0.018 0.018 0.018 0.018 0.019 0.02 0.02 0.021 0.022 0.023 0.024 0.025 0.026 0.026 0.027 0.027 0.026
0.0 0.0 0.0 0.0 0.0 0.0 0.0 0.0 0.0 0.0 0.0 0.0 0.0 0.0 0.0 0.0 0.0 0.0 0.0 0.0 0.0 0.0 0.0 0.0 0.0 0.0 0.0 0.0 0.0 0.0 0.0 0.0 0.0 0.0 0.0 0.0 0.0 0.0 0.0 0.0 0.0 0.0 0.0 0.0 0.0 0.0 0.0 0.0 0.0 0.0 0.0 0.0 0.0 0.0 0.0 0.0 0.0 0.0 0.0 0.0 0.0 0.0 0.0 0.0 0.0 0.0 0.0 0.0 0.0 0.0 0.0 0.0 0.0 0.0 0.0 0.0 0.0 0.0 0.0 0.0 0.0 0.0 0.0 0.0 0.0 0.0 0.001 0.001 0.001 0.002 0.002 0.002 0.002 0.003 0.003 0.003 0.003 0.003 0.003 0.003 0.003 0.004 0.005 0.007 0.008 0.009 0.011 0.012 0.013 0.015 0.016 0.016 0.016 0.016 0.016 0.016 0.016 0.016 0.016 0.016 0.016 0.016 0.016 0.017 0.018 0.018 0.019 0.02 0.021 0.022 0.023 0.024 0.024 0.025 0.025 0.024
0.0 0.0 0.0 0.0 0.0 0.0 0.0 0.0 0.0 0.0 0.0 0.0 0.0 0.0 0.0 0.0 0.0 0.0 0.0 0.0 0.0 0.0 0.0 0.0 0.0 0.0 0.0 0.0 0.0 0.0 0.0 0.0 0.0 0.0 0.0 0.0 0.0 0.0 0.0 0.0 0.0 0.0 0.0 0.0 0.0 0.0 0.0 0.0 0.0 0.0 0.0 0.0 0.0 0.0 0.0 0.0 0.0 0.0 0.0 0.0 0.0 0.0 0.0 0.0 0.0 0.0 0.0 0.0 0.0 0.0 0.0 0.0 0.0 0.0 0.0 0.0 0.0 0.0 0.0 0.0 0.0 0.0 0.0 0.0 0.0 0.0 0.001 0.001 0.001 0.002 0.002 0.002 0.002 0.003 0.003 0.003 0.003 0.003 0.003 0.003 0.003 0.004 0.005 0.007 0.008 0.009 0.011 0.012 0.013 0.014 0.015 0.015 0.015 0.015 0.015 0.015 0.015 0.015 0.015 0.015 0.015 0.015 0.015 0.015 0.016 0.016 0.017 0.018 0.019 0.02 0.021 0.022 0.022 0.023 0.023 0.022
0.0 0.0 0.0 0.0 0.0 0.0 0.0 0.0 0.0 0.0 0.0 0.0 0.0 0.0 0.0 0.0 0.0 0.0 0.0 0.0 0.0 0.0 0.0 0.0 0.0 0.0 0.0 0.0 0.0 0.0 0.0 0.0 0.0 0.0 0.0 0.0 0.0 0.0 0.0 0.0 0.0 0.0 0.0 0.0 0.0 0.0 0.0 0.0 0.0 0.0 0.0 0.0 0.0 0.0 0.0 0.0 0.0 0.0 0.0 0.0 0.0 0.0 0.0 0.0 0.0 0.0 0.0 0.0 0.0 0.0 0.0 0.0 0.0 0.0 0.0 0.0 0.0 0.0 0.0 0.0 0.0 0.0 0.0 0.0 0.0 0.0 0.001 0.001 0.001 0.002 0.002 0.002 0.002 0.002 0.002 0.002 0.002 0.002 0.002 0.002 0.002 0.004 0.005 0.006 0.008 0.009 0.01 0.012 0.013 0.013 0.013 0.013 0.013 0.013 0.013 0.014 0.014 0.014 0.014 0.014 0.014 0.014 0.014 0.014 0.014 0.014 0.015 0.016 0.017 0.018 0.019 0.02 0.021 0.021 0.021 0.02
0.0 0.0 0.0 0.0 0.0 0.0 0.0 0.0 0.0 0.0 0.0 0.0 0.0 0.0 0.0 0.0 0.0 0.0 0.0 0.0 0.0 0.0 0.0 0.0 0.0 0.0 0.0 0.0 0.0 0.0 0.0 0.0 0.0 0.0 0.0 0.0 0.0 0.0 0.0 0.0 0.0 0.0 0.0 0.0 0.0 0.0 0.0 0.0 0.0 0.0 0.0 0.0 0.0 0.0 0.0 0.0 0.0 0.0 0.0 0.0 0.0 0.0 0.0 0.0 0.0 0.0 0.0 0.0 0.0 0.0 0.0 0.0 0.0 0.0 0.0 0.0 0.0 0.0 0.0 0.0 0.0 0.0 0.0 0.0 0.0 0.0 0.001 0.001 0.001 0.002 0.002 0.002 0.002 0.002 0.002 0.002 0.002 0.002 0.002 0.002 0.002 0.004 0.005 0.006 0.007 0.009 0.01 0.011 0.012 0.012 0.012 0.012 0.012 0.012 0.012 0.012 0.012 0.012 0.012 0.012 0.012 0.012 0.012 0.012 0.012 0.013 0.013 0.014 0.015 0.016 0.017 0.018 0.019 0.019 0.019 0.018
0.0 0.0 0.0 0.0 0.0 0.0 0.0 0.0 0.0 0.0 0.0 0.0 0.0 0.0 0.0 0.0 0.0 0.0 0.0 0.0 0.0 0.0 0.0 0.0 0.0 0.0 0.0 0.0 0.0 0.0 0.0 0.0 0.0 0.0 0.0 0.0 0.0 0.0 0.0 0.0 0.0 0.0 0.0 0.0 0.0 0.0 0.0 0.0 0.0 0.0 0.0 0.0 0.0 0.0 0.0 0.0 0.0 0.0 0.0 0.0 0.0 0.0 0.0 0.0 0.0 0.0 0.0 0.0 0.0 0.0 0.0 0.0 0.0 0.0 0.0 0.0 0.0 0.0 0.0 0.0 0.0 0.0 0.0 0.0 0.0 0.0 0.001 0.001 0.001 0.002 0.002 0.002 0.002 0.002 0.002 0.002 0.002 0.002 0.002 0.002 0.002 0.003 0.005 0.006 0.007 0.009 0.01 0.011 0.011 0.011 0.011 0.011 0.011 0.011 0.011 0.011 0.011 0.011 0.011 0.011 0.011 0.011 0.011 0.011 0.011 0.011 0.011 0.012 0.013 0.014 0.015 0.016 0.017 0.017 0.017 0.016
0.0 0.0 0.0 0.0 0.0 0.0 0.0 0.0 0.0 0.0 0.0 0.0 0.0 0.0 0.0 0.0 0.0 0.0 0.0 0.0 0.0 0.0 0.0 0.0 0.0 0.0 0.0 0.0 0.0 0.0 0.0 0.0 0.0 0.0 0.0 0.0 0.0 0.0 0.0 0.0 0.0 0.0 0.0 0.0 0.0 0.0 0.0 0.0 0.0 0.0 0.0 0.0 0.0 0.0 0.0 0.0 0.0 0.0 0.0 0.0 0.0 0.0 0.0 0.0 0.0 0.0 0.0 0.0 0.0 0.0 0.0 0.0 0.0 0.0 0.0 0.0 0.0 0.0 0.0 0.0 0.0 0.0 0.0 0.0 0.0 0.0 0.001 0.001 0.001 0.002 0.002 0.002 0.002 0.002 0.002 0.002 0.002 0.002 0.002 0.002 0.002 0.003 0.004 0.006 0.007 0.008 0.009 0.009 0.009 0.009 0.009 0.01 0.01 0.01 0.01 0.01 0.01 0.01 0.01 0.01 0.01 0.01 0.01 0.01 0.01 0.01 0.01 0.01 0.011 0.012 0.013 0.014 0.015 0.015 0.015 0.014
0.0 0.0 0.0 0.0 0.0 0.0 0.0 0.0 0.0 0.0 0.0 0.0 0.0 0.0 0.0 0.0 0.0 0.0 0.0 0.0 0.0 0.0 0.0 0.0 0.0 0.0 0.0 0.0 0.0 0.0 0.0 0.0 0.0 0.0 0.0 0.0 0.0 0.0 0.0 0.0 0.0 0.0 0.0 0.0 0.0 0.0 0.0 0.0 0.0 0.0 0.0 0.0 0.0 0.0 0.0 0.0 0.0 0.0 0.0 0.0 0.0 0.0 0.0 0.0 0.0 0.0 0.0 0.0 0.0 0.0 0.0 0.0 0.0 0.0 0.0 0.0 0.0 0.0 0.0 0.0 0.0 0.0 0.0 0.0 0.0 0.0 0.001 0.001 0.001 0.001 0.001 0.001 0.001 0.001 0.001 0.001 0.001 0.001 0.001 0.001 0.002 0.003 0.004 0.006 0.007 0.008 0.008 0.008 0.008 0.008 0.008 0.008 0.008 0.008 0.008 0.008 0.008 0.008 0.008 0.008 0.008 0.008 0.008 0.008 0.008 0.009 0.009 0.009 0.009 0.01 0.011 0.012 0.013 0.013 0.013 0.012
0.0 0.0 0.0 0.0 0.0 0.0 0.0 0.0 0.0 0.0 0.0 0.0 0.0 0.0 0.0 0.0 0.0 0.0 0.0 0.0 0.0 0.0 0.0 0.0 0.0 0.0 0.0 0.0 0.0 0.0 0.0 0.0 0.0 0.0 0.0 0.0 0.0 0.0 0.0 0.0 0.0 0.0 0.0 0.0 0.0 0.0 0.0 0.0 0.0 0.0 0.0 0.0 0.0 0.0 0.0 0.0 0.0 0.0 0.0 0.0 0.0 0.0 0.0 0.0 0.0 0.0 0.0 0.0 0.0 0.0 0.0 0.0 0.0 0.0 0.0 0.0 0.0 0.0 0.0 0.0 0.0 0.0 0.0 0.0 0.0 0.0 0.001 0.001 0.001 0.001 0.001 0.001 0.001 0.001 0.001 0.001 0.001 0.001 0.001 0.001 0.001 0.003 0.004 0.005 0.007 0.007 0.007 0.007 0.007 0.007 0.007 0.007 0.007 0.007 0.007 0.007 0.007 0.007 0.007 0.007 0.007 0.007 0.007 0.007 0.007 0.007 0.007 0.007 0.007 0.008 0.009 0.01 0.011 0.011 0.011 0.01
