    600    136    276
0.139 0.138 0.137 0.136 0.135 0.134 0.134 0.141 0.149 0.157 0.164 0.172 0.18 0.188 0.196 0.204 0.212 0.219 0.227 0.235 0.243 0.251 0.259 0.382 0.517 0.652 0.786 0.921 1.056 1.19 1.325 1.46 1.594 1.729 1.864 1.998 2.133 2.268 2.402 2.654 3.076 3.498 3.921 4.343 4.765 5.191 5.617 6.044 6.47 6.896 7.322 7.748 8.175 8.601 9.027 9.453 9.949 10.448 10.947 11.446 11.945 12.444 12.942 13.441 13.94 14.439 14.938 15.437 15.936 16.434 16.933 17.432 17.931 18.318 18.705 19.092 19.479 19.866 20.253 20.64 21.028 21.415 21.802 22.189 22.576 22.963 23.35 23.737 24.031 24.145 24.258 24.371 24.484 24.597 24.711 24.824 24.937 25.05 25.163 25.277 25.39 25.503 25.616 25.729 25.788 25.613 25.499 25.464 25.428 25.393 25.358 25.323 25.288 25.253 25.218 25.183 25.148 25.113 25.078 25.042 25.007 24.955 24.604 24.253 23.902 23.552 23.201 22.85 22.499 22.148 21.798 21.447 21.096 20.745 20.395 20.044
0.136 0.136 0.135 0.134 0.133 0.132 0.131 0.132 0.14 0.147 0.155 0.163 0.171 0.179 0.187 0.195 0.202 0.21 0.218 0.226 0.234 0.242 0.25 0.375 0.51 0.644 0.779 0.914 1.048 1.183 1.318 1.452 1.587 1.722 1.856 1.991 2.126 2.261 2.35 2.547 2.97 3.392 3.814 4.236 4.659 5.081 5.503 5.926 6.348 6.77 7.193 7.615 8.037 8.46 8.882 9.118 9.494 9.995 10.496 10.997 11.499 12.0 12.501 13.002 13.503 14.004 14.505 15.006 15.507 16.009 16.51 17.011 17.412 17.801 18.19 18.578 18.967 19.355 19.744 20.133 20.521 20.91 21.298 21.687 22.076 22.464 22.853 23.241 23.623 23.74 23.857 23.974 24.091 24.208 24.325 24.442 24.558 24.675 24.792 24.909 25.026 25.143 25.26 25.377 25.493 25.528 25.493 25.457 25.422 25.387 25.352 25.317 25.282 25.247 25.212 25.177 25.142 25.107 25.071 25.036 25.001 24.943 24.592 24.242 23.891 23.54 23.189 22.839 22.488 22.137 21.786 21.435 21.085 20.734 20.383 20.032
0.134 0.133 0.132 0.131 0.13 0.129 0.128 0.128 0.13 0.138 0.146 0.154 0.162 0.17 0.178 0.185 0.193 0.201 0.209 0.217 0.225 0.233 0.24 0.368 0.503 0.637 0.772 0.907 1.041 1.176 1.311 1.445 1.58 1.715 1.849 1.984 2.119 2.226 2.236 2.441 2.863 3.285 3.708 4.13 4.552 4.974 5.397 5.819 6.241 6.664 7.086 7.508 7.931 8.353 8.629 8.772 9.098 9.513 10.015 10.516 11.017 11.518 12.019 12.52 13.021 13.522 14.023 14.525 15.026 15.527 16.028 16.529 16.922 17.239 17.628 18.017 18.405 18.794 19.182 19.571 19.96 20.348 20.737 21.125 21.514 21.903 22.291 22.68 23.057 23.174 23.291 23.408 23.525 23.642 23.758 23.875 23.992 24.109 24.226 24.343 24.46 24.577 24.693 24.81 24.977 25.168 25.184 25.154 25.125 25.095 25.065 25.035 25.005 24.975 24.946 24.916 24.886 24.856 24.826 24.796 24.767 24.708 24.363 24.017 23.672 23.326 22.981 22.636 22.29 21.945 21.599 21.254 20.908 20.563 20.217 19.872
0.131 0.13 0.129 0.128 0.127 0.126 0.126 0.126 0.125 0.129 0.137 0.145 0.153 0.161 0.168 0.176 0.184 0.192 0.2 0.208 0.216 0.223 0.231 0.361 0.496 0.63 0.765 0.9 1.034 1.169 1.304 1.438 1.573 1.708 1.842 1.977 2.102 2.113 2.123 2.334 2.756 3.179 3.601 4.023 4.446 4.868 5.29 5.712 6.135 6.557 6.979 7.402 7.824 8.141 8.284 8.428 8.755 9.082 9.533 10.034 10.535 11.036 11.537 12.038 12.539 13.041 13.542 14.043 14.544 15.045 15.546 16.047 16.437 16.73 17.066 17.455 17.844 18.232 18.621 19.009 19.398 19.787 20.175 20.564 20.952 21.341 21.73 22.118 22.491 22.608 22.725 22.842 22.959 23.075 23.192 23.309 23.426 23.543 23.66 23.777 23.894 24.01 24.127 24.276 24.516 24.705 24.859 24.838 24.808 24.778 24.749 24.719 24.689 24.659 24.629 24.599 24.57 24.54 24.51 24.48 24.45 24.387 24.041 23.696 23.35 23.005 22.659 22.314 21.969 21.623 21.278 20.932 20.587 20.241 19.896 19.55
0.128 0.127 0.126 0.125 0.124 0.124 0.123 0.123 0.123 0.122 0.128 0.136 0.144 0.151 0.159 0.167 0.175 0.183 0.191 0.199 0.206 0.214 0.222 0.354 0.488 0.623 0.758 0.892 1.027 1.162 1.296 1.431 1.566 1.7 1.835 1.97 1.989 1.999 2.01 2.227 2.65 3.072 3.494 3.917 4.339 4.761 5.184 5.606 6.028 6.45 6.873 7.295 7.653 7.796 7.938 8.085 8.412 8.739 9.067 9.552 10.053 10.554 11.056 11.557 12.058 12.559 13.06 13.561 14.062 14.563 15.064 15.565 15.952 16.245 16.538 16.893 17.282 17.671 18.059 18.448 18.836 19.225 19.614 20.002 20.391 20.779 21.168 21.557 21.925 22.042 22.159 22.276 22.392 22.509 22.626 22.743 22.86 22.977 23.094 23.211 23.327 23.444 23.575 23.815 24.055 24.243 24.396 24.522 24.492 24.462 24.432 24.403 24.373 24.343 24.313 24.283 24.253 24.224 24.194 24.164 24.134 24.065 23.72 23.374 23.029 22.683 22.338 21.992 21.647 21.301 20.956 20.611 20.265 19.92 19.574 19.229
0.125 0.125 0.124 0.123 0.122 0.121 0.12 0.12 0.12 0.12 0.12 0.127 0.134 0.142 0.15 0.158 0.166 0.174 0.182 0.189 0.197 0.205 0.213 0.347 0.481 0.616 0.751 0.885 1.02 1.155 1.289 1.424 1.559 1.693 1.828 1.866 1.876 1.886 1.897 2.121 2.543 2.965 3.388 3.81 4.232 4.655 5.077 5.499 5.922 6.344 6.766 7.165 7.308 7.45 7.592 7.743 8.07 8.397 8.724 9.07 9.572 10.073 10.574 11.075 11.576 12.077 12.578 13.079 13.58 14.081 14.583 15.084 15.467 15.76 16.053 16.345 16.72 17.109 17.498 17.886 18.275 18.663 19.052 19.441 19.829 20.218 20.606 20.995 21.359 21.476 21.593 21.709 21.826 21.943 22.06 22.177 22.294 22.411 22.528 22.644 22.761 22.878 23.114 23.354 23.594 23.78 23.934 24.087 24.176 24.146 24.116 24.086 24.056 24.027 23.997 23.967 23.937 23.907 23.877 23.848 23.818 23.743 23.398 23.052 22.707 22.362 22.016 21.671 21.325 20.98 20.634 20.289 19.943 19.598 19.253 19.071
0.123 0.122 0.121 0.12 0.119 0.118 0.118 0.117 0.117 0.117 0.117 0.117 0.125 0.133 0.141 0.149 0.157 0.165 0.172 0.18 0.188 0.196 0.205 0.34 0.474 0.609 0.744 0.878 1.013 1.148 1.282 1.417 1.552 1.686 1.742 1.752 1.763 1.773 1.783 2.014 2.437 2.859 3.281 3.703 4.126 4.548 4.97 5.393 5.815 6.237 6.66 6.82 6.962 7.104 7.247 7.4 7.727 8.054 8.381 8.708 9.09 9.591 10.092 10.593 11.094 11.595 12.096 12.598 13.099 13.6 14.101 14.602 14.981 15.274 15.567 15.86 16.159 16.547 16.936 17.325 17.713 18.102 18.49 18.879 19.268 19.656 20.045 20.433 20.793 20.91 21.026 21.143 21.26 21.377 21.494 21.611 21.728 21.845 21.961 22.078 22.195 22.413 22.653 22.893 23.133 23.318 23.471 23.625 23.778 23.83 23.8 23.77 23.74 23.71 23.681 23.651 23.621 23.591 23.561 23.531 23.502 23.422 23.076 22.731 22.385 22.04 21.694 21.349 21.004 20.658 20.313 19.967 19.622 19.276 19.051 19.004
0.12 0.119 0.118 0.117 0.116 0.115 0.115 0.115 0.114 0.114 0.114 0.114 0.116 0.124 0.132 0.14 0.148 0.155 0.163 0.171 0.179 0.187 0.198 0.332 0.467 0.602 0.736 0.871 1.006 1.14 1.275 1.41 1.544 1.618 1.629 1.639 1.649 1.66 1.67 1.908 2.33 2.752 3.175 3.597 4.019 4.441 4.864 5.286 5.708 6.131 6.332 6.474 6.616 6.759 6.901 7.057 7.384 7.711 8.038 8.365 8.693 9.109 9.61 10.111 10.612 11.114 11.615 12.116 12.617 13.118 13.619 14.12 14.496 14.789 15.082 15.375 15.668 15.986 16.374 16.763 17.152 17.54 17.929 18.317 18.706 19.095 19.483 19.872 20.226 20.343 20.46 20.577 20.694 20.811 20.928 21.045 21.161 21.278 21.395 21.512 21.712 21.952 22.192 22.432 22.671 22.855 23.009 23.162 23.316 23.469 23.484 23.454 23.424 23.394 23.364 23.334 23.305 23.275 23.245 23.215 23.185 23.1 22.755 22.409 22.064 21.718 21.373 21.027 20.682 20.337 19.991 19.646 19.3 19.032 18.985 18.938
0.117 0.116 0.115 0.114 0.114 0.113 0.112 0.112 0.112 0.112 0.111 0.111 0.111 0.115 0.123 0.131 0.138 0.146 0.154 0.162 0.17 0.178 0.191 0.325 0.46 0.595 0.729 0.864 0.999 1.133 1.268 1.403 1.495 1.505 1.516 1.526 1.536 1.546 1.557 1.801 2.223 2.646 3.068 3.49 3.913 4.335 4.757 5.18 5.602 5.844 5.986 6.128 6.271 6.413 6.555 6.715 7.042 7.369 7.696 8.023 8.35 8.677 9.128 9.63 10.131 10.632 11.133 11.634 12.135 12.636 13.137 13.638 14.011 14.304 14.597 14.89 15.183 15.476 15.813 16.201 16.59 16.979 17.367 17.756 18.144 18.533 18.922 19.31 19.66 19.777 19.894 20.011 20.128 20.245 20.362 20.478 20.595 20.712 20.829 21.011 21.251 21.491 21.731 21.971 22.21 22.393 22.546 22.7 22.853 23.007 23.16 23.137 23.108 23.078 23.048 23.018 22.988 22.958 22.929 22.899 22.869 22.778 22.433 22.088 21.742 21.397 21.051 20.706 20.36 20.015 19.669 19.324 19.012 18.966 18.919 18.872
0.115 0.114 0.113 0.112 0.111 0.11 0.109 0.109 0.109 0.109 0.109 0.109 0.108 0.108 0.114 0.121 0.129 0.137 0.145 0.153 0.161 0.169 0.183 0.318 0.453 0.588 0.722 0.857 0.992 1.126 1.261 1.371 1.382 1.392 1.402 1.413 1.423 1.433 1.443 1.694 2.117 2.539 2.961 3.384 3.806 4.228 4.651 5.073 5.356 5.498 5.64 5.783 5.925 6.067 6.209 6.372 6.699 7.026 7.353 7.68 8.007 8.334 8.661 9.148 9.649 10.15 10.651 11.152 11.653 12.154 12.656 13.157 13.526 13.819 14.112 14.405 14.698 14.99 15.283 15.64 16.028 16.417 16.806 17.194 17.583 17.971 18.36 18.748 19.094 19.211 19.328 19.445 19.562 19.679 19.795 19.912 20.029 20.146 20.31 20.55 20.79 21.03 21.27 21.51 21.749 21.93 22.084 22.237 22.391 22.544 22.698 22.821 22.791 22.762 22.732 22.702 22.672 22.642 22.612 22.583 22.553 22.457 22.111 21.766 21.42 21.075 20.73 20.384 20.039 19.693 19.348 19.002 18.946 18.9 18.853 18.806
0.112 0.111 0.11 0.109 0.108 0.107 0.107 0.106 0.106 0.106 0.106 0.106 0.106 0.105 0.105 0.112 0.12 0.128 0.136 0.144 0.152 0.159 0.176 0.311 0.446 0.58 0.715 0.85 0.984 1.119 1.248 1.258 1.268 1.279 1.289 1.299 1.31 1.32 1.33 1.588 2.01 2.432 2.855 3.277 3.699 4.122 4.544 4.868 5.01 5.152 5.295 5.437 5.579 5.721 5.864 6.029 6.356 6.683 7.01 7.337 7.664 7.992 8.319 8.666 9.167 9.668 10.169 10.671 11.172 11.673 12.174 12.675 13.041 13.334 13.627 13.919 14.212 14.505 14.798 15.091 15.467 15.855 16.244 16.632 17.021 17.41 17.798 18.187 18.528 18.645 18.762 18.879 18.996 19.112 19.229 19.346 19.463 19.61 19.849 20.089 20.329 20.569 20.809 21.048 21.288 21.468 21.621 21.775 21.928 22.082 22.235 22.389 22.475 22.445 22.415 22.386 22.356 22.326 22.296 22.266 22.236 22.135 21.79 21.444 21.099 20.753 20.408 20.062 19.717 19.372 19.026 18.927 18.88 18.833 18.787 18.74
0.109 0.108 0.107 0.106 0.105 0.104 0.104 0.104 0.104 0.103 0.103 0.103 0.103 0.103 0.103 0.103 0.111 0.119 0.127 0.135 0.142 0.15 0.169 0.304 0.439 0.573 0.708 0.843 0.977 1.112 1.134 1.145 1.155 1.165 1.176 1.186 1.196 1.207 1.217 1.481 1.904 2.326 2.748 3.17 3.593 4.015 4.38 4.522 4.664 4.807 4.949 5.091 5.233 5.376 5.518 5.687 6.014 6.341 6.668 6.995 7.322 7.649 7.976 8.303 8.685 9.187 9.688 10.189 10.69 11.191 11.692 12.193 12.556 12.848 13.141 13.434 13.727 14.02 14.313 14.606 14.905 15.294 15.682 16.071 16.459 16.848 17.237 17.625 17.962 18.079 18.196 18.313 18.429 18.546 18.663 18.78 18.909 19.149 19.388 19.628 19.868 20.108 20.348 20.587 20.827 21.005 21.159 21.312 21.466 21.619 21.773 21.926 22.08 22.129 22.099 22.069 22.04 22.01 21.98 21.95 21.92 21.814 21.468 21.123 20.777 20.432 20.086 19.741 19.395 19.05 18.908 18.861 18.814 18.767 18.72 18.674
0.106 0.105 0.104 0.104 0.103 0.102 0.101 0.101 0.101 0.101 0.101 0.1 0.1 0.1 0.1 0.1 0.102 0.11 0.118 0.125 0.133 0.141 0.162 0.297 0.431 0.566 0.701 0.835 0.97 1.011 1.021 1.032 1.042 1.052 1.062 1.073 1.083 1.093 1.104 1.375 1.797 2.219 2.642 3.064 3.486 3.892 4.034 4.176 4.319 4.461 4.603 4.745 4.888 5.03 5.172 5.344 5.671 5.998 6.325 6.652 6.979 7.306 7.633 7.96 8.287 8.705 9.206 9.707 10.208 10.709 11.21 11.711 12.07 12.363 12.656 12.949 13.242 13.535 13.828 14.121 14.414 14.732 15.121 15.509 15.898 16.286 16.675 17.064 17.396 17.513 17.629 17.746 17.863 17.98 18.097 18.214 18.448 18.688 18.927 19.167 19.407 19.647 19.887 20.126 20.366 20.543 20.696 20.85 21.003 21.157 21.31 21.464 21.617 21.771 21.783 21.753 21.723 21.693 21.664 21.634 21.604 21.492 21.146 20.801 20.456 20.11 19.765 19.419 19.074 18.888 18.842 18.795 18.748 18.701 18.654 18.608
0.104 0.103 0.102 0.101 0.1 0.099 0.098 0.098 0.098 0.098 0.098 0.098 0.097 0.097 0.097 0.097 0.097 0.101 0.108 0.116 0.124 0.132 0.155 0.29 0.424 0.559 0.694 0.828 0.887 0.898 0.908 0.918 0.929 0.939 0.949 0.96 0.97 0.98 0.99 1.268 1.69 2.113 2.535 2.957 3.38 3.546 3.688 3.831 3.973 4.115 4.257 4.4 4.542 4.684 4.827 5.001 5.328 5.655 5.982 6.309 6.636 6.963 7.29 7.618 7.945 8.272 8.724 9.225 9.726 10.227 10.729 11.23 11.585 11.878 12.171 12.464 12.757 13.05 13.343 13.636 13.928 14.221 14.559 14.948 15.336 15.725 16.113 16.502 16.83 16.946 17.063 17.18 17.297 17.414 17.531 17.747 17.987 18.226 18.466 18.706 18.946 19.186 19.425 19.665 19.905 20.08 20.234 20.387 20.541 20.694 20.848 21.001 21.155 21.308 21.461 21.437 21.407 21.377 21.347 21.318 21.288 21.17 20.825 20.479 20.134 19.788 19.443 19.098 18.869 18.822 18.775 18.729 18.682 18.635 18.588 18.541
0.102 0.1 0.099 0.098 0.097 0.096 0.096 0.096 0.095 0.095 0.095 0.095 0.095 0.095 0.094 0.094 0.094 0.094 0.099 0.107 0.115 0.123 0.148 0.283 0.417 0.552 0.687 0.764 0.774 0.784 0.795 0.805 0.815 0.826 0.836 0.846 0.857 0.867 0.877 1.161 1.584 2.006 2.428 2.851 3.058 3.2 3.343 3.485 3.627 3.769 3.912 4.054 4.196 4.339 4.481 4.658 4.985 5.313 5.64 5.967 6.294 6.621 6.948 7.275 7.602 7.929 8.256 8.743 9.245 9.746 10.247 10.748 11.1 11.393 11.686 11.979 12.272 12.564 12.857 13.15 13.443 13.736 14.029 14.386 14.775 15.163 15.552 15.94 16.263 16.38 16.497 16.614 16.731 16.848 17.046 17.286 17.526 17.765 18.005 18.245 18.485 18.725 18.964 19.204 19.444 19.618 19.771 19.925 20.078 20.232 20.385 20.539 20.692 20.845 20.999 21.121 21.091 21.061 21.031 21.001 20.971 20.849 20.503 20.158 19.812 19.467 19.121 18.85 18.803 18.756 18.709 18.662 18.616 18.569 18.522 18.475
0.1 0.098 0.096 0.095 0.094 0.093 0.093 0.093 0.093 0.092 0.092 0.092 0.092 0.092 0.092 0.092 0.091 0.091 0.091 0.098 0.106 0.114 0.141 0.275 0.41 0.545 0.64 0.651 0.661 0.671 0.681 0.692 0.702 0.712 0.723 0.733 0.743 0.754 0.764 1.055 1.477 1.9 2.322 2.57 2.712 2.855 2.997 3.139 3.281 3.424 3.566 3.708 3.851 3.993 4.135 4.316 4.643 4.97 5.297 5.624 5.951 6.278 6.605 6.932 7.259 7.586 7.913 8.262 8.763 9.264 9.765 10.266 10.615 10.908 11.201 11.493 11.786 12.079 12.372 12.665 12.958 13.251 13.544 13.837 14.213 14.602 14.99 15.379 15.697 15.814 15.931 16.048 16.165 16.345 16.585 16.825 17.065 17.304 17.544 17.784 18.024 18.264 18.503 18.743 18.983 19.155 19.309 19.462 19.616 19.769 19.923 20.076 20.229 20.383 20.536 20.69 20.775 20.745 20.715 20.685 20.655 20.527 20.182 19.836 19.491 19.145 18.83 18.783 18.737 18.69 18.643 18.596 18.55 18.503 18.456 18.409
0.098 0.096 0.094 0.093 0.092 0.091 0.09 0.09 0.09 0.09 0.09 0.089 0.089 0.089 0.089 0.089 0.089 0.088 0.088 0.089 0.097 0.105 0.134 0.268 0.403 0.517 0.527 0.537 0.548 0.558 0.568 0.579 0.589 0.599 0.609 0.62 0.63 0.64 0.651 0.948 1.371 1.793 2.082 2.224 2.367 2.509 2.651 2.793 2.936 3.078 3.22 3.363 3.505 3.647 3.79 3.973 4.3 4.627 4.954 5.281 5.608 5.935 6.262 6.589 6.916 7.244 7.571 7.898 8.281 8.782 9.283 9.784 10.13 10.422 10.715 11.008 11.301 11.594 11.887 12.18 12.473 12.766 13.059 13.352 13.651 14.04 14.429 14.817 15.131 15.248 15.365 15.482 15.644 15.884 16.124 16.364 16.603 16.843 17.083 17.323 17.563 17.802 18.042 18.282 18.522 18.693 18.846 19.0 19.153 19.307 19.46 19.613 19.767 19.92 20.074 20.227 20.381 20.428 20.399 20.369 20.339 20.205 19.86 19.514 19.169 18.824 18.764 18.717 18.671 18.624 18.577 18.53 18.483 18.437 18.39 18.343
0.096 0.094 0.092 0.09 0.089 0.088 0.088 0.087 0.087 0.087 0.087 0.087 0.087 0.086 0.086 0.086 0.086 0.086 0.086 0.085 0.088 0.095 0.127 0.261 0.393 0.403 0.414 0.424 0.434 0.445 0.455 0.465 0.476 0.486 0.496 0.507 0.517 0.527 0.537 0.842 1.264 1.594 1.736 1.879 2.021 2.163 2.305 2.448 2.59 2.732 2.875 3.017 3.159 3.301 3.444 3.63 3.957 4.284 4.612 4.939 5.266 5.593 5.92 6.247 6.574 6.901 7.228 7.555 7.882 8.3 8.802 9.303 9.644 9.937 10.23 10.523 10.816 11.109 11.402 11.695 11.988 12.281 12.573 12.866 13.159 13.478 13.867 14.256 14.565 14.682 14.799 14.943 15.183 15.423 15.663 15.903 16.142 16.382 16.622 16.862 17.102 17.341 17.581 17.821 18.061 18.23 18.384 18.537 18.691 18.844 18.998 19.151 19.304 19.458 19.611 19.765 19.918 20.072 20.082 20.053 20.023 19.884 19.538 19.193 18.847 18.745 18.698 18.651 18.604 18.558 18.511 18.464 18.417 18.37 18.324 18.277
0.095 0.093 0.09 0.088 0.086 0.085 0.085 0.085 0.084 0.084 0.084 0.084 0.084 0.084 0.083 0.083 0.083 0.083 0.083 0.083 0.083 0.086 0.119 0.254 0.28 0.29 0.3 0.311 0.321 0.331 0.342 0.352 0.362 0.373 0.383 0.393 0.404 0.414 0.424 0.735 1.106 1.248 1.391 1.533 1.675 1.817 1.96 2.102 2.244 2.387 2.529 2.671 2.813 2.956 3.098 3.288 3.615 3.942 4.269 4.596 4.923 5.25 5.577 5.904 6.231 6.558 6.885 7.212 7.539 7.866 8.32 8.821 9.159 9.452 9.745 10.038 10.331 10.624 10.917 11.21 11.502 11.795 12.088 12.381 12.674 12.967 13.305 13.694 13.999 14.116 14.243 14.482 14.722 14.962 15.202 15.442 15.681 15.921 16.161 16.401 16.641 16.88 17.12 17.36 17.6 17.768 17.921 18.075 18.228 18.382 18.535 18.688 18.842 18.995 19.149 19.302 19.456 19.609 19.763 19.736 19.706 19.562 19.217 18.871 18.725 18.679 18.632 18.585 18.538 18.491 18.445 18.398 18.351 18.304 18.258 18.211
0.093 0.091 0.089 0.087 0.085 0.083 0.082 0.082 0.082 0.082 0.081 0.081 0.081 0.081 0.081 0.081 0.08 0.08 0.08 0.08 0.08 0.08 0.112 0.156 0.167 0.177 0.187 0.198 0.208 0.218 0.228 0.239 0.249 0.259 0.27 0.28 0.29 0.301 0.311 0.618 0.76 0.903 1.045 1.187 1.329 1.472 1.614 1.756 1.899 2.041 2.183 2.325 2.468 2.61 2.752 2.945 3.272 3.599 3.926 4.253 4.58 4.907 5.234 5.561 5.888 6.215 6.543 6.87 7.197 7.524 7.851 8.339 8.674 8.967 9.26 9.553 9.846 10.139 10.431 10.724 11.017 11.31 11.603 11.896 12.189 12.482 12.775 13.132 13.433 13.55 13.781 14.021 14.261 14.501 14.741 14.98 15.22 15.46 15.7 15.94 16.18 16.419 16.659 16.899 17.139 17.305 17.459 17.612 17.766 17.919 18.072 18.226 18.379 18.533 18.686 18.84 18.993 19.147 19.3 19.42 19.39 19.24 18.895 18.706 18.659 18.612 18.566 18.519 18.472 18.425 18.379 18.332 18.285 18.238 18.191 18.145
0.088 0.086 0.084 0.082 0.08 0.079 0.079 0.079 0.079 0.079 0.078 0.078 0.078 0.078 0.078 0.078 0.078 0.077 0.077 0.077 0.077 0.077 0.077 0.085 0.094 0.102 0.111 0.119 0.128 0.137 0.145 0.154 0.163 0.171 0.18 0.188 0.197 0.206 0.214 0.321 0.457 0.594 0.731 0.868 1.004 1.141 1.278 1.415 1.553 1.695 1.837 1.98 2.122 2.264 2.407 2.602 2.929 3.256 3.583 3.91 4.238 4.565 4.892 5.219 5.546 5.873 6.2 6.527 6.854 7.181 7.508 7.857 8.189 8.482 8.775 9.067 9.36 9.653 9.946 10.239 10.532 10.825 11.118 11.411 11.704 11.997 12.29 12.582 12.867 13.081 13.32 13.56 13.8 14.04 14.28 14.519 14.759 14.999 15.239 15.479 15.718 15.958 16.198 16.438 16.678 16.843 16.996 17.15 17.303 17.456 17.61 17.763 17.917 18.07 18.224 18.377 18.531 18.684 18.838 18.991 19.074 18.919 18.687 18.64 18.593 18.546 18.5 18.453 18.406 18.359 18.312 18.266 18.219 18.172 18.125 18.078
0.082 0.08 0.078 0.076 0.075 0.075 0.076 0.076 0.076 0.076 0.075 0.075 0.075 0.075 0.075 0.075 0.074 0.074 0.074 0.074 0.074 0.074 0.074 0.076 0.085 0.094 0.102 0.111 0.12 0.128 0.137 0.145 0.154 0.163 0.171 0.18 0.189 0.197 0.206 0.314 0.451 0.588 0.724 0.861 0.998 1.135 1.272 1.408 1.545 1.682 1.819 1.955 2.092 2.229 2.361 2.451 2.72 3.045 3.369 3.694 4.018 4.343 4.667 4.992 5.316 5.641 5.965 6.29 6.614 6.939 7.263 7.588 7.856 8.145 8.433 8.722 9.011 9.3 9.588 9.877 10.166 10.454 10.743 11.032 11.321 11.609 11.898 12.187 12.421 12.659 12.897 13.134 13.372 13.61 13.848 14.085 14.323 14.561 14.799 15.036 15.274 15.512 15.749 15.987 16.225 16.386 16.538 16.689 16.84 16.994 17.147 17.301 17.454 17.608 17.761 17.915 18.068 18.222 18.375 18.529 18.682 18.667 18.621 18.574 18.527 18.48 18.433 18.387 18.34 18.293 18.246 18.2 18.153 18.106 18.059 18.012
0.076 0.074 0.072 0.07 0.071 0.071 0.072 0.072 0.073 0.072 0.072 0.072 0.072 0.072 0.072 0.072 0.071 0.071 0.071 0.071 0.071 0.071 0.071 0.073 0.077 0.085 0.094 0.102 0.111 0.12 0.128 0.137 0.146 0.154 0.163 0.171 0.18 0.189 0.197 0.308 0.445 0.581 0.718 0.855 0.992 1.128 1.265 1.402 1.539 1.676 1.812 1.949 2.086 2.223 2.276 2.367 2.56 2.856 3.18 3.505 3.829 4.154 4.478 4.803 5.127 5.452 5.776 6.101 6.426 6.75 7.075 7.399 7.649 7.913 8.201 8.49 8.779 9.067 9.356 9.645 9.934 10.222 10.511 10.8 11.088 11.377 11.666 11.955 12.176 12.321 12.558 12.796 13.034 13.272 13.509 13.747 13.985 14.223 14.46 14.698 14.936 15.174 15.411 15.649 15.887 16.047 16.198 16.349 16.501 16.652 16.804 16.955 17.106 17.258 17.409 17.561 17.712 17.863 18.015 18.166 18.314 18.409 18.389 18.346 18.303 18.26 18.217 18.174 18.131 18.088 18.045 18.002 17.959 17.916 17.873 17.829
0.071 0.069 0.067 0.067 0.067 0.067 0.068 0.069 0.069 0.069 0.069 0.069 0.069 0.069 0.069 0.068 0.068 0.068 0.068 0.068 0.068 0.067 0.068 0.07 0.072 0.077 0.085 0.094 0.103 0.111 0.12 0.128 0.137 0.146 0.154 0.163 0.172 0.18 0.189 0.301 0.438 0.575 0.712 0.848 0.985 1.122 1.259 1.396 1.532 1.669 1.806 1.943 2.079 2.146 2.19 2.284 2.477 2.669 2.992 3.316 3.641 3.965 4.29 4.614 4.939 5.263 5.588 5.912 6.237 6.561 6.886 7.21 7.458 7.695 7.969 8.258 8.547 8.835 9.124 9.413 9.701 9.99 10.279 10.568 10.856 11.145 11.434 11.722 11.941 12.049 12.22 12.458 12.696 12.933 13.171 13.409 13.647 13.884 14.122 14.36 14.598 14.835 15.073 15.311 15.549 15.707 15.858 16.01 16.161 16.313 16.464 16.615 16.767 16.918 17.07 17.221 17.372 17.524 17.675 17.827 17.942 18.036 18.106 18.064 18.021 17.977 17.934 17.891 17.848 17.805 17.762 17.719 17.676 17.633 17.59 17.547
0.065 0.063 0.063 0.063 0.063 0.064 0.064 0.065 0.066 0.066 0.066 0.066 0.066 0.066 0.066 0.065 0.065 0.065 0.065 0.065 0.065 0.064 0.065 0.067 0.068 0.07 0.077 0.085 0.094 0.103 0.111 0.12 0.129 0.137 0.146 0.155 0.163 0.172 0.18 0.295 0.432 0.568 0.705 0.842 0.979 1.116 1.252 1.389 1.526 1.663 1.799 1.936 2.016 2.06 2.104 2.201 2.393 2.586 2.803 3.128 3.452 3.777 4.101 4.426 4.75 5.075 5.399 5.724 6.048 6.373 6.697 7.022 7.268 7.504 7.74 8.026 8.314 8.603 8.892 9.181 9.469 9.758 10.047 10.335 10.624 10.913 11.202 11.49 11.705 11.814 11.923 12.12 12.358 12.595 12.833 13.071 13.309 13.546 13.784 14.022 14.259 14.497 14.735 14.973 15.21 15.367 15.519 15.67 15.822 15.973 16.124 16.276 16.427 16.579 16.73 16.881 17.033 17.184 17.335 17.457 17.571 17.664 17.733 17.781 17.738 17.695 17.652 17.609 17.566 17.522 17.479 17.436 17.393 17.35 17.307 17.264
0.059 0.058 0.059 0.059 0.06 0.06 0.061 0.061 0.062 0.063 0.063 0.063 0.063 0.063 0.062 0.062 0.062 0.062 0.062 0.062 0.061 0.061 0.062 0.064 0.065 0.067 0.069 0.077 0.086 0.094 0.103 0.112 0.12 0.129 0.137 0.146 0.155 0.163 0.172 0.289 0.425 0.562 0.699 0.836 0.972 1.109 1.246 1.383 1.52 1.656 1.793 1.887 1.931 1.975 2.019 2.118 2.31 2.503 2.695 2.939 3.263 3.588 3.912 4.237 4.561 4.886 5.21 5.535 5.86 6.184 6.509 6.833 7.078 7.314 7.55 7.794 8.082 8.371 8.66 8.948 9.237 9.526 9.815 10.103 10.392 10.681 10.969 11.258 11.47 11.579 11.688 11.796 12.019 12.257 12.495 12.733 12.97 13.208 13.446 13.684 13.921 14.159 14.397 14.635 14.872 15.028 15.179 15.331 15.482 15.633 15.785 15.936 16.088 16.239 16.39 16.542 16.693 16.844 16.971 17.085 17.199 17.291 17.361 17.43 17.455 17.412 17.369 17.326 17.283 17.24 17.197 17.154 17.111 17.067 17.024 16.981
0.054 0.055 0.055 0.055 0.056 0.056 0.057 0.057 0.058 0.059 0.059 0.06 0.06 0.059 0.059 0.059 0.059 0.059 0.059 0.059 0.058 0.058 0.059 0.061 0.062 0.064 0.066 0.069 0.077 0.086 0.094 0.103 0.112 0.12 0.129 0.138 0.146 0.155 0.163 0.282 0.419 0.556 0.692 0.829 0.966 1.103 1.24 1.376 1.513 1.65 1.757 1.801 1.845 1.889 1.933 2.034 2.227 2.42 2.612 2.805 3.075 3.399 3.724 4.048 4.373 4.697 5.022 5.346 5.671 5.995 6.32 6.644 6.888 7.124 7.36 7.596 7.85 8.139 8.428 8.716 9.005 9.294 9.582 9.871 10.16 10.449 10.737 11.026 11.235 11.344 11.452 11.561 11.681 11.919 12.157 12.394 12.632 12.87 13.108 13.345 13.583 13.821 14.059 14.296 14.534 14.688 14.84 14.991 15.142 15.294 15.445 15.597 15.748 15.899 16.051 16.202 16.353 16.486 16.599 16.713 16.827 16.919 16.988 17.058 17.127 17.129 17.086 17.043 17.0 16.957 16.914 16.871 16.828 16.785 16.742 16.699
0.051 0.051 0.051 0.052 0.052 0.052 0.053 0.054 0.054 0.055 0.056 0.056 0.057 0.056 0.056 0.056 0.056 0.056 0.056 0.055 0.055 0.055 0.056 0.057 0.059 0.061 0.063 0.065 0.069 0.077 0.086 0.095 0.103 0.112 0.12 0.129 0.138 0.146 0.155 0.276 0.413 0.549 0.686 0.823 0.96 1.096 1.233 1.37 1.507 1.628 1.672 1.716 1.759 1.803 1.847 1.951 2.144 2.336 2.529 2.721 2.914 3.211 3.535 3.86 4.184 4.509 4.833 5.158 5.482 5.807 6.131 6.456 6.698 6.934 7.17 7.406 7.642 7.907 8.195 8.484 8.773 9.062 9.35 9.639 9.928 10.216 10.505 10.794 11.0 11.109 11.217 11.326 11.435 11.581 11.819 12.056 12.294 12.532 12.769 13.007 13.245 13.483 13.72 13.958 14.196 14.349 14.5 14.651 14.803 14.954 15.105 15.257 15.408 15.56 15.711 15.862 16.0 16.114 16.228 16.341 16.455 16.546 16.616 16.685 16.755 16.824 16.804 16.76 16.717 16.674 16.631 16.588 16.545 16.502 16.459 16.416
0.047 0.047 0.048 0.048 0.048 0.049 0.049 0.05 0.051 0.051 0.052 0.053 0.053 0.053 0.053 0.053 0.053 0.053 0.053 0.052 0.052 0.052 0.053 0.054 0.056 0.058 0.06 0.062 0.064 0.069 0.077 0.086 0.095 0.103 0.112 0.121 0.129 0.138 0.146 0.269 0.406 0.543 0.68 0.816 0.953 1.09 1.227 1.364 1.498 1.542 1.586 1.63 1.674 1.718 1.762 1.868 2.061 2.253 2.446 2.638 2.831 3.023 3.346 3.671 3.995 4.32 4.644 4.969 5.294 5.618 5.943 6.267 6.508 6.744 6.98 7.216 7.452 7.688 7.963 8.252 8.541 8.829 9.118 9.407 9.696 9.984 10.273 10.562 10.765 10.873 10.982 11.091 11.199 11.308 11.48 11.718 11.956 12.194 12.431 12.669 12.907 13.145 13.382 13.62 13.858 14.009 14.16 14.312 14.463 14.614 14.766 14.917 15.069 15.22 15.371 15.515 15.628 15.742 15.856 15.97 16.083 16.174 16.243 16.313 16.382 16.452 16.521 16.478 16.435 16.392 16.349 16.305 16.262 16.219 16.176 16.133
0.043 0.043 0.044 0.044 0.045 0.045 0.046 0.046 0.047 0.048 0.048 0.049 0.05 0.05 0.05 0.05 0.05 0.05 0.049 0.049 0.049 0.049 0.05 0.051 0.053 0.055 0.057 0.059 0.061 0.062 0.069 0.078 0.086 0.095 0.103 0.112 0.121 0.129 0.138 0.263 0.4 0.536 0.673 0.81 0.947 1.084 1.22 1.357 1.412 1.456 1.5 1.544 1.588 1.632 1.676 1.785 1.977 2.17 2.362 2.555 2.747 2.94 3.158 3.482 3.807 4.131 4.456 4.78 5.105 5.429 5.754 6.078 6.318 6.554 6.79 7.026 7.262 7.498 7.734 8.02 8.309 8.597 8.886 9.175 9.463 9.752 10.041 10.329 10.53 10.638 10.747 10.856 10.964 11.073 11.182 11.38 11.618 11.855 12.093 12.331 12.569 12.806 13.044 13.282 13.518 13.669 13.821 13.972 14.123 14.275 14.426 14.578 14.729 14.88 15.029 15.143 15.257 15.37 15.484 15.598 15.712 15.801 15.871 15.94 16.01 16.079 16.149 16.195 16.152 16.109 16.066 16.023 15.98 15.937 15.894 15.85
0.039 0.04 0.04 0.04 0.041 0.041 0.042 0.043 0.043 0.044 0.044 0.045 0.046 0.046 0.047 0.047 0.047 0.047 0.046 0.046 0.046 0.046 0.046 0.048 0.05 0.052 0.054 0.056 0.058 0.059 0.061 0.069 0.078 0.086 0.095 0.104 0.112 0.121 0.13 0.257 0.393 0.53 0.667 0.804 0.94 1.077 1.214 1.283 1.327 1.371 1.415 1.459 1.503 1.546 1.59 1.702 1.894 2.087 2.279 2.472 2.664 2.857 3.049 3.294 3.618 3.943 4.267 4.592 4.916 5.241 5.565 5.89 6.128 6.364 6.6 6.836 7.072 7.308 7.544 7.788 8.076 8.365 8.654 8.943 9.231 9.52 9.809 10.097 10.294 10.403 10.512 10.621 10.729 10.838 10.947 11.055 11.279 11.517 11.755 11.993 12.23 12.468 12.706 12.944 13.178 13.33 13.481 13.632 13.784 13.935 14.087 14.238 14.389 14.541 14.657 14.771 14.885 14.998 15.112 15.226 15.34 15.428 15.498 15.568 15.637 15.707 15.776 15.846 15.869 15.826 15.783 15.74 15.697 15.654 15.611 15.568
0.036 0.036 0.036 0.037 0.037 0.037 0.038 0.039 0.039 0.04 0.041 0.041 0.042 0.043 0.043 0.044 0.044 0.043 0.043 0.043 0.043 0.043 0.043 0.045 0.047 0.049 0.051 0.053 0.054 0.056 0.058 0.061 0.069 0.078 0.087 0.095 0.104 0.112 0.121 0.25 0.387 0.524 0.66 0.797 0.934 1.071 1.153 1.197 1.241 1.285 1.329 1.373 1.417 1.461 1.505 1.618 1.811 2.003 2.196 2.388 2.581 2.773 2.966 3.158 3.429 3.754 4.078 4.403 4.728 5.052 5.377 5.701 5.937 6.173 6.41 6.646 6.882 7.118 7.354 7.59 7.844 8.133 8.422 8.71 8.999 9.288 9.576 9.865 10.059 10.168 10.277 10.385 10.494 10.603 10.711 10.82 10.941 11.179 11.417 11.655 11.892 12.13 12.368 12.605 12.839 12.99 13.141 13.293 13.444 13.596 13.747 13.898 14.05 14.172 14.285 14.399 14.513 14.627 14.74 14.854 14.968 15.056 15.125 15.195 15.265 15.334 15.404 15.473 15.543 15.543 15.5 15.457 15.414 15.371 15.328 15.285
0.032 0.032 0.033 0.033 0.033 0.034 0.034 0.035 0.036 0.036 0.037 0.038 0.038 0.039 0.04 0.04 0.041 0.04 0.04 0.04 0.04 0.04 0.04 0.042 0.044 0.046 0.048 0.05 0.051 0.053 0.055 0.057 0.061 0.069 0.078 0.087 0.095 0.104 0.113 0.244 0.38 0.517 0.654 0.791 0.928 1.024 1.067 1.111 1.155 1.199 1.243 1.287 1.331 1.375 1.419 1.535 1.728 1.92 2.113 2.305 2.498 2.69 2.883 3.075 3.268 3.565 3.89 4.214 4.539 4.863 5.188 5.511 5.747 5.983 6.219 6.456 6.692 6.928 7.164 7.4 7.636 7.901 8.189 8.478 8.767 9.056 9.344 9.633 9.824 9.933 10.042 10.15 10.259 10.368 10.476 10.585 10.694 10.841 11.079 11.316 11.554 11.792 12.03 12.267 12.499 12.65 12.802 12.953 13.105 13.256 13.407 13.559 13.686 13.8 13.914 14.027 14.141 14.255 14.369 14.482 14.596 14.683 14.753 14.822 14.892 14.962 15.031 15.101 15.17 15.24 15.218 15.175 15.132 15.088 15.045 15.002
0.028 0.028 0.029 0.029 0.03 0.03 0.031 0.031 0.032 0.033 0.033 0.034 0.035 0.035 0.036 0.037 0.037 0.037 0.037 0.037 0.037 0.037 0.037 0.039 0.041 0.043 0.045 0.047 0.048 0.05 0.052 0.054 0.056 0.061 0.07 0.078 0.087 0.095 0.104 0.237 0.374 0.511 0.648 0.784 0.894 0.938 0.982 1.026 1.07 1.114 1.158 1.202 1.246 1.289 1.333 1.452 1.644 1.837 2.029 2.222 2.414 2.607 2.799 2.992 3.185 3.377 3.701 4.026 4.35 4.675 4.999 5.321 5.557 5.793 6.029 6.265 6.501 6.738 6.974 7.21 7.446 7.682 7.957 8.246 8.535 8.823 9.112 9.401 9.589 9.698 9.806 9.915 10.024 10.132 10.241 10.35 10.458 10.567 10.74 10.978 11.216 11.454 11.691 11.929 12.159 12.311 12.462 12.614 12.765 12.916 13.068 13.201 13.314 13.428 13.542 13.656 13.769 13.883 13.997 14.111 14.224 14.311 14.38 14.45 14.519 14.589 14.659 14.728 14.798 14.867 14.935 14.892 14.849 14.806 14.763 14.72
0.024 0.025 0.025 0.025 0.026 0.026 0.027 0.028 0.028 0.029 0.03 0.03 0.031 0.032 0.032 0.033 0.033 0.034 0.034 0.034 0.034 0.034 0.034 0.036 0.038 0.04 0.042 0.043 0.045 0.047 0.049 0.051 0.053 0.054 0.061 0.07 0.078 0.087 0.096 0.231 0.368 0.504 0.641 0.764 0.808 0.852 0.896 0.94 0.984 1.028 1.072 1.116 1.16 1.204 1.248 1.369 1.561 1.754 1.946 2.139 2.331 2.524 2.716 2.909 3.101 3.294 3.512 3.837 4.162 4.486 4.811 5.131 5.367 5.603 5.839 6.075 6.311 6.547 6.784 7.02 7.256 7.492 7.728 8.014 8.303 8.591 8.88 9.169 9.354 9.463 9.571 9.68 9.789 9.897 10.006 10.115 10.223 10.332 10.441 10.64 10.878 11.115 11.353 11.591 11.82 11.971 12.122 12.274 12.425 12.577 12.715 12.829 12.942 13.056 13.17 13.284 13.398 13.511 13.625 13.739 13.853 13.938 14.008 14.077 14.147 14.217 14.286 14.356 14.425 14.495 14.564 14.609 14.566 14.523 14.48 14.437
0.021 0.021 0.021 0.022 0.022 0.023 0.023 0.024 0.024 0.025 0.026 0.026 0.027 0.028 0.028 0.029 0.03 0.03 0.031 0.031 0.031 0.03 0.031 0.033 0.035 0.037 0.039 0.04 0.042 0.044 0.046 0.048 0.05 0.051 0.053 0.061 0.07 0.078 0.088 0.224 0.361 0.498 0.635 0.679 0.723 0.767 0.811 0.854 0.898 0.942 0.986 1.03 1.074 1.118 1.162 1.285 1.478 1.67 1.863 2.055 2.248 2.44 2.633 2.826 3.018 3.211 3.403 3.648 3.973 4.297 4.622 4.941 5.177 5.413 5.649 5.885 6.121 6.357 6.593 6.829 7.066 7.302 7.538 7.782 8.07 8.359 8.648 8.937 9.119 9.227 9.336 9.445 9.553 9.662 9.771 9.879 9.988 10.097 10.205 10.314 10.54 10.777 11.015 11.253 11.48 11.631 11.783 11.934 12.086 12.229 12.343 12.457 12.571 12.684 12.798 12.912 13.026 13.139 13.253 13.367 13.481 13.566 13.635 13.705 13.774 13.844 13.914 13.983 14.053 14.122 14.192 14.261 14.283 14.24 14.197 14.154
0.017 0.017 0.018 0.018 0.018 0.019 0.019 0.02 0.021 0.021 0.022 0.023 0.023 0.024 0.025 0.025 0.026 0.027 0.027 0.028 0.028 0.027 0.028 0.03 0.032 0.034 0.036 0.037 0.039 0.041 0.043 0.045 0.047 0.048 0.05 0.053 0.061 0.07 0.081 0.218 0.355 0.492 0.549 0.593 0.637 0.681 0.725 0.769 0.813 0.857 0.901 0.945 0.989 1.032 1.076 1.202 1.395 1.587 1.78 1.972 2.165 2.357 2.55 2.742 2.935 3.127 3.32 3.512 3.784 4.109 4.433 4.751 4.987 5.223 5.459 5.695 5.931 6.167 6.403 6.639 6.875 7.112 7.348 7.584 7.838 8.127 8.416 8.704 8.884 8.992 9.101 9.21 9.318 9.427 9.536 9.644 9.753 9.862 9.97 10.079 10.201 10.439 10.677 10.915 11.14 11.292 11.443 11.595 11.744 11.858 11.971 12.085 12.199 12.313 12.426 12.54 12.654 12.768 12.881 12.995 13.109 13.193 13.263 13.332 13.402 13.471 13.541 13.611 13.68 13.75 13.819 13.889 13.958 13.958 13.915 13.871
0.013 0.013 0.014 0.014 0.015 0.015 0.016 0.016 0.017 0.018 0.018 0.019 0.02 0.02 0.021 0.022 0.022 0.023 0.024 0.024 0.024 0.024 0.025 0.027 0.029 0.031 0.032 0.034 0.036 0.038 0.04 0.042 0.043 0.045 0.047 0.049 0.053 0.062 0.075 0.212 0.348 0.419 0.463 0.507 0.551 0.595 0.639 0.683 0.727 0.771 0.815 0.859 0.903 0.947 0.991 1.119 1.311 1.504 1.696 1.889 2.082 2.274 2.467 2.659 2.852 3.044 3.237 3.429 3.622 3.92 4.245 4.561 4.797 5.033 5.269 5.505 5.741 5.977 6.213 6.449 6.685 6.921 7.157 7.394 7.63 7.895 8.184 8.472 8.648 8.757 8.866 8.974 9.083 9.192 9.3 9.409 9.518 9.626 9.735 9.844 9.952 10.101 10.339 10.576 10.801 10.952 11.104 11.255 11.372 11.486 11.6 11.713 11.827 11.941 12.055 12.168 12.282 12.396 12.51 12.623 12.737 12.821 12.89 12.96 13.029 13.099 13.168 13.238 13.308 13.377 13.447 13.516 13.586 13.655 13.632 13.589
0.009 0.01 0.01 0.011 0.011 0.011 0.012 0.013 0.013 0.014 0.015 0.015 0.016 0.017 0.017 0.018 0.019 0.019 0.02 0.02 0.021 0.021 0.022 0.024 0.026 0.028 0.029 0.031 0.033 0.035 0.037 0.039 0.04 0.042 0.044 0.046 0.048 0.053 0.068 0.205 0.29 0.334 0.378 0.422 0.466 0.51 0.554 0.597 0.641 0.685 0.729 0.773 0.817 0.861 0.905 1.036 1.228 1.421 1.613 1.806 1.998 2.191 2.383 2.576 2.768 2.961 3.153 3.346 3.538 3.731 4.056 4.37 4.607 4.843 5.079 5.315 5.551 5.787 6.023 6.259 6.495 6.731 6.967 7.203 7.44 7.676 7.951 8.24 8.413 8.522 8.631 8.739 8.848 8.957 9.065 9.174 9.283 9.391 9.5 9.609 9.717 9.826 10.001 10.238 10.461 10.613 10.764 10.886 11.0 11.114 11.228 11.342 11.455 11.569 11.683 11.797 11.91 12.024 12.138 12.252 12.365 12.448 12.518 12.587 12.657 12.726 12.796 12.865 12.935 13.005 13.074 13.144 13.213 13.283 13.349 13.306
0.006 0.006 0.006 0.007 0.007 0.008 0.008 0.009 0.01 0.01 0.011 0.011 0.012 0.013 0.013 0.014 0.015 0.015 0.016 0.017 0.017 0.018 0.019 0.021 0.023 0.025 0.026 0.028 0.03 0.032 0.034 0.036 0.037 0.039 0.041 0.043 0.045 0.047 0.062 0.16 0.204 0.248 0.292 0.336 0.38 0.424 0.468 0.512 0.556 0.6 0.644 0.688 0.732 0.775 0.819 0.952 1.145 1.337 1.53 1.723 1.915 2.108 2.3 2.493 2.685 2.878 3.07 3.263 3.455 3.648 3.867 4.18 4.416 4.652 4.889 5.125 5.361 5.597 5.833 6.069 6.305 6.541 6.777 7.013 7.249 7.485 7.722 8.008 8.178 8.287 8.395 8.504 8.613 8.721 8.83 8.939 9.047 9.156 9.265 9.373 9.482 9.591 9.7 9.9 10.122 10.273 10.401 10.515 10.628 10.742 10.856 10.97 11.083 11.197 11.311 11.425 11.539 11.652 11.766 11.88 11.994 12.075 12.145 12.215 12.284 12.354 12.423 12.493 12.562 12.632 12.702 12.771 12.841 12.91 12.98 13.023
0.005 0.005 0.005 0.006 0.006 0.006 0.007 0.008 0.008 0.009 0.009 0.01 0.011 0.011 0.012 0.012 0.013 0.014 0.014 0.015 0.015 0.016 0.017 0.019 0.021 0.022 0.024 0.026 0.028 0.03 0.031 0.033 0.035 0.037 0.039 0.04 0.042 0.044 0.046 0.085 0.129 0.172 0.215 0.258 0.301 0.344 0.387 0.43 0.473 0.516 0.559 0.602 0.646 0.69 0.734 0.869 1.062 1.254 1.447 1.639 1.832 2.024 2.217 2.409 2.602 2.794 2.987 3.179 3.372 3.564 3.757 3.99 4.226 4.462 4.698 4.934 5.171 5.407 5.643 5.879 6.115 6.351 6.587 6.823 7.059 7.295 7.531 7.776 7.943 8.052 8.16 8.269 8.378 8.486 8.595 8.704 8.812 8.921 9.03 9.138 9.247 9.356 9.464 9.573 9.782 9.915 10.029 10.143 10.257 10.37 10.484 10.598 10.712 10.825 10.939 11.053 11.167 11.281 11.394 11.508 11.622 11.703 11.772 11.842 11.912 11.981 12.051 12.12 12.19 12.259 12.329 12.399 12.468 12.538 12.607 12.677
0.004 0.005 0.005 0.005 0.006 0.006 0.007 0.007 0.008 0.008 0.009 0.01 0.01 0.011 0.011 0.012 0.013 0.013 0.014 0.014 0.015 0.015 0.016 0.018 0.02 0.022 0.023 0.025 0.027 0.029 0.031 0.032 0.034 0.036 0.038 0.04 0.041 0.043 0.044 0.054 0.097 0.14 0.183 0.226 0.269 0.312 0.355 0.398 0.441 0.484 0.528 0.571 0.614 0.657 0.7 0.837 1.028 1.22 1.412 1.603 1.795 1.987 2.178 2.37 2.561 2.753 2.945 3.136 3.328 3.52 3.711 3.809 4.001 4.238 4.475 4.712 4.949 5.186 5.423 5.66 5.897 6.134 6.371 6.608 6.845 7.082 7.319 7.556 7.704 7.813 7.921 8.03 8.139 8.248 8.357 8.466 8.575 8.683 8.792 8.901 9.01 9.119 9.228 9.336 9.454 9.564 9.675 9.786 9.896 10.007 10.117 10.228 10.34 10.454 10.567 10.681 10.795 10.909 11.022 11.136 11.25 11.33 11.4 11.47 11.539 11.609 11.678 11.748 11.817 11.887 11.956 12.026 12.096 12.165 12.235 12.304
0.004 0.004 0.005 0.005 0.005 0.006 0.006 0.007 0.008 0.008 0.009 0.009 0.01 0.011 0.011 0.012 0.012 0.013 0.014 0.014 0.014 0.014 0.015 0.017 0.019 0.021 0.023 0.024 0.026 0.028 0.03 0.032 0.033 0.035 0.037 0.039 0.041 0.041 0.042 0.048 0.065 0.108 0.151 0.194 0.237 0.28 0.324 0.367 0.41 0.453 0.496 0.539 0.582 0.625 0.668 0.808 0.999 1.191 1.382 1.574 1.766 1.957 2.149 2.341 2.532 2.724 2.915 3.107 3.299 3.49 3.597 3.657 3.78 3.995 4.232 4.469 4.706 4.943 5.18 5.417 5.654 5.891 6.128 6.365 6.602 6.839 7.076 7.313 7.459 7.567 7.676 7.785 7.894 8.003 8.112 8.221 8.329 8.438 8.547 8.656 8.765 8.874 8.982 9.101 9.256 9.382 9.492 9.603 9.714 9.824 9.935 10.045 10.156 10.266 10.377 10.487 10.598 10.709 10.819 10.93 11.04 11.117 11.183 11.249 11.315 11.382 11.448 11.514 11.581 11.647 11.713 11.78 11.846 11.912 11.979 12.045
0.004 0.004 0.004 0.005 0.005 0.005 0.006 0.007 0.007 0.008 0.008 0.009 0.01 0.01 0.011 0.011 0.012 0.013 0.013 0.014 0.014 0.014 0.015 0.016 0.018 0.02 0.022 0.024 0.025 0.027 0.029 0.031 0.033 0.034 0.036 0.038 0.039 0.039 0.04 0.046 0.052 0.076 0.12 0.163 0.206 0.249 0.292 0.335 0.378 0.421 0.464 0.507 0.55 0.593 0.636 0.778 0.97 1.162 1.353 1.545 1.736 1.928 2.12 2.311 2.503 2.695 2.886 3.078 3.269 3.397 3.443 3.505 3.628 3.752 3.989 4.226 4.463 4.7 4.937 5.174 5.411 5.648 5.885 6.122 6.359 6.596 6.833 7.069 7.213 7.322 7.431 7.54 7.649 7.758 7.867 7.975 8.084 8.193 8.302 8.411 8.52 8.628 8.739 8.901 9.055 9.189 9.31 9.421 9.531 9.642 9.752 9.863 9.973 10.084 10.194 10.305 10.415 10.526 10.637 10.747 10.858 10.933 11.0 11.066 11.132 11.199 11.265 11.331 11.398 11.464 11.53 11.596 11.663 11.729 11.795 11.862
0.003 0.004 0.004 0.004 0.005 0.005 0.006 0.006 0.007 0.007 0.008 0.009 0.009 0.01 0.011 0.011 0.012 0.012 0.013 0.013 0.013 0.013 0.014 0.016 0.017 0.019 0.021 0.023 0.025 0.026 0.028 0.03 0.032 0.034 0.035 0.036 0.036 0.037 0.038 0.044 0.05 0.056 0.088 0.131 0.174 0.217 0.26 0.303 0.346 0.389 0.432 0.475 0.519 0.562 0.605 0.749 0.941 1.132 1.324 1.515 1.707 1.899 2.09 2.282 2.474 2.665 2.857 3.049 3.197 3.244 3.29 3.353 3.476 3.599 3.746 3.983 4.22 4.457 4.694 4.931 5.168 5.405 5.642 5.879 6.116 6.353 6.59 6.826 6.968 7.077 7.186 7.295 7.404 7.513 7.621 7.73 7.839 7.948 8.057 8.166 8.274 8.383 8.539 8.701 8.855 8.988 9.121 9.238 9.349 9.459 9.57 9.68 9.791 9.901 10.012 10.122 10.233 10.344 10.454 10.565 10.675 10.75 10.816 10.883 10.949 11.015 11.082 11.148 11.214 11.281 11.347 11.413 11.48 11.546 11.612 11.624
0.003 0.003 0.004 0.004 0.004 0.005 0.005 0.006 0.007 0.007 0.008 0.008 0.009 0.01 0.01 0.011 0.011 0.012 0.012 0.012 0.012 0.012 0.013 0.015 0.017 0.018 0.02 0.022 0.024 0.026 0.027 0.029 0.031 0.033 0.034 0.034 0.034 0.034 0.035 0.041 0.047 0.053 0.059 0.099 0.142 0.185 0.228 0.271 0.315 0.358 0.401 0.444 0.487 0.53 0.573 0.72 0.911 1.103 1.295 1.486 1.678 1.869 2.061 2.253 2.444 2.636 2.828 2.998 3.044 3.09 3.137 3.201 3.324 3.447 3.57 3.74 3.977 4.214 4.451 4.688 4.925 5.162 5.399 5.636 5.873 6.11 6.346 6.583 6.723 6.832 6.941 7.05 7.159 7.267 7.376 7.485 7.594 7.703 7.812 7.92 8.029 8.178 8.339 8.501 8.654 8.788 8.921 9.054 9.166 9.277 9.387 9.498 9.608 9.719 9.829 9.94 10.05 10.161 10.272 10.382 10.493 10.567 10.633 10.699 10.766 10.832 10.898 10.965 11.031 11.097 11.164 11.23 11.296 11.363 11.391 11.346
0.003 0.003 0.003 0.004 0.004 0.004 0.005 0.006 0.006 0.007 0.007 0.008 0.009 0.009 0.01 0.01 0.011 0.011 0.011 0.011 0.011 0.011 0.012 0.014 0.016 0.018 0.019 0.021 0.023 0.025 0.027 0.028 0.03 0.031 0.032 0.032 0.032 0.032 0.033 0.039 0.045 0.051 0.057 0.068 0.111 0.154 0.197 0.24 0.283 0.326 0.369 0.412 0.455 0.498 0.541 0.69 0.882 1.074 1.265 1.457 1.649 1.84 2.032 2.223 2.415 2.607 2.798 2.844 2.891 2.937 2.984 3.049 3.172 3.295 3.418 3.541 3.734 3.971 4.208 4.445 4.682 4.919 5.156 5.393 5.63 5.867 6.103 6.34 6.478 6.587 6.696 6.804 6.913 7.022 7.131 7.24 7.349 7.458 7.566 7.675 7.816 7.978 8.139 8.301 8.454 8.587 8.72 8.853 8.984 9.094 9.205 9.315 9.426 9.536 9.647 9.757 9.868 9.979 10.089 10.2 10.31 10.384 10.45 10.516 10.582 10.649 10.715 10.781 10.848 10.914 10.98 11.047 11.113 11.157 11.112 11.067
0.002 0.003 0.003 0.003 0.004 0.004 0.005 0.005 0.006 0.007 0.007 0.008 0.008 0.009 0.01 0.01 0.01 0.01 0.01 0.01 0.01 0.01 0.011 0.013 0.015 0.017 0.019 0.02 0.022 0.024 0.026 0.028 0.029 0.029 0.029 0.03 0.03 0.03 0.031 0.037 0.043 0.049 0.055 0.061 0.079 0.122 0.165 0.208 0.251 0.294 0.337 0.38 0.423 0.466 0.51 0.661 0.853 1.044 1.236 1.428 1.619 1.811 2.003 2.194 2.386 2.577 2.645 2.691 2.737 2.784 2.83 2.897 3.02 3.143 3.266 3.389 3.512 3.728 3.965 4.202 4.439 4.676 4.913 5.15 5.387 5.623 5.86 6.097 6.233 6.342 6.45 6.559 6.668 6.777 6.886 6.995 7.104 7.212 7.321 7.454 7.616 7.778 7.939 8.101 8.253 8.386 8.52 8.653 8.786 8.912 9.022 9.133 9.243 9.354 9.464 9.575 9.685 9.796 9.907 10.017 10.128 10.2 10.267 10.333 10.399 10.466 10.532 10.598 10.664 10.731 10.797 10.863 10.924 10.879 10.834 10.789
0.002 0.002 0.003 0.003 0.003 0.004 0.004 0.005 0.006 0.006 0.007 0.007 0.008 0.009 0.009 0.009 0.009 0.009 0.009 0.009 0.009 0.009 0.011 0.012 0.014 0.016 0.018 0.02 0.021 0.023 0.025 0.027 0.027 0.027 0.027 0.027 0.028 0.028 0.029 0.035 0.041 0.047 0.053 0.059 0.065 0.09 0.133 0.176 0.219 0.262 0.306 0.349 0.392 0.435 0.478 0.632 0.823 1.015 1.207 1.398 1.59 1.782 1.973 2.165 2.357 2.445 2.491 2.538 2.584 2.63 2.677 2.745 2.868 2.991 3.114 3.237 3.36 3.485 3.722 3.959 4.196 4.433 4.67 4.907 5.143 5.38 5.617 5.854 5.988 6.096 6.205 6.314 6.423 6.532 6.641 6.75 6.858 6.967 7.093 7.254 7.416 7.578 7.739 7.901 8.053 8.186 8.319 8.452 8.585 8.719 8.84 8.95 9.061 9.171 9.282 9.392 9.503 9.614 9.724 9.835 9.945 10.017 10.083 10.15 10.216 10.282 10.349 10.415 10.481 10.548 10.614 10.68 10.645 10.6 10.556 10.511
0.002 0.002 0.002 0.003 0.003 0.003 0.004 0.005 0.005 0.006 0.006 0.007 0.008 0.008 0.009 0.009 0.009 0.009 0.009 0.009 0.009 0.009 0.01 0.012 0.013 0.015 0.017 0.019 0.021 0.022 0.024 0.025 0.025 0.025 0.025 0.025 0.025 0.026 0.027 0.033 0.039 0.045 0.051 0.057 0.063 0.069 0.102 0.145 0.188 0.231 0.274 0.317 0.36 0.403 0.446 0.603 0.794 0.986 1.177 1.369 1.561 1.752 1.944 2.136 2.245 2.291 2.338 2.384 2.431 2.477 2.524 2.593 2.716 2.839 2.962 3.085 3.208 3.331 3.479 3.716 3.953 4.19 4.427 4.664 4.9 5.137 5.374 5.611 5.742 5.851 5.96 6.069 6.178 6.287 6.396 6.504 6.613 6.731 6.893 7.054 7.216 7.378 7.539 7.701 7.852 7.985 8.119 8.252 8.385 8.518 8.651 8.768 8.878 8.989 9.099 9.21 9.32 9.431 9.542 9.652 9.763 9.834 9.9 9.966 10.033 10.099 10.165 10.232 10.298 10.364 10.431 10.412 10.367 10.322 10.277 10.232
0.001 0.002 0.002 0.002 0.003 0.003 0.004 0.004 0.005 0.006 0.006 0.007 0.007 0.008 0.008 0.008 0.008 0.008 0.008 0.008 0.008 0.008 0.009 0.011 0.013 0.014 0.016 0.018 0.02 0.022 0.022 0.022 0.023 0.023 0.023 0.023 0.023 0.023 0.025 0.031 0.037 0.043 0.049 0.055 0.061 0.067 0.073 0.113 0.156 0.199 0.242 0.285 0.328 0.371 0.414 0.573 0.765 0.957 1.148 1.34 1.531 1.723 1.915 2.045 2.092 2.138 2.185 2.231 2.277 2.324 2.37 2.441 2.564 2.687 2.81 2.933 3.056 3.179 3.302 3.473 3.71 3.947 4.184 4.42 4.657 4.894 5.131 5.368 5.497 5.606 5.715 5.824 5.933 6.042 6.15 6.259 6.369 6.531 6.693 6.854 7.016 7.178 7.339 7.501 7.652 7.785 7.918 8.051 8.184 8.318 8.451 8.584 8.696 8.806 8.917 9.027 9.138 9.249 9.359 9.47 9.58 9.651 9.717 9.783 9.849 9.916 9.982 10.048 10.115 10.181 10.178 10.133 10.089 10.044 9.999 9.954
0.001 0.001 0.002 0.002 0.002 0.003 0.003 0.004 0.005 0.005 0.006 0.006 0.007 0.007 0.007 0.007 0.007 0.007 0.007 0.007 0.007 0.007 0.008 0.01 0.012 0.014 0.015 0.017 0.019 0.02 0.02 0.02 0.02 0.021 0.021 0.021 0.021 0.021 0.023 0.029 0.035 0.041 0.047 0.053 0.059 0.065 0.071 0.081 0.124 0.167 0.21 0.254 0.297 0.34 0.383 0.544 0.736 0.927 1.119 1.311 1.502 1.694 1.846 1.892 1.938 1.985 2.031 2.078 2.124 2.171 2.217 2.289 2.412 2.535 2.658 2.781 2.904 3.027 3.15 3.273 3.467 3.704 3.941 4.177 4.414 4.651 4.888 5.125 5.252 5.361 5.47 5.579 5.688 5.796 5.905 6.014 6.169 6.331 6.493 6.654 6.816 6.977 7.139 7.301 7.451 7.584 7.718 7.851 7.984 8.117 8.25 8.383 8.513 8.624 8.734 8.845 8.955 9.066 9.177 9.287 9.398 9.467 9.534 9.6 9.666 9.733 9.799 9.865 9.931 9.945 9.9 9.855 9.81 9.765 9.721 9.676
0.001 0.001 0.001 0.002 0.002 0.003 0.003 0.004 0.004 0.005 0.006 0.006 0.006 0.006 0.006 0.006 0.006 0.006 0.006 0.006 0.006 0.006 0.007 0.009 0.011 0.013 0.015 0.016 0.017 0.018 0.018 0.018 0.018 0.018 0.019 0.019 0.019 0.019 0.021 0.027 0.033 0.039 0.045 0.051 0.057 0.063 0.069 0.075 0.093 0.136 0.179 0.222 0.265 0.308 0.351 0.515 0.706 0.898 1.09 1.281 1.473 1.646 1.692 1.739 1.785 1.832 1.878 1.924 1.971 2.017 2.064 2.136 2.259 2.382 2.506 2.629 2.752 2.875 2.998 3.121 3.244 3.461 3.697 3.934 4.171 4.408 4.645 4.882 5.007 5.116 5.225 5.334 5.442 5.551 5.66 5.808 5.969 6.131 6.293 6.454 6.616 6.777 6.939 7.101 7.251 7.384 7.517 7.65 7.783 7.916 8.05 8.183 8.316 8.441 8.552 8.662 8.773 8.884 8.994 9.105 9.215 9.284 9.35 9.417 9.483 9.549 9.616 9.682 9.711 9.666 9.622 9.577 9.532 9.487 9.442 9.397
0.0 0.001 0.001 0.001 0.002 0.002 0.003 0.003 0.004 0.005 0.005 0.005 0.005 0.005 0.005 0.005 0.005 0.005 0.005 0.005 0.005 0.005 0.007 0.008 0.01 0.012 0.014 0.015 0.015 0.015 0.016 0.016 0.016 0.016 0.016 0.017 0.017 0.017 0.019 0.025 0.031 0.037 0.043 0.049 0.055 0.061 0.067 0.073 0.079 0.104 0.147 0.19 0.233 0.276 0.319 0.485 0.677 0.869 1.06 1.252 1.444 1.493 1.539 1.585 1.632 1.678 1.725 1.771 1.818 1.864 1.91 1.984 2.107 2.23 2.353 2.476 2.6 2.723 2.846 2.969 3.092 3.218 3.454 3.691 3.928 4.165 4.402 4.639 4.762 4.871 4.98 5.088 5.197 5.306 5.446 5.608 5.769 5.931 6.092 6.254 6.416 6.577 6.739 6.901 7.05 7.183 7.316 7.45 7.583 7.716 7.849 7.982 8.115 8.249 8.369 8.48 8.59 8.701 8.812 8.922 9.033 9.101 9.167 9.233 9.3 9.366 9.432 9.478 9.433 9.388 9.343 9.298 9.254 9.209 9.164 9.119
0.0 0.0 0.001 0.001 0.001 0.002 0.002 0.003 0.004 0.004 0.004 0.004 0.004 0.004 0.004 0.004 0.004 0.004 0.004 0.004 0.004 0.005 0.006 0.008 0.01 0.011 0.013 0.013 0.013 0.013 0.013 0.014 0.014 0.014 0.014 0.014 0.015 0.015 0.017 0.023 0.029 0.035 0.041 0.047 0.053 0.059 0.065 0.071 0.077 0.083 0.115 0.158 0.201 0.245 0.288 0.456 0.648 0.839 1.031 1.223 1.293 1.339 1.386 1.432 1.479 1.525 1.571 1.618 1.664 1.711 1.757 1.832 1.955 2.078 2.201 2.324 2.447 2.57 2.693 2.817 2.94 3.063 3.211 3.448 3.685 3.922 4.159 4.396 4.517 4.626 4.734 4.843 4.952 5.084 5.246 5.408 5.569 5.731 5.892 6.054 6.216 6.377 6.539 6.701 6.85 6.983 7.116 7.249 7.382 7.515 7.649 7.782 7.915 8.048 8.181 8.297 8.408 8.519 8.629 8.74 8.85 8.918 8.984 9.05 9.116 9.183 9.244 9.199 9.155 9.11 9.065 9.02 8.975 8.93 8.886 8.841
0.0 0.0 0.0 0.001 0.001 0.002 0.002 0.003 0.003 0.004 0.004 0.004 0.004 0.004 0.004 0.004 0.004 0.004 0.004 0.004 0.004 0.004 0.005 0.007 0.009 0.01 0.011 0.011 0.011 0.011 0.011 0.011 0.012 0.012 0.012 0.012 0.012 0.013 0.015 0.021 0.027 0.033 0.039 0.045 0.051 0.057 0.063 0.069 0.075 0.081 0.087 0.127 0.17 0.213 0.256 0.427 0.619 0.81 1.002 1.093 1.14 1.186 1.232 1.279 1.325 1.372 1.418 1.464 1.511 1.557 1.604 1.68 1.803 1.926 2.049 2.172 2.295 2.418 2.541 2.664 2.787 2.911 3.034 3.205 3.442 3.679 3.916 4.153 4.272 4.38 4.489 4.598 4.723 4.884 5.046 5.208 5.369 5.531 5.692 5.854 6.016 6.177 6.339 6.501 6.649 6.782 6.915 7.049 7.182 7.315 7.448 7.581 7.714 7.847 7.981 8.114 8.225 8.336 8.447 8.557 8.668 8.734 8.801 8.867 8.933 9.0 8.966 8.921 8.876 8.831 8.787 8.742 8.697 8.652 8.607 8.562
0.0 0.0 0.0 0.0 0.001 0.001 0.002 0.002 0.003 0.003 0.003 0.003 0.003 0.003 0.003 0.003 0.003 0.003 0.003 0.003 0.003 0.003 0.004 0.006 0.008 0.008 0.008 0.009 0.009 0.009 0.009 0.009 0.01 0.01 0.01 0.01 0.01 0.01 0.013 0.019 0.025 0.031 0.037 0.043 0.049 0.055 0.061 0.066 0.072 0.078 0.084 0.095 0.138 0.181 0.224 0.398 0.589 0.781 0.893 0.94 0.986 1.033 1.079 1.126 1.172 1.218 1.265 1.311 1.358 1.404 1.45 1.528 1.651 1.774 1.897 2.02 2.143 2.266 2.389 2.512 2.635 2.758 2.881 3.004 3.199 3.436 3.673 3.91 4.026 4.135 4.244 4.361 4.523 4.684 4.846 5.007 5.169 5.331 5.492 5.654 5.816 5.977 6.139 6.301 6.449 6.582 6.715 6.848 6.981 7.114 7.247 7.381 7.514 7.647 7.78 7.913 8.043 8.154 8.264 8.375 8.485 8.551 8.617 8.684 8.75 8.732 8.688 8.643 8.598 8.553 8.508 8.463 8.419 8.374 8.329 8.284
0.0 0.0 0.0 0.0 0.0 0.001 0.002 0.002 0.002 0.002 0.002 0.002 0.002 0.002 0.002 0.002 0.002 0.002 0.002 0.002 0.002 0.002 0.004 0.005 0.006 0.006 0.006 0.006 0.007 0.007 0.007 0.007 0.007 0.008 0.008 0.008 0.008 0.008 0.011 0.017 0.022 0.028 0.034 0.04 0.046 0.052 0.058 0.064 0.07 0.076 0.082 0.088 0.106 0.149 0.192 0.368 0.56 0.694 0.74 0.787 0.833 0.879 0.926 0.972 1.019 1.065 1.111 1.158 1.204 1.251 1.297 1.376 1.499 1.622 1.745 1.868 1.991 2.114 2.237 2.36 2.483 2.606 2.729 2.852 2.975 3.193 3.43 3.667 3.781 3.89 3.999 4.161 4.323 4.484 4.646 4.807 4.969 5.131 5.292 5.454 5.616 5.777 5.939 6.1 6.248 6.381 6.514 6.648 6.781 6.914 7.047 7.18 7.313 7.446 7.58 7.713 7.846 7.971 8.082 8.192 8.301 8.368 8.434 8.5 8.499 8.454 8.409 8.364 8.32 8.275 8.23 8.185 8.14 8.095 8.051 8.006
0.0 0.0 0.0 0.0 0.0 0.001 0.001 0.001 0.001 0.001 0.001 0.001 0.001 0.001 0.001 0.001 0.001 0.001 0.001 0.001 0.001 0.001 0.003 0.004 0.004 0.004 0.004 0.004 0.004 0.005 0.005 0.005 0.005 0.005 0.006 0.006 0.006 0.006 0.008 0.014 0.02 0.026 0.032 0.038 0.044 0.05 0.056 0.062 0.068 0.074 0.08 0.086 0.092 0.118 0.161 0.339 0.494 0.54 0.587 0.633 0.68 0.726 0.772 0.819 0.865 0.912 0.958 1.005 1.051 1.097 1.144 1.224 1.347 1.47 1.593 1.716 1.839 1.962 2.085 2.208 2.331 2.454 2.577 2.7 2.823 2.95 3.187 3.424 3.536 3.645 3.799 3.961 4.122 4.284 4.446 4.607 4.769 4.931 5.092 5.254 5.416 5.577 5.739 5.9 6.048 6.181 6.314 6.447 6.58 6.713 6.846 6.98 7.113 7.246 7.379 7.512 7.645 7.778 7.899 8.01 8.118 8.184 8.251 8.266 8.221 8.176 8.131 8.086 8.041 7.996 7.952 7.907 7.862 7.817 7.772 7.727
0.0 0.0 0.0 0.0 0.0 0.0 0.0 0.0 0.0 0.0 0.0 0.0 0.0 0.0 0.0 0.0 0.0 0.0 0.0 0.0 0.0 0.0 0.001 0.001 0.002 0.002 0.002 0.002 0.002 0.002 0.003 0.003 0.003 0.003 0.003 0.004 0.004 0.004 0.006 0.012 0.018 0.024 0.03 0.036 0.042 0.048 0.054 0.06 0.066 0.072 0.078 0.084 0.09 0.096 0.129 0.294 0.341 0.387 0.433 0.48 0.526 0.573 0.619 0.666 0.712 0.758 0.805 0.851 0.898 0.944 0.991 1.072 1.195 1.318 1.441 1.564 1.687 1.81 1.933 2.056 2.179 2.302 2.425 2.548 2.671 2.794 2.944 3.181 3.291 3.438 3.599 3.761 3.922 4.084 4.246 4.407 4.569 4.731 4.892 5.054 5.215 5.377 5.539 5.7 5.847 5.98 6.113 6.246 6.38 6.513 6.646 6.779 6.912 7.045 7.179 7.312 7.445 7.578 7.711 7.827 7.935 8.001 8.032 7.987 7.942 7.897 7.853 7.808 7.763 7.718 7.673 7.628 7.584 7.539 7.494 7.449
0.0 0.0 0.0 0.0 0.0 0.0 0.0 0.0 0.0 0.0 0.0 0.0 0.0 0.0 0.0 0.0 0.0 0.0 0.0 0.0 0.0 0.0 0.0 0.0 0.0 0.001 0.001 0.001 0.001 0.001 0.001 0.001 0.002 0.002 0.002 0.002 0.002 0.002 0.003 0.01 0.016 0.022 0.028 0.034 0.04 0.046 0.052 0.058 0.064 0.07 0.076 0.082 0.088 0.094 0.1 0.142 0.187 0.234 0.28 0.327 0.373 0.419 0.466 0.512 0.559 0.605 0.652 0.698 0.744 0.791 0.837 0.92 1.043 1.166 1.289 1.412 1.535 1.658 1.781 1.904 2.027 2.15 2.273 2.396 2.519 2.642 2.765 2.937 3.076 3.238 3.399 3.561 3.722 3.884 4.046 4.207 4.369 4.531 4.692 4.854 5.015 5.177 5.339 5.5 5.646 5.78 5.913 6.046 6.179 6.312 6.445 6.579 6.712 6.845 6.978 7.111 7.244 7.377 7.511 7.644 7.752 7.799 7.754 7.709 7.664 7.619 7.574 7.529 7.485 7.44 7.395 7.35 7.305 7.26 7.216 7.171
0.0 0.0 0.0 0.0 0.0 0.0 0.0 0.0 0.0 0.0 0.0 0.0 0.0 0.0 0.0 0.0 0.0 0.0 0.0 0.0 0.0 0.0 0.0 0.0 0.0 0.0 0.001 0.001 0.001 0.001 0.001 0.001 0.001 0.002 0.002 0.002 0.002 0.002 0.002 0.005 0.011 0.017 0.023 0.029 0.035 0.041 0.047 0.053 0.059 0.065 0.071 0.077 0.083 0.089 0.095 0.138 0.181 0.225 0.269 0.313 0.357 0.401 0.445 0.489 0.533 0.577 0.621 0.665 0.709 0.753 0.792 0.794 0.902 1.025 1.148 1.27 1.393 1.516 1.639 1.761 1.884 2.007 2.13 2.253 2.375 2.498 2.621 2.745 2.905 3.066 3.226 3.387 3.547 3.708 3.868 4.029 4.19 4.35 4.511 4.671 4.832 4.992 5.153 5.314 5.414 5.55 5.686 5.822 5.958 6.094 6.23 6.366 6.502 6.638 6.774 6.91 7.044 7.177 7.31 7.443 7.565 7.52 7.475 7.43 7.386 7.341 7.296 7.251 7.206 7.161 7.117 7.072 7.027 6.982 6.937 6.892
0.0 0.0 0.0 0.0 0.0 0.0 0.0 0.0 0.0 0.0 0.0 0.0 0.0 0.0 0.0 0.0 0.0 0.0 0.0 0.0 0.0 0.0 0.0 0.0 0.0 0.0 0.0 0.001 0.001 0.001 0.001 0.001 0.001 0.001 0.002 0.002 0.002 0.002 0.002 0.002 0.006 0.012 0.018 0.024 0.03 0.036 0.042 0.048 0.054 0.06 0.066 0.072 0.078 0.084 0.09 0.133 0.177 0.221 0.265 0.309 0.353 0.397 0.441 0.485 0.529 0.573 0.617 0.661 0.705 0.749 0.751 0.752 0.765 0.888 1.011 1.133 1.256 1.379 1.502 1.625 1.747 1.87 1.993 2.116 2.238 2.361 2.484 2.608 2.769 2.929 3.09 3.251 3.411 3.572 3.732 3.893 4.053 4.214 4.374 4.535 4.696 4.856 5.017 5.089 5.098 5.183 5.319 5.455 5.591 5.727 5.863 5.999 6.135 6.271 6.407 6.543 6.679 6.815 6.95 7.086 7.202 7.159 7.115 7.072 7.029 6.986 6.942 6.899 6.856 6.813 6.769 6.726 6.683 6.64 6.596 6.553
0.0 0.0 0.0 0.0 0.0 0.0 0.0 0.0 0.0 0.0 0.0 0.0 0.0 0.0 0.0 0.0 0.0 0.0 0.0 0.0 0.0 0.0 0.0 0.0 0.0 0.0 0.0 0.0 0.001 0.001 0.001 0.001 0.001 0.001 0.002 0.002 0.002 0.002 0.002 0.002 0.002 0.007 0.013 0.019 0.025 0.031 0.037 0.043 0.049 0.055 0.061 0.067 0.073 0.079 0.085 0.129 0.173 0.217 0.261 0.305 0.349 0.393 0.437 0.481 0.525 0.569 0.613 0.656 0.7 0.709 0.71 0.711 0.714 0.751 0.874 0.997 1.119 1.242 1.365 1.488 1.61 1.733 1.856 1.979 2.101 2.224 2.347 2.472 2.633 2.793 2.954 3.114 3.275 3.435 3.596 3.756 3.917 4.078 4.238 4.399 4.559 4.72 4.814 4.824 4.832 4.84 4.951 5.087 5.223 5.359 5.495 5.631 5.767 5.903 6.039 6.175 6.311 6.447 6.583 6.719 6.831 6.788 6.745 6.702 6.658 6.615 6.572 6.529 6.485 6.442 6.399 6.356 6.312 6.269 6.226 6.184
0.0 0.0 0.0 0.0 0.0 0.0 0.0 0.0 0.0 0.0 0.0 0.0 0.0 0.0 0.0 0.0 0.0 0.0 0.0 0.0 0.0 0.0 0.0 0.0 0.0 0.0 0.0 0.0 0.001 0.001 0.001 0.001 0.001 0.001 0.001 0.002 0.002 0.002 0.002 0.002 0.002 0.002 0.008 0.014 0.02 0.026 0.032 0.038 0.044 0.05 0.056 0.062 0.068 0.074 0.081 0.125 0.169 0.212 0.256 0.3 0.344 0.388 0.432 0.476 0.52 0.564 0.608 0.652 0.667 0.668 0.669 0.67 0.673 0.676 0.737 0.86 0.982 1.105 1.228 1.351 1.473 1.596 1.719 1.842 1.965 2.087 2.21 2.336 2.496 2.657 2.817 2.978 3.139 3.299 3.46 3.62 3.781 3.941 4.102 4.262 4.423 4.54 4.549 4.559 4.567 4.575 4.584 4.72 4.856 4.992 5.128 5.264 5.4 5.536 5.672 5.808 5.944 6.08 6.216 6.352 6.461 6.418 6.374 6.331 6.288 6.245 6.201 6.158 6.115 6.072 6.028 5.985 5.942 5.899 5.855 5.859
0.0 0.0 0.0 0.0 0.0 0.0 0.0 0.0 0.0 0.0 0.0 0.0 0.0 0.0 0.0 0.0 0.0 0.0 0.0 0.0 0.0 0.0 0.0 0.0 0.0 0.0 0.0 0.0 0.0 0.001 0.001 0.001 0.001 0.001 0.001 0.001 0.002 0.002 0.002 0.002 0.002 0.002 0.003 0.009 0.015 0.021 0.027 0.033 0.039 0.045 0.051 0.057 0.063 0.069 0.076 0.12 0.164 0.208 0.252 0.296 0.34 0.384 0.428 0.472 0.516 0.56 0.604 0.625 0.626 0.627 0.627 0.629 0.632 0.635 0.637 0.723 0.846 0.968 1.091 1.214 1.337 1.459 1.582 1.705 1.828 1.95 2.073 2.199 2.36 2.521 2.681 2.842 3.002 3.163 3.323 3.484 3.644 3.805 3.966 4.126 4.265 4.274 4.284 4.293 4.302 4.31 4.318 4.352 4.488 4.624 4.76 4.896 5.032 5.168 5.304 5.44 5.576 5.712 5.848 5.984 6.09 6.047 6.004 5.961 5.917 5.874 5.831 5.788 5.744 5.701 5.658 5.615 5.571 5.528 5.524 5.534
0.0 0.0 0.0 0.0 0.0 0.0 0.0 0.0 0.0 0.0 0.0 0.0 0.0 0.0 0.0 0.0 0.0 0.0 0.0 0.0 0.0 0.0 0.0 0.0 0.0 0.0 0.0 0.0 0.0 0.0 0.001 0.001 0.001 0.001 0.001 0.001 0.001 0.002 0.002 0.002 0.002 0.002 0.002 0.004 0.01 0.016 0.022 0.028 0.034 0.04 0.046 0.052 0.058 0.064 0.072 0.116 0.16 0.204 0.248 0.292 0.336 0.38 0.424 0.468 0.512 0.556 0.583 0.584 0.585 0.585 0.586 0.588 0.591 0.594 0.596 0.599 0.709 0.831 0.954 1.077 1.2 1.322 1.445 1.568 1.691 1.813 1.936 2.063 2.224 2.384 2.545 2.705 2.866 3.027 3.187 3.348 3.508 3.669 3.829 3.99 3.999 4.009 4.018 4.028 4.036 4.044 4.052 4.06 4.121 4.257 4.393 4.529 4.665 4.801 4.937 5.073 5.209 5.345 5.481 5.617 5.72 5.677 5.633 5.59 5.547 5.504 5.46 5.417 5.374 5.331 5.287 5.244 5.201 5.189 5.199 5.208
0.0 0.0 0.0 0.0 0.0 0.0 0.0 0.0 0.0 0.0 0.0 0.0 0.0 0.0 0.0 0.0 0.0 0.0 0.0 0.0 0.0 0.0 0.0 0.0 0.0 0.0 0.0 0.0 0.0 0.0 0.0 0.001 0.001 0.001 0.001 0.001 0.001 0.001 0.002 0.002 0.002 0.002 0.002 0.002 0.005 0.011 0.017 0.023 0.029 0.035 0.041 0.047 0.053 0.059 0.068 0.112 0.156 0.2 0.243 0.287 0.331 0.375 0.419 0.463 0.507 0.541 0.542 0.543 0.543 0.544 0.545 0.547 0.55 0.552 0.555 0.558 0.572 0.694 0.817 0.94 1.063 1.185 1.308 1.431 1.554 1.677 1.799 1.927 2.087 2.248 2.409 2.569 2.73 2.89 3.051 3.211 3.372 3.532 3.693 3.725 3.734 3.744 3.753 3.762 3.771 3.779 3.787 3.795 3.803 3.889 4.025 4.161 4.297 4.433 4.569 4.705 4.841 4.977 5.113 5.249 5.349 5.306 5.263 5.22 5.176 5.133 5.09 5.047 5.003 4.96 4.917 4.874 4.854 4.864 4.874 4.883
0.0 0.0 0.0 0.0 0.0 0.0 0.0 0.0 0.0 0.0 0.0 0.0 0.0 0.0 0.0 0.0 0.0 0.0 0.0 0.0 0.0 0.0 0.0 0.0 0.0 0.0 0.0 0.0 0.0 0.0 0.0 0.0 0.001 0.001 0.001 0.001 0.001 0.001 0.001 0.001 0.001 0.001 0.001 0.001 0.001 0.006 0.012 0.018 0.024 0.03 0.036 0.042 0.048 0.054 0.063 0.107 0.151 0.195 0.239 0.283 0.327 0.371 0.415 0.459 0.499 0.5 0.501 0.501 0.502 0.503 0.504 0.506 0.509 0.511 0.514 0.517 0.519 0.558 0.68 0.803 0.926 1.049 1.171 1.294 1.417 1.54 1.662 1.791 1.951 2.112 2.272 2.433 2.593 2.754 2.914 3.075 3.236 3.396 3.45 3.459 3.469 3.478 3.488 3.497 3.506 3.514 3.522 3.529 3.537 3.545 3.658 3.794 3.93 4.066 4.202 4.338 4.474 4.61 4.746 4.882 4.979 4.936 4.892 4.849 4.806 4.763 4.719 4.676 4.633 4.59 4.546 4.519 4.529 4.539 4.548 4.558
0.0 0.0 0.0 0.0 0.0 0.0 0.0 0.0 0.0 0.0 0.0 0.0 0.0 0.0 0.0 0.0 0.0 0.0 0.0 0.0 0.0 0.0 0.0 0.0 0.0 0.0 0.0 0.0 0.0 0.0 0.0 0.0 0.0 0.001 0.001 0.001 0.001 0.001 0.001 0.001 0.001 0.001 0.001 0.001 0.001 0.001 0.007 0.013 0.019 0.025 0.031 0.037 0.043 0.05 0.059 0.103 0.147 0.191 0.235 0.279 0.323 0.367 0.411 0.455 0.458 0.459 0.459 0.46 0.461 0.462 0.463 0.465 0.468 0.47 0.473 0.476 0.478 0.481 0.543 0.666 0.789 0.912 1.034 1.157 1.28 1.403 1.525 1.654 1.815 1.975 2.136 2.297 2.457 2.618 2.778 2.939 3.099 3.175 3.184 3.194 3.203 3.213 3.222 3.232 3.24 3.248 3.256 3.264 3.272 3.28 3.29 3.426 3.562 3.698 3.834 3.97 4.106 4.242 4.378 4.514 4.608 4.565 4.522 4.479 4.435 4.392 4.349 4.306 4.262 4.219 4.185 4.194 4.204 4.213 4.223 4.232
0.0 0.0 0.0 0.0 0.0 0.0 0.0 0.0 0.0 0.0 0.0 0.0 0.0 0.0 0.0 0.0 0.0 0.0 0.0 0.0 0.0 0.0 0.0 0.0 0.0 0.0 0.0 0.0 0.0 0.0 0.0 0.0 0.0 0.001 0.001 0.001 0.001 0.001 0.001 0.001 0.001 0.001 0.001 0.001 0.001 0.001 0.002 0.008 0.014 0.02 0.026 0.033 0.039 0.045 0.055 0.099 0.143 0.187 0.231 0.274 0.318 0.362 0.406 0.416 0.417 0.417 0.418 0.419 0.42 0.421 0.422 0.424 0.427 0.429 0.432 0.435 0.437 0.44 0.443 0.529 0.652 0.775 0.898 1.02 1.143 1.266 1.389 1.518 1.679 1.839 2.0 2.16 2.321 2.481 2.642 2.802 2.9 2.91 2.919 2.928 2.938 2.947 2.957 2.966 2.975 2.983 2.991 2.999 3.007 3.015 3.023 3.059 3.195 3.331 3.467 3.603 3.739 3.875 4.011 4.147 4.238 4.195 4.151 4.108 4.065 4.022 3.978 3.935 3.892 3.85 3.859 3.869 3.878 3.888 3.898 3.907
0.0 0.0 0.0 0.0 0.0 0.0 0.0 0.0 0.0 0.0 0.0 0.0 0.0 0.0 0.0 0.0 0.0 0.0 0.0 0.0 0.0 0.0 0.0 0.0 0.0 0.0 0.0 0.0 0.0 0.0 0.0 0.0 0.0 0.0 0.001 0.001 0.001 0.001 0.001 0.001 0.001 0.001 0.001 0.001 0.001 0.001 0.001 0.003 0.009 0.015 0.022 0.028 0.034 0.04 0.05 0.094 0.138 0.182 0.226 0.27 0.314 0.358 0.374 0.375 0.375 0.376 0.377 0.378 0.379 0.38 0.381 0.383 0.386 0.388 0.391 0.394 0.396 0.399 0.402 0.404 0.515 0.638 0.761 0.883 1.006 1.129 1.252 1.382 1.542 1.703 1.863 2.024 2.185 2.345 2.506 2.625 2.635 2.644 2.654 2.663 2.673 2.682 2.692 2.701 2.709 2.717 2.725 2.733 2.741 2.749 2.757 2.765 2.827 2.963 3.099 3.235 3.371 3.507 3.643 3.779 3.867 3.824 3.781 3.738 3.694 3.651 3.608 3.565 3.521 3.524 3.534 3.543 3.553 3.563 3.572 3.582
0.0 0.0 0.0 0.0 0.0 0.0 0.0 0.0 0.0 0.0 0.0 0.0 0.0 0.0 0.0 0.0 0.0 0.0 0.0 0.0 0.0 0.0 0.0 0.0 0.0 0.0 0.0 0.0 0.0 0.0 0.0 0.0 0.0 0.0 0.0 0.001 0.001 0.001 0.001 0.001 0.001 0.001 0.001 0.001 0.001 0.001 0.001 0.001 0.005 0.011 0.017 0.023 0.029 0.035 0.046 0.09 0.134 0.178 0.222 0.266 0.31 0.332 0.333 0.333 0.334 0.335 0.336 0.337 0.338 0.339 0.34 0.342 0.345 0.347 0.35 0.352 0.355 0.358 0.36 0.363 0.378 0.501 0.624 0.746 0.869 0.992 1.115 1.245 1.406 1.567 1.727 1.888 2.048 2.209 2.35 2.36 2.369 2.379 2.388 2.398 2.407 2.417 2.426 2.436 2.444 2.452 2.46 2.468 2.476 2.484 2.492 2.5 2.508 2.596 2.732 2.868 3.004 3.14 3.276 3.412 3.497 3.454 3.41 3.367 3.324 3.281 3.237 3.194 3.189 3.199 3.209 3.218 3.228 3.237 3.247 3.256
0.0 0.0 0.0 0.0 0.0 0.0 0.0 0.0 0.0 0.0 0.0 0.0 0.0 0.0 0.0 0.0 0.0 0.0 0.0 0.0 0.0 0.0 0.0 0.0 0.0 0.0 0.0 0.0 0.0 0.0 0.0 0.0 0.0 0.0 0.0 0.0 0.001 0.001 0.001 0.001 0.001 0.001 0.001 0.001 0.001 0.001 0.001 0.001 0.001 0.006 0.012 0.018 0.024 0.03 0.042 0.086 0.13 0.174 0.218 0.262 0.29 0.291 0.291 0.292 0.293 0.294 0.295 0.296 0.297 0.298 0.299 0.301 0.303 0.306 0.309 0.311 0.314 0.317 0.319 0.322 0.325 0.364 0.487 0.61 0.732 0.855 0.978 1.109 1.27 1.43 1.591 1.751 1.912 2.073 2.085 2.094 2.104 2.113 2.123 2.132 2.142 2.151 2.161 2.17 2.179 2.187 2.195 2.203 2.211 2.219 2.227 2.234 2.242 2.25 2.365 2.501 2.637 2.773 2.909 3.044 3.126 3.083 3.04 2.997 2.953 2.91 2.867 2.854 2.864 2.874 2.883 2.893 2.902 2.912 2.922 2.931
0.0 0.0 0.0 0.0 0.0 0.0 0.0 0.0 0.0 0.0 0.0 0.0 0.0 0.0 0.0 0.0 0.0 0.0 0.0 0.0 0.0 0.0 0.0 0.0 0.0 0.0 0.0 0.0 0.0 0.0 0.0 0.0 0.0 0.0 0.0 0.0 0.0 0.001 0.001 0.001 0.001 0.001 0.001 0.001 0.001 0.001 0.001 0.001 0.001 0.001 0.007 0.013 0.019 0.025 0.037 0.081 0.125 0.169 0.213 0.248 0.249 0.25 0.25 0.251 0.252 0.253 0.254 0.255 0.256 0.257 0.258 0.26 0.262 0.265 0.268 0.27 0.273 0.276 0.278 0.281 0.284 0.286 0.35 0.473 0.595 0.718 0.841 0.973 1.133 1.294 1.455 1.615 1.776 1.81 1.82 1.829 1.839 1.848 1.858 1.867 1.877 1.886 1.895 1.905 1.913 1.921 1.929 1.937 1.945 1.953 1.961 1.969 1.977 1.985 1.997 2.133 2.269 2.405 2.541 2.677 2.756 2.713 2.669 2.626 2.583 2.54 2.52 2.529 2.539 2.548 2.558 2.567 2.577 2.587 2.596 2.606
0.0 0.0 0.0 0.0 0.0 0.0 0.0 0.0 0.0 0.0 0.0 0.0 0.0 0.0 0.0 0.0 0.0 0.0 0.0 0.0 0.0 0.0 0.0 0.0 0.0 0.0 0.0 0.0 0.0 0.0 0.0 0.0 0.0 0.0 0.0 0.0 0.0 0.001 0.001 0.001 0.001 0.001 0.001 0.001 0.001 0.001 0.001 0.001 0.001 0.001 0.002 0.008 0.014 0.02 0.033 0.077 0.121 0.165 0.206 0.207 0.208 0.208 0.209 0.21 0.211 0.212 0.213 0.214 0.215 0.216 0.216 0.219 0.221 0.224 0.227 0.229 0.232 0.235 0.237 0.24 0.243 0.245 0.248 0.336 0.458 0.581 0.704 0.837 0.997 1.158 1.318 1.479 1.535 1.545 1.554 1.564 1.573 1.583 1.592 1.602 1.611 1.621 1.63 1.64 1.648 1.656 1.664 1.672 1.68 1.688 1.696 1.704 1.712 1.72 1.728 1.766 1.902 2.038 2.174 2.31 2.385 2.342 2.299 2.256 2.212 2.185 2.194 2.204 2.213 2.223 2.233 2.242 2.252 2.261 2.271 2.28
0.0 0.0 0.0 0.0 0.0 0.0 0.0 0.0 0.0 0.0 0.0 0.0 0.0 0.0 0.0 0.0 0.0 0.0 0.0 0.0 0.0 0.0 0.0 0.0 0.0 0.0 0.0 0.0 0.0 0.0 0.0 0.0 0.0 0.0 0.0 0.0 0.0 0.0 0.0 0.0 0.0 0.0 0.0 0.0 0.0 0.0 0.0 0.0 0.0 0.0 0.0 0.003 0.009 0.015 0.029 0.073 0.117 0.161 0.165 0.166 0.166 0.167 0.168 0.169 0.17 0.171 0.172 0.173 0.174 0.174 0.175 0.178 0.18 0.183 0.186 0.188 0.191 0.194 0.196 0.199 0.202 0.204 0.207 0.21 0.322 0.444 0.567 0.7 0.861 1.021 1.182 1.26 1.27 1.279 1.289 1.298 1.308 1.317 1.327 1.336 1.346 1.355 1.365 1.374 1.383 1.39 1.398 1.406 1.414 1.422 1.43 1.438 1.446 1.454 1.462 1.47 1.534 1.67 1.806 1.942 2.015 1.972 1.928 1.885 1.85 1.859 1.869 1.878 1.888 1.898 1.907 1.917 1.926 1.936 1.946 1.955
0.0 0.0 0.0 0.0 0.0 0.0 0.0 0.0 0.0 0.0 0.0 0.0 0.0 0.0 0.0 0.0 0.0 0.0 0.0 0.0 0.0 0.0 0.0 0.0 0.0 0.0 0.0 0.0 0.0 0.0 0.0 0.0 0.0 0.0 0.0 0.0 0.0 0.0 0.0 0.0 0.0 0.0 0.0 0.0 0.0 0.0 0.0 0.0 0.0 0.0 0.0 0.0 0.004 0.01 0.024 0.068 0.112 0.123 0.124 0.124 0.125 0.126 0.127 0.128 0.129 0.13 0.131 0.132 0.132 0.133 0.134 0.137 0.139 0.142 0.144 0.147 0.15 0.152 0.155 0.158 0.16 0.163 0.166 0.168 0.185 0.307 0.43 0.564 0.725 0.885 0.986 0.995 1.005 1.014 1.024 1.033 1.043 1.052 1.061 1.071 1.08 1.09 1.099 1.109 1.117 1.125 1.133 1.141 1.149 1.157 1.165 1.173 1.181 1.189 1.197 1.205 1.213 1.303 1.439 1.575 1.644 1.601 1.558 1.515 1.524 1.534 1.544 1.553 1.563 1.572 1.582 1.591 1.601 1.611 1.62 1.63
0.0 0.0 0.0 0.0 0.0 0.0 0.0 0.0 0.0 0.0 0.0 0.0 0.0 0.0 0.0 0.0 0.0 0.0 0.0 0.0 0.0 0.0 0.0 0.0 0.0 0.0 0.0 0.0 0.0 0.0 0.0 0.0 0.0 0.0 0.0 0.0 0.0 0.0 0.0 0.0 0.0 0.0 0.0 0.0 0.0 0.0 0.0 0.0 0.0 0.0 0.0 0.0 0.0 0.005 0.02 0.064 0.081 0.082 0.082 0.083 0.084 0.085 0.086 0.087 0.088 0.089 0.09 0.09 0.091 0.092 0.093 0.095 0.098 0.101 0.103 0.106 0.109 0.111 0.114 0.117 0.119 0.122 0.125 0.127 0.13 0.17 0.293 0.428 0.588 0.711 0.72 0.73 0.739 0.749 0.758 0.768 0.777 0.787 0.796 0.806 0.815 0.825 0.834 0.844 0.852 0.86 0.868 0.876 0.884 0.892 0.9 0.908 0.916 0.924 0.931 0.939 0.947 0.955 1.071 1.207 1.274 1.231 1.187 1.189 1.199 1.209 1.218 1.228 1.237 1.247 1.257 1.266 1.276 1.285 1.295 1.304
0.0 0.0 0.0 0.0 0.0 0.0 0.0 0.0 0.0 0.0 0.0 0.0 0.0 0.0 0.0 0.0 0.0 0.0 0.0 0.0 0.0 0.0 0.0 0.0 0.0 0.0 0.0 0.0 0.0 0.0 0.0 0.0 0.0 0.0 0.0 0.0 0.0 0.0 0.0 0.0 0.0 0.0 0.0 0.0 0.0 0.0 0.0 0.0 0.0 0.0 0.0 0.0 0.0 0.0 0.016 0.039 0.04 0.04 0.041 0.042 0.043 0.044 0.045 0.046 0.047 0.048 0.049 0.049 0.05 0.051 0.052 0.054 0.057 0.06 0.062 0.065 0.068 0.07 0.073 0.076 0.078 0.081 0.084 0.086 0.089 0.092 0.156 0.291 0.436 0.445 0.455 0.464 0.474 0.483 0.493 0.502 0.512 0.521 0.531 0.54 0.55 0.559 0.569 0.578 0.586 0.594 0.602 0.61 0.618 0.626 0.634 0.642 0.65 0.658 0.666 0.674 0.682 0.69 0.704 0.84 0.903 0.86 0.855 0.864 0.874 0.883 0.893 0.902 0.912 0.922 0.931 0.941 0.95 0.96 0.97 0.979
0.0 0.0 0.0 0.0 0.0 0.0 0.0 0.0 0.0 0.0 0.0 0.0 0.0 0.0 0.0 0.0 0.0 0.0 0.0 0.0 0.0 0.0 0.0 0.0 0.0 0.0 0.0 0.0 0.0 0.0 0.0 0.0 0.0 0.0 0.0 0.0 0.0 0.0 0.0 0.0 0.0 0.0 0.0 0.0 0.0 0.0 0.0 0.0 0.0 0.0 0.0 0.0 0.0 0.0 0.0 0.0 0.0 0.001 0.001 0.001 0.002 0.003 0.004 0.005 0.006 0.007 0.007 0.008 0.009 0.01 0.011 0.013 0.016 0.019 0.021 0.024 0.027 0.029 0.032 0.035 0.037 0.04 0.043 0.045 0.048 0.051 0.053 0.155 0.171 0.18 0.19 0.199 0.209 0.218 0.227 0.237 0.246 0.256 0.265 0.275 0.284 0.294 0.303 0.313 0.321 0.329 0.337 0.345 0.353 0.361 0.369 0.377 0.385 0.393 0.401 0.409 0.417 0.425 0.433 0.472 0.533 0.52 0.529 0.539 0.548 0.558 0.568 0.577 0.587 0.596 0.606 0.615 0.625 0.635 0.644 0.654
0.0 0.0 0.0 0.0 0.0 0.0 0.0 0.0 0.0 0.0 0.0 0.0 0.0 0.0 0.0 0.0 0.0 0.0 0.0 0.0 0.0 0.0 0.0 0.0 0.0 0.0 0.0 0.0 0.0 0.0 0.0 0.0 0.0 0.0 0.0 0.0 0.0 0.0 0.0 0.0 0.0 0.0 0.0 0.0 0.0 0.0 0.0 0.0 0.0 0.0 0.0 0.0 0.0 0.0 0.0 0.0 0.0 0.001 0.001 0.001 0.001 0.002 0.002 0.002 0.002 0.002 0.003 0.003 0.003 0.003 0.003 0.005 0.007 0.009 0.011 0.013 0.015 0.017 0.019 0.021 0.023 0.025 0.027 0.029 0.031 0.033 0.035 0.035 0.04 0.045 0.05 0.055 0.06 0.066 0.071 0.076 0.081 0.086 0.091 0.096 0.101 0.106 0.112 0.117 0.12 0.124 0.128 0.131 0.135 0.138 0.142 0.145 0.149 0.152 0.156 0.16 0.163 0.167 0.17 0.175 0.185 0.194 0.204 0.213 0.223 0.233 0.242 0.252 0.261 0.271 0.281 0.29 0.3 0.309 0.319 0.328
0.0 0.0 0.0 0.0 0.0 0.0 0.0 0.0 0.0 0.0 0.0 0.0 0.0 0.0 0.0 0.0 0.0 0.0 0.0 0.0 0.0 0.0 0.0 0.0 0.0 0.0 0.0 0.0 0.0 0.0 0.0 0.0 0.0 0.0 0.0 0.0 0.0 0.0 0.0 0.0 0.0 0.0 0.0 0.0 0.0 0.0 0.0 0.0 0.0 0.0 0.0 0.0 0.0 0.0 0.0 0.0 0.001 0.001 0.001 0.001 0.001 0.002 0.002 0.002 0.002 0.002 0.003 0.003 0.003 0.003 0.003 0.005 0.007 0.009 0.011 0.013 0.015 0.017 0.019 0.021 0.023 0.025 0.027 0.029 0.031 0.033 0.033 0.033 0.034 0.039 0.044 0.049 0.055 0.06 0.065 0.07 0.075 0.08 0.085 0.09 0.095 0.101 0.106 0.111 0.115 0.118 0.122 0.125 0.129 0.132 0.136 0.139 0.143 0.147 0.15 0.154 0.157 0.161 0.164 0.167 0.167 0.17 0.174 0.178 0.183 0.187 0.191 0.195 0.199 0.204 0.208 0.212 0.216 0.22 0.225 0.229
0.0 0.0 0.0 0.0 0.0 0.0 0.0 0.0 0.0 0.0 0.0 0.0 0.0 0.0 0.0 0.0 0.0 0.0 0.0 0.0 0.0 0.0 0.0 0.0 0.0 0.0 0.0 0.0 0.0 0.0 0.0 0.0 0.0 0.0 0.0 0.0 0.0 0.0 0.0 0.0 0.0 0.0 0.0 0.0 0.0 0.0 0.0 0.0 0.0 0.0 0.0 0.0 0.0 0.0 0.0 0.0 0.001 0.001 0.001 0.001 0.001 0.002 0.002 0.002 0.002 0.002 0.003 0.003 0.003 0.003 0.003 0.005 0.007 0.009 0.011 0.013 0.015 0.017 0.019 0.021 0.023 0.025 0.027 0.029 0.031 0.032 0.032 0.032 0.032 0.033 0.038 0.044 0.049 0.054 0.059 0.064 0.069 0.074 0.079 0.084 0.09 0.095 0.1 0.105 0.109 0.112 0.116 0.119 0.123 0.126 0.13 0.134 0.137 0.141 0.144 0.148 0.151 0.155 0.158 0.158 0.158 0.158 0.162 0.166 0.171 0.175 0.179 0.183 0.187 0.192 0.196 0.2 0.204 0.208 0.213 0.217
0.0 0.0 0.0 0.0 0.0 0.0 0.0 0.0 0.0 0.0 0.0 0.0 0.0 0.0 0.0 0.0 0.0 0.0 0.0 0.0 0.0 0.0 0.0 0.0 0.0 0.0 0.0 0.0 0.0 0.0 0.0 0.0 0.0 0.0 0.0 0.0 0.0 0.0 0.0 0.0 0.0 0.0 0.0 0.0 0.0 0.0 0.0 0.0 0.0 0.0 0.0 0.0 0.0 0.0 0.0 0.0 0.001 0.001 0.001 0.001 0.001 0.002 0.002 0.002 0.002 0.002 0.003 0.003 0.003 0.003 0.003 0.005 0.007 0.009 0.011 0.013 0.015 0.017 0.019 0.02 0.022 0.024 0.026 0.028 0.03 0.03 0.03 0.03 0.03 0.03 0.033 0.038 0.043 0.048 0.053 0.058 0.063 0.068 0.073 0.079 0.084 0.089 0.094 0.099 0.103 0.106 0.11 0.113 0.117 0.121 0.124 0.128 0.131 0.135 0.138 0.142 0.145 0.149 0.149 0.149 0.15 0.15 0.15 0.154 0.158 0.163 0.167 0.171 0.175 0.179 0.184 0.188 0.192 0.196 0.2 0.205
0.0 0.0 0.0 0.0 0.0 0.0 0.0 0.0 0.0 0.0 0.0 0.0 0.0 0.0 0.0 0.0 0.0 0.0 0.0 0.0 0.0 0.0 0.0 0.0 0.0 0.0 0.0 0.0 0.0 0.0 0.0 0.0 0.0 0.0 0.0 0.0 0.0 0.0 0.0 0.0 0.0 0.0 0.0 0.0 0.0 0.0 0.0 0.0 0.0 0.0 0.0 0.0 0.0 0.0 0.0 0.0 0.001 0.001 0.001 0.001 0.001 0.002 0.002 0.002 0.002 0.002 0.003 0.003 0.003 0.003 0.003 0.004 0.006 0.008 0.01 0.012 0.014 0.016 0.018 0.02 0.022 0.024 0.026 0.028 0.028 0.028 0.028 0.028 0.028 0.028 0.028 0.032 0.037 0.042 0.047 0.052 0.057 0.062 0.068 0.073 0.078 0.083 0.088 0.093 0.097 0.1 0.104 0.108 0.111 0.115 0.118 0.122 0.125 0.129 0.132 0.136 0.14 0.14 0.14 0.141 0.141 0.141 0.141 0.142 0.146 0.151 0.155 0.159 0.163 0.167 0.172 0.176 0.18 0.184 0.188 0.193
0.0 0.0 0.0 0.0 0.0 0.0 0.0 0.0 0.0 0.0 0.0 0.0 0.0 0.0 0.0 0.0 0.0 0.0 0.0 0.0 0.0 0.0 0.0 0.0 0.0 0.0 0.0 0.0 0.0 0.0 0.0 0.0 0.0 0.0 0.0 0.0 0.0 0.0 0.0 0.0 0.0 0.0 0.0 0.0 0.0 0.0 0.0 0.0 0.0 0.0 0.0 0.0 0.0 0.0 0.0 0.0 0.001 0.001 0.001 0.001 0.001 0.002 0.002 0.002 0.002 0.002 0.003 0.003 0.003 0.003 0.003 0.004 0.006 0.008 0.01 0.012 0.014 0.016 0.018 0.02 0.022 0.024 0.026 0.026 0.026 0.026 0.026 0.026 0.026 0.026 0.026 0.026 0.031 0.036 0.041 0.046 0.052 0.057 0.062 0.067 0.072 0.077 0.082 0.087 0.091 0.094 0.098 0.102 0.105 0.109 0.112 0.116 0.119 0.123 0.127 0.13 0.131 0.131 0.132 0.132 0.132 0.132 0.132 0.132 0.134 0.139 0.143 0.147 0.151 0.155 0.16 0.164 0.168 0.172 0.176 0.181
0.0 0.0 0.0 0.0 0.0 0.0 0.0 0.0 0.0 0.0 0.0 0.0 0.0 0.0 0.0 0.0 0.0 0.0 0.0 0.0 0.0 0.0 0.0 0.0 0.0 0.0 0.0 0.0 0.0 0.0 0.0 0.0 0.0 0.0 0.0 0.0 0.0 0.0 0.0 0.0 0.0 0.0 0.0 0.0 0.0 0.0 0.0 0.0 0.0 0.0 0.0 0.0 0.0 0.0 0.0 0.0 0.001 0.001 0.001 0.001 0.001 0.002 0.002 0.002 0.002 0.002 0.002 0.002 0.002 0.002 0.002 0.004 0.006 0.008 0.01 0.012 0.014 0.016 0.018 0.02 0.022 0.024 0.024 0.024 0.024 0.024 0.024 0.024 0.024 0.024 0.024 0.024 0.025 0.03 0.035 0.041 0.046 0.051 0.056 0.061 0.066 0.071 0.076 0.081 0.085 0.089 0.092 0.096 0.099 0.103 0.106 0.11 0.114 0.117 0.121 0.122 0.122 0.123 0.123 0.123 0.123 0.123 0.123 0.124 0.124 0.127 0.131 0.135 0.139 0.143 0.148 0.152 0.156 0.16 0.164 0.169
0.0 0.0 0.0 0.0 0.0 0.0 0.0 0.0 0.0 0.0 0.0 0.0 0.0 0.0 0.0 0.0 0.0 0.0 0.0 0.0 0.0 0.0 0.0 0.0 0.0 0.0 0.0 0.0 0.0 0.0 0.0 0.0 0.0 0.0 0.0 0.0 0.0 0.0 0.0 0.0 0.0 0.0 0.0 0.0 0.0 0.0 0.0 0.0 0.0 0.0 0.0 0.0 0.0 0.0 0.0 0.0 0.001 0.001 0.001 0.001 0.001 0.002 0.002 0.002 0.002 0.002 0.002 0.002 0.002 0.002 0.002 0.004 0.006 0.008 0.01 0.012 0.014 0.016 0.018 0.02 0.022 0.022 0.022 0.022 0.022 0.022 0.022 0.023 0.023 0.023 0.023 0.023 0.023 0.024 0.03 0.035 0.04 0.045 0.05 0.055 0.06 0.065 0.07 0.076 0.079 0.083 0.086 0.09 0.093 0.097 0.101 0.104 0.108 0.111 0.113 0.114 0.114 0.114 0.114 0.114 0.114 0.114 0.115 0.115 0.115 0.115 0.119 0.123 0.127 0.131 0.136 0.14 0.144 0.148 0.152 0.157
0.0 0.0 0.0 0.0 0.0 0.0 0.0 0.0 0.0 0.0 0.0 0.0 0.0 0.0 0.0 0.0 0.0 0.0 0.0 0.0 0.0 0.0 0.0 0.0 0.0 0.0 0.0 0.0 0.0 0.0 0.0 0.0 0.0 0.0 0.0 0.0 0.0 0.0 0.0 0.0 0.0 0.0 0.0 0.0 0.0 0.0 0.0 0.0 0.0 0.0 0.0 0.0 0.0 0.0 0.0 0.0 0.001 0.001 0.001 0.001 0.001 0.002 0.002 0.002 0.002 0.002 0.002 0.002 0.002 0.002 0.002 0.004 0.006 0.008 0.01 0.012 0.014 0.016 0.018 0.02 0.02 0.021 0.021 0.021 0.021 0.021 0.021 0.021 0.021 0.021 0.021 0.021 0.021 0.021 0.024 0.029 0.034 0.039 0.044 0.049 0.054 0.059 0.065 0.07 0.073 0.077 0.08 0.084 0.087 0.091 0.095 0.098 0.102 0.104 0.105 0.105 0.105 0.105 0.105 0.105 0.105 0.106 0.106 0.106 0.106 0.106 0.107 0.111 0.115 0.119 0.123 0.128 0.132 0.136 0.14 0.144
0.0 0.0 0.0 0.0 0.0 0.0 0.0 0.0 0.0 0.0 0.0 0.0 0.0 0.0 0.0 0.0 0.0 0.0 0.0 0.0 0.0 0.0 0.0 0.0 0.0 0.0 0.0 0.0 0.0 0.0 0.0 0.0 0.0 0.0 0.0 0.0 0.0 0.0 0.0 0.0 0.0 0.0 0.0 0.0 0.0 0.0 0.0 0.0 0.0 0.0 0.0 0.0 0.0 0.0 0.0 0.0 0.001 0.001 0.001 0.001 0.001 0.002 0.002 0.002 0.002 0.002 0.002 0.002 0.002 0.002 0.002 0.004 0.006 0.008 0.01 0.012 0.014 0.016 0.018 0.019 0.019 0.019 0.019 0.019 0.019 0.019 0.019 0.019 0.019 0.019 0.019 0.019 0.019 0.019 0.019 0.023 0.028 0.033 0.038 0.043 0.048 0.054 0.059 0.064 0.067 0.071 0.074 0.078 0.082 0.085 0.089 0.092 0.095 0.096 0.096 0.096 0.096 0.096 0.096 0.096 0.097 0.097 0.097 0.097 0.097 0.097 0.098 0.099 0.103 0.107 0.111 0.116 0.12 0.124 0.128 0.132
0.0 0.0 0.0 0.0 0.0 0.0 0.0 0.0 0.0 0.0 0.0 0.0 0.0 0.0 0.0 0.0 0.0 0.0 0.0 0.0 0.0 0.0 0.0 0.0 0.0 0.0 0.0 0.0 0.0 0.0 0.0 0.0 0.0 0.0 0.0 0.0 0.0 0.0 0.0 0.0 0.0 0.0 0.0 0.0 0.0 0.0 0.0 0.0 0.0 0.0 0.0 0.0 0.0 0.0 0.0 0.0 0.001 0.001 0.001 0.001 0.001 0.002 0.002 0.002 0.002 0.002 0.002 0.002 0.002 0.002 0.002 0.004 0.006 0.008 0.01 0.012 0.014 0.015 0.017 0.017 0.017 0.017 0.017 0.017 0.017 0.017 0.017 0.017 0.017 0.017 0.017 0.017 0.017 0.017 0.017 0.017 0.022 0.027 0.032 0.037 0.043 0.048 0.053 0.058 0.061 0.065 0.069 0.072 0.076 0.079 0.083 0.086 0.087 0.087 0.087 0.087 0.087 0.087 0.088 0.088 0.088 0.088 0.088 0.088 0.088 0.089 0.089 0.089 0.091 0.095 0.099 0.104 0.108 0.112 0.116 0.12
0.0 0.0 0.0 0.0 0.0 0.0 0.0 0.0 0.0 0.0 0.0 0.0 0.0 0.0 0.0 0.0 0.0 0.0 0.0 0.0 0.0 0.0 0.0 0.0 0.0 0.0 0.0 0.0 0.0 0.0 0.0 0.0 0.0 0.0 0.0 0.0 0.0 0.0 0.0 0.0 0.0 0.0 0.0 0.0 0.0 0.0 0.0 0.0 0.0 0.0 0.0 0.0 0.0 0.0 0.0 0.0 0.001 0.001 0.001 0.001 0.001 0.001 0.001 0.001 0.001 0.001 0.001 0.001 0.001 0.001 0.001 0.003 0.005 0.007 0.009 0.011 0.013 0.015 0.015 0.015 0.015 0.015 0.015 0.015 0.015 0.015 0.015 0.015 0.015 0.015 0.015 0.015 0.015 0.015 0.015 0.015 0.016 0.021 0.027 0.032 0.037 0.042 0.047 0.052 0.056 0.059 0.063 0.066 0.07 0.073 0.077 0.078 0.078 0.078 0.078 0.078 0.078 0.079 0.079 0.079 0.079 0.079 0.079 0.079 0.08 0.08 0.08 0.08 0.08 0.083 0.087 0.092 0.096 0.1 0.104 0.108
0.0 0.0 0.0 0.0 0.0 0.0 0.0 0.0 0.0 0.0 0.0 0.0 0.0 0.0 0.0 0.0 0.0 0.0 0.0 0.0 0.0 0.0 0.0 0.0 0.0 0.0 0.0 0.0 0.0 0.0 0.0 0.0 0.0 0.0 0.0 0.0 0.0 0.0 0.0 0.0 0.0 0.0 0.0 0.0 0.0 0.0 0.0 0.0 0.0 0.0 0.0 0.0 0.0 0.0 0.0 0.0 0.001 0.001 0.001 0.001 0.001 0.001 0.001 0.001 0.001 0.001 0.001 0.001 0.001 0.001 0.001 0.003 0.005 0.007 0.009 0.011 0.013 0.013 0.013 0.013 0.013 0.013 0.013 0.013 0.013 0.013 0.013 0.013 0.013 0.013 0.014 0.014 0.014 0.014 0.014 0.014 0.014 0.016 0.021 0.026 0.031 0.036 0.041 0.046 0.05 0.053 0.057 0.06 0.064 0.067 0.069 0.069 0.069 0.069 0.069 0.069 0.07 0.07 0.07 0.07 0.07 0.07 0.07 0.071 0.071 0.071 0.071 0.071 0.071 0.072 0.075 0.079 0.084 0.088 0.092 0.096
0.0 0.0 0.0 0.0 0.0 0.0 0.0 0.0 0.0 0.0 0.0 0.0 0.0 0.0 0.0 0.0 0.0 0.0 0.0 0.0 0.0 0.0 0.0 0.0 0.0 0.0 0.0 0.0 0.0 0.0 0.0 0.0 0.0 0.0 0.0 0.0 0.0 0.0 0.0 0.0 0.0 0.0 0.0 0.0 0.0 0.0 0.0 0.0 0.0 0.0 0.0 0.0 0.0 0.0 0.0 0.0 0.001 0.001 0.001 0.001 0.001 0.001 0.001 0.001 0.001 0.001 0.001 0.001 0.001 0.001 0.001 0.003 0.005 0.007 0.009 0.011 0.011 0.011 0.011 0.011 0.011 0.011 0.011 0.011 0.012 0.012 0.012 0.012 0.012 0.012 0.012 0.012 0.012 0.012 0.012 0.012 0.012 0.012 0.015 0.02 0.025 0.03 0.035 0.04 0.044 0.047 0.051 0.054 0.058 0.06 0.06 0.06 0.06 0.06 0.06 0.061 0.061 0.061 0.061 0.061 0.061 0.062 0.062 0.062 0.062 0.062 0.062 0.062 0.063 0.063 0.063 0.067 0.072 0.076 0.08 0.084
0.0 0.0 0.0 0.0 0.0 0.0 0.0 0.0 0.0 0.0 0.0 0.0 0.0 0.0 0.0 0.0 0.0 0.0 0.0 0.0 0.0 0.0 0.0 0.0 0.0 0.0 0.0 0.0 0.0 0.0 0.0 0.0 0.0 0.0 0.0 0.0 0.0 0.0 0.0 0.0 0.0 0.0 0.0 0.0 0.0 0.0 0.0 0.0 0.0 0.0 0.0 0.0 0.0 0.0 0.0 0.0 0.001 0.001 0.001 0.001 0.001 0.001 0.001 0.001 0.001 0.001 0.001 0.001 0.001 0.001 0.001 0.003 0.005 0.007 0.009 0.009 0.009 0.01 0.01 0.01 0.01 0.01 0.01 0.01 0.01 0.01 0.01 0.01 0.01 0.01 0.01 0.01 0.01 0.01 0.01 0.01 0.01 0.01 0.01 0.014 0.019 0.024 0.029 0.034 0.038 0.041 0.045 0.049 0.051 0.051 0.051 0.051 0.051 0.052 0.052 0.052 0.052 0.052 0.052 0.052 0.053 0.053 0.053 0.053 0.053 0.053 0.053 0.054 0.054 0.054 0.054 0.055 0.06 0.064 0.068 0.072
0.0 0.0 0.0 0.0 0.0 0.0 0.0 0.0 0.0 0.0 0.0 0.0 0.0 0.0 0.0 0.0 0.0 0.0 0.0 0.0 0.0 0.0 0.0 0.0 0.0 0.0 0.0 0.0 0.0 0.0 0.0 0.0 0.0 0.0 0.0 0.0 0.0 0.0 0.0 0.0 0.0 0.0 0.0 0.0 0.0 0.0 0.0 0.0 0.0 0.0 0.0 0.0 0.0 0.0 0.0 0.0 0.001 0.001 0.001 0.001 0.001 0.001 0.001 0.001 0.001 0.001 0.001 0.001 0.001 0.001 0.001 0.003 0.005 0.007 0.008 0.008 0.008 0.008 0.008 0.008 0.008 0.008 0.008 0.008 0.008 0.008 0.008 0.008 0.008 0.008 0.008 0.008 0.008 0.008 0.008 0.008 0.008 0.008 0.008 0.008 0.013 0.018 0.023 0.028 0.032 0.035 0.039 0.042 0.042 0.042 0.042 0.042 0.043 0.043 0.043 0.043 0.043 0.043 0.043 0.044 0.044 0.044 0.044 0.044 0.044 0.045 0.045 0.045 0.045 0.045 0.045 0.045 0.048 0.052 0.056 0.06
0.0 0.0 0.0 0.0 0.0 0.0 0.0 0.0 0.0 0.0 0.0 0.0 0.0 0.0 0.0 0.0 0.0 0.0 0.0 0.0 0.0 0.0 0.0 0.0 0.0 0.0 0.0 0.0 0.0 0.0 0.0 0.0 0.0 0.0 0.0 0.0 0.0 0.0 0.0 0.0 0.0 0.0 0.0 0.0 0.0 0.0 0.0 0.0 0.0 0.0 0.0 0.0 0.0 0.0 0.0 0.0 0.001 0.001 0.001 0.001 0.001 0.001 0.001 0.001 0.001 0.001 0.001 0.001 0.001 0.001 0.001 0.003 0.005 0.006 0.006 0.006 0.006 0.006 0.006 0.006 0.006 0.006 0.006 0.006 0.006 0.006 0.006 0.006 0.006 0.006 0.006 0.006 0.006 0.006 0.006 0.006 0.006 0.006 0.007 0.007 0.007 0.012 0.018 0.022 0.026 0.03 0.033 0.033 0.033 0.033 0.033 0.034 0.034 0.034 0.034 0.034 0.034 0.034 0.035 0.035 0.035 0.035 0.035 0.035 0.036 0.036 0.036 0.036 0.036 0.036 0.036 0.037 0.037 0.04 0.044 0.048
0.0 0.0 0.0 0.0 0.0 0.0 0.0 0.0 0.0 0.0 0.0 0.0 0.0 0.0 0.0 0.0 0.0 0.0 0.0 0.0 0.0 0.0 0.0 0.0 0.0 0.0 0.0 0.0 0.0 0.0 0.0 0.0 0.0 0.0 0.0 0.0 0.0 0.0 0.0 0.0 0.0 0.0 0.0 0.0 0.0 0.0 0.0 0.0 0.0 0.0 0.0 0.0 0.0 0.0 0.0 0.0 0.0 0.0 0.0 0.0 0.0 0.0 0.0 0.0 0.0 0.0 0.0 0.0 0.0 0.0 0.001 0.003 0.004 0.004 0.004 0.004 0.004 0.004 0.004 0.004 0.004 0.004 0.004 0.004 0.004 0.004 0.004 0.004 0.004 0.004 0.004 0.004 0.005 0.005 0.005 0.005 0.005 0.005 0.005 0.005 0.005 0.007 0.012 0.017 0.02 0.024 0.024 0.024 0.024 0.024 0.025 0.025 0.025 0.025 0.025 0.025 0.026 0.026 0.026 0.026 0.026 0.026 0.026 0.027 0.027 0.027 0.027 0.027 0.027 0.027 0.028 0.028 0.028 0.028 0.032 0.036
0.0 0.0 0.0 0.0 0.0 0.0 0.0 0.0 0.0 0.0 0.0 0.0 0.0 0.0 0.0 0.0 0.0 0.0 0.0 0.0 0.0 0.0 0.0 0.0 0.0 0.0 0.0 0.0 0.0 0.0 0.0 0.0 0.0 0.0 0.0 0.0 0.0 0.0 0.0 0.0 0.0 0.0 0.0 0.0 0.0 0.0 0.0 0.0 0.0 0.0 0.0 0.0 0.0 0.0 0.0 0.0 0.0 0.0 0.0 0.0 0.0 0.0 0.0 0.0 0.0 0.0 0.0 0.0 0.0 0.0 0.0 0.002 0.002 0.002 0.002 0.002 0.002 0.002 0.002 0.002 0.002 0.002 0.002 0.002 0.002 0.002 0.003 0.003 0.003 0.003 0.003 0.003 0.003 0.003 0.003 0.003 0.003 0.003 0.003 0.003 0.003 0.003 0.006 0.011 0.014 0.015 0.015 0.015 0.016 0.016 0.016 0.016 0.016 0.016 0.016 0.017 0.017 0.017 0.017 0.017 0.017 0.017 0.018 0.018 0.018 0.018 0.018 0.018 0.019 0.019 0.019 0.019 0.019 0.019 0.02 0.024
0.0 0.0 0.0 0.0 0.0 0.0 0.0 0.0 0.0 0.0 0.0 0.0 0.0 0.0 0.0 0.0 0.0 0.0 0.0 0.0 0.0 0.0 0.0 0.0 0.0 0.0 0.0 0.0 0.0 0.0 0.0 0.0 0.0 0.0 0.0 0.0 0.0 0.0 0.0 0.0 0.0 0.0 0.0 0.0 0.0 0.0 0.0 0.0 0.0 0.0 0.0 0.0 0.0 0.0 0.0 0.0 0.0 0.0 0.0 0.0 0.0 0.0 0.0 0.0 0.0 0.0 0.0 0.0 0.0 0.0 0.0 0.0 0.0 0.0 0.0 0.0 0.0 0.0 0.0 0.0 0.001 0.001 0.001 0.001 0.001 0.001 0.001 0.001 0.001 0.001 0.001 0.001 0.001 0.001 0.001 0.001 0.001 0.001 0.001 0.001 0.001 0.001 0.001 0.005 0.006 0.006 0.006 0.007 0.007 0.007 0.007 0.007 0.007 0.007 0.008 0.008 0.008 0.008 0.008 0.008 0.008 0.009 0.009 0.009 0.009 0.009 0.009 0.01 0.01 0.01 0.01 0.01 0.01 0.01 0.011 0.012
0.0 0.0 0.0 0.0 0.0 0.0 0.0 0.0 0.0 0.0 0.0 0.0 0.0 0.0 0.0 0.0 0.0 0.0 0.0 0.0 0.0 0.0 0.0 0.0 0.0 0.0 0.0 0.0 0.0 0.0 0.0 0.0 0.0 0.0 0.0 0.0 0.0 0.0 0.0 0.0 0.0 0.0 0.0 0.0 0.0 0.0 0.0 0.0 0.0 0.0 0.0 0.0 0.0 0.0 0.0 0.0 0.0 0.0 0.0 0.0 0.0 0.0 0.0 0.0 0.0 0.0 0.0 0.0 0.0 0.0 0.0 0.0 0.0 0.0 0.0 0.0 0.0 0.0 0.0 0.0 0.0 0.0 0.0 0.0 0.0 0.0 0.0 0.0 0.0 0.0 0.0 0.0 0.0 0.0 0.0 0.0 0.0 0.0 0.0 0.0 0.0 0.0 0.0 0.0 0.0 0.0 0.0 0.0 0.0 0.0 0.0 0.0 0.0 0.0 0.0 0.0 0.0 0.0 0.0 0.0 0.0 0.0 0.0 0.0 0.0 0.0 0.001 0.001 0.001 0.001 0.001 0.001 0.001 0.002 0.002 0.002
0.0 0.0 0.0 0.0 0.0 0.0 0.0 0.0 0.0 0.0 0.0 0.0 0.0 0.0 0.0 0.0 0.0 0.0 0.0 0.0 0.0 0.0 0.0 0.0 0.0 0.0 0.0 0.0 0.0 0.0 0.0 0.0 0.0 0.0 0.0 0.0 0.0 0.0 0.0 0.0 0.0 0.0 0.0 0.0 0.0 0.0 0.0 0.0 0.0 0.0 0.0 0.0 0.0 0.0 0.0 0.0 0.0 0.0 0.0 0.0 0.0 0.0 0.0 0.0 0.0 0.0 0.0 0.0 0.0 0.0 0.0 0.0 0.0 0.0 0.0 0.0 0.0 0.0 0.0 0.0 0.0 0.0 0.0 0.0 0.0 0.0 0.0 0.0 0.0 0.0 0.0 0.0 0.0 0.0 0.0 0.0 0.0 0.0 0.0 0.0 0.0 0.0 0.0 0.0 0.0 0.0 0.0 0.0 0.0 0.0 0.0 0.0 0.0 0.0 0.0 0.0 0.0 0.0 0.0 0.0 0.0 0.0 0.0 0.0 0.0 0.0 0.0 0.0 0.0 0.0 0.0 0.0 0.0 0.0 0.0 0.0
0.0 0.0 0.0 0.0 0.0 0.0 0.0 0.0 0.0 0.0 0.0 0.0 0.0 0.0 0.0 0.0 0.0 0.0 0.0 0.0 0.0 0.0 0.0 0.0 0.0 0.0 0.0 0.0 0.0 0.0 0.0 0.0 0.0 0.0 0.0 0.0 0.0 0.0 0.0 0.0 0.0 0.0 0.0 0.0 0.0 0.0 0.0 0.0 0.0 0.0 0.0 0.0 0.0 0.0 0.0 0.0 0.0 0.0 0.0 0.0 0.0 0.0 0.0 0.0 0.0 0.0 0.0 0.0 0.0 0.0 0.0 0.0 0.0 0.0 0.0 0.0 0.0 0.0 0.0 0.0 0.0 0.0 0.0 0.0 0.0 0.0 0.0 0.0 0.0 0.0 0.0 0.0 0.0 0.0 0.0 0.0 0.0 0.0 0.0 0.0 0.0 0.0 0.0 0.0 0.0 0.0 0.0 0.0 0.0 0.0 0.0 0.0 0.0 0.0 0.0 0.0 0.0 0.0 0.0 0.0 0.0 0.0 0.0 0.0 0.0 0.0 0.0 0.0 0.0 0.0 0.0 0.0 0.0 0.0 0.0 0.0
0.0 0.0 0.0 0.0 0.0 0.0 0.0 0.0 0.0 0.0 0.0 0.0 0.0 0.0 0.0 0.0 0.0 0.0 0.0 0.0 0.0 0.0 0.0 0.0 0.0 0.0 0.0 0.0 0.0 0.0 0.0 0.0 0.0 0.0 0.0 0.0 0.0 0.0 0.0 0.0 0.0 0.0 0.0 0.0 0.0 0.0 0.0 0.0 0.0 0.0 0.0 0.0 0.0 0.0 0.0 0.0 0.0 0.0 0.0 0.0 0.0 0.0 0.0 0.0 0.0 0.0 0.0 0.0 0.0 0.0 0.0 0.0 0.0 0.0 0.0 0.0 0.0 0.0 0.0 0.0 0.0 0.0 0.0 0.0 0.0 0.0 0.0 0.0 0.0 0.0 0.0 0.0 0.0 0.0 0.0 0.0 0.0 0.0 0.0 0.0 0.0 0.0 0.0 0.0 0.0 0.0 0.0 0.0 0.0 0.0 0.0 0.0 0.0 0.0 0.0 0.0 0.0 0.0 0.0 0.0 0.0 0.0 0.0 0.0 0.0 0.0 0.0 0.0 0.0 0.0 0.0 0.0 0.0 0.0 0.0 0.0
0.0 0.0 0.0 0.0 0.0 0.0 0.0 0.0 0.0 0.0 0.0 0.0 0.0 0.0 0.0 0.0 0.0 0.0 0.0 0.0 0.0 0.0 0.0 0.0 0.0 0.0 0.0 0.0 0.0 0.0 0.0 0.0 0.0 0.0 0.0 0.0 0.0 0.0 0.0 0.0 0.0 0.0 0.0 0.0 0.0 0.0 0.0 0.0 0.0 0.0 0.0 0.0 0.0 0.0 0.0 0.0 0.0 0.0 0.0 0.0 0.0 0.0 0.0 0.0 0.0 0.0 0.0 0.0 0.0 0.0 0.0 0.0 0.0 0.0 0.0 0.0 0.0 0.0 0.0 0.0 0.0 0.0 0.0 0.0 0.0 0.0 0.0 0.0 0.0 0.0 0.0 0.0 0.0 0.0 0.0 0.0 0.0 0.0 0.0 0.0 0.0 0.0 0.0 0.0 0.0 0.0 0.0 0.0 0.0 0.0 0.0 0.0 0.0 0.0 0.0 0.0 0.0 0.0 0.0 0.0 0.0 0.0 0.0 0.0 0.0 0.0 0.0 0.0 0.0 0.0 0.0 0.0 0.0 0.0 0.0 0.0
0.0 0.0 0.0 0.0 0.0 0.0 0.0 0.0 0.0 0.0 0.0 0.0 0.0 0.0 0.0 0.0 0.0 0.0 0.0 0.0 0.0 0.0 0.0 0.0 0.0 0.0 0.0 0.0 0.0 0.0 0.0 0.0 0.0 0.0 0.0 0.0 0.0 0.0 0.0 0.0 0.0 0.0 0.0 0.0 0.0 0.0 0.0 0.0 0.0 0.0 0.0 0.0 0.0 0.0 0.0 0.0 0.0 0.0 0.0 0.0 0.0 0.0 0.0 0.0 0.0 0.0 0.0 0.0 0.0 0.0 0.0 0.0 0.0 0.0 0.0 0.0 0.0 0.0 0.0 0.0 0.0 0.0 0.0 0.0 0.0 0.0 0.0 0.0 0.0 0.0 0.0 0.0 0.0 0.0 0.0 0.0 0.0 0.0 0.0 0.0 0.0 0.0 0.0 0.0 0.0 0.0 0.0 0.0 0.0 0.0 0.0 0.0 0.0 0.0 0.0 0.0 0.0 0.0 0.0 0.0 0.0 0.0 0.0 0.0 0.0 0.0 0.0 0.0 0.0 0.0 0.0 0.0 0.0 0.0 0.0 0.0
0.0 0.0 0.0 0.0 0.0 0.0 0.0 0.0 0.0 0.0 0.0 0.0 0.0 0.0 0.0 0.0 0.0 0.0 0.0 0.0 0.0 0.0 0.0 0.0 0.0 0.0 0.0 0.0 0.0 0.0 0.0 0.0 0.0 0.0 0.0 0.0 0.0 0.0 0.0 0.0 0.0 0.0 0.0 0.0 0.0 0.0 0.0 0.0 0.0 0.0 0.0 0.0 0.0 0.0 0.0 0.0 0.0 0.0 0.0 0.0 0.0 0.0 0.0 0.0 0.0 0.0 0.0 0.0 0.0 0.0 0.0 0.0 0.0 0.0 0.0 0.0 0.0 0.0 0.0 0.0 0.0 0.0 0.0 0.0 0.0 0.0 0.0 0.0 0.0 0.0 0.0 0.0 0.0 0.0 0.0 0.0 0.0 0.0 0.0 0.0 0.0 0.0 0.0 0.0 0.0 0.0 0.0 0.0 0.0 0.0 0.0 0.0 0.0 0.0 0.0 0.0 0.0 0.0 0.0 0.0 0.0 0.0 0.0 0.0 0.0 0.0 0.0 0.0 0.0 0.0 0.0 0.0 0.0 0.0 0.0 0.0
0.0 0.0 0.0 0.0 0.0 0.0 0.0 0.0 0.0 0.0 0.0 0.0 0.0 0.0 0.0 0.0 0.0 0.0 0.0 0.0 0.0 0.0 0.0 0.0 0.0 0.0 0.0 0.0 0.0 0.0 0.0 0.0 0.0 0.0 0.0 0.0 0.0 0.0 0.0 0.0 0.0 0.0 0.0 0.0 0.0 0.0 0.0 0.0 0.0 0.0 0.0 0.0 0.0 0.0 0.0 0.0 0.0 0.0 0.0 0.0 0.0 0.0 0.0 0.0 0.0 0.0 0.0 0.0 0.0 0.0 0.0 0.0 0.0 0.0 0.0 0.0 0.0 0.0 0.0 0.0 0.0 0.0 0.0 0.0 0.0 0.0 0.0 0.0 0.0 0.0 0.0 0.0 0.0 0.0 0.0 0.0 0.0 0.0 0.0 0.0 0.0 0.0 0.0 0.0 0.0 0.0 0.0 0.0 0.0 0.0 0.0 0.0 0.0 0.0 0.0 0.0 0.0 0.0 0.0 0.0 0.0 0.0 0.0 0.0 0.0 0.0 0.0 0.0 0.0 0.0 0.0 0.0 0.0 0.0 0.0 0.0
0.0 0.0 0.0 0.0 0.0 0.0 0.0 0.0 0.0 0.0 0.0 0.0 0.0 0.0 0.0 0.0 0.0 0.0 0.0 0.0 0.0 0.0 0.0 0.0 0.0 0.0 0.0 0.0 0.0 0.0 0.0 0.0 0.0 0.0 0.0 0.0 0.0 0.0 0.0 0.0 0.0 0.0 0.0 0.0 0.0 0.0 0.0 0.0 0.0 0.0 0.0 0.0 0.0 0.0 0.0 0.0 0.0 0.0 0.0 0.0 0.0 0.0 0.0 0.0 0.0 0.0 0.0 0.0 0.0 0.0 0.0 0.0 0.0 0.0 0.0 0.0 0.0 0.0 0.0 0.0 0.0 0.0 0.0 0.0 0.0 0.0 0.0 0.0 0.0 0.0 0.0 0.0 0.0 0.0 0.0 0.0 0.0 0.0 0.0 0.0 0.0 0.0 0.0 0.0 0.0 0.0 0.0 0.0 0.0 0.0 0.0 0.0 0.0 0.0 0.0 0.0 0.0 0.0 0.0 0.0 0.0 0.0 0.0 0.0 0.0 0.0 0.0 0.0 0.0 0.0 0.0 0.0 0.0 0.0 0.0 0.0
0.0 0.0 0.0 0.0 0.0 0.0 0.0 0.0 0.0 0.0 0.0 0.0 0.0 0.0 0.0 0.0 0.0 0.0 0.0 0.0 0.0 0.0 0.0 0.0 0.0 0.0 0.0 0.0 0.0 0.0 0.0 0.0 0.0 0.0 0.0 0.0 0.0 0.0 0.0 0.0 0.0 0.0 0.0 0.0 0.0 0.0 0.0 0.0 0.0 0.0 0.0 0.0 0.0 0.0 0.0 0.0 0.0 0.0 0.0 0.0 0.0 0.0 0.0 0.0 0.0 0.0 0.0 0.0 0.0 0.0 0.0 0.0 0.0 0.0 0.0 0.0 0.0 0.0 0.0 0.0 0.0 0.0 0.0 0.0 0.0 0.0 0.0 0.0 0.0 0.0 0.0 0.0 0.0 0.0 0.0 0.0 0.0 0.0 0.0 0.0 0.0 0.0 0.0 0.0 0.0 0.0 0.0 0.0 0.0 0.0 0.0 0.0 0.0 0.0 0.0 0.0 0.0 0.0 0.0 0.0 0.0 0.0 0.0 0.0 0.0 0.0 0.0 0.0 0.0 0.0 0.0 0.0 0.0 0.0 0.0 0.0
0.0 0.0 0.0 0.0 0.0 0.0 0.0 0.0 0.0 0.0 0.0 0.0 0.0 0.0 0.0 0.0 0.0 0.0 0.0 0.0 0.0 0.0 0.0 0.0 0.0 0.0 0.0 0.0 0.0 0.0 0.0 0.0 0.0 0.0 0.0 0.0 0.0 0.0 0.0 0.0 0.0 0.0 0.0 0.0 0.0 0.0 0.0 0.0 0.0 0.0 0.0 0.0 0.0 0.0 0.0 0.0 0.0 0.0 0.0 0.0 0.0 0.0 0.0 0.0 0.0 0.0 0.0 0.0 0.0 0.0 0.0 0.0 0.0 0.0 0.0 0.0 0.0 0.0 0.0 0.0 0.0 0.0 0.0 0.0 0.0 0.0 0.0 0.0 0.0 0.0 0.0 0.0 0.0 0.0 0.0 0.0 0.0 0.0 0.0 0.0 0.0 0.0 0.0 0.0 0.0 0.0 0.0 0.0 0.0 0.0 0.0 0.0 0.0 0.0 0.0 0.0 0.0 0.0 0.0 0.0 0.0 0.0 0.0 0.0 0.0 0.0 0.0 0.0 0.0 0.0 0.0 0.0 0.0 0.0 0.0 0.0
0.0 0.0 0.0 0.0 0.0 0.0 0.0 0.0 0.0 0.0 0.0 0.0 0.0 0.0 0.0 0.0 0.0 0.0 0.0 0.0 0.0 0.0 0.0 0.0 0.0 0.0 0.0 0.0 0.0 0.0 0.0 0.0 0.0 0.0 0.0 0.0 0.0 0.0 0.0 0.0 0.0 0.0 0.0 0.0 0.0 0.0 0.0 0.0 0.0 0.0 0.0 0.0 0.0 0.0 0.0 0.0 0.0 0.0 0.0 0.0 0.0 0.0 0.0 0.0 0.0 0.0 0.0 0.0 0.0 0.0 0.0 0.0 0.0 0.0 0.0 0.0 0.0 0.0 0.0 0.0 0.0 0.0 0.0 0.0 0.0 0.0 0.0 0.0 0.0 0.0 0.0 0.0 0.0 0.0 0.0 0.0 0.0 0.0 0.0 0.0 0.0 0.0 0.0 0.0 0.0 0.0 0.0 0.0 0.0 0.0 0.0 0.0 0.0 0.0 0.0 0.0 0.0 0.0 0.0 0.0 0.0 0.0 0.0 0.0 0.0 0.0 0.0 0.0 0.0 0.0 0.0 0.0 0.0 0.0 0.0 0.0
0.0 0.0 0.0 0.0 0.0 0.0 0.0 0.0 0.0 0.0 0.0 0.0 0.0 0.0 0.0 0.0 0.0 0.0 0.0 0.0 0.0 0.0 0.0 0.0 0.0 0.0 0.0 0.0 0.0 0.0 0.0 0.0 0.0 0.0 0.0 0.0 0.0 0.0 0.0 0.0 0.0 0.0 0.0 0.0 0.0 0.0 0.0 0.0 0.0 0.0 0.0 0.0 0.0 0.0 0.0 0.0 0.0 0.0 0.0 0.0 0.0 0.0 0.0 0.0 0.0 0.0 0.0 0.0 0.0 0.0 0.0 0.0 0.0 0.0 0.0 0.0 0.0 0.0 0.0 0.0 0.0 0.0 0.0 0.0 0.0 0.0 0.0 0.0 0.0 0.0 0.0 0.0 0.0 0.0 0.0 0.0 0.0 0.0 0.0 0.0 0.0 0.0 0.0 0.0 0.0 0.0 0.0 0.0 0.0 0.0 0.0 0.0 0.0 0.0 0.0 0.0 0.0 0.0 0.0 0.0 0.0 0.0 0.0 0.0 0.0 0.0 0.0 0.0 0.0 0.0 0.0 0.0 0.0 0.0 0.0 0.0
0.0 0.0 0.0 0.0 0.0 0.0 0.0 0.0 0.0 0.0 0.0 0.0 0.0 0.0 0.0 0.0 0.0 0.0 0.0 0.0 0.0 0.0 0.0 0.0 0.0 0.0 0.0 0.0 0.0 0.0 0.0 0.0 0.0 0.0 0.0 0.0 0.0 0.0 0.0 0.0 0.0 0.0 0.0 0.0 0.0 0.0 0.0 0.0 0.0 0.0 0.0 0.0 0.0 0.0 0.0 0.0 0.0 0.0 0.0 0.0 0.0 0.0 0.0 0.0 0.0 0.0 0.0 0.0 0.0 0.0 0.0 0.0 0.0 0.0 0.0 0.0 0.0 0.0 0.0 0.0 0.0 0.0 0.0 0.0 0.0 0.0 0.0 0.0 0.0 0.0 0.0 0.0 0.0 0.0 0.0 0.0 0.0 0.0 0.0 0.0 0.0 0.0 0.0 0.0 0.0 0.0 0.0 0.0 0.0 0.0 0.0 0.0 0.0 0.0 0.0 0.0 0.0 0.0 0.0 0.0 0.0 0.0 0.0 0.0 0.0 0.0 0.0 0.0 0.0 0.0 0.0 0.0 0.0 0.0 0.0 0.0
0.0 0.0 0.0 0.0 0.0 0.0 0.0 0.0 0.0 0.0 0.0 0.0 0.0 0.0 0.0 0.0 0.0 0.0 0.0 0.0 0.0 0.0 0.0 0.0 0.0 0.0 0.0 0.0 0.0 0.0 0.0 0.0 0.0 0.0 0.0 0.0 0.0 0.0 0.0 0.0 0.0 0.0 0.0 0.0 0.0 0.0 0.0 0.0 0.0 0.0 0.0 0.0 0.0 0.0 0.0 0.0 0.0 0.0 0.0 0.0 0.0 0.0 0.0 0.0 0.0 0.0 0.0 0.0 0.0 0.0 0.0 0.0 0.0 0.0 0.0 0.0 0.0 0.0 0.0 0.0 0.0 0.0 0.0 0.0 0.0 0.0 0.0 0.0 0.0 0.0 0.0 0.0 0.0 0.0 0.0 0.0 0.0 0.0 0.0 0.0 0.0 0.0 0.0 0.0 0.0 0.0 0.0 0.0 0.0 0.0 0.0 0.0 0.0 0.0 0.0 0.0 0.0 0.0 0.0 0.0 0.0 0.0 0.0 0.0 0.0 0.0 0.0 0.0 0.0 0.0 0.0 0.0 0.0 0.0 0.0 0.0
0.0 0.0 0.0 0.0 0.0 0.0 0.0 0.0 0.0 0.0 0.0 0.0 0.0 0.0 0.0 0.0 0.0 0.0 0.0 0.0 0.0 0.0 0.0 0.0 0.0 0.0 0.0 0.0 0.0 0.0 0.0 0.0 0.0 0.0 0.0 0.0 0.0 0.0 0.0 0.0 0.0 0.0 0.0 0.0 0.0 0.0 0.0 0.0 0.0 0.0 0.0 0.0 0.0 0.0 0.0 0.0 0.0 0.0 0.0 0.0 0.0 0.0 0.0 0.0 0.0 0.0 0.0 0.0 0.0 0.0 0.0 0.0 0.0 0.0 0.0 0.0 0.0 0.0 0.0 0.0 0.0 0.0 0.0 0.0 0.0 0.0 0.0 0.0 0.0 0.0 0.0 0.0 0.0 0.0 0.0 0.0 0.0 0.0 0.0 0.0 0.0 0.0 0.0 0.0 0.0 0.0 0.0 0.0 0.0 0.0 0.0 0.0 0.0 0.0 0.0 0.0 0.0 0.0 0.0 0.0 0.0 0.0 0.0 0.0 0.0 0.0 0.0 0.0 0.0 0.0 0.0 0.0 0.0 0.0 0.0 0.0
0.0 0.0 0.0 0.0 0.0 0.0 0.0 0.0 0.0 0.0 0.0 0.0 0.0 0.0 0.0 0.0 0.0 0.0 0.0 0.0 0.0 0.0 0.0 0.0 0.0 0.0 0.0 0.0 0.0 0.0 0.0 0.0 0.0 0.0 0.0 0.0 0.0 0.0 0.0 0.0 0.0 0.0 0.0 0.0 0.0 0.0 0.0 0.0 0.0 0.0 0.0 0.0 0.0 0.0 0.0 0.0 0.0 0.0 0.0 0.0 0.0 0.0 0.0 0.0 0.0 0.0 0.0 0.0 0.0 0.0 0.0 0.0 0.0 0.0 0.0 0.0 0.0 0.0 0.0 0.0 0.0 0.0 0.0 0.0 0.0 0.0 0.0 0.0 0.0 0.0 0.0 0.0 0.0 0.0 0.0 0.0 0.0 0.0 0.0 0.0 0.0 0.0 0.0 0.0 0.0 0.0 0.0 0.0 0.0 0.0 0.0 0.0 0.0 0.0 0.0 0.0 0.0 0.0 0.0 0.0 0.0 0.0 0.0 0.0 0.0 0.0 0.0 0.0 0.0 0.0 0.0 0.0 0.0 0.0 0.0 0.0
0.0 0.0 0.0 0.0 0.0 0.0 0.0 0.0 0.0 0.0 0.0 0.0 0.0 0.0 0.0 0.0 0.0 0.0 0.0 0.0 0.0 0.0 0.0 0.0 0.0 0.0 0.0 0.0 0.0 0.0 0.0 0.0 0.0 0.0 0.0 0.0 0.0 0.0 0.0 0.0 0.0 0.0 0.0 0.0 0.0 0.0 0.0 0.0 0.0 0.0 0.0 0.0 0.0 0.0 0.0 0.0 0.0 0.0 0.0 0.0 0.0 0.0 0.0 0.0 0.0 0.0 0.0 0.0 0.0 0.0 0.0 0.0 0.0 0.0 0.0 0.0 0.0 0.0 0.0 0.0 0.0 0.0 0.0 0.0 0.0 0.0 0.0 0.0 0.0 0.0 0.0 0.0 0.0 0.0 0.0 0.0 0.0 0.0 0.0 0.0 0.0 0.0 0.0 0.0 0.0 0.0 0.0 0.0 0.0 0.0 0.0 0.0 0.0 0.0 0.0 0.0 0.0 0.0 0.0 0.0 0.0 0.0 0.0 0.0 0.0 0.0 0.0 0.0 0.0 0.0 0.0 0.0 0.0 0.0 0.0 0.0
0.0 0.0 0.0 0.0 0.0 0.0 0.0 0.0 0.0 0.0 0.0 0.0 0.0 0.0 0.0 0.0 0.0 0.0 0.0 0.0 0.0 0.0 0.0 0.0 0.0 0.0 0.0 0.0 0.0 0.0 0.0 0.0 0.0 0.0 0.0 0.0 0.0 0.0 0.0 0.0 0.0 0.0 0.0 0.0 0.0 0.0 0.0 0.0 0.0 0.0 0.0 0.0 0.0 0.0 0.0 0.0 0.0 0.0 0.0 0.0 0.0 0.0 0.0 0.0 0.0 0.0 0.0 0.0 0.0 0.0 0.0 0.0 0.0 0.0 0.0 0.0 0.0 0.0 0.0 0.0 0.0 0.0 0.0 0.0 0.0 0.0 0.0 0.0 0.0 0.0 0.0 0.0 0.0 0.0 0.0 0.0 0.0 0.0 0.0 0.0 0.0 0.0 0.0 0.0 0.0 0.0 0.0 0.0 0.0 0.0 0.0 0.0 0.0 0.0 0.0 0.0 0.0 0.0 0.0 0.0 0.0 0.0 0.0 0.0 0.0 0.0 0.0 0.0 0.0 0.0 0.0 0.0 0.0 0.0 0.0 0.0
0.0 0.0 0.0 0.0 0.0 0.0 0.0 0.0 0.0 0.0 0.0 0.0 0.0 0.0 0.0 0.0 0.0 0.0 0.0 0.0 0.0 0.0 0.0 0.0 0.0 0.0 0.0 0.0 0.0 0.0 0.0 0.0 0.0 0.0 0.0 0.0 0.0 0.0 0.0 0.0 0.0 0.0 0.0 0.0 0.0 0.0 0.0 0.0 0.0 0.0 0.0 0.0 0.0 0.0 0.0 0.0 0.0 0.0 0.0 0.0 0.0 0.0 0.0 0.0 0.0 0.0 0.0 0.0 0.0 0.0 0.0 0.0 0.0 0.0 0.0 0.0 0.0 0.0 0.0 0.0 0.0 0.0 0.0 0.0 0.0 0.0 0.0 0.0 0.0 0.0 0.0 0.0 0.0 0.0 0.0 0.0 0.0 0.0 0.0 0.0 0.0 0.0 0.0 0.0 0.0 0.0 0.0 0.0 0.0 0.0 0.0 0.0 0.0 0.0 0.0 0.0 0.0 0.0 0.0 0.0 0.0 0.0 0.0 0.0 0.0 0.0 0.0 0.0 0.0 0.0 0.0 0.0 0.0 0.0 0.0 0.0
0.0 0.0 0.0 0.0 0.0 0.0 0.0 0.0 0.0 0.0 0.0 0.0 0.0 0.0 0.0 0.0 0.0 0.0 0.0 0.0 0.0 0.0 0.0 0.0 0.0 0.0 0.0 0.0 0.0 0.0 0.0 0.0 0.0 0.0 0.0 0.0 0.0 0.0 0.0 0.0 0.0 0.0 0.0 0.0 0.0 0.0 0.0 0.0 0.0 0.0 0.0 0.0 0.0 0.0 0.001 0.001 0.001 0.001 0.001 0.001 0.001 0.001 0.001 0.001 0.001 0.001 0.001 0.001 0.0 0.0 0.0 0.0 0.0 0.0 0.0 0.0 0.0 0.0 0.0 0.0 0.0 0.0 0.0 0.0 0.0 0.0 0.016 0.041 0.04 0.039 0.038 0.036 0.035 0.034 0.033 0.032 0.031 0.03 0.029 0.028 0.027 0.026 0.025 0.035 0.034 0.032 0.031 0.029 0.027 0.026 0.024 0.023 0.021 0.02 0.018 0.017 0.015 0.013 0.012 0.01 0.009 0.007 0.006 0.004 0.002 0.001 0.0 0.0 0.0 0.0 0.0 0.0 0.0 0.0 0.0 0.0
0.0 0.0 0.0 0.0 0.0 0.0 0.0 0.0 0.0 0.0 0.0 0.0 0.0 0.0 0.0 0.0 0.0 0.0 0.0 0.0 0.0 0.0 0.0 0.0 0.0 0.0 0.0 0.0 0.0 0.0 0.0 0.0 0.0 0.0 0.0 0.0 0.0 0.0 0.0 0.0 0.0 0.0 0.0 0.0 0.0 0.0 0.0 0.0 0.0 0.0 0.0 0.0 0.0 0.0 0.001 0.001 0.001 0.001 0.001 0.001 0.001 0.001 0.001 0.001 0.001 0.001 0.001 0.001 0.001 0.001 0.001 0.001 0.001 0.001 0.001 0.001 0.001 0.001 0.001 0.001 0.001 0.001 0.001 0.001 0.001 0.012 0.038 0.087 0.102 0.101 0.1 0.099 0.098 0.097 0.096 0.094 0.093 0.092 0.091 0.09 0.089 0.088 0.087 0.107 0.125 0.124 0.122 0.12 0.119 0.117 0.116 0.114 0.113 0.111 0.11 0.108 0.106 0.105 0.103 0.102 0.1 0.099 0.097 0.095 0.094 0.092 0.091 0.089 0.088 0.086 0.084 0.083 0.081 0.08 0.078 0.075
0.0 0.0 0.0 0.0 0.0 0.0 0.0 0.0 0.0 0.0 0.0 0.0 0.0 0.0 0.0 0.0 0.0 0.0 0.0 0.0 0.0 0.0 0.0 0.0 0.0 0.0 0.0 0.0 0.0 0.0 0.0 0.0 0.0 0.0 0.0 0.0 0.0 0.0 0.0 0.0 0.0 0.0 0.0 0.0 0.0 0.0 0.0 0.0 0.0 0.0 0.0 0.0 0.0 0.0 0.001 0.001 0.002 0.002 0.002 0.002 0.002 0.002 0.002 0.002 0.002 0.002 0.002 0.002 0.002 0.002 0.002 0.002 0.001 0.001 0.001 0.001 0.001 0.001 0.001 0.001 0.001 0.001 0.001 0.001 0.009 0.034 0.06 0.109 0.158 0.163 0.162 0.161 0.16 0.159 0.158 0.157 0.156 0.155 0.153 0.152 0.151 0.15 0.149 0.17 0.204 0.215 0.213 0.212 0.21 0.209 0.207 0.206 0.204 0.203 0.201 0.199 0.198 0.196 0.195 0.193 0.192 0.19 0.189 0.187 0.185 0.184 0.182 0.181 0.179 0.177 0.176 0.174 0.173 0.171 0.168 0.162
0.0 0.0 0.0 0.0 0.0 0.0 0.0 0.0 0.0 0.0 0.0 0.0 0.0 0.0 0.0 0.0 0.0 0.0 0.0 0.0 0.0 0.0 0.0 0.0 0.0 0.0 0.0 0.0 0.0 0.0 0.0 0.0 0.0 0.0 0.0 0.0 0.0 0.0 0.0 0.0 0.0 0.0 0.0 0.0 0.0 0.0 0.0 0.0 0.0 0.0 0.0 0.0 0.0 0.0 0.001 0.001 0.002 0.002 0.002 0.002 0.002 0.002 0.002 0.002 0.002 0.002 0.002 0.002 0.002 0.002 0.002 0.002 0.002 0.002 0.002 0.002 0.002 0.002 0.002 0.002 0.002 0.002 0.002 0.006 0.031 0.056 0.083 0.132 0.181 0.225 0.224 0.223 0.222 0.221 0.22 0.219 0.218 0.217 0.216 0.215 0.214 0.213 0.211 0.233 0.267 0.302 0.305 0.303 0.302 0.3 0.299 0.297 0.296 0.294 0.292 0.291 0.289 0.288 0.286 0.285 0.283 0.282 0.28 0.278 0.277 0.275 0.274 0.272 0.271 0.269 0.267 0.266 0.264 0.262 0.255 0.249
0.0 0.0 0.0 0.0 0.0 0.0 0.0 0.0 0.0 0.0 0.0 0.0 0.0 0.0 0.0 0.0 0.0 0.0 0.0 0.0 0.0 0.0 0.0 0.0 0.0 0.0 0.0 0.0 0.0 0.0 0.0 0.0 0.0 0.0 0.0 0.0 0.0 0.0 0.0 0.0 0.0 0.0 0.0 0.0 0.0 0.0 0.0 0.0 0.0 0.0 0.0 0.0 0.0 0.0 0.001 0.001 0.002 0.002 0.003 0.003 0.003 0.003 0.003 0.003 0.003 0.003 0.003 0.003 0.003 0.003 0.003 0.003 0.003 0.003 0.003 0.002 0.002 0.002 0.002 0.002 0.002 0.002 0.003 0.028 0.053 0.078 0.105 0.154 0.203 0.252 0.286 0.285 0.284 0.283 0.282 0.281 0.28 0.279 0.278 0.277 0.276 0.275 0.274 0.295 0.33 0.364 0.396 0.395 0.393 0.392 0.39 0.389 0.387 0.385 0.384 0.382 0.381 0.379 0.378 0.376 0.375 0.373 0.371 0.37 0.368 0.367 0.365 0.364 0.362 0.36 0.359 0.357 0.356 0.349 0.342 0.335
0.0 0.0 0.0 0.0 0.0 0.0 0.0 0.0 0.0 0.0 0.0 0.0 0.0 0.0 0.0 0.0 0.0 0.0 0.0 0.0 0.0 0.0 0.0 0.0 0.0 0.0 0.0 0.0 0.0 0.0 0.0 0.0 0.0 0.0 0.0 0.0 0.0 0.0 0.0 0.0 0.0 0.0 0.0 0.0 0.0 0.0 0.0 0.0 0.0 0.0 0.0 0.0 0.0 0.0 0.001 0.001 0.002 0.003 0.003 0.003 0.003 0.003 0.003 0.003 0.003 0.003 0.003 0.003 0.003 0.003 0.003 0.003 0.003 0.003 0.003 0.003 0.003 0.003 0.003 0.003 0.003 0.003 0.024 0.049 0.074 0.099 0.127 0.176 0.225 0.274 0.323 0.347 0.346 0.345 0.344 0.343 0.342 0.341 0.34 0.339 0.338 0.337 0.336 0.358 0.393 0.427 0.462 0.486 0.485 0.483 0.482 0.48 0.478 0.477 0.475 0.474 0.472 0.471 0.469 0.468 0.466 0.464 0.463 0.461 0.46 0.458 0.457 0.455 0.453 0.452 0.45 0.449 0.443 0.436 0.429 0.422
0.0 0.0 0.0 0.0 0.0 0.0 0.0 0.0 0.0 0.0 0.0 0.0 0.0 0.0 0.0 0.0 0.0 0.0 0.0 0.0 0.0 0.0 0.0 0.0 0.0 0.0 0.0 0.0 0.0 0.0 0.0 0.0 0.0 0.0 0.0 0.0 0.0 0.0 0.0 0.0 0.0 0.0 0.0 0.0 0.0 0.0 0.0 0.0 0.0 0.0 0.0 0.0 0.0 0.0 0.001 0.001 0.002 0.003 0.003 0.004 0.004 0.004 0.004 0.004 0.004 0.004 0.004 0.004 0.004 0.004 0.004 0.004 0.004 0.004 0.004 0.004 0.004 0.004 0.003 0.003 0.003 0.021 0.046 0.071 0.096 0.121 0.149 0.198 0.247 0.296 0.345 0.394 0.408 0.407 0.406 0.405 0.404 0.403 0.402 0.401 0.4 0.399 0.398 0.421 0.455 0.49 0.524 0.559 0.576 0.575 0.573 0.572 0.57 0.568 0.567 0.565 0.564 0.562 0.561 0.559 0.557 0.556 0.554 0.553 0.551 0.55 0.548 0.546 0.545 0.543 0.542 0.537 0.53 0.523 0.516 0.509
0.0 0.0 0.0 0.0 0.0 0.0 0.0 0.0 0.0 0.0 0.0 0.0 0.0 0.0 0.0 0.0 0.0 0.0 0.0 0.0 0.0 0.0 0.0 0.0 0.0 0.0 0.0 0.0 0.0 0.0 0.0 0.0 0.0 0.0 0.0 0.0 0.0 0.0 0.0 0.0 0.0 0.0 0.0 0.0 0.0 0.0 0.0 0.0 0.0 0.0 0.0 0.0 0.0 0.0 0.001 0.001 0.002 0.003 0.003 0.004 0.004 0.004 0.004 0.004 0.004 0.004 0.004 0.004 0.004 0.004 0.004 0.004 0.004 0.004 0.004 0.004 0.004 0.004 0.004 0.004 0.018 0.043 0.068 0.093 0.118 0.143 0.172 0.221 0.27 0.319 0.368 0.417 0.466 0.47 0.468 0.467 0.466 0.465 0.464 0.463 0.462 0.461 0.46 0.484 0.518 0.553 0.587 0.621 0.656 0.666 0.665 0.663 0.661 0.66 0.658 0.657 0.655 0.654 0.652 0.651 0.649 0.647 0.646 0.644 0.643 0.641 0.64 0.638 0.636 0.635 0.631 0.624 0.617 0.61 0.603 0.596
0.0 0.0 0.0 0.0 0.0 0.0 0.0 0.0 0.0 0.0 0.0 0.0 0.0 0.0 0.0 0.0 0.0 0.0 0.0 0.0 0.0 0.0 0.0 0.0 0.0 0.0 0.0 0.0 0.0 0.0 0.0 0.0 0.0 0.0 0.0 0.0 0.0 0.0 0.0 0.0 0.0 0.0 0.0 0.0 0.0 0.0 0.0 0.0 0.0 0.0 0.0 0.0 0.0 0.0 0.001 0.001 0.002 0.003 0.003 0.004 0.004 0.005 0.005 0.005 0.005 0.005 0.005 0.005 0.005 0.005 0.005 0.005 0.005 0.005 0.005 0.005 0.005 0.005 0.005 0.015 0.04 0.065 0.09 0.115 0.14 0.165 0.194 0.243 0.292 0.341 0.39 0.439 0.488 0.532 0.531 0.53 0.529 0.528 0.526 0.525 0.524 0.523 0.522 0.546 0.581 0.615 0.65 0.684 0.719 0.753 0.756 0.754 0.753 0.751 0.75 0.748 0.747 0.745 0.744 0.742 0.74 0.739 0.737 0.736 0.734 0.733 0.731 0.729 0.728 0.724 0.717 0.711 0.704 0.697 0.69 0.683
0.0 0.0 0.0 0.0 0.0 0.0 0.0 0.0 0.0 0.0 0.0 0.0 0.0 0.0 0.0 0.0 0.0 0.0 0.0 0.0 0.0 0.0 0.0 0.0 0.0 0.0 0.0 0.0 0.0 0.0 0.0 0.0 0.0 0.0 0.0 0.0 0.0 0.0 0.0 0.0 0.0 0.0 0.0 0.0 0.0 0.0 0.0 0.0 0.0 0.0 0.0 0.0 0.0 0.0 0.001 0.001 0.002 0.003 0.003 0.004 0.004 0.005 0.005 0.005 0.005 0.005 0.005 0.005 0.005 0.005 0.005 0.005 0.005 0.005 0.005 0.005 0.005 0.005 0.012 0.037 0.062 0.087 0.112 0.137 0.162 0.187 0.216 0.265 0.314 0.363 0.412 0.461 0.51 0.559 0.593 0.592 0.591 0.59 0.589 0.588 0.587 0.585 0.584 0.609 0.644 0.678 0.713 0.747 0.781 0.816 0.847 0.846 0.844 0.843 0.841 0.84 0.838 0.837 0.835 0.833 0.832 0.83 0.829 0.827 0.826 0.824 0.822 0.821 0.818 0.811 0.804 0.798 0.791 0.784 0.777 0.77
0.0 0.0 0.0 0.0 0.0 0.0 0.0 0.0 0.0 0.0 0.0 0.0 0.0 0.0 0.0 0.0 0.0 0.0 0.0 0.0 0.0 0.0 0.0 0.0 0.0 0.0 0.0 0.0 0.0 0.0 0.0 0.0 0.0 0.0 0.0 0.0 0.0 0.0 0.0 0.0 0.0 0.0 0.0 0.0 0.0 0.0 0.0 0.0 0.0 0.0 0.0 0.0 0.0 0.0 0.001 0.001 0.002 0.003 0.003 0.004 0.004 0.005 0.006 0.006 0.006 0.006 0.006 0.006 0.006 0.006 0.006 0.006 0.006 0.006 0.006 0.006 0.006 0.009 0.034 0.059 0.084 0.109 0.134 0.159 0.184 0.209 0.239 0.288 0.337 0.385 0.434 0.483 0.532 0.581 0.63 0.654 0.653 0.652 0.651 0.65 0.649 0.648 0.647 0.672 0.706 0.741 0.775 0.81 0.844 0.879 0.913 0.937 0.936 0.934 0.933 0.931 0.93 0.928 0.926 0.925 0.923 0.922 0.92 0.919 0.917 0.915 0.914 0.912 0.905 0.898 0.891 0.885 0.878 0.871 0.864 0.857
0.0 0.0 0.0 0.0 0.0 0.0 0.0 0.0 0.0 0.0 0.0 0.0 0.0 0.0 0.0 0.0 0.0 0.0 0.0 0.0 0.0 0.0 0.0 0.0 0.0 0.0 0.0 0.0 0.0 0.0 0.0 0.0 0.0 0.0 0.0 0.0 0.0 0.0 0.0 0.0 0.0 0.0 0.0 0.0 0.0 0.0 0.0 0.0 0.0 0.0 0.0 0.0 0.0 0.0 0.001 0.001 0.002 0.003 0.003 0.004 0.004 0.005 0.006 0.006 0.006 0.006 0.006 0.006 0.006 0.006 0.006 0.006 0.006 0.006 0.006 0.006 0.006 0.031 0.056 0.081 0.106 0.131 0.156 0.181 0.206 0.231 0.261 0.31 0.359 0.408 0.457 0.506 0.555 0.604 0.653 0.702 0.715 0.714 0.713 0.712 0.711 0.71 0.709 0.735 0.769 0.804 0.838 0.873 0.907 0.941 0.976 1.01 1.027 1.026 1.024 1.023 1.021 1.019 1.018 1.016 1.015 1.013 1.012 1.01 1.008 1.007 1.005 0.999 0.992 0.985 0.978 0.972 0.965 0.958 0.951 0.944
0.0 0.0 0.0 0.0 0.0 0.0 0.0 0.0 0.0 0.0 0.0 0.0 0.0 0.0 0.0 0.0 0.0 0.0 0.0 0.0 0.0 0.0 0.0 0.0 0.0 0.0 0.0 0.0 0.0 0.0 0.0 0.0 0.0 0.0 0.0 0.0 0.0 0.0 0.0 0.0 0.0 0.0 0.0 0.0 0.0 0.0 0.0 0.0 0.0 0.0 0.0 0.0 0.0 0.0 0.001 0.001 0.002 0.003 0.003 0.004 0.004 0.005 0.006 0.006 0.007 0.007 0.007 0.007 0.007 0.007 0.007 0.007 0.007 0.007 0.007 0.007 0.028 0.053 0.078 0.103 0.128 0.153 0.178 0.202 0.227 0.252 0.283 0.332 0.381 0.43 0.479 0.528 0.577 0.626 0.675 0.724 0.773 0.776 0.775 0.774 0.773 0.772 0.771 0.797 0.832 0.866 0.901 0.935 0.97 1.004 1.039 1.073 1.108 1.117 1.116 1.114 1.112 1.111 1.109 1.108 1.106 1.105 1.103 1.102 1.1 1.098 1.093 1.086 1.079 1.072 1.065 1.058 1.052 1.045 1.038 1.031
0.0 0.0 0.0 0.0 0.0 0.0 0.0 0.0 0.0 0.0 0.0 0.0 0.0 0.0 0.0 0.0 0.0 0.0 0.0 0.0 0.0 0.0 0.0 0.0 0.0 0.0 0.0 0.0 0.0 0.0 0.0 0.0 0.0 0.0 0.0 0.0 0.0 0.0 0.0 0.0 0.0 0.0 0.0 0.0 0.0 0.0 0.0 0.0 0.0 0.0 0.0 0.0 0.0 0.0 0.001 0.001 0.002 0.003 0.003 0.004 0.004 0.005 0.006 0.006 0.007 0.007 0.007 0.007 0.007 0.007 0.007 0.007 0.007 0.007 0.007 0.024 0.049 0.074 0.099 0.124 0.149 0.174 0.199 0.224 0.249 0.274 0.305 0.354 0.403 0.452 0.501 0.55 0.599 0.648 0.697 0.746 0.795 0.838 0.837 0.836 0.835 0.834 0.833 0.86 0.895 0.929 0.964 0.998 1.033 1.067 1.101 1.136 1.17 1.205 1.207 1.205 1.204 1.202 1.201 1.199 1.198 1.196 1.195 1.193 1.191 1.186 1.18 1.173 1.166 1.159 1.152 1.145 1.139 1.132 1.125 1.118
0.0 0.0 0.0 0.0 0.0 0.0 0.0 0.0 0.0 0.0 0.0 0.0 0.0 0.0 0.0 0.0 0.0 0.0 0.0 0.0 0.0 0.0 0.0 0.0 0.0 0.0 0.0 0.0 0.0 0.0 0.0 0.0 0.0 0.0 0.0 0.0 0.0 0.0 0.0 0.0 0.0 0.0 0.0 0.0 0.0 0.0 0.0 0.0 0.0 0.0 0.0 0.0 0.0 0.0 0.001 0.001 0.002 0.003 0.003 0.004 0.004 0.005 0.006 0.006 0.007 0.008 0.008 0.008 0.008 0.008 0.008 0.008 0.008 0.008 0.021 0.046 0.071 0.096 0.121 0.146 0.171 0.196 0.221 0.246 0.271 0.296 0.328 0.377 0.426 0.475 0.524 0.573 0.622 0.671 0.719 0.768 0.817 0.866 0.899 0.898 0.897 0.896 0.895 0.923 0.957 0.992 1.026 1.061 1.095 1.13 1.164 1.199 1.233 1.268 1.299 1.297 1.295 1.294 1.292 1.291 1.289 1.288 1.286 1.284 1.28 1.273 1.267 1.26 1.253 1.246 1.239 1.232 1.226 1.219 1.212 1.205
0.0 0.0 0.0 0.0 0.0 0.0 0.0 0.0 0.0 0.0 0.0 0.0 0.0 0.0 0.0 0.0 0.0 0.0 0.0 0.0 0.0 0.0 0.0 0.0 0.0 0.0 0.0 0.0 0.0 0.0 0.0 0.0 0.0 0.0 0.0 0.0 0.0 0.0 0.0 0.0 0.0 0.0 0.0 0.0 0.0 0.0 0.0 0.0 0.0 0.0 0.0 0.0 0.0 0.0 0.001 0.001 0.002 0.003 0.003 0.004 0.004 0.005 0.006 0.006 0.007 0.008 0.008 0.008 0.008 0.008 0.008 0.008 0.008 0.018 0.043 0.068 0.093 0.118 0.143 0.168 0.193 0.218 0.243 0.268 0.293 0.318 0.35 0.399 0.448 0.497 0.546 0.595 0.644 0.693 0.742 0.791 0.84 0.889 0.938 0.961 0.959 0.958 0.957 0.986 1.02 1.055 1.089 1.124 1.158 1.192 1.227 1.261 1.296 1.33 1.365 1.388 1.387 1.385 1.384 1.382 1.381 1.379 1.377 1.374 1.367 1.36 1.354 1.347 1.34 1.333 1.326 1.319 1.312 1.306 1.299 1.292
0.0 0.0 0.0 0.0 0.0 0.0 0.0 0.0 0.0 0.0 0.0 0.0 0.0 0.0 0.0 0.0 0.0 0.0 0.0 0.0 0.0 0.0 0.0 0.0 0.0 0.0 0.0 0.0 0.0 0.0 0.0 0.0 0.0 0.0 0.0 0.0 0.0 0.0 0.0 0.0 0.0 0.0 0.0 0.0 0.0 0.0 0.0 0.0 0.0 0.0 0.0 0.0 0.0 0.0 0.001 0.001 0.002 0.003 0.003 0.004 0.004 0.005 0.006 0.006 0.007 0.008 0.008 0.009 0.009 0.009 0.009 0.009 0.015 0.04 0.065 0.09 0.115 0.14 0.165 0.19 0.215 0.24 0.265 0.29 0.315 0.34 0.372 0.421 0.47 0.519 0.568 0.617 0.666 0.715 0.764 0.813 0.862 0.911 0.96 1.009 1.022 1.021 1.02 1.049 1.083 1.117 1.152 1.186 1.221 1.255 1.29 1.324 1.359 1.393 1.428 1.462 1.478 1.477 1.475 1.474 1.472 1.471 1.468 1.461 1.454 1.447 1.441 1.434 1.427 1.42 1.413 1.406 1.399 1.393 1.386 1.379
0.0 0.0 0.0 0.0 0.0 0.0 0.0 0.0 0.0 0.0 0.0 0.0 0.0 0.0 0.0 0.0 0.0 0.0 0.0 0.0 0.0 0.0 0.0 0.0 0.0 0.0 0.0 0.0 0.0 0.0 0.0 0.0 0.0 0.0 0.0 0.0 0.0 0.0 0.0 0.0 0.0 0.0 0.0 0.0 0.0 0.0 0.0 0.0 0.0 0.0 0.0 0.0 0.0 0.0 0.001 0.001 0.002 0.003 0.003 0.004 0.005 0.005 0.006 0.006 0.007 0.008 0.008 0.009 0.009 0.009 0.009 0.012 0.037 0.062 0.087 0.112 0.137 0.162 0.187 0.212 0.237 0.262 0.287 0.312 0.337 0.362 0.394 0.443 0.492 0.541 0.59 0.639 0.688 0.737 0.786 0.835 0.884 0.933 0.982 1.031 1.08 1.083 1.082 1.111 1.146 1.18 1.215 1.249 1.284 1.318 1.352 1.387 1.421 1.456 1.49 1.525 1.559 1.568 1.567 1.565 1.564 1.562 1.555 1.548 1.541 1.534 1.527 1.521 1.514 1.507 1.5 1.493 1.486 1.48 1.473 1.466
0.0 0.0 0.0 0.0 0.0 0.0 0.0 0.0 0.0 0.0 0.0 0.0 0.0 0.0 0.0 0.0 0.0 0.0 0.0 0.0 0.0 0.0 0.0 0.0 0.0 0.0 0.0 0.0 0.0 0.0 0.0 0.0 0.0 0.0 0.0 0.0 0.0 0.0 0.0 0.0 0.0 0.0 0.0 0.0 0.0 0.0 0.0 0.0 0.0 0.0 0.0 0.0 0.0 0.0 0.001 0.001 0.002 0.003 0.003 0.004 0.005 0.005 0.006 0.006 0.007 0.008 0.008 0.009 0.009 0.01 0.01 0.034 0.059 0.084 0.109 0.134 0.159 0.184 0.209 0.234 0.259 0.284 0.309 0.334 0.359 0.384 0.417 0.466 0.515 0.564 0.613 0.662 0.711 0.76 0.809 0.858 0.907 0.956 1.005 1.053 1.102 1.145 1.144 1.174 1.209 1.243 1.277 1.312 1.346 1.381 1.415 1.45 1.484 1.519 1.553 1.588 1.622 1.656 1.658 1.657 1.655 1.649 1.642 1.635 1.628 1.621 1.614 1.608 1.601 1.594 1.587 1.58 1.573 1.567 1.56 1.553
0.0 0.0 0.0 0.0 0.0 0.0 0.0 0.0 0.0 0.0 0.0 0.0 0.0 0.0 0.0 0.0 0.0 0.0 0.0 0.0 0.0 0.0 0.0 0.0 0.0 0.0 0.0 0.0 0.0 0.0 0.0 0.0 0.0 0.0 0.0 0.0 0.0 0.0 0.0 0.0 0.0 0.0 0.0 0.0 0.0 0.0 0.0 0.0 0.0 0.0 0.0 0.0 0.0 0.014 0.014 0.014 0.014 0.014 0.013 0.013 0.013 0.013 0.013 0.012 0.012 0.012 0.012 0.011 0.011 0.011 0.031 0.056 0.081 0.106 0.131 0.156 0.181 0.206 0.231 0.256 0.281 0.306 0.331 0.356 0.38 0.405 0.439 0.488 0.537 0.586 0.635 0.684 0.733 0.782 0.831 0.88 0.929 0.978 1.027 1.076 1.125 1.174 1.206 1.237 1.271 1.306 1.34 1.375 1.409 1.444 1.478 1.512 1.547 1.581 1.616 1.65 1.685 1.719 1.75 1.748 1.742 1.736 1.729 1.722 1.715 1.708 1.701 1.695 1.688 1.681 1.674 1.667 1.66 1.653 1.647 1.64
0.0 0.0 0.0 0.0 0.0 0.0 0.0 0.0 0.0 0.0 0.0 0.0 0.0 0.0 0.0 0.0 0.0 0.0 0.0 0.0 0.0 0.0 0.0 0.0 0.0 0.0 0.0 0.0 0.0 0.0 0.0 0.0 0.0 0.0 0.0 0.0 0.0 0.0 0.0 0.0 0.0 0.0 0.0 0.0 0.0 0.0 0.0 0.0 0.0 0.0 0.0 0.0 0.0 0.017 0.065 0.065 0.064 0.064 0.064 0.064 0.064 0.063 0.063 0.063 0.063 0.063 0.062 0.062 0.062 0.062 0.082 0.106 0.131 0.155 0.18 0.204 0.229 0.253 0.278 0.302 0.327 0.351 0.376 0.4 0.425 0.449 0.607 0.653 0.699 0.744 0.79 0.836 0.881 0.927 0.973 1.018 1.064 1.109 1.155 1.201 1.246 1.292 1.371 1.412 1.442 1.473 1.503 1.533 1.563 1.593 1.623 1.654 1.684 1.714 1.744 1.774 1.805 1.835 1.865 1.877 1.866 1.856 1.845 1.834 1.823 1.812 1.801 1.79 1.78 1.769 1.761 1.754 1.747 1.74 1.734 1.727
0.0 0.0 0.0 0.0 0.0 0.0 0.0 0.0 0.0 0.0 0.0 0.0 0.0 0.0 0.0 0.0 0.0 0.0 0.0 0.0 0.0 0.0 0.0 0.0 0.0 0.0 0.0 0.0 0.0 0.0 0.0 0.0 0.0 0.0 0.0 0.0 0.0 0.0 0.0 0.0 0.0 0.0 0.0 0.0 0.0 0.0 0.0 0.0 0.0 0.0 0.0 0.0 0.0 0.018 0.08 0.115 0.115 0.115 0.115 0.115 0.114 0.114 0.114 0.114 0.113 0.113 0.113 0.113 0.113 0.112 0.133 0.157 0.182 0.206 0.231 0.255 0.28 0.304 0.329 0.353 0.378 0.402 0.427 0.451 0.476 0.671 0.829 0.875 0.92 0.966 1.011 1.057 1.103 1.148 1.194 1.24 1.285 1.331 1.377 1.422 1.468 1.531 1.687 1.726 1.757 1.787 1.817 1.847 1.877 1.907 1.938 1.968 1.998 2.028 2.058 2.089 2.119 2.149 2.183 2.198 2.187 2.176 2.166 2.155 2.144 2.133 2.122 2.111 2.1 2.09 2.079 2.068 2.057 2.046 2.035 2.087
0.0 0.0 0.0 0.0 0.0 0.0 0.0 0.0 0.0 0.0 0.0 0.0 0.0 0.0 0.0 0.0 0.0 0.0 0.0 0.0 0.0 0.0 0.0 0.0 0.0 0.0 0.0 0.0 0.0 0.0 0.0 0.0 0.0 0.0 0.0 0.0 0.0 0.0 0.0 0.0 0.0 0.0 0.0 0.0 0.0 0.0 0.0 0.0 0.0 0.0 0.0 0.0 0.0 0.019 0.081 0.143 0.166 0.166 0.165 0.165 0.165 0.165 0.165 0.164 0.164 0.164 0.164 0.164 0.163 0.163 0.184 0.208 0.233 0.257 0.282 0.306 0.331 0.355 0.38 0.405 0.429 0.454 0.478 0.503 0.668 0.895 1.05 1.096 1.142 1.187 1.233 1.279 1.324 1.37 1.416 1.461 1.507 1.552 1.598 1.644 1.69 1.847 2.004 2.041 2.071 2.101 2.131 2.161 2.191 2.222 2.252 2.282 2.312 2.342 2.373 2.403 2.433 2.466 2.505 2.519 2.508 2.497 2.486 2.476 2.465 2.454 2.443 2.432 2.421 2.41 2.4 2.389 2.378 2.367 2.409 2.478
0.0 0.0 0.0 0.0 0.0 0.0 0.0 0.0 0.0 0.0 0.0 0.0 0.0 0.0 0.0 0.0 0.0 0.0 0.0 0.0 0.0 0.0 0.0 0.0 0.0 0.0 0.0 0.0 0.0 0.0 0.0 0.0 0.0 0.0 0.0 0.0 0.0 0.0 0.0 0.0 0.0 0.0 0.0 0.0 0.0 0.0 0.0 0.0 0.0 0.0 0.0 0.0 0.0 0.02 0.082 0.144 0.206 0.216 0.216 0.216 0.216 0.216 0.215 0.215 0.215 0.215 0.214 0.214 0.214 0.214 0.235 0.26 0.284 0.309 0.333 0.358 0.382 0.407 0.431 0.456 0.48 0.505 0.529 0.664 0.892 1.12 1.272 1.318 1.363 1.409 1.454 1.5 1.546 1.591 1.637 1.683 1.728 1.774 1.82 1.865 2.007 2.163 2.32 2.355 2.385 2.415 2.445 2.475 2.506 2.536 2.566 2.596 2.626 2.657 2.687 2.717 2.749 2.788 2.827 2.84 2.829 2.818 2.807 2.796 2.786 2.775 2.764 2.753 2.742 2.731 2.72 2.709 2.699 2.729 2.801 2.868
0.0 0.0 0.0 0.0 0.0 0.0 0.0 0.0 0.0 0.0 0.0 0.0 0.0 0.0 0.0 0.0 0.0 0.0 0.0 0.0 0.0 0.0 0.0 0.0 0.0 0.0 0.0 0.0 0.0 0.0 0.0 0.0 0.0 0.0 0.0 0.0 0.0 0.0 0.0 0.0 0.0 0.0 0.0 0.0 0.0 0.0 0.0 0.0 0.0 0.0 0.0 0.0 0.0 0.021 0.083 0.145 0.207 0.267 0.267 0.267 0.266 0.266 0.266 0.266 0.266 0.265 0.265 0.265 0.265 0.265 0.286 0.311 0.335 0.36 0.384 0.409 0.433 0.458 0.482 0.507 0.531 0.556 0.661 0.889 1.117 1.344 1.493 1.539 1.585 1.63 1.676 1.722 1.767 1.813 1.858 1.904 1.95 1.995 2.041 2.166 2.323 2.48 2.636 2.669 2.699 2.729 2.759 2.79 2.82 2.85 2.88 2.91 2.941 2.971 3.001 3.031 3.07 3.109 3.148 3.161 3.15 3.139 3.128 3.117 3.106 3.096 3.085 3.074 3.063 3.052 3.041 3.03 3.048 3.121 3.193 3.259
0.0 0.0 0.0 0.0 0.0 0.0 0.0 0.0 0.0 0.0 0.0 0.0 0.0 0.0 0.0 0.0 0.0 0.0 0.0 0.0 0.0 0.0 0.0 0.0 0.0 0.0 0.0 0.0 0.0 0.0 0.0 0.0 0.0 0.0 0.0 0.0 0.0 0.0 0.0 0.0 0.0 0.0 0.0 0.0 0.0 0.0 0.0 0.0 0.0 0.0 0.0 0.0 0.0 0.022 0.084 0.146 0.208 0.27 0.318 0.317 0.317 0.317 0.317 0.317 0.316 0.316 0.316 0.316 0.315 0.315 0.337 0.362 0.386 0.411 0.435 0.46 0.484 0.509 0.533 0.558 0.582 0.658 0.886 1.114 1.341 1.569 1.715 1.76 1.806 1.852 1.897 1.943 1.989 2.034 2.08 2.126 2.171 2.217 2.326 2.483 2.639 2.796 2.953 2.983 3.013 3.043 3.074 3.104 3.134 3.164 3.194 3.225 3.255 3.285 3.315 3.353 3.392 3.431 3.47 3.482 3.471 3.46 3.449 3.438 3.427 3.416 3.406 3.395 3.384 3.373 3.362 3.368 3.44 3.513 3.585 3.649
0.0 0.0 0.0 0.0 0.0 0.0 0.0 0.0 0.0 0.0 0.0 0.0 0.0 0.0 0.0 0.0 0.0 0.0 0.0 0.0 0.0 0.0 0.0 0.0 0.0 0.0 0.0 0.0 0.0 0.0 0.0 0.0 0.0 0.0 0.0 0.0 0.0 0.0 0.0 0.0 0.0 0.0 0.0 0.0 0.0 0.0 0.0 0.0 0.0 0.0 0.0 0.0 0.0 0.023 0.085 0.147 0.209 0.271 0.333 0.368 0.368 0.368 0.367 0.367 0.367 0.367 0.367 0.366 0.366 0.366 0.388 0.413 0.437 0.462 0.486 0.511 0.535 0.56 0.584 0.609 0.655 0.883 1.11 1.338 1.566 1.794 1.936 1.982 2.028 2.073 2.119 2.165 2.21 2.256 2.301 2.347 2.393 2.485 2.642 2.799 2.956 3.112 3.267 3.297 3.327 3.358 3.388 3.418 3.448 3.478 3.509 3.539 3.569 3.599 3.636 3.675 3.714 3.753 3.792 3.802 3.792 3.781 3.77 3.759 3.748 3.737 3.726 3.716 3.705 3.694 3.687 3.76 3.832 3.905 3.977 4.04
0.0 0.0 0.0 0.0 0.0 0.0 0.0 0.0 0.0 0.0 0.0 0.0 0.0 0.0 0.0 0.0 0.0 0.0 0.0 0.0 0.0 0.0 0.0 0.0 0.0 0.0 0.0 0.0 0.0 0.0 0.0 0.0 0.0 0.0 0.0 0.0 0.0 0.0 0.0 0.0 0.0 0.0 0.0 0.0 0.0 0.0 0.0 0.0 0.0 0.0 0.0 0.0 0.0 0.024 0.086 0.148 0.21 0.272 0.334 0.396 0.419 0.418 0.418 0.418 0.418 0.417 0.417 0.417 0.417 0.417 0.44 0.464 0.489 0.513 0.538 0.562 0.587 0.611 0.636 0.66 0.879 1.107 1.335 1.563 1.79 2.018 2.158 2.203 2.249 2.295 2.34 2.386 2.432 2.477 2.523 2.569 2.645 2.802 2.958 3.115 3.272 3.429 3.581 3.611 3.642 3.672 3.702 3.732 3.762 3.793 3.823 3.853 3.883 3.918 3.957 3.996 4.035 4.074 4.113 4.123 4.112 4.102 4.091 4.08 4.069 4.058 4.047 4.036 4.026 4.015 4.079 4.152 4.224 4.297 4.369 4.431
0.0 0.0 0.0 0.0 0.0 0.0 0.0 0.0 0.0 0.0 0.0 0.0 0.0 0.0 0.0 0.0 0.0 0.0 0.0 0.0 0.0 0.0 0.0 0.0 0.0 0.0 0.0 0.0 0.0 0.0 0.0 0.0 0.0 0.0 0.0 0.0 0.0 0.0 0.0 0.0 0.0 0.0 0.0 0.0 0.0 0.0 0.0 0.0 0.0 0.0 0.0 0.0 0.0 0.025 0.087 0.149 0.211 0.273 0.335 0.397 0.459 0.469 0.469 0.469 0.468 0.468 0.468 0.468 0.468 0.467 0.491 0.515 0.54 0.564 0.589 0.613 0.638 0.662 0.687 0.876 1.104 1.332 1.559 1.787 2.015 2.243 2.379 2.425 2.471 2.516 2.562 2.607 2.653 2.699 2.744 2.805 2.961 3.118 3.275 3.432 3.588 3.745 3.896 3.926 3.956 3.986 4.016 4.046 4.077 4.107 4.137 4.167 4.201 4.24 4.279 4.318 4.357 4.396 4.435 4.444 4.433 4.422 4.412 4.401 4.39 4.379 4.368 4.357 4.346 4.399 4.471 4.544 4.616 4.689 4.761 4.821
0.0 0.0 0.0 0.0 0.0 0.0 0.0 0.0 0.0 0.0 0.0 0.0 0.0 0.0 0.0 0.0 0.0 0.0 0.0 0.0 0.0 0.0 0.0 0.0 0.0 0.0 0.0 0.0 0.0 0.0 0.0 0.0 0.0 0.0 0.0 0.0 0.0 0.0 0.0 0.0 0.0 0.0 0.0 0.0 0.0 0.0 0.0 0.0 0.0 0.0 0.0 0.0 0.0 0.026 0.088 0.15 0.212 0.274 0.336 0.398 0.46 0.52 0.52 0.519 0.519 0.519 0.519 0.518 0.518 0.518 0.542 0.566 0.591 0.615 0.64 0.664 0.689 0.713 0.873 1.101 1.328 1.556 1.784 2.012 2.239 2.467 2.601 2.646 2.692 2.738 2.783 2.829 2.875 2.92 2.966 3.121 3.278 3.434 3.591 3.748 3.905 4.061 4.21 4.24 4.27 4.3 4.33 4.361 4.391 4.421 4.451 4.484 4.523 4.562 4.601 4.64 4.679 4.718 4.757 4.765 4.754 4.743 4.732 4.722 4.711 4.7 4.689 4.678 4.719 4.791 4.864 4.936 5.008 5.081 5.153 5.212
0.0 0.0 0.0 0.0 0.0 0.0 0.0 0.0 0.0 0.0 0.0 0.0 0.0 0.0 0.0 0.0 0.0 0.0 0.0 0.0 0.0 0.0 0.0 0.0 0.0 0.0 0.0 0.0 0.0 0.0 0.0 0.0 0.0 0.0 0.0 0.0 0.0 0.0 0.0 0.0 0.0 0.0 0.0 0.0 0.0 0.0 0.0 0.0 0.0 0.0 0.0 0.0 0.0 0.027 0.089 0.151 0.213 0.275 0.337 0.399 0.461 0.524 0.57 0.57 0.57 0.57 0.569 0.569 0.569 0.569 0.593 0.617 0.642 0.666 0.691 0.715 0.74 0.87 1.098 1.325 1.553 1.781 2.008 2.236 2.464 2.692 2.822 2.868 2.914 2.959 3.005 3.05 3.096 3.142 3.28 3.437 3.594 3.751 3.907 4.064 4.221 4.378 4.524 4.554 4.584 4.614 4.645 4.675 4.705 4.735 4.767 4.806 4.845 4.884 4.923 4.962 5.001 5.04 5.079 5.086 5.075 5.064 5.053 5.042 5.032 5.021 5.01 5.038 5.111 5.183 5.256 5.328 5.4 5.473 5.545 5.602
0.0 0.0 0.0 0.0 0.0 0.0 0.0 0.0 0.0 0.0 0.0 0.0 0.0 0.0 0.0 0.0 0.0 0.0 0.0 0.0 0.0 0.0 0.0 0.0 0.0 0.0 0.0 0.0 0.0 0.0 0.0 0.0 0.0 0.0 0.0 0.0 0.0 0.0 0.0 0.0 0.0 0.0 0.0 0.0 0.0 0.0 0.0 0.0 0.0 0.0 0.0 0.0 0.0 0.028 0.09 0.152 0.214 0.276 0.338 0.4 0.462 0.525 0.587 0.621 0.62 0.62 0.62 0.62 0.62 0.619 0.644 0.668 0.693 0.717 0.742 0.766 0.867 1.094 1.322 1.55 1.778 2.005 2.233 2.461 2.688 2.916 3.044 3.089 3.135 3.181 3.226 3.272 3.318 3.44 3.597 3.754 3.91 4.067 4.224 4.38 4.537 4.694 4.838 4.868 4.898 4.929 4.959 4.989 5.019 5.049 5.088 5.127 5.166 5.205 5.244 5.283 5.322 5.361 5.4 5.407 5.396 5.385 5.374 5.363 5.352 5.342 5.358 5.43 5.503 5.575 5.648 5.72 5.792 5.865 5.937 5.993
0.0 0.0 0.0 0.0 0.0 0.0 0.0 0.0 0.0 0.0 0.0 0.0 0.0 0.0 0.0 0.0 0.0 0.0 0.0 0.0 0.0 0.0 0.0 0.0 0.0 0.0 0.0 0.0 0.0 0.0 0.0 0.0 0.0 0.0 0.0 0.0 0.0 0.0 0.0 0.0 0.0 0.0 0.0 0.0 0.0 0.0 0.0 0.0 0.0 0.0 0.0 0.0 0.0 0.029 0.091 0.153 0.215 0.277 0.339 0.401 0.463 0.526 0.588 0.65 0.671 0.671 0.671 0.671 0.67 0.671 0.695 0.72 0.744 0.769 0.793 0.863 1.091 1.319 1.547 1.774 2.002 2.23 2.458 2.685 2.913 3.141 3.265 3.311 3.356 3.402 3.448 3.493 3.6 3.756 3.913 4.07 4.227 4.383 4.54 4.697 4.854 5.01 5.152 5.182 5.213 5.243 5.273 5.303 5.333 5.371 5.41 5.449 5.488 5.527 5.566 5.605 5.644 5.683 5.722 5.728 5.717 5.706 5.695 5.684 5.673 5.677 5.75 5.822 5.895 5.967 6.04 6.112 6.184 6.257 6.329 6.384
0.0 0.0 0.0 0.0 0.0 0.0 0.0 0.0 0.0 0.0 0.0 0.0 0.0 0.0 0.0 0.0 0.0 0.0 0.0 0.0 0.0 0.0 0.0 0.0 0.0 0.0 0.0 0.0 0.0 0.0 0.0 0.0 0.0 0.0 0.0 0.0 0.0 0.0 0.0 0.0 0.0 0.0 0.0 0.0 0.0 0.0 0.0 0.0 0.0 0.0 0.0 0.0 0.0 0.03 0.092 0.154 0.216 0.278 0.34 0.402 0.464 0.527 0.589 0.651 0.713 0.722 0.721 0.721 0.721 0.722 0.746 0.771 0.795 0.82 0.86 1.088 1.316 1.543 1.771 1.999 2.227 2.454 2.682 2.91 3.138 3.365 3.487 3.532 3.578 3.624 3.669 3.759 3.916 4.073 4.229 4.386 4.543 4.7 4.856 5.013 5.17 5.327 5.466 5.497 5.527 5.557 5.587 5.617 5.654 5.693 5.732 5.771 5.81 5.849 5.888 5.927 5.966 6.005 6.044 6.048 6.038 6.027 6.016 6.005 5.997 6.069 6.142 6.214 6.287 6.359 6.432 6.504 6.576 6.649 6.721 6.774
0.0 0.0 0.0 0.0 0.0 0.0 0.0 0.0 0.0 0.0 0.0 0.0 0.0 0.0 0.0 0.0 0.0 0.0 0.0 0.0 0.0 0.0 0.0 0.0 0.0 0.0 0.0 0.0 0.0 0.0 0.0 0.0 0.0 0.0 0.0 0.0 0.0 0.0 0.0 0.0 0.0 0.0 0.0 0.0 0.0 0.0 0.0 0.0 0.0 0.0 0.0 0.0 0.0 0.031 0.093 0.155 0.217 0.279 0.341 0.403 0.466 0.528 0.59 0.652 0.714 0.772 0.772 0.772 0.772 0.773 0.797 0.822 0.846 0.871 1.085 1.313 1.54 1.768 1.996 2.223 2.451 2.679 2.907 3.134 3.362 3.59 3.708 3.754 3.799 3.845 3.919 4.076 4.232 4.389 4.546 4.702 4.859 5.016 5.173 5.329 5.486 5.643 5.781 5.811 5.841 5.871 5.901 5.936 5.975 6.014 6.053 6.092 6.131 6.17 6.209 6.248 6.287 6.326 6.365 6.369 6.358 6.348 6.337 6.326 6.389 6.461 6.534 6.606 6.679 6.751 6.824 6.896 6.968 7.041 7.113 7.165
0.0 0.0 0.0 0.0 0.0 0.0 0.0 0.0 0.0 0.0 0.0 0.0 0.0 0.0 0.0 0.0 0.0 0.0 0.0 0.0 0.0 0.0 0.0 0.0 0.0 0.0 0.0 0.0 0.0 0.0 0.0 0.0 0.0 0.0 0.0 0.0 0.0 0.0 0.0 0.0 0.0 0.0 0.0 0.0 0.0 0.0 0.0 0.0 0.0 0.0 0.0 0.0 0.0 0.032 0.094 0.156 0.218 0.28 0.342 0.404 0.467 0.529 0.591 0.653 0.715 0.777 0.823 0.823 0.822 0.824 0.848 0.873 0.897 1.082 1.309 1.537 1.765 1.992 2.22 2.448 2.676 2.903 3.131 3.359 3.587 3.814 3.93 3.975 4.021 4.078 4.235 4.392 4.549 4.705 4.862 5.019 5.176 5.332 5.489 5.646 5.802 5.959 6.095 6.125 6.155 6.185 6.219 6.258 6.297 6.336 6.375 6.414 6.453 6.492 6.531 6.57 6.609 6.648 6.687 6.69 6.679 6.668 6.658 6.709 6.781 6.853 6.926 6.998 7.071 7.143 7.216 7.288 7.36 7.433 7.505 7.555
0.0 0.0 0.0 0.0 0.0 0.0 0.0 0.0 0.0 0.0 0.0 0.0 0.0 0.0 0.0 0.0 0.0 0.0 0.0 0.0 0.0 0.0 0.0 0.0 0.0 0.0 0.0 0.0 0.0 0.0 0.0 0.0 0.0 0.0 0.0 0.0 0.0 0.0 0.0 0.0 0.0 0.0 0.0 0.0 0.0 0.0 0.0 0.0 0.0 0.0 0.0 0.0 0.0 0.033 0.095 0.157 0.219 0.281 0.343 0.405 0.468 0.53 0.592 0.654 0.716 0.778 0.84 0.873 0.873 0.875 0.899 0.924 1.078 1.306 1.534 1.762 1.989 2.217 2.445 2.672 2.9 3.128 3.356 3.583 3.811 4.039 4.151 4.197 4.242 4.395 4.551 4.708 4.865 5.022 5.178 5.335 5.492 5.649 5.805 5.962 6.119 6.276 6.409 6.439 6.469 6.502 6.541 6.58 6.619 6.658 6.697 6.736 6.775 6.814 6.853 6.892 6.931 6.97 7.009 7.011 7.0 6.989 7.028 7.101 7.173 7.245 7.318 7.39 7.463 7.535 7.608 7.68 7.752 7.825 7.897 7.946
0.0 0.0 0.0 0.0 0.0 0.0 0.0 0.0 0.0 0.0 0.0 0.0 0.0 0.0 0.0 0.0 0.0 0.0 0.0 0.0 0.0 0.0 0.0 0.0 0.0 0.0 0.0 0.0 0.0 0.0 0.0 0.0 0.0 0.0 0.0 0.0 0.0 0.0 0.0 0.0 0.0 0.0 0.0 0.0 0.0 0.0 0.0 0.0 0.0 0.0 0.0 0.0 0.0 0.034 0.096 0.158 0.22 0.282 0.344 0.406 0.469 0.531 0.593 0.655 0.717 0.779 0.841 0.903 0.924 0.926 0.951 1.075 1.303 1.531 1.758 1.986 2.214 2.442 2.669 2.897 3.125 3.352 3.58 3.808 4.036 4.263 4.373 4.418 4.554 4.711 4.868 5.025 5.181 5.338 5.495 5.651 5.808 5.965 6.122 6.278 6.435 6.592 6.723 6.753 6.785 6.824 6.863 6.902 6.941 6.98 7.019 7.058 7.097 7.136 7.175 7.214 7.253 7.292 7.331 7.332 7.321 7.348 7.42 7.493 7.565 7.637 7.71 7.782 7.855 7.927 8.0 8.072 8.144 8.217 8.289 8.336
0.0 0.0 0.0 0.0 0.0 0.0 0.0 0.0 0.0 0.0 0.0 0.0 0.0 0.0 0.0 0.0 0.0 0.0 0.0 0.0 0.0 0.0 0.0 0.0 0.0 0.0 0.0 0.0 0.0 0.0 0.0 0.0 0.0 0.0 0.0 0.0 0.0 0.0 0.0 0.0 0.0 0.0 0.0 0.0 0.0 0.0 0.0 0.0 0.0 0.0 0.0 0.0 0.0 0.035 0.097 0.159 0.221 0.283 0.345 0.408 0.47 0.532 0.594 0.656 0.718 0.78 0.842 0.904 0.966 0.977 1.072 1.3 1.527 1.755 1.983 2.211 2.438 2.666 2.894 3.122 3.349 3.577 3.805 4.032 4.26 4.488 4.594 4.714 4.871 5.027 5.184 5.341 5.498 5.654 5.811 5.968 6.125 6.281 6.438 6.595 6.751 6.908 7.037 7.067 7.106 7.145 7.184 7.223 7.262 7.301 7.34 7.379 7.418 7.457 7.496 7.535 7.574 7.613 7.652 7.653 7.667 7.74 7.812 7.885 7.957 8.029 8.102 8.174 8.247 8.319 8.392 8.464 8.536 8.609 8.681 8.727
0.0 0.0 0.0 0.0 0.0 0.0 0.0 0.0 0.0 0.0 0.0 0.0 0.0 0.0 0.0 0.0 0.0 0.0 0.0 0.0 0.0 0.0 0.0 0.0 0.0 0.0 0.0 0.0 0.0 0.0 0.0 0.0 0.0 0.0 0.0 0.0 0.0 0.0 0.0 0.0 0.0 0.0 0.0 0.0 0.0 0.0 0.0 0.0 0.0 0.0 0.0 0.0 0.0 0.036 0.098 0.16 0.222 0.284 0.347 0.409 0.471 0.533 0.595 0.657 0.719 0.781 0.843 0.905 0.967 1.044 1.277 1.51 1.743 1.976 2.207 2.435 2.663 2.891 3.118 3.346 3.574 3.802 4.029 4.257 4.485 4.712 4.873 5.03 5.187 5.344 5.5 5.657 5.814 5.971 6.127 6.284 6.441 6.598 6.754 6.911 7.068 7.225 7.351 7.389 7.428 7.467 7.506 7.545 7.584 7.623 7.662 7.701 7.74 7.779 7.818 7.857 7.896 7.935 7.974 7.987 8.059 8.132 8.204 8.277 8.349 8.421 8.494 8.566 8.639 8.711 8.784 8.856 8.928 9.001 9.073 9.118
0.0 0.0 0.0 0.0 0.0 0.0 0.0 0.0 0.0 0.0 0.0 0.0 0.0 0.0 0.0 0.0 0.0 0.0 0.0 0.0 0.0 0.0 0.0 0.0 0.0 0.0 0.0 0.0 0.0 0.0 0.0 0.0 0.0 0.0 0.0 0.0 0.0 0.0 0.0 0.0 0.0 0.0 0.0 0.0 0.0 0.0 0.0 0.0 0.0 0.0 0.0 0.0 0.0 0.037 0.1 0.162 0.224 0.286 0.348 0.41 0.472 0.534 0.596 0.658 0.72 0.782 0.844 0.906 0.966 1.008 1.185 1.418 1.651 1.884 2.117 2.35 2.583 2.816 3.049 3.282 3.515 3.748 3.981 4.214 4.447 4.68 4.943 5.105 5.267 5.429 5.591 5.753 5.914 6.076 6.238 6.4 6.562 6.724 6.886 7.048 7.21 7.372 7.505 7.549 7.594 7.638 7.682 7.727 7.771 7.816 7.86 7.904 7.949 7.993 8.038 8.082 8.127 8.171 8.216 8.331 8.407 8.483 8.559 8.634 8.71 8.786 8.862 8.938 9.014 9.09 9.166 9.242 9.318 9.393 9.465 9.508
0.0 0.0 0.0 0.0 0.0 0.0 0.0 0.0 0.0 0.0 0.0 0.0 0.0 0.0 0.0 0.0 0.0 0.0 0.0 0.0 0.0 0.0 0.0 0.0 0.0 0.0 0.0 0.0 0.0 0.0 0.0 0.0 0.0 0.0 0.0 0.0 0.0 0.0 0.0 0.0 0.0 0.0 0.0 0.0 0.0 0.0 0.0 0.0 0.0 0.0 0.0 0.0 0.0 0.039 0.101 0.163 0.225 0.287 0.349 0.411 0.473 0.535 0.597 0.659 0.721 0.784 0.846 0.908 0.933 0.977 1.134 1.326 1.559 1.792 2.025 2.258 2.491 2.724 2.957 3.19 3.423 3.656 3.889 4.122 4.355 4.588 4.857 5.109 5.271 5.433 5.595 5.757 5.919 6.081 6.243 6.405 6.567 6.729 6.891 7.053 7.215 7.377 7.508 7.552 7.596 7.641 7.685 7.73 7.774 7.819 7.863 7.907 7.952 7.996 8.041 8.085 8.129 8.174 8.278 8.487 8.592 8.668 8.744 8.82 8.896 8.972 9.048 9.124 9.2 9.276 9.352 9.428 9.504 9.58 9.656 9.701
0.0 0.0 0.0 0.0 0.0 0.0 0.0 0.0 0.0 0.0 0.0 0.0 0.0 0.0 0.0 0.0 0.0 0.0 0.0 0.0 0.0 0.0 0.0 0.0 0.0 0.0 0.0 0.0 0.0 0.0 0.0 0.0 0.0 0.0 0.0 0.0 0.0 0.0 0.0 0.0 0.0 0.0 0.0 0.0 0.0 0.0 0.0 0.0 0.0 0.0 0.0 0.0 0.001 0.04 0.102 0.164 0.226 0.288 0.35 0.412 0.474 0.537 0.599 0.661 0.723 0.785 0.847 0.878 0.9 0.946 1.102 1.259 1.467 1.7 1.933 2.166 2.399 2.632 2.865 3.098 3.331 3.564 3.797 4.03 4.263 4.496 4.766 5.048 5.276 5.438 5.6 5.762 5.924 6.086 6.248 6.41 6.572 6.734 6.896 7.058 7.22 7.382 7.51 7.555 7.599 7.644 7.688 7.733 7.777 7.821 7.866 7.91 7.955 7.999 8.043 8.088 8.132 8.226 8.339 8.55 8.778 8.854 8.93 9.006 9.082 9.158 9.234 9.31 9.386 9.462 9.538 9.614 9.69 9.766 9.842 9.885
0.0 0.0 0.0 0.0 0.0 0.0 0.0 0.0 0.0 0.0 0.0 0.0 0.0 0.0 0.0 0.0 0.0 0.0 0.0 0.0 0.0 0.0 0.0 0.0 0.0 0.0 0.0 0.0 0.0 0.0 0.0 0.0 0.0 0.0 0.0 0.0 0.0 0.0 0.0 0.0 0.0 0.0 0.0 0.0 0.0 0.0 0.0 0.0 0.0 0.0 0.0 0.001 0.001 0.041 0.103 0.165 0.227 0.29 0.352 0.414 0.476 0.538 0.6 0.662 0.724 0.786 0.823 0.845 0.866 0.915 1.071 1.228 1.384 1.608 1.841 2.074 2.307 2.54 2.773 3.006 3.239 3.472 3.705 3.938 4.171 4.404 4.675 4.957 5.24 5.443 5.605 5.767 5.929 6.091 6.253 6.415 6.577 6.739 6.901 7.063 7.225 7.387 7.513 7.558 7.602 7.647 7.691 7.735 7.78 7.824 7.869 7.913 7.957 8.002 8.046 8.091 8.174 8.287 8.4 8.613 8.843 9.04 9.116 9.192 9.268 9.344 9.42 9.496 9.572 9.648 9.724 9.8 9.876 9.952 10.028 10.07
0.0 0.0 0.0 0.0 0.0 0.0 0.0 0.0 0.0 0.0 0.0 0.0 0.0 0.0 0.0 0.0 0.0 0.0 0.0 0.0 0.0 0.0 0.0 0.0 0.0 0.0 0.0 0.0 0.0 0.0 0.0 0.0 0.0 0.0 0.0 0.0 0.0 0.0 0.0 0.0 0.0 0.0 0.0 0.0 0.0 0.0 0.0 0.0 0.0 0.0 0.001 0.001 0.001 0.042 0.105 0.167 0.229 0.291 0.353 0.415 0.477 0.539 0.601 0.663 0.725 0.769 0.79 0.812 0.833 0.884 1.04 1.197 1.353 1.516 1.749 1.982 2.215 2.448 2.681 2.914 3.147 3.38 3.613 3.846 4.079 4.312 4.583 4.866 5.148 5.431 5.61 5.772 5.934 6.096 6.258 6.42 6.582 6.744 6.906 7.068 7.23 7.392 7.516 7.561 7.605 7.649 7.694 7.738 7.783 7.827 7.872 7.916 7.96 8.005 8.049 8.123 8.236 8.348 8.461 8.677 8.906 9.136 9.302 9.378 9.454 9.53 9.606 9.682 9.758 9.834 9.91 9.985 10.061 10.137 10.213 10.254
0.0 0.0 0.0 0.0 0.0 0.0 0.0 0.0 0.0 0.0 0.0 0.0 0.0 0.0 0.0 0.0 0.0 0.0 0.0 0.0 0.0 0.0 0.0 0.0 0.0 0.0 0.0 0.0 0.0 0.0 0.0 0.0 0.0 0.0 0.0 0.0 0.0 0.0 0.0 0.0 0.0 0.0 0.0 0.0 0.0 0.0 0.0 0.0 0.0 0.001 0.001 0.001 0.001 0.044 0.106 0.168 0.23 0.292 0.354 0.416 0.478 0.54 0.602 0.664 0.714 0.735 0.757 0.778 0.8 0.853 1.009 1.166 1.322 1.479 1.657 1.89 2.123 2.356 2.589 2.822 3.055 3.288 3.521 3.754 3.987 4.22 4.492 4.775 5.057 5.34 5.615 5.777 5.939 6.101 6.263 6.425 6.587 6.749 6.911 7.073 7.235 7.397 7.519 7.563 7.608 7.652 7.697 7.741 7.786 7.83 7.874 7.919 7.963 8.008 8.071 8.184 8.297 8.41 8.522 8.74 8.97 9.2 9.43 9.564 9.639 9.715 9.791 9.867 9.943 10.019 10.095 10.171 10.247 10.323 10.399 10.438
0.0 0.0 0.0 0.0 0.0 0.0 0.0 0.0 0.0 0.0 0.0 0.0 0.0 0.0 0.0 0.0 0.0 0.0 0.0 0.0 0.0 0.0 0.0 0.0 0.0 0.0 0.0 0.0 0.0 0.0 0.0 0.0 0.0 0.0 0.0 0.0 0.0 0.0 0.0 0.0 0.0 0.0 0.0 0.0 0.0 0.0 0.0 0.0 0.001 0.001 0.001 0.001 0.002 0.045 0.107 0.169 0.231 0.293 0.355 0.417 0.48 0.542 0.604 0.659 0.68 0.702 0.723 0.745 0.766 0.822 0.978 1.135 1.291 1.448 1.604 1.798 2.031 2.264 2.497 2.73 2.963 3.196 3.429 3.662 3.895 4.128 4.401 4.683 4.966 5.248 5.531 5.782 5.944 6.106 6.268 6.43 6.592 6.754 6.916 7.078 7.24 7.401 7.522 7.566 7.611 7.655 7.7 7.744 7.788 7.833 7.877 7.922 7.966 8.02 8.133 8.245 8.358 8.471 8.584 8.803 9.033 9.263 9.493 9.723 9.825 9.901 9.977 10.053 10.129 10.205 10.281 10.357 10.433 10.509 10.585 10.623
0.0 0.0 0.0 0.0 0.0 0.0 0.0 0.0 0.0 0.0 0.0 0.0 0.0 0.0 0.0 0.0 0.0 0.0 0.0 0.0 0.0 0.0 0.0 0.0 0.0 0.0 0.0 0.0 0.0 0.0 0.0 0.0 0.0 0.0 0.0 0.0 0.0 0.0 0.0 0.0 0.0 0.0 0.0 0.0 0.0 0.0 0.0 0.0 0.001 0.001 0.001 0.002 0.002 0.046 0.108 0.17 0.232 0.295 0.357 0.419 0.481 0.543 0.604 0.626 0.647 0.669 0.69 0.712 0.733 0.791 0.947 1.104 1.26 1.417 1.573 1.73 1.939 2.172 2.405 2.638 2.871 3.104 3.337 3.57 3.803 4.036 4.31 4.592 4.875 5.157 5.44 5.722 5.948 6.11 6.272 6.434 6.596 6.758 6.92 7.082 7.244 7.406 7.525 7.569 7.614 7.658 7.702 7.747 7.791 7.836 7.88 7.925 7.969 8.081 8.194 8.306 8.419 8.532 8.645 8.866 9.096 9.326 9.556 9.786 10.011 10.087 10.163 10.239 10.315 10.391 10.467 10.543 10.619 10.695 10.771 10.807
0.0 0.0 0.0 0.0 0.0 0.0 0.0 0.0 0.0 0.0 0.0 0.0 0.0 0.0 0.0 0.0 0.0 0.0 0.0 0.0 0.0 0.0 0.0 0.0 0.0 0.0 0.0 0.0 0.0 0.0 0.0 0.0 0.0 0.0 0.0 0.0 0.0 0.0 0.0 0.0 0.0 0.0 0.0 0.0 0.0 0.0 0.0 0.001 0.001 0.001 0.002 0.002 0.002 0.048 0.11 0.172 0.234 0.296 0.358 0.42 0.482 0.544 0.571 0.592 0.614 0.635 0.657 0.678 0.7 0.759 0.916 1.073 1.229 1.386 1.542 1.699 1.855 2.08 2.313 2.546 2.779 3.012 3.245 3.478 3.711 3.944 4.219 4.501 4.784 5.066 5.349 5.631 5.914 6.115 6.277 6.439 6.601 6.763 6.925 7.087 7.249 7.411 7.528 7.572 7.616 7.661 7.705 7.75 7.794 7.839 7.883 7.927 8.029 8.142 8.255 8.368 8.48 8.593 8.706 8.929 9.159 9.389 9.619 9.849 10.079 10.273 10.349 10.425 10.501 10.577 10.653 10.729 10.805 10.881 10.957 10.992
0.0 0.0 0.0 0.0 0.0 0.0 0.0 0.0 0.0 0.0 0.0 0.0 0.0 0.0 0.0 0.0 0.0 0.0 0.0 0.0 0.0 0.0 0.0 0.0 0.0 0.0 0.0 0.0 0.0 0.0 0.0 0.0 0.0 0.0 0.0 0.0 0.0 0.0 0.0 0.0 0.0 0.0 0.0 0.0 0.0 0.0 0.001 0.001 0.001 0.002 0.002 0.002 0.002 0.049 0.111 0.173 0.235 0.297 0.359 0.421 0.483 0.516 0.537 0.559 0.58 0.602 0.623 0.645 0.667 0.728 0.885 1.041 1.198 1.355 1.511 1.668 1.824 1.988 2.221 2.454 2.687 2.92 3.153 3.386 3.619 3.852 4.127 4.41 4.692 4.975 5.257 5.54 5.822 6.105 6.282 6.444 6.606 6.768 6.93 7.092 7.254 7.416 7.53 7.575 7.619 7.664 7.708 7.753 7.797 7.841 7.886 7.978 8.091 8.203 8.316 8.429 8.542 8.654 8.767 8.992 9.222 9.452 9.682 9.912 10.142 10.372 10.535 10.611 10.687 10.763 10.839 10.915 10.99 11.066 11.142 11.176
0.0 0.0 0.0 0.0 0.0 0.0 0.0 0.0 0.0 0.0 0.0 0.0 0.0 0.0 0.0 0.0 0.0 0.0 0.0 0.0 0.0 0.0 0.0 0.0 0.0 0.0 0.0 0.0 0.0 0.0 0.0 0.0 0.0 0.0 0.0 0.0 0.0 0.0 0.0 0.0 0.0 0.0 0.0 0.0 0.0 0.001 0.001 0.001 0.002 0.002 0.002 0.002 0.003 0.05 0.112 0.174 0.236 0.298 0.36 0.422 0.461 0.483 0.504 0.526 0.547 0.569 0.59 0.612 0.633 0.697 0.854 1.01 1.167 1.323 1.48 1.637 1.793 1.95 2.129 2.362 2.595 2.828 3.061 3.294 3.527 3.76 4.036 4.319 4.601 4.884 5.166 5.449 5.731 6.014 6.287 6.449 6.611 6.773 6.935 7.097 7.259 7.421 7.533 7.578 7.622 7.667 7.711 7.755 7.8 7.844 7.926 8.039 8.152 8.265 8.377 8.49 8.603 8.716 8.828 9.056 9.286 9.516 9.746 9.976 10.205 10.435 10.665 10.796 10.872 10.948 11.024 11.1 11.176 11.252 11.328 11.36
0.0 0.0 0.0 0.0 0.0 0.0 0.0 0.0 0.0 0.0 0.0 0.0 0.0 0.0 0.0 0.0 0.0 0.0 0.0 0.0 0.0 0.0 0.0 0.0 0.0 0.0 0.0 0.0 0.0 0.0 0.0 0.0 0.0 0.0 0.0 0.0 0.0 0.0 0.0 0.0 0.0 0.0 0.0 0.0 0.001 0.001 0.001 0.001 0.002 0.002 0.002 0.003 0.003 0.051 0.113 0.175 0.238 0.3 0.362 0.406 0.428 0.449 0.471 0.492 0.514 0.535 0.557 0.578 0.6 0.666 0.823 0.979 1.136 1.292 1.449 1.605 1.762 1.919 2.075 2.27 2.503 2.736 2.969 3.202 3.435 3.668 3.945 4.227 4.51 4.792 5.075 5.358 5.64 5.923 6.205 6.454 6.616 6.778 6.94 7.102 7.264 7.426 7.536 7.581 7.625 7.669 7.714 7.758 7.803 7.875 7.988 8.1 8.213 8.326 8.438 8.551 8.664 8.777 8.889 9.119 9.349 9.579 9.809 10.039 10.269 10.499 10.729 10.959 11.058 11.134 11.21 11.286 11.362 11.438 11.514 11.545
0.0 0.0 0.0 0.0 0.0 0.0 0.0 0.0 0.0 0.0 0.0 0.0 0.0 0.0 0.0 0.0 0.0 0.0 0.0 0.0 0.0 0.0 0.0 0.0 0.0 0.0 0.0 0.0 0.0 0.0 0.0 0.0 0.0 0.0 0.0 0.0 0.0 0.0 0.0 0.0 0.0 0.0 0.0 0.001 0.001 0.001 0.001 0.002 0.002 0.002 0.003 0.003 0.003 0.053 0.115 0.177 0.239 0.301 0.351 0.373 0.394 0.416 0.437 0.459 0.48 0.502 0.524 0.545 0.567 0.635 0.792 0.948 1.105 1.261 1.418 1.574 1.731 1.887 2.044 2.201 2.411 2.644 2.877 3.11 3.343 3.576 3.854 4.136 4.419 4.701 4.984 5.266 5.549 5.831 6.114 6.396 6.621 6.783 6.945 7.107 7.269 7.431 7.539 7.583 7.628 7.672 7.717 7.761 7.823 7.936 8.049 8.161 8.274 8.387 8.5 8.612 8.725 8.838 8.952 9.182 9.412 9.642 9.872 10.102 10.332 10.562 10.792 11.022 11.244 11.32 11.396 11.472 11.548 11.624 11.7 11.729
0.0 0.0 0.0 0.0 0.0 0.0 0.0 0.0 0.0 0.0 0.0 0.0 0.0 0.0 0.0 0.0 0.0 0.0 0.0 0.0 0.0 0.0 0.0 0.0 0.0 0.0 0.0 0.0 0.0 0.0 0.0 0.0 0.0 0.0 0.0 0.0 0.0 0.0 0.0 0.0 0.0 0.0 0.001 0.001 0.001 0.001 0.002 0.002 0.002 0.003 0.003 0.003 0.003 0.054 0.116 0.178 0.24 0.296 0.318 0.34 0.361 0.383 0.404 0.426 0.447 0.469 0.49 0.512 0.533 0.604 0.761 0.917 1.074 1.23 1.387 1.543 1.7 1.856 2.013 2.169 2.326 2.552 2.785 3.018 3.251 3.484 3.762 4.045 4.328 4.61 4.893 5.175 5.458 5.74 6.023 6.305 6.588 6.788 6.95 7.112 7.273 7.435 7.542 7.586 7.631 7.675 7.72 7.772 7.884 7.997 8.11 8.223 8.335 8.448 8.561 8.674 8.786 8.899 9.015 9.245 9.475 9.705 9.935 10.165 10.395 10.625 10.855 11.085 11.315 11.506 11.582 11.658 11.734 11.81 11.886 11.914
0.0 0.0 0.0 0.0 0.0 0.0 0.0 0.0 0.0 0.0 0.0 0.0 0.0 0.0 0.0 0.0 0.0 0.0 0.0 0.0 0.0 0.0 0.0 0.0 0.0 0.0 0.0 0.0 0.0 0.0 0.0 0.0 0.0 0.0 0.0 0.0 0.0 0.0 0.0 0.0 0.0 0.0 0.001 0.001 0.001 0.002 0.002 0.002 0.003 0.003 0.003 0.003 0.004 0.055 0.117 0.179 0.241 0.263 0.285 0.306 0.328 0.349 0.371 0.392 0.414 0.435 0.457 0.478 0.5 0.573 0.73 0.886 1.043 1.199 1.356 1.512 1.669 1.825 1.982 2.138 2.295 2.46 2.693 2.926 3.159 3.392 3.671 3.954 4.236 4.519 4.801 5.084 5.366 5.649 5.932 6.214 6.497 6.779 6.954 7.116 7.278 7.44 7.545 7.589 7.634 7.678 7.722 7.833 7.946 8.058 8.171 8.284 8.397 8.509 8.622 8.735 8.848 8.96 9.078 9.308 9.538 9.768 9.998 10.228 10.458 10.688 10.918 11.148 11.378 11.608 11.768 11.844 11.92 11.995 12.071 12.098
0.0 0.0 0.0 0.0 0.0 0.0 0.0 0.0 0.0 0.0 0.0 0.0 0.0 0.0 0.0 0.0 0.0 0.0 0.0 0.0 0.0 0.0 0.0 0.0 0.0 0.0 0.0 0.0 0.0 0.0 0.0 0.0 0.0 0.0 0.0 0.0 0.0 0.0 0.0 0.0 0.0 0.001 0.001 0.001 0.002 0.002 0.002 0.002 0.003 0.003 0.003 0.004 0.004 0.056 0.118 0.181 0.208 0.23 0.251 0.273 0.294 0.316 0.337 0.359 0.381 0.402 0.424 0.445 0.467 0.542 0.698 0.855 1.012 1.168 1.325 1.481 1.638 1.794 1.951 2.107 2.264 2.42 2.601 2.834 3.067 3.3 3.58 3.863 4.145 4.428 4.71 4.993 5.275 5.558 5.84 6.123 6.405 6.688 6.959 7.121 7.283 7.445 7.548 7.592 7.636 7.681 7.781 7.894 8.007 8.119 8.232 8.345 8.458 8.57 8.683 8.796 8.909 9.021 9.142 9.372 9.602 9.832 10.062 10.291 10.521 10.751 10.981 11.211 11.441 11.671 11.901 12.029 12.105 12.181 12.257 12.282
0.0 0.0 0.0 0.0 0.0 0.0 0.0 0.0 0.0 0.0 0.0 0.0 0.0 0.0 0.0 0.0 0.0 0.0 0.0 0.0 0.0 0.0 0.0 0.0 0.0 0.0 0.0 0.0 0.0 0.0 0.0 0.0 0.0 0.0 0.0 0.0 0.0 0.0 0.0 0.0 0.001 0.001 0.001 0.002 0.002 0.002 0.002 0.003 0.003 0.003 0.004 0.004 0.004 0.058 0.12 0.153 0.175 0.197 0.218 0.24 0.261 0.283 0.304 0.326 0.347 0.369 0.39 0.412 0.433 0.511 0.667 0.824 0.98 1.137 1.294 1.45 1.607 1.763 1.92 2.076 2.233 2.389 2.546 2.742 2.975 3.208 3.489 3.771 4.054 4.336 4.619 4.902 5.184 5.467 5.749 6.032 6.314 6.597 6.879 7.126 7.288 7.45 7.55 7.595 7.639 7.73 7.842 7.955 8.068 8.181 8.293 8.406 8.519 8.632 8.744 8.857 8.97 9.083 9.205 9.435 9.665 9.895 10.125 10.355 10.585 10.815 11.045 11.274 11.504 11.734 11.964 12.194 12.291 12.367 12.443 12.467
0.0 0.0 0.0 0.0 0.0 0.0 0.0 0.0 0.0 0.0 0.0 0.0 0.0 0.0 0.0 0.0 0.0 0.0 0.0 0.0 0.0 0.0 0.0 0.0 0.0 0.0 0.0 0.0 0.0 0.0 0.0 0.0 0.0 0.0 0.0 0.0 0.0 0.0 0.0 0.001 0.001 0.001 0.002 0.002 0.002 0.002 0.003 0.003 0.003 0.004 0.004 0.004 0.004 0.059 0.099 0.12 0.142 0.163 0.185 0.206 0.228 0.249 0.271 0.292 0.314 0.335 0.357 0.378 0.4 0.48 0.636 0.793 0.949 1.106 1.262 1.419 1.576 1.732 1.889 2.045 2.202 2.358 2.515 2.671 2.883 3.116 3.398 3.68 3.963 4.245 4.528 4.81 5.093 5.375 5.658 5.94 6.223 6.506 6.788 7.071 7.293 7.455 7.553 7.598 7.678 7.791 7.904 8.016 8.129 8.242 8.355 8.467 8.58 8.693 8.806 8.918 9.031 9.144 9.268 9.498 9.728 9.958 10.188 10.418 10.648 10.878 11.108 11.338 11.568 11.798 12.028 12.258 12.477 12.553 12.629 12.651
0.0 0.0 0.0 0.0 0.0 0.0 0.0 0.0 0.0 0.0 0.0 0.0 0.0 0.0 0.0 0.0 0.0 0.0 0.0 0.0 0.0 0.0 0.0 0.0 0.0 0.0 0.0 0.0 0.0 0.0 0.0 0.0 0.0 0.0 0.0 0.0 0.0 0.0 0.001 0.001 0.001 0.001 0.002 0.002 0.002 0.003 0.003 0.003 0.004 0.004 0.004 0.004 0.005 0.044 0.065 0.087 0.108 0.13 0.151 0.173 0.194 0.216 0.238 0.259 0.281 0.302 0.324 0.345 0.367 0.449 0.605 0.762 0.918 1.075 1.231 1.388 1.544 1.701 1.858 2.014 2.171 2.327 2.484 2.64 2.797 3.024 3.306 3.589 3.872 4.154 4.437 4.719 5.002 5.284 5.567 5.849 6.132 6.414 6.697 6.979 7.262 7.46 7.556 7.627 7.739 7.852 7.965 8.078 8.19 8.303 8.416 8.529 8.641 8.754 8.867 8.98 9.092 9.205 9.331 9.561 9.791 10.021 10.251 10.481 10.711 10.941 11.171 11.401 11.631 11.861 12.091 12.321 12.551 12.739 12.815 12.835
0.0 0.0 0.0 0.0 0.0 0.0 0.0 0.0 0.0 0.0 0.0 0.0 0.0 0.0 0.0 0.0 0.0 0.0 0.0 0.0 0.0 0.0 0.0 0.0 0.0 0.0 0.0 0.0 0.0 0.0 0.0 0.0 0.0 0.0 0.0 0.0 0.0 0.0 0.001 0.001 0.001 0.002 0.002 0.002 0.002 0.003 0.003 0.003 0.004 0.004 0.004 0.005 0.005 0.024 0.045 0.066 0.087 0.108 0.129 0.15 0.171 0.192 0.213 0.234 0.255 0.276 0.297 0.318 0.339 0.422 0.578 0.734 0.89 1.046 1.202 1.358 1.514 1.67 1.826 1.983 2.14 2.296 2.453 2.609 2.766 2.933 3.215 3.498 3.78 4.063 4.345 4.628 4.91 5.193 5.476 5.758 6.041 6.323 6.606 6.888 7.171 7.453 7.575 7.688 7.801 7.913 8.026 8.139 8.251 8.364 8.477 8.59 8.702 8.815 8.928 9.041 9.153 9.266 9.394 9.624 9.854 10.084 10.314 10.544 10.774 11.004 11.234 11.464 11.694 11.924 12.154 12.384 12.614 12.844 13.0 13.02
0.0 0.0 0.0 0.0 0.0 0.0 0.0 0.0 0.0 0.0 0.0 0.0 0.0 0.0 0.0 0.0 0.0 0.0 0.0 0.0 0.0 0.0 0.0 0.0 0.0 0.0 0.0 0.0 0.0 0.0 0.0 0.0 0.0 0.0 0.0 0.0 0.0 0.0 0.001 0.001 0.001 0.002 0.002 0.002 0.003 0.003 0.003 0.003 0.004 0.004 0.004 0.005 0.005 0.024 0.045 0.066 0.087 0.108 0.129 0.15 0.171 0.192 0.213 0.234 0.255 0.276 0.297 0.318 0.34 0.427 0.583 0.739 0.895 1.05 1.206 1.362 1.518 1.674 1.83 1.986 2.142 2.298 2.454 2.61 2.766 2.866 3.051 3.335 3.619 3.903 4.187 4.471 4.755 5.039 5.323 5.607 5.891 6.175 6.459 6.743 7.026 7.31 7.497 7.614 7.731 7.848 7.965 8.081 8.198 8.315 8.432 8.549 8.665 8.782 8.899 9.016 9.133 9.249 9.384 9.618 9.852 10.086 10.32 10.554 10.788 11.022 11.256 11.49 11.724 11.958 12.192 12.427 12.661 12.895 13.129 13.349
0.0 0.0 0.0 0.0 0.0 0.0 0.0 0.0 0.0 0.0 0.0 0.0 0.0 0.0 0.0 0.0 0.0 0.0 0.0 0.0 0.0 0.0 0.0 0.0 0.0 0.0 0.0 0.0 0.0 0.0 0.0 0.0 0.0 0.0 0.0 0.0 0.0 0.0 0.001 0.001 0.001 0.002 0.002 0.002 0.003 0.003 0.003 0.003 0.004 0.004 0.004 0.005 0.005 0.025 0.046 0.067 0.088 0.109 0.13 0.151 0.171 0.192 0.213 0.234 0.255 0.276 0.297 0.319 0.342 0.431 0.587 0.743 0.899 1.055 1.211 1.367 1.523 1.679 1.834 1.99 2.146 2.302 2.458 2.614 2.724 2.807 2.943 3.158 3.442 3.726 4.01 4.294 4.578 4.861 5.145 5.429 5.713 5.997 6.281 6.565 6.849 7.133 7.318 7.437 7.554 7.671 7.788 7.904 8.021 8.138 8.255 8.372 8.488 8.605 8.722 8.839 8.956 9.072 9.209 9.443 9.677 9.911 10.145 10.379 10.613 10.847 11.081 11.315 11.549 11.783 12.017 12.251 12.486 12.72 12.923 13.0
0.0 0.0 0.0 0.0 0.0 0.0 0.0 0.0 0.0 0.0 0.0 0.0 0.0 0.0 0.0 0.0 0.0 0.0 0.0 0.0 0.0 0.0 0.0 0.0 0.0 0.0 0.0 0.0 0.0 0.0 0.0 0.0 0.0 0.0 0.0 0.0 0.0 0.0 0.001 0.001 0.001 0.002 0.002 0.002 0.003 0.003 0.003 0.003 0.004 0.004 0.004 0.005 0.005 0.025 0.046 0.067 0.088 0.109 0.13 0.151 0.172 0.193 0.214 0.235 0.256 0.277 0.298 0.321 0.344 0.435 0.591 0.747 0.903 1.059 1.215 1.371 1.527 1.683 1.839 1.995 2.151 2.307 2.463 2.583 2.664 2.748 2.884 3.02 3.264 3.548 3.832 4.116 4.4 4.684 4.968 5.252 5.536 5.82 6.104 6.388 6.672 6.956 7.138 7.258 7.377 7.494 7.61 7.727 7.844 7.961 8.078 8.194 8.311 8.428 8.545 8.662 8.778 8.895 9.034 9.268 9.502 9.736 9.97 10.204 10.438 10.672 10.906 11.14 11.374 11.608 11.842 12.076 12.31 12.522 12.703 12.778
0.0 0.0 0.0 0.0 0.0 0.0 0.0 0.0 0.0 0.0 0.0 0.0 0.0 0.0 0.0 0.0 0.0 0.0 0.0 0.0 0.0 0.0 0.0 0.0 0.0 0.0 0.0 0.0 0.0 0.0 0.0 0.0 0.0 0.0 0.0 0.0 0.0 0.0 0.001 0.001 0.001 0.002 0.002 0.002 0.003 0.003 0.003 0.003 0.004 0.004 0.004 0.005 0.005 0.025 0.046 0.067 0.088 0.109 0.13 0.151 0.172 0.193 0.214 0.235 0.256 0.277 0.3 0.323 0.346 0.439 0.595 0.751 0.907 1.063 1.219 1.375 1.531 1.687 1.843 1.999 2.155 2.311 2.442 2.523 2.604 2.689 2.825 2.961 3.096 3.371 3.655 3.939 4.223 4.507 4.791 5.075 5.359 5.643 5.927 6.211 6.495 6.779 6.958 7.078 7.199 7.317 7.433 7.55 7.667 7.784 7.901 8.017 8.134 8.251 8.368 8.485 8.601 8.718 8.859 9.093 9.327 9.561 9.795 10.029 10.263 10.497 10.731 10.965 11.199 11.433 11.667 11.901 12.12 12.302 12.484 12.555
0.0 0.0 0.0 0.0 0.0 0.0 0.0 0.0 0.0 0.0 0.0 0.0 0.0 0.0 0.0 0.0 0.0 0.0 0.0 0.0 0.0 0.0 0.0 0.0 0.0 0.0 0.0 0.0 0.0 0.0 0.0 0.0 0.0 0.0 0.0 0.0 0.0 0.0 0.001 0.001 0.001 0.002 0.002 0.002 0.003 0.003 0.003 0.003 0.004 0.004 0.004 0.005 0.005 0.026 0.047 0.068 0.089 0.11 0.131 0.152 0.173 0.194 0.214 0.235 0.256 0.279 0.302 0.325 0.348 0.444 0.6 0.756 0.912 1.067 1.223 1.379 1.535 1.691 1.847 2.003 2.159 2.302 2.382 2.463 2.544 2.63 2.766 2.902 3.037 3.194 3.478 3.762 4.046 4.33 4.614 4.898 5.182 5.466 5.75 6.034 6.318 6.602 6.778 6.898 7.019 7.139 7.256 7.373 7.49 7.607 7.724 7.84 7.957 8.074 8.191 8.308 8.424 8.541 8.684 8.918 9.152 9.386 9.62 9.854 10.088 10.322 10.556 10.79 11.024 11.258 11.492 11.719 11.901 12.082 12.264 12.333
0.0 0.0 0.0 0.0 0.0 0.0 0.0 0.0 0.0 0.0 0.0 0.0 0.0 0.0 0.0 0.0 0.0 0.0 0.0 0.0 0.0 0.0 0.0 0.0 0.0 0.0 0.0 0.0 0.0 0.0 0.0 0.0 0.0 0.0 0.0 0.0 0.0 0.0 0.001 0.001 0.001 0.002 0.002 0.002 0.003 0.003 0.003 0.004 0.004 0.004 0.004 0.005 0.005 0.026 0.047 0.068 0.089 0.11 0.131 0.152 0.173 0.194 0.215 0.236 0.258 0.281 0.304 0.327 0.35 0.448 0.604 0.76 0.916 1.072 1.228 1.384 1.54 1.696 1.851 2.007 2.161 2.242 2.323 2.403 2.484 2.571 2.707 2.843 2.978 3.114 3.301 3.585 3.869 4.153 4.437 4.721 5.005 5.289 5.573 5.857 6.141 6.425 6.598 6.719 6.839 6.959 7.079 7.196 7.313 7.43 7.547 7.663 7.78 7.897 8.014 8.131 8.247 8.364 8.509 8.743 8.977 9.211 9.445 9.679 9.913 10.147 10.381 10.615 10.849 11.083 11.317 11.499 11.681 11.863 12.044 12.111
0.0 0.0 0.0 0.0 0.0 0.0 0.0 0.0 0.0 0.0 0.0 0.0 0.0 0.0 0.0 0.0 0.0 0.0 0.0 0.0 0.0 0.0 0.0 0.0 0.0 0.0 0.0 0.0 0.0 0.0 0.0 0.0 0.0 0.0 0.0 0.0 0.0 0.0 0.001 0.001 0.001 0.002 0.002 0.002 0.003 0.003 0.003 0.004 0.004 0.004 0.004 0.005 0.006 0.026 0.047 0.068 0.089 0.11 0.131 0.152 0.173 0.194 0.215 0.237 0.26 0.283 0.306 0.329 0.352 0.452 0.608 0.764 0.92 1.076 1.232 1.388 1.544 1.7 1.856 2.012 2.101 2.182 2.263 2.343 2.424 2.512 2.648 2.784 2.919 3.055 3.191 3.408 3.692 3.976 4.26 4.544 4.828 5.112 5.396 5.68 5.964 6.248 6.418 6.539 6.659 6.779 6.9 7.019 7.136 7.253 7.369 7.486 7.603 7.72 7.837 7.953 8.07 8.187 8.333 8.568 8.802 9.036 9.27 9.504 9.738 9.972 10.206 10.44 10.674 10.908 11.098 11.279 11.461 11.643 11.825 11.889
0.0 0.0 0.0 0.0 0.0 0.0 0.0 0.0 0.0 0.0 0.0 0.0 0.0 0.0 0.0 0.0 0.0 0.0 0.0 0.0 0.0 0.0 0.0 0.0 0.0 0.0 0.0 0.0 0.0 0.0 0.0 0.0 0.0 0.0 0.0 0.0 0.0 0.0 0.001 0.001 0.001 0.002 0.002 0.002 0.003 0.003 0.003 0.004 0.004 0.004 0.004 0.005 0.006 0.027 0.048 0.069 0.09 0.111 0.132 0.153 0.174 0.195 0.216 0.239 0.262 0.285 0.308 0.331 0.354 0.456 0.612 0.768 0.924 1.08 1.236 1.392 1.548 1.704 1.86 1.961 2.041 2.122 2.203 2.283 2.364 2.453 2.589 2.724 2.86 2.996 3.132 3.267 3.515 3.799 4.083 4.367 4.651 4.934 5.218 5.502 5.786 6.07 6.238 6.359 6.479 6.6 6.72 6.84 6.959 7.076 7.192 7.309 7.426 7.543 7.66 7.776 7.893 8.01 8.158 8.392 8.627 8.861 9.095 9.329 9.563 9.797 10.031 10.265 10.499 10.696 10.878 11.06 11.241 11.423 11.605 11.666
0.0 0.0 0.0 0.0 0.0 0.0 0.0 0.0 0.0 0.0 0.0 0.0 0.0 0.0 0.0 0.0 0.0 0.0 0.0 0.0 0.0 0.0 0.0 0.0 0.0 0.0 0.0 0.0 0.0 0.0 0.0 0.0 0.0 0.0 0.0 0.0 0.0 0.0 0.001 0.001 0.001 0.002 0.002 0.002 0.003 0.003 0.003 0.004 0.004 0.004 0.004 0.005 0.006 0.027 0.048 0.069 0.09 0.111 0.132 0.153 0.174 0.195 0.218 0.241 0.264 0.287 0.31 0.333 0.356 0.461 0.617 0.773 0.929 1.084 1.24 1.396 1.552 1.708 1.82 1.901 1.981 2.062 2.143 2.223 2.304 2.394 2.53 2.665 2.801 2.937 3.073 3.208 3.344 3.621 3.905 4.189 4.473 4.757 5.041 5.325 5.609 5.893 6.058 6.179 6.299 6.42 6.54 6.66 6.781 6.899 7.015 7.132 7.249 7.366 7.483 7.599 7.716 7.833 7.983 8.217 8.452 8.686 8.92 9.154 9.388 9.622 9.856 10.09 10.295 10.476 10.658 10.84 11.022 11.203 11.385 11.444
0.0 0.0 0.0 0.0 0.0 0.0 0.0 0.0 0.0 0.0 0.0 0.0 0.0 0.0 0.0 0.0 0.0 0.0 0.0 0.0 0.0 0.0 0.0 0.0 0.0 0.0 0.0 0.0 0.0 0.0 0.0 0.0 0.0 0.0 0.0 0.0 0.0 0.0 0.001 0.001 0.001 0.002 0.002 0.002 0.003 0.003 0.003 0.004 0.004 0.004 0.004 0.005 0.007 0.028 0.049 0.07 0.09 0.111 0.132 0.153 0.175 0.198 0.22 0.243 0.266 0.289 0.312 0.335 0.358 0.465 0.621 0.777 0.933 1.089 1.245 1.401 1.557 1.679 1.76 1.841 1.921 2.002 2.083 2.163 2.244 2.335 2.471 2.606 2.742 2.878 3.014 3.149 3.285 3.444 3.728 4.012 4.296 4.58 4.864 5.148 5.432 5.716 5.878 5.999 6.119 6.24 6.36 6.481 6.601 6.721 6.838 6.955 7.072 7.189 7.306 7.422 7.539 7.656 7.808 8.042 8.276 8.511 8.745 8.979 9.213 9.447 9.681 9.893 10.075 10.257 10.438 10.62 10.802 10.984 11.165 11.222
0.0 0.0 0.0 0.0 0.0 0.0 0.0 0.0 0.0 0.0 0.0 0.0 0.0 0.0 0.0 0.0 0.0 0.0 0.0 0.0 0.0 0.0 0.0 0.0 0.0 0.0 0.0 0.0 0.0 0.0 0.0 0.0 0.0 0.0 0.0 0.0 0.0 0.0 0.001 0.001 0.001 0.002 0.002 0.002 0.003 0.003 0.003 0.004 0.004 0.004 0.005 0.005 0.007 0.028 0.049 0.07 0.091 0.112 0.133 0.154 0.177 0.2 0.223 0.245 0.268 0.291 0.314 0.337 0.36 0.469 0.625 0.781 0.937 1.093 1.249 1.405 1.539 1.619 1.7 1.781 1.861 1.942 2.023 2.103 2.184 2.276 2.412 2.547 2.683 2.819 2.955 3.09 3.226 3.362 3.551 3.835 4.119 4.403 4.687 4.971 5.255 5.539 5.698 5.819 5.939 6.06 6.18 6.301 6.421 6.541 6.661 6.778 6.895 7.012 7.129 7.245 7.362 7.479 7.633 7.867 8.101 8.336 8.57 8.804 9.038 9.272 9.492 9.674 9.855 10.037 10.219 10.4 10.582 10.764 10.946 11.0
0.0 0.0 0.0 0.0 0.0 0.0 0.0 0.0 0.0 0.0 0.0 0.0 0.0 0.0 0.0 0.0 0.0 0.0 0.0 0.0 0.0 0.0 0.0 0.0 0.0 0.0 0.0 0.0 0.0 0.0 0.0 0.0 0.0 0.0 0.0 0.0 0.0 0.0 0.001 0.001 0.001 0.002 0.002 0.002 0.003 0.003 0.003 0.004 0.004 0.004 0.005 0.005 0.007 0.028 0.049 0.07 0.091 0.112 0.133 0.156 0.179 0.202 0.225 0.248 0.27 0.293 0.316 0.339 0.362 0.473 0.629 0.785 0.941 1.097 1.253 1.398 1.479 1.559 1.64 1.721 1.801 1.882 1.963 2.043 2.124 2.217 2.353 2.488 2.624 2.76 2.895 3.031 3.167 3.303 3.438 3.658 3.942 4.226 4.51 4.794 5.078 5.362 5.519 5.639 5.759 5.88 6.0 6.121 6.241 6.361 6.482 6.601 6.718 6.835 6.951 7.068 7.185 7.302 7.458 7.692 7.926 8.16 8.395 8.629 8.863 9.09 9.272 9.454 9.635 9.817 9.999 10.181 10.362 10.544 10.726 10.777
0.0 0.0 0.0 0.0 0.0 0.0 0.0 0.0 0.0 0.0 0.0 0.0 0.0 0.0 0.0 0.0 0.0 0.0 0.0 0.0 0.0 0.0 0.0 0.0 0.0 0.0 0.0 0.0 0.0 0.0 0.0 0.0 0.0 0.0 0.0 0.0 0.0 0.0 0.001 0.001 0.001 0.002 0.002 0.002 0.003 0.003 0.003 0.004 0.004 0.004 0.005 0.005 0.008 0.029 0.05 0.071 0.092 0.113 0.135 0.158 0.181 0.204 0.227 0.25 0.273 0.295 0.318 0.341 0.364 0.478 0.634 0.79 0.946 1.101 1.257 1.338 1.419 1.499 1.58 1.661 1.741 1.822 1.903 1.983 2.064 2.158 2.293 2.429 2.565 2.701 2.836 2.972 3.108 3.244 3.379 3.515 3.765 4.049 4.333 4.617 4.901 5.185 5.339 5.459 5.579 5.7 5.82 5.941 6.061 6.182 6.302 6.422 6.541 6.658 6.774 6.891 7.008 7.125 7.283 7.517 7.751 7.985 8.219 8.454 8.688 8.871 9.052 9.234 9.416 9.597 9.779 9.961 10.143 10.324 10.506 10.555
0.0 0.0 0.0 0.0 0.0 0.0 0.0 0.0 0.0 0.0 0.0 0.0 0.0 0.0 0.0 0.0 0.0 0.0 0.0 0.0 0.0 0.0 0.0 0.0 0.0 0.0 0.0 0.0 0.0 0.0 0.0 0.0 0.0 0.0 0.0 0.0 0.0 0.001 0.001 0.001 0.001 0.002 0.002 0.002 0.003 0.003 0.003 0.004 0.004 0.004 0.005 0.005 0.008 0.029 0.05 0.071 0.092 0.114 0.137 0.16 0.183 0.206 0.229 0.252 0.275 0.297 0.32 0.343 0.366 0.482 0.638 0.794 0.95 1.106 1.197 1.278 1.359 1.439 1.52 1.601 1.681 1.762 1.843 1.923 2.004 2.099 2.234 2.37 2.506 2.642 2.777 2.913 3.049 3.185 3.32 3.456 3.592 3.872 4.156 4.44 4.724 5.007 5.159 5.279 5.4 5.52 5.64 5.761 5.881 6.002 6.122 6.242 6.363 6.481 6.597 6.714 6.831 6.948 7.108 7.342 7.576 7.81 8.044 8.279 8.469 8.651 8.833 9.014 9.196 9.378 9.559 9.741 9.923 10.105 10.286 10.333
0.0 0.0 0.0 0.0 0.0 0.0 0.0 0.0 0.0 0.0 0.0 0.0 0.0 0.0 0.0 0.0 0.0 0.0 0.0 0.0 0.0 0.0 0.0 0.0 0.0 0.0 0.0 0.0 0.0 0.0 0.0 0.0 0.0 0.0 0.0 0.0 0.0 0.001 0.001 0.001 0.001 0.002 0.002 0.002 0.003 0.003 0.003 0.004 0.004 0.004 0.005 0.005 0.008 0.029 0.05 0.071 0.093 0.116 0.139 0.162 0.185 0.208 0.231 0.254 0.277 0.3 0.322 0.345 0.368 0.486 0.642 0.798 0.954 1.057 1.138 1.218 1.299 1.379 1.46 1.541 1.621 1.702 1.783 1.863 1.944 2.04 2.175 2.311 2.447 2.583 2.718 2.854 2.99 3.125 3.261 3.397 3.533 3.694 3.978 4.262 4.546 4.83 4.979 5.099 5.22 5.34 5.46 5.581 5.701 5.822 5.942 6.063 6.183 6.303 6.42 6.537 6.654 6.771 6.933 7.167 7.401 7.635 7.869 8.068 8.249 8.431 8.613 8.795 8.976 9.158 9.34 9.521 9.703 9.885 10.067 10.111
0.0 0.0 0.0 0.0 0.0 0.0 0.0 0.0 0.0 0.0 0.0 0.0 0.0 0.0 0.0 0.0 0.0 0.0 0.0 0.0 0.0 0.0 0.0 0.0 0.0 0.0 0.0 0.0 0.0 0.0 0.0 0.0 0.0 0.0 0.0 0.0 0.0 0.001 0.001 0.001 0.001 0.002 0.002 0.002 0.003 0.003 0.003 0.004 0.004 0.004 0.005 0.005 0.009 0.03 0.051 0.072 0.095 0.118 0.141 0.164 0.187 0.21 0.233 0.256 0.279 0.302 0.325 0.347 0.37 0.49 0.646 0.802 0.916 0.997 1.078 1.158 1.239 1.319 1.4 1.481 1.561 1.642 1.723 1.803 1.884 1.981 2.116 2.252 2.388 2.524 2.659 2.795 2.931 3.066 3.202 3.338 3.474 3.609 3.801 4.085 4.369 4.653 4.799 4.919 5.04 5.16 5.281 5.401 5.521 5.642 5.762 5.883 6.003 6.123 6.243 6.36 6.477 6.594 6.758 6.992 7.226 7.46 7.666 7.848 8.03 8.211 8.393 8.575 8.757 8.938 9.12 9.302 9.483 9.665 9.847 9.888
0.0 0.0 0.0 0.0 0.0 0.0 0.0 0.0 0.0 0.0 0.0 0.0 0.0 0.0 0.0 0.0 0.0 0.0 0.0 0.0 0.0 0.0 0.0 0.0 0.0 0.0 0.0 0.0 0.0 0.0 0.0 0.0 0.0 0.0 0.0 0.0 0.0 0.001 0.001 0.001 0.001 0.002 0.002 0.002 0.003 0.003 0.003 0.004 0.004 0.004 0.005 0.005 0.009 0.03 0.051 0.074 0.097 0.12 0.143 0.166 0.189 0.212 0.235 0.258 0.281 0.304 0.327 0.35 0.372 0.495 0.651 0.776 0.856 0.937 1.018 1.098 1.179 1.26 1.34 1.421 1.501 1.582 1.663 1.743 1.824 1.922 2.057 2.193 2.329 2.464 2.6 2.736 2.872 3.007 3.143 3.279 3.415 3.55 3.686 3.908 4.192 4.476 4.619 4.739 4.86 4.98 5.101 5.221 5.341 5.462 5.582 5.703 5.823 5.944 6.064 6.183 6.3 6.417 6.583 6.817 7.051 7.265 7.446 7.628 7.81 7.992 8.173 8.355 8.537 8.719 8.9 9.082 9.264 9.445 9.627 9.666
0.0 0.0 0.0 0.0 0.0 0.0 0.0 0.0 0.0 0.0 0.0 0.0 0.0 0.0 0.0 0.0 0.0 0.0 0.0 0.0 0.0 0.0 0.0 0.0 0.0 0.0 0.0 0.0 0.0 0.0 0.0 0.0 0.0 0.0 0.0 0.0 0.0 0.001 0.001 0.001 0.001 0.002 0.002 0.002 0.003 0.003 0.003 0.004 0.004 0.004 0.005 0.005 0.009 0.03 0.053 0.076 0.099 0.122 0.145 0.168 0.191 0.214 0.237 0.26 0.283 0.306 0.329 0.352 0.375 0.499 0.635 0.716 0.796 0.877 0.958 1.038 1.119 1.2 1.28 1.361 1.442 1.522 1.603 1.683 1.764 1.862 1.998 2.134 2.27 2.405 2.541 2.677 2.813 2.948 3.084 3.22 3.356 3.491 3.627 3.763 4.015 4.299 4.439 4.559 4.68 4.8 4.921 5.041 5.162 5.282 5.402 5.523 5.643 5.764 5.884 6.004 6.123 6.24 6.408 6.642 6.863 7.045 7.227 7.408 7.59 7.772 7.954 8.135 8.317 8.499 8.681 8.862 9.044 9.226 9.407 9.444
0.004 0.003 0.003 0.003 0.003 0.003 0.003 0.003 0.002 0.002 0.002 0.002 0.002 0.001 0.001 0.001 0.001 0.001 0.0 0.0 0.0 0.0 0.0 0.0 0.0 0.0 0.0 0.0 0.0 0.0 0.0 0.0 0.0 0.0 0.0 0.0 0.0 0.001 0.001 0.001 0.001 0.002 0.002 0.002 0.003 0.003 0.003 0.004 0.004 0.004 0.005 0.005 0.01 0.032 0.055 0.078 0.101 0.124 0.147 0.17 0.193 0.216 0.239 0.262 0.285 0.308 0.331 0.354 0.377 0.494 0.575 0.656 0.736 0.817 0.898 0.978 1.059 1.14 1.22 1.301 1.382 1.462 1.543 1.624 1.704 1.803 1.939 2.075 2.211 2.346 2.482 2.618 2.754 2.889 3.025 3.161 3.296 3.432 3.568 3.704 3.839 4.122 4.259 4.38 4.5 4.62 4.741 4.861 4.982 5.102 5.222 5.343 5.463 5.584 5.704 5.825 5.945 6.063 6.233 6.462 6.644 6.825 7.007 7.189 7.37 7.552 7.734 7.916 8.097 8.279 8.461 8.643 8.824 9.006 9.185 9.222
0.015 0.015 0.014 0.015 0.016 0.016 0.016 0.016 0.015 0.015 0.015 0.015 0.015 0.014 0.014 0.014 0.014 0.014 0.013 0.017 0.037 0.037 0.036 0.035 0.035 0.034 0.034 0.033 0.032 0.032 0.031 0.031 0.03 0.029 0.029 0.028 0.028 0.027 0.027 0.027 0.027 0.026 0.026 0.026 0.025 0.025 0.025 0.025 0.024 0.024 0.024 0.023 0.048 0.069 0.091 0.113 0.134 0.156 0.178 0.2 0.221 0.243 0.265 0.286 0.308 0.33 0.351 0.373 0.395 0.452 0.531 0.61 0.69 0.769 0.848 0.927 1.006 1.085 1.164 1.244 1.323 1.402 1.483 1.564 1.644 1.744 1.88 2.016 2.152 2.287 2.423 2.559 2.695 2.83 2.966 3.102 3.237 3.373 3.509 3.645 3.78 3.945 4.079 4.2 4.32 4.44 4.561 4.681 4.802 4.922 5.043 5.163 5.283 5.404 5.524 5.645 5.765 5.885 6.058 6.242 6.424 6.606 6.787 6.969 7.151 7.332 7.514 7.696 7.878 8.059 8.241 8.423 8.605 8.786 8.963 8.999
0.026 0.025 0.024 0.025 0.028 0.029 0.029 0.029 0.028 0.028 0.028 0.028 0.027 0.027 0.027 0.027 0.027 0.026 0.026 0.03 0.059 0.074 0.073 0.073 0.072 0.071 0.071 0.07 0.07 0.069 0.068 0.068 0.067 0.067 0.066 0.065 0.065 0.065 0.064 0.064 0.064 0.064 0.063 0.063 0.063 0.062 0.062 0.062 0.062 0.061 0.061 0.084 0.126 0.147 0.169 0.191 0.213 0.234 0.256 0.278 0.299 0.321 0.343 0.364 0.386 0.408 0.429 0.451 0.482 0.495 0.562 0.642 0.721 0.8 0.879 0.958 1.037 1.116 1.195 1.275 1.354 1.433 1.512 1.591 1.67 1.77 1.904 2.038 2.172 2.307 2.441 2.575 2.709 2.843 2.978 3.112 3.246 3.38 3.514 3.649 3.783 3.867 3.98 4.098 4.216 4.335 4.453 4.571 4.689 4.808 4.926 5.044 5.162 5.281 5.399 5.517 5.636 5.754 5.866 6.047 6.227 6.408 6.588 6.769 6.949 7.13 7.31 7.491 7.672 7.852 8.033 8.213 8.394 8.574 8.746 8.781
0.037 0.035 0.034 0.035 0.038 0.042 0.042 0.041 0.041 0.041 0.041 0.041 0.04 0.04 0.04 0.04 0.04 0.039 0.039 0.043 0.073 0.102 0.111 0.11 0.109 0.109 0.108 0.108 0.107 0.106 0.106 0.105 0.105 0.104 0.103 0.103 0.102 0.102 0.102 0.101 0.101 0.101 0.101 0.1 0.1 0.1 0.099 0.099 0.099 0.099 0.115 0.163 0.204 0.226 0.247 0.269 0.291 0.312 0.334 0.356 0.377 0.399 0.421 0.442 0.464 0.486 0.507 0.537 0.57 0.583 0.593 0.673 0.752 0.831 0.91 0.989 1.068 1.147 1.227 1.306 1.385 1.464 1.543 1.622 1.701 1.802 1.936 2.07 2.204 2.339 2.473 2.607 2.741 2.875 3.01 3.144 3.278 3.412 3.546 3.681 3.78 3.811 3.925 4.043 4.162 4.28 4.398 4.516 4.635 4.753 4.871 4.99 5.108 5.226 5.344 5.463 5.581 5.67 5.76 5.896 6.077 6.257 6.438 6.618 6.799 6.979 7.16 7.341 7.521 7.702 7.882 8.063 8.243 8.424 8.592 8.601
0.047 0.045 0.044 0.045 0.048 0.052 0.055 0.054 0.054 0.054 0.054 0.054 0.053 0.053 0.053 0.053 0.053 0.052 0.052 0.057 0.086 0.115 0.145 0.147 0.147 0.146 0.145 0.145 0.144 0.144 0.143 0.142 0.142 0.141 0.141 0.14 0.14 0.139 0.139 0.139 0.139 0.138 0.138 0.138 0.137 0.137 0.137 0.136 0.136 0.145 0.193 0.241 0.282 0.304 0.325 0.347 0.369 0.39 0.412 0.434 0.455 0.477 0.499 0.52 0.542 0.564 0.592 0.625 0.658 0.67 0.679 0.704 0.783 0.862 0.941 1.02 1.099 1.179 1.258 1.337 1.416 1.495 1.574 1.653 1.732 1.834 1.968 2.102 2.237 2.371 2.505 2.639 2.773 2.907 3.042 3.176 3.31 3.444 3.578 3.693 3.724 3.755 3.871 3.989 4.107 4.225 4.344 4.462 4.58 4.698 4.817 4.935 5.053 5.172 5.29 5.408 5.503 5.577 5.668 5.776 5.926 6.107 6.287 6.468 6.648 6.829 7.01 7.19 7.371 7.551 7.732 7.912 8.093 8.273 8.439 8.442
0.057 0.055 0.054 0.055 0.058 0.062 0.065 0.067 0.067 0.067 0.067 0.066 0.066 0.066 0.066 0.066 0.065 0.065 0.065 0.07 0.1 0.129 0.158 0.185 0.184 0.183 0.183 0.182 0.182 0.181 0.18 0.18 0.179 0.179 0.178 0.177 0.177 0.177 0.176 0.176 0.176 0.176 0.175 0.175 0.175 0.174 0.174 0.174 0.176 0.224 0.272 0.32 0.36 0.382 0.403 0.425 0.447 0.468 0.49 0.512 0.533 0.555 0.577 0.599 0.62 0.646 0.68 0.713 0.746 0.758 0.766 0.775 0.814 0.893 0.972 1.051 1.13 1.21 1.289 1.368 1.447 1.526 1.605 1.684 1.764 1.866 2.0 2.134 2.269 2.403 2.537 2.671 2.805 2.94 3.074 3.208 3.342 3.476 3.606 3.637 3.668 3.699 3.816 3.934 4.052 4.171 4.289 4.407 4.526 4.644 4.762 4.88 4.999 5.117 5.235 5.337 5.41 5.484 5.576 5.683 5.791 5.956 6.137 6.317 6.498 6.679 6.859 7.04 7.22 7.401 7.581 7.762 7.942 8.123 8.285 8.289
0.067 0.065 0.064 0.065 0.068 0.072 0.075 0.079 0.08 0.08 0.08 0.079 0.079 0.079 0.079 0.079 0.078 0.078 0.078 0.084 0.113 0.142 0.172 0.201 0.221 0.221 0.22 0.22 0.219 0.218 0.218 0.217 0.216 0.216 0.215 0.215 0.214 0.214 0.214 0.213 0.213 0.213 0.213 0.212 0.212 0.212 0.211 0.211 0.254 0.302 0.35 0.398 0.438 0.46 0.481 0.503 0.525 0.546 0.568 0.59 0.612 0.633 0.655 0.677 0.701 0.734 0.768 0.801 0.834 0.845 0.854 0.862 0.87 0.924 1.003 1.082 1.162 1.241 1.32 1.399 1.478 1.557 1.636 1.716 1.795 1.898 2.032 2.166 2.301 2.435 2.569 2.703 2.837 2.972 3.106 3.24 3.374 3.508 3.55 3.581 3.612 3.643 3.761 3.88 3.998 4.116 4.234 4.353 4.471 4.589 4.708 4.826 4.944 5.062 5.171 5.244 5.318 5.391 5.484 5.591 5.698 5.806 5.986 6.167 6.348 6.528 6.709 6.889 7.07 7.25 7.431 7.611 7.792 7.972 8.132 8.135
0.077 0.075 0.074 0.075 0.079 0.082 0.085 0.089 0.092 0.093 0.093 0.092 0.092 0.092 0.092 0.092 0.091 0.091 0.091 0.097 0.126 0.156 0.185 0.214 0.244 0.258 0.257 0.257 0.256 0.256 0.255 0.254 0.254 0.253 0.253 0.252 0.252 0.251 0.251 0.251 0.25 0.25 0.25 0.25 0.249 0.249 0.249 0.285 0.333 0.381 0.429 0.477 0.516 0.538 0.559 0.581 0.603 0.625 0.646 0.668 0.69 0.711 0.733 0.756 0.789 0.822 0.855 0.889 0.922 0.933 0.941 0.95 0.958 0.966 1.034 1.114 1.193 1.272 1.351 1.43 1.509 1.588 1.667 1.747 1.826 1.93 2.064 2.198 2.333 2.467 2.601 2.735 2.869 3.004 3.138 3.272 3.406 3.463 3.494 3.525 3.556 3.588 3.707 3.825 3.943 4.062 4.18 4.298 4.416 4.535 4.653 4.771 4.89 5.004 5.078 5.151 5.225 5.298 5.391 5.499 5.606 5.714 5.836 6.017 6.197 6.378 6.558 6.739 6.919 7.1 7.28 7.461 7.641 7.822 7.978 7.982
0.087 0.085 0.084 0.085 0.089 0.092 0.095 0.099 0.102 0.105 0.105 0.105 0.105 0.105 0.105 0.104 0.104 0.104 0.104 0.11 0.14 0.169 0.198 0.228 0.257 0.287 0.295 0.294 0.294 0.293 0.292 0.292 0.291 0.291 0.29 0.289 0.289 0.289 0.288 0.288 0.288 0.287 0.287 0.287 0.287 0.286 0.315 0.363 0.411 0.459 0.507 0.555 0.594 0.616 0.638 0.659 0.681 0.703 0.724 0.746 0.768 0.789 0.811 0.844 0.877 0.91 0.943 0.977 1.01 1.02 1.029 1.037 1.045 1.054 1.065 1.145 1.224 1.303 1.382 1.461 1.54 1.619 1.699 1.778 1.857 1.962 2.096 2.23 2.365 2.499 2.633 2.767 2.901 3.036 3.17 3.304 3.376 3.407 3.438 3.469 3.5 3.534 3.652 3.77 3.889 4.007 4.125 4.244 4.362 4.48 4.598 4.717 4.835 4.912 4.985 5.058 5.132 5.205 5.299 5.406 5.514 5.621 5.729 5.866 6.047 6.227 6.408 6.588 6.769 6.949 7.13 7.31 7.491 7.671 7.825 7.828
0.097 0.095 0.094 0.095 0.099 0.102 0.105 0.109 0.112 0.116 0.118 0.118 0.118 0.118 0.118 0.117 0.117 0.117 0.117 0.124 0.153 0.183 0.212 0.241 0.271 0.3 0.329 0.331 0.331 0.33 0.33 0.329 0.328 0.328 0.327 0.327 0.326 0.326 0.326 0.325 0.325 0.325 0.325 0.324 0.324 0.346 0.394 0.442 0.49 0.538 0.586 0.634 0.672 0.694 0.716 0.737 0.759 0.781 0.802 0.824 0.846 0.867 0.898 0.932 0.965 0.998 1.031 1.064 1.098 1.108 1.116 1.125 1.133 1.141 1.15 1.176 1.255 1.334 1.413 1.492 1.571 1.651 1.73 1.809 1.888 1.994 2.128 2.262 2.397 2.531 2.665 2.799 2.933 3.068 3.202 3.289 3.32 3.351 3.382 3.413 3.444 3.479 3.598 3.716 3.834 3.952 4.071 4.189 4.307 4.426 4.544 4.662 4.745 4.819 4.892 4.966 5.039 5.112 5.207 5.314 5.422 5.529 5.636 5.744 5.896 6.077 6.257 6.438 6.618 6.799 6.979 7.16 7.34 7.521 7.671 7.675
0.107 0.105 0.104 0.105 0.109 0.112 0.116 0.119 0.122 0.126 0.129 0.131 0.131 0.131 0.131 0.13 0.13 0.13 0.13 0.137 0.167 0.196 0.225 0.255 0.284 0.313 0.343 0.369 0.368 0.368 0.367 0.366 0.366 0.365 0.365 0.364 0.364 0.363 0.363 0.363 0.362 0.362 0.362 0.362 0.376 0.424 0.472 0.52 0.568 0.616 0.664 0.712 0.75 0.772 0.794 0.815 0.837 0.859 0.88 0.902 0.924 0.953 0.986 1.019 1.053 1.086 1.119 1.152 1.186 1.195 1.204 1.212 1.22 1.229 1.237 1.245 1.286 1.365 1.444 1.523 1.602 1.682 1.761 1.84 1.919 2.026 2.16 2.294 2.429 2.563 2.697 2.831 2.965 3.1 3.202 3.233 3.264 3.295 3.326 3.357 3.388 3.425 3.543 3.661 3.78 3.898 4.016 4.134 4.253 4.371 4.489 4.579 4.652 4.726 4.799 4.873 4.946 5.02 5.114 5.222 5.329 5.437 5.544 5.652 5.759 5.926 6.107 6.287 6.468 6.648 6.829 7.009 7.19 7.37 7.518 7.521
0.117 0.115 0.114 0.116 0.119 0.122 0.126 0.129 0.132 0.136 0.139 0.142 0.144 0.144 0.143 0.143 0.143 0.143 0.143 0.151 0.18 0.209 0.239 0.268 0.297 0.327 0.356 0.386 0.405 0.405 0.404 0.404 0.403 0.402 0.402 0.401 0.401 0.401 0.4 0.4 0.4 0.399 0.399 0.407 0.455 0.503 0.551 0.599 0.647 0.695 0.743 0.791 0.828 0.85 0.872 0.893 0.915 0.937 0.959 0.98 1.008 1.041 1.074 1.107 1.141 1.174 1.207 1.24 1.274 1.283 1.291 1.3 1.308 1.316 1.325 1.333 1.341 1.396 1.475 1.554 1.634 1.713 1.792 1.871 1.95 2.058 2.192 2.326 2.461 2.595 2.729 2.863 2.997 3.115 3.146 3.177 3.208 3.239 3.27 3.301 3.332 3.37 3.488 3.607 3.725 3.843 3.962 4.08 4.198 4.316 4.413 4.486 4.56 4.633 4.706 4.78 4.853 4.927 5.022 5.13 5.237 5.344 5.452 5.559 5.667 5.776 5.956 6.137 6.317 6.498 6.678 6.859 7.039 7.22 7.364 7.367
0.127 0.125 0.124 0.126 0.129 0.132 0.136 0.139 0.142 0.146 0.149 0.153 0.156 0.157 0.156 0.156 0.156 0.156 0.156 0.164 0.193 0.223 0.252 0.281 0.311 0.34 0.37 0.399 0.428 0.442 0.442 0.441 0.44 0.44 0.439 0.439 0.438 0.438 0.438 0.437 0.437 0.437 0.437 0.485 0.533 0.581 0.629 0.677 0.725 0.773 0.821 0.869 0.906 0.928 0.95 0.972 0.993 1.015 1.037 1.062 1.096 1.129 1.162 1.195 1.229 1.262 1.295 1.328 1.361 1.37 1.379 1.387 1.395 1.404 1.412 1.42 1.429 1.437 1.506 1.586 1.665 1.744 1.823 1.902 1.981 2.09 2.224 2.358 2.493 2.627 2.761 2.895 3.028 3.059 3.09 3.121 3.152 3.183 3.214 3.245 3.276 3.316 3.434 3.552 3.67 3.789 3.907 4.025 4.144 4.246 4.32 4.393 4.467 4.54 4.614 4.687 4.76 4.834 4.93 5.037 5.145 5.252 5.36 5.467 5.574 5.682 5.806 5.986 6.167 6.347 6.528 6.708 6.889 7.069 7.21 7.214
0.137 0.135 0.134 0.136 0.139 0.142 0.146 0.149 0.153 0.156 0.159 0.163 0.166 0.169 0.169 0.169 0.169 0.169 0.169 0.177 0.207 0.236 0.266 0.295 0.324 0.354 0.383 0.412 0.442 0.471 0.479 0.478 0.478 0.477 0.476 0.476 0.476 0.475 0.475 0.475 0.474 0.474 0.516 0.564 0.612 0.66 0.708 0.756 0.804 0.852 0.9 0.948 0.985 1.006 1.028 1.05 1.071 1.093 1.117 1.15 1.184 1.217 1.25 1.283 1.316 1.35 1.383 1.416 1.449 1.458 1.466 1.475 1.483 1.491 1.5 1.508 1.516 1.525 1.538 1.617 1.696 1.775 1.854 1.933 2.012 2.122 2.256 2.39 2.525 2.659 2.793 2.927 2.972 3.003 3.034 3.065 3.096 3.127 3.158 3.189 3.22 3.261 3.379 3.498 3.616 3.734 3.852 3.971 4.08 4.154 4.227 4.3 4.374 4.447 4.521 4.594 4.668 4.741 4.838 4.945 5.052 5.16 5.267 5.375 5.482 5.59 5.697 5.836 6.016 6.197 6.377 6.558 6.738 6.919 7.057 7.06
0.147 0.145 0.144 0.146 0.149 0.153 0.156 0.159 0.163 0.166 0.169 0.173 0.176 0.179 0.182 0.182 0.182 0.182 0.181 0.191 0.22 0.25 0.279 0.308 0.338 0.367 0.396 0.426 0.455 0.484 0.514 0.516 0.515 0.514 0.514 0.513 0.513 0.513 0.512 0.512 0.512 0.546 0.594 0.642 0.69 0.738 0.786 0.834 0.882 0.93 0.978 1.026 1.063 1.084 1.106 1.128 1.149 1.172 1.205 1.238 1.271 1.305 1.338 1.371 1.404 1.438 1.471 1.504 1.537 1.545 1.554 1.562 1.57 1.579 1.587 1.595 1.604 1.612 1.621 1.648 1.727 1.806 1.885 1.964 2.043 2.154 2.288 2.422 2.557 2.691 2.825 2.885 2.916 2.947 2.978 3.009 3.04 3.071 3.102 3.133 3.164 3.206 3.325 3.443 3.561 3.68 3.798 3.914 3.987 4.061 4.134 4.208 4.281 4.354 4.428 4.501 4.575 4.648 4.745 4.853 4.96 5.068 5.175 5.282 5.39 5.497 5.605 5.712 5.866 6.046 6.227 6.407 6.588 6.769 6.903 6.907
0.157 0.155 0.154 0.156 0.159 0.163 0.166 0.169 0.173 0.176 0.179 0.183 0.186 0.19 0.193 0.195 0.195 0.195 0.194 0.204 0.234 0.263 0.292 0.322 0.351 0.38 0.41 0.439 0.469 0.498 0.527 0.553 0.552 0.552 0.551 0.55 0.55 0.55 0.55 0.549 0.577 0.625 0.673 0.721 0.769 0.817 0.865 0.913 0.961 1.009 1.057 1.105 1.141 1.162 1.184 1.206 1.227 1.26 1.293 1.326 1.359 1.393 1.426 1.459 1.492 1.526 1.559 1.592 1.625 1.633 1.641 1.65 1.658 1.666 1.675 1.683 1.691 1.7 1.708 1.716 1.758 1.837 1.916 1.995 2.075 2.186 2.32 2.455 2.589 2.723 2.798 2.829 2.86 2.891 2.922 2.953 2.984 3.015 3.046 3.077 3.108 3.152 3.27 3.388 3.507 3.625 3.743 3.821 3.894 3.968 4.041 4.115 4.188 4.262 4.335 4.408 4.482 4.555 4.653 4.76 4.868 4.975 5.083 5.19 5.298 5.405 5.512 5.62 5.727 5.896 6.076 6.257 6.438 6.618 6.75 6.753
0.167 0.165 0.164 0.166 0.169 0.173 0.176 0.179 0.183 0.186 0.19 0.193 0.196 0.2 0.203 0.206 0.208 0.208 0.207 0.218 0.247 0.276 0.306 0.335 0.364 0.394 0.423 0.453 0.482 0.511 0.541 0.57 0.59 0.589 0.588 0.588 0.587 0.587 0.587 0.607 0.655 0.703 0.751 0.799 0.847 0.895 0.943 0.991 1.039 1.087 1.135 1.183 1.219 1.24 1.262 1.284 1.314 1.348 1.381 1.414 1.447 1.48 1.514 1.547 1.58 1.613 1.647 1.68 1.712 1.72 1.729 1.737 1.745 1.754 1.762 1.77 1.779 1.787 1.796 1.804 1.812 1.868 1.947 2.026 2.106 2.218 2.352 2.487 2.621 2.711 2.742 2.773 2.804 2.835 2.866 2.897 2.928 2.959 2.99 3.021 3.052 3.097 3.216 3.334 3.452 3.57 3.655 3.728 3.802 3.875 3.948 4.022 4.095 4.169 4.242 4.316 4.389 4.462 4.561 4.668 4.776 4.883 4.99 5.098 5.205 5.313 5.42 5.528 5.635 5.745 5.926 6.107 6.287 6.468 6.596 6.6
0.177 0.175 0.174 0.176 0.179 0.183 0.186 0.19 0.193 0.196 0.2 0.203 0.206 0.21 0.213 0.216 0.22 0.22 0.22 0.231 0.26 0.29 0.319 0.349 0.378 0.407 0.437 0.466 0.495 0.525 0.554 0.583 0.613 0.626 0.626 0.625 0.625 0.625 0.638 0.686 0.734 0.782 0.83 0.878 0.926 0.974 1.022 1.07 1.118 1.166 1.214 1.262 1.297 1.319 1.34 1.369 1.402 1.435 1.469 1.502 1.535 1.568 1.602 1.635 1.668 1.701 1.735 1.768 1.8 1.808 1.816 1.825 1.833 1.841 1.85 1.858 1.866 1.875 1.883 1.891 1.9 1.908 1.978 2.058 2.137 2.25 2.384 2.519 2.624 2.655 2.686 2.717 2.748 2.779 2.81 2.841 2.872 2.903 2.934 2.965 2.996 3.043 3.161 3.279 3.397 3.488 3.562 3.635 3.709 3.782 3.856 3.929 4.002 4.076 4.149 4.223 4.296 4.37 4.468 4.576 4.683 4.791 4.898 5.006 5.113 5.22 5.328 5.435 5.543 5.65 5.776 5.956 6.137 6.317 6.443 6.446
0.187 0.185 0.184 0.186 0.19 0.193 0.196 0.2 0.203 0.206 0.21 0.213 0.216 0.22 0.223 0.227 0.23 0.233 0.233 0.244 0.274 0.303 0.333 0.362 0.391 0.421 0.45 0.479 0.509 0.538 0.567 0.597 0.626 0.656 0.663 0.662 0.662 0.668 0.716 0.764 0.812 0.86 0.908 0.956 1.004 1.052 1.1 1.148 1.196 1.244 1.292 1.34 1.375 1.397 1.424 1.457 1.49 1.523 1.557 1.59 1.623 1.656 1.69 1.723 1.756 1.789 1.823 1.856 1.887 1.895 1.904 1.912 1.92 1.929 1.937 1.945 1.954 1.962 1.971 1.979 1.987 1.996 2.01 2.089 2.168 2.282 2.416 2.537 2.568 2.599 2.63 2.661 2.692 2.723 2.754 2.785 2.816 2.847 2.878 2.909 2.939 2.988 3.106 3.225 3.322 3.396 3.469 3.542 3.616 3.689 3.763 3.836 3.91 3.983 4.056 4.13 4.203 4.277 4.376 4.484 4.591 4.698 4.806 4.913 5.021 5.128 5.236 5.343 5.451 5.558 5.665 5.806 5.986 6.167 6.289 6.293
0.197 0.195 0.194 0.196 0.2 0.203 0.206 0.21 0.213 0.216 0.22 0.223 0.227 0.23 0.233 0.237 0.24 0.243 0.246 0.258 0.287 0.317 0.346 0.375 0.405 0.434 0.463 0.493 0.522 0.552 0.581 0.61 0.64 0.669 0.698 0.7 0.699 0.747 0.795 0.843 0.891 0.939 0.987 1.035 1.083 1.131 1.179 1.227 1.275 1.323 1.371 1.419 1.453 1.478 1.512 1.545 1.578 1.611 1.645 1.678 1.711 1.744 1.777 1.811 1.844 1.877 1.91 1.944 1.975 1.983 1.991 2.0 2.008 2.016 2.025 2.033 2.041 2.05 2.058 2.066 2.075 2.083 2.091 2.12 2.199 2.314 2.448 2.481 2.512 2.543 2.574 2.605 2.636 2.667 2.698 2.729 2.76 2.79 2.821 2.852 2.883 2.933 3.052 3.156 3.229 3.303 3.376 3.45 3.523 3.596 3.67 3.743 3.817 3.89 3.964 4.037 4.11 4.184 4.284 4.391 4.499 4.606 4.714 4.821 4.928 5.036 5.143 5.251 5.358 5.466 5.573 5.681 5.836 6.016 6.136 6.139
0.228 0.225 0.225 0.234 0.236 0.238 0.24 0.242 0.244 0.246 0.248 0.25 0.252 0.254 0.256 0.258 0.26 0.262 0.264 0.277 0.305 0.334 0.362 0.39 0.418 0.447 0.477 0.506 0.536 0.565 0.594 0.624 0.653 0.682 0.712 0.737 0.777 0.825 0.873 0.921 0.969 1.017 1.065 1.113 1.161 1.209 1.257 1.305 1.353 1.401 1.449 1.497 1.533 1.566 1.6 1.633 1.666 1.699 1.732 1.766 1.799 1.832 1.865 1.899 1.932 1.965 1.998 2.032 2.062 2.07 2.079 2.087 2.095 2.104 2.112 2.12 2.129 2.137 2.146 2.154 2.162 2.171 2.179 2.187 2.23 2.346 2.394 2.425 2.456 2.487 2.518 2.549 2.58 2.611 2.642 2.672 2.703 2.734 2.765 2.796 2.827 2.879 2.99 3.063 3.136 3.21 3.283 3.357 3.43 3.504 3.577 3.65 3.724 3.797 3.871 3.944 4.018 4.091 4.192 4.299 4.406 4.514 4.621 4.729 4.836 4.944 5.051 5.159 5.266 5.373 5.481 5.588 5.696 5.866 5.982 5.986
0.293 0.291 0.303 0.322 0.328 0.33 0.332 0.334 0.336 0.338 0.34 0.342 0.344 0.346 0.349 0.351 0.353 0.355 0.357 0.37 0.398 0.426 0.454 0.482 0.511 0.539 0.567 0.595 0.623 0.651 0.679 0.707 0.735 0.763 0.791 0.81 0.849 0.897 0.945 0.993 1.042 1.09 1.138 1.186 1.234 1.282 1.331 1.379 1.427 1.475 1.523 1.571 1.611 1.645 1.678 1.712 1.745 1.779 1.812 1.846 1.879 1.913 1.947 1.98 2.014 2.047 2.081 2.114 2.172 2.191 2.197 2.203 2.209 2.216 2.222 2.228 2.234 2.241 2.247 2.253 2.259 2.266 2.272 2.278 2.284 2.307 2.338 2.369 2.4 2.431 2.462 2.493 2.523 2.554 2.585 2.616 2.647 2.678 2.709 2.74 2.771 2.823 2.897 2.97 3.044 3.117 3.19 3.264 3.337 3.411 3.484 3.558 3.631 3.704 3.778 3.851 3.925 3.998 4.099 4.207 4.314 4.422 4.529 4.636 4.744 4.851 4.959 5.066 5.174 5.281 5.389 5.496 5.603 5.715 5.829 5.832
0.358 0.368 0.381 0.4 0.42 0.423 0.425 0.427 0.429 0.431 0.433 0.435 0.437 0.439 0.441 0.443 0.445 0.447 0.449 0.463 0.491 0.519 0.547 0.575 0.603 0.631 0.659 0.688 0.716 0.744 0.772 0.8 0.828 0.856 0.877 0.891 0.925 0.967 1.015 1.063 1.112 1.16 1.208 1.256 1.304 1.352 1.401 1.449 1.497 1.545 1.593 1.641 1.681 1.715 1.748 1.782 1.815 1.849 1.882 1.916 1.949 1.983 2.016 2.05 2.084 2.117 2.151 2.195 2.288 2.405 2.411 2.418 2.424 2.43 2.436 2.443 2.449 2.455 2.461 2.467 2.474 2.48 2.486 2.492 2.499 2.519 2.546 2.572 2.598 2.625 2.651 2.678 2.704 2.73 2.757 2.783 2.81 2.836 2.862 2.889 2.915 2.954 3.022 3.09 3.158 3.227 3.295 3.363 3.431 3.499 3.567 3.635 3.704 3.772 3.84 3.908 3.976 4.011 4.082 4.187 4.291 4.396 4.5 4.604 4.709 4.813 4.918 5.022 5.127 5.231 5.335 5.44 5.544 5.649 5.685 5.688
0.434 0.446 0.459 0.478 0.498 0.515 0.517 0.519 0.521 0.523 0.525 0.527 0.529 0.531 0.533 0.535 0.537 0.539 0.541 0.556 0.584 0.612 0.64 0.668 0.696 0.724 0.752 0.78 0.808 0.837 0.865 0.893 0.921 0.943 0.957 0.972 1.006 1.041 1.085 1.134 1.182 1.23 1.278 1.326 1.374 1.423 1.471 1.519 1.567 1.615 1.663 1.712 1.751 1.785 1.818 1.852 1.885 1.919 1.952 1.986 2.019 2.053 2.086 2.12 2.153 2.187 2.224 2.31 2.403 2.534 2.626 2.632 2.638 2.645 2.651 2.657 2.663 2.669 2.676 2.682 2.688 2.694 2.701 2.707 2.713 2.734 2.76 2.787 2.813 2.84 2.866 2.892 2.919 2.945 2.972 2.998 3.024 3.051 3.077 3.104 3.131 3.171 3.239 3.307 3.375 3.443 3.512 3.58 3.648 3.716 3.784 3.852 3.92 3.989 4.057 4.125 4.183 4.089 4.164 4.269 4.373 4.478 4.582 4.687 4.791 4.895 5.0 5.104 5.209 5.313 5.418 5.522 5.626 5.654 5.598 5.601
0.512 0.524 0.536 0.556 0.576 0.596 0.609 0.611 0.613 0.615 0.617 0.62 0.622 0.624 0.626 0.628 0.63 0.632 0.634 0.648 0.677 0.705 0.733 0.761 0.789 0.817 0.845 0.873 0.901 0.929 0.957 0.985 1.01 1.024 1.038 1.053 1.088 1.122 1.156 1.204 1.252 1.3 1.348 1.396 1.445 1.493 1.541 1.589 1.637 1.685 1.734 1.782 1.821 1.854 1.888 1.921 1.955 1.989 2.022 2.056 2.089 2.123 2.156 2.19 2.223 2.257 2.339 2.425 2.519 2.649 2.78 2.846 2.853 2.859 2.865 2.871 2.878 2.884 2.89 2.896 2.903 2.909 2.915 2.921 2.927 2.949 2.975 3.001 3.028 3.054 3.081 3.107 3.134 3.16 3.186 3.213 3.239 3.266 3.292 3.319 3.348 3.388 3.456 3.524 3.592 3.66 3.729 3.797 3.865 3.933 4.001 4.069 4.137 4.206 4.274 4.342 4.262 4.168 4.247 4.351 4.455 4.56 4.664 4.769 4.873 4.978 5.082 5.186 5.291 5.395 5.5 5.604 5.661 5.565 5.511 5.513
0.59 0.602 0.614 0.634 0.654 0.674 0.694 0.704 0.706 0.708 0.71 0.712 0.714 0.716 0.718 0.72 0.722 0.724 0.726 0.741 0.769 0.797 0.826 0.854 0.882 0.91 0.938 0.966 0.994 1.022 1.05 1.077 1.091 1.105 1.119 1.134 1.169 1.203 1.237 1.274 1.322 1.37 1.418 1.467 1.515 1.563 1.611 1.659 1.707 1.756 1.804 1.852 1.891 1.924 1.958 1.991 2.025 2.058 2.092 2.126 2.159 2.193 2.226 2.26 2.293 2.367 2.453 2.539 2.634 2.765 2.895 3.026 3.067 3.073 3.08 3.086 3.092 3.098 3.105 3.111 3.117 3.123 3.129 3.136 3.142 3.163 3.19 3.216 3.243 3.269 3.295 3.322 3.348 3.375 3.401 3.427 3.454 3.48 3.507 3.536 3.564 3.605 3.673 3.741 3.809 3.877 3.945 4.014 4.082 4.15 4.218 4.286 4.354 4.422 4.491 4.435 4.341 4.247 4.329 4.433 4.538 4.642 4.746 4.851 4.955 5.06 5.164 5.269 5.373 5.477 5.582 5.668 5.572 5.476 5.424 5.426
0.668 0.68 0.692 0.712 0.732 0.752 0.772 0.792 0.798 0.8 0.802 0.804 0.806 0.808 0.81 0.812 0.814 0.816 0.819 0.834 0.862 0.89 0.918 0.946 0.974 1.003 1.031 1.059 1.087 1.115 1.143 1.158 1.172 1.186 1.2 1.215 1.25 1.284 1.319 1.353 1.392 1.44 1.488 1.537 1.585 1.633 1.681 1.729 1.777 1.826 1.874 1.922 1.961 1.994 2.028 2.061 2.095 2.128 2.162 2.195 2.229 2.262 2.296 2.33 2.396 2.482 2.568 2.654 2.749 2.88 3.011 3.141 3.272 3.288 3.294 3.3 3.306 3.313 3.319 3.325 3.331 3.338 3.344 3.35 3.356 3.378 3.405 3.431 3.457 3.484 3.51 3.537 3.563 3.589 3.616 3.642 3.669 3.696 3.724 3.752 3.78 3.822 3.89 3.958 4.026 4.094 4.162 4.231 4.299 4.367 4.435 4.503 4.571 4.639 4.607 4.513 4.419 4.326 4.411 4.515 4.62 4.724 4.829 4.933 5.037 5.142 5.246 5.351 5.455 5.56 5.664 5.579 5.483 5.387 5.337 5.339
0.745 0.758 0.77 0.79 0.81 0.83 0.85 0.87 0.89 0.893 0.895 0.897 0.899 0.901 0.903 0.905 0.907 0.909 0.911 0.927 0.955 0.983 1.011 1.039 1.067 1.095 1.123 1.151 1.18 1.208 1.225 1.239 1.253 1.267 1.281 1.297 1.331 1.365 1.4 1.434 1.468 1.51 1.559 1.607 1.655 1.703 1.751 1.799 1.848 1.896 1.944 1.992 2.031 2.064 2.098 2.131 2.165 2.198 2.232 2.265 2.299 2.332 2.366 2.424 2.51 2.597 2.683 2.769 2.865 2.995 3.126 3.256 3.387 3.502 3.508 3.515 3.521 3.527 3.533 3.54 3.546 3.552 3.558 3.565 3.571 3.593 3.619 3.646 3.672 3.699 3.725 3.751 3.778 3.804 3.831 3.857 3.884 3.912 3.94 3.968 3.996 4.039 4.107 4.175 4.243 4.311 4.379 4.447 4.516 4.584 4.652 4.72 4.788 4.78 4.686 4.592 4.498 4.404 4.493 4.597 4.702 4.806 4.911 5.015 5.12 5.224 5.328 5.433 5.537 5.642 5.586 5.49 5.394 5.298 5.25 5.252
0.823 0.836 0.848 0.868 0.888 0.908 0.928 0.948 0.968 0.985 0.987 0.989 0.991 0.993 0.995 0.997 0.999 1.001 1.003 1.02 1.048 1.076 1.104 1.132 1.16 1.188 1.216 1.244 1.272 1.291 1.305 1.319 1.333 1.347 1.361 1.378 1.412 1.446 1.481 1.515 1.55 1.584 1.629 1.677 1.725 1.773 1.821 1.87 1.918 1.966 2.014 2.062 2.1 2.134 2.167 2.201 2.235 2.268 2.302 2.335 2.369 2.402 2.453 2.539 2.625 2.711 2.797 2.883 2.98 3.111 3.241 3.372 3.502 3.633 3.723 3.729 3.735 3.742 3.748 3.754 3.76 3.766 3.773 3.779 3.785 3.808 3.834 3.861 3.887 3.913 3.94 3.966 3.993 4.019 4.045 4.072 4.1 4.128 4.156 4.184 4.212 4.255 4.324 4.392 4.46 4.528 4.596 4.664 4.732 4.801 4.869 4.937 4.952 4.858 4.765 4.671 4.577 4.483 4.575 4.68 4.784 4.888 4.993 5.097 5.202 5.306 5.411 5.515 5.619 5.593 5.497 5.401 5.305 5.209 5.163 5.165
0.901 0.913 0.926 0.946 0.966 0.986 1.006 1.026 1.046 1.066 1.079 1.081 1.083 1.085 1.087 1.09 1.092 1.094 1.096 1.112 1.141 1.169 1.197 1.225 1.253 1.281 1.309 1.337 1.358 1.372 1.386 1.4 1.414 1.428 1.442 1.459 1.493 1.528 1.562 1.596 1.631 1.665 1.699 1.747 1.795 1.843 1.892 1.94 1.988 2.036 2.084 2.132 2.17 2.204 2.237 2.271 2.304 2.338 2.372 2.405 2.439 2.482 2.568 2.654 2.74 2.826 2.912 2.998 3.096 3.226 3.357 3.487 3.618 3.748 3.879 3.943 3.95 3.956 3.962 3.968 3.975 3.981 3.987 3.993 4.0 4.022 4.049 4.075 4.102 4.128 4.154 4.181 4.207 4.234 4.26 4.288 4.316 4.344 4.372 4.401 4.429 4.472 4.541 4.609 4.677 4.745 4.813 4.881 4.949 5.018 5.086 5.125 5.031 4.937 4.843 4.749 4.656 4.562 4.657 4.762 4.866 4.971 5.075 5.179 5.284 5.388 5.493 5.597 5.6 5.504 5.408 5.312 5.216 5.12 5.075 5.078
0.979 0.991 1.004 1.024 1.044 1.064 1.084 1.104 1.124 1.144 1.164 1.174 1.176 1.178 1.18 1.182 1.184 1.186 1.188 1.205 1.233 1.261 1.289 1.318 1.346 1.374 1.402 1.425 1.439 1.453 1.467 1.481 1.495 1.509 1.523 1.54 1.574 1.609 1.643 1.677 1.712 1.746 1.781 1.817 1.865 1.913 1.962 2.01 2.058 2.106 2.154 2.202 2.24 2.274 2.307 2.341 2.374 2.408 2.441 2.475 2.51 2.596 2.682 2.768 2.854 2.941 3.027 3.113 3.211 3.342 3.472 3.603 3.733 3.864 3.994 4.125 4.164 4.17 4.177 4.183 4.189 4.195 4.202 4.208 4.214 4.237 4.264 4.29 4.316 4.343 4.369 4.396 4.422 4.448 4.476 4.504 4.532 4.561 4.589 4.617 4.645 4.689 4.757 4.826 4.894 4.962 5.03 5.098 5.166 5.234 5.297 5.204 5.11 5.016 4.922 4.828 4.734 4.641 4.739 4.844 4.948 5.053 5.157 5.262 5.366 5.47 5.575 5.607 5.511 5.415 5.319 5.223 5.127 5.032 4.988 4.991
1.057 1.069 1.082 1.102 1.122 1.142 1.162 1.182 1.202 1.222 1.242 1.263 1.268 1.27 1.272 1.274 1.276 1.278 1.28 1.298 1.326 1.354 1.382 1.41 1.438 1.466 1.492 1.506 1.52 1.534 1.548 1.562 1.576 1.59 1.604 1.621 1.655 1.69 1.724 1.759 1.793 1.827 1.862 1.896 1.935 1.984 2.032 2.08 2.128 2.176 2.224 2.273 2.31 2.344 2.377 2.411 2.444 2.478 2.511 2.545 2.625 2.711 2.797 2.883 2.969 3.055 3.141 3.227 3.327 3.457 3.588 3.718 3.849 3.979 4.11 4.24 4.371 4.385 4.391 4.397 4.403 4.41 4.416 4.422 4.428 4.452 4.478 4.505 4.531 4.558 4.584 4.61 4.637 4.664 4.692 4.72 4.749 4.777 4.805 4.833 4.861 4.906 4.974 5.043 5.111 5.179 5.247 5.315 5.383 5.451 5.376 5.282 5.188 5.095 5.001 4.907 4.813 4.719 4.822 4.926 5.03 5.135 5.239 5.344 5.448 5.553 5.614 5.518 5.422 5.326 5.23 5.135 5.039 4.943 4.901 4.903
1.135 1.147 1.16 1.18 1.2 1.22 1.24 1.26 1.28 1.3 1.32 1.34 1.36 1.363 1.365 1.367 1.369 1.371 1.373 1.391 1.419 1.447 1.475 1.503 1.531 1.559 1.573 1.586 1.6 1.614 1.628 1.642 1.656 1.67 1.684 1.702 1.737 1.771 1.805 1.84 1.874 1.908 1.943 1.977 2.012 2.054 2.102 2.15 2.198 2.246 2.295 2.343 2.38 2.413 2.447 2.481 2.514 2.548 2.581 2.653 2.739 2.826 2.912 2.998 3.084 3.17 3.256 3.342 3.442 3.572 3.703 3.834 3.964 4.095 4.225 4.356 4.486 4.599 4.605 4.612 4.618 4.624 4.63 4.637 4.643 4.667 4.693 4.72 4.746 4.772 4.799 4.825 4.852 4.88 4.909 4.937 4.965 4.993 5.021 5.049 5.077 5.123 5.191 5.259 5.328 5.396 5.464 5.532 5.6 5.549 5.455 5.361 5.267 5.173 5.079 4.986 4.892 4.799 4.904 5.008 5.113 5.217 5.321 5.426 5.53 5.621 5.525 5.429 5.333 5.237 5.142 5.046 4.95 4.854 4.814 4.816
1.212 1.225 1.238 1.258 1.278 1.298 1.318 1.338 1.358 1.378 1.398 1.418 1.439 1.455 1.457 1.459 1.461 1.463 1.465 1.484 1.512 1.54 1.568 1.596 1.624 1.639 1.653 1.667 1.681 1.695 1.709 1.723 1.737 1.751 1.765 1.783 1.818 1.852 1.886 1.921 1.955 1.99 2.024 2.058 2.093 2.127 2.172 2.22 2.268 2.317 2.365 2.413 2.45 2.483 2.517 2.55 2.584 2.618 2.682 2.768 2.854 2.94 3.026 3.112 3.198 3.285 3.371 3.457 3.557 3.688 3.818 3.949 4.079 4.21 4.34 4.471 4.602 4.732 4.82 4.826 4.832 4.839 4.845 4.851 4.857 4.881 4.908 4.934 4.961 4.987 5.014 5.04 5.069 5.097 5.125 5.153 5.181 5.209 5.237 5.266 5.294 5.34 5.408 5.476 5.545 5.613 5.681 5.749 5.721 5.627 5.534 5.44 5.346 5.252 5.158 5.064 4.971 4.881 4.986 5.09 5.195 5.299 5.404 5.508 5.612 5.532 5.436 5.34 5.244 5.149 5.053 4.957 4.861 4.765 4.727 4.729
1.29 1.303 1.316 1.336 1.356 1.376 1.396 1.416 1.436 1.456 1.476 1.496 1.517 1.537 1.549 1.551 1.553 1.555 1.557 1.576 1.604 1.633 1.661 1.689 1.706 1.72 1.734 1.748 1.762 1.776 1.79 1.804 1.818 1.832 1.846 1.864 1.899 1.933 1.968 2.002 2.036 2.071 2.105 2.139 2.174 2.208 2.242 2.29 2.338 2.387 2.435 2.483 2.52 2.553 2.587 2.62 2.654 2.711 2.797 2.883 2.969 3.055 3.141 3.227 3.313 3.399 3.485 3.571 3.673 3.803 3.934 4.064 4.195 4.325 4.456 4.586 4.717 4.847 4.978 5.041 5.047 5.053 5.059 5.065 5.072 5.096 5.123 5.149 5.175 5.202 5.228 5.257 5.285 5.313 5.341 5.369 5.397 5.425 5.454 5.482 5.51 5.557 5.625 5.693 5.761 5.83 5.898 5.894 5.8 5.706 5.612 5.518 5.425 5.331 5.237 5.143 5.049 4.963 5.068 5.172 5.277 5.381 5.486 5.59 5.539 5.443 5.347 5.251 5.156 5.06 4.964 4.868 4.772 4.676 4.64 4.642
1.368 1.38 1.394 1.414 1.434 1.454 1.474 1.494 1.514 1.534 1.554 1.574 1.594 1.615 1.635 1.644 1.646 1.648 1.65 1.669 1.697 1.725 1.753 1.773 1.787 1.801 1.815 1.829 1.843 1.857 1.871 1.885 1.899 1.913 1.927 1.946 1.98 2.014 2.049 2.083 2.117 2.152 2.186 2.221 2.255 2.289 2.324 2.36 2.409 2.457 2.505 2.553 2.59 2.623 2.657 2.69 2.739 2.825 2.911 2.997 3.084 3.17 3.256 3.342 3.428 3.514 3.6 3.686 3.788 3.919 4.049 4.18 4.31 4.441 4.571 4.702 4.832 4.963 5.093 5.224 5.261 5.267 5.274 5.28 5.286 5.311 5.337 5.364 5.39 5.417 5.445 5.473 5.501 5.529 5.557 5.585 5.614 5.642 5.67 5.698 5.726 5.774 5.842 5.91 5.978 6.046 6.066 5.973 5.879 5.785 5.691 5.597 5.503 5.41 5.316 5.222 5.128 5.046 5.15 5.254 5.359 5.463 5.568 5.546 5.45 5.354 5.259 5.163 5.067 4.971 4.875 4.779 4.683 4.587 4.553 4.555
1.446 1.458 1.472 1.492 1.512 1.532 1.552 1.572 1.592 1.612 1.632 1.652 1.672 1.693 1.713 1.733 1.738 1.74 1.742 1.762 1.79 1.818 1.84 1.854 1.868 1.882 1.896 1.91 1.924 1.938 1.952 1.966 1.98 1.994 2.008 2.027 2.061 2.095 2.13 2.164 2.199 2.233 2.267 2.302 2.336 2.37 2.405 2.439 2.479 2.527 2.575 2.623 2.66 2.693 2.727 2.768 2.854 2.94 3.026 3.112 3.198 3.284 3.37 3.456 3.543 3.629 3.715 3.801 3.904 4.034 4.165 4.295 4.426 4.556 4.687 4.817 4.948 5.078 5.209 5.339 5.47 5.482 5.488 5.494 5.501 5.526 5.552 5.579 5.605 5.633 5.661 5.689 5.717 5.745 5.774 5.802 5.83 5.858 5.886 5.914 5.942 5.991 6.059 6.127 6.195 6.239 6.145 6.051 5.957 5.864 5.77 5.676 5.582 5.488 5.394 5.301 5.207 5.128 5.232 5.337 5.441 5.545 5.553 5.457 5.361 5.266 5.17 5.074 4.978 4.882 4.786 4.69 4.594 4.499 4.465 4.468
1.524 1.536 1.549 1.57 1.59 1.61 1.63 1.65 1.67 1.69 1.71 1.73 1.75 1.771 1.791 1.811 1.83 1.833 1.835 1.855 1.883 1.906 1.92 1.934 1.948 1.962 1.976 1.99 2.004 2.018 2.032 2.046 2.06 2.074 2.088 2.108 2.142 2.177 2.211 2.245 2.28 2.314 2.348 2.383 2.417 2.451 2.486 2.52 2.555 2.597 2.645 2.693 2.729 2.763 2.796 2.882 2.969 3.055 3.141 3.227 3.313 3.399 3.485 3.571 3.657 3.743 3.829 3.915 4.019 4.15 4.28 4.411 4.541 4.672 4.802 4.933 5.063 5.194 5.324 5.455 5.585 5.696 5.702 5.709 5.715 5.741 5.767 5.793 5.821 5.849 5.877 5.905 5.933 5.962 5.99 6.018 6.046 6.074 6.102 6.13 6.159 6.208 6.276 6.344 6.412 6.318 6.224 6.13 6.036 5.942 5.849 5.755 5.661 5.567 5.473 5.379 5.285 5.21 5.314 5.419 5.523 5.56 5.464 5.368 5.273 5.177 5.081 4.985 4.889 4.793 4.697 4.601 4.506 4.41 4.378 4.38
1.602 1.614 1.627 1.648 1.668 1.688 1.708 1.728 1.748 1.768 1.788 1.808 1.828 1.848 1.869 1.889 1.909 1.925 1.927 1.947 1.973 1.987 2.001 2.015 2.029 2.043 2.057 2.071 2.085 2.099 2.113 2.127 2.141 2.155 2.169 2.189 2.223 2.258 2.292 2.326 2.361 2.395 2.429 2.464 2.498 2.533 2.567 2.601 2.636 2.67 2.715 2.763 2.799 2.833 2.911 2.997 3.083 3.169 3.255 3.341 3.428 3.514 3.6 3.686 3.772 3.858 3.944 4.03 4.134 4.265 4.395 4.526 4.657 4.787 4.918 5.048 5.179 5.309 5.44 5.57 5.701 5.831 5.917 5.923 5.929 5.955 5.982 6.009 6.037 6.065 6.093 6.122 6.15 6.178 6.206 6.234 6.262 6.29 6.319 6.347 6.375 6.425 6.493 6.561 6.49 6.396 6.303 6.209 6.115 6.021 5.927 5.833 5.74 5.646 5.552 5.458 5.364 5.292 5.396 5.501 5.567 5.471 5.375 5.28 5.184 5.088 4.992 4.896 4.8 4.704 4.608 4.513 4.417 4.321 4.291 4.293
1.68 1.692 1.705 1.726 1.746 1.766 1.786 1.806 1.826 1.846 1.866 1.886 1.906 1.926 1.947 1.967 1.987 2.007 2.019 2.04 2.054 2.068 2.082 2.096 2.11 2.124 2.138 2.152 2.166 2.18 2.194 2.208 2.222 2.236 2.25 2.27 2.304 2.339 2.373 2.408 2.442 2.476 2.511 2.545 2.579 2.614 2.648 2.682 2.717 2.751 2.786 2.834 2.869 2.94 3.026 3.112 3.198 3.284 3.37 3.456 3.542 3.628 3.714 3.8 3.887 3.973 4.059 4.145 4.25 4.38 4.511 4.641 4.772 4.902 5.033 5.163 5.294 5.425 5.555 5.686 5.816 5.947 6.077 6.138 6.144 6.17 6.197 6.225 6.253 6.282 6.31 6.338 6.366 6.394 6.422 6.45 6.479 6.507 6.535 6.563 6.591 6.642 6.71 6.663 6.569 6.475 6.381 6.287 6.194 6.1 6.006 5.912 5.818 5.724 5.631 5.537 5.443 5.374 5.479 5.574 5.478 5.383 5.287 5.191 5.095 4.999 4.903 4.807 4.711 4.615 4.52 4.424 4.328 4.232 4.204 4.206
1.727 1.741 1.776 1.797 1.817 1.837 1.858 1.878 1.899 1.919 1.939 1.96 1.98 2.0 2.021 2.041 2.062 2.082 2.102 2.151 2.162 2.172 2.182 2.193 2.203 2.214 2.224 2.234 2.247 2.261 2.275 2.289 2.303 2.317 2.331 2.351 2.386 2.42 2.454 2.489 2.523 2.557 2.592 2.626 2.66 2.695 2.729 2.764 2.798 2.832 2.867 2.904 2.968 3.054 3.14 3.226 3.313 3.399 3.485 3.571 3.657 3.743 3.829 3.915 4.001 4.087 4.173 4.259 4.365 4.496 4.626 4.757 4.887 5.018 5.148 5.279 5.409 5.54 5.67 5.801 5.932 6.062 6.193 6.323 6.358 6.385 6.413 6.441 6.47 6.498 6.526 6.554 6.582 6.61 6.638 6.667 6.695 6.723 6.751 6.779 6.807 6.859 6.835 6.742 6.648 6.554 6.46 6.366 6.272 6.179 6.085 5.991 5.897 5.803 5.709 5.616 5.522 5.456 5.561 5.485 5.39 5.294 5.198 5.102 5.006 4.91 4.814 4.718 4.622 4.527 4.431 4.335 4.239 4.143 4.117 4.138
1.736 1.773 1.837 1.858 1.878 1.898 1.919 1.939 1.959 1.98 2.0 2.02 2.041 2.061 2.082 2.102 2.122 2.143 2.293 2.437 2.468 2.478 2.488 2.499 2.509 2.519 2.53 2.54 2.55 2.561 2.571 2.581 2.592 2.602 2.613 2.63 2.66 2.691 2.722 2.752 2.783 2.814 2.844 2.875 2.906 2.937 2.967 2.998 3.029 3.059 3.09 3.123 3.148 3.232 3.316 3.401 3.485 3.569 3.653 3.738 3.822 3.906 3.991 4.075 4.159 4.243 4.328 4.412 4.517 4.646 4.774 4.903 5.032 5.16 5.289 5.418 5.547 5.675 5.804 5.933 6.061 6.19 6.319 6.448 6.564 6.592 6.623 6.655 6.686 6.714 6.742 6.77 6.798 6.827 6.855 6.883 6.911 6.939 6.967 6.995 7.024 7.008 6.914 6.82 6.726 6.633 6.539 6.445 6.351 6.257 6.163 6.07 5.976 5.882 5.788 5.694 5.6 5.538 5.492 5.397 5.301 5.205 5.109 5.013 4.917 4.821 4.725 4.63 4.534 4.438 4.342 4.246 4.15 4.054 4.036 4.125
1.759 1.834 1.898 1.918 1.939 1.959 1.979 2.0 2.02 2.041 2.061 2.081 2.102 2.122 2.142 2.163 2.183 2.306 2.508 2.651 2.773 2.784 2.794 2.804 2.815 2.825 2.835 2.846 2.856 2.867 2.877 2.887 2.898 2.908 2.918 2.936 2.966 2.997 3.028 3.058 3.089 3.12 3.151 3.181 3.212 3.243 3.273 3.304 3.335 3.365 3.397 3.433 3.414 3.455 3.539 3.623 3.708 3.792 3.876 3.96 4.045 4.129 4.213 4.298 4.382 4.466 4.551 4.635 4.74 4.869 4.998 5.126 5.255 5.384 5.513 5.641 5.77 5.899 6.027 6.156 6.285 6.414 6.542 6.671 6.689 6.626 6.657 6.689 6.72 6.751 6.782 6.814 6.845 6.876 6.907 6.938 6.97 7.001 7.032 7.063 7.095 7.029 6.935 6.843 6.75 6.658 6.565 6.473 6.38 6.287 6.195 6.102 6.01 5.917 5.825 5.732 5.64 5.546 5.449 5.351 5.254 5.156 5.059 4.961 4.864 4.766 4.669 4.572 4.474 4.377 4.279 4.182 4.084 3.987 4.005 4.095
1.821 1.896 1.959 1.979 1.999 2.02 2.04 2.061 2.081 2.101 2.122 2.142 2.162 2.183 2.203 2.224 2.32 2.521 2.723 2.865 2.99 3.089 3.1 3.11 3.121 3.131 3.141 3.152 3.162 3.172 3.183 3.193 3.203 3.214 3.224 3.242 3.273 3.303 3.334 3.365 3.395 3.426 3.457 3.487 3.518 3.549 3.579 3.61 3.641 3.672 3.708 3.744 3.723 3.699 3.762 3.846 3.93 4.015 4.099 4.183 4.268 4.352 4.436 4.52 4.605 4.689 4.773 4.858 4.964 5.093 5.221 5.35 5.479 5.607 5.736 5.865 5.994 6.122 6.251 6.38 6.508 6.637 6.766 6.805 6.815 6.731 6.691 6.723 6.754 6.785 6.816 6.847 6.879 6.91 6.941 6.972 7.004 7.035 7.066 7.097 7.128 7.06 6.939 6.846 6.754 6.661 6.569 6.476 6.383 6.291 6.198 6.106 6.013 5.921 5.828 5.736 5.643 5.55 5.452 5.355 5.257 5.16 5.062 4.965 4.867 4.77 4.672 4.575 4.477 4.38 4.282 4.185 4.088 3.989 3.938 3.999
1.883 1.958 2.02 2.04 2.06 2.081 2.101 2.121 2.142 2.162 2.182 2.203 2.223 2.244 2.264 2.333 2.535 2.736 2.938 3.078 3.204 3.33 3.406 3.416 3.426 3.437 3.447 3.457 3.468 3.478 3.488 3.499 3.509 3.52 3.53 3.548 3.579 3.609 3.64 3.671 3.701 3.732 3.763 3.794 3.824 3.855 3.886 3.916 3.947 3.983 4.018 4.054 4.033 4.008 3.985 4.069 4.153 4.237 4.322 4.406 4.49 4.575 4.659 4.743 4.827 4.912 4.996 5.08 5.187 5.316 5.445 5.573 5.702 5.831 5.96 6.088 6.217 6.346 6.475 6.603 6.732 6.861 6.917 6.932 6.94 6.856 6.773 6.757 6.788 6.819 6.85 6.881 6.913 6.944 6.975 7.006 7.038 7.069 7.1 7.131 7.162 7.092 6.964 6.85 6.757 6.664 6.572 6.479 6.387 6.294 6.202 6.109 6.017 5.924 5.832 5.739 5.646 5.553 5.455 5.358 5.26 5.163 5.065 4.968 4.871 4.773 4.676 4.578 4.481 4.383 4.286 4.188 4.09 3.99 3.941 3.907
1.944 2.019 2.08 2.101 2.121 2.141 2.162 2.182 2.203 2.223 2.243 2.264 2.284 2.304 2.347 2.548 2.75 2.951 3.153 3.292 3.418 3.544 3.67 3.722 3.732 3.742 3.753 3.763 3.774 3.784 3.794 3.805 3.815 3.825 3.836 3.854 3.885 3.915 3.946 3.977 4.008 4.038 4.069 4.1 4.13 4.161 4.192 4.222 4.257 4.293 4.329 4.364 4.342 4.318 4.293 4.292 4.376 4.46 4.544 4.629 4.713 4.797 4.882 4.966 5.05 5.135 5.219 5.303 5.411 5.54 5.668 5.797 5.926 6.054 6.183 6.312 6.441 6.569 6.698 6.827 6.955 7.028 7.044 7.059 7.065 6.982 6.898 6.815 6.822 6.853 6.884 6.915 6.947 6.978 7.009 7.04 7.072 7.103 7.134 7.165 7.196 7.123 6.995 6.868 6.76 6.668 6.575 6.483 6.39 6.298 6.205 6.113 6.02 5.927 5.835 5.742 5.65 5.556 5.459 5.361 5.264 5.166 5.069 4.971 4.874 4.776 4.679 4.581 4.484 4.387 4.289 4.191 4.091 3.992 3.944 3.91
2.006 2.081 2.141 2.161 2.182 2.202 2.223 2.243 2.263 2.284 2.304 2.324 2.345 2.365 2.562 2.763 2.965 3.166 3.368 3.506 3.632 3.758 3.883 4.009 4.038 4.048 4.059 4.069 4.079 4.09 4.1 4.11 4.121 4.131 4.141 4.16 4.191 4.222 4.252 4.283 4.314 4.344 4.375 4.406 4.436 4.467 4.498 4.532 4.568 4.603 4.639 4.675 4.652 4.627 4.603 4.578 4.599 4.683 4.767 4.852 4.936 5.02 5.104 5.189 5.273 5.357 5.442 5.526 5.634 5.763 5.892 6.02 6.149 6.278 6.407 6.535 6.664 6.793 6.922 7.05 7.14 7.155 7.17 7.186 7.19 7.107 7.023 6.94 6.857 6.887 6.918 6.949 6.981 7.012 7.043 7.074 7.105 7.137 7.168 7.199 7.23 7.154 7.027 6.899 6.771 6.671 6.579 6.486 6.394 6.301 6.208 6.116 6.023 5.931 5.838 5.746 5.653 5.559 5.462 5.364 5.267 5.17 5.072 4.975 4.877 4.78 4.682 4.585 4.487 4.39 4.292 4.192 4.093 3.994 3.947 3.912
2.068 2.143 2.202 2.222 2.243 2.263 2.283 2.304 2.324 2.344 2.365 2.385 2.406 2.575 2.777 2.978 3.18 3.381 3.583 3.72 3.845 3.971 4.097 4.223 4.344 4.354 4.364 4.375 4.385 4.395 4.406 4.416 4.427 4.437 4.447 4.466 4.497 4.528 4.558 4.589 4.62 4.65 4.681 4.712 4.743 4.773 4.807 4.842 4.878 4.914 4.95 4.985 4.961 4.937 4.912 4.888 4.863 4.906 4.99 5.074 5.159 5.243 5.327 5.411 5.496 5.58 5.664 5.749 5.858 5.987 6.115 6.244 6.373 6.501 6.63 6.759 6.888 7.016 7.145 7.251 7.267 7.282 7.297 7.312 7.315 7.232 7.149 7.065 6.982 6.921 6.952 6.983 7.015 7.046 7.077 7.108 7.139 7.171 7.202 7.233 7.264 7.185 7.058 6.93 6.803 6.675 6.582 6.49 6.397 6.304 6.212 6.119 6.027 5.934 5.842 5.749 5.657 5.563 5.465 5.368 5.27 5.173 5.075 4.978 4.88 4.783 4.686 4.588 4.491 4.393 4.293 4.194 4.095 3.995 3.95 3.915
2.129 2.204 2.263 2.283 2.303 2.324 2.344 2.365 2.385 2.405 2.426 2.446 2.589 2.79 2.992 3.193 3.395 3.596 3.798 3.933 4.059 4.185 4.311 4.437 4.562 4.66 4.67 4.681 4.691 4.701 4.712 4.722 4.732 4.743 4.753 4.772 4.803 4.834 4.865 4.895 4.926 4.957 4.987 5.018 5.049 5.081 5.117 5.153 5.189 5.224 5.26 5.295 5.271 5.246 5.222 5.197 5.173 5.148 5.213 5.297 5.381 5.466 5.55 5.634 5.719 5.803 5.887 5.971 6.081 6.21 6.339 6.468 6.596 6.725 6.854 6.982 7.111 7.24 7.363 7.378 7.393 7.409 7.424 7.439 7.44 7.357 7.274 7.19 7.107 7.024 6.986 7.017 7.049 7.08 7.111 7.142 7.173 7.205 7.236 7.267 7.298 7.217 7.089 6.961 6.834 6.706 6.585 6.493 6.4 6.308 6.215 6.123 6.03 5.938 5.845 5.753 5.66 5.566 5.469 5.371 5.274 5.176 5.079 4.981 4.884 4.786 4.689 4.591 4.494 4.394 4.295 4.196 4.096 3.997 3.953 3.918
2.191 2.266 2.323 2.344 2.364 2.385 2.405 2.425 2.446 2.466 2.486 2.602 2.804 3.005 3.207 3.408 3.61 3.811 4.013 4.147 4.273 4.399 4.525 4.65 4.776 4.902 4.976 4.986 4.997 5.007 5.017 5.028 5.038 5.049 5.059 5.079 5.109 5.14 5.171 5.201 5.232 5.263 5.293 5.324 5.356 5.392 5.427 5.463 5.499 5.535 5.57 5.605 5.58 5.556 5.531 5.507 5.482 5.458 5.436 5.52 5.604 5.688 5.773 5.857 5.941 6.026 6.11 6.194 6.305 6.434 6.562 6.691 6.82 6.948 7.077 7.206 7.335 7.463 7.49 7.505 7.52 7.536 7.551 7.566 7.566 7.482 7.399 7.316 7.232 7.149 7.066 7.051 7.083 7.114 7.145 7.176 7.207 7.239 7.27 7.301 7.332 7.248 7.12 6.993 6.865 6.738 6.61 6.496 6.404 6.311 6.219 6.126 6.034 5.941 5.848 5.756 5.663 5.569 5.472 5.374 5.277 5.179 5.082 4.985 4.887 4.79 4.692 4.595 4.495 4.396 4.297 4.197 4.098 3.999 3.955 3.921
2.253 2.328 2.384 2.405 2.425 2.445 2.466 2.486 2.506 2.527 2.616 2.817 3.019 3.22 3.422 3.623 3.825 4.026 4.228 4.361 4.487 4.613 4.738 4.864 4.99 5.116 5.242 5.292 5.303 5.313 5.323 5.334 5.344 5.354 5.365 5.385 5.415 5.446 5.477 5.507 5.538 5.569 5.6 5.631 5.666 5.702 5.738 5.774 5.809 5.845 5.881 5.914 5.89 5.865 5.841 5.816 5.792 5.767 5.743 5.743 5.827 5.911 5.995 6.08 6.164 6.248 6.333 6.417 6.528 6.657 6.786 6.915 7.043 7.172 7.301 7.429 7.558 7.601 7.616 7.632 7.647 7.662 7.678 7.693 7.691 7.607 7.524 7.441 7.357 7.274 7.191 7.107 7.116 7.148 7.179 7.21 7.241 7.273 7.304 7.335 7.366 7.279 7.152 7.024 6.896 6.769 6.641 6.514 6.407 6.315 6.222 6.129 6.037 5.944 5.852 5.759 5.667 5.573 5.475 5.378 5.28 5.183 5.085 4.988 4.89 4.793 4.695 4.597 4.497 4.398 4.298 4.199 4.1 4.0 3.958 3.924
2.314 2.389 2.445 2.465 2.486 2.506 2.527 2.547 2.567 2.629 2.831 3.032 3.234 3.435 3.637 3.838 4.04 4.241 4.443 4.575 4.701 4.826 4.952 5.078 5.204 5.33 5.455 5.581 5.608 5.619 5.629 5.639 5.65 5.66 5.67 5.691 5.721 5.752 5.783 5.814 5.844 5.875 5.906 5.941 5.977 6.013 6.048 6.084 6.12 6.156 6.191 6.224 6.199 6.175 6.15 6.126 6.101 6.077 6.052 6.028 6.05 6.134 6.218 6.303 6.387 6.471 6.555 6.64 6.752 6.881 7.009 7.138 7.267 7.395 7.524 7.653 7.713 7.728 7.743 7.759 7.774 7.789 7.804 7.82 7.816 7.733 7.649 7.566 7.483 7.399 7.316 7.233 7.15 7.182 7.213 7.244 7.275 7.307 7.338 7.369 7.4 7.311 7.183 7.055 6.928 6.8 6.673 6.545 6.417 6.318 6.225 6.133 6.04 5.948 5.855 5.763 5.67 5.576 5.478 5.381 5.284 5.186 5.089 4.991 4.894 4.796 4.698 4.598 4.499 4.4 4.3 4.201 4.102 4.002 3.961 3.927
2.376 2.451 2.506 2.526 2.547 2.567 2.587 2.608 2.643 2.844 3.046 3.247 3.449 3.65 3.852 4.053 4.255 4.456 4.658 4.789 4.914 5.04 5.166 5.292 5.418 5.543 5.669 5.795 5.914 5.924 5.935 5.945 5.956 5.966 5.976 5.997 6.028 6.058 6.089 6.12 6.15 6.181 6.216 6.251 6.287 6.323 6.359 6.394 6.43 6.466 6.502 6.533 6.508 6.484 6.459 6.435 6.41 6.386 6.361 6.337 6.312 6.357 6.441 6.525 6.61 6.694 6.778 6.863 6.975 7.104 7.233 7.362 7.49 7.619 7.748 7.824 7.839 7.855 7.87 7.885 7.901 7.916 7.931 7.947 7.941 7.858 7.774 7.691 7.608 7.524 7.441 7.358 7.274 7.216 7.247 7.278 7.309 7.341 7.372 7.403 7.434 7.342 7.214 7.087 6.959 6.831 6.704 6.576 6.449 6.321 6.229 6.136 6.044 5.951 5.859 5.766 5.674 5.579 5.482 5.384 5.287 5.189 5.092 4.994 4.897 4.799 4.699 4.6 4.501 4.401 4.302 4.203 4.103 4.004 3.964 3.929
2.438 2.513 2.567 2.587 2.607 2.628 2.648 2.668 2.858 3.059 3.261 3.462 3.664 3.865 4.067 4.268 4.47 4.671 4.873 5.002 5.128 5.254 5.38 5.506 5.631 5.757 5.883 6.009 6.135 6.23 6.241 6.251 6.261 6.272 6.282 6.303 6.334 6.364 6.395 6.426 6.457 6.49 6.526 6.562 6.598 6.633 6.669 6.705 6.741 6.776 6.812 6.842 6.818 6.793 6.769 6.744 6.72 6.695 6.671 6.646 6.622 6.597 6.664 6.748 6.832 6.917 7.001 7.085 7.199 7.328 7.456 7.585 7.714 7.842 7.936 7.951 7.966 7.982 7.997 8.012 8.027 8.043 8.058 8.073 8.066 7.983 7.9 7.816 7.733 7.65 7.566 7.483 7.4 7.316 7.281 7.312 7.343 7.374 7.406 7.437 7.468 7.373 7.245 7.118 6.99 6.863 6.735 6.607 6.48 6.352 6.232 6.14 6.047 5.955 5.862 5.769 5.677 5.583 5.485 5.388 5.29 5.193 5.095 4.998 4.9 4.8 4.701 4.602 4.502 4.403 4.304 4.204 4.105 4.006 3.967 3.932
2.499 2.574 2.627 2.648 2.668 2.689 2.709 2.871 3.073 3.274 3.476 3.677 3.879 4.08 4.282 4.483 4.685 4.886 5.088 5.216 5.342 5.468 5.594 5.719 5.845 5.971 6.097 6.222 6.348 6.474 6.546 6.557 6.567 6.577 6.588 6.609 6.64 6.671 6.701 6.732 6.765 6.801 6.837 6.872 6.908 6.944 6.98 7.015 7.051 7.087 7.123 7.152 7.127 7.103 7.078 7.054 7.029 7.005 6.98 6.956 6.931 6.907 6.887 6.971 7.055 7.139 7.224 7.308 7.422 7.551 7.68 7.809 7.937 8.047 8.062 8.078 8.093 8.108 8.124 8.139 8.154 8.17 8.185 8.2 8.191 8.108 8.025 7.941 7.858 7.775 7.691 7.608 7.525 7.441 7.358 7.346 7.377 7.408 7.44 7.471 7.502 7.404 7.277 7.149 7.022 6.894 6.766 6.639 6.511 6.384 6.256 6.143 6.05 5.958 5.865 5.773 5.68 5.586 5.488 5.391 5.293 5.196 5.099 5.001 4.901 4.802 4.703 4.603 4.504 4.405 4.305 4.206 4.107 4.007 3.97 3.935
2.561 2.636 2.688 2.709 2.729 2.749 2.885 3.086 3.288 3.489 3.691 3.892 4.094 4.295 4.497 4.698 4.9 5.101 5.303 5.43 5.556 5.682 5.807 5.933 6.059 6.185 6.31 6.436 6.562 6.688 6.814 6.863 6.873 6.883 6.894 6.915 6.946 6.977 7.007 7.04 7.075 7.111 7.147 7.183 7.219 7.254 7.29 7.326 7.362 7.397 7.433 7.461 7.437 7.412 7.388 7.363 7.339 7.314 7.29 7.265 7.241 7.216 7.192 7.194 7.278 7.362 7.446 7.531 7.646 7.775 7.903 8.032 8.159 8.174 8.189 8.205 8.22 8.235 8.25 8.266 8.281 8.296 8.312 8.327 8.317 8.233 8.15 8.067 7.983 7.9 7.817 7.733 7.65 7.567 7.483 7.4 7.411 7.442 7.474 7.505 7.536 7.436 7.308 7.18 7.053 6.925 6.798 6.67 6.542 6.415 6.287 6.16 6.054 5.961 5.869 5.776 5.684 5.589 5.492 5.394 5.297 5.199 5.102 5.002 4.903 4.804 4.704 4.605 4.506 4.406 4.307 4.208 4.108 4.009 3.972 3.938
2.622 2.698 2.749 2.769 2.79 2.898 3.1 3.301 3.503 3.704 3.906 4.107 4.309 4.51 4.712 4.913 5.115 5.316 5.518 5.644 5.769 5.895 6.021 6.147 6.273 6.398 6.524 6.65 6.776 6.902 7.027 7.153 7.179 7.189 7.199 7.221 7.252 7.283 7.314 7.35 7.386 7.422 7.457 7.493 7.529 7.565 7.6 7.636 7.672 7.708 7.743 7.771 7.746 7.722 7.697 7.673 7.648 7.624 7.599 7.575 7.55 7.526 7.501 7.477 7.501 7.585 7.669 7.754 7.869 7.998 8.127 8.256 8.286 8.301 8.316 8.331 8.347 8.362 8.377 8.393 8.408 8.423 8.438 8.454 8.442 8.358 8.275 8.192 8.108 8.025 7.942 7.858 7.775 7.692 7.608 7.525 7.445 7.476 7.508 7.539 7.57 7.467 7.339 7.212 7.084 6.956 6.829 6.701 6.574 6.446 6.318 6.191 6.063 5.965 5.872 5.78 5.687 5.592 5.495 5.398 5.3 5.203 5.103 5.004 4.905 4.805 4.706 4.607 4.507 4.408 4.309 4.209 4.11 4.011 3.975 3.941
2.684 2.759 2.81 2.83 2.912 3.113 3.315 3.516 3.718 3.919 4.121 4.322 4.524 4.725 4.927 5.128 5.33 5.531 5.732 5.857 5.983 6.109 6.235 6.361 6.486 6.612 6.738 6.864 6.99 7.115 7.241 7.367 7.484 7.495 7.505 7.528 7.558 7.589 7.625 7.661 7.696 7.732 7.768 7.804 7.839 7.875 7.911 7.947 7.982 8.018 8.054 8.08 8.056 8.031 8.007 7.982 7.958 7.933 7.909 7.884 7.86 7.835 7.811 7.786 7.762 7.808 7.892 7.976 8.093 8.222 8.35 8.397 8.412 8.428 8.443 8.458 8.474 8.489 8.504 8.519 8.535 8.55 8.565 8.581 8.567 8.483 8.4 8.317 8.234 8.15 8.067 7.984 7.9 7.817 7.734 7.65 7.567 7.51 7.542 7.573 7.604 7.498 7.371 7.243 7.115 6.988 6.86 6.733 6.605 6.477 6.35 6.222 6.095 5.968 5.876 5.783 5.69 5.596 5.498 5.401 5.303 5.204 5.105 5.006 4.906 4.807 4.708 4.608 4.509 4.41 4.31 4.211 4.112 4.013 3.978 3.943
2.746 2.821 2.871 2.925 3.127 3.328 3.53 3.731 3.933 4.134 4.336 4.537 4.739 4.94 5.142 5.343 5.545 5.746 5.945 6.071 6.197 6.323 6.449 6.574 6.7 6.826 6.952 7.078 7.203 7.329 7.455 7.581 7.707 7.801 7.811 7.834 7.864 7.9 7.935 7.971 8.007 8.043 8.078 8.114 8.15 8.186 8.221 8.257 8.293 8.329 8.364 8.39 8.365 8.341 8.316 8.292 8.267 8.243 8.218 8.194 8.169 8.145 8.12 8.096 8.071 8.047 8.115 8.199 8.316 8.445 8.509 8.524 8.539 8.554 8.57 8.585 8.6 8.616 8.631 8.646 8.662 8.677 8.692 8.707 8.692 8.609 8.525 8.442 8.359 8.275 8.192 8.109 8.025 7.942 7.859 7.775 7.692 7.609 7.576 7.607 7.638 7.529 7.402 7.274 7.147 7.019 6.891 6.764 6.636 6.509 6.381 6.253 6.126 5.998 5.879 5.786 5.694 5.599 5.502 5.404 5.306 5.206 5.107 5.008 4.908 4.809 4.709 4.61 4.511 4.411 4.312 4.213 4.113 4.015 3.981 3.946
2.807 2.882 2.939 3.14 3.342 3.543 3.745 3.946 4.148 4.349 4.551 4.752 4.954 5.155 5.357 5.558 5.76 5.961 6.159 6.285 6.411 6.537 6.662 6.788 6.914 7.04 7.166 7.291 7.417 7.543 7.669 7.795 7.92 8.046 8.117 8.14 8.174 8.21 8.246 8.281 8.317 8.353 8.389 8.424 8.46 8.496 8.532 8.568 8.603 8.639 8.675 8.699 8.675 8.65 8.626 8.601 8.577 8.552 8.528 8.503 8.479 8.454 8.43 8.405 8.381 8.356 8.338 8.422 8.54 8.62 8.635 8.651 8.666 8.681 8.697 8.712 8.727 8.742 8.758 8.773 8.788 8.804 8.819 8.834 8.817 8.734 8.65 8.567 8.484 8.401 8.317 8.234 8.151 8.067 7.984 7.901 7.817 7.734 7.651 7.641 7.672 7.561 7.433 7.305 7.178 7.05 6.923 6.795 6.667 6.54 6.412 6.285 6.157 6.03 5.902 5.79 5.697 5.602 5.505 5.407 5.307 5.208 5.109 5.009 4.91 4.811 4.711 4.612 4.512 4.413 4.314 4.214 4.115 4.018 3.984 3.949
2.853 2.929 3.068 3.273 3.477 3.682 3.886 4.09 4.295 4.499 4.704 4.908 5.113 5.317 5.521 5.726 5.93 6.135 6.341 6.477 6.604 6.732 6.86 6.987 7.115 7.243 7.37 7.498 7.625 7.753 7.881 8.008 8.134 8.26 8.386 8.449 8.485 8.52 8.556 8.592 8.628 8.663 8.699 8.735 8.771 8.806 8.842 8.878 8.914 8.949 8.985 9.009 8.984 8.96 8.935 8.911 8.886 8.861 8.837 8.812 8.788 8.763 8.739 8.714 8.69 8.665 8.641 8.645 8.732 8.747 8.762 8.777 8.793 8.808 8.823 8.839 8.854 8.869 8.885 8.9 8.915 8.93 8.946 8.961 8.942 8.859 8.776 8.692 8.609 8.526 8.442 8.359 8.276 8.192 8.109 8.026 7.942 7.859 7.776 7.692 7.706 7.592 7.464 7.337 7.209 7.082 6.954 6.826 6.699 6.571 6.444 6.316 6.188 6.061 5.933 5.806 5.701 5.606 5.508 5.408 5.309 5.21 5.11 5.011 4.912 4.812 4.713 4.614 4.514 4.415 4.316 4.216 4.117 4.021 3.986 3.952
2.884 2.959 3.1 3.305 3.509 3.714 3.918 4.123 4.327 4.531 4.736 4.94 5.145 5.349 5.554 5.758 5.963 6.168 6.381 6.578 6.706 6.833 6.961 7.088 7.216 7.344 7.471 7.599 7.726 7.854 7.982 8.109 8.237 8.365 8.492 8.562 8.601 8.64 8.68 8.719 8.758 8.797 8.836 8.876 8.915 8.954 8.993 9.032 9.072 9.111 9.15 9.272 9.3 9.276 9.251 9.226 9.202 9.177 9.152 9.128 9.103 9.078 9.054 9.029 9.004 8.98 8.955 8.93 8.935 8.947 8.959 8.971 8.983 8.995 9.007 9.019 9.031 9.043 9.055 9.067 9.079 9.091 9.104 9.116 9.095 9.008 8.921 8.834 8.747 8.66 8.573 8.486 8.401 8.318 8.234 8.151 8.068 7.984 7.901 7.818 7.74 7.623 7.496 7.368 7.24 7.113 6.985 6.858 6.73 6.602 6.475 6.347 6.22 6.092 5.964 5.837 5.709 5.609 5.509 5.41 5.311 5.211 5.112 5.013 4.913 4.814 4.715 4.615 4.516 4.417 4.317 4.218 4.119 4.024 3.989 3.955
2.914 2.989 3.133 3.337 3.542 3.746 3.95 4.155 4.359 4.564 4.768 4.973 5.177 5.381 5.586 5.79 5.995 6.208 6.421 6.625 6.807 6.934 7.062 7.19 7.317 7.445 7.572 7.7 7.828 7.955 8.083 8.21 8.338 8.466 8.593 8.662 8.701 8.74 8.779 8.818 8.858 8.897 8.936 8.975 9.014 9.054 9.093 9.132 9.171 9.21 9.319 9.464 9.6 9.596 9.571 9.546 9.522 9.497 9.472 9.448 9.423 9.398 9.374 9.349 9.324 9.3 9.275 9.25 9.255 9.267 9.28 9.292 9.304 9.316 9.328 9.34 9.352 9.364 9.376 9.388 9.4 9.412 9.424 9.445 9.436 9.349 9.262 9.175 9.088 9.001 8.914 8.827 8.74 8.653 8.567 8.48 8.393 8.306 8.219 8.132 8.005 7.872 7.74 7.608 7.476 7.344 7.212 7.08 6.948 6.816 6.684 6.552 6.42 6.288 6.156 6.024 5.891 5.654 5.554 5.453 5.352 5.252 5.151 5.05 4.95 4.849 4.748 4.648 4.547 4.446 4.345 4.245 4.144 4.049 4.013 3.977
2.944 3.019 3.165 3.369 3.574 3.778 3.983 4.187 4.391 4.596 4.8 5.005 5.209 5.414 5.618 5.823 6.035 6.249 6.462 6.666 6.87 7.035 7.163 7.291 7.418 7.546 7.674 7.801 7.929 8.056 8.184 8.312 8.439 8.567 8.694 8.761 8.801 8.84 8.879 8.918 8.957 8.997 9.036 9.075 9.114 9.153 9.193 9.232 9.271 9.364 9.511 9.656 9.792 9.916 9.891 9.867 9.842 9.817 9.793 9.768 9.743 9.718 9.694 9.669 9.644 9.62 9.595 9.57 9.576 9.588 9.6 9.612 9.624 9.636 9.648 9.66 9.673 9.685 9.697 9.709 9.721 9.733 9.75 9.789 9.778 9.691 9.604 9.517 9.43 9.343 9.256 9.169 9.082 8.995 8.908 8.821 8.734 8.647 8.56 8.442 8.295 8.162 8.03 7.898 7.766 7.634 7.502 7.37 7.238 7.106 6.974 6.842 6.71 6.578 6.446 6.314 6.073 5.829 5.633 5.533 5.432 5.331 5.23 5.13 5.029 4.928 4.828 4.727 4.626 4.526 4.425 4.324 4.224 4.13 4.094 4.058
2.974 3.05 3.197 3.402 3.606 3.81 4.015 4.219 4.424 4.628 4.833 5.037 5.241 5.446 5.65 5.861 6.075 6.289 6.502 6.706 6.91 7.114 7.264 7.392 7.519 7.647 7.775 7.902 8.03 8.157 8.285 8.413 8.54 8.668 8.796 8.861 8.9 8.939 8.979 9.018 9.057 9.096 9.135 9.175 9.214 9.253 9.292 9.331 9.408 9.556 9.703 9.848 9.984 10.12 10.211 10.187 10.162 10.137 10.113 10.088 10.063 10.039 10.014 9.989 9.965 9.94 9.915 9.89 9.897 9.909 9.921 9.933 9.945 9.957 9.969 9.981 9.993 10.005 10.017 10.029 10.041 10.054 10.093 10.132 10.119 10.032 9.945 9.858 9.771 9.684 9.598 9.511 9.424 9.337 9.25 9.163 9.076 8.989 8.88 8.732 8.585 8.453 8.321 8.189 8.057 7.925 7.793 7.661 7.529 7.397 7.265 7.133 7.001 6.869 6.737 6.514 6.254 6.011 5.782 5.612 5.511 5.411 5.31 5.209 5.109 5.008 4.907 4.807 4.706 4.605 4.505 4.404 4.303 4.211 4.175 4.139
3.004 3.08 3.229 3.434 3.638 3.843 4.047 4.251 4.456 4.66 4.865 5.069 5.274 5.478 5.687 5.901 6.116 6.33 6.542 6.746 6.95 7.154 7.358 7.493 7.621 7.748 7.876 8.003 8.131 8.259 8.386 8.514 8.641 8.769 8.897 8.961 9.0 9.039 9.078 9.118 9.157 9.196 9.235 9.274 9.314 9.353 9.392 9.452 9.6 9.748 9.895 10.04 10.176 10.312 10.449 10.507 10.482 10.457 10.433 10.408 10.383 10.359 10.334 10.309 10.285 10.26 10.235 10.211 10.217 10.23 10.242 10.254 10.266 10.278 10.29 10.302 10.314 10.326 10.338 10.35 10.362 10.398 10.437 10.476 10.461 10.374 10.287 10.2 10.113 10.026 9.939 9.852 9.765 9.678 9.591 9.504 9.417 9.317 9.17 9.022 8.875 8.743 8.611 8.479 8.347 8.215 8.083 7.951 7.819 7.687 7.555 7.423 7.291 7.159 6.955 6.695 6.435 6.193 5.964 5.734 5.591 5.49 5.39 5.289 5.188 5.087 4.987 4.886 4.785 4.685 4.584 4.483 4.383 4.291 4.255 4.219
3.034 3.11 3.262 3.466 3.67 3.875 4.079 4.284 4.488 4.693 4.897 5.101 5.306 5.514 5.728 5.942 6.156 6.37 6.583 6.787 6.991 7.194 7.398 7.594 7.722 7.849 7.977 8.105 8.232 8.36 8.487 8.615 8.743 8.87 8.998 9.06 9.1 9.139 9.178 9.217 9.256 9.296 9.335 9.374 9.413 9.452 9.497 9.645 9.792 9.94 10.087 10.232 10.368 10.504 10.64 10.777 10.802 10.777 10.753 10.728 10.703 10.679 10.654 10.629 10.605 10.58 10.555 10.531 10.538 10.55 10.562 10.574 10.586 10.598 10.61 10.623 10.635 10.647 10.659 10.671 10.703 10.742 10.781 10.82 10.802 10.715 10.629 10.542 10.455 10.368 10.281 10.194 10.107 10.02 9.933 9.846 9.754 9.607 9.46 9.313 9.166 9.034 8.902 8.77 8.638 8.506 8.374 8.242 8.109 7.977 7.845 7.713 7.581 7.397 7.137 6.877 6.617 6.375 6.145 5.916 5.687 5.57 5.469 5.368 5.268 5.167 5.066 4.966 4.865 4.764 4.664 4.563 4.462 4.372 4.336 4.3
3.065 3.14 3.294 3.498 3.703 3.907 4.111 4.316 4.52 4.725 4.929 5.134 5.34 5.554 5.768 5.982 6.196 6.41 6.623 6.827 7.031 7.235 7.439 7.643 7.823 7.95 8.078 8.206 8.333 8.461 8.588 8.716 8.844 8.971 9.099 9.16 9.199 9.239 9.278 9.317 9.356 9.395 9.435 9.474 9.513 9.552 9.689 9.837 9.984 10.132 10.279 10.423 10.56 10.696 10.832 10.969 11.105 11.097 11.073 11.048 11.023 10.999 10.974 10.949 10.925 10.9 10.875 10.851 10.859 10.871 10.883 10.895 10.907 10.919 10.931 10.943 10.955 10.967 10.979 11.007 11.046 11.085 11.124 11.163 11.144 11.057 10.97 10.883 10.796 10.709 10.622 10.535 10.448 10.361 10.274 10.187 10.044 9.897 9.75 9.603 9.456 9.324 9.192 9.06 8.928 8.796 8.664 8.532 8.4 8.268 8.136 8.004 7.838 7.578 7.318 7.058 6.798 6.557 6.327 6.098 5.869 5.649 5.549 5.448 5.347 5.247 5.146 5.045 4.944 4.844 4.743 4.642 4.542 4.452 4.417 4.381
3.095 3.17 3.326 3.53 3.735 3.939 4.144 4.348 4.553 4.757 4.961 5.166 5.38 5.595 5.809 6.023 6.237 6.451 6.663 6.867 7.071 7.275 7.479 7.683 7.887 8.052 8.179 8.307 8.434 8.562 8.69 8.817 8.945 9.072 9.2 9.26 9.299 9.338 9.377 9.417 9.456 9.495 9.534 9.573 9.613 9.733 9.881 10.029 10.176 10.324 10.471 10.615 10.752 10.888 11.024 11.16 11.297 11.418 11.393 11.368 11.344 11.319 11.294 11.269 11.245 11.22 11.195 11.171 11.18 11.192 11.204 11.216 11.228 11.24 11.252 11.264 11.276 11.288 11.312 11.351 11.39 11.429 11.468 11.507 11.486 11.399 11.312 11.225 11.138 11.051 10.964 10.877 10.79 10.703 10.616 10.482 10.335 10.187 10.04 9.893 9.747 9.614 9.482 9.35 9.218 9.086 8.954 8.822 8.69 8.558 8.426 8.279 8.019 7.759 7.499 7.239 6.979 6.738 6.509 6.28 6.05 5.821 5.628 5.527 5.427 5.326 5.225 5.125 5.024 4.923 4.823 4.722 4.621 4.533 4.497 4.461
3.125 3.2 3.358 3.563 3.767 3.971 4.176 4.38 4.585 4.789 4.994 5.207 5.421 5.635 5.849 6.063 6.277 6.491 6.703 6.907 7.111 7.315 7.519 7.723 7.927 8.131 8.28 8.408 8.536 8.663 8.791 8.918 9.046 9.174 9.301 9.36 9.399 9.438 9.477 9.516 9.556 9.595 9.634 9.673 9.778 9.925 10.073 10.221 10.368 10.516 10.663 10.807 10.943 11.08 11.216 11.352 11.489 11.625 11.713 11.688 11.664 11.639 11.614 11.59 11.565 11.54 11.516 11.491 11.5 11.512 11.524 11.536 11.548 11.56 11.573 11.585 11.597 11.617 11.656 11.695 11.734 11.773 11.812 11.851 11.827 11.74 11.653 11.566 11.479 11.392 11.305 11.218 11.131 11.044 10.919 10.772 10.625 10.478 10.33 10.183 10.037 9.905 9.773 9.641 9.509 9.377 9.245 9.113 8.981 8.849 8.717 8.461 8.201 7.941 7.681 7.421 7.161 6.92 6.691 6.462 6.232 6.003 5.774 5.607 5.506 5.406 5.305 5.204 5.104 5.003 4.902 4.801 4.701 4.614 4.578 4.542
3.155 3.231 3.39 3.595 3.799 4.004 4.208 4.413 4.617 4.821 5.033 5.247 5.461 5.675 5.89 6.104 6.318 6.532 6.744 6.948 7.152 7.356 7.56 7.764 7.968 8.171 8.375 8.509 8.637 8.764 8.892 9.019 9.147 9.275 9.402 9.459 9.498 9.538 9.577 9.616 9.655 9.694 9.734 9.822 9.97 10.117 10.265 10.413 10.56 10.708 10.856 10.999 11.135 11.272 11.408 11.544 11.68 11.817 11.953 12.008 11.984 11.959 11.934 11.91 11.885 11.86 11.836 11.811 11.821 11.833 11.845 11.857 11.869 11.881 11.893 11.905 11.921 11.96 11.999 12.038 12.077 12.116 12.155 12.194 12.169 12.082 11.995 11.908 11.821 11.734 11.647 11.56 11.473 11.357 11.209 11.062 10.915 10.768 10.621 10.473 10.327 10.195 10.063 9.931 9.799 9.667 9.535 9.403 9.271 9.139 8.902 8.642 8.382 8.122 7.862 7.602 7.342 7.102 6.873 6.643 6.414 6.185 5.955 5.726 5.586 5.485 5.384 5.284 5.183 5.082 4.982 4.881 4.78 4.694 4.658 4.623
3.185 3.261 3.423 3.627 3.831 4.036 4.24 4.445 4.649 4.86 5.074 5.288 5.502 5.716 5.93 6.144 6.358 6.572 6.784 6.988 7.192 7.396 7.6 7.804 8.008 8.212 8.416 8.61 8.738 8.865 8.993 9.121 9.248 9.376 9.503 9.559 9.598 9.637 9.676 9.716 9.755 9.794 9.867 10.014 10.162 10.309 10.457 10.605 10.752 10.9 11.048 11.191 11.327 11.463 11.6 11.736 11.872 12.009 12.145 12.281 12.304 12.279 12.254 12.23 12.205 12.18 12.156 12.131 12.142 12.154 12.166 12.178 12.19 12.202 12.214 12.226 12.265 12.304 12.343 12.382 12.421 12.46 12.499 12.538 12.51 12.423 12.336 12.249 12.162 12.075 11.988 11.901 11.794 11.647 11.5 11.352 11.205 11.058 10.911 10.763 10.618 10.486 10.354 10.222 10.09 9.958 9.826 9.694 9.562 9.343 9.083 8.823 8.563 8.303 8.043 7.783 7.523 7.284 7.055 6.825 6.596 6.367 6.137 5.908 5.679 5.565 5.464 5.363 5.263 5.162 5.061 4.96 4.86 4.775 4.739 4.703
3.215 3.291 3.455 3.659 3.864 4.068 4.273 4.477 4.686 4.9 5.114 5.328 5.542 5.756 5.97 6.184 6.399 6.613 6.824 7.028 7.232 7.436 7.64 7.844 8.048 8.252 8.456 8.66 8.839 8.966 9.094 9.222 9.349 9.477 9.605 9.659 9.698 9.737 9.776 9.815 9.855 9.911 10.059 10.206 10.354 10.501 10.649 10.797 10.944 11.092 11.24 11.383 11.519 11.655 11.792 11.928 12.064 12.2 12.337 12.473 12.609 12.599 12.574 12.55 12.525 12.5 12.476 12.451 12.462 12.474 12.486 12.498 12.51 12.523 12.535 12.57 12.609 12.648 12.687 12.726 12.765 12.804 12.843 12.882 12.852 12.765 12.678 12.591 12.504 12.417 12.33 12.231 12.084 11.937 11.79 11.643 11.495 11.348 11.201 11.054 10.908 10.776 10.644 10.512 10.38 10.248 10.116 9.984 9.784 9.524 9.264 9.004 8.744 8.484 8.224 7.964 7.704 7.466 7.236 7.007 6.778 6.548 6.319 6.09 5.86 5.644 5.543 5.443 5.342 5.241 5.141 5.04 4.939 4.856 4.82 4.784
3.246 3.321 3.487 3.691 3.896 4.1 4.305 4.512 4.726 4.94 5.154 5.369 5.583 5.797 6.011 6.225 6.439 6.653 6.864 7.068 7.272 7.476 7.68 7.884 8.088 8.292 8.496 8.7 8.904 9.068 9.195 9.323 9.45 9.578 9.706 9.758 9.797 9.837 9.876 9.915 9.955 10.103 10.251 10.398 10.546 10.693 10.841 10.989 11.136 11.284 11.432 11.574 11.711 11.847 11.983 12.12 12.256 12.392 12.529 12.665 12.801 12.919 12.895 12.87 12.845 12.821 12.796 12.771 12.783 12.795 12.807 12.819 12.831 12.843 12.874 12.913 12.952 12.991 13.03 13.069 13.108 13.147 13.186 13.225 13.193 13.106 13.019 12.932 12.845 12.758 12.669 12.522 12.374 12.227 12.08 11.933 11.786 11.638 11.491 11.344 11.199 11.067 10.935 10.803 10.671 10.539 10.407 10.226 9.966 9.706 9.446 9.186 8.926 8.666 8.406 8.146 7.886 7.647 7.418 7.189 6.96 6.73 6.501 6.272 6.042 5.813 5.623 5.522 5.422 5.321 5.22 5.12 5.019 4.936 4.9 4.865
3.276 3.351 3.519 3.724 3.928 4.133 4.339 4.553 4.767 4.981 5.195 5.409 5.623 5.837 6.051 6.265 6.479 6.693 6.905 7.109 7.313 7.517 7.721 7.925 8.129 8.333 8.537 8.741 8.945 9.149 9.296 9.424 9.552 9.679 9.807 9.858 9.897 9.936 9.976 10.015 10.147 10.295 10.443 10.59 10.738 10.886 11.033 11.181 11.328 11.476 11.624 11.766 11.903 12.039 12.175 12.312 12.448 12.584 12.72 12.857 12.993 13.129 13.215 13.19 13.165 13.141 13.116 13.092 13.104 13.116 13.128 13.14 13.152 13.179 13.218 13.257 13.296 13.335 13.374 13.413 13.452 13.491 13.53 13.569 13.535 13.448 13.361 13.274 13.187 13.1 12.959 12.812 12.665 12.517 12.37 12.223 12.076 11.928 11.781 11.634 11.489 11.357 11.225 11.093 10.961 10.829 10.667 10.407 10.147 9.887 9.627 9.367 9.107 8.847 8.587 8.327 8.067 7.829 7.6 7.371 7.141 6.912 6.683 6.453 6.224 5.995 5.766 5.602 5.501 5.4 5.3 5.199 5.098 5.017 4.981 4.945
3.306 3.381 3.551 3.756 3.96 4.165 4.379 4.593 4.807 5.021 5.235 5.449 5.663 5.878 6.092 6.306 6.52 6.734 6.945 7.149 7.353 7.557 7.761 7.965 8.169 8.373 8.577 8.781 8.985 9.189 9.393 9.525 9.653 9.78 9.908 9.958 9.997 10.036 10.075 10.192 10.339 10.487 10.635 10.782 10.93 11.078 11.225 11.373 11.52 11.668 11.816 11.958 12.094 12.231 12.367 12.503 12.64 12.776 12.912 13.049 13.185 13.321 13.458 13.51 13.485 13.461 13.436 13.412 13.424 13.436 13.448 13.46 13.483 13.522 13.561 13.6 13.639 13.678 13.718 13.757 13.796 13.835 13.874 13.913 13.876 13.789 13.702 13.615 13.528 13.396 13.249 13.102 12.955 12.808 12.66 12.513 12.366 12.219 12.071 11.924 11.78 11.647 11.515 11.383 11.251 11.108 10.848 10.588 10.328 10.068 9.808 9.548 9.288 9.028 8.768 8.508 8.248 8.011 7.782 7.552 7.323 7.094 6.865 6.635 6.406 6.177 5.947 5.718 5.581 5.48 5.379 5.279 5.178 5.098 5.062 5.026
3.336 3.412 3.584 3.788 3.993 4.205 4.419 4.633 4.848 5.062 5.276 5.49 5.704 5.918 6.132 6.346 6.56 6.774 6.985 7.189 7.393 7.597 7.801 8.005 8.209 8.413 8.617 8.821 9.025 9.229 9.433 9.626 9.754 9.881 10.009 10.057 10.097 10.136 10.236 10.384 10.531 10.679 10.827 10.974 11.122 11.27 11.417 11.565 11.712 11.86 12.008 12.15 12.286 12.423 12.559 12.695 12.832 12.968 13.104 13.24 13.377 13.513 13.649 13.786 13.805 13.781 13.756 13.733 13.745 13.757 13.769 13.788 13.827 13.866 13.905 13.944 13.983 14.022 14.061 14.1 14.139 14.178 14.217 14.256 14.218 14.131 14.044 13.957 13.834 13.687 13.539 13.392 13.245 13.098 12.95 12.803 12.656 12.509 12.362 12.214 12.07 11.938 11.806 11.674 11.542 11.29 11.03 10.77 10.51 10.25 9.99 9.73 9.47 9.21 8.95 8.69 8.43 8.193 7.964 7.734 7.505 7.276 7.046 6.817 6.588 6.358 6.129 5.9 5.671 5.559 5.459 5.358 5.257 5.178 5.142 5.106
