    600    136    276
0.62 0.629 0.638 0.647 0.656 0.665 0.675 0.669 0.662 0.655 0.647 0.64 0.633 0.626 0.618 0.611 0.604 0.596 0.589 0.582 0.574 0.567 0.56 0.561 0.563 0.565 0.567 0.57 0.572 0.574 0.576 0.578 0.58 0.582 0.585 0.587 0.589 0.591 0.593 0.603 0.62 0.636 0.653 0.67 0.686 0.703 0.72 0.737 0.753 0.77 0.787 0.804 0.82 0.837 0.854 0.871 0.905 0.94 0.975 1.01 1.045 1.08 1.115 1.15 1.185 1.22 1.255 1.29 1.325 1.361 1.396 1.431 1.491 1.569 1.647 1.725 1.803 1.881 1.959 2.037 2.115 2.193 2.271 2.349 2.427 2.505 2.583 2.661 2.709 2.835 2.961 3.087 3.214 3.34 3.466 3.592 3.718 3.845 3.971 4.097 4.223 4.349 4.476 4.602 4.738 4.933 5.122 5.292 5.461 5.631 5.801 5.971 6.141 6.311 6.481 6.651 6.821 6.991 7.16 7.33 7.5 7.671 7.849 8.027 8.206 8.384 8.563 8.741 8.92 9.098 9.276 9.455 9.633 9.812 9.99 10.169
0.59 0.599 0.608 0.617 0.626 0.635 0.644 0.654 0.646 0.639 0.632 0.624 0.617 0.61 0.602 0.595 0.588 0.58 0.573 0.566 0.558 0.551 0.544 0.545 0.547 0.55 0.552 0.554 0.556 0.558 0.56 0.562 0.565 0.567 0.569 0.571 0.573 0.575 0.585 0.605 0.622 0.638 0.655 0.671 0.688 0.705 0.721 0.738 0.755 0.771 0.788 0.805 0.821 0.838 0.855 0.872 0.901 0.936 0.971 1.006 1.041 1.076 1.111 1.146 1.181 1.216 1.251 1.286 1.321 1.356 1.391 1.426 1.472 1.55 1.628 1.706 1.784 1.863 1.941 2.019 2.097 2.175 2.253 2.332 2.41 2.488 2.566 2.644 2.724 2.851 2.978 3.105 3.232 3.359 3.486 3.613 3.741 3.868 3.995 4.122 4.249 4.376 4.503 4.63 4.757 4.908 5.078 5.247 5.417 5.587 5.757 5.927 6.097 6.267 6.437 6.607 6.777 6.946 7.116 7.286 7.456 7.627 7.805 7.983 8.162 8.34 8.519 8.697 8.876 9.054 9.232 9.411 9.589 9.768 9.946 10.125
0.559 0.568 0.577 0.586 0.595 0.604 0.614 0.625 0.63 0.623 0.616 0.608 0.601 0.594 0.586 0.579 0.572 0.565 0.557 0.55 0.543 0.535 0.528 0.53 0.532 0.534 0.536 0.538 0.54 0.542 0.545 0.547 0.549 0.551 0.553 0.555 0.557 0.564 0.587 0.607 0.623 0.64 0.657 0.673 0.69 0.706 0.723 0.74 0.756 0.773 0.79 0.806 0.823 0.84 0.857 0.874 0.901 0.932 0.967 1.002 1.037 1.072 1.107 1.142 1.177 1.213 1.248 1.283 1.318 1.353 1.388 1.423 1.467 1.526 1.604 1.682 1.761 1.839 1.917 1.995 2.073 2.151 2.23 2.308 2.386 2.464 2.542 2.621 2.701 2.828 2.955 3.082 3.209 3.336 3.463 3.59 3.718 3.845 3.972 4.099 4.226 4.353 4.48 4.607 4.722 4.84 5.002 5.172 5.342 5.513 5.683 5.854 6.024 6.195 6.365 6.536 6.706 6.877 7.047 7.217 7.388 7.559 7.738 7.917 8.096 8.275 8.454 8.633 8.812 8.991 9.17 9.349 9.528 9.707 9.886 10.065
0.529 0.538 0.547 0.556 0.565 0.574 0.584 0.594 0.605 0.607 0.6 0.593 0.585 0.578 0.571 0.563 0.556 0.549 0.541 0.534 0.527 0.519 0.512 0.514 0.516 0.518 0.52 0.522 0.525 0.527 0.529 0.531 0.533 0.535 0.537 0.54 0.543 0.566 0.589 0.608 0.625 0.642 0.658 0.675 0.691 0.708 0.725 0.741 0.758 0.775 0.791 0.808 0.825 0.842 0.859 0.877 0.904 0.931 0.964 0.999 1.034 1.069 1.104 1.139 1.174 1.209 1.244 1.279 1.314 1.349 1.384 1.419 1.463 1.516 1.58 1.659 1.737 1.815 1.893 1.971 2.05 2.128 2.206 2.284 2.362 2.44 2.519 2.597 2.678 2.805 2.932 3.059 3.186 3.313 3.44 3.567 3.695 3.822 3.949 4.076 4.203 4.33 4.457 4.576 4.674 4.793 4.927 5.095 5.266 5.436 5.607 5.777 5.948 6.118 6.288 6.459 6.629 6.8 6.97 7.141 7.311 7.482 7.661 7.84 8.019 8.198 8.377 8.556 8.735 8.914 9.093 9.272 9.451 9.63 9.809 9.988
0.498 0.507 0.516 0.525 0.534 0.543 0.553 0.564 0.575 0.586 0.584 0.577 0.569 0.562 0.555 0.547 0.54 0.533 0.526 0.518 0.511 0.504 0.496 0.498 0.5 0.502 0.505 0.507 0.509 0.511 0.513 0.515 0.517 0.52 0.522 0.524 0.545 0.568 0.59 0.61 0.627 0.643 0.66 0.677 0.693 0.71 0.726 0.743 0.76 0.776 0.793 0.81 0.827 0.844 0.862 0.88 0.907 0.934 0.961 0.995 1.03 1.065 1.1 1.135 1.17 1.205 1.24 1.275 1.31 1.345 1.38 1.415 1.46 1.513 1.565 1.635 1.713 1.791 1.869 1.948 2.026 2.104 2.182 2.26 2.339 2.417 2.495 2.573 2.655 2.782 2.909 3.036 3.163 3.29 3.417 3.545 3.672 3.799 3.926 4.053 4.18 4.307 4.431 4.528 4.625 4.745 4.879 5.018 5.189 5.359 5.53 5.7 5.871 6.041 6.212 6.382 6.553 6.723 6.893 7.064 7.234 7.406 7.585 7.764 7.943 8.122 8.301 8.48 8.659 8.838 9.017 9.196 9.375 9.554 9.733 9.912
0.468 0.477 0.486 0.495 0.504 0.513 0.523 0.534 0.544 0.555 0.566 0.561 0.554 0.546 0.539 0.532 0.524 0.517 0.51 0.502 0.495 0.488 0.48 0.482 0.485 0.487 0.489 0.491 0.493 0.495 0.497 0.5 0.502 0.504 0.506 0.524 0.547 0.569 0.592 0.612 0.628 0.645 0.662 0.678 0.695 0.712 0.728 0.745 0.761 0.778 0.795 0.811 0.829 0.847 0.865 0.883 0.91 0.937 0.963 0.991 1.026 1.061 1.096 1.131 1.166 1.201 1.236 1.271 1.306 1.341 1.376 1.411 1.457 1.509 1.562 1.615 1.689 1.767 1.846 1.924 2.002 2.08 2.158 2.237 2.315 2.393 2.471 2.549 2.632 2.759 2.886 3.013 3.14 3.267 3.394 3.522 3.649 3.776 3.903 4.03 4.157 4.284 4.382 4.48 4.577 4.697 4.831 4.965 5.112 5.283 5.453 5.624 5.794 5.964 6.135 6.305 6.476 6.646 6.817 6.987 7.158 7.329 7.508 7.687 7.866 8.045 8.224 8.403 8.582 8.761 8.94 9.119 9.298 9.477 9.656 9.82
0.438 0.447 0.456 0.465 0.474 0.483 0.493 0.503 0.514 0.525 0.536 0.545 0.538 0.53 0.523 0.516 0.508 0.501 0.494 0.486 0.479 0.472 0.465 0.467 0.469 0.471 0.473 0.475 0.477 0.48 0.482 0.484 0.486 0.488 0.503 0.526 0.549 0.571 0.594 0.613 0.63 0.647 0.663 0.68 0.697 0.713 0.73 0.747 0.763 0.78 0.796 0.814 0.832 0.85 0.867 0.886 0.912 0.939 0.966 0.993 1.023 1.058 1.093 1.128 1.163 1.198 1.233 1.268 1.303 1.338 1.373 1.408 1.453 1.506 1.558 1.611 1.665 1.744 1.822 1.9 1.978 2.056 2.135 2.213 2.291 2.369 2.447 2.526 2.609 2.736 2.863 2.99 3.117 3.244 3.371 3.499 3.626 3.753 3.88 4.007 4.134 4.237 4.334 4.431 4.529 4.649 4.783 4.917 5.052 5.206 5.376 5.547 5.717 5.888 6.058 6.229 6.399 6.569 6.74 6.91 7.081 7.253 7.432 7.611 7.79 7.969 8.147 8.326 8.505 8.684 8.863 9.042 9.221 9.4 9.568 9.72
0.407 0.416 0.425 0.434 0.443 0.452 0.462 0.473 0.484 0.495 0.505 0.516 0.522 0.515 0.507 0.5 0.493 0.485 0.478 0.471 0.463 0.456 0.449 0.451 0.453 0.455 0.457 0.46 0.462 0.464 0.466 0.468 0.47 0.482 0.505 0.528 0.55 0.573 0.596 0.615 0.632 0.648 0.665 0.682 0.698 0.715 0.732 0.748 0.765 0.782 0.799 0.817 0.834 0.852 0.87 0.888 0.915 0.942 0.969 0.996 1.023 1.054 1.089 1.124 1.159 1.194 1.229 1.264 1.299 1.334 1.369 1.404 1.45 1.502 1.555 1.608 1.66 1.72 1.798 1.876 1.954 2.033 2.111 2.189 2.267 2.345 2.424 2.502 2.586 2.713 2.84 2.967 3.094 3.221 3.348 3.476 3.603 3.73 3.857 3.984 4.091 4.188 4.286 4.383 4.48 4.602 4.736 4.87 5.004 5.138 5.3 5.47 5.64 5.811 5.981 6.152 6.322 6.493 6.663 6.834 7.004 7.176 7.355 7.534 7.713 7.892 8.071 8.25 8.429 8.608 8.787 8.966 9.145 9.317 9.468 9.62
0.377 0.386 0.395 0.404 0.413 0.422 0.432 0.443 0.453 0.464 0.475 0.486 0.497 0.499 0.491 0.484 0.477 0.469 0.462 0.455 0.447 0.44 0.433 0.435 0.437 0.44 0.442 0.444 0.446 0.448 0.45 0.452 0.462 0.484 0.507 0.53 0.552 0.575 0.598 0.617 0.633 0.65 0.667 0.683 0.7 0.717 0.733 0.75 0.767 0.784 0.802 0.819 0.837 0.855 0.873 0.891 0.918 0.945 0.972 0.999 1.026 1.052 1.085 1.12 1.155 1.19 1.225 1.26 1.295 1.33 1.365 1.4 1.446 1.499 1.552 1.604 1.657 1.71 1.774 1.852 1.931 2.009 2.087 2.165 2.243 2.322 2.4 2.478 2.563 2.69 2.817 2.944 3.071 3.198 3.326 3.453 3.58 3.707 3.834 3.945 4.043 4.14 4.237 4.335 4.432 4.554 4.688 4.822 4.956 5.09 5.224 5.393 5.564 5.734 5.905 6.075 6.245 6.416 6.586 6.757 6.927 7.099 7.278 7.457 7.636 7.815 7.994 8.173 8.352 8.531 8.71 8.889 9.065 9.217 9.369 9.52
0.346 0.355 0.364 0.373 0.382 0.391 0.401 0.412 0.423 0.434 0.445 0.455 0.466 0.477 0.475 0.468 0.461 0.454 0.446 0.439 0.432 0.424 0.417 0.42 0.422 0.424 0.426 0.428 0.43 0.432 0.435 0.441 0.463 0.486 0.509 0.531 0.554 0.577 0.599 0.618 0.635 0.652 0.668 0.685 0.702 0.718 0.735 0.752 0.769 0.787 0.804 0.822 0.84 0.857 0.875 0.894 0.921 0.948 0.975 1.001 1.028 1.055 1.082 1.117 1.152 1.187 1.222 1.257 1.292 1.327 1.362 1.397 1.443 1.496 1.548 1.601 1.654 1.706 1.759 1.829 1.907 1.985 2.063 2.141 2.22 2.298 2.376 2.454 2.54 2.667 2.794 2.921 3.048 3.175 3.303 3.43 3.557 3.684 3.799 3.897 3.994 4.092 4.189 4.286 4.384 4.506 4.64 4.774 4.908 5.042 5.176 5.316 5.487 5.657 5.828 5.998 6.169 6.339 6.51 6.68 6.85 7.023 7.202 7.381 7.56 7.739 7.918 8.097 8.276 8.455 8.634 8.812 8.965 9.117 9.269 9.42
0.316 0.325 0.334 0.343 0.352 0.361 0.371 0.382 0.393 0.404 0.414 0.425 0.436 0.447 0.458 0.452 0.445 0.438 0.43 0.423 0.416 0.408 0.402 0.404 0.406 0.408 0.41 0.412 0.415 0.417 0.42 0.443 0.465 0.488 0.511 0.533 0.556 0.578 0.601 0.62 0.637 0.653 0.67 0.687 0.703 0.72 0.737 0.754 0.771 0.789 0.807 0.825 0.842 0.86 0.878 0.897 0.924 0.95 0.977 1.004 1.031 1.058 1.085 1.113 1.148 1.183 1.218 1.253 1.288 1.323 1.358 1.393 1.439 1.492 1.545 1.598 1.65 1.703 1.756 1.808 1.883 1.961 2.039 2.118 2.196 2.274 2.352 2.43 2.517 2.644 2.771 2.898 3.025 3.152 3.28 3.407 3.534 3.654 3.751 3.848 3.946 4.043 4.141 4.238 4.335 4.458 4.592 4.726 4.86 4.995 5.129 5.263 5.41 5.581 5.751 5.921 6.092 6.262 6.433 6.603 6.774 6.946 7.125 7.304 7.483 7.662 7.841 8.02 8.199 8.378 8.557 8.713 8.865 9.017 9.169 9.321
0.286 0.295 0.304 0.313 0.322 0.331 0.341 0.352 0.362 0.373 0.384 0.395 0.406 0.416 0.427 0.436 0.429 0.422 0.414 0.407 0.4 0.393 0.386 0.388 0.39 0.392 0.395 0.397 0.399 0.401 0.422 0.444 0.467 0.49 0.512 0.535 0.558 0.58 0.603 0.622 0.639 0.655 0.672 0.688 0.705 0.722 0.739 0.756 0.774 0.792 0.81 0.827 0.845 0.863 0.88 0.899 0.926 0.953 0.98 1.007 1.034 1.061 1.088 1.115 1.144 1.179 1.214 1.249 1.284 1.319 1.354 1.389 1.436 1.489 1.541 1.594 1.647 1.699 1.752 1.805 1.859 1.937 2.016 2.094 2.172 2.25 2.328 2.407 2.494 2.621 2.748 2.875 3.002 3.13 3.257 3.384 3.508 3.605 3.703 3.8 3.897 3.995 4.092 4.189 4.287 4.411 4.545 4.679 4.813 4.947 5.081 5.215 5.349 5.504 5.674 5.845 6.015 6.186 6.356 6.526 6.697 6.869 7.048 7.227 7.406 7.585 7.764 7.943 8.122 8.301 8.462 8.614 8.765 8.917 9.069 9.221
0.255 0.264 0.273 0.282 0.291 0.3 0.31 0.321 0.332 0.343 0.354 0.364 0.375 0.386 0.397 0.408 0.413 0.406 0.399 0.391 0.384 0.377 0.37 0.373 0.375 0.377 0.379 0.381 0.383 0.401 0.424 0.446 0.469 0.491 0.514 0.537 0.559 0.582 0.605 0.624 0.64 0.657 0.674 0.69 0.707 0.724 0.741 0.759 0.777 0.794 0.812 0.83 0.848 0.865 0.883 0.902 0.929 0.956 0.983 1.01 1.037 1.064 1.091 1.117 1.144 1.175 1.21 1.245 1.28 1.315 1.351 1.386 1.433 1.485 1.538 1.591 1.643 1.696 1.749 1.801 1.854 1.914 1.992 2.07 2.148 2.226 2.305 2.383 2.471 2.598 2.725 2.852 2.979 3.107 3.234 3.361 3.46 3.557 3.654 3.752 3.849 3.946 4.044 4.141 4.238 4.363 4.497 4.631 4.765 4.899 5.033 5.167 5.301 5.435 5.597 5.768 5.938 6.109 6.279 6.45 6.62 6.793 6.972 7.151 7.33 7.509 7.688 7.867 8.046 8.21 8.362 8.514 8.665 8.817 8.969 9.121
0.227 0.234 0.243 0.252 0.261 0.27 0.28 0.291 0.302 0.312 0.323 0.334 0.345 0.356 0.366 0.377 0.388 0.39 0.383 0.375 0.368 0.361 0.355 0.357 0.359 0.361 0.363 0.365 0.38 0.403 0.425 0.448 0.471 0.493 0.516 0.539 0.561 0.584 0.607 0.625 0.642 0.659 0.675 0.692 0.709 0.726 0.744 0.762 0.779 0.797 0.815 0.833 0.85 0.868 0.886 0.905 0.932 0.959 0.986 1.013 1.04 1.066 1.093 1.12 1.147 1.174 1.207 1.242 1.277 1.312 1.347 1.382 1.429 1.482 1.535 1.587 1.64 1.693 1.745 1.798 1.851 1.903 1.968 2.046 2.124 2.203 2.281 2.359 2.448 2.575 2.702 2.829 2.956 3.084 3.211 3.314 3.411 3.509 3.606 3.703 3.801 3.898 3.995 4.093 4.19 4.315 4.449 4.583 4.717 4.851 4.985 5.119 5.254 5.388 5.522 5.691 5.862 6.032 6.202 6.373 6.543 6.716 6.895 7.074 7.253 7.432 7.611 7.79 7.958 8.11 8.262 8.414 8.565 8.717 8.869 9.021
0.205 0.204 0.213 0.222 0.231 0.24 0.25 0.26 0.271 0.282 0.293 0.304 0.315 0.325 0.336 0.347 0.358 0.369 0.367 0.36 0.352 0.345 0.339 0.341 0.343 0.345 0.348 0.359 0.382 0.404 0.427 0.45 0.472 0.495 0.518 0.54 0.563 0.586 0.608 0.627 0.644 0.66 0.677 0.694 0.711 0.729 0.747 0.764 0.782 0.8 0.817 0.835 0.853 0.871 0.888 0.908 0.935 0.962 0.988 1.015 1.042 1.069 1.096 1.123 1.15 1.177 1.204 1.238 1.273 1.308 1.343 1.378 1.426 1.478 1.531 1.584 1.637 1.689 1.742 1.795 1.847 1.9 1.953 2.022 2.101 2.179 2.257 2.335 2.425 2.552 2.679 2.806 2.934 3.061 3.168 3.265 3.363 3.46 3.558 3.655 3.752 3.85 3.947 4.044 4.142 4.267 4.401 4.535 4.669 4.804 4.938 5.072 5.206 5.34 5.474 5.614 5.785 5.955 6.126 6.296 6.467 6.64 6.818 6.997 7.176 7.355 7.534 7.707 7.858 8.01 8.162 8.314 8.466 8.617 8.769 8.921
0.182 0.181 0.182 0.191 0.2 0.209 0.219 0.23 0.241 0.252 0.263 0.273 0.284 0.295 0.306 0.317 0.327 0.338 0.349 0.344 0.336 0.329 0.323 0.325 0.328 0.33 0.338 0.361 0.384 0.406 0.429 0.452 0.474 0.497 0.52 0.542 0.565 0.588 0.61 0.629 0.645 0.662 0.679 0.696 0.714 0.731 0.749 0.767 0.785 0.802 0.82 0.838 0.856 0.873 0.891 0.911 0.937 0.964 0.991 1.018 1.045 1.072 1.099 1.126 1.153 1.18 1.206 1.234 1.269 1.304 1.339 1.374 1.422 1.475 1.528 1.58 1.633 1.686 1.738 1.791 1.844 1.897 1.949 2.002 2.077 2.155 2.233 2.311 2.402 2.529 2.656 2.783 2.911 3.022 3.12 3.217 3.314 3.412 3.509 3.607 3.704 3.801 3.899 3.996 4.093 4.219 4.354 4.488 4.622 4.756 4.89 5.024 5.158 5.292 5.426 5.56 5.708 5.878 6.049 6.219 6.39 6.563 6.742 6.921 7.1 7.279 7.455 7.607 7.759 7.91 8.062 8.214 8.366 8.517 8.669 8.821
0.16 0.159 0.158 0.161 0.17 0.179 0.189 0.2 0.211 0.221 0.232 0.243 0.254 0.265 0.275 0.286 0.297 0.308 0.319 0.328 0.321 0.313 0.308 0.31 0.312 0.317 0.34 0.363 0.385 0.408 0.431 0.453 0.476 0.499 0.521 0.544 0.567 0.589 0.612 0.63 0.647 0.664 0.681 0.699 0.716 0.734 0.752 0.769 0.787 0.805 0.823 0.84 0.858 0.876 0.894 0.913 0.94 0.967 0.994 1.021 1.048 1.075 1.102 1.129 1.155 1.182 1.209 1.236 1.266 1.301 1.336 1.371 1.419 1.472 1.524 1.577 1.63 1.682 1.735 1.788 1.84 1.893 1.946 1.999 2.053 2.131 2.209 2.288 2.379 2.506 2.633 2.76 2.877 2.974 3.071 3.169 3.266 3.363 3.461 3.558 3.656 3.753 3.85 3.948 4.045 4.172 4.306 4.44 4.574 4.708 4.842 4.976 5.11 5.244 5.378 5.512 5.647 5.802 5.972 6.143 6.313 6.486 6.665 6.844 7.023 7.202 7.355 7.507 7.659 7.81 7.962 8.114 8.266 8.418 8.569 8.721
0.137 0.136 0.135 0.135 0.139 0.148 0.159 0.169 0.18 0.191 0.202 0.213 0.223 0.234 0.245 0.256 0.267 0.278 0.288 0.299 0.305 0.297 0.292 0.294 0.297 0.319 0.342 0.365 0.387 0.41 0.433 0.455 0.478 0.5 0.523 0.546 0.568 0.591 0.614 0.632 0.649 0.666 0.683 0.701 0.719 0.737 0.754 0.772 0.79 0.808 0.825 0.843 0.861 0.878 0.896 0.916 0.943 0.97 0.997 1.024 1.051 1.078 1.104 1.131 1.158 1.185 1.212 1.239 1.266 1.297 1.332 1.367 1.416 1.468 1.521 1.574 1.626 1.679 1.732 1.784 1.837 1.89 1.942 1.995 2.048 2.107 2.186 2.264 2.356 2.483 2.61 2.731 2.828 2.926 3.023 3.12 3.218 3.315 3.412 3.51 3.607 3.705 3.802 3.899 3.997 4.124 4.258 4.392 4.526 4.66 4.794 4.928 5.062 5.197 5.331 5.465 5.599 5.733 5.895 6.066 6.236 6.41 6.589 6.768 6.947 7.103 7.255 7.407 7.559 7.711 7.862 8.014 8.166 8.318 8.469 8.621
0.114 0.114 0.113 0.112 0.111 0.118 0.128 0.139 0.15 0.161 0.171 0.182 0.193 0.204 0.215 0.226 0.236 0.247 0.258 0.269 0.28 0.282 0.276 0.278 0.298 0.321 0.344 0.366 0.389 0.412 0.434 0.457 0.48 0.502 0.525 0.548 0.57 0.593 0.616 0.634 0.651 0.668 0.686 0.704 0.722 0.739 0.757 0.775 0.792 0.81 0.828 0.846 0.863 0.881 0.899 0.919 0.946 0.973 1.0 1.027 1.053 1.08 1.107 1.134 1.161 1.188 1.215 1.242 1.269 1.295 1.328 1.363 1.412 1.465 1.517 1.57 1.623 1.676 1.728 1.781 1.834 1.886 1.939 1.992 2.044 2.097 2.162 2.24 2.333 2.46 2.585 2.682 2.78 2.877 2.975 3.072 3.169 3.267 3.364 3.461 3.559 3.656 3.754 3.851 3.948 4.076 4.21 4.344 4.478 4.613 4.747 4.881 5.015 5.149 5.283 5.417 5.551 5.685 5.819 5.989 6.159 6.333 6.512 6.691 6.852 7.004 7.155 7.307 7.459 7.611 7.762 7.914 8.066 8.218 8.369 8.521
0.092 0.091 0.09 0.09 0.089 0.088 0.098 0.109 0.119 0.13 0.141 0.152 0.163 0.174 0.184 0.195 0.206 0.217 0.228 0.238 0.249 0.26 0.26 0.278 0.3 0.323 0.345 0.368 0.391 0.413 0.436 0.459 0.481 0.504 0.527 0.549 0.572 0.595 0.617 0.636 0.653 0.671 0.689 0.706 0.724 0.742 0.76 0.777 0.795 0.813 0.831 0.848 0.866 0.884 0.901 0.922 0.949 0.975 1.002 1.029 1.056 1.083 1.11 1.137 1.164 1.191 1.218 1.244 1.271 1.298 1.325 1.36 1.409 1.461 1.514 1.567 1.619 1.672 1.725 1.778 1.83 1.883 1.936 1.988 2.041 2.094 2.146 2.216 2.31 2.437 2.537 2.634 2.731 2.829 2.926 3.024 3.121 3.218 3.316 3.413 3.51 3.608 3.705 3.802 3.9 4.028 4.163 4.297 4.431 4.565 4.699 4.833 4.967 5.101 5.235 5.369 5.503 5.637 5.771 5.912 6.083 6.256 6.435 6.6 6.752 6.904 7.055 7.207 7.359 7.511 7.662 7.814 7.966 8.118 8.27 8.421
0.097 0.096 0.095 0.093 0.092 0.096 0.118 0.127 0.137 0.147 0.156 0.166 0.175 0.185 0.195 0.204 0.214 0.224 0.233 0.243 0.252 0.262 0.272 0.293 0.315 0.337 0.359 0.381 0.403 0.425 0.448 0.47 0.492 0.514 0.536 0.558 0.58 0.602 0.625 0.643 0.66 0.677 0.694 0.712 0.729 0.746 0.763 0.78 0.798 0.815 0.833 0.851 0.869 0.886 0.904 0.924 0.951 0.978 1.005 1.032 1.059 1.086 1.113 1.14 1.167 1.193 1.22 1.247 1.274 1.301 1.328 1.356 1.405 1.458 1.511 1.563 1.616 1.669 1.721 1.774 1.827 1.879 1.932 1.985 2.038 2.09 2.143 2.196 2.287 2.391 2.488 2.586 2.683 2.78 2.878 2.975 3.073 3.17 3.267 3.365 3.462 3.559 3.657 3.754 3.851 3.981 4.115 4.249 4.383 4.517 4.651 4.785 4.919 5.053 5.187 5.321 5.456 5.59 5.724 5.858 6.006 6.18 6.348 6.5 6.652 6.804 6.955 7.107 7.259 7.411 7.563 7.714 7.866 8.018 8.17 8.321
0.111 0.11 0.109 0.107 0.109 0.128 0.152 0.172 0.182 0.191 0.201 0.21 0.22 0.23 0.239 0.249 0.258 0.268 0.278 0.287 0.297 0.307 0.316 0.328 0.35 0.372 0.395 0.417 0.439 0.461 0.483 0.505 0.527 0.549 0.572 0.594 0.616 0.638 0.66 0.678 0.695 0.713 0.73 0.747 0.764 0.781 0.799 0.816 0.833 0.85 0.867 0.885 0.902 0.919 0.935 0.932 0.95 0.977 1.004 1.031 1.058 1.085 1.112 1.139 1.166 1.193 1.22 1.247 1.274 1.301 1.328 1.355 1.392 1.445 1.498 1.551 1.604 1.657 1.71 1.763 1.816 1.869 1.922 1.975 2.027 2.08 2.133 2.186 2.242 2.339 2.437 2.534 2.632 2.729 2.827 2.924 3.022 3.12 3.217 3.315 3.412 3.51 3.607 3.705 3.802 3.932 4.067 4.201 4.335 4.469 4.603 4.737 4.871 5.006 5.14 5.274 5.408 5.542 5.676 5.81 5.944 6.097 6.248 6.4 6.552 6.704 6.856 7.007 7.159 7.311 7.463 7.614 7.766 7.918 8.07 8.222
0.125 0.124 0.123 0.122 0.14 0.16 0.184 0.209 0.226 0.236 0.245 0.255 0.265 0.274 0.284 0.293 0.303 0.313 0.322 0.332 0.342 0.351 0.361 0.372 0.386 0.408 0.43 0.452 0.474 0.496 0.519 0.541 0.563 0.585 0.607 0.629 0.651 0.673 0.695 0.714 0.731 0.748 0.765 0.782 0.8 0.817 0.834 0.851 0.868 0.886 0.903 0.92 0.937 0.954 0.949 0.946 0.953 0.975 1.002 1.029 1.056 1.083 1.11 1.137 1.164 1.191 1.218 1.245 1.272 1.299 1.326 1.353 1.383 1.425 1.478 1.531 1.584 1.637 1.69 1.743 1.796 1.849 1.902 1.955 2.008 2.061 2.113 2.166 2.218 2.28 2.378 2.475 2.573 2.67 2.768 2.865 2.963 3.06 3.158 3.256 3.353 3.451 3.548 3.646 3.743 3.874 4.008 4.142 4.277 4.411 4.545 4.679 4.814 4.948 5.082 5.216 5.351 5.485 5.619 5.753 5.885 5.965 6.097 6.25 6.403 6.556 6.709 6.862 7.015 7.168 7.321 7.474 7.627 7.779 7.932 8.085
0.14 0.138 0.137 0.153 0.172 0.191 0.215 0.241 0.267 0.28 0.29 0.299 0.309 0.319 0.328 0.338 0.348 0.357 0.367 0.376 0.386 0.396 0.406 0.416 0.427 0.443 0.466 0.488 0.51 0.532 0.554 0.576 0.598 0.62 0.642 0.665 0.687 0.709 0.731 0.749 0.766 0.783 0.801 0.818 0.835 0.852 0.869 0.887 0.904 0.921 0.938 0.955 0.973 0.971 0.963 0.96 0.967 0.974 1.0 1.027 1.054 1.081 1.108 1.135 1.162 1.189 1.216 1.243 1.27 1.297 1.324 1.351 1.381 1.411 1.458 1.511 1.564 1.617 1.67 1.723 1.776 1.829 1.882 1.935 1.988 2.041 2.094 2.147 2.198 2.246 2.318 2.416 2.514 2.611 2.709 2.806 2.904 3.001 3.099 3.196 3.294 3.391 3.489 3.587 3.684 3.815 3.95 4.084 4.218 4.352 4.487 4.621 4.755 4.889 5.024 5.158 5.292 5.426 5.561 5.695 5.798 5.878 5.931 6.083 6.236 6.389 6.542 6.695 6.848 7.001 7.153 7.306 7.459 7.612 7.765 7.918
0.154 0.152 0.165 0.184 0.204 0.223 0.247 0.273 0.298 0.324 0.334 0.344 0.354 0.363 0.373 0.383 0.392 0.402 0.411 0.421 0.431 0.44 0.45 0.461 0.472 0.482 0.501 0.523 0.545 0.567 0.589 0.612 0.634 0.656 0.678 0.7 0.722 0.744 0.766 0.784 0.802 0.819 0.836 0.853 0.87 0.888 0.905 0.922 0.939 0.956 0.974 0.991 0.993 0.985 0.976 0.974 0.981 0.988 0.999 1.026 1.053 1.079 1.106 1.133 1.16 1.187 1.214 1.241 1.268 1.295 1.322 1.349 1.379 1.409 1.44 1.491 1.544 1.597 1.65 1.703 1.756 1.809 1.862 1.915 1.968 2.021 2.074 2.127 2.178 2.226 2.275 2.357 2.454 2.552 2.65 2.747 2.845 2.942 3.04 3.137 3.235 3.332 3.43 3.527 3.625 3.757 3.891 4.025 4.16 4.294 4.428 4.562 4.697 4.831 4.965 5.099 5.234 5.368 5.502 5.61 5.712 5.79 5.843 5.916 6.069 6.222 6.375 6.527 6.68 6.833 6.986 7.139 7.292 7.445 7.598 7.751
0.168 0.178 0.197 0.216 0.235 0.254 0.279 0.304 0.33 0.356 0.379 0.389 0.398 0.408 0.417 0.427 0.437 0.446 0.456 0.466 0.475 0.485 0.495 0.506 0.516 0.527 0.538 0.559 0.581 0.603 0.625 0.647 0.669 0.691 0.713 0.736 0.758 0.78 0.802 0.82 0.837 0.854 0.871 0.889 0.906 0.923 0.94 0.957 0.975 0.992 1.009 1.014 1.006 0.998 0.99 0.988 0.995 1.002 1.009 1.024 1.051 1.078 1.105 1.132 1.159 1.186 1.213 1.239 1.266 1.293 1.32 1.347 1.377 1.408 1.438 1.471 1.524 1.577 1.63 1.683 1.736 1.789 1.842 1.895 1.948 2.001 2.054 2.107 2.158 2.206 2.255 2.303 2.395 2.493 2.59 2.688 2.785 2.883 2.981 3.078 3.176 3.273 3.371 3.468 3.566 3.698 3.833 3.967 4.101 4.235 4.37 4.504 4.638 4.772 4.907 5.041 5.175 5.309 5.422 5.524 5.625 5.703 5.756 5.809 5.901 6.054 6.207 6.36 6.513 6.666 6.819 6.972 7.125 7.278 7.431 7.584
0.19 0.209 0.228 0.248 0.267 0.286 0.31 0.336 0.362 0.387 0.413 0.433 0.443 0.452 0.462 0.472 0.481 0.491 0.501 0.51 0.52 0.529 0.539 0.55 0.561 0.572 0.582 0.594 0.616 0.638 0.66 0.683 0.705 0.727 0.749 0.771 0.793 0.815 0.837 0.855 0.872 0.89 0.907 0.924 0.941 0.958 0.976 0.993 1.01 1.027 1.036 1.028 1.02 1.012 1.004 1.002 1.009 1.016 1.023 1.03 1.049 1.076 1.103 1.13 1.157 1.184 1.211 1.238 1.265 1.292 1.319 1.346 1.376 1.406 1.436 1.466 1.504 1.557 1.61 1.663 1.716 1.769 1.822 1.875 1.928 1.981 2.034 2.087 2.138 2.186 2.235 2.283 2.336 2.434 2.531 2.629 2.726 2.824 2.921 3.019 3.117 3.214 3.312 3.409 3.507 3.64 3.774 3.908 4.043 4.177 4.311 4.445 4.58 4.714 4.848 4.982 5.117 5.234 5.336 5.437 5.538 5.616 5.668 5.721 5.774 5.887 6.04 6.193 6.346 6.499 6.652 6.805 6.958 7.111 7.264 7.416
0.222 0.241 0.26 0.279 0.299 0.318 0.342 0.368 0.394 0.419 0.445 0.471 0.487 0.497 0.507 0.516 0.526 0.535 0.545 0.555 0.564 0.574 0.584 0.595 0.605 0.616 0.627 0.638 0.652 0.674 0.696 0.718 0.74 0.762 0.784 0.807 0.829 0.851 0.873 0.891 0.908 0.925 0.942 0.959 0.977 0.994 1.011 1.028 1.045 1.058 1.05 1.042 1.034 1.026 1.018 1.016 1.023 1.03 1.037 1.044 1.051 1.074 1.101 1.128 1.155 1.182 1.209 1.236 1.263 1.29 1.317 1.344 1.374 1.404 1.434 1.465 1.495 1.537 1.59 1.643 1.696 1.749 1.802 1.855 1.908 1.961 2.014 2.067 2.118 2.166 2.215 2.263 2.312 2.375 2.472 2.57 2.667 2.765 2.862 2.96 3.057 3.155 3.253 3.35 3.448 3.581 3.716 3.85 3.984 4.118 4.253 4.387 4.521 4.655 4.79 4.924 5.046 5.148 5.249 5.35 5.452 5.528 5.581 5.634 5.687 5.74 5.873 6.026 6.179 6.332 6.485 6.637 6.79 6.943 7.096 7.249
0.253 0.272 0.292 0.311 0.33 0.349 0.374 0.4 0.425 0.451 0.477 0.502 0.528 0.542 0.551 0.561 0.57 0.58 0.59 0.599 0.609 0.619 0.629 0.639 0.65 0.661 0.671 0.682 0.693 0.709 0.731 0.754 0.776 0.798 0.82 0.842 0.864 0.886 0.908 0.926 0.943 0.96 0.978 0.995 1.012 1.029 1.046 1.064 1.08 1.072 1.064 1.056 1.048 1.04 1.032 1.03 1.037 1.044 1.051 1.058 1.065 1.072 1.099 1.126 1.153 1.18 1.207 1.234 1.261 1.288 1.315 1.342 1.372 1.402 1.433 1.463 1.493 1.523 1.57 1.623 1.676 1.729 1.782 1.835 1.888 1.941 1.994 2.047 2.098 2.146 2.195 2.243 2.292 2.34 2.413 2.511 2.608 2.706 2.803 2.901 2.998 3.096 3.193 3.291 3.389 3.523 3.657 3.791 3.926 4.06 4.194 4.328 4.463 4.597 4.731 4.858 4.96 5.061 5.162 5.264 5.365 5.441 5.494 5.546 5.599 5.652 5.706 5.859 6.011 6.164 6.317 6.47 6.623 6.776 6.929 7.082
0.285 0.304 0.323 0.343 0.362 0.381 0.406 0.431 0.457 0.483 0.508 0.534 0.56 0.585 0.596 0.605 0.615 0.625 0.634 0.644 0.653 0.663 0.673 0.684 0.695 0.705 0.716 0.727 0.737 0.748 0.767 0.789 0.811 0.833 0.855 0.877 0.9 0.922 0.944 0.961 0.979 0.996 1.013 1.03 1.047 1.065 1.082 1.099 1.094 1.086 1.078 1.07 1.062 1.054 1.046 1.044 1.051 1.058 1.065 1.072 1.079 1.086 1.097 1.124 1.151 1.178 1.205 1.232 1.259 1.286 1.313 1.34 1.37 1.4 1.431 1.461 1.491 1.522 1.552 1.604 1.656 1.709 1.762 1.815 1.868 1.921 1.974 2.027 2.078 2.126 2.175 2.223 2.272 2.32 2.369 2.451 2.549 2.647 2.744 2.842 2.939 3.037 3.134 3.232 3.33 3.464 3.599 3.733 3.867 4.001 4.136 4.27 4.404 4.538 4.67 4.772 4.873 4.974 5.076 5.177 5.279 5.353 5.406 5.459 5.512 5.565 5.618 5.691 5.844 5.997 6.15 6.303 6.456 6.609 6.762 6.915
0.316 0.336 0.355 0.374 0.393 0.413 0.437 0.463 0.489 0.514 0.54 0.566 0.591 0.617 0.64 0.65 0.66 0.669 0.679 0.688 0.698 0.708 0.718 0.728 0.739 0.75 0.761 0.771 0.782 0.793 0.804 0.824 0.847 0.869 0.891 0.913 0.935 0.957 0.979 0.997 1.014 1.031 1.048 1.066 1.083 1.1 1.117 1.116 1.108 1.1 1.092 1.084 1.076 1.068 1.059 1.058 1.065 1.072 1.079 1.086 1.093 1.1 1.108 1.122 1.149 1.176 1.203 1.23 1.257 1.284 1.311 1.338 1.368 1.399 1.429 1.459 1.49 1.52 1.55 1.584 1.637 1.69 1.742 1.795 1.848 1.901 1.954 2.007 2.058 2.106 2.155 2.203 2.252 2.3 2.349 2.397 2.49 2.587 2.685 2.783 2.88 2.978 3.075 3.173 3.272 3.406 3.54 3.674 3.809 3.943 4.077 4.211 4.346 4.48 4.584 4.685 4.786 4.888 4.989 5.091 5.192 5.266 5.319 5.372 5.424 5.477 5.53 5.583 5.677 5.83 5.983 6.136 6.289 6.442 6.595 6.748
0.348 0.367 0.387 0.406 0.425 0.444 0.469 0.495 0.52 0.546 0.572 0.597 0.623 0.649 0.674 0.694 0.704 0.714 0.723 0.733 0.743 0.752 0.762 0.773 0.784 0.794 0.805 0.816 0.827 0.837 0.848 0.86 0.882 0.904 0.926 0.948 0.971 0.993 1.015 1.032 1.049 1.067 1.084 1.101 1.118 1.135 1.138 1.13 1.122 1.114 1.106 1.097 1.089 1.081 1.073 1.072 1.079 1.086 1.093 1.1 1.108 1.115 1.122 1.129 1.148 1.175 1.201 1.228 1.255 1.282 1.309 1.336 1.367 1.397 1.427 1.457 1.488 1.518 1.548 1.579 1.617 1.67 1.723 1.776 1.829 1.881 1.934 1.987 2.038 2.087 2.135 2.183 2.232 2.28 2.329 2.377 2.431 2.528 2.626 2.723 2.821 2.918 3.016 3.114 3.213 3.347 3.482 3.616 3.75 3.884 4.019 4.153 4.287 4.396 4.497 4.598 4.7 4.801 4.903 5.004 5.105 5.178 5.231 5.284 5.337 5.39 5.443 5.496 5.549 5.663 5.816 5.969 6.122 6.274 6.427 6.58
0.38 0.399 0.418 0.437 0.457 0.476 0.501 0.527 0.552 0.578 0.604 0.629 0.655 0.681 0.706 0.732 0.749 0.758 0.768 0.777 0.787 0.797 0.807 0.818 0.828 0.839 0.85 0.86 0.871 0.882 0.893 0.903 0.918 0.94 0.962 0.984 1.006 1.028 1.05 1.068 1.085 1.102 1.119 1.136 1.154 1.16 1.152 1.144 1.136 1.127 1.119 1.111 1.103 1.095 1.087 1.086 1.093 1.1 1.108 1.115 1.122 1.129 1.136 1.143 1.15 1.173 1.2 1.227 1.254 1.281 1.308 1.335 1.365 1.395 1.425 1.456 1.486 1.516 1.547 1.577 1.607 1.65 1.703 1.756 1.809 1.862 1.915 1.968 2.018 2.067 2.115 2.164 2.212 2.261 2.309 2.357 2.406 2.469 2.567 2.664 2.762 2.859 2.957 3.054 3.155 3.289 3.423 3.557 3.692 3.826 3.96 4.094 4.208 4.309 4.41 4.512 4.613 4.715 4.816 4.917 5.019 5.091 5.144 5.197 5.25 5.302 5.355 5.408 5.461 5.514 5.648 5.801 5.954 6.107 6.26 6.413
0.411 0.431 0.45 0.469 0.488 0.508 0.533 0.558 0.584 0.61 0.635 0.661 0.687 0.712 0.738 0.764 0.789 0.803 0.812 0.822 0.832 0.841 0.851 0.862 0.873 0.884 0.894 0.905 0.916 0.927 0.937 0.948 0.959 0.975 0.997 1.019 1.041 1.064 1.086 1.103 1.12 1.137 1.155 1.172 1.182 1.174 1.165 1.157 1.149 1.141 1.133 1.125 1.117 1.109 1.101 1.1 1.108 1.115 1.122 1.129 1.136 1.143 1.15 1.157 1.164 1.171 1.198 1.225 1.252 1.279 1.306 1.333 1.363 1.393 1.424 1.454 1.484 1.514 1.545 1.575 1.605 1.636 1.683 1.736 1.789 1.842 1.895 1.948 1.998 2.047 2.095 2.144 2.192 2.241 2.289 2.338 2.386 2.435 2.508 2.605 2.703 2.8 2.898 2.995 3.096 3.23 3.365 3.499 3.633 3.767 3.902 4.02 4.121 4.222 4.324 4.425 4.527 4.628 4.729 4.831 4.932 5.003 5.056 5.109 5.162 5.215 5.268 5.321 5.374 5.427 5.481 5.634 5.787 5.94 6.093 6.246
0.443 0.462 0.481 0.501 0.52 0.539 0.564 0.59 0.616 0.641 0.667 0.693 0.718 0.744 0.77 0.795 0.821 0.847 0.857 0.867 0.876 0.886 0.896 0.907 0.917 0.928 0.939 0.95 0.96 0.971 0.982 0.993 1.003 1.014 1.033 1.055 1.077 1.099 1.121 1.138 1.156 1.173 1.19 1.204 1.195 1.187 1.179 1.171 1.163 1.155 1.147 1.139 1.131 1.123 1.115 1.115 1.122 1.129 1.136 1.143 1.15 1.157 1.164 1.171 1.178 1.185 1.196 1.223 1.25 1.277 1.304 1.331 1.361 1.392 1.422 1.452 1.482 1.513 1.543 1.573 1.604 1.634 1.664 1.716 1.769 1.822 1.875 1.928 1.978 2.027 2.075 2.124 2.172 2.221 2.269 2.318 2.366 2.415 2.463 2.546 2.644 2.741 2.839 2.936 3.038 3.172 3.306 3.44 3.575 3.709 3.832 3.933 4.034 4.136 4.237 4.339 4.44 4.541 4.643 4.744 4.846 4.916 4.969 5.022 5.075 5.128 5.181 5.233 5.286 5.339 5.392 5.467 5.62 5.773 5.926 6.079
0.475 0.494 0.513 0.532 0.552 0.571 0.596 0.622 0.647 0.673 0.699 0.724 0.75 0.776 0.801 0.827 0.853 0.878 0.902 0.911 0.921 0.93 0.941 0.951 0.962 0.973 0.983 0.994 1.005 1.016 1.026 1.037 1.048 1.059 1.069 1.09 1.112 1.135 1.157 1.174 1.191 1.208 1.225 1.217 1.209 1.201 1.193 1.185 1.177 1.169 1.161 1.153 1.145 1.137 1.129 1.129 1.136 1.143 1.15 1.157 1.164 1.171 1.178 1.185 1.192 1.199 1.206 1.221 1.248 1.275 1.302 1.329 1.359 1.39 1.42 1.45 1.481 1.511 1.541 1.571 1.602 1.632 1.662 1.696 1.749 1.802 1.855 1.908 1.958 2.007 2.055 2.104 2.152 2.201 2.249 2.298 2.346 2.395 2.443 2.492 2.584 2.682 2.78 2.877 2.979 3.113 3.248 3.382 3.516 3.644 3.745 3.846 3.948 4.049 4.151 4.252 4.353 4.455 4.556 4.658 4.759 4.829 4.882 4.934 4.987 5.04 5.093 5.146 5.199 5.252 5.305 5.358 5.453 5.606 5.759 5.911
0.506 0.525 0.545 0.564 0.583 0.602 0.628 0.653 0.679 0.705 0.73 0.756 0.782 0.807 0.833 0.859 0.884 0.91 0.936 0.956 0.965 0.975 0.985 0.996 1.007 1.017 1.028 1.039 1.05 1.06 1.071 1.082 1.092 1.103 1.114 1.126 1.148 1.17 1.192 1.209 1.226 1.244 1.239 1.231 1.223 1.215 1.207 1.199 1.191 1.183 1.175 1.167 1.159 1.151 1.142 1.143 1.15 1.157 1.164 1.171 1.178 1.185 1.192 1.199 1.206 1.213 1.22 1.227 1.246 1.273 1.3 1.327 1.358 1.388 1.418 1.449 1.479 1.509 1.539 1.57 1.6 1.63 1.661 1.691 1.729 1.782 1.835 1.888 1.938 1.987 2.035 2.084 2.132 2.181 2.229 2.278 2.326 2.375 2.423 2.472 2.525 2.623 2.72 2.818 2.921 3.055 3.189 3.323 3.456 3.557 3.658 3.76 3.861 3.963 4.064 4.165 4.267 4.368 4.47 4.571 4.672 4.741 4.794 4.847 4.9 4.953 5.006 5.059 5.111 5.164 5.217 5.27 5.323 5.438 5.591 5.744
0.538 0.557 0.576 0.596 0.615 0.634 0.66 0.685 0.711 0.737 0.762 0.788 0.814 0.839 0.865 0.891 0.916 0.942 0.967 0.993 1.01 1.02 1.03 1.04 1.051 1.062 1.073 1.083 1.094 1.105 1.116 1.126 1.137 1.148 1.158 1.169 1.183 1.206 1.227 1.245 1.262 1.261 1.253 1.245 1.237 1.229 1.221 1.213 1.205 1.197 1.189 1.18 1.172 1.164 1.156 1.157 1.164 1.171 1.178 1.185 1.192 1.199 1.206 1.213 1.22 1.227 1.234 1.241 1.248 1.271 1.298 1.326 1.356 1.386 1.416 1.447 1.477 1.507 1.538 1.568 1.598 1.628 1.659 1.689 1.719 1.762 1.815 1.868 1.918 1.967 2.015 2.064 2.112 2.161 2.209 2.258 2.306 2.355 2.403 2.452 2.5 2.564 2.661 2.759 2.862 2.996 3.131 3.265 3.369 3.47 3.572 3.673 3.775 3.876 3.977 4.079 4.18 4.282 4.383 4.484 4.586 4.654 4.707 4.76 4.812 4.865 4.918 4.971 5.024 5.077 5.13 5.183 5.236 5.288 5.424 5.577
0.57 0.589 0.608 0.627 0.646 0.666 0.691 0.717 0.743 0.768 0.794 0.82 0.845 0.871 0.897 0.922 0.948 0.974 0.999 1.025 1.051 1.064 1.074 1.085 1.096 1.106 1.117 1.128 1.139 1.149 1.16 1.171 1.182 1.192 1.203 1.214 1.225 1.241 1.263 1.28 1.283 1.275 1.267 1.259 1.251 1.243 1.235 1.227 1.219 1.21 1.202 1.194 1.186 1.178 1.17 1.171 1.178 1.185 1.192 1.199 1.206 1.213 1.22 1.227 1.234 1.241 1.248 1.255 1.262 1.27 1.297 1.324 1.354 1.384 1.415 1.445 1.475 1.506 1.536 1.566 1.596 1.627 1.657 1.687 1.717 1.748 1.795 1.848 1.898 1.947 1.995 2.044 2.092 2.141 2.189 2.238 2.286 2.335 2.383 2.432 2.48 2.529 2.602 2.7 2.804 2.938 3.072 3.181 3.282 3.384 3.485 3.587 3.688 3.789 3.891 3.992 4.094 4.195 4.296 4.398 4.499 4.566 4.619 4.672 4.725 4.778 4.831 4.884 4.937 4.989 5.042 5.095 5.148 5.201 5.257 5.41
0.601 0.62 0.64 0.659 0.678 0.697 0.723 0.749 0.774 0.8 0.826 0.851 0.877 0.903 0.928 0.954 0.98 1.005 1.031 1.057 1.082 1.108 1.119 1.13 1.14 1.151 1.162 1.173 1.183 1.194 1.205 1.215 1.226 1.237 1.248 1.258 1.269 1.28 1.298 1.305 1.297 1.289 1.281 1.273 1.265 1.257 1.248 1.24 1.232 1.224 1.216 1.208 1.2 1.192 1.184 1.185 1.192 1.199 1.206 1.213 1.22 1.227 1.234 1.241 1.248 1.255 1.262 1.269 1.277 1.284 1.295 1.322 1.352 1.383 1.413 1.443 1.473 1.504 1.534 1.564 1.595 1.625 1.655 1.685 1.716 1.746 1.776 1.828 1.878 1.927 1.975 2.024 2.072 2.121 2.169 2.218 2.266 2.315 2.363 2.412 2.46 2.509 2.557 2.641 2.745 2.879 2.993 3.094 3.196 3.297 3.399 3.5 3.601 3.703 3.804 3.906 4.007 4.108 4.21 4.311 4.412 4.479 4.532 4.585 4.638 4.69 4.743 4.796 4.849 4.902 4.955 5.008 5.061 5.114 5.166 5.243
0.649 0.668 0.686 0.705 0.724 0.743 0.769 0.794 0.819 0.845 0.87 0.896 0.921 0.946 0.972 0.997 1.022 1.048 1.073 1.098 1.124 1.149 1.176 1.186 1.196 1.207 1.217 1.227 1.238 1.248 1.258 1.269 1.279 1.289 1.3 1.31 1.32 1.33 1.338 1.327 1.319 1.31 1.301 1.292 1.284 1.275 1.266 1.257 1.249 1.24 1.231 1.222 1.214 1.206 1.198 1.199 1.206 1.213 1.22 1.227 1.234 1.241 1.248 1.255 1.262 1.269 1.276 1.284 1.291 1.298 1.305 1.32 1.351 1.381 1.411 1.441 1.472 1.502 1.532 1.563 1.593 1.623 1.653 1.684 1.714 1.744 1.774 1.808 1.858 1.907 1.955 2.004 2.052 2.101 2.149 2.198 2.246 2.295 2.343 2.392 2.44 2.489 2.537 2.586 2.687 2.805 2.906 3.008 3.109 3.211 3.312 3.413 3.515 3.616 3.718 3.819 3.92 4.022 4.123 4.224 4.326 4.391 4.444 4.497 4.55 4.603 4.656 4.709 4.762 4.815 4.867 4.92 4.973 5.026 5.079 5.132
0.699 0.718 0.737 0.756 0.775 0.794 0.82 0.845 0.87 0.896 0.921 0.946 0.972 0.997 1.023 1.048 1.073 1.099 1.124 1.149 1.175 1.219 1.246 1.257 1.267 1.277 1.288 1.298 1.308 1.318 1.329 1.339 1.349 1.36 1.37 1.38 1.391 1.401 1.41 1.384 1.376 1.367 1.358 1.349 1.34 1.332 1.323 1.314 1.305 1.297 1.288 1.279 1.27 1.262 1.253 1.254 1.26 1.266 1.273 1.279 1.285 1.292 1.298 1.304 1.311 1.317 1.323 1.33 1.336 1.342 1.349 1.324 1.337 1.367 1.398 1.428 1.459 1.49 1.52 1.551 1.581 1.612 1.642 1.673 1.704 1.734 1.765 1.795 1.838 1.887 1.935 1.984 2.032 2.081 2.129 2.178 2.226 2.275 2.323 2.372 2.42 2.469 2.517 2.566 2.627 2.727 2.827 2.927 3.027 3.127 3.227 3.327 3.428 3.53 3.631 3.732 3.834 3.935 4.036 4.138 4.239 4.304 4.357 4.41 4.463 4.516 4.568 4.621 4.674 4.727 4.78 4.833 4.886 4.939 4.992 5.045
0.75 0.769 0.788 0.807 0.826 0.845 0.871 0.896 0.921 0.947 0.972 0.997 1.023 1.048 1.073 1.099 1.124 1.15 1.175 1.2 1.241 1.29 1.317 1.327 1.337 1.348 1.358 1.368 1.379 1.389 1.399 1.41 1.42 1.43 1.441 1.451 1.461 1.474 1.482 1.454 1.432 1.424 1.415 1.406 1.397 1.389 1.38 1.371 1.362 1.353 1.345 1.336 1.327 1.318 1.31 1.311 1.317 1.323 1.33 1.336 1.342 1.349 1.355 1.361 1.368 1.374 1.38 1.387 1.393 1.399 1.377 1.339 1.325 1.347 1.378 1.408 1.439 1.469 1.5 1.531 1.561 1.592 1.622 1.653 1.683 1.714 1.745 1.775 1.819 1.867 1.916 1.964 2.012 2.061 2.109 2.158 2.206 2.255 2.303 2.352 2.4 2.449 2.497 2.546 2.61 2.722 2.822 2.922 3.022 3.122 3.222 3.322 3.422 3.522 3.622 3.722 3.822 3.922 4.022 4.122 4.222 4.285 4.336 4.388 4.439 4.491 4.542 4.594 4.645 4.697 4.748 4.8 4.851 4.903 4.954 5.006
0.801 0.82 0.839 0.858 0.877 0.896 0.922 0.947 0.972 0.998 1.023 1.048 1.074 1.099 1.124 1.15 1.175 1.2 1.226 1.263 1.312 1.362 1.387 1.398 1.408 1.418 1.429 1.439 1.449 1.46 1.47 1.48 1.49 1.501 1.511 1.521 1.534 1.547 1.554 1.526 1.498 1.48 1.472 1.463 1.454 1.445 1.437 1.428 1.419 1.41 1.401 1.393 1.384 1.375 1.366 1.368 1.374 1.38 1.387 1.393 1.399 1.406 1.412 1.418 1.425 1.431 1.437 1.444 1.45 1.435 1.392 1.355 1.341 1.327 1.357 1.388 1.419 1.449 1.48 1.51 1.541 1.572 1.602 1.633 1.663 1.694 1.725 1.755 1.799 1.847 1.896 1.944 1.993 2.041 2.09 2.138 2.187 2.235 2.284 2.332 2.381 2.429 2.478 2.525 2.591 2.709 2.817 2.917 3.017 3.117 3.217 3.317 3.417 3.517 3.617 3.717 3.817 3.917 4.017 4.117 4.217 4.279 4.33 4.382 4.433 4.485 4.536 4.588 4.639 4.691 4.742 4.794 4.845 4.897 4.948 5.0
0.852 0.871 0.89 0.909 0.928 0.947 0.972 0.998 1.023 1.049 1.074 1.099 1.125 1.15 1.175 1.201 1.226 1.251 1.285 1.335 1.384 1.433 1.458 1.468 1.478 1.489 1.499 1.509 1.52 1.53 1.54 1.551 1.561 1.571 1.582 1.594 1.606 1.619 1.626 1.598 1.57 1.543 1.528 1.52 1.511 1.502 1.493 1.485 1.476 1.467 1.458 1.45 1.441 1.432 1.423 1.425 1.431 1.437 1.444 1.45 1.456 1.463 1.469 1.475 1.482 1.488 1.494 1.501 1.493 1.45 1.407 1.37 1.356 1.342 1.337 1.368 1.399 1.429 1.46 1.49 1.521 1.551 1.582 1.613 1.643 1.674 1.704 1.735 1.779 1.827 1.876 1.924 1.973 2.021 2.07 2.118 2.167 2.215 2.264 2.312 2.361 2.409 2.457 2.505 2.572 2.689 2.807 2.912 3.012 3.112 3.212 3.312 3.412 3.512 3.612 3.712 3.812 3.912 4.012 4.112 4.212 4.273 4.324 4.376 4.427 4.479 4.53 4.582 4.633 4.685 4.736 4.788 4.839 4.891 4.942 4.999
0.903 0.922 0.941 0.96 0.978 0.998 1.023 1.049 1.074 1.099 1.125 1.15 1.176 1.201 1.226 1.252 1.277 1.308 1.357 1.406 1.455 1.504 1.528 1.539 1.549 1.559 1.57 1.58 1.59 1.601 1.611 1.621 1.632 1.642 1.653 1.666 1.679 1.692 1.698 1.67 1.642 1.615 1.587 1.576 1.568 1.559 1.55 1.541 1.533 1.524 1.515 1.506 1.498 1.489 1.48 1.482 1.488 1.495 1.501 1.507 1.514 1.52 1.526 1.533 1.539 1.545 1.552 1.551 1.508 1.465 1.422 1.386 1.372 1.358 1.343 1.348 1.378 1.409 1.44 1.47 1.501 1.531 1.562 1.592 1.623 1.654 1.684 1.715 1.759 1.807 1.856 1.904 1.953 2.001 2.05 2.098 2.147 2.195 2.244 2.292 2.341 2.389 2.437 2.485 2.553 2.67 2.788 2.905 3.006 3.107 3.207 3.307 3.407 3.507 3.607 3.707 3.807 3.907 4.007 4.107 4.207 4.267 4.318 4.37 4.421 4.473 4.524 4.576 4.627 4.679 4.73 4.782 4.833 4.885 4.94 5.003
0.954 0.972 0.991 1.01 1.029 1.049 1.074 1.1 1.125 1.15 1.176 1.201 1.226 1.252 1.277 1.302 1.33 1.379 1.428 1.477 1.526 1.575 1.599 1.609 1.62 1.63 1.64 1.65 1.661 1.671 1.681 1.692 1.702 1.713 1.726 1.739 1.752 1.765 1.77 1.742 1.714 1.687 1.659 1.633 1.625 1.616 1.607 1.598 1.589 1.581 1.572 1.563 1.554 1.546 1.537 1.539 1.545 1.552 1.558 1.564 1.571 1.577 1.583 1.59 1.596 1.602 1.608 1.566 1.523 1.48 1.437 1.401 1.387 1.373 1.359 1.345 1.358 1.389 1.419 1.45 1.481 1.511 1.542 1.572 1.603 1.633 1.664 1.695 1.739 1.788 1.836 1.885 1.933 1.982 2.03 2.079 2.127 2.176 2.224 2.273 2.321 2.369 2.417 2.464 2.534 2.651 2.769 2.886 3.001 3.101 3.201 3.301 3.401 3.501 3.601 3.701 3.801 3.901 4.001 4.101 4.201 4.26 4.312 4.363 4.415 4.466 4.518 4.569 4.621 4.672 4.724 4.775 4.827 4.881 4.944 5.007
1.004 1.023 1.042 1.061 1.08 1.1 1.125 1.151 1.176 1.201 1.227 1.252 1.277 1.303 1.328 1.353 1.401 1.45 1.499 1.548 1.597 1.646 1.669 1.68 1.69 1.7 1.711 1.721 1.731 1.742 1.752 1.762 1.773 1.786 1.799 1.812 1.824 1.837 1.842 1.814 1.786 1.759 1.731 1.703 1.681 1.673 1.664 1.655 1.646 1.638 1.629 1.62 1.611 1.602 1.594 1.596 1.602 1.609 1.615 1.621 1.628 1.634 1.64 1.647 1.653 1.659 1.624 1.581 1.538 1.495 1.452 1.417 1.403 1.389 1.375 1.36 1.346 1.369 1.399 1.43 1.46 1.491 1.522 1.552 1.583 1.613 1.644 1.674 1.719 1.768 1.816 1.865 1.913 1.962 2.01 2.059 2.107 2.156 2.204 2.252 2.3 2.348 2.396 2.444 2.515 2.632 2.749 2.867 2.984 3.096 3.196 3.296 3.396 3.496 3.596 3.696 3.796 3.896 3.996 4.096 4.196 4.254 4.306 4.357 4.409 4.46 4.512 4.563 4.615 4.666 4.718 4.769 4.822 4.885 4.948 5.011
1.055 1.074 1.093 1.112 1.131 1.151 1.176 1.201 1.227 1.252 1.278 1.303 1.328 1.354 1.379 1.423 1.472 1.521 1.57 1.619 1.668 1.717 1.74 1.75 1.761 1.771 1.781 1.791 1.802 1.812 1.822 1.833 1.846 1.859 1.871 1.884 1.897 1.91 1.914 1.886 1.858 1.831 1.803 1.775 1.747 1.729 1.721 1.712 1.703 1.694 1.686 1.677 1.668 1.659 1.651 1.653 1.659 1.666 1.672 1.678 1.685 1.691 1.697 1.704 1.71 1.681 1.639 1.596 1.553 1.51 1.467 1.433 1.418 1.404 1.39 1.376 1.362 1.348 1.379 1.41 1.44 1.471 1.501 1.532 1.563 1.593 1.624 1.654 1.699 1.748 1.796 1.845 1.893 1.942 1.99 2.039 2.087 2.136 2.184 2.232 2.28 2.328 2.376 2.424 2.495 2.613 2.73 2.848 2.965 3.083 3.191 3.291 3.391 3.491 3.591 3.691 3.791 3.891 3.991 4.091 4.191 4.248 4.3 4.351 4.403 4.454 4.506 4.557 4.609 4.66 4.712 4.763 4.825 4.888 4.951 5.014
1.106 1.125 1.144 1.163 1.182 1.202 1.227 1.252 1.278 1.303 1.328 1.354 1.379 1.405 1.445 1.494 1.543 1.592 1.641 1.69 1.739 1.788 1.81 1.821 1.831 1.841 1.852 1.862 1.872 1.883 1.893 1.906 1.918 1.931 1.944 1.957 1.97 1.983 1.986 1.958 1.93 1.903 1.875 1.847 1.819 1.792 1.777 1.769 1.76 1.751 1.742 1.734 1.725 1.716 1.707 1.71 1.716 1.723 1.729 1.735 1.742 1.748 1.754 1.761 1.739 1.697 1.654 1.611 1.568 1.525 1.483 1.448 1.434 1.42 1.406 1.392 1.377 1.363 1.359 1.39 1.42 1.451 1.481 1.512 1.542 1.573 1.604 1.634 1.68 1.728 1.777 1.825 1.874 1.922 1.971 2.019 2.067 2.116 2.164 2.212 2.26 2.308 2.355 2.403 2.476 2.594 2.711 2.829 2.946 3.063 3.181 3.286 3.386 3.486 3.586 3.686 3.786 3.886 3.986 4.086 4.186 4.242 4.294 4.345 4.397 4.448 4.5 4.551 4.603 4.654 4.706 4.766 4.829 4.892 4.955 5.018
1.157 1.176 1.195 1.214 1.233 1.253 1.278 1.303 1.329 1.354 1.379 1.405 1.43 1.467 1.516 1.565 1.614 1.663 1.712 1.761 1.81 1.859 1.881 1.891 1.902 1.912 1.922 1.933 1.943 1.953 1.965 1.978 1.991 2.004 2.017 2.03 2.042 2.055 2.058 2.03 2.002 1.975 1.947 1.919 1.891 1.864 1.836 1.825 1.817 1.808 1.799 1.79 1.782 1.773 1.764 1.767 1.773 1.78 1.786 1.792 1.799 1.805 1.812 1.797 1.754 1.712 1.669 1.626 1.583 1.54 1.498 1.464 1.45 1.435 1.421 1.407 1.393 1.379 1.365 1.369 1.4 1.431 1.461 1.492 1.522 1.553 1.583 1.614 1.66 1.708 1.757 1.805 1.854 1.902 1.951 1.999 2.048 2.096 2.143 2.191 2.239 2.287 2.335 2.383 2.457 2.574 2.692 2.809 2.927 3.044 3.162 3.279 3.38 3.48 3.58 3.68 3.78 3.88 3.98 4.08 4.18 4.236 4.288 4.339 4.391 4.442 4.494 4.545 4.597 4.648 4.707 4.77 4.833 4.896 4.959 5.022
1.208 1.227 1.245 1.264 1.283 1.304 1.329 1.354 1.38 1.405 1.43 1.456 1.489 1.538 1.587 1.636 1.685 1.734 1.783 1.832 1.882 1.931 1.951 1.962 1.972 1.982 1.993 2.003 2.013 2.025 2.038 2.051 2.064 2.077 2.089 2.102 2.115 2.128 2.13 2.102 2.074 2.047 2.019 1.991 1.963 1.936 1.908 1.882 1.874 1.865 1.856 1.847 1.838 1.83 1.821 1.824 1.831 1.837 1.843 1.85 1.856 1.862 1.855 1.812 1.77 1.727 1.684 1.641 1.598 1.556 1.513 1.479 1.465 1.451 1.437 1.423 1.409 1.394 1.38 1.366 1.38 1.41 1.441 1.472 1.502 1.533 1.563 1.594 1.64 1.688 1.737 1.785 1.834 1.882 1.931 1.979 2.027 2.075 2.123 2.171 2.219 2.267 2.315 2.363 2.438 2.555 2.673 2.79 2.908 3.025 3.143 3.26 3.375 3.475 3.575 3.675 3.775 3.875 3.975 4.075 4.175 4.23 4.282 4.333 4.385 4.436 4.488 4.539 4.591 4.648 4.711 4.774 4.837 4.9 4.963 5.026
1.258 1.277 1.296 1.315 1.334 1.354 1.38 1.405 1.431 1.456 1.481 1.511 1.56 1.609 1.658 1.707 1.756 1.806 1.855 1.904 1.953 2.002 2.022 2.032 2.043 2.053 2.063 2.074 2.085 2.098 2.111 2.124 2.136 2.149 2.162 2.175 2.188 2.201 2.202 2.174 2.146 2.119 2.091 2.063 2.035 2.008 1.98 1.952 1.93 1.922 1.913 1.904 1.895 1.887 1.878 1.881 1.888 1.894 1.9 1.907 1.913 1.913 1.87 1.827 1.785 1.742 1.699 1.656 1.613 1.571 1.528 1.495 1.481 1.467 1.452 1.438 1.424 1.41 1.396 1.382 1.368 1.39 1.421 1.451 1.482 1.513 1.543 1.574 1.62 1.668 1.717 1.765 1.814 1.862 1.911 1.959 2.007 2.055 2.103 2.151 2.199 2.247 2.294 2.342 2.419 2.536 2.654 2.771 2.889 3.006 3.123 3.241 3.358 3.47 3.57 3.67 3.77 3.87 3.97 4.07 4.17 4.224 4.276 4.327 4.379 4.43 4.482 4.533 4.588 4.651 4.714 4.778 4.841 4.904 4.967 5.03
1.309 1.328 1.347 1.366 1.385 1.405 1.431 1.456 1.481 1.507 1.533 1.582 1.631 1.68 1.73 1.779 1.828 1.877 1.926 1.975 2.024 2.073 2.092 2.103 2.113 2.123 2.134 2.145 2.158 2.171 2.183 2.196 2.209 2.222 2.235 2.248 2.26 2.273 2.274 2.246 2.218 2.191 2.163 2.135 2.107 2.08 2.052 2.024 1.996 1.978 1.97 1.961 1.952 1.943 1.935 1.938 1.945 1.951 1.957 1.964 1.97 1.928 1.885 1.843 1.8 1.757 1.714 1.671 1.629 1.586 1.543 1.511 1.496 1.482 1.468 1.454 1.44 1.426 1.411 1.397 1.383 1.37 1.401 1.431 1.462 1.492 1.523 1.554 1.6 1.649 1.697 1.746 1.794 1.843 1.891 1.939 1.987 2.035 2.082 2.13 2.178 2.226 2.274 2.322 2.4 2.517 2.634 2.752 2.869 2.987 3.104 3.222 3.339 3.457 3.565 3.665 3.765 3.865 3.965 4.065 4.165 4.218 4.269 4.321 4.372 4.424 4.475 4.529 4.592 4.655 4.718 4.781 4.844 4.907 4.97 5.033
1.348 1.379 1.398 1.417 1.436 1.456 1.482 1.507 1.532 1.558 1.604 1.653 1.703 1.752 1.801 1.85 1.899 1.948 1.997 2.046 2.095 2.144 2.163 2.173 2.184 2.194 2.205 2.218 2.23 2.243 2.256 2.269 2.282 2.295 2.307 2.32 2.333 2.346 2.346 2.318 2.29 2.263 2.235 2.207 2.179 2.152 2.124 2.096 2.068 2.041 2.026 2.018 2.009 2.0 1.991 1.995 2.002 2.008 2.014 2.021 1.986 1.943 1.9 1.858 1.815 1.772 1.729 1.686 1.644 1.601 1.558 1.526 1.512 1.498 1.484 1.469 1.455 1.441 1.427 1.413 1.399 1.384 1.381 1.411 1.442 1.472 1.503 1.533 1.58 1.629 1.677 1.726 1.774 1.823 1.87 1.918 1.966 2.014 2.062 2.11 2.158 2.206 2.254 2.302 2.38 2.498 2.615 2.733 2.85 2.968 3.085 3.203 3.32 3.437 3.555 3.659 3.759 3.859 3.959 4.059 4.159 4.212 4.263 4.315 4.366 4.418 4.47 4.533 4.596 4.659 4.722 4.785 4.848 4.911 4.974 5.037
1.38 1.422 1.449 1.468 1.487 1.507 1.533 1.558 1.583 1.627 1.676 1.725 1.774 1.823 1.872 1.921 1.97 2.019 2.068 2.117 2.166 2.215 2.234 2.244 2.254 2.265 2.277 2.29 2.303 2.316 2.329 2.342 2.354 2.367 2.38 2.393 2.406 2.419 2.418 2.39 2.362 2.335 2.307 2.279 2.251 2.224 2.196 2.168 2.14 2.113 2.085 2.075 2.066 2.057 2.048 2.052 2.059 2.065 2.071 2.044 2.001 1.958 1.916 1.873 1.83 1.787 1.744 1.702 1.659 1.616 1.573 1.542 1.527 1.513 1.499 1.485 1.471 1.457 1.443 1.428 1.414 1.4 1.386 1.391 1.422 1.452 1.483 1.513 1.56 1.609 1.657 1.706 1.754 1.802 1.85 1.898 1.946 1.994 2.042 2.09 2.138 2.186 2.233 2.281 2.361 2.479 2.596 2.714 2.831 2.948 3.066 3.183 3.301 3.418 3.536 3.653 3.754 3.854 3.954 4.054 4.154 4.206 4.257 4.309 4.36 4.412 4.474 4.537 4.6 4.663 4.726 4.789 4.852 4.915 4.978 5.041
1.412 1.454 1.497 1.519 1.537 1.558 1.583 1.609 1.649 1.698 1.747 1.796 1.845 1.894 1.943 1.992 2.041 2.09 2.139 2.188 2.237 2.286 2.304 2.314 2.325 2.337 2.35 2.363 2.376 2.389 2.401 2.414 2.427 2.44 2.453 2.466 2.478 2.491 2.49 2.462 2.434 2.407 2.379 2.351 2.323 2.296 2.268 2.24 2.212 2.185 2.157 2.131 2.123 2.114 2.105 2.11 2.116 2.122 2.102 2.059 2.016 1.973 1.931 1.888 1.845 1.802 1.759 1.717 1.674 1.631 1.588 1.557 1.543 1.529 1.515 1.501 1.486 1.472 1.458 1.444 1.43 1.416 1.401 1.387 1.401 1.432 1.463 1.493 1.541 1.589 1.638 1.686 1.734 1.782 1.83 1.878 1.926 1.974 2.021 2.069 2.117 2.165 2.213 2.261 2.342 2.46 2.577 2.694 2.812 2.929 3.047 3.164 3.282 3.399 3.517 3.634 3.749 3.849 3.949 4.049 4.148 4.2 4.251 4.303 4.354 4.414 4.478 4.541 4.604 4.667 4.73 4.793 4.856 4.919 4.982 5.045
1.444 1.486 1.529 1.569 1.588 1.609 1.634 1.671 1.72 1.769 1.818 1.867 1.916 1.965 2.014 2.063 2.112 2.161 2.21 2.259 2.308 2.357 2.375 2.385 2.397 2.41 2.423 2.436 2.448 2.461 2.474 2.487 2.5 2.513 2.525 2.538 2.551 2.564 2.562 2.534 2.506 2.479 2.451 2.423 2.395 2.368 2.34 2.312 2.284 2.257 2.229 2.201 2.179 2.171 2.162 2.167 2.173 2.16 2.117 2.074 2.031 1.989 1.946 1.903 1.86 1.817 1.775 1.732 1.689 1.646 1.603 1.573 1.559 1.544 1.53 1.516 1.502 1.488 1.474 1.46 1.445 1.431 1.417 1.403 1.389 1.412 1.442 1.473 1.521 1.569 1.618 1.666 1.714 1.761 1.809 1.857 1.905 1.953 2.001 2.049 2.097 2.145 2.193 2.241 2.323 2.44 2.558 2.675 2.793 2.91 3.028 3.145 3.263 3.38 3.497 3.615 3.732 3.844 3.944 4.044 4.142 4.194 4.245 4.297 4.355 4.418 4.481 4.544 4.607 4.67 4.733 4.796 4.86 4.923 4.986 5.049
1.476 1.518 1.561 1.603 1.639 1.66 1.693 1.742 1.791 1.84 1.889 1.938 1.987 2.036 2.085 2.134 2.183 2.232 2.281 2.33 2.379 2.429 2.445 2.457 2.47 2.483 2.495 2.508 2.521 2.534 2.547 2.56 2.572 2.585 2.598 2.611 2.624 2.636 2.634 2.606 2.578 2.551 2.523 2.495 2.467 2.44 2.412 2.384 2.356 2.329 2.301 2.273 2.245 2.227 2.219 2.224 2.218 2.175 2.132 2.089 2.046 2.004 1.961 1.918 1.875 1.832 1.79 1.747 1.704 1.661 1.618 1.588 1.574 1.56 1.546 1.532 1.518 1.503 1.489 1.475 1.461 1.447 1.433 1.418 1.404 1.392 1.422 1.453 1.501 1.549 1.597 1.645 1.693 1.741 1.789 1.837 1.885 1.933 1.981 2.029 2.077 2.125 2.172 2.22 2.304 2.421 2.539 2.656 2.774 2.891 3.008 3.126 3.243 3.361 3.478 3.596 3.713 3.831 3.938 4.038 4.136 4.188 4.239 4.296 4.359 4.422 4.485 4.548 4.611 4.674 4.737 4.8 4.863 4.926 4.989 5.052
1.508 1.55 1.593 1.635 1.677 1.715 1.764 1.813 1.862 1.911 1.96 2.009 2.058 2.107 2.156 2.205 2.254 2.303 2.353 2.402 2.451 2.5 2.517 2.53 2.542 2.555 2.568 2.581 2.594 2.607 2.619 2.632 2.645 2.658 2.671 2.683 2.696 2.709 2.706 2.678 2.65 2.623 2.595 2.567 2.539 2.512 2.484 2.456 2.428 2.401 2.373 2.345 2.317 2.289 2.275 2.275 2.233 2.19 2.147 2.104 2.061 2.019 1.976 1.933 1.89 1.848 1.805 1.762 1.719 1.676 1.634 1.604 1.59 1.576 1.561 1.547 1.533 1.519 1.505 1.491 1.477 1.462 1.448 1.434 1.42 1.406 1.402 1.433 1.481 1.529 1.577 1.625 1.673 1.721 1.769 1.817 1.865 1.913 1.96 2.008 2.056 2.104 2.152 2.2 2.285 2.402 2.52 2.637 2.754 2.872 2.989 3.107 3.224 3.342 3.459 3.577 3.694 3.811 3.929 4.033 4.13 4.182 4.237 4.3 4.363 4.426 4.489 4.552 4.615 4.678 4.741 4.804 4.867 4.93 4.993 5.056
1.516 1.559 1.602 1.645 1.689 1.788 1.854 1.903 1.952 2.0 2.049 2.098 2.146 2.195 2.244 2.292 2.341 2.39 2.438 2.487 2.536 2.584 2.629 2.64 2.652 2.663 2.675 2.687 2.698 2.71 2.722 2.733 2.745 2.757 2.768 2.78 2.792 2.803 2.812 2.782 2.752 2.723 2.693 2.663 2.633 2.604 2.574 2.544 2.515 2.485 2.455 2.426 2.396 2.366 2.336 2.292 2.248 2.205 2.162 2.119 2.077 2.034 1.991 1.948 1.905 1.863 1.82 1.777 1.734 1.691 1.649 1.62 1.605 1.591 1.577 1.563 1.549 1.535 1.52 1.506 1.492 1.478 1.464 1.45 1.435 1.421 1.407 1.413 1.461 1.509 1.557 1.605 1.653 1.7 1.748 1.796 1.844 1.892 1.94 1.988 2.036 2.084 2.132 2.18 2.265 2.383 2.5 2.618 2.735 2.853 2.97 3.088 3.205 3.322 3.44 3.557 3.675 3.792 3.91 4.027 4.124 4.178 4.241 4.304 4.367 4.43 4.493 4.556 4.619 4.682 4.745 4.808 4.871 4.934 4.997 5.06
1.522 1.565 1.608 1.65 1.74 1.839 1.943 1.998 2.047 2.096 2.144 2.193 2.242 2.29 2.339 2.388 2.436 2.485 2.534 2.582 2.631 2.68 2.75 2.785 2.797 2.808 2.82 2.832 2.843 2.855 2.867 2.878 2.89 2.902 2.913 2.925 2.937 2.948 2.967 2.973 2.943 2.914 2.884 2.854 2.825 2.795 2.765 2.735 2.706 2.676 2.646 2.617 2.587 2.557 2.528 2.482 2.437 2.391 2.345 2.3 2.254 2.208 2.163 2.117 2.071 2.026 1.98 1.934 1.889 1.843 1.801 1.803 1.789 1.771 1.753 1.735 1.717 1.699 1.681 1.663 1.645 1.627 1.609 1.591 1.573 1.555 1.537 1.521 1.564 1.608 1.651 1.694 1.738 1.781 1.825 1.868 1.911 1.955 1.998 2.042 2.085 2.128 2.172 2.215 2.317 2.428 2.54 2.651 2.762 2.873 2.984 3.095 3.206 3.317 3.429 3.54 3.656 3.773 3.891 4.008 4.118 4.181 4.244 4.307 4.37 4.433 4.497 4.56 4.623 4.686 4.749 4.812 4.875 4.938 5.001 5.064
1.527 1.57 1.613 1.695 1.792 1.891 1.994 2.094 2.142 2.191 2.24 2.288 2.337 2.386 2.434 2.483 2.532 2.58 2.629 2.678 2.726 2.775 2.846 2.919 2.942 2.953 2.965 2.977 2.988 3.0 3.012 3.023 3.035 3.047 3.058 3.07 3.082 3.093 3.112 3.14 3.135 3.105 3.075 3.045 3.016 2.986 2.956 2.927 2.897 2.867 2.837 2.808 2.778 2.748 2.719 2.673 2.628 2.582 2.536 2.491 2.445 2.399 2.354 2.308 2.262 2.216 2.171 2.125 2.079 2.034 2.019 2.021 2.037 2.019 2.001 1.983 1.965 1.947 1.929 1.911 1.893 1.875 1.857 1.839 1.821 1.803 1.785 1.769 1.813 1.856 1.899 1.943 1.986 2.03 2.073 2.117 2.16 2.203 2.247 2.29 2.334 2.377 2.42 2.517 2.658 2.782 2.893 3.004 3.115 3.226 3.337 3.448 3.56 3.671 3.782 3.893 4.004 4.115 4.226 4.337 4.442 4.499 4.556 4.614 4.671 4.728 4.785 4.842 4.899 4.956 5.013 5.07 5.127 5.184 5.241 5.298
1.533 1.576 1.65 1.747 1.843 1.943 2.046 2.149 2.237 2.286 2.335 2.383 2.432 2.481 2.529 2.578 2.627 2.675 2.724 2.773 2.821 2.87 2.941 3.015 3.087 3.098 3.11 3.122 3.133 3.145 3.156 3.168 3.18 3.191 3.203 3.215 3.226 3.238 3.257 3.285 3.313 3.296 3.266 3.237 3.207 3.177 3.147 3.118 3.088 3.058 3.029 2.999 2.969 2.939 2.91 2.864 2.818 2.773 2.727 2.681 2.636 2.59 2.544 2.499 2.453 2.407 2.362 2.316 2.27 2.251 2.236 2.239 2.258 2.266 2.248 2.23 2.212 2.194 2.176 2.158 2.14 2.122 2.104 2.086 2.068 2.05 2.032 2.018 2.061 2.105 2.148 2.191 2.235 2.278 2.322 2.365 2.408 2.452 2.495 2.539 2.582 2.625 2.709 2.844 2.985 3.129 3.246 3.357 3.468 3.58 3.691 3.802 3.913 4.024 4.135 4.246 4.357 4.468 4.58 4.691 4.795 4.852 4.909 4.966 5.023 5.08 5.137 5.194 5.251 5.308 5.365 5.422 5.479 5.536 5.593 5.649
1.539 1.605 1.701 1.798 1.895 1.994 2.098 2.201 2.304 2.381 2.43 2.479 2.527 2.576 2.625 2.673 2.722 2.771 2.819 2.868 2.917 2.965 3.037 3.11 3.184 3.243 3.255 3.266 3.278 3.29 3.301 3.313 3.325 3.336 3.348 3.36 3.371 3.383 3.402 3.43 3.458 3.486 3.457 3.428 3.398 3.368 3.338 3.309 3.279 3.249 3.22 3.19 3.16 3.131 3.101 3.055 3.009 2.964 2.918 2.872 2.827 2.781 2.735 2.69 2.644 2.598 2.553 2.507 2.483 2.468 2.454 2.458 2.476 2.495 2.496 2.478 2.46 2.442 2.424 2.406 2.388 2.37 2.352 2.334 2.316 2.298 2.28 2.266 2.31 2.353 2.397 2.44 2.483 2.527 2.57 2.614 2.657 2.7 2.744 2.787 2.831 2.901 3.036 3.171 3.312 3.456 3.6 3.711 3.822 3.933 4.044 4.155 4.266 4.377 4.488 4.6 4.711 4.822 4.933 5.044 5.147 5.204 5.261 5.318 5.375 5.432 5.489 5.547 5.604 5.661 5.718 5.775 5.832 5.889 5.946 5.958
1.559 1.656 1.753 1.85 1.946 2.046 2.149 2.252 2.356 2.459 2.525 2.574 2.623 2.671 2.72 2.769 2.817 2.866 2.915 2.963 3.012 3.061 3.133 3.206 3.279 3.353 3.4 3.411 3.423 3.435 3.446 3.458 3.47 3.481 3.493 3.505 3.516 3.528 3.547 3.575 3.603 3.631 3.648 3.619 3.589 3.559 3.53 3.5 3.47 3.44 3.411 3.381 3.351 3.322 3.292 3.246 3.2 3.155 3.109 3.063 3.017 2.972 2.926 2.88 2.835 2.789 2.743 2.715 2.7 2.686 2.672 2.676 2.694 2.713 2.732 2.725 2.707 2.689 2.671 2.653 2.635 2.617 2.599 2.581 2.563 2.545 2.527 2.515 2.558 2.602 2.645 2.688 2.732 2.775 2.819 2.862 2.905 2.949 2.992 3.036 3.092 3.228 3.363 3.498 3.639 3.783 3.927 4.064 4.175 4.286 4.397 4.508 4.62 4.731 4.842 4.953 5.064 5.175 5.286 5.397 5.5 5.557 5.614 5.671 5.728 5.785 5.842 5.899 5.956 6.013 6.07 6.127 6.184 6.241 6.26 6.266
1.611 1.708 1.804 1.901 1.998 2.098 2.201 2.304 2.407 2.511 2.614 2.669 2.718 2.767 2.815 2.864 2.913 2.961 3.01 3.059 3.107 3.156 3.228 3.302 3.375 3.448 3.522 3.556 3.568 3.58 3.591 3.603 3.615 3.626 3.638 3.649 3.661 3.673 3.693 3.72 3.748 3.776 3.804 3.81 3.78 3.75 3.721 3.691 3.661 3.632 3.602 3.572 3.542 3.513 3.482 3.437 3.391 3.345 3.3 3.254 3.208 3.163 3.117 3.071 3.026 2.98 2.946 2.932 2.918 2.903 2.889 2.894 2.913 2.931 2.95 2.969 2.955 2.937 2.919 2.901 2.883 2.865 2.847 2.829 2.811 2.793 2.775 2.763 2.807 2.85 2.894 2.937 2.98 3.024 3.067 3.111 3.154 3.197 3.241 3.284 3.419 3.555 3.69 3.825 3.966 4.11 4.254 4.398 4.528 4.639 4.751 4.862 4.973 5.084 5.195 5.306 5.417 5.528 5.64 5.751 5.852 5.909 5.966 6.023 6.08 6.137 6.194 6.251 6.308 6.365 6.422 6.48 6.537 6.563 6.569 6.575
1.663 1.759 1.856 1.953 2.05 2.149 2.252 2.356 2.459 2.562 2.666 2.765 2.813 2.862 2.911 2.959 3.008 3.057 3.105 3.154 3.203 3.251 3.324 3.397 3.471 3.544 3.617 3.691 3.713 3.724 3.736 3.748 3.759 3.771 3.783 3.794 3.806 3.818 3.838 3.866 3.893 3.921 3.949 3.977 3.971 3.942 3.912 3.882 3.852 3.823 3.793 3.763 3.734 3.704 3.673 3.628 3.582 3.536 3.491 3.445 3.399 3.353 3.308 3.262 3.216 3.178 3.164 3.15 3.135 3.121 3.107 3.112 3.131 3.15 3.168 3.187 3.202 3.184 3.166 3.148 3.13 3.112 3.094 3.076 3.058 3.04 3.022 3.012 3.055 3.099 3.142 3.186 3.229 3.272 3.316 3.359 3.403 3.446 3.489 3.611 3.747 3.882 4.017 4.152 4.293 4.437 4.581 4.725 4.869 4.993 5.104 5.215 5.326 5.437 5.548 5.66 5.771 5.882 5.993 6.104 6.204 6.261 6.318 6.375 6.433 6.49 6.547 6.604 6.661 6.718 6.775 6.832 6.866 6.872 6.878 6.884
1.714 1.811 1.908 2.004 2.101 2.201 2.304 2.407 2.511 2.614 2.717 2.82 2.909 2.957 3.006 3.055 3.103 3.152 3.201 3.249 3.298 3.347 3.42 3.493 3.566 3.64 3.713 3.786 3.858 3.869 3.881 3.893 3.904 3.916 3.928 3.939 3.951 3.963 3.983 4.011 4.039 4.066 4.094 4.122 4.15 4.133 4.103 4.073 4.044 4.014 3.984 3.954 3.925 3.895 3.864 3.818 3.773 3.727 3.681 3.636 3.59 3.544 3.499 3.453 3.41 3.396 3.382 3.367 3.353 3.339 3.324 3.33 3.349 3.368 3.386 3.405 3.424 3.432 3.414 3.396 3.378 3.36 3.342 3.324 3.306 3.288 3.27 3.26 3.304 3.347 3.391 3.434 3.477 3.521 3.564 3.608 3.651 3.694 3.803 3.938 4.074 4.209 4.344 4.479 4.621 4.764 4.908 5.052 5.196 5.34 5.457 5.568 5.679 5.791 5.902 6.013 6.124 6.235 6.346 6.457 6.557 6.614 6.671 6.728 6.785 6.842 6.899 6.956 7.013 7.07 7.127 7.168 7.175 7.181 7.187 7.193
1.766 1.862 1.959 2.056 2.153 2.252 2.356 2.459 2.562 2.666 2.769 2.872 2.975 3.053 3.101 3.15 3.199 3.247 3.296 3.345 3.393 3.442 3.516 3.589 3.662 3.735 3.809 3.882 3.955 4.014 4.026 4.038 4.049 4.061 4.073 4.084 4.096 4.108 4.128 4.156 4.184 4.212 4.239 4.267 4.295 4.323 4.294 4.264 4.235 4.205 4.175 4.146 4.116 4.086 4.055 4.009 3.964 3.918 3.872 3.827 3.781 3.735 3.69 3.644 3.628 3.614 3.599 3.585 3.571 3.556 3.542 3.548 3.567 3.586 3.605 3.623 3.642 3.661 3.661 3.643 3.625 3.607 3.589 3.571 3.553 3.535 3.517 3.509 3.552 3.596 3.639 3.683 3.726 3.769 3.813 3.856 3.9 3.995 4.13 4.265 4.401 4.536 4.671 4.806 4.948 5.092 5.236 5.379 5.523 5.667 5.811 5.922 6.033 6.144 6.255 6.366 6.477 6.588 6.7 6.811 6.909 6.966 7.023 7.08 7.137 7.194 7.251 7.308 7.366 7.423 7.471 7.477 7.483 7.489 7.496 7.502
1.817 1.914 2.011 2.107 2.204 2.304 2.407 2.511 2.614 2.717 2.82 2.924 3.027 3.13 3.196 3.245 3.294 3.342 3.391 3.44 3.488 3.538 3.611 3.684 3.758 3.831 3.904 3.978 4.051 4.124 4.171 4.182 4.194 4.206 4.217 4.229 4.241 4.252 4.273 4.301 4.329 4.357 4.385 4.412 4.44 4.468 4.485 4.455 4.426 4.396 4.366 4.337 4.307 4.277 4.246 4.2 4.154 4.109 4.063 4.017 3.972 3.926 3.88 3.86 3.846 3.831 3.817 3.803 3.788 3.774 3.76 3.767 3.785 3.804 3.823 3.841 3.86 3.879 3.898 3.891 3.873 3.855 3.837 3.819 3.801 3.783 3.765 3.757 3.801 3.844 3.888 3.931 3.974 4.018 4.061 4.105 4.186 4.322 4.457 4.592 4.728 4.863 4.998 5.133 5.275 5.419 5.563 5.707 5.851 5.994 6.138 6.275 6.386 6.497 6.608 6.719 6.831 6.942 7.053 7.164 7.262 7.319 7.376 7.433 7.49 7.547 7.604 7.661 7.718 7.774 7.78 7.786 7.792 7.798 7.804 7.811
1.869 1.965 2.062 2.159 2.256 2.356 2.459 2.562 2.666 2.769 2.872 2.975 3.079 3.182 3.285 3.34 3.389 3.438 3.486 3.535 3.584 3.634 3.707 3.78 3.853 3.927 4.0 4.073 4.147 4.22 4.293 4.327 4.339 4.351 4.362 4.374 4.386 4.397 4.418 4.446 4.474 4.502 4.53 4.558 4.585 4.613 4.641 4.647 4.617 4.587 4.557 4.528 4.498 4.468 4.437 4.391 4.345 4.3 4.254 4.208 4.163 4.117 4.092 4.078 4.063 4.049 4.035 4.02 4.006 3.992 3.977 3.985 4.003 4.022 4.041 4.06 4.078 4.097 4.116 4.135 4.12 4.102 4.084 4.066 4.048 4.03 4.012 4.006 4.049 4.093 4.136 4.18 4.223 4.266 4.31 4.378 4.513 4.649 4.784 4.919 5.055 5.19 5.325 5.461 5.602 5.746 5.89 6.034 6.178 6.322 6.466 6.609 6.739 6.851 6.962 7.073 7.184 7.295 7.406 7.517 7.614 7.671 7.728 7.785 7.842 7.899 7.956 8.013 8.07 8.083 8.089 8.095 8.101 8.107 8.113 8.119
1.92 2.017 2.114 2.21 2.307 2.407 2.511 2.614 2.717 2.82 2.924 3.027 3.13 3.234 3.337 3.436 3.484 3.533 3.582 3.63 3.679 3.729 3.803 3.876 3.949 4.022 4.096 4.169 4.242 4.316 4.389 4.462 4.484 4.496 4.507 4.519 4.531 4.542 4.564 4.591 4.619 4.647 4.675 4.703 4.731 4.758 4.786 4.814 4.808 4.778 4.749 4.719 4.689 4.659 4.628 4.582 4.536 4.49 4.445 4.399 4.353 4.324 4.31 4.295 4.281 4.267 4.252 4.238 4.224 4.209 4.195 4.203 4.222 4.24 4.259 4.278 4.297 4.315 4.334 4.353 4.368 4.35 4.332 4.314 4.296 4.278 4.26 4.255 4.298 4.341 4.385 4.428 4.472 4.515 4.57 4.705 4.841 4.976 5.111 5.246 5.382 5.517 5.652 5.788 5.929 6.073 6.217 6.361 6.505 6.649 6.793 6.937 7.081 7.204 7.315 7.426 7.537 7.648 7.759 7.871 7.966 8.023 8.08 8.137 8.195 8.252 8.309 8.366 8.385 8.392 8.398 8.404 8.41 8.416 8.422 8.428
1.972 2.069 2.165 2.262 2.359 2.459 2.562 2.666 2.769 2.872 2.975 3.079 3.182 3.285 3.388 3.492 3.58 3.628 3.677 3.726 3.774 3.825 3.898 3.972 4.045 4.118 4.191 4.265 4.338 4.411 4.484 4.558 4.629 4.641 4.652 4.664 4.675 4.687 4.709 4.737 4.764 4.792 4.82 4.848 4.876 4.904 4.931 4.959 4.987 4.969 4.94 4.91 4.88 4.851 4.818 4.773 4.727 4.681 4.636 4.59 4.556 4.541 4.527 4.513 4.498 4.484 4.47 4.456 4.441 4.427 4.413 4.421 4.44 4.459 4.477 4.496 4.515 4.533 4.552 4.571 4.59 4.597 4.579 4.561 4.543 4.525 4.507 4.503 4.546 4.59 4.633 4.677 4.72 4.763 4.897 5.032 5.168 5.303 5.438 5.573 5.709 5.844 5.979 6.115 6.256 6.4 6.544 6.688 6.832 6.976 7.12 7.264 7.408 7.552 7.668 7.779 7.891 8.002 8.113 8.224 8.319 8.376 8.433 8.49 8.547 8.604 8.661 8.688 8.694 8.7 8.706 8.713 8.719 8.725 8.731 8.737
2.023 2.12 2.217 2.314 2.41 2.511 2.614 2.717 2.821 2.924 3.027 3.13 3.234 3.337 3.44 3.543 3.647 3.724 3.772 3.821 3.87 3.921 3.994 4.067 4.14 4.214 4.287 4.36 4.434 4.507 4.58 4.653 4.727 4.785 4.797 4.809 4.82 4.832 4.854 4.882 4.91 4.937 4.965 4.993 5.021 5.049 5.077 5.104 5.132 5.16 5.131 5.101 5.071 5.042 5.009 4.964 4.918 4.872 4.827 4.788 4.773 4.759 4.745 4.73 4.716 4.702 4.687 4.673 4.659 4.645 4.63 4.639 4.658 4.677 4.695 4.714 4.733 4.752 4.77 4.789 4.808 4.827 4.827 4.809 4.791 4.773 4.755 4.752 4.795 4.838 4.882 4.925 4.969 5.089 5.224 5.359 5.495 5.63 5.765 5.9 6.036 6.171 6.306 6.442 6.584 6.728 6.871 7.015 7.159 7.303 7.447 7.591 7.735 7.879 8.022 8.133 8.244 8.355 8.466 8.577 8.671 8.728 8.785 8.842 8.899 8.956 8.991 8.997 9.003 9.009 9.015 9.021 9.028 9.034 9.04 9.046
2.075 2.172 2.268 2.365 2.462 2.562 2.666 2.769 2.872 2.975 3.079 3.182 3.285 3.389 3.492 3.595 3.698 3.802 3.868 3.916 3.965 4.016 4.09 4.163 4.236 4.309 4.383 4.456 4.529 4.603 4.676 4.749 4.822 4.896 4.942 4.954 4.965 4.977 4.999 5.027 5.055 5.083 5.11 5.138 5.166 5.194 5.222 5.25 5.277 5.305 5.322 5.292 5.263 5.233 5.2 5.154 5.109 5.063 5.02 5.005 4.991 4.977 4.962 4.948 4.934 4.919 4.905 4.891 4.876 4.862 4.848 4.857 4.876 4.895 4.914 4.932 4.951 4.97 4.989 5.007 5.026 5.045 5.063 5.056 5.038 5.02 5.002 5.0 5.043 5.087 5.13 5.174 5.28 5.416 5.551 5.686 5.822 5.957 6.092 6.227 6.363 6.498 6.633 6.769 6.911 7.055 7.199 7.342 7.486 7.63 7.774 7.918 8.062 8.206 8.35 8.486 8.597 8.708 8.819 8.931 9.023 9.081 9.138 9.195 9.252 9.294 9.3 9.306 9.312 9.318 9.324 9.33 9.336 9.342 9.349 9.355
2.126 2.223 2.32 2.417 2.513 2.614 2.717 2.821 2.924 3.027 3.13 3.234 3.337 3.44 3.543 3.647 3.75 3.853 3.957 4.012 4.06 4.112 4.185 4.259 4.332 4.405 4.478 4.552 4.625 4.698 4.772 4.845 4.918 4.991 5.065 5.099 5.11 5.122 5.144 5.172 5.2 5.228 5.256 5.283 5.311 5.339 5.367 5.395 5.423 5.45 5.478 5.483 5.454 5.424 5.391 5.345 5.3 5.254 5.237 5.223 5.209 5.194 5.18 5.166 5.151 5.137 5.123 5.108 5.094 5.08 5.065 5.076 5.094 5.113 5.132 5.151 5.169 5.188 5.207 5.225 5.244 5.263 5.282 5.3 5.286 5.268 5.25 5.249 5.292 5.335 5.379 5.472 5.607 5.743 5.878 6.013 6.149 6.284 6.419 6.554 6.69 6.825 6.96 7.096 7.238 7.382 7.526 7.67 7.814 7.957 8.101 8.245 8.389 8.533 8.677 8.821 8.95 9.062 9.173 9.284 9.376 9.433 9.49 9.547 9.596 9.602 9.609 9.615 9.621 9.627 9.633 9.639 9.645 9.651 9.657 9.664
2.178 2.275 2.371 2.468 2.565 2.666 2.769 2.872 2.975 3.079 3.182 3.285 3.389 3.492 3.595 3.698 3.802 3.905 4.008 4.107 4.155 4.208 4.281 4.354 4.428 4.501 4.574 4.647 4.721 4.794 4.867 4.94 5.014 5.087 5.16 5.234 5.255 5.267 5.289 5.317 5.345 5.373 5.401 5.429 5.456 5.484 5.512 5.54 5.568 5.596 5.623 5.651 5.645 5.615 5.582 5.536 5.49 5.469 5.455 5.441 5.426 5.412 5.398 5.383 5.369 5.355 5.34 5.326 5.312 5.297 5.283 5.294 5.313 5.331 5.35 5.369 5.387 5.406 5.425 5.444 5.462 5.481 5.5 5.519 5.533 5.515 5.497 5.497 5.541 5.584 5.664 5.799 5.934 6.07 6.205 6.34 6.476 6.611 6.746 6.882 7.017 7.152 7.287 7.423 7.565 7.709 7.853 7.997 8.141 8.285 8.429 8.572 8.716 8.86 9.004 9.148 9.292 9.415 9.526 9.637 9.728 9.785 9.842 9.899 9.905 9.911 9.917 9.924 9.93 9.936 9.942 9.948 9.954 9.96 9.966 9.972
2.229 2.326 2.423 2.52 2.616 2.717 2.821 2.924 3.027 3.13 3.234 3.337 3.44 3.543 3.647 3.75 3.853 3.957 4.06 4.163 4.251 4.303 4.377 4.45 4.523 4.596 4.67 4.743 4.816 4.89 4.963 5.036 5.109 5.183 5.256 5.329 5.4 5.412 5.435 5.462 5.49 5.518 5.546 5.574 5.602 5.629 5.657 5.685 5.713 5.741 5.769 5.796 5.824 5.806 5.773 5.727 5.701 5.687 5.673 5.658 5.644 5.63 5.615 5.601 5.587 5.572 5.558 5.544 5.529 5.515 5.501 5.512 5.531 5.549 5.568 5.587 5.606 5.624 5.643 5.662 5.681 5.699 5.718 5.737 5.755 5.763 5.745 5.746 5.789 5.856 5.991 6.126 6.262 6.397 6.532 6.667 6.803 6.938 7.073 7.209 7.344 7.479 7.614 7.75 7.892 8.036 8.18 8.324 8.468 8.612 8.756 8.9 9.044 9.187 9.331 9.475 9.619 9.763 9.879 9.99 10.081 10.138 10.195 10.208 10.214 10.22 10.226 10.232 10.238 10.245 10.251 10.257 10.263 10.269 10.275 10.281
2.281 2.378 2.475 2.571 2.668 2.769 2.872 2.975 3.079 3.182 3.285 3.389 3.492 3.595 3.698 3.802 3.905 4.008 4.111 4.215 4.318 4.399 4.472 4.546 4.619 4.692 4.765 4.839 4.912 4.985 5.059 5.132 5.205 5.278 5.352 5.425 5.498 5.557 5.58 5.608 5.635 5.663 5.691 5.719 5.747 5.775 5.802 5.83 5.858 5.886 5.914 5.942 5.969 5.997 5.963 5.933 5.919 5.905 5.89 5.876 5.862 5.847 5.833 5.819 5.804 5.79 5.776 5.761 5.747 5.733 5.718 5.73 5.749 5.768 5.786 5.805 5.824 5.843 5.861 5.88 5.899 5.917 5.936 5.955 5.974 5.992 5.992 5.994 6.047 6.183 6.318 6.453 6.589 6.724 6.859 6.994 7.13 7.265 7.4 7.536 7.671 7.806 7.941 8.077 8.219 8.363 8.507 8.651 8.795 8.939 9.083 9.227 9.371 9.515 9.659 9.802 9.946 10.09 10.233 10.344 10.433 10.49 10.511 10.517 10.523 10.529 10.535 10.541 10.547 10.553 10.559 10.566 10.572 10.578 10.584 10.59
2.287 2.384 2.482 2.579 2.677 2.813 2.919 3.023 3.126 3.23 3.333 3.436 3.54 3.643 3.746 3.85 3.953 4.056 4.16 4.263 4.366 4.464 4.538 4.612 4.686 4.76 4.835 4.909 4.983 5.057 5.131 5.205 5.279 5.353 5.427 5.501 5.575 5.65 5.686 5.716 5.745 5.775 5.805 5.834 5.864 5.894 5.923 5.953 5.983 6.012 6.042 6.072 6.101 6.131 6.15 6.139 6.127 6.116 6.105 6.093 6.079 6.065 6.051 6.036 6.022 6.008 5.993 5.979 5.965 5.95 5.936 5.948 5.967 5.986 6.005 6.023 6.042 6.061 6.079 6.098 6.117 6.136 6.154 6.173 6.192 6.21 6.229 6.243 6.374 6.51 6.645 6.78 6.916 7.051 7.186 7.321 7.457 7.592 7.727 7.863 7.998 8.133 8.268 8.404 8.547 8.691 8.834 8.978 9.122 9.266 9.41 9.554 9.698 9.842 9.986 10.13 10.274 10.417 10.561 10.697 10.785 10.813 10.819 10.826 10.832 10.838 10.844 10.85 10.856 10.862 10.868 10.874 10.881 10.887 10.893 10.899
2.29 2.388 2.485 2.583 2.68 2.817 2.966 3.069 3.173 3.276 3.379 3.483 3.586 3.69 3.793 3.896 4.0 4.103 4.206 4.31 4.413 4.51 4.584 4.658 4.732 4.807 4.881 4.955 5.029 5.103 5.177 5.251 5.325 5.399 5.473 5.547 5.621 5.701 5.726 5.747 5.777 5.807 5.836 5.866 5.896 5.925 5.955 5.985 6.014 6.044 6.074 6.103 6.133 6.163 6.181 6.17 6.158 6.147 6.136 6.125 6.113 6.102 6.091 6.08 6.068 6.057 6.046 6.035 6.023 6.012 6.056 6.09 6.11 6.131 6.151 6.171 6.192 6.212 6.232 6.253 6.273 6.293 6.314 6.334 6.354 6.374 6.395 6.546 6.693 6.829 6.965 7.1 7.236 7.371 7.507 7.642 7.778 7.913 8.049 8.185 8.32 8.456 8.591 8.727 8.87 9.014 9.158 9.302 9.447 9.591 9.735 9.879 10.023 10.167 10.312 10.456 10.6 10.744 10.888 11.032 11.116 11.122 11.128 11.134 11.141 11.147 11.153 11.159 11.165 11.171 11.177 11.183 11.189 11.195 11.202 11.208
2.294 2.391 2.489 2.586 2.684 2.821 2.978 3.116 3.219 3.323 3.426 3.529 3.633 3.736 3.839 3.943 4.046 4.149 4.253 4.356 4.46 4.556 4.63 4.705 4.779 4.853 4.927 5.001 5.075 5.149 5.223 5.297 5.371 5.445 5.519 5.593 5.672 5.753 5.776 5.783 5.809 5.838 5.868 5.898 5.927 5.957 5.987 6.016 6.046 6.076 6.105 6.135 6.165 6.194 6.212 6.2 6.189 6.178 6.167 6.155 6.144 6.133 6.122 6.11 6.099 6.088 6.077 6.065 6.054 6.082 6.18 6.213 6.233 6.254 6.274 6.294 6.315 6.335 6.355 6.376 6.396 6.416 6.437 6.457 6.477 6.497 6.572 6.742 7.005 7.141 7.276 7.412 7.547 7.683 7.818 7.954 8.09 8.225 8.361 8.496 8.632 8.767 8.903 9.038 9.182 9.326 9.47 9.614 9.758 9.903 10.047 10.191 10.335 10.479 10.623 10.768 10.912 11.056 11.2 11.377 11.555 11.585 11.589 11.592 11.595 11.599 11.602 11.605 11.609 11.612 11.615 11.619 11.622 11.625 11.629 11.632
2.297 2.395 2.492 2.59 2.687 2.826 2.982 3.138 3.266 3.369 3.473 3.576 3.679 3.783 3.886 3.989 4.093 4.196 4.299 4.403 4.506 4.602 4.677 4.751 4.825 4.899 4.973 5.047 5.121 5.195 5.269 5.343 5.417 5.491 5.565 5.643 5.724 5.804 5.827 5.833 5.84 5.87 5.9 5.929 5.959 5.989 6.018 6.048 6.078 6.107 6.137 6.167 6.196 6.226 6.243 6.231 6.22 6.209 6.198 6.186 6.175 6.164 6.153 6.141 6.13 6.119 6.108 6.096 6.109 6.207 6.305 6.336 6.356 6.377 6.397 6.417 6.438 6.458 6.478 6.499 6.519 6.539 6.559 6.58 6.6 6.663 6.764 6.937 7.218 7.452 7.588 7.723 7.859 7.995 8.13 8.266 8.401 8.537 8.672 8.808 8.943 9.079 9.215 9.35 9.494 9.638 9.782 9.926 10.07 10.214 10.359 10.503 10.647 10.791 10.935 11.079 11.224 11.368 11.528 11.788 11.963 12.044 12.058 12.061 12.065 12.068 12.071 12.075 12.078 12.082 12.085 12.088 12.092 12.095 12.098 12.102
2.3 2.398 2.495 2.593 2.69 2.83 2.986 3.142 3.299 3.416 3.519 3.622 3.726 3.829 3.933 4.036 4.139 4.243 4.346 4.449 4.553 4.649 4.723 4.797 4.871 4.945 5.019 5.093 5.167 5.241 5.315 5.389 5.463 5.537 5.614 5.695 5.775 5.856 5.877 5.883 5.89 5.902 5.931 5.961 5.991 6.02 6.05 6.08 6.109 6.139 6.169 6.198 6.228 6.258 6.274 6.262 6.251 6.24 6.229 6.217 6.206 6.195 6.184 6.172 6.161 6.15 6.139 6.135 6.233 6.331 6.429 6.459 6.479 6.5 6.52 6.54 6.561 6.581 6.601 6.622 6.642 6.662 6.682 6.703 6.754 6.855 6.956 7.132 7.414 7.695 7.9 8.035 8.171 8.306 8.442 8.577 8.713 8.848 8.984 9.12 9.255 9.391 9.526 9.662 9.805 9.95 10.094 10.238 10.382 10.526 10.67 10.815 10.959 11.103 11.247 11.391 11.535 11.68 11.939 12.199 12.371 12.452 12.528 12.531 12.534 12.538 12.541 12.544 12.548 12.551 12.554 12.558 12.561 12.564 12.568 12.571
2.304 2.401 2.499 2.596 2.694 2.834 2.991 3.147 3.303 3.459 3.566 3.669 3.772 3.876 3.979 4.082 4.186 4.289 4.393 4.496 4.599 4.695 4.769 4.843 4.917 4.991 5.065 5.139 5.213 5.287 5.361 5.435 5.509 5.585 5.666 5.747 5.827 5.908 5.928 5.934 5.94 5.946 5.963 5.993 6.022 6.052 6.082 6.111 6.141 6.171 6.2 6.23 6.26 6.289 6.305 6.293 6.282 6.271 6.26 6.248 6.237 6.226 6.215 6.203 6.192 6.181 6.17 6.259 6.357 6.455 6.553 6.582 6.602 6.623 6.643 6.663 6.684 6.704 6.724 6.745 6.765 6.785 6.805 6.844 6.946 7.047 7.149 7.327 7.609 7.89 8.172 8.347 8.482 8.618 8.753 8.889 9.025 9.16 9.296 9.431 9.567 9.702 9.838 9.973 10.117 10.261 10.406 10.55 10.694 10.838 10.982 11.126 11.271 11.415 11.559 11.703 11.847 12.089 12.35 12.61 12.779 12.859 12.94 13.0 13.004 13.007 13.01 13.014 13.017 13.02 13.024 13.027 13.03 13.034 13.037 13.04
2.307 2.405 2.502 2.6 2.697 2.839 2.995 3.151 3.307 3.464 3.612 3.716 3.819 3.922 4.026 4.129 4.232 4.336 4.439 4.542 4.646 4.741 4.815 4.889 4.963 5.037 5.111 5.185 5.259 5.333 5.407 5.482 5.557 5.637 5.718 5.798 5.879 5.959 5.978 5.984 5.99 5.997 6.003 6.024 6.054 6.084 6.113 6.143 6.173 6.202 6.232 6.262 6.291 6.321 6.336 6.324 6.313 6.302 6.291 6.279 6.268 6.257 6.246 6.234 6.223 6.212 6.285 6.383 6.481 6.579 6.677 6.705 6.725 6.746 6.766 6.786 6.807 6.827 6.847 6.867 6.888 6.908 6.935 7.037 7.138 7.24 7.341 7.523 7.804 8.086 8.367 8.649 8.794 8.93 9.065 9.201 9.336 9.472 9.607 9.743 9.878 10.014 10.15 10.285 10.429 10.573 10.717 10.862 11.006 11.15 11.294 11.438 11.582 11.727 11.871 12.015 12.24 12.5 12.761 13.021 13.187 13.267 13.348 13.428 13.473 13.476 13.48 13.483 13.486 13.49 13.493 13.496 13.5 13.503 13.507 13.51
2.311 2.408 2.506 2.603 2.701 2.843 2.999 3.156 3.312 3.468 3.624 3.762 3.866 3.969 4.072 4.176 4.279 4.382 4.486 4.589 4.692 4.787 4.861 4.935 5.009 5.083 5.157 5.231 5.305 5.379 5.454 5.528 5.608 5.689 5.769 5.85 5.93 6.011 6.028 6.035 6.041 6.047 6.053 6.059 6.086 6.115 6.145 6.175 6.204 6.234 6.264 6.293 6.323 6.353 6.367 6.355 6.344 6.333 6.322 6.31 6.299 6.288 6.277 6.265 6.254 6.312 6.41 6.508 6.606 6.704 6.802 6.828 6.848 6.869 6.889 6.909 6.93 6.95 6.97 6.99 7.011 7.031 7.128 7.229 7.33 7.432 7.533 7.718 7.999 8.281 8.562 8.844 9.106 9.241 9.377 9.512 9.648 9.783 9.919 10.055 10.19 10.326 10.461 10.597 10.741 10.885 11.029 11.173 11.318 11.462 11.606 11.75 11.894 12.038 12.183 12.391 12.651 12.911 13.172 13.432 13.595 13.675 13.756 13.836 13.917 13.946 13.949 13.953 13.956 13.959 13.963 13.966 13.969 13.973 13.976 13.979
2.314 2.412 2.509 2.607 2.704 2.847 3.004 3.16 3.316 3.472 3.628 3.785 3.912 4.015 4.119 4.222 4.326 4.429 4.532 4.636 4.739 4.833 4.907 4.981 5.055 5.129 5.203 5.277 5.351 5.426 5.5 5.579 5.66 5.74 5.821 5.901 5.982 6.062 6.079 6.085 6.091 6.097 6.104 6.11 6.117 6.147 6.177 6.206 6.236 6.266 6.295 6.325 6.355 6.384 6.398 6.386 6.375 6.364 6.353 6.341 6.33 6.319 6.308 6.296 6.338 6.436 6.534 6.632 6.73 6.828 6.926 6.951 6.971 6.992 7.012 7.032 7.053 7.073 7.093 7.113 7.134 7.218 7.32 7.421 7.523 7.624 7.725 7.913 8.195 8.476 8.758 9.039 9.321 9.553 9.689 9.824 9.96 10.095 10.231 10.366 10.502 10.637 10.773 10.909 11.053 11.197 11.341 11.485 11.629 11.774 11.918 12.062 12.206 12.35 12.542 12.802 13.062 13.322 13.582 13.843 14.003 14.083 14.164 14.244 14.325 14.405 14.419 14.422 14.425 14.429 14.432 14.435 14.439 14.442 14.445 14.449
2.318 2.415 2.513 2.61 2.708 2.852 3.008 3.164 3.32 3.477 3.633 3.789 3.945 4.062 4.165 4.269 4.372 4.475 4.579 4.682 4.786 4.879 4.953 5.027 5.101 5.175 5.249 5.323 5.398 5.472 5.55 5.631 5.711 5.792 5.872 5.953 6.033 6.114 6.129 6.135 6.142 6.148 6.154 6.16 6.166 6.179 6.208 6.238 6.268 6.297 6.327 6.357 6.386 6.416 6.429 6.417 6.406 6.395 6.384 6.372 6.361 6.35 6.339 6.364 6.462 6.56 6.658 6.756 6.854 6.952 7.05 7.074 7.094 7.115 7.135 7.155 7.176 7.196 7.216 7.236 7.309 7.411 7.512 7.613 7.715 7.816 7.918 8.108 8.39 8.671 8.953 9.234 9.516 9.797 10.0 10.136 10.271 10.407 10.542 10.678 10.813 10.949 11.085 11.22 11.365 11.509 11.653 11.797 11.941 12.085 12.23 12.374 12.518 12.692 12.953 13.213 13.473 13.733 13.993 14.254 14.41 14.491 14.572 14.652 14.733 14.813 14.888 14.891 14.895 14.898 14.901 14.905 14.908 14.911 14.915 14.918
2.321 2.418 2.516 2.613 2.711 2.856 3.012 3.169 3.325 3.481 3.637 3.793 3.949 4.106 4.212 4.315 4.419 4.522 4.625 4.729 4.832 4.925 4.999 5.073 5.147 5.221 5.296 5.37 5.444 5.521 5.602 5.682 5.763 5.843 5.924 6.005 6.085 6.166 6.18 6.186 6.192 6.198 6.204 6.211 6.217 6.223 6.24 6.27 6.299 6.329 6.359 6.388 6.418 6.448 6.46 6.448 6.437 6.426 6.415 6.403 6.392 6.381 6.39 6.488 6.586 6.684 6.782 6.88 6.978 7.077 7.175 7.197 7.217 7.238 7.258 7.278 7.298 7.319 7.339 7.4 7.501 7.603 7.704 7.806 7.907 8.009 8.11 8.304 8.585 8.867 9.148 9.43 9.711 9.993 10.274 10.447 10.583 10.719 10.854 10.99 11.125 11.261 11.396 11.532 11.676 11.821 11.965 12.109 12.253 12.397 12.541 12.686 12.843 13.103 13.364 13.624 13.884 14.144 14.404 14.665 14.818 14.899 14.979 15.06 15.141 15.221 15.302 15.361 15.364 15.368 15.371 15.374 15.378 15.381 15.384 15.388
2.324 2.422 2.519 2.617 2.714 2.861 3.017 3.173 3.329 3.485 3.641 3.798 3.954 4.11 4.259 4.362 4.465 4.569 4.672 4.775 4.879 4.971 5.045 5.119 5.193 5.268 5.342 5.416 5.492 5.573 5.653 5.734 5.815 5.895 5.976 6.056 6.137 6.217 6.23 6.236 6.242 6.249 6.255 6.261 6.267 6.273 6.28 6.301 6.331 6.361 6.39 6.42 6.45 6.479 6.491 6.479 6.468 6.457 6.446 6.434 6.423 6.417 6.515 6.613 6.711 6.809 6.907 7.005 7.103 7.201 7.299 7.32 7.34 7.361 7.381 7.401 7.421 7.442 7.491 7.592 7.694 7.795 7.896 7.998 8.099 8.201 8.302 8.499 8.78 9.062 9.343 9.625 9.906 10.188 10.469 10.751 10.895 11.03 11.166 11.301 11.437 11.572 11.708 11.844 11.988 12.132 12.277 12.421 12.565 12.709 12.853 12.997 13.254 13.514 13.775 14.035 14.295 14.555 14.815 15.076 15.226 15.307 15.387 15.468 15.548 15.629 15.71 15.79 15.834 15.837 15.84 15.844 15.847 15.85 15.854 15.857
2.328 2.425 2.523 2.62 2.718 2.865 3.021 3.177 3.333 3.49 3.646 3.802 3.958 4.114 4.271 4.408 4.512 4.615 4.718 4.822 4.925 5.017 5.091 5.165 5.24 5.314 5.388 5.463 5.544 5.625 5.705 5.786 5.866 5.947 6.027 6.108 6.188 6.269 6.28 6.287 6.293 6.299 6.305 6.311 6.318 6.324 6.33 6.336 6.363 6.392 6.422 6.452 6.481 6.511 6.522 6.51 6.499 6.488 6.477 6.465 6.454 6.541 6.639 6.737 6.835 6.933 7.031 7.129 7.227 7.325 7.423 7.443 7.463 7.484 7.504 7.524 7.544 7.582 7.683 7.784 7.886 7.987 8.089 8.19 8.292 8.393 8.494 8.694 8.976 9.257 9.539 9.82 10.102 10.383 10.665 10.946 11.206 11.342 11.477 11.613 11.749 11.884 12.02 12.156 12.3 12.444 12.588 12.733 12.877 13.021 13.165 13.405 13.665 13.925 14.185 14.446 14.706 14.966 15.226 15.487 15.634 15.715 15.795 15.876 15.956 16.037 16.117 16.198 16.279 16.306 16.31 16.313 16.316 16.32 16.323 16.326
2.331 2.429 2.526 2.624 2.721 2.869 3.025 3.182 3.338 3.494 3.65 3.806 3.963 4.119 4.275 4.431 4.558 4.662 4.765 4.868 4.972 5.063 5.137 5.212 5.286 5.36 5.435 5.515 5.596 5.676 5.757 5.837 5.918 5.998 6.079 6.159 6.24 6.32 6.331 6.337 6.343 6.349 6.356 6.362 6.368 6.374 6.38 6.387 6.394 6.424 6.454 6.483 6.513 6.543 6.553 6.541 6.53 6.519 6.508 6.496 6.567 6.665 6.763 6.861 6.959 7.057 7.155 7.253 7.351 7.449 7.546 7.566 7.586 7.606 7.627 7.647 7.672 7.774 7.875 7.977 8.078 8.18 8.281 8.382 8.484 8.585 8.687 8.889 9.171 9.452 9.734 10.015 10.297 10.578 10.86 11.141 11.423 11.654 11.789 11.925 12.06 12.196 12.331 12.468 12.612 12.756 12.9 13.044 13.189 13.333 13.556 13.816 14.076 14.336 14.596 14.857 15.117 15.377 15.637 15.898 16.042 16.123 16.203 16.284 16.364 16.445 16.525 16.606 16.686 16.767 16.779 16.782 16.786 16.789 16.793 16.796
2.334 2.432 2.53 2.627 2.725 2.874 3.03 3.186 3.342 3.498 3.654 3.811 3.967 4.123 4.279 4.435 4.592 4.708 4.812 4.915 5.018 5.11 5.184 5.258 5.332 5.406 5.486 5.567 5.647 5.728 5.808 5.889 5.969 6.05 6.13 6.211 6.291 6.372 6.381 6.387 6.394 6.4 6.406 6.412 6.418 6.425 6.431 6.437 6.443 6.456 6.485 6.515 6.545 6.574 6.584 6.572 6.561 6.55 6.539 6.593 6.691 6.789 6.887 6.985 7.083 7.181 7.279 7.378 7.476 7.574 7.669 7.689 7.709 7.729 7.75 7.77 7.865 7.966 8.068 8.169 8.27 8.372 8.473 8.575 8.676 8.778 8.879 9.085 9.366 9.648 9.929 10.211 10.492 10.774 11.055 11.337 11.618 11.9 12.101 12.236 12.372 12.507 12.643 12.78 12.924 13.068 13.212 13.356 13.5 13.706 13.967 14.227 14.487 14.747 15.007 15.268 15.528 15.788 16.048 16.308 16.45 16.53 16.611 16.692 16.772 16.853 16.933 17.014 17.094 17.175 17.249 17.252 17.255 17.259 17.262 17.265
2.311 2.436 2.533 2.631 2.728 2.878 3.034 3.19 3.346 3.503 3.659 3.815 3.971 4.127 4.284 4.44 4.596 4.752 4.858 4.962 5.065 5.156 5.23 5.304 5.378 5.457 5.538 5.618 5.699 5.779 5.86 5.94 6.021 6.101 6.182 6.263 6.343 6.424 6.432 6.438 6.444 6.45 6.456 6.463 6.469 6.475 6.481 6.487 6.494 6.5 6.517 6.547 6.576 6.606 6.615 6.603 6.592 6.581 6.619 6.718 6.816 6.914 7.012 7.11 7.208 7.306 7.404 7.502 7.6 7.698 7.792 7.812 7.832 7.852 7.873 7.955 8.057 8.158 8.26 8.361 8.463 8.564 8.665 8.767 8.868 8.97 9.071 9.28 9.561 9.843 10.124 10.406 10.687 10.969 11.25 11.532 11.813 12.095 12.376 12.548 12.684 12.819 12.955 13.091 13.236 13.38 13.524 13.668 13.857 14.117 14.378 14.638 14.898 15.158 15.418 15.679 15.939 16.199 16.459 16.719 16.858 16.938 17.019 17.099 17.18 17.261 17.341 17.422 17.502 17.583 17.663 17.721 17.725 17.728 17.731 17.735
2.287 2.419 2.536 2.634 2.731 2.882 3.038 3.195 3.351 3.507 3.663 3.819 3.976 4.132 4.288 4.444 4.6 4.757 4.905 5.008 5.111 5.202 5.276 5.35 5.428 5.509 5.589 5.67 5.75 5.831 5.911 5.992 6.073 6.153 6.234 6.314 6.395 6.475 6.482 6.488 6.494 6.501 6.507 6.513 6.519 6.525 6.532 6.538 6.544 6.55 6.556 6.578 6.608 6.638 6.646 6.634 6.623 6.646 6.744 6.842 6.94 7.038 7.136 7.234 7.332 7.43 7.528 7.626 7.724 7.822 7.915 7.935 7.955 7.975 8.046 8.148 8.249 8.351 8.452 8.553 8.655 8.756 8.858 8.959 9.061 9.162 9.263 9.475 9.757 10.038 10.32 10.601 10.883 11.164 11.446 11.727 12.009 12.29 12.572 12.853 12.995 13.131 13.266 13.403 13.547 13.692 13.836 14.008 14.268 14.528 14.788 15.049 15.309 15.569 15.829 16.09 16.35 16.61 16.87 17.13 17.266 17.346 17.427 17.507 17.588 17.668 17.749 17.83 17.91 17.991 18.071 18.152 18.194 18.197 18.201 18.204
2.264 2.395 2.526 2.637 2.735 2.887 3.043 3.199 3.355 3.511 3.668 3.824 3.98 4.136 4.292 4.448 4.605 4.761 4.917 5.055 5.158 5.248 5.322 5.399 5.48 5.56 5.641 5.721 5.802 5.883 5.963 6.044 6.124 6.205 6.285 6.366 6.446 6.526 6.532 6.539 6.545 6.551 6.557 6.563 6.57 6.576 6.582 6.588 6.594 6.601 6.607 6.613 6.64 6.669 6.677 6.665 6.672 6.77 6.868 6.966 7.064 7.162 7.26 7.358 7.456 7.554 7.652 7.75 7.848 7.946 8.037 8.058 8.078 8.137 8.239 8.34 8.441 8.543 8.644 8.746 8.847 8.949 9.05 9.151 9.253 9.354 9.456 9.67 9.952 10.233 10.515 10.796 11.078 11.359 11.641 11.922 12.204 12.485 12.767 13.049 13.307 13.442 13.578 13.715 13.859 14.003 14.159 14.419 14.679 14.939 15.199 15.46 15.72 15.98 16.24 16.501 16.761 17.021 17.281 17.541 17.674 17.754 17.835 17.915 17.996 18.076 18.157 18.237 18.318 18.399 18.479 18.56 18.64 18.667 18.67 18.674
2.24 2.371 2.503 2.634 2.738 2.891 3.047 3.203 3.359 3.516 3.672 3.828 3.984 4.14 4.297 4.453 4.609 4.765 4.921 5.078 5.205 5.294 5.37 5.451 5.531 5.612 5.693 5.773 5.854 5.934 6.015 6.095 6.176 6.256 6.337 6.417 6.498 6.577 6.583 6.589 6.595 6.601 6.608 6.614 6.62 6.626 6.632 6.639 6.645 6.651 6.657 6.663 6.671 6.701 6.708 6.698 6.796 6.894 6.992 7.09 7.188 7.286 7.384 7.482 7.58 7.679 7.777 7.875 7.973 8.071 8.16 8.181 8.228 8.329 8.431 8.532 8.634 8.735 8.836 8.938 9.039 9.141 9.242 9.344 9.445 9.546 9.648 9.866 10.147 10.429 10.71 10.992 11.273 11.555 11.836 12.118 12.399 12.681 12.962 13.244 13.525 13.754 13.89 14.027 14.171 14.315 14.57 14.83 15.09 15.35 15.61 15.871 16.131 16.391 16.651 16.911 17.172 17.432 17.692 17.952 18.082 18.162 18.243 18.323 18.404 18.484 18.565 18.645 18.726 18.806 18.887 18.968 19.048 19.129 19.14 19.143
2.217 2.348 2.479 2.61 2.742 2.895 3.051 3.208 3.364 3.52 3.676 3.832 3.989 4.145 4.301 4.457 4.613 4.77 4.926 5.082 5.238 5.341 5.422 5.503 5.583 5.664 5.744 5.825 5.905 5.986 6.066 6.147 6.227 6.308 6.388 6.469 6.55 6.627 6.633 6.639 6.646 6.652 6.658 6.664 6.67 6.677 6.683 6.689 6.695 6.701 6.708 6.714 6.72 6.733 6.739 6.822 6.92 7.019 7.117 7.215 7.313 7.411 7.509 7.607 7.705 7.803 7.901 7.999 8.097 8.195 8.283 8.319 8.42 8.522 8.623 8.724 8.826 8.927 9.029 9.13 9.232 9.333 9.434 9.536 9.637 9.739 9.84 10.061 10.342 10.624 10.905 11.187 11.468 11.75 12.031 12.313 12.594 12.876 13.158 13.439 13.721 14.002 14.201 14.339 14.483 14.72 14.981 15.241 15.501 15.761 16.021 16.282 16.542 16.802 17.062 17.322 17.583 17.843 18.103 18.363 18.489 18.57 18.651 18.731 18.812 18.892 18.973 19.053 19.134 19.214 19.295 19.375 19.456 19.537 19.609 19.612
2.189 2.321 2.452 2.583 2.633 2.787 2.945 3.103 3.262 3.42 3.578 3.736 3.894 4.052 4.21 4.368 4.526 4.685 4.843 5.001 5.155 5.313 5.401 5.483 5.566 5.648 5.73 5.812 5.895 5.977 6.059 6.142 6.224 6.306 6.389 6.471 6.553 6.644 6.713 6.718 6.723 6.728 6.733 6.738 6.743 6.748 6.753 6.758 6.763 6.768 6.773 6.778 6.783 6.788 6.849 6.947 7.045 7.143 7.241 7.339 7.437 7.535 7.633 7.731 7.829 7.927 8.025 8.123 8.221 8.319 8.41 8.511 8.612 8.714 8.815 8.917 9.018 9.12 9.221 9.322 9.424 9.525 9.627 9.728 9.83 9.931 10.032 10.256 10.538 10.819 11.101 11.382 11.664 11.945 12.227 12.508 12.79 13.071 13.353 13.634 13.916 14.197 14.479 14.65 14.871 15.131 15.391 15.652 15.912 16.172 16.432 16.693 16.953 17.213 17.473 17.733 17.994 18.254 18.514 18.774 18.897 18.978 19.058 19.139 19.22 19.3 19.381 19.461 19.542 19.622 19.703 19.783 19.864 19.944 20.025 20.082
2.162 2.293 2.424 2.49 2.515 2.671 2.829 2.987 3.145 3.303 3.462 3.62 3.778 3.936 4.094 4.252 4.41 4.568 4.726 4.885 4.998 5.158 5.342 5.425 5.507 5.589 5.672 5.754 5.836 5.919 6.001 6.083 6.166 6.248 6.33 6.412 6.495 6.588 6.817 6.841 6.846 6.851 6.856 6.861 6.866 6.871 6.876 6.881 6.886 6.891 6.896 6.901 6.906 6.911 6.973 7.071 7.169 7.267 7.366 7.464 7.562 7.66 7.758 7.856 7.954 8.052 8.15 8.248 8.346 8.444 8.655 8.85 8.948 9.047 9.146 9.244 9.343 9.441 9.54 9.639 9.737 9.836 9.934 10.033 10.132 10.23 10.329 10.553 10.831 11.11 11.389 11.667 11.946 12.225 12.503 12.782 13.06 13.339 13.618 13.896 14.175 14.454 14.732 15.023 15.284 15.544 15.804 16.064 16.325 16.585 16.845 17.105 17.365 17.625 17.885 18.145 18.405 18.665 18.925 19.186 19.305 19.386 19.466 19.547 19.627 19.708 19.789 19.869 19.95 20.03 20.111 20.191 20.272 20.352 20.433 20.513
2.134 2.266 2.347 2.372 2.397 2.555 2.713 2.871 3.029 3.187 3.345 3.503 3.662 3.82 3.978 4.136 4.294 4.452 4.61 4.731 4.841 5.003 5.206 5.366 5.449 5.531 5.613 5.695 5.778 5.86 5.942 6.025 6.107 6.189 6.272 6.354 6.436 6.532 6.761 6.964 6.969 6.974 6.979 6.984 6.989 6.994 6.999 7.004 7.009 7.014 7.019 7.024 7.029 7.034 7.098 7.196 7.294 7.392 7.49 7.588 7.686 7.784 7.882 7.98 8.078 8.176 8.274 8.372 8.47 8.656 8.88 9.15 9.311 9.409 9.508 9.606 9.705 9.804 9.902 10.001 10.099 10.198 10.297 10.395 10.494 10.592 10.691 10.918 11.197 11.475 11.754 12.033 12.311 12.59 12.868 13.147 13.426 13.704 13.983 14.262 14.54 14.819 15.107 15.411 15.702 15.962 16.222 16.482 16.743 17.003 17.263 17.523 17.783 18.043 18.303 18.563 18.823 19.083 19.343 19.604 19.72 19.801 19.881 19.962 20.042 20.123 20.203 20.283 20.364 20.444 20.525 20.605 20.686 20.766 20.846 20.927
2.107 2.204 2.229 2.253 2.28 2.439 2.597 2.755 2.913 3.071 3.229 3.387 3.545 3.703 3.862 4.02 4.178 4.336 4.463 4.574 4.685 4.847 5.051 5.254 5.39 5.472 5.555 5.637 5.719 5.802 5.884 5.966 6.049 6.131 6.213 6.295 6.378 6.476 6.705 6.935 7.092 7.097 7.102 7.107 7.112 7.117 7.122 7.127 7.132 7.137 7.142 7.148 7.153 7.158 7.223 7.321 7.419 7.517 7.615 7.713 7.811 7.909 8.007 8.105 8.203 8.301 8.399 8.497 8.665 8.88 9.105 9.376 9.646 9.772 9.87 9.969 10.067 10.166 10.265 10.363 10.462 10.56 10.659 10.758 10.856 10.955 11.053 11.283 11.562 11.841 12.119 12.398 12.677 12.955 13.234 13.512 13.791 14.07 14.348 14.627 14.906 15.19 15.495 15.798 16.096 16.38 16.64 16.9 17.16 17.421 17.681 17.941 18.201 18.461 18.721 18.981 19.241 19.501 19.761 20.022 20.135 20.216 20.296 20.377 20.457 20.537 20.618 20.698 20.779 20.859 20.94 21.02 21.1 21.181 21.261 21.468
2.061 2.086 2.111 2.135 2.164 2.322 2.48 2.639 2.797 2.955 3.113 3.271 3.429 3.587 3.745 3.903 4.062 4.196 4.307 4.417 4.528 4.692 4.896 5.099 5.303 5.414 5.496 5.579 5.661 5.743 5.825 5.908 5.99 6.072 6.155 6.237 6.319 6.42 6.649 6.879 7.108 7.22 7.226 7.231 7.236 7.241 7.246 7.251 7.256 7.261 7.266 7.271 7.276 7.281 7.347 7.445 7.543 7.641 7.739 7.838 7.936 8.034 8.132 8.23 8.328 8.426 8.524 8.675 8.889 9.104 9.331 9.601 9.871 10.134 10.232 10.331 10.43 10.528 10.627 10.725 10.824 10.923 11.021 11.12 11.218 11.317 11.416 11.649 11.927 12.206 12.485 12.763 13.042 13.321 13.599 13.878 14.156 14.435 14.714 14.992 15.273 15.578 15.883 16.186 16.484 16.782 17.058 17.318 17.578 17.839 18.099 18.359 18.619 18.879 19.139 19.399 19.659 19.919 20.179 20.439 20.55 20.631 20.711 20.791 20.872 20.952 21.033 21.113 21.194 21.274 21.354 21.435 21.515 21.596 21.78 22.012
1.943 1.968 1.992 2.017 2.048 2.206 2.364 2.522 2.68 2.839 2.997 3.155 3.313 3.471 3.629 3.787 3.929 4.039 4.15 4.261 4.371 4.537 4.74 4.944 5.147 5.351 5.438 5.52 5.602 5.685 5.767 5.849 5.932 6.014 6.096 6.179 6.261 6.363 6.593 6.822 7.052 7.282 7.349 7.354 7.359 7.364 7.369 7.374 7.379 7.384 7.389 7.394 7.399 7.404 7.472 7.57 7.668 7.766 7.864 7.962 8.06 8.158 8.256 8.354 8.452 8.55 8.684 8.899 9.114 9.329 9.556 9.826 10.097 10.367 10.595 10.693 10.792 10.891 10.989 11.088 11.186 11.285 11.384 11.482 11.581 11.679 11.778 12.014 12.293 12.571 12.85 13.129 13.407 13.686 13.964 14.243 14.522 14.8 15.079 15.358 15.661 15.966 16.271 16.574 16.872 17.17 17.468 17.736 17.996 18.257 18.517 18.777 19.037 19.297 19.557 19.817 20.077 20.337 20.597 20.857 20.965 21.045 21.126 21.206 21.287 21.367 21.448 21.528 21.608 21.689 21.769 21.85 21.93 22.093 22.324 22.556
1.825 1.849 1.874 1.898 1.932 2.09 2.248 2.406 2.564 2.722 2.88 3.039 3.197 3.355 3.513 3.661 3.772 3.883 3.993 4.104 4.214 4.381 4.585 4.789 4.992 5.196 5.379 5.462 5.544 5.626 5.708 5.791 5.873 5.955 6.038 6.12 6.202 6.307 6.537 6.766 6.996 7.225 7.455 7.477 7.482 7.487 7.492 7.497 7.502 7.507 7.512 7.517 7.522 7.527 7.597 7.695 7.793 7.891 7.989 8.087 8.185 8.283 8.381 8.479 8.577 8.694 8.908 9.123 9.338 9.553 9.781 10.052 10.322 10.592 10.863 11.056 11.154 11.253 11.351 11.45 11.549 11.647 11.746 11.844 11.943 12.042 12.14 12.379 12.658 12.937 13.215 13.494 13.773 14.051 14.33 14.608 14.887 15.166 15.444 15.744 16.049 16.354 16.659 16.961 17.259 17.558 17.856 18.154 18.414 18.674 18.935 19.195 19.455 19.715 19.975 20.235 20.495 20.755 21.015 21.275 21.38 21.46 21.541 21.621 21.702 21.782 21.863 21.943 22.023 22.104 22.184 22.265 22.405 22.637 22.868 23.1
1.706 1.731 1.755 1.78 1.816 1.974 2.132 2.29 2.448 2.606 2.764 2.922 3.08 3.239 3.394 3.505 3.615 3.726 3.836 3.947 4.058 4.226 4.43 4.633 4.837 5.04 5.244 5.403 5.485 5.568 5.65 5.732 5.815 5.897 5.979 6.062 6.144 6.251 6.481 6.71 6.94 7.169 7.399 7.6 7.605 7.61 7.615 7.62 7.625 7.63 7.635 7.64 7.645 7.65 7.721 7.819 7.917 8.015 8.113 8.211 8.31 8.408 8.506 8.604 8.703 8.918 9.133 9.348 9.563 9.778 10.007 10.277 10.547 10.818 11.088 11.358 11.517 11.615 11.714 11.812 11.911 12.01 12.108 12.207 12.305 12.404 12.503 12.745 13.023 13.302 13.581 13.859 14.138 14.416 14.695 14.974 15.252 15.531 15.826 16.131 16.436 16.741 17.046 17.349 17.647 17.945 18.243 18.541 18.832 19.092 19.353 19.613 19.873 20.133 20.393 20.653 20.913 21.173 21.433 21.693 21.795 21.875 21.956 22.036 22.117 22.197 22.277 22.358 22.438 22.519 22.599 22.718 22.949 23.181 23.412 23.644
1.588 1.613 1.637 1.662 1.699 1.857 2.015 2.174 2.332 2.49 2.648 2.806 2.964 3.122 3.237 3.348 3.459 3.569 3.68 3.79 3.901 4.071 4.274 4.478 4.682 4.885 5.089 5.292 5.427 5.509 5.592 5.674 5.756 5.838 5.921 6.003 6.085 6.195 6.425 6.654 6.884 7.113 7.343 7.572 7.728 7.733 7.738 7.743 7.748 7.753 7.758 7.763 7.768 7.773 7.846 7.944 8.042 8.14 8.238 8.336 8.434 8.532 8.63 8.728 8.927 9.142 9.357 9.572 9.787 10.002 10.232 10.502 10.773 11.043 11.313 11.584 11.854 11.978 12.076 12.175 12.273 12.372 12.471 12.569 12.668 12.766 12.865 13.11 13.389 13.667 13.946 14.225 14.503 14.782 15.06 15.339 15.618 15.909 16.214 16.519 16.824 17.129 17.434 17.737 18.035 18.333 18.631 18.929 19.227 19.51 19.77 20.031 20.291 20.551 20.811 21.071 21.331 21.591 21.851 22.111 22.21 22.29 22.371 22.451 22.531 22.612 22.692 22.773 22.853 22.934 23.03 23.262 23.493 23.725 23.956 24.187
1.47 1.494 1.519 1.543 1.583 1.741 1.899 2.057 2.215 2.374 2.532 2.69 2.848 2.97 3.081 3.191 3.302 3.412 3.523 3.634 3.744 3.916 4.119 4.323 4.526 4.73 4.933 5.137 5.34 5.451 5.533 5.615 5.698 5.78 5.862 5.945 6.027 6.139 6.369 6.598 6.828 7.057 7.287 7.516 7.746 7.856 7.861 7.866 7.871 7.876 7.881 7.886 7.891 7.896 7.971 8.069 8.167 8.265 8.363 8.461 8.559 8.657 8.755 8.937 9.152 9.367 9.582 9.797 10.012 10.226 10.457 10.728 10.998 11.268 11.539 11.809 12.079 12.34 12.438 12.537 12.636 12.734 12.833 12.931 13.03 13.129 13.227 13.475 13.754 14.033 14.311 14.59 14.868 15.147 15.426 15.704 15.992 16.297 16.602 16.907 17.212 17.517 17.822 18.124 18.423 18.721 19.019 19.317 19.615 19.913 20.188 20.449 20.709 20.969 21.229 21.489 21.749 22.009 22.269 22.529 22.625 22.705 22.785 22.866 22.946 23.027 23.107 23.188 23.268 23.348 23.574 23.806 24.037 24.269 24.5 24.731
1.351 1.376 1.4 1.425 1.467 1.625 1.783 1.941 2.099 2.257 2.415 2.574 2.703 2.813 2.924 3.034 3.145 3.256 3.366 3.477 3.587 3.76 3.964 4.167 4.371 4.575 4.778 4.982 5.185 5.389 5.475 5.557 5.639 5.721 5.804 5.886 5.968 6.083 6.312 6.542 6.772 7.001 7.231 7.46 7.69 7.919 7.984 7.989 7.994 7.999 8.004 8.009 8.014 8.019 8.095 8.193 8.291 8.389 8.487 8.585 8.684 8.782 8.947 9.161 9.376 9.591 9.806 10.021 10.236 10.451 10.683 10.953 11.223 11.494 11.764 12.034 12.305 12.575 12.801 12.899 12.998 13.097 13.195 13.294 13.392 13.491 13.59 13.841 14.119 14.398 14.677 14.955 15.234 15.512 15.791 16.075 16.38 16.685 16.99 17.295 17.6 17.905 18.21 18.512 18.81 19.108 19.406 19.704 20.003 20.301 20.599 20.867 21.127 21.387 21.647 21.907 22.167 22.427 22.687 22.947 23.039 23.12 23.2 23.281 23.361 23.442 23.522 23.603 23.683 23.887 24.118 24.35 24.581 24.812 25.044 25.275
1.233 1.257 1.282 1.307 1.351 1.509 1.667 1.825 1.983 2.141 2.299 2.435 2.546 2.657 2.767 2.878 2.988 3.099 3.209 3.32 3.431 3.605 3.809 4.012 4.216 4.419 4.623 4.826 5.03 5.233 5.416 5.498 5.581 5.663 5.745 5.828 5.91 6.027 6.256 6.486 6.715 6.945 7.175 7.404 7.634 7.863 8.093 8.113 8.118 8.123 8.128 8.133 8.138 8.143 8.22 8.318 8.416 8.514 8.612 8.71 8.808 8.956 9.171 9.386 9.601 9.816 10.031 10.245 10.46 10.675 10.908 11.178 11.449 11.719 11.989 12.26 12.53 12.8 13.071 13.262 13.36 13.459 13.557 13.656 13.755 13.853 13.952 14.206 14.485 14.763 15.042 15.32 15.599 15.878 16.158 16.463 16.768 17.073 17.378 17.683 17.988 18.293 18.598 18.9 19.198 19.496 19.794 20.092 20.39 20.688 20.986 21.284 21.545 21.805 22.065 22.325 22.585 22.845 23.105 23.365 23.454 23.535 23.615 23.696 23.776 23.857 23.937 24.017 24.199 24.431 24.662 24.894 25.125 25.356 25.588 25.819
1.115 1.139 1.164 1.188 1.234 1.392 1.551 1.709 1.867 2.025 2.168 2.279 2.389 2.5 2.61 2.721 2.832 2.942 3.053 3.163 3.274 3.45 3.653 3.857 4.06 4.264 4.468 4.671 4.875 5.078 5.282 5.44 5.522 5.605 5.687 5.769 5.851 5.971 6.2 6.43 6.659 6.889 7.118 7.348 7.577 7.807 8.037 8.236 8.241 8.246 8.251 8.256 8.261 8.266 8.345 8.443 8.541 8.639 8.737 8.835 8.966 9.18 9.395 9.61 9.825 10.04 10.255 10.47 10.685 10.9 11.133 11.404 11.674 11.944 12.215 12.485 12.755 13.026 13.296 13.566 13.723 13.821 13.92 14.018 14.117 14.216 14.314 14.571 14.85 15.129 15.407 15.686 15.964 16.243 16.546 16.851 17.156 17.461 17.766 18.071 18.375 18.68 18.985 19.287 19.586 19.884 20.182 20.48 20.778 21.076 21.374 21.672 21.963 22.223 22.483 22.743 23.003 23.263 23.523 23.783 23.869 23.95 24.03 24.111 24.191 24.271 24.352 24.512 24.743 24.975 25.206 25.437 25.669 25.9 26.132 26.363
0.996 1.021 1.045 1.07 1.118 1.276 1.434 1.592 1.751 1.901 2.011 2.122 2.232 2.343 2.454 2.564 2.675 2.785 2.896 3.006 3.117 3.295 3.498 3.702 3.905 4.109 4.312 4.516 4.719 4.923 5.126 5.33 5.464 5.546 5.628 5.711 5.793 5.915 6.144 6.374 6.603 6.833 7.062 7.292 7.521 7.751 7.98 8.21 8.364 8.369 8.374 8.379 8.384 8.389 8.469 8.567 8.665 8.763 8.861 8.975 9.19 9.405 9.62 9.835 10.05 10.264 10.479 10.694 10.909 11.124 11.359 11.629 11.899 12.17 12.44 12.71 12.98 13.251 13.521 13.791 14.062 14.183 14.282 14.381 14.479 14.578 14.676 14.937 15.215 15.494 15.772 16.051 16.33 16.628 16.933 17.238 17.543 17.848 18.153 18.458 18.763 19.068 19.373 19.675 19.973 20.271 20.569 20.868 21.166 21.464 21.762 22.06 22.358 22.641 22.901 23.161 23.421 23.681 23.941 24.201 24.284 24.365 24.445 24.525 24.606 24.686 24.824 25.056 25.287 25.519 25.75 25.981 26.213 26.444 26.676 26.907
0.878 0.902 0.927 0.952 1.002 1.16 1.318 1.476 1.633 1.744 1.855 1.965 2.076 2.186 2.297 2.407 2.518 2.629 2.739 2.85 2.96 3.139 3.343 3.546 3.75 3.953 4.157 4.361 4.564 4.768 4.971 5.175 5.378 5.488 5.57 5.652 5.734 5.859 6.088 6.318 6.547 6.777 7.006 7.236 7.465 7.695 7.924 8.154 8.383 8.492 8.497 8.502 8.507 8.512 8.594 8.692 8.79 8.888 8.986 9.199 9.414 9.629 9.844 10.059 10.274 10.489 10.704 10.919 11.134 11.348 11.584 11.854 12.125 12.395 12.665 12.935 13.206 13.476 13.746 14.017 14.287 14.546 14.644 14.743 14.842 14.94 15.039 15.302 15.581 15.859 16.138 16.416 16.711 17.016 17.321 17.626 17.931 18.236 18.541 18.846 19.151 19.456 19.761 20.063 20.361 20.659 20.957 21.255 21.553 21.851 22.149 22.448 22.746 23.044 23.319 23.579 23.839 24.099 24.359 24.619 24.699 24.779 24.86 24.94 25.021 25.137 25.368 25.6 25.831 26.063 26.294 26.525 26.757 26.988 27.22 27.451
0.76 0.784 0.809 0.833 0.886 1.044 1.202 1.36 1.477 1.587 1.698 1.808 1.919 2.03 2.14 2.251 2.361 2.472 2.582 2.693 2.804 2.984 3.188 3.391 3.595 3.798 4.002 4.205 4.409 4.612 4.816 5.019 5.223 5.426 5.511 5.594 5.676 5.802 6.032 6.262 6.491 6.721 6.95 7.18 7.409 7.639 7.868 8.098 8.327 8.557 8.62 8.625 8.63 8.635 8.719 8.817 8.915 9.013 9.209 9.424 9.639 9.854 10.069 10.283 10.498 10.713 10.928 11.143 11.358 11.573 11.809 12.08 12.35 12.62 12.89 13.161 13.431 13.701 13.972 14.242 14.512 14.783 15.007 15.105 15.204 15.302 15.401 15.667 15.946 16.224 16.503 16.794 17.099 17.404 17.709 18.014 18.319 18.624 18.929 19.234 19.539 19.844 20.149 20.451 20.749 21.047 21.345 21.643 21.941 22.239 22.537 22.835 23.133 23.431 23.729 23.997 24.257 24.517 24.777 25.034 25.114 25.194 25.275 25.355 25.449 25.681 25.912 26.144 26.375 26.606 26.838 27.069 27.301 27.532 27.763 27.995
0.641 0.666 0.69 0.715 0.769 0.927 1.086 1.209 1.32 1.43 1.541 1.652 1.762 1.873 1.983 2.094 2.204 2.315 2.426 2.536 2.647 2.829 3.032 3.236 3.439 3.643 3.846 4.05 4.254 4.457 4.661 4.864 5.068 5.271 5.453 5.535 5.618 5.746 5.976 6.205 6.435 6.665 6.894 7.124 7.353 7.583 7.812 8.042 8.271 8.501 8.73 8.748 8.753 8.758 8.843 8.941 9.039 9.218 9.433 9.648 9.863 10.078 10.293 10.508 10.723 10.938 11.153 11.367 11.582 11.797 12.034 12.305 12.575 12.845 13.116 13.386 13.656 13.927 14.197 14.467 14.738 15.008 15.278 15.468 15.566 15.665 15.763 16.033 16.311 16.59 16.877 17.182 17.487 17.792 18.097 18.402 18.707 19.012 19.317 19.622 19.927 20.232 20.537 20.838 21.136 21.434 21.733 22.031 22.329 22.627 22.925 23.223 23.521 23.819 24.117 24.415 24.675 24.935 25.195 25.448 25.529 25.609 25.69 25.77 25.993 26.225 26.456 26.688 26.919 27.15 27.382 27.613 27.845 28.076 28.307 28.539
0.523 0.547 0.572 0.597 0.653 0.811 0.942 1.053 1.163 1.274 1.384 1.495 1.605 1.716 1.827 1.937 2.048 2.158 2.269 2.379 2.49 2.674 2.877 3.081 3.284 3.488 3.691 3.895 4.098 4.302 4.505 4.709 4.912 5.116 5.319 5.477 5.559 5.69 5.92 6.149 6.379 6.608 6.838 7.067 7.297 7.527 7.756 7.986 8.215 8.445 8.674 8.871 8.876 8.881 8.968 9.066 9.228 9.443 9.658 9.873 10.088 10.302 10.517 10.732 10.947 11.162 11.377 11.592 11.807 12.022 12.26 12.53 12.8 13.071 13.341 13.611 13.882 14.152 14.422 14.693 14.963 15.233 15.504 15.774 15.929 16.027 16.126 16.398 16.677 16.96 17.265 17.57 17.875 18.18 18.485 18.79 19.095 19.4 19.705 20.01 20.315 20.62 20.924 21.226 21.524 21.822 22.12 22.418 22.716 23.014 23.313 23.611 23.909 24.207 24.505 24.803 25.093 25.353 25.613 25.863 25.944 26.024 26.105 26.306 26.537 26.769 27.0 27.231 27.463 27.694 27.926 28.157 28.388 28.62 28.851 29.083
0.404 0.429 0.454 0.478 0.537 0.675 0.785 0.896 1.006 1.117 1.227 1.338 1.449 1.559 1.67 1.78 1.891 2.002 2.112 2.223 2.333 2.518 2.722 2.925 3.129 3.332 3.536 3.739 3.943 4.147 4.35 4.554 4.757 4.961 5.164 5.368 5.501 5.634 5.864 6.093 6.323 6.552 6.782 7.011 7.241 7.47 7.7 7.93 8.159 8.389 8.618 8.848 9.0 9.005 9.093 9.237 9.452 9.667 9.882 10.097 10.312 10.527 10.742 10.957 11.172 11.386 11.601 11.816 12.031 12.246 12.485 12.755 13.026 13.296 13.566 13.837 14.107 14.377 14.648 14.918 15.188 15.459 15.729 15.999 16.27 16.389 16.488 16.763 17.043 17.348 17.653 17.958 18.263 18.568 18.872 19.177 19.482 19.787 20.092 20.397 20.702 21.007 21.312 21.614 21.912 22.21 22.508 22.806 23.104 23.402 23.7 23.998 24.296 24.594 24.893 25.191 25.489 25.771 26.031 26.278 26.359 26.439 26.618 26.85 27.081 27.313 27.544 27.775 28.007 28.238 28.47 28.701 28.932 29.164 29.395 29.627
0.293 0.316 0.339 0.362 0.408 0.518 0.628 0.739 0.85 0.96 1.071 1.181 1.292 1.402 1.513 1.624 1.734 1.845 1.955 2.066 2.177 2.363 2.567 2.77 2.974 3.177 3.381 3.584 3.788 3.991 4.195 4.398 4.602 4.805 5.009 5.212 5.416 5.578 5.808 6.037 6.267 6.496 6.726 6.955 7.185 7.414 7.644 7.873 8.103 8.332 8.562 8.792 9.021 9.128 9.247 9.462 9.677 9.892 10.107 10.321 10.536 10.751 10.966 11.181 11.396 11.611 11.826 12.041 12.256 12.47 12.71 12.981 13.251 13.521 13.792 14.062 14.332 14.603 14.873 15.143 15.414 15.684 15.954 16.225 16.495 16.752 16.85 17.129 17.43 17.735 18.04 18.345 18.65 18.955 19.26 19.565 19.87 20.175 20.48 20.785 21.09 21.395 21.7 22.001 22.299 22.598 22.896 23.194 23.492 23.79 24.088 24.386 24.684 24.982 25.28 25.578 25.876 26.174 26.449 26.693 26.774 26.931 27.162 27.394 27.625 27.856 28.088 28.319 28.551 28.782 29.014 29.245 29.476 29.708 29.939 30.171
0.275 0.298 0.321 0.344 0.37 0.439 0.548 0.658 0.767 0.876 0.986 1.095 1.204 1.314 1.423 1.532 1.642 1.751 1.86 1.97 2.079 2.266 2.468 2.67 2.872 3.075 3.277 3.479 3.681 3.884 4.086 4.288 4.491 4.693 4.895 5.097 5.3 5.475 5.706 5.937 6.168 6.399 6.63 6.862 7.093 7.324 7.555 7.786 8.017 8.248 8.48 8.711 8.942 9.157 9.339 9.565 9.79 10.016 10.242 10.468 10.693 10.919 11.145 11.371 11.596 11.822 12.048 12.265 12.48 12.695 12.936 13.206 13.476 13.747 14.017 14.287 14.558 14.828 15.098 15.369 15.639 15.909 16.18 16.45 16.72 16.991 17.215 17.513 17.818 18.123 18.428 18.733 19.038 19.343 19.648 19.953 20.258 20.563 20.868 21.173 21.478 21.783 22.088 22.389 22.687 22.985 23.283 23.581 23.879 24.178 24.476 24.774 25.072 25.37 25.668 25.966 26.264 26.562 26.86 27.108 27.243 27.475 27.706 27.938 28.169 28.4 28.632 28.863 29.095 29.326 29.557 29.789 30.02 30.252 30.483 30.714
0.256 0.279 0.302 0.325 0.352 0.386 0.47 0.58 0.689 0.798 0.908 1.017 1.126 1.235 1.345 1.454 1.563 1.673 1.782 1.891 2.001 2.189 2.391 2.593 2.796 2.998 3.2 3.403 3.605 3.807 4.009 4.212 4.414 4.616 4.818 5.021 5.163 5.32 5.551 5.782 6.013 6.244 6.475 6.706 6.938 7.169 7.4 7.631 7.862 8.093 8.324 8.556 8.787 8.876 8.915 9.132 9.357 9.583 9.809 10.035 10.26 10.486 10.712 10.938 11.163 11.389 11.615 11.84 12.066 12.292 12.545 12.826 13.107 13.389 13.67 13.951 14.232 14.514 14.795 15.076 15.357 15.639 15.92 16.201 16.483 16.764 16.899 17.108 17.434 17.759 18.085 18.41 18.735 19.061 19.386 19.711 20.037 20.362 20.687 21.013 21.338 21.664 21.989 22.267 22.588 22.908 23.229 23.55 23.87 24.191 24.511 24.832 25.153 25.473 25.794 26.114 26.435 26.756 27.076 27.389 27.646 27.903 28.16 28.416 28.673 28.93 29.176 29.407 29.639 29.87 30.101 30.333 30.564 30.796 31.027 31.258
0.238 0.261 0.284 0.307 0.333 0.368 0.402 0.501 0.611 0.72 0.829 0.939 1.048 1.157 1.267 1.376 1.485 1.595 1.704 1.813 1.923 2.112 2.315 2.517 2.719 2.921 3.124 3.326 3.528 3.73 3.933 4.135 4.337 4.539 4.742 4.898 5.006 5.164 5.396 5.627 5.858 6.089 6.32 6.551 6.783 7.014 7.245 7.476 7.707 7.938 8.169 8.401 8.512 8.595 8.634 8.699 8.924 9.15 9.376 9.602 9.827 10.053 10.279 10.505 10.73 10.956 11.182 11.407 11.633 11.859 12.113 12.394 12.675 12.956 13.238 13.519 13.8 14.082 14.363 14.644 14.925 15.207 15.488 15.769 16.05 16.22 16.253 16.355 16.61 16.936 17.261 17.586 17.912 18.237 18.562 18.888 19.213 19.539 19.864 20.189 20.515 20.84 21.165 21.406 21.651 21.972 22.293 22.613 22.934 23.254 23.575 23.896 24.216 24.537 24.857 25.178 25.499 25.819 26.14 26.452 26.708 26.965 27.222 27.479 27.736 27.993 28.25 28.507 28.763 29.02 29.277 29.534 29.791 30.048 30.305 30.55
0.219 0.242 0.265 0.288 0.315 0.35 0.384 0.423 0.533 0.642 0.751 0.861 0.97 1.079 1.189 1.298 1.407 1.516 1.626 1.735 1.844 2.036 2.238 2.44 2.642 2.845 3.047 3.249 3.451 3.654 3.856 4.058 4.261 4.463 4.633 4.741 4.849 5.009 5.241 5.472 5.703 5.934 6.165 6.396 6.627 6.859 7.09 7.321 7.552 7.783 8.014 8.147 8.231 8.314 8.352 8.388 8.491 8.717 8.943 9.169 9.394 9.62 9.846 10.072 10.297 10.523 10.749 10.974 11.2 11.426 11.681 11.962 12.243 12.524 12.806 13.087 13.368 13.649 13.931 14.212 14.493 14.775 15.056 15.337 15.543 15.573 15.608 15.71 15.811 16.112 16.437 16.763 17.088 17.414 17.739 18.064 18.39 18.715 19.04 19.366 19.691 20.016 20.342 20.58 20.762 21.036 21.356 21.677 21.997 22.318 22.639 22.959 23.28 23.6 23.921 24.242 24.562 24.883 25.203 25.514 25.771 26.028 26.285 26.542 26.798 27.055 27.312 27.569 27.826 28.083 28.34 28.597 28.853 29.11 29.36 29.587
0.201 0.224 0.247 0.27 0.297 0.331 0.366 0.4 0.454 0.564 0.673 0.782 0.892 1.001 1.11 1.22 1.329 1.438 1.548 1.657 1.766 1.959 2.161 2.364 2.566 2.768 2.97 3.173 3.375 3.577 3.779 3.982 4.184 4.368 4.476 4.584 4.691 4.854 5.086 5.317 5.548 5.779 6.01 6.241 6.472 6.704 6.935 7.166 7.397 7.628 7.783 7.866 7.95 8.034 8.07 8.106 8.142 8.284 8.51 8.736 8.961 9.187 9.413 9.639 9.864 10.09 10.316 10.542 10.767 10.993 11.248 11.53 11.811 12.092 12.374 12.655 12.936 13.217 13.499 13.78 14.061 14.343 14.624 14.866 14.897 14.927 14.963 15.065 15.166 15.289 15.614 15.939 16.265 16.59 16.915 17.241 17.566 17.891 18.217 18.542 18.868 19.193 19.518 19.754 19.936 20.118 20.42 20.74 21.061 21.382 21.702 22.023 22.344 22.664 22.985 23.305 23.626 23.947 24.267 24.577 24.834 25.09 25.347 25.604 25.861 26.118 26.375 26.632 26.889 27.145 27.402 27.659 27.916 28.17 28.397 28.624
0.183 0.206 0.229 0.252 0.279 0.313 0.347 0.382 0.416 0.486 0.595 0.704 0.814 0.923 1.032 1.142 1.251 1.36 1.47 1.579 1.688 1.882 2.085 2.287 2.489 2.691 2.894 3.096 3.298 3.5 3.703 3.905 4.103 4.211 4.319 4.426 4.534 4.699 4.93 5.162 5.393 5.624 5.855 6.086 6.317 6.548 6.78 7.011 7.242 7.418 7.502 7.585 7.669 7.752 7.788 7.825 7.861 7.897 8.077 8.303 8.528 8.754 8.98 9.206 9.431 9.657 9.883 10.109 10.334 10.56 10.816 11.098 11.379 11.66 11.942 12.223 12.504 12.785 13.067 13.348 13.629 13.91 14.19 14.22 14.251 14.281 14.318 14.42 14.521 14.623 14.79 15.116 15.441 15.766 16.092 16.417 16.743 17.068 17.393 17.719 18.044 18.369 18.695 18.928 19.11 19.292 19.484 19.804 20.125 20.445 20.766 21.087 21.407 21.728 22.048 22.369 22.69 23.01 23.331 23.639 23.896 24.153 24.41 24.667 24.924 25.18 25.437 25.694 25.951 26.208 26.465 26.722 26.979 27.207 27.434 27.66
0.164 0.187 0.21 0.233 0.26 0.295 0.329 0.364 0.398 0.432 0.517 0.626 0.735 0.845 0.954 1.063 1.173 1.282 1.391 1.501 1.61 1.806 2.008 2.21 2.412 2.615 2.817 3.019 3.222 3.424 3.626 3.828 3.946 4.053 4.161 4.269 4.377 4.544 4.775 5.007 5.238 5.469 5.7 5.931 6.162 6.393 6.625 6.856 7.054 7.137 7.221 7.304 7.388 7.471 7.507 7.543 7.579 7.615 7.651 7.87 8.095 8.321 8.547 8.773 8.998 9.224 9.45 9.676 9.901 10.127 10.384 10.666 10.947 11.228 11.509 11.791 12.072 12.353 12.635 12.916 13.197 13.478 13.544 13.574 13.604 13.635 13.673 13.775 13.876 13.978 14.079 14.292 14.618 14.943 15.268 15.594 15.919 16.244 16.57 16.895 17.22 17.546 17.871 18.102 18.284 18.466 18.648 18.868 19.188 19.509 19.83 20.15 20.471 20.791 21.112 21.433 21.753 22.074 22.394 22.702 22.959 23.216 23.472 23.729 23.986 24.243 24.5 24.757 25.014 25.271 25.527 25.784 26.017 26.244 26.47 26.697
0.146 0.169 0.192 0.215 0.242 0.277 0.311 0.345 0.38 0.414 0.448 0.548 0.657 0.767 0.876 0.985 1.095 1.204 1.313 1.423 1.532 1.729 1.931 2.134 2.336 2.538 2.74 2.943 3.145 3.347 3.549 3.68 3.788 3.896 4.004 4.112 4.22 4.389 4.62 4.851 5.083 5.314 5.545 5.776 6.007 6.238 6.47 6.689 6.773 6.856 6.94 7.024 7.107 7.189 7.225 7.261 7.297 7.333 7.37 7.437 7.662 7.888 8.114 8.34 8.565 8.791 9.017 9.243 9.468 9.694 9.952 10.234 10.515 10.796 11.077 11.359 11.64 11.921 12.202 12.484 12.765 12.867 12.897 12.928 12.958 12.988 13.028 13.13 13.231 13.333 13.434 13.536 13.794 14.119 14.445 14.77 15.095 15.421 15.746 16.072 16.397 16.722 17.048 17.276 17.458 17.64 17.822 18.005 18.252 18.573 18.893 19.214 19.534 19.855 20.176 20.496 20.817 21.138 21.458 21.764 22.021 22.278 22.535 22.792 23.049 23.306 23.562 23.819 24.076 24.333 24.59 24.827 25.054 25.281 25.507 25.734
0.127 0.15 0.173 0.196 0.224 0.258 0.293 0.327 0.361 0.396 0.43 0.47 0.579 0.688 0.798 0.907 1.016 1.126 1.235 1.344 1.454 1.652 1.855 2.057 2.259 2.461 2.664 2.866 3.068 3.27 3.415 3.523 3.631 3.739 3.847 3.955 4.063 4.234 4.465 4.696 4.928 5.159 5.39 5.621 5.852 6.083 6.314 6.408 6.492 6.575 6.659 6.743 6.826 6.907 6.943 6.979 7.016 7.052 7.088 7.124 7.229 7.455 7.681 7.907 8.132 8.358 8.584 8.81 9.035 9.261 9.52 9.802 10.083 10.364 10.645 10.927 11.208 11.489 11.77 12.052 12.19 12.221 12.251 12.281 12.312 12.342 12.383 12.485 12.586 12.688 12.789 12.891 12.992 13.296 13.621 13.947 14.272 14.597 14.923 15.248 15.573 15.899 16.224 16.45 16.632 16.814 16.996 17.179 17.361 17.636 17.957 18.278 18.598 18.919 19.239 19.56 19.881 20.201 20.522 20.827 21.084 21.341 21.598 21.854 22.111 22.368 22.625 22.882 23.139 23.396 23.637 23.864 24.091 24.317 24.544 24.771
0.109 0.132 0.155 0.178 0.206 0.24 0.274 0.309 0.343 0.377 0.412 0.446 0.501 0.61 0.72 0.829 0.938 1.048 1.157 1.266 1.376 1.576 1.778 1.98 2.182 2.385 2.587 2.789 2.992 3.15 3.258 3.366 3.474 3.582 3.69 3.798 3.906 4.079 4.31 4.541 4.772 5.004 5.235 5.466 5.697 5.928 6.044 6.127 6.211 6.294 6.378 6.462 6.545 6.625 6.662 6.698 6.734 6.77 6.806 6.842 6.878 7.022 7.248 7.474 7.699 7.925 8.151 8.377 8.602 8.828 9.088 9.369 9.651 9.932 10.213 10.495 10.776 11.057 11.338 11.514 11.544 11.574 11.605 11.635 11.665 11.696 11.738 11.839 11.941 12.043 12.144 12.246 12.347 12.472 12.798 13.123 13.448 13.774 14.099 14.424 14.75 15.075 15.401 15.624 15.806 15.988 16.17 16.353 16.535 16.717 17.021 17.341 17.662 17.982 18.303 18.624 18.944 19.265 19.585 19.89 20.146 20.403 20.66 20.917 21.174 21.431 21.688 21.945 22.201 22.447 22.674 22.901 23.127 23.354 23.581 23.807
0.09 0.113 0.136 0.159 0.187 0.222 0.256 0.291 0.325 0.359 0.394 0.428 0.462 0.532 0.641 0.751 0.86 0.969 1.079 1.188 1.297 1.499 1.701 1.904 2.106 2.308 2.51 2.713 2.885 2.993 3.101 3.209 3.317 3.425 3.533 3.641 3.749 3.924 4.155 4.386 4.617 4.849 5.08 5.311 5.542 5.679 5.763 5.846 5.93 6.014 6.097 6.181 6.264 6.344 6.38 6.416 6.452 6.488 6.524 6.561 6.597 6.633 6.815 7.041 7.266 7.492 7.718 7.944 8.169 8.395 8.656 8.937 9.219 9.5 9.781 10.062 10.344 10.625 10.837 10.867 10.898 10.928 10.958 10.989 11.019 11.05 11.093 11.194 11.296 11.397 11.499 11.601 11.702 11.804 11.974 12.299 12.625 12.95 13.276 13.601 13.926 14.252 14.577 14.798 14.98 15.162 15.345 15.527 15.709 15.891 16.084 16.405 16.725 17.046 17.367 17.687 18.008 18.328 18.649 18.952 19.209 19.466 19.723 19.98 20.236 20.493 20.75 21.007 21.257 21.484 21.711 21.937 22.164 22.391 22.617 22.844
0.072 0.095 0.118 0.141 0.169 0.204 0.238 0.272 0.307 0.341 0.375 0.41 0.444 0.478 0.563 0.673 0.782 0.891 1.001 1.11 1.22 1.422 1.625 1.827 2.029 2.231 2.434 2.62 2.728 2.836 2.944 3.052 3.16 3.268 3.376 3.484 3.592 3.769 4.0 4.231 4.462 4.694 4.925 5.156 5.315 5.398 5.482 5.565 5.649 5.733 5.816 5.9 5.983 6.062 6.098 6.134 6.17 6.207 6.243 6.279 6.315 6.351 6.387 6.608 6.833 7.059 7.285 7.511 7.736 7.962 8.224 8.505 8.787 9.068 9.349 9.63 9.912 10.16 10.191 10.221 10.251 10.282 10.312 10.343 10.373 10.403 10.448 10.549 10.651 10.752 10.854 10.956 11.057 11.159 11.26 11.476 11.801 12.127 12.452 12.777 13.103 13.428 13.753 13.972 14.154 14.336 14.519 14.701 14.883 15.065 15.247 15.469 15.789 16.11 16.43 16.751 17.072 17.392 17.713 18.015 18.272 18.528 18.785 19.042 19.299 19.556 19.813 20.067 20.294 20.521 20.748 20.974 21.201 21.428 21.654 21.881
0.054 0.077 0.1 0.123 0.151 0.185 0.22 0.254 0.288 0.323 0.357 0.391 0.426 0.46 0.494 0.594 0.704 0.813 0.922 1.032 1.143 1.346 1.548 1.75 1.952 2.155 2.355 2.463 2.571 2.679 2.787 2.895 3.003 3.111 3.219 3.327 3.435 3.614 3.845 4.076 4.307 4.538 4.77 4.95 5.034 5.117 5.201 5.284 5.368 5.452 5.535 5.619 5.703 5.78 5.816 5.853 5.889 5.925 5.961 5.997 6.033 6.07 6.106 6.175 6.4 6.626 6.852 7.078 7.303 7.529 7.792 8.073 8.355 8.636 8.917 9.198 9.48 9.514 9.544 9.575 9.605 9.636 9.666 9.696 9.727 9.757 9.803 9.904 10.006 10.107 10.209 10.31 10.412 10.514 10.615 10.717 10.978 11.303 11.628 11.954 12.279 12.605 12.93 13.146 13.328 13.51 13.693 13.875 14.057 14.239 14.421 14.603 14.853 15.173 15.494 15.815 16.135 16.456 16.776 17.077 17.334 17.591 17.848 18.105 18.362 18.618 18.875 19.104 19.331 19.558 19.784 20.011 20.238 20.464 20.691 20.918
0.035 0.058 0.081 0.104 0.133 0.167 0.201 0.236 0.27 0.304 0.339 0.373 0.407 0.442 0.476 0.516 0.626 0.735 0.844 0.954 1.067 1.269 1.471 1.674 1.876 2.078 2.198 2.306 2.414 2.522 2.63 2.738 2.846 2.954 3.062 3.17 3.278 3.459 3.69 3.921 4.152 4.383 4.585 4.669 4.753 4.836 4.92 5.004 5.087 5.171 5.254 5.338 5.422 5.499 5.535 5.571 5.607 5.643 5.679 5.716 5.752 5.788 5.824 5.86 5.967 6.193 6.419 6.645 6.87 7.096 7.36 7.641 7.922 8.204 8.485 8.766 8.837 8.868 8.898 8.929 8.959 8.989 9.02 9.05 9.08 9.111 9.158 9.259 9.361 9.462 9.564 9.665 9.767 9.868 9.97 10.072 10.173 10.48 10.805 11.13 11.456 11.781 12.106 12.32 12.502 12.684 12.867 13.049 13.231 13.413 13.595 13.777 13.959 14.237 14.558 14.878 15.199 15.519 15.84 16.14 16.397 16.654 16.91 17.167 17.424 17.681 17.914 18.141 18.368 18.594 18.821 19.048 19.274 19.501 19.728 19.954
0.017 0.04 0.063 0.086 0.114 0.149 0.183 0.218 0.252 0.286 0.321 0.355 0.389 0.424 0.458 0.492 0.548 0.657 0.766 0.875 0.99 1.192 1.395 1.597 1.799 1.933 2.041 2.149 2.257 2.365 2.473 2.581 2.689 2.797 2.905 3.013 3.121 3.304 3.535 3.766 3.997 4.221 4.305 4.388 4.472 4.555 4.639 4.723 4.806 4.89 4.973 5.057 5.141 5.217 5.253 5.289 5.325 5.362 5.398 5.434 5.47 5.506 5.542 5.578 5.615 5.76 5.986 6.212 6.437 6.663 6.928 7.209 7.49 7.772 8.053 8.161 8.191 8.222 8.252 8.282 8.313 8.343 8.373 8.404 8.434 8.464 8.513 8.614 8.716 8.817 8.919 9.02 9.122 9.223 9.325 9.426 9.528 9.656 9.981 10.307 10.632 10.957 11.283 11.494 11.676 11.859 12.041 12.223 12.405 12.587 12.769 12.951 13.133 13.315 13.621 13.942 14.262 14.583 14.904 15.202 15.459 15.716 15.973 16.23 16.487 16.724 16.951 17.178 17.404 17.631 17.858 18.084 18.311 18.538 18.765 18.991
0.005 0.021 0.044 0.067 0.096 0.131 0.165 0.199 0.234 0.268 0.302 0.337 0.371 0.405 0.44 0.474 0.508 0.579 0.688 0.797 0.913 1.116 1.318 1.52 1.668 1.776 1.884 1.992 2.1 2.208 2.316 2.424 2.532 2.64 2.748 2.856 2.964 3.149 3.38 3.611 3.842 3.94 4.024 4.107 4.191 4.274 4.358 4.442 4.525 4.609 4.693 4.776 4.86 4.935 4.971 5.008 5.044 5.08 5.116 5.152 5.188 5.224 5.261 5.297 5.333 5.369 5.553 5.779 6.004 6.23 6.496 6.777 7.058 7.34 7.484 7.515 7.545 7.575 7.606 7.636 7.666 7.697 7.727 7.757 7.788 7.818 7.867 7.969 8.071 8.172 8.274 8.375 8.477 8.578 8.68 8.781 8.883 8.985 9.158 9.483 9.809 10.134 10.459 10.668 10.85 11.033 11.215 11.397 11.579 11.761 11.943 12.125 12.307 12.489 12.685 13.006 13.326 13.647 13.967 14.265 14.522 14.779 15.036 15.292 15.534 15.761 15.988 16.215 16.441 16.668 16.895 17.121 17.348 17.575 17.801 18.028
0.004 0.005 0.026 0.049 0.078 0.112 0.147 0.181 0.215 0.25 0.284 0.318 0.353 0.387 0.421 0.456 0.49 0.524 0.61 0.719 0.837 1.039 1.241 1.403 1.511 1.619 1.727 1.835 1.943 2.051 2.159 2.267 2.375 2.483 2.591 2.699 2.807 2.994 3.225 3.456 3.575 3.659 3.743 3.826 3.91 3.994 4.077 4.161 4.244 4.328 4.412 4.495 4.579 4.654 4.69 4.726 4.762 4.798 4.834 4.87 4.907 4.943 4.979 5.015 5.051 5.087 5.123 5.346 5.571 5.797 6.064 6.345 6.626 6.807 6.838 6.868 6.899 6.929 6.959 6.99 7.02 7.05 7.081 7.111 7.142 7.172 7.222 7.324 7.425 7.527 7.629 7.73 7.832 7.933 8.035 8.136 8.238 8.339 8.441 8.66 8.985 9.31 9.636 9.842 10.024 10.207 10.389 10.571 10.753 10.935 11.117 11.299 11.481 11.663 11.846 12.069 12.39 12.71 13.031 13.327 13.584 13.841 14.098 14.345 14.571 14.798 15.025 15.251 15.478 15.705 15.931 16.158 16.385 16.611 16.838 17.065
0.004 0.004 0.007 0.03 0.06 0.094 0.128 0.163 0.197 0.231 0.266 0.3 0.334 0.369 0.403 0.437 0.472 0.506 0.541 0.641 0.76 0.962 1.138 1.246 1.354 1.462 1.57 1.678 1.786 1.894 2.002 2.11 2.218 2.326 2.434 2.542 2.65 2.839 3.07 3.211 3.295 3.378 3.462 3.545 3.629 3.713 3.796 3.88 3.963 4.047 4.131 4.214 4.298 4.372 4.408 4.444 4.48 4.516 4.553 4.589 4.625 4.661 4.697 4.733 4.769 4.806 4.842 4.913 5.138 5.364 5.632 5.913 6.131 6.161 6.192 6.222 6.252 6.283 6.313 6.343 6.374 6.404 6.435 6.465 6.495 6.526 6.577 6.679 6.78 6.882 6.984 7.085 7.187 7.288 7.39 7.491 7.593 7.694 7.796 7.897 8.161 8.487 8.812 9.016 9.198 9.381 9.563 9.745 9.927 10.109 10.291 10.473 10.655 10.837 11.02 11.202 11.453 11.774 12.095 12.39 12.647 12.904 13.155 13.381 13.608 13.835 14.061 14.288 14.515 14.741 14.968 15.195 15.421 15.648 15.875 16.101
0.004 0.004 0.004 0.012 0.041 0.076 0.11 0.145 0.179 0.213 0.248 0.282 0.316 0.351 0.385 0.419 0.454 0.488 0.522 0.563 0.683 0.873 0.981 1.089 1.197 1.305 1.413 1.521 1.629 1.737 1.845 1.953 2.061 2.169 2.277 2.385 2.493 2.683 2.846 2.93 3.014 3.097 3.181 3.264 3.348 3.432 3.515 3.599 3.683 3.766 3.85 3.933 4.017 4.09 4.126 4.162 4.199 4.235 4.271 4.307 4.343 4.379 4.415 4.452 4.488 4.524 4.56 4.596 4.705 4.931 5.2 5.454 5.485 5.515 5.545 5.576 5.606 5.636 5.667 5.697 5.728 5.758 5.788 5.819 5.849 5.879 5.932 6.034 6.135 6.237 6.338 6.44 6.542 6.643 6.745 6.846 6.948 7.049 7.151 7.252 7.354 7.663 7.989 8.19 8.373 8.555 8.737 8.919 9.101 9.283 9.465 9.647 9.829 10.012 10.194 10.376 10.558 10.838 11.158 11.453 11.709 11.965 12.191 12.418 12.645 12.871 13.098 13.325 13.551 13.778 14.005 14.232 14.458 14.685 14.912 15.138
0.004 0.004 0.004 0.004 0.025 0.059 0.093 0.127 0.161 0.195 0.229 0.264 0.298 0.332 0.367 0.401 0.435 0.47 0.504 0.538 0.607 0.716 0.824 0.932 1.04 1.148 1.256 1.364 1.472 1.58 1.688 1.796 1.904 2.012 2.12 2.228 2.336 2.482 2.565 2.649 2.733 2.816 2.9 2.984 3.067 3.151 3.234 3.318 3.402 3.485 3.569 3.652 3.736 3.808 3.845 3.881 3.917 3.953 3.989 4.025 4.061 4.098 4.134 4.17 4.206 4.242 4.278 4.315 4.351 4.498 4.768 4.808 4.838 4.869 4.899 4.929 4.96 4.99 5.021 5.051 5.081 5.112 5.142 5.172 5.203 5.233 5.287 5.389 5.49 5.592 5.693 5.795 5.896 5.998 6.1 6.201 6.303 6.404 6.506 6.607 6.709 6.84 7.165 7.364 7.547 7.729 7.911 8.093 8.275 8.457 8.639 8.821 9.003 9.186 9.368 9.55 9.732 9.914 10.222 10.515 10.772 11.001 11.228 11.455 11.682 11.908 12.135 12.362 12.588 12.815 13.042 13.268 13.495 13.722 13.948 14.175
0.004 0.004 0.004 0.004 0.025 0.059 0.093 0.127 0.161 0.195 0.229 0.263 0.297 0.331 0.365 0.399 0.433 0.468 0.502 0.536 0.545 0.607 0.714 0.821 0.928 1.035 1.142 1.249 1.356 1.463 1.57 1.677 1.784 1.891 1.998 2.105 2.212 2.288 2.369 2.45 2.531 2.612 2.693 2.774 2.855 2.936 3.017 3.098 3.179 3.26 3.341 3.422 3.503 3.573 3.607 3.64 3.674 3.707 3.741 3.774 3.807 3.841 3.874 3.908 3.941 3.974 4.008 4.041 4.075 4.108 4.132 4.162 4.192 4.222 4.253 4.283 4.314 4.344 4.374 4.405 4.435 4.465 4.496 4.526 4.556 4.587 4.642 4.744 4.845 4.947 5.048 5.15 5.251 5.353 5.454 5.556 5.658 5.759 5.861 5.962 6.064 6.165 6.342 6.538 6.721 6.903 7.085 7.267 7.449 7.631 7.813 7.995 8.177 8.36 8.542 8.724 8.906 9.088 9.286 9.578 9.812 10.038 10.265 10.492 10.718 10.945 11.172 11.398 11.625 11.852 12.078 12.305 12.532 12.758 12.985 13.212
0.004 0.004 0.004 0.004 0.025 0.059 0.093 0.127 0.161 0.195 0.23 0.264 0.298 0.332 0.366 0.4 0.434 0.468 0.502 0.513 0.518 0.538 0.618 0.725 0.832 0.939 1.046 1.153 1.26 1.367 1.473 1.58 1.687 1.794 1.901 2.008 2.115 2.183 2.248 2.329 2.41 2.491 2.572 2.653 2.734 2.815 2.896 2.977 3.058 3.139 3.22 3.301 3.382 3.452 3.491 3.525 3.558 3.591 3.625 3.658 3.692 3.725 3.759 3.792 3.825 3.859 3.892 3.926 3.959 3.992 4.016 4.038 4.059 4.081 4.102 4.124 4.145 4.167 4.188 4.21 4.231 4.253 4.274 4.296 4.318 4.339 4.407 4.499 4.591 4.683 4.775 4.867 4.96 5.052 5.144 5.236 5.328 5.42 5.513 5.605 5.697 5.789 5.882 6.045 6.215 6.384 6.554 6.723 6.892 7.062 7.231 7.401 7.57 7.74 7.909 8.079 8.248 8.418 8.587 8.772 8.984 9.196 9.408 9.62 9.832 10.044 10.256 10.468 10.68 10.892 11.115 11.342 11.568 11.795 12.022 12.247
0.004 0.004 0.004 0.004 0.026 0.06 0.094 0.128 0.162 0.196 0.23 0.264 0.298 0.332 0.366 0.4 0.434 0.468 0.485 0.486 0.491 0.51 0.53 0.628 0.735 0.842 0.949 1.056 1.163 1.27 1.377 1.484 1.591 1.698 1.805 1.912 2.019 2.085 2.137 2.208 2.289 2.37 2.451 2.532 2.613 2.694 2.775 2.856 2.937 3.018 3.099 3.18 3.261 3.33 3.371 3.409 3.442 3.476 3.509 3.543 3.576 3.609 3.643 3.676 3.71 3.743 3.777 3.81 3.843 3.877 3.9 3.922 3.943 3.965 3.986 4.008 4.029 4.051 4.072 4.094 4.116 4.137 4.159 4.18 4.202 4.251 4.319 4.411 4.504 4.596 4.688 4.78 4.872 4.964 5.057 5.149 5.241 5.333 5.425 5.517 5.61 5.702 5.797 5.961 6.131 6.3 6.47 6.639 6.809 6.978 7.148 7.317 7.487 7.656 7.826 7.995 8.165 8.334 8.49 8.665 8.877 9.088 9.3 9.512 9.724 9.936 10.148 10.36 10.572 10.784 10.996 11.208 11.42 11.632 11.844 11.986
0.004 0.004 0.004 0.004 0.026 0.06 0.094 0.128 0.162 0.196 0.23 0.264 0.298 0.332 0.366 0.4 0.434 0.456 0.457 0.458 0.463 0.483 0.503 0.531 0.638 0.745 0.852 0.959 1.066 1.173 1.28 1.387 1.494 1.601 1.708 1.815 1.922 1.987 2.039 2.091 2.168 2.249 2.33 2.411 2.492 2.573 2.654 2.735 2.816 2.897 2.978 3.059 3.14 3.209 3.25 3.291 3.327 3.36 3.394 3.427 3.46 3.494 3.527 3.561 3.594 3.627 3.661 3.694 3.728 3.761 3.784 3.806 3.827 3.849 3.871 3.892 3.914 3.935 3.957 3.978 4.0 4.021 4.043 4.064 4.108 4.163 4.232 4.324 4.416 4.508 4.601 4.693 4.785 4.877 4.969 5.061 5.154 5.246 5.338 5.43 5.522 5.617 5.712 5.878 6.047 6.217 6.386 6.556 6.725 6.895 7.064 7.234 7.403 7.572 7.742 7.911 8.081 8.241 8.381 8.557 8.769 8.981 9.193 9.405 9.617 9.829 10.041 10.253 10.465 10.677 10.889 11.101 11.313 11.525 11.68 11.802
0.003 0.003 0.003 0.004 0.026 0.06 0.094 0.128 0.162 0.197 0.231 0.265 0.299 0.333 0.367 0.401 0.427 0.428 0.429 0.431 0.436 0.456 0.476 0.496 0.541 0.648 0.755 0.862 0.969 1.076 1.183 1.29 1.397 1.504 1.611 1.718 1.825 1.89 1.941 1.993 2.047 2.128 2.209 2.29 2.371 2.452 2.533 2.614 2.695 2.776 2.857 2.938 3.019 3.087 3.128 3.169 3.21 3.244 3.278 3.311 3.345 3.378 3.412 3.445 3.478 3.512 3.545 3.579 3.612 3.645 3.669 3.69 3.712 3.733 3.755 3.776 3.798 3.819 3.841 3.862 3.884 3.905 3.927 3.966 4.02 4.075 4.145 4.237 4.329 4.421 4.513 4.605 4.697 4.79 4.882 4.974 5.066 5.158 5.25 5.343 5.437 5.532 5.627 5.794 5.963 6.133 6.302 6.472 6.641 6.811 6.98 7.15 7.319 7.489 7.658 7.828 7.992 8.132 8.272 8.45 8.662 8.874 9.086 9.298 9.51 9.722 9.933 10.145 10.357 10.569 10.781 10.993 11.205 11.374 11.498 11.619
0.003 0.003 0.003 0.003 0.027 0.061 0.095 0.129 0.163 0.197 0.231 0.265 0.299 0.333 0.367 0.398 0.399 0.401 0.402 0.403 0.409 0.429 0.449 0.469 0.488 0.551 0.658 0.765 0.872 0.979 1.086 1.193 1.3 1.407 1.514 1.621 1.728 1.792 1.844 1.895 1.947 2.007 2.088 2.169 2.25 2.331 2.412 2.493 2.574 2.655 2.736 2.817 2.898 2.965 3.006 3.047 3.088 3.129 3.162 3.196 3.229 3.262 3.296 3.329 3.363 3.396 3.43 3.463 3.496 3.53 3.553 3.574 3.596 3.617 3.639 3.66 3.682 3.703 3.725 3.746 3.768 3.789 3.824 3.878 3.932 3.987 4.057 4.149 4.241 4.334 4.426 4.518 4.61 4.702 4.794 4.887 4.979 5.071 5.163 5.257 5.352 5.447 5.542 5.71 5.88 6.049 6.219 6.388 6.558 6.727 6.897 7.066 7.236 7.405 7.575 7.743 7.883 8.024 8.164 8.342 8.554 8.766 8.978 9.19 9.402 9.614 9.826 10.038 10.25 10.462 10.674 10.886 11.067 11.191 11.315 11.436
0.003 0.003 0.003 0.003 0.027 0.061 0.095 0.129 0.163 0.197 0.231 0.265 0.299 0.333 0.367 0.37 0.372 0.373 0.374 0.376 0.382 0.402 0.421 0.441 0.461 0.481 0.562 0.669 0.776 0.883 0.99 1.097 1.204 1.311 1.418 1.525 1.632 1.694 1.746 1.798 1.85 1.901 1.967 2.048 2.129 2.21 2.291 2.372 2.453 2.534 2.615 2.696 2.777 2.844 2.885 2.925 2.966 3.007 3.047 3.08 3.113 3.147 3.18 3.214 3.247 3.28 3.314 3.347 3.381 3.414 3.437 3.458 3.48 3.501 3.523 3.544 3.566 3.588 3.609 3.631 3.652 3.682 3.736 3.79 3.844 3.899 3.97 4.062 4.154 4.246 4.338 4.431 4.523 4.615 4.707 4.799 4.891 4.984 5.077 5.172 5.267 5.362 5.457 5.627 5.796 5.966 6.135 6.305 6.474 6.643 6.813 6.982 7.152 7.321 7.491 7.634 7.775 7.915 8.055 8.235 8.447 8.659 8.871 9.083 9.295 9.507 9.719 9.931 10.143 10.355 10.567 10.761 10.885 11.009 11.133 11.253
0.003 0.003 0.003 0.003 0.027 0.061 0.095 0.129 0.163 0.198 0.232 0.266 0.3 0.334 0.342 0.343 0.344 0.346 0.347 0.348 0.355 0.374 0.394 0.414 0.434 0.454 0.474 0.572 0.679 0.786 0.893 1.0 1.107 1.214 1.321 1.428 1.535 1.597 1.648 1.7 1.752 1.804 1.855 1.927 2.008 2.089 2.17 2.251 2.332 2.413 2.494 2.575 2.656 2.722 2.763 2.804 2.845 2.886 2.927 2.964 2.998 3.031 3.065 3.098 3.131 3.165 3.198 3.232 3.265 3.298 3.321 3.342 3.364 3.386 3.407 3.429 3.45 3.472 3.493 3.515 3.54 3.594 3.648 3.702 3.756 3.811 3.882 3.975 4.067 4.159 4.251 4.343 4.435 4.528 4.62 4.712 4.804 4.897 4.992 5.087 5.182 5.277 5.373 5.543 5.712 5.882 6.051 6.221 6.39 6.56 6.729 6.899 7.068 7.238 7.385 7.526 7.666 7.806 7.947 8.128 8.34 8.551 8.763 8.975 9.187 9.399 9.611 9.823 10.035 10.247 10.454 10.578 10.702 10.826 10.95 11.069
0.003 0.003 0.003 0.003 0.028 0.062 0.096 0.13 0.164 0.198 0.232 0.266 0.3 0.313 0.314 0.315 0.317 0.318 0.319 0.321 0.327 0.347 0.367 0.387 0.407 0.427 0.446 0.475 0.582 0.689 0.796 0.903 1.01 1.117 1.224 1.331 1.438 1.499 1.551 1.602 1.654 1.706 1.758 1.809 1.887 1.968 2.049 2.13 2.211 2.292 2.373 2.454 2.535 2.6 2.641 2.682 2.723 2.764 2.805 2.846 2.882 2.915 2.949 2.982 3.016 3.049 3.083 3.116 3.149 3.183 3.205 3.227 3.248 3.27 3.291 3.313 3.334 3.356 3.377 3.399 3.452 3.506 3.56 3.614 3.668 3.723 3.795 3.887 3.979 4.072 4.164 4.256 4.348 4.44 4.532 4.624 4.717 4.812 4.907 5.002 5.097 5.192 5.29 5.459 5.629 5.798 5.968 6.137 6.307 6.476 6.646 6.815 6.984 7.137 7.277 7.417 7.557 7.698 7.838 8.02 8.232 8.444 8.656 8.868 9.08 9.292 9.504 9.716 9.928 10.14 10.272 10.396 10.52 10.644 10.767 10.886
0.002 0.002 0.002 0.003 0.028 0.062 0.096 0.13 0.164 0.198 0.232 0.266 0.284 0.285 0.286 0.288 0.289 0.291 0.292 0.293 0.3 0.32 0.34 0.36 0.38 0.399 0.419 0.439 0.485 0.592 0.699 0.806 0.913 1.02 1.127 1.234 1.341 1.401 1.453 1.505 1.557 1.608 1.66 1.712 1.766 1.847 1.928 2.009 2.09 2.171 2.252 2.333 2.414 2.479 2.52 2.56 2.601 2.642 2.683 2.724 2.765 2.8 2.833 2.867 2.9 2.933 2.967 3.0 3.034 3.067 3.089 3.111 3.132 3.154 3.175 3.197 3.218 3.24 3.261 3.309 3.364 3.418 3.472 3.526 3.58 3.635 3.708 3.8 3.892 3.984 4.076 4.168 4.261 4.353 4.445 4.537 4.632 4.727 4.822 4.917 5.012 5.107 5.206 5.376 5.545 5.714 5.884 6.053 6.223 6.392 6.562 6.731 6.888 7.028 7.168 7.309 7.449 7.589 7.729 7.913 8.125 8.337 8.549 8.761 8.973 9.185 9.396 9.608 9.82 9.965 10.089 10.213 10.337 10.461 10.585 10.703
0.002 0.002 0.002 0.002 0.028 0.062 0.096 0.13 0.165 0.199 0.233 0.255 0.256 0.258 0.259 0.26 0.262 0.263 0.264 0.266 0.273 0.293 0.313 0.332 0.352 0.372 0.392 0.412 0.432 0.496 0.603 0.71 0.817 0.924 1.031 1.138 1.245 1.304 1.355 1.407 1.459 1.511 1.562 1.614 1.666 1.726 1.807 1.888 1.969 2.05 2.131 2.212 2.293 2.357 2.398 2.439 2.48 2.521 2.562 2.603 2.644 2.684 2.718 2.751 2.784 2.818 2.851 2.885 2.918 2.951 2.973 2.995 3.016 3.038 3.059 3.081 3.103 3.124 3.167 3.221 3.276 3.33 3.384 3.438 3.492 3.546 3.62 3.712 3.805 3.897 3.989 4.081 4.173 4.265 4.358 4.453 4.547 4.642 4.737 4.832 4.927 5.022 5.122 5.292 5.461 5.631 5.8 5.97 6.139 6.309 6.478 6.639 6.779 6.919 7.06 7.2 7.34 7.48 7.621 7.805 8.017 8.229 8.441 8.653 8.865 9.077 9.289 9.501 9.659 9.783 9.907 10.03 10.154 10.278 10.402 10.519
0.002 0.002 0.002 0.002 0.029 0.063 0.097 0.131 0.165 0.199 0.226 0.227 0.229 0.23 0.231 0.233 0.234 0.236 0.237 0.238 0.246 0.266 0.285 0.305 0.325 0.345 0.365 0.385 0.404 0.424 0.506 0.613 0.72 0.827 0.934 1.041 1.148 1.206 1.258 1.309 1.361 1.413 1.465 1.516 1.568 1.62 1.686 1.767 1.848 1.929 2.01 2.091 2.172 2.235 2.276 2.317 2.358 2.399 2.44 2.481 2.522 2.563 2.602 2.635 2.669 2.702 2.736 2.769 2.802 2.836 2.857 2.879 2.901 2.922 2.944 2.965 2.987 3.025 3.079 3.133 3.188 3.242 3.296 3.35 3.404 3.458 3.533 3.625 3.717 3.809 3.902 3.994 4.086 4.178 4.273 4.368 4.463 4.558 4.653 4.747 4.842 4.937 5.039 5.208 5.378 5.547 5.717 5.886 6.055 6.225 6.39 6.53 6.67 6.811 6.951 7.091 7.232 7.372 7.512 7.698 7.91 8.122 8.334 8.546 8.758 8.97 9.182 9.352 9.476 9.6 9.724 9.848 9.972 10.096 10.22 10.336
0.002 0.002 0.002 0.002 0.029 0.063 0.097 0.131 0.165 0.197 0.199 0.2 0.201 0.203 0.204 0.205 0.207 0.208 0.209 0.211 0.219 0.238 0.258 0.278 0.298 0.318 0.338 0.357 0.377 0.397 0.417 0.516 0.623 0.73 0.837 0.944 1.051 1.108 1.16 1.212 1.264 1.315 1.367 1.419 1.47 1.522 1.574 1.646 1.727 1.808 1.889 1.97 2.051 2.114 2.155 2.195 2.236 2.277 2.318 2.359 2.4 2.441 2.482 2.52 2.553 2.586 2.62 2.653 2.687 2.72 2.742 2.763 2.785 2.806 2.828 2.849 2.883 2.937 2.991 3.045 3.1 3.154 3.208 3.262 3.316 3.37 3.446 3.538 3.63 3.722 3.814 3.906 3.999 4.093 4.188 4.283 4.378 4.473 4.568 4.663 4.758 4.853 4.955 5.124 5.294 5.463 5.633 5.802 5.972 6.141 6.281 6.422 6.562 6.702 6.842 6.983 7.123 7.263 7.403 7.591 7.802 8.014 8.226 8.438 8.65 8.862 9.046 9.17 9.293 9.417 9.541 9.665 9.789 9.913 10.037 10.153
0.002 0.002 0.002 0.002 0.029 0.063 0.097 0.131 0.166 0.17 0.171 0.172 0.174 0.175 0.176 0.178 0.179 0.181 0.182 0.183 0.191 0.211 0.231 0.251 0.271 0.291 0.31 0.33 0.35 0.37 0.39 0.419 0.526 0.633 0.74 0.847 0.954 1.011 1.062 1.114 1.166 1.218 1.269 1.321 1.373 1.425 1.476 1.528 1.606 1.687 1.768 1.849 1.93 1.992 2.033 2.074 2.115 2.156 2.197 2.238 2.279 2.319 2.36 2.401 2.437 2.471 2.504 2.538 2.571 2.604 2.626 2.647 2.669 2.69 2.712 2.741 2.795 2.849 2.903 2.957 3.012 3.066 3.12 3.174 3.228 3.282 3.358 3.45 3.542 3.635 3.727 3.819 3.913 4.008 4.103 4.198 4.293 4.388 4.483 4.578 4.673 4.768 4.871 5.041 5.21 5.38 5.549 5.719 5.888 6.032 6.173 6.313 6.453 6.593 6.734 6.874 7.014 7.155 7.295 7.483 7.695 7.907 8.119 8.331 8.543 8.739 8.863 8.987 9.111 9.235 9.359 9.483 9.607 9.731 9.854 9.969
0.001 0.001 0.001 0.002 0.03 0.064 0.098 0.132 0.141 0.142 0.143 0.145 0.146 0.148 0.149 0.15 0.152 0.153 0.154 0.156 0.164 0.184 0.204 0.224 0.243 0.263 0.283 0.303 0.323 0.343 0.362 0.382 0.43 0.537 0.644 0.751 0.858 0.913 0.965 1.016 1.068 1.12 1.172 1.223 1.275 1.327 1.379 1.43 1.485 1.566 1.647 1.728 1.809 1.87 1.911 1.952 1.993 2.034 2.075 2.116 2.157 2.198 2.239 2.28 2.321 2.355 2.389 2.422 2.455 2.488 2.51 2.531 2.553 2.574 2.599 2.653 2.707 2.761 2.815 2.869 2.924 2.978 3.032 3.086 3.14 3.194 3.271 3.363 3.455 3.547 3.639 3.733 3.828 3.923 4.018 4.113 4.208 4.303 4.398 4.493 4.588 4.683 4.788 4.957 5.126 5.296 5.465 5.635 5.783 5.924 6.064 6.204 6.345 6.485 6.625 6.765 6.906 7.046 7.186 7.376 7.588 7.8 8.012 8.224 8.432 8.556 8.68 8.804 8.928 9.052 9.176 9.3 9.424 9.548 9.672 9.786
0.001 0.001 0.001 0.001 0.03 0.064 0.098 0.112 0.113 0.115 0.116 0.117 0.119 0.12 0.121 0.123 0.124 0.126 0.127 0.128 0.137 0.157 0.177 0.196 0.216 0.236 0.256 0.276 0.296 0.315 0.335 0.355 0.375 0.44 0.547 0.654 0.761 0.815 0.867 0.919 0.971 1.022 1.074 1.126 1.178 1.229 1.281 1.333 1.384 1.445 1.526 1.607 1.688 1.749 1.79 1.83 1.871 1.912 1.953 1.994 2.035 2.076 2.117 2.158 2.199 2.239 2.273 2.306 2.34 2.372 2.394 2.416 2.437 2.459 2.511 2.565 2.619 2.673 2.727 2.781 2.836 2.89 2.944 2.998 3.052 3.106 3.183 3.276 3.368 3.46 3.553 3.648 3.743 3.838 3.933 4.028 4.123 4.218 4.313 4.408 4.503 4.598 4.704 4.873 5.043 5.212 5.382 5.535 5.675 5.815 5.955 6.096 6.236 6.376 6.516 6.657 6.797 6.937 7.078 7.268 7.48 7.692 7.904 8.116 8.25 8.374 8.498 8.622 8.746 8.87 8.994 9.117 9.241 9.365 9.489 9.603
0.001 0.001 0.001 0.001 0.03 0.064 0.083 0.084 0.086 0.087 0.088 0.09 0.091 0.093 0.094 0.095 0.097 0.098 0.099 0.101 0.11 0.13 0.149 0.169 0.189 0.209 0.229 0.249 0.268 0.288 0.308 0.328 0.348 0.368 0.45 0.557 0.664 0.718 0.769 0.821 0.873 0.925 0.976 1.028 1.08 1.132 1.183 1.235 1.287 1.339 1.405 1.486 1.567 1.627 1.668 1.709 1.75 1.791 1.832 1.873 1.913 1.954 1.995 2.036 2.077 2.118 2.157 2.191 2.224 2.257 2.278 2.3 2.321 2.368 2.423 2.477 2.531 2.585 2.639 2.693 2.748 2.802 2.856 2.91 2.964 3.018 3.096 3.188 3.28 3.373 3.468 3.563 3.658 3.753 3.848 3.943 4.038 4.133 4.228 4.323 4.418 4.513 4.62 4.79 4.959 5.129 5.286 5.426 5.566 5.706 5.847 5.987 6.127 6.268 6.408 6.548 6.688 6.829 6.969 7.161 7.373 7.585 7.797 7.943 8.067 8.191 8.315 8.439 8.563 8.687 8.811 8.935 9.059 9.183 9.307 9.419
0.001 0.001 0.001 0.001 0.031 0.054 0.056 0.057 0.058 0.06 0.061 0.062 0.064 0.065 0.066 0.068 0.069 0.07 0.072 0.073 0.082 0.102 0.122 0.142 0.162 0.182 0.201 0.221 0.241 0.261 0.281 0.301 0.321 0.34 0.36 0.46 0.567 0.62 0.672 0.723 0.775 0.827 0.879 0.93 0.982 1.034 1.086 1.137 1.189 1.241 1.293 1.365 1.446 1.505 1.546 1.587 1.628 1.669 1.71 1.751 1.792 1.833 1.874 1.915 1.956 1.997 2.037 2.075 2.108 2.141 2.162 2.184 2.226 2.28 2.335 2.389 2.443 2.497 2.551 2.605 2.66 2.714 2.768 2.822 2.876 2.93 3.009 3.101 3.193 3.288 3.383 3.478 3.573 3.668 3.763 3.858 3.953 4.048 4.143 4.238 4.333 4.428 4.536 4.706 4.875 5.037 5.177 5.317 5.458 5.598 5.738 5.878 6.019 6.159 6.299 6.439 6.58 6.72 6.86 7.054 7.265 7.477 7.637 7.761 7.885 8.009 8.133 8.257 8.38 8.504 8.628 8.752 8.876 9.0 9.124 9.236
0.001 0.001 0.001 0.001 0.025 0.027 0.028 0.029 0.031 0.032 0.033 0.035 0.036 0.038 0.039 0.04 0.042 0.043 0.044 0.046 0.055 0.075 0.095 0.115 0.135 0.154 0.174 0.194 0.214 0.234 0.254 0.273 0.293 0.313 0.333 0.363 0.47 0.522 0.574 0.626 0.678 0.729 0.781 0.833 0.885 0.936 0.988 1.04 1.091 1.143 1.195 1.247 1.325 1.384 1.425 1.465 1.506 1.547 1.588 1.629 1.67 1.711 1.752 1.793 1.834 1.875 1.916 1.957 1.993 2.025 2.046 2.084 2.138 2.192 2.247 2.301 2.355 2.409 2.463 2.517 2.572 2.626 2.68 2.734 2.788 2.842 2.921 3.013 3.108 3.203 3.298 3.393 3.488 3.583 3.678 3.773 3.868 3.963 4.058 4.153 4.248 4.343 4.453 4.622 4.788 4.928 5.068 5.209 5.349 5.489 5.629 5.77 5.91 6.05 6.191 6.331 6.471 6.611 6.752 6.946 7.158 7.33 7.454 7.578 7.702 7.826 7.95 8.074 8.198 8.322 8.446 8.57 8.694 8.818 8.942 9.053
0.001 0.001 0.001 0.001 0.002 0.003 0.004 0.005 0.005 0.006 0.007 0.008 0.009 0.01 0.011 0.013 0.014 0.015 0.017 0.018 0.028 0.048 0.068 0.088 0.107 0.127 0.147 0.167 0.187 0.207 0.226 0.246 0.266 0.286 0.306 0.326 0.373 0.425 0.476 0.528 0.58 0.632 0.683 0.735 0.787 0.839 0.89 0.942 0.994 1.046 1.097 1.149 1.204 1.262 1.303 1.344 1.385 1.426 1.467 1.508 1.548 1.589 1.63 1.671 1.712 1.753 1.794 1.835 1.876 1.909 1.942 1.996 2.05 2.104 2.159 2.213 2.267 2.321 2.375 2.429 2.484 2.538 2.592 2.646 2.7 2.754 2.834 2.928 3.023 3.118 3.213 3.308 3.403 3.498 3.593 3.688 3.783 3.878 3.973 4.068 4.163 4.258 4.369 4.539 4.679 4.819 4.96 5.1 5.24 5.381 5.521 5.661 5.801 5.942 6.082 6.222 6.362 6.503 6.643 6.839 7.024 7.148 7.272 7.396 7.519 7.643 7.767 7.891 8.015 8.139 8.263 8.387 8.511 8.635 8.759 8.869
0.006 0.006 0.006 0.006 0.006 0.007 0.008 0.009 0.01 0.011 0.012 0.012 0.013 0.014 0.015 0.016 0.017 0.018 0.018 0.023 0.043 0.062 0.081 0.1 0.119 0.138 0.157 0.176 0.195 0.214 0.233 0.252 0.272 0.291 0.31 0.329 0.351 0.4 0.45 0.5 0.55 0.599 0.649 0.699 0.749 0.798 0.848 0.898 0.948 0.997 1.047 1.097 1.147 1.18 1.219 1.258 1.297 1.336 1.375 1.414 1.453 1.492 1.531 1.57 1.609 1.648 1.687 1.726 1.765 1.802 1.856 1.909 1.963 2.017 2.071 2.125 2.179 2.233 2.287 2.341 2.396 2.45 2.504 2.558 2.612 2.666 2.748 2.843 2.938 3.033 3.128 3.223 3.318 3.413 3.508 3.603 3.698 3.793 3.888 3.983 4.078 4.173 4.285 4.43 4.571 4.711 4.851 4.991 5.132 5.272 5.412 5.552 5.693 5.833 5.973 6.114 6.254 6.394 6.534 6.717 6.841 6.965 7.089 7.213 7.337 7.461 7.585 7.709 7.833 7.957 8.081 8.204 8.328 8.452 8.576 8.686
0.01 0.01 0.01 0.01 0.011 0.012 0.013 0.013 0.014 0.015 0.016 0.017 0.018 0.019 0.019 0.02 0.021 0.022 0.024 0.044 0.063 0.082 0.101 0.12 0.14 0.159 0.178 0.197 0.216 0.235 0.254 0.273 0.292 0.311 0.33 0.351 0.375 0.424 0.474 0.524 0.574 0.623 0.673 0.723 0.773 0.822 0.872 0.922 0.972 1.021 1.071 1.121 1.145 1.175 1.214 1.253 1.292 1.331 1.37 1.409 1.448 1.487 1.526 1.565 1.604 1.643 1.682 1.721 1.759 1.772 1.8 1.854 1.907 1.961 2.015 2.068 2.122 2.176 2.229 2.283 2.336 2.39 2.444 2.497 2.551 2.605 2.639 2.735 2.83 2.926 3.021 3.117 3.212 3.308 3.403 3.499 3.594 3.69 3.785 3.881 3.976 4.072 4.178 4.319 4.459 4.6 4.74 4.88 5.021 5.161 5.301 5.442 5.582 5.723 5.863 6.003 6.144 6.284 6.423 6.514 6.639 6.765 6.89 7.016 7.141 7.267 7.392 7.518 7.643 7.768 7.894 8.019 8.145 8.27 8.394 8.503
0.015 0.015 0.015 0.014 0.015 0.016 0.017 0.018 0.019 0.02 0.02 0.021 0.022 0.023 0.024 0.025 0.026 0.026 0.045 0.064 0.084 0.103 0.122 0.141 0.16 0.179 0.198 0.217 0.236 0.255 0.274 0.294 0.313 0.332 0.352 0.374 0.399 0.448 0.498 0.548 0.598 0.647 0.697 0.747 0.797 0.846 0.896 0.946 0.996 1.045 1.095 1.125 1.14 1.17 1.209 1.248 1.287 1.326 1.365 1.404 1.443 1.482 1.521 1.56 1.599 1.638 1.677 1.716 1.731 1.745 1.763 1.798 1.852 1.905 1.959 2.013 2.066 2.12 2.174 2.227 2.281 2.335 2.388 2.442 2.495 2.549 2.58 2.62 2.715 2.811 2.906 3.002 3.097 3.193 3.288 3.384 3.479 3.575 3.67 3.766 3.861 3.957 4.064 4.205 4.345 4.485 4.626 4.766 4.906 5.047 5.187 5.328 5.468 5.608 5.749 5.889 6.029 6.17 6.223 6.259 6.368 6.493 6.619 6.744 6.87 6.995 7.12 7.246 7.371 7.497 7.622 7.748 7.873 7.999 8.124 8.234
0.019 0.019 0.019 0.019 0.02 0.021 0.021 0.022 0.023 0.024 0.025 0.026 0.027 0.027 0.028 0.029 0.03 0.045 0.065 0.085 0.104 0.123 0.142 0.162 0.181 0.2 0.219 0.238 0.257 0.276 0.295 0.314 0.333 0.353 0.375 0.398 0.423 0.472 0.522 0.572 0.622 0.672 0.721 0.771 0.821 0.871 0.92 0.97 1.02 1.07 1.104 1.119 1.134 1.164 1.203 1.242 1.281 1.32 1.359 1.398 1.437 1.476 1.515 1.554 1.594 1.633 1.672 1.691 1.704 1.718 1.736 1.754 1.796 1.85 1.904 1.957 2.011 2.064 2.118 2.172 2.225 2.279 2.333 2.386 2.44 2.493 2.524 2.545 2.6 2.696 2.791 2.887 2.982 3.078 3.173 3.269 3.364 3.46 3.555 3.651 3.746 3.842 3.95 4.09 4.231 4.371 4.511 4.652 4.792 4.933 5.073 5.213 5.354 5.494 5.634 5.775 5.915 5.983 6.022 6.059 6.096 6.222 6.347 6.473 6.598 6.723 6.849 6.974 7.1 7.225 7.351 7.476 7.602 7.727 7.853 7.962
0.023 0.023 0.023 0.023 0.024 0.025 0.026 0.027 0.028 0.028 0.029 0.03 0.031 0.032 0.033 0.034 0.046 0.066 0.086 0.105 0.125 0.144 0.163 0.182 0.201 0.22 0.239 0.258 0.277 0.297 0.316 0.335 0.354 0.376 0.399 0.422 0.447 0.497 0.546 0.596 0.646 0.696 0.745 0.795 0.845 0.895 0.944 0.994 1.044 1.084 1.099 1.114 1.129 1.159 1.198 1.237 1.276 1.315 1.354 1.393 1.432 1.471 1.51 1.549 1.588 1.627 1.65 1.664 1.677 1.691 1.709 1.727 1.745 1.794 1.848 1.902 1.955 2.009 2.062 2.116 2.17 2.223 2.277 2.331 2.384 2.438 2.467 2.489 2.511 2.581 2.676 2.772 2.867 2.963 3.058 3.154 3.249 3.345 3.44 3.536 3.631 3.727 3.836 3.976 4.117 4.257 4.397 4.538 4.678 4.818 4.959 5.099 5.239 5.38 5.52 5.661 5.743 5.782 5.822 5.859 5.895 5.95 6.076 6.201 6.326 6.452 6.577 6.703 6.828 6.954 7.079 7.205 7.33 7.456 7.581 7.69
0.028 0.028 0.028 0.028 0.029 0.029 0.03 0.031 0.032 0.033 0.034 0.035 0.035 0.036 0.037 0.047 0.067 0.086 0.106 0.126 0.145 0.164 0.184 0.203 0.222 0.241 0.26 0.279 0.298 0.317 0.336 0.355 0.377 0.4 0.423 0.445 0.471 0.521 0.57 0.62 0.67 0.72 0.769 0.819 0.869 0.919 0.968 1.018 1.063 1.078 1.093 1.108 1.123 1.154 1.193 1.232 1.271 1.31 1.349 1.388 1.427 1.466 1.505 1.544 1.583 1.61 1.623 1.636 1.649 1.663 1.681 1.7 1.718 1.739 1.792 1.846 1.9 1.953 2.007 2.06 2.114 2.168 2.221 2.275 2.329 2.382 2.411 2.433 2.455 2.476 2.561 2.657 2.752 2.848 2.943 3.039 3.134 3.23 3.325 3.421 3.516 3.612 3.722 3.862 4.002 4.143 4.283 4.423 4.564 4.704 4.845 4.985 5.125 5.266 5.406 5.503 5.543 5.582 5.622 5.658 5.694 5.73 5.804 5.929 6.055 6.18 6.306 6.431 6.557 6.682 6.808 6.933 7.059 7.184 7.31 7.417
0.032 0.032 0.032 0.032 0.033 0.034 0.035 0.036 0.036 0.037 0.038 0.039 0.04 0.041 0.048 0.067 0.087 0.107 0.127 0.147 0.166 0.185 0.204 0.223 0.242 0.261 0.28 0.299 0.319 0.338 0.357 0.378 0.401 0.423 0.446 0.469 0.495 0.545 0.594 0.644 0.694 0.744 0.793 0.843 0.893 0.943 0.992 1.042 1.058 1.072 1.087 1.102 1.117 1.149 1.188 1.227 1.266 1.305 1.344 1.383 1.422 1.461 1.5 1.539 1.57 1.583 1.596 1.609 1.622 1.636 1.654 1.672 1.69 1.708 1.737 1.79 1.844 1.898 1.951 2.005 2.058 2.112 2.166 2.219 2.273 2.327 2.355 2.377 2.398 2.42 2.446 2.542 2.637 2.733 2.828 2.924 3.019 3.115 3.21 3.306 3.401 3.497 3.607 3.748 3.888 4.028 4.169 4.309 4.45 4.59 4.73 4.871 5.011 5.151 5.263 5.303 5.342 5.382 5.421 5.458 5.494 5.53 5.566 5.658 5.783 5.909 6.034 6.16 6.285 6.411 6.536 6.662 6.787 6.913 7.038 7.145
0.037 0.037 0.037 0.037 0.037 0.038 0.039 0.04 0.041 0.042 0.043 0.043 0.044 0.049 0.068 0.088 0.108 0.128 0.147 0.167 0.187 0.206 0.225 0.244 0.263 0.282 0.301 0.32 0.339 0.358 0.379 0.402 0.424 0.447 0.47 0.492 0.519 0.569 0.618 0.668 0.718 0.768 0.817 0.867 0.917 0.967 1.017 1.037 1.052 1.067 1.082 1.097 1.112 1.143 1.182 1.221 1.26 1.3 1.339 1.378 1.417 1.456 1.495 1.529 1.542 1.555 1.568 1.581 1.595 1.609 1.627 1.645 1.663 1.681 1.699 1.735 1.788 1.842 1.896 1.949 2.003 2.056 2.11 2.164 2.217 2.271 2.299 2.321 2.342 2.364 2.386 2.427 2.522 2.618 2.713 2.809 2.904 3.0 3.095 3.191 3.286 3.382 3.493 3.634 3.774 3.914 4.055 4.195 4.335 4.476 4.616 4.756 4.897 5.023 5.063 5.102 5.142 5.182 5.221 5.257 5.294 5.33 5.366 5.402 5.512 5.637 5.763 5.888 6.014 6.139 6.265 6.39 6.516 6.641 6.767 6.873
0.041 0.041 0.041 0.041 0.042 0.043 0.044 0.044 0.045 0.046 0.047 0.048 0.049 0.069 0.089 0.109 0.128 0.148 0.168 0.188 0.207 0.226 0.245 0.264 0.283 0.302 0.321 0.341 0.36 0.38 0.403 0.425 0.448 0.471 0.493 0.516 0.543 0.593 0.643 0.692 0.742 0.792 0.842 0.891 0.941 0.991 1.016 1.031 1.046 1.061 1.076 1.091 1.106 1.138 1.177 1.216 1.255 1.294 1.333 1.372 1.411 1.45 1.489 1.502 1.515 1.528 1.541 1.554 1.567 1.582 1.6 1.618 1.636 1.654 1.672 1.69 1.733 1.786 1.84 1.894 1.947 2.001 2.055 2.108 2.162 2.215 2.243 2.265 2.286 2.308 2.329 2.351 2.407 2.503 2.598 2.694 2.789 2.885 2.98 3.076 3.171 3.267 3.379 3.519 3.66 3.8 3.94 4.081 4.221 4.362 4.502 4.642 4.783 4.823 4.863 4.902 4.942 4.981 5.021 5.057 5.093 5.129 5.165 5.201 5.24 5.366 5.491 5.617 5.742 5.868 5.993 6.119 6.244 6.37 6.495 6.601
0.046 0.046 0.045 0.046 0.046 0.047 0.048 0.049 0.05 0.051 0.051 0.052 0.07 0.09 0.109 0.129 0.149 0.169 0.189 0.208 0.228 0.247 0.266 0.285 0.304 0.323 0.342 0.361 0.381 0.404 0.426 0.449 0.472 0.494 0.517 0.54 0.567 0.617 0.667 0.716 0.766 0.816 0.866 0.915 0.965 0.996 1.011 1.026 1.041 1.056 1.071 1.086 1.101 1.133 1.172 1.211 1.25 1.289 1.328 1.367 1.406 1.445 1.461 1.475 1.488 1.501 1.514 1.527 1.54 1.554 1.572 1.59 1.609 1.627 1.645 1.663 1.681 1.731 1.784 1.838 1.892 1.945 1.999 2.053 2.106 2.16 2.187 2.208 2.23 2.252 2.273 2.295 2.317 2.388 2.483 2.579 2.674 2.77 2.865 2.961 3.056 3.152 3.265 3.405 3.545 3.686 3.826 3.967 4.107 4.247 4.388 4.528 4.583 4.623 4.662 4.702 4.741 4.781 4.82 4.857 4.893 4.929 4.965 5.001 5.037 5.094 5.22 5.345 5.471 5.596 5.722 5.847 5.973 6.098 6.223 6.328
0.05 0.05 0.05 0.05 0.051 0.052 0.053 0.053 0.054 0.055 0.056 0.071 0.09 0.11 0.13 0.15 0.17 0.189 0.209 0.229 0.248 0.267 0.286 0.305 0.324 0.344 0.363 0.382 0.405 0.427 0.45 0.473 0.495 0.518 0.541 0.563 0.591 0.641 0.691 0.74 0.79 0.84 0.89 0.939 0.975 0.99 1.005 1.02 1.035 1.05 1.065 1.08 1.095 1.128 1.167 1.206 1.245 1.284 1.323 1.362 1.401 1.421 1.434 1.447 1.46 1.473 1.486 1.499 1.512 1.527 1.545 1.563 1.581 1.599 1.617 1.636 1.654 1.675 1.729 1.782 1.836 1.89 1.943 1.997 2.051 2.104 2.131 2.152 2.174 2.196 2.217 2.239 2.261 2.282 2.368 2.464 2.559 2.655 2.75 2.846 2.941 3.037 3.15 3.291 3.431 3.572 3.712 3.852 3.993 4.133 4.273 4.344 4.383 4.423 4.462 4.502 4.541 4.581 4.62 4.656 4.692 4.728 4.765 4.801 4.837 4.873 4.948 5.074 5.199 5.325 5.45 5.575 5.701 5.826 5.952 6.056
0.054 0.054 0.054 0.054 0.055 0.056 0.057 0.058 0.059 0.06 0.071 0.091 0.111 0.131 0.151 0.17 0.19 0.21 0.23 0.249 0.269 0.288 0.307 0.326 0.345 0.364 0.383 0.406 0.428 0.451 0.474 0.496 0.519 0.542 0.564 0.587 0.615 0.665 0.715 0.764 0.814 0.864 0.914 0.955 0.97 0.985 1.0 1.015 1.029 1.044 1.059 1.074 1.089 1.123 1.162 1.201 1.24 1.279 1.318 1.357 1.381 1.394 1.407 1.42 1.433 1.446 1.459 1.472 1.485 1.5 1.518 1.536 1.554 1.572 1.59 1.608 1.626 1.644 1.673 1.727 1.78 1.834 1.888 1.941 1.995 2.049 2.074 2.096 2.118 2.139 2.161 2.183 2.204 2.226 2.253 2.349 2.444 2.54 2.635 2.731 2.826 2.922 3.036 3.177 3.317 3.457 3.598 3.738 3.879 4.019 4.104 4.143 4.183 4.222 4.262 4.301 4.341 4.38 4.42 4.456 4.492 4.528 4.564 4.6 4.636 4.672 4.709 4.802 4.928 5.053 5.178 5.304 5.429 5.555 5.68 5.784
0.059 0.059 0.059 0.059 0.06 0.061 0.061 0.062 0.063 0.072 0.092 0.112 0.132 0.151 0.171 0.191 0.211 0.23 0.25 0.27 0.289 0.308 0.327 0.346 0.366 0.385 0.406 0.429 0.452 0.474 0.497 0.52 0.543 0.565 0.588 0.611 0.639 0.689 0.739 0.789 0.838 0.888 0.934 0.949 0.964 0.979 0.994 1.009 1.024 1.039 1.054 1.069 1.084 1.117 1.156 1.195 1.234 1.273 1.312 1.34 1.353 1.366 1.379 1.392 1.405 1.419 1.432 1.445 1.458 1.472 1.491 1.509 1.527 1.545 1.563 1.581 1.599 1.617 1.635 1.671 1.725 1.778 1.832 1.886 1.939 1.993 2.018 2.04 2.062 2.083 2.105 2.127 2.148 2.17 2.192 2.234 2.329 2.425 2.52 2.616 2.711 2.807 2.922 3.062 3.203 3.343 3.484 3.624 3.764 3.864 3.903 3.943 3.982 4.022 4.061 4.101 4.14 4.18 4.219 4.256 4.292 4.328 4.364 4.4 4.436 4.472 4.508 4.544 4.656 4.781 4.907 5.032 5.158 5.283 5.409 5.512
0.063 0.063 0.063 0.063 0.064 0.065 0.066 0.067 0.073 0.093 0.113 0.132 0.152 0.172 0.192 0.211 0.231 0.251 0.271 0.291 0.31 0.329 0.348 0.367 0.386 0.407 0.43 0.453 0.475 0.498 0.521 0.543 0.566 0.589 0.611 0.634 0.663 0.713 0.763 0.813 0.862 0.912 0.929 0.943 0.958 0.973 0.988 1.003 1.018 1.033 1.048 1.063 1.078 1.112 1.151 1.19 1.229 1.268 1.3 1.313 1.326 1.339 1.352 1.365 1.378 1.391 1.404 1.417 1.43 1.445 1.463 1.481 1.499 1.518 1.536 1.554 1.572 1.59 1.608 1.626 1.669 1.723 1.776 1.83 1.884 1.937 1.962 1.984 2.005 2.027 2.049 2.07 2.092 2.114 2.135 2.157 2.214 2.31 2.405 2.501 2.596 2.692 2.808 2.948 3.089 3.229 3.369 3.51 3.624 3.664 3.703 3.743 3.782 3.822 3.861 3.901 3.94 3.98 4.019 4.055 4.091 4.127 4.163 4.2 4.236 4.272 4.308 4.344 4.384 4.51 4.635 4.761 4.886 5.012 5.137 5.239
0.068 0.068 0.068 0.068 0.069 0.069 0.07 0.074 0.094 0.113 0.133 0.153 0.173 0.192 0.212 0.232 0.252 0.272 0.291 0.311 0.33 0.349 0.369 0.388 0.408 0.431 0.454 0.476 0.499 0.522 0.544 0.567 0.59 0.612 0.635 0.658 0.687 0.737 0.787 0.837 0.886 0.908 0.923 0.938 0.953 0.968 0.983 0.998 1.013 1.028 1.043 1.057 1.072 1.107 1.146 1.185 1.224 1.259 1.272 1.285 1.299 1.312 1.325 1.338 1.351 1.364 1.377 1.39 1.403 1.418 1.436 1.454 1.472 1.49 1.508 1.526 1.545 1.563 1.581 1.599 1.617 1.667 1.721 1.774 1.828 1.882 1.906 1.928 1.949 1.971 1.993 2.014 2.036 2.058 2.079 2.101 2.123 2.195 2.29 2.386 2.481 2.577 2.694 2.834 2.974 3.115 3.255 3.384 3.424 3.463 3.503 3.542 3.582 3.621 3.661 3.7 3.74 3.779 3.819 3.855 3.891 3.927 3.963 3.999 4.035 4.071 4.107 4.144 4.18 4.238 4.364 4.489 4.615 4.74 4.866 4.967
0.072 0.072 0.072 0.072 0.073 0.074 0.075 0.094 0.114 0.134 0.154 0.173 0.193 0.213 0.233 0.253 0.272 0.292 0.312 0.332 0.351 0.37 0.389 0.409 0.432 0.455 0.477 0.5 0.523 0.545 0.568 0.591 0.613 0.636 0.659 0.681 0.711 0.761 0.811 0.861 0.887 0.902 0.917 0.932 0.947 0.962 0.977 0.992 1.007 1.022 1.037 1.052 1.067 1.102 1.141 1.18 1.219 1.232 1.245 1.258 1.271 1.284 1.297 1.31 1.323 1.336 1.35 1.363 1.376 1.391 1.409 1.427 1.445 1.463 1.481 1.499 1.517 1.535 1.553 1.572 1.59 1.612 1.665 1.719 1.773 1.826 1.85 1.872 1.893 1.915 1.936 1.958 1.98 2.001 2.023 2.045 2.066 2.088 2.175 2.271 2.366 2.462 2.579 2.72 2.86 3.001 3.141 3.184 3.223 3.263 3.302 3.342 3.381 3.421 3.461 3.5 3.54 3.579 3.618 3.654 3.691 3.727 3.763 3.799 3.835 3.871 3.907 3.943 3.979 4.015 4.092 4.218 4.343 4.469 4.594 4.695
0.074 0.076 0.076 0.077 0.077 0.078 0.095 0.115 0.135 0.154 0.174 0.194 0.214 0.234 0.253 0.273 0.293 0.313 0.332 0.352 0.371 0.391 0.41 0.433 0.456 0.478 0.501 0.524 0.546 0.569 0.592 0.614 0.637 0.66 0.682 0.705 0.735 0.785 0.835 0.867 0.882 0.897 0.912 0.927 0.942 0.957 0.971 0.986 1.001 1.016 1.031 1.046 1.061 1.096 1.136 1.175 1.192 1.205 1.218 1.231 1.244 1.257 1.27 1.283 1.296 1.309 1.322 1.335 1.348 1.363 1.381 1.4 1.418 1.436 1.454 1.472 1.49 1.508 1.526 1.544 1.562 1.58 1.61 1.663 1.717 1.771 1.794 1.815 1.837 1.859 1.88 1.902 1.924 1.945 1.967 1.989 2.01 2.032 2.06 2.156 2.251 2.347 2.465 2.606 2.746 2.886 2.944 2.984 3.023 3.063 3.102 3.142 3.181 3.221 3.26 3.3 3.339 3.379 3.418 3.454 3.49 3.526 3.562 3.598 3.635 3.671 3.707 3.743 3.779 3.815 3.851 3.946 4.072 4.197 4.323 4.423
0.074 0.079 0.081 0.081 0.082 0.096 0.116 0.135 0.155 0.175 0.195 0.215 0.234 0.254 0.274 0.294 0.313 0.333 0.353 0.373 0.392 0.411 0.434 0.457 0.479 0.502 0.525 0.547 0.57 0.593 0.615 0.638 0.661 0.683 0.706 0.729 0.76 0.809 0.846 0.861 0.876 0.891 0.906 0.921 0.936 0.951 0.966 0.981 0.996 1.011 1.026 1.041 1.056 1.091 1.13 1.151 1.164 1.177 1.19 1.203 1.216 1.23 1.243 1.256 1.269 1.282 1.295 1.308 1.321 1.336 1.354 1.372 1.39 1.408 1.427 1.445 1.463 1.481 1.499 1.517 1.535 1.553 1.571 1.608 1.661 1.715 1.738 1.759 1.781 1.803 1.824 1.846 1.868 1.889 1.911 1.933 1.954 1.976 1.997 2.041 2.137 2.232 2.351 2.491 2.632 2.704 2.744 2.783 2.823 2.862 2.902 2.941 2.981 3.02 3.06 3.099 3.139 3.178 3.218 3.254 3.29 3.326 3.362 3.398 3.434 3.47 3.506 3.542 3.579 3.615 3.651 3.687 3.8 3.926 4.051 4.15
0.074 0.079 0.084 0.085 0.097 0.116 0.136 0.156 0.176 0.196 0.215 0.235 0.255 0.275 0.294 0.314 0.334 0.354 0.374 0.393 0.413 0.435 0.458 0.48 0.503 0.526 0.548 0.571 0.594 0.616 0.639 0.662 0.684 0.707 0.73 0.752 0.784 0.826 0.841 0.856 0.871 0.885 0.9 0.915 0.93 0.945 0.96 0.975 0.99 1.005 1.02 1.035 1.05 1.086 1.111 1.124 1.137 1.15 1.163 1.176 1.189 1.202 1.215 1.228 1.241 1.254 1.267 1.281 1.294 1.309 1.327 1.345 1.363 1.381 1.399 1.417 1.435 1.453 1.472 1.49 1.508 1.526 1.544 1.562 1.606 1.659 1.681 1.703 1.725 1.746 1.768 1.79 1.811 1.833 1.855 1.876 1.898 1.92 1.941 1.963 2.022 2.117 2.237 2.377 2.464 2.504 2.543 2.583 2.622 2.662 2.702 2.741 2.781 2.82 2.86 2.899 2.939 2.978 3.017 3.053 3.089 3.126 3.162 3.198 3.234 3.27 3.306 3.342 3.378 3.414 3.45 3.486 3.529 3.654 3.78 3.878
0.076 0.081 0.087 0.093 0.113 0.134 0.154 0.174 0.194 0.214 0.234 0.254 0.274 0.294 0.314 0.334 0.355 0.374 0.394 0.414 0.436 0.458 0.481 0.504 0.526 0.549 0.572 0.594 0.617 0.64 0.662 0.685 0.708 0.73 0.753 0.776 0.805 0.82 0.835 0.85 0.865 0.88 0.895 0.91 0.925 0.94 0.955 0.97 0.985 1.0 1.014 1.029 1.044 1.07 1.083 1.096 1.11 1.123 1.136 1.149 1.162 1.175 1.188 1.201 1.214 1.227 1.24 1.253 1.266 1.282 1.3 1.318 1.336 1.354 1.372 1.39 1.408 1.426 1.444 1.462 1.48 1.499 1.517 1.535 1.553 1.604 1.625 1.647 1.669 1.69 1.712 1.734 1.755 1.777 1.799 1.82 1.842 1.864 1.885 1.907 1.929 2.002 2.123 2.225 2.264 2.304 2.343 2.383 2.422 2.462 2.501 2.541 2.58 2.62 2.659 2.699 2.738 2.778 2.817 2.853 2.889 2.925 2.961 2.997 3.033 3.07 3.106 3.142 3.178 3.214 3.25 3.286 3.322 3.383 3.508 3.606
0.085 0.09 0.095 0.099 0.115 0.135 0.155 0.175 0.195 0.215 0.235 0.255 0.275 0.295 0.315 0.336 0.356 0.376 0.396 0.416 0.431 0.454 0.477 0.5 0.523 0.546 0.57 0.593 0.616 0.639 0.662 0.685 0.709 0.732 0.755 0.778 0.796 0.809 0.824 0.84 0.855 0.87 0.885 0.9 0.915 0.93 0.945 0.96 0.975 0.99 1.005 1.021 1.036 1.049 1.061 1.074 1.087 1.1 1.113 1.126 1.138 1.151 1.164 1.177 1.19 1.203 1.215 1.228 1.241 1.255 1.273 1.291 1.309 1.327 1.345 1.363 1.381 1.399 1.417 1.435 1.453 1.471 1.489 1.507 1.526 1.547 1.569 1.591 1.612 1.634 1.656 1.677 1.699 1.721 1.742 1.764 1.786 1.807 1.829 1.851 1.872 1.894 1.985 2.024 2.064 2.103 2.143 2.182 2.222 2.261 2.301 2.34 2.38 2.419 2.459 2.498 2.538 2.577 2.617 2.653 2.689 2.725 2.761 2.797 2.833 2.869 2.905 2.941 2.977 3.013 3.05 3.086 3.122 3.158 3.236 3.333
0.094 0.099 0.101 0.106 0.119 0.136 0.156 0.176 0.196 0.216 0.236 0.256 0.276 0.296 0.316 0.337 0.357 0.377 0.397 0.417 0.431 0.447 0.47 0.493 0.516 0.539 0.563 0.586 0.609 0.632 0.655 0.678 0.702 0.725 0.748 0.771 0.788 0.796 0.811 0.826 0.841 0.856 0.872 0.887 0.902 0.917 0.932 0.947 0.962 0.977 0.992 1.007 1.022 1.035 1.048 1.061 1.074 1.087 1.099 1.112 1.125 1.138 1.151 1.164 1.176 1.189 1.202 1.215 1.225 1.236 1.254 1.272 1.29 1.308 1.326 1.344 1.362 1.38 1.398 1.416 1.434 1.452 1.47 1.488 1.506 1.519 1.528 1.549 1.571 1.592 1.613 1.635 1.656 1.677 1.699 1.72 1.741 1.763 1.784 1.806 1.827 1.848 1.86 1.898 1.935 1.972 2.009 2.047 2.084 2.121 2.159 2.196 2.233 2.271 2.308 2.345 2.382 2.42 2.457 2.49 2.524 2.558 2.592 2.626 2.66 2.693 2.727 2.761 2.795 2.829 2.863 2.897 2.93 2.964 2.998 3.015
0.103 0.105 0.107 0.112 0.126 0.139 0.157 0.177 0.197 0.217 0.237 0.257 0.277 0.297 0.318 0.338 0.358 0.378 0.398 0.418 0.432 0.445 0.463 0.486 0.509 0.532 0.555 0.579 0.602 0.625 0.648 0.671 0.694 0.718 0.741 0.764 0.781 0.789 0.798 0.813 0.828 0.843 0.858 0.873 0.888 0.904 0.919 0.934 0.949 0.964 0.979 0.994 1.009 1.022 1.035 1.048 1.061 1.073 1.086 1.099 1.112 1.125 1.137 1.15 1.163 1.176 1.189 1.2 1.206 1.217 1.235 1.253 1.271 1.289 1.307 1.325 1.343 1.361 1.379 1.397 1.415 1.433 1.451 1.469 1.483 1.495 1.498 1.51 1.532 1.553 1.574 1.596 1.617 1.639 1.66 1.681 1.703 1.724 1.745 1.767 1.788 1.809 1.817 1.827 1.864 1.902 1.939 1.976 2.014 2.051 2.088 2.126 2.163 2.2 2.237 2.275 2.312 2.349 2.386 2.42 2.454 2.488 2.521 2.555 2.589 2.623 2.657 2.691 2.725 2.758 2.792 2.826 2.86 2.894 2.907 2.904
0.11 0.112 0.113 0.119 0.132 0.145 0.159 0.178 0.198 0.218 0.238 0.258 0.278 0.298 0.319 0.339 0.359 0.379 0.399 0.419 0.433 0.446 0.459 0.479 0.502 0.525 0.548 0.571 0.595 0.618 0.641 0.664 0.687 0.71 0.734 0.757 0.774 0.781 0.789 0.8 0.815 0.83 0.845 0.86 0.875 0.89 0.905 0.92 0.936 0.951 0.966 0.981 0.996 1.009 1.022 1.034 1.047 1.06 1.073 1.086 1.099 1.111 1.124 1.137 1.15 1.163 1.175 1.18 1.186 1.199 1.216 1.234 1.252 1.27 1.288 1.306 1.324 1.342 1.36 1.378 1.396 1.414 1.432 1.447 1.46 1.471 1.474 1.476 1.493 1.514 1.536 1.557 1.578 1.6 1.621 1.642 1.664 1.685 1.707 1.728 1.749 1.771 1.778 1.776 1.794 1.831 1.869 1.906 1.943 1.981 2.018 2.055 2.092 2.13 2.167 2.204 2.242 2.279 2.316 2.35 2.383 2.417 2.451 2.485 2.519 2.553 2.586 2.62 2.654 2.688 2.722 2.756 2.79 2.808 2.806 2.804
0.116 0.118 0.12 0.125 0.138 0.152 0.165 0.179 0.199 0.219 0.239 0.259 0.279 0.3 0.32 0.34 0.36 0.38 0.4 0.42 0.434 0.447 0.46 0.473 0.495 0.518 0.541 0.564 0.588 0.611 0.634 0.657 0.68 0.703 0.727 0.75 0.766 0.774 0.782 0.789 0.802 0.817 0.832 0.847 0.862 0.877 0.892 0.907 0.922 0.937 0.952 0.968 0.983 0.996 1.008 1.021 1.034 1.047 1.06 1.072 1.085 1.098 1.111 1.124 1.137 1.149 1.155 1.161 1.167 1.18 1.198 1.215 1.233 1.251 1.269 1.287 1.305 1.323 1.341 1.359 1.377 1.395 1.411 1.424 1.436 1.448 1.45 1.453 1.455 1.475 1.497 1.518 1.54 1.561 1.582 1.604 1.625 1.646 1.668 1.689 1.71 1.732 1.738 1.736 1.735 1.761 1.798 1.836 1.873 1.91 1.948 1.985 2.022 2.059 2.097 2.134 2.171 2.209 2.245 2.279 2.313 2.347 2.381 2.414 2.448 2.482 2.516 2.55 2.584 2.618 2.651 2.685 2.709 2.707 2.706 2.703
0.122 0.124 0.126 0.131 0.145 0.158 0.172 0.185 0.2 0.22 0.24 0.26 0.28 0.301 0.321 0.341 0.361 0.381 0.401 0.421 0.435 0.448 0.461 0.474 0.488 0.511 0.534 0.557 0.58 0.604 0.627 0.65 0.673 0.696 0.719 0.743 0.759 0.767 0.774 0.782 0.79 0.804 0.819 0.834 0.849 0.864 0.879 0.894 0.909 0.924 0.939 0.954 0.969 0.982 0.995 1.008 1.021 1.034 1.046 1.059 1.072 1.085 1.098 1.11 1.123 1.13 1.136 1.142 1.148 1.161 1.179 1.197 1.214 1.232 1.25 1.268 1.286 1.304 1.322 1.34 1.358 1.375 1.387 1.4 1.412 1.424 1.426 1.429 1.431 1.437 1.458 1.479 1.501 1.522 1.543 1.565 1.586 1.608 1.629 1.65 1.672 1.693 1.699 1.697 1.695 1.694 1.728 1.765 1.803 1.84 1.877 1.914 1.952 1.989 2.026 2.064 2.101 2.138 2.175 2.209 2.243 2.276 2.31 2.344 2.378 2.412 2.446 2.479 2.513 2.547 2.581 2.61 2.608 2.607 2.605 2.602
0.128 0.13 0.132 0.138 0.151 0.165 0.178 0.191 0.205 0.221 0.241 0.261 0.282 0.302 0.322 0.342 0.362 0.382 0.402 0.422 0.436 0.449 0.462 0.475 0.488 0.504 0.527 0.55 0.573 0.596 0.62 0.643 0.666 0.689 0.712 0.735 0.752 0.759 0.767 0.775 0.782 0.79 0.805 0.82 0.836 0.851 0.866 0.881 0.896 0.911 0.926 0.941 0.956 0.969 0.982 0.995 1.007 1.02 1.033 1.046 1.059 1.072 1.084 1.097 1.105 1.111 1.117 1.123 1.129 1.142 1.16 1.178 1.196 1.213 1.231 1.249 1.267 1.285 1.303 1.321 1.339 1.351 1.364 1.376 1.389 1.4 1.402 1.405 1.408 1.41 1.419 1.44 1.462 1.483 1.505 1.526 1.547 1.569 1.59 1.611 1.633 1.654 1.66 1.658 1.656 1.654 1.658 1.695 1.732 1.769 1.807 1.844 1.881 1.919 1.956 1.993 2.031 2.068 2.104 2.138 2.172 2.206 2.24 2.274 2.307 2.341 2.375 2.409 2.443 2.477 2.511 2.509 2.508 2.506 2.505 2.502
0.135 0.136 0.138 0.144 0.158 0.171 0.184 0.198 0.211 0.225 0.242 0.262 0.283 0.303 0.323 0.343 0.363 0.383 0.403 0.423 0.437 0.45 0.463 0.476 0.489 0.502 0.52 0.543 0.566 0.589 0.613 0.636 0.659 0.682 0.705 0.728 0.744 0.752 0.76 0.767 0.775 0.783 0.792 0.807 0.822 0.837 0.852 0.868 0.883 0.898 0.913 0.928 0.943 0.956 0.969 0.981 0.994 1.007 1.02 1.033 1.045 1.058 1.071 1.08 1.086 1.092 1.098 1.104 1.11 1.123 1.141 1.159 1.177 1.195 1.212 1.23 1.248 1.266 1.284 1.302 1.315 1.328 1.34 1.353 1.365 1.376 1.379 1.381 1.384 1.386 1.389 1.402 1.423 1.444 1.466 1.487 1.509 1.53 1.551 1.573 1.594 1.615 1.621 1.619 1.617 1.615 1.613 1.625 1.662 1.699 1.736 1.774 1.811 1.848 1.886 1.923 1.96 1.998 2.034 2.068 2.102 2.136 2.169 2.203 2.237 2.271 2.305 2.339 2.372 2.406 2.41 2.409 2.407 2.406 2.404 2.401
0.141 0.143 0.144 0.15 0.164 0.177 0.191 0.204 0.218 0.231 0.244 0.264 0.284 0.304 0.324 0.344 0.364 0.384 0.404 0.424 0.438 0.451 0.464 0.477 0.49 0.503 0.516 0.536 0.559 0.582 0.605 0.629 0.652 0.675 0.698 0.721 0.737 0.745 0.752 0.76 0.768 0.775 0.783 0.794 0.809 0.824 0.839 0.854 0.869 0.884 0.9 0.915 0.93 0.942 0.955 0.968 0.981 0.994 1.007 1.019 1.032 1.045 1.055 1.061 1.067 1.073 1.079 1.085 1.091 1.104 1.122 1.14 1.158 1.176 1.194 1.211 1.229 1.247 1.265 1.279 1.292 1.304 1.317 1.329 1.341 1.352 1.355 1.357 1.36 1.362 1.365 1.368 1.384 1.406 1.427 1.448 1.47 1.491 1.512 1.534 1.555 1.577 1.581 1.58 1.578 1.576 1.574 1.572 1.591 1.629 1.666 1.703 1.741 1.778 1.815 1.853 1.89 1.927 1.964 1.997 2.031 2.065 2.099 2.133 2.167 2.2 2.234 2.268 2.302 2.311 2.309 2.308 2.307 2.305 2.304 2.301
0.147 0.149 0.151 0.157 0.17 0.184 0.197 0.21 0.224 0.237 0.251 0.265 0.285 0.305 0.325 0.345 0.365 0.385 0.405 0.425 0.439 0.452 0.465 0.478 0.491 0.504 0.517 0.53 0.552 0.575 0.598 0.621 0.645 0.668 0.691 0.714 0.73 0.737 0.745 0.753 0.76 0.768 0.776 0.784 0.796 0.811 0.826 0.841 0.856 0.871 0.886 0.901 0.916 0.929 0.942 0.955 0.968 0.98 0.993 1.006 1.019 1.03 1.036 1.042 1.048 1.054 1.06 1.066 1.072 1.085 1.103 1.121 1.139 1.157 1.175 1.193 1.21 1.228 1.243 1.256 1.268 1.28 1.293 1.305 1.318 1.328 1.331 1.334 1.336 1.339 1.341 1.344 1.346 1.367 1.388 1.409 1.431 1.452 1.474 1.495 1.516 1.538 1.542 1.54 1.539 1.537 1.535 1.533 1.531 1.558 1.596 1.633 1.67 1.708 1.745 1.782 1.819 1.857 1.893 1.927 1.961 1.995 2.028 2.062 2.096 2.13 2.164 2.198 2.212 2.21 2.209 2.207 2.206 2.205 2.203 2.2
0.153 0.155 0.157 0.163 0.177 0.19 0.203 0.217 0.23 0.244 0.257 0.27 0.286 0.306 0.326 0.346 0.366 0.386 0.406 0.426 0.44 0.453 0.466 0.479 0.492 0.505 0.518 0.531 0.545 0.568 0.591 0.614 0.638 0.661 0.684 0.707 0.722 0.73 0.738 0.745 0.753 0.761 0.768 0.776 0.784 0.798 0.813 0.828 0.843 0.858 0.873 0.888 0.903 0.916 0.929 0.941 0.954 0.967 0.98 0.993 1.005 1.011 1.017 1.023 1.029 1.035 1.04 1.046 1.052 1.066 1.084 1.102 1.12 1.138 1.156 1.174 1.192 1.207 1.219 1.232 1.244 1.257 1.269 1.282 1.294 1.305 1.307 1.31 1.312 1.315 1.317 1.32 1.322 1.328 1.349 1.371 1.392 1.413 1.435 1.456 1.478 1.499 1.503 1.501 1.499 1.498 1.496 1.494 1.492 1.49 1.525 1.563 1.6 1.637 1.675 1.712 1.749 1.786 1.823 1.857 1.89 1.924 1.958 1.992 2.026 2.06 2.093 2.113 2.111 2.11 2.108 2.107 2.105 2.104 2.102 2.099
0.159 0.161 0.163 0.17 0.183 0.196 0.21 0.223 0.237 0.25 0.263 0.277 0.29 0.307 0.327 0.347 0.367 0.387 0.407 0.427 0.441 0.454 0.467 0.48 0.493 0.506 0.519 0.532 0.545 0.561 0.584 0.607 0.63 0.654 0.677 0.7 0.715 0.723 0.73 0.738 0.746 0.753 0.761 0.769 0.776 0.784 0.799 0.815 0.83 0.845 0.86 0.875 0.89 0.903 0.915 0.928 0.941 0.954 0.967 0.98 0.986 0.992 0.998 1.004 1.009 1.015 1.021 1.027 1.033 1.047 1.065 1.083 1.101 1.119 1.137 1.155 1.171 1.183 1.196 1.208 1.221 1.233 1.246 1.258 1.27 1.281 1.283 1.286 1.288 1.291 1.293 1.296 1.299 1.301 1.31 1.332 1.353 1.375 1.396 1.417 1.439 1.46 1.464 1.462 1.46 1.458 1.456 1.455 1.453 1.451 1.455 1.492 1.53 1.567 1.604 1.641 1.679 1.716 1.752 1.786 1.82 1.854 1.888 1.921 1.955 1.989 2.014 2.012 2.011 2.009 2.008 2.006 2.005 2.003 2.002 1.999
0.166 0.167 0.169 0.176 0.189 0.203 0.216 0.23 0.243 0.256 0.27 0.283 0.297 0.31 0.328 0.348 0.368 0.388 0.408 0.428 0.442 0.455 0.468 0.481 0.494 0.507 0.52 0.533 0.546 0.559 0.577 0.6 0.623 0.646 0.67 0.693 0.707 0.715 0.723 0.731 0.738 0.746 0.754 0.761 0.769 0.777 0.786 0.801 0.816 0.831 0.847 0.862 0.876 0.889 0.902 0.915 0.928 0.941 0.953 0.961 0.967 0.972 0.978 0.984 0.99 0.996 1.002 1.008 1.014 1.028 1.046 1.064 1.082 1.1 1.118 1.135 1.147 1.16 1.172 1.185 1.197 1.209 1.222 1.234 1.247 1.257 1.26 1.262 1.265 1.267 1.27 1.272 1.275 1.277 1.28 1.293 1.314 1.336 1.357 1.378 1.4 1.421 1.425 1.423 1.421 1.419 1.417 1.415 1.414 1.412 1.41 1.422 1.459 1.496 1.534 1.571 1.608 1.646 1.682 1.716 1.75 1.783 1.817 1.851 1.885 1.914 1.913 1.912 1.91 1.909 1.907 1.906 1.904 1.903 1.901 1.898
0.172 0.174 0.175 0.182 0.196 0.209 0.223 0.236 0.249 0.263 0.276 0.29 0.303 0.316 0.33 0.349 0.369 0.389 0.409 0.429 0.443 0.456 0.469 0.482 0.495 0.508 0.521 0.534 0.547 0.56 0.573 0.593 0.616 0.639 0.663 0.686 0.7 0.708 0.716 0.723 0.731 0.739 0.746 0.754 0.762 0.769 0.777 0.788 0.803 0.818 0.833 0.848 0.863 0.876 0.889 0.902 0.914 0.927 0.936 0.941 0.947 0.953 0.959 0.965 0.971 0.977 0.983 0.989 0.995 1.009 1.027 1.045 1.063 1.081 1.099 1.111 1.124 1.136 1.149 1.161 1.173 1.186 1.198 1.211 1.223 1.233 1.236 1.238 1.241 1.243 1.246 1.248 1.251 1.253 1.256 1.259 1.276 1.297 1.318 1.34 1.361 1.382 1.385 1.384 1.382 1.38 1.378 1.376 1.374 1.373 1.371 1.369 1.389 1.426 1.463 1.501 1.538 1.575 1.611 1.645 1.679 1.713 1.747 1.781 1.814 1.814 1.812 1.811 1.81 1.808 1.807 1.805 1.804 1.802 1.801 1.798
0.178 0.18 0.182 0.189 0.202 0.216 0.229 0.242 0.256 0.269 0.283 0.296 0.309 0.323 0.336 0.35 0.37 0.39 0.41 0.43 0.443 0.457 0.47 0.483 0.496 0.509 0.522 0.535 0.548 0.561 0.574 0.587 0.609 0.632 0.655 0.679 0.693 0.7 0.708 0.716 0.724 0.731 0.739 0.747 0.754 0.762 0.77 0.778 0.79 0.805 0.82 0.835 0.85 0.863 0.876 0.888 0.901 0.91 0.916 0.922 0.928 0.934 0.94 0.946 0.952 0.958 0.964 0.97 0.976 0.99 1.008 1.026 1.044 1.062 1.075 1.088 1.1 1.112 1.125 1.137 1.15 1.162 1.175 1.187 1.199 1.209 1.212 1.214 1.217 1.219 1.222 1.225 1.227 1.23 1.232 1.235 1.237 1.258 1.279 1.301 1.322 1.344 1.346 1.344 1.342 1.341 1.339 1.337 1.335 1.333 1.332 1.33 1.328 1.356 1.393 1.43 1.468 1.505 1.541 1.575 1.609 1.643 1.676 1.71 1.715 1.713 1.712 1.71 1.709 1.707 1.706 1.705 1.703 1.702 1.7 1.697
0.184 0.186 0.188 0.195 0.209 0.222 0.235 0.249 0.262 0.276 0.289 0.302 0.316 0.329 0.343 0.356 0.371 0.391 0.411 0.431 0.444 0.457 0.471 0.484 0.497 0.51 0.523 0.536 0.549 0.562 0.575 0.588 0.602 0.625 0.648 0.671 0.685 0.693 0.701 0.709 0.716 0.724 0.732 0.739 0.747 0.755 0.762 0.77 0.778 0.792 0.807 0.822 0.837 0.849 0.862 0.875 0.885 0.891 0.897 0.903 0.909 0.915 0.921 0.927 0.933 0.939 0.945 0.951 0.957 0.971 0.989 1.007 1.025 1.039 1.051 1.064 1.076 1.089 1.101 1.114 1.126 1.138 1.151 1.163 1.176 1.186 1.188 1.191 1.193 1.196 1.198 1.201 1.203 1.206 1.208 1.211 1.213 1.219 1.241 1.262 1.283 1.305 1.307 1.305 1.303 1.301 1.3 1.298 1.296 1.294 1.292 1.291 1.289 1.287 1.323 1.36 1.397 1.435 1.471 1.504 1.538 1.572 1.606 1.616 1.614 1.613 1.611 1.61 1.608 1.607 1.605 1.604 1.603 1.601 1.6 1.596
0.19 0.192 0.194 0.202 0.215 0.228 0.242 0.255 0.269 0.282 0.295 0.309 0.322 0.336 0.349 0.362 0.376 0.392 0.413 0.432 0.445 0.458 0.471 0.485 0.498 0.511 0.524 0.537 0.55 0.563 0.576 0.589 0.602 0.618 0.641 0.664 0.678 0.686 0.693 0.701 0.709 0.717 0.724 0.732 0.74 0.747 0.755 0.763 0.771 0.778 0.794 0.809 0.823 0.836 0.849 0.86 0.866 0.872 0.878 0.884 0.89 0.896 0.902 0.908 0.914 0.92 0.926 0.932 0.937 0.952 0.97 0.988 1.003 1.015 1.028 1.04 1.053 1.065 1.078 1.09 1.102 1.115 1.127 1.14 1.152 1.162 1.164 1.167 1.169 1.172 1.174 1.177 1.179 1.182 1.185 1.187 1.19 1.192 1.202 1.223 1.245 1.266 1.268 1.266 1.264 1.262 1.26 1.259 1.257 1.255 1.253 1.251 1.249 1.248 1.252 1.29 1.327 1.364 1.4 1.434 1.468 1.502 1.517 1.515 1.514 1.512 1.511 1.509 1.508 1.506 1.505 1.503 1.502 1.501 1.499 1.496
0.197 0.198 0.2 0.208 0.221 0.235 0.248 0.262 0.275 0.288 0.302 0.315 0.329 0.342 0.355 0.369 0.382 0.396 0.414 0.433 0.446 0.459 0.472 0.486 0.499 0.512 0.525 0.538 0.551 0.564 0.577 0.59 0.603 0.616 0.634 0.657 0.671 0.678 0.686 0.694 0.702 0.709 0.717 0.725 0.732 0.74 0.748 0.755 0.763 0.771 0.78 0.795 0.81 0.823 0.835 0.841 0.847 0.853 0.859 0.865 0.871 0.877 0.883 0.889 0.895 0.901 0.906 0.912 0.918 0.933 0.951 0.967 0.979 0.992 1.004 1.017 1.029 1.041 1.054 1.066 1.079 1.091 1.104 1.116 1.128 1.138 1.14 1.143 1.145 1.148 1.151 1.153 1.156 1.158 1.161 1.163 1.166 1.168 1.171 1.184 1.206 1.227 1.228 1.227 1.225 1.223 1.221 1.219 1.218 1.216 1.214 1.212 1.21 1.208 1.207 1.219 1.257 1.294 1.33 1.364 1.397 1.417 1.416 1.415 1.413 1.412 1.41 1.409 1.407 1.406 1.404 1.403 1.401 1.4 1.398 1.395
0.203 0.205 0.206 0.214 0.228 0.241 0.255 0.268 0.281 0.295 0.308 0.322 0.335 0.348 0.362 0.375 0.389 0.402 0.415 0.434 0.447 0.46 0.473 0.486 0.5 0.513 0.526 0.539 0.552 0.565 0.578 0.591 0.604 0.617 0.63 0.65 0.663 0.671 0.679 0.686 0.694 0.702 0.71 0.717 0.725 0.733 0.74 0.748 0.756 0.764 0.771 0.782 0.797 0.81 0.816 0.822 0.828 0.834 0.84 0.846 0.852 0.858 0.864 0.869 0.875 0.881 0.887 0.893 0.899 0.914 0.931 0.943 0.956 0.968 0.981 0.993 1.005 1.018 1.03 1.043 1.055 1.067 1.08 1.092 1.105 1.114 1.117 1.119 1.122 1.124 1.127 1.129 1.132 1.134 1.137 1.139 1.142 1.145 1.147 1.15 1.167 1.188 1.189 1.187 1.186 1.184 1.182 1.18 1.178 1.177 1.175 1.173 1.171 1.169 1.167 1.166 1.186 1.224 1.259 1.293 1.318 1.317 1.315 1.314 1.312 1.311 1.31 1.308 1.307 1.305 1.304 1.302 1.301 1.299 1.298 1.295
0.229 0.23 0.23 0.226 0.239 0.252 0.265 0.278 0.291 0.304 0.318 0.331 0.344 0.357 0.37 0.383 0.396 0.409 0.422 0.435 0.448 0.461 0.474 0.487 0.5 0.514 0.527 0.54 0.553 0.566 0.579 0.592 0.605 0.618 0.631 0.644 0.656 0.664 0.671 0.679 0.687 0.694 0.702 0.71 0.718 0.725 0.733 0.741 0.748 0.756 0.764 0.772 0.784 0.791 0.797 0.803 0.809 0.815 0.821 0.827 0.833 0.838 0.844 0.85 0.856 0.862 0.868 0.874 0.88 0.895 0.907 0.92 0.932 0.944 0.957 0.969 0.982 0.994 1.007 1.019 1.031 1.044 1.056 1.069 1.081 1.09 1.093 1.095 1.098 1.1 1.103 1.105 1.108 1.111 1.113 1.116 1.118 1.121 1.123 1.126 1.128 1.149 1.15 1.148 1.146 1.145 1.143 1.141 1.139 1.137 1.135 1.134 1.132 1.13 1.128 1.126 1.125 1.153 1.189 1.219 1.218 1.216 1.215 1.213 1.212 1.21 1.209 1.208 1.206 1.205 1.203 1.202 1.2 1.199 1.197 1.194
0.298 0.299 0.283 0.264 0.265 0.278 0.291 0.304 0.317 0.33 0.343 0.357 0.37 0.383 0.396 0.409 0.422 0.435 0.448 0.46 0.464 0.477 0.49 0.503 0.515 0.528 0.541 0.554 0.567 0.58 0.592 0.605 0.618 0.631 0.644 0.657 0.666 0.673 0.68 0.688 0.695 0.702 0.71 0.717 0.724 0.732 0.739 0.746 0.754 0.761 0.768 0.776 0.779 0.784 0.79 0.795 0.801 0.806 0.812 0.817 0.823 0.828 0.834 0.839 0.845 0.85 0.856 0.861 0.867 0.874 0.886 0.898 0.91 0.923 0.935 0.947 0.959 0.971 0.984 0.996 1.008 1.02 1.033 1.045 1.057 1.066 1.069 1.071 1.074 1.077 1.079 1.082 1.084 1.087 1.089 1.092 1.094 1.097 1.099 1.102 1.104 1.111 1.111 1.109 1.107 1.105 1.104 1.102 1.1 1.098 1.096 1.094 1.093 1.091 1.089 1.087 1.085 1.084 1.118 1.119 1.117 1.116 1.114 1.113 1.111 1.11 1.108 1.107 1.106 1.104 1.103 1.101 1.1 1.098 1.097 1.093
0.367 0.355 0.329 0.311 0.298 0.304 0.317 0.33 0.343 0.356 0.369 0.383 0.396 0.409 0.422 0.435 0.448 0.461 0.474 0.486 0.486 0.493 0.506 0.518 0.531 0.544 0.557 0.57 0.583 0.595 0.608 0.621 0.634 0.647 0.66 0.673 0.682 0.689 0.696 0.704 0.711 0.718 0.726 0.733 0.74 0.747 0.755 0.762 0.769 0.777 0.784 0.787 0.787 0.793 0.798 0.804 0.809 0.815 0.82 0.825 0.831 0.836 0.842 0.847 0.853 0.858 0.864 0.869 0.872 0.868 0.877 0.889 0.901 0.913 0.926 0.938 0.95 0.962 0.974 0.986 0.999 1.011 1.023 1.035 1.047 1.056 1.058 1.06 1.063 1.065 1.067 1.07 1.072 1.074 1.077 1.079 1.081 1.083 1.086 1.088 1.09 1.087 1.085 1.082 1.08 1.078 1.076 1.074 1.072 1.069 1.067 1.065 1.063 1.061 1.059 1.056 1.054 1.052 1.055 1.052 1.049 1.046 1.043 1.04 1.037 1.033 1.03 1.027 1.024 1.021 1.018 1.015 1.012 1.008 1.005 1.0
0.427 0.401 0.375 0.357 0.344 0.332 0.343 0.356 0.369 0.382 0.395 0.408 0.422 0.435 0.448 0.461 0.474 0.487 0.5 0.511 0.512 0.512 0.522 0.534 0.547 0.56 0.573 0.586 0.599 0.611 0.624 0.637 0.65 0.663 0.676 0.688 0.697 0.705 0.712 0.719 0.727 0.734 0.741 0.749 0.756 0.763 0.771 0.778 0.785 0.793 0.797 0.795 0.795 0.801 0.806 0.812 0.817 0.823 0.828 0.834 0.839 0.845 0.85 0.856 0.861 0.867 0.872 0.875 0.876 0.872 0.867 0.88 0.892 0.904 0.916 0.928 0.941 0.953 0.965 0.977 0.989 1.002 1.014 1.026 1.038 1.046 1.049 1.051 1.053 1.056 1.058 1.06 1.063 1.065 1.067 1.069 1.072 1.074 1.076 1.079 1.077 1.068 1.066 1.063 1.061 1.059 1.057 1.055 1.053 1.05 1.048 1.046 1.044 1.042 1.04 1.037 1.035 1.036 1.043 1.049 1.046 1.042 1.039 1.036 1.033 1.03 1.027 1.024 1.021 1.017 1.014 1.011 1.008 1.005 1.002 0.999
0.473 0.447 0.421 0.403 0.391 0.378 0.369 0.382 0.395 0.408 0.421 0.434 0.448 0.461 0.474 0.487 0.5 0.513 0.526 0.537 0.538 0.538 0.539 0.55 0.563 0.576 0.589 0.602 0.614 0.627 0.64 0.653 0.666 0.679 0.692 0.704 0.713 0.721 0.728 0.735 0.743 0.75 0.757 0.764 0.772 0.779 0.786 0.794 0.801 0.807 0.805 0.803 0.803 0.809 0.814 0.82 0.825 0.831 0.836 0.842 0.847 0.853 0.858 0.864 0.869 0.875 0.878 0.88 0.881 0.877 0.872 0.87 0.883 0.895 0.907 0.919 0.931 0.943 0.956 0.968 0.98 0.992 1.004 1.017 1.029 1.037 1.039 1.042 1.044 1.046 1.048 1.051 1.053 1.055 1.058 1.06 1.062 1.065 1.067 1.067 1.058 1.049 1.047 1.044 1.042 1.04 1.038 1.036 1.034 1.031 1.029 1.027 1.025 1.023 1.021 1.018 1.019 1.022 1.029 1.04 1.042 1.039 1.036 1.033 1.03 1.027 1.023 1.02 1.017 1.014 1.011 1.008 1.005 1.001 0.998 0.996
0.519 0.493 0.467 0.45 0.437 0.425 0.412 0.408 0.421 0.434 0.447 0.46 0.473 0.487 0.5 0.513 0.526 0.539 0.552 0.563 0.563 0.564 0.564 0.566 0.579 0.592 0.605 0.618 0.63 0.643 0.656 0.669 0.682 0.695 0.707 0.72 0.729 0.736 0.744 0.751 0.758 0.766 0.773 0.78 0.788 0.795 0.802 0.81 0.817 0.815 0.813 0.811 0.812 0.817 0.823 0.828 0.834 0.839 0.845 0.85 0.856 0.861 0.867 0.872 0.878 0.881 0.883 0.884 0.886 0.882 0.876 0.871 0.873 0.885 0.898 0.91 0.922 0.934 0.946 0.959 0.971 0.983 0.995 1.007 1.02 1.028 1.03 1.032 1.034 1.037 1.039 1.041 1.044 1.046 1.048 1.051 1.053 1.055 1.057 1.048 1.039 1.03 1.028 1.025 1.023 1.021 1.019 1.017 1.015 1.012 1.01 1.008 1.006 1.004 1.002 1.001 1.004 1.007 1.014 1.025 1.036 1.036 1.032 1.029 1.026 1.023 1.02 1.017 1.014 1.011 1.007 1.004 1.001 0.998 0.995 0.993
0.566 0.539 0.513 0.496 0.484 0.471 0.459 0.446 0.447 0.46 0.473 0.486 0.499 0.512 0.526 0.539 0.552 0.565 0.578 0.589 0.589 0.59 0.59 0.591 0.595 0.608 0.621 0.633 0.646 0.659 0.672 0.685 0.698 0.711 0.723 0.736 0.745 0.752 0.76 0.767 0.774 0.782 0.789 0.796 0.803 0.811 0.818 0.825 0.825 0.823 0.821 0.819 0.82 0.825 0.831 0.836 0.842 0.847 0.853 0.858 0.864 0.869 0.875 0.88 0.885 0.886 0.888 0.889 0.891 0.886 0.881 0.876 0.87 0.876 0.888 0.901 0.913 0.925 0.937 0.949 0.961 0.974 0.986 0.998 1.01 1.018 1.02 1.023 1.025 1.027 1.03 1.032 1.034 1.036 1.039 1.041 1.043 1.046 1.038 1.029 1.02 1.011 1.009 1.006 1.004 1.002 1.0 0.998 0.996 0.993 0.991 0.989 0.987 0.985 0.984 0.987 0.989 0.992 1.0 1.01 1.021 1.032 1.029 1.026 1.023 1.02 1.017 1.013 1.01 1.007 1.004 1.001 0.998 0.995 0.992 0.989
0.612 0.586 0.56 0.542 0.53 0.517 0.505 0.492 0.48 0.486 0.499 0.512 0.525 0.538 0.552 0.565 0.578 0.591 0.604 0.614 0.615 0.615 0.616 0.616 0.617 0.624 0.637 0.649 0.662 0.675 0.688 0.701 0.714 0.726 0.739 0.752 0.761 0.768 0.775 0.783 0.79 0.797 0.805 0.812 0.819 0.827 0.834 0.834 0.833 0.831 0.829 0.827 0.828 0.834 0.839 0.844 0.85 0.855 0.861 0.866 0.872 0.877 0.883 0.888 0.89 0.891 0.893 0.894 0.896 0.891 0.886 0.88 0.875 0.87 0.879 0.891 0.903 0.916 0.928 0.94 0.952 0.964 0.977 0.989 1.001 1.009 1.011 1.013 1.016 1.018 1.02 1.022 1.025 1.027 1.029 1.032 1.034 1.028 1.019 1.01 1.001 0.992 0.99 0.987 0.985 0.983 0.981 0.979 0.977 0.974 0.972 0.97 0.968 0.966 0.969 0.972 0.975 0.977 0.985 0.996 1.007 1.018 1.026 1.022 1.019 1.016 1.013 1.01 1.007 1.004 1.001 0.997 0.994 0.991 0.988 0.986
0.658 0.632 0.606 0.589 0.576 0.564 0.551 0.539 0.526 0.514 0.525 0.538 0.551 0.564 0.577 0.591 0.604 0.617 0.63 0.64 0.641 0.641 0.642 0.642 0.643 0.643 0.652 0.665 0.678 0.691 0.704 0.717 0.73 0.742 0.755 0.768 0.777 0.784 0.791 0.799 0.806 0.813 0.82 0.828 0.835 0.842 0.844 0.843 0.841 0.839 0.837 0.835 0.836 0.842 0.847 0.853 0.858 0.864 0.869 0.875 0.88 0.886 0.891 0.893 0.894 0.896 0.897 0.899 0.9 0.896 0.89 0.885 0.88 0.874 0.87 0.882 0.894 0.906 0.919 0.931 0.943 0.955 0.967 0.979 0.992 0.999 1.001 1.004 1.006 1.008 1.011 1.013 1.015 1.018 1.02 1.022 1.018 1.009 1.0 0.991 0.981 0.973 0.971 0.968 0.966 0.964 0.962 0.96 0.958 0.955 0.953 0.951 0.949 0.951 0.954 0.957 0.96 0.963 0.97 0.981 0.992 1.003 1.014 1.019 1.016 1.013 1.01 1.006 1.003 1.0 0.997 0.994 0.991 0.988 0.985 0.983
0.704 0.678 0.652 0.635 0.623 0.61 0.598 0.585 0.573 0.56 0.551 0.564 0.577 0.59 0.603 0.617 0.63 0.643 0.656 0.666 0.666 0.667 0.667 0.668 0.668 0.669 0.67 0.681 0.694 0.707 0.72 0.733 0.745 0.758 0.771 0.784 0.792 0.8 0.807 0.814 0.822 0.829 0.836 0.844 0.851 0.854 0.852 0.851 0.849 0.847 0.845 0.844 0.844 0.85 0.855 0.861 0.866 0.872 0.877 0.883 0.888 0.894 0.896 0.898 0.899 0.901 0.902 0.904 0.905 0.9 0.895 0.89 0.884 0.879 0.874 0.873 0.885 0.897 0.909 0.921 0.934 0.946 0.958 0.97 0.982 0.99 0.992 0.994 0.997 0.999 1.001 1.004 1.006 1.008 1.01 1.008 0.999 0.989 0.98 0.971 0.962 0.954 0.952 0.949 0.947 0.945 0.943 0.941 0.939 0.936 0.934 0.932 0.934 0.937 0.939 0.942 0.945 0.948 0.956 0.967 0.978 0.988 0.999 1.01 1.012 1.009 1.006 1.003 1.0 0.997 0.994 0.991 0.987 0.984 0.981 0.979
0.75 0.724 0.698 0.681 0.669 0.656 0.644 0.631 0.619 0.606 0.594 0.59 0.603 0.616 0.629 0.642 0.656 0.669 0.682 0.692 0.692 0.693 0.693 0.694 0.694 0.695 0.695 0.697 0.71 0.723 0.736 0.749 0.761 0.774 0.787 0.8 0.808 0.816 0.823 0.83 0.838 0.845 0.852 0.859 0.864 0.862 0.86 0.859 0.857 0.855 0.853 0.852 0.853 0.858 0.864 0.869 0.875 0.88 0.886 0.891 0.897 0.899 0.901 0.902 0.904 0.905 0.907 0.908 0.91 0.905 0.9 0.894 0.889 0.884 0.878 0.873 0.876 0.888 0.9 0.912 0.924 0.937 0.949 0.961 0.973 0.98 0.983 0.985 0.987 0.989 0.992 0.994 0.996 0.999 0.997 0.988 0.979 0.97 0.961 0.952 0.943 0.935 0.932 0.93 0.928 0.926 0.924 0.922 0.92 0.917 0.915 0.916 0.919 0.922 0.925 0.928 0.93 0.933 0.941 0.952 0.963 0.974 0.985 0.996 1.006 1.006 1.003 1.0 0.996 0.993 0.99 0.987 0.984 0.981 0.978 0.976
0.796 0.77 0.744 0.728 0.715 0.703 0.69 0.678 0.665 0.653 0.64 0.628 0.629 0.642 0.655 0.668 0.681 0.695 0.708 0.717 0.718 0.718 0.719 0.719 0.72 0.72 0.721 0.722 0.726 0.739 0.752 0.764 0.777 0.79 0.803 0.816 0.824 0.831 0.839 0.846 0.853 0.861 0.868 0.874 0.872 0.87 0.869 0.867 0.865 0.863 0.861 0.86 0.861 0.866 0.872 0.877 0.883 0.888 0.894 0.899 0.903 0.904 0.906 0.907 0.909 0.91 0.912 0.913 0.915 0.91 0.904 0.899 0.894 0.888 0.883 0.878 0.872 0.878 0.891 0.903 0.915 0.927 0.939 0.952 0.964 0.971 0.973 0.975 0.978 0.98 0.982 0.985 0.987 0.987 0.978 0.969 0.96 0.951 0.942 0.933 0.924 0.916 0.913 0.911 0.909 0.907 0.905 0.903 0.9 0.898 0.899 0.901 0.904 0.907 0.91 0.913 0.916 0.919 0.927 0.937 0.948 0.959 0.97 0.981 0.992 1.002 0.999 0.996 0.993 0.99 0.987 0.984 0.981 0.977 0.974 0.972
0.842 0.816 0.79 0.774 0.762 0.749 0.737 0.724 0.712 0.699 0.687 0.674 0.662 0.668 0.681 0.694 0.707 0.721 0.734 0.743 0.744 0.744 0.745 0.745 0.746 0.746 0.747 0.747 0.748 0.755 0.768 0.78 0.793 0.806 0.819 0.832 0.84 0.847 0.855 0.862 0.869 0.877 0.884 0.882 0.88 0.878 0.877 0.875 0.873 0.871 0.87 0.868 0.869 0.874 0.88 0.885 0.891 0.896 0.902 0.906 0.908 0.909 0.911 0.912 0.913 0.915 0.916 0.918 0.919 0.914 0.909 0.904 0.898 0.893 0.888 0.882 0.877 0.872 0.881 0.894 0.906 0.918 0.93 0.942 0.955 0.961 0.964 0.966 0.968 0.971 0.973 0.975 0.977 0.968 0.959 0.95 0.941 0.932 0.923 0.914 0.905 0.897 0.894 0.892 0.89 0.888 0.886 0.884 0.881 0.881 0.884 0.887 0.89 0.892 0.895 0.898 0.901 0.904 0.912 0.923 0.934 0.945 0.955 0.966 0.977 0.988 0.996 0.993 0.99 0.986 0.983 0.98 0.977 0.974 0.971 0.969
0.889 0.863 0.836 0.821 0.808 0.796 0.783 0.771 0.758 0.746 0.733 0.721 0.708 0.696 0.707 0.72 0.733 0.746 0.76 0.769 0.769 0.77 0.77 0.771 0.771 0.772 0.772 0.773 0.774 0.774 0.783 0.796 0.809 0.822 0.835 0.848 0.856 0.863 0.87 0.878 0.885 0.892 0.892 0.89 0.888 0.886 0.885 0.883 0.881 0.879 0.878 0.876 0.877 0.883 0.888 0.894 0.899 0.905 0.909 0.911 0.912 0.914 0.915 0.917 0.918 0.92 0.921 0.923 0.924 0.919 0.914 0.908 0.903 0.898 0.892 0.887 0.882 0.876 0.872 0.884 0.896 0.909 0.921 0.933 0.945 0.952 0.954 0.957 0.959 0.961 0.963 0.966 0.958 0.949 0.94 0.931 0.922 0.913 0.904 0.895 0.886 0.878 0.875 0.873 0.871 0.869 0.867 0.865 0.863 0.866 0.869 0.872 0.875 0.878 0.881 0.883 0.886 0.889 0.897 0.908 0.919 0.93 0.941 0.952 0.963 0.974 0.984 0.989 0.986 0.983 0.98 0.977 0.974 0.97 0.968 0.965
0.935 0.909 0.883 0.867 0.854 0.842 0.829 0.817 0.804 0.792 0.779 0.767 0.754 0.742 0.733 0.746 0.759 0.772 0.785 0.795 0.795 0.796 0.796 0.797 0.797 0.798 0.798 0.799 0.799 0.8 0.8 0.812 0.825 0.838 0.851 0.864 0.872 0.879 0.886 0.894 0.901 0.902 0.9 0.898 0.896 0.895 0.893 0.891 0.889 0.887 0.886 0.884 0.885 0.891 0.896 0.902 0.907 0.913 0.914 0.916 0.917 0.919 0.92 0.922 0.923 0.925 0.926 0.928 0.929 0.924 0.918 0.913 0.908 0.902 0.897 0.892 0.886 0.881 0.876 0.875 0.887 0.899 0.912 0.924 0.936 0.942 0.945 0.947 0.949 0.952 0.954 0.948 0.939 0.93 0.921 0.912 0.903 0.894 0.885 0.876 0.867 0.859 0.856 0.854 0.852 0.85 0.848 0.846 0.849 0.852 0.854 0.857 0.86 0.863 0.866 0.869 0.871 0.874 0.883 0.894 0.905 0.915 0.926 0.937 0.948 0.959 0.97 0.981 0.983 0.98 0.976 0.973 0.97 0.967 0.964 0.962
0.981 0.955 0.929 0.913 0.901 0.888 0.876 0.863 0.851 0.838 0.826 0.813 0.801 0.788 0.776 0.772 0.785 0.798 0.811 0.82 0.821 0.821 0.822 0.822 0.823 0.823 0.824 0.824 0.825 0.826 0.826 0.828 0.841 0.854 0.867 0.88 0.887 0.895 0.902 0.909 0.911 0.91 0.908 0.906 0.904 0.903 0.901 0.899 0.897 0.896 0.894 0.892 0.894 0.899 0.905 0.91 0.916 0.917 0.919 0.92 0.922 0.923 0.925 0.926 0.928 0.929 0.931 0.932 0.934 0.928 0.923 0.918 0.912 0.907 0.902 0.896 0.891 0.886 0.88 0.875 0.878 0.89 0.902 0.914 0.927 0.933 0.935 0.938 0.94 0.942 0.938 0.929 0.92 0.911 0.902 0.893 0.884 0.875 0.866 0.857 0.848 0.84 0.837 0.835 0.833 0.831 0.829 0.831 0.834 0.837 0.84 0.843 0.845 0.848 0.851 0.854 0.857 0.86 0.868 0.879 0.89 0.901 0.912 0.923 0.933 0.944 0.955 0.966 0.977 0.976 0.973 0.97 0.967 0.964 0.961 0.959
1.027 1.001 0.975 0.96 0.947 0.935 0.922 0.91 0.897 0.885 0.872 0.86 0.847 0.835 0.822 0.81 0.811 0.824 0.837 0.846 0.847 0.847 0.848 0.848 0.849 0.849 0.85 0.85 0.851 0.851 0.852 0.852 0.857 0.87 0.883 0.895 0.903 0.911 0.918 0.921 0.92 0.918 0.916 0.914 0.912 0.911 0.909 0.907 0.905 0.904 0.902 0.9 0.902 0.907 0.913 0.918 0.921 0.922 0.924 0.925 0.927 0.928 0.93 0.931 0.933 0.934 0.936 0.937 0.938 0.933 0.928 0.922 0.917 0.912 0.906 0.901 0.896 0.89 0.885 0.88 0.874 0.881 0.893 0.905 0.917 0.924 0.926 0.928 0.93 0.928 0.919 0.91 0.901 0.892 0.883 0.874 0.865 0.856 0.847 0.838 0.828 0.821 0.818 0.816 0.814 0.812 0.814 0.816 0.819 0.822 0.825 0.828 0.831 0.833 0.836 0.839 0.842 0.845 0.854 0.864 0.875 0.886 0.897 0.908 0.919 0.93 0.941 0.951 0.962 0.973 0.97 0.966 0.963 0.96 0.957 0.955
1.073 1.047 1.021 1.006 0.993 0.981 0.969 0.956 0.944 0.931 0.919 0.906 0.894 0.881 0.869 0.856 0.844 0.85 0.863 0.872 0.872 0.873 0.873 0.874 0.874 0.875 0.875 0.876 0.877 0.877 0.878 0.878 0.879 0.886 0.899 0.911 0.919 0.926 0.931 0.929 0.928 0.926 0.924 0.922 0.921 0.919 0.917 0.915 0.913 0.912 0.91 0.908 0.91 0.915 0.921 0.924 0.925 0.927 0.928 0.93 0.931 0.933 0.934 0.936 0.937 0.939 0.94 0.942 0.943 0.938 0.932 0.927 0.922 0.916 0.911 0.906 0.9 0.895 0.89 0.884 0.879 0.874 0.884 0.896 0.908 0.914 0.916 0.919 0.918 0.909 0.9 0.891 0.882 0.873 0.864 0.855 0.846 0.836 0.827 0.818 0.809 0.802 0.799 0.797 0.795 0.796 0.799 0.802 0.805 0.807 0.81 0.813 0.816 0.819 0.822 0.824 0.827 0.83 0.839 0.85 0.861 0.872 0.882 0.893 0.904 0.915 0.926 0.937 0.948 0.959 0.966 0.963 0.96 0.957 0.954 0.952
1.119 1.093 1.067 1.052 1.04 1.027 1.015 1.002 0.99 0.977 0.965 0.952 0.94 0.927 0.915 0.902 0.89 0.877 0.889 0.897 0.898 0.899 0.899 0.9 0.9 0.901 0.901 0.902 0.902 0.903 0.903 0.904 0.904 0.905 0.914 0.927 0.935 0.941 0.939 0.937 0.936 0.934 0.932 0.93 0.929 0.927 0.925 0.923 0.922 0.92 0.918 0.916 0.918 0.924 0.927 0.929 0.93 0.932 0.933 0.935 0.936 0.938 0.939 0.941 0.942 0.944 0.945 0.947 0.948 0.942 0.937 0.932 0.926 0.921 0.916 0.91 0.905 0.9 0.894 0.889 0.884 0.878 0.874 0.887 0.899 0.905 0.907 0.908 0.899 0.89 0.881 0.872 0.863 0.853 0.844 0.835 0.826 0.817 0.808 0.799 0.79 0.783 0.78 0.778 0.778 0.781 0.784 0.787 0.79 0.793 0.795 0.798 0.801 0.804 0.807 0.81 0.813 0.815 0.824 0.835 0.846 0.857 0.868 0.879 0.89 0.901 0.911 0.922 0.933 0.944 0.955 0.96 0.956 0.953 0.95 0.948
1.165 1.139 1.113 1.099 1.086 1.074 1.061 1.049 1.036 1.024 1.011 0.999 0.986 0.974 0.961 0.949 0.936 0.924 0.915 0.923 0.924 0.924 0.925 0.925 0.926 0.926 0.927 0.927 0.928 0.929 0.929 0.93 0.93 0.931 0.931 0.943 0.951 0.949 0.947 0.946 0.944 0.942 0.94 0.938 0.937 0.935 0.933 0.931 0.93 0.928 0.926 0.924 0.926 0.931 0.932 0.934 0.935 0.937 0.938 0.94 0.941 0.943 0.944 0.945 0.947 0.948 0.95 0.951 0.952 0.947 0.942 0.936 0.931 0.926 0.92 0.915 0.91 0.904 0.899 0.894 0.888 0.883 0.878 0.877 0.889 0.895 0.897 0.889 0.88 0.871 0.861 0.852 0.843 0.834 0.825 0.816 0.807 0.798 0.789 0.78 0.771 0.764 0.761 0.761 0.764 0.767 0.769 0.772 0.775 0.778 0.781 0.784 0.786 0.789 0.792 0.795 0.798 0.801 0.81 0.821 0.832 0.842 0.853 0.864 0.875 0.886 0.897 0.908 0.919 0.929 0.94 0.951 0.953 0.95 0.947 0.945
1.273 1.244 1.208 1.167 1.153 1.14 1.126 1.113 1.099 1.086 1.072 1.059 1.045 1.031 1.018 1.004 0.991 0.977 0.964 0.956 0.955 0.954 0.953 0.952 0.952 0.952 0.953 0.953 0.954 0.954 0.955 0.955 0.956 0.956 0.957 0.959 0.959 0.957 0.955 0.954 0.952 0.95 0.948 0.947 0.945 0.943 0.941 0.939 0.938 0.936 0.934 0.932 0.934 0.935 0.937 0.938 0.94 0.941 0.943 0.944 0.946 0.947 0.949 0.95 0.952 0.953 0.955 0.956 0.957 0.952 0.946 0.941 0.936 0.93 0.925 0.92 0.914 0.909 0.904 0.898 0.893 0.888 0.882 0.877 0.88 0.886 0.879 0.869 0.86 0.851 0.842 0.833 0.824 0.815 0.806 0.797 0.788 0.779 0.77 0.761 0.752 0.745 0.743 0.746 0.749 0.752 0.755 0.757 0.76 0.763 0.766 0.769 0.772 0.775 0.777 0.78 0.783 0.786 0.795 0.806 0.817 0.828 0.839 0.85 0.86 0.871 0.882 0.893 0.904 0.915 0.926 0.937 0.947 0.946 0.944 0.941
1.479 1.451 1.372 1.293 1.266 1.252 1.239 1.225 1.211 1.198 1.184 1.171 1.157 1.144 1.13 1.117 1.103 1.09 1.076 1.068 1.067 1.066 1.065 1.065 1.064 1.063 1.062 1.061 1.06 1.059 1.058 1.058 1.057 1.056 1.055 1.04 1.018 1.015 1.013 1.01 1.007 1.004 1.001 0.998 0.996 0.993 0.99 0.987 0.984 0.982 0.979 0.976 0.975 0.975 0.976 0.976 0.976 0.977 0.977 0.978 0.978 0.978 0.979 0.979 0.98 0.98 0.98 0.981 0.967 0.957 0.952 0.946 0.941 0.936 0.93 0.925 0.919 0.914 0.909 0.903 0.898 0.893 0.887 0.882 0.876 0.868 0.859 0.85 0.841 0.832 0.823 0.814 0.805 0.796 0.787 0.778 0.769 0.76 0.751 0.742 0.733 0.726 0.729 0.731 0.734 0.737 0.74 0.743 0.746 0.748 0.751 0.754 0.757 0.76 0.763 0.766 0.768 0.771 0.781 0.791 0.802 0.813 0.824 0.835 0.846 0.857 0.868 0.878 0.889 0.9 0.911 0.922 0.933 0.943 0.94 0.938
1.686 1.615 1.536 1.458 1.379 1.364 1.351 1.337 1.324 1.31 1.297 1.283 1.269 1.256 1.242 1.229 1.215 1.202 1.188 1.18 1.18 1.179 1.178 1.177 1.176 1.175 1.174 1.173 1.173 1.172 1.171 1.17 1.169 1.168 1.156 1.134 1.103 1.087 1.084 1.082 1.079 1.076 1.073 1.07 1.068 1.065 1.062 1.059 1.056 1.054 1.051 1.048 1.047 1.047 1.048 1.048 1.048 1.049 1.049 1.05 1.05 1.05 1.051 1.051 1.052 1.052 1.052 1.045 1.009 0.964 0.959 0.954 0.948 0.943 0.938 0.932 0.927 0.921 0.916 0.911 0.905 0.9 0.895 0.889 0.884 0.876 0.866 0.857 0.847 0.838 0.828 0.819 0.809 0.8 0.79 0.781 0.771 0.762 0.752 0.743 0.733 0.721 0.723 0.726 0.728 0.731 0.734 0.736 0.739 0.742 0.744 0.747 0.749 0.752 0.755 0.757 0.76 0.76 0.767 0.778 0.789 0.8 0.81 0.821 0.832 0.843 0.854 0.865 0.875 0.886 0.897 0.908 0.919 0.93 0.934 0.932
1.858 1.779 1.7 1.622 1.543 1.477 1.463 1.449 1.436 1.422 1.409 1.395 1.382 1.368 1.355 1.341 1.328 1.314 1.3 1.293 1.292 1.291 1.29 1.289 1.289 1.288 1.287 1.286 1.285 1.284 1.283 1.282 1.282 1.273 1.251 1.229 1.198 1.166 1.156 1.154 1.151 1.148 1.145 1.142 1.14 1.137 1.134 1.131 1.128 1.125 1.123 1.12 1.119 1.119 1.12 1.12 1.12 1.121 1.121 1.122 1.122 1.122 1.123 1.123 1.123 1.124 1.122 1.087 1.051 1.002 0.967 0.961 0.956 0.95 0.945 0.94 0.934 0.929 0.924 0.918 0.913 0.907 0.902 0.897 0.891 0.883 0.873 0.864 0.854 0.845 0.835 0.826 0.817 0.807 0.798 0.788 0.779 0.769 0.76 0.75 0.733 0.719 0.722 0.725 0.727 0.73 0.732 0.735 0.738 0.74 0.743 0.746 0.748 0.751 0.753 0.756 0.758 0.747 0.755 0.766 0.777 0.788 0.798 0.809 0.82 0.831 0.842 0.853 0.863 0.874 0.885 0.896 0.907 0.913 0.911 0.909
2.022 1.943 1.864 1.786 1.707 1.629 1.575 1.562 1.548 1.535 1.521 1.507 1.494 1.48 1.467 1.453 1.44 1.426 1.413 1.405 1.404 1.404 1.403 1.402 1.401 1.4 1.399 1.398 1.397 1.397 1.396 1.395 1.389 1.367 1.346 1.323 1.292 1.261 1.23 1.226 1.223 1.22 1.217 1.214 1.211 1.209 1.206 1.203 1.2 1.197 1.195 1.192 1.191 1.191 1.192 1.192 1.192 1.193 1.193 1.194 1.194 1.194 1.195 1.195 1.195 1.196 1.164 1.13 1.093 1.044 0.995 0.969 0.963 0.958 0.952 0.947 0.942 0.936 0.931 0.926 0.92 0.915 0.909 0.904 0.899 0.89 0.881 0.871 0.862 0.852 0.843 0.833 0.824 0.814 0.805 0.795 0.786 0.776 0.767 0.751 0.731 0.718 0.721 0.723 0.726 0.729 0.731 0.734 0.736 0.739 0.742 0.744 0.747 0.749 0.752 0.755 0.745 0.735 0.743 0.754 0.765 0.776 0.787 0.797 0.808 0.819 0.83 0.841 0.851 0.862 0.873 0.884 0.892 0.89 0.888 0.886
2.186 2.107 2.028 1.95 1.871 1.793 1.714 1.674 1.66 1.647 1.633 1.62 1.606 1.593 1.579 1.566 1.552 1.538 1.525 1.518 1.517 1.516 1.515 1.514 1.513 1.513 1.512 1.511 1.51 1.509 1.508 1.505 1.484 1.462 1.44 1.418 1.387 1.356 1.324 1.297 1.295 1.292 1.289 1.286 1.283 1.281 1.278 1.275 1.272 1.269 1.267 1.264 1.263 1.263 1.264 1.264 1.264 1.265 1.265 1.266 1.266 1.266 1.267 1.267 1.267 1.241 1.207 1.172 1.135 1.086 1.037 0.988 0.971 0.965 0.96 0.954 0.949 0.944 0.938 0.933 0.928 0.922 0.917 0.911 0.906 0.898 0.888 0.879 0.869 0.86 0.85 0.841 0.831 0.822 0.812 0.803 0.793 0.784 0.77 0.75 0.73 0.717 0.719 0.722 0.725 0.727 0.73 0.732 0.735 0.738 0.74 0.743 0.746 0.748 0.751 0.743 0.733 0.723 0.731 0.742 0.753 0.764 0.775 0.785 0.796 0.807 0.818 0.829 0.84 0.85 0.861 0.871 0.869 0.867 0.865 0.863
2.35 2.271 2.192 2.114 2.035 1.957 1.878 1.8 1.773 1.759 1.746 1.732 1.718 1.705 1.691 1.678 1.664 1.651 1.637 1.63 1.629 1.628 1.628 1.627 1.626 1.625 1.624 1.623 1.622 1.621 1.621 1.6 1.578 1.557 1.535 1.513 1.481 1.45 1.419 1.388 1.367 1.364 1.361 1.358 1.355 1.353 1.35 1.347 1.344 1.341 1.338 1.336 1.335 1.335 1.336 1.336 1.336 1.337 1.337 1.338 1.338 1.338 1.339 1.339 1.318 1.283 1.249 1.214 1.177 1.128 1.079 1.03 0.982 0.973 0.967 0.962 0.957 0.951 0.946 0.94 0.935 0.93 0.924 0.919 0.914 0.905 0.896 0.886 0.877 0.867 0.858 0.848 0.839 0.829 0.82 0.81 0.801 0.788 0.768 0.748 0.728 0.715 0.718 0.721 0.723 0.726 0.729 0.731 0.734 0.736 0.739 0.742 0.744 0.747 0.741 0.731 0.721 0.71 0.719 0.73 0.741 0.752 0.763 0.773 0.784 0.795 0.806 0.817 0.828 0.838 0.849 0.848 0.846 0.844 0.842 0.84
2.514 2.435 2.357 2.278 2.199 2.121 2.042 1.964 1.885 1.871 1.858 1.844 1.831 1.817 1.804 1.79 1.776 1.763 1.749 1.743 1.742 1.741 1.74 1.739 1.738 1.737 1.737 1.736 1.735 1.734 1.716 1.695 1.673 1.651 1.63 1.607 1.576 1.545 1.514 1.482 1.451 1.436 1.433 1.43 1.427 1.424 1.422 1.419 1.416 1.413 1.41 1.408 1.407 1.407 1.408 1.408 1.408 1.409 1.409 1.41 1.41 1.41 1.411 1.395 1.36 1.326 1.291 1.257 1.219 1.17 1.121 1.072 1.024 0.98 0.975 0.969 0.964 0.959 0.953 0.948 0.942 0.937 0.932 0.926 0.921 0.912 0.903 0.893 0.884 0.874 0.865 0.855 0.846 0.836 0.827 0.818 0.807 0.786 0.766 0.746 0.726 0.714 0.717 0.719 0.722 0.725 0.727 0.73 0.732 0.735 0.738 0.74 0.743 0.739 0.729 0.719 0.708 0.698 0.707 0.718 0.729 0.74 0.751 0.761 0.772 0.783 0.794 0.805 0.816 0.826 0.827 0.825 0.823 0.821 0.819 0.817
2.678 2.599 2.521 2.442 2.364 2.285 2.206 2.128 2.049 1.984 1.97 1.956 1.943 1.929 1.916 1.902 1.889 1.875 1.862 1.855 1.854 1.853 1.852 1.852 1.851 1.85 1.849 1.848 1.847 1.833 1.811 1.79 1.768 1.746 1.725 1.702 1.671 1.639 1.608 1.577 1.546 1.515 1.505 1.502 1.499 1.496 1.494 1.491 1.488 1.485 1.482 1.48 1.479 1.479 1.48 1.48 1.48 1.481 1.481 1.482 1.482 1.482 1.471 1.437 1.402 1.368 1.333 1.299 1.261 1.212 1.163 1.114 1.066 1.017 0.982 0.977 0.971 0.966 0.961 0.955 0.95 0.945 0.939 0.934 0.928 0.92 0.91 0.901 0.891 0.882 0.872 0.863 0.853 0.844 0.834 0.825 0.805 0.785 0.765 0.745 0.725 0.713 0.715 0.718 0.721 0.723 0.726 0.729 0.731 0.734 0.736 0.739 0.737 0.727 0.717 0.706 0.696 0.686 0.695 0.706 0.717 0.728 0.739 0.749 0.76 0.771 0.782 0.793 0.804 0.806 0.804 0.802 0.8 0.798 0.796 0.794
2.842 2.764 2.685 2.606 2.528 2.449 2.371 2.292 2.213 2.135 2.082 2.069 2.055 2.042 2.028 2.014 2.001 1.987 1.974 1.967 1.967 1.966 1.965 1.964 1.963 1.962 1.961 1.961 1.949 1.928 1.906 1.884 1.863 1.841 1.819 1.796 1.765 1.734 1.703 1.672 1.64 1.609 1.578 1.574 1.571 1.568 1.566 1.563 1.56 1.557 1.554 1.551 1.551 1.551 1.552 1.552 1.552 1.553 1.553 1.554 1.554 1.548 1.514 1.479 1.445 1.41 1.376 1.341 1.303 1.254 1.205 1.156 1.108 1.059 1.01 0.984 0.979 0.973 0.968 0.963 0.957 0.952 0.947 0.941 0.936 0.927 0.918 0.908 0.899 0.889 0.88 0.87 0.861 0.851 0.842 0.823 0.803 0.783 0.763 0.743 0.723 0.712 0.714 0.717 0.719 0.722 0.725 0.727 0.73 0.733 0.735 0.735 0.725 0.715 0.704 0.694 0.684 0.673 0.683 0.694 0.705 0.716 0.727 0.737 0.748 0.759 0.77 0.781 0.785 0.783 0.781 0.779 0.777 0.775 0.773 0.771
3.006 2.928 2.849 2.77 2.692 2.613 2.535 2.456 2.378 2.299 2.22 2.181 2.167 2.154 2.14 2.127 2.113 2.1 2.086 2.08 2.079 2.078 2.077 2.076 2.076 2.075 2.074 2.066 2.044 2.022 2.001 1.979 1.957 1.936 1.914 1.891 1.86 1.828 1.797 1.766 1.735 1.704 1.672 1.646 1.643 1.64 1.637 1.635 1.632 1.629 1.626 1.623 1.623 1.623 1.624 1.624 1.624 1.625 1.625 1.626 1.625 1.59 1.556 1.521 1.487 1.452 1.418 1.383 1.345 1.296 1.247 1.198 1.15 1.101 1.052 1.003 0.986 0.981 0.976 0.97 0.965 0.959 0.954 0.949 0.943 0.934 0.925 0.915 0.906 0.896 0.887 0.878 0.868 0.859 0.842 0.822 0.801 0.781 0.761 0.741 0.721 0.71 0.713 0.716 0.718 0.721 0.723 0.726 0.729 0.731 0.733 0.723 0.713 0.702 0.692 0.682 0.671 0.661 0.671 0.682 0.693 0.704 0.715 0.725 0.736 0.747 0.758 0.764 0.762 0.76 0.758 0.756 0.754 0.752 0.75 0.748
3.17 3.092 3.013 2.934 2.856 2.777 2.699 2.62 2.542 2.463 2.385 2.306 2.28 2.266 2.253 2.239 2.225 2.212 2.198 2.192 2.191 2.191 2.19 2.189 2.188 2.187 2.182 2.16 2.139 2.117 2.095 2.074 2.052 2.03 2.009 1.985 1.954 1.923 1.892 1.861 1.829 1.798 1.767 1.736 1.715 1.712 1.709 1.707 1.704 1.701 1.698 1.695 1.695 1.695 1.696 1.696 1.696 1.697 1.697 1.698 1.667 1.633 1.598 1.564 1.529 1.495 1.46 1.426 1.387 1.338 1.289 1.241 1.192 1.143 1.094 1.045 0.996 0.988 0.983 0.978 0.972 0.967 0.961 0.956 0.951 0.942 0.932 0.923 0.913 0.904 0.894 0.885 0.875 0.86 0.84 0.82 0.8 0.78 0.76 0.74 0.72 0.709 0.712 0.714 0.717 0.719 0.722 0.725 0.727 0.73 0.721 0.711 0.7 0.69 0.68 0.669 0.659 0.649 0.659 0.67 0.681 0.692 0.703 0.713 0.724 0.735 0.743 0.741 0.739 0.737 0.735 0.733 0.731 0.729 0.727 0.725
3.335 3.256 3.177 3.098 3.02 2.941 2.863 2.784 2.706 2.627 2.549 2.47 2.392 2.378 2.365 2.351 2.338 2.324 2.311 2.305 2.304 2.303 2.302 2.301 2.3 2.298 2.277 2.255 2.233 2.212 2.19 2.168 2.147 2.125 2.103 2.08 2.049 2.018 1.986 1.955 1.924 1.893 1.862 1.83 1.799 1.784 1.781 1.779 1.776 1.773 1.77 1.767 1.767 1.767 1.768 1.768 1.768 1.769 1.769 1.744 1.709 1.675 1.64 1.606 1.571 1.537 1.502 1.468 1.429 1.38 1.331 1.283 1.234 1.185 1.136 1.087 1.038 0.996 0.99 0.985 0.98 0.974 0.969 0.964 0.958 0.949 0.94 0.93 0.921 0.911 0.902 0.892 0.878 0.858 0.838 0.818 0.798 0.778 0.758 0.738 0.718 0.708 0.71 0.713 0.716 0.718 0.721 0.723 0.726 0.719 0.709 0.698 0.688 0.678 0.667 0.657 0.647 0.637 0.647 0.658 0.669 0.68 0.691 0.702 0.712 0.722 0.72 0.718 0.716 0.714 0.712 0.71 0.708 0.706 0.704 0.702
3.499 3.42 3.341 3.263 3.184 3.105 3.027 2.948 2.87 2.791 2.713 2.634 2.556 2.491 2.477 2.463 2.45 2.436 2.423 2.417 2.416 2.416 2.415 2.414 2.413 2.393 2.372 2.35 2.328 2.307 2.285 2.263 2.242 2.22 2.198 2.175 2.143 2.112 2.081 2.05 2.019 1.987 1.956 1.925 1.894 1.863 1.853 1.85 1.848 1.845 1.842 1.839 1.839 1.839 1.84 1.84 1.84 1.841 1.821 1.786 1.752 1.717 1.683 1.648 1.614 1.579 1.545 1.51 1.471 1.422 1.373 1.325 1.276 1.227 1.178 1.129 1.081 1.032 0.998 0.992 0.987 0.982 0.976 0.971 0.966 0.957 0.947 0.938 0.928 0.919 0.909 0.897 0.877 0.857 0.837 0.817 0.796 0.776 0.756 0.736 0.716 0.706 0.709 0.712 0.714 0.717 0.72 0.722 0.717 0.707 0.696 0.686 0.676 0.665 0.655 0.645 0.634 0.625 0.635 0.646 0.657 0.668 0.679 0.69 0.7 0.699 0.697 0.695 0.693 0.691 0.689 0.687 0.685 0.683 0.681 0.679
3.663 3.584 3.505 3.427 3.348 3.27 3.191 3.112 3.034 2.955 2.877 2.798 2.72 2.641 2.589 2.576 2.562 2.549 2.535 2.53 2.529 2.528 2.527 2.526 2.51 2.488 2.466 2.445 2.423 2.401 2.38 2.358 2.336 2.315 2.293 2.269 2.238 2.207 2.176 2.144 2.113 2.082 2.051 2.02 1.988 1.957 1.926 1.922 1.92 1.917 1.914 1.911 1.911 1.911 1.912 1.912 1.912 1.897 1.863 1.828 1.794 1.759 1.725 1.69 1.656 1.621 1.587 1.553 1.513 1.464 1.415 1.367 1.318 1.269 1.22 1.171 1.123 1.074 1.025 1.0 0.994 0.989 0.984 0.978 0.973 0.964 0.954 0.945 0.935 0.926 0.915 0.895 0.875 0.855 0.835 0.815 0.795 0.775 0.755 0.735 0.714 0.705 0.708 0.71 0.713 0.716 0.718 0.715 0.705 0.694 0.684 0.674 0.663 0.653 0.643 0.632 0.622 0.613 0.623 0.634 0.645 0.656 0.667 0.678 0.678 0.676 0.674 0.672 0.67 0.668 0.666 0.664 0.662 0.66 0.658 0.656
3.827 3.748 3.669 3.591 3.512 3.434 3.355 3.277 3.198 3.119 3.041 2.962 2.884 2.805 2.727 2.688 2.674 2.661 2.647 2.642 2.641 2.64 2.64 2.626 2.604 2.583 2.561 2.539 2.518 2.496 2.474 2.453 2.431 2.409 2.388 2.364 2.333 2.301 2.27 2.239 2.208 2.177 2.145 2.114 2.083 2.052 2.021 1.994 1.992 1.989 1.986 1.983 1.983 1.983 1.984 1.984 1.974 1.94 1.905 1.871 1.836 1.802 1.767 1.733 1.698 1.664 1.629 1.595 1.555 1.506 1.457 1.409 1.36 1.311 1.262 1.213 1.165 1.116 1.067 1.018 1.002 0.997 0.991 0.986 0.98 0.971 0.962 0.952 0.943 0.933 0.914 0.894 0.873 0.853 0.833 0.813 0.793 0.773 0.753 0.733 0.713 0.704 0.706 0.709 0.712 0.714 0.713 0.703 0.692 0.682 0.672 0.661 0.651 0.641 0.63 0.62 0.61 0.601 0.611 0.622 0.633 0.644 0.655 0.657 0.655 0.653 0.651 0.649 0.647 0.645 0.643 0.641 0.639 0.637 0.635 0.633
3.991 3.912 3.833 3.755 3.676 3.598 3.519 3.441 3.362 3.284 3.205 3.126 3.048 2.969 2.891 2.812 2.787 2.773 2.76 2.755 2.754 2.753 2.742 2.721 2.699 2.677 2.656 2.634 2.612 2.591 2.569 2.547 2.526 2.504 2.482 2.458 2.427 2.396 2.365 2.334 2.302 2.271 2.24 2.209 2.177 2.146 2.115 2.084 2.064 2.061 2.058 2.055 2.055 2.055 2.056 2.051 2.016 1.982 1.947 1.913 1.878 1.844 1.809 1.775 1.741 1.706 1.672 1.637 1.597 1.548 1.5 1.451 1.402 1.353 1.304 1.255 1.207 1.158 1.109 1.06 1.011 1.004 0.999 0.993 0.988 0.979 0.969 0.96 0.95 0.932 0.912 0.892 0.872 0.852 0.832 0.812 0.791 0.771 0.751 0.731 0.711 0.703 0.705 0.708 0.71 0.711 0.701 0.69 0.68 0.67 0.659 0.649 0.639 0.628 0.618 0.608 0.597 0.589 0.599 0.61 0.621 0.632 0.637 0.635 0.632 0.63 0.628 0.626 0.624 0.622 0.62 0.618 0.616 0.614 0.612 0.61
4.155 4.076 3.997 3.919 3.84 3.762 3.683 3.605 3.526 3.448 3.369 3.291 3.212 3.133 3.055 2.976 2.899 2.885 2.872 2.867 2.866 2.859 2.837 2.815 2.794 2.772 2.75 2.729 2.707 2.685 2.664 2.642 2.62 2.599 2.577 2.553 2.522 2.49 2.459 2.428 2.397 2.366 2.334 2.303 2.272 2.241 2.21 2.178 2.147 2.133 2.13 2.127 2.127 2.127 2.128 2.093 2.059 2.024 1.99 1.955 1.921 1.886 1.852 1.817 1.783 1.748 1.714 1.679 1.639 1.59 1.542 1.493 1.444 1.395 1.346 1.297 1.249 1.2 1.151 1.102 1.053 1.011 1.006 1.001 0.995 0.986 0.976 0.967 0.95 0.93 0.91 0.89 0.87 0.85 0.83 0.81 0.79 0.77 0.75 0.73 0.709 0.701 0.704 0.706 0.709 0.699 0.688 0.678 0.668 0.657 0.647 0.637 0.626 0.616 0.606 0.595 0.585 0.577 0.587 0.598 0.609 0.616 0.614 0.612 0.61 0.607 0.605 0.603 0.601 0.599 0.597 0.595 0.593 0.591 0.589 0.588
4.319 4.24 4.162 4.083 4.004 3.926 3.847 3.769 3.69 3.612 3.533 3.455 3.376 3.298 3.219 3.14 3.062 2.998 2.984 2.979 2.975 2.954 2.932 2.91 2.889 2.867 2.845 2.823 2.802 2.78 2.758 2.737 2.715 2.693 2.672 2.647 2.616 2.585 2.554 2.523 2.491 2.46 2.429 2.398 2.367 2.335 2.304 2.273 2.242 2.211 2.202 2.199 2.199 2.199 2.17 2.135 2.101 2.066 2.032 1.997 1.963 1.929 1.894 1.86 1.825 1.791 1.756 1.722 1.681 1.632 1.584 1.535 1.486 1.437 1.388 1.34 1.291 1.242 1.193 1.144 1.095 1.047 1.013 1.008 1.003 0.993 0.984 0.969 0.949 0.929 0.909 0.888 0.868 0.848 0.828 0.808 0.788 0.768 0.748 0.728 0.708 0.7 0.703 0.705 0.697 0.686 0.676 0.666 0.655 0.645 0.635 0.624 0.614 0.604 0.593 0.583 0.573 0.565 0.575 0.586 0.595 0.593 0.591 0.589 0.587 0.585 0.582 0.58 0.578 0.576 0.574 0.572 0.57 0.568 0.566 0.565
4.483 4.404 4.326 4.247 4.169 4.09 4.011 3.933 3.854 3.776 3.697 3.619 3.54 3.462 3.383 3.305 3.226 3.147 3.096 3.092 3.07 3.048 3.027 3.005 2.983 2.962 2.94 2.918 2.897 2.875 2.853 2.832 2.81 2.788 2.767 2.742 2.711 2.68 2.648 2.617 2.586 2.555 2.524 2.492 2.461 2.43 2.399 2.368 2.336 2.305 2.274 2.271 2.271 2.247 2.212 2.178 2.143 2.109 2.074 2.04 2.005 1.971 1.936 1.902 1.867 1.833 1.798 1.764 1.723 1.674 1.626 1.577 1.528 1.479 1.43 1.382 1.333 1.284 1.235 1.186 1.137 1.089 1.04 1.016 1.01 1.001 0.987 0.967 0.947 0.927 0.907 0.887 0.867 0.847 0.827 0.806 0.786 0.766 0.746 0.726 0.706 0.699 0.701 0.695 0.684 0.674 0.664 0.653 0.643 0.633 0.622 0.612 0.602 0.591 0.581 0.571 0.56 0.553 0.564 0.574 0.572 0.57 0.568 0.566 0.564 0.562 0.56 0.557 0.555 0.553 0.551 0.549 0.547 0.545 0.543 0.542
4.653 4.574 4.508 4.429 4.349 4.27 4.191 4.112 4.032 3.953 3.874 3.795 3.715 3.636 3.557 3.478 3.398 3.319 3.24 3.188 3.166 3.145 3.123 3.101 3.079 3.057 3.035 3.013 2.991 2.97 2.948 2.926 2.905 2.883 2.861 2.837 2.805 2.774 2.743 2.712 2.681 2.649 2.618 2.587 2.556 2.525 2.493 2.462 2.431 2.4 2.369 2.343 2.323 2.289 2.254 2.22 2.186 2.151 2.117 2.082 2.048 2.013 1.979 1.944 1.91 1.875 1.841 1.806 1.765 1.716 1.668 1.619 1.57 1.521 1.472 1.424 1.375 1.326 1.277 1.228 1.179 1.131 1.082 1.033 1.018 1.006 0.986 0.965 0.945 0.925 0.905 0.885 0.865 0.845 0.825 0.805 0.785 0.765 0.745 0.724 0.704 0.697 0.693 0.682 0.672 0.662 0.651 0.641 0.631 0.62 0.61 0.6 0.589 0.579 0.569 0.558 0.548 0.541 0.552 0.551 0.549 0.547 0.545 0.543 0.541 0.539 0.537 0.535 0.533 0.53 0.528 0.526 0.524 0.522 0.52 0.52
4.832 4.766 4.717 4.637 4.558 4.479 4.4 4.32 4.241 4.162 4.083 4.003 3.924 3.845 3.766 3.686 3.607 3.528 3.449 3.32 3.277 3.255 3.233 3.211 3.189 3.167 3.145 3.123 3.101 3.08 3.058 3.036 3.014 2.992 2.97 2.945 2.913 2.882 2.85 2.819 2.788 2.756 2.725 2.693 2.662 2.63 2.599 2.567 2.536 2.504 2.473 2.415 2.36 2.326 2.292 2.257 2.223 2.189 2.154 2.12 2.086 2.051 2.017 1.983 1.948 1.914 1.88 1.845 1.804 1.756 1.707 1.658 1.61 1.561 1.512 1.464 1.415 1.366 1.318 1.269 1.22 1.172 1.123 1.074 1.026 1.005 0.985 0.964 0.944 0.924 0.904 0.883 0.863 0.843 0.823 0.803 0.783 0.763 0.743 0.723 0.703 0.691 0.68 0.67 0.66 0.649 0.639 0.629 0.618 0.608 0.598 0.587 0.577 0.567 0.556 0.546 0.536 0.529 0.53 0.528 0.526 0.524 0.522 0.52 0.518 0.516 0.514 0.512 0.51 0.508 0.505 0.503 0.501 0.499 0.498 0.503
5.018 4.975 4.926 4.846 4.767 4.688 4.608 4.529 4.45 4.371 4.291 4.212 4.133 4.054 3.974 3.895 3.816 3.737 3.659 3.529 3.387 3.365 3.343 3.321 3.299 3.278 3.256 3.234 3.212 3.19 3.168 3.146 3.124 3.102 3.08 3.055 3.024 2.992 2.961 2.929 2.898 2.866 2.835 2.803 2.772 2.74 2.709 2.678 2.646 2.615 2.566 2.469 2.404 2.359 2.325 2.29 2.256 2.222 2.187 2.153 2.119 2.084 2.05 2.016 1.981 1.947 1.913 1.878 1.837 1.788 1.74 1.691 1.642 1.594 1.545 1.496 1.448 1.399 1.35 1.302 1.253 1.204 1.156 1.107 1.067 1.03 1.01 0.989 0.969 0.948 0.928 0.907 0.886 0.866 0.845 0.825 0.804 0.784 0.763 0.743 0.722 0.7 0.689 0.678 0.667 0.657 0.646 0.635 0.624 0.613 0.602 0.592 0.581 0.57 0.559 0.548 0.538 0.528 0.526 0.523 0.52 0.518 0.515 0.512 0.509 0.507 0.504 0.501 0.499 0.496 0.493 0.491 0.488 0.485 0.486 0.49
5.227 5.185 5.134 5.055 4.976 4.897 4.817 4.738 4.659 4.579 4.5 4.421 4.342 4.262 4.183 4.104 4.025 3.947 3.869 3.738 3.592 3.476 3.454 3.432 3.41 3.388 3.366 3.344 3.322 3.3 3.278 3.256 3.234 3.212 3.191 3.165 3.134 3.102 3.071 3.039 3.008 2.976 2.945 2.914 2.882 2.851 2.819 2.788 2.756 2.717 2.62 2.523 2.459 2.398 2.358 2.323 2.289 2.255 2.22 2.186 2.152 2.117 2.083 2.049 2.014 1.98 1.946 1.911 1.87 1.821 1.773 1.724 1.675 1.627 1.578 1.529 1.481 1.432 1.383 1.335 1.286 1.237 1.189 1.147 1.107 1.067 1.035 1.014 0.993 0.973 0.952 0.932 0.911 0.891 0.87 0.85 0.829 0.809 0.788 0.768 0.747 0.725 0.704 0.693 0.682 0.672 0.661 0.65 0.639 0.628 0.618 0.607 0.596 0.585 0.574 0.564 0.553 0.544 0.541 0.538 0.535 0.533 0.53 0.527 0.525 0.522 0.519 0.517 0.514 0.511 0.508 0.506 0.503 0.499 0.494 0.496
5.437 5.394 5.343 5.264 5.185 5.105 5.026 4.947 4.868 4.788 4.709 4.63 4.55 4.471 4.392 4.313 4.235 4.157 4.079 3.947 3.801 3.656 3.564 3.542 3.52 3.498 3.476 3.454 3.432 3.41 3.389 3.367 3.345 3.323 3.301 3.275 3.244 3.212 3.181 3.149 3.118 3.087 3.055 3.024 2.992 2.961 2.929 2.898 2.866 2.772 2.675 2.578 2.514 2.452 2.391 2.357 2.322 2.288 2.254 2.219 2.185 2.151 2.116 2.082 2.048 2.013 1.979 1.945 1.903 1.854 1.806 1.757 1.708 1.66 1.611 1.562 1.514 1.465 1.416 1.368 1.319 1.27 1.227 1.187 1.147 1.107 1.067 1.039 1.018 0.998 0.977 0.957 0.936 0.916 0.895 0.875 0.854 0.834 0.813 0.793 0.772 0.75 0.727 0.708 0.697 0.687 0.676 0.665 0.654 0.643 0.633 0.622 0.611 0.6 0.589 0.579 0.568 0.559 0.556 0.553 0.551 0.548 0.545 0.543 0.54 0.537 0.534 0.532 0.529 0.526 0.524 0.521 0.518 0.514 0.508 0.502
5.646 5.604 5.552 5.473 5.393 5.314 5.235 5.156 5.076 4.997 4.918 4.839 4.759 4.68 4.601 4.523 4.445 4.367 4.289 4.155 4.01 3.864 3.719 3.652 3.63 3.608 3.587 3.565 3.543 3.521 3.499 3.477 3.455 3.433 3.411 3.385 3.354 3.323 3.291 3.26 3.228 3.197 3.165 3.134 3.102 3.071 3.039 3.008 2.923 2.826 2.729 2.632 2.569 2.507 2.446 2.39 2.355 2.321 2.287 2.252 2.218 2.184 2.149 2.115 2.081 2.046 2.012 1.978 1.936 1.887 1.838 1.79 1.741 1.692 1.644 1.595 1.546 1.498 1.449 1.4 1.352 1.307 1.267 1.228 1.188 1.148 1.108 1.068 1.043 1.023 1.002 0.982 0.961 0.941 0.92 0.9 0.879 0.858 0.838 0.817 0.797 0.775 0.752 0.728 0.712 0.702 0.691 0.68 0.669 0.658 0.648 0.637 0.626 0.615 0.604 0.594 0.583 0.574 0.571 0.568 0.566 0.563 0.56 0.558 0.555 0.552 0.55 0.547 0.544 0.542 0.539 0.536 0.532 0.528 0.522 0.516
5.855 5.813 5.761 5.681 5.602 5.523 5.444 5.364 5.285 5.206 5.127 5.047 4.968 4.889 4.811 4.733 4.655 4.577 4.499 4.364 4.219 4.073 3.928 3.782 3.741 3.719 3.697 3.675 3.653 3.631 3.609 3.587 3.565 3.543 3.521 3.496 3.464 3.433 3.401 3.37 3.338 3.307 3.275 3.244 3.213 3.181 3.15 3.074 2.977 2.88 2.783 2.686 2.624 2.562 2.5 2.439 2.388 2.354 2.32 2.285 2.251 2.217 2.182 2.148 2.114 2.079 2.045 2.011 1.969 1.92 1.871 1.823 1.774 1.725 1.677 1.628 1.579 1.531 1.482 1.433 1.388 1.348 1.308 1.268 1.228 1.188 1.148 1.108 1.068 1.048 1.027 1.007 0.986 0.965 0.945 0.924 0.904 0.883 0.863 0.842 0.822 0.799 0.776 0.753 0.73 0.717 0.706 0.695 0.684 0.673 0.663 0.652 0.641 0.63 0.619 0.609 0.598 0.589 0.586 0.584 0.581 0.578 0.576 0.573 0.57 0.568 0.565 0.562 0.559 0.557 0.554 0.55 0.546 0.542 0.536 0.53
6.065 6.022 5.969 5.89 5.811 5.732 5.652 5.573 5.494 5.415 5.335 5.256 5.177 5.099 5.021 4.943 4.865 4.787 4.708 4.573 4.427 4.282 4.137 3.991 3.851 3.829 3.807 3.785 3.763 3.741 3.719 3.698 3.676 3.654 3.632 3.606 3.574 3.543 3.511 3.48 3.449 3.417 3.386 3.354 3.323 3.291 3.226 3.129 3.032 2.935 2.838 2.741 2.679 2.617 2.555 2.494 2.432 2.387 2.353 2.318 2.284 2.25 2.215 2.181 2.147 2.112 2.078 2.044 2.001 1.953 1.904 1.855 1.807 1.758 1.709 1.661 1.612 1.563 1.515 1.468 1.428 1.388 1.348 1.308 1.268 1.228 1.188 1.149 1.109 1.072 1.052 1.031 1.011 0.99 0.97 0.949 0.929 0.908 0.888 0.867 0.847 0.824 0.801 0.778 0.755 0.732 0.721 0.71 0.699 0.689 0.678 0.667 0.656 0.645 0.635 0.624 0.613 0.604 0.602 0.599 0.596 0.593 0.591 0.588 0.585 0.583 0.58 0.577 0.575 0.572 0.568 0.564 0.56 0.556 0.55 0.544
6.274 6.232 6.178 6.099 6.02 5.94 5.861 5.782 5.703 5.623 5.544 5.465 5.386 5.308 5.23 5.152 5.074 4.996 4.918 4.782 4.636 4.491 4.345 4.2 4.054 3.939 3.917 3.896 3.874 3.852 3.83 3.808 3.786 3.764 3.742 3.716 3.685 3.653 3.622 3.59 3.559 3.527 3.496 3.464 3.433 3.377 3.28 3.183 3.086 2.989 2.892 2.795 2.734 2.672 2.61 2.549 2.487 2.425 2.386 2.352 2.317 2.283 2.249 2.214 2.18 2.146 2.111 2.077 2.034 1.986 1.937 1.888 1.84 1.791 1.742 1.694 1.645 1.596 1.548 1.508 1.468 1.428 1.388 1.349 1.309 1.269 1.229 1.189 1.149 1.109 1.077 1.056 1.036 1.015 0.995 0.974 0.954 0.933 0.913 0.892 0.872 0.849 0.826 0.803 0.78 0.757 0.736 0.725 0.714 0.704 0.693 0.682 0.671 0.66 0.65 0.639 0.628 0.619 0.617 0.614 0.611 0.609 0.606 0.603 0.601 0.598 0.595 0.592 0.59 0.586 0.582 0.578 0.574 0.57 0.564 0.558
6.483 6.441 6.387 6.308 6.228 6.149 6.07 5.991 5.911 5.832 5.753 5.674 5.596 5.518 5.44 5.362 5.284 5.206 5.128 4.99 4.845 4.699 4.554 4.409 4.263 4.118 4.028 4.006 3.984 3.962 3.94 3.918 3.896 3.874 3.852 3.826 3.795 3.763 3.732 3.7 3.669 3.637 3.606 3.574 3.528 3.431 3.334 3.237 3.14 3.043 2.946 2.85 2.789 2.727 2.665 2.603 2.542 2.48 2.419 2.385 2.35 2.316 2.282 2.247 2.213 2.179 2.144 2.11 2.067 2.018 1.97 1.921 1.872 1.824 1.775 1.727 1.678 1.629 1.588 1.549 1.509 1.469 1.429 1.389 1.349 1.309 1.269 1.229 1.189 1.149 1.109 1.081 1.061 1.04 1.02 0.999 0.979 0.958 0.937 0.917 0.896 0.874 0.851 0.828 0.805 0.782 0.758 0.74 0.729 0.719 0.708 0.697 0.686 0.675 0.665 0.654 0.643 0.635 0.632 0.629 0.627 0.624 0.621 0.618 0.616 0.613 0.61 0.608 0.604 0.6 0.596 0.592 0.588 0.584 0.578 0.572
6.693 6.65 6.596 6.517 6.437 6.358 6.279 6.199 6.12 6.041 5.962 5.884 5.806 5.728 5.65 5.572 5.494 5.416 5.338 5.199 5.054 4.908 4.763 4.617 4.472 4.327 4.181 4.116 4.094 4.072 4.05 4.028 4.007 3.985 3.963 3.936 3.905 3.873 3.842 3.81 3.779 3.748 3.716 3.68 3.583 3.486 3.389 3.292 3.195 3.098 3.001 2.905 2.843 2.782 2.72 2.658 2.597 2.535 2.473 2.418 2.383 2.349 2.315 2.28 2.246 2.212 2.177 2.143 2.1 2.051 2.003 1.954 1.905 1.857 1.808 1.759 1.711 1.669 1.629 1.589 1.549 1.509 1.469 1.429 1.389 1.349 1.309 1.269 1.23 1.19 1.15 1.11 1.086 1.065 1.044 1.024 1.003 0.983 0.962 0.942 0.921 0.899 0.876 0.853 0.83 0.806 0.783 0.76 0.744 0.734 0.723 0.712 0.701 0.69 0.68 0.669 0.658 0.65 0.647 0.644 0.642 0.639 0.636 0.634 0.631 0.628 0.626 0.622 0.618 0.614 0.61 0.606 0.602 0.598 0.593 0.587
6.902 6.86 6.805 6.725 6.646 6.567 6.488 6.408 6.329 6.25 6.172 6.094 6.016 5.938 5.86 5.782 5.704 5.626 5.548 5.408 5.262 5.117 4.972 4.826 4.681 4.535 4.39 4.244 4.205 4.183 4.161 4.139 4.117 4.095 4.073 4.046 4.015 3.984 3.952 3.921 3.889 3.858 3.826 3.734 3.637 3.54 3.443 3.346 3.249 3.152 3.055 2.96 2.898 2.837 2.775 2.713 2.652 2.59 2.528 2.467 2.417 2.382 2.348 2.314 2.279 2.245 2.211 2.176 2.133 2.084 2.036 1.987 1.938 1.89 1.841 1.792 1.749 1.709 1.669 1.629 1.589 1.549 1.509 1.47 1.43 1.39 1.35 1.31 1.27 1.23 1.19 1.15 1.11 1.09 1.069 1.049 1.028 1.008 0.987 0.967 0.946 0.924 0.901 0.877 0.854 0.831 0.808 0.785 0.762 0.749 0.738 0.727 0.716 0.705 0.695 0.684 0.673 0.665 0.662 0.66 0.657 0.654 0.651 0.649 0.646 0.643 0.64 0.636 0.632 0.628 0.624 0.62 0.616 0.612 0.607 0.601
7.111 7.069 7.013 6.934 6.855 6.776 6.696 6.617 6.538 6.46 6.382 6.304 6.226 6.148 6.07 5.992 5.914 5.836 5.758 5.617 5.471 5.326 5.18 5.035 4.889 4.744 4.599 4.453 4.315 4.293 4.271 4.249 4.227 4.205 4.183 4.157 4.125 4.094 4.062 4.031 3.999 3.968 3.885 3.788 3.691 3.594 3.497 3.4 3.303 3.206 3.109 3.015 2.953 2.892 2.83 2.768 2.706 2.645 2.583 2.521 2.46 2.415 2.381 2.347 2.312 2.278 2.244 2.209 2.166 2.117 2.068 2.02 1.971 1.922 1.874 1.829 1.789 1.749 1.709 1.669 1.63 1.59 1.55 1.51 1.47 1.43 1.39 1.35 1.31 1.27 1.23 1.19 1.151 1.115 1.094 1.074 1.053 1.033 1.012 0.992 0.971 0.949 0.925 0.902 0.879 0.856 0.833 0.81 0.787 0.764 0.753 0.742 0.731 0.721 0.71 0.699 0.688 0.68 0.677 0.675 0.672 0.669 0.667 0.664 0.661 0.658 0.654 0.65 0.646 0.642 0.638 0.634 0.63 0.627 0.621 0.615
7.321 7.279 7.222 7.143 7.064 6.984 6.905 6.826 6.748 6.67 6.592 6.514 6.436 6.358 6.28 6.202 6.124 6.046 5.968 5.825 5.68 5.535 5.389 5.244 5.098 4.953 4.807 4.662 4.517 4.403 4.381 4.359 4.338 4.316 4.294 4.267 4.235 4.204 4.172 4.141 4.109 4.037 3.94 3.843 3.746 3.649 3.552 3.455 3.358 3.261 3.164 3.07 3.008 2.946 2.885 2.823 2.761 2.7 2.638 2.576 2.515 2.453 2.414 2.38 2.345 2.311 2.277 2.242 2.199 2.15 2.101 2.053 2.004 1.955 1.909 1.869 1.83 1.79 1.75 1.71 1.67 1.63 1.59 1.55 1.51 1.47 1.43 1.39 1.351 1.311 1.271 1.231 1.191 1.151 1.119 1.099 1.078 1.058 1.037 1.016 0.996 0.973 0.95 0.927 0.904 0.881 0.858 0.835 0.812 0.788 0.768 0.757 0.746 0.736 0.725 0.714 0.703 0.695 0.693 0.69 0.687 0.685 0.682 0.679 0.676 0.672 0.668 0.664 0.66 0.656 0.652 0.649 0.645 0.641 0.635 0.629
7.53 7.488 7.431 7.352 7.272 7.193 7.114 7.036 6.958 6.88 6.802 6.724 6.645 6.567 6.489 6.411 6.333 6.255 6.177 6.034 5.889 5.743 5.598 5.452 5.307 5.162 5.016 4.871 4.725 4.58 4.492 4.47 4.448 4.426 4.404 4.377 4.345 4.314 4.283 4.251 4.188 4.091 3.994 3.897 3.8 3.703 3.606 3.509 3.412 3.315 3.218 3.125 3.063 3.001 2.94 2.878 2.816 2.755 2.693 2.631 2.569 2.508 2.447 2.413 2.378 2.344 2.31 2.275 2.231 2.183 2.134 2.085 2.037 1.99 1.95 1.91 1.87 1.83 1.79 1.75 1.71 1.67 1.63 1.59 1.551 1.511 1.471 1.431 1.391 1.351 1.311 1.271 1.231 1.191 1.151 1.123 1.103 1.082 1.062 1.041 1.021 0.998 0.975 0.952 0.929 0.906 0.883 0.86 0.836 0.813 0.79 0.772 0.761 0.751 0.74 0.729 0.718 0.711 0.708 0.705 0.702 0.7 0.697 0.694 0.69 0.686 0.682 0.678 0.674 0.671 0.667 0.663 0.659 0.655 0.649 0.643
7.74 7.697 7.64 7.56 7.481 7.402 7.323 7.245 7.167 7.089 7.011 6.933 6.855 6.777 6.699 6.621 6.543 6.465 6.387 6.243 6.097 5.952 5.807 5.661 5.516 5.37 5.225 5.079 4.934 4.789 4.643 4.58 4.558 4.536 4.514 4.487 4.456 4.424 4.393 4.339 4.242 4.145 4.048 3.951 3.854 3.757 3.66 3.563 3.466 3.369 3.272 3.18 3.118 3.056 2.995 2.933 2.871 2.809 2.748 2.686 2.624 2.563 2.501 2.446 2.412 2.377 2.343 2.309 2.264 2.216 2.167 2.118 2.07 2.03 1.99 1.95 1.91 1.87 1.83 1.79 1.751 1.711 1.671 1.631 1.591 1.551 1.511 1.471 1.431 1.391 1.351 1.311 1.271 1.232 1.192 1.152 1.128 1.107 1.087 1.066 1.046 1.023 1.0 0.977 0.954 0.931 0.907 0.884 0.861 0.838 0.815 0.792 0.776 0.766 0.755 0.744 0.733 0.726 0.723 0.72 0.718 0.715 0.712 0.708 0.704 0.7 0.696 0.693 0.689 0.685 0.681 0.677 0.673 0.669 0.663 0.657
7.949 7.907 7.848 7.769 7.69 7.611 7.533 7.455 7.377 7.299 7.221 7.143 7.065 6.987 6.909 6.831 6.753 6.675 6.597 6.452 6.306 6.161 6.015 5.87 5.725 5.579 5.434 5.288 5.143 4.997 4.852 4.707 4.668 4.647 4.625 4.597 4.566 4.534 4.491 4.394 4.297 4.2 4.103 4.006 3.909 3.812 3.715 3.618 3.521 3.424 3.327 3.235 3.173 3.111 3.049 2.988 2.926 2.864 2.803 2.741 2.679 2.618 2.556 2.494 2.445 2.41 2.376 2.342 2.297 2.249 2.2 2.151 2.11 2.07 2.03 1.99 1.95 1.911 1.871 1.831 1.791 1.751 1.711 1.671 1.631 1.591 1.551 1.511 1.472 1.432 1.392 1.352 1.312 1.272 1.232 1.192 1.153 1.132 1.112 1.091 1.071 1.048 1.025 1.002 0.979 0.955 0.932 0.909 0.886 0.863 0.84 0.817 0.794 0.781 0.77 0.759 0.748 0.741 0.738 0.735 0.733 0.73 0.726 0.722 0.718 0.715 0.711 0.707 0.703 0.699 0.695 0.691 0.687 0.683 0.677 0.671
8.158 8.116 8.057 7.978 7.899 7.821 7.743 7.665 7.587 7.509 7.431 7.353 7.275 7.197 7.119 7.041 6.963 6.885 6.806 6.66 6.515 6.37 6.224 6.079 5.933 5.788 5.642 5.497 5.352 5.206 5.061 4.915 4.779 4.757 4.735 4.707 4.676 4.642 4.545 4.448 4.351 4.254 4.157 4.06 3.963 3.866 3.769 3.672 3.575 3.478 3.381 3.289 3.228 3.166 3.104 3.043 2.981 2.919 2.858 2.796 2.734 2.672 2.611 2.549 2.487 2.443 2.409 2.375 2.33 2.281 2.233 2.19 2.15 2.111 2.071 2.031 1.991 1.951 1.911 1.871 1.831 1.791 1.751 1.711 1.672 1.632 1.592 1.552 1.512 1.472 1.432 1.392 1.352 1.312 1.272 1.232 1.192 1.157 1.137 1.116 1.095 1.073 1.05 1.026 1.003 0.98 0.957 0.934 0.911 0.888 0.865 0.842 0.818 0.796 0.785 0.774 0.763 0.756 0.753 0.751 0.748 0.744 0.74 0.737 0.733 0.729 0.725 0.721 0.717 0.713 0.709 0.705 0.701 0.697 0.691 0.685
8.368 8.325 8.266 8.187 8.109 8.031 7.953 7.875 7.797 7.719 7.641 7.563 7.485 7.407 7.329 7.251 7.173 7.095 7.015 6.869 6.724 6.578 6.433 6.287 6.142 5.997 5.851 5.706 5.56 5.415 5.269 5.124 4.979 4.867 4.845 4.818 4.786 4.696 4.599 4.502 4.405 4.308 4.211 4.114 4.017 3.92 3.823 3.726 3.629 3.532 3.435 3.344 3.283 3.221 3.159 3.098 3.036 2.974 2.912 2.851 2.789 2.727 2.666 2.604 2.542 2.481 2.442 2.408 2.363 2.314 2.271 2.231 2.191 2.151 2.111 2.071 2.031 1.991 1.951 1.911 1.871 1.832 1.792 1.752 1.712 1.672 1.632 1.592 1.552 1.512 1.472 1.432 1.392 1.353 1.313 1.273 1.233 1.193 1.161 1.141 1.12 1.098 1.074 1.051 1.028 1.005 0.982 0.959 0.936 0.913 0.89 0.866 0.843 0.82 0.8 0.789 0.778 0.771 0.769 0.766 0.762 0.759 0.755 0.751 0.747 0.743 0.739 0.735 0.731 0.727 0.723 0.719 0.715 0.711 0.705 0.699
8.577 8.535 8.475 8.397 8.319 8.241 8.163 8.085 8.007 7.929 7.851 7.773 7.695 7.617 7.539 7.461 7.383 7.305 7.223 7.078 6.933 6.787 6.642 6.496 6.351 6.205 6.06 5.915 5.769 5.624 5.478 5.333 5.187 5.042 4.956 4.928 4.848 4.751 4.654 4.557 4.46 4.363 4.266 4.169 4.072 3.975 3.878 3.781 3.684 3.587 3.49 3.399 3.338 3.276 3.214 3.152 3.091 3.029 2.967 2.906 2.844 2.782 2.721 2.659 2.597 2.536 2.475 2.441 2.396 2.351 2.311 2.271 2.231 2.191 2.151 2.111 2.071 2.032 1.992 1.952 1.912 1.872 1.832 1.792 1.752 1.712 1.672 1.632 1.592 1.553 1.513 1.473 1.433 1.393 1.353 1.313 1.273 1.233 1.193 1.166 1.145 1.122 1.099 1.076 1.053 1.03 1.007 0.984 0.961 0.937 0.914 0.891 0.868 0.845 0.822 0.804 0.793 0.786 0.784 0.78 0.777 0.773 0.769 0.765 0.761 0.757 0.753 0.749 0.745 0.741 0.737 0.733 0.729 0.725 0.719 0.713
8.659 8.621 8.565 8.491 8.417 8.343 8.269 8.195 8.121 8.047 7.973 7.9 7.826 7.752 7.678 7.604 7.53 7.456 7.39 7.254 7.111 6.968 6.826 6.683 6.54 6.398 6.255 6.112 5.969 5.827 5.684 5.541 5.396 5.251 5.105 4.999 4.902 4.805 4.708 4.611 4.514 4.417 4.32 4.223 4.126 4.029 3.932 3.835 3.738 3.641 3.544 3.454 3.392 3.331 3.269 3.207 3.146 3.084 3.022 2.961 2.899 2.837 2.775 2.714 2.652 2.59 2.529 2.474 2.431 2.391 2.351 2.311 2.271 2.232 2.192 2.152 2.112 2.072 2.032 1.992 1.952 1.912 1.872 1.832 1.792 1.753 1.713 1.673 1.633 1.593 1.553 1.513 1.473 1.433 1.393 1.353 1.313 1.274 1.234 1.194 1.17 1.147 1.124 1.101 1.078 1.055 1.032 1.009 0.985 0.962 0.939 0.916 0.893 0.87 0.847 0.824 0.808 0.802 0.799 0.795 0.791 0.787 0.783 0.779 0.775 0.771 0.767 0.763 0.759 0.755 0.751 0.747 0.743 0.739 0.733 0.727
8.613 8.574 8.518 8.444 8.37 8.296 8.222 8.148 8.074 8.0 7.927 7.853 7.779 7.705 7.631 7.557 7.483 7.414 7.384 7.293 7.15 7.008 6.865 6.722 6.58 6.437 6.294 6.152 6.009 5.866 5.724 5.581 5.438 5.295 5.153 5.04 4.943 4.847 4.75 4.653 4.556 4.459 4.363 4.266 4.169 4.072 3.976 3.879 3.782 3.685 3.588 3.487 3.425 3.364 3.303 3.242 3.18 3.119 3.058 2.997 2.936 2.875 2.814 2.752 2.691 2.63 2.569 2.508 2.464 2.424 2.385 2.345 2.306 2.266 2.226 2.187 2.147 2.108 2.068 2.028 1.989 1.949 1.91 1.87 1.827 1.787 1.748 1.709 1.67 1.631 1.592 1.553 1.513 1.474 1.434 1.394 1.354 1.314 1.274 1.234 1.195 1.172 1.149 1.126 1.103 1.08 1.057 1.033 1.01 0.987 0.964 0.941 0.918 0.895 0.872 0.848 0.825 0.817 0.813 0.809 0.805 0.801 0.797 0.793 0.789 0.785 0.781 0.777 0.773 0.769 0.765 0.762 0.758 0.754 0.748 0.742
8.566 8.528 8.471 8.397 8.323 8.249 8.175 8.101 8.027 7.954 7.88 7.806 7.732 7.658 7.584 7.51 7.436 7.409 7.378 7.292 7.19 7.047 6.904 6.762 6.619 6.476 6.334 6.191 6.048 5.906 5.763 5.62 5.478 5.335 5.192 5.08 4.984 4.887 4.79 4.693 4.596 4.5 4.403 4.306 4.209 4.113 4.016 3.919 3.822 3.725 3.615 3.511 3.446 3.385 3.323 3.262 3.201 3.14 3.079 3.018 2.957 2.896 2.834 2.773 2.712 2.651 2.59 2.529 2.485 2.445 2.406 2.366 2.327 2.287 2.248 2.208 2.168 2.129 2.089 2.05 2.01 1.97 1.931 1.879 1.817 1.778 1.739 1.7 1.661 1.621 1.582 1.543 1.504 1.465 1.426 1.387 1.348 1.309 1.27 1.231 1.193 1.17 1.147 1.125 1.102 1.079 1.057 1.034 1.012 0.989 0.967 0.944 0.922 0.899 0.876 0.854 0.831 0.81 0.807 0.803 0.8 0.797 0.793 0.79 0.787 0.784 0.78 0.777 0.774 0.77 0.767 0.764 0.76 0.757 0.752 0.746
8.52 8.482 8.424 8.35 8.276 8.202 8.128 8.054 7.981 7.907 7.833 7.759 7.685 7.611 7.537 7.463 7.428 7.404 7.372 7.286 7.201 7.087 6.944 6.801 6.659 6.516 6.373 6.23 6.088 5.945 5.802 5.66 5.517 5.374 5.232 5.12 5.024 4.927 4.83 4.733 4.637 4.54 4.443 4.346 4.249 4.153 4.056 3.959 3.862 3.755 3.638 3.534 3.47 3.405 3.344 3.283 3.222 3.161 3.1 3.039 2.978 2.916 2.855 2.794 2.733 2.672 2.611 2.55 2.506 2.467 2.427 2.387 2.348 2.308 2.269 2.229 2.19 2.15 2.11 2.071 2.031 1.992 1.945 1.869 1.807 1.768 1.729 1.69 1.651 1.612 1.573 1.534 1.495 1.455 1.416 1.377 1.338 1.299 1.26 1.222 1.185 1.162 1.139 1.117 1.094 1.072 1.049 1.027 1.004 0.982 0.959 0.936 0.914 0.891 0.869 0.846 0.821 0.799 0.784 0.781 0.777 0.774 0.771 0.767 0.764 0.761 0.758 0.754 0.751 0.748 0.744 0.741 0.738 0.734 0.729 0.724
8.473 8.435 8.377 8.303 8.229 8.155 8.081 8.008 7.934 7.86 7.786 7.712 7.638 7.564 7.49 7.448 7.423 7.399 7.366 7.28 7.195 7.109 6.983 6.841 6.698 6.555 6.413 6.27 6.127 5.985 5.842 5.699 5.557 5.414 5.271 5.161 5.064 4.967 4.87 4.774 4.677 4.58 4.483 4.386 4.29 4.193 4.096 3.999 3.895 3.778 3.661 3.558 3.493 3.429 3.365 3.304 3.243 3.182 3.121 3.059 2.998 2.937 2.876 2.815 2.754 2.693 2.632 2.57 2.527 2.488 2.448 2.409 2.369 2.329 2.29 2.25 2.211 2.171 2.132 2.092 2.052 2.012 1.935 1.859 1.798 1.758 1.719 1.68 1.641 1.602 1.563 1.524 1.485 1.446 1.407 1.368 1.329 1.29 1.251 1.214 1.177 1.154 1.132 1.109 1.087 1.064 1.042 1.019 0.996 0.974 0.951 0.929 0.906 0.884 0.861 0.837 0.812 0.789 0.77 0.758 0.755 0.751 0.748 0.745 0.742 0.738 0.735 0.732 0.728 0.725 0.722 0.718 0.715 0.712 0.706 0.701
8.427 8.389 8.33 8.256 8.182 8.108 8.034 7.961 7.887 7.813 7.739 7.665 7.591 7.517 7.468 7.443 7.418 7.394 7.36 7.274 7.189 7.103 7.018 6.88 6.737 6.595 6.452 6.309 6.167 6.024 5.881 5.739 5.596 5.453 5.311 5.201 5.104 5.007 4.911 4.814 4.717 4.62 4.523 4.427 4.33 4.233 4.136 4.035 3.918 3.801 3.683 3.581 3.517 3.452 3.388 3.325 3.264 3.203 3.141 3.08 3.019 2.958 2.897 2.836 2.775 2.713 2.652 2.591 2.549 2.509 2.469 2.43 2.39 2.351 2.311 2.271 2.232 2.192 2.153 2.113 2.074 2.001 1.925 1.848 1.788 1.749 1.71 1.671 1.632 1.593 1.553 1.514 1.475 1.436 1.397 1.358 1.319 1.28 1.243 1.206 1.169 1.147 1.124 1.102 1.079 1.057 1.034 1.011 0.989 0.966 0.944 0.921 0.899 0.876 0.852 0.827 0.802 0.78 0.76 0.741 0.732 0.729 0.725 0.722 0.719 0.716 0.712 0.709 0.706 0.702 0.699 0.696 0.692 0.689 0.684 0.678
8.381 8.342 8.283 8.209 8.135 8.061 7.988 7.914 7.84 7.766 7.692 7.618 7.544 7.487 7.463 7.438 7.413 7.389 7.354 7.268 7.183 7.097 7.012 6.92 6.777 6.634 6.492 6.349 6.206 6.063 5.921 5.778 5.635 5.493 5.35 5.241 5.144 5.048 4.951 4.854 4.757 4.66 4.564 4.467 4.37 4.273 4.176 4.058 3.941 3.823 3.706 3.605 3.54 3.476 3.411 3.347 3.285 3.223 3.162 3.101 3.04 2.979 2.918 2.857 2.795 2.734 2.673 2.612 2.57 2.53 2.491 2.451 2.411 2.372 2.332 2.293 2.253 2.213 2.174 2.134 2.068 1.991 1.915 1.838 1.778 1.739 1.7 1.661 1.622 1.583 1.544 1.505 1.466 1.427 1.387 1.348 1.309 1.272 1.235 1.198 1.162 1.139 1.117 1.094 1.071 1.049 1.026 1.004 0.981 0.959 0.936 0.914 0.891 0.867 0.842 0.817 0.792 0.77 0.75 0.731 0.711 0.706 0.703 0.7 0.696 0.693 0.69 0.686 0.683 0.68 0.676 0.673 0.67 0.666 0.661 0.655
8.334 8.296 8.236 8.162 8.088 8.015 7.941 7.867 7.793 7.719 7.645 7.571 7.507 7.482 7.458 7.433 7.408 7.383 7.348 7.262 7.177 7.091 7.006 6.92 6.816 6.674 6.531 6.388 6.246 6.103 5.96 5.818 5.675 5.532 5.389 5.281 5.185 5.088 4.991 4.894 4.797 4.701 4.604 4.507 4.41 4.314 4.198 4.081 3.963 3.846 3.728 3.628 3.564 3.499 3.435 3.37 3.306 3.244 3.183 3.122 3.061 3.0 2.939 2.877 2.816 2.755 2.694 2.633 2.591 2.551 2.512 2.472 2.433 2.393 2.353 2.314 2.274 2.235 2.195 2.134 2.057 1.981 1.904 1.828 1.769 1.73 1.69 1.651 1.612 1.573 1.534 1.495 1.456 1.417 1.378 1.339 1.302 1.265 1.228 1.191 1.154 1.132 1.109 1.086 1.064 1.041 1.019 0.996 0.974 0.951 0.928 0.906 0.883 0.857 0.832 0.807 0.782 0.76 0.741 0.721 0.702 0.683 0.68 0.677 0.674 0.67 0.667 0.664 0.66 0.657 0.654 0.65 0.647 0.644 0.638 0.633
8.288 8.25 8.189 8.115 8.042 7.968 7.894 7.82 7.746 7.672 7.598 7.527 7.502 7.477 7.453 7.428 7.403 7.378 7.342 7.256 7.171 7.085 6.999 6.914 6.828 6.713 6.57 6.428 6.285 6.142 6.0 5.857 5.714 5.572 5.429 5.321 5.225 5.128 5.031 4.934 4.838 4.741 4.644 4.547 4.45 4.338 4.221 4.103 3.986 3.868 3.751 3.652 3.587 3.523 3.458 3.394 3.329 3.265 3.204 3.143 3.082 3.021 2.959 2.898 2.837 2.776 2.715 2.654 2.612 2.573 2.533 2.493 2.454 2.414 2.375 2.335 2.295 2.256 2.2 2.124 2.047 1.971 1.894 1.817 1.759 1.72 1.681 1.642 1.603 1.564 1.524 1.485 1.446 1.407 1.368 1.331 1.294 1.257 1.22 1.183 1.146 1.124 1.101 1.079 1.056 1.034 1.011 0.989 0.966 0.943 0.921 0.898 0.873 0.848 0.822 0.797 0.772 0.75 0.731 0.711 0.692 0.672 0.658 0.654 0.651 0.648 0.644 0.641 0.638 0.634 0.631 0.628 0.625 0.621 0.615 0.61
8.242 8.203 8.142 8.069 7.995 7.921 7.847 7.773 7.699 7.625 7.551 7.522 7.497 7.472 7.448 7.423 7.398 7.373 7.336 7.25 7.165 7.079 6.993 6.908 6.822 6.737 6.61 6.467 6.325 6.182 6.039 5.896 5.754 5.611 5.468 5.362 5.265 5.168 5.071 4.975 4.878 4.781 4.684 4.587 4.478 4.361 4.243 4.126 4.009 3.891 3.774 3.675 3.611 3.546 3.482 3.417 3.353 3.288 3.225 3.164 3.102 3.041 2.98 2.919 2.858 2.797 2.736 2.675 2.633 2.594 2.554 2.515 2.475 2.435 2.396 2.356 2.317 2.266 2.19 2.113 2.037 1.96 1.884 1.807 1.749 1.71 1.671 1.632 1.593 1.554 1.515 1.476 1.437 1.398 1.36 1.323 1.286 1.249 1.212 1.175 1.139 1.116 1.094 1.071 1.049 1.026 1.003 0.981 0.958 0.936 0.913 0.888 0.863 0.838 0.812 0.787 0.762 0.741 0.721 0.702 0.682 0.663 0.643 0.632 0.628 0.625 0.622 0.618 0.615 0.612 0.608 0.605 0.602 0.598 0.593 0.587
8.195 8.157 8.096 8.022 7.948 7.874 7.8 7.726 7.652 7.578 7.541 7.517 7.492 7.467 7.442 7.418 7.393 7.368 7.33 7.244 7.159 7.073 6.987 6.902 6.816 6.731 6.645 6.507 6.364 6.221 6.079 5.936 5.793 5.651 5.508 5.402 5.305 5.208 5.112 5.015 4.918 4.821 4.724 4.618 4.501 4.383 4.266 4.149 4.031 3.914 3.796 3.699 3.634 3.57 3.505 3.441 3.376 3.312 3.247 3.184 3.123 3.062 3.001 2.94 2.879 2.818 2.756 2.695 2.655 2.615 2.575 2.536 2.496 2.457 2.417 2.377 2.333 2.256 2.179 2.103 2.026 1.95 1.873 1.797 1.74 1.701 1.661 1.622 1.583 1.544 1.505 1.466 1.427 1.389 1.352 1.315 1.278 1.241 1.204 1.167 1.131 1.109 1.086 1.064 1.041 1.018 0.996 0.973 0.951 0.928 0.903 0.878 0.853 0.828 0.803 0.777 0.752 0.731 0.711 0.692 0.672 0.653 0.633 0.614 0.606 0.602 0.599 0.596 0.592 0.589 0.586 0.583 0.579 0.575 0.57 0.565
8.149 8.111 8.049 7.975 7.901 7.827 7.753 7.679 7.605 7.561 7.536 7.512 7.487 7.462 7.437 7.413 7.388 7.363 7.324 7.238 7.153 7.067 6.981 6.896 6.81 6.725 6.639 6.546 6.403 6.261 6.118 5.975 5.833 5.69 5.547 5.442 5.345 5.249 5.152 5.055 4.958 4.861 4.758 4.641 4.523 4.406 4.289 4.171 4.054 3.936 3.819 3.722 3.658 3.593 3.529 3.464 3.4 3.335 3.271 3.206 3.144 3.083 3.022 2.961 2.9 2.838 2.777 2.716 2.676 2.636 2.597 2.557 2.517 2.478 2.438 2.399 2.322 2.246 2.169 2.093 2.016 1.94 1.863 1.787 1.73 1.691 1.652 1.613 1.574 1.535 1.496 1.456 1.418 1.381 1.344 1.307 1.27 1.233 1.196 1.159 1.124 1.101 1.078 1.056 1.033 1.011 0.988 0.966 0.943 0.919 0.894 0.868 0.843 0.818 0.793 0.768 0.742 0.721 0.702 0.682 0.663 0.643 0.624 0.604 0.585 0.58 0.576 0.573 0.57 0.566 0.563 0.56 0.557 0.553 0.547 0.542
8.103 8.064 8.002 7.928 7.854 7.78 7.706 7.632 7.581 7.556 7.531 7.506 7.482 7.457 7.432 7.408 7.383 7.358 7.318 7.232 7.147 7.061 6.975 6.89 6.804 6.719 6.633 6.547 6.443 6.3 6.158 6.015 5.872 5.729 5.587 5.482 5.386 5.289 5.192 5.095 4.998 4.898 4.781 4.664 4.546 4.429 4.311 4.194 4.076 3.959 3.842 3.745 3.681 3.617 3.552 3.488 3.423 3.359 3.294 3.23 3.165 3.104 3.043 2.982 2.92 2.859 2.798 2.737 2.697 2.657 2.618 2.578 2.539 2.499 2.459 2.388 2.312 2.235 2.159 2.082 2.006 1.929 1.853 1.776 1.72 1.681 1.642 1.603 1.564 1.525 1.486 1.447 1.41 1.373 1.336 1.299 1.262 1.225 1.188 1.151 1.116 1.093 1.071 1.048 1.026 1.003 0.981 0.958 0.934 0.909 0.884 0.858 0.833 0.808 0.783 0.758 0.732 0.711 0.692 0.672 0.653 0.633 0.614 0.594 0.575 0.557 0.554 0.55 0.547 0.544 0.541 0.537 0.534 0.53 0.525 0.519
8.056 8.018 7.955 7.881 7.807 7.733 7.659 7.6 7.576 7.551 7.526 7.501 7.477 7.452 7.427 7.403 7.378 7.353 7.312 7.226 7.141 7.055 6.969 6.884 6.798 6.713 6.627 6.541 6.456 6.34 6.197 6.054 5.912 5.769 5.626 5.522 5.426 5.329 5.232 5.135 5.038 4.921 4.804 4.686 4.569 4.451 4.334 4.216 4.099 3.982 3.864 3.769 3.705 3.64 3.576 3.511 3.447 3.382 3.318 3.253 3.189 3.125 3.064 3.002 2.941 2.88 2.819 2.758 2.718 2.678 2.639 2.599 2.56 2.52 2.455 2.378 2.302 2.225 2.149 2.072 1.996 1.919 1.843 1.766 1.711 1.672 1.633 1.593 1.554 1.515 1.476 1.439 1.402 1.365 1.328 1.291 1.254 1.217 1.18 1.143 1.108 1.086 1.063 1.041 1.018 0.996 0.973 0.949 0.924 0.899 0.874 0.849 0.823 0.798 0.773 0.748 0.723 0.701 0.682 0.662 0.643 0.624 0.604 0.585 0.565 0.546 0.531 0.528 0.524 0.521 0.518 0.515 0.511 0.507 0.502 0.497
8.01 7.972 7.908 7.834 7.76 7.686 7.62 7.595 7.57 7.546 7.521 7.496 7.472 7.447 7.422 7.398 7.373 7.348 7.306 7.22 7.135 7.049 6.963 6.878 6.792 6.707 6.621 6.535 6.45 6.364 6.236 6.094 5.951 5.808 5.666 5.563 5.466 5.369 5.272 5.176 5.061 4.944 4.826 4.709 4.591 4.474 4.356 4.239 4.122 4.004 3.887 3.792 3.728 3.664 3.599 3.535 3.47 3.406 3.341 3.277 3.212 3.148 3.084 3.023 2.962 2.901 2.84 2.779 2.739 2.7 2.66 2.621 2.581 2.521 2.444 2.368 2.291 2.215 2.138 2.062 1.985 1.909 1.832 1.756 1.701 1.662 1.623 1.584 1.545 1.506 1.468 1.431 1.394 1.357 1.32 1.283 1.246 1.209 1.172 1.135 1.101 1.078 1.056 1.033 1.01 0.988 0.965 0.94 0.914 0.889 0.864 0.839 0.813 0.788 0.763 0.738 0.713 0.692 0.672 0.653 0.633 0.614 0.594 0.575 0.555 0.536 0.516 0.505 0.502 0.499 0.495 0.492 0.489 0.485 0.479 0.474
7.964 7.925 7.861 7.787 7.713 7.64 7.615 7.59 7.565 7.541 7.516 7.491 7.467 7.442 7.417 7.393 7.368 7.343 7.3 7.214 7.129 7.043 6.957 6.872 6.786 6.7 6.615 6.529 6.444 6.358 6.272 6.133 5.991 5.848 5.705 5.603 5.506 5.409 5.313 5.201 5.084 4.966 4.849 4.731 4.614 4.496 4.379 4.262 4.144 4.027 3.909 3.816 3.751 3.687 3.623 3.558 3.494 3.429 3.365 3.3 3.236 3.171 3.107 3.044 2.983 2.922 2.861 2.8 2.76 2.721 2.681 2.642 2.587 2.511 2.434 2.358 2.281 2.205 2.128 2.052 1.975 1.899 1.822 1.746 1.691 1.652 1.613 1.574 1.535 1.498 1.461 1.424 1.387 1.35 1.313 1.276 1.239 1.202 1.165 1.128 1.093 1.07 1.048 1.025 1.003 0.98 0.955 0.93 0.904 0.879 0.854 0.829 0.804 0.778 0.753 0.728 0.703 0.682 0.662 0.643 0.623 0.604 0.584 0.565 0.546 0.526 0.507 0.487 0.479 0.476 0.473 0.469 0.466 0.462 0.457 0.451
7.917 7.879 7.814 7.74 7.666 7.635 7.61 7.585 7.56 7.536 7.511 7.486 7.462 7.437 7.412 7.388 7.363 7.338 7.294 7.208 7.123 7.037 6.951 6.866 6.78 6.694 6.609 6.523 6.438 6.352 6.266 6.173 6.03 5.887 5.745 5.643 5.546 5.45 5.341 5.224 5.106 4.989 4.871 4.754 4.637 4.519 4.402 4.284 4.167 4.049 3.932 3.839 3.775 3.71 3.646 3.582 3.517 3.453 3.388 3.324 3.259 3.195 3.13 3.066 3.004 2.943 2.881 2.821 2.782 2.742 2.702 2.653 2.577 2.5 2.424 2.347 2.271 2.194 2.118 2.041 1.965 1.888 1.812 1.735 1.682 1.643 1.604 1.564 1.527 1.49 1.453 1.416 1.379 1.342 1.305 1.268 1.231 1.194 1.157 1.12 1.085 1.063 1.04 1.018 0.995 0.97 0.945 0.92 0.895 0.869 0.844 0.819 0.794 0.769 0.743 0.718 0.693 0.672 0.653 0.633 0.614 0.594 0.575 0.555 0.536 0.516 0.497 0.477 0.458 0.453 0.45 0.447 0.443 0.439 0.434 0.429
