    600    136    276
13.058 12.926 12.794 12.662 12.531 12.399 12.303 12.099 11.874 11.649 11.424 11.199 10.974 10.748 10.523 10.298 10.073 9.848 9.623 9.398 9.173 8.948 8.723 8.677 8.649 8.621 8.593 8.565 8.537 8.509 8.481 8.453 8.425 8.397 8.369 8.34 8.312 8.284 8.256 8.202 8.147 8.092 8.037 7.982 7.926 7.873 7.819 7.765 7.712 7.658 7.604 7.551 7.497 7.443 7.389 7.336 7.291 7.247 7.203 7.159 7.115 7.071 7.027 6.983 6.939 6.895 6.851 6.807 6.763 6.719 6.675 6.631 6.533 6.416 6.299 6.183 6.066 5.949 5.833 5.716 5.599 5.483 5.366 5.249 5.133 5.016 4.899 4.782 4.742 4.727 4.712 4.696 4.681 4.666 4.651 4.636 4.62 4.605 4.59 4.575 4.559 4.544 4.529 4.514 4.542 4.673 4.775 4.856 4.936 5.017 5.098 5.179 5.26 5.34 5.421 5.502 5.583 5.664 5.745 5.825 5.906 5.984 6.018 6.052 6.085 6.119 6.152 6.186 6.22 6.253 6.287 6.321 6.354 6.388 6.422 6.455
13.07 12.938 12.806 12.674 12.542 12.41 12.316 12.261 12.036 11.81 11.585 11.36 11.135 10.91 10.685 10.46 10.235 10.01 9.785 9.56 9.335 9.109 8.884 8.842 8.814 8.786 8.758 8.73 8.702 8.674 8.646 8.618 8.59 8.561 8.533 8.505 8.477 8.449 8.352 8.208 8.153 8.098 8.043 7.987 7.932 7.877 7.822 7.767 7.712 7.657 7.601 7.546 7.491 7.436 7.381 7.255 7.19 7.146 7.102 7.059 7.015 6.971 6.928 6.884 6.841 6.797 6.753 6.71 6.666 6.622 6.579 6.535 6.505 6.388 6.271 6.154 6.037 5.919 5.802 5.685 5.568 5.451 5.334 5.217 5.099 4.982 4.865 4.748 4.633 4.616 4.598 4.581 4.564 4.546 4.529 4.511 4.494 4.476 4.459 4.442 4.424 4.407 4.389 4.372 4.354 4.39 4.471 4.552 4.633 4.714 4.794 4.875 4.956 5.037 5.118 5.198 5.279 5.36 5.441 5.522 5.603 5.68 5.714 5.747 5.781 5.814 5.848 5.882 5.915 5.949 5.983 6.016 6.05 6.084 6.117 6.151
13.081 12.949 12.817 12.685 12.553 12.421 12.328 12.289 12.197 11.972 11.747 11.522 11.297 11.072 10.847 10.622 10.397 10.171 9.946 9.721 9.496 9.271 9.046 9.007 8.979 8.951 8.923 8.895 8.867 8.839 8.81 8.782 8.754 8.726 8.698 8.67 8.642 8.572 8.355 8.214 8.159 8.103 8.048 7.993 7.938 7.883 7.828 7.773 7.717 7.662 7.607 7.552 7.497 7.442 7.331 7.17 7.098 7.04 6.996 6.953 6.909 6.865 6.822 6.778 6.734 6.691 6.647 6.604 6.56 6.516 6.473 6.429 6.405 6.372 6.255 6.138 6.021 5.904 5.787 5.669 5.552 5.435 5.318 5.201 5.084 4.967 4.85 4.732 4.619 4.602 4.584 4.567 4.55 4.532 4.515 4.497 4.48 4.462 4.445 4.428 4.41 4.393 4.375 4.358 4.337 4.294 4.338 4.416 4.494 4.572 4.649 4.727 4.805 4.883 4.961 5.039 5.116 5.194 5.272 5.35 5.428 5.501 5.532 5.563 5.593 5.624 5.655 5.685 5.716 5.747 5.777 5.808 5.838 5.869 5.9 5.93
13.092 12.961 12.829 12.697 12.565 12.433 12.341 12.302 12.263 12.134 11.909 11.684 11.459 11.233 11.008 10.783 10.558 10.333 10.108 9.883 9.658 9.433 9.208 9.172 9.144 9.116 9.088 9.059 9.031 9.003 8.975 8.947 8.919 8.891 8.863 8.835 8.793 8.575 8.358 8.22 8.164 8.109 8.054 7.999 7.944 7.889 7.834 7.778 7.723 7.668 7.613 7.558 7.503 7.408 7.246 7.086 7.014 6.942 6.89 6.847 6.803 6.759 6.716 6.672 6.628 6.585 6.541 6.497 6.454 6.41 6.367 6.323 6.3 6.295 6.239 6.122 6.005 5.888 5.771 5.654 5.537 5.42 5.302 5.185 5.068 4.951 4.834 4.717 4.605 4.588 4.57 4.553 4.536 4.518 4.501 4.483 4.466 4.448 4.431 4.414 4.396 4.379 4.361 4.342 4.316 4.273 4.216 4.287 4.365 4.443 4.521 4.598 4.676 4.754 4.832 4.91 4.988 5.065 5.143 5.221 5.299 5.372 5.402 5.433 5.464 5.494 5.525 5.556 5.586 5.617 5.648 5.678 5.709 5.739 5.77 5.801
13.104 12.972 12.84 12.708 12.576 12.444 12.354 12.315 12.276 12.237 12.07 11.845 11.62 11.395 11.17 10.945 10.72 10.495 10.27 10.045 9.82 9.595 9.369 9.337 9.309 9.28 9.252 9.224 9.196 9.168 9.14 9.112 9.084 9.056 9.028 9.0 8.796 8.579 8.361 8.225 8.17 8.115 8.06 8.005 7.95 7.894 7.839 7.784 7.729 7.674 7.619 7.564 7.484 7.323 7.162 7.003 6.931 6.859 6.787 6.74 6.697 6.653 6.61 6.566 6.522 6.479 6.435 6.391 6.348 6.304 6.26 6.217 6.195 6.19 6.185 6.107 5.99 5.872 5.755 5.638 5.521 5.404 5.287 5.17 5.052 4.935 4.818 4.701 4.591 4.574 4.556 4.539 4.522 4.504 4.487 4.469 4.452 4.434 4.417 4.4 4.382 4.365 4.346 4.321 4.295 4.251 4.194 4.158 4.236 4.314 4.392 4.47 4.547 4.625 4.703 4.781 4.859 4.937 5.015 5.092 5.17 5.242 5.273 5.303 5.334 5.365 5.395 5.426 5.457 5.487 5.518 5.549 5.579 5.61 5.641 5.671
13.115 12.983 12.851 12.719 12.588 12.456 12.367 12.328 12.289 12.25 12.211 12.007 11.782 11.557 11.332 11.107 10.882 10.657 10.431 10.206 9.981 9.756 9.531 9.501 9.473 9.445 9.417 9.389 9.361 9.333 9.305 9.277 9.249 9.221 9.193 9.017 8.799 8.582 8.364 8.231 8.176 8.121 8.066 8.011 7.955 7.9 7.845 7.79 7.735 7.68 7.625 7.561 7.399 7.238 7.077 6.919 6.847 6.775 6.703 6.634 6.591 6.547 6.503 6.46 6.416 6.373 6.329 6.285 6.242 6.198 6.154 6.111 6.089 6.084 6.08 6.075 5.974 5.857 5.74 5.622 5.505 5.388 5.271 5.154 5.037 4.92 4.803 4.685 4.577 4.56 4.542 4.525 4.508 4.49 4.473 4.455 4.438 4.42 4.403 4.386 4.368 4.351 4.325 4.3 4.274 4.23 4.173 4.116 4.107 4.185 4.263 4.341 4.419 4.497 4.574 4.652 4.73 4.808 4.886 4.964 5.041 5.113 5.143 5.174 5.205 5.235 5.266 5.296 5.327 5.358 5.388 5.419 5.45 5.48 5.511 5.514
13.127 12.995 12.863 12.731 12.599 12.467 12.38 12.341 12.302 12.263 12.224 12.169 11.944 11.719 11.493 11.268 11.043 10.818 10.593 10.368 10.143 9.918 9.694 9.666 9.638 9.61 9.582 9.554 9.526 9.498 9.47 9.442 9.414 9.386 9.237 9.02 8.802 8.585 8.367 8.237 8.182 8.127 8.071 8.016 7.961 7.906 7.851 7.796 7.741 7.685 7.63 7.476 7.315 7.153 6.992 6.836 6.764 6.692 6.62 6.548 6.485 6.441 6.397 6.354 6.31 6.266 6.223 6.179 6.136 6.092 6.048 6.005 5.984 5.979 5.974 5.97 5.958 5.841 5.724 5.607 5.49 5.373 5.255 5.138 5.021 4.904 4.787 4.67 4.563 4.546 4.528 4.511 4.494 4.476 4.459 4.441 4.424 4.406 4.389 4.372 4.354 4.33 4.304 4.279 4.253 4.208 4.152 4.095 4.038 4.056 4.134 4.212 4.29 4.368 4.446 4.523 4.601 4.679 4.757 4.835 4.913 4.983 5.014 5.044 5.075 5.106 5.136 5.167 5.197 5.228 5.259 5.289 5.32 5.351 5.361 5.341
13.138 13.006 12.874 12.742 12.61 12.478 12.393 12.354 12.315 12.276 12.237 12.198 12.105 11.88 11.655 11.43 11.205 10.98 10.755 10.53 10.305 10.08 9.859 9.831 9.803 9.775 9.747 9.719 9.691 9.663 9.635 9.607 9.579 9.458 9.241 9.023 8.806 8.588 8.371 8.243 8.188 8.132 8.077 8.022 7.967 7.912 7.857 7.802 7.746 7.691 7.552 7.391 7.23 7.068 6.907 6.753 6.681 6.609 6.536 6.464 6.392 6.335 6.291 6.248 6.204 6.16 6.117 6.073 6.029 5.986 5.942 5.899 5.878 5.874 5.869 5.864 5.859 5.825 5.708 5.591 5.474 5.357 5.24 5.123 5.005 4.888 4.771 4.654 4.549 4.532 4.514 4.497 4.48 4.462 4.445 4.427 4.41 4.392 4.375 4.358 4.335 4.309 4.284 4.258 4.233 4.187 4.13 4.073 4.017 3.96 4.005 4.083 4.161 4.239 4.317 4.395 4.472 4.55 4.628 4.706 4.784 4.853 4.884 4.915 4.945 4.976 5.007 5.037 5.068 5.099 5.129 5.16 5.19 5.208 5.188 5.168
13.149 13.018 12.886 12.754 12.622 12.49 12.406 12.367 12.328 12.289 12.25 12.211 12.172 12.042 11.817 11.592 11.367 11.142 10.917 10.691 10.466 10.241 10.024 9.996 9.968 9.94 9.912 9.884 9.856 9.828 9.799 9.771 9.679 9.461 9.244 9.026 8.809 8.591 8.374 8.248 8.193 8.138 8.083 8.028 7.973 7.918 7.862 7.807 7.752 7.629 7.467 7.306 7.145 6.984 6.822 6.669 6.597 6.525 6.453 6.381 6.309 6.237 6.185 6.142 6.098 6.054 6.011 5.967 5.923 5.88 5.836 5.792 5.773 5.768 5.763 5.759 5.754 5.749 5.693 5.575 5.458 5.341 5.224 5.107 4.99 4.873 4.756 4.638 4.535 4.518 4.5 4.483 4.466 4.448 4.431 4.413 4.396 4.378 4.361 4.339 4.314 4.288 4.263 4.237 4.212 4.165 4.109 4.052 3.995 3.939 3.882 3.954 4.032 4.11 4.188 4.266 4.344 4.421 4.499 4.577 4.655 4.724 4.754 4.785 4.816 4.846 4.877 4.908 4.938 4.969 5.0 5.03 5.055 5.035 5.016 4.996
13.161 13.029 12.897 12.765 12.633 12.501 12.419 12.38 12.341 12.302 12.263 12.223 12.184 12.145 11.979 11.753 11.528 11.303 11.078 10.853 10.628 10.403 10.189 10.161 10.133 10.105 10.077 10.049 10.02 9.992 9.964 9.899 9.682 9.464 9.247 9.029 8.812 8.594 8.377 8.254 8.199 8.144 8.089 8.034 7.979 7.923 7.868 7.813 7.705 7.544 7.383 7.221 7.06 6.899 6.737 6.586 6.514 6.442 6.37 6.298 6.226 6.154 6.081 6.035 5.992 5.948 5.905 5.861 5.817 5.774 5.73 5.686 5.667 5.663 5.658 5.653 5.648 5.644 5.639 5.56 5.443 5.326 5.208 5.091 4.974 4.857 4.74 4.623 4.521 4.504 4.486 4.469 4.452 4.434 4.417 4.399 4.382 4.364 4.344 4.318 4.293 4.267 4.242 4.216 4.191 4.144 4.087 4.031 3.974 3.917 3.86 3.826 3.903 3.981 4.059 4.137 4.215 4.293 4.371 4.448 4.526 4.594 4.625 4.655 4.686 4.717 4.747 4.778 4.809 4.839 4.87 4.901 4.882 4.863 4.843 4.823
13.172 13.04 12.908 12.777 12.645 12.513 12.432 12.392 12.353 12.314 12.275 12.236 12.197 12.158 12.119 11.915 11.69 11.465 11.24 11.015 10.79 10.565 10.354 10.326 10.298 10.269 10.241 10.213 10.185 10.157 10.12 9.903 9.685 9.468 9.25 9.033 8.815 8.598 8.38 8.26 8.205 8.15 8.095 8.039 7.984 7.929 7.874 7.782 7.62 7.459 7.298 7.136 6.975 6.814 6.653 6.502 6.43 6.358 6.286 6.214 6.142 6.07 5.998 5.929 5.886 5.842 5.798 5.755 5.711 5.668 5.624 5.58 5.562 5.557 5.552 5.548 5.543 5.538 5.534 5.529 5.427 5.31 5.193 5.076 4.958 4.841 4.724 4.607 4.507 4.49 4.472 4.455 4.438 4.42 4.403 4.385 4.368 4.348 4.323 4.297 4.272 4.246 4.221 4.195 4.17 4.122 4.066 4.009 3.952 3.896 3.839 3.782 3.775 3.853 3.93 4.008 4.086 4.164 4.242 4.32 4.397 4.465 4.495 4.526 4.557 4.587 4.618 4.648 4.679 4.71 4.74 4.729 4.71 4.69 4.67 4.65
13.184 13.052 12.92 12.788 12.656 12.524 12.444 12.405 12.366 12.327 12.288 12.249 12.21 12.171 12.132 12.077 11.852 11.627 11.402 11.176 10.951 10.726 10.519 10.49 10.462 10.434 10.406 10.378 10.35 10.322 10.123 9.906 9.688 9.471 9.253 9.036 8.818 8.601 8.383 8.266 8.211 8.156 8.1 8.045 7.99 7.935 7.858 7.697 7.535 7.374 7.213 7.052 6.89 6.729 6.568 6.419 6.347 6.275 6.203 6.131 6.059 5.987 5.915 5.843 5.78 5.736 5.692 5.649 5.605 5.561 5.518 5.474 5.456 5.452 5.447 5.442 5.438 5.433 5.428 5.423 5.411 5.294 5.177 5.06 4.943 4.826 4.709 4.591 4.493 4.476 4.458 4.441 4.424 4.406 4.389 4.371 4.353 4.328 4.302 4.276 4.251 4.225 4.2 4.174 4.149 4.101 4.044 3.988 3.931 3.874 3.818 3.761 3.704 3.724 3.802 3.879 3.957 4.035 4.113 4.191 4.269 4.335 4.366 4.396 4.427 4.458 4.488 4.519 4.549 4.58 4.576 4.557 4.537 4.517 4.497 4.477
13.195 13.063 12.931 12.799 12.667 12.536 12.457 12.418 12.379 12.34 12.301 12.262 12.223 12.184 12.145 12.106 12.013 11.788 11.563 11.338 11.113 10.888 10.683 10.655 10.627 10.599 10.571 10.543 10.515 10.344 10.126 9.909 9.691 9.474 9.256 9.039 8.821 8.604 8.386 8.272 8.216 8.161 8.106 8.051 7.996 7.934 7.773 7.612 7.451 7.289 7.128 6.967 6.805 6.644 6.483 6.336 6.264 6.192 6.119 6.047 5.975 5.903 5.831 5.759 5.687 5.63 5.586 5.543 5.499 5.455 5.412 5.368 5.351 5.346 5.342 5.337 5.332 5.327 5.323 5.318 5.313 5.279 5.161 5.044 4.927 4.81 4.693 4.576 4.479 4.462 4.444 4.427 4.41 4.392 4.375 4.357 4.332 4.307 4.281 4.256 4.23 4.205 4.179 4.153 4.128 4.08 4.023 3.966 3.909 3.853 3.796 3.739 3.683 3.626 3.673 3.751 3.828 3.906 3.984 4.062 4.14 4.205 4.236 4.267 4.297 4.328 4.359 4.389 4.42 4.423 4.404 4.384 4.364 4.344 4.325 4.305
13.163 13.075 12.943 12.811 12.679 12.547 12.47 12.431 12.392 12.353 12.314 12.275 12.236 12.197 12.158 12.119 12.08 11.95 11.725 11.5 11.275 11.05 10.848 10.82 10.792 10.764 10.736 10.708 10.565 10.347 10.13 9.912 9.695 9.477 9.26 9.042 8.825 8.607 8.39 8.277 8.222 8.167 8.112 8.057 8.002 7.85 7.688 7.527 7.366 7.204 7.043 6.882 6.721 6.559 6.398 6.252 6.18 6.108 6.036 5.964 5.892 5.82 5.748 5.676 5.604 5.532 5.48 5.437 5.393 5.349 5.306 5.262 5.246 5.241 5.236 5.231 5.227 5.222 5.217 5.213 5.208 5.203 5.146 5.029 4.911 4.794 4.677 4.56 4.465 4.448 4.43 4.413 4.396 4.378 4.361 4.337 4.311 4.286 4.26 4.235 4.209 4.184 4.158 4.133 4.107 4.058 4.001 3.945 3.888 3.831 3.775 3.718 3.661 3.605 3.548 3.622 3.7 3.778 3.855 3.933 4.011 4.076 4.106 4.137 4.168 4.198 4.229 4.26 4.271 4.251 4.231 4.211 4.191 4.172 4.152 4.132
13.034 13.077 12.954 12.822 12.69 12.558 12.483 12.444 12.405 12.366 12.327 12.288 12.249 12.21 12.171 12.132 12.093 12.054 11.887 11.662 11.436 11.211 11.013 10.985 10.957 10.929 10.901 10.785 10.568 10.35 10.133 9.915 9.698 9.48 9.263 9.045 8.828 8.61 8.393 8.283 8.228 8.173 8.118 8.063 7.926 7.765 7.603 7.442 7.281 7.12 6.958 6.797 6.636 6.474 6.313 6.169 6.097 6.025 5.953 5.881 5.809 5.737 5.665 5.592 5.52 5.448 5.376 5.33 5.287 5.243 5.2 5.156 5.14 5.135 5.131 5.126 5.121 5.117 5.112 5.107 5.102 5.098 5.093 5.013 4.896 4.779 4.662 4.544 4.451 4.434 4.416 4.399 4.382 4.364 4.341 4.316 4.29 4.265 4.239 4.214 4.188 4.163 4.137 4.112 4.086 4.037 3.98 3.923 3.867 3.81 3.753 3.696 3.64 3.583 3.526 3.493 3.571 3.649 3.727 3.804 3.882 3.946 3.977 4.007 4.038 4.069 4.099 4.118 4.098 4.078 4.058 4.038 4.019 3.999 3.979 3.959
12.905 12.948 12.966 12.834 12.702 12.57 12.496 12.457 12.418 12.379 12.34 12.301 12.262 12.223 12.184 12.145 12.106 12.067 12.028 11.823 11.598 11.373 11.178 11.15 11.122 11.094 11.006 10.788 10.571 10.353 10.136 9.918 9.701 9.483 9.266 9.048 8.831 8.613 8.396 8.289 8.234 8.179 8.124 8.002 7.841 7.68 7.519 7.357 7.196 7.035 6.873 6.712 6.551 6.39 6.228 6.085 6.013 5.941 5.869 5.797 5.725 5.653 5.581 5.509 5.437 5.365 5.293 5.224 5.181 5.137 5.093 5.05 5.035 5.03 5.025 5.021 5.016 5.011 5.006 5.002 4.997 4.992 4.987 4.983 4.88 4.763 4.646 4.529 4.437 4.42 4.402 4.385 4.368 4.346 4.32 4.295 4.269 4.244 4.218 4.193 4.167 4.142 4.116 4.091 4.065 4.015 3.959 3.902 3.845 3.788 3.732 3.675 3.618 3.562 3.505 3.448 3.442 3.52 3.598 3.676 3.753 3.817 3.847 3.878 3.908 3.939 3.965 3.945 3.925 3.905 3.885 3.866 3.846 3.826 3.806 3.787
12.776 12.819 12.863 12.845 12.713 12.581 12.509 12.47 12.431 12.392 12.353 12.314 12.275 12.236 12.197 12.158 12.118 12.079 12.04 11.985 11.76 11.535 11.343 11.315 11.287 11.226 11.009 10.791 10.574 10.357 10.139 9.922 9.704 9.487 9.269 9.052 8.834 8.617 8.399 8.295 8.24 8.185 8.079 7.918 7.756 7.595 7.434 7.272 7.111 6.95 6.789 6.627 6.466 6.305 6.143 6.002 5.93 5.858 5.786 5.714 5.642 5.57 5.498 5.426 5.354 5.282 5.21 5.138 5.075 5.031 4.987 4.944 4.929 4.925 4.92 4.915 4.91 4.906 4.901 4.896 4.891 4.887 4.882 4.877 4.864 4.747 4.63 4.513 4.423 4.406 4.388 4.371 4.351 4.325 4.3 4.274 4.248 4.223 4.197 4.172 4.146 4.121 4.095 4.07 4.044 3.994 3.937 3.88 3.824 3.767 3.71 3.654 3.597 3.54 3.483 3.427 3.37 3.391 3.469 3.547 3.625 3.687 3.718 3.748 3.779 3.81 3.792 3.772 3.752 3.733 3.713 3.693 3.673 3.653 3.634 3.614
12.647 12.69 12.734 12.777 12.724 12.593 12.522 12.483 12.444 12.405 12.366 12.327 12.287 12.248 12.209 12.17 12.131 12.092 12.053 12.014 11.922 11.696 11.508 11.479 11.447 11.23 11.012 10.795 10.577 10.36 10.142 9.925 9.707 9.49 9.272 9.055 8.837 8.62 8.402 8.301 8.245 8.155 7.994 7.833 7.671 7.51 7.349 7.188 7.026 6.865 6.704 6.542 6.381 6.22 6.059 5.919 5.847 5.775 5.703 5.63 5.558 5.486 5.414 5.342 5.27 5.198 5.126 5.054 4.982 4.925 4.881 4.838 4.824 4.819 4.814 4.81 4.805 4.8 4.795 4.791 4.786 4.781 4.777 4.772 4.767 4.732 4.615 4.497 4.409 4.392 4.374 4.355 4.33 4.304 4.279 4.253 4.228 4.202 4.177 4.151 4.125 4.1 4.074 4.049 4.023 3.972 3.916 3.859 3.802 3.746 3.689 3.632 3.575 3.519 3.462 3.405 3.349 3.292 3.34 3.418 3.496 3.557 3.588 3.619 3.649 3.639 3.619 3.599 3.58 3.56 3.54 3.52 3.5 3.481 3.461 3.441
12.518 12.561 12.605 12.648 12.692 12.604 12.535 12.496 12.456 12.417 12.378 12.339 12.3 12.261 12.222 12.183 12.144 12.105 12.066 12.027 11.988 11.858 11.672 11.644 11.45 11.233 11.015 10.798 10.58 10.363 10.145 9.928 9.71 9.493 9.275 9.058 8.84 8.623 8.405 8.306 8.232 8.07 7.909 7.748 7.587 7.425 7.264 7.103 6.941 6.78 6.619 6.458 6.296 6.135 5.974 5.835 5.763 5.691 5.619 5.547 5.475 5.403 5.331 5.259 5.187 5.115 5.043 4.971 4.899 4.827 4.775 4.732 4.718 4.714 4.709 4.704 4.699 4.695 4.69 4.685 4.681 4.676 4.671 4.666 4.662 4.657 4.599 4.482 4.395 4.378 4.36 4.334 4.309 4.283 4.258 4.232 4.207 4.181 4.156 4.13 4.105 4.079 4.053 4.028 4.002 3.951 3.894 3.838 3.781 3.724 3.667 3.611 3.554 3.497 3.441 3.384 3.327 3.271 3.214 3.289 3.367 3.428 3.458 3.489 3.486 3.466 3.446 3.427 3.407 3.387 3.367 3.347 3.328 3.308 3.288 3.268
12.389 12.432 12.476 12.519 12.563 12.606 12.547 12.508 12.469 12.43 12.391 12.352 12.313 12.274 12.235 12.196 12.157 12.118 12.079 12.04 12.001 11.962 11.837 11.671 11.453 11.236 11.018 10.801 10.583 10.366 10.149 9.931 9.714 9.496 9.279 9.061 8.844 8.626 8.409 8.308 8.147 7.986 7.824 7.663 7.502 7.34 7.179 7.018 6.857 6.695 6.534 6.373 6.211 6.05 5.889 5.752 5.68 5.608 5.536 5.464 5.392 5.32 5.248 5.175 5.103 5.031 4.959 4.887 4.815 4.743 4.671 4.625 4.613 4.608 4.603 4.599 4.594 4.589 4.585 4.58 4.575 4.57 4.566 4.561 4.556 4.552 4.547 4.466 4.381 4.364 4.339 4.313 4.288 4.262 4.237 4.211 4.186 4.16 4.135 4.109 4.084 4.058 4.033 4.007 3.982 3.929 3.873 3.816 3.759 3.703 3.646 3.589 3.533 3.476 3.419 3.362 3.306 3.249 3.192 3.16 3.238 3.298 3.329 3.333 3.313 3.293 3.274 3.254 3.234 3.214 3.194 3.175 3.155 3.135 3.115 3.096
12.607 12.644 12.68 12.716 12.753 12.728 12.496 12.459 12.421 12.384 12.346 12.309 12.271 12.234 12.196 12.159 12.121 12.084 12.046 12.009 11.971 11.934 11.92 11.732 11.512 11.292 11.072 10.853 10.633 10.413 10.193 9.973 9.753 9.534 9.314 9.094 8.874 8.654 8.435 8.256 8.091 7.926 7.761 7.596 7.431 7.266 7.101 6.936 6.772 6.61 6.449 6.288 6.127 5.965 5.804 5.668 5.596 5.524 5.452 5.38 5.308 5.236 5.164 5.092 5.02 4.948 4.876 4.804 4.732 4.66 4.588 4.519 4.507 4.503 4.498 4.493 4.489 4.484 4.479 4.474 4.47 4.465 4.46 4.456 4.451 4.446 4.441 4.437 4.367 4.343 4.318 4.292 4.267 4.241 4.216 4.19 4.165 4.139 4.114 4.088 4.063 4.037 4.012 3.986 3.961 3.908 3.851 3.795 3.738 3.681 3.625 3.568 3.511 3.454 3.398 3.341 3.284 3.228 3.171 3.114 3.109 3.169 3.18 3.16 3.14 3.121 3.101 3.081 3.061 3.042 3.022 3.002 2.982 2.962 2.943 2.923
12.933 12.969 13.006 13.042 13.05 12.863 12.589 12.376 12.338 12.301 12.263 12.226 12.188 12.151 12.113 12.076 12.038 12.001 11.963 11.926 11.888 11.851 11.839 11.879 11.659 11.439 11.22 11.0 10.78 10.56 10.34 10.121 9.901 9.681 9.461 9.241 9.021 8.802 8.582 8.405 8.24 8.074 7.909 7.744 7.579 7.414 7.249 7.084 6.919 6.754 6.589 6.424 6.259 6.094 5.918 5.634 5.561 5.488 5.415 5.342 5.269 5.196 5.123 5.05 4.977 4.904 4.831 4.758 4.686 4.613 4.54 4.467 4.448 4.442 4.436 4.43 4.424 4.418 4.412 4.406 4.4 4.394 4.388 4.382 4.376 4.37 4.364 4.358 4.336 4.311 4.286 4.261 4.236 4.211 4.186 4.161 4.137 4.112 4.087 4.062 4.037 4.012 3.987 3.962 3.937 3.885 3.829 3.773 3.716 3.66 3.603 3.546 3.49 3.433 3.376 3.32 3.263 3.206 3.149 3.093 3.036 3.027 3.007 2.988 2.968 2.948 2.928 2.908 2.889 2.869 2.849 2.829 2.809 2.79 2.77 2.75
13.258 13.295 13.331 13.367 13.185 12.998 12.722 12.415 12.256 12.218 12.181 12.143 12.106 12.068 12.031 11.993 11.956 11.918 11.881 11.843 11.806 11.768 11.758 11.824 11.806 11.587 11.367 11.147 10.927 10.707 10.488 10.268 10.048 9.828 9.608 9.389 9.169 8.949 8.729 8.553 8.388 8.223 8.058 7.892 7.727 7.562 7.397 7.232 7.067 6.902 6.737 6.572 6.407 6.242 5.886 5.607 5.533 5.46 5.387 5.314 5.241 5.168 5.095 5.022 4.949 4.876 4.803 4.73 4.658 4.585 4.512 4.439 4.419 4.412 4.406 4.4 4.394 4.388 4.382 4.376 4.37 4.364 4.358 4.352 4.346 4.34 4.334 4.328 4.302 4.254 4.229 4.204 4.179 4.154 4.129 4.104 4.079 4.054 4.029 4.004 3.979 3.955 3.93 3.905 3.88 3.827 3.771 3.715 3.659 3.602 3.546 3.49 3.434 3.378 3.322 3.266 3.21 3.154 3.098 3.042 2.99 2.986 2.969 2.946 2.923 2.901 2.878 2.855 2.832 2.809 2.787 2.764 2.741 2.718 2.695 2.672
13.584 13.62 13.657 13.507 13.32 13.133 12.855 12.548 12.241 12.136 12.098 12.061 12.023 11.986 11.948 11.911 11.873 11.835 11.798 11.76 11.723 11.685 11.677 11.743 11.809 11.734 11.514 11.294 11.075 10.855 10.635 10.415 10.195 9.975 9.756 9.536 9.316 9.096 8.876 8.701 8.536 8.371 8.206 8.041 7.876 7.71 7.545 7.38 7.215 7.05 6.885 6.72 6.555 6.23 5.854 5.58 5.506 5.432 5.359 5.286 5.213 5.14 5.067 4.994 4.921 4.848 4.775 4.702 4.63 4.557 4.484 4.411 4.393 4.383 4.376 4.37 4.364 4.358 4.352 4.346 4.34 4.334 4.328 4.322 4.316 4.31 4.304 4.298 4.272 4.213 4.171 4.146 4.121 4.097 4.072 4.047 4.022 3.997 3.972 3.947 3.922 3.897 3.872 3.847 3.822 3.769 3.713 3.657 3.601 3.545 3.489 3.432 3.376 3.32 3.264 3.208 3.152 3.096 3.04 2.984 2.971 2.968 2.973 2.95 2.927 2.904 2.882 2.859 2.836 2.813 2.79 2.768 2.745 2.722 2.699 2.676
13.909 13.946 13.829 13.642 13.455 13.268 12.989 12.681 12.374 12.066 12.015 11.978 11.94 11.903 11.865 11.828 11.79 11.753 11.715 11.678 11.64 11.603 11.596 11.662 11.728 11.793 11.661 11.442 11.222 11.002 10.782 10.562 10.343 10.123 9.903 9.683 9.463 9.243 9.024 8.849 8.684 8.519 8.354 8.189 8.024 7.859 7.694 7.529 7.363 7.198 7.033 6.868 6.574 6.198 5.822 5.552 5.479 5.405 5.331 5.258 5.185 5.112 5.039 4.966 4.893 4.82 4.747 4.674 4.602 4.529 4.456 4.383 4.366 4.356 4.346 4.34 4.334 4.328 4.322 4.316 4.31 4.304 4.298 4.292 4.286 4.28 4.274 4.268 4.241 4.183 4.124 4.089 4.064 4.039 4.014 3.989 3.964 3.939 3.915 3.89 3.865 3.84 3.815 3.79 3.765 3.711 3.655 3.599 3.543 3.487 3.431 3.375 3.318 3.262 3.206 3.15 3.094 3.038 2.982 2.963 2.953 2.949 2.954 2.954 2.931 2.908 2.885 2.863 2.84 2.817 2.794 2.771 2.748 2.726 2.703 2.68
14.235 14.151 13.964 13.777 13.59 13.403 13.122 12.814 12.507 12.199 11.933 11.895 11.858 11.82 11.783 11.745 11.708 11.67 11.633 11.595 11.558 11.52 11.515 11.581 11.647 11.712 11.778 11.589 11.369 11.149 10.929 10.71 10.49 10.27 10.05 9.83 9.611 9.391 9.171 8.997 8.832 8.667 8.502 8.337 8.172 8.007 7.842 7.677 7.512 7.347 7.181 6.919 6.542 6.166 5.789 5.525 5.451 5.377 5.304 5.23 5.157 5.084 5.011 4.938 4.865 4.792 4.719 4.646 4.574 4.501 4.428 4.355 4.339 4.329 4.319 4.31 4.304 4.298 4.292 4.286 4.28 4.274 4.268 4.262 4.257 4.251 4.245 4.239 4.21 4.152 4.094 4.035 4.007 3.982 3.957 3.932 3.907 3.882 3.857 3.832 3.807 3.782 3.758 3.733 3.708 3.653 3.597 3.541 3.485 3.429 3.373 3.317 3.261 3.204 3.148 3.092 3.036 2.98 2.954 2.944 2.934 2.931 2.936 2.941 2.935 2.912 2.889 2.866 2.844 2.821 2.798 2.775 2.752 2.729 2.707 2.684
14.473 14.286 14.099 13.912 13.725 13.538 13.255 12.947 12.64 12.333 12.025 11.812 11.775 11.737 11.7 11.662 11.625 11.587 11.55 11.512 11.475 11.437 11.434 11.5 11.565 11.631 11.697 11.736 11.516 11.297 11.077 10.857 10.637 10.417 10.197 9.978 9.758 9.538 9.318 9.145 8.98 8.815 8.65 8.485 8.32 8.155 7.99 7.825 7.66 7.495 7.263 6.886 6.51 6.133 5.757 5.498 5.424 5.35 5.276 5.202 5.129 5.056 4.983 4.91 4.837 4.764 4.691 4.619 4.546 4.473 4.4 4.327 4.312 4.302 4.292 4.283 4.275 4.269 4.263 4.257 4.251 4.245 4.239 4.233 4.227 4.221 4.215 4.209 4.18 4.121 4.063 4.005 3.949 3.924 3.899 3.875 3.85 3.825 3.8 3.775 3.75 3.725 3.7 3.675 3.65 3.595 3.539 3.483 3.427 3.371 3.315 3.259 3.203 3.147 3.091 3.034 2.978 2.946 2.936 2.926 2.915 2.913 2.918 2.923 2.927 2.916 2.893 2.87 2.847 2.824 2.802 2.779 2.756 2.733 2.71 2.688
14.608 14.421 14.234 14.047 13.86 13.673 13.388 13.081 12.773 12.466 12.158 11.851 11.692 11.655 11.617 11.58 11.542 11.505 11.467 11.43 11.392 11.355 11.353 11.419 11.484 11.55 11.616 11.682 11.664 11.444 11.224 11.004 10.784 10.565 10.345 10.125 9.905 9.685 9.466 9.294 9.129 8.963 8.798 8.633 8.468 8.303 8.138 7.973 7.808 7.607 7.23 6.854 6.478 6.101 5.725 5.47 5.397 5.323 5.249 5.175 5.101 5.028 4.955 4.882 4.809 4.736 4.663 4.591 4.518 4.445 4.372 4.299 4.285 4.275 4.266 4.256 4.246 4.239 4.233 4.227 4.221 4.215 4.209 4.203 4.197 4.191 4.185 4.179 4.149 4.091 4.032 3.974 3.916 3.867 3.842 3.817 3.792 3.767 3.742 3.718 3.693 3.668 3.643 3.618 3.593 3.537 3.481 3.425 3.369 3.313 3.257 3.201 3.145 3.089 3.033 2.977 2.937 2.927 2.917 2.907 2.897 2.895 2.899 2.904 2.909 2.914 2.897 2.874 2.851 2.828 2.805 2.783 2.76 2.737 2.714 2.691
14.743 14.556 14.369 14.182 13.995 13.808 13.521 13.214 12.906 12.599 12.291 11.984 11.677 11.572 11.535 11.497 11.459 11.422 11.384 11.347 11.309 11.272 11.272 11.337 11.403 11.469 11.535 11.601 11.667 11.591 11.371 11.151 10.932 10.712 10.492 10.272 10.052 9.833 9.613 9.442 9.277 9.112 8.947 8.781 8.616 8.451 8.286 8.121 7.951 7.574 7.198 6.822 6.445 6.069 5.692 5.443 5.369 5.295 5.222 5.148 5.074 5.0 4.927 4.854 4.781 4.708 4.635 4.563 4.49 4.417 4.344 4.271 4.258 4.248 4.239 4.229 4.219 4.21 4.203 4.197 4.191 4.185 4.179 4.173 4.167 4.161 4.155 4.149 4.118 4.06 4.002 3.943 3.885 3.827 3.785 3.76 3.735 3.71 3.685 3.66 3.635 3.61 3.585 3.561 3.536 3.479 3.423 3.367 3.311 3.255 3.199 3.143 3.087 3.031 2.975 2.929 2.919 2.909 2.898 2.888 2.878 2.876 2.881 2.886 2.891 2.896 2.9 2.878 2.855 2.832 2.809 2.786 2.764 2.741 2.718 2.695
14.878 14.691 14.504 14.317 14.13 13.943 13.654 13.347 13.039 12.732 12.425 12.117 11.81 11.502 11.452 11.414 11.377 11.339 11.302 11.264 11.227 11.189 11.191 11.256 11.322 11.388 11.454 11.52 11.586 11.652 11.519 11.299 11.079 10.859 10.639 10.419 10.2 9.98 9.76 9.59 9.425 9.26 9.095 8.93 8.765 8.599 8.434 8.269 7.919 7.542 7.166 6.789 6.413 6.037 5.66 5.416 5.342 5.268 5.194 5.121 5.047 4.973 4.899 4.826 4.753 4.68 4.607 4.535 4.462 4.389 4.316 4.243 4.231 4.221 4.212 4.202 4.192 4.183 4.173 4.167 4.161 4.155 4.149 4.143 4.137 4.131 4.125 4.119 4.088 4.029 3.971 3.913 3.854 3.796 3.738 3.702 3.678 3.653 3.628 3.603 3.578 3.553 3.528 3.503 3.478 3.422 3.365 3.309 3.253 3.197 3.141 3.085 3.029 2.973 2.92 2.91 2.9 2.89 2.88 2.87 2.86 2.858 2.863 2.868 2.873 2.877 2.882 2.881 2.859 2.836 2.813 2.79 2.767 2.744 2.722 2.699
15.013 14.826 14.639 14.452 14.265 14.078 13.787 13.48 13.173 12.865 12.558 12.25 11.943 11.635 11.369 11.332 11.294 11.257 11.219 11.182 11.144 11.107 11.11 11.175 11.241 11.307 11.373 11.439 11.505 11.571 11.637 11.446 11.226 11.006 10.787 10.567 10.347 10.127 9.907 9.738 9.573 9.408 9.243 9.078 8.913 8.748 8.583 8.263 7.886 7.51 7.134 6.757 6.381 6.004 5.628 5.388 5.315 5.241 5.167 5.093 5.019 4.946 4.872 4.798 4.725 4.652 4.579 4.507 4.434 4.361 4.288 4.215 4.204 4.194 4.185 4.175 4.166 4.156 4.146 4.137 4.131 4.125 4.119 4.113 4.107 4.101 4.095 4.089 4.057 3.998 3.94 3.882 3.824 3.765 3.707 3.649 3.62 3.595 3.57 3.545 3.521 3.496 3.471 3.446 3.42 3.364 3.308 3.251 3.195 3.139 3.083 3.027 2.971 2.915 2.902 2.892 2.881 2.871 2.861 2.851 2.841 2.84 2.844 2.849 2.854 2.859 2.864 2.869 2.862 2.84 2.817 2.794 2.771 2.748 2.725 2.703
15.148 14.961 14.774 14.587 14.4 14.213 13.92 13.613 13.306 12.998 12.691 12.383 12.076 11.769 11.461 11.249 11.211 11.174 11.136 11.099 11.061 11.024 11.028 11.094 11.16 11.226 11.292 11.358 11.424 11.49 11.556 11.593 11.373 11.154 10.934 10.714 10.494 10.274 10.055 9.886 9.721 9.556 9.391 9.226 9.061 8.896 8.607 8.23 7.854 7.478 7.101 6.725 6.348 5.972 5.596 5.361 5.287 5.213 5.14 5.066 4.992 4.918 4.844 4.771 4.697 4.624 4.551 4.479 4.406 4.333 4.26 4.187 4.177 4.167 4.158 4.148 4.139 4.129 4.119 4.11 4.101 4.095 4.089 4.083 4.078 4.072 4.066 4.06 4.026 3.968 3.909 3.851 3.793 3.735 3.676 3.618 3.563 3.538 3.513 3.488 3.463 3.438 3.413 3.388 3.362 3.306 3.25 3.194 3.138 3.081 3.025 2.969 2.913 2.893 2.883 2.873 2.863 2.853 2.843 2.833 2.823 2.821 2.826 2.831 2.836 2.841 2.846 2.85 2.855 2.843 2.82 2.798 2.775 2.752 2.729 2.706
15.283 15.096 14.909 14.722 14.535 14.348 14.054 13.746 13.439 13.131 12.824 12.517 12.209 11.902 11.594 11.287 11.129 11.091 11.054 11.016 10.979 10.941 10.947 11.013 11.079 11.145 11.211 11.277 11.343 11.409 11.474 11.54 11.521 11.301 11.081 10.861 10.641 10.422 10.202 10.034 9.869 9.704 9.539 9.374 9.209 8.951 8.575 8.198 7.822 7.445 7.069 6.693 6.316 5.94 5.563 5.334 5.26 5.186 5.112 5.039 4.965 4.891 4.817 4.743 4.67 4.596 4.523 4.451 4.378 4.305 4.232 4.16 4.15 4.14 4.131 4.121 4.112 4.102 4.092 4.083 4.073 4.066 4.06 4.054 4.048 4.042 4.036 4.03 3.995 3.937 3.879 3.82 3.762 3.704 3.645 3.587 3.529 3.481 3.456 3.431 3.406 3.381 3.356 3.331 3.304 3.248 3.192 3.136 3.08 3.024 2.967 2.911 2.885 2.875 2.864 2.854 2.844 2.834 2.824 2.814 2.804 2.803 2.808 2.813 2.818 2.822 2.827 2.832 2.837 2.842 2.824 2.801 2.779 2.756 2.733 2.71
15.418 15.231 15.044 14.857 14.67 14.483 14.187 13.879 13.572 13.264 12.957 12.65 12.342 12.035 11.727 11.42 11.113 11.008 10.971 10.933 10.896 10.858 10.866 10.932 10.998 11.064 11.13 11.196 11.262 11.328 11.393 11.459 11.525 11.448 11.228 11.009 10.789 10.569 10.349 10.183 10.017 9.852 9.687 9.522 9.295 8.919 8.542 8.166 7.79 7.413 7.037 6.66 6.284 5.908 5.531 5.306 5.233 5.159 5.085 5.011 4.937 4.864 4.79 4.716 4.642 4.568 4.495 4.423 4.35 4.277 4.204 4.133 4.123 4.113 4.104 4.094 4.085 4.075 4.065 4.056 4.046 4.037 4.03 4.024 4.018 4.012 4.006 4.0 3.965 3.906 3.848 3.79 3.731 3.673 3.615 3.556 3.498 3.44 3.398 3.373 3.348 3.324 3.299 3.274 3.246 3.19 3.134 3.078 3.022 2.966 2.91 2.876 2.866 2.856 2.846 2.836 2.826 2.816 2.806 2.795 2.785 2.785 2.789 2.794 2.799 2.804 2.809 2.814 2.819 2.824 2.828 2.805 2.782 2.76 2.737 2.714
15.553 15.366 15.179 14.992 14.805 14.618 14.32 14.012 13.705 13.398 13.09 12.783 12.475 12.168 11.861 11.553 11.246 10.938 10.888 10.851 10.813 10.776 10.785 10.851 10.917 10.983 11.049 11.115 11.181 11.247 11.312 11.378 11.444 11.51 11.376 11.156 10.936 10.716 10.496 10.331 10.166 10.001 9.835 9.639 9.263 8.886 8.51 8.134 7.757 7.381 7.004 6.628 6.252 5.875 5.499 5.279 5.205 5.131 5.058 4.984 4.91 4.836 4.763 4.689 4.615 4.541 4.468 4.395 4.322 4.249 4.176 4.106 4.096 4.086 4.077 4.067 4.058 4.048 4.039 4.029 4.019 4.01 4.0 3.994 3.988 3.982 3.976 3.97 3.934 3.876 3.817 3.759 3.701 3.642 3.584 3.526 3.467 3.409 3.351 3.316 3.291 3.266 3.241 3.216 3.188 3.132 3.076 3.02 2.964 2.908 2.868 2.858 2.848 2.837 2.827 2.817 2.807 2.797 2.787 2.777 2.767 2.766 2.771 2.776 2.781 2.786 2.791 2.796 2.8 2.805 2.81 2.809 2.786 2.763 2.741 2.718
15.688 15.501 15.314 15.127 14.94 14.753 14.453 14.146 13.838 13.531 13.223 12.916 12.608 12.301 11.994 11.686 11.379 11.071 10.806 10.768 10.731 10.693 10.704 10.77 10.836 10.902 10.968 11.034 11.1 11.165 11.231 11.297 11.363 11.429 11.495 11.303 11.083 10.863 10.644 10.479 10.314 10.149 9.983 9.607 9.231 8.854 8.478 8.101 7.725 7.349 6.972 6.596 6.219 5.843 5.467 5.252 5.178 5.104 5.03 4.957 4.883 4.809 4.735 4.661 4.588 4.514 4.44 4.367 4.294 4.221 4.148 4.079 4.069 4.06 4.05 4.04 4.031 4.021 4.012 4.002 3.992 3.983 3.973 3.964 3.958 3.952 3.946 3.94 3.903 3.845 3.787 3.728 3.67 3.612 3.553 3.495 3.437 3.378 3.32 3.262 3.234 3.209 3.184 3.159 3.13 3.074 3.018 2.962 2.906 2.859 2.849 2.839 2.829 2.819 2.809 2.799 2.789 2.778 2.768 2.758 2.748 2.748 2.753 2.758 2.763 2.767 2.772 2.777 2.782 2.787 2.792 2.797 2.79 2.767 2.744 2.721
15.823 15.636 15.449 15.262 15.075 14.888 14.586 14.279 13.971 13.664 13.356 13.049 12.742 12.434 12.127 11.819 11.512 11.205 10.897 10.685 10.648 10.61 10.623 10.689 10.755 10.821 10.887 10.953 11.019 11.084 11.15 11.216 11.282 11.348 11.414 11.45 11.231 11.011 10.792 10.627 10.462 10.297 9.951 9.575 9.198 8.822 8.446 8.069 7.693 7.316 6.94 6.564 6.187 5.811 5.434 5.224 5.151 5.077 5.003 4.929 4.855 4.782 4.708 4.634 4.56 4.486 4.413 4.339 4.266 4.193 4.12 4.052 4.042 4.033 4.023 4.013 4.004 3.994 3.985 3.975 3.965 3.956 3.946 3.937 3.928 3.922 3.916 3.91 3.873 3.814 3.756 3.698 3.639 3.581 3.523 3.464 3.406 3.348 3.289 3.231 3.176 3.151 3.126 3.102 3.072 3.016 2.96 2.904 2.851 2.841 2.831 2.82 2.81 2.8 2.79 2.78 2.77 2.76 2.75 2.74 2.73 2.73 2.734 2.739 2.744 2.749 2.754 2.759 2.764 2.769 2.774 2.778 2.783 2.771 2.748 2.725
15.958 15.771 15.584 15.397 15.21 15.023 14.719 14.412 14.104 13.797 13.49 13.182 12.875 12.567 12.26 11.952 11.645 11.338 11.03 10.723 10.565 10.528 10.542 10.608 10.674 10.74 10.806 10.872 10.937 11.003 11.069 11.135 11.201 11.267 11.333 11.399 11.378 11.158 10.94 10.775 10.61 10.295 9.919 9.542 9.166 8.79 8.413 8.037 7.66 7.284 6.908 6.531 6.155 5.778 5.402 5.197 5.123 5.05 4.976 4.902 4.828 4.754 4.681 4.607 4.533 4.459 4.385 4.312 4.238 4.165 4.092 4.025 4.015 4.006 3.996 3.986 3.977 3.967 3.958 3.948 3.938 3.929 3.919 3.91 3.9 3.893 3.887 3.881 3.842 3.784 3.725 3.667 3.609 3.55 3.492 3.434 3.375 3.317 3.259 3.2 3.142 3.094 3.069 3.044 3.014 2.958 2.902 2.846 2.832 2.822 2.812 2.802 2.792 2.782 2.772 2.762 2.751 2.741 2.731 2.721 2.711 2.711 2.716 2.721 2.726 2.731 2.736 2.741 2.745 2.75 2.755 2.76 2.765 2.77 2.752 2.729
16.093 15.906 15.719 15.532 15.345 15.158 14.852 14.545 14.238 13.93 13.623 13.315 13.008 12.7 12.393 12.086 11.778 11.471 11.163 10.856 10.549 10.445 10.461 10.527 10.593 10.659 10.725 10.791 10.856 10.922 10.988 11.054 11.12 11.186 11.252 11.318 11.384 11.305 11.088 10.923 10.639 10.263 9.887 9.51 9.134 8.757 8.381 8.005 7.628 7.252 6.875 6.499 6.123 5.746 5.37 5.17 5.096 5.022 4.948 4.875 4.801 4.727 4.653 4.579 4.506 4.432 4.358 4.284 4.21 4.137 4.064 3.998 3.988 3.979 3.969 3.96 3.95 3.94 3.931 3.921 3.912 3.902 3.892 3.883 3.873 3.864 3.857 3.851 3.811 3.753 3.695 3.636 3.578 3.52 3.461 3.403 3.345 3.286 3.228 3.17 3.111 3.053 3.012 2.987 2.957 2.9 2.844 2.824 2.814 2.803 2.793 2.783 2.773 2.763 2.753 2.743 2.733 2.723 2.713 2.703 2.692 2.693 2.698 2.703 2.708 2.712 2.717 2.722 2.727 2.732 2.737 2.742 2.747 2.752 2.756 2.733
16.228 16.041 15.854 15.667 15.48 15.293 14.985 14.678 14.371 14.063 13.756 13.448 13.141 12.834 12.526 12.219 11.911 11.604 11.296 10.989 10.682 10.374 10.38 10.446 10.512 10.578 10.644 10.71 10.775 10.841 10.907 10.973 11.039 11.105 11.171 11.237 11.302 11.368 11.237 10.984 10.607 10.231 9.854 9.478 9.102 8.725 8.349 7.972 7.596 7.22 6.843 6.467 6.09 5.714 5.337 5.142 5.069 4.995 4.921 4.847 4.773 4.7 4.626 4.552 4.478 4.405 4.331 4.257 4.183 4.109 4.036 3.971 3.961 3.952 3.942 3.933 3.923 3.913 3.904 3.894 3.885 3.875 3.865 3.856 3.846 3.837 3.827 3.821 3.78 3.722 3.664 3.605 3.547 3.489 3.431 3.372 3.314 3.256 3.197 3.139 3.081 3.022 2.964 2.929 2.899 2.843 2.815 2.805 2.795 2.785 2.775 2.765 2.755 2.745 2.734 2.724 2.714 2.704 2.694 2.684 2.674 2.675 2.679 2.684 2.689 2.694 2.699 2.704 2.709 2.714 2.719 2.723 2.728 2.733 2.738 2.737
16.092 15.91 15.729 15.547 15.365 15.181 14.879 14.576 14.274 13.972 13.67 13.368 13.066 12.763 12.461 12.159 11.857 11.555 11.252 10.95 10.648 10.346 10.456 10.517 10.577 10.638 10.698 10.759 10.82 10.88 10.941 11.001 11.062 11.122 11.183 11.244 11.304 11.365 11.313 10.988 10.609 10.23 9.85 9.471 9.091 8.712 8.333 7.953 7.574 7.195 6.815 6.436 6.058 5.682 5.305 5.115 5.041 4.968 4.894 4.82 4.746 4.672 4.599 4.525 4.451 4.377 4.303 4.23 4.156 4.082 4.008 3.944 3.934 3.925 3.915 3.906 3.896 3.886 3.877 3.867 3.858 3.848 3.838 3.829 3.819 3.81 3.8 3.791 3.75 3.691 3.633 3.575 3.516 3.458 3.4 3.342 3.283 3.225 3.167 3.108 3.05 2.992 2.933 2.875 2.841 2.807 2.797 2.786 2.776 2.766 2.756 2.746 2.736 2.726 2.716 2.706 2.696 2.686 2.675 2.665 2.655 2.656 2.661 2.666 2.671 2.676 2.681 2.686 2.69 2.695 2.7 2.705 2.71 2.715 2.72 2.725
15.899 15.717 15.535 15.354 15.172 14.986 14.684 14.381 14.079 13.777 13.475 13.173 12.87 12.568 12.266 11.964 11.662 11.359 11.057 10.755 10.453 10.575 10.705 10.765 10.826 10.886 10.947 11.008 11.068 11.129 11.189 11.25 11.31 11.371 11.432 11.492 11.553 11.531 11.002 11.139 10.76 10.381 10.001 9.622 9.242 8.863 8.484 8.104 7.725 7.345 6.966 6.587 6.207 5.828 5.449 5.26 5.184 5.107 5.03 4.953 4.876 4.8 4.723 4.646 4.569 4.492 4.416 4.339 4.262 4.185 4.108 3.938 3.918 3.908 3.898 3.888 3.878 3.869 3.859 3.849 3.839 3.829 3.819 3.809 3.8 3.79 3.78 3.77 3.726 3.668 3.609 3.551 3.492 3.433 3.375 3.316 3.257 3.199 3.14 3.081 3.023 2.964 2.906 2.847 2.798 2.788 2.778 2.768 2.758 2.748 2.738 2.728 2.717 2.707 2.697 2.687 2.677 2.667 2.657 2.647 2.637 2.638 2.643 2.648 2.653 2.657 2.662 2.667 2.672 2.677 2.682 2.687 2.692 2.697 2.701 2.706
15.706 15.524 15.342 15.16 14.979 14.791 14.488 14.186 13.884 13.582 13.28 12.977 12.675 12.373 12.071 11.769 11.466 11.164 10.862 10.56 10.605 10.826 10.953 11.014 11.075 11.135 11.196 11.256 11.317 11.377 11.438 11.499 11.559 11.62 11.68 11.741 11.801 11.207 10.691 10.89 10.911 10.532 10.152 9.773 9.393 9.014 8.635 8.255 7.876 7.496 7.117 6.738 6.358 5.979 5.6 5.416 5.34 5.263 5.186 5.109 5.032 4.955 4.879 4.802 4.725 4.648 4.571 4.495 4.418 4.341 4.161 3.948 3.912 3.897 3.887 3.877 3.867 3.857 3.848 3.838 3.828 3.818 3.808 3.798 3.788 3.779 3.769 3.759 3.714 3.656 3.597 3.538 3.48 3.421 3.363 3.304 3.245 3.187 3.128 3.069 3.011 2.952 2.894 2.837 2.792 2.768 2.758 2.748 2.738 2.728 2.718 2.708 2.698 2.688 2.678 2.668 2.658 2.648 2.638 2.627 2.617 2.619 2.624 2.629 2.634 2.638 2.643 2.648 2.653 2.658 2.663 2.668 2.673 2.678 2.683 2.687
15.513 15.331 15.149 14.967 14.785 14.595 14.293 13.991 13.689 13.387 13.084 12.782 12.48 12.178 11.876 11.574 11.271 10.969 10.667 10.635 10.856 11.077 11.202 11.263 11.323 11.384 11.444 11.505 11.565 11.626 11.687 11.747 11.808 11.868 11.929 11.99 11.493 10.883 10.38 10.579 10.778 10.682 10.303 9.924 9.544 9.165 8.786 8.406 8.027 7.647 7.268 6.889 6.509 6.13 5.75 5.572 5.495 5.419 5.342 5.265 5.188 5.111 5.035 4.958 4.881 4.804 4.727 4.651 4.574 4.42 4.168 3.958 3.922 3.886 3.876 3.866 3.856 3.846 3.836 3.826 3.817 3.807 3.797 3.787 3.777 3.767 3.757 3.748 3.702 3.644 3.585 3.526 3.468 3.409 3.351 3.292 3.233 3.175 3.116 3.057 2.999 2.94 2.882 2.833 2.788 2.758 2.739 2.729 2.719 2.709 2.699 2.688 2.678 2.668 2.658 2.648 2.638 2.628 2.618 2.608 2.598 2.6 2.604 2.609 2.614 2.619 2.624 2.629 2.634 2.639 2.644 2.649 2.653 2.658 2.663 2.668
15.319 15.138 14.956 14.774 14.592 14.4 14.098 13.796 13.494 13.192 12.889 12.587 12.285 11.983 11.681 11.378 11.076 10.774 10.665 10.886 11.107 11.328 11.451 11.511 11.572 11.632 11.693 11.754 11.814 11.875 11.935 11.996 12.056 12.117 12.178 11.78 11.169 10.558 10.069 10.268 10.467 10.666 10.454 10.075 9.695 9.316 8.937 8.557 8.178 7.798 7.419 7.04 6.66 6.281 5.901 5.728 5.651 5.575 5.498 5.421 5.344 5.267 5.191 5.114 5.037 4.96 4.883 4.806 4.678 4.426 4.174 3.968 3.931 3.895 3.865 3.855 3.845 3.835 3.825 3.815 3.805 3.796 3.786 3.776 3.766 3.756 3.746 3.736 3.69 3.632 3.573 3.514 3.456 3.397 3.339 3.28 3.221 3.163 3.104 3.045 2.987 2.928 2.878 2.828 2.784 2.755 2.725 2.709 2.699 2.689 2.679 2.669 2.659 2.649 2.639 2.629 2.619 2.609 2.598 2.588 2.578 2.58 2.585 2.59 2.595 2.6 2.605 2.61 2.615 2.62 2.624 2.629 2.634 2.639 2.644 2.645
15.126 14.944 14.763 14.581 14.399 14.205 13.903 13.601 13.299 12.996 12.694 12.392 12.09 11.788 11.485 11.183 10.881 10.696 10.917 11.138 11.359 11.58 11.699 11.76 11.82 11.881 11.942 12.002 12.063 12.123 12.184 12.245 12.305 12.366 12.066 11.456 10.845 10.234 9.758 9.957 10.156 10.355 10.554 10.226 9.846 9.467 9.087 8.708 8.329 7.949 7.57 7.191 6.811 6.432 6.052 5.884 5.807 5.73 5.654 5.577 5.5 5.423 5.346 5.27 5.193 5.116 5.039 4.936 4.684 4.432 4.18 3.978 3.941 3.905 3.869 3.843 3.834 3.824 3.814 3.804 3.794 3.784 3.774 3.765 3.755 3.745 3.735 3.725 3.678 3.62 3.561 3.502 3.444 3.385 3.327 3.268 3.209 3.151 3.092 3.033 2.975 2.923 2.874 2.824 2.781 2.751 2.721 2.691 2.68 2.67 2.66 2.649 2.639 2.629 2.619 2.609 2.599 2.589 2.579 2.569 2.559 2.561 2.566 2.571 2.576 2.581 2.586 2.59 2.595 2.6 2.605 2.61 2.615 2.62 2.622 2.619
14.933 14.751 14.569 14.388 14.206 14.01 13.708 13.406 13.103 12.801 12.499 12.197 11.895 11.592 11.29 10.988 10.726 10.947 11.168 11.389 11.61 11.831 11.948 12.009 12.069 12.13 12.19 12.251 12.311 12.372 12.433 12.493 12.554 12.353 11.742 11.132 10.521 9.91 9.447 9.646 9.845 10.044 10.242 10.377 9.997 9.618 9.238 8.859 8.48 8.1 7.721 7.342 6.962 6.583 6.203 6.04 5.963 5.886 5.81 5.733 5.656 5.579 5.502 5.426 5.349 5.272 5.194 4.943 4.691 4.439 4.187 3.988 3.951 3.915 3.879 3.842 3.822 3.813 3.803 3.793 3.783 3.773 3.763 3.753 3.744 3.734 3.724 3.714 3.666 3.608 3.549 3.49 3.432 3.373 3.314 3.256 3.197 3.139 3.08 3.021 2.968 2.919 2.87 2.82 2.777 2.747 2.717 2.687 2.66 2.65 2.64 2.63 2.62 2.61 2.6 2.59 2.58 2.569 2.559 2.549 2.539 2.542 2.547 2.552 2.556 2.561 2.566 2.571 2.576 2.581 2.586 2.591 2.596 2.599 2.596 2.593
14.74 14.558 14.376 14.194 14.012 13.815 13.513 13.21 12.908 12.606 12.304 12.002 11.7 11.397 11.095 10.793 10.977 11.198 11.419 11.64 11.861 12.082 12.197 12.257 12.318 12.378 12.439 12.5 12.56 12.621 12.681 12.742 12.639 12.029 11.418 10.807 10.197 9.586 9.136 9.335 9.534 9.733 9.931 10.13 10.148 9.769 9.389 9.01 8.631 8.251 7.872 7.492 7.113 6.734 6.354 6.196 6.119 6.042 5.965 5.889 5.812 5.735 5.658 5.581 5.505 5.428 5.201 4.949 4.697 4.445 4.193 3.997 3.961 3.925 3.889 3.852 3.816 3.801 3.791 3.782 3.772 3.762 3.752 3.742 3.732 3.722 3.713 3.703 3.654 3.596 3.537 3.478 3.42 3.361 3.302 3.244 3.185 3.127 3.068 3.014 2.964 2.915 2.866 2.816 2.773 2.743 2.714 2.684 2.654 2.631 2.62 2.61 2.6 2.59 2.58 2.57 2.56 2.55 2.54 2.53 2.52 2.523 2.527 2.532 2.537 2.542 2.547 2.552 2.557 2.562 2.567 2.572 2.576 2.573 2.57 2.567
14.546 14.365 14.183 14.001 13.819 13.62 13.318 13.015 12.713 12.411 12.109 11.807 11.504 11.202 10.9 11.007 11.228 11.449 11.67 11.891 12.112 12.333 12.445 12.506 12.566 12.627 12.688 12.748 12.809 12.869 12.93 12.926 12.315 11.705 11.094 10.483 9.873 9.262 8.825 9.024 9.223 9.422 9.62 9.819 10.018 9.92 9.54 9.161 8.782 8.402 8.023 7.643 7.264 6.885 6.505 6.352 6.275 6.198 6.121 6.045 5.968 5.891 5.814 5.737 5.661 5.459 5.207 4.955 4.703 4.451 4.199 4.007 3.971 3.935 3.898 3.862 3.826 3.79 3.78 3.77 3.761 3.751 3.741 3.731 3.721 3.711 3.701 3.692 3.642 3.584 3.525 3.466 3.408 3.349 3.29 3.232 3.173 3.115 3.059 3.009 2.96 2.911 2.861 2.812 2.769 2.74 2.71 2.68 2.65 2.62 2.601 2.591 2.581 2.571 2.561 2.551 2.541 2.53 2.52 2.51 2.5 2.503 2.508 2.513 2.518 2.523 2.528 2.533 2.538 2.542 2.547 2.552 2.55 2.547 2.544 2.542
14.353 14.171 13.99 13.808 13.626 13.425 13.122 12.82 12.518 12.216 11.914 11.611 11.309 11.007 11.038 11.259 11.48 11.701 11.922 12.143 12.364 12.584 12.694 12.755 12.815 12.876 12.936 12.997 13.057 13.118 13.179 12.602 11.991 11.38 10.77 10.159 9.548 8.938 8.514 8.713 8.912 9.111 9.309 9.508 9.707 9.906 9.691 9.312 8.933 8.553 8.174 7.794 7.415 7.036 6.656 6.508 6.431 6.354 6.277 6.2 6.124 6.047 5.97 5.893 5.717 5.465 5.213 4.961 4.71 4.458 4.206 4.017 3.981 3.945 3.908 3.872 3.836 3.799 3.769 3.759 3.749 3.739 3.73 3.72 3.71 3.7 3.69 3.68 3.63 3.572 3.513 3.454 3.396 3.337 3.278 3.22 3.161 3.104 3.055 3.005 2.956 2.907 2.857 2.808 2.766 2.736 2.706 2.676 2.646 2.617 2.587 2.571 2.561 2.551 2.541 2.531 2.521 2.511 2.501 2.491 2.481 2.484 2.489 2.494 2.499 2.504 2.508 2.513 2.518 2.523 2.528 2.527 2.524 2.521 2.518 2.516
14.16 13.978 13.796 13.615 13.433 13.229 12.927 12.625 12.323 12.021 11.718 11.416 11.114 11.068 11.289 11.51 11.731 11.952 12.173 12.394 12.615 12.836 12.943 13.003 13.064 13.124 13.185 13.245 13.306 13.367 12.888 12.278 11.667 11.056 10.446 9.835 9.224 8.614 8.203 8.402 8.601 8.8 8.998 9.197 9.396 9.595 9.794 9.463 9.084 8.704 8.325 7.945 7.566 7.187 6.807 6.664 6.587 6.51 6.433 6.356 6.28 6.203 6.126 5.976 5.724 5.472 5.22 4.968 4.716 4.464 4.212 4.027 3.991 3.955 3.918 3.882 3.846 3.809 3.773 3.748 3.738 3.728 3.718 3.709 3.699 3.689 3.679 3.669 3.618 3.559 3.501 3.442 3.384 3.325 3.266 3.208 3.149 3.1 3.051 3.001 2.952 2.903 2.853 2.804 2.762 2.732 2.702 2.672 2.643 2.613 2.583 2.553 2.542 2.532 2.522 2.512 2.501 2.491 2.481 2.471 2.461 2.465 2.47 2.475 2.479 2.484 2.489 2.494 2.499 2.504 2.504 2.501 2.498 2.495 2.493 2.49
13.967 13.785 13.603 13.421 13.24 13.034 12.732 12.43 12.128 11.826 11.523 11.221 11.098 11.319 11.54 11.761 11.982 12.203 12.424 12.645 12.866 13.087 13.191 13.252 13.312 13.373 13.434 13.494 13.555 13.175 12.564 11.954 11.343 10.732 10.122 9.511 8.9 8.289 7.892 8.091 8.29 8.488 8.687 8.886 9.085 9.284 9.483 9.614 9.234 8.855 8.476 8.096 7.717 7.338 6.958 6.82 6.743 6.666 6.589 6.512 6.436 6.359 6.234 5.982 5.73 5.478 5.226 4.974 4.722 4.47 4.218 4.037 4.001 3.964 3.928 3.892 3.856 3.819 3.783 3.747 3.727 3.717 3.707 3.697 3.687 3.678 3.668 3.658 3.606 3.547 3.489 3.43 3.372 3.313 3.254 3.196 3.145 3.096 3.047 2.997 2.948 2.899 2.849 2.8 2.758 2.728 2.698 2.669 2.639 2.609 2.579 2.549 2.522 2.512 2.502 2.492 2.482 2.472 2.462 2.452 2.442 2.445 2.45 2.455 2.46 2.465 2.47 2.475 2.48 2.481 2.478 2.475 2.472 2.47 2.467 2.464
13.773 13.592 13.41 13.228 13.046 12.839 12.537 12.235 11.933 11.63 11.328 11.128 11.349 11.57 11.791 12.012 12.233 12.454 12.675 12.896 13.117 13.338 13.44 13.5 13.561 13.622 13.682 13.743 13.461 12.851 12.24 11.629 11.019 10.408 9.797 9.187 8.576 7.965 7.581 7.78 7.979 8.177 8.376 8.575 8.774 8.973 9.172 9.37 9.385 9.006 8.627 8.247 7.868 7.489 7.109 6.975 6.899 6.822 6.745 6.668 6.591 6.492 6.24 5.988 5.736 5.484 5.232 4.98 4.728 4.476 4.225 4.047 4.011 3.974 3.938 3.902 3.865 3.829 3.793 3.757 3.72 3.706 3.696 3.686 3.676 3.666 3.657 3.647 3.594 3.535 3.477 3.418 3.36 3.301 3.242 3.19 3.141 3.092 3.042 2.993 2.944 2.894 2.845 2.796 2.754 2.725 2.695 2.665 2.635 2.605 2.575 2.546 2.516 2.493 2.483 2.473 2.462 2.452 2.442 2.432 2.422 2.426 2.431 2.436 2.441 2.446 2.451 2.456 2.458 2.455 2.452 2.449 2.446 2.444 2.441 2.438
13.58 13.398 13.217 13.035 12.853 12.644 12.342 12.04 11.737 11.435 11.159 11.38 11.601 11.821 12.042 12.263 12.484 12.705 12.926 13.147 13.368 13.589 13.689 13.749 13.81 13.87 13.931 13.748 13.137 12.527 11.916 11.305 10.695 10.084 9.473 8.863 8.252 7.641 7.27 7.469 7.668 7.866 8.065 8.264 8.463 8.662 8.86 9.059 9.258 9.157 8.778 8.398 8.019 7.639 7.26 7.131 7.055 6.978 6.901 6.824 6.747 6.498 6.247 5.995 5.743 5.491 5.239 4.987 4.735 4.483 4.231 4.057 4.02 3.984 3.948 3.912 3.875 3.839 3.803 3.766 3.73 3.695 3.685 3.675 3.665 3.655 3.645 3.635 3.582 3.523 3.465 3.406 3.347 3.289 3.236 3.186 3.137 3.088 3.038 2.989 2.94 2.89 2.841 2.792 2.751 2.721 2.691 2.661 2.631 2.601 2.572 2.542 2.512 2.482 2.463 2.453 2.443 2.433 2.423 2.413 2.403 2.407 2.412 2.417 2.422 2.427 2.431 2.435 2.432 2.429 2.426 2.423 2.421 2.418 2.415 2.412
13.573 13.205 13.023 12.842 12.66 12.449 12.147 11.844 11.542 11.24 11.41 11.631 11.852 12.073 12.294 12.515 12.736 12.957 13.178 13.399 13.62 13.841 13.937 13.998 14.058 14.119 14.035 13.424 12.813 12.203 11.592 10.981 10.37 9.76 9.149 8.538 7.928 7.317 6.959 7.158 7.357 7.555 7.754 7.953 8.152 8.351 8.549 8.748 8.947 9.146 8.929 8.549 8.17 7.79 7.411 7.287 7.21 7.134 7.057 6.98 6.757 6.505 6.253 6.001 5.749 5.497 5.245 4.993 4.741 4.489 4.237 4.067 4.03 3.994 3.958 3.921 3.885 3.849 3.813 3.776 3.74 3.704 3.673 3.664 3.654 3.644 3.634 3.624 3.57 3.511 3.453 3.394 3.335 3.281 3.232 3.182 3.133 3.084 3.034 2.985 2.936 2.886 2.837 2.788 2.747 2.717 2.687 2.657 2.628 2.598 2.568 2.538 2.508 2.478 2.449 2.433 2.423 2.413 2.403 2.393 2.383 2.388 2.393 2.397 2.402 2.407 2.412 2.409 2.406 2.403 2.4 2.398 2.395 2.392 2.389 2.386
13.661 13.128 12.83 12.648 12.467 12.254 11.952 11.649 11.347 11.44 11.661 11.882 12.103 12.324 12.545 12.766 12.987 13.208 13.429 13.65 13.871 14.092 14.186 14.246 14.307 14.321 13.71 13.1 12.489 11.878 11.268 10.657 10.046 9.436 8.825 8.214 7.604 6.993 6.648 6.847 7.046 7.244 7.443 7.642 7.841 8.04 8.238 8.437 8.636 8.835 9.034 8.7 8.321 7.941 7.562 7.443 7.366 7.29 7.213 7.015 6.763 6.511 6.259 6.007 5.755 5.503 5.251 4.999 4.747 4.495 4.243 4.076 4.04 4.004 3.968 3.931 3.895 3.859 3.823 3.786 3.75 3.714 3.677 3.652 3.643 3.633 3.623 3.613 3.558 3.499 3.441 3.382 3.326 3.277 3.228 3.178 3.129 3.08 3.03 2.981 2.931 2.882 2.833 2.783 2.743 2.713 2.683 2.654 2.624 2.594 2.564 2.534 2.504 2.475 2.445 2.415 2.404 2.394 2.384 2.374 2.364 2.368 2.373 2.378 2.383 2.388 2.386 2.383 2.38 2.377 2.375 2.372 2.369 2.366 2.363 2.36
13.748 13.215 12.682 12.455 12.273 12.059 11.756 11.454 11.47 11.691 11.912 12.133 12.354 12.575 12.796 13.017 13.238 13.459 13.68 13.901 14.122 14.343 14.434 14.495 14.556 13.997 13.386 12.776 12.165 11.554 10.944 10.333 9.722 9.112 8.501 7.89 7.279 6.669 6.337 6.536 6.735 6.933 7.132 7.331 7.53 7.729 7.927 8.126 8.325 8.524 8.723 8.851 8.472 8.092 7.713 7.599 7.522 7.445 7.273 7.021 6.769 6.517 6.265 6.014 5.762 5.51 5.258 5.006 4.754 4.502 4.25 4.086 4.05 4.014 3.978 3.941 3.905 3.869 3.832 3.796 3.76 3.724 3.687 3.651 3.631 3.621 3.612 3.602 3.546 3.487 3.429 3.371 3.322 3.273 3.223 3.174 3.125 3.075 3.026 2.977 2.927 2.878 2.829 2.779 2.739 2.709 2.68 2.65 2.62 2.59 2.56 2.531 2.501 2.471 2.441 2.411 2.384 2.374 2.364 2.354 2.344 2.349 2.354 2.359 2.364 2.363 2.36 2.357 2.354 2.351 2.349 2.346 2.343 2.34 2.337 2.334
13.836 13.303 12.77 12.262 12.08 11.863 11.561 11.5 11.721 11.942 12.163 12.384 12.605 12.826 13.047 13.268 13.489 13.71 13.931 14.152 14.373 14.594 14.683 14.744 14.284 13.673 13.062 12.451 11.841 11.23 10.619 10.009 9.398 8.787 8.177 7.566 6.955 6.345 6.026 6.225 6.423 6.622 6.821 7.02 7.219 7.418 7.616 7.815 8.014 8.213 8.412 8.61 8.623 8.243 7.864 7.755 7.678 7.532 7.28 7.028 6.776 6.524 6.272 6.02 5.768 5.516 5.264 5.012 4.76 4.508 4.256 4.096 4.06 4.024 3.987 3.951 3.915 3.879 3.842 3.806 3.77 3.733 3.697 3.661 3.625 3.61 3.6 3.591 3.534 3.475 3.417 3.367 3.318 3.269 3.219 3.17 3.121 3.071 3.022 2.973 2.923 2.874 2.825 2.775 2.736 2.706 2.676 2.646 2.616 2.586 2.557 2.527 2.497 2.467 2.437 2.407 2.378 2.355 2.345 2.335 2.325 2.33 2.335 2.34 2.34 2.337 2.334 2.331 2.328 2.326 2.323 2.32 2.317 2.314 2.311 2.308
13.924 13.391 12.858 12.325 11.887 11.668 11.531 11.752 11.973 12.194 12.415 12.636 12.857 13.078 13.299 13.52 13.741 13.962 14.183 14.404 14.625 14.845 14.932 14.57 13.959 13.349 12.738 12.127 11.517 10.906 10.295 9.685 9.074 8.463 7.853 7.242 6.631 6.021 5.715 5.914 6.112 6.311 6.51 6.709 6.908 7.106 7.305 7.504 7.703 7.902 8.101 8.299 8.498 8.394 8.015 7.911 7.79 7.538 7.286 7.034 6.782 6.53 6.278 6.026 5.774 5.522 5.27 5.018 4.766 4.514 4.262 4.106 4.07 4.034 3.997 3.961 3.925 3.888 3.852 3.816 3.78 3.743 3.707 3.671 3.634 3.599 3.589 3.579 3.522 3.463 3.413 3.363 3.314 3.265 3.215 3.166 3.117 3.067 3.018 2.969 2.919 2.87 2.821 2.771 2.732 2.702 2.672 2.642 2.612 2.583 2.553 2.523 2.493 2.463 2.434 2.404 2.374 2.344 2.325 2.315 2.306 2.311 2.316 2.317 2.314 2.311 2.308 2.305 2.303 2.3 2.297 2.294 2.291 2.288 2.285 2.283
14.012 13.479 12.946 12.412 11.879 11.561 11.782 12.003 12.224 12.445 12.666 12.887 13.108 13.329 13.55 13.771 13.992 14.213 14.434 14.655 14.876 15.097 14.857 14.246 13.635 13.025 12.414 11.803 11.193 10.582 9.971 9.36 8.75 8.139 7.528 6.918 6.307 5.696 5.404 5.603 5.801 6.0 6.199 6.398 6.597 6.795 6.994 7.193 7.392 7.591 7.789 7.988 8.187 8.386 8.166 8.048 7.796 7.544 7.292 7.04 6.788 6.536 6.284 6.032 5.781 5.529 5.277 5.025 4.773 4.521 4.269 4.116 4.08 4.043 4.007 3.971 3.935 3.898 3.862 3.826 3.789 3.753 3.717 3.681 3.644 3.608 3.578 3.568 3.51 3.458 3.409 3.359 3.31 3.26 3.211 3.162 3.112 3.063 3.014 2.964 2.915 2.866 2.816 2.767 2.728 2.698 2.668 2.639 2.609 2.579 2.549 2.519 2.489 2.46 2.43 2.4 2.37 2.34 2.31 2.296 2.286 2.291 2.294 2.291 2.288 2.285 2.282 2.279 2.277 2.274 2.271 2.268 2.265 2.262 2.259 2.257
13.716 13.19 12.664 12.137 11.621 11.619 11.802 12.028 12.254 12.479 12.705 12.93 13.156 13.382 13.607 13.833 14.059 14.284 14.51 14.735 14.961 15.187 14.722 14.105 13.489 12.873 12.256 11.64 11.024 10.407 9.791 9.175 8.558 7.942 7.326 6.709 6.093 5.477 5.131 5.327 5.524 5.721 5.917 6.114 6.31 6.507 6.704 6.9 7.097 7.294 7.49 7.687 7.883 8.08 8.277 8.053 7.802 7.551 7.299 7.047 6.795 6.543 6.291 6.039 5.787 5.535 5.283 5.031 4.779 4.527 4.275 4.126 4.09 4.053 4.017 3.981 3.944 3.908 3.872 3.836 3.799 3.763 3.727 3.691 3.654 3.618 3.582 3.556 3.503 3.454 3.404 3.355 3.306 3.256 3.207 3.158 3.108 3.059 3.01 2.96 2.911 2.862 2.812 2.763 2.724 2.694 2.665 2.635 2.605 2.575 2.545 2.515 2.486 2.456 2.426 2.396 2.366 2.337 2.307 2.277 2.267 2.271 2.268 2.265 2.262 2.259 2.256 2.254 2.251 2.248 2.245 2.242 2.239 2.236 2.234 2.231
13.374 12.847 12.321 11.795 11.682 11.683 11.78 11.989 12.215 12.44 12.666 12.892 13.117 13.343 13.569 13.794 14.02 14.245 14.471 14.697 14.922 15.148 14.711 14.131 13.515 12.898 12.282 11.666 11.049 10.433 9.817 9.2 8.584 7.968 7.351 6.735 6.119 5.502 5.119 5.15 5.347 5.543 5.74 5.937 6.133 6.33 6.527 6.723 6.92 7.116 7.313 7.51 7.706 7.903 8.1 7.869 7.62 7.371 7.122 6.874 6.625 6.376 6.127 5.878 5.63 5.381 5.132 4.883 4.634 4.385 4.154 4.101 4.07 4.034 3.999 3.963 3.928 3.892 3.856 3.821 3.785 3.75 3.714 3.678 3.643 3.607 3.572 3.536 3.487 3.438 3.389 3.34 3.291 3.242 3.193 3.144 3.096 3.047 2.998 2.949 2.9 2.851 2.802 2.753 2.721 2.691 2.661 2.631 2.602 2.572 2.542 2.512 2.482 2.452 2.422 2.392 2.363 2.333 2.303 2.273 2.248 2.245 2.242 2.239 2.236 2.233 2.231 2.228 2.225 2.222 2.219 2.216 2.213 2.211 2.208 2.205
13.031 12.504 11.978 11.796 11.744 11.747 11.844 11.951 12.176 12.402 12.627 12.853 13.079 13.304 13.53 13.755 13.981 14.207 14.432 14.658 14.883 15.109 14.66 14.139 13.54 12.924 12.308 11.691 11.075 10.459 9.842 9.226 8.61 7.993 7.377 6.761 6.144 5.528 5.154 5.085 5.17 5.366 5.563 5.76 5.956 6.153 6.349 6.546 6.743 6.939 7.136 7.333 7.529 7.726 7.922 7.684 7.436 7.187 6.938 6.689 6.44 6.192 5.943 5.694 5.445 5.196 4.947 4.699 4.45 4.201 4.09 4.039 4.039 4.004 3.968 3.933 3.897 3.861 3.826 3.79 3.755 3.719 3.683 3.648 3.612 3.577 3.541 3.505 3.456 3.407 3.358 3.309 3.26 3.211 3.163 3.114 3.065 3.016 2.967 2.918 2.869 2.82 2.771 2.755 2.729 2.69 2.661 2.631 2.601 2.571 2.541 2.511 2.481 2.451 2.422 2.392 2.362 2.332 2.302 2.272 2.245 2.242 2.239 2.235 2.232 2.229 2.225 2.222 2.219 2.216 2.212 2.209 2.206 2.202 2.199 2.196
12.688 12.162 11.91 11.858 11.806 11.811 11.908 12.005 12.137 12.363 12.589 12.814 13.04 13.265 13.491 13.717 13.942 14.168 14.393 14.619 14.845 15.07 14.609 14.089 13.566 12.949 12.333 11.717 11.101 10.484 9.868 9.252 8.635 8.019 7.403 6.786 6.17 5.554 5.188 5.12 5.052 5.189 5.386 5.582 5.779 5.976 6.172 6.369 6.566 6.762 6.959 7.155 7.352 7.549 7.745 7.5 7.251 7.002 6.754 6.505 6.256 6.007 5.758 5.509 5.261 5.012 4.763 4.514 4.265 4.134 4.026 3.977 3.981 3.973 3.938 3.902 3.866 3.831 3.795 3.76 3.724 3.688 3.653 3.617 3.581 3.546 3.51 3.474 3.425 3.376 3.327 3.278 3.229 3.181 3.132 3.083 3.034 2.985 2.936 2.887 2.838 2.789 2.765 2.772 2.744 2.694 2.66 2.63 2.6 2.57 2.54 2.51 2.48 2.451 2.421 2.391 2.361 2.331 2.301 2.271 2.245 2.242 2.238 2.235 2.232 2.228 2.225 2.222 2.219 2.215 2.212 2.209 2.205 2.202 2.199 2.195
12.345 12.023 11.971 11.919 11.867 11.875 11.972 12.069 12.166 12.324 12.55 12.775 13.001 13.227 13.452 13.678 13.903 14.129 14.355 14.58 14.806 15.031 14.559 14.038 13.517 12.975 12.359 11.742 11.126 10.51 9.894 9.277 8.661 8.045 7.428 6.812 6.196 5.579 5.223 5.154 5.086 5.018 5.209 5.405 5.602 5.799 5.995 6.192 6.388 6.585 6.782 6.978 7.175 7.372 7.564 7.316 7.067 6.818 6.569 6.32 6.072 5.823 5.574 5.325 5.076 4.827 4.579 4.33 4.177 4.07 3.962 3.915 3.919 3.922 3.907 3.871 3.836 3.8 3.765 3.729 3.693 3.658 3.622 3.586 3.551 3.515 3.48 3.443 3.394 3.345 3.296 3.247 3.199 3.15 3.101 3.052 3.003 2.954 2.905 2.856 2.807 2.775 2.781 2.788 2.76 2.709 2.659 2.629 2.599 2.569 2.539 2.51 2.48 2.45 2.42 2.39 2.36 2.33 2.3 2.271 2.245 2.241 2.238 2.235 2.231 2.228 2.225 2.222 2.218 2.215 2.212 2.208 2.205 2.202 2.198 2.187
12.137 12.085 12.033 11.981 11.929 11.939 12.036 12.133 12.23 12.327 12.511 12.737 12.962 13.188 13.413 13.639 13.865 14.09 14.316 14.541 14.767 14.993 14.508 13.987 13.467 12.946 12.384 11.768 11.152 10.535 9.919 9.303 8.687 8.07 7.454 6.838 6.221 5.605 5.257 5.189 5.121 5.052 5.032 5.228 5.425 5.621 5.818 6.015 6.211 6.408 6.605 6.801 6.998 7.194 7.38 7.131 6.882 6.634 6.385 6.136 5.887 5.638 5.389 5.141 4.892 4.643 4.394 4.221 4.114 4.006 3.899 3.853 3.857 3.861 3.864 3.841 3.805 3.769 3.734 3.698 3.663 3.627 3.591 3.556 3.52 3.485 3.449 3.412 3.363 3.314 3.265 3.217 3.168 3.119 3.07 3.021 2.972 2.923 2.874 2.825 2.785 2.791 2.798 2.805 2.776 2.725 2.675 2.628 2.598 2.569 2.539 2.509 2.479 2.449 2.419 2.389 2.359 2.329 2.3 2.27 2.244 2.241 2.238 2.234 2.231 2.228 2.224 2.221 2.218 2.215 2.211 2.208 2.205 2.201 2.191 2.179
12.198 12.146 12.094 12.042 11.99 12.003 12.1 12.197 12.294 12.391 12.488 12.698 12.923 13.149 13.375 13.6 13.826 14.051 14.277 14.503 14.728 14.954 14.457 13.937 13.416 12.895 12.374 11.794 11.177 10.561 9.945 9.328 8.712 8.096 7.48 6.863 6.247 5.631 5.292 5.223 5.155 5.087 5.018 5.051 5.248 5.444 5.641 5.838 6.034 6.231 6.427 6.624 6.821 7.017 7.196 6.947 6.698 6.449 6.2 5.952 5.703 5.454 5.205 4.956 4.707 4.459 4.265 4.157 4.05 3.942 3.835 3.791 3.795 3.799 3.802 3.806 3.774 3.739 3.703 3.668 3.632 3.596 3.561 3.525 3.49 3.454 3.418 3.381 3.332 3.284 3.235 3.186 3.137 3.088 3.039 2.99 2.941 2.892 2.843 2.795 2.801 2.808 2.815 2.821 2.791 2.741 2.69 2.64 2.598 2.568 2.538 2.508 2.478 2.448 2.418 2.388 2.359 2.329 2.299 2.269 2.244 2.241 2.237 2.234 2.231 2.227 2.224 2.221 2.218 2.214 2.211 2.208 2.204 2.195 2.183 2.17
12.26 12.208 12.156 12.104 12.052 12.067 12.164 12.261 12.358 12.455 12.552 12.659 12.885 13.11 13.336 13.561 13.787 14.013 14.238 14.464 14.689 14.915 14.407 13.886 13.365 12.844 12.324 11.803 11.203 10.587 9.97 9.354 8.738 8.121 7.505 6.889 6.273 5.656 5.326 5.258 5.19 5.121 5.053 4.985 5.071 5.267 5.464 5.66 5.857 6.054 6.25 6.447 6.644 6.84 7.011 6.762 6.514 6.265 6.016 5.767 5.518 5.269 5.021 4.772 4.523 4.309 4.201 4.094 3.986 3.879 3.771 3.729 3.733 3.737 3.74 3.744 3.744 3.708 3.673 3.637 3.601 3.566 3.53 3.495 3.459 3.423 3.388 3.35 3.302 3.253 3.204 3.155 3.106 3.057 3.008 2.959 2.91 2.862 2.813 2.811 2.818 2.825 2.831 2.838 2.807 2.756 2.706 2.655 2.605 2.567 2.537 2.507 2.477 2.447 2.418 2.388 2.358 2.328 2.298 2.268 2.244 2.24 2.237 2.234 2.23 2.227 2.224 2.221 2.217 2.214 2.211 2.207 2.2 2.187 2.175 2.162
12.321 12.269 12.217 12.165 12.113 12.131 12.228 12.325 12.422 12.519 12.616 12.713 12.846 13.071 13.297 13.523 13.748 13.974 14.199 14.425 14.651 14.876 14.356 13.835 13.314 12.794 12.273 11.752 11.229 10.612 9.996 9.38 8.763 8.147 7.531 6.914 6.298 5.682 5.361 5.292 5.224 5.156 5.087 5.019 4.951 5.09 5.287 5.483 5.68 5.877 6.073 6.27 6.466 6.663 6.827 6.578 6.329 6.08 5.832 5.583 5.334 5.085 4.836 4.587 4.352 4.245 4.137 4.03 3.922 3.815 3.707 3.667 3.671 3.675 3.678 3.682 3.686 3.678 3.642 3.606 3.571 3.535 3.5 3.464 3.428 3.393 3.357 3.32 3.271 3.222 3.173 3.124 3.075 3.026 2.977 2.928 2.88 2.831 2.821 2.828 2.835 2.841 2.848 2.855 2.823 2.772 2.722 2.671 2.62 2.57 2.536 2.506 2.477 2.447 2.417 2.387 2.357 2.327 2.297 2.267 2.243 2.24 2.237 2.233 2.23 2.227 2.223 2.22 2.217 2.214 2.21 2.204 2.191 2.179 2.166 2.154
12.383 12.331 12.279 12.227 12.175 12.195 12.292 12.389 12.486 12.583 12.68 12.777 12.874 13.033 13.258 13.484 13.709 13.935 14.161 14.386 14.612 14.826 14.305 13.784 13.264 12.743 12.222 11.701 11.181 10.638 10.022 9.405 8.789 8.173 7.556 6.94 6.324 5.707 5.395 5.327 5.259 5.19 5.122 5.054 4.985 4.917 5.11 5.306 5.503 5.699 5.896 6.093 6.289 6.486 6.642 6.394 6.145 5.896 5.647 5.398 5.149 4.901 4.652 4.403 4.289 4.181 4.074 3.966 3.859 3.751 3.643 3.605 3.609 3.613 3.616 3.62 3.624 3.627 3.611 3.576 3.54 3.504 3.469 3.433 3.398 3.362 3.326 3.289 3.24 3.191 3.142 3.093 3.044 2.995 2.946 2.898 2.849 2.831 2.838 2.845 2.851 2.858 2.865 2.871 2.838 2.788 2.737 2.687 2.636 2.586 2.535 2.506 2.476 2.446 2.416 2.386 2.356 2.326 2.296 2.267 2.243 2.24 2.236 2.233 2.23 2.226 2.223 2.22 2.217 2.213 2.208 2.196 2.183 2.171 2.158 2.145
12.445 12.393 12.341 12.289 12.237 12.259 12.356 12.453 12.55 12.647 12.744 12.841 12.938 13.035 13.219 13.445 13.671 13.896 14.122 14.347 14.573 14.775 14.254 13.734 13.213 12.692 12.171 11.651 11.13 10.609 10.047 9.431 8.815 8.198 7.582 6.966 6.349 5.733 5.43 5.361 5.293 5.225 5.156 5.088 5.02 4.951 4.932 5.129 5.326 5.522 5.719 5.916 6.112 6.309 6.458 6.209 5.96 5.712 5.463 5.214 4.965 4.716 4.467 4.332 4.225 4.117 4.01 3.902 3.795 3.687 3.58 3.544 3.547 3.551 3.554 3.558 3.562 3.565 3.569 3.545 3.509 3.474 3.438 3.403 3.367 3.331 3.296 3.258 3.209 3.16 3.111 3.062 3.013 2.965 2.916 2.867 2.841 2.848 2.854 2.861 2.868 2.875 2.881 2.888 2.854 2.803 2.753 2.702 2.652 2.601 2.551 2.505 2.475 2.445 2.415 2.385 2.355 2.326 2.296 2.266 2.243 2.239 2.236 2.233 2.229 2.226 2.223 2.22 2.216 2.213 2.2 2.187 2.175 2.162 2.15 2.137
12.506 12.454 12.402 12.35 12.298 12.322 12.42 12.517 12.614 12.711 12.808 12.905 13.002 13.099 13.196 13.406 13.632 13.857 14.083 14.309 14.534 14.724 14.204 13.683 13.162 12.641 12.121 11.6 11.079 10.559 10.038 9.457 8.84 8.224 7.608 6.991 6.375 5.759 5.464 5.396 5.327 5.259 5.191 5.123 5.054 4.986 4.918 4.952 5.149 5.345 5.542 5.738 5.935 6.132 6.274 6.025 5.776 5.527 5.278 5.029 4.781 4.532 4.376 4.269 4.161 4.054 3.946 3.838 3.731 3.623 3.516 3.482 3.485 3.489 3.492 3.496 3.5 3.503 3.507 3.511 3.479 3.443 3.408 3.372 3.336 3.301 3.265 3.227 3.178 3.129 3.08 3.031 2.983 2.934 2.885 2.851 2.858 2.864 2.871 2.878 2.885 2.891 2.898 2.905 2.87 2.819 2.769 2.718 2.668 2.617 2.566 2.516 2.474 2.444 2.414 2.385 2.355 2.325 2.295 2.265 2.242 2.239 2.236 2.232 2.229 2.226 2.222 2.219 2.216 2.204 2.192 2.179 2.167 2.154 2.141 2.129
12.568 12.516 12.464 12.412 12.36 12.386 12.483 12.581 12.678 12.775 12.872 12.969 13.066 13.163 13.26 13.367 13.593 13.819 14.044 14.27 14.495 14.674 14.153 13.632 13.111 12.591 12.07 11.549 11.028 10.508 9.987 9.466 8.866 8.25 7.633 7.017 6.401 5.784 5.499 5.43 5.362 5.294 5.225 5.157 5.089 5.02 4.952 4.884 4.971 5.168 5.365 5.561 5.758 5.955 6.089 5.84 5.592 5.343 5.094 4.845 4.596 4.42 4.312 4.205 4.097 3.99 3.882 3.775 3.667 3.56 3.452 3.42 3.423 3.427 3.43 3.434 3.438 3.441 3.445 3.449 3.448 3.413 3.377 3.341 3.306 3.27 3.235 3.196 3.147 3.098 3.049 3.001 2.952 2.903 2.861 2.868 2.874 2.881 2.888 2.894 2.901 2.908 2.915 2.921 2.885 2.835 2.784 2.734 2.683 2.633 2.582 2.532 2.481 2.443 2.414 2.384 2.354 2.324 2.294 2.264 2.242 2.239 2.235 2.232 2.229 2.225 2.222 2.219 2.209 2.196 2.183 2.171 2.158 2.146 2.133 2.12
12.629 12.577 12.525 12.473 12.421 12.45 12.547 12.644 12.742 12.839 12.936 13.033 13.13 13.227 13.324 13.421 13.554 13.78 14.005 14.231 14.457 14.623 14.102 13.581 13.061 12.54 12.019 11.498 10.978 10.457 9.936 9.416 8.891 8.275 7.659 7.043 6.426 5.81 5.533 5.465 5.396 5.328 5.26 5.191 5.123 5.055 4.987 4.918 4.85 4.991 5.188 5.384 5.581 5.778 5.905 5.656 5.407 5.158 4.909 4.661 4.464 4.356 4.249 4.141 4.033 3.926 3.818 3.711 3.603 3.496 3.388 3.358 3.361 3.365 3.369 3.372 3.376 3.379 3.383 3.387 3.39 3.382 3.346 3.311 3.275 3.239 3.204 3.165 3.116 3.067 3.019 2.97 2.921 2.872 2.878 2.884 2.891 2.898 2.904 2.911 2.918 2.925 2.931 2.938 2.901 2.85 2.8 2.749 2.699 2.648 2.598 2.547 2.497 2.446 2.413 2.383 2.353 2.323 2.293 2.263 2.242 2.238 2.235 2.232 2.228 2.225 2.222 2.213 2.2 2.188 2.175 2.163 2.15 2.137 2.125 2.112
12.691 12.639 12.587 12.535 12.483 12.514 12.611 12.708 12.806 12.903 13.0 13.097 13.194 13.291 13.388 13.485 13.582 13.741 13.967 14.192 14.418 14.572 14.051 13.531 13.01 12.489 11.968 11.448 10.927 10.406 9.886 9.365 8.844 8.301 7.684 7.068 6.452 5.836 5.568 5.499 5.431 5.363 5.294 5.226 5.158 5.089 5.021 4.953 4.884 4.816 5.01 5.207 5.404 5.6 5.72 5.472 5.223 4.974 4.725 4.507 4.4 4.292 4.185 4.077 3.97 3.862 3.755 3.647 3.54 3.432 3.324 3.296 3.299 3.303 3.307 3.31 3.314 3.317 3.321 3.325 3.328 3.332 3.316 3.28 3.244 3.209 3.173 3.134 3.086 3.037 2.988 2.939 2.89 2.887 2.894 2.901 2.908 2.914 2.921 2.928 2.934 2.941 2.948 2.955 2.917 2.866 2.816 2.765 2.715 2.664 2.613 2.563 2.512 2.462 2.412 2.382 2.352 2.322 2.293 2.263 2.241 2.238 2.235 2.231 2.228 2.225 2.217 2.205 2.192 2.179 2.167 2.154 2.142 2.129 2.116 2.104
12.753 12.701 12.649 12.597 12.545 12.578 12.675 12.772 12.869 12.967 13.064 13.161 13.258 13.355 13.452 13.549 13.646 13.743 13.928 14.153 14.379 14.521 14.001 13.48 12.959 12.438 11.918 11.397 10.876 10.356 9.835 9.314 8.793 8.273 7.71 7.094 6.477 5.861 5.602 5.534 5.465 5.397 5.329 5.26 5.192 5.124 5.056 4.987 4.919 4.851 4.833 5.03 5.227 5.423 5.536 5.287 5.038 4.789 4.551 4.444 4.336 4.229 4.121 4.013 3.906 3.798 3.691 3.583 3.476 3.368 3.261 3.234 3.237 3.241 3.245 3.248 3.252 3.255 3.259 3.263 3.266 3.27 3.274 3.249 3.214 3.178 3.143 3.104 3.055 3.006 2.957 2.908 2.897 2.904 2.911 2.918 2.924 2.931 2.938 2.944 2.951 2.958 2.965 2.971 2.932 2.882 2.831 2.781 2.73 2.68 2.629 2.579 2.528 2.478 2.427 2.381 2.351 2.322 2.292 2.262 2.241 2.238 2.234 2.231 2.228 2.222 2.209 2.196 2.184 2.171 2.159 2.146 2.133 2.121 2.108 2.095
12.814 12.762 12.71 12.658 12.606 12.642 12.739 12.836 12.933 13.03 13.128 13.225 13.322 13.419 13.516 13.613 13.71 13.807 13.904 14.115 14.34 14.471 13.95 13.429 12.908 12.388 11.867 11.346 10.826 10.305 9.784 9.263 8.743 8.222 7.701 7.119 6.503 5.887 5.637 5.568 5.5 5.432 5.363 5.295 5.227 5.158 5.09 5.022 4.953 4.885 4.817 4.853 5.05 5.246 5.352 5.103 4.854 4.605 4.487 4.38 4.272 4.165 4.057 3.95 3.842 3.735 3.627 3.52 3.412 3.304 3.197 3.172 3.175 3.179 3.183 3.186 3.19 3.194 3.197 3.201 3.204 3.208 3.212 3.215 3.183 3.148 3.112 3.073 3.024 2.975 2.926 2.907 2.914 2.921 2.927 2.934 2.941 2.948 2.954 2.961 2.968 2.974 2.981 2.988 2.948 2.897 2.847 2.796 2.746 2.695 2.645 2.594 2.544 2.493 2.443 2.392 2.351 2.321 2.291 2.261 2.241 2.237 2.234 2.231 2.226 2.213 2.201 2.188 2.175 2.163 2.15 2.138 2.125 2.112 2.1 2.087
12.876 12.824 12.772 12.72 12.668 12.706 12.803 12.9 12.997 13.094 13.191 13.289 13.386 13.483 13.58 13.677 13.774 13.871 13.968 14.076 14.302 14.42 13.899 13.378 12.858 12.337 11.816 11.296 10.775 10.254 9.733 9.213 8.692 8.171 7.65 7.13 6.529 5.912 5.671 5.603 5.534 5.466 5.398 5.329 5.261 5.193 5.124 5.056 4.988 4.92 4.851 4.783 4.872 5.069 5.167 4.918 4.669 4.531 4.424 4.316 4.208 4.101 3.993 3.886 3.778 3.671 3.563 3.456 3.348 3.241 3.133 3.11 3.113 3.117 3.121 3.124 3.128 3.132 3.135 3.139 3.142 3.146 3.15 3.153 3.153 3.117 3.081 3.042 2.993 2.944 2.917 2.924 2.931 2.937 2.944 2.951 2.958 2.964 2.971 2.978 2.984 2.991 2.998 3.005 2.964 2.913 2.863 2.812 2.762 2.711 2.66 2.61 2.559 2.509 2.458 2.408 2.357 2.32 2.29 2.26 2.24 2.237 2.234 2.23 2.218 2.205 2.192 2.18 2.167 2.155 2.142 2.129 2.117 2.104 2.091 2.079
12.937 12.885 12.833 12.781 12.729 12.77 12.867 12.964 13.061 13.158 13.255 13.352 13.45 13.547 13.644 13.741 13.838 13.935 14.032 14.129 14.263 14.369 13.848 13.328 12.807 12.286 11.766 11.245 10.724 10.203 9.683 9.162 8.641 8.12 7.6 7.079 6.554 5.938 5.706 5.637 5.569 5.501 5.432 5.364 5.296 5.227 5.159 5.091 5.022 4.954 4.886 4.817 4.749 4.892 4.983 4.734 4.575 4.467 4.36 4.252 4.145 4.037 3.93 3.822 3.715 3.607 3.499 3.392 3.284 3.177 3.069 3.048 3.052 3.055 3.059 3.062 3.066 3.07 3.073 3.077 3.081 3.084 3.088 3.091 3.095 3.086 3.051 3.011 2.962 2.927 2.934 2.941 2.947 2.954 2.961 2.967 2.974 2.981 2.988 2.994 3.001 3.008 3.014 3.021 2.979 2.929 2.878 2.828 2.777 2.727 2.676 2.626 2.575 2.525 2.474 2.424 2.373 2.322 2.289 2.259 2.24 2.237 2.233 2.222 2.209 2.197 2.184 2.171 2.159 2.146 2.134 2.121 2.108 2.096 2.083 2.07
12.999 12.947 12.895 12.843 12.791 12.834 12.931 13.028 13.125 13.222 13.319 13.416 13.514 13.611 13.708 13.805 13.902 13.999 14.096 14.193 14.29 14.318 13.798 13.277 12.756 12.235 11.715 11.194 10.673 10.153 9.632 9.111 8.59 8.07 7.549 7.028 6.508 5.964 5.74 5.672 5.603 5.535 5.467 5.398 5.33 5.262 5.193 5.125 5.057 4.988 4.92 4.852 4.784 4.715 4.798 4.619 4.511 4.403 4.296 4.188 4.081 3.973 3.866 3.758 3.651 3.543 3.436 3.328 3.221 3.113 3.006 2.986 2.99 2.993 2.997 3.0 3.004 3.008 3.011 3.015 3.019 3.022 3.026 3.029 3.033 3.037 3.02 2.98 2.937 2.944 2.951 2.957 2.964 2.971 2.977 2.984 2.991 2.998 3.004 3.011 3.018 3.024 3.031 3.038 2.995 2.944 2.894 2.843 2.793 2.742 2.692 2.641 2.591 2.54 2.49 2.439 2.389 2.338 2.289 2.259 2.24 2.236 2.226 2.214 2.201 2.188 2.176 2.163 2.151 2.138 2.125 2.113 2.1 2.087 2.075 2.062
13.545 13.485 13.425 13.365 13.305 12.872 12.923 13.021 13.12 13.218 13.317 13.415 13.513 13.612 13.71 13.809 13.907 14.005 14.104 14.202 14.301 14.28 13.759 13.238 12.717 12.196 11.675 11.154 10.633 10.112 9.591 9.07 8.549 8.028 7.507 6.986 6.465 5.959 5.858 5.785 5.713 5.641 5.569 5.496 5.424 5.352 5.279 5.207 5.135 5.063 4.99 4.918 4.846 4.774 4.69 4.577 4.464 4.351 4.238 4.125 4.017 3.91 3.802 3.694 3.587 3.479 3.372 3.264 3.157 3.049 2.942 2.924 2.928 2.931 2.935 2.938 2.942 2.946 2.949 2.953 2.957 2.96 2.964 2.967 2.971 2.975 2.978 2.949 2.954 2.96 2.967 2.974 2.981 2.987 2.994 3.001 3.007 3.014 3.021 3.028 3.034 3.041 3.048 3.054 3.011 2.96 2.91 2.859 2.809 2.758 2.708 2.657 2.606 2.556 2.505 2.455 2.404 2.354 2.303 2.258 2.239 2.231 2.218 2.205 2.193 2.18 2.167 2.155 2.142 2.13 2.117 2.104 2.092 2.079 2.066 2.054
14.117 14.057 13.997 13.937 13.877 13.434 12.903 13.001 13.1 13.198 13.296 13.395 13.493 13.592 13.69 13.788 13.887 13.985 14.084 14.182 14.28 14.25 13.729 13.208 12.687 12.166 11.645 11.124 10.603 10.082 9.561 9.04 8.519 7.998 7.476 6.955 6.434 6.379 6.196 6.062 5.99 5.917 5.845 5.773 5.701 5.628 5.556 5.484 5.412 5.339 5.267 5.195 5.122 5.05 4.966 4.853 4.74 4.627 4.514 4.401 4.287 4.174 4.061 3.948 3.835 3.722 3.609 3.496 3.382 3.269 3.2 3.192 3.189 3.186 3.182 3.179 3.176 3.173 3.169 3.166 3.163 3.16 3.157 3.153 3.15 3.147 3.144 2.953 2.941 2.949 2.957 2.964 2.972 2.98 2.987 2.995 3.003 3.01 3.018 3.026 3.033 3.041 3.049 3.056 3.012 2.963 2.913 2.864 2.814 2.765 2.715 2.665 2.616 2.566 2.517 2.467 2.417 2.368 2.318 2.268 2.235 2.222 2.21 2.197 2.184 2.172 2.159 2.147 2.134 2.121 2.109 2.096 2.083 2.071 2.058 2.046
14.689 14.629 14.569 14.509 14.449 13.997 13.366 12.981 13.079 13.178 13.276 13.375 13.473 13.571 13.67 13.768 13.867 13.965 14.063 14.162 14.26 14.22 13.699 13.178 12.657 12.136 11.615 11.094 10.573 10.052 9.531 9.009 8.488 7.967 7.446 6.925 6.792 6.8 6.612 6.365 6.266 6.194 6.122 6.05 5.977 5.905 5.833 5.761 5.688 5.616 5.544 5.471 5.399 5.327 5.242 5.129 5.016 4.903 4.79 4.677 4.563 4.45 4.337 4.224 4.111 3.998 3.885 3.772 3.658 3.576 3.548 3.541 3.538 3.535 3.532 3.528 3.525 3.522 3.519 3.516 3.512 3.509 3.506 3.503 3.5 3.496 3.335 3.101 2.902 2.91 2.917 2.925 2.933 2.94 2.948 2.956 2.963 2.971 2.979 2.986 2.994 3.002 3.009 3.017 2.972 2.923 2.873 2.823 2.774 2.724 2.675 2.625 2.576 2.526 2.476 2.427 2.377 2.328 2.278 2.235 2.205 2.186 2.174 2.162 2.149 2.137 2.125 2.113 2.101 2.089 2.077 2.065 2.052 2.04 2.028 2.016
15.26 15.2 15.14 15.08 15.02 14.56 13.929 13.298 13.059 13.157 13.256 13.354 13.453 13.551 13.65 13.748 13.846 13.945 14.043 14.142 14.24 14.19 13.669 13.148 12.627 12.106 11.585 11.063 10.542 10.021 9.5 8.979 8.458 7.937 7.416 7.206 7.213 7.22 7.028 6.782 6.543 6.471 6.399 6.326 6.254 6.182 6.109 6.037 5.965 5.893 5.82 5.748 5.676 5.604 5.518 5.405 5.292 5.179 5.066 4.953 4.84 4.726 4.613 4.5 4.387 4.274 4.161 4.048 3.953 3.925 3.897 3.891 3.888 3.884 3.881 3.878 3.875 3.871 3.868 3.865 3.862 3.859 3.855 3.852 3.849 3.722 3.484 3.249 3.022 2.871 2.878 2.886 2.894 2.901 2.909 2.917 2.924 2.932 2.939 2.947 2.955 2.962 2.97 2.978 2.932 2.882 2.833 2.783 2.734 2.684 2.635 2.585 2.535 2.486 2.436 2.387 2.337 2.287 2.241 2.214 2.184 2.151 2.136 2.124 2.112 2.1 2.088 2.075 2.063 2.051 2.039 2.027 2.015 2.003 1.991 1.978
15.832 15.772 15.712 15.652 15.592 15.122 14.491 13.86 13.229 13.137 13.236 13.334 13.432 13.531 13.629 13.728 13.826 13.924 14.023 14.121 14.22 14.16 13.639 13.118 12.596 12.075 11.554 11.033 10.512 9.991 9.47 8.949 8.428 7.907 7.619 7.626 7.633 7.64 7.445 7.198 6.951 6.748 6.675 6.603 6.531 6.458 6.386 6.314 6.242 6.169 6.097 6.025 5.953 5.88 5.794 5.681 5.568 5.455 5.342 5.229 5.116 5.002 4.889 4.776 4.663 4.55 4.437 4.329 4.302 4.274 4.246 4.24 4.237 4.234 4.23 4.227 4.224 4.221 4.218 4.214 4.211 4.208 4.205 4.201 4.11 3.871 3.632 3.398 3.17 2.943 2.839 2.847 2.854 2.862 2.87 2.877 2.885 2.893 2.9 2.908 2.916 2.923 2.931 2.939 2.892 2.842 2.793 2.743 2.694 2.644 2.594 2.545 2.495 2.446 2.396 2.346 2.297 2.247 2.22 2.194 2.164 2.13 2.098 2.086 2.074 2.062 2.05 2.038 2.026 2.014 2.001 1.989 1.977 1.965 1.953 1.941
16.404 16.344 16.284 16.224 16.164 15.685 15.054 14.423 13.792 13.161 13.215 13.314 13.412 13.511 13.609 13.707 13.806 13.904 14.003 14.101 14.199 14.129 13.608 13.087 12.566 12.045 11.524 11.003 10.482 9.961 9.44 8.919 8.398 8.032 8.039 8.046 8.053 8.06 7.861 7.614 7.367 7.12 6.952 6.88 6.807 6.735 6.663 6.591 6.518 6.446 6.374 6.302 6.229 6.157 6.07 5.957 5.844 5.731 5.618 5.505 5.392 5.278 5.165 5.052 4.939 4.826 4.713 4.678 4.651 4.623 4.595 4.59 4.586 4.583 4.58 4.577 4.573 4.57 4.567 4.564 4.561 4.557 4.554 4.497 4.258 4.019 3.78 3.546 3.318 3.091 2.863 2.807 2.815 2.823 2.83 2.838 2.846 2.853 2.861 2.869 2.876 2.884 2.892 2.899 2.852 2.802 2.752 2.703 2.653 2.604 2.554 2.505 2.455 2.405 2.356 2.306 2.257 2.226 2.2 2.173 2.143 2.11 2.076 2.049 2.037 2.024 2.012 2.0 1.988 1.976 1.964 1.952 1.94 1.927 1.915 1.903
16.976 16.916 16.856 16.796 16.736 16.248 15.617 14.986 14.354 13.723 13.195 13.294 13.392 13.49 13.589 13.687 13.786 13.884 13.982 14.081 14.179 14.099 13.578 13.057 12.536 12.015 11.494 10.973 10.452 9.931 9.41 8.889 8.445 8.452 8.459 8.466 8.473 8.481 8.277 8.03 7.783 7.536 7.289 7.156 7.084 7.012 6.94 6.867 6.795 6.723 6.65 6.578 6.506 6.434 6.346 6.233 6.12 6.007 5.894 5.781 5.668 5.554 5.441 5.328 5.215 5.102 5.055 5.027 5.0 4.972 4.944 4.939 4.936 4.932 4.929 4.926 4.923 4.92 4.916 4.913 4.91 4.907 4.884 4.645 4.406 4.167 3.928 3.694 3.467 3.239 3.012 2.784 2.776 2.784 2.791 2.799 2.806 2.814 2.822 2.829 2.837 2.845 2.852 2.86 2.811 2.762 2.712 2.663 2.613 2.564 2.514 2.464 2.415 2.365 2.316 2.266 2.232 2.206 2.179 2.152 2.122 2.089 2.056 2.022 1.999 1.987 1.975 1.963 1.95 1.938 1.926 1.914 1.902 1.89 1.878 1.866
17.547 17.487 17.427 17.367 17.307 16.81 16.179 15.548 14.917 14.286 13.655 13.273 13.372 13.47 13.569 13.667 13.765 13.864 13.962 14.061 14.159 14.069 13.548 13.027 12.506 11.985 11.464 10.943 10.422 9.901 9.38 8.859 8.865 8.872 8.879 8.887 8.894 8.901 8.693 8.446 8.199 7.952 7.705 7.458 7.361 7.289 7.216 7.144 7.072 6.999 6.927 6.855 6.783 6.71 6.622 6.509 6.396 6.283 6.17 6.057 5.944 5.83 5.717 5.604 5.491 5.432 5.404 5.376 5.349 5.321 5.293 5.288 5.285 5.282 5.279 5.275 5.272 5.269 5.266 5.262 5.259 5.256 5.032 4.793 4.554 4.315 4.076 3.843 3.615 3.388 3.16 2.933 2.737 2.744 2.752 2.76 2.767 2.775 2.783 2.79 2.798 2.806 2.813 2.821 2.771 2.722 2.672 2.623 2.573 2.523 2.474 2.424 2.375 2.325 2.275 2.238 2.212 2.185 2.158 2.131 2.101 2.068 2.035 2.002 1.968 1.949 1.937 1.925 1.913 1.901 1.889 1.876 1.864 1.852 1.84 1.828
18.119 18.059 17.999 17.939 17.879 17.373 16.742 16.111 15.48 14.849 14.218 13.587 13.351 13.45 13.548 13.647 13.745 13.843 13.942 14.04 14.139 14.039 13.518 12.997 12.476 11.955 11.434 10.913 10.392 9.871 9.349 9.278 9.285 9.293 9.3 9.307 9.314 9.321 9.109 8.862 8.615 8.368 8.121 7.875 7.637 7.565 7.493 7.421 7.348 7.276 7.204 7.132 7.059 6.987 6.898 6.785 6.672 6.559 6.446 6.333 6.22 6.106 5.993 5.88 5.808 5.781 5.753 5.725 5.698 5.67 5.642 5.638 5.634 5.631 5.628 5.625 5.622 5.618 5.615 5.612 5.609 5.419 5.18 4.941 4.702 4.463 4.224 3.991 3.763 3.536 3.308 3.081 2.853 2.705 2.713 2.72 2.728 2.736 2.743 2.751 2.759 2.766 2.774 2.781 2.731 2.681 2.632 2.582 2.533 2.483 2.434 2.384 2.334 2.285 2.245 2.218 2.191 2.164 2.138 2.111 2.08 2.047 2.014 1.981 1.948 1.914 1.899 1.887 1.875 1.863 1.851 1.839 1.827 1.815 1.802 1.79
18.691 18.631 18.571 18.511 18.451 17.936 17.305 16.674 16.043 15.411 14.78 14.149 13.518 13.43 13.528 13.626 13.725 13.823 13.922 14.02 14.118 14.009 13.488 12.967 12.446 11.925 11.404 10.882 10.361 9.84 9.691 9.699 9.706 9.713 9.72 9.727 9.734 9.741 9.525 9.278 9.031 8.785 8.538 8.291 8.044 7.842 7.77 7.697 7.625 7.553 7.481 7.408 7.336 7.264 7.174 7.061 6.948 6.835 6.722 6.609 6.496 6.382 6.269 6.185 6.157 6.13 6.102 6.074 6.047 6.019 5.991 5.987 5.984 5.981 5.977 5.974 5.971 5.968 5.964 5.961 5.806 5.567 5.328 5.089 4.85 4.611 4.373 4.139 3.912 3.684 3.457 3.229 3.002 2.774 2.673 2.681 2.689 2.696 2.704 2.712 2.719 2.727 2.735 2.74 2.691 2.641 2.592 2.542 2.493 2.443 2.393 2.344 2.294 2.251 2.224 2.197 2.17 2.144 2.117 2.09 2.06 2.026 1.993 1.96 1.927 1.894 1.862 1.85 1.838 1.825 1.813 1.801 1.789 1.777 1.765 1.753
19.263 19.203 19.143 19.082 19.022 18.499 17.867 17.236 16.605 15.974 15.343 14.712 14.081 13.45 13.508 13.606 13.705 13.803 13.901 14.0 14.098 13.979 13.458 12.936 12.415 11.894 11.373 10.852 10.331 10.105 10.112 10.119 10.126 10.133 10.14 10.147 10.154 10.162 9.941 9.695 9.448 9.201 8.954 8.707 8.46 8.213 8.046 7.974 7.902 7.829 7.757 7.685 7.613 7.54 7.45 7.337 7.224 7.111 6.998 6.885 6.772 6.658 6.562 6.534 6.506 6.479 6.451 6.423 6.396 6.368 6.34 6.336 6.333 6.33 6.327 6.324 6.32 6.317 6.314 6.193 5.954 5.715 5.476 5.237 4.999 4.76 4.521 4.288 4.06 3.833 3.605 3.378 3.15 2.923 2.695 2.642 2.65 2.657 2.665 2.673 2.68 2.688 2.695 2.7 2.651 2.601 2.551 2.502 2.452 2.403 2.353 2.304 2.257 2.23 2.203 2.176 2.15 2.123 2.096 2.069 2.039 2.006 1.972 1.939 1.906 1.873 1.839 1.812 1.8 1.788 1.776 1.764 1.752 1.739 1.727 1.715
19.834 19.774 19.714 19.654 19.594 19.061 18.43 17.799 17.168 16.537 15.906 15.275 14.643 14.012 13.488 13.586 13.684 13.783 13.881 13.98 14.078 13.948 13.427 12.906 12.385 11.864 11.343 10.822 10.518 10.525 10.532 10.539 10.546 10.553 10.56 10.568 10.575 10.582 10.358 10.111 9.864 9.617 9.37 9.123 8.876 8.629 8.382 8.251 8.178 8.106 8.034 7.962 7.889 7.817 7.726 7.613 7.5 7.387 7.274 7.161 7.048 6.938 6.911 6.883 6.855 6.828 6.8 6.772 6.745 6.717 6.689 6.686 6.683 6.679 6.676 6.673 6.67 6.666 6.58 6.341 6.102 5.863 5.624 5.386 5.147 4.908 4.669 4.436 4.209 3.981 3.753 3.526 3.298 3.071 2.843 2.616 2.61 2.618 2.626 2.633 2.641 2.649 2.656 2.66 2.61 2.561 2.511 2.462 2.412 2.363 2.313 2.263 2.236 2.209 2.182 2.156 2.129 2.102 2.075 2.049 2.018 1.985 1.952 1.918 1.885 1.852 1.819 1.785 1.762 1.75 1.738 1.726 1.714 1.702 1.69 1.678
20.406 20.346 20.286 20.226 20.166 19.624 18.993 18.362 17.731 17.099 16.468 15.837 15.206 14.575 13.944 13.566 13.664 13.762 13.861 13.959 14.058 13.918 13.397 12.876 12.355 11.834 11.313 10.931 10.938 10.945 10.952 10.959 10.966 10.974 10.981 10.988 10.995 11.002 10.774 10.527 10.28 10.033 9.786 9.539 9.292 9.045 8.798 8.551 8.455 8.383 8.311 8.238 8.166 8.094 8.002 7.889 7.776 7.663 7.55 7.437 7.324 7.287 7.259 7.232 7.204 7.177 7.149 7.121 7.094 7.066 7.038 7.035 7.032 7.029 7.025 7.022 7.019 6.967 6.728 6.489 6.25 6.011 5.773 5.534 5.295 5.056 4.817 4.584 4.357 4.129 3.902 3.674 3.447 3.219 2.992 2.764 2.571 2.579 2.586 2.594 2.602 2.609 2.617 2.62 2.57 2.521 2.471 2.422 2.372 2.322 2.273 2.242 2.215 2.189 2.162 2.135 2.108 2.081 2.055 2.028 1.997 1.964 1.931 1.898 1.864 1.831 1.798 1.765 1.731 1.713 1.701 1.688 1.676 1.664 1.652 1.64
20.978 20.918 20.858 20.798 20.738 20.187 19.555 18.924 18.293 17.662 17.031 16.4 15.769 15.138 14.507 13.876 13.644 13.742 13.841 13.939 14.037 13.888 13.367 12.846 12.325 11.804 11.344 11.351 11.358 11.365 11.372 11.38 11.387 11.394 11.401 11.408 11.415 11.422 11.19 10.943 10.696 10.449 10.202 9.955 9.708 9.461 9.215 8.968 8.732 8.66 8.587 8.515 8.443 8.37 8.278 8.165 8.052 7.939 7.826 7.713 7.664 7.636 7.608 7.581 7.553 7.525 7.498 7.47 7.443 7.415 7.388 7.385 7.381 7.378 7.375 7.372 7.354 7.115 6.876 6.637 6.398 6.16 5.921 5.682 5.443 5.204 4.965 4.733 4.505 4.278 4.05 3.823 3.595 3.368 3.14 2.913 2.685 2.54 2.547 2.555 2.562 2.57 2.578 2.58 2.53 2.48 2.431 2.381 2.332 2.282 2.248 2.221 2.195 2.168 2.141 2.114 2.088 2.061 2.034 2.007 1.976 1.943 1.91 1.877 1.844 1.81 1.777 1.744 1.711 1.677 1.663 1.651 1.639 1.627 1.614 1.602
21.547 21.489 21.429 21.369 21.309 20.749 20.118 19.487 18.856 18.225 17.594 16.963 16.332 15.7 15.069 14.438 13.807 13.722 13.82 13.919 14.017 13.858 13.337 12.816 12.295 11.774 11.764 11.771 11.778 11.786 11.793 11.8 11.807 11.814 11.821 11.828 11.836 11.843 11.606 11.359 11.112 10.865 10.618 10.371 10.124 9.878 9.631 9.384 9.137 8.936 8.864 8.792 8.719 8.647 8.554 8.441 8.328 8.215 8.102 8.04 8.013 7.985 7.957 7.93 7.902 7.874 7.847 7.819 7.791 7.764 7.737 7.734 7.731 7.727 7.724 7.721 7.502 7.263 7.024 6.786 6.547 6.308 6.069 5.83 5.591 5.352 5.113 4.881 4.654 4.426 4.199 3.971 3.744 3.516 3.288 3.061 2.833 2.606 2.508 2.516 2.523 2.531 2.539 2.539 2.49 2.44 2.391 2.341 2.292 2.254 2.227 2.201 2.174 2.147 2.12 2.094 2.067 2.04 2.013 1.987 1.956 1.922 1.889 1.856 1.823 1.789 1.756 1.723 1.69 1.657 1.625 1.613 1.601 1.589 1.577 1.565
21.663 22.061 22.001 21.941 21.881 21.312 20.681 20.05 19.419 18.788 18.156 17.525 16.894 16.263 15.632 15.001 14.37 13.739 13.8 13.899 13.997 13.828 13.307 12.786 12.265 12.177 12.184 12.192 12.199 12.206 12.213 12.22 12.227 12.234 12.241 12.249 12.256 12.263 12.022 11.775 11.528 11.281 11.034 10.788 10.541 10.294 10.047 9.8 9.553 9.306 9.141 9.068 8.996 8.924 8.83 8.717 8.604 8.491 8.417 8.389 8.362 8.334 8.306 8.279 8.251 8.223 8.196 8.168 8.14 8.113 8.087 8.083 8.08 8.077 8.074 7.889 7.65 7.411 7.173 6.934 6.695 6.456 6.217 5.978 5.739 5.5 5.262 5.03 4.802 4.574 4.347 4.119 3.892 3.664 3.437 3.209 2.982 2.754 2.527 2.476 2.484 2.492 2.499 2.499 2.45 2.4 2.351 2.301 2.26 2.233 2.207 2.18 2.153 2.126 2.1 2.073 2.046 2.019 1.993 1.966 1.935 1.902 1.868 1.835 1.802 1.769 1.735 1.702 1.669 1.636 1.603 1.576 1.563 1.551 1.539 1.527
21.78 22.289 22.573 22.513 22.453 21.875 21.244 20.612 19.981 19.35 18.719 18.088 17.457 16.826 16.195 15.564 14.932 14.301 13.78 13.878 13.977 13.798 13.277 12.755 12.59 12.598 12.605 12.612 12.619 12.626 12.633 12.64 12.647 12.655 12.662 12.669 12.676 12.683 12.438 12.191 11.944 11.698 11.451 11.204 10.957 10.71 10.463 10.216 9.969 9.722 9.475 9.345 9.273 9.201 9.106 8.993 8.88 8.794 8.766 8.738 8.711 8.683 8.655 8.628 8.6 8.572 8.545 8.517 8.489 8.462 8.436 8.433 8.429 8.426 8.276 8.037 7.798 7.56 7.321 7.082 6.843 6.604 6.365 6.126 5.888 5.649 5.41 5.178 4.95 4.723 4.495 4.268 4.04 3.813 3.585 3.358 3.13 2.903 2.675 2.447 2.445 2.452 2.46 2.459 2.409 2.36 2.31 2.266 2.239 2.213 2.186 2.159 2.132 2.106 2.079 2.052 2.025 1.999 1.972 1.945 1.914 1.881 1.848 1.814 1.781 1.748 1.715 1.681 1.648 1.615 1.582 1.549 1.526 1.514 1.502 1.489
21.897 22.406 22.915 23.085 23.025 22.437 21.806 21.175 20.544 19.913 19.282 18.651 18.02 17.388 16.757 16.126 15.495 14.864 14.233 13.858 13.956 13.767 13.246 13.004 13.011 13.018 13.025 13.032 13.039 13.046 13.053 13.061 13.068 13.075 13.082 13.089 13.096 13.101 12.854 12.607 12.361 12.114 11.867 11.62 11.373 11.126 10.879 10.632 10.385 10.138 9.891 9.644 9.549 9.477 9.383 9.269 9.17 9.143 9.115 9.087 9.06 9.032 9.004 8.977 8.949 8.921 8.894 8.866 8.838 8.811 8.785 8.782 8.779 8.663 8.424 8.185 7.947 7.708 7.469 7.23 6.991 6.752 6.513 6.275 6.036 5.797 5.558 5.326 5.099 4.871 4.644 4.416 4.189 3.961 3.734 3.506 3.278 3.051 2.823 2.596 2.406 2.413 2.421 2.419 2.369 2.32 2.272 2.246 2.219 2.192 2.165 2.139 2.112 2.085 2.058 2.032 2.005 1.978 1.951 1.925 1.893 1.86 1.827 1.794 1.76 1.727 1.694 1.661 1.627 1.594 1.561 1.528 1.495 1.476 1.464 1.452
22.013 22.522 23.032 23.541 23.596 23.0 22.369 21.738 21.107 20.476 19.844 19.213 18.582 17.951 17.32 16.689 16.058 15.427 14.796 14.165 13.936 13.737 13.417 13.424 13.431 13.438 13.445 13.452 13.459 13.467 13.474 13.481 13.488 13.495 13.502 13.509 13.517 13.517 13.271 13.024 12.777 12.53 12.283 12.036 11.789 11.542 11.295 11.048 10.801 10.554 10.308 10.061 9.826 9.754 9.659 9.547 9.519 9.492 9.464 9.436 9.409 9.381 9.353 9.326 9.298 9.27 9.243 9.215 9.187 9.16 9.135 9.131 9.05 8.811 8.572 8.334 8.095 7.856 7.617 7.378 7.139 6.9 6.662 6.423 6.184 5.945 5.706 5.475 5.247 5.02 4.792 4.564 4.337 4.109 3.882 3.654 3.427 3.199 2.972 2.744 2.517 2.374 2.382 2.379 2.329 2.28 2.252 2.225 2.198 2.171 2.145 2.118 2.091 2.064 2.038 2.011 1.984 1.957 1.931 1.904 1.872 1.839 1.806 1.773 1.739 1.706 1.673 1.64 1.607 1.573 1.54 1.507 1.474 1.441 1.426 1.414
22.121 22.639 23.148 23.658 24.167 23.563 22.932 22.3 21.669 21.038 20.407 19.776 19.145 18.514 17.883 17.252 16.621 15.989 15.358 14.727 14.096 13.83 13.837 13.844 13.851 13.858 13.865 13.873 13.88 13.887 13.894 13.901 13.908 13.915 13.923 13.93 13.937 13.934 13.687 13.44 13.193 12.946 12.699 12.452 12.205 11.958 11.711 11.464 11.218 10.971 10.724 10.477 10.23 10.031 9.935 9.896 9.868 9.841 9.813 9.785 9.758 9.73 9.702 9.675 9.647 9.619 9.592 9.564 9.536 9.509 9.484 9.437 9.198 8.96 8.721 8.482 8.243 8.004 7.765 7.526 7.287 7.049 6.81 6.571 6.332 6.093 5.854 5.623 5.395 5.168 4.94 4.713 4.485 4.258 4.03 3.803 3.575 3.348 3.12 2.893 2.665 2.437 2.342 2.338 2.289 2.258 2.231 2.204 2.177 2.151 2.124 2.097 2.07 2.044 2.017 1.99 1.963 1.937 1.91 1.883 1.852 1.818 1.785 1.752 1.719 1.685 1.652 1.619 1.586 1.553 1.519 1.486 1.453 1.42 1.389 1.377
21.379 21.902 22.424 22.947 23.295 22.714 22.107 21.501 20.894 20.287 19.68 19.073 18.466 17.859 17.252 16.645 16.038 15.431 14.824 14.217 13.706 13.868 13.875 13.892 13.908 13.925 13.941 13.958 13.974 13.991 14.007 14.023 14.04 14.056 14.073 14.089 14.106 14.131 14.009 13.766 13.522 13.279 13.036 12.793 12.55 12.307 12.064 11.821 11.578 11.335 11.091 10.848 10.605 10.362 10.249 10.224 10.199 10.174 10.15 10.125 10.1 10.075 10.05 10.024 9.996 9.968 9.941 9.913 9.885 9.858 9.824 9.585 9.347 9.108 8.869 8.63 8.391 8.152 7.913 7.675 7.436 7.197 6.958 6.719 6.48 6.241 6.002 5.771 5.544 5.316 5.089 4.861 4.634 4.406 4.179 3.951 3.724 3.496 3.268 3.041 2.813 2.586 2.358 2.298 2.264 2.237 2.21 2.183 2.157 2.13 2.103 2.076 2.05 2.023 1.996 1.969 1.943 1.916 1.889 1.862 1.831 1.798 1.764 1.731 1.698 1.665 1.631 1.598 1.565 1.532 1.499 1.465 1.432 1.399 1.366 1.339
20.637 21.16 21.683 22.064 22.358 21.763 21.156 20.549 19.942 19.335 18.728 18.121 17.514 16.907 16.3 15.693 15.086 14.479 13.872 13.265 13.717 13.868 13.718 13.734 13.751 13.767 13.784 13.8 13.816 13.833 13.849 13.866 13.882 13.899 13.915 13.932 13.948 13.976 14.156 13.948 13.705 13.462 13.219 12.976 12.732 12.489 12.246 12.003 11.76 11.517 11.274 11.031 10.788 10.544 10.435 10.41 10.385 10.36 10.335 10.31 10.285 10.261 10.236 10.211 10.186 10.161 10.136 10.111 10.086 10.061 9.952 9.611 9.374 9.138 8.901 8.665 8.428 8.192 7.955 7.719 7.482 7.246 7.009 6.773 6.536 6.3 6.064 5.835 5.61 5.385 5.16 4.934 4.709 4.484 4.259 4.034 3.809 3.584 3.358 3.133 2.908 2.683 2.458 2.292 2.247 2.22 2.193 2.166 2.139 2.112 2.085 2.058 2.031 2.004 1.977 1.95 1.923 1.896 1.869 1.842 1.81 1.777 1.744 1.71 1.677 1.644 1.611 1.577 1.544 1.511 1.478 1.445 1.411 1.378 1.345 1.312
19.895 20.418 20.833 21.127 21.418 20.811 20.204 19.597 18.99 18.383 17.776 17.169 16.562 15.955 15.348 14.741 14.134 13.527 12.92 13.206 13.728 13.868 13.687 13.577 13.593 13.61 13.626 13.642 13.659 13.675 13.692 13.708 13.725 13.741 13.758 13.774 13.79 13.821 14.001 14.13 13.887 13.644 13.401 13.158 12.915 12.672 12.429 12.185 11.942 11.699 11.456 11.213 10.97 10.727 10.621 10.596 10.571 10.546 10.521 10.496 10.471 10.446 10.421 10.396 10.372 10.347 10.322 10.297 10.272 10.224 10.106 9.684 9.38 9.144 8.907 8.671 8.434 8.198 7.961 7.725 7.488 7.252 7.015 6.779 6.542 6.306 6.069 5.841 5.616 5.391 5.165 4.94 4.715 4.49 4.265 4.04 3.815 3.59 3.364 3.139 2.914 2.689 2.656 2.731 2.238 2.211 2.184 2.157 2.13 2.103 2.076 2.049 2.022 1.995 1.968 1.941 1.914 1.887 1.861 1.834 1.801 1.768 1.735 1.701 1.668 1.634 1.601 1.567 1.534 1.501 1.467 1.434 1.4 1.367 1.334 1.3
19.153 19.603 19.896 20.189 20.466 19.859 19.252 18.645 18.038 17.431 16.824 16.217 15.61 15.003 14.396 13.789 13.182 12.575 12.694 13.217 13.74 13.868 13.687 13.506 13.435 13.452 13.468 13.485 13.501 13.518 13.534 13.551 13.567 13.583 13.6 13.616 13.633 13.666 13.846 14.025 14.07 13.826 13.583 13.34 13.097 12.854 12.611 12.368 12.125 11.882 11.638 11.395 11.152 10.909 10.807 10.782 10.757 10.732 10.707 10.682 10.657 10.632 10.607 10.582 10.557 10.532 10.507 10.483 10.44 10.385 10.261 9.838 9.415 9.149 8.913 8.676 8.44 8.203 7.967 7.73 7.494 7.258 7.021 6.785 6.548 6.312 6.075 5.847 5.622 5.397 5.171 4.946 4.721 4.496 4.271 4.046 3.821 3.595 3.37 3.145 2.92 2.811 3.111 3.17 2.581 2.202 2.175 2.148 2.121 2.094 2.067 2.04 2.013 1.986 1.96 1.933 1.906 1.879 1.852 1.825 1.793 1.759 1.726 1.692 1.659 1.625 1.592 1.559 1.525 1.492 1.458 1.425 1.391 1.358 1.325 1.291
18.372 18.665 18.958 19.252 19.514 18.907 18.3 17.693 17.086 16.48 15.873 15.266 14.659 14.052 13.445 12.838 12.231 12.183 12.705 13.228 13.751 13.868 13.687 13.506 13.325 13.294 13.311 13.327 13.344 13.36 13.376 13.393 13.409 13.426 13.442 13.459 13.475 13.511 13.691 13.87 14.05 14.009 13.766 13.523 13.279 13.036 12.793 12.55 12.307 12.064 11.821 11.578 11.335 11.091 10.993 10.968 10.943 10.918 10.893 10.868 10.843 10.818 10.793 10.768 10.743 10.718 10.693 10.655 10.6 10.545 10.415 9.992 9.57 9.155 8.919 8.682 8.446 8.209 7.973 7.736 7.5 7.263 7.027 6.79 6.554 6.317 6.081 5.853 5.628 5.403 5.177 4.952 4.727 4.502 4.277 4.052 3.827 3.601 3.376 3.151 2.965 3.265 3.565 3.609 3.02 2.431 2.166 2.139 2.112 2.085 2.059 2.032 2.005 1.978 1.951 1.924 1.897 1.87 1.843 1.816 1.784 1.75 1.717 1.683 1.65 1.616 1.583 1.55 1.516 1.483 1.449 1.416 1.382 1.349 1.316 1.282
17.434 17.728 18.021 18.314 18.563 17.956 17.349 16.742 16.135 15.528 14.921 14.314 13.707 13.1 12.493 11.886 11.671 12.194 12.717 13.239 13.762 13.868 13.687 13.506 13.325 13.144 13.153 13.17 13.186 13.202 13.219 13.235 13.252 13.268 13.285 13.301 13.318 13.356 13.536 13.715 13.895 14.074 13.948 13.705 13.462 13.219 12.976 12.732 12.489 12.246 12.003 11.76 11.517 11.274 11.179 11.154 11.129 11.104 11.079 11.054 11.029 11.004 10.979 10.954 10.929 10.904 10.87 10.815 10.761 10.706 10.57 10.147 9.724 9.301 8.925 8.688 8.452 8.215 7.979 7.742 7.506 7.269 7.033 6.796 6.56 6.323 6.087 5.859 5.634 5.409 5.183 4.958 4.733 4.508 4.283 4.058 3.833 3.607 3.382 3.157 3.42 3.719 4.019 4.048 3.459 2.87 2.281 2.131 2.104 2.077 2.05 2.023 1.996 1.969 1.942 1.915 1.888 1.861 1.834 1.807 1.775 1.741 1.708 1.674 1.641 1.608 1.574 1.541 1.507 1.474 1.44 1.407 1.374 1.34 1.307 1.274
16.497 16.79 17.083 17.377 17.611 17.004 16.397 15.79 15.183 14.576 13.969 13.362 12.755 12.148 11.541 11.16 11.682 12.205 12.728 13.251 13.773 13.868 13.687 13.506 13.325 13.144 12.995 13.012 13.028 13.045 13.061 13.078 13.094 13.111 13.127 13.143 13.16 13.201 13.381 13.56 13.74 13.919 14.099 13.887 13.644 13.401 13.158 12.915 12.672 12.429 12.185 11.942 11.699 11.456 11.365 11.34 11.315 11.29 11.265 11.24 11.215 11.19 11.165 11.14 11.115 11.085 11.031 10.976 10.921 10.867 10.724 10.301 9.878 9.456 9.033 8.694 8.457 8.221 7.984 7.748 7.511 7.275 7.038 6.802 6.565 6.329 6.092 5.865 5.64 5.414 5.189 4.964 4.739 4.514 4.289 4.064 3.839 3.613 3.388 3.574 3.874 4.173 4.473 4.487 3.898 3.309 2.72 2.131 2.095 2.068 2.041 2.014 1.987 1.96 1.933 1.906 1.879 1.852 1.825 1.798 1.766 1.732 1.699 1.665 1.632 1.599 1.565 1.532 1.498 1.465 1.431 1.398 1.365 1.331 1.298 1.265
15.559 15.853 16.146 16.439 16.659 16.052 15.445 14.838 14.231 13.624 13.017 12.41 11.803 11.196 10.648 11.171 11.694 12.217 12.739 13.262 13.785 13.868 13.687 13.506 13.325 13.144 12.963 12.854 12.871 12.887 12.904 12.92 12.936 12.953 12.969 12.986 13.002 13.046 13.226 13.405 13.585 13.764 13.944 14.07 13.826 13.583 13.34 13.097 12.854 12.611 12.368 12.125 11.882 11.639 11.551 11.526 11.501 11.476 11.451 11.426 11.401 11.376 11.351 11.326 11.301 11.246 11.191 11.137 11.082 11.027 10.879 10.456 10.033 9.61 9.187 8.764 8.463 8.227 7.99 7.754 7.517 7.281 7.044 6.808 6.571 6.335 6.098 5.871 5.646 5.42 5.195 4.97 4.745 4.52 4.295 4.07 3.844 3.619 3.728 4.028 4.328 4.628 4.927 4.927 4.337 3.748 3.159 2.57 2.086 2.059 2.032 2.005 1.978 1.951 1.924 1.897 1.87 1.843 1.816 1.789 1.757 1.723 1.69 1.657 1.623 1.59 1.556 1.523 1.489 1.456 1.423 1.389 1.356 1.323 1.289 1.256
14.622 14.915 15.209 15.502 15.707 15.1 14.493 13.886 13.279 12.672 12.066 11.459 10.852 10.245 10.66 11.182 11.705 12.228 12.751 13.273 13.796 13.868 13.687 13.506 13.325 13.144 12.963 12.782 12.713 12.73 12.746 12.762 12.779 12.795 12.812 12.828 12.845 12.891 13.071 13.25 13.43 13.609 13.789 13.968 14.009 13.766 13.523 13.28 13.036 12.793 12.55 12.307 12.064 11.821 11.737 11.712 11.687 11.662 11.637 11.612 11.587 11.562 11.537 11.512 11.461 11.407 11.352 11.297 11.242 11.188 11.033 10.61 10.187 9.764 9.342 8.919 8.496 8.232 7.996 7.759 7.523 7.286 7.05 6.813 6.577 6.34 6.104 5.877 5.652 5.426 5.201 4.976 4.751 4.526 4.301 4.076 3.85 3.883 4.183 4.482 4.782 5.082 5.382 5.366 4.777 4.188 3.598 3.009 2.42 2.05 2.023 1.996 1.969 1.942 1.915 1.888 1.861 1.835 1.808 1.781 1.748 1.714 1.681 1.648 1.614 1.581 1.547 1.514 1.48 1.447 1.414 1.38 1.347 1.314 1.28 1.247
13.684 13.978 14.271 14.564 14.756 14.149 13.542 12.935 12.328 11.721 11.114 10.507 9.9 10.148 10.671 11.194 11.716 12.239 12.762 13.285 13.807 13.868 13.687 13.506 13.325 13.144 12.963 12.782 12.601 12.572 12.588 12.605 12.621 12.638 12.654 12.671 12.687 12.736 12.916 13.095 13.275 13.454 13.634 13.813 13.993 13.948 13.705 13.462 13.219 12.976 12.733 12.489 12.246 12.003 11.923 11.898 11.873 11.848 11.823 11.798 11.773 11.748 11.723 11.677 11.622 11.567 11.512 11.458 11.403 11.348 11.187 10.765 10.342 9.919 9.496 9.073 8.65 8.238 8.002 7.765 7.529 7.292 7.056 6.819 6.583 6.346 6.11 5.883 5.658 5.432 5.207 4.982 4.757 4.532 4.307 4.082 4.037 4.337 4.637 4.937 5.236 5.536 5.836 5.805 5.216 4.627 4.038 3.449 2.859 2.27 2.014 1.987 1.96 1.934 1.907 1.88 1.853 1.826 1.799 1.772 1.739 1.705 1.672 1.639 1.605 1.572 1.538 1.505 1.472 1.438 1.405 1.372 1.338 1.305 1.272 1.238
12.747 13.04 13.334 13.627 13.804 13.197 12.59 11.983 11.376 10.769 10.162 9.555 9.637 10.159 10.682 11.205 11.728 12.25 12.773 13.296 13.819 13.868 13.687 13.506 13.325 13.144 12.963 12.782 12.601 12.42 12.431 12.447 12.464 12.48 12.496 12.513 12.529 12.581 12.761 12.94 13.12 13.299 13.479 13.658 13.838 14.017 13.887 13.644 13.401 13.158 12.915 12.672 12.429 12.186 12.109 12.084 12.059 12.034 12.009 11.984 11.959 11.934 11.892 11.837 11.782 11.728 11.673 11.618 11.563 11.509 11.342 10.919 10.496 10.073 9.651 9.228 8.805 8.382 8.007 7.771 7.534 7.298 7.061 6.825 6.588 6.352 6.115 5.889 5.663 5.438 5.213 4.988 4.763 4.538 4.313 4.192 4.492 4.791 5.091 5.391 5.691 5.99 6.29 6.244 5.655 5.066 4.477 3.888 3.299 2.71 2.12 1.979 1.952 1.925 1.898 1.871 1.844 1.817 1.79 1.763 1.73 1.697 1.663 1.63 1.596 1.563 1.529 1.496 1.463 1.429 1.396 1.363 1.329 1.296 1.263 1.23
11.809 12.103 12.396 12.689 12.852 12.245 11.638 11.031 10.424 9.817 9.21 9.125 9.648 10.171 10.693 11.216 11.739 12.262 12.784 13.307 13.83 13.868 13.687 13.506 13.325 13.144 12.963 12.782 12.601 12.42 12.273 12.29 12.306 12.322 12.339 12.355 12.372 12.427 12.606 12.785 12.965 13.144 13.324 13.503 13.683 13.862 14.042 13.827 13.583 13.34 13.097 12.854 12.611 12.368 12.295 12.27 12.245 12.22 12.195 12.17 12.145 12.107 12.052 11.998 11.943 11.888 11.833 11.779 11.724 11.669 11.496 11.073 10.651 10.228 9.805 9.382 8.959 8.536 8.114 7.777 7.54 7.304 7.067 6.831 6.594 6.358 6.121 5.895 5.669 5.444 5.219 4.994 4.769 4.544 4.346 4.646 4.946 5.246 5.545 5.845 6.145 6.445 6.744 6.683 6.094 5.505 4.916 4.327 3.738 3.149 2.56 1.971 1.943 1.916 1.889 1.862 1.835 1.808 1.781 1.754 1.721 1.688 1.654 1.621 1.587 1.554 1.521 1.487 1.454 1.42 1.387 1.354 1.321 1.287 1.254 1.221
10.872 11.165 11.459 11.752 11.9 11.293 10.686 10.079 9.472 8.865 8.614 9.137 9.659 10.182 10.705 11.228 11.75 12.273 12.796 13.318 13.841 13.868 13.687 13.506 13.325 13.144 12.963 12.782 12.601 12.42 12.239 12.132 12.148 12.165 12.181 12.198 12.214 12.272 12.451 12.63 12.81 12.989 13.169 13.348 13.528 13.707 13.887 14.009 13.766 13.523 13.28 13.036 12.793 12.55 12.48 12.455 12.431 12.406 12.381 12.356 12.322 12.268 12.213 12.158 12.103 12.049 11.994 11.939 11.884 11.83 11.651 11.228 10.805 10.382 9.959 9.537 9.114 8.691 8.268 7.845 7.546 7.309 7.073 6.837 6.6 6.364 6.127 5.901 5.675 5.45 5.225 5.0 4.775 4.55 4.801 5.1 5.4 5.7 6.0 6.299 6.599 6.899 7.198 7.122 6.533 5.944 5.355 4.766 4.177 3.588 2.999 2.41 1.934 1.907 1.88 1.853 1.826 1.799 1.772 1.745 1.712 1.679 1.645 1.612 1.578 1.545 1.512 1.478 1.445 1.412 1.378 1.345 1.312 1.278 1.245 1.212
9.934 10.228 10.521 10.814 10.949 10.342 9.735 9.128 8.521 8.102 8.625 9.148 9.671 10.193 10.716 11.239 11.762 12.284 12.807 13.33 13.853 13.868 13.687 13.506 13.325 13.144 12.963 12.782 12.601 12.42 12.239 12.058 11.991 12.007 12.024 12.04 12.056 12.117 12.296 12.475 12.655 12.834 13.014 13.193 13.373 13.552 13.732 13.911 13.948 13.705 13.462 13.219 12.976 12.733 12.666 12.641 12.616 12.591 12.567 12.538 12.483 12.428 12.373 12.319 12.264 12.209 12.154 12.1 12.045 11.99 11.805 11.382 10.959 10.537 10.114 9.691 9.268 8.845 8.422 8.0 7.577 7.315 7.079 6.842 6.606 6.369 6.133 5.907 5.681 5.456 5.231 5.006 4.781 4.955 5.255 5.555 5.854 6.154 6.454 6.753 7.053 7.353 7.653 7.562 6.972 6.383 5.794 5.205 4.616 4.027 3.438 2.849 2.26 1.898 1.871 1.844 1.817 1.79 1.763 1.737 1.703 1.67 1.636 1.603 1.569 1.536 1.503 1.469 1.436 1.403 1.37 1.336 1.303 1.27 1.236 1.203
8.997 9.29 9.584 9.877 9.997 9.39 8.783 8.176 7.591 8.114 8.636 9.159 9.682 10.205 10.727 11.25 11.773 12.296 12.818 13.341 13.864 13.868 13.687 13.506 13.325 13.144 12.963 12.782 12.601 12.42 12.239 12.058 11.877 11.85 11.866 11.882 11.899 11.962 12.141 12.32 12.5 12.679 12.859 13.038 13.218 13.397 13.577 13.756 13.936 13.887 13.644 13.401 13.158 12.915 12.852 12.827 12.802 12.777 12.752 12.698 12.643 12.589 12.534 12.479 12.424 12.37 12.315 12.26 12.205 12.151 11.959 11.537 11.114 10.691 10.268 9.845 9.423 9.0 8.577 8.154 7.731 7.321 7.085 6.848 6.612 6.375 6.139 5.912 5.687 5.462 5.237 5.012 5.11 5.409 5.709 6.009 6.308 6.608 6.908 7.208 7.507 7.807 8.107 8.001 7.412 6.823 6.233 5.644 5.055 4.466 3.877 3.288 2.699 2.11 1.862 1.835 1.809 1.782 1.755 1.728 1.694 1.661 1.627 1.594 1.561 1.527 1.494 1.461 1.427 1.394 1.361 1.327 1.294 1.261 1.228 1.194
8.059 8.353 8.646 8.939 9.045 8.438 7.831 7.224 7.602 8.125 8.648 9.17 9.693 10.216 10.739 11.261 11.784 12.307 12.83 13.352 13.875 13.868 13.687 13.506 13.325 13.144 12.963 12.782 12.601 12.42 12.239 12.058 11.877 11.696 11.708 11.725 11.741 11.807 11.986 12.165 12.345 12.524 12.704 12.883 13.063 13.242 13.422 13.601 13.781 13.96 13.827 13.584 13.34 13.097 13.038 13.013 12.988 12.963 12.913 12.859 12.804 12.749 12.694 12.64 12.585 12.53 12.475 12.421 12.366 12.311 12.114 11.691 11.268 10.845 10.423 10.0 9.577 9.154 8.731 8.308 7.886 7.463 7.09 6.854 6.617 6.381 6.144 5.918 5.693 5.468 5.243 5.264 5.564 5.864 6.163 6.463 6.763 7.062 7.362 7.662 7.962 8.261 8.561 8.44 7.851 7.262 6.673 6.084 5.494 4.905 4.316 3.727 3.138 2.549 1.96 1.827 1.8 1.773 1.746 1.719 1.685 1.652 1.618 1.585 1.552 1.518 1.485 1.452 1.418 1.385 1.352 1.319 1.285 1.252 1.219 1.185
7.122 7.415 7.709 8.002 8.093 7.486 6.879 7.091 7.614 8.136 8.659 9.182 9.704 10.227 10.75 11.273 11.795 12.318 12.841 13.364 13.886 13.868 13.687 13.506 13.325 13.144 12.963 12.782 12.601 12.42 12.239 12.058 11.877 11.696 11.551 11.567 11.584 11.652 11.831 12.01 12.19 12.369 12.549 12.728 12.908 13.087 13.267 13.446 13.626 13.805 13.985 13.766 13.523 13.28 13.224 13.199 13.174 13.129 13.074 13.019 12.964 12.91 12.855 12.8 12.745 12.691 12.636 12.581 12.526 12.472 12.268 11.845 11.423 11.0 10.577 10.154 9.731 9.309 8.886 8.463 8.04 7.617 7.194 6.86 6.623 6.387 6.15 5.924 5.699 5.474 5.419 5.718 6.018 6.318 6.617 6.917 7.217 7.517 7.816 8.116 8.416 8.716 9.015 8.879 8.29 7.701 7.112 6.523 5.934 5.345 4.755 4.166 3.577 2.988 2.399 1.818 1.791 1.764 1.737 1.71 1.676 1.643 1.61 1.576 1.543 1.51 1.476 1.443 1.41 1.376 1.343 1.31 1.276 1.243 1.21 1.177
6.184 6.478 6.771 7.064 7.142 6.535 6.579 7.102 7.625 8.148 8.67 9.193 9.716 10.239 10.761 11.284 11.807 12.329 12.852 13.375 13.898 13.868 13.687 13.506 13.325 13.144 12.963 12.782 12.601 12.42 12.239 12.058 11.877 11.696 11.515 11.41 11.426 11.497 11.676 11.855 12.035 12.214 12.394 12.573 12.753 12.932 13.112 13.291 13.471 13.65 13.83 13.948 13.705 13.462 13.41 13.385 13.344 13.289 13.234 13.18 13.125 13.07 13.015 12.961 12.906 12.851 12.796 12.742 12.687 12.632 12.423 12.0 11.577 11.154 10.731 10.309 9.886 9.463 9.04 8.617 8.194 7.772 7.349 6.926 6.629 6.392 6.156 5.93 5.705 5.573 5.873 6.172 6.472 6.772 7.072 7.371 7.671 7.971 8.271 8.57 8.87 9.17 9.47 9.318 8.729 8.14 7.551 6.962 6.373 5.784 5.195 4.606 4.016 3.427 2.838 2.249 1.782 1.755 1.728 1.701 1.667 1.634 1.601 1.567 1.534 1.501 1.467 1.434 1.401 1.368 1.334 1.301 1.268 1.234 1.201 1.168
5.247 5.54 5.834 6.127 6.19 6.068 6.591 7.113 7.636 8.159 8.682 9.204 9.727 10.25 10.773 11.295 11.818 12.341 12.864 13.386 13.909 13.868 13.687 13.506 13.325 13.144 12.963 12.782 12.601 12.42 12.239 12.058 11.877 11.696 11.515 11.334 11.268 11.342 11.521 11.701 11.88 12.059 12.239 12.418 12.598 12.777 12.957 13.136 13.316 13.495 13.675 13.854 13.887 13.644 13.596 13.559 13.504 13.45 13.395 13.34 13.285 13.231 13.176 13.121 13.066 13.012 12.957 12.902 12.847 12.793 12.577 12.154 11.731 11.309 10.886 10.463 10.04 9.617 9.195 8.772 8.349 7.926 7.503 7.08 6.658 6.398 6.162 5.936 5.728 6.027 6.327 6.627 6.926 7.226 7.526 7.826 8.125 8.425 8.725 9.025 9.324 9.624 9.924 9.757 9.168 8.579 7.99 7.401 6.812 6.223 5.634 5.045 4.456 3.867 3.277 2.688 2.099 1.746 1.719 1.692 1.659 1.625 1.592 1.558 1.525 1.492 1.459 1.425 1.392 1.359 1.325 1.292 1.259 1.226 1.192 1.159
4.357 4.64 4.923 5.205 5.551 6.079 6.602 7.125 7.647 8.17 8.693 9.216 9.738 10.261 10.784 11.307 11.829 12.352 12.875 13.398 13.92 13.868 13.687 13.506 13.325 13.144 12.963 12.782 12.601 12.42 12.239 12.058 11.877 11.696 11.515 11.334 11.153 11.187 11.366 11.546 11.725 11.904 12.084 12.263 12.443 12.622 12.802 12.981 13.161 13.34 13.52 13.699 13.879 13.827 13.774 13.72 13.665 13.61 13.555 13.501 13.446 13.391 13.336 13.282 13.227 13.172 13.117 13.063 13.008 12.953 12.732 12.309 11.886 11.463 11.04 10.617 10.195 9.772 9.349 8.926 8.503 8.08 7.658 7.235 6.812 6.404 6.167 5.942 6.182 6.481 6.781 7.081 7.381 7.68 7.98 8.28 8.58 8.879 9.179 9.479 9.778 10.078 10.378 10.197 9.608 9.018 8.429 7.84 7.251 6.662 6.073 5.484 4.895 4.306 3.717 3.128 2.538 1.949 1.711 1.683 1.65 1.616 1.583 1.55 1.516 1.483 1.45 1.416 1.383 1.35 1.317 1.283 1.25 1.217 1.183 1.15
4.095 4.378 4.66 4.943 5.146 5.396 5.93 6.464 6.997 7.531 8.065 8.599 9.133 9.667 10.201 10.735 11.269 11.803 12.336 12.87 13.404 13.352 13.183 13.013 12.843 12.673 12.504 12.334 12.164 11.995 11.825 11.655 11.485 11.316 11.146 10.976 10.807 10.844 11.029 11.215 11.401 11.587 11.773 11.959 12.145 12.33 12.516 12.702 12.888 13.074 13.26 13.446 13.632 13.799 13.772 13.731 13.69 13.648 13.607 13.565 13.524 13.482 13.441 13.399 13.358 13.316 13.275 13.223 13.168 13.114 12.886 12.463 12.04 11.618 11.195 10.772 10.349 9.926 9.503 9.081 8.658 8.235 7.812 7.389 6.966 6.544 6.173 6.336 6.636 6.936 7.235 7.535 7.835 8.135 8.434 8.734 9.034 9.333 9.633 9.933 10.233 10.532 10.832 10.636 10.047 9.458 8.869 8.279 7.69 7.101 6.512 5.923 5.334 4.745 4.156 3.567 2.978 2.389 1.799 1.674 1.641 1.607 1.574 1.541 1.508 1.474 1.441 1.408 1.374 1.341 1.308 1.275 1.241 1.208 1.175 1.141
3.833 4.116 4.398 4.681 4.879 4.884 5.24 5.774 6.308 6.842 7.376 7.91 8.444 8.978 9.512 10.045 10.579 11.113 11.647 12.181 12.715 12.652 12.482 12.312 12.143 11.973 11.803 11.633 11.464 11.294 11.124 10.955 10.785 10.615 10.445 10.276 10.218 10.296 10.481 10.667 10.853 11.039 11.225 11.411 11.597 11.783 11.968 12.154 12.34 12.526 12.712 12.898 13.084 13.105 13.124 13.085 13.044 13.002 12.961 12.919 12.878 12.836 12.795 12.753 12.712 12.671 12.629 12.588 12.546 12.505 12.284 11.875 11.465 11.056 10.647 10.237 9.828 9.418 9.009 8.6 8.19 7.781 7.371 6.962 6.553 6.143 5.988 6.154 6.47 6.786 7.102 7.418 7.734 8.05 8.367 8.683 8.999 9.315 9.631 9.947 10.263 10.579 10.895 10.893 10.312 9.731 9.15 8.568 7.987 7.406 6.825 6.244 5.663 5.082 4.501 3.92 3.339 2.758 2.177 1.663 1.63 1.597 1.564 1.531 1.498 1.465 1.432 1.399 1.366 1.332 1.299 1.266 1.232 1.199 1.166 1.133
3.571 3.853 4.136 4.419 4.613 4.617 4.622 5.085 5.619 6.153 6.687 7.221 7.754 8.288 8.822 9.356 9.89 10.424 10.958 11.492 12.026 11.951 11.781 11.612 11.442 11.272 11.103 10.933 10.763 10.593 10.424 10.254 10.084 9.915 9.745 9.661 9.667 9.748 9.933 10.119 10.305 10.491 10.677 10.863 11.049 11.235 11.42 11.606 11.792 11.978 12.164 12.35 12.396 12.411 12.43 12.439 12.398 12.356 12.315 12.273 12.232 12.19 12.149 12.108 12.066 12.025 11.983 11.942 11.9 11.859 11.632 11.223 10.813 10.404 9.995 9.585 9.176 8.766 8.357 7.948 7.538 7.129 6.72 6.31 5.901 5.683 5.703 5.727 5.951 6.267 6.584 6.9 7.216 7.532 7.848 8.164 8.48 8.796 9.112 9.428 9.745 10.061 10.377 10.525 10.277 9.696 9.115 8.534 7.953 7.372 6.791 6.21 5.629 5.048 4.467 3.886 3.305 2.724 2.143 1.638 1.605 1.572 1.539 1.506 1.473 1.44 1.407 1.374 1.341 1.308 1.275 1.242 1.209 1.176 1.143 1.131
3.309 3.591 3.874 4.157 4.346 4.351 4.356 4.396 4.93 5.463 5.997 6.531 7.065 7.599 8.133 8.667 9.201 9.735 10.269 10.802 11.336 11.251 11.081 10.911 10.741 10.572 10.402 10.232 10.063 9.893 9.723 9.553 9.384 9.214 9.105 9.111 9.116 9.2 9.385 9.571 9.757 9.943 10.129 10.315 10.501 10.687 10.872 11.058 11.244 11.43 11.616 11.688 11.702 11.716 11.735 11.754 11.752 11.71 11.669 11.628 11.586 11.545 11.503 11.462 11.42 11.379 11.337 11.296 11.254 11.213 10.98 10.571 10.161 9.752 9.343 8.933 8.524 8.114 7.705 7.296 6.886 6.477 6.068 5.658 5.378 5.397 5.417 5.441 5.465 5.749 6.065 6.381 6.697 7.013 7.329 7.645 7.962 8.278 8.594 8.91 9.226 9.542 9.858 10.001 10.034 9.661 9.08 8.499 7.918 7.337 6.756 6.175 5.594 5.013 4.432 3.851 3.27 2.689 2.108 1.613 1.58 1.547 1.514 1.481 1.448 1.415 1.382 1.349 1.316 1.283 1.25 1.217 1.184 1.151 1.13 1.151
3.047 3.329 3.612 3.895 4.08 4.084 4.089 4.094 4.24 4.774 5.308 5.842 6.376 6.91 7.444 7.978 8.511 9.045 9.579 10.113 10.647 10.55 10.38 10.211 10.041 9.871 9.701 9.532 9.362 9.192 9.023 8.853 8.683 8.548 8.554 8.56 8.566 8.652 8.838 9.023 9.209 9.395 9.581 9.767 9.953 10.139 10.324 10.51 10.696 10.882 10.979 10.993 11.008 11.022 11.041 11.06 11.079 11.065 11.023 10.982 10.94 10.899 10.857 10.816 10.774 10.733 10.691 10.65 10.608 10.567 10.328 9.919 9.509 9.1 8.691 8.281 7.872 7.463 7.053 6.644 6.234 5.825 5.416 5.072 5.092 5.111 5.131 5.155 5.179 5.23 5.546 5.862 6.178 6.495 6.811 7.127 7.443 7.759 8.075 8.391 8.707 9.023 9.34 9.478 9.51 9.543 9.046 8.465 7.884 7.303 6.722 6.141 5.56 4.979 4.398 3.817 3.235 2.654 2.073 1.588 1.555 1.522 1.489 1.456 1.423 1.39 1.357 1.324 1.291 1.258 1.225 1.192 1.159 1.13 1.151 1.172
2.784 3.067 3.35 3.632 3.813 3.818 3.823 3.827 3.832 4.085 4.619 5.153 5.687 6.22 6.754 7.288 7.822 8.356 8.89 9.424 9.958 9.849 9.68 9.51 9.34 9.171 9.001 8.831 8.661 8.492 8.322 8.152 7.991 7.997 8.003 8.009 8.015 8.104 8.29 8.475 8.661 8.847 9.033 9.219 9.405 9.591 9.777 9.962 10.148 10.27 10.285 10.299 10.314 10.328 10.347 10.366 10.385 10.404 10.377 10.336 10.294 10.253 10.211 10.17 10.128 10.087 10.046 10.004 9.963 9.921 9.676 9.267 8.857 8.448 8.039 7.629 7.22 6.811 6.401 5.992 5.582 5.173 4.767 4.786 4.806 4.825 4.845 4.869 4.893 4.917 5.028 5.344 5.66 5.976 6.292 6.608 6.924 7.24 7.556 7.873 8.189 8.505 8.821 8.955 8.987 9.019 9.011 8.43 7.849 7.268 6.687 6.106 5.525 4.944 4.363 3.782 3.201 2.62 2.039 1.562 1.529 1.496 1.463 1.43 1.397 1.364 1.331 1.298 1.265 1.232 1.199 1.166 1.133 1.151 1.172 1.193
2.522 2.805 3.088 3.37 3.547 3.551 3.556 3.561 3.565 3.57 3.929 4.463 4.997 5.531 6.065 6.599 7.133 7.667 8.201 8.735 9.268 9.149 8.979 8.809 8.64 8.47 8.3 8.131 7.961 7.791 7.621 7.452 7.44 7.446 7.452 7.458 7.464 7.556 7.742 7.927 8.113 8.299 8.485 8.671 8.857 9.043 9.229 9.414 9.562 9.576 9.591 9.605 9.619 9.634 9.653 9.672 9.691 9.71 9.729 9.69 9.648 9.607 9.565 9.524 9.483 9.441 9.4 9.358 9.317 9.275 9.024 8.615 8.206 7.796 7.387 6.977 6.568 6.159 5.749 5.34 4.93 4.521 4.481 4.5 4.52 4.539 4.559 4.584 4.608 4.632 4.656 4.825 5.141 5.457 5.773 6.089 6.406 6.722 7.038 7.354 7.67 7.986 8.302 8.431 8.464 8.496 8.528 8.396 7.815 7.233 6.652 6.071 5.49 4.909 4.328 3.747 3.166 2.585 2.004 1.537 1.504 1.471 1.438 1.405 1.372 1.339 1.306 1.273 1.24 1.207 1.174 1.141 1.151 1.172 1.193 1.214
2.26 2.543 2.825 3.108 3.28 3.285 3.289 3.294 3.299 3.304 3.308 3.774 4.308 4.842 5.376 5.91 6.444 6.977 7.511 8.045 8.579 8.448 8.279 8.109 7.939 7.769 7.6 7.43 7.26 7.09 6.921 6.884 6.889 6.895 6.901 6.907 6.913 7.008 7.194 7.38 7.565 7.751 7.937 8.123 8.309 8.495 8.681 8.853 8.867 8.882 8.896 8.911 8.925 8.94 8.959 8.978 8.997 9.016 9.035 9.044 9.002 8.961 8.92 8.878 8.837 8.795 8.754 8.712 8.671 8.629 8.372 7.963 7.554 7.144 6.735 6.325 5.916 5.507 5.097 4.688 4.278 4.176 4.195 4.215 4.234 4.254 4.274 4.298 4.322 4.346 4.37 4.394 4.623 4.939 5.255 5.571 5.887 6.203 6.519 6.835 7.151 7.468 7.784 7.908 7.94 7.973 8.005 8.037 7.78 7.199 6.618 6.037 5.456 4.875 4.294 3.713 3.132 2.551 1.97 1.512 1.479 1.446 1.413 1.38 1.347 1.314 1.281 1.248 1.215 1.182 1.149 1.151 1.172 1.193 1.214 1.235
1.998 2.281 2.563 2.846 3.013 3.018 3.023 3.028 3.032 3.037 3.042 3.085 3.619 4.153 4.686 5.22 5.754 6.288 6.822 7.356 7.89 7.748 7.578 7.408 7.238 7.069 6.899 6.729 6.56 6.39 6.327 6.333 6.339 6.344 6.35 6.356 6.362 6.46 6.646 6.832 7.017 7.203 7.389 7.575 7.761 7.947 8.133 8.159 8.173 8.188 8.202 8.217 8.231 8.246 8.265 8.284 8.303 8.322 8.341 8.36 8.357 8.315 8.274 8.232 8.191 8.149 8.108 8.066 8.025 7.983 7.72 7.311 6.902 6.492 6.083 5.673 5.264 4.855 4.445 4.036 3.87 3.89 3.909 3.929 3.948 3.968 3.988 4.012 4.036 4.06 4.084 4.108 4.132 4.42 4.736 5.052 5.368 5.684 6.001 6.317 6.633 6.949 7.265 7.384 7.417 7.449 7.481 7.514 7.546 7.164 6.583 6.002 5.421 4.84 4.259 3.678 3.097 2.516 1.935 1.487 1.454 1.421 1.388 1.355 1.322 1.289 1.256 1.223 1.19 1.157 1.151 1.172 1.193 1.214 1.235 1.256
1.736 2.018 2.301 2.584 2.747 2.752 2.756 2.761 2.766 2.77 2.775 2.78 2.929 3.463 3.997 4.531 5.065 5.599 6.133 6.667 7.201 7.047 6.877 6.708 6.538 6.368 6.198 6.029 5.859 5.77 5.776 5.782 5.788 5.794 5.799 5.805 5.811 5.912 6.098 6.284 6.469 6.655 6.841 7.027 7.213 7.399 7.45 7.465 7.479 7.493 7.508 7.522 7.537 7.552 7.571 7.59 7.609 7.628 7.647 7.666 7.685 7.669 7.628 7.586 7.545 7.503 7.462 7.42 7.379 7.338 7.068 6.659 6.25 5.84 5.431 5.021 4.612 4.203 3.793 3.565 3.584 3.604 3.623 3.643 3.662 3.682 3.702 3.726 3.75 3.774 3.798 3.823 3.847 3.901 4.217 4.534 4.85 5.166 5.482 5.798 6.114 6.43 6.746 6.861 6.893 6.926 6.958 6.99 7.023 7.055 6.549 5.968 5.387 4.806 4.225 3.644 3.063 2.482 1.9 1.462 1.429 1.396 1.363 1.33 1.297 1.264 1.231 1.198 1.165 1.151 1.172 1.193 1.214 1.235 1.256 1.277
1.474 1.756 2.039 2.322 2.48 2.485 2.49 2.495 2.499 2.504 2.509 2.513 2.518 2.774 3.308 3.842 4.376 4.91 5.443 5.977 6.511 6.346 6.177 6.007 5.837 5.668 5.498 5.328 5.213 5.219 5.225 5.231 5.237 5.243 5.249 5.254 5.26 5.364 5.55 5.736 5.921 6.107 6.293 6.479 6.665 6.742 6.756 6.77 6.785 6.799 6.814 6.828 6.843 6.857 6.876 6.895 6.914 6.933 6.952 6.971 6.99 7.009 6.982 6.94 6.899 6.858 6.816 6.775 6.733 6.692 6.416 6.007 5.598 5.188 4.779 4.369 3.96 3.551 3.26 3.279 3.299 3.318 3.338 3.357 3.377 3.396 3.416 3.44 3.464 3.489 3.513 3.537 3.561 3.585 3.699 4.015 4.331 4.647 4.963 5.279 5.595 5.912 6.228 6.337 6.37 6.402 6.435 6.467 6.499 6.532 6.514 5.933 5.352 4.771 4.19 3.609 3.028 2.447 1.866 1.436 1.403 1.37 1.337 1.304 1.271 1.238 1.205 1.172 1.151 1.172 1.193 1.214 1.235 1.256 1.277 1.298
1.212 1.494 1.777 2.06 2.214 2.219 2.223 2.228 2.233 2.237 2.242 2.247 2.252 2.256 2.618 3.152 3.686 4.22 4.754 5.288 5.816 5.646 5.476 5.306 5.137 4.967 4.797 4.657 4.662 4.668 4.674 4.68 4.686 4.692 4.698 4.704 4.709 4.816 5.002 5.188 5.374 5.559 5.745 5.931 6.033 6.047 6.062 6.076 6.091 6.105 6.119 6.134 6.148 6.163 6.182 6.201 6.22 6.239 6.258 6.277 6.296 6.315 6.334 6.295 6.253 6.212 6.17 6.129 6.087 6.046 5.764 5.355 4.946 4.536 4.127 3.717 3.308 2.954 2.974 2.993 3.013 3.032 3.052 3.071 3.091 3.11 3.131 3.155 3.179 3.203 3.227 3.251 3.275 3.299 3.323 3.496 3.812 4.129 4.445 4.761 5.077 5.393 5.709 5.814 5.846 5.879 5.911 5.944 5.976 6.008 6.041 5.898 5.317 4.736 4.155 3.574 2.993 2.412 1.831 1.411 1.378 1.345 1.312 1.279 1.246 1.213 1.18 1.151 1.172 1.193 1.214 1.235 1.256 1.277 1.298 1.319
0.949 1.232 1.515 1.797 1.947 1.952 1.957 1.961 1.966 1.971 1.976 1.98 1.985 1.99 1.994 2.463 2.997 3.531 4.065 4.599 5.115 4.945 4.776 4.606 4.436 4.266 4.1 4.106 4.112 4.117 4.123 4.129 4.135 4.141 4.147 4.153 4.158 4.268 4.454 4.64 4.826 5.011 5.197 5.324 5.339 5.353 5.368 5.382 5.396 5.411 5.425 5.44 5.454 5.469 5.488 5.507 5.526 5.545 5.564 5.583 5.602 5.621 5.64 5.649 5.607 5.566 5.524 5.483 5.441 5.4 5.112 4.703 4.294 3.884 3.475 3.065 2.656 2.669 2.688 2.707 2.727 2.746 2.766 2.785 2.805 2.824 2.845 2.869 2.893 2.917 2.941 2.965 2.989 3.013 3.037 3.062 3.294 3.61 3.926 4.242 4.558 4.874 5.19 5.291 5.323 5.355 5.388 5.42 5.452 5.485 5.517 5.55 5.283 4.702 4.121 3.54 2.959 2.378 1.797 1.386 1.353 1.32 1.287 1.254 1.221 1.188 1.155 1.172 1.193 1.214 1.235 1.256 1.277 1.298 1.319 1.34
0.687 0.97 1.253 1.535 1.681 1.685 1.69 1.695 1.7 1.704 1.709 1.714 1.718 1.723 1.728 1.774 2.308 2.842 3.376 3.909 4.414 4.245 4.075 3.905 3.736 3.566 3.549 3.555 3.561 3.567 3.572 3.578 3.584 3.59 3.596 3.602 3.608 3.72 3.906 4.092 4.278 4.463 4.616 4.63 4.644 4.659 4.673 4.688 4.702 4.717 4.731 4.746 4.76 4.775 4.794 4.813 4.832 4.851 4.87 4.889 4.908 4.927 4.946 4.965 4.961 4.92 4.878 4.837 4.795 4.754 4.46 4.051 3.642 3.232 2.823 2.413 2.363 2.383 2.402 2.422 2.441 2.461 2.48 2.499 2.519 2.538 2.559 2.583 2.607 2.631 2.655 2.679 2.704 2.728 2.752 2.776 2.8 3.091 3.407 3.723 4.04 4.356 4.672 4.767 4.799 4.832 4.864 4.897 4.929 4.961 4.994 5.026 5.059 4.667 4.086 3.505 2.924 2.343 1.762 1.361 1.328 1.295 1.262 1.229 1.196 1.163 1.172 1.193 1.214 1.235 1.256 1.277 1.298 1.319 1.34 1.361
0.425 0.708 0.99 1.273 1.414 1.419 1.424 1.428 1.433 1.438 1.442 1.447 1.452 1.457 1.461 1.466 1.618 2.152 2.686 3.22 3.714 3.544 3.374 3.205 3.035 2.992 2.998 3.004 3.01 3.016 3.022 3.027 3.033 3.039 3.045 3.051 3.057 3.172 3.358 3.544 3.73 3.907 3.921 3.936 3.95 3.965 3.979 3.994 4.008 4.022 4.037 4.051 4.066 4.081 4.1 4.119 4.138 4.157 4.176 4.195 4.214 4.233 4.252 4.271 4.29 4.274 4.232 4.191 4.15 4.108 3.808 3.399 2.99 2.58 2.171 2.058 2.077 2.097 2.116 2.136 2.155 2.175 2.194 2.214 2.233 2.253 2.273 2.297 2.321 2.345 2.37 2.394 2.418 2.442 2.466 2.49 2.514 2.573 2.889 3.205 3.521 3.837 4.153 4.244 4.276 4.308 4.341 4.373 4.406 4.438 4.47 4.503 4.535 4.568 4.052 3.471 2.89 2.309 1.728 1.336 1.303 1.27 1.237 1.204 1.171 1.172 1.193 1.214 1.235 1.256 1.277 1.298 1.319 1.34 1.361 1.382
0.242 0.446 0.728 1.011 1.148 1.152 1.157 1.162 1.166 1.171 1.176 1.181 1.185 1.19 1.195 1.199 1.204 1.463 1.997 2.531 3.013 2.844 2.674 2.504 2.435 2.441 2.447 2.453 2.459 2.465 2.471 2.477 2.482 2.488 2.494 2.5 2.506 2.624 2.81 2.996 3.182 3.213 3.227 3.242 3.256 3.27 3.285 3.299 3.314 3.328 3.343 3.357 3.372 3.387 3.406 3.425 3.444 3.463 3.482 3.501 3.52 3.539 3.558 3.577 3.596 3.615 3.587 3.545 3.504 3.462 3.156 2.747 2.338 1.928 1.753 1.772 1.791 1.811 1.83 1.85 1.869 1.889 1.908 1.928 1.947 1.967 1.987 2.012 2.036 2.06 2.084 2.108 2.132 2.156 2.18 2.204 2.228 2.252 2.37 2.686 3.002 3.318 3.635 3.72 3.753 3.785 3.817 3.85 3.882 3.915 3.947 3.979 4.012 4.044 4.017 3.436 2.855 2.274 1.693 1.31 1.277 1.244 1.211 1.178 1.172 1.193 1.214 1.235 1.256 1.277 1.298 1.319 1.34 1.361 1.382 1.403
0.204 0.206 0.466 0.749 0.881 0.886 0.891 0.895 0.9 0.905 0.909 0.914 0.919 0.923 0.928 0.933 0.938 0.942 1.308 1.841 2.313 2.143 1.973 1.879 1.885 1.89 1.896 1.902 1.908 1.914 1.92 1.926 1.931 1.937 1.943 1.949 1.955 2.076 2.262 2.448 2.504 2.518 2.533 2.547 2.562 2.576 2.591 2.605 2.62 2.634 2.648 2.663 2.677 2.693 2.712 2.731 2.75 2.769 2.788 2.807 2.826 2.845 2.864 2.883 2.902 2.921 2.94 2.899 2.858 2.816 2.504 2.095 1.686 1.447 1.467 1.486 1.506 1.525 1.545 1.564 1.583 1.603 1.622 1.642 1.661 1.681 1.702 1.726 1.75 1.774 1.798 1.822 1.846 1.87 1.894 1.918 1.943 1.967 1.991 2.168 2.484 2.8 3.116 3.197 3.229 3.262 3.294 3.326 3.359 3.391 3.423 3.456 3.488 3.521 3.553 3.401 2.82 2.239 1.658 1.285 1.252 1.219 1.186 1.172 1.193 1.214 1.235 1.256 1.277 1.298 1.319 1.34 1.361 1.382 1.403 1.424
0.167 0.168 0.204 0.487 0.615 0.619 0.624 0.629 0.633 0.638 0.643 0.648 0.652 0.657 0.662 0.666 0.671 0.676 0.68 1.152 1.612 1.442 1.322 1.328 1.334 1.34 1.345 1.351 1.357 1.363 1.369 1.375 1.381 1.386 1.392 1.398 1.404 1.528 1.714 1.795 1.81 1.824 1.839 1.853 1.868 1.882 1.896 1.911 1.925 1.94 1.954 1.969 1.983 1.998 2.017 2.036 2.055 2.074 2.093 2.112 2.131 2.15 2.169 2.188 2.207 2.226 2.245 2.253 2.212 2.17 1.852 1.443 1.142 1.161 1.181 1.2 1.22 1.239 1.259 1.278 1.298 1.317 1.337 1.356 1.376 1.395 1.416 1.44 1.464 1.488 1.512 1.536 1.56 1.584 1.609 1.633 1.657 1.681 1.705 1.729 1.965 2.281 2.597 2.673 2.706 2.738 2.771 2.803 2.835 2.868 2.9 2.932 2.965 2.997 3.03 3.062 2.786 2.205 1.624 1.26 1.227 1.194 1.172 1.193 1.214 1.235 1.256 1.277 1.298 1.319 1.34 1.361 1.382 1.403 1.424 1.445
0.129 0.131 0.133 0.225 0.348 0.353 0.357 0.362 0.367 0.372 0.376 0.381 0.386 0.39 0.395 0.4 0.405 0.409 0.414 0.463 0.911 0.765 0.771 0.777 0.783 0.789 0.795 0.8 0.806 0.812 0.818 0.824 0.83 0.836 0.841 0.847 0.853 0.98 1.087 1.101 1.116 1.13 1.144 1.159 1.173 1.188 1.202 1.217 1.231 1.246 1.26 1.274 1.289 1.304 1.323 1.342 1.361 1.38 1.399 1.418 1.437 1.456 1.475 1.494 1.513 1.532 1.551 1.57 1.566 1.525 1.2 0.837 0.856 0.875 0.895 0.914 0.934 0.953 0.973 0.992 1.012 1.031 1.051 1.07 1.09 1.109 1.13 1.154 1.178 1.202 1.226 1.251 1.275 1.299 1.323 1.347 1.371 1.395 1.419 1.443 1.467 1.763 2.079 2.15 2.182 2.215 2.247 2.279 2.312 2.344 2.377 2.409 2.441 2.474 2.506 2.539 2.571 2.17 1.589 1.235 1.202 1.172 1.193 1.214 1.235 1.256 1.277 1.298 1.319 1.34 1.361 1.382 1.403 1.424 1.445 1.466
0.097 0.098 0.099 0.1 0.1 0.101 0.101 0.102 0.102 0.105 0.11 0.114 0.119 0.124 0.129 0.133 0.138 0.143 0.147 0.152 0.211 0.214 0.22 0.226 0.232 0.238 0.244 0.249 0.255 0.261 0.267 0.273 0.279 0.285 0.291 0.296 0.302 0.378 0.393 0.407 0.421 0.436 0.45 0.465 0.479 0.494 0.508 0.522 0.537 0.551 0.566 0.58 0.595 0.61 0.629 0.648 0.667 0.686 0.705 0.724 0.743 0.762 0.781 0.8 0.819 0.838 0.857 0.876 0.895 0.879 0.548 0.551 0.57 0.59 0.609 0.629 0.648 0.667 0.687 0.706 0.726 0.745 0.765 0.784 0.804 0.823 0.844 0.868 0.892 0.917 0.941 0.965 0.989 1.013 1.037 1.061 1.085 1.109 1.133 1.157 1.182 1.244 1.56 1.626 1.659 1.691 1.724 1.756 1.788 1.821 1.853 1.886 1.918 1.95 1.983 2.015 2.047 2.08 1.555 1.209 1.176 1.193 1.214 1.235 1.256 1.277 1.298 1.319 1.34 1.361 1.382 1.403 1.424 1.445 1.466 1.487
0.094 0.095 0.096 0.096 0.097 0.097 0.098 0.098 0.099 0.099 0.1 0.1 0.101 0.101 0.102 0.102 0.103 0.103 0.104 0.104 0.108 0.109 0.105 0.102 0.099 0.096 0.093 0.09 0.087 0.084 0.081 0.078 0.075 0.071 0.068 0.065 0.062 0.06 0.063 0.066 0.07 0.073 0.076 0.079 0.082 0.085 0.088 0.091 0.095 0.098 0.101 0.104 0.107 0.109 0.116 0.124 0.132 0.14 0.147 0.155 0.163 0.17 0.178 0.186 0.194 0.201 0.209 0.217 0.224 0.232 0.246 0.265 0.284 0.304 0.323 0.343 0.362 0.382 0.401 0.421 0.44 0.46 0.479 0.498 0.518 0.537 0.559 0.583 0.607 0.631 0.655 0.679 0.703 0.727 0.751 0.775 0.799 0.823 0.848 0.872 0.896 0.92 1.041 1.103 1.135 1.168 1.2 1.233 1.265 1.297 1.33 1.362 1.394 1.427 1.459 1.492 1.524 1.556 1.52 1.184 1.193 1.214 1.235 1.256 1.277 1.298 1.319 1.34 1.361 1.382 1.403 1.424 1.445 1.466 1.487 1.508
0.091 0.093 0.093 0.093 0.093 0.093 0.094 0.094 0.095 0.096 0.096 0.097 0.097 0.098 0.098 0.099 0.099 0.1 0.1 0.103 0.107 0.111 0.111 0.108 0.104 0.101 0.098 0.095 0.092 0.089 0.086 0.083 0.08 0.077 0.073 0.07 0.067 0.063 0.063 0.066 0.069 0.072 0.075 0.078 0.081 0.085 0.088 0.091 0.094 0.097 0.1 0.103 0.106 0.108 0.106 0.114 0.122 0.13 0.137 0.145 0.153 0.16 0.168 0.176 0.184 0.191 0.199 0.207 0.214 0.222 0.236 0.251 0.265 0.28 0.295 0.31 0.325 0.34 0.355 0.37 0.384 0.399 0.414 0.429 0.444 0.459 0.467 0.487 0.506 0.526 0.546 0.565 0.585 0.604 0.624 0.644 0.663 0.683 0.703 0.722 0.742 0.762 0.777 0.8 0.824 0.848 0.872 0.896 0.92 0.944 0.968 0.992 1.016 1.04 1.064 1.088 1.112 1.136 1.16 1.181 1.203 1.225 1.247 1.269 1.291 1.314 1.336 1.358 1.38 1.402 1.423 1.445 1.466 1.487 1.508 1.528
0.089 0.09 0.089 0.089 0.089 0.09 0.09 0.091 0.091 0.092 0.092 0.093 0.093 0.094 0.094 0.095 0.095 0.096 0.098 0.102 0.106 0.111 0.115 0.113 0.11 0.106 0.103 0.1 0.097 0.094 0.091 0.088 0.085 0.082 0.079 0.075 0.072 0.069 0.064 0.065 0.068 0.071 0.074 0.078 0.081 0.084 0.087 0.09 0.093 0.096 0.1 0.103 0.106 0.107 0.103 0.104 0.112 0.119 0.127 0.135 0.143 0.15 0.158 0.166 0.173 0.181 0.189 0.197 0.204 0.212 0.226 0.241 0.256 0.27 0.285 0.3 0.315 0.33 0.345 0.36 0.375 0.389 0.404 0.419 0.434 0.437 0.446 0.465 0.485 0.505 0.524 0.544 0.564 0.583 0.603 0.622 0.642 0.662 0.681 0.701 0.721 0.738 0.744 0.767 0.791 0.815 0.839 0.863 0.887 0.911 0.935 0.959 0.983 1.007 1.031 1.055 1.079 1.103 1.12 1.135 1.157 1.179 1.201 1.223 1.245 1.268 1.29 1.312 1.334 1.356 1.378 1.4 1.423 1.445 1.467 1.477
0.086 0.086 0.086 0.085 0.085 0.086 0.087 0.087 0.088 0.088 0.089 0.089 0.09 0.09 0.091 0.091 0.092 0.094 0.098 0.102 0.106 0.11 0.114 0.118 0.115 0.112 0.108 0.105 0.102 0.099 0.096 0.093 0.09 0.087 0.084 0.081 0.077 0.074 0.07 0.065 0.068 0.071 0.074 0.077 0.08 0.083 0.086 0.089 0.093 0.096 0.099 0.102 0.105 0.106 0.102 0.098 0.102 0.109 0.117 0.125 0.133 0.14 0.148 0.156 0.163 0.171 0.179 0.187 0.194 0.202 0.216 0.231 0.246 0.26 0.275 0.29 0.305 0.32 0.335 0.35 0.365 0.379 0.394 0.409 0.415 0.416 0.424 0.444 0.464 0.483 0.503 0.523 0.542 0.562 0.582 0.601 0.621 0.64 0.66 0.68 0.699 0.705 0.711 0.735 0.759 0.783 0.807 0.831 0.855 0.879 0.903 0.927 0.951 0.975 0.999 1.023 1.047 1.066 1.073 1.088 1.111 1.133 1.155 1.177 1.199 1.221 1.244 1.266 1.288 1.31 1.332 1.354 1.377 1.399 1.411 1.418
0.083 0.082 0.082 0.082 0.082 0.082 0.083 0.083 0.084 0.084 0.085 0.085 0.086 0.086 0.087 0.087 0.089 0.093 0.097 0.101 0.105 0.109 0.113 0.118 0.12 0.117 0.114 0.11 0.107 0.104 0.101 0.098 0.095 0.092 0.089 0.086 0.083 0.079 0.075 0.071 0.067 0.07 0.073 0.076 0.079 0.083 0.086 0.089 0.092 0.095 0.098 0.101 0.104 0.105 0.101 0.097 0.094 0.099 0.107 0.115 0.122 0.13 0.138 0.146 0.153 0.161 0.169 0.176 0.184 0.192 0.206 0.221 0.236 0.25 0.265 0.28 0.295 0.31 0.325 0.34 0.355 0.37 0.384 0.392 0.393 0.394 0.403 0.423 0.442 0.462 0.482 0.501 0.521 0.541 0.56 0.58 0.599 0.619 0.639 0.658 0.666 0.672 0.679 0.702 0.726 0.75 0.774 0.798 0.822 0.846 0.87 0.894 0.918 0.942 0.966 0.99 1.011 1.019 1.027 1.042 1.065 1.087 1.109 1.131 1.153 1.175 1.197 1.22 1.242 1.264 1.286 1.308 1.33 1.345 1.351 1.358
0.079 0.078 0.078 0.078 0.078 0.079 0.079 0.08 0.08 0.081 0.081 0.082 0.082 0.083 0.083 0.084 0.088 0.092 0.096 0.1 0.104 0.108 0.113 0.117 0.121 0.122 0.119 0.116 0.113 0.109 0.106 0.103 0.1 0.097 0.094 0.091 0.088 0.084 0.08 0.076 0.072 0.069 0.072 0.076 0.079 0.082 0.085 0.088 0.091 0.094 0.098 0.101 0.104 0.105 0.101 0.097 0.093 0.089 0.097 0.105 0.112 0.12 0.128 0.136 0.143 0.151 0.159 0.166 0.174 0.182 0.196 0.211 0.226 0.241 0.255 0.27 0.285 0.3 0.315 0.33 0.345 0.36 0.369 0.37 0.371 0.373 0.382 0.401 0.421 0.441 0.46 0.48 0.5 0.519 0.539 0.559 0.578 0.598 0.617 0.627 0.634 0.64 0.646 0.669 0.693 0.717 0.742 0.766 0.79 0.814 0.838 0.862 0.886 0.91 0.934 0.957 0.965 0.973 0.981 0.996 1.018 1.041 1.063 1.085 1.107 1.129 1.151 1.174 1.196 1.218 1.24 1.262 1.279 1.285 1.292 1.299
0.075 0.075 0.074 0.074 0.074 0.075 0.075 0.076 0.076 0.077 0.077 0.078 0.078 0.079 0.08 0.083 0.087 0.091 0.095 0.099 0.103 0.108 0.112 0.116 0.12 0.125 0.124 0.121 0.118 0.115 0.111 0.108 0.105 0.102 0.099 0.096 0.093 0.089 0.085 0.081 0.077 0.073 0.072 0.075 0.078 0.081 0.084 0.087 0.091 0.094 0.097 0.1 0.103 0.104 0.1 0.096 0.092 0.088 0.087 0.095 0.102 0.11 0.118 0.125 0.133 0.141 0.149 0.156 0.164 0.172 0.186 0.201 0.216 0.231 0.245 0.26 0.275 0.29 0.305 0.32 0.335 0.346 0.347 0.349 0.35 0.351 0.361 0.38 0.4 0.419 0.439 0.459 0.478 0.498 0.518 0.537 0.557 0.577 0.588 0.595 0.601 0.607 0.613 0.637 0.661 0.685 0.709 0.733 0.757 0.781 0.805 0.829 0.853 0.877 0.901 0.911 0.919 0.927 0.934 0.95 0.972 0.995 1.017 1.039 1.061 1.083 1.105 1.127 1.15 1.172 1.194 1.213 1.219 1.226 1.232 1.239
0.071 0.071 0.071 0.07 0.071 0.071 0.072 0.072 0.073 0.073 0.074 0.074 0.075 0.075 0.079 0.083 0.086 0.09 0.094 0.098 0.102 0.107 0.111 0.115 0.12 0.124 0.128 0.126 0.123 0.12 0.117 0.113 0.11 0.107 0.104 0.101 0.098 0.094 0.09 0.086 0.082 0.078 0.074 0.074 0.077 0.081 0.084 0.087 0.09 0.093 0.096 0.099 0.102 0.103 0.099 0.095 0.091 0.087 0.083 0.085 0.092 0.1 0.108 0.115 0.123 0.131 0.139 0.146 0.154 0.162 0.176 0.191 0.206 0.221 0.236 0.25 0.265 0.28 0.295 0.31 0.323 0.325 0.326 0.327 0.328 0.329 0.339 0.359 0.379 0.398 0.418 0.437 0.457 0.477 0.496 0.516 0.536 0.55 0.556 0.562 0.568 0.574 0.58 0.604 0.628 0.652 0.676 0.7 0.724 0.749 0.773 0.797 0.821 0.845 0.857 0.865 0.872 0.88 0.888 0.904 0.926 0.948 0.971 0.993 1.015 1.037 1.059 1.081 1.104 1.126 1.147 1.153 1.16 1.166 1.173 1.18
0.068 0.067 0.067 0.067 0.067 0.067 0.068 0.068 0.069 0.069 0.07 0.071 0.071 0.074 0.078 0.082 0.086 0.09 0.094 0.098 0.102 0.106 0.11 0.115 0.119 0.123 0.127 0.131 0.128 0.125 0.122 0.119 0.115 0.112 0.109 0.106 0.103 0.099 0.095 0.091 0.087 0.083 0.079 0.075 0.077 0.08 0.083 0.086 0.089 0.092 0.096 0.099 0.102 0.102 0.098 0.094 0.09 0.087 0.083 0.079 0.082 0.09 0.098 0.105 0.113 0.121 0.129 0.136 0.144 0.152 0.166 0.181 0.196 0.211 0.226 0.24 0.255 0.27 0.285 0.3 0.302 0.303 0.304 0.305 0.307 0.308 0.318 0.338 0.357 0.377 0.396 0.416 0.436 0.455 0.475 0.495 0.511 0.517 0.523 0.529 0.535 0.541 0.548 0.572 0.596 0.62 0.644 0.668 0.692 0.716 0.74 0.764 0.788 0.802 0.81 0.818 0.826 0.834 0.842 0.858 0.88 0.902 0.925 0.947 0.969 0.991 1.013 1.035 1.057 1.08 1.088 1.094 1.101 1.107 1.113 1.12
0.064 0.064 0.063 0.063 0.063 0.064 0.064 0.065 0.065 0.066 0.066 0.067 0.069 0.073 0.077 0.081 0.085 0.089 0.093 0.097 0.101 0.105 0.109 0.114 0.118 0.122 0.127 0.131 0.133 0.13 0.127 0.124 0.121 0.118 0.114 0.111 0.108 0.104 0.1 0.096 0.092 0.088 0.084 0.08 0.076 0.079 0.082 0.085 0.089 0.092 0.095 0.098 0.101 0.101 0.097 0.094 0.09 0.086 0.082 0.078 0.074 0.08 0.088 0.095 0.103 0.111 0.118 0.126 0.134 0.142 0.156 0.171 0.186 0.201 0.216 0.231 0.245 0.26 0.275 0.279 0.28 0.281 0.283 0.284 0.285 0.286 0.297 0.316 0.336 0.356 0.375 0.395 0.414 0.434 0.454 0.472 0.478 0.484 0.49 0.496 0.502 0.508 0.515 0.539 0.563 0.587 0.611 0.635 0.659 0.683 0.707 0.731 0.748 0.756 0.764 0.772 0.78 0.788 0.795 0.812 0.834 0.856 0.878 0.901 0.923 0.945 0.967 0.989 1.011 1.022 1.028 1.035 1.041 1.048 1.054 1.061
0.06 0.06 0.059 0.059 0.059 0.06 0.06 0.061 0.062 0.062 0.063 0.064 0.068 0.072 0.076 0.08 0.084 0.088 0.092 0.096 0.1 0.104 0.109 0.113 0.117 0.122 0.126 0.13 0.134 0.135 0.132 0.129 0.126 0.123 0.12 0.116 0.113 0.109 0.105 0.101 0.097 0.093 0.089 0.085 0.081 0.079 0.082 0.085 0.088 0.091 0.094 0.097 0.1 0.101 0.097 0.093 0.089 0.085 0.081 0.077 0.073 0.07 0.077 0.085 0.093 0.101 0.108 0.116 0.124 0.132 0.146 0.161 0.176 0.191 0.206 0.221 0.235 0.25 0.256 0.257 0.259 0.26 0.261 0.262 0.263 0.265 0.275 0.295 0.315 0.334 0.354 0.374 0.393 0.413 0.432 0.439 0.445 0.451 0.457 0.463 0.469 0.475 0.483 0.507 0.531 0.555 0.579 0.603 0.627 0.651 0.675 0.694 0.702 0.71 0.718 0.726 0.733 0.741 0.749 0.766 0.788 0.81 0.832 0.854 0.877 0.899 0.921 0.943 0.956 0.962 0.969 0.975 0.982 0.988 0.995 1.002
0.056 0.056 0.056 0.055 0.056 0.056 0.057 0.057 0.058 0.058 0.06 0.064 0.067 0.071 0.075 0.079 0.083 0.087 0.091 0.095 0.099 0.104 0.108 0.112 0.117 0.121 0.125 0.129 0.134 0.138 0.137 0.134 0.131 0.128 0.125 0.122 0.118 0.114 0.11 0.106 0.102 0.098 0.094 0.09 0.086 0.082 0.081 0.084 0.087 0.09 0.094 0.097 0.1 0.1 0.096 0.092 0.088 0.084 0.08 0.076 0.072 0.068 0.067 0.075 0.083 0.091 0.098 0.106 0.114 0.121 0.136 0.151 0.166 0.181 0.196 0.211 0.225 0.233 0.234 0.236 0.237 0.238 0.239 0.241 0.242 0.243 0.254 0.274 0.293 0.313 0.333 0.352 0.372 0.392 0.4 0.406 0.412 0.418 0.424 0.43 0.436 0.443 0.45 0.474 0.498 0.522 0.546 0.57 0.594 0.618 0.64 0.648 0.656 0.663 0.671 0.679 0.687 0.695 0.703 0.72 0.742 0.764 0.786 0.808 0.831 0.853 0.875 0.89 0.896 0.903 0.909 0.916 0.922 0.929 0.935 0.942
0.053 0.052 0.052 0.052 0.052 0.053 0.053 0.054 0.054 0.055 0.059 0.063 0.067 0.071 0.075 0.079 0.083 0.087 0.091 0.095 0.099 0.103 0.107 0.111 0.116 0.12 0.124 0.129 0.133 0.137 0.141 0.139 0.136 0.133 0.13 0.127 0.124 0.12 0.115 0.111 0.107 0.103 0.099 0.095 0.091 0.087 0.083 0.083 0.087 0.09 0.093 0.096 0.099 0.099 0.095 0.091 0.087 0.083 0.079 0.076 0.072 0.068 0.064 0.065 0.073 0.081 0.088 0.096 0.104 0.111 0.126 0.141 0.156 0.171 0.186 0.201 0.21 0.212 0.213 0.214 0.215 0.217 0.218 0.219 0.22 0.221 0.233 0.252 0.272 0.292 0.311 0.331 0.351 0.361 0.367 0.373 0.379 0.385 0.391 0.398 0.404 0.41 0.418 0.442 0.466 0.49 0.514 0.538 0.562 0.586 0.594 0.601 0.609 0.617 0.625 0.633 0.641 0.649 0.656 0.674 0.696 0.718 0.74 0.762 0.784 0.807 0.824 0.83 0.837 0.843 0.85 0.856 0.863 0.869 0.876 0.883
0.049 0.049 0.048 0.048 0.048 0.049 0.049 0.05 0.05 0.054 0.058 0.062 0.066 0.07 0.074 0.078 0.082 0.086 0.09 0.094 0.098 0.102 0.106 0.111 0.115 0.119 0.124 0.128 0.132 0.136 0.141 0.144 0.141 0.138 0.135 0.132 0.129 0.125 0.121 0.116 0.112 0.108 0.104 0.1 0.096 0.092 0.088 0.084 0.086 0.089 0.092 0.095 0.098 0.098 0.094 0.09 0.087 0.083 0.079 0.075 0.071 0.067 0.063 0.059 0.063 0.07 0.078 0.086 0.094 0.101 0.116 0.131 0.146 0.161 0.176 0.188 0.189 0.19 0.191 0.192 0.194 0.195 0.196 0.197 0.199 0.2 0.211 0.231 0.251 0.27 0.29 0.31 0.322 0.328 0.334 0.34 0.346 0.352 0.359 0.365 0.371 0.377 0.385 0.409 0.433 0.457 0.481 0.505 0.529 0.539 0.547 0.555 0.563 0.571 0.579 0.587 0.594 0.602 0.61 0.628 0.65 0.672 0.694 0.716 0.738 0.758 0.764 0.771 0.777 0.784 0.79 0.797 0.803 0.81 0.816 0.823
0.045 0.045 0.045 0.044 0.045 0.045 0.046 0.046 0.049 0.053 0.057 0.061 0.065 0.069 0.073 0.077 0.081 0.085 0.089 0.093 0.097 0.101 0.106 0.11 0.114 0.118 0.123 0.127 0.131 0.136 0.14 0.144 0.146 0.143 0.14 0.137 0.134 0.13 0.126 0.122 0.117 0.113 0.109 0.105 0.101 0.097 0.093 0.089 0.085 0.088 0.092 0.095 0.098 0.098 0.094 0.09 0.086 0.082 0.078 0.074 0.07 0.066 0.062 0.058 0.054 0.06 0.068 0.076 0.084 0.091 0.106 0.121 0.136 0.151 0.165 0.166 0.167 0.168 0.17 0.171 0.172 0.173 0.175 0.176 0.177 0.178 0.19 0.21 0.229 0.249 0.269 0.283 0.289 0.295 0.301 0.307 0.313 0.32 0.326 0.332 0.338 0.344 0.353 0.377 0.401 0.425 0.449 0.473 0.485 0.493 0.501 0.509 0.517 0.524 0.532 0.54 0.548 0.556 0.564 0.581 0.604 0.626 0.648 0.67 0.692 0.698 0.705 0.711 0.718 0.724 0.731 0.737 0.744 0.75 0.757 0.764
0.041 0.041 0.041 0.04 0.041 0.041 0.042 0.045 0.049 0.052 0.056 0.06 0.064 0.068 0.072 0.076 0.08 0.084 0.088 0.092 0.096 0.101 0.105 0.109 0.113 0.118 0.122 0.126 0.131 0.135 0.139 0.143 0.148 0.148 0.145 0.142 0.139 0.135 0.131 0.127 0.123 0.118 0.114 0.11 0.106 0.102 0.098 0.094 0.09 0.088 0.091 0.094 0.097 0.097 0.093 0.089 0.085 0.081 0.077 0.073 0.069 0.065 0.061 0.057 0.054 0.05 0.058 0.066 0.073 0.082 0.096 0.111 0.126 0.141 0.143 0.144 0.146 0.147 0.148 0.149 0.151 0.152 0.153 0.154 0.155 0.157 0.169 0.189 0.208 0.228 0.244 0.25 0.256 0.262 0.268 0.275 0.281 0.287 0.293 0.299 0.305 0.311 0.32 0.344 0.368 0.392 0.416 0.431 0.439 0.447 0.455 0.462 0.47 0.478 0.486 0.494 0.502 0.51 0.517 0.535 0.558 0.58 0.602 0.624 0.632 0.639 0.645 0.652 0.658 0.665 0.671 0.678 0.684 0.691 0.697 0.704
0.038 0.037 0.037 0.037 0.037 0.038 0.04 0.044 0.048 0.052 0.056 0.06 0.064 0.068 0.072 0.076 0.079 0.083 0.087 0.091 0.096 0.1 0.104 0.108 0.113 0.117 0.121 0.126 0.13 0.134 0.138 0.143 0.147 0.151 0.15 0.147 0.144 0.14 0.136 0.132 0.128 0.124 0.119 0.115 0.111 0.107 0.103 0.099 0.095 0.091 0.09 0.093 0.096 0.096 0.092 0.088 0.084 0.08 0.076 0.072 0.068 0.065 0.061 0.057 0.053 0.049 0.048 0.056 0.063 0.072 0.086 0.101 0.116 0.12 0.122 0.123 0.124 0.125 0.126 0.128 0.129 0.13 0.131 0.133 0.134 0.135 0.148 0.167 0.187 0.205 0.211 0.217 0.223 0.229 0.236 0.242 0.248 0.254 0.26 0.266 0.272 0.278 0.287 0.311 0.336 0.36 0.377 0.385 0.392 0.4 0.408 0.416 0.424 0.432 0.44 0.448 0.455 0.463 0.471 0.489 0.511 0.534 0.556 0.566 0.573 0.579 0.586 0.592 0.599 0.605 0.612 0.618 0.625 0.631 0.638 0.645
0.034 0.034 0.033 0.033 0.033 0.035 0.039 0.043 0.047 0.051 0.055 0.059 0.063 0.067 0.071 0.075 0.079 0.083 0.087 0.091 0.095 0.099 0.103 0.108 0.112 0.116 0.12 0.125 0.129 0.133 0.138 0.142 0.146 0.15 0.155 0.152 0.149 0.145 0.141 0.137 0.133 0.129 0.125 0.12 0.116 0.112 0.108 0.104 0.1 0.096 0.092 0.093 0.096 0.095 0.091 0.087 0.083 0.079 0.076 0.072 0.068 0.064 0.06 0.056 0.052 0.048 0.044 0.046 0.053 0.062 0.077 0.091 0.098 0.099 0.1 0.101 0.102 0.104 0.105 0.106 0.107 0.109 0.11 0.111 0.112 0.113 0.126 0.146 0.166 0.172 0.178 0.184 0.191 0.197 0.203 0.209 0.215 0.221 0.227 0.233 0.239 0.246 0.255 0.279 0.303 0.322 0.33 0.338 0.346 0.354 0.362 0.37 0.378 0.385 0.393 0.401 0.409 0.417 0.425 0.443 0.465 0.488 0.5 0.507 0.513 0.52 0.526 0.533 0.539 0.546 0.552 0.559 0.565 0.572 0.578 0.586
0.03 0.03 0.03 0.029 0.03 0.034 0.038 0.042 0.046 0.05 0.054 0.058 0.062 0.066 0.07 0.074 0.078 0.082 0.086 0.09 0.094 0.098 0.103 0.107 0.111 0.115 0.12 0.124 0.128 0.133 0.137 0.141 0.145 0.15 0.154 0.157 0.154 0.15 0.146 0.142 0.138 0.134 0.13 0.126 0.121 0.117 0.113 0.109 0.105 0.101 0.097 0.093 0.095 0.094 0.09 0.087 0.083 0.079 0.075 0.071 0.067 0.063 0.059 0.055 0.051 0.047 0.043 0.039 0.043 0.052 0.067 0.075 0.076 0.077 0.078 0.08 0.081 0.082 0.083 0.084 0.086 0.087 0.088 0.089 0.091 0.092 0.105 0.125 0.133 0.139 0.145 0.152 0.158 0.164 0.17 0.176 0.182 0.188 0.194 0.2 0.207 0.213 0.222 0.246 0.268 0.276 0.284 0.292 0.3 0.308 0.315 0.323 0.331 0.339 0.347 0.355 0.363 0.371 0.378 0.397 0.419 0.434 0.441 0.447 0.454 0.46 0.467 0.473 0.48 0.486 0.493 0.499 0.506 0.512 0.519 0.526
0.031 0.03 0.029 0.029 0.032 0.036 0.039 0.043 0.047 0.05 0.054 0.058 0.061 0.065 0.069 0.073 0.077 0.081 0.085 0.089 0.093 0.097 0.102 0.106 0.11 0.115 0.119 0.123 0.127 0.132 0.136 0.14 0.145 0.149 0.153 0.158 0.159 0.155 0.151 0.147 0.143 0.139 0.135 0.131 0.127 0.122 0.118 0.114 0.11 0.106 0.102 0.098 0.094 0.094 0.09 0.086 0.082 0.078 0.074 0.07 0.066 0.062 0.058 0.054 0.05 0.047 0.043 0.039 0.035 0.042 0.052 0.053 0.054 0.056 0.057 0.058 0.059 0.06 0.062 0.063 0.064 0.065 0.067 0.068 0.069 0.07 0.084 0.094 0.1 0.107 0.113 0.119 0.125 0.131 0.137 0.143 0.149 0.155 0.161 0.168 0.174 0.18 0.19 0.214 0.222 0.23 0.238 0.246 0.253 0.261 0.269 0.277 0.285 0.293 0.301 0.309 0.316 0.324 0.332 0.351 0.368 0.375 0.381 0.388 0.394 0.401 0.407 0.414 0.42 0.427 0.433 0.44 0.446 0.453 0.459 0.467
0.048 0.047 0.047 0.046 0.049 0.053 0.057 0.06 0.064 0.068 0.071 0.075 0.079 0.082 0.086 0.09 0.093 0.097 0.101 0.102 0.101 0.106 0.11 0.114 0.118 0.122 0.126 0.13 0.134 0.139 0.143 0.147 0.151 0.155 0.159 0.163 0.159 0.155 0.151 0.147 0.143 0.139 0.135 0.131 0.127 0.123 0.119 0.115 0.111 0.107 0.103 0.099 0.095 0.092 0.089 0.085 0.081 0.077 0.073 0.069 0.065 0.061 0.057 0.053 0.05 0.046 0.042 0.038 0.034 0.031 0.032 0.032 0.033 0.034 0.035 0.036 0.038 0.039 0.04 0.041 0.042 0.044 0.045 0.046 0.047 0.049 0.055 0.061 0.068 0.074 0.08 0.086 0.092 0.098 0.104 0.11 0.116 0.123 0.129 0.135 0.141 0.147 0.157 0.168 0.176 0.183 0.191 0.199 0.207 0.215 0.223 0.231 0.239 0.246 0.254 0.262 0.27 0.278 0.286 0.302 0.309 0.315 0.322 0.328 0.335 0.341 0.348 0.354 0.361 0.367 0.374 0.38 0.387 0.393 0.4 0.407
0.065 0.065 0.064 0.063 0.067 0.07 0.074 0.078 0.081 0.085 0.089 0.092 0.096 0.1 0.103 0.107 0.111 0.114 0.118 0.112 0.111 0.115 0.119 0.123 0.128 0.132 0.136 0.14 0.144 0.148 0.152 0.156 0.161 0.165 0.169 0.166 0.154 0.15 0.146 0.142 0.138 0.134 0.13 0.126 0.122 0.119 0.115 0.111 0.107 0.103 0.099 0.095 0.093 0.091 0.087 0.083 0.079 0.075 0.071 0.067 0.063 0.059 0.056 0.052 0.048 0.044 0.04 0.036 0.032 0.033 0.032 0.032 0.033 0.034 0.035 0.036 0.037 0.038 0.038 0.039 0.04 0.041 0.042 0.043 0.044 0.044 0.044 0.049 0.055 0.061 0.066 0.072 0.078 0.083 0.089 0.095 0.1 0.106 0.112 0.117 0.123 0.129 0.135 0.142 0.149 0.156 0.163 0.171 0.178 0.185 0.192 0.199 0.206 0.214 0.221 0.228 0.235 0.242 0.249 0.253 0.259 0.265 0.271 0.276 0.282 0.288 0.293 0.299 0.305 0.311 0.316 0.322 0.328 0.334 0.34 0.348
0.082 0.082 0.081 0.08 0.084 0.088 0.091 0.095 0.099 0.102 0.106 0.11 0.113 0.117 0.121 0.124 0.128 0.132 0.127 0.121 0.121 0.125 0.129 0.133 0.137 0.141 0.145 0.15 0.154 0.158 0.162 0.166 0.17 0.174 0.174 0.162 0.15 0.146 0.142 0.138 0.134 0.13 0.126 0.122 0.118 0.114 0.11 0.106 0.102 0.098 0.094 0.092 0.092 0.089 0.085 0.081 0.077 0.073 0.069 0.065 0.062 0.058 0.054 0.05 0.046 0.042 0.038 0.034 0.035 0.036 0.033 0.032 0.033 0.034 0.035 0.036 0.037 0.038 0.038 0.039 0.04 0.041 0.042 0.043 0.044 0.044 0.043 0.043 0.049 0.055 0.06 0.066 0.072 0.077 0.083 0.089 0.094 0.1 0.106 0.111 0.117 0.122 0.129 0.136 0.143 0.15 0.157 0.164 0.172 0.179 0.186 0.193 0.2 0.208 0.215 0.222 0.229 0.236 0.238 0.239 0.244 0.25 0.256 0.261 0.267 0.273 0.279 0.284 0.29 0.296 0.302 0.307 0.313 0.319 0.324 0.331
0.1 0.099 0.098 0.098 0.101 0.105 0.109 0.112 0.116 0.12 0.123 0.127 0.131 0.134 0.138 0.142 0.145 0.142 0.136 0.131 0.13 0.134 0.139 0.143 0.147 0.151 0.155 0.159 0.163 0.167 0.171 0.176 0.18 0.182 0.17 0.157 0.145 0.141 0.137 0.133 0.129 0.125 0.121 0.117 0.113 0.11 0.106 0.102 0.098 0.094 0.091 0.091 0.09 0.087 0.083 0.079 0.075 0.071 0.068 0.064 0.06 0.056 0.052 0.048 0.044 0.04 0.036 0.036 0.038 0.038 0.036 0.033 0.033 0.034 0.035 0.036 0.037 0.037 0.038 0.039 0.04 0.041 0.042 0.043 0.044 0.044 0.043 0.041 0.043 0.048 0.054 0.06 0.065 0.071 0.077 0.082 0.088 0.094 0.099 0.105 0.111 0.116 0.122 0.13 0.137 0.144 0.151 0.158 0.166 0.173 0.18 0.187 0.194 0.201 0.209 0.216 0.223 0.225 0.226 0.228 0.229 0.235 0.241 0.247 0.252 0.258 0.264 0.27 0.275 0.281 0.287 0.292 0.298 0.304 0.31 0.317
0.117 0.116 0.116 0.115 0.119 0.122 0.126 0.13 0.133 0.137 0.141 0.144 0.148 0.152 0.155 0.159 0.157 0.151 0.146 0.14 0.14 0.144 0.148 0.152 0.156 0.16 0.165 0.169 0.173 0.177 0.181 0.185 0.189 0.177 0.165 0.152 0.141 0.137 0.133 0.129 0.125 0.121 0.117 0.113 0.109 0.105 0.101 0.097 0.093 0.09 0.089 0.089 0.088 0.085 0.081 0.077 0.074 0.07 0.066 0.062 0.058 0.054 0.05 0.046 0.042 0.038 0.038 0.039 0.041 0.041 0.039 0.036 0.034 0.034 0.035 0.036 0.037 0.037 0.038 0.039 0.04 0.041 0.042 0.043 0.043 0.044 0.043 0.041 0.039 0.042 0.048 0.054 0.059 0.065 0.071 0.076 0.082 0.088 0.093 0.099 0.105 0.11 0.116 0.124 0.131 0.138 0.145 0.152 0.159 0.167 0.174 0.181 0.188 0.195 0.203 0.21 0.213 0.214 0.214 0.216 0.218 0.22 0.226 0.232 0.238 0.243 0.249 0.255 0.26 0.266 0.272 0.278 0.283 0.289 0.295 0.302
0.134 0.134 0.133 0.132 0.136 0.14 0.143 0.147 0.151 0.154 0.158 0.162 0.165 0.169 0.173 0.172 0.166 0.161 0.155 0.15 0.149 0.154 0.158 0.162 0.166 0.17 0.174 0.178 0.182 0.187 0.191 0.195 0.185 0.173 0.16 0.148 0.136 0.132 0.128 0.124 0.12 0.116 0.112 0.108 0.104 0.1 0.097 0.093 0.089 0.088 0.088 0.087 0.086 0.084 0.08 0.076 0.072 0.068 0.064 0.06 0.056 0.052 0.048 0.044 0.041 0.039 0.04 0.042 0.043 0.044 0.041 0.039 0.036 0.034 0.035 0.036 0.037 0.037 0.038 0.039 0.04 0.041 0.042 0.043 0.043 0.044 0.043 0.041 0.039 0.037 0.042 0.048 0.053 0.059 0.065 0.07 0.076 0.081 0.087 0.093 0.098 0.104 0.11 0.117 0.125 0.132 0.139 0.146 0.153 0.161 0.168 0.175 0.182 0.189 0.196 0.201 0.201 0.202 0.203 0.204 0.206 0.208 0.211 0.217 0.223 0.228 0.234 0.24 0.246 0.251 0.257 0.263 0.268 0.274 0.28 0.287
0.152 0.151 0.15 0.15 0.153 0.157 0.161 0.164 0.168 0.172 0.175 0.179 0.183 0.186 0.187 0.181 0.176 0.17 0.165 0.159 0.159 0.163 0.167 0.171 0.176 0.18 0.184 0.188 0.192 0.196 0.2 0.193 0.181 0.168 0.156 0.143 0.131 0.128 0.124 0.12 0.116 0.112 0.108 0.104 0.1 0.096 0.092 0.088 0.087 0.087 0.086 0.085 0.085 0.082 0.078 0.074 0.07 0.066 0.062 0.058 0.054 0.05 0.047 0.043 0.04 0.042 0.043 0.045 0.046 0.046 0.044 0.041 0.039 0.036 0.035 0.036 0.037 0.037 0.038 0.039 0.04 0.041 0.042 0.043 0.043 0.044 0.043 0.041 0.039 0.037 0.036 0.041 0.047 0.053 0.058 0.064 0.07 0.075 0.081 0.087 0.092 0.098 0.104 0.111 0.119 0.126 0.133 0.14 0.147 0.154 0.162 0.169 0.176 0.183 0.189 0.189 0.19 0.19 0.191 0.192 0.194 0.196 0.198 0.202 0.208 0.214 0.219 0.225 0.231 0.236 0.242 0.248 0.254 0.259 0.265 0.272
0.169 0.168 0.167 0.167 0.171 0.174 0.178 0.182 0.185 0.189 0.193 0.196 0.2 0.202 0.196 0.191 0.185 0.18 0.174 0.169 0.169 0.173 0.177 0.181 0.185 0.189 0.193 0.197 0.202 0.206 0.201 0.189 0.176 0.164 0.151 0.138 0.127 0.123 0.119 0.115 0.111 0.107 0.103 0.099 0.095 0.091 0.088 0.086 0.086 0.085 0.084 0.084 0.083 0.08 0.076 0.072 0.068 0.064 0.06 0.056 0.053 0.049 0.045 0.042 0.043 0.045 0.046 0.047 0.049 0.049 0.047 0.044 0.042 0.039 0.036 0.036 0.036 0.037 0.038 0.039 0.04 0.041 0.042 0.042 0.043 0.044 0.043 0.041 0.039 0.037 0.035 0.035 0.041 0.047 0.052 0.058 0.064 0.069 0.075 0.081 0.086 0.092 0.098 0.105 0.112 0.12 0.127 0.134 0.141 0.148 0.156 0.163 0.17 0.176 0.177 0.177 0.178 0.178 0.179 0.181 0.183 0.184 0.186 0.188 0.193 0.199 0.204 0.21 0.216 0.222 0.227 0.233 0.239 0.245 0.25 0.257
0.186 0.185 0.185 0.184 0.188 0.192 0.195 0.199 0.203 0.206 0.21 0.214 0.217 0.212 0.206 0.2 0.195 0.189 0.184 0.178 0.178 0.182 0.186 0.191 0.195 0.199 0.203 0.207 0.211 0.209 0.197 0.184 0.171 0.159 0.146 0.134 0.122 0.119 0.115 0.111 0.107 0.103 0.099 0.095 0.091 0.087 0.085 0.085 0.084 0.083 0.083 0.082 0.081 0.078 0.074 0.07 0.066 0.063 0.059 0.055 0.051 0.047 0.043 0.044 0.046 0.047 0.049 0.05 0.051 0.052 0.049 0.047 0.044 0.042 0.039 0.037 0.036 0.037 0.038 0.039 0.04 0.041 0.042 0.042 0.043 0.044 0.043 0.041 0.039 0.037 0.035 0.033 0.035 0.041 0.046 0.052 0.057 0.063 0.069 0.074 0.08 0.086 0.092 0.099 0.106 0.114 0.121 0.128 0.135 0.142 0.149 0.157 0.164 0.164 0.165 0.166 0.166 0.167 0.167 0.169 0.171 0.173 0.174 0.176 0.178 0.184 0.19 0.195 0.201 0.207 0.213 0.218 0.224 0.23 0.235 0.243
0.203 0.203 0.202 0.202 0.205 0.209 0.213 0.216 0.22 0.224 0.227 0.231 0.227 0.221 0.215 0.21 0.204 0.199 0.193 0.187 0.188 0.192 0.196 0.2 0.204 0.208 0.213 0.217 0.217 0.205 0.192 0.179 0.167 0.154 0.142 0.129 0.118 0.114 0.11 0.106 0.102 0.098 0.094 0.09 0.086 0.084 0.084 0.083 0.082 0.081 0.081 0.08 0.079 0.076 0.072 0.069 0.065 0.061 0.057 0.053 0.049 0.045 0.046 0.047 0.049 0.05 0.051 0.053 0.054 0.054 0.052 0.049 0.047 0.044 0.042 0.039 0.037 0.037 0.038 0.039 0.04 0.041 0.042 0.042 0.043 0.044 0.043 0.041 0.039 0.037 0.035 0.033 0.031 0.034 0.04 0.046 0.051 0.057 0.063 0.068 0.074 0.08 0.086 0.093 0.1 0.107 0.115 0.122 0.129 0.136 0.143 0.151 0.152 0.153 0.153 0.154 0.154 0.155 0.156 0.157 0.159 0.161 0.163 0.165 0.166 0.169 0.175 0.181 0.186 0.192 0.198 0.203 0.209 0.215 0.221 0.228
0.221 0.22 0.219 0.219 0.223 0.226 0.23 0.234 0.237 0.241 0.245 0.242 0.236 0.23 0.225 0.219 0.214 0.208 0.202 0.197 0.197 0.202 0.206 0.21 0.214 0.218 0.222 0.225 0.213 0.2 0.187 0.175 0.162 0.15 0.137 0.124 0.113 0.109 0.106 0.102 0.098 0.094 0.09 0.086 0.083 0.082 0.082 0.081 0.08 0.08 0.079 0.078 0.078 0.075 0.071 0.067 0.063 0.059 0.055 0.051 0.047 0.047 0.049 0.05 0.051 0.053 0.054 0.055 0.057 0.057 0.055 0.052 0.049 0.047 0.044 0.042 0.039 0.037 0.038 0.039 0.04 0.041 0.042 0.042 0.043 0.044 0.043 0.041 0.039 0.037 0.035 0.033 0.031 0.029 0.034 0.04 0.045 0.051 0.057 0.062 0.068 0.074 0.08 0.087 0.094 0.101 0.109 0.116 0.123 0.13 0.137 0.14 0.14 0.141 0.142 0.142 0.143 0.143 0.144 0.146 0.147 0.149 0.151 0.153 0.155 0.156 0.16 0.166 0.171 0.177 0.183 0.189 0.194 0.2 0.206 0.213
0.238 0.237 0.236 0.236 0.24 0.244 0.247 0.251 0.255 0.258 0.257 0.251 0.245 0.24 0.234 0.229 0.223 0.217 0.212 0.206 0.207 0.211 0.215 0.219 0.223 0.228 0.232 0.22 0.208 0.195 0.183 0.17 0.157 0.145 0.132 0.12 0.109 0.105 0.101 0.097 0.093 0.089 0.085 0.082 0.081 0.081 0.08 0.079 0.079 0.078 0.077 0.077 0.076 0.073 0.069 0.065 0.061 0.057 0.053 0.049 0.048 0.05 0.051 0.053 0.054 0.055 0.057 0.058 0.06 0.06 0.057 0.055 0.052 0.05 0.047 0.045 0.042 0.04 0.038 0.039 0.04 0.041 0.041 0.042 0.043 0.044 0.043 0.041 0.039 0.037 0.035 0.033 0.031 0.029 0.028 0.033 0.039 0.045 0.05 0.056 0.062 0.067 0.074 0.081 0.088 0.095 0.102 0.11 0.117 0.124 0.128 0.128 0.129 0.129 0.13 0.13 0.131 0.132 0.132 0.134 0.136 0.138 0.139 0.141 0.143 0.145 0.147 0.151 0.157 0.162 0.168 0.174 0.179 0.185 0.191 0.198
0.255 0.254 0.254 0.254 0.257 0.261 0.265 0.268 0.272 0.272 0.266 0.26 0.255 0.249 0.244 0.238 0.232 0.227 0.221 0.216 0.217 0.221 0.225 0.229 0.233 0.237 0.228 0.216 0.203 0.191 0.178 0.165 0.153 0.14 0.128 0.115 0.104 0.1 0.097 0.093 0.089 0.085 0.081 0.08 0.08 0.079 0.078 0.078 0.077 0.076 0.076 0.075 0.074 0.071 0.067 0.063 0.059 0.055 0.051 0.05 0.051 0.053 0.054 0.055 0.057 0.058 0.059 0.061 0.062 0.062 0.06 0.057 0.055 0.052 0.05 0.047 0.045 0.042 0.04 0.039 0.04 0.041 0.041 0.042 0.043 0.044 0.042 0.041 0.039 0.037 0.035 0.033 0.031 0.029 0.027 0.027 0.033 0.039 0.044 0.05 0.056 0.061 0.068 0.075 0.082 0.089 0.096 0.104 0.111 0.115 0.116 0.116 0.117 0.118 0.118 0.119 0.119 0.12 0.12 0.122 0.124 0.126 0.128 0.129 0.131 0.133 0.135 0.137 0.142 0.147 0.153 0.159 0.165 0.17 0.176 0.184
0.272 0.272 0.271 0.271 0.275 0.278 0.282 0.286 0.287 0.281 0.275 0.27 0.264 0.259 0.253 0.247 0.242 0.236 0.231 0.225 0.226 0.23 0.234 0.239 0.243 0.236 0.224 0.211 0.199 0.186 0.173 0.161 0.148 0.136 0.123 0.11 0.1 0.096 0.092 0.088 0.084 0.08 0.079 0.079 0.078 0.077 0.077 0.076 0.075 0.074 0.074 0.073 0.072 0.069 0.065 0.061 0.057 0.054 0.051 0.053 0.054 0.055 0.057 0.058 0.059 0.061 0.062 0.064 0.065 0.065 0.062 0.06 0.057 0.055 0.052 0.05 0.047 0.045 0.042 0.04 0.04 0.041 0.041 0.042 0.043 0.044 0.042 0.04 0.039 0.037 0.035 0.033 0.031 0.029 0.027 0.025 0.027 0.033 0.038 0.044 0.05 0.055 0.062 0.069 0.076 0.083 0.09 0.097 0.103 0.104 0.104 0.105 0.105 0.106 0.106 0.107 0.108 0.108 0.109 0.11 0.112 0.114 0.116 0.118 0.12 0.121 0.123 0.125 0.127 0.133 0.138 0.144 0.15 0.156 0.161 0.169
0.29 0.289 0.288 0.288 0.292 0.296 0.299 0.302 0.296 0.29 0.285 0.279 0.274 0.268 0.263 0.257 0.251 0.246 0.24 0.235 0.236 0.24 0.244 0.248 0.244 0.232 0.219 0.207 0.194 0.181 0.169 0.156 0.144 0.131 0.118 0.106 0.095 0.091 0.087 0.084 0.08 0.078 0.078 0.077 0.076 0.076 0.075 0.074 0.073 0.073 0.072 0.071 0.071 0.067 0.063 0.06 0.056 0.052 0.054 0.055 0.057 0.058 0.059 0.061 0.062 0.064 0.065 0.066 0.068 0.068 0.065 0.063 0.06 0.058 0.055 0.053 0.05 0.047 0.045 0.042 0.04 0.04 0.041 0.042 0.043 0.044 0.042 0.04 0.038 0.037 0.035 0.033 0.031 0.029 0.027 0.025 0.023 0.026 0.032 0.038 0.043 0.049 0.055 0.063 0.07 0.077 0.084 0.091 0.091 0.092 0.092 0.093 0.093 0.094 0.095 0.095 0.096 0.096 0.097 0.099 0.101 0.102 0.104 0.106 0.108 0.11 0.111 0.113 0.115 0.118 0.124 0.129 0.135 0.141 0.146 0.154
0.307 0.306 0.306 0.306 0.309 0.313 0.317 0.311 0.306 0.3 0.294 0.289 0.283 0.278 0.272 0.266 0.261 0.255 0.25 0.244 0.245 0.249 0.254 0.252 0.24 0.227 0.214 0.202 0.189 0.177 0.164 0.151 0.139 0.126 0.114 0.101 0.091 0.087 0.083 0.079 0.077 0.077 0.076 0.075 0.074 0.074 0.073 0.072 0.072 0.071 0.07 0.07 0.069 0.066 0.062 0.058 0.054 0.055 0.057 0.058 0.059 0.061 0.062 0.064 0.065 0.066 0.068 0.069 0.07 0.07 0.068 0.065 0.063 0.06 0.058 0.055 0.053 0.05 0.048 0.045 0.043 0.04 0.041 0.042 0.043 0.044 0.042 0.04 0.038 0.036 0.035 0.033 0.031 0.029 0.027 0.025 0.023 0.021 0.026 0.032 0.037 0.043 0.049 0.057 0.064 0.071 0.078 0.079 0.079 0.08 0.081 0.081 0.082 0.082 0.083 0.083 0.084 0.085 0.085 0.087 0.089 0.091 0.092 0.094 0.096 0.098 0.1 0.101 0.103 0.105 0.109 0.114 0.12 0.126 0.132 0.139
0.34 0.323 0.323 0.323 0.327 0.33 0.326 0.321 0.315 0.309 0.304 0.298 0.293 0.287 0.281 0.276 0.27 0.265 0.259 0.253 0.255 0.259 0.26 0.248 0.235 0.222 0.21 0.197 0.185 0.172 0.159 0.147 0.134 0.122 0.109 0.096 0.086 0.082 0.078 0.076 0.075 0.075 0.074 0.073 0.073 0.072 0.071 0.071 0.07 0.069 0.069 0.068 0.067 0.064 0.06 0.056 0.057 0.058 0.059 0.061 0.062 0.063 0.065 0.066 0.068 0.069 0.07 0.072 0.073 0.073 0.07 0.068 0.065 0.063 0.06 0.058 0.055 0.053 0.05 0.048 0.045 0.043 0.041 0.042 0.043 0.044 0.042 0.04 0.038 0.036 0.034 0.033 0.031 0.029 0.027 0.025 0.023 0.021 0.02 0.026 0.031 0.037 0.043 0.05 0.058 0.065 0.067 0.067 0.068 0.068 0.069 0.069 0.07 0.071 0.071 0.072 0.072 0.073 0.074 0.075 0.077 0.079 0.081 0.083 0.084 0.086 0.088 0.09 0.092 0.093 0.095 0.1 0.105 0.111 0.117 0.125
0.38 0.351 0.34 0.34 0.344 0.341 0.336 0.33 0.324 0.319 0.313 0.308 0.302 0.296 0.291 0.285 0.28 0.274 0.268 0.263 0.265 0.268 0.256 0.243 0.23 0.218 0.205 0.193 0.18 0.167 0.155 0.142 0.13 0.117 0.104 0.092 0.082 0.078 0.075 0.074 0.074 0.073 0.072 0.072 0.071 0.07 0.07 0.069 0.068 0.068 0.067 0.066 0.065 0.062 0.058 0.058 0.059 0.061 0.062 0.063 0.065 0.066 0.068 0.069 0.07 0.072 0.073 0.074 0.076 0.076 0.073 0.071 0.068 0.066 0.063 0.06 0.058 0.055 0.053 0.05 0.048 0.045 0.043 0.042 0.043 0.044 0.042 0.04 0.038 0.036 0.034 0.032 0.031 0.029 0.027 0.025 0.023 0.021 0.019 0.019 0.025 0.031 0.037 0.044 0.052 0.054 0.055 0.055 0.056 0.057 0.057 0.058 0.058 0.059 0.059 0.06 0.061 0.061 0.062 0.064 0.065 0.067 0.069 0.071 0.073 0.074 0.076 0.078 0.08 0.082 0.083 0.085 0.09 0.096 0.102 0.11
0.421 0.391 0.362 0.358 0.356 0.351 0.345 0.339 0.334 0.328 0.323 0.317 0.311 0.306 0.3 0.295 0.289 0.283 0.278 0.272 0.274 0.263 0.251 0.238 0.226 0.213 0.2 0.188 0.175 0.163 0.15 0.138 0.125 0.112 0.1 0.087 0.077 0.074 0.073 0.073 0.072 0.071 0.071 0.07 0.069 0.069 0.068 0.067 0.066 0.066 0.065 0.064 0.064 0.06 0.059 0.061 0.062 0.063 0.065 0.066 0.068 0.069 0.07 0.072 0.073 0.074 0.076 0.077 0.079 0.078 0.076 0.073 0.071 0.068 0.066 0.063 0.061 0.058 0.056 0.053 0.051 0.048 0.046 0.043 0.043 0.044 0.042 0.04 0.038 0.036 0.034 0.032 0.03 0.029 0.027 0.025 0.023 0.021 0.019 0.017 0.019 0.025 0.031 0.038 0.042 0.043 0.043 0.044 0.044 0.045 0.045 0.046 0.047 0.047 0.048 0.048 0.049 0.049 0.05 0.052 0.054 0.056 0.057 0.059 0.061 0.063 0.065 0.066 0.068 0.07 0.072 0.074 0.076 0.081 0.087 0.095
0.477 0.447 0.416 0.372 0.366 0.361 0.355 0.349 0.344 0.338 0.332 0.327 0.321 0.315 0.31 0.304 0.299 0.293 0.287 0.282 0.271 0.259 0.246 0.234 0.221 0.208 0.196 0.183 0.171 0.158 0.145 0.133 0.12 0.108 0.095 0.082 0.073 0.072 0.072 0.071 0.07 0.07 0.069 0.068 0.068 0.067 0.066 0.065 0.065 0.064 0.063 0.063 0.062 0.061 0.062 0.063 0.065 0.066 0.067 0.069 0.07 0.072 0.073 0.074 0.076 0.077 0.079 0.08 0.081 0.081 0.078 0.076 0.073 0.071 0.068 0.066 0.063 0.061 0.058 0.056 0.053 0.051 0.048 0.046 0.043 0.044 0.042 0.04 0.038 0.036 0.034 0.032 0.03 0.028 0.027 0.025 0.023 0.021 0.019 0.017 0.015 0.019 0.025 0.03 0.03 0.031 0.031 0.032 0.033 0.033 0.034 0.034 0.035 0.035 0.036 0.037 0.037 0.038 0.038 0.04 0.042 0.044 0.046 0.047 0.049 0.051 0.053 0.055 0.056 0.058 0.06 0.062 0.064 0.067 0.072 0.08
0.582 0.551 0.502 0.413 0.379 0.373 0.368 0.362 0.356 0.351 0.345 0.34 0.334 0.328 0.323 0.317 0.311 0.306 0.3 0.294 0.29 0.277 0.264 0.251 0.238 0.225 0.212 0.199 0.186 0.173 0.16 0.147 0.134 0.121 0.108 0.095 0.081 0.076 0.075 0.075 0.074 0.073 0.072 0.071 0.07 0.07 0.069 0.068 0.067 0.066 0.065 0.065 0.064 0.065 0.066 0.068 0.069 0.07 0.072 0.073 0.074 0.075 0.077 0.078 0.079 0.081 0.082 0.083 0.085 0.083 0.08 0.078 0.076 0.073 0.071 0.068 0.066 0.063 0.061 0.058 0.056 0.053 0.051 0.048 0.046 0.044 0.042 0.04 0.038 0.036 0.034 0.032 0.03 0.028 0.026 0.025 0.023 0.021 0.019 0.017 0.015 0.013 0.017 0.018 0.019 0.019 0.02 0.02 0.021 0.021 0.022 0.023 0.023 0.024 0.024 0.025 0.025 0.026 0.027 0.028 0.03 0.032 0.034 0.036 0.038 0.039 0.041 0.043 0.045 0.047 0.048 0.05 0.052 0.054 0.057 0.065
0.686 0.648 0.545 0.456 0.413 0.386 0.381 0.375 0.369 0.364 0.358 0.352 0.347 0.341 0.335 0.33 0.324 0.319 0.313 0.307 0.303 0.297 0.284 0.271 0.258 0.245 0.232 0.219 0.206 0.193 0.18 0.167 0.154 0.141 0.128 0.115 0.101 0.083 0.082 0.082 0.081 0.08 0.079 0.078 0.077 0.077 0.076 0.075 0.074 0.073 0.072 0.072 0.071 0.072 0.073 0.074 0.076 0.077 0.078 0.08 0.081 0.082 0.084 0.085 0.086 0.088 0.089 0.09 0.087 0.081 0.078 0.076 0.073 0.071 0.069 0.066 0.064 0.061 0.059 0.056 0.054 0.052 0.049 0.047 0.044 0.043 0.042 0.04 0.038 0.036 0.034 0.032 0.03 0.028 0.026 0.025 0.023 0.021 0.019 0.017 0.015 0.013 0.012 0.012 0.013 0.013 0.014 0.014 0.014 0.015 0.015 0.015 0.016 0.016 0.017 0.017 0.017 0.018 0.018 0.02 0.022 0.023 0.025 0.026 0.028 0.03 0.031 0.033 0.035 0.036 0.038 0.039 0.041 0.043 0.044 0.045
0.79 0.69 0.587 0.5 0.456 0.412 0.393 0.388 0.382 0.376 0.371 0.365 0.36 0.354 0.348 0.343 0.337 0.331 0.326 0.32 0.316 0.312 0.305 0.292 0.279 0.266 0.253 0.24 0.227 0.214 0.201 0.188 0.175 0.162 0.149 0.136 0.121 0.103 0.089 0.088 0.088 0.087 0.086 0.085 0.084 0.083 0.083 0.082 0.081 0.08 0.079 0.078 0.078 0.079 0.08 0.081 0.083 0.084 0.085 0.087 0.088 0.089 0.091 0.092 0.093 0.095 0.096 0.094 0.085 0.079 0.076 0.074 0.071 0.069 0.066 0.064 0.062 0.059 0.057 0.054 0.052 0.049 0.047 0.045 0.043 0.042 0.041 0.04 0.038 0.036 0.034 0.032 0.03 0.028 0.026 0.024 0.023 0.021 0.019 0.017 0.015 0.013 0.012 0.012 0.012 0.012 0.013 0.013 0.014 0.014 0.014 0.015 0.015 0.015 0.016 0.016 0.017 0.017 0.018 0.019 0.021 0.022 0.024 0.026 0.027 0.029 0.031 0.032 0.034 0.035 0.037 0.039 0.04 0.042 0.042 0.043
0.836 0.732 0.629 0.543 0.499 0.455 0.412 0.401 0.395 0.389 0.384 0.378 0.372 0.367 0.361 0.355 0.35 0.344 0.338 0.333 0.329 0.325 0.322 0.312 0.299 0.286 0.273 0.26 0.247 0.234 0.221 0.208 0.195 0.182 0.169 0.156 0.141 0.124 0.106 0.095 0.094 0.094 0.093 0.092 0.091 0.09 0.089 0.089 0.088 0.087 0.086 0.085 0.084 0.086 0.087 0.088 0.09 0.091 0.092 0.094 0.095 0.096 0.098 0.099 0.1 0.101 0.101 0.092 0.082 0.077 0.074 0.072 0.069 0.067 0.064 0.062 0.06 0.057 0.055 0.052 0.05 0.047 0.045 0.043 0.042 0.041 0.04 0.039 0.038 0.036 0.034 0.032 0.03 0.028 0.026 0.024 0.023 0.021 0.019 0.017 0.015 0.013 0.012 0.011 0.011 0.012 0.012 0.012 0.013 0.013 0.013 0.014 0.014 0.015 0.015 0.015 0.016 0.016 0.017 0.018 0.02 0.022 0.023 0.025 0.026 0.028 0.03 0.031 0.033 0.035 0.036 0.038 0.039 0.04 0.04 0.04
0.878 0.775 0.671 0.586 0.542 0.499 0.455 0.413 0.408 0.402 0.396 0.391 0.385 0.38 0.374 0.368 0.363 0.357 0.351 0.346 0.342 0.338 0.334 0.331 0.319 0.306 0.293 0.28 0.267 0.254 0.241 0.228 0.215 0.202 0.189 0.176 0.161 0.144 0.126 0.109 0.101 0.101 0.1 0.099 0.098 0.097 0.096 0.096 0.095 0.094 0.093 0.092 0.091 0.093 0.094 0.095 0.097 0.098 0.099 0.101 0.102 0.103 0.104 0.106 0.107 0.108 0.099 0.09 0.08 0.074 0.072 0.07 0.067 0.065 0.062 0.06 0.057 0.055 0.053 0.05 0.048 0.045 0.043 0.042 0.041 0.039 0.039 0.038 0.038 0.036 0.034 0.032 0.03 0.028 0.026 0.024 0.022 0.021 0.019 0.017 0.015 0.013 0.012 0.011 0.011 0.011 0.011 0.012 0.012 0.012 0.013 0.013 0.013 0.014 0.014 0.015 0.015 0.015 0.016 0.018 0.019 0.021 0.022 0.024 0.026 0.027 0.029 0.031 0.032 0.034 0.035 0.037 0.038 0.038 0.038 0.038
0.92 0.817 0.714 0.629 0.586 0.542 0.498 0.454 0.421 0.415 0.409 0.404 0.398 0.392 0.387 0.381 0.375 0.37 0.364 0.358 0.355 0.351 0.347 0.344 0.34 0.327 0.314 0.301 0.288 0.275 0.262 0.249 0.236 0.223 0.21 0.197 0.182 0.164 0.146 0.129 0.111 0.107 0.107 0.106 0.105 0.104 0.103 0.102 0.102 0.101 0.1 0.099 0.098 0.1 0.101 0.102 0.103 0.105 0.106 0.107 0.109 0.11 0.111 0.113 0.114 0.106 0.097 0.087 0.078 0.072 0.07 0.067 0.065 0.063 0.06 0.058 0.055 0.053 0.05 0.048 0.046 0.043 0.042 0.041 0.04 0.038 0.038 0.037 0.037 0.036 0.034 0.032 0.03 0.028 0.026 0.024 0.022 0.021 0.019 0.017 0.015 0.013 0.012 0.011 0.011 0.01 0.01 0.011 0.011 0.011 0.012 0.012 0.013 0.013 0.013 0.014 0.014 0.015 0.015 0.017 0.018 0.02 0.022 0.023 0.025 0.027 0.028 0.03 0.031 0.033 0.035 0.036 0.036 0.036 0.036 0.036
0.963 0.859 0.756 0.673 0.629 0.585 0.541 0.498 0.454 0.428 0.422 0.416 0.411 0.405 0.399 0.394 0.388 0.383 0.377 0.371 0.367 0.364 0.36 0.356 0.353 0.347 0.334 0.321 0.308 0.295 0.282 0.269 0.256 0.243 0.23 0.217 0.202 0.184 0.167 0.149 0.132 0.114 0.113 0.113 0.112 0.111 0.11 0.109 0.108 0.108 0.107 0.106 0.105 0.106 0.108 0.109 0.11 0.112 0.113 0.114 0.116 0.117 0.118 0.12 0.113 0.104 0.095 0.085 0.076 0.07 0.068 0.065 0.063 0.06 0.058 0.056 0.053 0.051 0.048 0.046 0.043 0.042 0.041 0.04 0.038 0.037 0.037 0.036 0.036 0.035 0.034 0.032 0.03 0.028 0.026 0.024 0.022 0.021 0.019 0.017 0.015 0.013 0.012 0.011 0.011 0.01 0.01 0.01 0.01 0.011 0.011 0.011 0.012 0.012 0.013 0.013 0.013 0.014 0.014 0.016 0.018 0.019 0.021 0.023 0.024 0.026 0.027 0.029 0.031 0.032 0.034 0.034 0.034 0.034 0.034 0.034
1.005 0.902 0.798 0.716 0.672 0.628 0.585 0.541 0.497 0.453 0.435 0.429 0.424 0.418 0.412 0.407 0.401 0.395 0.39 0.384 0.38 0.377 0.373 0.369 0.366 0.362 0.354 0.341 0.328 0.315 0.302 0.289 0.276 0.263 0.25 0.237 0.222 0.204 0.187 0.169 0.152 0.134 0.12 0.12 0.119 0.118 0.117 0.116 0.115 0.115 0.114 0.113 0.112 0.113 0.115 0.116 0.117 0.119 0.12 0.121 0.123 0.124 0.125 0.121 0.111 0.102 0.092 0.083 0.074 0.068 0.066 0.063 0.061 0.058 0.056 0.053 0.051 0.049 0.046 0.044 0.042 0.041 0.04 0.039 0.037 0.036 0.036 0.035 0.034 0.034 0.033 0.032 0.03 0.028 0.026 0.024 0.022 0.02 0.019 0.017 0.015 0.013 0.012 0.011 0.011 0.01 0.009 0.009 0.01 0.01 0.01 0.011 0.011 0.011 0.012 0.012 0.013 0.013 0.014 0.015 0.017 0.019 0.02 0.022 0.023 0.025 0.027 0.028 0.03 0.031 0.032 0.032 0.032 0.031 0.031 0.031
1.047 0.944 0.841 0.759 0.715 0.672 0.628 0.584 0.54 0.496 0.453 0.442 0.436 0.431 0.425 0.419 0.414 0.408 0.403 0.397 0.393 0.389 0.386 0.382 0.378 0.375 0.371 0.361 0.348 0.335 0.322 0.309 0.296 0.283 0.27 0.257 0.242 0.225 0.207 0.19 0.172 0.154 0.137 0.126 0.126 0.125 0.124 0.123 0.122 0.121 0.121 0.12 0.119 0.12 0.122 0.123 0.124 0.126 0.127 0.128 0.129 0.131 0.128 0.118 0.109 0.1 0.09 0.081 0.071 0.066 0.064 0.061 0.059 0.056 0.054 0.051 0.049 0.047 0.044 0.043 0.041 0.04 0.039 0.038 0.036 0.035 0.035 0.034 0.033 0.033 0.032 0.032 0.03 0.028 0.026 0.024 0.022 0.02 0.019 0.017 0.015 0.013 0.012 0.011 0.011 0.01 0.009 0.009 0.009 0.009 0.009 0.01 0.01 0.011 0.011 0.011 0.012 0.012 0.013 0.014 0.016 0.018 0.019 0.021 0.023 0.024 0.026 0.027 0.029 0.029 0.029 0.029 0.029 0.029 0.029 0.029
1.09 0.986 0.883 0.802 0.759 0.715 0.671 0.627 0.584 0.54 0.496 0.455 0.449 0.444 0.438 0.432 0.427 0.421 0.415 0.41 0.406 0.402 0.399 0.395 0.391 0.388 0.384 0.38 0.369 0.356 0.343 0.33 0.317 0.304 0.291 0.278 0.262 0.245 0.227 0.21 0.192 0.175 0.157 0.14 0.132 0.132 0.131 0.13 0.129 0.128 0.127 0.127 0.126 0.127 0.129 0.13 0.131 0.132 0.134 0.135 0.136 0.135 0.126 0.116 0.107 0.097 0.088 0.078 0.069 0.064 0.061 0.059 0.057 0.054 0.052 0.049 0.047 0.044 0.043 0.041 0.04 0.039 0.038 0.036 0.035 0.034 0.034 0.033 0.032 0.032 0.031 0.03 0.03 0.028 0.026 0.024 0.022 0.02 0.018 0.017 0.015 0.013 0.012 0.011 0.011 0.01 0.009 0.009 0.008 0.008 0.009 0.009 0.009 0.01 0.01 0.011 0.011 0.011 0.012 0.014 0.015 0.017 0.019 0.02 0.022 0.023 0.025 0.027 0.027 0.027 0.027 0.027 0.027 0.027 0.027 0.027
1.132 1.029 0.925 0.846 0.802 0.758 0.714 0.671 0.627 0.583 0.539 0.495 0.462 0.456 0.451 0.445 0.439 0.434 0.428 0.423 0.419 0.415 0.411 0.408 0.404 0.4 0.397 0.393 0.389 0.376 0.363 0.35 0.337 0.324 0.311 0.298 0.283 0.265 0.248 0.23 0.212 0.195 0.177 0.16 0.142 0.139 0.138 0.137 0.136 0.135 0.134 0.134 0.133 0.134 0.135 0.137 0.138 0.139 0.141 0.142 0.142 0.133 0.123 0.114 0.104 0.095 0.086 0.076 0.067 0.062 0.059 0.057 0.054 0.052 0.05 0.047 0.045 0.043 0.042 0.04 0.039 0.038 0.037 0.035 0.034 0.033 0.032 0.032 0.031 0.031 0.03 0.029 0.029 0.028 0.026 0.024 0.022 0.02 0.018 0.017 0.015 0.013 0.012 0.011 0.011 0.01 0.009 0.009 0.008 0.008 0.008 0.008 0.009 0.009 0.009 0.01 0.01 0.011 0.011 0.013 0.015 0.016 0.018 0.019 0.021 0.023 0.024 0.025 0.025 0.025 0.025 0.025 0.025 0.025 0.025 0.025
1.174 1.071 0.968 0.889 0.845 0.801 0.758 0.714 0.67 0.626 0.582 0.539 0.495 0.469 0.464 0.458 0.452 0.447 0.441 0.435 0.432 0.428 0.424 0.421 0.417 0.413 0.41 0.406 0.402 0.396 0.383 0.37 0.357 0.344 0.331 0.318 0.303 0.285 0.268 0.25 0.233 0.215 0.198 0.18 0.163 0.145 0.145 0.144 0.143 0.142 0.141 0.14 0.14 0.141 0.142 0.144 0.145 0.146 0.148 0.149 0.14 0.13 0.121 0.112 0.102 0.093 0.083 0.074 0.065 0.06 0.057 0.055 0.052 0.05 0.047 0.045 0.043 0.042 0.04 0.039 0.038 0.037 0.036 0.034 0.033 0.032 0.031 0.031 0.03 0.03 0.029 0.028 0.028 0.027 0.026 0.024 0.022 0.02 0.018 0.017 0.015 0.013 0.012 0.011 0.011 0.01 0.009 0.009 0.008 0.008 0.007 0.007 0.008 0.008 0.009 0.009 0.009 0.01 0.011 0.012 0.014 0.015 0.017 0.019 0.02 0.022 0.023 0.023 0.023 0.023 0.023 0.023 0.023 0.023 0.023 0.023
1.216 1.113 1.01 0.932 0.888 0.845 0.801 0.757 0.713 0.669 0.626 0.582 0.538 0.494 0.476 0.471 0.465 0.459 0.454 0.448 0.444 0.441 0.437 0.433 0.43 0.426 0.422 0.419 0.415 0.411 0.404 0.391 0.378 0.365 0.352 0.339 0.323 0.305 0.288 0.27 0.253 0.235 0.218 0.2 0.183 0.165 0.151 0.151 0.15 0.149 0.148 0.147 0.147 0.148 0.149 0.151 0.152 0.153 0.155 0.147 0.138 0.128 0.119 0.109 0.1 0.091 0.081 0.072 0.062 0.058 0.055 0.053 0.05 0.048 0.045 0.043 0.042 0.041 0.039 0.038 0.037 0.036 0.034 0.033 0.032 0.031 0.03 0.03 0.029 0.028 0.028 0.027 0.027 0.026 0.025 0.024 0.022 0.02 0.018 0.016 0.015 0.013 0.012 0.011 0.011 0.01 0.009 0.009 0.008 0.008 0.007 0.007 0.007 0.007 0.008 0.008 0.009 0.009 0.01 0.011 0.013 0.015 0.016 0.018 0.019 0.021 0.021 0.021 0.021 0.021 0.021 0.02 0.02 0.02 0.02 0.02
1.259 1.155 1.052 0.975 0.932 0.888 0.844 0.8 0.756 0.713 0.669 0.625 0.581 0.538 0.494 0.484 0.478 0.472 0.467 0.461 0.457 0.454 0.45 0.446 0.443 0.439 0.435 0.432 0.428 0.424 0.421 0.411 0.398 0.385 0.372 0.359 0.343 0.326 0.308 0.291 0.273 0.256 0.238 0.22 0.203 0.185 0.168 0.157 0.157 0.156 0.155 0.154 0.154 0.155 0.156 0.158 0.159 0.16 0.154 0.145 0.135 0.126 0.117 0.107 0.098 0.088 0.079 0.07 0.06 0.055 0.053 0.051 0.048 0.046 0.043 0.042 0.041 0.04 0.038 0.037 0.036 0.035 0.033 0.032 0.031 0.03 0.029 0.029 0.028 0.027 0.027 0.026 0.026 0.025 0.024 0.024 0.022 0.02 0.018 0.016 0.015 0.013 0.012 0.011 0.011 0.01 0.009 0.009 0.008 0.007 0.007 0.006 0.006 0.007 0.007 0.007 0.008 0.008 0.009 0.011 0.012 0.014 0.015 0.017 0.019 0.019 0.019 0.019 0.018 0.018 0.018 0.018 0.018 0.018 0.018 0.018
1.301 1.198 1.094 1.019 0.975 0.931 0.887 0.843 0.8 0.756 0.712 0.668 0.625 0.581 0.537 0.496 0.491 0.485 0.479 0.474 0.47 0.466 0.463 0.459 0.455 0.452 0.448 0.444 0.441 0.437 0.433 0.43 0.418 0.405 0.392 0.379 0.363 0.346 0.328 0.311 0.293 0.276 0.258 0.241 0.223 0.206 0.188 0.171 0.164 0.163 0.162 0.161 0.161 0.162 0.163 0.164 0.166 0.161 0.152 0.143 0.133 0.124 0.114 0.105 0.096 0.086 0.077 0.067 0.058 0.053 0.051 0.048 0.046 0.044 0.042 0.041 0.04 0.038 0.037 0.036 0.035 0.034 0.032 0.031 0.03 0.029 0.028 0.028 0.027 0.026 0.026 0.025 0.025 0.024 0.023 0.023 0.022 0.02 0.018 0.016 0.014 0.013 0.012 0.011 0.011 0.01 0.009 0.009 0.008 0.007 0.007 0.006 0.006 0.006 0.006 0.007 0.007 0.007 0.008 0.01 0.011 0.013 0.015 0.016 0.016 0.016 0.016 0.016 0.016 0.016 0.016 0.016 0.016 0.016 0.016 0.016
1.343 1.24 1.137 1.062 1.018 0.974 0.93 0.887 0.843 0.799 0.755 0.712 0.668 0.624 0.58 0.537 0.504 0.498 0.492 0.487 0.483 0.479 0.476 0.472 0.468 0.465 0.461 0.457 0.454 0.45 0.446 0.443 0.438 0.425 0.412 0.399 0.384 0.366 0.349 0.331 0.314 0.296 0.278 0.261 0.243 0.226 0.208 0.191 0.173 0.17 0.169 0.168 0.167 0.169 0.17 0.171 0.169 0.159 0.15 0.14 0.131 0.122 0.112 0.103 0.093 0.084 0.075 0.065 0.056 0.051 0.049 0.046 0.044 0.042 0.041 0.04 0.039 0.037 0.036 0.035 0.034 0.032 0.031 0.03 0.029 0.028 0.027 0.026 0.026 0.025 0.025 0.024 0.023 0.023 0.022 0.022 0.021 0.02 0.018 0.016 0.014 0.013 0.012 0.011 0.01 0.01 0.009 0.009 0.008 0.007 0.007 0.006 0.006 0.005 0.005 0.006 0.006 0.007 0.007 0.009 0.011 0.012 0.014 0.014 0.014 0.014 0.014 0.014 0.014 0.014 0.014 0.014 0.014 0.014 0.014 0.014
1.386 1.282 1.179 1.105 1.061 1.018 0.974 0.93 0.886 0.842 0.799 0.755 0.711 0.667 0.624 0.58 0.536 0.511 0.505 0.499 0.496 0.492 0.488 0.485 0.481 0.477 0.474 0.47 0.466 0.463 0.459 0.455 0.452 0.446 0.433 0.42 0.404 0.386 0.369 0.351 0.334 0.316 0.299 0.281 0.264 0.246 0.228 0.211 0.193 0.176 0.176 0.175 0.174 0.176 0.177 0.176 0.166 0.157 0.148 0.138 0.129 0.119 0.11 0.101 0.091 0.082 0.072 0.063 0.053 0.049 0.047 0.044 0.042 0.041 0.04 0.039 0.038 0.036 0.035 0.034 0.033 0.031 0.03 0.029 0.028 0.027 0.026 0.025 0.025 0.024 0.024 0.023 0.022 0.022 0.021 0.021 0.02 0.019 0.018 0.016 0.014 0.013 0.012 0.011 0.01 0.01 0.009 0.009 0.008 0.007 0.007 0.006 0.006 0.005 0.005 0.005 0.005 0.006 0.007 0.008 0.01 0.011 0.012 0.012 0.012 0.012 0.012 0.012 0.012 0.012 0.012 0.012 0.012 0.012 0.011 0.012
1.428 1.325 1.221 1.148 1.105 1.061 1.017 0.973 0.929 0.886 0.842 0.798 0.754 0.711 0.667 0.623 0.579 0.536 0.518 0.512 0.509 0.505 0.501 0.498 0.494 0.49 0.487 0.483 0.479 0.476 0.472 0.468 0.465 0.461 0.453 0.44 0.424 0.407 0.389 0.371 0.354 0.336 0.319 0.301 0.284 0.266 0.249 0.231 0.214 0.196 0.183 0.182 0.181 0.183 0.183 0.174 0.164 0.155 0.145 0.136 0.127 0.117 0.108 0.098 0.089 0.079 0.07 0.061 0.051 0.047 0.045 0.043 0.041 0.04 0.039 0.038 0.036 0.035 0.034 0.033 0.032 0.03 0.029 0.028 0.027 0.026 0.025 0.024 0.024 0.023 0.023 0.022 0.021 0.021 0.02 0.019 0.019 0.018 0.018 0.016 0.014 0.012 0.012 0.011 0.01 0.01 0.009 0.009 0.008 0.007 0.007 0.006 0.006 0.005 0.004 0.004 0.005 0.005 0.006 0.007 0.009 0.01 0.01 0.01 0.01 0.01 0.01 0.01 0.01 0.01 0.009 0.009 0.009 0.009 0.009 0.009
1.47 1.367 1.264 1.192 1.148 1.104 1.06 1.016 0.973 0.929 0.885 0.841 0.798 0.754 0.71 0.666 0.623 0.579 0.535 0.525 0.522 0.518 0.514 0.51 0.507 0.503 0.499 0.496 0.492 0.488 0.485 0.481 0.477 0.474 0.47 0.46 0.444 0.427 0.409 0.392 0.374 0.357 0.339 0.322 0.304 0.286 0.269 0.251 0.234 0.216 0.199 0.189 0.188 0.19 0.181 0.171 0.162 0.153 0.143 0.134 0.124 0.115 0.105 0.096 0.087 0.077 0.068 0.058 0.049 0.045 0.043 0.042 0.04 0.039 0.038 0.037 0.035 0.034 0.033 0.032 0.03 0.029 0.028 0.027 0.025 0.024 0.024 0.023 0.023 0.022 0.021 0.021 0.02 0.02 0.019 0.018 0.018 0.017 0.017 0.016 0.014 0.012 0.012 0.011 0.01 0.01 0.009 0.009 0.008 0.007 0.007 0.006 0.006 0.005 0.004 0.004 0.004 0.004 0.005 0.007 0.008 0.008 0.008 0.008 0.008 0.008 0.008 0.007 0.007 0.007 0.007 0.007 0.007 0.007 0.007 0.007
1.475 1.374 1.272 1.228 1.184 1.141 1.098 1.054 1.011 0.968 0.924 0.881 0.838 0.794 0.751 0.708 0.664 0.621 0.577 0.538 0.534 0.531 0.527 0.523 0.52 0.516 0.512 0.509 0.505 0.501 0.498 0.494 0.49 0.487 0.483 0.479 0.464 0.447 0.429 0.412 0.394 0.377 0.359 0.342 0.324 0.307 0.289 0.272 0.254 0.236 0.219 0.201 0.195 0.188 0.179 0.169 0.16 0.15 0.141 0.132 0.122 0.113 0.103 0.094 0.084 0.075 0.066 0.056 0.047 0.043 0.042 0.04 0.039 0.038 0.037 0.036 0.034 0.033 0.032 0.031 0.029 0.028 0.027 0.026 0.024 0.023 0.023 0.022 0.022 0.021 0.02 0.02 0.019 0.019 0.018 0.017 0.017 0.016 0.016 0.015 0.014 0.012 0.012 0.011 0.01 0.01 0.009 0.009 0.008 0.007 0.007 0.006 0.006 0.005 0.004 0.004 0.003 0.003 0.004 0.006 0.006 0.006 0.006 0.005 0.005 0.005 0.005 0.005 0.005 0.005 0.005 0.005 0.005 0.005 0.005 0.005
1.4 1.298 1.26 1.24 1.201 1.158 1.115 1.071 1.028 0.985 0.941 0.898 0.855 0.811 0.768 0.725 0.681 0.638 0.594 0.553 0.534 0.53 0.527 0.523 0.52 0.516 0.513 0.509 0.506 0.503 0.499 0.496 0.492 0.489 0.485 0.482 0.469 0.452 0.435 0.417 0.4 0.383 0.366 0.349 0.332 0.314 0.297 0.28 0.263 0.246 0.228 0.211 0.198 0.188 0.179 0.169 0.16 0.15 0.141 0.131 0.122 0.112 0.103 0.093 0.084 0.074 0.065 0.055 0.046 0.043 0.041 0.04 0.039 0.037 0.036 0.035 0.034 0.032 0.031 0.03 0.028 0.027 0.026 0.025 0.023 0.022 0.022 0.021 0.02 0.02 0.019 0.019 0.018 0.017 0.017 0.016 0.016 0.015 0.014 0.014 0.013 0.012 0.012 0.011 0.01 0.01 0.009 0.009 0.008 0.007 0.007 0.006 0.006 0.005 0.004 0.004 0.003 0.003 0.003 0.003 0.003 0.003 0.003 0.003 0.003 0.003 0.003 0.003 0.003 0.003 0.003 0.003 0.003 0.003 0.003 0.003
1.324 1.271 1.27 1.25 1.216 1.175 1.132 1.088 1.045 1.002 0.958 0.915 0.872 0.828 0.785 0.742 0.698 0.655 0.612 0.57 0.544 0.529 0.526 0.523 0.519 0.516 0.512 0.509 0.505 0.502 0.498 0.495 0.491 0.488 0.485 0.481 0.468 0.451 0.434 0.416 0.399 0.382 0.365 0.348 0.331 0.313 0.296 0.279 0.262 0.245 0.227 0.213 0.201 0.192 0.182 0.173 0.163 0.154 0.144 0.135 0.125 0.116 0.106 0.097 0.087 0.078 0.068 0.059 0.055 0.047 0.045 0.043 0.042 0.041 0.039 0.038 0.037 0.035 0.034 0.033 0.031 0.03 0.029 0.028 0.026 0.025 0.024 0.024 0.023 0.022 0.022 0.021 0.02 0.02 0.019 0.018 0.018 0.017 0.016 0.016 0.015 0.012 0.012 0.011 0.01 0.01 0.009 0.009 0.008 0.007 0.007 0.006 0.006 0.005 0.004 0.004 0.003 0.002 0.002 0.002 0.002 0.002 0.002 0.002 0.002 0.001 0.001 0.001 0.001 0.001 0.001 0.001 0.001 0.001 0.001 0.001
1.282 1.281 1.28 1.26 1.226 1.191 1.149 1.105 1.062 1.019 0.975 0.932 0.889 0.845 0.802 0.759 0.715 0.672 0.629 0.588 0.562 0.536 0.525 0.522 0.518 0.515 0.511 0.508 0.504 0.501 0.498 0.494 0.491 0.487 0.484 0.48 0.467 0.45 0.433 0.416 0.398 0.381 0.364 0.347 0.33 0.312 0.295 0.278 0.261 0.244 0.228 0.216 0.205 0.195 0.186 0.176 0.167 0.157 0.148 0.138 0.129 0.119 0.11 0.1 0.091 0.081 0.072 0.067 0.064 0.056 0.048 0.046 0.045 0.044 0.042 0.041 0.04 0.039 0.037 0.036 0.035 0.033 0.032 0.031 0.029 0.028 0.028 0.027 0.026 0.026 0.025 0.024 0.024 0.023 0.022 0.022 0.021 0.02 0.019 0.019 0.017 0.012 0.012 0.011 0.01 0.01 0.009 0.008 0.008 0.007 0.007 0.006 0.005 0.005 0.004 0.004 0.003 0.002 0.002 0.002 0.002 0.002 0.002 0.002 0.002 0.001 0.001 0.001 0.001 0.001 0.001 0.001 0.001 0.001 0.001 0.001
1.292 1.291 1.29 1.269 1.235 1.201 1.166 1.122 1.079 1.036 0.992 0.949 0.906 0.862 0.819 0.776 0.732 0.689 0.646 0.605 0.579 0.553 0.527 0.521 0.518 0.514 0.511 0.507 0.504 0.5 0.497 0.493 0.49 0.486 0.483 0.48 0.466 0.449 0.432 0.415 0.397 0.38 0.363 0.346 0.329 0.311 0.294 0.277 0.26 0.244 0.232 0.22 0.208 0.199 0.189 0.18 0.17 0.161 0.151 0.142 0.132 0.123 0.113 0.104 0.094 0.085 0.079 0.076 0.073 0.066 0.057 0.049 0.048 0.047 0.046 0.044 0.043 0.042 0.04 0.039 0.038 0.036 0.035 0.034 0.033 0.031 0.031 0.03 0.029 0.029 0.028 0.027 0.027 0.026 0.025 0.025 0.024 0.023 0.023 0.021 0.017 0.012 0.011 0.011 0.01 0.01 0.009 0.008 0.008 0.007 0.007 0.006 0.005 0.005 0.004 0.004 0.003 0.002 0.002 0.002 0.002 0.002 0.002 0.002 0.002 0.001 0.001 0.001 0.001 0.001 0.001 0.001 0.001 0.001 0.001 0.001
1.302 1.301 1.301 1.279 1.245 1.211 1.177 1.139 1.096 1.053 1.009 0.966 0.923 0.879 0.836 0.793 0.749 0.706 0.663 0.622 0.596 0.57 0.544 0.52 0.517 0.513 0.51 0.506 0.503 0.499 0.496 0.493 0.489 0.486 0.482 0.479 0.465 0.448 0.431 0.414 0.396 0.379 0.362 0.345 0.328 0.31 0.293 0.276 0.259 0.247 0.235 0.223 0.212 0.202 0.193 0.183 0.174 0.164 0.155 0.145 0.136 0.126 0.117 0.107 0.098 0.091 0.088 0.085 0.083 0.075 0.066 0.057 0.051 0.05 0.049 0.047 0.046 0.045 0.043 0.042 0.041 0.04 0.038 0.037 0.036 0.035 0.034 0.033 0.033 0.032 0.031 0.031 0.03 0.029 0.029 0.028 0.027 0.026 0.026 0.021 0.017 0.012 0.011 0.011 0.01 0.01 0.009 0.008 0.008 0.007 0.007 0.006 0.005 0.005 0.004 0.004 0.003 0.002 0.002 0.002 0.002 0.002 0.002 0.002 0.001 0.001 0.001 0.001 0.001 0.001 0.001 0.001 0.001 0.001 0.001 0.001
1.312 1.312 1.311 1.289 1.255 1.221 1.186 1.152 1.113 1.07 1.026 0.983 0.94 0.896 0.853 0.81 0.766 0.723 0.68 0.64 0.614 0.587 0.561 0.535 0.516 0.513 0.509 0.506 0.502 0.499 0.495 0.492 0.488 0.485 0.481 0.478 0.464 0.447 0.43 0.413 0.395 0.378 0.361 0.344 0.327 0.309 0.292 0.275 0.262 0.25 0.238 0.226 0.215 0.206 0.196 0.187 0.177 0.168 0.158 0.149 0.139 0.13 0.12 0.111 0.103 0.1 0.097 0.095 0.092 0.084 0.075 0.066 0.057 0.053 0.052 0.051 0.049 0.048 0.047 0.045 0.044 0.043 0.041 0.04 0.039 0.038 0.037 0.036 0.036 0.035 0.034 0.034 0.033 0.032 0.032 0.031 0.03 0.03 0.026 0.021 0.016 0.012 0.011 0.011 0.01 0.01 0.009 0.008 0.008 0.007 0.006 0.006 0.005 0.005 0.004 0.003 0.003 0.002 0.002 0.002 0.002 0.002 0.002 0.002 0.001 0.001 0.001 0.001 0.001 0.001 0.001 0.001 0.001 0.001 0.0 0.0
1.323 1.322 1.321 1.299 1.264 1.23 1.196 1.162 1.128 1.087 1.043 1.0 0.957 0.913 0.87 0.827 0.783 0.74 0.697 0.657 0.631 0.605 0.579 0.553 0.526 0.512 0.508 0.505 0.501 0.498 0.494 0.491 0.488 0.484 0.481 0.477 0.463 0.446 0.429 0.412 0.394 0.377 0.36 0.343 0.326 0.308 0.291 0.278 0.266 0.254 0.242 0.23 0.219 0.209 0.2 0.19 0.181 0.171 0.162 0.152 0.143 0.133 0.124 0.115 0.112 0.109 0.107 0.104 0.101 0.093 0.084 0.075 0.066 0.057 0.055 0.054 0.052 0.051 0.05 0.048 0.047 0.046 0.045 0.043 0.042 0.041 0.04 0.04 0.039 0.038 0.038 0.037 0.036 0.035 0.035 0.034 0.033 0.03 0.025 0.021 0.016 0.012 0.011 0.011 0.01 0.009 0.009 0.008 0.008 0.007 0.006 0.006 0.005 0.005 0.004 0.003 0.003 0.002 0.002 0.002 0.002 0.002 0.002 0.002 0.001 0.001 0.001 0.001 0.001 0.001 0.001 0.001 0.001 0.001 0.0 0.0
1.333 1.332 1.331 1.308 1.274 1.24 1.206 1.172 1.137 1.103 1.06 1.017 0.974 0.93 0.887 0.844 0.8 0.757 0.714 0.674 0.648 0.622 0.596 0.57 0.544 0.518 0.508 0.504 0.501 0.497 0.494 0.49 0.487 0.483 0.48 0.476 0.462 0.445 0.428 0.411 0.393 0.376 0.359 0.342 0.325 0.307 0.293 0.281 0.269 0.257 0.245 0.233 0.222 0.213 0.203 0.194 0.184 0.175 0.165 0.156 0.146 0.137 0.127 0.124 0.121 0.119 0.116 0.113 0.111 0.102 0.093 0.084 0.076 0.067 0.058 0.057 0.056 0.054 0.053 0.052 0.05 0.049 0.048 0.046 0.045 0.044 0.043 0.043 0.042 0.041 0.041 0.04 0.039 0.039 0.038 0.037 0.034 0.03 0.025 0.021 0.016 0.012 0.011 0.011 0.01 0.009 0.009 0.008 0.008 0.007 0.006 0.006 0.005 0.005 0.004 0.003 0.003 0.002 0.002 0.002 0.002 0.002 0.002 0.002 0.001 0.001 0.001 0.001 0.001 0.001 0.001 0.001 0.001 0.001 0.0 0.0
1.343 1.342 1.342 1.318 1.284 1.25 1.215 1.181 1.147 1.113 1.077 1.034 0.991 0.947 0.904 0.861 0.817 0.774 0.731 0.692 0.665 0.639 0.613 0.587 0.561 0.535 0.509 0.503 0.5 0.496 0.493 0.49 0.486 0.483 0.479 0.476 0.461 0.444 0.427 0.41 0.392 0.375 0.358 0.341 0.324 0.309 0.297 0.285 0.273 0.261 0.249 0.237 0.226 0.216 0.207 0.197 0.188 0.178 0.169 0.159 0.15 0.14 0.136 0.133 0.131 0.128 0.125 0.123 0.12 0.111 0.103 0.094 0.085 0.076 0.067 0.06 0.059 0.057 0.056 0.055 0.053 0.052 0.051 0.049 0.048 0.047 0.047 0.046 0.045 0.044 0.044 0.043 0.042 0.042 0.041 0.039 0.034 0.03 0.025 0.021 0.016 0.012 0.011 0.011 0.01 0.009 0.009 0.008 0.008 0.007 0.006 0.006 0.005 0.004 0.004 0.003 0.003 0.002 0.002 0.002 0.002 0.002 0.001 0.001 0.001 0.001 0.001 0.001 0.001 0.001 0.001 0.001 0.001 0.0 0.0 0.0
1.353 1.353 1.352 1.328 1.294 1.259 1.225 1.191 1.157 1.123 1.088 1.051 1.008 0.964 0.921 0.878 0.834 0.791 0.748 0.709 0.683 0.657 0.631 0.604 0.578 0.552 0.526 0.503 0.499 0.496 0.492 0.489 0.485 0.482 0.478 0.475 0.46 0.443 0.426 0.409 0.391 0.374 0.357 0.34 0.324 0.312 0.3 0.288 0.276 0.264 0.252 0.24 0.229 0.22 0.21 0.201 0.191 0.181 0.172 0.162 0.153 0.148 0.145 0.143 0.14 0.137 0.135 0.132 0.129 0.121 0.112 0.103 0.094 0.085 0.076 0.067 0.062 0.06 0.059 0.058 0.057 0.055 0.054 0.053 0.051 0.05 0.05 0.049 0.048 0.048 0.047 0.046 0.046 0.045 0.043 0.039 0.034 0.03 0.025 0.02 0.016 0.012 0.011 0.01 0.01 0.009 0.009 0.008 0.007 0.007 0.006 0.006 0.005 0.004 0.004 0.003 0.002 0.002 0.002 0.002 0.002 0.001 0.001 0.001 0.001 0.001 0.001 0.001 0.001 0.001 0.001 0.001 0.001 0.0 0.0 0.0
1.364 1.363 1.362 1.337 1.303 1.269 1.235 1.201 1.167 1.132 1.098 1.064 1.025 0.981 0.938 0.895 0.851 0.808 0.765 0.726 0.7 0.674 0.648 0.622 0.596 0.57 0.543 0.517 0.498 0.495 0.491 0.488 0.485 0.481 0.478 0.474 0.459 0.442 0.425 0.408 0.39 0.373 0.356 0.34 0.328 0.316 0.304 0.292 0.28 0.268 0.256 0.244 0.232 0.223 0.213 0.204 0.194 0.185 0.175 0.166 0.16 0.157 0.155 0.152 0.149 0.147 0.144 0.141 0.139 0.13 0.121 0.112 0.103 0.094 0.085 0.076 0.068 0.064 0.062 0.061 0.06 0.058 0.057 0.056 0.054 0.053 0.053 0.052 0.051 0.051 0.05 0.049 0.049 0.047 0.043 0.038 0.034 0.029 0.025 0.02 0.016 0.012 0.011 0.01 0.01 0.009 0.009 0.008 0.007 0.007 0.006 0.006 0.005 0.004 0.004 0.003 0.002 0.002 0.002 0.001 0.001 0.001 0.001 0.001 0.001 0.001 0.001 0.001 0.001 0.001 0.001 0.001 0.001 0.0 0.0 0.0
1.374 1.373 1.372 1.347 1.313 1.279 1.245 1.21 1.176 1.142 1.108 1.074 1.039 0.998 0.955 0.912 0.868 0.825 0.782 0.743 0.717 0.691 0.665 0.639 0.613 0.587 0.561 0.535 0.508 0.494 0.491 0.487 0.484 0.48 0.477 0.473 0.458 0.441 0.424 0.407 0.389 0.372 0.355 0.343 0.331 0.319 0.307 0.295 0.283 0.271 0.259 0.247 0.236 0.226 0.217 0.207 0.198 0.188 0.179 0.172 0.169 0.166 0.164 0.161 0.158 0.156 0.153 0.15 0.148 0.139 0.13 0.121 0.112 0.103 0.095 0.086 0.077 0.068 0.065 0.064 0.063 0.062 0.06 0.059 0.058 0.057 0.056 0.055 0.055 0.054 0.053 0.053 0.052 0.047 0.043 0.038 0.034 0.029 0.025 0.02 0.016 0.012 0.011 0.01 0.01 0.009 0.009 0.008 0.007 0.007 0.006 0.005 0.005 0.004 0.004 0.003 0.002 0.002 0.001 0.001 0.001 0.001 0.001 0.001 0.001 0.001 0.001 0.001 0.001 0.001 0.001 0.001 0.001 0.0 0.0 0.0
1.384 1.383 1.383 1.357 1.323 1.289 1.254 1.22 1.186 1.152 1.118 1.083 1.049 1.015 0.972 0.929 0.885 0.842 0.799 0.761 0.735 0.709 0.682 0.656 0.63 0.604 0.578 0.552 0.526 0.5 0.49 0.486 0.483 0.48 0.476 0.473 0.457 0.44 0.423 0.406 0.388 0.371 0.358 0.346 0.334 0.322 0.31 0.298 0.286 0.274 0.262 0.25 0.239 0.23 0.22 0.211 0.201 0.192 0.184 0.181 0.178 0.176 0.173 0.17 0.168 0.165 0.162 0.16 0.157 0.148 0.139 0.13 0.122 0.113 0.104 0.095 0.086 0.077 0.069 0.067 0.066 0.065 0.063 0.062 0.061 0.06 0.059 0.058 0.058 0.057 0.056 0.056 0.052 0.047 0.043 0.038 0.034 0.029 0.025 0.02 0.016 0.011 0.011 0.01 0.01 0.009 0.008 0.008 0.007 0.007 0.006 0.005 0.005 0.004 0.003 0.003 0.002 0.002 0.001 0.001 0.001 0.001 0.001 0.001 0.001 0.001 0.001 0.001 0.001 0.001 0.001 0.001 0.0 0.0 0.0 0.0
1.394 1.394 1.393 1.367 1.332 1.298 1.264 1.23 1.196 1.161 1.127 1.093 1.059 1.025 0.989 0.946 0.902 0.859 0.816 0.778 0.752 0.726 0.7 0.674 0.648 0.621 0.595 0.569 0.543 0.517 0.491 0.486 0.482 0.479 0.475 0.472 0.456 0.439 0.422 0.405 0.387 0.374 0.362 0.35 0.338 0.326 0.314 0.302 0.29 0.278 0.266 0.254 0.243 0.233 0.224 0.214 0.205 0.196 0.193 0.19 0.188 0.185 0.182 0.18 0.177 0.174 0.172 0.169 0.166 0.157 0.149 0.14 0.131 0.122 0.113 0.104 0.095 0.086 0.077 0.07 0.069 0.068 0.066 0.065 0.064 0.063 0.062 0.062 0.061 0.06 0.06 0.056 0.052 0.047 0.043 0.038 0.034 0.029 0.024 0.02 0.015 0.011 0.011 0.01 0.01 0.009 0.008 0.008 0.007 0.007 0.006 0.005 0.005 0.004 0.003 0.003 0.002 0.002 0.001 0.001 0.001 0.001 0.001 0.001 0.001 0.001 0.001 0.001 0.001 0.001 0.001 0.001 0.0 0.0 0.0 0.0
1.405 1.404 1.403 1.376 1.342 1.308 1.274 1.24 1.205 1.171 1.137 1.103 1.069 1.034 1.0 0.963 0.92 0.876 0.833 0.795 0.769 0.743 0.717 0.691 0.665 0.639 0.613 0.586 0.56 0.534 0.508 0.485 0.481 0.478 0.475 0.471 0.455 0.438 0.421 0.404 0.389 0.377 0.365 0.353 0.341 0.329 0.317 0.305 0.293 0.281 0.269 0.257 0.246 0.237 0.227 0.218 0.208 0.205 0.202 0.2 0.197 0.194 0.192 0.189 0.186 0.184 0.181 0.178 0.175 0.167 0.158 0.149 0.14 0.131 0.122 0.113 0.104 0.095 0.086 0.078 0.072 0.071 0.07 0.068 0.067 0.066 0.065 0.065 0.064 0.063 0.06 0.056 0.051 0.047 0.042 0.038 0.033 0.029 0.024 0.02 0.015 0.011 0.011 0.01 0.01 0.009 0.008 0.008 0.007 0.006 0.006 0.005 0.005 0.004 0.003 0.003 0.002 0.001 0.001 0.001 0.001 0.001 0.001 0.001 0.001 0.001 0.001 0.001 0.001 0.001 0.001 0.001 0.0 0.0 0.0 0.0
1.415 1.414 1.413 1.386 1.352 1.318 1.283 1.249 1.215 1.181 1.147 1.113 1.078 1.044 1.01 0.976 0.937 0.893 0.85 0.813 0.787 0.76 0.734 0.708 0.682 0.656 0.63 0.604 0.578 0.552 0.525 0.499 0.481 0.477 0.474 0.47 0.454 0.437 0.42 0.405 0.393 0.381 0.369 0.357 0.345 0.333 0.321 0.309 0.297 0.285 0.273 0.261 0.25 0.24 0.231 0.221 0.217 0.214 0.212 0.209 0.206 0.204 0.201 0.198 0.196 0.193 0.19 0.188 0.185 0.176 0.167 0.158 0.149 0.14 0.131 0.122 0.113 0.105 0.096 0.087 0.078 0.074 0.073 0.071 0.07 0.069 0.069 0.068 0.067 0.065 0.06 0.056 0.051 0.047 0.042 0.038 0.033 0.029 0.024 0.02 0.015 0.011 0.011 0.01 0.009 0.009 0.008 0.008 0.007 0.006 0.006 0.005 0.004 0.004 0.003 0.003 0.002 0.001 0.001 0.001 0.001 0.001 0.001 0.001 0.001 0.001 0.001 0.001 0.001 0.001 0.001 0.001 0.0 0.0 0.0 0.0
1.425 1.424 1.424 1.396 1.362 1.327 1.293 1.259 1.225 1.191 1.156 1.122 1.088 1.054 1.02 0.985 0.951 0.91 0.867 0.83 0.804 0.778 0.752 0.726 0.699 0.673 0.647 0.621 0.595 0.569 0.543 0.517 0.491 0.476 0.473 0.47 0.453 0.436 0.42 0.408 0.396 0.384 0.372 0.36 0.348 0.336 0.324 0.312 0.3 0.288 0.276 0.264 0.253 0.244 0.234 0.229 0.226 0.224 0.221 0.218 0.216 0.213 0.21 0.208 0.205 0.202 0.2 0.197 0.194 0.185 0.176 0.167 0.158 0.149 0.14 0.132 0.123 0.114 0.105 0.096 0.087 0.078 0.076 0.075 0.073 0.072 0.072 0.071 0.069 0.065 0.06 0.056 0.051 0.047 0.042 0.038 0.033 0.029 0.024 0.02 0.015 0.011 0.011 0.01 0.009 0.009 0.008 0.008 0.007 0.006 0.006 0.005 0.004 0.004 0.003 0.003 0.002 0.001 0.001 0.001 0.001 0.001 0.001 0.001 0.001 0.001 0.001 0.001 0.001 0.001 0.001 0.0 0.0 0.0 0.0 0.0
1.435 1.435 1.434 1.405 1.371 1.337 1.303 1.269 1.235 1.2 1.166 1.132 1.098 1.064 1.029 0.995 0.961 0.927 0.884 0.847 0.821 0.795 0.769 0.743 0.717 0.691 0.664 0.638 0.612 0.586 0.56 0.534 0.508 0.482 0.472 0.469 0.452 0.436 0.424 0.412 0.4 0.388 0.376 0.364 0.352 0.34 0.328 0.316 0.303 0.291 0.279 0.267 0.257 0.247 0.241 0.238 0.236 0.233 0.23 0.228 0.225 0.222 0.22 0.217 0.214 0.212 0.209 0.206 0.203 0.194 0.185 0.176 0.167 0.159 0.15 0.141 0.132 0.123 0.114 0.105 0.096 0.087 0.079 0.078 0.076 0.076 0.075 0.074 0.069 0.065 0.06 0.056 0.051 0.047 0.042 0.038 0.033 0.028 0.024 0.019 0.015 0.011 0.011 0.01 0.009 0.009 0.008 0.007 0.007 0.006 0.006 0.005 0.004 0.004 0.003 0.002 0.002 0.001 0.001 0.001 0.001 0.001 0.001 0.001 0.001 0.001 0.001 0.001 0.001 0.001 0.001 0.0 0.0 0.0 0.0 0.0
1.446 1.445 1.444 1.415 1.381 1.347 1.313 1.278 1.244 1.21 1.176 1.142 1.107 1.073 1.039 1.005 0.971 0.936 0.901 0.865 0.838 0.812 0.786 0.76 0.734 0.708 0.682 0.656 0.63 0.603 0.577 0.551 0.525 0.499 0.473 0.468 0.451 0.439 0.427 0.415 0.403 0.391 0.379 0.367 0.355 0.343 0.331 0.319 0.307 0.295 0.283 0.271 0.26 0.253 0.25 0.248 0.245 0.242 0.24 0.237 0.234 0.232 0.229 0.226 0.224 0.221 0.218 0.216 0.212 0.203 0.194 0.186 0.177 0.168 0.159 0.15 0.141 0.132 0.123 0.114 0.105 0.097 0.088 0.081 0.08 0.079 0.078 0.074 0.069 0.064 0.06 0.055 0.051 0.046 0.042 0.037 0.033 0.028 0.024 0.019 0.015 0.011 0.011 0.01 0.009 0.009 0.008 0.007 0.007 0.006 0.006 0.005 0.004 0.004 0.003 0.002 0.002 0.001 0.001 0.001 0.001 0.001 0.001 0.001 0.001 0.001 0.001 0.001 0.001 0.0 0.0 0.0 0.0 0.0 0.0 0.0
1.438 1.438 1.433 1.415 1.382 1.348 1.314 1.28 1.247 1.213 1.179 1.146 1.112 1.078 1.044 1.011 0.977 0.943 0.909 0.879 0.854 0.828 0.803 0.777 0.751 0.725 0.699 0.673 0.647 0.621 0.595 0.569 0.542 0.516 0.49 0.467 0.455 0.443 0.431 0.418 0.406 0.394 0.382 0.37 0.358 0.346 0.334 0.322 0.31 0.298 0.286 0.274 0.265 0.262 0.259 0.257 0.254 0.251 0.249 0.246 0.243 0.241 0.238 0.235 0.233 0.23 0.227 0.225 0.221 0.213 0.204 0.195 0.186 0.177 0.168 0.159 0.15 0.141 0.132 0.124 0.115 0.106 0.097 0.088 0.083 0.082 0.078 0.073 0.069 0.064 0.06 0.055 0.051 0.046 0.042 0.037 0.033 0.028 0.024 0.019 0.015 0.011 0.01 0.01 0.009 0.009 0.008 0.007 0.007 0.006 0.005 0.005 0.004 0.004 0.003 0.002 0.002 0.001 0.001 0.001 0.001 0.001 0.001 0.001 0.001 0.001 0.001 0.001 0.0 0.0 0.0 0.0 0.0 0.0 0.0 0.0
1.4 1.4 1.366 1.384 1.363 1.329 1.295 1.262 1.228 1.194 1.16 1.127 1.093 1.059 1.025 0.992 0.958 0.924 0.89 0.86 0.835 0.809 0.784 0.758 0.733 0.707 0.682 0.656 0.631 0.605 0.58 0.554 0.529 0.503 0.477 0.476 0.457 0.445 0.433 0.421 0.409 0.397 0.385 0.373 0.361 0.349 0.337 0.325 0.313 0.301 0.289 0.277 0.27 0.268 0.265 0.262 0.26 0.257 0.255 0.252 0.25 0.247 0.245 0.242 0.24 0.237 0.234 0.232 0.227 0.219 0.21 0.201 0.193 0.184 0.175 0.167 0.158 0.149 0.14 0.132 0.123 0.114 0.106 0.097 0.088 0.082 0.078 0.073 0.069 0.064 0.06 0.055 0.051 0.046 0.042 0.037 0.033 0.028 0.024 0.019 0.015 0.011 0.01 0.01 0.009 0.008 0.008 0.007 0.007 0.006 0.005 0.005 0.004 0.003 0.003 0.002 0.002 0.001 0.001 0.001 0.001 0.001 0.001 0.001 0.001 0.001 0.0 0.0 0.0 0.0 0.0 0.0 0.0 0.0 0.0 0.0
1.362 1.333 1.3 1.318 1.343 1.31 1.276 1.243 1.209 1.175 1.141 1.108 1.074 1.04 1.007 0.973 0.939 0.905 0.872 0.842 0.816 0.791 0.765 0.739 0.714 0.688 0.663 0.637 0.612 0.586 0.561 0.535 0.51 0.484 0.478 0.487 0.463 0.446 0.434 0.422 0.41 0.398 0.386 0.374 0.362 0.35 0.338 0.326 0.314 0.302 0.29 0.278 0.272 0.269 0.267 0.264 0.262 0.259 0.257 0.254 0.252 0.249 0.246 0.244 0.241 0.239 0.236 0.231 0.218 0.217 0.208 0.2 0.191 0.182 0.173 0.165 0.156 0.147 0.139 0.13 0.121 0.112 0.104 0.095 0.086 0.081 0.076 0.072 0.067 0.063 0.058 0.054 0.049 0.045 0.04 0.036 0.031 0.027 0.022 0.018 0.013 0.011 0.011 0.01 0.009 0.009 0.008 0.007 0.007 0.006 0.006 0.005 0.004 0.004 0.003 0.002 0.002 0.001 0.001 0.001 0.001 0.001 0.001 0.001 0.001 0.0 0.0 0.0 0.0 0.0 0.0 0.0 0.0 0.0 0.0 0.0
1.3 1.267 1.234 1.253 1.277 1.291 1.258 1.224 1.19 1.156 1.123 1.089 1.055 1.021 0.988 0.954 0.92 0.886 0.853 0.823 0.797 0.772 0.746 0.721 0.695 0.67 0.644 0.619 0.593 0.568 0.542 0.517 0.491 0.479 0.489 0.498 0.474 0.451 0.436 0.424 0.412 0.4 0.388 0.376 0.364 0.352 0.34 0.328 0.316 0.304 0.292 0.28 0.274 0.271 0.269 0.266 0.263 0.261 0.258 0.256 0.253 0.251 0.248 0.246 0.243 0.241 0.237 0.222 0.21 0.209 0.207 0.198 0.189 0.18 0.172 0.163 0.154 0.146 0.137 0.128 0.119 0.111 0.102 0.093 0.084 0.079 0.074 0.07 0.065 0.061 0.056 0.052 0.047 0.043 0.038 0.034 0.029 0.025 0.02 0.016 0.013 0.012 0.011 0.01 0.01 0.009 0.009 0.008 0.007 0.007 0.006 0.005 0.005 0.004 0.003 0.003 0.002 0.001 0.001 0.001 0.001 0.001 0.001 0.001 0.001 0.0 0.0 0.0 0.0 0.0 0.0 0.0 0.0 0.0 0.0 0.0
1.234 1.201 1.167 1.187 1.212 1.237 1.239 1.205 1.171 1.137 1.104 1.07 1.036 1.002 0.969 0.935 0.901 0.868 0.834 0.804 0.779 0.753 0.727 0.702 0.676 0.651 0.625 0.6 0.574 0.549 0.523 0.498 0.481 0.491 0.501 0.509 0.485 0.462 0.438 0.425 0.414 0.402 0.39 0.378 0.366 0.354 0.342 0.33 0.318 0.306 0.294 0.282 0.275 0.273 0.27 0.268 0.265 0.263 0.26 0.258 0.255 0.253 0.25 0.247 0.245 0.242 0.228 0.214 0.201 0.201 0.201 0.196 0.187 0.179 0.17 0.161 0.152 0.144 0.135 0.126 0.118 0.109 0.1 0.091 0.083 0.077 0.073 0.068 0.064 0.059 0.055 0.05 0.046 0.041 0.037 0.032 0.028 0.023 0.019 0.016 0.014 0.012 0.012 0.011 0.01 0.01 0.009 0.008 0.008 0.007 0.006 0.006 0.005 0.005 0.004 0.003 0.002 0.001 0.001 0.001 0.001 0.001 0.001 0.001 0.001 0.0 0.0 0.0 0.0 0.0 0.0 0.0 0.0 0.0 0.0 0.0
1.167 1.134 1.101 1.122 1.147 1.171 1.196 1.186 1.152 1.119 1.085 1.051 1.017 0.984 0.95 0.916 0.882 0.849 0.815 0.785 0.76 0.734 0.709 0.683 0.658 0.632 0.607 0.581 0.556 0.53 0.505 0.482 0.492 0.502 0.512 0.52 0.496 0.472 0.449 0.427 0.415 0.403 0.391 0.379 0.367 0.355 0.343 0.331 0.319 0.307 0.295 0.283 0.277 0.275 0.272 0.27 0.267 0.265 0.262 0.259 0.257 0.254 0.252 0.249 0.247 0.235 0.22 0.205 0.193 0.192 0.192 0.192 0.185 0.177 0.168 0.159 0.151 0.142 0.133 0.124 0.116 0.107 0.098 0.09 0.081 0.075 0.071 0.066 0.062 0.057 0.053 0.048 0.044 0.039 0.035 0.03 0.026 0.021 0.018 0.016 0.014 0.013 0.012 0.011 0.011 0.01 0.009 0.009 0.008 0.007 0.007 0.006 0.006 0.005 0.004 0.003 0.002 0.001 0.001 0.001 0.001 0.001 0.001 0.001 0.001 0.0 0.0 0.0 0.0 0.0 0.0 0.0 0.0 0.0 0.0 0.0
1.101 1.068 1.035 1.057 1.081 1.106 1.13 1.155 1.133 1.1 1.066 1.032 0.998 0.965 0.931 0.897 0.863 0.83 0.796 0.767 0.741 0.715 0.69 0.664 0.639 0.613 0.588 0.562 0.537 0.511 0.486 0.494 0.504 0.513 0.523 0.53 0.507 0.483 0.46 0.436 0.417 0.405 0.393 0.381 0.369 0.357 0.345 0.333 0.321 0.309 0.297 0.285 0.279 0.277 0.274 0.271 0.269 0.266 0.264 0.261 0.259 0.256 0.254 0.251 0.241 0.226 0.211 0.196 0.184 0.184 0.184 0.183 0.183 0.175 0.166 0.158 0.149 0.14 0.131 0.123 0.114 0.105 0.096 0.088 0.079 0.074 0.069 0.065 0.06 0.056 0.051 0.047 0.042 0.038 0.033 0.029 0.024 0.02 0.018 0.016 0.015 0.013 0.012 0.012 0.011 0.01 0.01 0.009 0.009 0.008 0.007 0.007 0.006 0.005 0.004 0.003 0.002 0.001 0.001 0.001 0.001 0.001 0.001 0.001 0.0 0.0 0.0 0.0 0.0 0.0 0.0 0.0 0.0 0.0 0.0 0.0
1.035 1.002 0.968 0.991 1.016 1.04 1.065 1.09 1.114 1.081 1.047 1.013 0.98 0.946 0.912 0.878 0.845 0.811 0.777 0.748 0.722 0.697 0.671 0.646 0.62 0.595 0.569 0.544 0.518 0.493 0.495 0.505 0.515 0.525 0.535 0.541 0.518 0.494 0.471 0.447 0.424 0.406 0.394 0.382 0.37 0.358 0.347 0.335 0.323 0.311 0.299 0.287 0.281 0.278 0.276 0.273 0.271 0.268 0.266 0.263 0.261 0.258 0.255 0.247 0.232 0.217 0.202 0.187 0.176 0.175 0.175 0.175 0.174 0.173 0.164 0.156 0.147 0.138 0.13 0.121 0.112 0.103 0.095 0.086 0.077 0.072 0.067 0.063 0.058 0.054 0.049 0.045 0.04 0.036 0.031 0.027 0.023 0.021 0.019 0.017 0.015 0.013 0.013 0.012 0.012 0.011 0.01 0.01 0.009 0.008 0.008 0.007 0.006 0.006 0.004 0.003 0.002 0.001 0.001 0.001 0.001 0.001 0.001 0.001 0.0 0.0 0.0 0.0 0.0 0.0 0.0 0.0 0.0 0.0 0.0 0.0
0.968 0.935 0.902 0.926 0.95 0.975 1.0 1.024 1.049 1.062 1.028 0.994 0.961 0.927 0.893 0.859 0.826 0.792 0.758 0.729 0.703 0.678 0.652 0.627 0.601 0.576 0.55 0.525 0.499 0.497 0.507 0.517 0.526 0.536 0.546 0.552 0.529 0.505 0.482 0.458 0.434 0.411 0.396 0.384 0.372 0.36 0.348 0.336 0.324 0.312 0.3 0.288 0.283 0.28 0.278 0.275 0.272 0.27 0.267 0.265 0.262 0.26 0.253 0.238 0.223 0.208 0.193 0.179 0.167 0.167 0.167 0.166 0.166 0.166 0.163 0.154 0.145 0.136 0.128 0.119 0.11 0.102 0.093 0.084 0.075 0.07 0.066 0.061 0.057 0.052 0.048 0.043 0.039 0.034 0.03 0.025 0.023 0.021 0.019 0.017 0.015 0.014 0.013 0.013 0.012 0.011 0.011 0.01 0.009 0.009 0.008 0.008 0.007 0.006 0.004 0.003 0.002 0.001 0.001 0.001 0.001 0.001 0.001 0.001 0.0 0.0 0.0 0.0 0.0 0.0 0.0 0.0 0.0 0.0 0.0 0.0
0.902 0.869 0.836 0.86 0.885 0.91 0.934 0.959 0.983 1.008 1.009 0.976 0.942 0.908 0.874 0.841 0.807 0.773 0.739 0.71 0.685 0.659 0.634 0.608 0.583 0.557 0.532 0.506 0.498 0.508 0.518 0.528 0.538 0.548 0.558 0.563 0.539 0.516 0.492 0.469 0.445 0.422 0.398 0.386 0.374 0.362 0.35 0.338 0.326 0.314 0.302 0.29 0.284 0.282 0.279 0.277 0.274 0.272 0.269 0.267 0.264 0.259 0.244 0.229 0.215 0.2 0.185 0.17 0.159 0.158 0.158 0.158 0.157 0.157 0.157 0.152 0.143 0.135 0.126 0.117 0.108 0.1 0.091 0.082 0.074 0.068 0.064 0.059 0.055 0.05 0.046 0.041 0.037 0.032 0.028 0.026 0.024 0.022 0.02 0.018 0.016 0.014 0.014 0.013 0.012 0.012 0.011 0.01 0.01 0.009 0.009 0.008 0.007 0.006 0.004 0.003 0.002 0.001 0.001 0.001 0.001 0.001 0.001 0.001 0.0 0.0 0.0 0.0 0.0 0.0 0.0 0.0 0.0 0.0 0.0 0.0
0.836 0.803 0.77 0.795 0.82 0.844 0.869 0.893 0.918 0.942 0.967 0.957 0.923 0.889 0.855 0.822 0.788 0.754 0.72 0.692 0.666 0.64 0.615 0.589 0.564 0.538 0.513 0.5 0.51 0.52 0.529 0.539 0.549 0.559 0.569 0.574 0.55 0.527 0.503 0.48 0.456 0.433 0.409 0.387 0.375 0.363 0.351 0.339 0.327 0.315 0.303 0.291 0.286 0.284 0.281 0.279 0.276 0.274 0.271 0.268 0.266 0.251 0.236 0.221 0.206 0.191 0.176 0.161 0.15 0.15 0.15 0.149 0.149 0.149 0.148 0.148 0.142 0.133 0.124 0.115 0.107 0.098 0.089 0.081 0.072 0.067 0.062 0.058 0.053 0.049 0.044 0.04 0.035 0.031 0.028 0.026 0.024 0.022 0.02 0.018 0.016 0.015 0.014 0.013 0.013 0.012 0.012 0.011 0.01 0.01 0.009 0.008 0.007 0.005 0.004 0.003 0.002 0.001 0.001 0.001 0.001 0.001 0.001 0.001 0.0 0.0 0.0 0.0 0.0 0.0 0.0 0.0 0.0 0.0 0.0 0.0
0.769 0.736 0.705 0.729 0.754 0.779 0.803 0.828 0.852 0.877 0.902 0.926 0.904 0.87 0.837 0.803 0.769 0.735 0.702 0.673 0.647 0.622 0.596 0.571 0.545 0.52 0.501 0.511 0.521 0.531 0.541 0.551 0.561 0.57 0.58 0.585 0.561 0.538 0.514 0.491 0.467 0.443 0.42 0.396 0.377 0.365 0.353 0.341 0.329 0.317 0.305 0.293 0.288 0.286 0.283 0.28 0.278 0.275 0.273 0.27 0.257 0.242 0.227 0.212 0.197 0.182 0.167 0.152 0.142 0.141 0.141 0.141 0.14 0.14 0.14 0.139 0.139 0.131 0.122 0.114 0.105 0.096 0.087 0.079 0.07 0.065 0.06 0.056 0.051 0.047 0.042 0.038 0.033 0.03 0.028 0.026 0.024 0.022 0.02 0.019 0.017 0.015 0.015 0.014 0.013 0.013 0.012 0.011 0.011 0.01 0.009 0.008 0.007 0.005 0.004 0.003 0.002 0.001 0.001 0.001 0.001 0.001 0.001 0.001 0.0 0.0 0.0 0.0 0.0 0.0 0.0 0.0 0.0 0.0 0.0 0.0
0.703 0.67 0.639 0.664 0.689 0.713 0.738 0.762 0.787 0.812 0.836 0.861 0.885 0.851 0.818 0.784 0.75 0.716 0.683 0.654 0.628 0.603 0.577 0.552 0.526 0.503 0.513 0.523 0.532 0.542 0.552 0.562 0.572 0.582 0.592 0.596 0.572 0.548 0.525 0.501 0.478 0.454 0.431 0.407 0.384 0.367 0.355 0.343 0.331 0.319 0.307 0.295 0.29 0.287 0.285 0.282 0.28 0.277 0.275 0.263 0.248 0.233 0.218 0.203 0.188 0.173 0.158 0.144 0.133 0.133 0.133 0.132 0.132 0.132 0.131 0.131 0.131 0.129 0.12 0.112 0.103 0.094 0.086 0.077 0.068 0.063 0.059 0.054 0.05 0.045 0.041 0.036 0.033 0.031 0.029 0.027 0.025 0.023 0.021 0.019 0.017 0.016 0.015 0.014 0.014 0.013 0.012 0.012 0.011 0.01 0.009 0.008 0.007 0.005 0.004 0.003 0.002 0.001 0.001 0.001 0.001 0.001 0.001 0.001 0.0 0.0 0.0 0.0 0.0 0.0 0.0 0.0 0.0 0.0 0.0 0.0
0.637 0.604 0.574 0.599 0.623 0.648 0.672 0.697 0.722 0.746 0.771 0.795 0.82 0.832 0.799 0.765 0.731 0.698 0.664 0.635 0.61 0.584 0.559 0.533 0.508 0.514 0.524 0.534 0.544 0.554 0.564 0.573 0.583 0.593 0.603 0.606 0.583 0.559 0.536 0.512 0.489 0.465 0.442 0.418 0.395 0.371 0.356 0.344 0.332 0.32 0.308 0.296 0.292 0.289 0.287 0.284 0.281 0.279 0.269 0.254 0.239 0.224 0.209 0.194 0.18 0.165 0.15 0.135 0.125 0.124 0.124 0.124 0.123 0.123 0.123 0.122 0.122 0.122 0.119 0.11 0.101 0.092 0.084 0.075 0.066 0.061 0.057 0.052 0.048 0.043 0.039 0.035 0.033 0.031 0.029 0.027 0.025 0.023 0.021 0.019 0.017 0.016 0.015 0.015 0.014 0.013 0.013 0.012 0.011 0.01 0.009 0.008 0.007 0.005 0.004 0.003 0.002 0.001 0.001 0.001 0.001 0.001 0.001 0.001 0.0 0.0 0.0 0.0 0.0 0.0 0.0 0.0 0.0 0.0 0.0 0.0
0.57 0.537 0.509 0.533 0.558 0.582 0.607 0.632 0.656 0.681 0.705 0.73 0.755 0.779 0.78 0.746 0.712 0.679 0.645 0.616 0.591 0.565 0.54 0.514 0.516 0.526 0.535 0.545 0.555 0.565 0.575 0.585 0.595 0.605 0.615 0.617 0.594 0.57 0.547 0.523 0.5 0.476 0.452 0.429 0.405 0.382 0.358 0.346 0.334 0.322 0.31 0.298 0.293 0.291 0.288 0.286 0.283 0.275 0.26 0.245 0.23 0.216 0.201 0.186 0.171 0.156 0.141 0.126 0.116 0.116 0.116 0.115 0.115 0.115 0.114 0.114 0.114 0.113 0.113 0.108 0.099 0.091 0.082 0.073 0.065 0.06 0.055 0.051 0.046 0.042 0.037 0.036 0.034 0.032 0.03 0.028 0.026 0.024 0.022 0.02 0.018 0.016 0.016 0.015 0.015 0.014 0.013 0.012 0.011 0.01 0.009 0.008 0.007 0.005 0.004 0.003 0.002 0.001 0.001 0.001 0.001 0.001 0.001 0.001 0.0 0.0 0.0 0.0 0.0 0.0 0.0 0.0 0.0 0.0 0.0 0.0
0.504 0.471 0.443 0.468 0.492 0.517 0.542 0.566 0.591 0.615 0.64 0.665 0.689 0.714 0.738 0.727 0.693 0.66 0.626 0.598 0.572 0.547 0.521 0.517 0.527 0.537 0.547 0.557 0.567 0.577 0.586 0.596 0.606 0.616 0.626 0.628 0.605 0.581 0.557 0.534 0.51 0.487 0.463 0.44 0.416 0.393 0.369 0.348 0.336 0.324 0.312 0.3 0.295 0.293 0.29 0.288 0.281 0.267 0.252 0.237 0.222 0.207 0.192 0.177 0.162 0.147 0.132 0.117 0.108 0.107 0.107 0.107 0.106 0.106 0.106 0.105 0.105 0.105 0.105 0.104 0.098 0.089 0.08 0.071 0.063 0.058 0.053 0.049 0.044 0.04 0.038 0.036 0.034 0.032 0.03 0.028 0.026 0.024 0.022 0.02 0.018 0.017 0.016 0.016 0.015 0.014 0.014 0.012 0.011 0.01 0.009 0.008 0.007 0.005 0.004 0.003 0.002 0.001 0.001 0.001 0.001 0.001 0.001 0.001 0.0 0.0 0.0 0.0 0.0 0.0 0.0 0.0 0.0 0.0 0.0 0.0
0.438 0.405 0.378 0.402 0.427 0.452 0.476 0.501 0.525 0.55 0.575 0.599 0.624 0.648 0.673 0.697 0.675 0.641 0.607 0.579 0.553 0.528 0.519 0.529 0.538 0.548 0.558 0.568 0.578 0.588 0.598 0.608 0.618 0.627 0.637 0.639 0.615 0.592 0.568 0.545 0.521 0.498 0.474 0.451 0.427 0.404 0.38 0.356 0.337 0.325 0.313 0.301 0.297 0.294 0.292 0.288 0.273 0.258 0.243 0.228 0.213 0.198 0.183 0.168 0.153 0.138 0.123 0.109 0.099 0.099 0.098 0.098 0.098 0.098 0.097 0.097 0.097 0.096 0.096 0.096 0.095 0.087 0.078 0.07 0.061 0.056 0.052 0.047 0.043 0.04 0.038 0.036 0.034 0.032 0.03 0.028 0.026 0.025 0.023 0.021 0.019 0.017 0.017 0.016 0.015 0.015 0.014 0.012 0.011 0.01 0.009 0.008 0.007 0.005 0.004 0.003 0.002 0.001 0.001 0.001 0.001 0.001 0.001 0.001 0.0 0.0 0.0 0.0 0.0 0.0 0.0 0.0 0.0 0.0 0.0 0.0
0.371 0.338 0.312 0.337 0.362 0.386 0.411 0.435 0.46 0.485 0.509 0.534 0.558 0.583 0.607 0.632 0.656 0.622 0.588 0.56 0.535 0.52 0.53 0.54 0.55 0.56 0.57 0.58 0.589 0.599 0.609 0.619 0.629 0.639 0.649 0.65 0.626 0.603 0.579 0.556 0.532 0.509 0.485 0.461 0.438 0.414 0.391 0.367 0.344 0.327 0.315 0.303 0.299 0.296 0.294 0.279 0.264 0.249 0.234 0.219 0.204 0.189 0.174 0.159 0.145 0.13 0.115 0.1 0.091 0.09 0.09 0.09 0.089 0.089 0.089 0.088 0.088 0.088 0.087 0.087 0.087 0.085 0.077 0.068 0.059 0.054 0.05 0.045 0.043 0.041 0.039 0.037 0.035 0.033 0.031 0.029 0.027 0.025 0.023 0.021 0.019 0.018 0.017 0.016 0.016 0.015 0.013 0.012 0.011 0.01 0.009 0.008 0.006 0.005 0.004 0.003 0.002 0.001 0.001 0.001 0.001 0.001 0.001 0.0 0.0 0.0 0.0 0.0 0.0 0.0 0.0 0.0 0.0 0.0 0.0 0.0
0.305 0.272 0.247 0.272 0.296 0.321 0.345 0.37 0.394 0.419 0.444 0.468 0.493 0.517 0.542 0.567 0.591 0.603 0.569 0.541 0.522 0.532 0.541 0.551 0.561 0.571 0.581 0.591 0.601 0.611 0.621 0.63 0.64 0.65 0.66 0.661 0.637 0.614 0.59 0.567 0.543 0.519 0.496 0.472 0.449 0.425 0.402 0.378 0.355 0.331 0.317 0.305 0.301 0.298 0.285 0.27 0.255 0.24 0.225 0.21 0.195 0.181 0.166 0.151 0.136 0.121 0.106 0.091 0.082 0.082 0.081 0.081 0.081 0.081 0.08 0.08 0.08 0.079 0.079 0.079 0.078 0.078 0.075 0.066 0.057 0.053 0.048 0.045 0.043 0.041 0.039 0.037 0.035 0.033 0.031 0.029 0.027 0.025 0.023 0.021 0.019 0.018 0.018 0.017 0.016 0.015 0.013 0.012 0.011 0.01 0.009 0.008 0.006 0.005 0.004 0.003 0.002 0.001 0.001 0.001 0.001 0.001 0.001 0.0 0.0 0.0 0.0 0.0 0.0 0.0 0.0 0.0 0.0 0.0 0.0 0.0
0.239 0.205 0.182 0.206 0.231 0.255 0.28 0.304 0.329 0.354 0.378 0.403 0.427 0.452 0.477 0.501 0.526 0.55 0.55 0.523 0.533 0.543 0.553 0.563 0.573 0.583 0.592 0.602 0.612 0.622 0.632 0.642 0.652 0.662 0.672 0.672 0.648 0.624 0.601 0.577 0.554 0.53 0.507 0.483 0.46 0.436 0.413 0.389 0.365 0.342 0.318 0.306 0.302 0.291 0.276 0.261 0.246 0.231 0.217 0.202 0.187 0.172 0.157 0.142 0.127 0.112 0.097 0.082 0.074 0.073 0.073 0.073 0.072 0.072 0.072 0.071 0.071 0.071 0.07 0.07 0.07 0.07 0.069 0.064 0.055 0.051 0.047 0.045 0.043 0.041 0.04 0.038 0.036 0.034 0.032 0.03 0.028 0.026 0.024 0.022 0.02 0.019 0.018 0.017 0.016 0.015 0.013 0.012 0.011 0.01 0.009 0.008 0.006 0.005 0.004 0.003 0.002 0.001 0.001 0.001 0.001 0.001 0.001 0.0 0.0 0.0 0.0 0.0 0.0 0.0 0.0 0.0 0.0 0.0 0.0 0.0
0.186 0.152 0.14 0.164 0.187 0.211 0.235 0.258 0.282 0.306 0.329 0.353 0.377 0.4 0.424 0.448 0.471 0.495 0.518 0.529 0.539 0.55 0.561 0.571 0.582 0.592 0.603 0.613 0.624 0.633 0.643 0.653 0.663 0.673 0.683 0.682 0.659 0.635 0.612 0.588 0.565 0.541 0.518 0.494 0.47 0.447 0.423 0.4 0.376 0.353 0.329 0.308 0.297 0.282 0.268 0.253 0.238 0.223 0.208 0.193 0.178 0.163 0.148 0.133 0.118 0.103 0.088 0.073 0.065 0.065 0.064 0.064 0.064 0.064 0.063 0.063 0.063 0.062 0.062 0.062 0.061 0.061 0.061 0.06 0.054 0.05 0.048 0.046 0.044 0.042 0.04 0.038 0.036 0.034 0.032 0.03 0.028 0.026 0.024 0.022 0.02 0.019 0.018 0.017 0.016 0.015 0.013 0.012 0.011 0.01 0.009 0.008 0.006 0.005 0.004 0.003 0.002 0.001 0.001 0.001 0.001 0.001 0.001 0.0 0.0 0.0 0.0 0.0 0.0 0.0 0.0 0.0 0.0 0.0 0.0 0.0
0.15 0.129 0.134 0.157 0.181 0.204 0.228 0.252 0.275 0.299 0.323 0.346 0.37 0.394 0.417 0.441 0.465 0.488 0.495 0.498 0.508 0.518 0.529 0.539 0.55 0.561 0.571 0.582 0.592 0.603 0.614 0.624 0.635 0.645 0.656 0.655 0.633 0.61 0.587 0.564 0.541 0.518 0.496 0.473 0.45 0.427 0.404 0.381 0.359 0.336 0.313 0.302 0.293 0.278 0.263 0.248 0.233 0.218 0.203 0.188 0.173 0.158 0.143 0.128 0.113 0.098 0.083 0.068 0.059 0.059 0.058 0.058 0.057 0.057 0.057 0.056 0.056 0.055 0.055 0.054 0.054 0.053 0.053 0.053 0.052 0.05 0.048 0.046 0.044 0.042 0.04 0.038 0.036 0.034 0.032 0.03 0.029 0.027 0.025 0.023 0.021 0.019 0.018 0.017 0.016 0.015 0.013 0.012 0.011 0.01 0.009 0.008 0.006 0.005 0.004 0.003 0.002 0.001 0.001 0.001 0.001 0.001 0.001 0.0 0.0 0.0 0.0 0.0 0.0 0.0 0.0 0.0 0.0 0.0 0.0 0.0
0.122 0.122 0.127 0.151 0.174 0.198 0.222 0.245 0.269 0.292 0.316 0.34 0.363 0.387 0.411 0.434 0.458 0.469 0.469 0.472 0.476 0.487 0.497 0.508 0.518 0.529 0.539 0.55 0.561 0.571 0.582 0.592 0.603 0.614 0.624 0.623 0.6 0.578 0.555 0.532 0.509 0.486 0.463 0.441 0.418 0.395 0.372 0.349 0.326 0.303 0.288 0.294 0.289 0.278 0.263 0.248 0.233 0.217 0.202 0.187 0.172 0.157 0.142 0.127 0.112 0.097 0.082 0.067 0.059 0.058 0.058 0.057 0.057 0.057 0.056 0.056 0.055 0.055 0.054 0.054 0.053 0.053 0.053 0.052 0.049 0.049 0.047 0.045 0.043 0.041 0.039 0.037 0.035 0.034 0.032 0.03 0.028 0.026 0.024 0.022 0.02 0.019 0.018 0.017 0.016 0.015 0.013 0.012 0.011 0.01 0.009 0.008 0.006 0.005 0.004 0.003 0.002 0.001 0.001 0.001 0.001 0.001 0.0 0.0 0.0 0.0 0.0 0.0 0.0 0.0 0.0 0.0 0.0 0.0 0.0 0.0
0.115 0.115 0.12 0.144 0.168 0.191 0.215 0.239 0.262 0.286 0.31 0.333 0.357 0.38 0.404 0.428 0.442 0.442 0.443 0.446 0.45 0.455 0.465 0.476 0.487 0.497 0.508 0.518 0.529 0.54 0.55 0.561 0.571 0.582 0.592 0.591 0.568 0.545 0.522 0.5 0.477 0.454 0.431 0.408 0.385 0.363 0.34 0.317 0.294 0.274 0.281 0.287 0.281 0.275 0.262 0.247 0.232 0.217 0.202 0.187 0.172 0.157 0.142 0.126 0.111 0.096 0.081 0.066 0.058 0.058 0.057 0.057 0.057 0.056 0.056 0.055 0.055 0.054 0.054 0.053 0.053 0.053 0.052 0.05 0.047 0.047 0.046 0.044 0.042 0.04 0.038 0.036 0.034 0.032 0.031 0.029 0.027 0.025 0.023 0.021 0.019 0.018 0.018 0.017 0.016 0.014 0.013 0.012 0.011 0.01 0.009 0.007 0.006 0.005 0.004 0.003 0.002 0.001 0.001 0.001 0.001 0.001 0.0 0.0 0.0 0.0 0.0 0.0 0.0 0.0 0.0 0.0 0.0 0.0 0.0 0.0
0.108 0.108 0.114 0.137 0.161 0.185 0.208 0.232 0.256 0.279 0.303 0.327 0.35 0.374 0.398 0.415 0.416 0.416 0.417 0.42 0.424 0.427 0.434 0.444 0.455 0.466 0.476 0.487 0.497 0.508 0.518 0.529 0.54 0.55 0.561 0.559 0.536 0.513 0.49 0.467 0.445 0.422 0.399 0.376 0.353 0.33 0.308 0.285 0.262 0.267 0.273 0.279 0.274 0.268 0.261 0.246 0.231 0.216 0.201 0.186 0.171 0.156 0.141 0.126 0.111 0.096 0.081 0.066 0.058 0.058 0.057 0.057 0.056 0.056 0.055 0.055 0.054 0.054 0.053 0.053 0.053 0.052 0.05 0.047 0.044 0.044 0.044 0.043 0.041 0.039 0.037 0.035 0.033 0.031 0.029 0.028 0.026 0.024 0.022 0.02 0.018 0.017 0.017 0.017 0.016 0.014 0.013 0.012 0.011 0.01 0.009 0.007 0.006 0.005 0.004 0.003 0.002 0.001 0.001 0.001 0.001 0.0 0.0 0.0 0.0 0.0 0.0 0.0 0.0 0.0 0.0 0.0 0.0 0.0 0.0 0.0
0.101 0.101 0.107 0.131 0.154 0.178 0.202 0.225 0.249 0.273 0.296 0.32 0.344 0.367 0.388 0.389 0.39 0.39 0.391 0.394 0.398 0.401 0.405 0.413 0.423 0.434 0.444 0.455 0.466 0.476 0.487 0.497 0.508 0.519 0.529 0.527 0.504 0.481 0.458 0.435 0.412 0.39 0.367 0.344 0.321 0.298 0.275 0.252 0.253 0.259 0.265 0.272 0.266 0.26 0.254 0.246 0.23 0.215 0.2 0.185 0.17 0.155 0.14 0.125 0.11 0.095 0.08 0.065 0.058 0.057 0.057 0.056 0.056 0.055 0.055 0.054 0.054 0.054 0.053 0.053 0.052 0.05 0.047 0.044 0.042 0.042 0.042 0.042 0.04 0.038 0.036 0.034 0.032 0.03 0.028 0.027 0.025 0.023 0.021 0.019 0.017 0.016 0.016 0.016 0.016 0.014 0.013 0.012 0.011 0.01 0.009 0.007 0.006 0.005 0.004 0.003 0.002 0.001 0.001 0.001 0.0 0.0 0.0 0.0 0.0 0.0 0.0 0.0 0.0 0.0 0.0 0.0 0.0 0.0 0.0 0.0
0.094 0.094 0.101 0.124 0.148 0.172 0.195 0.219 0.242 0.266 0.29 0.313 0.337 0.361 0.362 0.363 0.363 0.364 0.365 0.368 0.371 0.375 0.379 0.382 0.392 0.402 0.413 0.423 0.434 0.445 0.455 0.466 0.476 0.487 0.497 0.494 0.471 0.449 0.426 0.403 0.38 0.357 0.334 0.312 0.289 0.266 0.243 0.24 0.246 0.252 0.258 0.264 0.258 0.252 0.246 0.24 0.23 0.215 0.2 0.185 0.17 0.155 0.139 0.124 0.109 0.094 0.079 0.064 0.057 0.057 0.056 0.056 0.055 0.055 0.054 0.054 0.054 0.053 0.053 0.052 0.051 0.048 0.045 0.042 0.039 0.039 0.039 0.039 0.039 0.037 0.035 0.033 0.031 0.029 0.027 0.025 0.024 0.022 0.02 0.018 0.016 0.015 0.015 0.015 0.015 0.014 0.013 0.012 0.011 0.01 0.008 0.007 0.006 0.005 0.004 0.003 0.001 0.001 0.001 0.0 0.0 0.0 0.0 0.0 0.0 0.0 0.0 0.0 0.0 0.0 0.0 0.0 0.0 0.0 0.0 0.0
0.087 0.087 0.094 0.118 0.141 0.165 0.189 0.212 0.236 0.26 0.283 0.307 0.33 0.335 0.336 0.337 0.337 0.338 0.339 0.342 0.345 0.349 0.352 0.356 0.36 0.37 0.381 0.392 0.402 0.413 0.423 0.434 0.445 0.455 0.466 0.462 0.439 0.416 0.394 0.371 0.348 0.325 0.302 0.279 0.257 0.234 0.226 0.232 0.238 0.244 0.25 0.256 0.25 0.244 0.238 0.232 0.226 0.214 0.199 0.184 0.169 0.154 0.139 0.124 0.109 0.094 0.079 0.064 0.057 0.056 0.056 0.055 0.055 0.054 0.054 0.054 0.053 0.053 0.052 0.051 0.048 0.045 0.042 0.039 0.036 0.036 0.036 0.036 0.036 0.036 0.034 0.032 0.03 0.028 0.026 0.024 0.023 0.021 0.019 0.017 0.015 0.014 0.014 0.014 0.014 0.014 0.013 0.012 0.011 0.01 0.008 0.007 0.006 0.005 0.004 0.003 0.001 0.001 0.0 0.0 0.0 0.0 0.0 0.0 0.0 0.0 0.0 0.0 0.0 0.0 0.0 0.0 0.0 0.0 0.0 0.0
0.08 0.08 0.087 0.111 0.135 0.158 0.182 0.206 0.229 0.253 0.277 0.3 0.308 0.309 0.31 0.31 0.311 0.312 0.313 0.316 0.319 0.323 0.326 0.33 0.334 0.339 0.349 0.36 0.371 0.381 0.392 0.402 0.413 0.423 0.434 0.43 0.407 0.384 0.361 0.339 0.316 0.293 0.27 0.247 0.224 0.212 0.218 0.224 0.231 0.237 0.243 0.249 0.243 0.236 0.23 0.224 0.218 0.212 0.198 0.183 0.168 0.153 0.138 0.123 0.108 0.093 0.078 0.063 0.056 0.056 0.055 0.055 0.054 0.054 0.054 0.053 0.053 0.052 0.052 0.049 0.045 0.042 0.039 0.036 0.034 0.034 0.034 0.034 0.034 0.034 0.033 0.031 0.029 0.027 0.025 0.023 0.021 0.02 0.018 0.016 0.014 0.013 0.013 0.013 0.013 0.013 0.013 0.012 0.011 0.01 0.008 0.007 0.006 0.005 0.004 0.003 0.001 0.0 0.0 0.0 0.0 0.0 0.0 0.0 0.0 0.0 0.0 0.0 0.0 0.0 0.0 0.0 0.0 0.0 0.0 0.0
0.073 0.073 0.081 0.104 0.128 0.152 0.175 0.199 0.223 0.246 0.27 0.282 0.282 0.283 0.284 0.284 0.285 0.286 0.286 0.29 0.293 0.297 0.3 0.304 0.307 0.311 0.318 0.328 0.339 0.349 0.36 0.371 0.381 0.392 0.402 0.398 0.375 0.352 0.329 0.306 0.283 0.261 0.238 0.215 0.199 0.205 0.211 0.217 0.223 0.229 0.235 0.241 0.235 0.229 0.223 0.216 0.21 0.204 0.198 0.183 0.168 0.153 0.137 0.122 0.107 0.092 0.077 0.062 0.056 0.055 0.055 0.054 0.054 0.054 0.053 0.053 0.052 0.052 0.049 0.046 0.043 0.04 0.037 0.034 0.031 0.031 0.031 0.031 0.031 0.031 0.031 0.03 0.028 0.026 0.024 0.022 0.02 0.019 0.017 0.015 0.013 0.012 0.012 0.012 0.012 0.012 0.012 0.012 0.011 0.009 0.008 0.007 0.006 0.005 0.004 0.002 0.001 0.0 0.0 0.0 0.0 0.0 0.0 0.0 0.0 0.0 0.0 0.0 0.0 0.0 0.0 0.0 0.0 0.0 0.0 0.0
0.066 0.066 0.074 0.098 0.122 0.145 0.169 0.192 0.216 0.24 0.255 0.255 0.256 0.257 0.258 0.258 0.259 0.26 0.26 0.264 0.267 0.271 0.274 0.278 0.281 0.285 0.288 0.297 0.307 0.318 0.328 0.339 0.35 0.36 0.371 0.365 0.343 0.32 0.297 0.274 0.251 0.228 0.206 0.185 0.191 0.197 0.203 0.209 0.215 0.222 0.228 0.233 0.227 0.221 0.215 0.209 0.202 0.196 0.19 0.182 0.167 0.152 0.137 0.122 0.107 0.092 0.077 0.061 0.055 0.055 0.054 0.054 0.054 0.053 0.053 0.052 0.052 0.049 0.046 0.043 0.04 0.037 0.034 0.031 0.028 0.028 0.029 0.029 0.029 0.029 0.029 0.029 0.027 0.025 0.023 0.021 0.019 0.017 0.016 0.014 0.012 0.011 0.011 0.011 0.011 0.011 0.011 0.011 0.011 0.009 0.008 0.007 0.006 0.005 0.004 0.002 0.001 0.0 0.0 0.0 0.0 0.0 0.0 0.0 0.0 0.0 0.0 0.0 0.0 0.0 0.0 0.0 0.0 0.0 0.0 0.0
0.059 0.059 0.068 0.091 0.115 0.139 0.162 0.186 0.21 0.228 0.229 0.229 0.23 0.231 0.231 0.232 0.233 0.233 0.234 0.237 0.241 0.245 0.248 0.252 0.255 0.259 0.262 0.266 0.275 0.286 0.297 0.307 0.318 0.328 0.339 0.333 0.31 0.288 0.265 0.242 0.219 0.196 0.173 0.177 0.183 0.19 0.196 0.202 0.208 0.214 0.22 0.225 0.219 0.213 0.207 0.201 0.195 0.189 0.182 0.176 0.166 0.151 0.136 0.121 0.106 0.091 0.076 0.061 0.055 0.054 0.054 0.054 0.053 0.053 0.052 0.052 0.05 0.047 0.044 0.041 0.037 0.034 0.031 0.028 0.026 0.026 0.026 0.026 0.026 0.026 0.026 0.026 0.026 0.024 0.022 0.02 0.018 0.016 0.014 0.013 0.011 0.01 0.01 0.01 0.01 0.01 0.01 0.01 0.01 0.009 0.008 0.007 0.006 0.005 0.004 0.002 0.001 0.0 0.0 0.0 0.0 0.0 0.0 0.0 0.0 0.0 0.0 0.0 0.0 0.0 0.0 0.0 0.0 0.0 0.0 0.0
0.052 0.052 0.061 0.085 0.108 0.132 0.156 0.179 0.201 0.202 0.202 0.203 0.204 0.205 0.205 0.206 0.207 0.207 0.208 0.211 0.215 0.219 0.222 0.226 0.229 0.233 0.236 0.24 0.244 0.254 0.265 0.276 0.286 0.297 0.307 0.301 0.278 0.255 0.232 0.21 0.187 0.164 0.164 0.17 0.176 0.182 0.188 0.194 0.2 0.206 0.213 0.218 0.212 0.205 0.199 0.193 0.187 0.181 0.175 0.168 0.162 0.15 0.135 0.12 0.105 0.09 0.075 0.06 0.054 0.054 0.054 0.053 0.053 0.052 0.052 0.05 0.047 0.044 0.041 0.038 0.035 0.032 0.029 0.026 0.023 0.023 0.023 0.023 0.023 0.023 0.023 0.024 0.024 0.023 0.021 0.019 0.017 0.015 0.013 0.012 0.01 0.009 0.009 0.009 0.009 0.009 0.009 0.009 0.009 0.009 0.008 0.007 0.006 0.005 0.003 0.002 0.001 0.0 0.0 0.0 0.0 0.0 0.0 0.0 0.0 0.0 0.0 0.0 0.0 0.0 0.0 0.0 0.0 0.0 0.0 0.0
0.045 0.045 0.054 0.078 0.102 0.125 0.149 0.173 0.175 0.176 0.176 0.177 0.178 0.178 0.179 0.18 0.181 0.181 0.182 0.185 0.189 0.192 0.196 0.2 0.203 0.207 0.21 0.214 0.217 0.223 0.233 0.244 0.254 0.265 0.276 0.269 0.246 0.223 0.2 0.177 0.155 0.15 0.156 0.162 0.168 0.174 0.181 0.187 0.193 0.199 0.205 0.21 0.204 0.198 0.191 0.185 0.179 0.173 0.167 0.161 0.154 0.148 0.135 0.12 0.105 0.09 0.075 0.059 0.054 0.054 0.053 0.053 0.052 0.052 0.051 0.047 0.044 0.041 0.038 0.035 0.032 0.029 0.026 0.023 0.021 0.021 0.021 0.021 0.021 0.021 0.021 0.021 0.021 0.021 0.02 0.018 0.016 0.014 0.012 0.01 0.009 0.008 0.008 0.008 0.008 0.008 0.008 0.008 0.008 0.008 0.008 0.007 0.006 0.005 0.003 0.002 0.001 0.0 0.0 0.0 0.0 0.0 0.0 0.0 0.0 0.0 0.0 0.0 0.0 0.0 0.0 0.0 0.0 0.0 0.0 0.0
0.038 0.038 0.048 0.072 0.095 0.119 0.142 0.148 0.149 0.15 0.15 0.151 0.152 0.152 0.153 0.154 0.154 0.155 0.156 0.159 0.163 0.166 0.17 0.173 0.177 0.181 0.184 0.188 0.191 0.195 0.202 0.212 0.223 0.233 0.244 0.236 0.214 0.191 0.168 0.145 0.136 0.142 0.148 0.155 0.161 0.167 0.173 0.179 0.185 0.191 0.197 0.202 0.196 0.19 0.184 0.178 0.171 0.165 0.159 0.153 0.147 0.141 0.134 0.119 0.104 0.089 0.074 0.059 0.054 0.053 0.053 0.052 0.052 0.051 0.048 0.045 0.042 0.039 0.036 0.033 0.029 0.026 0.023 0.02 0.018 0.018 0.018 0.018 0.018 0.018 0.018 0.018 0.018 0.018 0.018 0.017 0.015 0.013 0.011 0.009 0.008 0.007 0.007 0.007 0.007 0.007 0.007 0.007 0.007 0.007 0.007 0.007 0.006 0.004 0.003 0.002 0.001 0.0 0.0 0.0 0.0 0.0 0.0 0.0 0.0 0.0 0.0 0.0 0.0 0.0 0.0 0.0 0.0 0.0 0.0 0.0
0.031 0.031 0.041 0.065 0.089 0.112 0.121 0.122 0.123 0.123 0.124 0.125 0.125 0.126 0.127 0.128 0.128 0.129 0.13 0.133 0.137 0.14 0.144 0.147 0.151 0.154 0.158 0.162 0.165 0.169 0.172 0.181 0.191 0.202 0.212 0.204 0.181 0.159 0.136 0.123 0.129 0.135 0.141 0.147 0.153 0.159 0.165 0.172 0.178 0.184 0.19 0.194 0.188 0.182 0.176 0.17 0.164 0.157 0.151 0.145 0.139 0.133 0.127 0.118 0.103 0.088 0.073 0.058 0.053 0.053 0.052 0.052 0.051 0.048 0.045 0.042 0.039 0.036 0.033 0.03 0.027 0.024 0.021 0.018 0.015 0.015 0.015 0.015 0.016 0.016 0.016 0.016 0.016 0.016 0.016 0.016 0.014 0.012 0.01 0.008 0.006 0.006 0.006 0.006 0.006 0.006 0.006 0.006 0.006 0.006 0.006 0.006 0.006 0.004 0.003 0.002 0.001 0.0 0.0 0.0 0.0 0.0 0.0 0.0 0.0 0.0 0.0 0.0 0.0 0.0 0.0 0.0 0.0 0.0 0.0 0.0
0.024 0.024 0.035 0.058 0.082 0.095 0.095 0.096 0.097 0.097 0.098 0.099 0.099 0.1 0.101 0.101 0.102 0.103 0.104 0.107 0.111 0.114 0.118 0.121 0.125 0.128 0.132 0.136 0.139 0.143 0.146 0.15 0.159 0.17 0.181 0.172 0.149 0.126 0.109 0.115 0.121 0.127 0.133 0.139 0.146 0.152 0.158 0.164 0.17 0.176 0.182 0.187 0.181 0.174 0.168 0.162 0.156 0.15 0.144 0.137 0.131 0.125 0.119 0.113 0.103 0.088 0.072 0.057 0.053 0.052 0.052 0.051 0.049 0.046 0.043 0.039 0.036 0.033 0.03 0.027 0.024 0.021 0.018 0.015 0.013 0.013 0.013 0.013 0.013 0.013 0.013 0.013 0.013 0.013 0.013 0.013 0.013 0.011 0.009 0.007 0.005 0.005 0.005 0.005 0.005 0.005 0.005 0.005 0.005 0.005 0.005 0.005 0.005 0.004 0.003 0.002 0.001 0.0 0.0 0.0 0.0 0.0 0.0 0.0 0.0 0.0 0.0 0.0 0.0 0.0 0.0 0.0 0.0 0.0 0.0 0.0
0.017 0.018 0.028 0.052 0.068 0.068 0.069 0.07 0.07 0.071 0.072 0.073 0.073 0.074 0.075 0.075 0.076 0.077 0.077 0.081 0.085 0.088 0.092 0.095 0.099 0.102 0.106 0.109 0.113 0.117 0.12 0.124 0.128 0.138 0.149 0.14 0.117 0.095 0.101 0.107 0.114 0.12 0.126 0.132 0.138 0.144 0.15 0.156 0.163 0.169 0.175 0.179 0.173 0.167 0.16 0.154 0.148 0.142 0.136 0.13 0.123 0.117 0.111 0.105 0.099 0.087 0.072 0.057 0.052 0.052 0.051 0.049 0.046 0.043 0.04 0.037 0.034 0.031 0.028 0.025 0.021 0.018 0.015 0.012 0.01 0.01 0.01 0.01 0.01 0.01 0.01 0.01 0.01 0.011 0.011 0.011 0.011 0.01 0.008 0.006 0.004 0.004 0.004 0.004 0.004 0.004 0.004 0.004 0.004 0.004 0.004 0.004 0.004 0.004 0.003 0.002 0.001 0.0 0.0 0.0 0.0 0.0 0.0 0.0 0.0 0.0 0.0 0.0 0.0 0.0 0.0 0.0 0.0 0.0 0.0 0.0
0.01 0.011 0.022 0.041 0.042 0.042 0.043 0.044 0.044 0.045 0.046 0.046 0.047 0.048 0.048 0.049 0.05 0.051 0.051 0.055 0.058 0.062 0.066 0.069 0.073 0.076 0.08 0.083 0.087 0.09 0.094 0.098 0.101 0.107 0.117 0.108 0.085 0.088 0.094 0.1 0.106 0.112 0.118 0.124 0.13 0.137 0.143 0.149 0.155 0.161 0.167 0.171 0.165 0.159 0.153 0.147 0.14 0.134 0.128 0.122 0.116 0.11 0.103 0.097 0.091 0.085 0.071 0.056 0.052 0.051 0.049 0.046 0.043 0.04 0.037 0.034 0.031 0.028 0.025 0.022 0.019 0.016 0.013 0.01 0.008 0.008 0.008 0.008 0.008 0.008 0.008 0.008 0.008 0.008 0.008 0.008 0.008 0.008 0.007 0.005 0.003 0.003 0.003 0.003 0.003 0.003 0.003 0.003 0.003 0.003 0.003 0.003 0.003 0.003 0.003 0.002 0.001 0.0 0.0 0.0 0.0 0.0 0.0 0.0 0.0 0.0 0.0 0.0 0.0 0.0 0.0 0.0 0.0 0.0 0.0 0.0
0.003 0.004 0.014 0.015 0.015 0.016 0.017 0.018 0.018 0.019 0.02 0.02 0.021 0.022 0.022 0.023 0.024 0.024 0.025 0.029 0.032 0.036 0.039 0.043 0.047 0.05 0.054 0.057 0.061 0.064 0.068 0.072 0.075 0.079 0.086 0.075 0.074 0.08 0.086 0.092 0.098 0.105 0.111 0.117 0.123 0.129 0.135 0.141 0.147 0.154 0.16 0.163 0.157 0.151 0.145 0.139 0.133 0.126 0.12 0.114 0.108 0.102 0.096 0.089 0.083 0.077 0.07 0.055 0.051 0.05 0.047 0.044 0.041 0.038 0.035 0.031 0.028 0.025 0.022 0.019 0.016 0.013 0.01 0.007 0.005 0.005 0.005 0.005 0.005 0.005 0.005 0.005 0.005 0.005 0.005 0.005 0.005 0.005 0.006 0.004 0.002 0.002 0.002 0.002 0.002 0.002 0.002 0.002 0.002 0.002 0.002 0.002 0.002 0.002 0.002 0.002 0.001 0.0 0.0 0.0 0.0 0.0 0.0 0.0 0.0 0.0 0.0 0.0 0.0 0.0 0.0 0.0 0.0 0.0 0.0 0.0
0.0 0.0 0.0 0.0 0.001 0.001 0.001 0.002 0.002 0.002 0.002 0.003 0.003 0.003 0.003 0.004 0.004 0.004 0.004 0.007 0.01 0.014 0.017 0.02 0.023 0.026 0.03 0.033 0.036 0.039 0.042 0.045 0.049 0.053 0.056 0.06 0.066 0.073 0.079 0.085 0.091 0.097 0.103 0.109 0.115 0.121 0.128 0.134 0.14 0.146 0.152 0.156 0.149 0.143 0.137 0.131 0.125 0.119 0.112 0.106 0.1 0.094 0.088 0.082 0.076 0.069 0.063 0.055 0.05 0.047 0.044 0.041 0.038 0.035 0.032 0.029 0.026 0.023 0.02 0.017 0.013 0.01 0.007 0.004 0.002 0.002 0.002 0.002 0.002 0.003 0.003 0.003 0.003 0.003 0.003 0.003 0.003 0.003 0.003 0.003 0.001 0.001 0.001 0.001 0.001 0.001 0.001 0.001 0.001 0.001 0.001 0.001 0.001 0.001 0.001 0.001 0.001 0.0 0.0 0.0 0.0 0.0 0.0 0.0 0.0 0.0 0.0 0.0 0.0 0.0 0.0 0.0 0.0 0.0 0.0 0.0
0.0 0.0 0.0 0.0 0.001 0.001 0.001 0.002 0.002 0.002 0.002 0.003 0.003 0.003 0.003 0.004 0.004 0.004 0.004 0.005 0.008 0.011 0.014 0.017 0.02 0.024 0.027 0.03 0.033 0.036 0.04 0.043 0.046 0.049 0.052 0.057 0.063 0.069 0.075 0.081 0.087 0.094 0.1 0.106 0.112 0.118 0.124 0.13 0.136 0.142 0.148 0.149 0.145 0.139 0.133 0.126 0.12 0.114 0.108 0.101 0.095 0.089 0.083 0.076 0.07 0.064 0.058 0.051 0.048 0.045 0.041 0.038 0.035 0.032 0.029 0.026 0.023 0.02 0.017 0.014 0.011 0.008 0.005 0.002 0.0 0.0 0.0 0.0 0.0 0.0 0.0 0.0 0.0 0.0 0.0 0.0 0.0 0.0 0.0 0.0 0.0 0.0 0.0 0.0 0.0 0.0 0.0 0.0 0.0 0.0 0.0 0.0 0.0 0.0 0.0 0.0 0.0 0.0 0.0 0.0 0.0 0.0 0.0 0.0 0.0 0.0 0.0 0.0 0.0 0.0 0.0 0.0 0.0 0.0 0.0 0.0
0.0 0.0 0.0 0.0 0.001 0.001 0.001 0.002 0.002 0.002 0.002 0.003 0.003 0.003 0.003 0.004 0.004 0.004 0.004 0.004 0.005 0.008 0.011 0.014 0.018 0.021 0.024 0.027 0.03 0.034 0.037 0.04 0.043 0.046 0.049 0.055 0.061 0.067 0.073 0.079 0.085 0.091 0.097 0.103 0.109 0.115 0.121 0.127 0.133 0.139 0.141 0.141 0.142 0.136 0.13 0.124 0.117 0.111 0.105 0.099 0.092 0.086 0.08 0.074 0.067 0.061 0.055 0.049 0.045 0.042 0.039 0.036 0.033 0.03 0.027 0.024 0.02 0.017 0.014 0.011 0.008 0.005 0.002 0.0 0.0 0.0 0.0 0.0 0.0 0.0 0.0 0.0 0.0 0.0 0.0 0.0 0.0 0.0 0.0 0.0 0.0 0.0 0.0 0.0 0.0 0.0 0.0 0.0 0.0 0.0 0.0 0.0 0.0 0.0 0.0 0.0 0.0 0.0 0.0 0.0 0.0 0.0 0.0 0.0 0.0 0.0 0.0 0.0 0.0 0.0 0.0 0.0 0.0 0.0 0.0 0.0
0.0 0.0 0.0 0.0 0.001 0.001 0.001 0.002 0.002 0.002 0.002 0.003 0.003 0.003 0.003 0.004 0.004 0.004 0.004 0.004 0.004 0.005 0.009 0.012 0.015 0.018 0.021 0.024 0.028 0.031 0.034 0.037 0.04 0.044 0.047 0.052 0.058 0.064 0.07 0.076 0.082 0.088 0.094 0.1 0.106 0.112 0.118 0.124 0.13 0.133 0.134 0.134 0.134 0.133 0.127 0.121 0.115 0.108 0.102 0.096 0.09 0.083 0.077 0.071 0.065 0.059 0.052 0.046 0.042 0.039 0.036 0.033 0.03 0.027 0.024 0.021 0.018 0.015 0.012 0.009 0.006 0.003 0.0 0.0 0.0 0.0 0.0 0.0 0.0 0.0 0.0 0.0 0.0 0.0 0.0 0.0 0.0 0.0 0.0 0.0 0.0 0.0 0.0 0.0 0.0 0.0 0.0 0.0 0.0 0.0 0.0 0.0 0.0 0.0 0.0 0.0 0.0 0.0 0.0 0.0 0.0 0.0 0.0 0.0 0.0 0.0 0.0 0.0 0.0 0.0 0.0 0.0 0.0 0.0 0.0 0.0
0.0 0.0 0.0 0.0 0.001 0.001 0.001 0.002 0.002 0.002 0.002 0.003 0.003 0.003 0.003 0.004 0.004 0.004 0.004 0.004 0.004 0.004 0.006 0.009 0.012 0.015 0.019 0.022 0.025 0.028 0.031 0.034 0.038 0.041 0.044 0.049 0.055 0.061 0.067 0.073 0.079 0.085 0.091 0.097 0.103 0.11 0.116 0.122 0.126 0.126 0.126 0.126 0.126 0.126 0.125 0.118 0.112 0.106 0.1 0.093 0.087 0.081 0.075 0.068 0.062 0.056 0.05 0.043 0.04 0.037 0.034 0.031 0.028 0.024 0.021 0.018 0.015 0.012 0.009 0.006 0.003 0.0 0.0 0.0 0.0 0.0 0.0 0.0 0.0 0.0 0.0 0.0 0.0 0.0 0.0 0.0 0.0 0.0 0.0 0.0 0.0 0.0 0.0 0.0 0.0 0.0 0.0 0.0 0.0 0.0 0.0 0.0 0.0 0.0 0.0 0.0 0.0 0.0 0.0 0.0 0.0 0.0 0.0 0.0 0.0 0.0 0.0 0.0 0.0 0.0 0.0 0.0 0.0 0.0 0.0 0.0
0.0 0.0 0.0 0.0 0.001 0.001 0.001 0.002 0.002 0.002 0.002 0.003 0.003 0.003 0.003 0.003 0.003 0.003 0.003 0.003 0.003 0.003 0.003 0.006 0.009 0.013 0.016 0.019 0.022 0.025 0.028 0.032 0.035 0.038 0.041 0.046 0.052 0.059 0.065 0.071 0.077 0.083 0.089 0.095 0.101 0.107 0.113 0.118 0.118 0.118 0.118 0.118 0.118 0.118 0.119 0.116 0.109 0.103 0.097 0.091 0.084 0.078 0.072 0.066 0.059 0.053 0.047 0.041 0.037 0.034 0.031 0.028 0.025 0.022 0.019 0.016 0.013 0.01 0.006 0.003 0.0 0.0 0.0 0.0 0.0 0.0 0.0 0.0 0.0 0.0 0.0 0.0 0.0 0.0 0.0 0.0 0.0 0.0 0.0 0.0 0.0 0.0 0.0 0.0 0.0 0.0 0.0 0.0 0.0 0.0 0.0 0.0 0.0 0.0 0.0 0.0 0.0 0.0 0.0 0.0 0.0 0.0 0.0 0.0 0.0 0.0 0.0 0.0 0.0 0.0 0.0 0.0 0.0 0.0 0.0 0.0
0.0 0.0 0.0 0.0 0.001 0.001 0.001 0.002 0.002 0.002 0.002 0.003 0.003 0.003 0.003 0.003 0.003 0.003 0.003 0.003 0.003 0.003 0.003 0.003 0.007 0.01 0.013 0.016 0.019 0.023 0.026 0.029 0.032 0.035 0.038 0.044 0.05 0.056 0.062 0.068 0.074 0.08 0.086 0.092 0.098 0.104 0.11 0.11 0.11 0.11 0.11 0.11 0.111 0.111 0.111 0.111 0.107 0.1 0.094 0.088 0.082 0.075 0.069 0.063 0.057 0.051 0.044 0.038 0.035 0.031 0.028 0.025 0.022 0.019 0.016 0.013 0.01 0.007 0.004 0.001 0.0 0.0 0.0 0.0 0.0 0.0 0.0 0.0 0.0 0.0 0.0 0.0 0.0 0.0 0.0 0.0 0.0 0.0 0.0 0.0 0.0 0.0 0.0 0.0 0.0 0.0 0.0 0.0 0.0 0.0 0.0 0.0 0.0 0.0 0.0 0.0 0.0 0.0 0.0 0.0 0.0 0.0 0.0 0.0 0.0 0.0 0.0 0.0 0.0 0.0 0.0 0.0 0.0 0.0 0.0 0.0
0.0 0.0 0.0 0.0 0.001 0.001 0.001 0.002 0.002 0.002 0.002 0.003 0.003 0.003 0.003 0.003 0.003 0.003 0.003 0.003 0.003 0.003 0.003 0.003 0.004 0.007 0.01 0.013 0.017 0.02 0.023 0.026 0.029 0.033 0.036 0.041 0.047 0.053 0.059 0.065 0.071 0.077 0.083 0.089 0.095 0.101 0.102 0.102 0.102 0.102 0.103 0.103 0.103 0.103 0.103 0.103 0.103 0.098 0.092 0.085 0.079 0.073 0.067 0.06 0.054 0.048 0.042 0.035 0.032 0.029 0.026 0.023 0.02 0.017 0.014 0.01 0.007 0.004 0.001 0.0 0.0 0.0 0.0 0.0 0.0 0.0 0.0 0.0 0.0 0.0 0.0 0.0 0.0 0.0 0.0 0.0 0.0 0.0 0.0 0.0 0.0 0.0 0.0 0.0 0.0 0.0 0.0 0.0 0.0 0.0 0.0 0.0 0.0 0.0 0.0 0.0 0.0 0.0 0.0 0.0 0.0 0.0 0.0 0.0 0.0 0.0 0.0 0.0 0.0 0.0 0.0 0.0 0.0 0.0 0.0 0.0
0.0 0.0 0.0 0.0 0.001 0.001 0.001 0.002 0.002 0.002 0.002 0.003 0.003 0.003 0.003 0.003 0.003 0.003 0.003 0.003 0.003 0.003 0.003 0.003 0.003 0.004 0.007 0.011 0.014 0.017 0.02 0.023 0.027 0.03 0.033 0.038 0.044 0.05 0.056 0.062 0.068 0.075 0.081 0.087 0.093 0.094 0.094 0.094 0.095 0.095 0.095 0.095 0.095 0.095 0.095 0.096 0.096 0.095 0.089 0.083 0.076 0.07 0.064 0.058 0.051 0.045 0.039 0.033 0.029 0.026 0.023 0.02 0.017 0.014 0.011 0.008 0.005 0.002 0.0 0.0 0.0 0.0 0.0 0.0 0.0 0.0 0.0 0.0 0.0 0.0 0.0 0.0 0.0 0.0 0.0 0.0 0.0 0.0 0.0 0.0 0.0 0.0 0.0 0.0 0.0 0.0 0.0 0.0 0.0 0.0 0.0 0.0 0.0 0.0 0.0 0.0 0.0 0.0 0.0 0.0 0.0 0.0 0.0 0.0 0.0 0.0 0.0 0.0 0.0 0.0 0.0 0.0 0.0 0.0 0.0 0.0
0.0 0.0 0.0 0.0 0.001 0.001 0.001 0.002 0.002 0.002 0.002 0.002 0.002 0.002 0.002 0.002 0.002 0.002 0.002 0.002 0.002 0.002 0.002 0.002 0.002 0.002 0.005 0.008 0.011 0.014 0.017 0.021 0.024 0.027 0.03 0.036 0.042 0.048 0.054 0.06 0.066 0.072 0.078 0.084 0.086 0.086 0.087 0.087 0.087 0.087 0.087 0.087 0.087 0.088 0.088 0.088 0.088 0.088 0.086 0.08 0.074 0.067 0.061 0.055 0.049 0.043 0.036 0.03 0.027 0.024 0.021 0.018 0.014 0.011 0.008 0.005 0.002 0.0 0.0 0.0 0.0 0.0 0.0 0.0 0.0 0.0 0.0 0.0 0.0 0.0 0.0 0.0 0.0 0.0 0.0 0.0 0.0 0.0 0.0 0.0 0.0 0.0 0.0 0.0 0.0 0.0 0.0 0.0 0.0 0.0 0.0 0.0 0.0 0.0 0.0 0.0 0.0 0.0 0.0 0.0 0.0 0.0 0.0 0.0 0.0 0.0 0.0 0.0 0.0 0.0 0.0 0.0 0.0 0.0 0.0 0.0
0.0 0.0 0.0 0.0 0.001 0.001 0.001 0.002 0.002 0.002 0.002 0.002 0.002 0.002 0.002 0.002 0.002 0.002 0.002 0.002 0.002 0.002 0.002 0.002 0.002 0.002 0.002 0.005 0.008 0.012 0.015 0.018 0.021 0.024 0.027 0.033 0.039 0.045 0.051 0.057 0.063 0.069 0.075 0.079 0.079 0.079 0.079 0.079 0.079 0.079 0.079 0.08 0.08 0.08 0.08 0.08 0.08 0.08 0.08 0.077 0.071 0.065 0.059 0.052 0.046 0.04 0.034 0.027 0.024 0.021 0.018 0.015 0.012 0.009 0.006 0.003 0.0 0.0 0.0 0.0 0.0 0.0 0.0 0.0 0.0 0.0 0.0 0.0 0.0 0.0 0.0 0.0 0.0 0.0 0.0 0.0 0.0 0.0 0.0 0.0 0.0 0.0 0.0 0.0 0.0 0.0 0.0 0.0 0.0 0.0 0.0 0.0 0.0 0.0 0.0 0.0 0.0 0.0 0.0 0.0 0.0 0.0 0.0 0.0 0.0 0.0 0.0 0.0 0.0 0.0 0.0 0.0 0.0 0.0 0.0 0.0
0.0 0.0 0.0 0.0 0.001 0.001 0.001 0.002 0.002 0.002 0.002 0.002 0.002 0.002 0.002 0.002 0.002 0.002 0.002 0.002 0.002 0.002 0.002 0.002 0.002 0.002 0.002 0.002 0.006 0.009 0.012 0.015 0.018 0.021 0.025 0.03 0.036 0.042 0.048 0.054 0.06 0.066 0.071 0.071 0.071 0.071 0.071 0.071 0.071 0.072 0.072 0.072 0.072 0.072 0.072 0.072 0.072 0.073 0.073 0.073 0.068 0.062 0.056 0.05 0.043 0.037 0.031 0.025 0.021 0.018 0.015 0.012 0.009 0.006 0.003 0.0 0.0 0.0 0.0 0.0 0.0 0.0 0.0 0.0 0.0 0.0 0.0 0.0 0.0 0.0 0.0 0.0 0.0 0.0 0.0 0.0 0.0 0.0 0.0 0.0 0.0 0.0 0.0 0.0 0.0 0.0 0.0 0.0 0.0 0.0 0.0 0.0 0.0 0.0 0.0 0.0 0.0 0.0 0.0 0.0 0.0 0.0 0.0 0.0 0.0 0.0 0.0 0.0 0.0 0.0 0.0 0.0 0.0 0.0 0.0 0.0
0.0 0.0 0.0 0.0 0.001 0.001 0.001 0.002 0.002 0.002 0.002 0.002 0.002 0.002 0.002 0.002 0.002 0.002 0.002 0.002 0.002 0.002 0.002 0.002 0.002 0.002 0.002 0.002 0.003 0.006 0.009 0.012 0.016 0.019 0.022 0.027 0.034 0.04 0.046 0.052 0.058 0.063 0.063 0.063 0.063 0.063 0.063 0.064 0.064 0.064 0.064 0.064 0.064 0.064 0.064 0.065 0.065 0.065 0.065 0.065 0.065 0.059 0.053 0.047 0.041 0.035 0.028 0.022 0.019 0.016 0.013 0.01 0.007 0.004 0.0 0.0 0.0 0.0 0.0 0.0 0.0 0.0 0.0 0.0 0.0 0.0 0.0 0.0 0.0 0.0 0.0 0.0 0.0 0.0 0.0 0.0 0.0 0.0 0.0 0.0 0.0 0.0 0.0 0.0 0.0 0.0 0.0 0.0 0.0 0.0 0.0 0.0 0.0 0.0 0.0 0.0 0.0 0.0 0.0 0.0 0.0 0.0 0.0 0.0 0.0 0.0 0.0 0.0 0.0 0.0 0.0 0.0 0.0 0.0 0.0 0.0
0.0 0.0 0.0 0.0 0.001 0.001 0.001 0.001 0.001 0.001 0.001 0.001 0.001 0.002 0.002 0.002 0.002 0.002 0.002 0.002 0.002 0.002 0.002 0.002 0.002 0.002 0.002 0.002 0.002 0.003 0.006 0.01 0.013 0.016 0.019 0.025 0.031 0.037 0.043 0.049 0.055 0.055 0.055 0.055 0.055 0.056 0.056 0.056 0.056 0.056 0.056 0.056 0.056 0.057 0.057 0.057 0.057 0.057 0.057 0.057 0.057 0.057 0.051 0.044 0.038 0.032 0.026 0.019 0.016 0.013 0.01 0.007 0.004 0.001 0.0 0.0 0.0 0.0 0.0 0.0 0.0 0.0 0.0 0.0 0.0 0.0 0.0 0.0 0.0 0.0 0.0 0.0 0.0 0.0 0.0 0.0 0.0 0.0 0.0 0.0 0.0 0.0 0.0 0.0 0.0 0.0 0.0 0.0 0.0 0.0 0.0 0.0 0.0 0.0 0.0 0.0 0.0 0.0 0.0 0.0 0.0 0.0 0.0 0.0 0.0 0.0 0.0 0.0 0.0 0.0 0.0 0.0 0.0 0.0 0.0 0.0
0.0 0.0 0.0 0.0 0.001 0.001 0.001 0.001 0.001 0.001 0.001 0.001 0.001 0.001 0.001 0.001 0.001 0.001 0.001 0.001 0.001 0.001 0.001 0.001 0.001 0.001 0.001 0.001 0.001 0.001 0.004 0.007 0.01 0.013 0.016 0.022 0.028 0.034 0.04 0.046 0.047 0.047 0.047 0.048 0.048 0.048 0.048 0.048 0.048 0.048 0.048 0.049 0.049 0.049 0.049 0.049 0.049 0.049 0.049 0.05 0.05 0.05 0.048 0.042 0.035 0.029 0.023 0.017 0.014 0.011 0.008 0.004 0.001 0.0 0.0 0.0 0.0 0.0 0.0 0.0 0.0 0.0 0.0 0.0 0.0 0.0 0.0 0.0 0.0 0.0 0.0 0.0 0.0 0.0 0.0 0.0 0.0 0.0 0.0 0.0 0.0 0.0 0.0 0.0 0.0 0.0 0.0 0.0 0.0 0.0 0.0 0.0 0.0 0.0 0.0 0.0 0.0 0.0 0.0 0.0 0.0 0.0 0.0 0.0 0.0 0.0 0.0 0.0 0.0 0.0 0.0 0.0 0.0 0.0 0.0 0.0
0.0 0.0 0.0 0.0 0.001 0.001 0.001 0.001 0.001 0.001 0.001 0.001 0.001 0.001 0.001 0.001 0.001 0.001 0.001 0.001 0.001 0.001 0.001 0.001 0.001 0.001 0.001 0.001 0.001 0.001 0.001 0.004 0.007 0.01 0.014 0.019 0.025 0.031 0.037 0.039 0.039 0.04 0.04 0.04 0.04 0.04 0.04 0.04 0.04 0.041 0.041 0.041 0.041 0.041 0.041 0.041 0.041 0.042 0.042 0.042 0.042 0.042 0.042 0.039 0.033 0.027 0.02 0.014 0.011 0.008 0.005 0.002 0.0 0.0 0.0 0.0 0.0 0.0 0.0 0.0 0.0 0.0 0.0 0.0 0.0 0.0 0.0 0.0 0.0 0.0 0.0 0.0 0.0 0.0 0.0 0.0 0.0 0.0 0.0 0.0 0.0 0.0 0.0 0.0 0.0 0.0 0.0 0.0 0.0 0.0 0.0 0.0 0.0 0.0 0.0 0.0 0.0 0.0 0.0 0.0 0.0 0.0 0.0 0.0 0.0 0.0 0.0 0.0 0.0 0.0 0.0 0.0 0.0 0.0 0.0 0.0
0.0 0.0 0.0 0.0 0.001 0.001 0.001 0.001 0.001 0.001 0.001 0.001 0.001 0.001 0.001 0.001 0.001 0.001 0.001 0.001 0.001 0.001 0.001 0.001 0.001 0.001 0.001 0.001 0.001 0.001 0.001 0.001 0.005 0.008 0.011 0.017 0.023 0.029 0.031 0.032 0.032 0.032 0.032 0.032 0.032 0.032 0.032 0.033 0.033 0.033 0.033 0.033 0.033 0.033 0.033 0.034 0.034 0.034 0.034 0.034 0.034 0.034 0.034 0.035 0.03 0.024 0.018 0.011 0.008 0.005 0.002 0.0 0.0 0.0 0.0 0.0 0.0 0.0 0.0 0.0 0.0 0.0 0.0 0.0 0.0 0.0 0.0 0.0 0.0 0.0 0.0 0.0 0.0 0.0 0.0 0.0 0.0 0.0 0.0 0.0 0.0 0.0 0.0 0.0 0.0 0.0 0.0 0.0 0.0 0.0 0.0 0.0 0.0 0.0 0.0 0.0 0.0 0.0 0.0 0.0 0.0 0.0 0.0 0.0 0.0 0.0 0.0 0.0 0.0 0.0 0.0 0.0 0.0 0.0 0.0 0.0
