    600    136    276
0.003 0.003 0.003 0.003 0.003 0.003 0.007 0.008 0.009 0.009 0.01 0.01 0.011 0.012 0.012 0.013 0.013 0.014 0.014 0.015 0.016 0.016 0.017 0.03 0.045 0.06 0.074 0.089 0.104 0.119 0.133 0.148 0.163 0.178 0.192 0.207 0.222 0.237 0.251 0.281 0.328 0.374 0.42 0.467 0.513 0.56 0.607 0.654 0.7 0.747 0.794 0.841 0.887 0.934 0.981 1.028 1.083 1.138 1.193 1.248 1.303 1.359 1.414 1.469 1.524 1.579 1.635 1.69 1.745 1.8 1.855 1.911 1.979 2.061 2.143 2.225 2.307 2.389 2.471 2.553 2.635 2.716 2.798 2.88 2.962 3.044 3.126 3.208 3.308 3.455 3.602 3.748 3.895 4.042 4.189 4.336 4.483 4.63 4.777 4.924 5.071 5.218 5.364 5.511 5.663 5.868 6.085 6.29 6.494 6.699 6.904 7.109 7.313 7.518 7.723 7.927 8.132 8.337 8.542 8.746 8.951 9.153 9.3 9.448 9.596 9.744 9.892 10.04 10.187 10.335 10.483 10.631 10.779 10.926 11.074 11.222
0.005 0.005 0.005 0.005 0.005 0.005 0.009 0.018 0.019 0.019 0.02 0.02 0.021 0.022 0.022 0.023 0.023 0.024 0.024 0.025 0.026 0.026 0.027 0.04 0.055 0.07 0.085 0.099 0.114 0.129 0.144 0.158 0.173 0.188 0.203 0.217 0.232 0.247 0.267 0.303 0.349 0.396 0.442 0.489 0.535 0.582 0.628 0.675 0.721 0.767 0.814 0.86 0.907 0.953 1.0 1.035 1.077 1.133 1.188 1.244 1.299 1.354 1.41 1.465 1.52 1.576 1.631 1.686 1.742 1.797 1.852 1.908 1.962 2.044 2.127 2.209 2.291 2.374 2.456 2.539 2.621 2.704 2.786 2.869 2.951 3.033 3.116 3.198 3.282 3.429 3.576 3.724 3.871 4.018 4.165 4.312 4.459 4.606 4.753 4.9 5.047 5.194 5.341 5.488 5.635 5.814 6.019 6.223 6.428 6.633 6.838 7.042 7.247 7.452 7.656 7.861 8.066 8.271 8.475 8.68 8.885 9.085 9.233 9.381 9.529 9.677 9.824 9.972 10.12 10.268 10.416 10.564 10.711 10.859 11.007 11.155
0.008 0.008 0.008 0.008 0.008 0.008 0.012 0.022 0.029 0.029 0.03 0.03 0.031 0.032 0.032 0.033 0.033 0.034 0.034 0.035 0.035 0.036 0.037 0.051 0.065 0.08 0.095 0.11 0.124 0.139 0.154 0.169 0.183 0.198 0.213 0.228 0.242 0.26 0.288 0.325 0.371 0.418 0.464 0.511 0.557 0.604 0.65 0.696 0.743 0.789 0.836 0.882 0.929 0.975 1.013 1.043 1.08 1.126 1.181 1.237 1.292 1.347 1.403 1.458 1.513 1.569 1.624 1.679 1.735 1.79 1.845 1.901 1.953 2.011 2.093 2.176 2.258 2.341 2.423 2.506 2.588 2.67 2.753 2.835 2.918 3.0 3.083 3.165 3.25 3.397 3.544 3.691 3.838 3.986 4.133 4.28 4.427 4.574 4.721 4.868 5.015 5.162 5.309 5.456 5.574 5.634 5.801 6.008 6.216 6.423 6.63 6.838 7.045 7.252 7.46 7.667 7.874 8.082 8.289 8.496 8.704 8.906 9.056 9.207 9.357 9.508 9.658 9.809 9.959 10.11 10.26 10.411 10.561 10.712 10.862 11.013
0.01 0.01 0.01 0.011 0.011 0.011 0.015 0.024 0.034 0.039 0.04 0.04 0.041 0.041 0.042 0.043 0.043 0.044 0.044 0.045 0.045 0.046 0.047 0.061 0.076 0.09 0.105 0.12 0.135 0.149 0.164 0.179 0.193 0.208 0.223 0.238 0.253 0.282 0.31 0.347 0.393 0.44 0.486 0.533 0.579 0.626 0.672 0.718 0.765 0.811 0.858 0.904 0.951 0.991 1.021 1.051 1.088 1.125 1.175 1.23 1.285 1.341 1.396 1.451 1.507 1.562 1.617 1.673 1.728 1.783 1.839 1.894 1.946 1.996 2.06 2.143 2.225 2.307 2.39 2.472 2.555 2.637 2.72 2.802 2.885 2.967 3.049 3.132 3.218 3.365 3.512 3.659 3.806 3.953 4.1 4.248 4.395 4.542 4.689 4.836 4.983 5.13 5.277 5.405 5.479 5.539 5.587 5.786 5.994 6.201 6.408 6.616 6.823 7.031 7.238 7.445 7.653 7.86 8.067 8.275 8.482 8.683 8.834 8.984 9.135 9.285 9.436 9.586 9.737 9.887 10.038 10.188 10.339 10.489 10.64 10.79
0.013 0.013 0.013 0.013 0.013 0.013 0.018 0.027 0.037 0.046 0.05 0.05 0.051 0.051 0.052 0.053 0.053 0.054 0.054 0.055 0.055 0.056 0.057 0.071 0.086 0.1 0.115 0.13 0.145 0.159 0.174 0.189 0.204 0.218 0.233 0.248 0.275 0.303 0.332 0.369 0.415 0.462 0.508 0.555 0.601 0.648 0.694 0.74 0.787 0.833 0.88 0.926 0.969 0.999 1.029 1.059 1.096 1.133 1.17 1.223 1.279 1.334 1.389 1.445 1.5 1.555 1.611 1.666 1.721 1.777 1.832 1.887 1.939 1.989 2.038 2.109 2.192 2.274 2.357 2.439 2.522 2.604 2.686 2.769 2.851 2.934 3.016 3.099 3.186 3.333 3.48 3.627 3.774 3.921 4.068 4.215 4.362 4.51 4.657 4.804 4.951 5.098 5.237 5.311 5.385 5.444 5.492 5.565 5.772 5.979 6.187 6.394 6.601 6.809 7.016 7.223 7.431 7.638 7.846 8.053 8.26 8.461 8.611 8.762 8.912 9.063 9.213 9.363 9.514 9.664 9.815 9.965 10.116 10.266 10.417 10.567
0.016 0.016 0.016 0.016 0.016 0.016 0.02 0.03 0.039 0.049 0.059 0.06 0.061 0.061 0.062 0.063 0.063 0.064 0.064 0.065 0.065 0.066 0.067 0.081 0.096 0.111 0.125 0.14 0.155 0.17 0.184 0.199 0.214 0.229 0.243 0.269 0.297 0.325 0.353 0.391 0.437 0.484 0.53 0.577 0.623 0.669 0.716 0.762 0.809 0.855 0.902 0.947 0.977 1.007 1.037 1.067 1.104 1.141 1.178 1.217 1.272 1.327 1.383 1.438 1.493 1.549 1.604 1.659 1.715 1.77 1.825 1.881 1.933 1.982 2.031 2.081 2.159 2.241 2.324 2.406 2.488 2.571 2.653 2.736 2.818 2.901 2.983 3.066 3.154 3.301 3.448 3.595 3.742 3.889 4.036 4.183 4.33 4.477 4.624 4.772 4.919 5.066 5.142 5.216 5.291 5.349 5.397 5.446 5.55 5.758 5.965 6.172 6.38 6.587 6.794 7.002 7.209 7.416 7.624 7.831 8.038 8.238 8.388 8.539 8.689 8.84 8.99 9.141 9.291 9.442 9.592 9.743 9.893 10.044 10.194 10.292
0.018 0.018 0.018 0.018 0.018 0.018 0.023 0.033 0.042 0.052 0.061 0.07 0.071 0.071 0.072 0.072 0.073 0.074 0.074 0.075 0.075 0.076 0.077 0.091 0.106 0.121 0.136 0.15 0.165 0.18 0.195 0.209 0.224 0.239 0.262 0.29 0.318 0.347 0.375 0.413 0.459 0.506 0.552 0.599 0.645 0.691 0.738 0.784 0.831 0.877 0.924 0.955 0.985 1.015 1.045 1.075 1.112 1.149 1.186 1.223 1.265 1.321 1.376 1.431 1.487 1.542 1.597 1.653 1.708 1.763 1.819 1.874 1.926 1.975 2.025 2.074 2.125 2.208 2.29 2.373 2.455 2.538 2.62 2.703 2.785 2.867 2.95 3.032 3.122 3.269 3.416 3.563 3.71 3.857 4.004 4.151 4.298 4.445 4.592 4.739 4.886 4.974 5.048 5.122 5.196 5.254 5.302 5.351 5.399 5.536 5.743 5.951 6.158 6.365 6.573 6.78 6.987 7.195 7.402 7.609 7.817 8.015 8.166 8.316 8.467 8.617 8.768 8.918 9.069 9.219 9.369 9.52 9.67 9.821 9.933 9.987
0.021 0.021 0.021 0.021 0.021 0.021 0.026 0.035 0.045 0.055 0.064 0.074 0.081 0.081 0.082 0.082 0.083 0.084 0.084 0.085 0.085 0.086 0.087 0.102 0.116 0.131 0.146 0.161 0.175 0.19 0.205 0.219 0.234 0.256 0.284 0.312 0.34 0.368 0.396 0.435 0.481 0.528 0.574 0.62 0.667 0.713 0.76 0.806 0.853 0.899 0.933 0.963 0.993 1.023 1.053 1.083 1.12 1.157 1.194 1.231 1.267 1.314 1.369 1.424 1.48 1.535 1.59 1.646 1.701 1.756 1.812 1.867 1.919 1.968 2.018 2.067 2.117 2.175 2.257 2.34 2.422 2.504 2.587 2.669 2.752 2.834 2.917 2.999 3.09 3.237 3.384 3.531 3.678 3.825 3.972 4.119 4.266 4.413 4.56 4.707 4.805 4.879 4.953 5.028 5.102 5.159 5.208 5.256 5.304 5.352 5.521 5.729 5.936 6.143 6.351 6.558 6.766 6.973 7.18 7.388 7.595 7.792 7.943 8.093 8.244 8.394 8.545 8.695 8.846 8.996 9.147 9.297 9.448 9.573 9.628 9.682
0.023 0.023 0.023 0.023 0.023 0.024 0.028 0.038 0.048 0.057 0.067 0.076 0.086 0.091 0.092 0.092 0.093 0.094 0.094 0.095 0.095 0.096 0.097 0.112 0.126 0.141 0.156 0.171 0.185 0.2 0.215 0.23 0.249 0.277 0.305 0.334 0.362 0.39 0.418 0.457 0.503 0.55 0.596 0.642 0.689 0.735 0.782 0.828 0.875 0.911 0.941 0.971 1.001 1.031 1.061 1.091 1.128 1.165 1.202 1.239 1.275 1.312 1.362 1.418 1.473 1.528 1.584 1.639 1.694 1.75 1.805 1.86 1.912 1.962 2.011 2.06 2.11 2.159 2.224 2.306 2.389 2.471 2.554 2.636 2.719 2.801 2.883 2.966 3.057 3.205 3.352 3.499 3.646 3.793 3.94 4.087 4.234 4.381 4.528 4.636 4.711 4.785 4.859 4.933 5.007 5.064 5.113 5.161 5.209 5.258 5.306 5.507 5.714 5.922 6.129 6.336 6.544 6.751 6.958 7.166 7.373 7.57 7.72 7.871 8.021 8.172 8.322 8.473 8.623 8.774 8.924 9.075 9.214 9.268 9.323 9.377
0.026 0.026 0.026 0.026 0.026 0.026 0.031 0.041 0.05 0.06 0.07 0.079 0.089 0.098 0.102 0.102 0.103 0.104 0.104 0.105 0.105 0.106 0.107 0.122 0.137 0.151 0.166 0.181 0.196 0.21 0.225 0.242 0.271 0.299 0.327 0.355 0.383 0.412 0.44 0.479 0.525 0.572 0.618 0.664 0.711 0.757 0.804 0.85 0.888 0.918 0.949 0.979 1.009 1.039 1.069 1.1 1.136 1.173 1.21 1.247 1.284 1.32 1.357 1.411 1.466 1.522 1.577 1.632 1.688 1.743 1.798 1.854 1.905 1.955 2.004 2.054 2.103 2.152 2.202 2.273 2.356 2.438 2.52 2.603 2.685 2.768 2.85 2.933 3.025 3.172 3.319 3.467 3.614 3.761 3.908 4.055 4.202 4.349 4.468 4.542 4.616 4.69 4.765 4.839 4.913 4.97 5.018 5.066 5.114 5.163 5.211 5.285 5.493 5.7 5.907 6.115 6.322 6.529 6.737 6.944 7.151 7.347 7.497 7.648 7.798 7.949 8.099 8.25 8.4 8.551 8.701 8.852 8.909 8.963 9.018 9.072
0.029 0.029 0.029 0.029 0.029 0.029 0.034 0.044 0.053 0.063 0.072 0.082 0.092 0.101 0.111 0.112 0.113 0.113 0.114 0.115 0.115 0.116 0.117 0.132 0.147 0.162 0.176 0.191 0.206 0.221 0.236 0.264 0.292 0.321 0.349 0.377 0.405 0.433 0.461 0.501 0.547 0.593 0.64 0.686 0.733 0.779 0.826 0.866 0.896 0.926 0.956 0.987 1.017 1.047 1.077 1.108 1.144 1.181 1.218 1.255 1.292 1.328 1.365 1.404 1.46 1.515 1.57 1.626 1.681 1.736 1.792 1.847 1.898 1.948 1.997 2.047 2.096 2.146 2.195 2.244 2.322 2.405 2.487 2.57 2.652 2.735 2.817 2.899 2.993 3.14 3.287 3.434 3.581 3.729 3.876 4.023 4.17 4.299 4.373 4.448 4.522 4.596 4.67 4.744 4.819 4.875 4.923 4.971 5.02 5.068 5.116 5.164 5.271 5.478 5.685 5.893 6.1 6.308 6.515 6.722 6.93 7.124 7.275 7.425 7.576 7.726 7.877 8.027 8.178 8.328 8.479 8.55 8.604 8.658 8.713 8.767
0.031 0.031 0.031 0.031 0.031 0.031 0.037 0.046 0.056 0.065 0.075 0.085 0.094 0.104 0.113 0.122 0.123 0.123 0.124 0.125 0.125 0.126 0.128 0.142 0.157 0.172 0.187 0.201 0.216 0.231 0.258 0.286 0.314 0.342 0.37 0.399 0.427 0.455 0.483 0.523 0.569 0.615 0.662 0.708 0.755 0.801 0.844 0.874 0.904 0.934 0.964 0.994 1.025 1.055 1.085 1.116 1.152 1.189 1.226 1.263 1.3 1.337 1.373 1.41 1.453 1.508 1.564 1.619 1.674 1.73 1.785 1.84 1.892 1.941 1.99 2.04 2.089 2.139 2.188 2.238 2.289 2.372 2.454 2.537 2.619 2.701 2.784 2.866 2.961 3.108 3.255 3.402 3.549 3.696 3.843 3.991 4.131 4.205 4.279 4.353 4.427 4.502 4.576 4.65 4.724 4.78 4.828 4.876 4.925 4.973 5.021 5.07 5.118 5.256 5.464 5.671 5.878 6.086 6.293 6.5 6.708 6.901 7.052 7.202 7.353 7.503 7.654 7.804 7.955 8.105 8.19 8.245 8.299 8.353 8.408 8.462
0.034 0.034 0.034 0.034 0.034 0.034 0.039 0.049 0.059 0.068 0.078 0.087 0.097 0.107 0.116 0.126 0.133 0.133 0.134 0.135 0.135 0.136 0.138 0.152 0.167 0.182 0.197 0.211 0.226 0.251 0.279 0.307 0.336 0.364 0.392 0.42 0.448 0.477 0.505 0.544 0.591 0.637 0.684 0.73 0.777 0.822 0.852 0.882 0.912 0.942 0.972 1.002 1.032 1.063 1.093 1.124 1.161 1.197 1.234 1.271 1.308 1.345 1.381 1.418 1.455 1.501 1.557 1.612 1.667 1.723 1.778 1.833 1.885 1.934 1.984 2.033 2.082 2.132 2.181 2.231 2.28 2.338 2.421 2.503 2.586 2.668 2.751 2.833 2.929 3.076 3.223 3.37 3.517 3.664 3.811 3.958 4.036 4.11 4.185 4.259 4.333 4.407 4.481 4.556 4.63 4.685 4.733 4.782 4.83 4.878 4.926 4.975 5.023 5.071 5.242 5.449 5.657 5.864 6.071 6.279 6.486 6.679 6.829 6.98 7.13 7.281 7.431 7.582 7.732 7.831 7.885 7.94 7.994 8.048 8.103 8.157
0.036 0.036 0.036 0.036 0.036 0.036 0.042 0.052 0.061 0.071 0.081 0.09 0.1 0.109 0.119 0.129 0.138 0.143 0.144 0.144 0.145 0.146 0.148 0.163 0.177 0.192 0.207 0.222 0.245 0.273 0.301 0.329 0.357 0.385 0.414 0.442 0.47 0.498 0.526 0.566 0.613 0.659 0.706 0.752 0.799 0.83 0.86 0.89 0.92 0.95 0.98 1.01 1.04 1.071 1.101 1.132 1.169 1.205 1.242 1.279 1.316 1.353 1.389 1.426 1.463 1.5 1.55 1.605 1.661 1.716 1.771 1.827 1.878 1.927 1.977 2.026 2.076 2.125 2.174 2.224 2.273 2.323 2.388 2.47 2.553 2.635 2.717 2.8 2.897 3.044 3.191 3.338 3.485 3.632 3.779 3.868 3.942 4.016 4.09 4.164 4.239 4.313 4.387 4.461 4.535 4.59 4.638 4.687 4.735 4.783 4.832 4.88 4.928 4.976 5.025 5.228 5.435 5.642 5.85 6.057 6.264 6.456 6.606 6.757 6.907 7.058 7.208 7.359 7.472 7.526 7.58 7.635 7.689 7.743 7.798 7.852
0.04 0.039 0.039 0.039 0.039 0.039 0.045 0.054 0.064 0.074 0.083 0.093 0.102 0.112 0.122 0.131 0.141 0.15 0.154 0.154 0.155 0.156 0.158 0.173 0.188 0.202 0.217 0.238 0.266 0.294 0.323 0.351 0.379 0.407 0.435 0.464 0.492 0.52 0.548 0.588 0.635 0.681 0.728 0.774 0.808 0.838 0.868 0.898 0.928 0.958 0.988 1.018 1.048 1.078 1.109 1.14 1.177 1.213 1.25 1.287 1.324 1.361 1.398 1.434 1.471 1.508 1.545 1.599 1.654 1.709 1.765 1.82 1.871 1.921 1.97 2.019 2.069 2.118 2.168 2.217 2.267 2.316 2.365 2.437 2.519 2.602 2.684 2.767 2.865 3.012 3.159 3.306 3.453 3.6 3.699 3.773 3.847 3.922 3.996 4.07 4.144 4.218 4.293 4.367 4.441 4.495 4.544 4.592 4.64 4.688 4.737 4.785 4.833 4.882 4.93 5.006 5.213 5.42 5.628 5.835 6.043 6.233 6.384 6.534 6.685 6.835 6.986 7.112 7.167 7.221 7.275 7.33 7.384 7.438 7.493 7.547
0.043 0.042 0.042 0.042 0.042 0.042 0.048 0.057 0.067 0.076 0.086 0.096 0.105 0.115 0.124 0.134 0.144 0.153 0.163 0.164 0.165 0.166 0.168 0.183 0.198 0.213 0.231 0.26 0.288 0.316 0.344 0.372 0.401 0.429 0.457 0.485 0.513 0.542 0.57 0.61 0.657 0.703 0.75 0.786 0.816 0.846 0.876 0.906 0.936 0.966 0.996 1.026 1.056 1.086 1.116 1.148 1.185 1.222 1.258 1.295 1.332 1.369 1.406 1.442 1.479 1.516 1.553 1.592 1.647 1.703 1.758 1.813 1.864 1.914 1.963 2.013 2.062 2.111 2.161 2.21 2.26 2.309 2.359 2.408 2.486 2.569 2.651 2.733 2.833 2.98 3.127 3.274 3.421 3.53 3.605 3.679 3.753 3.827 3.901 3.976 4.05 4.124 4.198 4.272 4.347 4.4 4.449 4.497 4.545 4.594 4.642 4.69 4.738 4.787 4.835 4.883 4.991 5.199 5.406 5.613 5.821 6.01 6.161 6.311 6.462 6.612 6.753 6.807 6.862 6.916 6.97 7.025 7.079 7.133 7.188 7.242
0.046 0.046 0.045 0.044 0.044 0.044 0.05 0.06 0.07 0.079 0.089 0.098 0.108 0.118 0.127 0.137 0.146 0.156 0.166 0.174 0.175 0.176 0.178 0.193 0.208 0.225 0.253 0.281 0.31 0.338 0.366 0.394 0.422 0.45 0.479 0.507 0.535 0.563 0.591 0.632 0.679 0.725 0.764 0.794 0.824 0.854 0.884 0.914 0.944 0.974 1.004 1.034 1.064 1.094 1.124 1.156 1.193 1.23 1.266 1.303 1.34 1.377 1.414 1.45 1.487 1.524 1.561 1.598 1.641 1.696 1.751 1.807 1.857 1.907 1.956 2.006 2.055 2.105 2.154 2.203 2.253 2.302 2.352 2.401 2.453 2.535 2.618 2.7 2.8 2.948 3.095 3.242 3.362 3.436 3.51 3.584 3.659 3.733 3.807 3.881 3.955 4.03 4.104 4.178 4.252 4.306 4.354 4.402 4.45 4.499 4.547 4.595 4.644 4.692 4.74 4.788 4.837 4.977 5.184 5.392 5.599 5.788 5.938 6.089 6.239 6.39 6.448 6.502 6.557 6.611 6.665 6.72 6.774 6.828 6.883 6.937
0.05 0.049 0.048 0.047 0.047 0.047 0.053 0.063 0.072 0.082 0.092 0.101 0.111 0.12 0.13 0.14 0.149 0.159 0.168 0.178 0.185 0.185 0.189 0.203 0.218 0.247 0.275 0.303 0.331 0.359 0.388 0.416 0.444 0.472 0.5 0.528 0.557 0.585 0.613 0.654 0.701 0.742 0.772 0.802 0.832 0.862 0.892 0.922 0.952 0.982 1.012 1.042 1.072 1.102 1.132 1.164 1.201 1.238 1.274 1.311 1.348 1.385 1.422 1.459 1.495 1.532 1.569 1.606 1.643 1.689 1.744 1.8 1.851 1.9 1.949 1.999 2.048 2.098 2.147 2.197 2.246 2.295 2.345 2.394 2.444 2.502 2.585 2.667 2.768 2.915 3.062 3.193 3.267 3.342 3.416 3.49 3.564 3.638 3.713 3.787 3.861 3.935 4.009 4.084 4.158 4.211 4.259 4.307 4.356 4.404 4.452 4.5 4.549 4.597 4.645 4.694 4.742 4.79 4.963 5.17 5.377 5.565 5.715 5.866 6.016 6.089 6.143 6.197 6.252 6.306 6.36 6.415 6.469 6.523 6.578 6.632
0.053 0.052 0.051 0.05 0.05 0.049 0.056 0.065 0.075 0.085 0.094 0.104 0.113 0.123 0.133 0.142 0.152 0.161 0.171 0.181 0.19 0.195 0.199 0.214 0.24 0.268 0.296 0.325 0.353 0.381 0.409 0.437 0.466 0.494 0.522 0.55 0.578 0.607 0.635 0.676 0.72 0.75 0.78 0.81 0.84 0.87 0.9 0.93 0.96 0.99 1.02 1.05 1.08 1.11 1.14 1.172 1.209 1.246 1.283 1.319 1.356 1.393 1.43 1.467 1.503 1.54 1.577 1.614 1.651 1.687 1.738 1.793 1.844 1.893 1.943 1.992 2.041 2.091 2.14 2.19 2.239 2.289 2.338 2.387 2.437 2.486 2.551 2.634 2.736 2.883 3.024 3.099 3.173 3.247 3.321 3.395 3.47 3.544 3.618 3.692 3.767 3.841 3.915 3.989 4.063 4.116 4.164 4.212 4.261 4.309 4.357 4.406 4.454 4.502 4.55 4.599 4.647 4.695 4.744 4.948 5.155 5.342 5.493 5.643 5.729 5.784 5.838 5.892 5.947 6.001 6.055 6.11 6.164 6.218 6.273 6.327
0.056 0.055 0.055 0.054 0.053 0.052 0.059 0.068 0.078 0.087 0.097 0.107 0.116 0.126 0.135 0.145 0.155 0.164 0.174 0.183 0.193 0.203 0.209 0.234 0.262 0.29 0.318 0.346 0.374 0.403 0.431 0.459 0.487 0.515 0.544 0.572 0.6 0.628 0.656 0.698 0.728 0.758 0.788 0.818 0.848 0.878 0.908 0.938 0.968 0.998 1.028 1.058 1.088 1.118 1.148 1.18 1.217 1.254 1.291 1.327 1.364 1.401 1.438 1.475 1.511 1.548 1.585 1.622 1.659 1.696 1.732 1.786 1.837 1.886 1.936 1.985 2.035 2.084 2.134 2.183 2.232 2.282 2.331 2.381 2.43 2.479 2.529 2.601 2.704 2.851 2.93 3.004 3.078 3.153 3.227 3.301 3.375 3.449 3.524 3.598 3.672 3.746 3.821 3.895 3.969 4.021 4.069 4.118 4.166 4.214 4.262 4.311 4.359 4.407 4.456 4.504 4.552 4.6 4.649 4.726 4.934 5.119 5.27 5.37 5.424 5.479 5.533 5.587 5.642 5.696 5.75 5.805 5.859 5.913 5.968 6.022
0.055 0.054 0.054 0.053 0.052 0.052 0.058 0.068 0.077 0.087 0.097 0.106 0.116 0.126 0.136 0.145 0.155 0.165 0.174 0.184 0.194 0.203 0.217 0.245 0.274 0.302 0.331 0.36 0.388 0.417 0.445 0.474 0.503 0.531 0.56 0.588 0.617 0.645 0.674 0.704 0.734 0.764 0.795 0.825 0.855 0.885 0.916 0.946 0.976 1.006 1.036 1.066 1.096 1.126 1.156 1.188 1.225 1.262 1.299 1.335 1.372 1.409 1.446 1.483 1.52 1.556 1.593 1.63 1.667 1.704 1.74 1.78 1.83 1.88 1.929 1.978 2.028 2.077 2.127 2.176 2.226 2.275 2.324 2.374 2.423 2.473 2.522 2.572 2.672 2.761 2.836 2.91 2.984 3.058 3.132 3.207 3.281 3.355 3.429 3.503 3.578 3.652 3.726 3.8 3.874 3.926 3.974 4.023 4.071 4.119 4.168 4.216 4.264 4.312 4.361 4.409 4.457 4.506 4.554 4.602 4.712 4.897 5.011 5.065 5.119 5.174 5.228 5.282 5.337 5.391 5.445 5.5 5.554 5.608 5.662 5.717
0.052 0.052 0.051 0.05 0.05 0.05 0.057 0.066 0.075 0.085 0.095 0.104 0.114 0.124 0.133 0.143 0.153 0.162 0.172 0.182 0.191 0.201 0.215 0.242 0.271 0.299 0.328 0.357 0.385 0.414 0.442 0.471 0.499 0.528 0.557 0.585 0.614 0.642 0.671 0.701 0.731 0.761 0.792 0.822 0.852 0.882 0.912 0.943 0.973 1.003 1.033 1.064 1.094 1.124 1.154 1.184 1.22 1.257 1.294 1.331 1.368 1.405 1.442 1.479 1.516 1.553 1.591 1.628 1.665 1.702 1.739 1.776 1.815 1.865 1.915 1.964 2.014 2.064 2.113 2.163 2.213 2.262 2.312 2.362 2.411 2.461 2.51 2.56 2.611 2.684 2.757 2.831 2.904 2.977 3.051 3.124 3.197 3.271 3.344 3.417 3.491 3.564 3.637 3.71 3.784 3.834 3.881 3.929 3.976 4.025 4.073 4.121 4.169 4.218 4.266 4.314 4.363 4.411 4.459 4.507 4.556 4.651 4.706 4.76 4.814 4.869 4.923 4.977 5.032 5.086 5.14 5.195 5.249 5.303 5.357 5.412
0.05 0.049 0.048 0.048 0.048 0.049 0.055 0.064 0.073 0.083 0.093 0.102 0.112 0.122 0.131 0.141 0.151 0.16 0.17 0.18 0.189 0.199 0.213 0.24 0.268 0.296 0.325 0.353 0.382 0.411 0.439 0.468 0.496 0.525 0.553 0.582 0.611 0.639 0.668 0.698 0.728 0.758 0.788 0.819 0.849 0.879 0.909 0.94 0.97 1.0 1.03 1.06 1.091 1.121 1.15 1.18 1.214 1.25 1.287 1.324 1.361 1.398 1.435 1.472 1.509 1.546 1.583 1.62 1.657 1.695 1.732 1.769 1.803 1.845 1.895 1.945 1.994 2.044 2.094 2.143 2.193 2.242 2.292 2.342 2.391 2.441 2.491 2.54 2.589 2.643 2.717 2.79 2.863 2.937 3.01 3.083 3.156 3.23 3.303 3.376 3.45 3.523 3.596 3.67 3.743 3.793 3.84 3.888 3.935 3.982 4.03 4.077 4.124 4.172 4.219 4.267 4.314 4.361 4.409 4.456 4.502 4.523 4.564 4.614 4.665 4.716 4.766 4.817 4.868 4.918 4.969 5.02 5.07 5.121 5.171 5.222
0.047 0.046 0.046 0.046 0.046 0.047 0.054 0.063 0.071 0.081 0.091 0.1 0.11 0.12 0.129 0.139 0.149 0.158 0.168 0.178 0.187 0.197 0.212 0.238 0.265 0.293 0.322 0.35 0.379 0.407 0.436 0.465 0.493 0.522 0.55 0.579 0.608 0.636 0.665 0.695 0.725 0.755 0.785 0.816 0.846 0.876 0.906 0.936 0.967 0.997 1.027 1.057 1.088 1.117 1.145 1.176 1.209 1.243 1.28 1.317 1.354 1.391 1.428 1.465 1.502 1.539 1.576 1.613 1.65 1.687 1.724 1.761 1.796 1.83 1.875 1.925 1.974 2.024 2.074 2.123 2.173 2.223 2.272 2.322 2.372 2.421 2.471 2.521 2.569 2.616 2.676 2.749 2.822 2.896 2.969 3.042 3.116 3.189 3.262 3.336 3.409 3.482 3.555 3.629 3.702 3.752 3.799 3.846 3.894 3.941 3.988 4.036 4.083 4.131 4.178 4.225 4.273 4.32 4.367 4.415 4.451 4.472 4.473 4.523 4.574 4.625 4.675 4.726 4.776 4.827 4.878 4.928 4.979 5.03 5.08 5.131
0.045 0.044 0.044 0.044 0.045 0.045 0.052 0.061 0.07 0.079 0.089 0.098 0.108 0.118 0.127 0.137 0.147 0.156 0.166 0.176 0.185 0.195 0.21 0.237 0.264 0.29 0.319 0.347 0.376 0.404 0.433 0.461 0.49 0.519 0.547 0.576 0.604 0.633 0.662 0.692 0.722 0.752 0.782 0.812 0.843 0.873 0.903 0.933 0.964 0.994 1.024 1.054 1.084 1.112 1.141 1.171 1.205 1.238 1.272 1.31 1.347 1.384 1.421 1.458 1.495 1.532 1.569 1.606 1.643 1.68 1.717 1.754 1.789 1.823 1.856 1.905 1.955 2.004 2.054 2.104 2.153 2.203 2.253 2.302 2.352 2.401 2.451 2.501 2.549 2.596 2.643 2.708 2.782 2.855 2.928 3.002 3.075 3.148 3.221 3.295 3.368 3.441 3.515 3.588 3.661 3.71 3.758 3.805 3.852 3.9 3.947 3.995 4.042 4.089 4.137 4.184 4.231 4.279 4.326 4.364 4.4 4.42 4.421 4.432 4.483 4.533 4.584 4.635 4.685 4.736 4.787 4.837 4.888 4.939 4.989 5.04
0.042 0.042 0.042 0.043 0.043 0.044 0.051 0.06 0.069 0.077 0.086 0.096 0.106 0.115 0.125 0.135 0.144 0.154 0.164 0.174 0.183 0.193 0.208 0.235 0.262 0.289 0.316 0.344 0.373 0.401 0.43 0.458 0.487 0.516 0.544 0.573 0.601 0.63 0.658 0.688 0.719 0.749 0.779 0.809 0.84 0.87 0.9 0.93 0.96 0.991 1.021 1.05 1.079 1.108 1.137 1.167 1.201 1.234 1.267 1.302 1.339 1.376 1.414 1.451 1.488 1.525 1.562 1.599 1.636 1.673 1.71 1.747 1.781 1.815 1.849 1.885 1.935 1.985 2.034 2.084 2.134 2.183 2.233 2.282 2.332 2.382 2.431 2.481 2.53 2.577 2.624 2.671 2.741 2.814 2.887 2.961 3.034 3.107 3.181 3.254 3.327 3.401 3.474 3.547 3.62 3.669 3.716 3.764 3.811 3.859 3.906 3.953 4.001 4.048 4.095 4.143 4.19 4.238 4.278 4.313 4.349 4.369 4.37 4.371 4.392 4.442 4.493 4.544 4.594 4.645 4.696 4.746 4.797 4.848 4.898 4.949
0.04 0.04 0.041 0.041 0.042 0.042 0.05 0.058 0.067 0.076 0.085 0.094 0.104 0.113 0.123 0.133 0.142 0.152 0.162 0.171 0.181 0.191 0.206 0.233 0.26 0.287 0.314 0.341 0.369 0.398 0.427 0.455 0.484 0.512 0.541 0.57 0.598 0.627 0.655 0.685 0.716 0.746 0.776 0.806 0.836 0.867 0.897 0.927 0.957 0.988 1.017 1.046 1.075 1.104 1.132 1.163 1.196 1.23 1.263 1.297 1.332 1.369 1.406 1.443 1.48 1.518 1.555 1.592 1.629 1.666 1.703 1.74 1.774 1.808 1.842 1.876 1.915 1.965 2.014 2.064 2.114 2.163 2.213 2.263 2.312 2.362 2.412 2.461 2.51 2.557 2.604 2.651 2.7 2.773 2.847 2.92 2.993 3.067 3.14 3.213 3.286 3.36 3.433 3.506 3.58 3.628 3.675 3.723 3.77 3.817 3.865 3.912 3.959 4.007 4.054 4.102 4.149 4.191 4.226 4.262 4.298 4.317 4.318 4.319 4.32 4.351 4.402 4.453 4.503 4.554 4.605 4.655 4.706 4.756 4.807 4.858
0.038 0.039 0.039 0.04 0.04 0.041 0.048 0.057 0.066 0.075 0.084 0.092 0.102 0.111 0.121 0.131 0.14 0.15 0.16 0.169 0.179 0.189 0.204 0.231 0.258 0.285 0.312 0.339 0.366 0.395 0.423 0.452 0.481 0.509 0.538 0.566 0.595 0.624 0.652 0.682 0.712 0.743 0.773 0.803 0.833 0.864 0.894 0.924 0.954 0.984 1.013 1.042 1.07 1.099 1.128 1.159 1.192 1.225 1.259 1.292 1.326 1.362 1.399 1.436 1.473 1.51 1.547 1.584 1.622 1.659 1.696 1.733 1.767 1.801 1.835 1.869 1.903 1.945 1.995 2.044 2.094 2.144 2.193 2.243 2.293 2.342 2.392 2.441 2.49 2.537 2.584 2.631 2.678 2.733 2.806 2.879 2.952 3.026 3.099 3.172 3.246 3.319 3.392 3.466 3.539 3.587 3.634 3.681 3.729 3.776 3.823 3.871 3.918 3.966 4.013 4.06 4.104 4.14 4.175 4.211 4.247 4.265 4.266 4.268 4.269 4.27 4.311 4.361 4.412 4.463 4.513 4.564 4.615 4.665 4.716 4.767
0.037 0.037 0.038 0.038 0.039 0.039 0.047 0.056 0.064 0.073 0.082 0.091 0.1 0.109 0.119 0.129 0.138 0.148 0.158 0.167 0.177 0.187 0.203 0.229 0.256 0.283 0.31 0.337 0.364 0.392 0.42 0.449 0.478 0.506 0.535 0.563 0.592 0.62 0.649 0.679 0.709 0.74 0.77 0.8 0.83 0.86 0.891 0.921 0.951 0.98 1.009 1.037 1.066 1.095 1.124 1.154 1.188 1.221 1.255 1.288 1.321 1.355 1.392 1.429 1.466 1.503 1.54 1.577 1.614 1.651 1.688 1.725 1.76 1.794 1.827 1.861 1.895 1.929 1.975 2.025 2.074 2.124 2.173 2.223 2.273 2.322 2.372 2.422 2.47 2.517 2.564 2.611 2.658 2.705 2.765 2.838 2.912 2.985 3.058 3.132 3.205 3.278 3.351 3.425 3.498 3.545 3.593 3.64 3.687 3.735 3.782 3.83 3.877 3.924 3.972 4.017 4.053 4.089 4.124 4.16 4.196 4.214 4.215 4.216 4.217 4.218 4.22 4.27 4.321 4.372 4.422 4.473 4.524 4.574 4.625 4.676
0.035 0.036 0.036 0.037 0.037 0.038 0.045 0.054 0.063 0.072 0.081 0.09 0.098 0.107 0.117 0.127 0.136 0.146 0.156 0.165 0.175 0.185 0.201 0.228 0.255 0.281 0.308 0.335 0.362 0.389 0.417 0.446 0.474 0.503 0.532 0.56 0.589 0.617 0.646 0.676 0.706 0.736 0.767 0.797 0.827 0.857 0.888 0.918 0.947 0.975 1.004 1.033 1.062 1.09 1.119 1.15 1.183 1.217 1.25 1.284 1.317 1.351 1.385 1.422 1.459 1.496 1.533 1.57 1.607 1.644 1.681 1.718 1.752 1.786 1.82 1.854 1.888 1.922 1.956 2.005 2.054 2.104 2.154 2.203 2.253 2.303 2.352 2.402 2.45 2.497 2.544 2.591 2.638 2.685 2.732 2.798 2.871 2.944 3.017 3.091 3.164 3.237 3.311 3.384 3.457 3.504 3.551 3.599 3.646 3.694 3.741 3.788 3.836 3.883 3.93 3.966 4.002 4.037 4.073 4.109 4.145 4.162 4.163 4.164 4.166 4.167 4.168 4.179 4.23 4.281 4.331 4.382 4.433 4.483 4.534 4.584
0.034 0.034 0.035 0.035 0.036 0.036 0.044 0.053 0.062 0.07 0.079 0.088 0.097 0.106 0.115 0.124 0.134 0.144 0.153 0.163 0.173 0.183 0.199 0.226 0.253 0.28 0.307 0.334 0.36 0.387 0.414 0.443 0.471 0.5 0.528 0.557 0.586 0.614 0.643 0.673 0.703 0.733 0.764 0.794 0.824 0.854 0.884 0.914 0.942 0.971 1.0 1.029 1.057 1.086 1.115 1.146 1.179 1.213 1.246 1.279 1.313 1.346 1.38 1.415 1.452 1.489 1.526 1.563 1.6 1.637 1.674 1.711 1.745 1.779 1.813 1.847 1.881 1.915 1.949 1.985 2.035 2.084 2.134 2.184 2.233 2.283 2.332 2.382 2.43 2.477 2.524 2.571 2.618 2.665 2.712 2.759 2.83 2.903 2.977 3.05 3.123 3.197 3.27 3.343 3.415 3.463 3.51 3.558 3.605 3.652 3.7 3.747 3.794 3.842 3.879 3.915 3.951 3.986 4.022 4.058 4.094 4.111 4.112 4.113 4.114 4.115 4.116 4.117 4.139 4.19 4.24 4.291 4.341 4.392 4.443 4.493
0.032 0.033 0.033 0.034 0.034 0.035 0.043 0.051 0.06 0.069 0.078 0.087 0.096 0.104 0.113 0.122 0.132 0.142 0.151 0.161 0.171 0.18 0.197 0.224 0.251 0.278 0.305 0.332 0.359 0.386 0.412 0.44 0.468 0.497 0.525 0.554 0.582 0.611 0.64 0.67 0.7 0.73 0.76 0.791 0.821 0.851 0.881 0.909 0.938 0.967 0.995 1.024 1.053 1.082 1.11 1.141 1.175 1.208 1.242 1.275 1.309 1.342 1.375 1.409 1.445 1.482 1.519 1.556 1.593 1.63 1.667 1.704 1.738 1.772 1.806 1.84 1.874 1.908 1.942 1.975 2.015 2.064 2.114 2.164 2.213 2.263 2.313 2.362 2.411 2.458 2.505 2.552 2.599 2.646 2.693 2.74 2.789 2.862 2.936 3.009 3.082 3.156 3.229 3.302 3.374 3.422 3.469 3.516 3.564 3.611 3.658 3.706 3.753 3.792 3.828 3.864 3.9 3.935 3.971 4.007 4.043 4.059 4.06 4.061 4.062 4.064 4.065 4.066 4.067 4.098 4.149 4.2 4.25 4.301 4.352 4.402
0.031 0.031 0.032 0.032 0.033 0.033 0.041 0.05 0.059 0.068 0.077 0.085 0.094 0.103 0.112 0.121 0.13 0.14 0.149 0.159 0.169 0.178 0.195 0.222 0.249 0.276 0.303 0.33 0.357 0.384 0.411 0.438 0.465 0.494 0.522 0.551 0.579 0.608 0.637 0.667 0.697 0.727 0.757 0.788 0.818 0.847 0.876 0.905 0.934 0.962 0.991 1.02 1.049 1.077 1.106 1.137 1.17 1.204 1.237 1.271 1.304 1.338 1.371 1.405 1.438 1.474 1.511 1.549 1.586 1.623 1.66 1.697 1.731 1.765 1.799 1.832 1.866 1.9 1.934 1.968 2.002 2.045 2.094 2.144 2.194 2.243 2.293 2.343 2.391 2.438 2.485 2.532 2.579 2.626 2.673 2.72 2.767 2.822 2.895 2.968 3.042 3.115 3.188 3.261 3.333 3.38 3.428 3.475 3.522 3.57 3.617 3.665 3.705 3.741 3.777 3.813 3.848 3.884 3.92 3.956 3.992 4.007 4.008 4.01 4.011 4.012 4.013 4.014 4.015 4.017 4.058 4.109 4.159 4.21 4.261 4.311
0.029 0.03 0.03 0.031 0.031 0.032 0.04 0.049 0.057 0.066 0.075 0.084 0.093 0.102 0.11 0.119 0.128 0.138 0.147 0.157 0.167 0.176 0.194 0.22 0.247 0.274 0.301 0.328 0.355 0.382 0.409 0.436 0.463 0.49 0.519 0.548 0.576 0.605 0.633 0.664 0.694 0.724 0.754 0.784 0.814 0.843 0.872 0.9 0.929 0.958 0.987 1.015 1.044 1.073 1.102 1.133 1.166 1.2 1.233 1.266 1.3 1.333 1.367 1.4 1.434 1.467 1.504 1.541 1.578 1.615 1.652 1.689 1.723 1.757 1.791 1.825 1.859 1.893 1.927 1.961 1.995 2.029 2.075 2.124 2.174 2.224 2.273 2.323 2.371 2.418 2.465 2.512 2.559 2.606 2.653 2.7 2.747 2.794 2.854 2.927 3.001 3.074 3.147 3.221 3.292 3.339 3.386 3.434 3.481 3.529 3.576 3.618 3.654 3.69 3.726 3.762 3.797 3.833 3.869 3.905 3.941 3.956 3.957 3.958 3.959 3.96 3.961 3.963 3.964 3.965 3.967 4.018 4.068 4.119 4.169 4.22
0.028 0.028 0.029 0.029 0.03 0.03 0.038 0.047 0.056 0.065 0.074 0.083 0.091 0.1 0.109 0.118 0.127 0.136 0.145 0.155 0.165 0.174 0.192 0.219 0.246 0.273 0.299 0.326 0.353 0.38 0.407 0.434 0.461 0.488 0.516 0.545 0.573 0.602 0.63 0.66 0.691 0.721 0.751 0.781 0.81 0.839 0.867 0.896 0.925 0.954 0.982 1.011 1.04 1.068 1.097 1.128 1.162 1.195 1.229 1.262 1.296 1.329 1.363 1.396 1.429 1.463 1.497 1.534 1.571 1.608 1.645 1.682 1.716 1.75 1.784 1.818 1.852 1.886 1.92 1.954 1.988 2.022 2.056 2.104 2.154 2.204 2.253 2.303 2.351 2.398 2.445 2.492 2.539 2.586 2.633 2.68 2.727 2.774 2.821 2.887 2.96 3.033 3.107 3.18 3.25 3.298 3.345 3.393 3.44 3.487 3.531 3.567 3.603 3.639 3.675 3.71 3.746 3.782 3.818 3.854 3.89 3.904 3.905 3.906 3.908 3.909 3.91 3.911 3.912 3.913 3.914 3.926 3.977 4.028 4.078 4.129
0.026 0.027 0.027 0.028 0.028 0.029 0.037 0.046 0.055 0.063 0.072 0.081 0.09 0.099 0.108 0.116 0.125 0.134 0.143 0.153 0.162 0.172 0.19 0.217 0.244 0.271 0.298 0.325 0.351 0.378 0.405 0.432 0.459 0.486 0.513 0.541 0.57 0.599 0.627 0.657 0.688 0.718 0.748 0.777 0.806 0.834 0.863 0.892 0.92 0.949 0.978 1.007 1.035 1.064 1.093 1.124 1.158 1.191 1.224 1.258 1.291 1.325 1.358 1.392 1.425 1.459 1.492 1.527 1.564 1.601 1.638 1.675 1.709 1.743 1.777 1.811 1.845 1.879 1.913 1.947 1.98 2.014 2.048 2.085 2.134 2.184 2.234 2.283 2.331 2.378 2.425 2.472 2.519 2.566 2.613 2.66 2.707 2.754 2.801 2.848 2.919 2.992 3.066 3.139 3.209 3.257 3.304 3.351 3.399 3.444 3.48 3.516 3.552 3.588 3.624 3.659 3.695 3.731 3.767 3.803 3.839 3.852 3.854 3.855 3.856 3.857 3.858 3.859 3.861 3.862 3.863 3.864 3.886 3.937 3.987 4.038
0.025 0.025 0.026 0.026 0.027 0.027 0.036 0.044 0.053 0.062 0.071 0.08 0.089 0.097 0.106 0.115 0.124 0.133 0.142 0.151 0.16 0.17 0.188 0.215 0.242 0.269 0.296 0.323 0.35 0.377 0.403 0.43 0.457 0.484 0.511 0.538 0.567 0.595 0.624 0.654 0.684 0.715 0.744 0.772 0.801 0.83 0.859 0.887 0.916 0.945 0.974 1.002 1.031 1.06 1.088 1.12 1.153 1.187 1.22 1.254 1.287 1.32 1.354 1.387 1.421 1.454 1.488 1.521 1.557 1.594 1.631 1.668 1.702 1.736 1.77 1.804 1.837 1.871 1.905 1.939 1.973 2.007 2.041 2.075 2.115 2.164 2.214 2.263 2.311 2.359 2.406 2.453 2.5 2.547 2.594 2.641 2.688 2.735 2.782 2.829 2.878 2.952 3.025 3.098 3.168 3.215 3.263 3.31 3.357 3.393 3.429 3.465 3.501 3.537 3.573 3.608 3.644 3.68 3.716 3.752 3.788 3.801 3.802 3.803 3.804 3.805 3.807 3.808 3.809 3.81 3.811 3.812 3.814 3.846 3.896 3.947
0.023 0.024 0.024 0.025 0.025 0.026 0.034 0.043 0.052 0.061 0.07 0.078 0.087 0.096 0.105 0.114 0.123 0.131 0.14 0.149 0.158 0.168 0.186 0.213 0.24 0.267 0.294 0.321 0.348 0.375 0.402 0.429 0.456 0.482 0.509 0.536 0.564 0.592 0.621 0.651 0.681 0.711 0.739 0.768 0.797 0.825 0.854 0.883 0.912 0.94 0.969 0.998 1.027 1.055 1.084 1.115 1.149 1.182 1.216 1.249 1.283 1.316 1.35 1.383 1.417 1.45 1.483 1.517 1.55 1.587 1.624 1.66 1.694 1.728 1.762 1.796 1.83 1.864 1.898 1.932 1.966 2.0 2.034 2.068 2.102 2.144 2.194 2.244 2.292 2.339 2.386 2.433 2.48 2.527 2.574 2.621 2.668 2.715 2.762 2.809 2.856 2.911 2.984 3.057 3.127 3.174 3.221 3.269 3.306 3.342 3.378 3.414 3.45 3.486 3.521 3.557 3.593 3.629 3.665 3.701 3.737 3.749 3.75 3.752 3.753 3.754 3.755 3.756 3.757 3.758 3.76 3.761 3.762 3.763 3.805 3.856
0.021 0.022 0.023 0.023 0.024 0.024 0.033 0.042 0.05 0.059 0.068 0.077 0.086 0.095 0.103 0.112 0.121 0.13 0.139 0.148 0.156 0.166 0.185 0.211 0.238 0.265 0.292 0.319 0.346 0.373 0.4 0.427 0.454 0.481 0.508 0.534 0.561 0.589 0.618 0.648 0.677 0.706 0.735 0.764 0.792 0.821 0.85 0.879 0.907 0.936 0.965 0.993 1.022 1.051 1.08 1.111 1.145 1.178 1.211 1.245 1.278 1.312 1.345 1.379 1.412 1.446 1.479 1.513 1.546 1.579 1.617 1.653 1.687 1.721 1.755 1.789 1.823 1.857 1.891 1.925 1.959 1.993 2.027 2.061 2.095 2.128 2.174 2.224 2.272 2.319 2.366 2.413 2.46 2.507 2.554 2.601 2.648 2.695 2.742 2.789 2.836 2.883 2.943 3.017 3.085 3.133 3.18 3.219 3.255 3.291 3.327 3.363 3.399 3.435 3.47 3.506 3.542 3.578 3.614 3.65 3.686 3.698 3.699 3.7 3.701 3.702 3.703 3.705 3.706 3.707 3.708 3.709 3.71 3.711 3.714 3.765
0.02 0.02 0.021 0.021 0.022 0.023 0.031 0.04 0.049 0.058 0.067 0.076 0.084 0.093 0.102 0.111 0.12 0.129 0.137 0.146 0.155 0.164 0.183 0.21 0.237 0.264 0.29 0.317 0.344 0.371 0.398 0.425 0.452 0.479 0.506 0.533 0.56 0.587 0.615 0.644 0.673 0.702 0.731 0.759 0.788 0.817 0.845 0.874 0.903 0.932 0.96 0.989 1.018 1.047 1.075 1.107 1.14 1.174 1.207 1.241 1.274 1.308 1.341 1.374 1.408 1.441 1.475 1.508 1.542 1.575 1.609 1.646 1.68 1.714 1.748 1.782 1.816 1.85 1.884 1.918 1.952 1.985 2.019 2.053 2.087 2.121 2.155 2.204 2.252 2.299 2.346 2.393 2.44 2.487 2.534 2.581 2.628 2.675 2.722 2.769 2.816 2.863 2.91 2.976 3.044 3.092 3.132 3.168 3.204 3.24 3.276 3.312 3.348 3.384 3.419 3.455 3.491 3.527 3.563 3.599 3.635 3.646 3.647 3.648 3.649 3.651 3.652 3.653 3.654 3.655 3.656 3.658 3.659 3.66 3.661 3.674
0.019 0.019 0.02 0.02 0.021 0.021 0.03 0.039 0.048 0.057 0.066 0.074 0.083 0.092 0.101 0.11 0.119 0.127 0.136 0.145 0.154 0.163 0.179 0.206 0.233 0.26 0.287 0.314 0.341 0.368 0.395 0.422 0.449 0.476 0.503 0.53 0.557 0.584 0.608 0.636 0.665 0.694 0.723 0.752 0.781 0.81 0.839 0.868 0.897 0.926 0.955 0.985 1.013 1.042 1.071 1.103 1.136 1.169 1.203 1.236 1.27 1.303 1.337 1.37 1.404 1.437 1.471 1.504 1.537 1.571 1.604 1.639 1.673 1.707 1.741 1.775 1.808 1.842 1.876 1.91 1.944 1.978 2.012 2.046 2.08 2.114 2.148 2.184 2.232 2.279 2.326 2.373 2.42 2.467 2.514 2.561 2.608 2.655 2.702 2.749 2.796 2.843 2.89 2.937 3.003 3.045 3.081 3.117 3.153 3.189 3.225 3.261 3.297 3.332 3.368 3.404 3.44 3.476 3.512 3.548 3.584 3.594 3.596 3.597 3.598 3.599 3.6 3.601 3.602 3.604 3.605 3.606 3.607 3.608 3.609 3.611
0.018 0.018 0.019 0.019 0.02 0.021 0.029 0.038 0.047 0.056 0.065 0.073 0.082 0.091 0.1 0.109 0.118 0.126 0.135 0.144 0.153 0.158 0.175 0.202 0.228 0.255 0.282 0.309 0.336 0.363 0.39 0.417 0.444 0.471 0.498 0.525 0.552 0.577 0.592 0.611 0.641 0.67 0.699 0.728 0.757 0.786 0.815 0.844 0.873 0.902 0.931 0.96 0.989 1.018 1.047 1.079 1.113 1.147 1.181 1.214 1.248 1.282 1.316 1.35 1.383 1.417 1.451 1.485 1.519 1.552 1.586 1.617 1.655 1.689 1.723 1.757 1.792 1.826 1.86 1.894 1.928 1.963 1.997 2.031 2.065 2.1 2.134 2.168 2.211 2.258 2.305 2.352 2.399 2.446 2.493 2.54 2.588 2.635 2.682 2.729 2.776 2.823 2.87 2.917 2.958 2.994 3.03 3.066 3.102 3.138 3.174 3.21 3.246 3.281 3.317 3.353 3.389 3.425 3.461 3.497 3.533 3.543 3.544 3.545 3.546 3.547 3.549 3.55 3.551 3.552 3.553 3.554 3.555 3.557 3.558 3.559
0.017 0.017 0.018 0.018 0.019 0.02 0.028 0.037 0.046 0.055 0.064 0.072 0.081 0.09 0.099 0.108 0.117 0.125 0.134 0.143 0.149 0.152 0.17 0.197 0.224 0.25 0.277 0.304 0.331 0.358 0.385 0.412 0.439 0.466 0.493 0.52 0.547 0.562 0.576 0.595 0.616 0.645 0.674 0.703 0.732 0.761 0.79 0.819 0.849 0.878 0.907 0.936 0.965 0.994 1.023 1.055 1.089 1.123 1.156 1.19 1.224 1.258 1.291 1.325 1.359 1.393 1.427 1.46 1.494 1.528 1.557 1.586 1.63 1.666 1.7 1.734 1.768 1.802 1.837 1.871 1.905 1.939 1.973 2.008 2.042 2.076 2.11 2.144 2.188 2.235 2.282 2.329 2.376 2.423 2.47 2.517 2.564 2.611 2.658 2.705 2.753 2.8 2.847 2.892 2.925 2.941 2.977 3.013 3.049 3.085 3.121 3.157 3.193 3.229 3.265 3.301 3.337 3.373 3.409 3.445 3.481 3.49 3.491 3.492 3.493 3.495 3.496 3.497 3.498 3.499 3.5 3.502 3.503 3.504 3.505 3.506
0.015 0.016 0.016 0.017 0.017 0.019 0.027 0.036 0.045 0.054 0.063 0.072 0.08 0.089 0.098 0.107 0.116 0.124 0.133 0.14 0.143 0.147 0.165 0.192 0.219 0.246 0.273 0.299 0.326 0.353 0.38 0.407 0.434 0.461 0.488 0.515 0.532 0.546 0.561 0.579 0.597 0.621 0.65 0.679 0.708 0.737 0.766 0.795 0.824 0.853 0.882 0.911 0.94 0.969 0.998 1.031 1.064 1.098 1.132 1.166 1.2 1.233 1.267 1.301 1.335 1.368 1.402 1.436 1.47 1.5 1.526 1.555 1.599 1.642 1.676 1.711 1.745 1.779 1.813 1.847 1.882 1.916 1.95 1.984 2.018 2.053 2.087 2.121 2.165 2.212 2.259 2.306 2.353 2.4 2.447 2.494 2.541 2.588 2.635 2.682 2.729 2.776 2.823 2.864 2.895 2.902 2.925 2.961 2.997 3.032 3.068 3.104 3.14 3.176 3.212 3.248 3.284 3.32 3.356 3.392 3.428 3.437 3.438 3.439 3.44 3.441 3.443 3.444 3.445 3.446 3.447 3.449 3.45 3.451 3.452 3.453
0.014 0.015 0.015 0.016 0.016 0.018 0.026 0.035 0.044 0.053 0.062 0.071 0.079 0.088 0.097 0.106 0.115 0.124 0.13 0.134 0.138 0.142 0.16 0.187 0.214 0.241 0.268 0.295 0.322 0.348 0.375 0.402 0.429 0.456 0.483 0.502 0.516 0.53 0.545 0.563 0.581 0.599 0.625 0.654 0.683 0.713 0.742 0.771 0.8 0.829 0.858 0.887 0.916 0.945 0.974 1.006 1.04 1.074 1.108 1.141 1.175 1.209 1.243 1.277 1.31 1.344 1.378 1.412 1.443 1.469 1.495 1.524 1.568 1.611 1.653 1.687 1.721 1.755 1.79 1.824 1.858 1.892 1.927 1.961 1.995 2.029 2.063 2.098 2.141 2.188 2.235 2.283 2.33 2.377 2.424 2.471 2.518 2.565 2.612 2.659 2.706 2.753 2.794 2.835 2.866 2.873 2.88 2.908 2.944 2.98 3.016 3.052 3.088 3.124 3.16 3.196 3.232 3.268 3.304 3.34 3.376 3.384 3.385 3.386 3.387 3.388 3.389 3.391 3.392 3.393 3.394 3.395 3.397 3.398 3.399 3.388
0.013 0.014 0.014 0.015 0.015 0.017 0.025 0.034 0.043 0.052 0.061 0.07 0.078 0.087 0.096 0.105 0.114 0.121 0.125 0.129 0.133 0.136 0.155 0.182 0.209 0.236 0.263 0.29 0.317 0.344 0.37 0.397 0.424 0.451 0.472 0.486 0.5 0.514 0.529 0.547 0.566 0.584 0.602 0.63 0.659 0.688 0.717 0.746 0.775 0.804 0.833 0.862 0.892 0.921 0.95 0.982 1.016 1.05 1.083 1.117 1.151 1.185 1.218 1.252 1.286 1.32 1.354 1.386 1.412 1.438 1.463 1.493 1.537 1.58 1.624 1.664 1.698 1.732 1.766 1.8 1.835 1.869 1.903 1.937 1.972 2.006 2.04 2.074 2.118 2.165 2.212 2.259 2.306 2.353 2.401 2.448 2.495 2.542 2.589 2.636 2.683 2.725 2.765 2.806 2.837 2.844 2.851 2.858 2.891 2.927 2.963 2.999 3.035 3.071 3.107 3.143 3.179 3.215 3.251 3.287 3.323 3.33 3.332 3.333 3.334 3.335 3.336 3.337 3.339 3.34 3.341 3.342 3.343 3.345 3.337 3.314
0.012 0.013 0.013 0.014 0.014 0.016 0.024 0.033 0.042 0.051 0.06 0.069 0.077 0.086 0.095 0.104 0.112 0.116 0.12 0.124 0.127 0.131 0.15 0.177 0.204 0.231 0.258 0.285 0.312 0.339 0.366 0.393 0.419 0.441 0.456 0.47 0.484 0.498 0.513 0.532 0.55 0.568 0.586 0.606 0.635 0.664 0.693 0.722 0.751 0.78 0.809 0.838 0.867 0.896 0.925 0.958 0.991 1.025 1.059 1.093 1.127 1.16 1.194 1.228 1.262 1.295 1.329 1.355 1.381 1.406 1.432 1.462 1.506 1.549 1.593 1.637 1.674 1.709 1.743 1.777 1.811 1.845 1.88 1.914 1.948 1.982 2.017 2.051 2.095 2.142 2.189 2.236 2.283 2.33 2.377 2.424 2.471 2.518 2.566 2.613 2.656 2.696 2.736 2.777 2.807 2.814 2.821 2.828 2.839 2.875 2.911 2.947 2.983 3.019 3.055 3.091 3.127 3.163 3.199 3.235 3.271 3.277 3.278 3.28 3.281 3.282 3.283 3.284 3.286 3.287 3.288 3.289 3.29 3.286 3.263 3.24
0.011 0.012 0.012 0.013 0.013 0.015 0.024 0.032 0.041 0.05 0.059 0.068 0.076 0.085 0.094 0.103 0.107 0.111 0.115 0.118 0.122 0.126 0.145 0.172 0.199 0.226 0.253 0.28 0.307 0.334 0.361 0.388 0.411 0.426 0.44 0.454 0.468 0.483 0.498 0.516 0.534 0.552 0.57 0.589 0.61 0.639 0.668 0.697 0.726 0.756 0.785 0.814 0.843 0.872 0.901 0.933 0.967 1.001 1.035 1.068 1.102 1.136 1.17 1.204 1.237 1.271 1.298 1.324 1.349 1.375 1.401 1.431 1.475 1.518 1.562 1.606 1.649 1.685 1.719 1.754 1.788 1.822 1.856 1.89 1.925 1.959 1.993 2.027 2.072 2.119 2.166 2.213 2.26 2.307 2.354 2.401 2.448 2.495 2.542 2.586 2.627 2.667 2.708 2.748 2.778 2.785 2.792 2.799 2.806 2.822 2.858 2.894 2.93 2.966 3.002 3.038 3.074 3.11 3.146 3.182 3.218 3.224 3.225 3.226 3.228 3.229 3.23 3.231 3.232 3.234 3.235 3.236 3.236 3.212 3.189 3.166
0.01 0.01 0.011 0.011 0.012 0.014 0.023 0.031 0.04 0.049 0.058 0.067 0.076 0.084 0.093 0.098 0.102 0.105 0.109 0.113 0.117 0.12 0.14 0.167 0.194 0.221 0.248 0.275 0.302 0.329 0.356 0.381 0.396 0.41 0.424 0.438 0.453 0.467 0.482 0.5 0.518 0.536 0.555 0.573 0.591 0.615 0.644 0.673 0.702 0.731 0.76 0.789 0.818 0.847 0.876 0.909 0.943 0.977 1.01 1.044 1.078 1.112 1.145 1.179 1.213 1.241 1.267 1.292 1.318 1.344 1.37 1.4 1.444 1.488 1.531 1.575 1.618 1.662 1.696 1.73 1.764 1.799 1.833 1.867 1.901 1.935 1.97 2.004 2.048 2.096 2.143 2.19 2.237 2.284 2.331 2.378 2.425 2.472 2.517 2.557 2.598 2.638 2.679 2.719 2.748 2.755 2.762 2.769 2.776 2.783 2.806 2.842 2.878 2.914 2.95 2.986 3.022 3.057 3.093 3.129 3.165 3.171 3.172 3.173 3.174 3.176 3.177 3.178 3.179 3.18 3.182 3.183 3.162 3.138 3.115 3.092
0.009 0.009 0.01 0.01 0.011 0.013 0.022 0.03 0.039 0.048 0.057 0.066 0.075 0.083 0.089 0.093 0.096 0.1 0.104 0.108 0.111 0.115 0.135 0.162 0.189 0.216 0.243 0.27 0.297 0.324 0.351 0.366 0.38 0.394 0.408 0.422 0.437 0.451 0.466 0.484 0.503 0.521 0.539 0.557 0.575 0.594 0.62 0.649 0.678 0.707 0.736 0.765 0.794 0.823 0.852 0.885 0.918 0.952 0.986 1.02 1.054 1.087 1.121 1.155 1.184 1.21 1.236 1.261 1.287 1.313 1.338 1.369 1.413 1.457 1.5 1.544 1.587 1.631 1.673 1.707 1.741 1.775 1.809 1.844 1.878 1.912 1.946 1.98 2.025 2.072 2.119 2.166 2.213 2.261 2.308 2.355 2.402 2.448 2.488 2.529 2.569 2.609 2.65 2.69 2.719 2.726 2.733 2.74 2.747 2.754 2.761 2.789 2.825 2.861 2.897 2.933 2.969 3.005 3.041 3.077 3.113 3.118 3.119 3.12 3.121 3.122 3.124 3.125 3.126 3.127 3.128 3.111 3.087 3.064 3.041 3.017
0.008 0.008 0.009 0.009 0.01 0.012 0.021 0.029 0.038 0.047 0.056 0.065 0.074 0.08 0.084 0.087 0.091 0.095 0.099 0.102 0.106 0.11 0.13 0.157 0.184 0.211 0.238 0.265 0.292 0.319 0.336 0.35 0.364 0.378 0.392 0.407 0.421 0.435 0.45 0.469 0.487 0.505 0.523 0.541 0.56 0.578 0.596 0.624 0.653 0.682 0.711 0.74 0.769 0.798 0.828 0.86 0.894 0.928 0.962 0.995 1.029 1.063 1.097 1.127 1.153 1.179 1.204 1.23 1.256 1.281 1.307 1.339 1.382 1.426 1.469 1.513 1.556 1.6 1.644 1.683 1.718 1.752 1.786 1.82 1.854 1.889 1.923 1.957 2.002 2.049 2.096 2.143 2.19 2.237 2.284 2.331 2.378 2.419 2.459 2.5 2.54 2.58 2.621 2.661 2.689 2.696 2.703 2.71 2.717 2.724 2.731 2.738 2.772 2.808 2.844 2.88 2.916 2.952 2.988 3.024 3.06 3.065 3.066 3.067 3.068 3.069 3.071 3.072 3.073 3.074 3.06 3.037 3.013 2.99 2.967 2.943
0.007 0.007 0.008 0.008 0.009 0.011 0.02 0.028 0.037 0.046 0.055 0.064 0.071 0.075 0.078 0.082 0.086 0.09 0.093 0.097 0.101 0.104 0.125 0.152 0.179 0.206 0.233 0.26 0.287 0.306 0.32 0.334 0.348 0.362 0.377 0.391 0.405 0.419 0.435 0.453 0.471 0.489 0.507 0.526 0.544 0.562 0.58 0.6 0.629 0.658 0.687 0.716 0.745 0.774 0.803 0.836 0.87 0.903 0.937 0.971 1.005 1.039 1.07 1.096 1.122 1.147 1.173 1.199 1.225 1.25 1.276 1.308 1.351 1.395 1.438 1.482 1.526 1.569 1.613 1.656 1.694 1.728 1.762 1.797 1.831 1.865 1.899 1.934 1.979 2.026 2.073 2.12 2.167 2.214 2.261 2.308 2.349 2.39 2.43 2.471 2.511 2.552 2.592 2.632 2.66 2.667 2.674 2.681 2.688 2.695 2.702 2.709 2.72 2.756 2.792 2.828 2.864 2.9 2.936 2.972 3.008 3.011 3.013 3.014 3.015 3.016 3.017 3.019 3.02 3.009 2.986 2.963 2.939 2.916 2.893 2.869
0.006 0.006 0.007 0.007 0.008 0.01 0.019 0.027 0.036 0.045 0.054 0.062 0.066 0.069 0.073 0.077 0.08 0.084 0.088 0.092 0.095 0.099 0.12 0.147 0.174 0.201 0.228 0.255 0.275 0.29 0.304 0.318 0.332 0.347 0.361 0.375 0.389 0.403 0.419 0.437 0.455 0.473 0.492 0.51 0.528 0.546 0.564 0.583 0.604 0.633 0.662 0.692 0.721 0.75 0.779 0.812 0.845 0.879 0.913 0.947 0.98 1.013 1.039 1.065 1.09 1.116 1.142 1.168 1.193 1.219 1.245 1.277 1.32 1.364 1.407 1.451 1.495 1.538 1.582 1.625 1.669 1.705 1.739 1.773 1.807 1.842 1.876 1.91 1.956 2.003 2.05 2.097 2.144 2.191 2.238 2.28 2.321 2.361 2.401 2.442 2.482 2.523 2.563 2.604 2.63 2.637 2.644 2.651 2.658 2.665 2.672 2.679 2.686 2.703 2.739 2.775 2.811 2.847 2.883 2.919 2.955 2.958 2.959 2.961 2.962 2.963 2.964 2.965 2.958 2.935 2.912 2.888 2.865 2.842 2.818 2.795
0.004 0.005 0.005 0.006 0.006 0.009 0.018 0.027 0.035 0.044 0.053 0.056 0.06 0.064 0.068 0.071 0.075 0.079 0.083 0.086 0.09 0.094 0.115 0.142 0.169 0.196 0.223 0.245 0.26 0.274 0.288 0.302 0.317 0.331 0.345 0.359 0.373 0.388 0.403 0.421 0.439 0.458 0.476 0.494 0.512 0.531 0.549 0.567 0.585 0.609 0.638 0.667 0.696 0.725 0.754 0.787 0.821 0.855 0.889 0.922 0.956 0.982 1.008 1.033 1.059 1.085 1.111 1.136 1.162 1.188 1.214 1.246 1.289 1.333 1.377 1.42 1.464 1.507 1.551 1.594 1.638 1.681 1.716 1.75 1.784 1.818 1.852 1.887 1.932 1.979 2.026 2.074 2.121 2.168 2.211 2.251 2.292 2.332 2.373 2.413 2.453 2.494 2.534 2.575 2.601 2.608 2.615 2.622 2.629 2.636 2.643 2.65 2.657 2.664 2.687 2.723 2.759 2.795 2.831 2.867 2.903 2.905 2.906 2.908 2.909 2.91 2.911 2.908 2.884 2.861 2.838 2.814 2.791 2.768 2.744 2.721
0.004 0.004 0.004 0.005 0.005 0.008 0.017 0.026 0.034 0.043 0.047 0.051 0.055 0.059 0.062 0.066 0.07 0.074 0.077 0.081 0.085 0.089 0.11 0.137 0.164 0.191 0.215 0.23 0.244 0.258 0.272 0.287 0.301 0.315 0.329 0.343 0.358 0.372 0.387 0.406 0.424 0.442 0.46 0.478 0.497 0.515 0.533 0.551 0.569 0.588 0.614 0.643 0.672 0.701 0.73 0.763 0.797 0.83 0.864 0.898 0.925 0.951 0.977 1.002 1.028 1.054 1.079 1.105 1.131 1.157 1.182 1.215 1.258 1.302 1.346 1.389 1.433 1.476 1.52 1.564 1.607 1.651 1.692 1.726 1.761 1.795 1.829 1.863 1.909 1.956 2.003 2.05 2.097 2.141 2.182 2.222 2.263 2.303 2.344 2.384 2.424 2.465 2.505 2.546 2.571 2.578 2.585 2.592 2.599 2.606 2.613 2.621 2.628 2.635 2.642 2.67 2.706 2.742 2.778 2.814 2.85 2.852 2.853 2.854 2.856 2.857 2.857 2.834 2.81 2.787 2.763 2.74 2.717 2.693 2.67 2.647
0.003 0.003 0.003 0.004 0.004 0.007 0.016 0.025 0.033 0.038 0.042 0.046 0.05 0.053 0.057 0.061 0.065 0.068 0.072 0.076 0.079 0.083 0.105 0.132 0.159 0.185 0.2 0.214 0.228 0.242 0.256 0.271 0.285 0.299 0.313 0.328 0.342 0.356 0.372 0.39 0.408 0.426 0.444 0.463 0.481 0.499 0.517 0.535 0.554 0.572 0.59 0.618 0.647 0.676 0.705 0.739 0.772 0.806 0.84 0.868 0.894 0.92 0.945 0.971 0.997 1.022 1.048 1.074 1.1 1.125 1.151 1.184 1.227 1.271 1.315 1.358 1.402 1.445 1.489 1.533 1.576 1.62 1.663 1.703 1.737 1.771 1.806 1.84 1.886 1.933 1.98 2.027 2.072 2.113 2.153 2.193 2.234 2.274 2.315 2.355 2.396 2.436 2.476 2.517 2.542 2.549 2.556 2.563 2.57 2.577 2.584 2.591 2.598 2.605 2.612 2.619 2.654 2.69 2.726 2.762 2.797 2.799 2.8 2.801 2.802 2.804 2.783 2.759 2.736 2.713 2.689 2.666 2.643 2.619 2.596 2.573
0.002 0.002 0.002 0.003 0.003 0.006 0.015 0.024 0.029 0.033 0.037 0.041 0.044 0.048 0.052 0.055 0.059 0.063 0.067 0.07 0.074 0.078 0.1 0.127 0.154 0.17 0.184 0.198 0.212 0.226 0.241 0.255 0.269 0.283 0.298 0.312 0.326 0.34 0.356 0.374 0.392 0.41 0.429 0.447 0.465 0.483 0.501 0.52 0.538 0.556 0.574 0.594 0.623 0.652 0.681 0.714 0.748 0.782 0.811 0.837 0.863 0.888 0.914 0.94 0.966 0.991 1.017 1.043 1.068 1.094 1.12 1.153 1.197 1.24 1.284 1.327 1.371 1.414 1.458 1.502 1.545 1.589 1.632 1.676 1.714 1.748 1.782 1.816 1.863 1.91 1.957 2.003 2.043 2.084 2.124 2.165 2.205 2.245 2.286 2.326 2.367 2.407 2.448 2.488 2.512 2.519 2.527 2.534 2.541 2.548 2.555 2.562 2.569 2.576 2.583 2.59 2.601 2.637 2.673 2.709 2.745 2.746 2.747 2.748 2.749 2.732 2.709 2.685 2.662 2.639 2.615 2.592 2.569 2.545 2.522 2.499
0.001 0.002 0.002 0.002 0.002 0.005 0.014 0.02 0.024 0.028 0.031 0.035 0.039 0.043 0.046 0.05 0.054 0.058 0.061 0.065 0.069 0.073 0.095 0.122 0.139 0.154 0.168 0.182 0.196 0.211 0.225 0.239 0.253 0.268 0.282 0.296 0.31 0.324 0.34 0.358 0.376 0.395 0.413 0.431 0.449 0.468 0.486 0.504 0.522 0.54 0.559 0.577 0.598 0.628 0.657 0.69 0.724 0.754 0.78 0.806 0.831 0.857 0.883 0.909 0.934 0.96 0.986 1.011 1.037 1.063 1.089 1.122 1.166 1.209 1.253 1.296 1.34 1.384 1.427 1.471 1.514 1.558 1.602 1.645 1.689 1.724 1.759 1.793 1.839 1.887 1.934 1.974 2.014 2.055 2.095 2.136 2.176 2.217 2.257 2.297 2.338 2.378 2.419 2.459 2.483 2.49 2.497 2.504 2.511 2.518 2.525 2.532 2.539 2.546 2.553 2.56 2.567 2.584 2.62 2.656 2.691 2.693 2.694 2.695 2.681 2.658 2.634 2.611 2.588 2.564 2.541 2.518 2.494 2.471 2.448 2.424
0.001 0.001 0.001 0.001 0.001 0.004 0.011 0.015 0.019 0.022 0.026 0.03 0.034 0.037 0.041 0.045 0.049 0.052 0.056 0.06 0.064 0.067 0.09 0.109 0.124 0.138 0.152 0.166 0.181 0.195 0.209 0.223 0.237 0.252 0.266 0.28 0.294 0.309 0.324 0.343 0.361 0.379 0.397 0.415 0.434 0.452 0.47 0.488 0.506 0.525 0.543 0.561 0.579 0.603 0.632 0.666 0.697 0.723 0.749 0.774 0.8 0.826 0.852 0.877 0.903 0.929 0.955 0.98 1.006 1.032 1.057 1.091 1.135 1.178 1.222 1.265 1.309 1.353 1.396 1.44 1.483 1.527 1.571 1.614 1.658 1.701 1.735 1.769 1.816 1.863 1.905 1.945 1.985 2.026 2.066 2.107 2.147 2.188 2.228 2.268 2.309 2.349 2.39 2.43 2.454 2.461 2.468 2.475 2.482 2.489 2.496 2.503 2.51 2.517 2.524 2.531 2.538 2.545 2.568 2.604 2.638 2.639 2.641 2.63 2.607 2.584 2.56 2.537 2.514 2.49 2.467 2.444 2.42 2.397 2.374 2.35
0.0 0.0 0.0 0.0 0.0 0.002 0.006 0.01 0.013 0.017 0.021 0.025 0.028 0.032 0.036 0.04 0.043 0.047 0.051 0.054 0.058 0.062 0.079 0.094 0.108 0.122 0.136 0.151 0.165 0.179 0.193 0.207 0.222 0.236 0.25 0.264 0.279 0.293 0.309 0.327 0.345 0.363 0.381 0.4 0.418 0.436 0.454 0.472 0.491 0.509 0.527 0.545 0.563 0.582 0.608 0.64 0.666 0.692 0.718 0.743 0.769 0.795 0.82 0.846 0.872 0.898 0.923 0.949 0.975 1.001 1.026 1.06 1.104 1.147 1.191 1.235 1.278 1.322 1.365 1.409 1.452 1.496 1.54 1.583 1.627 1.67 1.712 1.746 1.793 1.835 1.876 1.916 1.957 1.997 2.037 2.078 2.118 2.159 2.199 2.24 2.28 2.32 2.361 2.401 2.424 2.431 2.438 2.445 2.452 2.459 2.466 2.473 2.48 2.487 2.494 2.501 2.508 2.515 2.522 2.551 2.585 2.586 2.58 2.556 2.533 2.51 2.486 2.463 2.44 2.416 2.393 2.37 2.346 2.323 2.3 2.276
0.0 0.0 0.0 0.0 0.0 0.002 0.006 0.009 0.013 0.017 0.02 0.024 0.028 0.031 0.035 0.038 0.042 0.046 0.049 0.053 0.057 0.06 0.071 0.085 0.099 0.113 0.127 0.141 0.155 0.169 0.183 0.197 0.211 0.225 0.239 0.253 0.267 0.281 0.295 0.313 0.331 0.349 0.367 0.385 0.403 0.421 0.439 0.458 0.476 0.494 0.512 0.53 0.548 0.566 0.584 0.609 0.635 0.661 0.686 0.712 0.738 0.763 0.789 0.815 0.841 0.866 0.892 0.918 0.944 0.969 0.995 1.029 1.073 1.116 1.16 1.204 1.247 1.291 1.334 1.378 1.422 1.465 1.509 1.552 1.596 1.64 1.683 1.723 1.766 1.806 1.847 1.887 1.928 1.968 2.009 2.049 2.089 2.13 2.17 2.211 2.251 2.292 2.332 2.372 2.395 2.402 2.409 2.416 2.423 2.43 2.437 2.444 2.451 2.458 2.465 2.472 2.479 2.486 2.493 2.5 2.532 2.529 2.505 2.482 2.459 2.435 2.412 2.389 2.365 2.342 2.319 2.295 2.272 2.249 2.225 2.202
0.0 0.0 0.0 0.0 0.0 0.002 0.007 0.01 0.014 0.018 0.021 0.025 0.029 0.032 0.036 0.039 0.043 0.047 0.05 0.054 0.058 0.061 0.071 0.084 0.098 0.112 0.126 0.14 0.154 0.168 0.182 0.196 0.21 0.224 0.238 0.252 0.266 0.28 0.292 0.304 0.322 0.34 0.358 0.376 0.394 0.412 0.43 0.448 0.467 0.485 0.503 0.521 0.539 0.557 0.575 0.6 0.626 0.651 0.676 0.702 0.727 0.752 0.778 0.803 0.828 0.854 0.879 0.905 0.93 0.955 0.982 1.026 1.07 1.113 1.156 1.199 1.242 1.285 1.328 1.371 1.414 1.457 1.5 1.543 1.586 1.628 1.671 1.714 1.754 1.794 1.834 1.873 1.913 1.953 1.993 2.033 2.072 2.112 2.152 2.192 2.232 2.272 2.311 2.351 2.369 2.376 2.382 2.389 2.396 2.402 2.409 2.416 2.422 2.429 2.436 2.442 2.449 2.456 2.463 2.47 2.478 2.455 2.431 2.408 2.385 2.361 2.338 2.315 2.291 2.268 2.245 2.221 2.198 2.175 2.151 2.128
0.0 0.0 0.0 0.0 0.0 0.002 0.007 0.012 0.015 0.019 0.022 0.026 0.03 0.033 0.037 0.041 0.044 0.048 0.051 0.055 0.059 0.062 0.073 0.084 0.097 0.111 0.125 0.139 0.153 0.167 0.181 0.195 0.209 0.223 0.237 0.251 0.265 0.279 0.29 0.299 0.313 0.331 0.349 0.367 0.385 0.403 0.421 0.439 0.457 0.476 0.494 0.512 0.53 0.548 0.566 0.591 0.617 0.642 0.667 0.693 0.718 0.743 0.769 0.794 0.819 0.845 0.87 0.896 0.921 0.946 0.981 1.026 1.078 1.121 1.164 1.207 1.25 1.293 1.336 1.379 1.422 1.465 1.508 1.551 1.594 1.636 1.679 1.722 1.762 1.802 1.842 1.881 1.921 1.961 2.001 2.041 2.08 2.12 2.16 2.2 2.24 2.279 2.319 2.348 2.36 2.367 2.374 2.38 2.387 2.394 2.4 2.407 2.414 2.42 2.427 2.434 2.44 2.447 2.454 2.46 2.463 2.439 2.414 2.39 2.366 2.341 2.317 2.292 2.268 2.243 2.219 2.194 2.17 2.146 2.121 2.097
0.0 0.0 0.0 0.0 0.0 0.002 0.007 0.012 0.016 0.02 0.024 0.027 0.031 0.034 0.038 0.042 0.045 0.049 0.053 0.056 0.06 0.063 0.074 0.085 0.096 0.11 0.124 0.138 0.152 0.166 0.18 0.194 0.208 0.222 0.236 0.25 0.264 0.278 0.289 0.297 0.306 0.322 0.34 0.358 0.376 0.394 0.412 0.43 0.448 0.466 0.484 0.503 0.521 0.539 0.557 0.582 0.608 0.633 0.658 0.684 0.709 0.734 0.76 0.785 0.81 0.836 0.861 0.886 0.912 0.945 0.98 1.025 1.079 1.129 1.172 1.215 1.258 1.301 1.344 1.387 1.43 1.473 1.516 1.559 1.602 1.644 1.687 1.73 1.77 1.81 1.85 1.889 1.929 1.969 2.009 2.049 2.088 2.128 2.168 2.208 2.248 2.287 2.319 2.34 2.352 2.358 2.365 2.371 2.378 2.385 2.391 2.398 2.405 2.411 2.418 2.425 2.431 2.438 2.445 2.451 2.454 2.43 2.405 2.381 2.356 2.332 2.307 2.283 2.258 2.234 2.21 2.185 2.161 2.136 2.112 2.087
0.0 0.0 0.0 0.0 0.0 0.002 0.007 0.012 0.017 0.021 0.025 0.028 0.032 0.036 0.039 0.043 0.046 0.05 0.054 0.057 0.061 0.065 0.075 0.086 0.097 0.109 0.123 0.137 0.151 0.165 0.179 0.193 0.207 0.221 0.235 0.249 0.263 0.277 0.288 0.296 0.304 0.313 0.331 0.349 0.367 0.385 0.403 0.421 0.439 0.457 0.475 0.493 0.512 0.53 0.548 0.573 0.599 0.624 0.649 0.675 0.7 0.725 0.751 0.776 0.801 0.827 0.852 0.877 0.909 0.945 0.98 1.025 1.078 1.132 1.18 1.223 1.266 1.309 1.352 1.395 1.438 1.481 1.524 1.567 1.61 1.653 1.695 1.738 1.778 1.818 1.858 1.897 1.937 1.977 2.017 2.057 2.096 2.136 2.176 2.216 2.256 2.29 2.31 2.331 2.343 2.349 2.356 2.363 2.369 2.376 2.383 2.389 2.396 2.403 2.409 2.416 2.423 2.429 2.436 2.443 2.445 2.42 2.396 2.371 2.347 2.322 2.298 2.273 2.249 2.225 2.2 2.176 2.151 2.127 2.102 2.078
0.0 0.0 0.0 0.0 0.0 0.002 0.007 0.012 0.017 0.022 0.026 0.029 0.033 0.037 0.04 0.044 0.048 0.051 0.055 0.058 0.062 0.066 0.076 0.087 0.098 0.109 0.121 0.135 0.149 0.163 0.177 0.191 0.205 0.219 0.233 0.247 0.261 0.275 0.286 0.295 0.303 0.311 0.321 0.339 0.358 0.376 0.394 0.412 0.43 0.448 0.466 0.484 0.502 0.52 0.539 0.564 0.589 0.615 0.64 0.666 0.691 0.716 0.742 0.767 0.792 0.818 0.843 0.874 0.909 0.944 0.979 1.024 1.078 1.131 1.185 1.231 1.274 1.317 1.36 1.403 1.446 1.489 1.532 1.575 1.618 1.661 1.703 1.746 1.786 1.826 1.866 1.905 1.945 1.985 2.025 2.065 2.104 2.144 2.184 2.224 2.261 2.281 2.302 2.323 2.334 2.341 2.347 2.354 2.36 2.367 2.374 2.38 2.387 2.394 2.4 2.407 2.414 2.42 2.427 2.434 2.435 2.411 2.386 2.362 2.337 2.313 2.289 2.264 2.24 2.215 2.191 2.166 2.142 2.117 2.093 2.07
0.0 0.0 0.0 0.0 0.0 0.002 0.007 0.012 0.017 0.022 0.027 0.03 0.034 0.038 0.041 0.045 0.049 0.052 0.056 0.06 0.063 0.067 0.077 0.088 0.099 0.11 0.121 0.134 0.148 0.162 0.176 0.19 0.204 0.218 0.232 0.246 0.26 0.274 0.285 0.293 0.302 0.31 0.318 0.33 0.348 0.367 0.385 0.403 0.421 0.439 0.457 0.475 0.493 0.511 0.53 0.555 0.58 0.606 0.631 0.657 0.682 0.707 0.733 0.758 0.783 0.809 0.838 0.873 0.908 0.943 0.978 1.024 1.077 1.131 1.184 1.238 1.282 1.325 1.368 1.411 1.454 1.497 1.54 1.583 1.626 1.669 1.712 1.754 1.794 1.834 1.874 1.913 1.953 1.993 2.033 2.073 2.112 2.152 2.192 2.232 2.252 2.273 2.294 2.314 2.326 2.332 2.339 2.345 2.352 2.358 2.365 2.372 2.378 2.385 2.392 2.398 2.405 2.412 2.418 2.425 2.426 2.401 2.377 2.353 2.328 2.304 2.279 2.255 2.23 2.206 2.181 2.157 2.133 2.108 2.085 2.061
0.0 0.0 0.0 0.0 0.0 0.002 0.007 0.012 0.017 0.022 0.027 0.032 0.035 0.039 0.042 0.046 0.05 0.053 0.057 0.061 0.064 0.068 0.079 0.09 0.101 0.112 0.123 0.134 0.147 0.161 0.175 0.189 0.203 0.217 0.231 0.245 0.259 0.273 0.284 0.292 0.3 0.309 0.317 0.325 0.339 0.357 0.375 0.394 0.412 0.43 0.448 0.466 0.484 0.502 0.521 0.546 0.571 0.597 0.622 0.648 0.673 0.698 0.724 0.749 0.774 0.802 0.837 0.872 0.907 0.942 0.977 1.023 1.077 1.131 1.184 1.238 1.29 1.333 1.376 1.419 1.462 1.505 1.548 1.591 1.634 1.677 1.72 1.762 1.802 1.842 1.881 1.921 1.961 2.001 2.041 2.081 2.12 2.16 2.2 2.223 2.244 2.265 2.285 2.306 2.317 2.324 2.33 2.336 2.343 2.349 2.356 2.363 2.369 2.376 2.383 2.389 2.396 2.403 2.409 2.416 2.417 2.392 2.368 2.343 2.319 2.294 2.27 2.245 2.221 2.197 2.172 2.148 2.123 2.1 2.076 2.052
0.0 0.0 0.0 0.0 0.0 0.002 0.007 0.012 0.017 0.022 0.027 0.032 0.036 0.04 0.044 0.047 0.051 0.054 0.058 0.062 0.065 0.069 0.08 0.091 0.102 0.113 0.124 0.135 0.146 0.16 0.174 0.188 0.202 0.216 0.23 0.244 0.258 0.272 0.283 0.291 0.299 0.307 0.316 0.324 0.332 0.348 0.366 0.384 0.403 0.421 0.439 0.457 0.475 0.493 0.512 0.537 0.562 0.588 0.613 0.638 0.664 0.689 0.715 0.74 0.766 0.801 0.836 0.871 0.907 0.942 0.977 1.023 1.077 1.13 1.184 1.237 1.291 1.341 1.384 1.427 1.47 1.513 1.556 1.599 1.642 1.685 1.728 1.77 1.81 1.85 1.889 1.929 1.969 2.009 2.049 2.088 2.128 2.168 2.194 2.215 2.236 2.256 2.277 2.297 2.308 2.315 2.321 2.328 2.334 2.341 2.347 2.354 2.361 2.367 2.374 2.381 2.387 2.394 2.401 2.407 2.407 2.383 2.358 2.334 2.309 2.285 2.26 2.236 2.212 2.187 2.163 2.138 2.115 2.091 2.067 2.043
0.0 0.0 0.0 0.0 0.0 0.002 0.007 0.012 0.017 0.022 0.027 0.032 0.037 0.041 0.045 0.048 0.052 0.056 0.059 0.063 0.066 0.07 0.081 0.092 0.103 0.114 0.125 0.136 0.147 0.159 0.173 0.187 0.201 0.215 0.229 0.243 0.257 0.27 0.281 0.29 0.298 0.306 0.314 0.323 0.331 0.339 0.357 0.375 0.393 0.411 0.43 0.448 0.466 0.484 0.503 0.528 0.553 0.579 0.604 0.629 0.655 0.68 0.706 0.731 0.766 0.801 0.836 0.871 0.906 0.941 0.976 1.023 1.076 1.13 1.183 1.237 1.29 1.344 1.392 1.435 1.478 1.521 1.564 1.607 1.65 1.693 1.736 1.778 1.818 1.858 1.897 1.937 1.977 2.017 2.057 2.096 2.136 2.165 2.186 2.207 2.227 2.248 2.268 2.289 2.3 2.306 2.313 2.319 2.326 2.332 2.338 2.345 2.352 2.358 2.365 2.372 2.378 2.385 2.392 2.398 2.398 2.373 2.349 2.324 2.3 2.276 2.251 2.227 2.202 2.178 2.153 2.13 2.106 2.082 2.058 2.034
0.0 0.0 0.0 0.0 0.0 0.002 0.007 0.012 0.017 0.022 0.027 0.032 0.037 0.042 0.046 0.049 0.053 0.057 0.06 0.064 0.068 0.071 0.082 0.093 0.104 0.115 0.126 0.137 0.148 0.159 0.171 0.185 0.199 0.213 0.227 0.241 0.255 0.269 0.28 0.288 0.297 0.305 0.313 0.321 0.33 0.338 0.348 0.366 0.384 0.402 0.42 0.439 0.457 0.475 0.494 0.519 0.544 0.57 0.595 0.62 0.646 0.671 0.697 0.73 0.765 0.8 0.835 0.87 0.905 0.94 0.975 1.022 1.076 1.129 1.183 1.236 1.29 1.343 1.397 1.443 1.486 1.529 1.572 1.615 1.658 1.701 1.744 1.786 1.826 1.866 1.905 1.945 1.985 2.025 2.065 2.104 2.136 2.157 2.177 2.198 2.219 2.239 2.26 2.281 2.291 2.298 2.304 2.31 2.317 2.323 2.33 2.336 2.343 2.35 2.356 2.363 2.37 2.376 2.383 2.39 2.388 2.364 2.34 2.315 2.291 2.266 2.242 2.217 2.193 2.168 2.145 2.121 2.097 2.073 2.049 2.025
0.0 0.0 0.0 0.0 0.0 0.003 0.007 0.012 0.017 0.022 0.027 0.032 0.037 0.042 0.047 0.05 0.054 0.058 0.061 0.065 0.069 0.073 0.084 0.095 0.105 0.116 0.127 0.138 0.149 0.16 0.171 0.184 0.198 0.212 0.226 0.24 0.254 0.268 0.279 0.287 0.295 0.304 0.312 0.32 0.328 0.337 0.345 0.357 0.375 0.393 0.411 0.429 0.447 0.466 0.485 0.51 0.535 0.561 0.586 0.611 0.637 0.662 0.694 0.729 0.764 0.799 0.834 0.869 0.904 0.939 0.975 1.022 1.075 1.129 1.182 1.236 1.289 1.343 1.396 1.45 1.494 1.537 1.58 1.623 1.666 1.709 1.752 1.794 1.834 1.874 1.913 1.953 1.993 2.033 2.073 2.107 2.128 2.148 2.169 2.19 2.21 2.231 2.252 2.272 2.282 2.289 2.295 2.302 2.308 2.315 2.321 2.328 2.334 2.341 2.347 2.354 2.361 2.367 2.374 2.381 2.379 2.355 2.33 2.306 2.281 2.257 2.232 2.208 2.183 2.16 2.136 2.112 2.088 2.064 2.04 2.017
0.0 0.0 0.0 0.0 0.0 0.003 0.007 0.012 0.017 0.022 0.027 0.032 0.037 0.042 0.047 0.052 0.055 0.059 0.062 0.066 0.07 0.074 0.085 0.096 0.107 0.118 0.129 0.14 0.151 0.162 0.172 0.183 0.197 0.211 0.225 0.239 0.253 0.267 0.277 0.286 0.294 0.302 0.311 0.319 0.327 0.335 0.344 0.352 0.366 0.384 0.402 0.42 0.438 0.456 0.476 0.501 0.526 0.552 0.577 0.602 0.628 0.658 0.693 0.728 0.763 0.798 0.833 0.869 0.904 0.939 0.974 1.021 1.075 1.128 1.182 1.235 1.289 1.343 1.396 1.45 1.502 1.545 1.588 1.631 1.674 1.717 1.76 1.802 1.842 1.882 1.921 1.961 2.001 2.041 2.078 2.099 2.119 2.14 2.161 2.181 2.202 2.223 2.243 2.264 2.274 2.28 2.287 2.293 2.3 2.306 2.312 2.319 2.325 2.332 2.339 2.345 2.352 2.359 2.365 2.372 2.37 2.345 2.321 2.296 2.272 2.247 2.223 2.199 2.175 2.151 2.127 2.103 2.079 2.055 2.032 2.008
0.0 0.0 0.0 0.0 0.0 0.003 0.008 0.012 0.017 0.022 0.027 0.032 0.037 0.042 0.047 0.052 0.056 0.06 0.064 0.067 0.071 0.075 0.086 0.097 0.108 0.119 0.13 0.141 0.152 0.163 0.174 0.185 0.196 0.21 0.224 0.238 0.252 0.266 0.276 0.284 0.293 0.301 0.309 0.317 0.326 0.334 0.342 0.351 0.359 0.375 0.393 0.411 0.429 0.447 0.467 0.492 0.517 0.543 0.568 0.593 0.622 0.657 0.692 0.728 0.763 0.798 0.833 0.868 0.903 0.938 0.973 1.021 1.074 1.128 1.182 1.235 1.289 1.342 1.396 1.449 1.503 1.553 1.596 1.639 1.682 1.725 1.768 1.81 1.85 1.89 1.929 1.969 2.009 2.049 2.07 2.09 2.111 2.132 2.152 2.173 2.193 2.214 2.235 2.255 2.265 2.272 2.278 2.284 2.291 2.297 2.304 2.31 2.317 2.323 2.33 2.336 2.343 2.35 2.356 2.363 2.36 2.336 2.311 2.287 2.263 2.238 2.214 2.19 2.166 2.142 2.118 2.094 2.07 2.047 2.023 1.999
0.0 0.0 0.0 0.0 0.0 0.003 0.008 0.013 0.017 0.022 0.027 0.032 0.037 0.042 0.047 0.052 0.057 0.061 0.065 0.068 0.072 0.076 0.087 0.098 0.109 0.12 0.131 0.142 0.153 0.164 0.175 0.186 0.197 0.209 0.223 0.236 0.25 0.264 0.275 0.283 0.291 0.3 0.308 0.316 0.324 0.333 0.341 0.349 0.358 0.366 0.384 0.402 0.42 0.438 0.458 0.483 0.508 0.534 0.559 0.586 0.622 0.657 0.692 0.727 0.762 0.797 0.832 0.867 0.902 0.937 0.972 1.021 1.074 1.128 1.181 1.235 1.288 1.342 1.395 1.449 1.502 1.556 1.604 1.647 1.69 1.733 1.776 1.818 1.858 1.898 1.937 1.977 2.017 2.041 2.061 2.082 2.103 2.123 2.144 2.164 2.185 2.206 2.226 2.247 2.256 2.263 2.269 2.276 2.282 2.289 2.295 2.302 2.308 2.314 2.321 2.328 2.334 2.341 2.348 2.354 2.351 2.327 2.302 2.278 2.253 2.229 2.205 2.181 2.157 2.133 2.109 2.085 2.061 2.038 2.014 1.99
0.0 0.0 0.0 0.0 0.0 0.003 0.008 0.013 0.018 0.022 0.027 0.032 0.037 0.042 0.047 0.052 0.057 0.062 0.066 0.069 0.073 0.077 0.088 0.099 0.11 0.121 0.132 0.143 0.154 0.165 0.176 0.187 0.198 0.209 0.221 0.235 0.249 0.263 0.274 0.282 0.29 0.298 0.307 0.315 0.323 0.331 0.34 0.348 0.356 0.365 0.375 0.393 0.411 0.429 0.448 0.474 0.499 0.525 0.551 0.586 0.621 0.656 0.691 0.726 0.761 0.796 0.831 0.866 0.901 0.937 0.972 1.02 1.074 1.127 1.181 1.234 1.288 1.341 1.395 1.448 1.502 1.555 1.609 1.655 1.698 1.741 1.784 1.826 1.866 1.905 1.945 1.985 2.012 2.032 2.053 2.074 2.094 2.115 2.135 2.156 2.177 2.197 2.218 2.239 2.248 2.254 2.261 2.267 2.274 2.28 2.286 2.293 2.299 2.306 2.312 2.319 2.325 2.332 2.339 2.345 2.342 2.317 2.293 2.268 2.244 2.22 2.196 2.172 2.148 2.124 2.1 2.076 2.053 2.029 2.005 1.981
0.0 0.0 0.0 0.0 0.0 0.003 0.008 0.013 0.018 0.023 0.027 0.032 0.037 0.042 0.047 0.052 0.057 0.062 0.067 0.07 0.074 0.079 0.09 0.101 0.112 0.123 0.133 0.144 0.155 0.166 0.177 0.188 0.199 0.21 0.221 0.234 0.248 0.262 0.272 0.281 0.289 0.297 0.305 0.314 0.322 0.33 0.338 0.347 0.355 0.363 0.372 0.384 0.402 0.42 0.439 0.465 0.49 0.516 0.55 0.585 0.62 0.655 0.69 0.725 0.76 0.795 0.831 0.866 0.901 0.936 0.971 1.02 1.073 1.127 1.18 1.234 1.287 1.341 1.394 1.448 1.501 1.555 1.608 1.662 1.706 1.749 1.792 1.834 1.874 1.913 1.953 1.983 2.003 2.024 2.044 2.065 2.086 2.106 2.127 2.148 2.168 2.189 2.209 2.23 2.239 2.246 2.252 2.259 2.265 2.271 2.278 2.284 2.291 2.297 2.304 2.31 2.317 2.323 2.33 2.337 2.332 2.308 2.283 2.259 2.235 2.211 2.187 2.163 2.139 2.115 2.091 2.068 2.044 2.02 1.996 1.972
0.0 0.0 0.0 0.0 0.0 0.003 0.008 0.013 0.018 0.023 0.028 0.032 0.037 0.042 0.047 0.052 0.057 0.062 0.067 0.072 0.075 0.08 0.091 0.102 0.113 0.124 0.135 0.146 0.157 0.168 0.179 0.19 0.2 0.211 0.222 0.233 0.247 0.261 0.271 0.279 0.287 0.296 0.304 0.312 0.321 0.329 0.337 0.345 0.354 0.362 0.37 0.378 0.393 0.411 0.43 0.456 0.481 0.514 0.549 0.584 0.619 0.654 0.69 0.725 0.76 0.795 0.83 0.865 0.9 0.935 0.97 1.019 1.073 1.126 1.18 1.233 1.287 1.34 1.394 1.447 1.501 1.555 1.608 1.662 1.714 1.757 1.8 1.842 1.882 1.921 1.954 1.974 1.995 2.015 2.036 2.057 2.077 2.098 2.119 2.139 2.16 2.18 2.201 2.222 2.231 2.237 2.243 2.25 2.256 2.263 2.269 2.276 2.282 2.289 2.295 2.301 2.308 2.314 2.321 2.328 2.323 2.298 2.274 2.25 2.226 2.202 2.178 2.154 2.13 2.106 2.083 2.059 2.035 2.011 1.987 1.963
0.0 0.0 0.0 0.0 0.0 0.003 0.008 0.013 0.018 0.023 0.028 0.032 0.037 0.042 0.047 0.052 0.057 0.062 0.067 0.072 0.076 0.081 0.092 0.103 0.114 0.125 0.136 0.147 0.158 0.169 0.18 0.191 0.202 0.213 0.224 0.235 0.246 0.26 0.27 0.278 0.286 0.294 0.303 0.311 0.319 0.328 0.336 0.344 0.352 0.361 0.369 0.377 0.385 0.402 0.421 0.447 0.478 0.513 0.548 0.584 0.619 0.654 0.689 0.724 0.759 0.794 0.829 0.864 0.899 0.934 0.969 1.019 1.072 1.126 1.179 1.233 1.286 1.34 1.394 1.447 1.501 1.554 1.608 1.661 1.715 1.765 1.808 1.85 1.89 1.925 1.945 1.966 1.986 2.007 2.028 2.048 2.069 2.09 2.11 2.131 2.151 2.172 2.193 2.213 2.222 2.228 2.235 2.241 2.248 2.254 2.261 2.267 2.273 2.28 2.286 2.293 2.299 2.306 2.312 2.319 2.314 2.289 2.265 2.241 2.217 2.193 2.169 2.145 2.121 2.098 2.074 2.05 2.026 2.002 1.978 1.955
0.0 0.0 0.0 0.0 0.0 0.003 0.008 0.013 0.018 0.023 0.028 0.033 0.037 0.042 0.047 0.052 0.057 0.062 0.067 0.072 0.077 0.082 0.093 0.104 0.115 0.126 0.137 0.148 0.159 0.17 0.181 0.192 0.203 0.214 0.225 0.236 0.247 0.258 0.268 0.277 0.285 0.293 0.301 0.31 0.318 0.326 0.335 0.343 0.351 0.359 0.368 0.376 0.384 0.392 0.412 0.442 0.478 0.513 0.548 0.583 0.618 0.653 0.688 0.723 0.758 0.793 0.828 0.863 0.899 0.934 0.969 1.018 1.072 1.125 1.179 1.233 1.286 1.34 1.393 1.447 1.5 1.554 1.607 1.661 1.714 1.768 1.816 1.858 1.896 1.916 1.937 1.957 1.978 1.999 2.019 2.04 2.06 2.081 2.102 2.122 2.143 2.164 2.184 2.205 2.213 2.22 2.226 2.233 2.239 2.245 2.252 2.258 2.265 2.271 2.278 2.284 2.291 2.297 2.303 2.31 2.304 2.28 2.256 2.232 2.208 2.184 2.16 2.136 2.113 2.089 2.065 2.041 2.017 1.993 1.97 1.946
0.0 0.0 0.0 0.0 0.0 0.002 0.007 0.012 0.017 0.022 0.027 0.032 0.036 0.041 0.046 0.051 0.056 0.061 0.066 0.071 0.076 0.082 0.093 0.104 0.115 0.126 0.137 0.148 0.159 0.17 0.181 0.192 0.203 0.214 0.225 0.236 0.247 0.258 0.272 0.28 0.288 0.296 0.304 0.312 0.32 0.328 0.336 0.344 0.352 0.36 0.368 0.376 0.385 0.393 0.408 0.443 0.478 0.512 0.547 0.582 0.617 0.652 0.687 0.722 0.757 0.793 0.828 0.863 0.898 0.933 0.968 1.018 1.071 1.125 1.179 1.232 1.286 1.339 1.393 1.446 1.5 1.553 1.607 1.66 1.714 1.767 1.821 1.866 1.887 1.908 1.928 1.949 1.97 1.99 2.011 2.031 2.052 2.073 2.093 2.114 2.135 2.155 2.176 2.196 2.205 2.211 2.217 2.224 2.23 2.237 2.243 2.25 2.256 2.263 2.269 2.275 2.282 2.288 2.295 2.301 2.295 2.271 2.247 2.223 2.199 2.175 2.151 2.128 2.104 2.08 2.056 2.032 2.008 1.985 1.961 1.937
0.0 0.0 0.0 0.0 0.0 0.002 0.006 0.01 0.015 0.02 0.025 0.03 0.035 0.04 0.045 0.05 0.055 0.06 0.065 0.07 0.075 0.081 0.092 0.103 0.114 0.125 0.136 0.147 0.158 0.169 0.18 0.191 0.202 0.213 0.224 0.235 0.246 0.26 0.28 0.293 0.301 0.309 0.317 0.325 0.333 0.341 0.35 0.358 0.366 0.374 0.382 0.39 0.398 0.406 0.421 0.456 0.491 0.526 0.561 0.596 0.631 0.665 0.7 0.735 0.77 0.805 0.84 0.874 0.909 0.944 0.982 1.033 1.086 1.139 1.192 1.246 1.299 1.352 1.405 1.458 1.512 1.565 1.618 1.671 1.724 1.778 1.831 1.894 1.916 1.935 1.954 1.974 1.993 2.013 2.032 2.052 2.071 2.09 2.11 2.129 2.149 2.168 2.188 2.207 2.214 2.219 2.224 2.229 2.235 2.24 2.245 2.25 2.256 2.261 2.266 2.271 2.276 2.282 2.287 2.293 2.286 2.262 2.238 2.214 2.19 2.166 2.143 2.119 2.095 2.071 2.047 2.023 2.0 1.976 1.952 1.928
0.0 0.0 0.0 0.0 0.0 0.002 0.005 0.009 0.014 0.019 0.024 0.029 0.034 0.039 0.044 0.049 0.054 0.058 0.063 0.068 0.073 0.08 0.091 0.102 0.113 0.124 0.135 0.146 0.157 0.168 0.179 0.19 0.201 0.212 0.223 0.234 0.247 0.261 0.282 0.304 0.315 0.323 0.331 0.339 0.347 0.355 0.363 0.371 0.379 0.387 0.395 0.403 0.411 0.419 0.435 0.47 0.505 0.54 0.575 0.609 0.644 0.679 0.714 0.749 0.784 0.818 0.853 0.888 0.923 0.96 1.0 1.051 1.104 1.158 1.211 1.264 1.317 1.37 1.424 1.477 1.53 1.583 1.637 1.69 1.743 1.796 1.866 1.932 1.978 1.998 2.017 2.037 2.056 2.076 2.095 2.114 2.134 2.153 2.173 2.192 2.212 2.231 2.25 2.27 2.276 2.281 2.287 2.292 2.297 2.302 2.308 2.313 2.318 2.323 2.329 2.334 2.339 2.344 2.349 2.346 2.303 2.265 2.241 2.217 2.193 2.169 2.145 2.12 2.096 2.072 2.048 2.024 2.0 1.976 1.952 1.928
0.0 0.0 0.0 0.0 0.0 0.002 0.005 0.009 0.013 0.018 0.023 0.028 0.032 0.037 0.042 0.047 0.052 0.057 0.062 0.067 0.072 0.078 0.089 0.1 0.111 0.122 0.133 0.144 0.155 0.166 0.177 0.188 0.199 0.21 0.221 0.234 0.249 0.263 0.284 0.306 0.328 0.336 0.344 0.352 0.36 0.368 0.376 0.384 0.392 0.4 0.408 0.416 0.424 0.432 0.449 0.484 0.518 0.553 0.588 0.623 0.658 0.693 0.728 0.762 0.797 0.832 0.867 0.902 0.938 0.978 1.018 1.07 1.123 1.176 1.229 1.283 1.336 1.389 1.442 1.495 1.549 1.602 1.655 1.708 1.761 1.827 1.905 1.971 2.021 2.061 2.08 2.099 2.119 2.138 2.158 2.177 2.197 2.216 2.235 2.255 2.274 2.294 2.313 2.333 2.339 2.344 2.349 2.354 2.36 2.365 2.37 2.375 2.381 2.386 2.391 2.396 2.402 2.407 2.408 2.382 2.338 2.274 2.244 2.22 2.196 2.172 2.148 2.124 2.1 2.076 2.052 2.028 2.004 1.98 1.956 1.931
0.0 0.0 0.0 0.0 0.0 0.002 0.005 0.009 0.012 0.016 0.021 0.026 0.031 0.036 0.041 0.046 0.051 0.056 0.061 0.066 0.071 0.077 0.088 0.099 0.11 0.121 0.132 0.143 0.154 0.165 0.176 0.187 0.198 0.209 0.222 0.236 0.25 0.265 0.285 0.308 0.33 0.349 0.357 0.365 0.373 0.381 0.389 0.397 0.405 0.413 0.421 0.429 0.437 0.445 0.462 0.497 0.532 0.567 0.602 0.637 0.672 0.706 0.741 0.776 0.811 0.846 0.881 0.916 0.956 0.996 1.037 1.088 1.141 1.195 1.248 1.301 1.354 1.407 1.461 1.514 1.567 1.62 1.674 1.727 1.789 1.866 1.944 2.01 2.059 2.109 2.143 2.162 2.182 2.201 2.221 2.24 2.259 2.279 2.298 2.318 2.337 2.357 2.376 2.395 2.401 2.407 2.412 2.417 2.422 2.427 2.433 2.438 2.443 2.448 2.454 2.459 2.464 2.469 2.444 2.418 2.374 2.309 2.248 2.224 2.2 2.175 2.151 2.127 2.103 2.079 2.055 2.031 2.007 1.983 1.959 1.935
0.0 0.0 0.0 0.0 0.0 0.002 0.006 0.009 0.012 0.015 0.02 0.025 0.03 0.035 0.04 0.045 0.049 0.054 0.059 0.064 0.069 0.076 0.087 0.098 0.109 0.12 0.131 0.142 0.153 0.164 0.175 0.186 0.197 0.209 0.223 0.238 0.252 0.266 0.287 0.31 0.332 0.354 0.37 0.378 0.386 0.394 0.402 0.41 0.418 0.426 0.434 0.443 0.451 0.459 0.476 0.511 0.546 0.581 0.615 0.65 0.685 0.72 0.755 0.79 0.825 0.859 0.894 0.934 0.974 1.015 1.055 1.107 1.16 1.213 1.266 1.32 1.373 1.426 1.479 1.532 1.586 1.639 1.692 1.751 1.828 1.906 1.983 2.048 2.098 2.148 2.197 2.225 2.244 2.264 2.283 2.303 2.322 2.342 2.361 2.38 2.4 2.419 2.439 2.458 2.464 2.469 2.474 2.48 2.485 2.49 2.495 2.501 2.506 2.511 2.516 2.521 2.527 2.506 2.48 2.454 2.409 2.345 2.281 2.227 2.203 2.179 2.155 2.131 2.107 2.083 2.059 2.035 2.011 1.986 1.962 1.938
0.0 0.0 0.0 0.0 0.0 0.002 0.006 0.009 0.012 0.015 0.019 0.023 0.028 0.033 0.038 0.043 0.048 0.053 0.058 0.063 0.068 0.075 0.086 0.097 0.108 0.119 0.13 0.141 0.152 0.163 0.174 0.185 0.196 0.21 0.225 0.239 0.254 0.268 0.289 0.311 0.334 0.356 0.378 0.391 0.399 0.408 0.416 0.424 0.432 0.44 0.448 0.456 0.464 0.472 0.49 0.525 0.559 0.594 0.629 0.664 0.699 0.734 0.768 0.803 0.838 0.873 0.912 0.952 0.993 1.033 1.073 1.125 1.178 1.232 1.285 1.338 1.391 1.444 1.498 1.551 1.604 1.657 1.713 1.79 1.867 1.945 2.022 2.087 2.137 2.186 2.236 2.286 2.307 2.327 2.346 2.366 2.385 2.404 2.424 2.443 2.463 2.482 2.502 2.521 2.526 2.532 2.537 2.542 2.547 2.553 2.558 2.563 2.568 2.574 2.579 2.584 2.568 2.542 2.516 2.49 2.445 2.38 2.316 2.252 2.206 2.182 2.158 2.134 2.11 2.086 2.062 2.038 2.014 1.99 1.966 1.942
0.0 0.0 0.0 0.0 0.0 0.002 0.006 0.009 0.012 0.015 0.018 0.022 0.027 0.032 0.037 0.042 0.047 0.052 0.057 0.062 0.067 0.073 0.084 0.095 0.106 0.117 0.128 0.139 0.15 0.161 0.172 0.183 0.198 0.212 0.226 0.241 0.255 0.27 0.291 0.313 0.335 0.358 0.38 0.403 0.413 0.421 0.429 0.437 0.445 0.453 0.461 0.469 0.477 0.485 0.503 0.538 0.573 0.608 0.643 0.678 0.712 0.747 0.782 0.817 0.852 0.89 0.93 0.971 1.011 1.051 1.091 1.144 1.197 1.25 1.303 1.356 1.41 1.463 1.516 1.569 1.623 1.676 1.752 1.829 1.906 1.984 2.061 2.126 2.175 2.225 2.275 2.324 2.37 2.389 2.409 2.428 2.448 2.467 2.487 2.506 2.525 2.545 2.564 2.584 2.589 2.594 2.599 2.605 2.61 2.615 2.62 2.626 2.631 2.636 2.641 2.629 2.604 2.578 2.552 2.527 2.48 2.416 2.352 2.287 2.223 2.186 2.162 2.138 2.114 2.09 2.065 2.041 2.017 1.993 1.969 1.945
0.0 0.0 0.0 0.0 0.0 0.002 0.006 0.009 0.012 0.015 0.018 0.022 0.026 0.031 0.036 0.041 0.045 0.05 0.055 0.06 0.065 0.072 0.083 0.094 0.105 0.116 0.127 0.138 0.149 0.16 0.171 0.185 0.199 0.214 0.228 0.242 0.257 0.271 0.292 0.315 0.337 0.36 0.382 0.404 0.426 0.434 0.442 0.45 0.458 0.466 0.474 0.482 0.49 0.498 0.517 0.552 0.587 0.622 0.656 0.691 0.726 0.761 0.796 0.831 0.868 0.908 0.949 0.989 1.029 1.069 1.11 1.162 1.215 1.269 1.322 1.375 1.428 1.481 1.535 1.588 1.641 1.713 1.791 1.868 1.946 2.023 2.1 2.164 2.214 2.264 2.313 2.363 2.413 2.452 2.472 2.491 2.511 2.53 2.549 2.569 2.588 2.608 2.627 2.646 2.652 2.657 2.662 2.667 2.672 2.678 2.683 2.688 2.693 2.699 2.691 2.666 2.64 2.614 2.588 2.563 2.515 2.451 2.387 2.323 2.259 2.194 2.165 2.141 2.117 2.093 2.069 2.045 2.021 1.997 1.973 1.949
0.0 0.0 0.0 0.0 0.0 0.003 0.006 0.009 0.012 0.015 0.018 0.022 0.025 0.029 0.034 0.039 0.044 0.049 0.054 0.059 0.064 0.071 0.082 0.093 0.104 0.115 0.126 0.137 0.148 0.159 0.172 0.187 0.201 0.215 0.23 0.244 0.258 0.273 0.294 0.317 0.339 0.361 0.384 0.406 0.428 0.447 0.455 0.463 0.471 0.479 0.487 0.495 0.503 0.511 0.531 0.565 0.6 0.635 0.67 0.705 0.74 0.775 0.809 0.846 0.886 0.927 0.967 1.007 1.047 1.088 1.128 1.181 1.234 1.287 1.34 1.393 1.447 1.5 1.553 1.606 1.675 1.753 1.83 1.907 1.985 2.062 2.139 2.203 2.253 2.302 2.352 2.402 2.451 2.501 2.534 2.554 2.573 2.593 2.612 2.632 2.651 2.67 2.69 2.709 2.714 2.719 2.725 2.73 2.735 2.74 2.745 2.751 2.756 2.753 2.727 2.702 2.676 2.65 2.624 2.599 2.551 2.487 2.422 2.358 2.294 2.23 2.169 2.145 2.12 2.096 2.072 2.048 2.024 2.0 1.976 1.952
0.0 0.0 0.0 0.0 0.0 0.003 0.006 0.009 0.012 0.015 0.019 0.022 0.025 0.028 0.033 0.038 0.043 0.048 0.053 0.058 0.062 0.07 0.081 0.092 0.103 0.114 0.125 0.136 0.147 0.159 0.174 0.188 0.203 0.217 0.231 0.246 0.26 0.274 0.296 0.318 0.341 0.363 0.385 0.408 0.43 0.453 0.468 0.476 0.484 0.492 0.501 0.509 0.517 0.525 0.544 0.579 0.614 0.649 0.684 0.719 0.753 0.788 0.824 0.864 0.905 0.945 0.985 1.025 1.066 1.106 1.146 1.199 1.252 1.306 1.359 1.412 1.465 1.518 1.572 1.637 1.714 1.792 1.869 1.946 2.024 2.101 2.179 2.242 2.291 2.341 2.391 2.44 2.49 2.54 2.589 2.617 2.636 2.656 2.675 2.694 2.714 2.733 2.753 2.771 2.777 2.782 2.787 2.792 2.798 2.803 2.808 2.813 2.815 2.789 2.763 2.738 2.712 2.686 2.661 2.635 2.586 2.522 2.458 2.394 2.329 2.265 2.201 2.148 2.124 2.1 2.076 2.052 2.028 2.004 1.98 1.956
0.0 0.0 0.0 0.0 0.0 0.003 0.006 0.009 0.012 0.015 0.019 0.022 0.025 0.028 0.032 0.036 0.041 0.046 0.051 0.056 0.061 0.068 0.079 0.09 0.101 0.112 0.123 0.134 0.147 0.161 0.175 0.19 0.204 0.219 0.233 0.247 0.262 0.276 0.298 0.32 0.342 0.365 0.387 0.41 0.432 0.454 0.477 0.49 0.498 0.506 0.514 0.522 0.53 0.538 0.558 0.593 0.628 0.662 0.697 0.732 0.767 0.802 0.842 0.883 0.923 0.963 1.003 1.044 1.084 1.124 1.164 1.218 1.271 1.324 1.377 1.43 1.484 1.537 1.599 1.676 1.753 1.831 1.908 1.986 2.063 2.14 2.218 2.28 2.33 2.38 2.429 2.479 2.529 2.578 2.628 2.678 2.699 2.718 2.738 2.757 2.777 2.796 2.815 2.834 2.839 2.844 2.85 2.855 2.86 2.865 2.871 2.876 2.851 2.825 2.8 2.774 2.748 2.722 2.697 2.671 2.622 2.558 2.493 2.429 2.365 2.301 2.236 2.172 2.127 2.103 2.079 2.055 2.031 2.007 1.983 1.959
0.0 0.0 0.0 0.0 0.0 0.003 0.006 0.009 0.012 0.015 0.019 0.022 0.025 0.028 0.031 0.035 0.04 0.045 0.05 0.055 0.06 0.067 0.078 0.089 0.1 0.111 0.122 0.134 0.148 0.163 0.177 0.191 0.206 0.22 0.235 0.249 0.263 0.278 0.299 0.322 0.344 0.367 0.389 0.411 0.434 0.456 0.478 0.501 0.511 0.519 0.527 0.535 0.543 0.551 0.572 0.606 0.641 0.676 0.711 0.746 0.781 0.82 0.861 0.901 0.941 0.981 1.022 1.062 1.102 1.142 1.183 1.236 1.289 1.342 1.396 1.449 1.502 1.56 1.638 1.715 1.793 1.87 1.947 2.025 2.102 2.179 2.257 2.319 2.369 2.418 2.468 2.518 2.567 2.617 2.667 2.716 2.762 2.781 2.801 2.82 2.839 2.859 2.878 2.896 2.902 2.907 2.912 2.917 2.923 2.928 2.933 2.913 2.887 2.861 2.836 2.81 2.784 2.758 2.733 2.707 2.657 2.593 2.529 2.465 2.4 2.336 2.272 2.208 2.143 2.107 2.083 2.059 2.035 2.01 1.986 1.962
0.0 0.0 0.0 0.0 0.0 0.003 0.006 0.009 0.012 0.015 0.019 0.022 0.025 0.028 0.031 0.035 0.039 0.044 0.049 0.054 0.058 0.066 0.077 0.088 0.099 0.11 0.121 0.136 0.15 0.164 0.179 0.193 0.207 0.222 0.236 0.251 0.265 0.279 0.301 0.324 0.346 0.368 0.391 0.413 0.435 0.458 0.48 0.503 0.524 0.532 0.54 0.548 0.556 0.564 0.585 0.62 0.655 0.69 0.725 0.759 0.798 0.839 0.879 0.919 0.959 1.0 1.04 1.08 1.12 1.161 1.201 1.255 1.308 1.361 1.414 1.467 1.522 1.599 1.677 1.754 1.832 1.909 1.986 2.064 2.141 2.219 2.296 2.358 2.407 2.457 2.507 2.556 2.606 2.656 2.705 2.755 2.805 2.844 2.863 2.883 2.902 2.922 2.941 2.959 2.964 2.969 2.975 2.98 2.985 2.99 2.975 2.949 2.923 2.897 2.872 2.846 2.82 2.795 2.769 2.743 2.693 2.628 2.564 2.5 2.436 2.372 2.307 2.243 2.179 2.115 2.086 2.062 2.038 2.014 1.99 1.966
0.0 0.0 0.0 0.0 0.0 0.003 0.006 0.009 0.012 0.016 0.019 0.022 0.025 0.028 0.031 0.035 0.038 0.042 0.047 0.052 0.057 0.065 0.076 0.087 0.098 0.109 0.123 0.137 0.152 0.166 0.18 0.195 0.209 0.223 0.238 0.252 0.267 0.281 0.303 0.325 0.348 0.37 0.392 0.415 0.437 0.46 0.482 0.504 0.527 0.545 0.553 0.561 0.569 0.577 0.599 0.634 0.669 0.703 0.738 0.776 0.817 0.857 0.897 0.937 0.978 1.018 1.058 1.098 1.139 1.179 1.22 1.273 1.326 1.379 1.433 1.486 1.561 1.639 1.716 1.793 1.871 1.948 2.026 2.103 2.18 2.258 2.335 2.396 2.446 2.496 2.545 2.595 2.645 2.694 2.744 2.794 2.843 2.893 2.926 2.946 2.965 2.984 3.004 3.022 3.027 3.032 3.037 3.042 3.048 3.036 3.011 2.985 2.959 2.934 2.908 2.882 2.856 2.831 2.805 2.779 2.728 2.664 2.6 2.535 2.471 2.407 2.343 2.279 2.214 2.15 2.09 2.065 2.041 2.017 1.993 1.969
0.0 0.0 0.0 0.0 0.0 0.003 0.006 0.009 0.012 0.016 0.019 0.022 0.025 0.028 0.031 0.035 0.038 0.041 0.046 0.051 0.056 0.063 0.074 0.085 0.096 0.11 0.124 0.139 0.153 0.168 0.182 0.196 0.211 0.225 0.239 0.254 0.268 0.283 0.305 0.327 0.349 0.372 0.394 0.417 0.439 0.461 0.484 0.506 0.528 0.551 0.567 0.575 0.583 0.591 0.613 0.647 0.682 0.717 0.754 0.795 0.835 0.875 0.915 0.956 0.996 1.036 1.077 1.117 1.157 1.197 1.238 1.292 1.345 1.398 1.451 1.523 1.6 1.678 1.755 1.833 1.91 1.987 2.065 2.142 2.219 2.297 2.374 2.435 2.485 2.534 2.584 2.634 2.683 2.733 2.783 2.832 2.882 2.932 2.981 3.008 3.028 3.047 3.067 3.084 3.089 3.095 3.1 3.105 3.098 3.073 3.047 3.021 2.995 2.97 2.944 2.918 2.892 2.867 2.841 2.815 2.763 2.699 2.635 2.571 2.507 2.442 2.378 2.314 2.25 2.186 2.121 2.069 2.045 2.021 1.997 1.973
0.0 0.0 0.0 0.0 0.0 0.003 0.006 0.009 0.012 0.016 0.019 0.022 0.025 0.028 0.032 0.035 0.038 0.041 0.045 0.049 0.054 0.062 0.073 0.084 0.097 0.112 0.126 0.14 0.155 0.169 0.184 0.198 0.212 0.227 0.241 0.255 0.27 0.284 0.306 0.329 0.351 0.374 0.396 0.418 0.441 0.463 0.485 0.508 0.53 0.553 0.575 0.588 0.596 0.604 0.626 0.661 0.696 0.732 0.773 0.813 0.853 0.893 0.934 0.974 1.014 1.055 1.095 1.135 1.175 1.216 1.257 1.31 1.363 1.416 1.485 1.562 1.639 1.717 1.794 1.872 1.949 2.026 2.104 2.181 2.259 2.336 2.413 2.474 2.523 2.573 2.623 2.672 2.722 2.772 2.821 2.871 2.921 2.97 3.02 3.07 3.091 3.11 3.129 3.147 3.152 3.157 3.162 3.16 3.134 3.109 3.083 3.057 3.031 3.006 2.98 2.954 2.929 2.903 2.877 2.851 2.799 2.735 2.671 2.606 2.542 2.478 2.414 2.349 2.285 2.221 2.157 2.093 2.048 2.024 2.0 1.976
0.0 0.0 0.0 0.0 0.0 0.003 0.006 0.009 0.012 0.016 0.019 0.022 0.025 0.028 0.032 0.035 0.038 0.041 0.044 0.048 0.053 0.061 0.072 0.085 0.099 0.113 0.128 0.142 0.156 0.171 0.185 0.2 0.214 0.228 0.243 0.257 0.271 0.286 0.308 0.331 0.353 0.375 0.398 0.42 0.442 0.465 0.487 0.51 0.532 0.554 0.577 0.599 0.609 0.617 0.64 0.675 0.71 0.751 0.791 0.831 0.871 0.912 0.952 0.992 1.033 1.073 1.113 1.153 1.194 1.234 1.275 1.328 1.382 1.446 1.524 1.601 1.679 1.756 1.833 1.911 1.988 2.066 2.143 2.22 2.298 2.375 2.453 2.512 2.562 2.612 2.661 2.711 2.761 2.81 2.86 2.91 2.959 3.009 3.059 3.108 3.153 3.173 3.192 3.209 3.214 3.22 3.222 3.196 3.17 3.145 3.119 3.093 3.068 3.042 3.016 2.99 2.965 2.939 2.913 2.888 2.834 2.77 2.706 2.642 2.578 2.513 2.449 2.385 2.321 2.256 2.192 2.128 2.064 2.028 2.004 1.98
0.0 0.0 0.0 0.0 0.0 0.003 0.006 0.009 0.013 0.016 0.019 0.022 0.025 0.028 0.032 0.035 0.038 0.041 0.044 0.048 0.052 0.06 0.072 0.086 0.101 0.115 0.129 0.144 0.158 0.172 0.187 0.201 0.216 0.23 0.244 0.259 0.273 0.288 0.31 0.332 0.355 0.377 0.4 0.422 0.444 0.467 0.489 0.511 0.534 0.556 0.579 0.601 0.622 0.63 0.653 0.688 0.729 0.769 0.809 0.849 0.89 0.93 0.97 1.011 1.051 1.091 1.131 1.172 1.212 1.252 1.294 1.347 1.408 1.486 1.563 1.64 1.718 1.795 1.873 1.95 2.027 2.105 2.182 2.259 2.337 2.414 2.492 2.551 2.601 2.65 2.7 2.75 2.799 2.849 2.899 2.948 2.998 3.048 3.097 3.147 3.197 3.236 3.255 3.272 3.277 3.282 3.258 3.232 3.207 3.181 3.155 3.129 3.104 3.078 3.052 3.027 3.001 2.975 2.949 2.924 2.87 2.806 2.741 2.677 2.613 2.549 2.485 2.42 2.356 2.292 2.228 2.163 2.099 2.035 2.007 1.983
0.0 0.0 0.0 0.0 0.0 0.003 0.006 0.009 0.013 0.016 0.019 0.022 0.025 0.029 0.032 0.035 0.038 0.041 0.044 0.048 0.051 0.059 0.073 0.088 0.102 0.117 0.131 0.145 0.16 0.174 0.188 0.203 0.217 0.232 0.246 0.26 0.275 0.289 0.312 0.334 0.357 0.379 0.401 0.424 0.446 0.468 0.491 0.513 0.536 0.558 0.58 0.603 0.625 0.643 0.667 0.707 0.747 0.787 0.827 0.868 0.908 0.948 0.989 1.029 1.069 1.109 1.15 1.19 1.23 1.27 1.312 1.37 1.447 1.525 1.602 1.679 1.757 1.834 1.912 1.989 2.066 2.144 2.221 2.299 2.376 2.453 2.531 2.59 2.639 2.689 2.739 2.788 2.838 2.888 2.937 2.987 3.037 3.086 3.136 3.186 3.235 3.285 3.318 3.334 3.34 3.32 3.294 3.268 3.243 3.217 3.191 3.166 3.14 3.114 3.088 3.063 3.037 3.011 2.985 2.96 2.905 2.841 2.777 2.713 2.648 2.584 2.52 2.456 2.392 2.327 2.263 2.199 2.135 2.071 2.01 1.986
0.0 0.0 0.0 0.0 0.0 0.003 0.006 0.009 0.013 0.016 0.019 0.022 0.025 0.029 0.032 0.035 0.038 0.041 0.044 0.048 0.051 0.054 0.069 0.083 0.098 0.112 0.127 0.141 0.156 0.17 0.185 0.199 0.214 0.228 0.243 0.257 0.272 0.287 0.31 0.333 0.355 0.378 0.4 0.423 0.445 0.468 0.49 0.513 0.535 0.558 0.58 0.603 0.625 0.648 0.681 0.722 0.763 0.803 0.844 0.885 0.925 0.966 1.007 1.047 1.087 1.128 1.168 1.208 1.248 1.289 1.332 1.409 1.486 1.564 1.641 1.719 1.796 1.873 1.951 2.028 2.106 2.183 2.26 2.338 2.415 2.493 2.57 2.628 2.678 2.728 2.777 2.827 2.877 2.926 2.976 3.026 3.075 3.125 3.175 3.224 3.274 3.324 3.373 3.397 3.382 3.356 3.33 3.304 3.279 3.253 3.227 3.202 3.176 3.15 3.124 3.099 3.073 3.047 3.022 2.996 2.941 2.876 2.812 2.748 2.684 2.62 2.555 2.491 2.427 2.363 2.299 2.234 2.17 2.106 2.042 1.99
0.0 0.0 0.0 0.0 0.0 0.003 0.006 0.01 0.013 0.016 0.019 0.022 0.025 0.029 0.032 0.035 0.038 0.041 0.045 0.048 0.049 0.053 0.06 0.075 0.089 0.104 0.118 0.133 0.147 0.162 0.177 0.191 0.206 0.22 0.235 0.249 0.264 0.279 0.304 0.326 0.349 0.371 0.394 0.416 0.439 0.461 0.484 0.506 0.529 0.551 0.574 0.596 0.619 0.641 0.675 0.716 0.756 0.797 0.838 0.878 0.919 0.96 1.0 1.041 1.082 1.122 1.163 1.204 1.244 1.285 1.347 1.429 1.507 1.585 1.663 1.74 1.818 1.896 1.974 2.051 2.129 2.207 2.285 2.362 2.44 2.518 2.596 2.654 2.704 2.754 2.804 2.854 2.904 2.954 3.004 3.054 3.104 3.154 3.204 3.255 3.305 3.355 3.405 3.447 3.422 3.396 3.37 3.344 3.318 3.292 3.266 3.24 3.215 3.189 3.163 3.137 3.111 3.085 3.059 3.033 2.977 2.912 2.848 2.784 2.719 2.655 2.591 2.527 2.462 2.398 2.334 2.27 2.206 2.141 2.077 2.013
0.0 0.0 0.0 0.0 0.0 0.003 0.006 0.01 0.013 0.016 0.019 0.022 0.025 0.029 0.032 0.035 0.038 0.041 0.045 0.046 0.047 0.051 0.057 0.066 0.081 0.096 0.11 0.125 0.139 0.154 0.168 0.183 0.197 0.212 0.226 0.241 0.255 0.271 0.295 0.32 0.342 0.365 0.387 0.41 0.432 0.455 0.477 0.5 0.522 0.545 0.567 0.59 0.612 0.635 0.669 0.709 0.75 0.791 0.831 0.872 0.913 0.953 0.994 1.035 1.075 1.116 1.157 1.197 1.238 1.293 1.357 1.444 1.524 1.602 1.68 1.758 1.835 1.913 1.991 2.069 2.146 2.224 2.302 2.38 2.458 2.535 2.613 2.671 2.721 2.771 2.821 2.871 2.921 2.971 3.021 3.071 3.121 3.171 3.221 3.271 3.321 3.371 3.427 3.475 3.473 3.447 3.421 3.395 3.369 3.343 3.317 3.291 3.265 3.239 3.213 3.187 3.161 3.135 3.109 3.083 3.027 2.962 2.898 2.833 2.769 2.704 2.64 2.576 2.511 2.447 2.382 2.318 2.253 2.189 2.124 2.06
0.0 0.0 0.0 0.0 0.0 0.003 0.006 0.01 0.013 0.016 0.019 0.022 0.026 0.029 0.032 0.035 0.038 0.041 0.043 0.044 0.045 0.049 0.055 0.062 0.073 0.087 0.102 0.116 0.131 0.145 0.16 0.174 0.189 0.203 0.218 0.233 0.247 0.263 0.287 0.312 0.336 0.358 0.381 0.403 0.426 0.448 0.471 0.493 0.516 0.538 0.561 0.583 0.606 0.628 0.663 0.703 0.744 0.785 0.825 0.866 0.907 0.947 0.988 1.029 1.069 1.11 1.151 1.191 1.243 1.303 1.368 1.454 1.54 1.62 1.697 1.775 1.853 1.931 2.008 2.086 2.164 2.242 2.319 2.397 2.475 2.553 2.63 2.688 2.738 2.788 2.838 2.888 2.938 2.988 3.038 3.088 3.138 3.188 3.238 3.288 3.338 3.391 3.455 3.503 3.506 3.498 3.472 3.446 3.42 3.394 3.368 3.342 3.316 3.29 3.264 3.238 3.212 3.186 3.16 3.134 3.077 3.012 2.948 2.884 2.819 2.755 2.69 2.626 2.561 2.497 2.432 2.368 2.303 2.239 2.174 2.104
0.0 0.0 0.0 0.0 0.0 0.003 0.006 0.01 0.013 0.016 0.019 0.022 0.026 0.029 0.032 0.035 0.038 0.04 0.041 0.042 0.043 0.047 0.053 0.06 0.066 0.079 0.093 0.108 0.123 0.137 0.152 0.166 0.181 0.195 0.21 0.224 0.239 0.255 0.279 0.304 0.328 0.352 0.374 0.397 0.419 0.442 0.464 0.487 0.509 0.532 0.554 0.577 0.599 0.622 0.656 0.697 0.738 0.778 0.819 0.86 0.9 0.941 0.982 1.022 1.063 1.104 1.144 1.194 1.253 1.313 1.378 1.465 1.551 1.637 1.715 1.792 1.87 1.948 2.026 2.103 2.181 2.259 2.337 2.414 2.492 2.57 2.648 2.705 2.755 2.805 2.855 2.905 2.955 3.005 3.055 3.105 3.155 3.205 3.255 3.305 3.356 3.42 3.484 3.53 3.533 3.536 3.523 3.497 3.471 3.445 3.419 3.393 3.367 3.341 3.315 3.289 3.263 3.237 3.211 3.185 3.127 3.063 2.998 2.934 2.869 2.805 2.74 2.676 2.611 2.547 2.482 2.418 2.354 2.289 2.219 2.148
0.0 0.0 0.0 0.0 0.0 0.003 0.007 0.01 0.013 0.016 0.019 0.022 0.026 0.029 0.032 0.035 0.038 0.038 0.039 0.04 0.041 0.045 0.052 0.058 0.065 0.071 0.085 0.1 0.114 0.129 0.143 0.158 0.172 0.187 0.201 0.216 0.23 0.246 0.271 0.296 0.32 0.345 0.368 0.39 0.413 0.435 0.458 0.48 0.503 0.525 0.548 0.57 0.593 0.615 0.65 0.691 0.732 0.772 0.813 0.854 0.894 0.935 0.976 1.016 1.057 1.098 1.144 1.204 1.264 1.323 1.389 1.475 1.561 1.648 1.732 1.81 1.887 1.965 2.043 2.121 2.198 2.276 2.354 2.432 2.509 2.587 2.665 2.722 2.772 2.822 2.872 2.922 2.972 3.022 3.072 3.122 3.172 3.222 3.272 3.322 3.385 3.449 3.513 3.558 3.561 3.564 3.567 3.548 3.522 3.496 3.47 3.444 3.418 3.392 3.366 3.34 3.314 3.288 3.262 3.236 3.177 3.113 3.048 2.984 2.919 2.855 2.79 2.726 2.662 2.597 2.533 2.468 2.404 2.335 2.263 2.191
0.0 0.0 0.0 0.0 0.0 0.003 0.007 0.01 0.013 0.016 0.019 0.022 0.026 0.029 0.032 0.035 0.036 0.037 0.037 0.038 0.039 0.043 0.05 0.056 0.063 0.069 0.077 0.091 0.106 0.12 0.135 0.15 0.164 0.179 0.193 0.208 0.222 0.238 0.263 0.287 0.312 0.337 0.361 0.384 0.406 0.429 0.451 0.474 0.496 0.519 0.541 0.564 0.586 0.609 0.644 0.685 0.725 0.766 0.807 0.847 0.888 0.929 0.969 1.01 1.051 1.094 1.154 1.214 1.274 1.333 1.399 1.486 1.572 1.658 1.745 1.827 1.905 1.982 2.06 2.138 2.216 2.293 2.371 2.449 2.527 2.605 2.682 2.738 2.788 2.838 2.888 2.939 2.989 3.039 3.089 3.139 3.189 3.239 3.289 3.35 3.414 3.477 3.541 3.586 3.589 3.592 3.595 3.598 3.572 3.546 3.52 3.494 3.468 3.443 3.417 3.391 3.365 3.339 3.313 3.287 3.227 3.163 3.098 3.034 2.969 2.905 2.841 2.776 2.712 2.647 2.583 2.518 2.451 2.379 2.307 2.235
0.0 0.0 0.0 0.0 0.0 0.003 0.007 0.01 0.013 0.016 0.019 0.023 0.026 0.029 0.032 0.033 0.034 0.035 0.035 0.036 0.037 0.042 0.048 0.054 0.061 0.067 0.074 0.083 0.098 0.112 0.127 0.141 0.156 0.17 0.185 0.199 0.214 0.23 0.255 0.279 0.304 0.328 0.353 0.377 0.4 0.422 0.445 0.467 0.49 0.512 0.535 0.557 0.58 0.602 0.638 0.678 0.719 0.76 0.8 0.841 0.882 0.922 0.963 1.004 1.045 1.104 1.164 1.224 1.284 1.343 1.41 1.496 1.583 1.669 1.755 1.841 1.922 2.0 2.078 2.155 2.233 2.311 2.389 2.466 2.544 2.622 2.7 2.755 2.805 2.855 2.905 2.955 3.005 3.055 3.105 3.155 3.206 3.256 3.314 3.378 3.442 3.506 3.57 3.613 3.616 3.619 3.622 3.626 3.623 3.597 3.571 3.545 3.519 3.493 3.467 3.441 3.415 3.389 3.363 3.337 3.277 3.213 3.149 3.084 3.02 2.955 2.891 2.826 2.762 2.697 2.633 2.567 2.495 2.423 2.351 2.279
0.0 0.0 0.0 0.0 0.0 0.003 0.007 0.01 0.013 0.016 0.019 0.023 0.026 0.029 0.03 0.031 0.032 0.033 0.034 0.034 0.035 0.04 0.046 0.053 0.059 0.065 0.072 0.078 0.089 0.104 0.118 0.133 0.147 0.162 0.177 0.191 0.206 0.222 0.247 0.271 0.296 0.32 0.345 0.369 0.393 0.416 0.438 0.461 0.483 0.506 0.528 0.551 0.573 0.596 0.632 0.672 0.713 0.754 0.794 0.835 0.876 0.916 0.957 0.998 1.055 1.115 1.174 1.234 1.294 1.354 1.421 1.507 1.593 1.679 1.766 1.852 1.938 2.017 2.095 2.173 2.25 2.328 2.406 2.484 2.561 2.639 2.717 2.772 2.822 2.872 2.922 2.972 3.022 3.072 3.122 3.172 3.222 3.279 3.343 3.407 3.471 3.535 3.599 3.641 3.644 3.647 3.65 3.653 3.656 3.648 3.622 3.596 3.57 3.544 3.518 3.492 3.466 3.44 3.414 3.388 3.328 3.263 3.199 3.134 3.07 3.005 2.941 2.876 2.812 2.747 2.682 2.61 2.538 2.467 2.395 2.323
0.0 0.0 0.0 0.0 0.0 0.004 0.007 0.01 0.013 0.016 0.019 0.023 0.026 0.027 0.028 0.029 0.03 0.031 0.032 0.032 0.033 0.038 0.044 0.051 0.057 0.064 0.07 0.076 0.083 0.096 0.11 0.125 0.139 0.154 0.168 0.183 0.197 0.214 0.238 0.263 0.288 0.312 0.337 0.361 0.386 0.409 0.432 0.454 0.477 0.499 0.522 0.544 0.567 0.589 0.625 0.666 0.707 0.747 0.788 0.829 0.869 0.91 0.951 1.005 1.065 1.125 1.184 1.244 1.304 1.364 1.431 1.517 1.604 1.69 1.776 1.862 1.949 2.034 2.112 2.19 2.268 2.345 2.423 2.501 2.579 2.656 2.734 2.789 2.839 2.889 2.939 2.989 3.039 3.089 3.139 3.189 3.244 3.308 3.372 3.436 3.5 3.564 3.627 3.669 3.672 3.675 3.678 3.681 3.684 3.687 3.673 3.647 3.621 3.595 3.569 3.543 3.517 3.491 3.465 3.439 3.378 3.313 3.249 3.184 3.12 3.055 2.991 2.927 2.862 2.798 2.726 2.654 2.582 2.51 2.438 2.367
0.0 0.0 0.0 0.0 0.0 0.004 0.007 0.01 0.013 0.016 0.02 0.023 0.024 0.025 0.026 0.027 0.028 0.029 0.03 0.031 0.031 0.036 0.042 0.049 0.055 0.062 0.068 0.075 0.081 0.087 0.102 0.116 0.131 0.145 0.16 0.174 0.189 0.206 0.23 0.255 0.279 0.304 0.329 0.353 0.378 0.402 0.425 0.448 0.47 0.493 0.515 0.538 0.56 0.583 0.619 0.66 0.7 0.741 0.782 0.822 0.863 0.904 0.955 1.015 1.075 1.135 1.194 1.254 1.314 1.374 1.442 1.528 1.614 1.7 1.787 1.873 1.959 2.045 2.129 2.207 2.285 2.363 2.44 2.518 2.596 2.674 2.752 2.806 2.856 2.906 2.956 3.006 3.056 3.106 3.156 3.209 3.273 3.337 3.401 3.464 3.528 3.592 3.656 3.696 3.699 3.702 3.705 3.709 3.712 3.715 3.718 3.698 3.672 3.646 3.62 3.594 3.568 3.542 3.516 3.49 3.428 3.363 3.299 3.235 3.17 3.106 3.041 2.977 2.912 2.842 2.77 2.698 2.626 2.554 2.482 2.41
0.0 0.0 0.0 0.0 0.0 0.004 0.007 0.01 0.013 0.016 0.02 0.022 0.023 0.023 0.024 0.025 0.026 0.027 0.028 0.029 0.03 0.034 0.041 0.047 0.054 0.06 0.066 0.073 0.079 0.086 0.093 0.108 0.123 0.137 0.152 0.166 0.181 0.198 0.222 0.247 0.271 0.296 0.32 0.345 0.369 0.394 0.419 0.441 0.464 0.486 0.509 0.531 0.554 0.576 0.613 0.654 0.694 0.735 0.776 0.816 0.857 0.906 0.966 1.025 1.085 1.145 1.205 1.264 1.324 1.384 1.452 1.538 1.625 1.711 1.797 1.883 1.97 2.056 2.142 2.225 2.302 2.38 2.458 2.536 2.613 2.691 2.769 2.823 2.873 2.923 2.973 3.023 3.073 3.123 3.174 3.237 3.301 3.365 3.429 3.493 3.557 3.621 3.685 3.724 3.727 3.73 3.733 3.736 3.739 3.742 3.745 3.748 3.722 3.696 3.671 3.645 3.619 3.593 3.567 3.541 3.478 3.414 3.349 3.285 3.22 3.156 3.091 3.027 2.957 2.885 2.814 2.742 2.67 2.598 2.526 2.454
0.0 0.0 0.0 0.0 0.001 0.004 0.007 0.01 0.013 0.016 0.019 0.02 0.021 0.022 0.022 0.023 0.024 0.025 0.026 0.027 0.028 0.032 0.039 0.045 0.052 0.058 0.065 0.071 0.077 0.084 0.09 0.1 0.114 0.129 0.143 0.158 0.172 0.189 0.214 0.239 0.263 0.288 0.312 0.337 0.361 0.386 0.41 0.435 0.457 0.48 0.502 0.525 0.547 0.57 0.607 0.647 0.688 0.729 0.769 0.81 0.856 0.916 0.976 1.035 1.095 1.155 1.215 1.274 1.334 1.394 1.463 1.549 1.635 1.721 1.808 1.894 1.98 2.066 2.153 2.239 2.32 2.397 2.475 2.553 2.631 2.708 2.786 2.839 2.89 2.94 2.99 3.04 3.09 3.14 3.202 3.266 3.33 3.394 3.458 3.522 3.586 3.65 3.714 3.752 3.755 3.758 3.761 3.764 3.767 3.77 3.773 3.776 3.773 3.747 3.721 3.695 3.669 3.643 3.617 3.591 3.528 3.464 3.399 3.335 3.27 3.206 3.141 3.073 3.001 2.929 2.857 2.785 2.714 2.642 2.57 2.498
0.0 0.0 0.0 0.0 0.001 0.004 0.007 0.01 0.013 0.016 0.017 0.018 0.019 0.02 0.02 0.021 0.022 0.023 0.024 0.025 0.026 0.031 0.037 0.043 0.05 0.056 0.063 0.069 0.076 0.082 0.088 0.095 0.106 0.12 0.135 0.15 0.164 0.181 0.206 0.23 0.255 0.28 0.304 0.329 0.353 0.378 0.402 0.427 0.451 0.473 0.496 0.518 0.541 0.563 0.601 0.641 0.682 0.723 0.763 0.806 0.866 0.926 0.986 1.045 1.105 1.165 1.225 1.284 1.344 1.404 1.473 1.559 1.646 1.732 1.818 1.904 1.991 2.077 2.163 2.249 2.336 2.415 2.492 2.57 2.648 2.726 2.803 2.856 2.906 2.956 3.006 3.056 3.106 3.167 3.231 3.295 3.359 3.423 3.487 3.55 3.614 3.678 3.742 3.779 3.782 3.785 3.788 3.792 3.795 3.798 3.801 3.804 3.807 3.798 3.772 3.746 3.72 3.694 3.668 3.642 3.578 3.514 3.449 3.385 3.32 3.256 3.189 3.117 3.045 2.973 2.901 2.829 2.757 2.685 2.614 2.542
0.0 0.0 0.0 0.0 0.001 0.004 0.007 0.01 0.013 0.014 0.015 0.016 0.017 0.018 0.019 0.019 0.02 0.021 0.022 0.023 0.024 0.029 0.035 0.042 0.048 0.054 0.061 0.067 0.074 0.08 0.087 0.093 0.099 0.112 0.127 0.141 0.156 0.173 0.198 0.222 0.247 0.271 0.296 0.321 0.345 0.37 0.394 0.419 0.443 0.467 0.489 0.512 0.534 0.557 0.594 0.635 0.676 0.716 0.757 0.817 0.876 0.936 0.996 1.056 1.115 1.175 1.235 1.295 1.354 1.414 1.484 1.57 1.656 1.742 1.829 1.915 2.001 2.087 2.174 2.26 2.346 2.432 2.51 2.587 2.665 2.743 2.821 2.873 2.923 2.973 3.023 3.073 3.132 3.196 3.26 3.324 3.387 3.451 3.515 3.579 3.643 3.707 3.771 3.807 3.81 3.813 3.816 3.819 3.822 3.825 3.828 3.831 3.834 3.837 3.823 3.797 3.771 3.745 3.719 3.693 3.628 3.564 3.5 3.435 3.371 3.304 3.232 3.161 3.089 3.017 2.945 2.873 2.801 2.729 2.657 2.585
0.0 0.0 0.0 0.0 0.001 0.004 0.007 0.01 0.011 0.012 0.013 0.014 0.015 0.016 0.017 0.017 0.018 0.019 0.02 0.021 0.022 0.027 0.033 0.04 0.046 0.053 0.059 0.065 0.072 0.078 0.085 0.091 0.098 0.104 0.118 0.133 0.147 0.165 0.19 0.214 0.239 0.263 0.288 0.312 0.337 0.361 0.386 0.411 0.435 0.46 0.483 0.505 0.528 0.55 0.588 0.629 0.669 0.71 0.767 0.827 0.886 0.946 1.006 1.066 1.125 1.185 1.245 1.305 1.364 1.424 1.494 1.58 1.667 1.753 1.839 1.925 2.012 2.098 2.184 2.271 2.357 2.443 2.527 2.605 2.683 2.76 2.838 2.89 2.94 2.99 3.04 3.097 3.161 3.224 3.288 3.352 3.416 3.48 3.544 3.608 3.672 3.736 3.8 3.835 3.838 3.841 3.844 3.847 3.85 3.853 3.856 3.859 3.862 3.865 3.868 3.848 3.822 3.796 3.77 3.743 3.679 3.614 3.55 3.485 3.42 3.348 3.276 3.204 3.132 3.061 2.989 2.917 2.845 2.773 2.701 2.629
0.0 0.0 0.0 0.0 0.001 0.004 0.007 0.009 0.009 0.01 0.011 0.012 0.013 0.014 0.015 0.016 0.016 0.017 0.018 0.019 0.02 0.025 0.031 0.038 0.044 0.051 0.057 0.064 0.07 0.077 0.083 0.089 0.096 0.102 0.11 0.125 0.139 0.157 0.181 0.206 0.231 0.255 0.28 0.304 0.329 0.353 0.378 0.402 0.427 0.452 0.476 0.499 0.521 0.544 0.582 0.623 0.663 0.717 0.777 0.837 0.896 0.956 1.016 1.076 1.135 1.195 1.255 1.315 1.374 1.434 1.505 1.591 1.677 1.763 1.85 1.936 2.022 2.109 2.195 2.281 2.367 2.454 2.54 2.622 2.7 2.778 2.855 2.907 2.957 3.007 3.061 3.125 3.189 3.253 3.317 3.381 3.445 3.509 3.573 3.637 3.7 3.764 3.828 3.862 3.865 3.868 3.871 3.875 3.878 3.881 3.884 3.887 3.89 3.893 3.896 3.898 3.873 3.847 3.821 3.793 3.729 3.664 3.6 3.535 3.464 3.392 3.32 3.248 3.176 3.104 3.032 2.961 2.889 2.817 2.745 2.673
0.0 0.0 0.0 0.0 0.001 0.004 0.006 0.007 0.008 0.008 0.009 0.01 0.011 0.012 0.013 0.014 0.015 0.015 0.016 0.017 0.018 0.023 0.03 0.036 0.043 0.049 0.055 0.062 0.068 0.075 0.081 0.088 0.094 0.1 0.107 0.116 0.131 0.149 0.173 0.198 0.222 0.247 0.272 0.296 0.321 0.345 0.37 0.394 0.419 0.443 0.468 0.492 0.515 0.537 0.576 0.616 0.667 0.727 0.787 0.847 0.907 0.966 1.026 1.086 1.146 1.205 1.265 1.325 1.385 1.444 1.515 1.601 1.688 1.774 1.86 1.947 2.033 2.119 2.205 2.292 2.378 2.464 2.55 2.637 2.717 2.795 2.873 2.924 2.974 3.026 3.09 3.154 3.218 3.282 3.346 3.41 3.474 3.537 3.601 3.665 3.729 3.793 3.857 3.89 3.893 3.896 3.899 3.902 3.905 3.908 3.911 3.914 3.917 3.92 3.924 3.927 3.923 3.897 3.871 3.843 3.779 3.714 3.65 3.58 3.508 3.436 3.364 3.292 3.22 3.148 3.076 3.004 2.932 2.861 2.789 2.717
0.0 0.0 0.0 0.0 0.001 0.003 0.004 0.005 0.006 0.006 0.007 0.008 0.009 0.01 0.011 0.012 0.013 0.013 0.014 0.015 0.016 0.021 0.028 0.034 0.041 0.047 0.054 0.06 0.066 0.073 0.079 0.086 0.092 0.099 0.105 0.111 0.123 0.141 0.165 0.19 0.214 0.239 0.263 0.288 0.313 0.337 0.362 0.386 0.411 0.435 0.46 0.484 0.508 0.531 0.57 0.618 0.678 0.737 0.797 0.857 0.917 0.976 1.036 1.096 1.156 1.215 1.275 1.335 1.395 1.454 1.526 1.612 1.698 1.785 1.871 1.957 2.043 2.13 2.216 2.302 2.388 2.475 2.561 2.647 2.733 2.812 2.89 2.941 2.991 3.055 3.119 3.183 3.247 3.311 3.374 3.438 3.502 3.566 3.63 3.694 3.758 3.822 3.886 3.918 3.921 3.924 3.927 3.93 3.933 3.936 3.939 3.942 3.945 3.948 3.951 3.954 3.957 3.948 3.922 3.893 3.829 3.765 3.695 3.623 3.551 3.48 3.408 3.336 3.264 3.192 3.12 3.048 2.976 2.904 2.832 2.761
0.0 0.0 0.0 0.0 0.0 0.001 0.002 0.003 0.004 0.005 0.005 0.006 0.007 0.008 0.009 0.01 0.011 0.012 0.012 0.013 0.014 0.02 0.026 0.032 0.039 0.045 0.052 0.058 0.065 0.071 0.077 0.084 0.09 0.097 0.103 0.11 0.116 0.132 0.157 0.182 0.206 0.231 0.255 0.28 0.304 0.329 0.354 0.378 0.403 0.427 0.452 0.476 0.501 0.524 0.568 0.628 0.688 0.747 0.807 0.867 0.927 0.986 1.046 1.106 1.166 1.225 1.285 1.345 1.405 1.465 1.536 1.623 1.709 1.795 1.881 1.968 2.054 2.14 2.226 2.313 2.399 2.485 2.571 2.658 2.744 2.83 2.907 2.957 3.02 3.084 3.148 3.211 3.275 3.339 3.403 3.467 3.531 3.595 3.659 3.723 3.787 3.85 3.914 3.945 3.948 3.951 3.954 3.958 3.961 3.964 3.967 3.97 3.973 3.976 3.979 3.982 3.985 3.988 3.973 3.944 3.879 3.811 3.739 3.667 3.595 3.523 3.451 3.38 3.308 3.236 3.164 3.092 3.02 2.948 2.876 2.804
0.0 0.0 0.0 0.0 0.0 0.0 0.001 0.002 0.003 0.004 0.005 0.006 0.006 0.007 0.008 0.009 0.01 0.011 0.012 0.012 0.013 0.019 0.025 0.032 0.038 0.044 0.051 0.057 0.064 0.07 0.076 0.083 0.089 0.096 0.102 0.108 0.115 0.126 0.15 0.175 0.199 0.224 0.248 0.273 0.297 0.322 0.346 0.371 0.395 0.42 0.444 0.469 0.493 0.516 0.568 0.629 0.689 0.75 0.81 0.871 0.932 0.992 1.053 1.113 1.174 1.235 1.295 1.355 1.415 1.475 1.547 1.633 1.719 1.806 1.892 1.978 2.064 2.151 2.237 2.323 2.409 2.496 2.582 2.668 2.754 2.841 2.924 2.985 3.048 3.112 3.176 3.24 3.304 3.368 3.432 3.496 3.56 3.624 3.687 3.751 3.815 3.879 3.943 3.973 3.976 3.979 3.982 3.985 3.988 3.991 3.994 3.997 4.0 4.003 4.007 4.01 4.013 4.016 4.019 3.994 3.927 3.855 3.783 3.711 3.639 3.567 3.495 3.423 3.351 3.28 3.208 3.136 3.064 2.992 2.92 2.848
0.0 0.0 0.0 0.0 0.0 0.0 0.001 0.002 0.002 0.003 0.004 0.005 0.006 0.007 0.007 0.008 0.009 0.01 0.011 0.012 0.013 0.018 0.025 0.031 0.037 0.044 0.05 0.057 0.063 0.069 0.076 0.082 0.089 0.095 0.101 0.108 0.111 0.121 0.145 0.17 0.194 0.219 0.243 0.268 0.292 0.317 0.341 0.366 0.39 0.415 0.439 0.464 0.488 0.497 0.528 0.588 0.648 0.709 0.769 0.83 0.891 0.951 1.012 1.072 1.133 1.194 1.254 1.315 1.375 1.436 1.509 1.597 1.684 1.771 1.858 1.945 2.032 2.119 2.206 2.293 2.381 2.468 2.555 2.642 2.729 2.816 2.88 2.933 2.999 3.065 3.131 3.197 3.263 3.329 3.395 3.461 3.527 3.593 3.659 3.725 3.791 3.857 3.922 3.965 3.97 3.974 3.979 3.984 3.988 3.993 3.998 4.002 4.007 4.011 4.016 4.021 4.025 4.03 4.034 4.03 3.96 3.89 3.82 3.75 3.68 3.61 3.539 3.467 3.395 3.323 3.251 3.18 3.108 3.036 2.964 2.892
0.0 0.0 0.0 0.0 0.0 0.0 0.0 0.001 0.002 0.003 0.003 0.004 0.005 0.006 0.007 0.008 0.009 0.009 0.01 0.011 0.012 0.018 0.024 0.03 0.037 0.043 0.05 0.056 0.062 0.069 0.075 0.082 0.088 0.095 0.101 0.105 0.105 0.116 0.14 0.165 0.189 0.214 0.238 0.263 0.287 0.312 0.336 0.361 0.385 0.41 0.434 0.459 0.47 0.478 0.51 0.547 0.607 0.668 0.728 0.789 0.85 0.91 0.971 1.031 1.092 1.153 1.213 1.274 1.334 1.395 1.469 1.556 1.643 1.73 1.817 1.904 1.992 2.079 2.166 2.253 2.34 2.427 2.514 2.601 2.688 2.758 2.807 2.847 2.905 2.971 3.037 3.103 3.169 3.235 3.301 3.367 3.433 3.499 3.565 3.631 3.697 3.763 3.829 3.88 3.905 3.91 3.915 3.919 3.924 3.928 3.933 3.938 3.942 3.947 3.952 3.956 3.961 3.965 3.97 3.964 3.894 3.824 3.754 3.684 3.614 3.544 3.474 3.404 3.334 3.264 3.194 3.124 3.054 2.984 2.914 2.865
0.0 0.0 0.0 0.0 0.0 0.0 0.0 0.0 0.001 0.002 0.003 0.004 0.005 0.005 0.006 0.007 0.008 0.009 0.01 0.01 0.011 0.017 0.023 0.03 0.036 0.043 0.049 0.056 0.062 0.068 0.075 0.081 0.088 0.094 0.098 0.099 0.1 0.111 0.135 0.16 0.184 0.209 0.233 0.258 0.282 0.307 0.331 0.356 0.38 0.405 0.429 0.443 0.451 0.459 0.491 0.524 0.566 0.627 0.687 0.748 0.808 0.869 0.93 0.99 1.051 1.111 1.172 1.233 1.293 1.354 1.428 1.515 1.602 1.69 1.777 1.864 1.951 2.038 2.125 2.212 2.299 2.387 2.474 2.561 2.636 2.685 2.733 2.773 2.814 2.877 2.943 3.009 3.075 3.141 3.207 3.273 3.339 3.405 3.471 3.537 3.603 3.669 3.735 3.786 3.828 3.846 3.85 3.855 3.859 3.864 3.869 3.873 3.878 3.883 3.887 3.892 3.896 3.901 3.906 3.898 3.828 3.758 3.688 3.618 3.548 3.478 3.408 3.338 3.268 3.198 3.128 3.058 2.988 2.918 2.861 2.847
0.0 0.0 0.0 0.0 0.0 0.0 0.0 0.0 0.0 0.001 0.002 0.003 0.004 0.005 0.006 0.006 0.007 0.008 0.009 0.01 0.011 0.017 0.023 0.029 0.036 0.042 0.049 0.055 0.061 0.068 0.074 0.081 0.087 0.092 0.093 0.094 0.095 0.106 0.13 0.155 0.179 0.204 0.228 0.253 0.277 0.302 0.326 0.351 0.375 0.4 0.416 0.424 0.432 0.44 0.473 0.505 0.538 0.586 0.646 0.707 0.767 0.828 0.889 0.949 1.01 1.07 1.131 1.192 1.252 1.313 1.388 1.475 1.562 1.649 1.736 1.823 1.91 1.997 2.085 2.172 2.259 2.346 2.433 2.514 2.563 2.612 2.66 2.7 2.74 2.783 2.849 2.915 2.981 3.047 3.113 3.179 3.245 3.311 3.377 3.443 3.509 3.575 3.641 3.692 3.734 3.776 3.786 3.79 3.795 3.8 3.804 3.809 3.813 3.818 3.823 3.827 3.832 3.837 3.841 3.833 3.763 3.693 3.623 3.553 3.483 3.413 3.343 3.273 3.203 3.133 3.063 2.993 2.923 2.858 2.843 2.828
0.0 0.0 0.0 0.0 0.0 0.0 0.0 0.0 0.0 0.001 0.002 0.002 0.003 0.004 0.005 0.006 0.007 0.007 0.008 0.009 0.01 0.016 0.022 0.029 0.035 0.042 0.048 0.054 0.061 0.067 0.074 0.08 0.086 0.087 0.088 0.088 0.089 0.101 0.125 0.15 0.174 0.199 0.223 0.248 0.272 0.297 0.321 0.346 0.37 0.389 0.397 0.405 0.413 0.422 0.454 0.487 0.519 0.551 0.605 0.666 0.726 0.787 0.848 0.908 0.969 1.029 1.09 1.151 1.211 1.272 1.347 1.434 1.521 1.608 1.696 1.783 1.87 1.957 2.044 2.131 2.218 2.305 2.392 2.441 2.489 2.538 2.586 2.626 2.667 2.707 2.755 2.821 2.887 2.953 3.019 3.085 3.151 3.217 3.283 3.349 3.415 3.481 3.547 3.597 3.64 3.682 3.721 3.726 3.731 3.735 3.74 3.744 3.749 3.754 3.758 3.763 3.768 3.772 3.777 3.767 3.697 3.627 3.557 3.487 3.417 3.347 3.277 3.207 3.137 3.067 2.997 2.927 2.857 2.839 2.825 2.81
0.0 0.0 0.0 0.0 0.0 0.0 0.0 0.0 0.0 0.0 0.001 0.002 0.003 0.003 0.004 0.005 0.006 0.007 0.008 0.009 0.009 0.015 0.022 0.028 0.035 0.041 0.047 0.054 0.06 0.067 0.073 0.08 0.081 0.082 0.082 0.083 0.084 0.096 0.12 0.145 0.169 0.194 0.218 0.243 0.267 0.292 0.316 0.341 0.362 0.37 0.378 0.386 0.394 0.403 0.436 0.468 0.5 0.533 0.565 0.625 0.685 0.746 0.807 0.867 0.928 0.988 1.049 1.11 1.17 1.231 1.307 1.394 1.481 1.568 1.655 1.742 1.829 1.916 2.003 2.091 2.178 2.265 2.319 2.367 2.416 2.465 2.512 2.553 2.593 2.634 2.674 2.727 2.793 2.859 2.925 2.991 3.057 3.123 3.189 3.255 3.321 3.387 3.453 3.503 3.545 3.587 3.63 3.662 3.666 3.671 3.675 3.68 3.685 3.689 3.694 3.698 3.703 3.708 3.712 3.701 3.631 3.561 3.491 3.421 3.351 3.281 3.211 3.141 3.071 3.001 2.931 2.861 2.836 2.821 2.806 2.792
0.0 0.0 0.0 0.0 0.0 0.0 0.0 0.0 0.0 0.0 0.0 0.001 0.002 0.003 0.004 0.005 0.005 0.006 0.007 0.008 0.009 0.015 0.021 0.028 0.034 0.041 0.047 0.053 0.06 0.066 0.073 0.075 0.075 0.076 0.077 0.078 0.078 0.091 0.115 0.14 0.164 0.189 0.213 0.238 0.262 0.287 0.311 0.335 0.343 0.351 0.359 0.367 0.375 0.385 0.417 0.449 0.482 0.514 0.547 0.584 0.644 0.705 0.766 0.826 0.887 0.947 1.008 1.069 1.129 1.19 1.266 1.353 1.44 1.527 1.614 1.702 1.789 1.876 1.963 2.05 2.137 2.197 2.245 2.294 2.343 2.391 2.439 2.479 2.52 2.56 2.6 2.641 2.699 2.765 2.831 2.897 2.963 3.029 3.095 3.161 3.227 3.293 3.359 3.409 3.451 3.493 3.535 3.577 3.602 3.606 3.611 3.616 3.62 3.625 3.629 3.634 3.639 3.643 3.648 3.636 3.566 3.496 3.426 3.356 3.286 3.216 3.146 3.076 3.006 2.936 2.866 2.832 2.817 2.803 2.788 2.773
0.0 0.0 0.0 0.0 0.0 0.0 0.0 0.0 0.0 0.0 0.0 0.0 0.001 0.002 0.003 0.004 0.005 0.006 0.006 0.007 0.008 0.014 0.021 0.027 0.034 0.04 0.046 0.053 0.059 0.066 0.069 0.069 0.07 0.071 0.072 0.072 0.073 0.086 0.11 0.135 0.159 0.184 0.208 0.233 0.257 0.282 0.307 0.316 0.324 0.332 0.34 0.348 0.357 0.366 0.399 0.431 0.463 0.496 0.528 0.561 0.603 0.664 0.725 0.785 0.846 0.906 0.967 1.028 1.088 1.149 1.225 1.312 1.4 1.487 1.574 1.661 1.748 1.835 1.922 2.009 2.075 2.123 2.172 2.221 2.269 2.318 2.365 2.406 2.446 2.487 2.527 2.567 2.608 2.671 2.737 2.803 2.869 2.935 3.001 3.067 3.133 3.199 3.265 3.314 3.357 3.399 3.441 3.483 3.525 3.542 3.547 3.551 3.556 3.56 3.565 3.57 3.574 3.579 3.583 3.57 3.5 3.43 3.36 3.29 3.22 3.15 3.08 3.01 2.94 2.87 2.828 2.813 2.799 2.784 2.77 2.755
0.0 0.0 0.0 0.0 0.0 0.0 0.0 0.0 0.0 0.0 0.0 0.0 0.001 0.002 0.002 0.003 0.004 0.005 0.006 0.007 0.008 0.014 0.02 0.027 0.033 0.039 0.046 0.052 0.059 0.062 0.063 0.064 0.065 0.065 0.066 0.067 0.068 0.081 0.105 0.13 0.154 0.179 0.203 0.228 0.252 0.277 0.289 0.297 0.305 0.313 0.321 0.329 0.338 0.348 0.38 0.412 0.445 0.477 0.51 0.542 0.575 0.623 0.684 0.744 0.805 0.865 0.926 0.987 1.047 1.108 1.185 1.272 1.359 1.446 1.533 1.62 1.707 1.795 1.882 1.953 2.001 2.05 2.099 2.147 2.196 2.245 2.292 2.332 2.373 2.413 2.453 2.494 2.534 2.577 2.643 2.709 2.775 2.841 2.907 2.973 3.039 3.105 3.171 3.22 3.262 3.304 3.347 3.389 3.431 3.473 3.482 3.487 3.491 3.496 3.501 3.505 3.51 3.514 3.519 3.504 3.434 3.364 3.294 3.224 3.154 3.084 3.014 2.944 2.874 2.824 2.81 2.795 2.78 2.766 2.751 2.737
0.0 0.0 0.0 0.0 0.0 0.0 0.0 0.0 0.0 0.0 0.0 0.0 0.0 0.001 0.002 0.003 0.003 0.004 0.005 0.006 0.007 0.013 0.02 0.026 0.032 0.039 0.045 0.052 0.056 0.057 0.058 0.059 0.059 0.06 0.061 0.062 0.062 0.076 0.1 0.125 0.149 0.174 0.198 0.223 0.248 0.262 0.27 0.278 0.286 0.294 0.302 0.311 0.319 0.329 0.361 0.394 0.426 0.459 0.491 0.524 0.556 0.588 0.643 0.703 0.764 0.824 0.885 0.946 1.006 1.067 1.144 1.231 1.318 1.406 1.493 1.58 1.667 1.754 1.831 1.879 1.928 1.976 2.025 2.074 2.122 2.171 2.218 2.259 2.299 2.339 2.38 2.42 2.461 2.501 2.549 2.615 2.681 2.747 2.813 2.879 2.945 3.011 3.077 3.126 3.168 3.21 3.252 3.294 3.336 3.379 3.418 3.422 3.427 3.432 3.436 3.441 3.445 3.45 3.455 3.439 3.369 3.299 3.229 3.159 3.089 3.019 2.949 2.879 2.821 2.806 2.791 2.777 2.762 2.747 2.733 2.718
0.0 0.0 0.0 0.0 0.0 0.0 0.0 0.0 0.0 0.0 0.0 0.0 0.0 0.001 0.001 0.002 0.003 0.004 0.005 0.005 0.006 0.013 0.019 0.026 0.032 0.038 0.045 0.05 0.051 0.052 0.052 0.053 0.054 0.055 0.055 0.056 0.057 0.071 0.095 0.12 0.144 0.169 0.194 0.218 0.234 0.243 0.251 0.259 0.267 0.275 0.283 0.292 0.3 0.31 0.343 0.375 0.408 0.44 0.473 0.505 0.538 0.57 0.602 0.662 0.723 0.783 0.844 0.905 0.965 1.026 1.104 1.191 1.278 1.365 1.452 1.539 1.626 1.708 1.757 1.806 1.854 1.903 1.952 2.0 2.049 2.098 2.145 2.185 2.226 2.266 2.306 2.347 2.387 2.427 2.468 2.521 2.587 2.653 2.719 2.785 2.851 2.917 2.983 3.031 3.074 3.116 3.158 3.2 3.242 3.284 3.326 3.358 3.363 3.367 3.372 3.376 3.381 3.386 3.39 3.373 3.303 3.233 3.163 3.093 3.023 2.953 2.883 2.817 2.802 2.788 2.773 2.758 2.744 2.729 2.714 2.7
0.0 0.0 0.0 0.0 0.0 0.0 0.0 0.0 0.0 0.0 0.0 0.0 0.001 0.001 0.001 0.001 0.002 0.003 0.004 0.005 0.006 0.012 0.019 0.025 0.031 0.038 0.044 0.045 0.046 0.046 0.047 0.048 0.049 0.049 0.05 0.051 0.052 0.066 0.09 0.115 0.14 0.164 0.189 0.207 0.216 0.224 0.232 0.24 0.248 0.256 0.264 0.273 0.281 0.292 0.324 0.357 0.389 0.422 0.454 0.487 0.519 0.551 0.584 0.621 0.682 0.742 0.803 0.864 0.924 0.985 1.063 1.15 1.237 1.324 1.412 1.499 1.586 1.635 1.684 1.732 1.781 1.83 1.878 1.927 1.976 2.024 2.071 2.112 2.152 2.192 2.233 2.273 2.314 2.354 2.394 2.435 2.493 2.559 2.625 2.691 2.757 2.823 2.889 2.937 2.979 3.021 3.063 3.106 3.148 3.19 3.232 3.274 3.298 3.303 3.307 3.312 3.317 3.321 3.326 3.307 3.237 3.167 3.097 3.027 2.957 2.887 2.817 2.798 2.784 2.769 2.755 2.74 2.725 2.711 2.696 2.681
0.0 0.0 0.0 0.0 0.0 0.0 0.0 0.0 0.0 0.0 0.0 0.0 0.001 0.001 0.001 0.001 0.002 0.002 0.003 0.004 0.005 0.012 0.018 0.024 0.031 0.037 0.039 0.039 0.04 0.041 0.042 0.042 0.043 0.044 0.045 0.045 0.046 0.061 0.085 0.11 0.135 0.159 0.18 0.188 0.197 0.205 0.213 0.221 0.229 0.237 0.246 0.254 0.262 0.273 0.306 0.338 0.371 0.403 0.436 0.468 0.5 0.533 0.565 0.598 0.641 0.701 0.762 0.823 0.883 0.944 1.022 1.11 1.197 1.284 1.371 1.458 1.513 1.562 1.61 1.659 1.708 1.756 1.805 1.854 1.902 1.951 1.998 2.038 2.078 2.119 2.159 2.2 2.24 2.28 2.321 2.361 2.402 2.465 2.531 2.597 2.663 2.729 2.795 2.843 2.885 2.927 2.969 3.011 3.053 3.096 3.138 3.18 3.222 3.238 3.243 3.248 3.252 3.257 3.261 3.242 3.172 3.101 3.031 2.961 2.891 2.821 2.795 2.78 2.765 2.751 2.736 2.722 2.707 2.692 2.678 2.663
0.0 0.0 0.0 0.0 0.0 0.0 0.0 0.0 0.0 0.0 0.0 0.0 0.001 0.001 0.001 0.001 0.001 0.002 0.003 0.004 0.005 0.011 0.017 0.024 0.03 0.033 0.033 0.034 0.035 0.036 0.036 0.037 0.038 0.039 0.039 0.04 0.041 0.056 0.081 0.105 0.13 0.153 0.161 0.17 0.178 0.186 0.194 0.202 0.21 0.218 0.227 0.235 0.243 0.255 0.287 0.32 0.352 0.385 0.417 0.449 0.482 0.514 0.547 0.579 0.612 0.66 0.721 0.782 0.842 0.903 0.982 1.069 1.156 1.243 1.33 1.391 1.44 1.488 1.537 1.586 1.634 1.683 1.732 1.78 1.829 1.877 1.924 1.964 2.005 2.045 2.086 2.126 2.166 2.207 2.247 2.288 2.328 2.371 2.437 2.503 2.569 2.635 2.701 2.748 2.79 2.833 2.875 2.917 2.959 3.001 3.043 3.086 3.128 3.17 3.178 3.183 3.188 3.192 3.197 3.176 3.106 3.036 2.966 2.896 2.826 2.791 2.776 2.762 2.747 2.732 2.718 2.703 2.689 2.674 2.659 2.645
0.0 0.0 0.0 0.0 0.0 0.0 0.0 0.0 0.0 0.0 0.0 0.0 0.001 0.001 0.001 0.001 0.001 0.001 0.002 0.003 0.004 0.011 0.017 0.023 0.027 0.027 0.028 0.029 0.029 0.03 0.031 0.032 0.032 0.033 0.034 0.035 0.035 0.051 0.076 0.1 0.125 0.134 0.142 0.151 0.159 0.167 0.175 0.183 0.191 0.2 0.208 0.216 0.224 0.236 0.269 0.301 0.334 0.366 0.398 0.431 0.463 0.496 0.528 0.561 0.593 0.626 0.68 0.741 0.801 0.862 0.941 1.028 1.116 1.203 1.269 1.318 1.366 1.415 1.463 1.512 1.561 1.609 1.658 1.707 1.755 1.804 1.851 1.891 1.931 1.972 2.012 2.053 2.093 2.133 2.174 2.214 2.254 2.295 2.343 2.409 2.475 2.541 2.607 2.654 2.696 2.738 2.78 2.823 2.865 2.907 2.949 2.991 3.033 3.076 3.114 3.119 3.123 3.128 3.133 3.11 3.04 2.97 2.9 2.83 2.787 2.773 2.758 2.743 2.729 2.714 2.699 2.685 2.67 2.656 2.641 2.626
0.0 0.0 0.0 0.0 0.0 0.0 0.0 0.0 0.0 0.0 0.0 0.0 0.001 0.001 0.001 0.001 0.001 0.001 0.001 0.002 0.004 0.01 0.016 0.02 0.021 0.022 0.023 0.023 0.024 0.025 0.026 0.026 0.027 0.028 0.029 0.029 0.03 0.046 0.071 0.095 0.107 0.115 0.123 0.132 0.14 0.148 0.156 0.164 0.172 0.181 0.189 0.197 0.205 0.218 0.25 0.283 0.315 0.348 0.38 0.412 0.445 0.477 0.51 0.542 0.575 0.607 0.639 0.699 0.76 0.821 0.901 0.988 1.075 1.147 1.195 1.244 1.293 1.341 1.39 1.439 1.487 1.536 1.585 1.633 1.682 1.731 1.777 1.817 1.858 1.898 1.939 1.979 2.019 2.06 2.1 2.141 2.181 2.221 2.262 2.316 2.381 2.447 2.513 2.56 2.602 2.644 2.686 2.728 2.77 2.813 2.855 2.897 2.939 2.981 3.023 3.054 3.059 3.063 3.068 3.044 2.974 2.904 2.834 2.783 2.769 2.754 2.74 2.725 2.71 2.696 2.681 2.666 2.652 2.637 2.623 2.608
0.0 0.0 0.0 0.0 0.0 0.0 0.0 0.0 0.0 0.0 0.0 0.0 0.001 0.001 0.001 0.001 0.001 0.001 0.001 0.002 0.003 0.009 0.014 0.015 0.016 0.017 0.017 0.018 0.019 0.019 0.02 0.021 0.022 0.022 0.023 0.024 0.025 0.041 0.066 0.08 0.088 0.096 0.105 0.113 0.121 0.129 0.137 0.145 0.153 0.162 0.17 0.178 0.186 0.199 0.232 0.264 0.297 0.329 0.361 0.394 0.426 0.459 0.491 0.524 0.556 0.588 0.621 0.658 0.719 0.78 0.86 0.947 1.025 1.073 1.122 1.171 1.219 1.268 1.317 1.365 1.414 1.463 1.511 1.56 1.609 1.657 1.703 1.744 1.784 1.825 1.865 1.905 1.946 1.986 2.027 2.067 2.107 2.148 2.188 2.229 2.288 2.354 2.419 2.465 2.507 2.55 2.592 2.634 2.676 2.718 2.76 2.803 2.845 2.887 2.929 2.971 2.994 2.999 3.004 2.979 2.909 2.839 2.78 2.765 2.75 2.736 2.721 2.707 2.692 2.677 2.663 2.648 2.633 2.619 2.604 2.59
0.0 0.0 0.0 0.0 0.0 0.0 0.0 0.0 0.0 0.0 0.0 0.0 0.001 0.001 0.001 0.001 0.001 0.001 0.001 0.001 0.003 0.008 0.009 0.01 0.01 0.011 0.012 0.013 0.013 0.014 0.015 0.016 0.016 0.017 0.018 0.019 0.019 0.036 0.053 0.061 0.069 0.077 0.086 0.094 0.102 0.11 0.118 0.126 0.135 0.143 0.151 0.159 0.167 0.181 0.213 0.246 0.278 0.31 0.343 0.375 0.408 0.44 0.473 0.505 0.537 0.57 0.602 0.635 0.678 0.739 0.82 0.903 0.951 1.0 1.049 1.097 1.146 1.195 1.243 1.292 1.341 1.389 1.438 1.487 1.535 1.584 1.63 1.67 1.711 1.751 1.791 1.832 1.872 1.913 1.953 1.993 2.034 2.074 2.115 2.155 2.195 2.26 2.326 2.371 2.413 2.455 2.497 2.54 2.582 2.624 2.666 2.708 2.75 2.793 2.835 2.877 2.919 2.935 2.939 2.913 2.843 2.776 2.761 2.747 2.732 2.717 2.703 2.688 2.674 2.659 2.644 2.63 2.615 2.6 2.586 2.571
0.0 0.0 0.0 0.0 0.0 0.0 0.0 0.0 0.0 0.0 0.0 0.0 0.001 0.001 0.001 0.001 0.001 0.001 0.001 0.001 0.002 0.003 0.004 0.004 0.005 0.006 0.007 0.007 0.008 0.009 0.009 0.01 0.011 0.012 0.012 0.013 0.014 0.026 0.034 0.042 0.05 0.059 0.067 0.075 0.083 0.091 0.099 0.107 0.116 0.124 0.132 0.14 0.148 0.162 0.195 0.227 0.259 0.292 0.324 0.357 0.389 0.422 0.454 0.486 0.519 0.551 0.584 0.616 0.649 0.698 0.779 0.829 0.878 0.927 0.975 1.024 1.073 1.121 1.17 1.218 1.267 1.316 1.364 1.413 1.462 1.51 1.556 1.597 1.637 1.678 1.718 1.758 1.799 1.839 1.88 1.92 1.96 2.001 2.041 2.082 2.122 2.166 2.232 2.277 2.319 2.361 2.403 2.445 2.487 2.53 2.572 2.614 2.656 2.698 2.74 2.782 2.825 2.867 2.875 2.847 2.777 2.758 2.743 2.728 2.714 2.699 2.684 2.67 2.655 2.641 2.626 2.611 2.597 2.582 2.567 2.553
0.0 0.0 0.0 0.0 0.0 0.0 0.0 0.0 0.0 0.0 0.0 0.0 0.001 0.001 0.001 0.001 0.001 0.001 0.001 0.001 0.001 0.001 0.002 0.003 0.003 0.004 0.005 0.005 0.006 0.007 0.007 0.008 0.009 0.009 0.01 0.011 0.011 0.014 0.022 0.03 0.038 0.046 0.054 0.062 0.07 0.077 0.085 0.093 0.101 0.109 0.117 0.125 0.133 0.142 0.174 0.207 0.239 0.272 0.304 0.337 0.369 0.402 0.435 0.467 0.5 0.532 0.565 0.597 0.63 0.662 0.707 0.756 0.804 0.853 0.902 0.95 0.999 1.048 1.096 1.145 1.194 1.242 1.291 1.34 1.388 1.437 1.483 1.523 1.564 1.604 1.644 1.685 1.725 1.766 1.806 1.846 1.887 1.927 1.968 2.008 2.048 2.089 2.138 2.182 2.224 2.267 2.309 2.351 2.393 2.435 2.477 2.52 2.562 2.604 2.646 2.688 2.73 2.772 2.81 2.782 2.754 2.739 2.725 2.71 2.695 2.681 2.666 2.652 2.637 2.622 2.608 2.593 2.578 2.564 2.549 2.534
0.0 0.0 0.0 0.0 0.0 0.0 0.0 0.0 0.0 0.0 0.0 0.0 0.001 0.001 0.001 0.001 0.001 0.001 0.001 0.001 0.001 0.001 0.001 0.002 0.003 0.003 0.004 0.005 0.005 0.006 0.007 0.007 0.008 0.009 0.009 0.01 0.011 0.012 0.016 0.024 0.032 0.039 0.047 0.055 0.063 0.071 0.079 0.087 0.095 0.103 0.111 0.119 0.127 0.135 0.148 0.181 0.213 0.246 0.278 0.311 0.344 0.376 0.409 0.441 0.474 0.506 0.539 0.571 0.604 0.637 0.682 0.729 0.777 0.825 0.873 0.921 0.969 1.017 1.065 1.112 1.16 1.208 1.256 1.304 1.352 1.4 1.428 1.468 1.508 1.548 1.588 1.628 1.668 1.708 1.748 1.788 1.828 1.868 1.908 1.948 1.988 2.028 2.06 2.1 2.141 2.183 2.225 2.266 2.308 2.35 2.392 2.433 2.475 2.517 2.558 2.6 2.642 2.684 2.725 2.736 2.723 2.709 2.696 2.683 2.67 2.657 2.643 2.63 2.617 2.604 2.589 2.575 2.56 2.545 2.531 2.516
0.0 0.0 0.0 0.0 0.0 0.0 0.0 0.0 0.0 0.0 0.0 0.0 0.001 0.001 0.001 0.001 0.001 0.001 0.001 0.001 0.001 0.001 0.001 0.002 0.002 0.003 0.004 0.004 0.005 0.006 0.006 0.007 0.008 0.008 0.009 0.01 0.01 0.011 0.012 0.017 0.025 0.033 0.041 0.049 0.057 0.065 0.073 0.081 0.089 0.097 0.105 0.113 0.121 0.129 0.137 0.155 0.188 0.22 0.253 0.285 0.318 0.35 0.383 0.415 0.448 0.48 0.513 0.546 0.578 0.611 0.656 0.704 0.752 0.8 0.847 0.895 0.943 0.991 1.039 1.087 1.135 1.182 1.23 1.278 1.326 1.352 1.381 1.421 1.461 1.501 1.541 1.581 1.621 1.661 1.701 1.741 1.78 1.82 1.86 1.9 1.94 1.976 1.992 2.031 2.073 2.115 2.157 2.198 2.24 2.282 2.323 2.365 2.407 2.448 2.49 2.532 2.574 2.615 2.64 2.637 2.623 2.61 2.597 2.584 2.571 2.557 2.544 2.531 2.518 2.504 2.491 2.478 2.465 2.451 2.438 2.449
0.0 0.0 0.0 0.0 0.0 0.0 0.0 0.0 0.0 0.0 0.0 0.0 0.001 0.001 0.001 0.001 0.001 0.001 0.001 0.001 0.001 0.001 0.001 0.001 0.002 0.002 0.003 0.004 0.004 0.005 0.006 0.006 0.007 0.008 0.008 0.009 0.01 0.011 0.011 0.012 0.019 0.027 0.035 0.043 0.051 0.059 0.067 0.075 0.083 0.091 0.099 0.107 0.115 0.122 0.13 0.138 0.162 0.194 0.227 0.259 0.292 0.324 0.357 0.39 0.422 0.455 0.487 0.52 0.552 0.585 0.63 0.678 0.726 0.774 0.822 0.87 0.918 0.965 1.013 1.061 1.109 1.157 1.205 1.253 1.282 1.304 1.333 1.373 1.413 1.453 1.493 1.533 1.573 1.613 1.653 1.693 1.733 1.773 1.813 1.853 1.893 1.908 1.923 1.963 2.005 2.047 2.088 2.13 2.172 2.213 2.255 2.297 2.339 2.38 2.422 2.464 2.505 2.535 2.541 2.537 2.524 2.511 2.498 2.485 2.471 2.458 2.445 2.432 2.418 2.405 2.392 2.379 2.365 2.352 2.359 2.377
0.0 0.0 0.0 0.0 0.0 0.0 0.0 0.0 0.0 0.0 0.0 0.0 0.001 0.001 0.001 0.001 0.001 0.001 0.001 0.001 0.001 0.001 0.001 0.001 0.001 0.002 0.003 0.003 0.004 0.005 0.005 0.006 0.007 0.007 0.008 0.009 0.009 0.01 0.011 0.012 0.013 0.021 0.029 0.037 0.045 0.053 0.061 0.069 0.077 0.085 0.092 0.1 0.108 0.116 0.124 0.132 0.14 0.168 0.201 0.233 0.266 0.299 0.331 0.364 0.396 0.429 0.461 0.494 0.526 0.559 0.605 0.653 0.701 0.748 0.796 0.844 0.892 0.94 0.988 1.036 1.083 1.131 1.179 1.213 1.235 1.257 1.286 1.326 1.366 1.406 1.446 1.486 1.526 1.566 1.606 1.646 1.685 1.725 1.765 1.805 1.824 1.839 1.854 1.895 1.937 1.978 2.02 2.062 2.103 2.145 2.187 2.229 2.27 2.312 2.354 2.395 2.431 2.436 2.442 2.438 2.425 2.412 2.398 2.385 2.372 2.359 2.346 2.332 2.319 2.306 2.293 2.279 2.266 2.268 2.287 2.304
0.0 0.0 0.0 0.0 0.0 0.0 0.0 0.0 0.0 0.0 0.0 0.0 0.001 0.001 0.001 0.001 0.001 0.001 0.001 0.001 0.001 0.001 0.001 0.001 0.001 0.001 0.002 0.003 0.003 0.004 0.005 0.005 0.006 0.007 0.007 0.008 0.009 0.01 0.01 0.011 0.012 0.015 0.023 0.031 0.039 0.047 0.055 0.062 0.07 0.078 0.086 0.094 0.102 0.11 0.118 0.126 0.134 0.142 0.175 0.208 0.24 0.273 0.305 0.338 0.37 0.403 0.435 0.468 0.501 0.533 0.579 0.627 0.675 0.723 0.771 0.819 0.866 0.914 0.962 1.01 1.058 1.106 1.143 1.165 1.187 1.209 1.238 1.278 1.318 1.358 1.398 1.438 1.478 1.518 1.558 1.598 1.638 1.678 1.718 1.74 1.755 1.77 1.785 1.827 1.868 1.91 1.952 1.993 2.035 2.077 2.119 2.16 2.202 2.244 2.285 2.326 2.332 2.338 2.343 2.339 2.326 2.312 2.299 2.286 2.273 2.26 2.246 2.233 2.22 2.207 2.193 2.18 2.178 2.196 2.215 2.232
0.0 0.0 0.0 0.0 0.0 0.0 0.0 0.0 0.0 0.0 0.0 0.0 0.001 0.001 0.001 0.001 0.001 0.001 0.001 0.001 0.001 0.001 0.001 0.001 0.001 0.001 0.002 0.002 0.003 0.004 0.004 0.005 0.006 0.006 0.007 0.008 0.008 0.009 0.01 0.011 0.012 0.012 0.017 0.024 0.032 0.04 0.048 0.056 0.064 0.072 0.08 0.088 0.096 0.104 0.112 0.12 0.128 0.136 0.149 0.182 0.214 0.247 0.279 0.312 0.345 0.377 0.41 0.442 0.475 0.507 0.554 0.601 0.649 0.697 0.745 0.793 0.841 0.889 0.937 0.984 1.032 1.074 1.095 1.117 1.139 1.161 1.191 1.231 1.271 1.311 1.351 1.391 1.431 1.471 1.511 1.551 1.59 1.63 1.656 1.671 1.686 1.702 1.717 1.758 1.8 1.842 1.883 1.925 1.967 2.009 2.05 2.092 2.134 2.175 2.217 2.227 2.233 2.239 2.244 2.24 2.226 2.213 2.2 2.187 2.174 2.16 2.147 2.134 2.121 2.107 2.094 2.087 2.106 2.124 2.142 2.16
0.0 0.0 0.0 0.0 0.0 0.0 0.0 0.0 0.0 0.0 0.0 0.0 0.001 0.001 0.001 0.001 0.001 0.001 0.001 0.001 0.001 0.001 0.001 0.001 0.001 0.001 0.001 0.002 0.002 0.003 0.004 0.004 0.005 0.006 0.006 0.007 0.008 0.009 0.009 0.01 0.011 0.012 0.013 0.018 0.026 0.034 0.042 0.05 0.058 0.066 0.074 0.082 0.09 0.098 0.106 0.114 0.121 0.129 0.137 0.156 0.188 0.221 0.254 0.286 0.319 0.351 0.384 0.416 0.449 0.481 0.528 0.576 0.624 0.672 0.719 0.767 0.815 0.863 0.911 0.959 1.004 1.026 1.048 1.069 1.091 1.113 1.143 1.183 1.223 1.263 1.303 1.343 1.383 1.423 1.463 1.503 1.543 1.572 1.588 1.603 1.618 1.633 1.648 1.69 1.732 1.773 1.815 1.857 1.899 1.94 1.982 2.024 2.065 2.107 2.122 2.128 2.134 2.14 2.145 2.14 2.127 2.114 2.101 2.087 2.074 2.061 2.048 2.035 2.021 2.008 1.997 2.015 2.033 2.052 2.07 2.087
0.0 0.0 0.0 0.0 0.0 0.0 0.0 0.0 0.0 0.0 0.0 0.0 0.001 0.001 0.001 0.001 0.001 0.001 0.001 0.001 0.001 0.001 0.001 0.001 0.001 0.001 0.001 0.001 0.002 0.003 0.003 0.004 0.005 0.005 0.006 0.007 0.007 0.008 0.009 0.01 0.011 0.011 0.012 0.013 0.02 0.028 0.036 0.044 0.052 0.06 0.068 0.076 0.084 0.092 0.099 0.107 0.115 0.123 0.131 0.139 0.163 0.195 0.228 0.26 0.293 0.325 0.358 0.39 0.423 0.456 0.502 0.55 0.598 0.646 0.694 0.742 0.79 0.837 0.885 0.933 0.956 0.978 1.0 1.022 1.043 1.065 1.096 1.136 1.176 1.216 1.256 1.296 1.336 1.376 1.416 1.456 1.489 1.504 1.519 1.534 1.549 1.564 1.58 1.622 1.663 1.705 1.747 1.789 1.83 1.872 1.914 1.955 1.997 2.018 2.023 2.029 2.035 2.041 2.047 2.041 2.028 2.015 2.001 1.988 1.975 1.962 1.949 1.935 1.922 1.909 1.924 1.943 1.961 1.98 1.998 2.015
0.0 0.0 0.0 0.0 0.0 0.0 0.0 0.0 0.0 0.0 0.0 0.0 0.0 0.0 0.0 0.0 0.0 0.0 0.0 0.0 0.001 0.001 0.001 0.001 0.001 0.001 0.001 0.001 0.001 0.002 0.003 0.003 0.004 0.005 0.005 0.006 0.007 0.008 0.008 0.009 0.01 0.011 0.012 0.013 0.014 0.022 0.03 0.038 0.046 0.054 0.062 0.07 0.077 0.085 0.093 0.101 0.109 0.117 0.125 0.133 0.141 0.169 0.202 0.234 0.267 0.299 0.332 0.365 0.397 0.43 0.477 0.525 0.573 0.62 0.668 0.716 0.764 0.812 0.86 0.886 0.908 0.93 0.952 0.974 0.996 1.018 1.048 1.088 1.128 1.168 1.208 1.248 1.288 1.328 1.368 1.405 1.42 1.435 1.45 1.465 1.48 1.495 1.512 1.554 1.595 1.637 1.679 1.72 1.762 1.804 1.845 1.887 1.913 1.919 1.924 1.93 1.936 1.942 1.948 1.942 1.929 1.915 1.902 1.889 1.876 1.863 1.849 1.836 1.823 1.834 1.852 1.871 1.889 1.907 1.926 1.942
0.0 0.0 0.0 0.0 0.0 0.0 0.0 0.0 0.0 0.0 0.0 0.0 0.0 0.0 0.0 0.0 0.0 0.0 0.0 0.0 0.0 0.001 0.001 0.001 0.001 0.001 0.001 0.001 0.001 0.002 0.002 0.003 0.004 0.004 0.005 0.006 0.006 0.007 0.008 0.009 0.01 0.01 0.011 0.012 0.013 0.016 0.024 0.032 0.04 0.047 0.055 0.063 0.071 0.079 0.087 0.095 0.103 0.111 0.119 0.127 0.134 0.143 0.176 0.209 0.241 0.274 0.306 0.339 0.371 0.404 0.451 0.499 0.547 0.595 0.643 0.691 0.738 0.786 0.817 0.839 0.86 0.882 0.904 0.926 0.948 0.97 1.001 1.041 1.081 1.121 1.161 1.201 1.241 1.281 1.321 1.336 1.351 1.366 1.381 1.396 1.412 1.427 1.444 1.485 1.527 1.569 1.61 1.652 1.694 1.736 1.777 1.808 1.814 1.82 1.825 1.831 1.837 1.843 1.849 1.843 1.829 1.816 1.803 1.79 1.776 1.763 1.75 1.737 1.743 1.762 1.78 1.798 1.817 1.835 1.854 1.87
0.0 0.0 0.0 0.0 0.0 0.0 0.0 0.0 0.0 0.0 0.0 0.0 0.0 0.0 0.0 0.0 0.0 0.0 0.0 0.0 0.0 0.001 0.001 0.001 0.001 0.001 0.001 0.001 0.001 0.001 0.002 0.002 0.003 0.004 0.004 0.005 0.006 0.007 0.007 0.008 0.009 0.01 0.011 0.012 0.012 0.013 0.017 0.025 0.033 0.041 0.049 0.057 0.065 0.073 0.081 0.089 0.097 0.105 0.112 0.12 0.128 0.136 0.15 0.183 0.215 0.248 0.28 0.313 0.345 0.378 0.426 0.473 0.521 0.569 0.617 0.665 0.713 0.747 0.769 0.791 0.813 0.835 0.856 0.878 0.9 0.922 0.953 0.993 1.033 1.073 1.113 1.153 1.193 1.233 1.252 1.267 1.282 1.298 1.313 1.328 1.343 1.358 1.375 1.417 1.459 1.5 1.542 1.584 1.626 1.667 1.703 1.709 1.715 1.721 1.727 1.732 1.738 1.744 1.75 1.743 1.73 1.717 1.704 1.69 1.677 1.664 1.651 1.652 1.671 1.689 1.708 1.726 1.745 1.763 1.782 1.797
0.0 0.0 0.0 0.0 0.0 0.0 0.0 0.0 0.0 0.0 0.0 0.0 0.0 0.0 0.0 0.0 0.0 0.0 0.0 0.0 0.0 0.0 0.001 0.001 0.001 0.001 0.001 0.001 0.001 0.001 0.001 0.002 0.003 0.003 0.004 0.005 0.005 0.006 0.007 0.008 0.009 0.009 0.01 0.011 0.012 0.013 0.014 0.019 0.027 0.035 0.043 0.051 0.059 0.067 0.075 0.083 0.091 0.098 0.106 0.114 0.122 0.13 0.138 0.157 0.189 0.222 0.254 0.287 0.32 0.352 0.4 0.448 0.496 0.544 0.591 0.639 0.677 0.699 0.721 0.743 0.765 0.787 0.809 0.83 0.852 0.874 0.906 0.946 0.986 1.026 1.066 1.106 1.146 1.168 1.184 1.199 1.214 1.229 1.244 1.259 1.274 1.289 1.307 1.349 1.39 1.432 1.474 1.516 1.557 1.599 1.604 1.61 1.616 1.622 1.628 1.633 1.639 1.645 1.651 1.644 1.631 1.618 1.604 1.591 1.578 1.565 1.562 1.58 1.599 1.617 1.636 1.654 1.672 1.691 1.709 1.725
0.0 0.0 0.0 0.0 0.0 0.0 0.0 0.0 0.0 0.0 0.0 0.0 0.0 0.0 0.0 0.0 0.0 0.0 0.0 0.0 0.0 0.0 0.001 0.001 0.001 0.001 0.001 0.001 0.001 0.001 0.001 0.001 0.002 0.003 0.003 0.004 0.005 0.006 0.006 0.007 0.008 0.009 0.01 0.011 0.011 0.012 0.013 0.014 0.021 0.029 0.037 0.045 0.053 0.061 0.069 0.076 0.084 0.092 0.1 0.108 0.116 0.124 0.132 0.14 0.164 0.196 0.229 0.261 0.294 0.327 0.374 0.422 0.47 0.518 0.566 0.608 0.63 0.652 0.673 0.695 0.717 0.739 0.761 0.783 0.804 0.826 0.858 0.898 0.938 0.978 1.018 1.058 1.085 1.1 1.115 1.13 1.145 1.16 1.175 1.19 1.205 1.221 1.239 1.28 1.322 1.364 1.406 1.447 1.489 1.5 1.505 1.511 1.517 1.523 1.529 1.534 1.54 1.546 1.552 1.545 1.532 1.518 1.505 1.492 1.479 1.471 1.49 1.508 1.527 1.545 1.563 1.582 1.6 1.619 1.637 1.653
0.0 0.0 0.0 0.0 0.0 0.0 0.0 0.0 0.0 0.0 0.0 0.0 0.0 0.0 0.0 0.0 0.0 0.0 0.0 0.0 0.0 0.0 0.0 0.001 0.001 0.001 0.001 0.001 0.001 0.001 0.001 0.001 0.002 0.002 0.003 0.004 0.004 0.005 0.006 0.007 0.008 0.008 0.009 0.01 0.011 0.012 0.013 0.013 0.015 0.023 0.031 0.039 0.047 0.055 0.062 0.07 0.078 0.086 0.094 0.102 0.11 0.118 0.125 0.133 0.141 0.17 0.203 0.235 0.268 0.301 0.349 0.397 0.445 0.492 0.538 0.56 0.582 0.604 0.626 0.647 0.669 0.691 0.713 0.735 0.757 0.779 0.811 0.851 0.891 0.931 0.971 1.001 1.016 1.031 1.046 1.061 1.076 1.091 1.106 1.122 1.137 1.152 1.17 1.212 1.254 1.296 1.337 1.379 1.395 1.401 1.407 1.412 1.418 1.424 1.43 1.436 1.441 1.447 1.453 1.446 1.432 1.419 1.406 1.393 1.381 1.399 1.417 1.436 1.454 1.473 1.491 1.51 1.528 1.546 1.565 1.58
0.0 0.0 0.0 0.0 0.0 0.0 0.0 0.0 0.0 0.0 0.0 0.0 0.0 0.0 0.0 0.0 0.0 0.0 0.0 0.0 0.0 0.0 0.0 0.0 0.001 0.001 0.001 0.001 0.001 0.001 0.001 0.001 0.001 0.002 0.002 0.003 0.004 0.004 0.005 0.006 0.007 0.008 0.009 0.01 0.01 0.011 0.012 0.013 0.014 0.017 0.025 0.032 0.04 0.048 0.056 0.064 0.072 0.08 0.088 0.096 0.104 0.111 0.119 0.127 0.135 0.144 0.177 0.209 0.242 0.275 0.323 0.371 0.419 0.467 0.49 0.512 0.534 0.556 0.578 0.6 0.621 0.643 0.665 0.687 0.709 0.731 0.763 0.803 0.843 0.883 0.917 0.932 0.947 0.962 0.977 0.992 1.008 1.023 1.038 1.053 1.068 1.083 1.102 1.144 1.186 1.227 1.269 1.29 1.296 1.302 1.308 1.313 1.319 1.325 1.331 1.337 1.342 1.348 1.354 1.346 1.333 1.32 1.307 1.293 1.308 1.327 1.345 1.364 1.382 1.401 1.419 1.437 1.456 1.474 1.493 1.508
0.0 0.0 0.0 0.0 0.0 0.0 0.0 0.0 0.0 0.0 0.0 0.0 0.0 0.0 0.0 0.0 0.0 0.0 0.0 0.0 0.0 0.0 0.0 0.0 0.001 0.001 0.001 0.001 0.001 0.001 0.001 0.001 0.001 0.001 0.002 0.002 0.003 0.004 0.005 0.006 0.006 0.007 0.008 0.009 0.01 0.011 0.012 0.012 0.013 0.014 0.018 0.026 0.034 0.042 0.05 0.058 0.066 0.074 0.082 0.089 0.097 0.105 0.113 0.121 0.129 0.137 0.151 0.184 0.216 0.25 0.298 0.345 0.393 0.421 0.443 0.464 0.486 0.508 0.53 0.552 0.574 0.596 0.617 0.639 0.661 0.683 0.716 0.756 0.796 0.833 0.848 0.863 0.878 0.894 0.909 0.924 0.939 0.954 0.969 0.984 0.999 1.014 1.034 1.076 1.117 1.159 1.186 1.191 1.197 1.203 1.209 1.215 1.22 1.226 1.232 1.238 1.244 1.249 1.255 1.247 1.234 1.221 1.207 1.218 1.236 1.255 1.273 1.291 1.31 1.328 1.347 1.365 1.384 1.402 1.421 1.435
0.0 0.0 0.0 0.0 0.0 0.0 0.0 0.0 0.0 0.0 0.0 0.0 0.0 0.0 0.0 0.0 0.0 0.0 0.0 0.0 0.0 0.0 0.0 0.0 0.0 0.001 0.001 0.001 0.001 0.001 0.001 0.001 0.001 0.001 0.001 0.002 0.003 0.003 0.004 0.005 0.006 0.007 0.008 0.009 0.009 0.01 0.011 0.012 0.013 0.014 0.014 0.02 0.028 0.036 0.044 0.052 0.06 0.068 0.075 0.083 0.091 0.099 0.107 0.115 0.123 0.131 0.138 0.158 0.19 0.224 0.272 0.32 0.351 0.373 0.395 0.417 0.438 0.46 0.482 0.504 0.526 0.548 0.57 0.591 0.613 0.635 0.668 0.708 0.748 0.764 0.78 0.795 0.81 0.825 0.84 0.855 0.87 0.885 0.9 0.915 0.931 0.946 0.966 1.007 1.049 1.081 1.087 1.092 1.098 1.104 1.11 1.116 1.121 1.127 1.133 1.139 1.145 1.15 1.156 1.148 1.135 1.121 1.127 1.146 1.164 1.182 1.201 1.219 1.238 1.256 1.275 1.293 1.311 1.33 1.348 1.363
0.0 0.0 0.0 0.0 0.0 0.0 0.0 0.0 0.0 0.0 0.0 0.0 0.0 0.0 0.0 0.0 0.0 0.0 0.0 0.0 0.0 0.0 0.0 0.0 0.0 0.001 0.001 0.001 0.001 0.001 0.001 0.001 0.001 0.001 0.001 0.001 0.002 0.003 0.004 0.005 0.005 0.006 0.007 0.008 0.009 0.01 0.011 0.011 0.012 0.013 0.014 0.015 0.022 0.03 0.038 0.046 0.053 0.061 0.069 0.077 0.085 0.093 0.101 0.109 0.117 0.124 0.132 0.14 0.164 0.199 0.246 0.281 0.303 0.325 0.347 0.369 0.391 0.413 0.434 0.456 0.478 0.5 0.522 0.544 0.565 0.587 0.621 0.661 0.681 0.696 0.711 0.726 0.741 0.756 0.771 0.786 0.801 0.817 0.832 0.847 0.862 0.877 0.897 0.939 0.976 0.982 0.988 0.993 0.999 1.005 1.011 1.017 1.022 1.028 1.034 1.04 1.046 1.051 1.057 1.049 1.035 1.036 1.055 1.073 1.092 1.11 1.129 1.147 1.166 1.184 1.202 1.221 1.239 1.258 1.276 1.29
0.0 0.0 0.0 0.0 0.0 0.0 0.0 0.0 0.0 0.0 0.0 0.0 0.0 0.0 0.0 0.0 0.0 0.0 0.0 0.0 0.0 0.0 0.0 0.0 0.0 0.0 0.001 0.001 0.001 0.001 0.001 0.001 0.001 0.001 0.001 0.001 0.002 0.002 0.003 0.004 0.005 0.006 0.007 0.007 0.008 0.009 0.01 0.011 0.012 0.013 0.013 0.014 0.016 0.024 0.032 0.039 0.047 0.055 0.063 0.071 0.079 0.087 0.095 0.102 0.11 0.118 0.126 0.134 0.142 0.173 0.212 0.234 0.255 0.277 0.299 0.321 0.343 0.365 0.387 0.408 0.43 0.452 0.474 0.496 0.518 0.54 0.573 0.597 0.612 0.627 0.642 0.657 0.672 0.687 0.703 0.718 0.733 0.748 0.763 0.778 0.793 0.808 0.829 0.871 0.877 0.883 0.889 0.895 0.9 0.906 0.912 0.918 0.924 0.929 0.935 0.941 0.947 0.953 0.958 0.949 0.946 0.964 0.983 1.001 1.02 1.038 1.056 1.075 1.093 1.112 1.13 1.149 1.167 1.186 1.204 1.218
0.0 0.0 0.0 0.0 0.0 0.0 0.0 0.0 0.0 0.0 0.0 0.0 0.0 0.0 0.0 0.0 0.0 0.0 0.0 0.0 0.0 0.0 0.0 0.0 0.0 0.0 0.001 0.001 0.001 0.001 0.001 0.001 0.001 0.001 0.001 0.001 0.004 0.005 0.006 0.007 0.007 0.008 0.009 0.01 0.01 0.011 0.012 0.013 0.013 0.014 0.015 0.016 0.016 0.024 0.031 0.039 0.046 0.054 0.062 0.069 0.077 0.084 0.092 0.1 0.107 0.115 0.122 0.13 0.137 0.145 0.166 0.188 0.209 0.23 0.251 0.273 0.295 0.317 0.339 0.361 0.382 0.404 0.426 0.448 0.47 0.492 0.513 0.528 0.543 0.558 0.573 0.588 0.604 0.619 0.634 0.649 0.664 0.679 0.694 0.709 0.724 0.739 0.761 0.772 0.778 0.784 0.79 0.796 0.801 0.807 0.813 0.819 0.825 0.83 0.836 0.842 0.848 0.854 0.859 0.855 0.874 0.892 0.911 0.929 0.947 0.966 0.984 1.003 1.021 1.04 1.058 1.076 1.095 1.113 1.132 1.146
0.0 0.0 0.0 0.0 0.0 0.0 0.0 0.0 0.0 0.0 0.0 0.0 0.0 0.0 0.0 0.0 0.0 0.0 0.0 0.0 0.0 0.0 0.0 0.0 0.0 0.0 0.001 0.001 0.001 0.001 0.001 0.001 0.001 0.001 0.001 0.004 0.009 0.01 0.011 0.011 0.012 0.013 0.014 0.014 0.015 0.016 0.017 0.017 0.018 0.019 0.02 0.02 0.028 0.036 0.044 0.051 0.059 0.066 0.074 0.082 0.089 0.097 0.104 0.112 0.119 0.127 0.135 0.142 0.149 0.148 0.16 0.181 0.202 0.223 0.244 0.266 0.287 0.308 0.329 0.35 0.371 0.393 0.414 0.435 0.456 0.477 0.503 0.516 0.53 0.544 0.558 0.572 0.586 0.6 0.613 0.627 0.641 0.655 0.669 0.683 0.697 0.711 0.722 0.726 0.73 0.734 0.738 0.742 0.746 0.75 0.754 0.758 0.762 0.766 0.77 0.774 0.778 0.782 0.787 0.807 0.824 0.841 0.857 0.874 0.89 0.907 0.924 0.94 0.957 0.974 0.99 1.007 1.024 1.041 1.06 1.073
0.0 0.0 0.0 0.0 0.0 0.0 0.0 0.0 0.0 0.0 0.0 0.0 0.0 0.0 0.0 0.0 0.0 0.0 0.0 0.0 0.0 0.0 0.0 0.0 0.0 0.0 0.001 0.001 0.001 0.001 0.001 0.001 0.001 0.001 0.003 0.009 0.014 0.015 0.016 0.016 0.017 0.018 0.019 0.019 0.02 0.021 0.022 0.022 0.023 0.024 0.025 0.03 0.04 0.048 0.056 0.063 0.071 0.079 0.086 0.094 0.101 0.109 0.117 0.124 0.132 0.139 0.147 0.154 0.153 0.151 0.16 0.174 0.195 0.217 0.238 0.259 0.28 0.301 0.322 0.344 0.365 0.386 0.407 0.428 0.449 0.471 0.497 0.521 0.535 0.549 0.563 0.577 0.59 0.604 0.618 0.632 0.646 0.66 0.674 0.687 0.701 0.715 0.726 0.73 0.735 0.739 0.743 0.747 0.751 0.755 0.759 0.763 0.767 0.771 0.775 0.779 0.783 0.787 0.821 0.839 0.855 0.871 0.888 0.905 0.921 0.938 0.955 0.971 0.988 1.005 1.021 1.038 1.055 1.071 1.088 1.099
0.0 0.0 0.0 0.0 0.0 0.0 0.0 0.0 0.0 0.0 0.0 0.0 0.0 0.0 0.0 0.0 0.0 0.0 0.0 0.0 0.0 0.0 0.0 0.0 0.0 0.0 0.001 0.001 0.001 0.001 0.001 0.001 0.001 0.002 0.008 0.013 0.019 0.02 0.02 0.021 0.022 0.023 0.023 0.024 0.025 0.026 0.026 0.027 0.028 0.029 0.033 0.043 0.052 0.061 0.068 0.076 0.083 0.091 0.099 0.106 0.114 0.121 0.129 0.136 0.144 0.152 0.159 0.159 0.156 0.155 0.163 0.172 0.189 0.21 0.231 0.252 0.273 0.295 0.316 0.337 0.358 0.379 0.4 0.421 0.443 0.464 0.49 0.518 0.54 0.554 0.567 0.581 0.595 0.609 0.623 0.637 0.651 0.664 0.678 0.692 0.706 0.72 0.731 0.735 0.739 0.743 0.747 0.751 0.755 0.759 0.763 0.767 0.771 0.775 0.779 0.783 0.788 0.817 0.855 0.872 0.885 0.902 0.919 0.935 0.952 0.969 0.985 1.002 1.019 1.035 1.052 1.069 1.085 1.102 1.119 1.13
0.0 0.0 0.0 0.0 0.0 0.0 0.0 0.0 0.0 0.0 0.0 0.0 0.0 0.0 0.0 0.0 0.0 0.0 0.0 0.0 0.0 0.0 0.0 0.0 0.0 0.0 0.001 0.001 0.001 0.001 0.001 0.001 0.001 0.007 0.012 0.018 0.024 0.024 0.025 0.026 0.027 0.027 0.028 0.029 0.03 0.03 0.031 0.032 0.033 0.036 0.046 0.055 0.065 0.073 0.081 0.088 0.096 0.103 0.111 0.118 0.126 0.134 0.141 0.149 0.156 0.164 0.165 0.162 0.159 0.158 0.167 0.175 0.184 0.203 0.224 0.245 0.267 0.288 0.309 0.33 0.351 0.372 0.394 0.415 0.436 0.457 0.483 0.511 0.54 0.558 0.572 0.586 0.6 0.614 0.628 0.641 0.655 0.669 0.683 0.697 0.711 0.725 0.736 0.74 0.744 0.748 0.752 0.756 0.76 0.764 0.768 0.772 0.776 0.78 0.784 0.788 0.812 0.851 0.889 0.906 0.919 0.933 0.949 0.966 0.983 0.999 1.016 1.033 1.049 1.066 1.083 1.099 1.116 1.133 1.149 1.161
0.0 0.0 0.0 0.0 0.0 0.0 0.0 0.0 0.0 0.0 0.0 0.0 0.0 0.0 0.0 0.0 0.0 0.0 0.0 0.0 0.0 0.0 0.0 0.0 0.0 0.0 0.001 0.001 0.001 0.001 0.001 0.001 0.006 0.012 0.017 0.023 0.028 0.029 0.03 0.031 0.031 0.032 0.033 0.034 0.035 0.035 0.036 0.037 0.039 0.048 0.058 0.067 0.077 0.085 0.093 0.1 0.108 0.116 0.123 0.131 0.138 0.146 0.153 0.161 0.169 0.171 0.168 0.165 0.162 0.162 0.17 0.179 0.187 0.196 0.218 0.239 0.26 0.281 0.302 0.323 0.345 0.366 0.387 0.408 0.429 0.45 0.477 0.505 0.533 0.561 0.577 0.591 0.605 0.618 0.632 0.646 0.66 0.674 0.688 0.702 0.715 0.729 0.74 0.744 0.748 0.752 0.756 0.76 0.764 0.768 0.772 0.776 0.78 0.784 0.789 0.807 0.846 0.885 0.924 0.94 0.953 0.966 0.98 0.997 1.014 1.03 1.047 1.064 1.08 1.097 1.114 1.13 1.147 1.164 1.18 1.191
0.0 0.0 0.0 0.0 0.0 0.0 0.0 0.0 0.0 0.0 0.0 0.0 0.0 0.0 0.0 0.0 0.0 0.0 0.0 0.0 0.0 0.0 0.0 0.0 0.0 0.0 0.001 0.001 0.001 0.001 0.001 0.005 0.011 0.016 0.022 0.028 0.033 0.034 0.035 0.036 0.036 0.037 0.038 0.039 0.039 0.04 0.041 0.042 0.051 0.061 0.07 0.08 0.089 0.098 0.105 0.113 0.12 0.128 0.135 0.143 0.151 0.158 0.166 0.173 0.178 0.175 0.172 0.169 0.166 0.165 0.174 0.182 0.191 0.199 0.211 0.232 0.253 0.274 0.296 0.317 0.338 0.359 0.38 0.401 0.423 0.444 0.47 0.498 0.526 0.554 0.582 0.595 0.609 0.623 0.637 0.651 0.665 0.679 0.692 0.706 0.72 0.734 0.745 0.749 0.753 0.757 0.761 0.765 0.769 0.773 0.777 0.781 0.785 0.789 0.803 0.842 0.88 0.919 0.958 0.973 0.986 0.999 1.012 1.028 1.044 1.061 1.078 1.094 1.111 1.128 1.144 1.161 1.178 1.194 1.211 1.222
0.0 0.0 0.0 0.0 0.0 0.0 0.0 0.0 0.0 0.0 0.0 0.0 0.0 0.0 0.0 0.0 0.0 0.0 0.0 0.0 0.0 0.0 0.0 0.0 0.0 0.0 0.001 0.001 0.001 0.001 0.004 0.01 0.016 0.021 0.027 0.033 0.038 0.039 0.04 0.04 0.041 0.042 0.043 0.043 0.044 0.045 0.046 0.054 0.063 0.073 0.083 0.092 0.102 0.11 0.117 0.125 0.133 0.14 0.148 0.155 0.163 0.17 0.178 0.184 0.181 0.178 0.175 0.172 0.169 0.169 0.177 0.186 0.194 0.202 0.211 0.225 0.247 0.268 0.289 0.31 0.331 0.352 0.374 0.395 0.416 0.437 0.464 0.492 0.52 0.548 0.576 0.6 0.614 0.628 0.642 0.656 0.669 0.683 0.697 0.711 0.725 0.739 0.749 0.753 0.757 0.761 0.765 0.769 0.773 0.777 0.781 0.785 0.79 0.798 0.837 0.876 0.914 0.953 0.992 1.007 1.02 1.033 1.046 1.059 1.075 1.092 1.108 1.125 1.142 1.158 1.175 1.192 1.208 1.225 1.242 1.252
0.0 0.0 0.0 0.0 0.0 0.0 0.0 0.0 0.0 0.0 0.0 0.0 0.0 0.0 0.0 0.0 0.0 0.0 0.0 0.0 0.0 0.0 0.0 0.0 0.0 0.0 0.001 0.001 0.001 0.003 0.009 0.015 0.02 0.026 0.032 0.038 0.043 0.044 0.044 0.045 0.046 0.047 0.047 0.048 0.049 0.05 0.057 0.066 0.076 0.085 0.095 0.104 0.114 0.122 0.13 0.137 0.145 0.152 0.16 0.168 0.175 0.183 0.19 0.187 0.184 0.181 0.178 0.175 0.172 0.172 0.181 0.189 0.198 0.206 0.214 0.223 0.24 0.261 0.282 0.303 0.324 0.346 0.367 0.388 0.409 0.43 0.457 0.485 0.513 0.541 0.569 0.597 0.619 0.633 0.646 0.66 0.674 0.688 0.702 0.716 0.73 0.743 0.754 0.758 0.762 0.766 0.77 0.774 0.778 0.782 0.786 0.79 0.794 0.832 0.871 0.91 0.949 0.987 1.026 1.041 1.054 1.067 1.08 1.093 1.106 1.123 1.139 1.156 1.173 1.189 1.206 1.223 1.239 1.256 1.273 1.283
0.0 0.0 0.0 0.0 0.0 0.0 0.0 0.0 0.0 0.0 0.0 0.0 0.0 0.0 0.0 0.0 0.0 0.0 0.0 0.0 0.0 0.0 0.0 0.0 0.0 0.0 0.001 0.001 0.002 0.008 0.014 0.019 0.025 0.031 0.037 0.043 0.048 0.049 0.049 0.05 0.051 0.052 0.052 0.053 0.054 0.059 0.069 0.078 0.088 0.098 0.107 0.117 0.126 0.134 0.142 0.15 0.157 0.165 0.172 0.18 0.187 0.195 0.193 0.19 0.188 0.185 0.182 0.179 0.176 0.176 0.184 0.193 0.201 0.209 0.218 0.226 0.234 0.254 0.275 0.297 0.318 0.339 0.36 0.381 0.402 0.424 0.45 0.479 0.507 0.535 0.563 0.591 0.619 0.637 0.651 0.665 0.679 0.693 0.707 0.72 0.734 0.748 0.758 0.762 0.766 0.77 0.774 0.778 0.782 0.786 0.791 0.795 0.828 0.867 0.905 0.944 0.983 1.021 1.06 1.074 1.088 1.101 1.114 1.127 1.14 1.153 1.17 1.187 1.203 1.22 1.237 1.253 1.27 1.287 1.303 1.313
0.0 0.0 0.0 0.0 0.0 0.0 0.0 0.0 0.0 0.0 0.0 0.0 0.0 0.0 0.0 0.0 0.0 0.0 0.0 0.0 0.0 0.0 0.0 0.0 0.0 0.0 0.001 0.001 0.007 0.013 0.019 0.024 0.03 0.036 0.042 0.048 0.053 0.053 0.054 0.055 0.056 0.056 0.057 0.058 0.062 0.072 0.081 0.091 0.1 0.11 0.119 0.129 0.139 0.147 0.154 0.162 0.169 0.177 0.185 0.192 0.2 0.2 0.197 0.194 0.191 0.188 0.185 0.182 0.179 0.179 0.188 0.196 0.205 0.213 0.221 0.23 0.238 0.248 0.269 0.29 0.311 0.332 0.353 0.375 0.396 0.417 0.444 0.472 0.5 0.528 0.556 0.584 0.612 0.64 0.656 0.67 0.684 0.697 0.711 0.725 0.739 0.753 0.763 0.767 0.771 0.775 0.779 0.783 0.787 0.791 0.795 0.823 0.862 0.901 0.939 0.978 1.017 1.055 1.094 1.108 1.121 1.134 1.147 1.16 1.173 1.186 1.201 1.217 1.234 1.251 1.267 1.284 1.301 1.317 1.334 1.344
0.0 0.0 0.0 0.0 0.0 0.0 0.0 0.0 0.0 0.0 0.0 0.0 0.0 0.0 0.0 0.0 0.0 0.0 0.0 0.0 0.0 0.0 0.0 0.0 0.0 0.0 0.001 0.006 0.012 0.018 0.023 0.029 0.035 0.041 0.047 0.053 0.057 0.058 0.059 0.06 0.06 0.061 0.062 0.065 0.074 0.084 0.094 0.103 0.113 0.122 0.132 0.141 0.151 0.159 0.167 0.174 0.182 0.189 0.197 0.204 0.206 0.203 0.2 0.197 0.194 0.191 0.188 0.185 0.182 0.183 0.191 0.2 0.208 0.216 0.225 0.233 0.241 0.25 0.262 0.283 0.304 0.326 0.347 0.368 0.389 0.41 0.437 0.465 0.493 0.521 0.549 0.578 0.606 0.634 0.661 0.674 0.688 0.702 0.716 0.73 0.744 0.758 0.767 0.771 0.775 0.779 0.783 0.788 0.792 0.796 0.819 0.857 0.896 0.935 0.974 1.012 1.051 1.09 1.128 1.142 1.155 1.168 1.181 1.194 1.207 1.22 1.233 1.248 1.265 1.282 1.298 1.315 1.332 1.348 1.365 1.374
0.0 0.0 0.0 0.0 0.0 0.0 0.0 0.0 0.0 0.0 0.0 0.0 0.0 0.0 0.0 0.0 0.0 0.0 0.0 0.0 0.0 0.0 0.0 0.0 0.0 0.0 0.005 0.011 0.017 0.023 0.028 0.034 0.04 0.046 0.052 0.058 0.062 0.063 0.064 0.064 0.065 0.066 0.068 0.077 0.087 0.096 0.106 0.115 0.125 0.135 0.144 0.154 0.163 0.171 0.179 0.186 0.194 0.202 0.209 0.212 0.209 0.206 0.203 0.2 0.197 0.195 0.192 0.189 0.186 0.186 0.195 0.203 0.212 0.22 0.228 0.237 0.245 0.253 0.262 0.277 0.298 0.319 0.34 0.361 0.382 0.403 0.431 0.459 0.487 0.515 0.543 0.571 0.599 0.627 0.655 0.679 0.693 0.707 0.721 0.735 0.748 0.762 0.772 0.776 0.78 0.784 0.788 0.792 0.796 0.814 0.853 0.892 0.93 0.969 1.008 1.046 1.085 1.124 1.162 1.176 1.189 1.202 1.215 1.228 1.241 1.254 1.267 1.28 1.296 1.312 1.329 1.346 1.362 1.379 1.396 1.405
0.0 0.0 0.0 0.0 0.0 0.0 0.0 0.0 0.0 0.0 0.0 0.0 0.0 0.0 0.0 0.0 0.0 0.0 0.0 0.0 0.0 0.0 0.0 0.0 0.0 0.004 0.01 0.016 0.022 0.027 0.033 0.039 0.045 0.051 0.057 0.062 0.067 0.068 0.069 0.069 0.07 0.071 0.08 0.09 0.099 0.109 0.118 0.128 0.137 0.147 0.156 0.166 0.176 0.184 0.191 0.199 0.206 0.214 0.218 0.216 0.213 0.21 0.207 0.204 0.201 0.198 0.195 0.192 0.189 0.19 0.198 0.207 0.215 0.223 0.232 0.24 0.248 0.257 0.265 0.274 0.291 0.312 0.333 0.354 0.376 0.397 0.424 0.452 0.48 0.508 0.536 0.564 0.592 0.62 0.648 0.677 0.698 0.712 0.725 0.739 0.753 0.767 0.776 0.78 0.784 0.789 0.793 0.797 0.81 0.848 0.887 0.926 0.964 1.003 1.042 1.08 1.119 1.158 1.196 1.209 1.222 1.235 1.248 1.261 1.274 1.287 1.3 1.313 1.326 1.343 1.36 1.376 1.393 1.41 1.426 1.435
0.0 0.0 0.0 0.0 0.0 0.0 0.0 0.0 0.0 0.0 0.0 0.0 0.0 0.0 0.0 0.0 0.0 0.0 0.0 0.0 0.0 0.0 0.0 0.0 0.003 0.009 0.015 0.021 0.026 0.032 0.038 0.044 0.05 0.056 0.061 0.067 0.072 0.073 0.073 0.074 0.075 0.083 0.092 0.102 0.111 0.121 0.131 0.14 0.15 0.159 0.169 0.178 0.188 0.196 0.203 0.211 0.219 0.225 0.222 0.219 0.216 0.213 0.21 0.207 0.204 0.201 0.198 0.195 0.192 0.193 0.202 0.21 0.219 0.227 0.235 0.244 0.252 0.26 0.269 0.277 0.285 0.305 0.327 0.348 0.369 0.39 0.418 0.446 0.474 0.502 0.53 0.558 0.586 0.614 0.642 0.67 0.698 0.716 0.73 0.744 0.758 0.772 0.781 0.785 0.789 0.793 0.797 0.805 0.844 0.882 0.921 0.96 0.999 1.037 1.076 1.115 1.153 1.192 1.23 1.243 1.256 1.269 1.282 1.295 1.308 1.321 1.334 1.347 1.36 1.374 1.391 1.407 1.424 1.441 1.457 1.466
0.0 0.0 0.0 0.0 0.0 0.0 0.0 0.0 0.0 0.0 0.0 0.0 0.0 0.0 0.0 0.0 0.0 0.0 0.0 0.0 0.0 0.0 0.0 0.002 0.008 0.014 0.02 0.026 0.031 0.037 0.043 0.049 0.055 0.061 0.066 0.072 0.077 0.077 0.078 0.079 0.086 0.095 0.105 0.114 0.124 0.133 0.143 0.152 0.162 0.172 0.181 0.191 0.2 0.208 0.216 0.223 0.231 0.228 0.225 0.222 0.219 0.216 0.213 0.21 0.207 0.204 0.202 0.199 0.196 0.197 0.205 0.214 0.222 0.23 0.239 0.247 0.255 0.264 0.272 0.281 0.289 0.299 0.32 0.341 0.362 0.383 0.411 0.439 0.467 0.495 0.523 0.551 0.579 0.607 0.635 0.663 0.691 0.719 0.735 0.749 0.763 0.776 0.785 0.79 0.794 0.798 0.802 0.839 0.878 0.917 0.955 0.994 1.033 1.071 1.11 1.149 1.187 1.226 1.264 1.277 1.29 1.303 1.316 1.329 1.342 1.355 1.368 1.381 1.394 1.407 1.421 1.438 1.455 1.471 1.488 1.497
0.0 0.0 0.0 0.0 0.0 0.0 0.0 0.0 0.0 0.0 0.0 0.0 0.0 0.0 0.0 0.0 0.0 0.0 0.0 0.0 0.0 0.0 0.001 0.007 0.013 0.019 0.025 0.03 0.036 0.042 0.048 0.054 0.06 0.065 0.071 0.077 0.081 0.082 0.083 0.088 0.098 0.107 0.117 0.127 0.136 0.146 0.155 0.165 0.174 0.184 0.193 0.203 0.213 0.22 0.228 0.236 0.234 0.231 0.228 0.225 0.223 0.22 0.217 0.214 0.211 0.208 0.205 0.202 0.199 0.2 0.209 0.217 0.226 0.234 0.242 0.251 0.259 0.267 0.276 0.284 0.292 0.301 0.313 0.334 0.356 0.377 0.404 0.432 0.46 0.489 0.517 0.545 0.573 0.601 0.629 0.657 0.685 0.713 0.74 0.753 0.767 0.781 0.79 0.794 0.798 0.802 0.835 0.873 0.912 0.951 0.989 1.028 1.067 1.105 1.144 1.183 1.222 1.26 1.297 1.31 1.323 1.336 1.349 1.362 1.375 1.388 1.401 1.414 1.427 1.44 1.453 1.469 1.485 1.502 1.519 1.527
0.0 0.0 0.0 0.0 0.0 0.0 0.0 0.0 0.0 0.0 0.0 0.0 0.0 0.0 0.0 0.0 0.0 0.0 0.0 0.0 0.0 0.0 0.006 0.012 0.018 0.024 0.03 0.035 0.041 0.047 0.053 0.059 0.065 0.07 0.076 0.082 0.086 0.087 0.091 0.101 0.11 0.12 0.129 0.139 0.148 0.158 0.168 0.177 0.187 0.196 0.206 0.215 0.225 0.233 0.24 0.241 0.238 0.235 0.232 0.229 0.226 0.223 0.22 0.217 0.214 0.211 0.208 0.205 0.202 0.204 0.212 0.221 0.229 0.237 0.246 0.254 0.263 0.271 0.279 0.288 0.296 0.304 0.313 0.328 0.349 0.37 0.398 0.426 0.454 0.482 0.51 0.538 0.566 0.594 0.622 0.65 0.678 0.706 0.734 0.758 0.772 0.786 0.795 0.799 0.803 0.83 0.869 0.907 0.946 0.985 1.024 1.062 1.101 1.14 1.178 1.217 1.256 1.294 1.331 1.344 1.357 1.37 1.383 1.396 1.409 1.422 1.435 1.448 1.461 1.474 1.487 1.5 1.516 1.533 1.55 1.558
0.0 0.0 0.0 0.0 0.0 0.0 0.0 0.0 0.0 0.0 0.0 0.0 0.0 0.0 0.0 0.0 0.0 0.0 0.0 0.0 0.0 0.005 0.011 0.017 0.023 0.029 0.034 0.04 0.046 0.052 0.058 0.064 0.069 0.075 0.081 0.087 0.091 0.094 0.103 0.113 0.122 0.132 0.142 0.151 0.161 0.17 0.18 0.189 0.199 0.209 0.218 0.228 0.237 0.245 0.247 0.244 0.241 0.238 0.235 0.232 0.229 0.226 0.223 0.22 0.217 0.214 0.211 0.209 0.206 0.207 0.216 0.224 0.233 0.241 0.249 0.258 0.266 0.274 0.283 0.291 0.299 0.308 0.316 0.325 0.342 0.363 0.391 0.419 0.447 0.475 0.503 0.531 0.559 0.587 0.616 0.644 0.672 0.7 0.728 0.756 0.777 0.791 0.799 0.803 0.825 0.864 0.903 0.942 0.98 1.019 1.058 1.096 1.135 1.174 1.212 1.251 1.29 1.329 1.365 1.378 1.391 1.404 1.417 1.43 1.443 1.456 1.469 1.482 1.495 1.508 1.521 1.534 1.547 1.564 1.58 1.588
0.0 0.0 0.0 0.0 0.0 0.0 0.0 0.0 0.0 0.0 0.0 0.0 0.0 0.0 0.0 0.0 0.0 0.0 0.0 0.0 0.004 0.01 0.016 0.022 0.028 0.033 0.039 0.045 0.051 0.057 0.063 0.068 0.074 0.08 0.086 0.092 0.097 0.106 0.116 0.125 0.135 0.144 0.154 0.164 0.173 0.183 0.192 0.202 0.211 0.221 0.23 0.24 0.25 0.253 0.25 0.247 0.244 0.241 0.238 0.235 0.232 0.23 0.227 0.224 0.221 0.218 0.215 0.212 0.209 0.211 0.219 0.228 0.236 0.244 0.253 0.261 0.27 0.278 0.286 0.295 0.303 0.311 0.32 0.328 0.336 0.357 0.385 0.413 0.441 0.469 0.497 0.525 0.553 0.581 0.609 0.637 0.665 0.693 0.721 0.749 0.777 0.795 0.804 0.821 0.86 0.898 0.937 0.976 1.014 1.053 1.092 1.13 1.169 1.208 1.247 1.285 1.324 1.363 1.398 1.411 1.424 1.437 1.45 1.463 1.476 1.489 1.502 1.515 1.528 1.541 1.554 1.567 1.58 1.594 1.611 1.619
0.0 0.0 0.0 0.0 0.0 0.0 0.0 0.0 0.0 0.0 0.0 0.0 0.0 0.0 0.0 0.0 0.0 0.0 0.0 0.0 0.003 0.009 0.015 0.021 0.026 0.032 0.038 0.044 0.05 0.056 0.062 0.068 0.074 0.08 0.086 0.092 0.098 0.108 0.117 0.127 0.137 0.147 0.157 0.167 0.176 0.186 0.196 0.206 0.216 0.226 0.235 0.245 0.255 0.253 0.251 0.248 0.245 0.242 0.239 0.236 0.234 0.231 0.228 0.225 0.222 0.219 0.217 0.214 0.211 0.214 0.223 0.231 0.239 0.248 0.256 0.265 0.273 0.281 0.29 0.298 0.306 0.315 0.323 0.332 0.34 0.35 0.378 0.406 0.434 0.462 0.49 0.518 0.546 0.574 0.602 0.63 0.658 0.686 0.715 0.743 0.771 0.799 0.816 0.855 0.894 0.932 0.971 1.01 1.048 1.087 1.126 1.165 1.203 1.242 1.281 1.319 1.358 1.397 1.432 1.445 1.458 1.471 1.484 1.497 1.51 1.523 1.536 1.549 1.562 1.575 1.588 1.601 1.614 1.627 1.642 1.649
0.0 0.0 0.0 0.0 0.0 0.0 0.0 0.0 0.0 0.0 0.0 0.0 0.0 0.0 0.0 0.0 0.0 0.0 0.0 0.0 0.003 0.007 0.013 0.018 0.024 0.03 0.036 0.042 0.048 0.054 0.06 0.066 0.072 0.078 0.084 0.09 0.096 0.103 0.113 0.123 0.133 0.143 0.153 0.162 0.172 0.182 0.192 0.202 0.212 0.221 0.231 0.241 0.251 0.249 0.246 0.243 0.241 0.238 0.235 0.232 0.229 0.226 0.224 0.221 0.218 0.215 0.212 0.21 0.21 0.216 0.225 0.233 0.242 0.25 0.258 0.267 0.275 0.283 0.292 0.3 0.309 0.317 0.325 0.334 0.342 0.352 0.374 0.402 0.43 0.458 0.486 0.514 0.542 0.57 0.598 0.626 0.654 0.682 0.71 0.738 0.766 0.794 0.835 0.875 0.914 0.953 0.992 1.031 1.07 1.109 1.149 1.188 1.227 1.266 1.305 1.344 1.383 1.423 1.458 1.471 1.485 1.498 1.512 1.525 1.538 1.552 1.565 1.579 1.592 1.606 1.619 1.633 1.646 1.659 1.673 1.663
0.0 0.0 0.0 0.0 0.0 0.0 0.0 0.0 0.0 0.0 0.0 0.0 0.0 0.0 0.0 0.0 0.0 0.0 0.0 0.0 0.003 0.006 0.01 0.016 0.022 0.028 0.034 0.04 0.046 0.052 0.058 0.064 0.07 0.076 0.082 0.088 0.094 0.101 0.109 0.119 0.129 0.139 0.149 0.158 0.168 0.178 0.188 0.198 0.208 0.217 0.227 0.237 0.247 0.245 0.242 0.239 0.236 0.233 0.231 0.228 0.225 0.222 0.219 0.217 0.214 0.211 0.208 0.207 0.212 0.219 0.227 0.235 0.244 0.252 0.26 0.269 0.277 0.286 0.294 0.302 0.311 0.319 0.328 0.336 0.346 0.356 0.374 0.397 0.425 0.453 0.481 0.509 0.537 0.565 0.593 0.621 0.649 0.677 0.705 0.733 0.761 0.789 0.833 0.883 0.922 0.961 1.0 1.04 1.079 1.118 1.157 1.196 1.235 1.274 1.314 1.353 1.392 1.431 1.466 1.479 1.493 1.506 1.52 1.533 1.546 1.56 1.573 1.587 1.6 1.614 1.627 1.641 1.654 1.667 1.684 1.674
0.0 0.0 0.0 0.0 0.0 0.0 0.0 0.0 0.0 0.0 0.0 0.0 0.0 0.0 0.0 0.0 0.0 0.0 0.0 0.0 0.003 0.006 0.009 0.014 0.02 0.026 0.032 0.038 0.044 0.05 0.056 0.062 0.068 0.074 0.08 0.086 0.092 0.099 0.107 0.115 0.125 0.135 0.144 0.154 0.164 0.174 0.184 0.194 0.203 0.213 0.223 0.233 0.243 0.24 0.238 0.235 0.232 0.229 0.226 0.223 0.221 0.218 0.215 0.212 0.209 0.207 0.205 0.209 0.214 0.221 0.229 0.237 0.246 0.254 0.263 0.271 0.279 0.288 0.296 0.304 0.313 0.321 0.33 0.339 0.349 0.36 0.378 0.396 0.421 0.449 0.477 0.505 0.533 0.561 0.589 0.617 0.645 0.673 0.701 0.729 0.757 0.785 0.83 0.884 0.931 0.97 1.009 1.048 1.087 1.126 1.165 1.205 1.244 1.283 1.322 1.361 1.4 1.439 1.474 1.487 1.501 1.514 1.528 1.541 1.554 1.568 1.581 1.595 1.608 1.622 1.635 1.649 1.662 1.678 1.697 1.686
0.0 0.0 0.0 0.0 0.0 0.0 0.0 0.0 0.0 0.0 0.0 0.0 0.0 0.0 0.0 0.0 0.0 0.0 0.0 0.0 0.003 0.006 0.009 0.013 0.018 0.024 0.03 0.036 0.042 0.048 0.054 0.06 0.066 0.072 0.078 0.084 0.09 0.097 0.105 0.112 0.121 0.13 0.14 0.15 0.16 0.17 0.18 0.189 0.199 0.209 0.219 0.229 0.239 0.236 0.233 0.23 0.228 0.225 0.222 0.219 0.216 0.214 0.211 0.208 0.205 0.202 0.207 0.211 0.216 0.223 0.231 0.24 0.248 0.256 0.265 0.273 0.281 0.29 0.298 0.307 0.315 0.323 0.332 0.343 0.353 0.364 0.382 0.4 0.418 0.445 0.473 0.501 0.529 0.557 0.585 0.613 0.641 0.669 0.697 0.725 0.753 0.781 0.826 0.88 0.935 0.978 1.017 1.056 1.095 1.135 1.174 1.213 1.252 1.291 1.33 1.369 1.409 1.448 1.482 1.495 1.509 1.522 1.536 1.549 1.562 1.576 1.589 1.603 1.616 1.63 1.643 1.657 1.672 1.69 1.709 1.698
0.0 0.0 0.0 0.0 0.0 0.0 0.0 0.0 0.0 0.0 0.0 0.0 0.0 0.0 0.0 0.0 0.0 0.0 0.0 0.0 0.003 0.006 0.009 0.013 0.016 0.022 0.028 0.034 0.04 0.046 0.052 0.058 0.064 0.07 0.076 0.082 0.088 0.095 0.103 0.11 0.117 0.126 0.136 0.146 0.156 0.166 0.176 0.185 0.195 0.205 0.215 0.225 0.234 0.232 0.229 0.226 0.223 0.22 0.218 0.215 0.212 0.209 0.206 0.204 0.201 0.204 0.209 0.214 0.218 0.225 0.233 0.242 0.25 0.258 0.267 0.275 0.284 0.292 0.3 0.309 0.317 0.326 0.336 0.347 0.357 0.368 0.386 0.404 0.422 0.441 0.469 0.497 0.525 0.553 0.581 0.609 0.637 0.665 0.693 0.721 0.749 0.777 0.822 0.877 0.931 0.985 1.026 1.065 1.104 1.143 1.182 1.221 1.26 1.3 1.339 1.378 1.417 1.456 1.49 1.503 1.517 1.53 1.543 1.557 1.57 1.584 1.597 1.611 1.624 1.638 1.651 1.665 1.684 1.703 1.722 1.71
0.0 0.0 0.0 0.0 0.0 0.0 0.0 0.0 0.0 0.0 0.0 0.0 0.0 0.0 0.0 0.0 0.0 0.0 0.0 0.0 0.003 0.006 0.01 0.013 0.016 0.02 0.026 0.032 0.038 0.044 0.05 0.056 0.062 0.068 0.074 0.08 0.086 0.093 0.1 0.108 0.115 0.122 0.132 0.142 0.152 0.162 0.171 0.181 0.191 0.201 0.211 0.221 0.23 0.227 0.225 0.222 0.219 0.216 0.213 0.211 0.208 0.205 0.202 0.199 0.202 0.206 0.211 0.216 0.22 0.227 0.235 0.244 0.252 0.261 0.269 0.277 0.286 0.294 0.302 0.311 0.319 0.33 0.34 0.351 0.361 0.372 0.39 0.408 0.426 0.444 0.465 0.493 0.521 0.549 0.577 0.605 0.633 0.661 0.689 0.717 0.745 0.773 0.819 0.873 0.927 0.982 1.034 1.073 1.112 1.151 1.191 1.23 1.269 1.308 1.347 1.386 1.425 1.465 1.498 1.511 1.525 1.538 1.551 1.565 1.578 1.592 1.605 1.619 1.632 1.646 1.659 1.678 1.697 1.716 1.734 1.721
0.0 0.0 0.0 0.0 0.0 0.0 0.0 0.0 0.0 0.0 0.0 0.0 0.0 0.0 0.0 0.0 0.0 0.0 0.0 0.0 0.003 0.006 0.01 0.013 0.016 0.019 0.024 0.03 0.036 0.042 0.048 0.054 0.06 0.066 0.071 0.077 0.084 0.091 0.098 0.106 0.113 0.12 0.128 0.138 0.148 0.157 0.167 0.177 0.187 0.197 0.207 0.216 0.226 0.223 0.22 0.217 0.215 0.212 0.209 0.206 0.203 0.201 0.198 0.199 0.204 0.208 0.213 0.218 0.222 0.229 0.237 0.246 0.254 0.263 0.271 0.279 0.288 0.296 0.305 0.313 0.323 0.334 0.344 0.355 0.365 0.377 0.394 0.412 0.43 0.448 0.465 0.489 0.517 0.545 0.573 0.601 0.629 0.657 0.685 0.713 0.741 0.769 0.815 0.869 0.924 0.978 1.032 1.082 1.121 1.16 1.199 1.238 1.277 1.316 1.356 1.395 1.434 1.473 1.506 1.519 1.533 1.546 1.559 1.573 1.586 1.6 1.613 1.627 1.64 1.654 1.672 1.69 1.709 1.728 1.747 1.733
0.0 0.0 0.0 0.0 0.0 0.0 0.0 0.0 0.0 0.0 0.0 0.0 0.0 0.0 0.0 0.0 0.0 0.0 0.0 0.0 0.003 0.006 0.01 0.013 0.016 0.02 0.023 0.028 0.034 0.04 0.046 0.052 0.058 0.063 0.069 0.075 0.082 0.089 0.096 0.104 0.111 0.118 0.125 0.134 0.143 0.153 0.163 0.173 0.183 0.193 0.202 0.212 0.222 0.219 0.216 0.213 0.21 0.208 0.205 0.202 0.199 0.196 0.196 0.201 0.206 0.21 0.215 0.22 0.224 0.231 0.24 0.248 0.256 0.265 0.273 0.282 0.29 0.298 0.307 0.317 0.327 0.338 0.348 0.358 0.369 0.381 0.398 0.416 0.434 0.452 0.469 0.487 0.513 0.541 0.569 0.597 0.625 0.653 0.681 0.709 0.737 0.765 0.811 0.866 0.92 0.974 1.029 1.083 1.129 1.168 1.207 1.247 1.286 1.325 1.364 1.403 1.442 1.481 1.514 1.527 1.54 1.554 1.567 1.581 1.594 1.608 1.621 1.635 1.648 1.665 1.684 1.703 1.722 1.741 1.76 1.745
0.0 0.0 0.0 0.0 0.0 0.0 0.0 0.0 0.0 0.0 0.0 0.0 0.0 0.0 0.0 0.0 0.0 0.0 0.0 0.0 0.003 0.006 0.01 0.013 0.016 0.02 0.023 0.026 0.032 0.038 0.044 0.05 0.055 0.061 0.067 0.073 0.08 0.087 0.094 0.102 0.109 0.116 0.123 0.131 0.139 0.149 0.159 0.169 0.179 0.189 0.198 0.208 0.217 0.214 0.212 0.209 0.206 0.203 0.2 0.198 0.195 0.194 0.198 0.203 0.208 0.212 0.217 0.222 0.226 0.233 0.242 0.25 0.258 0.267 0.275 0.284 0.292 0.3 0.31 0.32 0.331 0.341 0.352 0.362 0.373 0.385 0.402 0.42 0.438 0.456 0.473 0.491 0.509 0.536 0.564 0.592 0.62 0.648 0.676 0.704 0.732 0.76 0.808 0.862 0.916 0.971 1.025 1.079 1.134 1.177 1.216 1.255 1.294 1.333 1.372 1.412 1.451 1.49 1.522 1.535 1.548 1.562 1.575 1.589 1.602 1.616 1.629 1.643 1.659 1.678 1.697 1.716 1.734 1.753 1.772 1.757
0.0 0.0 0.0 0.0 0.0 0.0 0.0 0.0 0.0 0.0 0.0 0.0 0.0 0.0 0.0 0.0 0.0 0.0 0.0 0.0 0.003 0.006 0.01 0.013 0.016 0.02 0.023 0.026 0.03 0.036 0.042 0.047 0.053 0.059 0.065 0.071 0.078 0.085 0.092 0.1 0.107 0.114 0.121 0.128 0.136 0.145 0.155 0.165 0.175 0.184 0.194 0.204 0.213 0.21 0.207 0.205 0.202 0.199 0.196 0.193 0.191 0.196 0.201 0.205 0.21 0.214 0.219 0.224 0.228 0.235 0.244 0.252 0.261 0.269 0.277 0.286 0.294 0.303 0.314 0.324 0.335 0.345 0.356 0.366 0.377 0.389 0.406 0.424 0.442 0.46 0.477 0.495 0.513 0.532 0.56 0.588 0.616 0.644 0.672 0.7 0.728 0.756 0.804 0.858 0.913 0.967 1.021 1.076 1.13 1.184 1.224 1.263 1.303 1.342 1.381 1.42 1.459 1.498 1.53 1.543 1.556 1.57 1.583 1.597 1.61 1.624 1.637 1.653 1.672 1.69 1.709 1.728 1.747 1.766 1.785 1.769
0.0 0.0 0.0 0.0 0.0 0.0 0.0 0.0 0.0 0.0 0.0 0.0 0.0 0.0 0.0 0.0 0.0 0.0 0.0 0.0 0.003 0.006 0.01 0.013 0.016 0.02 0.023 0.026 0.03 0.034 0.039 0.045 0.051 0.057 0.063 0.069 0.076 0.083 0.09 0.098 0.105 0.112 0.119 0.126 0.134 0.141 0.151 0.161 0.17 0.18 0.19 0.2 0.209 0.206 0.203 0.2 0.197 0.195 0.192 0.189 0.193 0.198 0.203 0.207 0.212 0.217 0.221 0.226 0.23 0.238 0.246 0.254 0.263 0.271 0.279 0.288 0.297 0.307 0.318 0.328 0.339 0.349 0.36 0.37 0.381 0.393 0.41 0.428 0.446 0.464 0.481 0.499 0.517 0.535 0.556 0.584 0.612 0.64 0.668 0.696 0.724 0.752 0.8 0.855 0.909 0.963 1.018 1.072 1.126 1.181 1.233 1.272 1.311 1.35 1.389 1.428 1.467 1.507 1.538 1.551 1.564 1.578 1.591 1.605 1.618 1.632 1.647 1.665 1.684 1.703 1.722 1.741 1.76 1.778 1.797 1.781
0.0 0.0 0.0 0.0 0.0 0.0 0.0 0.0 0.0 0.0 0.0 0.0 0.0 0.0 0.0 0.0 0.0 0.0 0.0 0.0 0.003 0.007 0.01 0.013 0.016 0.02 0.023 0.026 0.03 0.033 0.037 0.043 0.049 0.055 0.061 0.067 0.074 0.081 0.088 0.095 0.103 0.11 0.117 0.124 0.132 0.139 0.147 0.157 0.166 0.176 0.186 0.196 0.204 0.202 0.199 0.196 0.193 0.19 0.187 0.191 0.195 0.2 0.205 0.209 0.214 0.219 0.223 0.228 0.233 0.24 0.248 0.256 0.265 0.273 0.282 0.29 0.301 0.311 0.322 0.332 0.343 0.353 0.364 0.374 0.385 0.397 0.414 0.432 0.45 0.468 0.485 0.503 0.521 0.539 0.556 0.58 0.608 0.636 0.664 0.692 0.72 0.748 0.797 0.851 0.905 0.96 1.014 1.068 1.123 1.177 1.231 1.28 1.319 1.358 1.398 1.437 1.476 1.515 1.545 1.559 1.572 1.586 1.599 1.613 1.626 1.64 1.659 1.678 1.697 1.716 1.734 1.753 1.772 1.791 1.81 1.793
0.0 0.0 0.0 0.0 0.0 0.0 0.0 0.0 0.0 0.0 0.0 0.0 0.0 0.0 0.0 0.0 0.0 0.0 0.0 0.0 0.003 0.007 0.01 0.013 0.016 0.02 0.023 0.026 0.03 0.033 0.036 0.041 0.047 0.053 0.059 0.065 0.072 0.079 0.086 0.093 0.101 0.108 0.115 0.122 0.13 0.137 0.144 0.152 0.162 0.172 0.182 0.192 0.2 0.197 0.194 0.192 0.189 0.186 0.188 0.193 0.197 0.202 0.207 0.211 0.216 0.221 0.225 0.23 0.235 0.242 0.25 0.259 0.267 0.275 0.284 0.294 0.305 0.315 0.326 0.336 0.347 0.357 0.367 0.378 0.388 0.401 0.418 0.436 0.454 0.472 0.489 0.507 0.525 0.543 0.56 0.578 0.604 0.632 0.66 0.688 0.716 0.744 0.793 0.847 0.901 0.956 1.01 1.064 1.119 1.173 1.227 1.282 1.328 1.367 1.406 1.445 1.484 1.523 1.553 1.567 1.58 1.594 1.607 1.621 1.634 1.653 1.672 1.691 1.709 1.728 1.747 1.766 1.785 1.804 1.822 1.805
0.0 0.0 0.0 0.0 0.0 0.0 0.0 0.0 0.0 0.0 0.0 0.0 0.0 0.0 0.0 0.0 0.0 0.0 0.0 0.0 0.003 0.007 0.01 0.013 0.017 0.02 0.023 0.026 0.03 0.033 0.036 0.04 0.045 0.051 0.057 0.063 0.07 0.077 0.084 0.091 0.099 0.106 0.113 0.12 0.128 0.135 0.142 0.149 0.158 0.168 0.178 0.188 0.196 0.193 0.19 0.187 0.184 0.185 0.19 0.195 0.199 0.204 0.209 0.213 0.218 0.223 0.227 0.232 0.237 0.244 0.252 0.261 0.269 0.277 0.288 0.298 0.309 0.319 0.329 0.34 0.35 0.361 0.371 0.382 0.392 0.405 0.422 0.44 0.458 0.476 0.493 0.511 0.529 0.547 0.565 0.582 0.6 0.628 0.656 0.684 0.712 0.74 0.789 0.843 0.898 0.952 1.006 1.061 1.115 1.169 1.224 1.278 1.332 1.375 1.414 1.454 1.493 1.532 1.561 1.575 1.588 1.602 1.615 1.629 1.647 1.665 1.684 1.703 1.722 1.741 1.76 1.779 1.797 1.816 1.835 1.817
0.0 0.0 0.0 0.0 0.0 0.0 0.0 0.0 0.0 0.0 0.0 0.0 0.0 0.0 0.0 0.0 0.0 0.0 0.0 0.0 0.003 0.007 0.01 0.013 0.017 0.02 0.023 0.026 0.03 0.033 0.036 0.04 0.043 0.049 0.055 0.061 0.068 0.075 0.082 0.089 0.097 0.104 0.111 0.118 0.126 0.133 0.14 0.147 0.154 0.164 0.174 0.184 0.191 0.189 0.186 0.183 0.183 0.188 0.192 0.197 0.201 0.206 0.211 0.215 0.22 0.225 0.229 0.234 0.239 0.246 0.254 0.263 0.271 0.281 0.291 0.302 0.312 0.323 0.333 0.344 0.354 0.365 0.375 0.386 0.396 0.409 0.426 0.444 0.462 0.48 0.497 0.515 0.533 0.551 0.569 0.586 0.604 0.624 0.652 0.68 0.708 0.736 0.785 0.84 0.894 0.948 1.003 1.057 1.111 1.166 1.22 1.274 1.329 1.383 1.423 1.462 1.501 1.54 1.569 1.583 1.596 1.61 1.623 1.64 1.659 1.678 1.697 1.716 1.735 1.753 1.772 1.791 1.81 1.829 1.848 1.828
0.0 0.0 0.0 0.0 0.0 0.0 0.0 0.0 0.0 0.0 0.0 0.0 0.0 0.0 0.0 0.0 0.0 0.0 0.0 0.0 0.003 0.007 0.01 0.013 0.017 0.02 0.023 0.027 0.03 0.033 0.036 0.04 0.043 0.047 0.053 0.059 0.066 0.073 0.08 0.087 0.095 0.102 0.109 0.116 0.123 0.131 0.138 0.145 0.152 0.16 0.17 0.179 0.187 0.184 0.181 0.18 0.185 0.19 0.194 0.199 0.204 0.208 0.213 0.218 0.222 0.227 0.231 0.236 0.241 0.248 0.257 0.265 0.274 0.285 0.295 0.306 0.316 0.327 0.337 0.348 0.358 0.369 0.379 0.39 0.4 0.413 0.43 0.448 0.466 0.484 0.501 0.519 0.537 0.555 0.573 0.59 0.608 0.626 0.647 0.675 0.703 0.731 0.782 0.836 0.89 0.945 0.999 1.053 1.108 1.162 1.216 1.271 1.325 1.379 1.431 1.47 1.51 1.549 1.577 1.591 1.604 1.618 1.634 1.653 1.672 1.691 1.709 1.728 1.747 1.766 1.785 1.804 1.823 1.841 1.86 1.84
0.0 0.0 0.0 0.0 0.0 0.0 0.0 0.0 0.0 0.0 0.0 0.0 0.0 0.0 0.0 0.0 0.0 0.0 0.0 0.0 0.004 0.007 0.01 0.013 0.017 0.02 0.023 0.027 0.03 0.033 0.036 0.04 0.043 0.046 0.051 0.057 0.064 0.071 0.078 0.085 0.093 0.1 0.107 0.114 0.121 0.129 0.136 0.143 0.15 0.158 0.165 0.175 0.183 0.18 0.178 0.182 0.187 0.192 0.196 0.201 0.206 0.21 0.215 0.22 0.224 0.229 0.234 0.238 0.243 0.25 0.259 0.268 0.278 0.289 0.299 0.31 0.32 0.331 0.341 0.352 0.362 0.373 0.383 0.394 0.404 0.417 0.434 0.452 0.47 0.488 0.505 0.523 0.541 0.559 0.577 0.594 0.612 0.63 0.648 0.671 0.699 0.727 0.778 0.832 0.887 0.941 0.995 1.05 1.104 1.158 1.213 1.267 1.321 1.376 1.43 1.479 1.518 1.557 1.585 1.599 1.612 1.628 1.647 1.665 1.684 1.703 1.722 1.741 1.76 1.779 1.797 1.816 1.835 1.854 1.873 1.852
0.0 0.0 0.0 0.0 0.0 0.0 0.0 0.0 0.0 0.0 0.0 0.0 0.0 0.0 0.0 0.0 0.0 0.0 0.0 0.0 0.004 0.007 0.01 0.013 0.017 0.02 0.023 0.027 0.03 0.033 0.037 0.04 0.043 0.046 0.05 0.055 0.062 0.069 0.076 0.083 0.09 0.098 0.105 0.112 0.119 0.127 0.134 0.141 0.148 0.156 0.163 0.171 0.178 0.176 0.18 0.184 0.189 0.194 0.198 0.203 0.208 0.212 0.217 0.222 0.226 0.231 0.236 0.24 0.245 0.252 0.261 0.272 0.282 0.293 0.303 0.314 0.324 0.335 0.345 0.356 0.366 0.376 0.387 0.397 0.408 0.421 0.438 0.456 0.474 0.492 0.51 0.527 0.545 0.563 0.581 0.598 0.616 0.634 0.652 0.669 0.695 0.723 0.774 0.829 0.883 0.937 0.992 1.046 1.1 1.155 1.209 1.263 1.318 1.372 1.426 1.481 1.526 1.565 1.593 1.607 1.622 1.64 1.659 1.678 1.697 1.716 1.735 1.753 1.772 1.791 1.81 1.829 1.848 1.867 1.885 1.864
0.0 0.0 0.0 0.0 0.0 0.0 0.0 0.0 0.0 0.0 0.0 0.0 0.0 0.0 0.0 0.0 0.0 0.0 0.0 0.0 0.004 0.007 0.01 0.014 0.017 0.02 0.023 0.027 0.03 0.033 0.037 0.04 0.043 0.046 0.05 0.053 0.06 0.067 0.074 0.081 0.088 0.096 0.103 0.11 0.117 0.125 0.132 0.139 0.146 0.154 0.161 0.168 0.174 0.177 0.182 0.186 0.191 0.196 0.2 0.205 0.21 0.214 0.219 0.224 0.228 0.233 0.238 0.242 0.247 0.255 0.265 0.276 0.286 0.297 0.307 0.318 0.328 0.338 0.349 0.359 0.37 0.38 0.391 0.401 0.412 0.425 0.442 0.46 0.478 0.496 0.514 0.531 0.549 0.567 0.585 0.602 0.62 0.638 0.656 0.673 0.691 0.719 0.771 0.825 0.879 0.934 0.988 1.042 1.097 1.151 1.205 1.26 1.314 1.368 1.423 1.477 1.531 1.574 1.601 1.615 1.634 1.653 1.672 1.691 1.709 1.728 1.747 1.766 1.785 1.804 1.823 1.841 1.86 1.879 1.897 1.876
0.0 0.0 0.0 0.0 0.0 0.0 0.0 0.0 0.0 0.0 0.0 0.0 0.0 0.0 0.0 0.0 0.0 0.0 0.0 0.0 0.001 0.005 0.008 0.011 0.015 0.018 0.021 0.025 0.028 0.031 0.035 0.038 0.041 0.045 0.048 0.051 0.057 0.064 0.072 0.079 0.086 0.093 0.101 0.108 0.115 0.122 0.13 0.137 0.144 0.151 0.159 0.166 0.174 0.179 0.183 0.188 0.193 0.197 0.202 0.207 0.211 0.216 0.221 0.225 0.23 0.235 0.239 0.244 0.249 0.267 0.277 0.286 0.296 0.306 0.316 0.325 0.335 0.345 0.355 0.365 0.374 0.384 0.395 0.405 0.416 0.429 0.446 0.464 0.482 0.5 0.518 0.535 0.553 0.571 0.589 0.606 0.624 0.642 0.66 0.677 0.695 0.715 0.767 0.821 0.876 0.93 0.984 1.039 1.093 1.147 1.202 1.256 1.31 1.365 1.419 1.473 1.528 1.582 1.609 1.628 1.647 1.666 1.684 1.703 1.722 1.741 1.76 1.779 1.797 1.816 1.835 1.854 1.873 1.892 1.909 1.888
0.0 0.0 0.0 0.0 0.0 0.0 0.0 0.0 0.0 0.0 0.0 0.0 0.0 0.0 0.0 0.0 0.0 0.0 0.0 0.0 0.0 0.002 0.005 0.009 0.012 0.015 0.019 0.022 0.025 0.029 0.032 0.035 0.039 0.042 0.045 0.049 0.055 0.062 0.069 0.077 0.084 0.091 0.098 0.106 0.113 0.12 0.127 0.134 0.142 0.149 0.156 0.165 0.175 0.18 0.184 0.189 0.194 0.198 0.203 0.208 0.212 0.217 0.222 0.226 0.231 0.236 0.24 0.245 0.273 0.308 0.322 0.332 0.342 0.352 0.361 0.371 0.381 0.391 0.401 0.41 0.42 0.43 0.44 0.449 0.459 0.472 0.489 0.506 0.523 0.54 0.557 0.574 0.591 0.608 0.625 0.642 0.659 0.676 0.693 0.71 0.728 0.744 0.795 0.849 0.902 0.956 1.009 1.063 1.116 1.17 1.223 1.277 1.33 1.384 1.437 1.491 1.544 1.597 1.612 1.632 1.651 1.67 1.69 1.709 1.728 1.747 1.767 1.786 1.805 1.824 1.844 1.863 1.882 1.902 1.919 1.898
0.0 0.0 0.0 0.0 0.0 0.0 0.0 0.0 0.0 0.0 0.0 0.0 0.0 0.0 0.0 0.0 0.0 0.0 0.0 0.0 0.0 0.001 0.003 0.006 0.01 0.013 0.016 0.02 0.023 0.026 0.03 0.033 0.036 0.04 0.043 0.046 0.052 0.06 0.067 0.074 0.081 0.089 0.096 0.103 0.11 0.118 0.125 0.132 0.139 0.147 0.155 0.166 0.176 0.18 0.185 0.19 0.194 0.199 0.204 0.208 0.213 0.218 0.222 0.227 0.232 0.236 0.241 0.265 0.299 0.334 0.368 0.378 0.388 0.398 0.407 0.417 0.427 0.437 0.446 0.456 0.466 0.476 0.485 0.495 0.505 0.518 0.535 0.552 0.569 0.586 0.603 0.62 0.637 0.654 0.671 0.688 0.705 0.722 0.739 0.756 0.773 0.79 0.841 0.895 0.948 1.002 1.055 1.109 1.162 1.216 1.269 1.323 1.376 1.43 1.483 1.536 1.59 1.611 1.613 1.62 1.639 1.658 1.678 1.697 1.716 1.735 1.755 1.774 1.793 1.812 1.832 1.851 1.87 1.889 1.907 1.891
0.0 0.0 0.0 0.0 0.0 0.0 0.0 0.0 0.0 0.0 0.0 0.0 0.0 0.0 0.0 0.0 0.0 0.0 0.0 0.0 0.0 0.001 0.001 0.004 0.007 0.011 0.014 0.017 0.021 0.024 0.027 0.031 0.034 0.037 0.041 0.044 0.05 0.057 0.065 0.072 0.079 0.086 0.094 0.101 0.108 0.115 0.122 0.13 0.137 0.145 0.156 0.167 0.177 0.181 0.186 0.191 0.195 0.2 0.205 0.209 0.214 0.219 0.223 0.228 0.233 0.237 0.257 0.291 0.324 0.359 0.395 0.424 0.434 0.443 0.453 0.463 0.473 0.482 0.492 0.502 0.512 0.522 0.531 0.541 0.551 0.564 0.581 0.598 0.615 0.632 0.649 0.666 0.683 0.7 0.717 0.734 0.751 0.768 0.785 0.802 0.819 0.835 0.887 0.941 0.994 1.048 1.101 1.155 1.208 1.262 1.315 1.368 1.422 1.475 1.529 1.582 1.611 1.615 1.617 1.616 1.627 1.646 1.665 1.685 1.704 1.723 1.743 1.762 1.781 1.8 1.82 1.839 1.858 1.877 1.894 1.88
0.0 0.0 0.0 0.0 0.0 0.0 0.0 0.0 0.0 0.0 0.0 0.0 0.0 0.0 0.0 0.0 0.0 0.0 0.0 0.0 0.0 0.001 0.001 0.001 0.005 0.008 0.011 0.015 0.018 0.022 0.025 0.028 0.032 0.035 0.038 0.042 0.048 0.055 0.062 0.069 0.077 0.084 0.091 0.098 0.106 0.113 0.12 0.127 0.135 0.146 0.157 0.168 0.177 0.182 0.187 0.191 0.196 0.201 0.205 0.21 0.215 0.219 0.224 0.229 0.233 0.249 0.283 0.316 0.35 0.385 0.42 0.455 0.479 0.489 0.499 0.509 0.518 0.528 0.538 0.548 0.558 0.567 0.577 0.587 0.597 0.609 0.627 0.644 0.661 0.678 0.695 0.712 0.729 0.746 0.763 0.78 0.797 0.814 0.831 0.848 0.864 0.88 0.933 0.987 1.04 1.094 1.147 1.201 1.254 1.307 1.361 1.414 1.468 1.521 1.575 1.61 1.615 1.619 1.621 1.62 1.619 1.634 1.653 1.673 1.692 1.711 1.73 1.75 1.769 1.788 1.808 1.827 1.846 1.865 1.881 1.867
0.0 0.0 0.0 0.0 0.0 0.0 0.0 0.0 0.0 0.0 0.0 0.0 0.0 0.0 0.0 0.0 0.0 0.0 0.0 0.0 0.0 0.001 0.001 0.001 0.002 0.006 0.009 0.012 0.016 0.019 0.022 0.026 0.029 0.032 0.036 0.039 0.045 0.053 0.06 0.067 0.074 0.082 0.089 0.096 0.103 0.111 0.118 0.125 0.136 0.147 0.158 0.169 0.178 0.183 0.188 0.192 0.197 0.202 0.206 0.211 0.216 0.22 0.225 0.23 0.241 0.275 0.308 0.341 0.375 0.41 0.445 0.481 0.516 0.535 0.545 0.555 0.564 0.574 0.584 0.594 0.603 0.613 0.623 0.633 0.642 0.655 0.672 0.69 0.707 0.724 0.741 0.758 0.775 0.792 0.809 0.826 0.843 0.86 0.877 0.893 0.909 0.926 0.979 1.033 1.086 1.139 1.193 1.246 1.3 1.353 1.407 1.46 1.514 1.567 1.61 1.615 1.619 1.624 1.625 1.624 1.623 1.622 1.641 1.661 1.68 1.699 1.718 1.738 1.757 1.776 1.796 1.815 1.834 1.853 1.869 1.854
0.0 0.0 0.0 0.0 0.0 0.0 0.0 0.0 0.0 0.0 0.0 0.0 0.0 0.0 0.0 0.0 0.0 0.0 0.0 0.0 0.0 0.001 0.001 0.001 0.001 0.003 0.007 0.01 0.013 0.017 0.02 0.023 0.027 0.03 0.033 0.037 0.043 0.05 0.057 0.065 0.072 0.079 0.086 0.094 0.101 0.108 0.115 0.126 0.137 0.148 0.159 0.17 0.179 0.184 0.188 0.193 0.198 0.203 0.207 0.212 0.217 0.221 0.226 0.233 0.267 0.3 0.333 0.367 0.4 0.436 0.471 0.506 0.542 0.577 0.591 0.6 0.61 0.62 0.63 0.639 0.649 0.659 0.669 0.679 0.688 0.701 0.718 0.735 0.753 0.77 0.787 0.804 0.821 0.838 0.855 0.872 0.889 0.906 0.922 0.938 0.955 0.971 1.025 1.078 1.132 1.185 1.239 1.292 1.346 1.399 1.453 1.506 1.56 1.61 1.614 1.619 1.623 1.628 1.629 1.628 1.627 1.626 1.629 1.649 1.668 1.687 1.706 1.726 1.745 1.764 1.783 1.803 1.822 1.841 1.856 1.842
0.0 0.0 0.0 0.0 0.0 0.0 0.0 0.0 0.0 0.0 0.0 0.0 0.0 0.0 0.0 0.0 0.0 0.0 0.0 0.0 0.0 0.001 0.001 0.001 0.001 0.002 0.004 0.008 0.011 0.014 0.018 0.021 0.024 0.028 0.031 0.034 0.041 0.048 0.055 0.062 0.07 0.077 0.084 0.091 0.099 0.106 0.115 0.127 0.138 0.149 0.16 0.171 0.18 0.185 0.189 0.194 0.199 0.203 0.208 0.213 0.217 0.222 0.227 0.258 0.292 0.325 0.359 0.392 0.426 0.461 0.496 0.532 0.567 0.602 0.636 0.646 0.656 0.666 0.675 0.685 0.695 0.705 0.715 0.724 0.734 0.747 0.764 0.781 0.798 0.816 0.833 0.85 0.867 0.884 0.901 0.918 0.935 0.951 0.967 0.984 1.0 1.017 1.071 1.124 1.178 1.231 1.285 1.338 1.392 1.445 1.499 1.552 1.606 1.614 1.618 1.623 1.628 1.632 1.633 1.632 1.631 1.63 1.629 1.637 1.656 1.675 1.694 1.714 1.733 1.752 1.771 1.791 1.81 1.829 1.843 1.829
0.0 0.0 0.0 0.0 0.0 0.0 0.0 0.0 0.0 0.0 0.0 0.0 0.0 0.0 0.0 0.0 0.0 0.0 0.0 0.0 0.0 0.001 0.001 0.001 0.001 0.002 0.002 0.005 0.008 0.012 0.015 0.018 0.022 0.025 0.028 0.032 0.038 0.046 0.053 0.06 0.067 0.074 0.082 0.089 0.096 0.105 0.116 0.128 0.139 0.15 0.161 0.172 0.181 0.186 0.19 0.195 0.2 0.204 0.209 0.214 0.218 0.223 0.25 0.284 0.317 0.351 0.384 0.418 0.451 0.486 0.522 0.557 0.592 0.628 0.663 0.692 0.702 0.712 0.721 0.731 0.741 0.751 0.76 0.77 0.78 0.793 0.81 0.827 0.844 0.861 0.879 0.896 0.913 0.93 0.947 0.964 0.98 0.996 1.013 1.029 1.045 1.063 1.117 1.17 1.224 1.277 1.331 1.384 1.438 1.491 1.545 1.598 1.614 1.618 1.623 1.627 1.632 1.636 1.637 1.636 1.635 1.634 1.633 1.632 1.644 1.663 1.682 1.702 1.721 1.74 1.759 1.779 1.798 1.817 1.831 1.817
0.0 0.0 0.0 0.0 0.0 0.0 0.0 0.0 0.0 0.0 0.0 0.0 0.0 0.0 0.0 0.0 0.0 0.0 0.0 0.0 0.0 0.001 0.001 0.001 0.001 0.002 0.002 0.003 0.006 0.009 0.013 0.016 0.019 0.023 0.026 0.029 0.036 0.043 0.05 0.058 0.065 0.072 0.079 0.087 0.095 0.106 0.117 0.128 0.14 0.151 0.162 0.173 0.182 0.186 0.191 0.196 0.2 0.205 0.21 0.214 0.219 0.242 0.276 0.309 0.343 0.376 0.41 0.443 0.477 0.512 0.547 0.583 0.618 0.653 0.689 0.724 0.748 0.757 0.767 0.777 0.787 0.796 0.806 0.816 0.826 0.839 0.856 0.873 0.89 0.907 0.924 0.942 0.959 0.976 0.993 1.009 1.025 1.042 1.058 1.074 1.091 1.109 1.163 1.216 1.27 1.323 1.377 1.43 1.484 1.537 1.591 1.613 1.618 1.622 1.627 1.631 1.636 1.64 1.641 1.64 1.639 1.638 1.637 1.636 1.635 1.651 1.67 1.689 1.709 1.728 1.747 1.767 1.786 1.805 1.818 1.804
0.0 0.0 0.0 0.0 0.0 0.0 0.0 0.0 0.0 0.0 0.0 0.0 0.0 0.0 0.0 0.0 0.0 0.0 0.0 0.0 0.0 0.001 0.001 0.001 0.001 0.002 0.002 0.002 0.004 0.007 0.01 0.014 0.017 0.02 0.024 0.027 0.034 0.041 0.048 0.055 0.062 0.07 0.077 0.085 0.096 0.107 0.118 0.129 0.141 0.152 0.163 0.174 0.183 0.187 0.192 0.197 0.201 0.206 0.211 0.215 0.234 0.268 0.301 0.335 0.368 0.402 0.435 0.469 0.502 0.537 0.573 0.608 0.643 0.679 0.714 0.749 0.785 0.803 0.813 0.823 0.832 0.842 0.852 0.862 0.872 0.885 0.902 0.919 0.936 0.953 0.97 0.987 1.005 1.021 1.038 1.054 1.071 1.087 1.103 1.12 1.136 1.155 1.209 1.262 1.316 1.369 1.423 1.476 1.53 1.583 1.613 1.617 1.622 1.626 1.631 1.636 1.64 1.645 1.646 1.645 1.644 1.643 1.642 1.64 1.639 1.639 1.658 1.677 1.697 1.716 1.735 1.755 1.774 1.793 1.805 1.791
0.0 0.0 0.0 0.0 0.0 0.0 0.0 0.0 0.0 0.0 0.0 0.0 0.0 0.0 0.0 0.0 0.0 0.0 0.0 0.0 0.0 0.001 0.001 0.001 0.001 0.002 0.002 0.002 0.003 0.004 0.008 0.011 0.014 0.018 0.021 0.024 0.031 0.038 0.046 0.053 0.06 0.067 0.075 0.086 0.097 0.108 0.119 0.13 0.142 0.153 0.164 0.175 0.183 0.188 0.193 0.197 0.202 0.207 0.211 0.226 0.26 0.293 0.327 0.36 0.394 0.427 0.461 0.494 0.527 0.563 0.598 0.633 0.669 0.704 0.739 0.775 0.81 0.845 0.859 0.869 0.878 0.888 0.898 0.908 0.917 0.931 0.948 0.965 0.982 0.999 1.016 1.033 1.05 1.067 1.083 1.1 1.116 1.132 1.149 1.165 1.181 1.201 1.255 1.308 1.362 1.415 1.469 1.522 1.576 1.612 1.617 1.622 1.626 1.631 1.635 1.64 1.644 1.649 1.65 1.649 1.648 1.647 1.646 1.645 1.644 1.643 1.646 1.665 1.685 1.704 1.723 1.742 1.762 1.781 1.793 1.779
0.0 0.0 0.0 0.0 0.0 0.0 0.0 0.0 0.0 0.0 0.0 0.0 0.0 0.0 0.0 0.0 0.0 0.0 0.0 0.0 0.0 0.001 0.001 0.001 0.001 0.002 0.002 0.002 0.003 0.003 0.005 0.009 0.012 0.015 0.019 0.022 0.029 0.036 0.043 0.051 0.058 0.065 0.076 0.087 0.098 0.109 0.12 0.131 0.143 0.154 0.165 0.176 0.184 0.189 0.194 0.198 0.203 0.208 0.218 0.252 0.285 0.319 0.352 0.386 0.419 0.452 0.486 0.519 0.553 0.588 0.624 0.659 0.694 0.73 0.765 0.8 0.836 0.871 0.905 0.914 0.924 0.934 0.944 0.953 0.963 0.977 0.994 1.011 1.028 1.045 1.062 1.079 1.096 1.112 1.129 1.145 1.161 1.178 1.194 1.21 1.227 1.247 1.301 1.354 1.408 1.461 1.515 1.568 1.612 1.617 1.621 1.626 1.63 1.635 1.639 1.644 1.648 1.653 1.654 1.653 1.652 1.651 1.65 1.649 1.648 1.647 1.646 1.653 1.673 1.692 1.711 1.73 1.75 1.769 1.78 1.766
0.0 0.0 0.0 0.0 0.0 0.0 0.0 0.0 0.0 0.0 0.0 0.0 0.0 0.0 0.0 0.0 0.0 0.0 0.0 0.0 0.0 0.001 0.001 0.001 0.002 0.002 0.002 0.002 0.003 0.003 0.003 0.006 0.01 0.013 0.016 0.02 0.026 0.034 0.041 0.048 0.055 0.065 0.077 0.088 0.099 0.11 0.121 0.132 0.143 0.155 0.166 0.177 0.185 0.19 0.195 0.199 0.204 0.21 0.244 0.277 0.311 0.344 0.377 0.411 0.444 0.478 0.511 0.545 0.578 0.614 0.649 0.684 0.72 0.755 0.79 0.826 0.861 0.896 0.932 0.96 0.97 0.98 0.989 0.999 1.009 1.023 1.04 1.057 1.074 1.091 1.108 1.125 1.141 1.157 1.174 1.19 1.207 1.223 1.239 1.256 1.272 1.293 1.347 1.4 1.454 1.507 1.561 1.612 1.616 1.621 1.625 1.63 1.634 1.639 1.644 1.648 1.653 1.657 1.658 1.657 1.656 1.655 1.654 1.653 1.652 1.651 1.65 1.649 1.661 1.68 1.699 1.718 1.738 1.757 1.768 1.753
0.0 0.0 0.0 0.0 0.0 0.0 0.0 0.0 0.0 0.0 0.0 0.0 0.0 0.0 0.0 0.0 0.0 0.0 0.0 0.0 0.0 0.001 0.001 0.001 0.002 0.002 0.002 0.002 0.003 0.003 0.003 0.004 0.007 0.011 0.014 0.017 0.024 0.031 0.039 0.046 0.055 0.066 0.078 0.089 0.1 0.111 0.122 0.133 0.144 0.156 0.167 0.178 0.186 0.191 0.195 0.2 0.205 0.236 0.269 0.302 0.336 0.369 0.403 0.436 0.47 0.503 0.537 0.57 0.604 0.639 0.674 0.71 0.745 0.78 0.816 0.851 0.886 0.922 0.957 0.992 1.016 1.026 1.035 1.045 1.055 1.069 1.086 1.103 1.12 1.137 1.154 1.17 1.186 1.203 1.219 1.236 1.252 1.268 1.285 1.301 1.317 1.339 1.393 1.446 1.5 1.553 1.607 1.616 1.621 1.625 1.63 1.634 1.639 1.643 1.648 1.652 1.657 1.661 1.662 1.661 1.66 1.659 1.658 1.657 1.656 1.655 1.654 1.653 1.652 1.668 1.687 1.706 1.726 1.745 1.755 1.741
0.0 0.0 0.0 0.0 0.0 0.0 0.0 0.0 0.0 0.0 0.0 0.0 0.0 0.0 0.0 0.0 0.0 0.0 0.0 0.0 0.0 0.001 0.001 0.001 0.002 0.002 0.002 0.002 0.003 0.003 0.003 0.003 0.005 0.008 0.011 0.015 0.022 0.029 0.036 0.045 0.056 0.067 0.079 0.09 0.101 0.112 0.123 0.134 0.145 0.157 0.168 0.179 0.187 0.192 0.196 0.201 0.228 0.261 0.294 0.328 0.361 0.395 0.428 0.462 0.495 0.529 0.562 0.596 0.629 0.665 0.7 0.735 0.771 0.806 0.841 0.877 0.912 0.947 0.983 1.018 1.053 1.071 1.081 1.091 1.101 1.115 1.132 1.149 1.166 1.183 1.199 1.215 1.232 1.248 1.265 1.281 1.297 1.314 1.33 1.346 1.363 1.385 1.439 1.492 1.546 1.599 1.616 1.62 1.625 1.629 1.634 1.638 1.643 1.647 1.652 1.656 1.661 1.666 1.666 1.665 1.664 1.663 1.662 1.661 1.66 1.659 1.658 1.657 1.656 1.656 1.675 1.694 1.714 1.733 1.742 1.728
0.0 0.0 0.0 0.0 0.0 0.0 0.0 0.0 0.0 0.0 0.0 0.0 0.0 0.0 0.0 0.0 0.0 0.0 0.0 0.0 0.0 0.001 0.001 0.001 0.002 0.002 0.002 0.002 0.003 0.003 0.003 0.003 0.004 0.006 0.009 0.012 0.019 0.027 0.035 0.046 0.057 0.068 0.079 0.091 0.102 0.113 0.124 0.135 0.146 0.158 0.169 0.18 0.188 0.192 0.197 0.219 0.253 0.286 0.32 0.353 0.387 0.42 0.454 0.487 0.521 0.554 0.588 0.621 0.655 0.69 0.725 0.761 0.796 0.831 0.867 0.902 0.937 0.973 1.008 1.043 1.079 1.114 1.127 1.137 1.146 1.161 1.178 1.195 1.212 1.228 1.244 1.261 1.277 1.294 1.31 1.326 1.343 1.359 1.375 1.392 1.408 1.431 1.485 1.538 1.592 1.615 1.62 1.624 1.629 1.633 1.638 1.643 1.647 1.652 1.656 1.661 1.665 1.67 1.67 1.669 1.668 1.667 1.666 1.665 1.664 1.663 1.662 1.661 1.66 1.659 1.663 1.682 1.701 1.721 1.73 1.715
0.0 0.0 0.0 0.0 0.0 0.0 0.0 0.0 0.0 0.0 0.0 0.0 0.0 0.0 0.0 0.0 0.0 0.0 0.0 0.0 0.0 0.001 0.001 0.001 0.002 0.002 0.002 0.002 0.003 0.003 0.003 0.003 0.004 0.004 0.007 0.01 0.017 0.025 0.036 0.047 0.058 0.069 0.08 0.092 0.103 0.114 0.125 0.136 0.147 0.159 0.17 0.181 0.189 0.193 0.211 0.245 0.278 0.312 0.345 0.379 0.412 0.446 0.479 0.513 0.546 0.58 0.613 0.646 0.68 0.715 0.751 0.786 0.821 0.857 0.892 0.927 0.963 0.998 1.033 1.069 1.104 1.139 1.173 1.183 1.192 1.207 1.224 1.241 1.257 1.273 1.29 1.306 1.322 1.339 1.355 1.372 1.388 1.404 1.421 1.437 1.453 1.477 1.531 1.584 1.615 1.619 1.624 1.629 1.633 1.638 1.642 1.647 1.651 1.656 1.66 1.665 1.669 1.674 1.674 1.673 1.672 1.671 1.67 1.669 1.668 1.667 1.666 1.665 1.664 1.663 1.662 1.67 1.689 1.709 1.717 1.703
0.0 0.0 0.0 0.0 0.0 0.0 0.0 0.0 0.0 0.0 0.0 0.0 0.0 0.0 0.0 0.0 0.0 0.0 0.0 0.0 0.0 0.001 0.001 0.001 0.002 0.002 0.002 0.002 0.003 0.003 0.003 0.003 0.004 0.004 0.004 0.007 0.015 0.026 0.037 0.048 0.059 0.07 0.081 0.093 0.104 0.115 0.126 0.137 0.148 0.159 0.171 0.182 0.189 0.203 0.237 0.27 0.304 0.337 0.371 0.404 0.438 0.471 0.505 0.538 0.571 0.605 0.638 0.672 0.706 0.741 0.776 0.812 0.847 0.882 0.918 0.953 0.988 1.024 1.059 1.094 1.13 1.165 1.2 1.228 1.238 1.253 1.27 1.286 1.302 1.319 1.335 1.351 1.368 1.384 1.401 1.417 1.433 1.45 1.466 1.482 1.499 1.523 1.577 1.615 1.619 1.624 1.628 1.633 1.637 1.642 1.646 1.651 1.655 1.66 1.664 1.669 1.674 1.678 1.678 1.677 1.676 1.675 1.674 1.673 1.672 1.671 1.67 1.669 1.668 1.667 1.666 1.665 1.677 1.697 1.704 1.69
0.0 0.0 0.0 0.0 0.0 0.0 0.0 0.0 0.0 0.0 0.0 0.0 0.0 0.0 0.0 0.0 0.0 0.0 0.0 0.0 0.0 0.001 0.001 0.001 0.002 0.002 0.002 0.002 0.003 0.003 0.003 0.003 0.004 0.004 0.004 0.005 0.015 0.027 0.038 0.049 0.06 0.071 0.082 0.094 0.105 0.116 0.127 0.138 0.149 0.16 0.172 0.183 0.195 0.229 0.262 0.296 0.329 0.363 0.396 0.43 0.463 0.496 0.53 0.563 0.597 0.63 0.664 0.697 0.731 0.766 0.802 0.837 0.872 0.908 0.943 0.978 1.014 1.049 1.084 1.12 1.155 1.19 1.226 1.261 1.284 1.299 1.315 1.331 1.348 1.364 1.38 1.397 1.413 1.43 1.446 1.462 1.479 1.495 1.511 1.528 1.544 1.569 1.614 1.619 1.623 1.628 1.632 1.637 1.641 1.646 1.651 1.655 1.66 1.664 1.669 1.673 1.678 1.682 1.682 1.681 1.68 1.679 1.678 1.677 1.676 1.675 1.674 1.673 1.672 1.671 1.67 1.669 1.668 1.685 1.692 1.678
0.0 0.0 0.0 0.0 0.0 0.0 0.0 0.0 0.0 0.0 0.0 0.0 0.0 0.0 0.0 0.0 0.0 0.0 0.0 0.0 0.0 0.001 0.001 0.001 0.002 0.002 0.002 0.002 0.003 0.003 0.003 0.004 0.004 0.004 0.004 0.004 0.01 0.021 0.032 0.044 0.055 0.066 0.077 0.089 0.1 0.111 0.123 0.134 0.145 0.156 0.168 0.179 0.203 0.237 0.271 0.305 0.339 0.373 0.407 0.441 0.475 0.509 0.543 0.577 0.611 0.645 0.679 0.713 0.739 0.774 0.81 0.847 0.883 0.92 0.956 0.993 1.029 1.066 1.102 1.139 1.175 1.212 1.248 1.285 1.321 1.344 1.36 1.377 1.393 1.409 1.426 1.442 1.459 1.475 1.491 1.508 1.524 1.54 1.557 1.573 1.589 1.614 1.618 1.623 1.627 1.632 1.637 1.641 1.646 1.65 1.655 1.659 1.664 1.668 1.673 1.677 1.682 1.686 1.686 1.685 1.684 1.683 1.682 1.681 1.68 1.679 1.678 1.677 1.676 1.675 1.674 1.673 1.672 1.673 1.679 1.665
0.0 0.0 0.0 0.0 0.0 0.0 0.0 0.0 0.0 0.0 0.0 0.0 0.0 0.0 0.0 0.0 0.0 0.0 0.0 0.0 0.0 0.001 0.001 0.001 0.002 0.002 0.002 0.002 0.003 0.003 0.003 0.004 0.004 0.004 0.004 0.004 0.006 0.014 0.025 0.036 0.047 0.059 0.07 0.081 0.093 0.104 0.115 0.126 0.138 0.149 0.16 0.172 0.196 0.23 0.264 0.298 0.332 0.366 0.4 0.434 0.468 0.502 0.536 0.57 0.604 0.638 0.672 0.701 0.712 0.73 0.767 0.803 0.84 0.876 0.913 0.949 0.986 1.022 1.059 1.095 1.132 1.168 1.205 1.241 1.278 1.301 1.319 1.337 1.355 1.372 1.39 1.408 1.426 1.444 1.462 1.479 1.497 1.515 1.533 1.551 1.569 1.587 1.592 1.597 1.603 1.608 1.613 1.618 1.624 1.629 1.634 1.639 1.645 1.65 1.655 1.661 1.666 1.674 1.676 1.676 1.676 1.675 1.675 1.674 1.674 1.673 1.673 1.672 1.672 1.672 1.671 1.671 1.67 1.67 1.664 1.65
0.0 0.0 0.0 0.0 0.0 0.0 0.0 0.0 0.0 0.0 0.0 0.0 0.0 0.0 0.0 0.0 0.0 0.0 0.0 0.0 0.0 0.001 0.001 0.001 0.002 0.002 0.002 0.002 0.003 0.003 0.003 0.004 0.004 0.004 0.004 0.004 0.006 0.008 0.017 0.029 0.04 0.051 0.063 0.074 0.085 0.096 0.108 0.119 0.13 0.142 0.153 0.164 0.189 0.223 0.257 0.291 0.325 0.359 0.393 0.427 0.461 0.495 0.529 0.563 0.597 0.631 0.663 0.673 0.684 0.701 0.723 0.76 0.796 0.833 0.869 0.906 0.942 0.979 1.015 1.052 1.088 1.125 1.161 1.198 1.234 1.257 1.275 1.293 1.311 1.328 1.346 1.364 1.382 1.4 1.418 1.436 1.453 1.471 1.489 1.507 1.529 1.547 1.553 1.558 1.563 1.569 1.574 1.579 1.584 1.59 1.595 1.6 1.606 1.611 1.616 1.621 1.627 1.645 1.648 1.647 1.647 1.646 1.646 1.646 1.645 1.645 1.644 1.644 1.643 1.643 1.642 1.642 1.642 1.642 1.638 1.624
0.0 0.0 0.0 0.0 0.0 0.0 0.0 0.0 0.0 0.0 0.0 0.0 0.0 0.0 0.0 0.0 0.0 0.0 0.0 0.0 0.0 0.001 0.001 0.001 0.002 0.002 0.002 0.002 0.003 0.003 0.003 0.004 0.004 0.004 0.004 0.004 0.006 0.008 0.01 0.021 0.032 0.044 0.055 0.066 0.078 0.089 0.1 0.112 0.123 0.134 0.145 0.157 0.182 0.216 0.25 0.284 0.318 0.352 0.386 0.42 0.454 0.488 0.522 0.556 0.59 0.624 0.636 0.645 0.656 0.673 0.689 0.716 0.753 0.789 0.826 0.862 0.899 0.935 0.972 1.008 1.045 1.081 1.118 1.154 1.191 1.213 1.231 1.249 1.267 1.285 1.302 1.32 1.338 1.356 1.374 1.392 1.41 1.427 1.445 1.467 1.49 1.508 1.514 1.519 1.524 1.529 1.535 1.54 1.545 1.55 1.556 1.561 1.566 1.572 1.577 1.582 1.599 1.617 1.619 1.619 1.618 1.618 1.617 1.617 1.616 1.616 1.616 1.615 1.615 1.614 1.614 1.613 1.614 1.616 1.611 1.597
0.0 0.0 0.0 0.0 0.0 0.0 0.0 0.0 0.0 0.0 0.0 0.0 0.0 0.0 0.0 0.0 0.0 0.0 0.0 0.0 0.0 0.001 0.001 0.001 0.002 0.002 0.002 0.002 0.003 0.003 0.003 0.003 0.004 0.004 0.004 0.004 0.006 0.008 0.01 0.014 0.025 0.036 0.048 0.059 0.07 0.081 0.093 0.104 0.115 0.127 0.138 0.149 0.175 0.209 0.243 0.277 0.311 0.345 0.379 0.413 0.447 0.481 0.515 0.549 0.583 0.598 0.608 0.618 0.629 0.645 0.662 0.678 0.709 0.746 0.782 0.819 0.855 0.892 0.928 0.965 1.001 1.038 1.074 1.11 1.147 1.169 1.187 1.205 1.223 1.241 1.259 1.276 1.294 1.312 1.33 1.348 1.366 1.384 1.404 1.428 1.451 1.469 1.474 1.48 1.485 1.49 1.495 1.501 1.506 1.511 1.516 1.522 1.527 1.532 1.538 1.553 1.571 1.589 1.591 1.59 1.59 1.589 1.589 1.588 1.588 1.587 1.587 1.586 1.586 1.586 1.585 1.585 1.587 1.59 1.585 1.571
0.0 0.0 0.0 0.0 0.0 0.0 0.0 0.0 0.0 0.0 0.0 0.0 0.0 0.0 0.0 0.0 0.0 0.0 0.0 0.0 0.0 0.001 0.001 0.001 0.002 0.002 0.002 0.002 0.003 0.003 0.003 0.003 0.003 0.003 0.003 0.003 0.006 0.008 0.01 0.012 0.018 0.029 0.04 0.051 0.063 0.074 0.085 0.097 0.108 0.119 0.13 0.142 0.168 0.202 0.236 0.27 0.304 0.338 0.372 0.406 0.44 0.474 0.508 0.542 0.561 0.57 0.58 0.59 0.601 0.618 0.634 0.651 0.667 0.702 0.739 0.775 0.812 0.848 0.885 0.921 0.957 0.994 1.03 1.067 1.103 1.125 1.143 1.161 1.179 1.197 1.215 1.233 1.25 1.268 1.286 1.304 1.322 1.341 1.365 1.389 1.412 1.43 1.435 1.44 1.446 1.451 1.456 1.461 1.467 1.472 1.477 1.483 1.488 1.493 1.506 1.524 1.542 1.561 1.562 1.561 1.561 1.561 1.56 1.56 1.559 1.559 1.558 1.558 1.557 1.557 1.557 1.559 1.561 1.563 1.558 1.544
0.0 0.0 0.0 0.0 0.0 0.0 0.0 0.0 0.0 0.0 0.0 0.0 0.0 0.0 0.0 0.0 0.0 0.0 0.0 0.0 0.0 0.001 0.001 0.001 0.002 0.002 0.002 0.002 0.003 0.003 0.003 0.003 0.003 0.003 0.003 0.003 0.005 0.008 0.01 0.012 0.014 0.021 0.033 0.044 0.055 0.067 0.078 0.089 0.1 0.112 0.123 0.134 0.161 0.195 0.229 0.263 0.297 0.331 0.365 0.399 0.433 0.467 0.501 0.523 0.533 0.543 0.552 0.562 0.573 0.59 0.607 0.623 0.64 0.659 0.695 0.732 0.768 0.804 0.841 0.877 0.914 0.95 0.987 1.023 1.06 1.082 1.099 1.117 1.135 1.153 1.171 1.189 1.207 1.224 1.242 1.26 1.279 1.302 1.326 1.35 1.373 1.39 1.396 1.401 1.406 1.412 1.417 1.422 1.427 1.433 1.438 1.443 1.449 1.46 1.478 1.496 1.514 1.532 1.533 1.533 1.532 1.532 1.531 1.531 1.531 1.53 1.53 1.529 1.529 1.528 1.53 1.533 1.535 1.537 1.532 1.518
0.0 0.0 0.0 0.0 0.0 0.0 0.0 0.0 0.0 0.0 0.0 0.0 0.0 0.0 0.0 0.0 0.0 0.0 0.0 0.0 0.0 0.001 0.001 0.001 0.002 0.002 0.002 0.002 0.003 0.003 0.003 0.003 0.003 0.003 0.003 0.003 0.005 0.007 0.01 0.012 0.014 0.016 0.025 0.037 0.048 0.059 0.07 0.082 0.093 0.104 0.116 0.127 0.154 0.188 0.222 0.256 0.29 0.324 0.358 0.392 0.426 0.46 0.486 0.495 0.505 0.515 0.525 0.534 0.546 0.562 0.579 0.595 0.612 0.628 0.651 0.688 0.724 0.761 0.797 0.834 0.87 0.907 0.943 0.98 1.016 1.038 1.056 1.073 1.091 1.109 1.127 1.145 1.163 1.181 1.198 1.216 1.24 1.264 1.287 1.311 1.334 1.351 1.357 1.362 1.367 1.372 1.378 1.383 1.388 1.393 1.399 1.404 1.413 1.432 1.45 1.468 1.486 1.504 1.505 1.504 1.504 1.503 1.503 1.502 1.502 1.501 1.501 1.501 1.5 1.502 1.504 1.506 1.509 1.511 1.505 1.491
0.0 0.0 0.0 0.0 0.0 0.0 0.0 0.0 0.0 0.0 0.0 0.0 0.0 0.0 0.0 0.0 0.0 0.0 0.0 0.0 0.0 0.001 0.001 0.001 0.002 0.002 0.002 0.002 0.003 0.003 0.003 0.003 0.003 0.003 0.003 0.003 0.005 0.007 0.009 0.012 0.014 0.016 0.018 0.029 0.04 0.052 0.063 0.074 0.086 0.097 0.108 0.119 0.147 0.181 0.215 0.249 0.283 0.317 0.351 0.385 0.419 0.448 0.458 0.468 0.477 0.487 0.497 0.507 0.518 0.535 0.551 0.568 0.584 0.601 0.617 0.644 0.681 0.717 0.754 0.79 0.827 0.863 0.9 0.936 0.973 0.994 1.012 1.03 1.047 1.065 1.083 1.101 1.119 1.137 1.155 1.177 1.201 1.225 1.248 1.272 1.295 1.312 1.317 1.323 1.328 1.333 1.338 1.344 1.349 1.354 1.359 1.367 1.385 1.403 1.421 1.439 1.458 1.476 1.476 1.476 1.475 1.475 1.474 1.474 1.473 1.473 1.472 1.472 1.473 1.475 1.478 1.48 1.482 1.485 1.479 1.465
0.0 0.0 0.0 0.0 0.0 0.0 0.0 0.0 0.0 0.0 0.0 0.0 0.0 0.0 0.0 0.0 0.0 0.0 0.0 0.0 0.0 0.001 0.001 0.001 0.002 0.002 0.002 0.002 0.002 0.002 0.002 0.002 0.002 0.002 0.002 0.003 0.005 0.007 0.009 0.011 0.014 0.016 0.018 0.022 0.033 0.044 0.055 0.067 0.078 0.089 0.101 0.112 0.139 0.173 0.207 0.241 0.275 0.309 0.343 0.377 0.411 0.42 0.43 0.44 0.45 0.459 0.469 0.479 0.491 0.507 0.524 0.54 0.557 0.573 0.59 0.606 0.637 0.674 0.71 0.747 0.783 0.82 0.856 0.893 0.929 0.95 0.968 0.986 1.004 1.021 1.039 1.057 1.075 1.093 1.115 1.138 1.162 1.186 1.209 1.233 1.257 1.273 1.278 1.283 1.289 1.294 1.299 1.304 1.31 1.315 1.321 1.339 1.357 1.375 1.393 1.411 1.429 1.447 1.447 1.447 1.446 1.446 1.446 1.445 1.445 1.444 1.444 1.444 1.447 1.449 1.451 1.454 1.456 1.459 1.452 1.438
0.0 0.0 0.0 0.0 0.0 0.0 0.0 0.0 0.0 0.0 0.0 0.0 0.0 0.0 0.0 0.0 0.0 0.0 0.0 0.0 0.0 0.001 0.001 0.001 0.002 0.002 0.002 0.002 0.002 0.002 0.002 0.002 0.002 0.002 0.002 0.002 0.005 0.007 0.009 0.011 0.013 0.016 0.018 0.02 0.025 0.037 0.048 0.059 0.071 0.082 0.093 0.104 0.132 0.166 0.2 0.234 0.268 0.302 0.336 0.37 0.383 0.393 0.402 0.412 0.422 0.432 0.441 0.451 0.463 0.479 0.496 0.512 0.529 0.546 0.562 0.579 0.595 0.63 0.667 0.703 0.74 0.776 0.813 0.849 0.886 0.906 0.924 0.942 0.96 0.978 0.995 1.013 1.031 1.052 1.076 1.099 1.123 1.147 1.17 1.194 1.218 1.234 1.239 1.244 1.249 1.255 1.26 1.265 1.27 1.276 1.292 1.31 1.329 1.347 1.365 1.383 1.401 1.419 1.419 1.418 1.418 1.417 1.417 1.416 1.416 1.416 1.416 1.418 1.42 1.423 1.425 1.428 1.43 1.432 1.426 1.412
0.0 0.0 0.0 0.0 0.0 0.0 0.0 0.0 0.0 0.0 0.0 0.0 0.0 0.0 0.0 0.0 0.0 0.0 0.0 0.0 0.0 0.001 0.001 0.001 0.002 0.002 0.002 0.002 0.002 0.002 0.002 0.002 0.002 0.002 0.002 0.002 0.004 0.007 0.009 0.011 0.013 0.015 0.018 0.02 0.022 0.029 0.041 0.052 0.063 0.074 0.086 0.097 0.125 0.159 0.193 0.227 0.261 0.295 0.329 0.345 0.355 0.365 0.375 0.384 0.394 0.404 0.414 0.423 0.435 0.452 0.468 0.485 0.501 0.518 0.534 0.551 0.567 0.587 0.623 0.66 0.696 0.733 0.769 0.806 0.842 0.862 0.88 0.898 0.916 0.934 0.952 0.969 0.99 1.013 1.037 1.061 1.084 1.108 1.131 1.155 1.179 1.194 1.2 1.205 1.21 1.215 1.221 1.226 1.231 1.246 1.264 1.282 1.3 1.318 1.336 1.354 1.373 1.391 1.39 1.39 1.389 1.389 1.388 1.388 1.387 1.387 1.39 1.392 1.394 1.397 1.399 1.401 1.404 1.406 1.399 1.385
0.0 0.0 0.0 0.0 0.0 0.0 0.0 0.0 0.0 0.0 0.0 0.0 0.0 0.0 0.0 0.0 0.0 0.0 0.0 0.0 0.0 0.001 0.001 0.001 0.002 0.002 0.002 0.002 0.002 0.002 0.002 0.002 0.002 0.002 0.002 0.002 0.004 0.006 0.009 0.011 0.013 0.015 0.017 0.02 0.022 0.024 0.033 0.044 0.056 0.067 0.078 0.09 0.118 0.152 0.186 0.22 0.254 0.288 0.308 0.318 0.327 0.337 0.347 0.357 0.366 0.376 0.386 0.396 0.408 0.424 0.441 0.457 0.474 0.49 0.507 0.523 0.54 0.556 0.58 0.616 0.653 0.689 0.726 0.762 0.799 0.818 0.836 0.854 0.872 0.89 0.908 0.927 0.951 0.974 0.998 1.022 1.045 1.069 1.092 1.116 1.14 1.155 1.16 1.166 1.171 1.176 1.181 1.187 1.2 1.218 1.236 1.254 1.272 1.29 1.308 1.326 1.344 1.362 1.361 1.361 1.361 1.36 1.36 1.359 1.359 1.361 1.363 1.366 1.368 1.37 1.373 1.375 1.378 1.38 1.373 1.359
0.0 0.0 0.0 0.0 0.0 0.0 0.0 0.0 0.0 0.0 0.0 0.0 0.0 0.0 0.0 0.0 0.0 0.0 0.0 0.0 0.0 0.001 0.001 0.001 0.001 0.001 0.001 0.001 0.001 0.001 0.001 0.001 0.001 0.001 0.001 0.002 0.004 0.006 0.008 0.011 0.013 0.015 0.017 0.019 0.022 0.024 0.026 0.037 0.048 0.06 0.071 0.082 0.111 0.145 0.179 0.213 0.247 0.27 0.28 0.29 0.3 0.309 0.319 0.329 0.339 0.348 0.358 0.368 0.38 0.396 0.413 0.43 0.446 0.463 0.479 0.496 0.512 0.529 0.545 0.573 0.609 0.646 0.682 0.719 0.755 0.775 0.792 0.81 0.828 0.846 0.865 0.888 0.912 0.935 0.959 0.983 1.006 1.03 1.054 1.077 1.101 1.116 1.121 1.126 1.132 1.137 1.142 1.153 1.171 1.189 1.207 1.225 1.244 1.262 1.28 1.298 1.316 1.333 1.333 1.332 1.332 1.331 1.331 1.331 1.332 1.335 1.337 1.339 1.342 1.344 1.347 1.349 1.351 1.354 1.346 1.332
0.0 0.0 0.0 0.0 0.0 0.0 0.0 0.0 0.0 0.0 0.0 0.0 0.0 0.0 0.0 0.0 0.0 0.0 0.0 0.0 0.0 0.001 0.001 0.001 0.001 0.001 0.001 0.001 0.001 0.001 0.001 0.001 0.001 0.001 0.001 0.002 0.004 0.006 0.008 0.01 0.013 0.015 0.017 0.019 0.021 0.023 0.026 0.029 0.041 0.052 0.063 0.075 0.104 0.138 0.172 0.206 0.233 0.243 0.252 0.262 0.272 0.282 0.291 0.301 0.311 0.321 0.33 0.34 0.352 0.369 0.385 0.402 0.418 0.435 0.451 0.468 0.484 0.501 0.518 0.534 0.566 0.602 0.639 0.675 0.711 0.731 0.749 0.766 0.784 0.802 0.826 0.849 0.873 0.896 0.92 0.944 0.967 0.991 1.015 1.038 1.062 1.077 1.082 1.087 1.092 1.098 1.107 1.125 1.143 1.161 1.179 1.197 1.215 1.233 1.251 1.27 1.288 1.305 1.304 1.304 1.303 1.303 1.302 1.304 1.306 1.308 1.311 1.313 1.316 1.318 1.32 1.323 1.325 1.327 1.32 1.306
0.0 0.0 0.0 0.0 0.0 0.0 0.0 0.0 0.0 0.0 0.0 0.0 0.0 0.0 0.0 0.0 0.0 0.0 0.0 0.0 0.0 0.001 0.001 0.001 0.001 0.001 0.001 0.001 0.001 0.001 0.001 0.001 0.001 0.001 0.001 0.001 0.004 0.006 0.008 0.01 0.012 0.015 0.017 0.019 0.021 0.023 0.025 0.028 0.033 0.045 0.056 0.067 0.097 0.131 0.165 0.195 0.205 0.215 0.225 0.234 0.244 0.254 0.264 0.273 0.283 0.293 0.303 0.312 0.325 0.341 0.358 0.374 0.391 0.407 0.424 0.44 0.457 0.473 0.49 0.506 0.523 0.558 0.595 0.631 0.668 0.687 0.705 0.723 0.74 0.763 0.787 0.81 0.834 0.858 0.881 0.905 0.928 0.952 0.976 0.999 1.023 1.037 1.043 1.048 1.053 1.06 1.078 1.096 1.115 1.133 1.151 1.169 1.187 1.205 1.223 1.241 1.259 1.276 1.276 1.275 1.275 1.274 1.275 1.277 1.28 1.282 1.285 1.287 1.289 1.292 1.294 1.296 1.299 1.301 1.293 1.279
0.0 0.0 0.0 0.0 0.0 0.0 0.0 0.0 0.0 0.0 0.0 0.0 0.0 0.0 0.0 0.0 0.0 0.0 0.0 0.0 0.0 0.001 0.001 0.001 0.001 0.001 0.001 0.001 0.001 0.001 0.001 0.001 0.001 0.001 0.001 0.001 0.003 0.006 0.008 0.01 0.012 0.014 0.017 0.019 0.021 0.023 0.025 0.027 0.03 0.037 0.048 0.06 0.09 0.124 0.158 0.168 0.177 0.187 0.197 0.207 0.216 0.226 0.236 0.246 0.255 0.265 0.275 0.285 0.297 0.314 0.33 0.347 0.363 0.38 0.396 0.413 0.429 0.446 0.462 0.479 0.495 0.515 0.551 0.588 0.624 0.643 0.661 0.679 0.7 0.724 0.748 0.771 0.795 0.819 0.842 0.866 0.889 0.913 0.937 0.96 0.984 0.998 1.003 1.009 1.014 1.032 1.05 1.068 1.086 1.104 1.122 1.141 1.159 1.177 1.195 1.213 1.231 1.247 1.247 1.246 1.246 1.247 1.249 1.251 1.254 1.256 1.258 1.261 1.263 1.266 1.268 1.27 1.273 1.275 1.267 1.253
0.0 0.0 0.0 0.0 0.0 0.0 0.0 0.0 0.0 0.0 0.0 0.0 0.0 0.0 0.0 0.0 0.0 0.0 0.0 0.0 0.0 0.0 0.0 0.0 0.0 0.0 0.0 0.0 0.0 0.0 0.0 0.0 0.0 0.0 0.0 0.001 0.003 0.005 0.008 0.01 0.012 0.014 0.016 0.019 0.021 0.023 0.025 0.027 0.029 0.032 0.041 0.052 0.083 0.117 0.13 0.14 0.15 0.159 0.169 0.179 0.189 0.198 0.208 0.218 0.228 0.237 0.247 0.257 0.269 0.286 0.302 0.319 0.335 0.352 0.369 0.385 0.402 0.418 0.435 0.451 0.468 0.484 0.508 0.544 0.581 0.599 0.617 0.638 0.662 0.685 0.709 0.732 0.756 0.78 0.803 0.827 0.851 0.874 0.898 0.921 0.945 0.959 0.964 0.969 0.986 1.004 1.022 1.04 1.058 1.076 1.094 1.112 1.13 1.148 1.166 1.185 1.203 1.219 1.218 1.218 1.218 1.22 1.223 1.225 1.227 1.23 1.232 1.235 1.237 1.239 1.242 1.244 1.246 1.249 1.24 1.226
0.0 0.0 0.0 0.0 0.0 0.0 0.0 0.0 0.0 0.0 0.0 0.0 0.0 0.0 0.0 0.0 0.0 0.0 0.0 0.0 0.0 0.0 0.0 0.0 0.0 0.0 0.0 0.0 0.0 0.0 0.0 0.0 0.0 0.0 0.0 0.001 0.003 0.005 0.007 0.01 0.012 0.014 0.016 0.018 0.021 0.023 0.025 0.027 0.029 0.031 0.034 0.045 0.076 0.093 0.102 0.112 0.122 0.132 0.141 0.151 0.161 0.171 0.18 0.19 0.2 0.21 0.219 0.229 0.242 0.258 0.275 0.291 0.308 0.324 0.341 0.357 0.374 0.39 0.407 0.423 0.44 0.457 0.473 0.501 0.537 0.555 0.575 0.599 0.623 0.646 0.67 0.693 0.717 0.741 0.764 0.788 0.812 0.835 0.859 0.883 0.906 0.92 0.925 0.939 0.957 0.975 0.993 1.012 1.03 1.048 1.066 1.084 1.102 1.12 1.138 1.156 1.174 1.19 1.19 1.189 1.192 1.194 1.196 1.199 1.201 1.204 1.206 1.208 1.211 1.213 1.215 1.218 1.22 1.223 1.214 1.2
0.004 0.004 0.002 0.002 0.002 0.002 0.002 0.002 0.002 0.002 0.001 0.001 0.001 0.001 0.001 0.001 0.001 0.001 0.001 0.0 0.0 0.0 0.0 0.0 0.0 0.0 0.0 0.0 0.0 0.0 0.0 0.0 0.0 0.0 0.0 0.001 0.003 0.005 0.007 0.009 0.012 0.014 0.016 0.018 0.02 0.023 0.025 0.027 0.029 0.031 0.033 0.037 0.055 0.065 0.075 0.084 0.094 0.104 0.114 0.123 0.133 0.143 0.153 0.162 0.172 0.182 0.192 0.201 0.214 0.231 0.247 0.264 0.28 0.297 0.313 0.33 0.346 0.363 0.379 0.396 0.412 0.429 0.445 0.462 0.494 0.513 0.536 0.56 0.584 0.607 0.631 0.655 0.678 0.702 0.725 0.749 0.773 0.796 0.82 0.844 0.867 0.88 0.893 0.911 0.929 0.947 0.965 0.983 1.001 1.019 1.037 1.056 1.074 1.092 1.11 1.128 1.146 1.161 1.161 1.163 1.165 1.168 1.17 1.173 1.175 1.177 1.18 1.182 1.184 1.187 1.189 1.192 1.194 1.196 1.187 1.176
0.014 0.012 0.007 0.007 0.007 0.007 0.007 0.007 0.007 0.007 0.007 0.007 0.007 0.006 0.006 0.006 0.006 0.006 0.003 0.001 0.0 0.0 0.0 0.0 0.0 0.0 0.0 0.0 0.0 0.0 0.0 0.0 0.0 0.0 0.0 0.001 0.003 0.005 0.007 0.01 0.012 0.014 0.016 0.018 0.02 0.023 0.025 0.027 0.029 0.031 0.034 0.035 0.04 0.05 0.059 0.069 0.078 0.087 0.097 0.106 0.116 0.125 0.134 0.144 0.153 0.162 0.172 0.181 0.194 0.21 0.226 0.242 0.258 0.275 0.291 0.307 0.323 0.339 0.355 0.371 0.388 0.404 0.42 0.436 0.453 0.476 0.499 0.522 0.545 0.568 0.592 0.616 0.639 0.663 0.686 0.71 0.734 0.757 0.781 0.805 0.828 0.846 0.864 0.883 0.901 0.919 0.937 0.955 0.973 0.991 1.009 1.027 1.045 1.063 1.082 1.1 1.118 1.133 1.134 1.137 1.139 1.142 1.144 1.146 1.149 1.151 1.153 1.156 1.158 1.161 1.163 1.165 1.168 1.17 1.161 1.158
0.023 0.017 0.013 0.012 0.012 0.012 0.012 0.012 0.012 0.012 0.012 0.012 0.012 0.012 0.012 0.011 0.011 0.009 0.005 0.003 0.0 0.0 0.0 0.0 0.0 0.0 0.0 0.0 0.0 0.0 0.0 0.0 0.0 0.0 0.0 0.001 0.003 0.006 0.008 0.01 0.012 0.014 0.016 0.019 0.021 0.023 0.025 0.027 0.029 0.032 0.033 0.033 0.037 0.044 0.053 0.063 0.072 0.081 0.091 0.1 0.11 0.119 0.128 0.138 0.147 0.156 0.166 0.175 0.188 0.204 0.22 0.236 0.252 0.269 0.285 0.301 0.317 0.333 0.349 0.366 0.382 0.398 0.414 0.43 0.449 0.478 0.501 0.524 0.547 0.57 0.593 0.616 0.639 0.662 0.685 0.707 0.73 0.753 0.776 0.799 0.822 0.84 0.858 0.876 0.893 0.911 0.928 0.946 0.964 0.981 0.999 1.016 1.034 1.052 1.069 1.087 1.104 1.119 1.121 1.123 1.125 1.127 1.129 1.131 1.133 1.135 1.136 1.138 1.14 1.142 1.144 1.146 1.148 1.15 1.145 1.141
0.028 0.022 0.018 0.018 0.018 0.018 0.017 0.017 0.017 0.017 0.017 0.017 0.017 0.017 0.017 0.017 0.015 0.011 0.007 0.004 0.002 0.001 0.001 0.001 0.001 0.001 0.001 0.001 0.001 0.001 0.001 0.001 0.001 0.001 0.001 0.001 0.004 0.006 0.008 0.01 0.012 0.014 0.017 0.019 0.021 0.023 0.025 0.028 0.03 0.032 0.032 0.032 0.035 0.039 0.047 0.057 0.066 0.075 0.085 0.094 0.104 0.113 0.122 0.132 0.141 0.15 0.16 0.169 0.182 0.198 0.214 0.23 0.247 0.263 0.279 0.295 0.311 0.327 0.344 0.36 0.376 0.392 0.408 0.426 0.445 0.476 0.503 0.526 0.549 0.572 0.595 0.618 0.641 0.664 0.687 0.71 0.733 0.756 0.779 0.801 0.824 0.843 0.858 0.876 0.893 0.911 0.929 0.946 0.964 0.981 0.999 1.017 1.034 1.052 1.069 1.087 1.105 1.119 1.121 1.123 1.125 1.127 1.129 1.131 1.133 1.135 1.136 1.138 1.14 1.142 1.144 1.146 1.148 1.147 1.136 1.13
0.033 0.027 0.023 0.023 0.023 0.023 0.023 0.023 0.022 0.022 0.022 0.022 0.022 0.022 0.022 0.021 0.017 0.013 0.009 0.006 0.004 0.002 0.001 0.001 0.001 0.001 0.001 0.001 0.001 0.001 0.001 0.001 0.001 0.001 0.001 0.002 0.004 0.006 0.008 0.01 0.013 0.015 0.017 0.019 0.021 0.023 0.026 0.028 0.03 0.03 0.03 0.03 0.034 0.037 0.041 0.051 0.06 0.069 0.079 0.088 0.098 0.107 0.116 0.126 0.135 0.144 0.154 0.163 0.176 0.192 0.208 0.225 0.241 0.257 0.273 0.289 0.305 0.321 0.338 0.354 0.37 0.386 0.404 0.422 0.442 0.472 0.503 0.529 0.551 0.574 0.597 0.62 0.643 0.666 0.689 0.712 0.735 0.758 0.781 0.804 0.827 0.845 0.86 0.876 0.894 0.911 0.929 0.946 0.964 0.982 0.999 1.017 1.034 1.052 1.07 1.087 1.105 1.119 1.121 1.123 1.125 1.127 1.129 1.131 1.133 1.135 1.136 1.138 1.14 1.142 1.144 1.146 1.145 1.143 1.132 1.119
0.038 0.033 0.028 0.028 0.028 0.028 0.028 0.028 0.028 0.028 0.028 0.027 0.027 0.027 0.027 0.023 0.019 0.015 0.011 0.008 0.006 0.004 0.002 0.001 0.001 0.001 0.001 0.001 0.001 0.001 0.001 0.001 0.001 0.001 0.001 0.002 0.004 0.006 0.008 0.011 0.013 0.015 0.017 0.019 0.022 0.024 0.026 0.028 0.029 0.029 0.029 0.029 0.032 0.036 0.04 0.045 0.054 0.063 0.073 0.082 0.091 0.101 0.11 0.12 0.129 0.138 0.148 0.157 0.17 0.186 0.202 0.219 0.235 0.251 0.267 0.283 0.299 0.316 0.332 0.348 0.364 0.381 0.4 0.419 0.438 0.469 0.499 0.529 0.554 0.577 0.6 0.623 0.645 0.668 0.691 0.714 0.737 0.76 0.783 0.806 0.829 0.847 0.862 0.877 0.894 0.911 0.929 0.947 0.964 0.982 0.999 1.017 1.035 1.052 1.07 1.087 1.105 1.119 1.121 1.123 1.125 1.127 1.129 1.131 1.133 1.134 1.136 1.138 1.14 1.142 1.144 1.144 1.142 1.139 1.128 1.115
0.044 0.038 0.033 0.033 0.033 0.033 0.033 0.033 0.033 0.033 0.033 0.033 0.033 0.032 0.029 0.025 0.021 0.017 0.012 0.01 0.008 0.006 0.004 0.002 0.001 0.001 0.001 0.001 0.001 0.001 0.001 0.001 0.001 0.001 0.001 0.002 0.004 0.007 0.009 0.011 0.013 0.015 0.017 0.02 0.022 0.024 0.026 0.027 0.027 0.027 0.027 0.027 0.031 0.035 0.038 0.042 0.048 0.057 0.067 0.076 0.085 0.095 0.104 0.114 0.123 0.132 0.142 0.151 0.164 0.18 0.197 0.213 0.229 0.245 0.261 0.277 0.294 0.31 0.326 0.342 0.359 0.378 0.396 0.415 0.435 0.465 0.495 0.526 0.556 0.579 0.602 0.625 0.648 0.671 0.694 0.717 0.739 0.762 0.785 0.808 0.831 0.849 0.864 0.879 0.895 0.912 0.929 0.947 0.965 0.982 1.0 1.017 1.035 1.053 1.07 1.088 1.105 1.119 1.121 1.123 1.125 1.127 1.129 1.131 1.133 1.134 1.136 1.138 1.14 1.142 1.143 1.14 1.138 1.136 1.124 1.111
0.049 0.043 0.039 0.039 0.038 0.038 0.038 0.038 0.038 0.038 0.038 0.038 0.038 0.034 0.03 0.026 0.022 0.018 0.014 0.012 0.01 0.008 0.006 0.004 0.002 0.002 0.002 0.002 0.002 0.002 0.002 0.002 0.002 0.002 0.002 0.003 0.005 0.007 0.009 0.011 0.013 0.016 0.018 0.02 0.022 0.024 0.025 0.025 0.026 0.026 0.026 0.026 0.029 0.033 0.037 0.04 0.044 0.051 0.061 0.07 0.079 0.089 0.098 0.108 0.117 0.126 0.136 0.145 0.158 0.175 0.191 0.207 0.223 0.239 0.255 0.271 0.288 0.304 0.32 0.337 0.355 0.374 0.392 0.411 0.431 0.461 0.492 0.522 0.552 0.581 0.604 0.627 0.65 0.673 0.696 0.719 0.742 0.765 0.788 0.811 0.833 0.851 0.866 0.882 0.897 0.912 0.93 0.947 0.965 0.982 1.0 1.018 1.035 1.053 1.07 1.088 1.106 1.119 1.121 1.123 1.125 1.127 1.129 1.131 1.133 1.134 1.136 1.138 1.14 1.141 1.139 1.137 1.134 1.132 1.12 1.107
0.054 0.048 0.044 0.044 0.044 0.044 0.044 0.043 0.043 0.043 0.043 0.043 0.04 0.036 0.032 0.028 0.024 0.02 0.016 0.014 0.012 0.01 0.008 0.006 0.003 0.002 0.002 0.002 0.002 0.002 0.002 0.002 0.002 0.002 0.002 0.003 0.005 0.007 0.009 0.011 0.014 0.016 0.018 0.02 0.022 0.024 0.024 0.024 0.024 0.024 0.024 0.024 0.028 0.032 0.035 0.039 0.043 0.046 0.055 0.064 0.073 0.083 0.092 0.102 0.111 0.12 0.13 0.139 0.153 0.169 0.185 0.201 0.217 0.233 0.249 0.266 0.282 0.298 0.314 0.333 0.351 0.37 0.388 0.407 0.427 0.458 0.488 0.518 0.549 0.579 0.606 0.629 0.652 0.675 0.698 0.721 0.744 0.767 0.79 0.813 0.836 0.853 0.868 0.884 0.899 0.914 0.93 0.947 0.965 0.983 1.0 1.018 1.035 1.053 1.071 1.088 1.106 1.119 1.121 1.123 1.125 1.127 1.129 1.131 1.132 1.134 1.136 1.138 1.14 1.138 1.135 1.133 1.131 1.128 1.117 1.103
0.059 0.053 0.049 0.049 0.049 0.049 0.049 0.049 0.049 0.048 0.048 0.046 0.042 0.038 0.034 0.03 0.026 0.022 0.018 0.016 0.014 0.012 0.009 0.007 0.005 0.003 0.002 0.002 0.002 0.002 0.002 0.002 0.002 0.002 0.002 0.003 0.005 0.007 0.01 0.012 0.014 0.016 0.018 0.02 0.022 0.022 0.022 0.022 0.022 0.023 0.023 0.023 0.027 0.03 0.034 0.038 0.041 0.045 0.049 0.058 0.067 0.077 0.086 0.096 0.105 0.114 0.124 0.133 0.147 0.163 0.179 0.195 0.211 0.227 0.244 0.26 0.276 0.292 0.31 0.329 0.348 0.366 0.385 0.403 0.424 0.454 0.484 0.515 0.545 0.575 0.606 0.632 0.654 0.677 0.7 0.723 0.746 0.769 0.792 0.815 0.838 0.855 0.871 0.886 0.901 0.916 0.931 0.948 0.965 0.983 1.0 1.018 1.036 1.053 1.071 1.088 1.106 1.119 1.121 1.123 1.125 1.127 1.129 1.131 1.132 1.134 1.136 1.138 1.136 1.134 1.132 1.129 1.127 1.125 1.113 1.099
0.064 0.058 0.054 0.054 0.054 0.054 0.054 0.054 0.054 0.054 0.052 0.048 0.044 0.04 0.036 0.032 0.028 0.024 0.02 0.018 0.016 0.013 0.011 0.009 0.007 0.005 0.003 0.002 0.002 0.002 0.002 0.002 0.002 0.002 0.002 0.003 0.005 0.008 0.01 0.012 0.014 0.016 0.019 0.021 0.021 0.021 0.021 0.021 0.021 0.021 0.021 0.021 0.025 0.029 0.032 0.036 0.04 0.043 0.047 0.052 0.061 0.071 0.08 0.09 0.099 0.108 0.118 0.127 0.141 0.157 0.173 0.189 0.205 0.222 0.238 0.254 0.27 0.288 0.307 0.325 0.344 0.362 0.381 0.399 0.42 0.45 0.481 0.511 0.541 0.572 0.602 0.632 0.657 0.68 0.703 0.726 0.748 0.771 0.794 0.817 0.84 0.857 0.873 0.888 0.903 0.918 0.934 0.949 0.965 0.983 1.001 1.018 1.036 1.053 1.071 1.089 1.106 1.119 1.121 1.123 1.125 1.127 1.129 1.13 1.132 1.134 1.136 1.135 1.133 1.13 1.128 1.126 1.123 1.121 1.109 1.096
0.069 0.063 0.059 0.059 0.059 0.059 0.059 0.059 0.059 0.058 0.054 0.05 0.046 0.042 0.038 0.034 0.03 0.026 0.022 0.02 0.017 0.015 0.013 0.011 0.009 0.007 0.005 0.003 0.003 0.003 0.003 0.003 0.003 0.003 0.002 0.004 0.006 0.008 0.01 0.012 0.014 0.017 0.019 0.019 0.019 0.019 0.019 0.019 0.019 0.02 0.02 0.02 0.024 0.027 0.031 0.035 0.038 0.042 0.046 0.049 0.055 0.065 0.074 0.084 0.093 0.102 0.112 0.121 0.135 0.151 0.167 0.183 0.199 0.216 0.232 0.248 0.266 0.284 0.303 0.321 0.34 0.358 0.377 0.396 0.416 0.447 0.477 0.507 0.538 0.568 0.598 0.629 0.659 0.682 0.705 0.728 0.751 0.774 0.797 0.82 0.842 0.86 0.875 0.89 0.905 0.92 0.936 0.951 0.966 0.983 1.001 1.019 1.036 1.054 1.071 1.089 1.107 1.119 1.121 1.123 1.125 1.127 1.129 1.13 1.132 1.134 1.134 1.131 1.129 1.127 1.124 1.122 1.12 1.117 1.105 1.092
0.074 0.068 0.065 0.065 0.065 0.064 0.064 0.064 0.064 0.06 0.056 0.052 0.048 0.044 0.04 0.036 0.032 0.028 0.024 0.021 0.019 0.017 0.015 0.013 0.011 0.009 0.007 0.005 0.003 0.003 0.003 0.003 0.003 0.003 0.003 0.004 0.006 0.008 0.01 0.013 0.015 0.017 0.017 0.018 0.018 0.018 0.018 0.018 0.018 0.018 0.018 0.018 0.022 0.026 0.03 0.033 0.037 0.041 0.044 0.048 0.052 0.059 0.068 0.078 0.087 0.096 0.106 0.115 0.129 0.145 0.161 0.177 0.194 0.21 0.226 0.243 0.262 0.28 0.299 0.317 0.336 0.355 0.373 0.392 0.413 0.443 0.473 0.504 0.534 0.564 0.595 0.625 0.655 0.684 0.707 0.73 0.753 0.776 0.799 0.822 0.845 0.862 0.877 0.892 0.907 0.923 0.938 0.953 0.968 0.984 1.001 1.019 1.036 1.054 1.072 1.089 1.107 1.119 1.121 1.123 1.125 1.127 1.129 1.13 1.132 1.132 1.13 1.128 1.125 1.123 1.121 1.118 1.116 1.114 1.101 1.088
0.079 0.074 0.07 0.07 0.07 0.07 0.07 0.07 0.066 0.062 0.058 0.054 0.05 0.046 0.042 0.038 0.034 0.03 0.026 0.023 0.021 0.019 0.017 0.015 0.013 0.011 0.009 0.007 0.005 0.003 0.003 0.003 0.003 0.003 0.003 0.004 0.006 0.008 0.011 0.013 0.015 0.016 0.016 0.016 0.016 0.016 0.016 0.016 0.016 0.017 0.017 0.017 0.021 0.024 0.028 0.032 0.035 0.039 0.043 0.046 0.05 0.054 0.062 0.072 0.081 0.09 0.1 0.109 0.123 0.139 0.155 0.172 0.188 0.204 0.221 0.239 0.258 0.276 0.295 0.314 0.332 0.351 0.369 0.388 0.409 0.439 0.47 0.5 0.53 0.561 0.591 0.621 0.652 0.682 0.709 0.732 0.755 0.778 0.801 0.824 0.847 0.864 0.879 0.894 0.909 0.925 0.94 0.955 0.97 0.986 1.001 1.019 1.037 1.054 1.072 1.089 1.107 1.119 1.121 1.123 1.125 1.127 1.128 1.13 1.131 1.129 1.126 1.124 1.122 1.119 1.117 1.115 1.112 1.11 1.097 1.084
0.085 0.079 0.075 0.075 0.075 0.075 0.075 0.072 0.068 0.064 0.06 0.056 0.052 0.048 0.043 0.039 0.035 0.031 0.027 0.025 0.023 0.021 0.019 0.017 0.015 0.013 0.011 0.009 0.006 0.004 0.003 0.003 0.003 0.003 0.003 0.004 0.007 0.009 0.011 0.013 0.014 0.014 0.014 0.014 0.015 0.015 0.015 0.015 0.015 0.015 0.015 0.016 0.019 0.023 0.027 0.03 0.034 0.038 0.041 0.045 0.049 0.052 0.056 0.066 0.075 0.084 0.094 0.103 0.117 0.133 0.149 0.166 0.182 0.198 0.217 0.236 0.254 0.273 0.291 0.31 0.328 0.347 0.366 0.384 0.406 0.436 0.466 0.497 0.527 0.557 0.588 0.618 0.648 0.678 0.709 0.735 0.757 0.78 0.803 0.826 0.849 0.866 0.881 0.896 0.912 0.927 0.942 0.957 0.973 0.988 1.003 1.019 1.037 1.054 1.072 1.09 1.107 1.119 1.121 1.123 1.125 1.127 1.128 1.13 1.127 1.125 1.123 1.12 1.118 1.116 1.113 1.111 1.109 1.106 1.094 1.08
0.09 0.084 0.08 0.08 0.08 0.08 0.078 0.073 0.069 0.065 0.061 0.057 0.053 0.049 0.045 0.041 0.037 0.033 0.029 0.027 0.025 0.023 0.021 0.019 0.017 0.015 0.012 0.01 0.008 0.006 0.004 0.003 0.003 0.003 0.003 0.005 0.007 0.009 0.011 0.013 0.013 0.013 0.013 0.013 0.013 0.013 0.013 0.013 0.013 0.014 0.014 0.014 0.018 0.021 0.025 0.029 0.033 0.036 0.04 0.044 0.047 0.051 0.055 0.06 0.069 0.078 0.088 0.097 0.111 0.127 0.144 0.16 0.176 0.195 0.213 0.232 0.25 0.269 0.287 0.306 0.325 0.343 0.362 0.38 0.402 0.432 0.463 0.493 0.523 0.554 0.584 0.614 0.645 0.675 0.705 0.736 0.76 0.783 0.806 0.829 0.851 0.868 0.883 0.898 0.914 0.929 0.944 0.959 0.975 0.99 1.005 1.02 1.037 1.055 1.072 1.09 1.107 1.119 1.121 1.123 1.125 1.127 1.128 1.126 1.124 1.121 1.119 1.117 1.114 1.112 1.11 1.107 1.105 1.103 1.09 1.076
0.095 0.089 0.086 0.085 0.085 0.083 0.079 0.075 0.071 0.067 0.063 0.059 0.055 0.051 0.047 0.043 0.039 0.035 0.031 0.029 0.027 0.025 0.023 0.021 0.019 0.016 0.014 0.012 0.01 0.008 0.006 0.004 0.004 0.004 0.004 0.005 0.007 0.009 0.011 0.011 0.011 0.011 0.011 0.011 0.012 0.012 0.012 0.012 0.012 0.012 0.012 0.013 0.016 0.02 0.024 0.027 0.031 0.035 0.038 0.042 0.046 0.049 0.053 0.057 0.063 0.072 0.082 0.091 0.105 0.122 0.138 0.154 0.172 0.191 0.209 0.228 0.246 0.265 0.284 0.302 0.321 0.339 0.358 0.376 0.398 0.429 0.459 0.489 0.52 0.55 0.58 0.611 0.641 0.671 0.702 0.732 0.762 0.785 0.808 0.831 0.854 0.87 0.885 0.901 0.916 0.931 0.946 0.962 0.977 0.992 1.007 1.022 1.038 1.055 1.073 1.09 1.108 1.119 1.121 1.123 1.125 1.126 1.125 1.122 1.12 1.118 1.115 1.113 1.111 1.108 1.106 1.104 1.101 1.099 1.086 1.072
0.1 0.094 0.091 0.091 0.089 0.085 0.081 0.077 0.073 0.069 0.065 0.061 0.057 0.053 0.049 0.045 0.041 0.037 0.033 0.031 0.029 0.027 0.025 0.023 0.02 0.018 0.016 0.014 0.012 0.01 0.008 0.006 0.004 0.004 0.004 0.005 0.007 0.009 0.01 0.01 0.01 0.01 0.01 0.01 0.01 0.01 0.01 0.01 0.01 0.01 0.011 0.011 0.015 0.019 0.022 0.026 0.03 0.033 0.037 0.041 0.044 0.048 0.052 0.055 0.059 0.066 0.076 0.085 0.1 0.116 0.132 0.15 0.168 0.187 0.205 0.224 0.243 0.261 0.28 0.298 0.317 0.335 0.354 0.373 0.395 0.425 0.455 0.486 0.516 0.546 0.577 0.607 0.637 0.668 0.698 0.728 0.759 0.787 0.81 0.833 0.856 0.872 0.888 0.903 0.918 0.933 0.948 0.964 0.979 0.994 1.009 1.025 1.04 1.055 1.073 1.09 1.108 1.119 1.121 1.123 1.125 1.123 1.121 1.119 1.116 1.114 1.112 1.109 1.107 1.105 1.102 1.1 1.098 1.095 1.082 1.069
0.105 0.099 0.096 0.095 0.091 0.087 0.083 0.079 0.075 0.071 0.067 0.063 0.059 0.055 0.051 0.047 0.043 0.039 0.035 0.033 0.031 0.029 0.027 0.024 0.022 0.02 0.018 0.016 0.014 0.012 0.01 0.008 0.006 0.004 0.004 0.005 0.008 0.008 0.008 0.008 0.008 0.008 0.008 0.008 0.009 0.009 0.009 0.009 0.009 0.009 0.009 0.01 0.013 0.017 0.021 0.024 0.028 0.032 0.036 0.039 0.043 0.047 0.05 0.054 0.058 0.061 0.07 0.079 0.094 0.11 0.127 0.146 0.164 0.183 0.202 0.22 0.239 0.257 0.276 0.294 0.313 0.332 0.35 0.369 0.391 0.421 0.452 0.482 0.512 0.543 0.573 0.603 0.634 0.664 0.694 0.725 0.755 0.785 0.812 0.835 0.858 0.874 0.89 0.905 0.92 0.935 0.951 0.966 0.981 0.996 1.012 1.027 1.042 1.057 1.073 1.091 1.108 1.119 1.121 1.123 1.122 1.12 1.117 1.115 1.113 1.11 1.108 1.106 1.103 1.101 1.099 1.096 1.094 1.092 1.078 1.065
0.11 0.104 0.101 0.097 0.093 0.089 0.085 0.081 0.077 0.073 0.069 0.065 0.061 0.057 0.053 0.049 0.045 0.041 0.037 0.035 0.033 0.031 0.028 0.026 0.024 0.022 0.02 0.018 0.016 0.014 0.012 0.01 0.008 0.005 0.004 0.006 0.006 0.006 0.006 0.007 0.007 0.007 0.007 0.007 0.007 0.007 0.007 0.007 0.007 0.007 0.008 0.008 0.012 0.016 0.019 0.023 0.027 0.03 0.034 0.038 0.041 0.045 0.049 0.052 0.056 0.06 0.064 0.073 0.088 0.105 0.123 0.142 0.161 0.179 0.198 0.216 0.235 0.253 0.272 0.291 0.309 0.328 0.346 0.365 0.387 0.418 0.448 0.478 0.509 0.539 0.569 0.6 0.63 0.66 0.691 0.721 0.751 0.782 0.812 0.838 0.86 0.877 0.892 0.907 0.922 0.937 0.953 0.968 0.983 0.998 1.014 1.029 1.044 1.059 1.075 1.091 1.108 1.119 1.121 1.121 1.118 1.116 1.114 1.111 1.109 1.107 1.104 1.102 1.1 1.097 1.095 1.093 1.09 1.088 1.074 1.061
0.114 0.108 0.103 0.099 0.095 0.091 0.087 0.083 0.079 0.075 0.071 0.067 0.063 0.059 0.055 0.051 0.047 0.043 0.039 0.036 0.034 0.032 0.03 0.028 0.026 0.024 0.022 0.02 0.018 0.016 0.014 0.012 0.009 0.007 0.005 0.005 0.005 0.005 0.005 0.005 0.005 0.005 0.005 0.005 0.006 0.006 0.006 0.006 0.006 0.006 0.006 0.007 0.011 0.014 0.018 0.022 0.025 0.029 0.033 0.036 0.04 0.044 0.047 0.051 0.055 0.058 0.062 0.067 0.083 0.101 0.12 0.138 0.157 0.175 0.194 0.213 0.231 0.25 0.268 0.287 0.305 0.324 0.343 0.361 0.384 0.414 0.444 0.475 0.505 0.535 0.566 0.596 0.626 0.657 0.687 0.717 0.748 0.778 0.808 0.839 0.863 0.879 0.894 0.909 0.924 0.94 0.955 0.97 0.985 1.001 1.016 1.031 1.046 1.061 1.077 1.092 1.109 1.119 1.119 1.117 1.115 1.112 1.11 1.108 1.105 1.103 1.101 1.098 1.096 1.094 1.091 1.089 1.087 1.084 1.07 1.057
0.117 0.111 0.107 0.103 0.098 0.094 0.09 0.086 0.082 0.078 0.074 0.07 0.066 0.062 0.058 0.054 0.05 0.046 0.041 0.037 0.035 0.032 0.03 0.028 0.026 0.024 0.022 0.02 0.018 0.016 0.014 0.012 0.01 0.008 0.006 0.005 0.005 0.005 0.005 0.005 0.005 0.005 0.005 0.005 0.005 0.006 0.006 0.006 0.006 0.006 0.006 0.006 0.008 0.012 0.016 0.02 0.023 0.027 0.031 0.034 0.038 0.042 0.045 0.049 0.053 0.056 0.06 0.064 0.079 0.098 0.116 0.135 0.154 0.172 0.191 0.209 0.228 0.246 0.265 0.283 0.302 0.32 0.339 0.357 0.379 0.409 0.44 0.47 0.501 0.531 0.562 0.592 0.623 0.653 0.683 0.714 0.744 0.774 0.805 0.835 0.865 0.881 0.896 0.911 0.926 0.942 0.957 0.972 0.987 1.003 1.018 1.033 1.048 1.064 1.079 1.094 1.109 1.118 1.116 1.113 1.111 1.109 1.106 1.104 1.102 1.099 1.097 1.095 1.092 1.09 1.088 1.085 1.083 1.08 1.067 1.053
0.12 0.115 0.11 0.106 0.102 0.098 0.093 0.089 0.085 0.081 0.077 0.073 0.069 0.065 0.061 0.057 0.053 0.048 0.043 0.038 0.035 0.033 0.031 0.029 0.027 0.024 0.022 0.02 0.018 0.016 0.014 0.012 0.01 0.008 0.006 0.005 0.005 0.005 0.005 0.005 0.006 0.006 0.006 0.006 0.006 0.006 0.006 0.006 0.006 0.006 0.006 0.006 0.006 0.01 0.013 0.017 0.021 0.024 0.028 0.032 0.036 0.039 0.043 0.047 0.05 0.054 0.058 0.061 0.077 0.096 0.114 0.133 0.151 0.17 0.188 0.207 0.225 0.244 0.263 0.281 0.3 0.318 0.337 0.351 0.367 0.397 0.428 0.458 0.489 0.519 0.55 0.58 0.611 0.641 0.671 0.702 0.732 0.763 0.793 0.824 0.844 0.859 0.875 0.891 0.906 0.922 0.938 0.954 0.969 0.985 1.001 1.016 1.032 1.048 1.064 1.079 1.095 1.108 1.106 1.103 1.101 1.099 1.097 1.095 1.093 1.091 1.089 1.086 1.084 1.082 1.08 1.078 1.076 1.073 1.06 1.046
0.123 0.118 0.113 0.109 0.105 0.101 0.097 0.093 0.088 0.084 0.08 0.076 0.072 0.068 0.064 0.06 0.055 0.05 0.045 0.04 0.036 0.033 0.031 0.029 0.027 0.025 0.023 0.021 0.019 0.016 0.014 0.012 0.01 0.008 0.006 0.006 0.006 0.006 0.006 0.006 0.006 0.006 0.006 0.006 0.006 0.006 0.006 0.006 0.006 0.006 0.006 0.005 0.006 0.007 0.011 0.015 0.018 0.022 0.026 0.029 0.033 0.037 0.04 0.044 0.048 0.052 0.055 0.059 0.075 0.093 0.112 0.131 0.149 0.168 0.186 0.205 0.223 0.242 0.26 0.279 0.297 0.316 0.332 0.339 0.354 0.385 0.415 0.446 0.476 0.507 0.537 0.568 0.598 0.629 0.659 0.69 0.72 0.751 0.781 0.803 0.817 0.833 0.849 0.865 0.88 0.896 0.912 0.927 0.943 0.959 0.975 0.99 1.006 1.022 1.037 1.053 1.071 1.084 1.09 1.088 1.086 1.084 1.082 1.08 1.077 1.075 1.073 1.071 1.069 1.067 1.065 1.063 1.06 1.057 1.044 1.031
0.126 0.121 0.116 0.112 0.108 0.104 0.1 0.096 0.092 0.088 0.083 0.079 0.075 0.071 0.067 0.062 0.057 0.052 0.047 0.042 0.038 0.034 0.031 0.029 0.027 0.025 0.023 0.021 0.019 0.017 0.015 0.013 0.011 0.009 0.006 0.006 0.006 0.006 0.006 0.006 0.006 0.006 0.006 0.006 0.006 0.006 0.007 0.007 0.006 0.006 0.005 0.005 0.006 0.007 0.008 0.012 0.016 0.02 0.023 0.027 0.031 0.034 0.038 0.042 0.045 0.049 0.053 0.056 0.073 0.091 0.11 0.128 0.147 0.165 0.184 0.202 0.221 0.24 0.258 0.277 0.295 0.313 0.32 0.326 0.342 0.373 0.403 0.434 0.464 0.494 0.525 0.555 0.586 0.616 0.647 0.677 0.708 0.738 0.763 0.777 0.791 0.807 0.823 0.839 0.854 0.87 0.886 0.901 0.917 0.933 0.949 0.964 0.98 0.996 1.011 1.029 1.047 1.06 1.069 1.073 1.071 1.068 1.066 1.064 1.062 1.06 1.058 1.056 1.054 1.051 1.049 1.047 1.045 1.042 1.028 1.015
0.129 0.124 0.119 0.115 0.111 0.107 0.103 0.099 0.095 0.091 0.087 0.083 0.078 0.074 0.07 0.064 0.059 0.054 0.049 0.045 0.04 0.036 0.032 0.029 0.027 0.025 0.023 0.021 0.019 0.017 0.015 0.013 0.011 0.009 0.007 0.006 0.006 0.006 0.006 0.006 0.006 0.007 0.007 0.007 0.007 0.007 0.007 0.007 0.006 0.006 0.005 0.005 0.006 0.007 0.007 0.01 0.013 0.017 0.021 0.024 0.028 0.032 0.036 0.039 0.043 0.047 0.05 0.054 0.07 0.089 0.108 0.126 0.145 0.163 0.182 0.2 0.219 0.237 0.256 0.274 0.293 0.301 0.307 0.313 0.33 0.36 0.391 0.421 0.452 0.482 0.513 0.543 0.574 0.604 0.635 0.665 0.696 0.722 0.737 0.751 0.765 0.781 0.797 0.812 0.828 0.844 0.86 0.875 0.891 0.907 0.922 0.938 0.954 0.97 0.987 1.004 1.022 1.035 1.044 1.054 1.055 1.053 1.051 1.049 1.047 1.045 1.042 1.04 1.038 1.036 1.034 1.032 1.03 1.026 1.013 1.0
0.133 0.127 0.122 0.118 0.114 0.11 0.106 0.102 0.098 0.094 0.09 0.086 0.082 0.077 0.072 0.066 0.061 0.056 0.051 0.047 0.042 0.038 0.034 0.03 0.028 0.026 0.024 0.021 0.019 0.017 0.015 0.013 0.011 0.009 0.007 0.007 0.007 0.007 0.007 0.007 0.007 0.007 0.007 0.007 0.007 0.007 0.007 0.007 0.006 0.006 0.005 0.005 0.006 0.007 0.007 0.008 0.011 0.015 0.018 0.022 0.026 0.029 0.033 0.037 0.04 0.044 0.048 0.052 0.068 0.087 0.105 0.124 0.142 0.161 0.179 0.198 0.217 0.235 0.254 0.272 0.282 0.288 0.294 0.3 0.318 0.348 0.378 0.409 0.439 0.47 0.5 0.531 0.561 0.592 0.622 0.653 0.682 0.696 0.711 0.725 0.739 0.755 0.771 0.786 0.802 0.818 0.834 0.849 0.865 0.881 0.896 0.912 0.928 0.944 0.962 0.98 0.998 1.011 1.02 1.029 1.038 1.038 1.035 1.033 1.031 1.029 1.027 1.025 1.023 1.021 1.018 1.016 1.014 1.01 0.997 0.984
0.136 0.13 0.125 0.121 0.117 0.113 0.109 0.105 0.101 0.097 0.093 0.089 0.084 0.079 0.074 0.069 0.063 0.058 0.053 0.049 0.044 0.04 0.036 0.032 0.028 0.026 0.024 0.022 0.02 0.018 0.016 0.013 0.011 0.009 0.007 0.007 0.007 0.007 0.007 0.007 0.007 0.007 0.007 0.007 0.007 0.007 0.007 0.006 0.006 0.005 0.005 0.005 0.006 0.006 0.007 0.008 0.009 0.012 0.016 0.019 0.023 0.027 0.031 0.034 0.038 0.042 0.045 0.049 0.066 0.085 0.103 0.122 0.14 0.159 0.177 0.196 0.214 0.233 0.251 0.263 0.269 0.275 0.282 0.288 0.305 0.336 0.366 0.397 0.427 0.458 0.488 0.519 0.549 0.58 0.61 0.64 0.656 0.67 0.685 0.699 0.713 0.729 0.745 0.76 0.776 0.792 0.807 0.823 0.839 0.855 0.87 0.886 0.902 0.92 0.938 0.956 0.974 0.987 0.996 1.005 1.014 1.022 1.02 1.018 1.016 1.014 1.012 1.009 1.007 1.005 1.003 1.001 0.999 0.995 0.982 0.968
0.139 0.133 0.128 0.124 0.12 0.116 0.112 0.108 0.104 0.1 0.096 0.092 0.086 0.081 0.076 0.071 0.065 0.06 0.055 0.051 0.046 0.042 0.038 0.034 0.029 0.026 0.024 0.022 0.02 0.018 0.016 0.014 0.012 0.01 0.008 0.007 0.007 0.007 0.007 0.007 0.007 0.007 0.008 0.008 0.008 0.007 0.007 0.006 0.006 0.005 0.005 0.005 0.005 0.006 0.007 0.008 0.009 0.01 0.013 0.017 0.021 0.024 0.028 0.032 0.035 0.039 0.043 0.047 0.064 0.082 0.101 0.119 0.138 0.156 0.175 0.194 0.212 0.231 0.244 0.25 0.256 0.263 0.269 0.275 0.293 0.323 0.354 0.384 0.415 0.445 0.476 0.506 0.537 0.567 0.598 0.616 0.63 0.644 0.658 0.673 0.687 0.703 0.719 0.734 0.75 0.766 0.781 0.797 0.813 0.829 0.844 0.86 0.878 0.896 0.914 0.932 0.95 0.962 0.971 0.98 0.99 0.999 1.005 1.003 1.0 0.998 0.996 0.994 0.992 0.99 0.988 0.986 0.983 0.979 0.966 0.953
0.142 0.136 0.131 0.127 0.123 0.119 0.115 0.111 0.107 0.103 0.099 0.094 0.088 0.083 0.078 0.073 0.067 0.062 0.057 0.053 0.048 0.044 0.04 0.036 0.031 0.027 0.024 0.022 0.02 0.018 0.016 0.014 0.012 0.01 0.008 0.007 0.008 0.008 0.008 0.008 0.008 0.008 0.008 0.008 0.008 0.007 0.007 0.006 0.006 0.005 0.005 0.005 0.005 0.006 0.007 0.008 0.008 0.009 0.011 0.015 0.018 0.022 0.026 0.029 0.033 0.037 0.04 0.044 0.062 0.08 0.099 0.117 0.136 0.154 0.173 0.191 0.21 0.225 0.231 0.237 0.244 0.25 0.256 0.262 0.281 0.311 0.342 0.372 0.403 0.433 0.463 0.494 0.524 0.555 0.575 0.589 0.604 0.618 0.632 0.647 0.661 0.677 0.692 0.708 0.724 0.74 0.755 0.771 0.787 0.802 0.818 0.836 0.854 0.872 0.89 0.908 0.926 0.938 0.947 0.956 0.965 0.974 0.983 0.987 0.985 0.983 0.981 0.979 0.977 0.974 0.972 0.97 0.968 0.964 0.95 0.937
0.145 0.139 0.134 0.13 0.126 0.122 0.118 0.114 0.11 0.106 0.101 0.096 0.09 0.085 0.08 0.075 0.069 0.064 0.059 0.055 0.05 0.046 0.042 0.038 0.033 0.029 0.025 0.023 0.021 0.018 0.016 0.014 0.012 0.01 0.008 0.008 0.008 0.008 0.008 0.008 0.008 0.008 0.008 0.008 0.007 0.007 0.006 0.006 0.005 0.005 0.004 0.004 0.005 0.006 0.007 0.008 0.008 0.009 0.01 0.012 0.016 0.019 0.023 0.027 0.031 0.034 0.038 0.042 0.059 0.078 0.096 0.115 0.134 0.152 0.171 0.189 0.206 0.212 0.218 0.225 0.231 0.237 0.243 0.25 0.268 0.299 0.329 0.36 0.39 0.421 0.451 0.482 0.512 0.535 0.549 0.563 0.578 0.592 0.606 0.621 0.635 0.651 0.666 0.682 0.698 0.714 0.729 0.745 0.761 0.776 0.794 0.812 0.83 0.848 0.866 0.883 0.901 0.913 0.923 0.932 0.941 0.95 0.959 0.968 0.97 0.967 0.965 0.963 0.961 0.959 0.957 0.955 0.953 0.948 0.935 0.922
0.148 0.142 0.137 0.133 0.129 0.125 0.121 0.117 0.113 0.108 0.103 0.098 0.092 0.087 0.082 0.077 0.071 0.066 0.061 0.057 0.052 0.048 0.044 0.04 0.035 0.031 0.027 0.023 0.021 0.019 0.017 0.015 0.013 0.01 0.008 0.008 0.008 0.008 0.008 0.008 0.008 0.008 0.008 0.008 0.007 0.007 0.006 0.006 0.005 0.005 0.004 0.004 0.005 0.006 0.007 0.007 0.008 0.009 0.01 0.01 0.013 0.017 0.021 0.024 0.028 0.032 0.035 0.039 0.057 0.076 0.094 0.113 0.131 0.15 0.168 0.187 0.193 0.199 0.206 0.212 0.218 0.224 0.231 0.237 0.256 0.287 0.317 0.347 0.378 0.408 0.439 0.469 0.494 0.509 0.523 0.537 0.552 0.566 0.58 0.594 0.609 0.625 0.64 0.656 0.672 0.687 0.703 0.719 0.735 0.752 0.77 0.788 0.806 0.823 0.841 0.859 0.877 0.889 0.898 0.907 0.917 0.926 0.935 0.944 0.953 0.952 0.95 0.948 0.946 0.944 0.941 0.939 0.937 0.932 0.919 0.906
0.151 0.145 0.14 0.136 0.132 0.128 0.124 0.12 0.116 0.11 0.105 0.1 0.094 0.089 0.084 0.079 0.073 0.068 0.063 0.059 0.055 0.05 0.046 0.042 0.037 0.033 0.029 0.025 0.021 0.019 0.017 0.015 0.013 0.011 0.009 0.008 0.008 0.009 0.009 0.009 0.009 0.009 0.008 0.008 0.007 0.007 0.006 0.006 0.005 0.005 0.004 0.004 0.005 0.006 0.006 0.007 0.008 0.009 0.01 0.01 0.011 0.015 0.018 0.022 0.026 0.029 0.033 0.037 0.055 0.073 0.092 0.111 0.129 0.148 0.166 0.174 0.181 0.187 0.193 0.199 0.206 0.212 0.218 0.224 0.244 0.274 0.305 0.335 0.366 0.396 0.427 0.454 0.468 0.483 0.497 0.511 0.525 0.54 0.554 0.568 0.583 0.599 0.614 0.63 0.646 0.661 0.677 0.693 0.71 0.728 0.746 0.763 0.781 0.799 0.817 0.835 0.853 0.865 0.874 0.883 0.892 0.901 0.91 0.92 0.929 0.937 0.935 0.932 0.93 0.928 0.926 0.924 0.922 0.917 0.904 0.89
0.154 0.148 0.144 0.139 0.135 0.131 0.127 0.123 0.118 0.112 0.107 0.102 0.096 0.091 0.086 0.081 0.075 0.07 0.065 0.061 0.057 0.052 0.048 0.044 0.039 0.035 0.031 0.027 0.022 0.019 0.017 0.015 0.013 0.011 0.009 0.009 0.009 0.009 0.009 0.009 0.009 0.009 0.008 0.007 0.007 0.006 0.006 0.005 0.005 0.004 0.004 0.004 0.005 0.006 0.006 0.007 0.008 0.009 0.009 0.01 0.011 0.012 0.016 0.019 0.023 0.027 0.031 0.034 0.053 0.071 0.09 0.108 0.127 0.145 0.155 0.162 0.168 0.174 0.18 0.187 0.193 0.199 0.205 0.212 0.231 0.262 0.292 0.323 0.353 0.384 0.414 0.428 0.442 0.457 0.471 0.485 0.499 0.514 0.528 0.542 0.557 0.572 0.588 0.604 0.62 0.635 0.651 0.668 0.685 0.703 0.721 0.739 0.757 0.775 0.793 0.811 0.829 0.84 0.85 0.859 0.868 0.877 0.886 0.895 0.904 0.913 0.919 0.917 0.915 0.913 0.911 0.909 0.906 0.901 0.888 0.875
0.157 0.151 0.147 0.143 0.138 0.134 0.13 0.125 0.12 0.114 0.109 0.104 0.099 0.093 0.088 0.083 0.077 0.072 0.067 0.063 0.059 0.054 0.05 0.046 0.042 0.037 0.033 0.029 0.024 0.02 0.018 0.015 0.013 0.011 0.009 0.009 0.009 0.009 0.009 0.009 0.009 0.008 0.008 0.007 0.007 0.006 0.006 0.005 0.005 0.004 0.004 0.004 0.005 0.005 0.006 0.007 0.008 0.008 0.009 0.01 0.011 0.012 0.013 0.017 0.021 0.024 0.028 0.032 0.05 0.069 0.088 0.106 0.125 0.136 0.143 0.149 0.155 0.161 0.168 0.174 0.18 0.186 0.193 0.199 0.219 0.25 0.28 0.311 0.341 0.372 0.388 0.402 0.416 0.43 0.445 0.459 0.473 0.488 0.502 0.516 0.531 0.546 0.562 0.578 0.594 0.609 0.625 0.643 0.661 0.679 0.697 0.715 0.733 0.751 0.769 0.787 0.805 0.816 0.825 0.834 0.843 0.853 0.862 0.871 0.88 0.889 0.898 0.902 0.9 0.897 0.895 0.893 0.891 0.886 0.872 0.859
0.16 0.154 0.15 0.146 0.142 0.138 0.132 0.127 0.122 0.116 0.111 0.106 0.101 0.095 0.09 0.085 0.079 0.074 0.069 0.065 0.061 0.056 0.052 0.048 0.044 0.039 0.035 0.031 0.026 0.022 0.018 0.016 0.014 0.012 0.01 0.009 0.009 0.009 0.01 0.009 0.009 0.008 0.008 0.007 0.007 0.006 0.006 0.005 0.005 0.004 0.004 0.004 0.004 0.005 0.006 0.007 0.008 0.008 0.009 0.01 0.011 0.011 0.012 0.015 0.018 0.022 0.026 0.03 0.048 0.067 0.085 0.104 0.117 0.124 0.13 0.136 0.142 0.149 0.155 0.161 0.167 0.174 0.18 0.186 0.207 0.237 0.268 0.298 0.329 0.347 0.361 0.376 0.39 0.404 0.419 0.433 0.447 0.461 0.476 0.49 0.505 0.52 0.536 0.552 0.567 0.583 0.601 0.619 0.637 0.655 0.673 0.691 0.709 0.727 0.745 0.762 0.78 0.792 0.801 0.81 0.819 0.828 0.837 0.847 0.856 0.865 0.874 0.883 0.884 0.882 0.88 0.878 0.876 0.87 0.857 0.844
0.163 0.157 0.153 0.149 0.145 0.14 0.134 0.129 0.124 0.118 0.113 0.108 0.103 0.097 0.092 0.087 0.081 0.076 0.071 0.067 0.063 0.058 0.054 0.05 0.046 0.041 0.037 0.033 0.029 0.024 0.02 0.016 0.014 0.012 0.01 0.01 0.01 0.01 0.01 0.009 0.009 0.008 0.008 0.007 0.007 0.006 0.005 0.005 0.004 0.004 0.003 0.004 0.004 0.005 0.006 0.007 0.007 0.008 0.009 0.01 0.011 0.011 0.012 0.013 0.016 0.019 0.023 0.027 0.046 0.065 0.083 0.098 0.105 0.111 0.117 0.123 0.13 0.136 0.142 0.148 0.155 0.161 0.167 0.173 0.195 0.225 0.256 0.286 0.307 0.321 0.335 0.35 0.364 0.378 0.393 0.407 0.421 0.435 0.45 0.464 0.479 0.494 0.51 0.526 0.541 0.559 0.577 0.595 0.613 0.631 0.649 0.667 0.685 0.702 0.72 0.738 0.756 0.767 0.777 0.786 0.795 0.804 0.813 0.822 0.831 0.84 0.85 0.859 0.868 0.867 0.864 0.862 0.86 0.854 0.841 0.828
