    600    136    276
40.986 42.026 43.065 44.105 45.144 46.183 47.359 46.88 46.16 45.44 44.719 43.999 43.279 42.559 41.838 41.118 40.398 39.678 38.958 38.237 37.517 36.797 36.077 35.127 34.155 33.184 32.212 31.24 30.269 29.297 28.325 27.353 26.382 25.41 24.438 23.467 22.495 21.523 20.551 19.794 19.204 18.614 18.024 17.434 16.844 16.275 15.708 15.14 14.573 14.006 13.439 12.872 12.305 11.737 11.17 10.603 10.329 10.066 9.804 9.541 9.279 9.016 8.753 8.491 8.228 7.966 7.703 7.44 7.178 6.915 6.653 6.39 6.174 5.862 5.55 5.239 4.927 4.615 4.304 3.992 3.68 3.369 3.057 2.745 2.434 2.122 1.81 1.498 1.278 1.322 1.366 1.41 1.453 1.497 1.541 1.585 1.629 1.673 1.716 1.76 1.804 1.848 1.892 1.936 1.958 1.972 1.986 1.986 1.986 1.986 1.987 1.987 1.987 1.987 1.987 1.987 1.987 1.987 1.987 1.987 1.987 1.987 1.977 1.967 1.957 1.947 1.936 1.926 1.916 1.906 1.896 1.886 1.876 1.866 1.856 1.846
40.424 41.464 42.503 43.542 44.582 45.621 46.802 48.011 47.291 46.571 45.851 45.131 44.41 43.69 42.97 42.25 41.529 40.809 40.089 39.369 38.648 37.928 37.208 36.254 35.283 34.311 33.339 32.368 31.396 30.424 29.452 28.481 27.509 26.537 25.566 24.594 23.622 22.65 21.906 21.446 20.856 20.266 19.676 19.086 18.496 17.906 17.316 16.726 16.136 15.546 14.956 14.366 13.776 13.186 12.596 12.076 11.232 10.957 10.681 10.405 10.129 9.853 9.577 9.301 9.026 8.75 8.474 8.198 7.922 7.646 7.371 7.095 6.85 6.521 6.191 5.862 5.532 5.203 4.873 4.544 4.215 3.885 3.556 3.226 2.897 2.567 2.238 1.908 1.587 1.611 1.635 1.659 1.683 1.707 1.73 1.754 1.778 1.802 1.826 1.85 1.873 1.897 1.921 1.945 1.969 1.979 1.979 1.979 1.979 1.979 1.979 1.979 1.979 1.979 1.979 1.979 1.979 1.979 1.98 1.98 1.98 1.979 1.969 1.959 1.949 1.939 1.929 1.919 1.908 1.898 1.888 1.878 1.868 1.858 1.848 1.838
39.862 40.901 41.941 42.98 44.02 45.059 46.246 47.636 48.423 47.702 46.982 46.262 45.542 44.821 44.101 43.381 42.661 41.941 41.22 40.5 39.78 39.06 38.339 37.382 36.41 35.438 34.467 33.495 32.523 31.552 30.58 29.608 28.636 27.665 26.693 25.721 24.75 23.914 23.562 23.098 22.508 21.918 21.328 20.738 20.148 19.558 18.968 18.378 17.788 17.198 16.608 16.018 15.428 14.838 14.303 13.818 12.705 12.017 11.741 11.465 11.189 10.913 10.637 10.362 10.086 9.81 9.534 9.258 8.982 8.707 8.431 8.155 7.918 7.686 7.356 7.027 6.697 6.368 6.038 5.709 5.379 5.05 4.72 4.391 4.062 3.732 3.403 3.073 2.758 2.782 2.806 2.83 2.854 2.877 2.901 2.925 2.949 2.973 2.997 3.02 3.044 3.068 3.092 3.116 2.572 1.965 1.964 1.964 1.964 1.964 1.964 1.965 1.965 1.965 1.965 1.965 1.966 1.966 1.966 1.966 1.967 1.966 1.956 1.946 1.936 1.926 1.916 1.906 1.896 1.886 1.876 1.866 1.856 1.846 1.836 1.827
39.3 40.339 41.379 42.418 43.457 44.497 45.689 47.079 48.47 48.834 48.113 47.393 46.673 45.953 45.233 44.512 43.792 43.072 42.352 41.631 40.911 40.191 39.471 38.509 37.537 36.566 35.594 34.622 33.651 32.679 31.707 30.735 29.764 28.792 27.82 26.849 25.923 25.57 25.218 24.75 24.16 23.57 22.98 22.39 21.8 21.21 20.62 20.03 19.44 18.85 18.26 17.67 17.08 16.529 16.045 15.554 14.437 13.321 12.801 12.525 12.249 11.974 11.698 11.422 11.146 10.87 10.594 10.318 10.043 9.767 9.491 9.215 8.98 8.78 8.521 8.192 7.862 7.533 7.203 6.874 6.544 6.215 5.885 5.556 5.226 4.897 4.568 4.238 3.929 3.953 3.977 4.0 4.024 4.048 4.072 4.096 4.12 4.143 4.167 4.191 4.215 4.239 4.263 3.923 2.537 1.953 1.949 1.949 1.949 1.949 1.949 1.949 1.95 1.95 1.95 1.95 1.951 1.951 1.951 1.951 1.951 1.95 1.941 1.931 1.921 1.911 1.901 1.891 1.881 1.871 1.861 1.851 1.841 1.831 1.821 1.811
38.738 39.777 40.816 41.856 42.895 43.935 45.132 46.523 47.913 49.303 49.245 48.525 47.804 47.084 46.364 45.644 44.923 44.203 43.483 42.763 42.043 41.322 40.602 39.637 38.665 37.693 36.721 35.75 34.778 33.806 32.834 31.863 30.891 29.919 28.948 27.976 27.578 27.226 26.874 26.402 25.812 25.222 24.632 24.042 23.452 22.862 22.272 21.682 21.092 20.502 19.912 19.322 18.756 18.272 17.787 17.286 16.169 15.052 13.936 13.585 13.31 13.034 12.758 12.482 12.206 11.93 11.654 11.379 11.103 10.827 10.551 10.275 10.041 9.841 9.641 9.356 9.027 8.697 8.368 8.039 7.709 7.38 7.05 6.721 6.391 6.062 5.732 5.403 5.1 5.124 5.147 5.171 5.195 5.219 5.243 5.267 5.29 5.314 5.338 5.362 5.386 5.41 5.275 3.889 2.502 1.942 1.937 1.933 1.934 1.934 1.934 1.934 1.935 1.935 1.935 1.935 1.935 1.936 1.936 1.936 1.936 1.935 1.925 1.915 1.905 1.895 1.885 1.875 1.865 1.856 1.846 1.836 1.826 1.816 1.806 1.796
38.175 39.215 40.254 41.294 42.333 43.372 44.576 45.966 47.356 48.747 50.137 49.656 48.936 48.215 47.495 46.775 46.055 45.335 44.614 43.894 43.174 42.454 41.733 40.764 39.792 38.82 37.849 36.877 35.905 34.934 33.962 32.99 32.018 31.047 30.075 29.587 29.234 28.882 28.529 28.054 27.464 26.874 26.284 25.694 25.104 24.514 23.924 23.334 22.744 22.154 21.564 20.982 20.498 20.014 19.53 19.018 17.901 16.784 15.668 14.646 14.37 14.094 13.818 13.542 13.266 12.99 12.715 12.439 12.163 11.887 11.611 11.335 11.103 10.903 10.703 10.503 10.192 9.862 9.533 9.203 8.874 8.545 8.215 7.886 7.556 7.227 6.897 6.568 6.27 6.294 6.318 6.342 6.366 6.39 6.413 6.437 6.461 6.485 6.509 6.533 6.557 6.58 5.24 3.854 2.468 1.931 1.926 1.921 1.918 1.919 1.919 1.919 1.919 1.92 1.92 1.92 1.92 1.92 1.921 1.921 1.921 1.92 1.91 1.9 1.89 1.88 1.87 1.86 1.85 1.84 1.83 1.82 1.81 1.8 1.79 1.776
37.613 38.653 39.692 40.732 41.771 42.81 44.019 45.409 46.8 48.19 49.58 50.787 50.067 49.347 48.627 47.906 47.186 46.466 45.746 45.026 44.305 43.585 42.863 41.891 40.919 39.948 38.976 38.004 37.033 36.061 35.089 34.117 33.146 32.174 31.595 31.243 30.89 30.538 30.185 29.706 29.116 28.526 27.936 27.346 26.756 26.166 25.576 24.986 24.396 23.806 23.216 22.725 22.24 21.756 21.272 20.75 19.633 18.516 17.4 16.283 15.43 15.154 14.878 14.602 14.326 14.051 13.775 13.499 13.223 12.947 12.671 12.395 12.164 11.964 11.764 11.564 11.357 11.027 10.698 10.368 10.039 9.709 9.38 9.05 8.721 8.392 8.062 7.733 7.441 7.465 7.489 7.513 7.537 7.56 7.584 7.608 7.632 7.656 7.68 7.703 7.727 6.592 5.206 3.819 2.433 1.919 1.915 1.91 1.905 1.904 1.904 1.904 1.904 1.904 1.905 1.905 1.905 1.905 1.905 1.906 1.906 1.904 1.894 1.884 1.875 1.865 1.855 1.845 1.835 1.825 1.815 1.805 1.795 1.785 1.772 1.754
37.051 38.091 39.13 40.169 41.209 42.248 43.463 44.853 46.243 47.633 49.024 50.414 51.198 50.478 49.758 49.038 48.318 47.597 46.877 46.157 45.437 44.716 43.99 43.019 42.047 41.075 40.103 39.132 38.16 37.188 36.217 35.245 34.273 33.603 33.251 32.898 32.546 32.194 31.841 31.358 30.768 30.178 29.588 28.998 28.408 27.818 27.228 26.638 26.048 25.458 24.951 24.467 23.983 23.498 23.014 22.482 21.365 20.248 19.132 18.015 16.898 16.214 15.938 15.662 15.387 15.111 14.835 14.559 14.283 14.007 13.731 13.456 13.225 13.025 12.826 12.626 12.426 12.192 11.863 11.533 11.204 10.874 10.545 10.215 9.886 9.556 9.227 8.897 8.612 8.636 8.66 8.684 8.707 8.731 8.755 8.779 8.803 8.827 8.85 8.874 7.943 6.557 5.171 3.785 2.398 1.908 1.903 1.899 1.894 1.889 1.889 1.889 1.889 1.889 1.889 1.89 1.89 1.89 1.89 1.89 1.891 1.889 1.879 1.869 1.859 1.849 1.839 1.829 1.819 1.809 1.799 1.79 1.78 1.768 1.75 1.732
36.489 37.528 38.568 39.607 40.647 41.686 42.906 44.296 45.686 47.077 48.467 49.857 51.247 51.61 50.889 50.169 49.449 48.729 48.008 47.288 46.568 45.848 45.118 44.146 43.174 42.202 41.231 40.259 39.287 38.316 37.344 36.372 35.612 35.259 34.907 34.554 34.202 33.849 33.497 33.01 32.42 31.83 31.24 30.65 30.06 29.47 28.88 28.29 27.7 27.178 26.693 26.209 25.725 25.241 24.756 24.213 23.097 21.98 20.863 19.747 18.63 17.513 16.998 16.723 16.447 16.171 15.895 15.619 15.343 15.067 14.792 14.516 14.287 14.087 13.887 13.687 13.487 13.287 13.027 12.698 12.369 12.039 11.71 11.38 11.051 10.721 10.392 10.062 9.783 9.807 9.83 9.854 9.878 9.902 9.926 9.95 9.973 9.997 10.021 9.295 7.909 6.522 5.136 3.75 2.364 1.896 1.892 1.887 1.883 1.878 1.874 1.874 1.874 1.874 1.874 1.874 1.875 1.875 1.875 1.875 1.875 1.874 1.864 1.854 1.844 1.834 1.824 1.814 1.804 1.794 1.784 1.774 1.763 1.745 1.728 1.71
35.927 36.966 38.006 39.045 40.084 41.124 42.349 43.74 45.13 46.52 47.91 49.3 50.691 52.081 52.021 51.3 50.58 49.86 49.14 48.42 47.699 46.979 46.245 45.273 44.301 43.33 42.358 41.386 40.415 39.443 38.471 37.62 37.268 36.915 36.563 36.21 35.858 35.505 35.153 34.662 34.072 33.482 32.892 32.302 31.712 31.122 30.532 29.942 29.404 28.92 28.436 27.951 27.467 26.983 26.499 25.945 24.829 23.712 22.595 21.479 20.362 19.245 18.129 17.783 17.507 17.231 16.955 16.679 16.403 16.128 15.852 15.576 15.348 15.148 14.948 14.748 14.548 14.349 14.149 13.863 13.533 13.204 12.874 12.545 12.216 11.886 11.557 11.227 10.954 10.977 11.001 11.025 11.049 11.073 11.097 11.12 11.144 11.168 10.646 9.26 7.874 6.488 5.101 3.715 2.329 1.885 1.881 1.876 1.871 1.867 1.862 1.858 1.859 1.859 1.859 1.859 1.859 1.86 1.86 1.86 1.86 1.858 1.848 1.838 1.828 1.819 1.809 1.799 1.789 1.779 1.769 1.759 1.741 1.723 1.705 1.687
35.365 36.404 37.443 38.483 39.522 40.562 41.793 43.183 44.573 45.963 47.354 48.744 50.134 51.524 52.915 52.432 51.712 50.991 50.271 49.551 48.831 48.111 47.372 46.401 45.429 44.457 43.485 42.514 41.542 40.57 39.628 39.276 38.923 38.571 38.218 37.866 37.514 37.161 36.809 36.314 35.724 35.134 34.544 33.954 33.364 32.774 32.184 31.631 31.147 30.662 30.178 29.694 29.209 28.725 28.241 27.677 26.561 25.444 24.327 23.211 22.094 20.977 19.861 18.843 18.567 18.291 18.015 17.739 17.464 17.188 16.912 16.636 16.41 16.21 16.01 15.81 15.61 15.41 15.21 15.01 14.698 14.369 14.039 13.71 13.38 13.051 12.722 12.392 12.124 12.148 12.172 12.196 12.22 12.243 12.267 12.291 12.315 11.998 10.612 9.226 7.839 6.453 5.067 3.681 2.294 1.874 1.869 1.865 1.86 1.855 1.851 1.846 1.843 1.844 1.844 1.844 1.844 1.844 1.845 1.845 1.845 1.843 1.833 1.823 1.813 1.803 1.793 1.783 1.773 1.763 1.753 1.737 1.719 1.701 1.683 1.665
34.802 35.842 36.881 37.921 38.96 39.999 41.236 42.626 44.016 45.407 46.797 48.187 49.577 50.968 52.358 53.563 52.843 52.123 51.403 50.682 49.962 49.242 48.5 47.528 46.556 45.584 44.613 43.641 42.669 41.698 41.284 40.932 40.579 40.227 39.874 39.522 39.169 38.817 38.464 37.966 37.376 36.786 36.196 35.606 35.016 34.426 33.857 33.373 32.889 32.405 31.92 31.436 30.952 30.467 29.983 29.409 28.293 27.176 26.059 24.943 23.826 22.709 21.593 20.476 19.627 19.351 19.075 18.8 18.524 18.248 17.972 17.696 17.471 17.271 17.071 16.871 16.671 16.471 16.271 16.072 15.863 15.534 15.204 14.875 14.545 14.216 13.886 13.557 13.295 13.319 13.343 13.367 13.39 13.414 13.438 13.462 13.35 11.963 10.577 9.191 7.805 6.418 5.032 3.646 2.26 1.862 1.858 1.853 1.849 1.844 1.839 1.835 1.83 1.828 1.829 1.829 1.829 1.829 1.829 1.83 1.83 1.828 1.818 1.808 1.798 1.788 1.778 1.768 1.758 1.748 1.733 1.715 1.697 1.679 1.661 1.643
34.24 35.28 36.319 37.358 38.398 39.437 40.679 42.07 43.46 44.85 46.24 47.631 49.021 50.411 51.801 53.192 53.974 53.254 52.534 51.814 51.093 50.373 49.627 48.655 47.684 46.712 45.74 44.768 43.797 43.293 42.94 42.588 42.235 41.883 41.53 41.178 40.825 40.473 40.12 39.618 39.028 38.438 37.848 37.258 36.668 36.084 35.6 35.115 34.631 34.147 33.662 33.178 32.694 32.21 31.725 31.141 30.025 28.908 27.791 26.675 25.558 24.441 23.325 22.208 21.091 20.412 20.136 19.86 19.584 19.308 19.032 18.756 18.532 18.332 18.133 17.933 17.733 17.533 17.333 17.133 16.933 16.699 16.369 16.04 15.71 15.381 15.051 14.722 14.466 14.49 14.513 14.537 14.561 14.585 14.609 14.633 13.315 11.929 10.542 9.156 7.77 6.384 4.997 3.611 2.225 1.851 1.846 1.842 1.837 1.833 1.828 1.824 1.819 1.814 1.813 1.814 1.814 1.814 1.814 1.814 1.815 1.812 1.802 1.792 1.782 1.772 1.763 1.753 1.743 1.728 1.711 1.693 1.675 1.657 1.639 1.621
33.814 34.717 35.757 36.796 37.836 38.875 40.123 41.513 42.903 44.293 45.684 47.074 48.464 49.854 51.245 52.635 54.025 54.385 53.665 52.945 52.225 51.505 50.754 49.783 48.811 47.839 46.867 45.896 45.301 44.948 44.596 44.243 43.891 43.538 43.186 42.834 42.481 42.129 41.776 41.269 40.68 40.09 39.5 38.91 38.32 37.826 37.342 36.858 36.373 35.889 35.405 34.92 34.436 33.952 33.468 32.873 31.756 30.64 29.523 28.406 27.29 26.173 25.056 23.94 22.823 21.706 21.196 20.92 20.644 20.368 20.092 19.817 19.594 19.394 19.194 18.994 18.794 18.594 18.394 18.194 17.994 17.794 17.534 17.204 16.875 16.546 16.216 15.887 15.637 15.66 15.684 15.708 15.732 15.756 15.78 14.666 13.28 11.894 10.508 9.121 7.735 6.349 4.963 3.576 2.19 1.84 1.835 1.83 1.826 1.821 1.817 1.812 1.808 1.803 1.798 1.798 1.799 1.799 1.799 1.799 1.8 1.797 1.787 1.777 1.767 1.757 1.747 1.737 1.724 1.706 1.688 1.67 1.653 1.635 1.617 1.599
33.687 34.183 35.195 36.234 37.273 38.313 39.566 40.956 42.347 43.737 45.127 46.517 47.908 49.298 50.688 52.078 53.468 54.859 54.797 54.076 53.356 52.636 51.882 50.91 49.938 48.966 47.995 47.309 46.957 46.604 46.252 45.899 45.547 45.194 44.842 44.489 44.137 43.784 43.432 42.921 42.332 41.742 41.152 40.562 40.053 39.568 39.084 38.6 38.116 37.631 37.147 36.663 36.178 35.694 35.21 34.605 33.488 32.372 31.255 30.138 29.022 27.905 26.788 25.672 24.555 23.438 22.322 21.98 21.704 21.428 21.153 20.877 20.655 20.455 20.255 20.055 19.856 19.656 19.456 19.256 19.056 18.856 18.656 18.369 18.04 17.71 17.381 17.052 16.807 16.831 16.855 16.879 16.903 16.927 16.018 14.632 13.245 11.859 10.473 9.087 7.701 6.314 4.928 3.542 2.156 1.828 1.824 1.819 1.815 1.81 1.805 1.801 1.796 1.792 1.787 1.783 1.783 1.784 1.784 1.784 1.784 1.782 1.772 1.762 1.752 1.742 1.732 1.72 1.702 1.684 1.666 1.648 1.63 1.613 1.595 1.577
33.56 34.056 34.632 35.672 36.711 37.751 39.009 40.4 41.79 43.18 44.57 45.961 47.351 48.741 50.131 51.522 52.912 54.302 55.692 55.208 54.488 53.767 53.009 52.037 51.066 50.094 49.318 48.965 48.613 48.26 47.908 47.555 47.203 46.85 46.498 46.145 45.793 45.44 45.088 44.573 43.984 43.394 42.804 42.279 41.795 41.311 40.826 40.342 39.858 39.374 38.889 38.405 37.921 37.436 36.952 36.337 35.22 34.104 32.987 31.87 30.754 29.637 28.52 27.404 26.287 25.17 24.054 23.04 22.764 22.489 22.213 21.937 21.717 21.517 21.317 21.117 20.917 20.717 20.517 20.317 20.117 19.917 19.717 19.517 19.205 18.875 18.546 18.216 17.978 18.002 18.026 18.05 18.073 17.369 15.983 14.597 13.211 11.825 10.438 9.052 7.666 6.28 4.893 3.507 2.121 1.817 1.812 1.808 1.803 1.799 1.794 1.789 1.785 1.78 1.776 1.771 1.768 1.769 1.769 1.769 1.769 1.766 1.756 1.746 1.736 1.726 1.716 1.698 1.68 1.662 1.644 1.626 1.608 1.59 1.572 1.555
33.433 33.928 34.424 35.11 36.149 37.188 38.453 39.843 41.233 42.624 44.014 45.404 46.794 48.184 49.575 50.965 52.355 53.745 55.136 56.339 55.619 54.899 54.136 53.165 52.193 51.326 50.973 50.621 50.268 49.916 49.563 49.211 48.858 48.506 48.154 47.801 47.449 47.096 46.744 46.225 45.636 45.046 44.506 44.022 43.537 43.053 42.569 42.084 41.6 41.116 40.632 40.147 39.663 39.179 38.694 38.069 36.952 35.836 34.719 33.602 32.486 31.369 30.252 29.136 28.019 26.902 25.786 24.669 23.825 23.549 23.273 22.997 22.778 22.578 22.378 22.178 21.978 21.778 21.578 21.379 21.179 20.979 20.779 20.579 20.37 20.04 19.711 19.381 19.149 19.173 19.197 19.22 18.721 17.335 15.949 14.562 13.176 11.79 10.404 9.017 7.631 6.245 4.859 3.472 2.086 1.806 1.801 1.796 1.792 1.787 1.783 1.778 1.773 1.769 1.764 1.76 1.755 1.753 1.754 1.754 1.754 1.751 1.741 1.731 1.721 1.711 1.693 1.676 1.658 1.64 1.622 1.604 1.586 1.568 1.55 1.532
33.305 33.801 34.297 34.793 35.587 36.626 37.896 39.286 40.677 42.067 43.457 44.847 46.238 47.628 49.018 50.408 51.799 53.189 54.579 55.969 56.75 56.03 55.264 54.292 53.334 52.982 52.629 52.277 51.924 51.572 51.219 50.867 50.514 50.162 49.809 49.457 49.104 48.752 48.399 47.877 47.288 46.732 46.248 45.764 45.28 44.795 44.311 43.827 43.342 42.858 42.374 41.889 41.405 40.921 40.437 39.801 38.684 37.567 36.451 35.334 34.217 33.101 31.984 30.867 29.751 28.634 27.517 26.401 25.284 24.609 24.333 24.057 23.839 23.64 23.44 23.24 23.04 22.84 22.64 22.44 22.24 22.04 21.84 21.64 21.44 21.205 20.876 20.546 20.32 20.343 20.367 20.073 18.686 17.3 15.914 14.528 13.141 11.755 10.369 8.983 7.596 6.21 4.824 3.438 2.052 1.794 1.79 1.785 1.78 1.776 1.771 1.767 1.762 1.758 1.753 1.748 1.744 1.739 1.738 1.739 1.739 1.735 1.726 1.716 1.706 1.689 1.671 1.653 1.636 1.618 1.6 1.582 1.564 1.546 1.528 1.51
33.178 33.674 34.17 34.665 35.161 36.064 37.34 38.73 40.12 41.51 42.9 44.291 45.681 47.071 48.461 49.852 51.242 52.632 54.022 55.413 56.803 57.161 56.391 55.419 54.99 54.638 54.285 53.933 53.58 53.228 52.875 52.523 52.17 51.818 51.465 51.113 50.76 50.408 50.055 49.529 48.959 48.475 47.99 47.506 47.022 46.537 46.053 45.569 45.085 44.6 44.116 43.632 43.147 42.663 42.179 41.533 40.416 39.299 38.183 37.066 35.949 34.833 33.716 32.599 31.483 30.366 29.249 28.133 27.016 25.899 25.393 25.117 24.901 24.701 24.501 24.301 24.101 23.901 23.701 23.501 23.301 23.102 22.902 22.702 22.502 22.302 22.04 21.711 21.49 21.514 21.424 20.038 18.652 17.265 15.879 14.493 13.107 11.72 10.334 8.948 7.562 6.176 4.789 3.403 2.017 1.783 1.778 1.774 1.769 1.764 1.76 1.755 1.751 1.746 1.742 1.737 1.732 1.728 1.723 1.723 1.724 1.72 1.71 1.7 1.685 1.667 1.649 1.631 1.613 1.595 1.578 1.56 1.542 1.524 1.506 1.488
33.051 33.547 34.042 34.538 35.034 35.53 36.783 38.173 39.563 40.954 42.344 43.734 45.124 46.515 47.905 49.295 50.685 52.076 53.466 54.856 56.246 57.636 57.518 56.998 56.646 56.293 55.941 55.588 55.236 54.883 54.531 54.178 53.826 53.474 53.121 52.769 52.416 52.064 51.711 51.185 50.701 50.217 49.733 49.248 48.764 48.28 47.795 47.311 46.827 46.343 45.858 45.374 44.89 44.405 43.921 43.265 42.148 41.031 39.915 38.798 37.681 36.565 35.448 34.331 33.215 32.098 30.981 29.865 28.748 27.631 26.515 26.177 25.962 25.762 25.562 25.363 25.163 24.963 24.763 24.563 24.363 24.163 23.963 23.763 23.563 23.363 23.163 22.876 22.661 22.685 21.389 20.003 18.617 17.231 15.844 14.458 13.072 11.686 10.3 8.913 7.527 6.141 4.755 3.368 1.982 1.771 1.767 1.762 1.758 1.753 1.749 1.744 1.739 1.735 1.73 1.726 1.721 1.716 1.712 1.708 1.708 1.705 1.695 1.681 1.663 1.645 1.627 1.609 1.591 1.573 1.555 1.538 1.52 1.502 1.484 1.466
32.54 33.044 33.547 34.051 34.555 34.702 34.778 36.203 37.627 39.052 40.477 41.901 43.326 44.75 46.175 47.599 49.024 50.449 51.873 53.298 54.722 56.147 57.304 57.077 56.788 56.499 56.21 55.921 55.632 55.343 55.054 54.765 54.476 54.187 53.897 53.608 53.319 53.03 52.741 52.353 51.935 51.516 51.097 50.678 50.26 49.841 49.422 49.004 48.569 48.085 47.601 47.116 46.632 46.148 45.663 44.997 43.88 42.763 41.647 40.53 39.413 38.297 37.18 36.063 34.947 33.83 32.713 31.597 30.48 29.363 28.247 27.238 27.024 26.824 26.624 26.424 26.224 26.024 25.824 25.624 25.424 25.224 25.024 24.825 24.625 24.425 24.225 24.025 23.832 22.741 21.355 19.969 18.582 17.196 15.81 14.424 13.037 11.651 10.265 8.879 7.492 6.106 4.72 3.334 1.947 1.76 1.756 1.751 1.746 1.742 1.737 1.733 1.728 1.723 1.719 1.714 1.71 1.705 1.701 1.696 1.693 1.689 1.676 1.659 1.641 1.623 1.605 1.587 1.569 1.551 1.533 1.515 1.497 1.48 1.462 1.444
31.912 32.415 32.919 33.423 33.761 32.968 32.874 33.486 34.911 36.336 37.76 39.185 40.609 42.034 43.459 44.883 46.308 47.732 49.157 50.582 52.006 53.431 54.57 54.79 54.5 54.211 53.922 53.633 53.344 53.055 52.766 52.477 52.188 51.899 51.61 51.321 51.032 50.743 50.454 50.064 49.645 49.226 48.807 48.389 47.97 47.551 47.133 46.714 46.295 45.876 45.458 45.039 44.62 44.201 43.816 44.091 43.584 42.506 41.427 40.349 39.271 38.193 37.115 36.037 34.958 33.88 32.802 31.724 30.646 29.568 28.49 27.411 28.101 27.901 27.7 27.5 27.3 27.099 26.899 26.699 26.498 26.298 26.097 25.897 25.697 25.496 25.296 25.096 24.487 23.081 21.675 20.269 18.863 17.457 16.051 14.646 13.24 11.834 10.428 9.022 7.616 6.21 4.804 3.398 1.992 1.808 1.784 1.76 1.735 1.73 1.726 1.721 1.717 1.712 1.707 1.703 1.698 1.694 1.689 1.685 1.68 1.672 1.654 1.636 1.618 1.601 1.583 1.565 1.547 1.529 1.511 1.493 1.475 1.457 1.44 1.422
31.283 31.787 32.291 32.794 32.027 31.234 31.155 31.332 32.195 33.619 35.044 36.469 37.893 39.318 40.742 42.167 43.591 45.016 46.441 47.865 49.29 50.714 51.835 52.105 52.213 51.924 51.635 51.346 51.057 50.768 50.478 50.189 49.9 49.611 49.322 49.033 48.744 48.455 48.166 47.774 47.355 46.936 46.518 46.099 45.68 45.262 44.843 44.424 44.005 43.587 43.168 42.749 42.33 41.912 42.115 42.391 42.677 41.895 40.817 39.739 38.661 37.582 36.504 35.426 34.348 33.27 32.192 31.113 30.035 28.957 27.879 26.801 28.22 28.989 28.788 28.588 28.388 28.187 27.987 27.786 27.586 27.386 27.185 26.985 26.785 26.584 26.384 26.184 25.563 24.218 22.812 21.406 20.0 18.594 17.188 15.782 14.377 12.971 11.565 10.159 8.753 7.347 5.941 4.535 3.129 2.969 2.944 2.92 2.895 2.871 2.846 2.822 2.797 2.773 2.748 2.724 2.699 2.675 2.651 2.626 2.478 1.68 1.662 1.644 1.625 1.607 1.588 1.569 1.551 1.532 1.514 1.495 1.477 1.458 1.439 1.421
30.655 31.159 31.662 31.086 30.293 29.5 29.437 29.614 29.791 30.903 32.328 33.752 35.177 36.601 38.026 39.451 40.875 42.3 43.724 45.149 46.573 47.998 49.1 49.371 49.641 49.636 49.347 49.058 48.769 48.48 48.191 47.902 47.613 47.324 47.035 46.746 46.457 46.167 45.878 45.484 45.066 44.647 44.228 43.809 43.391 42.972 42.553 42.134 41.716 41.297 40.878 40.46 40.041 40.143 40.414 40.69 40.977 41.263 40.206 39.128 38.05 36.972 35.894 34.816 33.737 32.659 31.581 30.503 29.425 28.347 27.268 26.19 27.658 29.524 29.876 29.676 29.475 29.275 29.075 28.874 28.674 28.474 28.273 28.073 27.873 27.672 27.472 27.271 26.632 25.311 23.949 22.543 21.137 19.731 18.325 16.919 15.513 14.107 12.702 11.296 9.89 8.484 7.078 5.672 4.266 4.129 4.104 4.08 4.055 4.031 4.006 3.982 3.958 3.933 3.909 3.884 3.86 3.835 3.811 3.786 2.47 1.695 1.68 1.661 1.643 1.624 1.606 1.587 1.568 1.55 1.531 1.513 1.494 1.476 1.457 1.438
30.026 30.53 30.144 29.351 28.559 27.766 27.718 27.895 28.072 28.249 29.611 31.036 32.46 33.885 35.31 36.734 38.159 39.583 41.008 42.433 43.857 45.282 46.365 46.636 46.906 47.177 47.06 46.77 46.481 46.192 45.903 45.614 45.325 45.036 44.747 44.458 44.169 43.88 43.591 43.195 42.776 42.357 41.938 41.52 41.101 40.682 40.263 39.845 39.426 39.007 38.589 38.17 38.171 38.442 38.713 38.989 39.276 39.563 39.596 38.518 37.44 36.361 35.283 34.205 33.127 32.049 30.971 29.892 28.814 27.736 26.658 25.58 27.096 28.962 30.828 30.764 30.563 30.363 30.163 29.962 29.762 29.562 29.361 29.161 28.96 28.76 28.56 28.359 27.701 26.38 25.059 23.68 22.274 20.868 19.462 18.056 16.65 15.244 13.838 12.432 11.027 9.621 8.215 6.809 5.403 5.289 5.265 5.24 5.216 5.191 5.167 5.142 5.118 5.093 5.069 5.044 5.02 4.995 4.971 3.853 2.461 1.71 1.695 1.679 1.66 1.642 1.623 1.605 1.586 1.567 1.549 1.53 1.512 1.493 1.475 1.456
29.398 29.203 28.41 27.617 26.825 26.032 25.999 26.176 26.353 26.53 26.895 28.32 29.744 31.169 32.593 34.018 35.443 36.867 38.292 39.716 41.141 42.565 43.631 43.901 44.171 44.442 44.712 44.483 44.194 43.905 43.616 43.327 43.038 42.748 42.459 42.17 41.881 41.592 41.303 40.905 40.486 40.067 39.649 39.23 38.811 38.392 37.974 37.555 37.136 36.718 36.299 36.199 36.47 36.741 37.012 37.289 37.575 37.862 38.149 37.907 36.829 35.751 34.673 33.595 32.516 31.438 30.36 29.282 28.204 27.126 26.047 24.969 26.535 28.4 30.266 31.852 31.651 31.451 31.251 31.05 30.85 30.649 30.449 30.249 30.048 29.848 29.648 29.447 28.77 27.449 26.128 24.807 23.411 22.005 20.599 19.193 17.787 16.381 14.975 13.569 12.163 10.757 9.352 7.946 6.54 6.449 6.425 6.4 6.376 6.351 6.327 6.302 6.278 6.253 6.229 6.205 6.18 6.156 5.236 3.844 2.452 1.725 1.71 1.694 1.678 1.659 1.641 1.622 1.603 1.585 1.566 1.548 1.529 1.511 1.492 1.473
28.261 27.469 26.676 25.883 25.091 24.298 24.28 24.457 24.635 24.812 24.989 25.603 27.028 28.452 29.877 31.302 32.726 34.151 35.575 37.0 38.425 39.849 40.896 41.166 41.437 41.707 41.978 42.195 41.906 41.617 41.328 41.039 40.75 40.461 40.172 39.883 39.594 39.305 39.016 38.615 38.196 37.778 37.359 36.94 36.521 36.103 35.684 35.265 34.847 34.428 34.228 34.498 34.769 35.04 35.311 35.588 35.875 36.161 36.448 36.735 36.219 35.14 34.062 32.984 31.906 30.828 29.75 28.671 27.593 26.515 25.437 24.359 25.973 27.838 29.704 31.57 32.739 32.539 32.338 32.138 31.938 31.737 31.537 31.337 31.136 30.936 30.736 30.535 29.84 28.518 27.197 25.876 24.548 23.142 21.736 20.33 18.924 17.518 16.112 14.706 13.3 11.894 10.488 9.083 7.677 7.609 7.585 7.56 7.536 7.511 7.487 7.463 7.438 7.414 7.389 7.365 7.34 6.619 5.227 3.836 2.444 1.74 1.724 1.709 1.694 1.677 1.658 1.64 1.621 1.602 1.584 1.565 1.547 1.528 1.51 1.491
26.527 25.735 24.942 24.149 23.357 22.564 22.562 22.739 22.916 23.093 23.27 23.447 24.312 25.736 27.161 28.585 30.01 31.434 32.859 34.284 35.708 37.133 38.161 38.431 38.702 38.972 39.243 39.513 39.619 39.33 39.04 38.751 38.462 38.173 37.884 37.595 37.306 37.017 36.728 36.325 35.907 35.488 35.069 34.651 34.232 33.813 33.394 32.976 32.557 32.256 32.527 32.798 33.068 33.339 33.61 33.887 34.174 34.461 34.747 35.034 35.321 34.53 33.452 32.374 31.295 30.217 29.139 28.061 26.983 25.905 24.826 23.748 25.411 27.277 29.142 31.008 32.874 33.627 33.426 33.226 33.026 32.825 32.625 32.425 32.224 32.024 31.823 31.623 30.909 29.588 28.267 26.945 25.624 24.278 22.873 21.467 20.061 18.655 17.249 15.843 14.437 13.031 11.625 10.219 8.813 8.77 8.745 8.721 8.696 8.672 8.647 8.623 8.598 8.574 8.549 8.525 8.002 6.61 5.219 3.827 2.435 1.754 1.739 1.724 1.709 1.694 1.676 1.657 1.639 1.62 1.601 1.583 1.564 1.546 1.527 1.509
24.793 24.001 23.208 22.415 21.623 20.83 20.843 21.02 21.197 21.374 21.551 21.728 21.905 23.02 24.444 25.869 27.294 28.718 30.143 31.567 32.992 34.417 35.426 35.697 35.967 36.238 36.508 36.779 37.049 37.042 36.753 36.464 36.175 35.886 35.597 35.308 35.018 34.729 34.44 34.036 33.617 33.198 32.78 32.361 31.942 31.523 31.105 30.686 30.284 30.555 30.826 31.097 31.367 31.638 31.909 32.187 32.473 32.76 33.047 33.333 33.62 33.907 32.841 31.763 30.685 29.607 28.529 27.45 26.372 25.294 24.216 23.138 24.849 26.715 28.581 30.446 32.312 34.178 34.514 34.314 34.114 33.913 33.713 33.512 33.312 33.112 32.911 32.711 31.978 30.657 29.336 28.015 26.693 25.372 24.009 22.604 21.198 19.792 18.386 16.98 15.574 14.168 12.762 11.356 9.954 9.93 9.905 9.881 9.856 9.832 9.807 9.783 9.758 9.734 9.71 9.385 7.994 6.602 5.21 3.818 2.426 1.769 1.754 1.739 1.724 1.708 1.693 1.675 1.656 1.637 1.619 1.6 1.582 1.563 1.545 1.526
23.059 22.267 21.474 20.681 19.889 19.096 19.124 19.301 19.478 19.655 19.832 20.009 20.186 20.363 21.728 23.153 24.577 26.002 27.426 28.851 30.276 31.7 32.691 32.962 33.232 33.503 33.773 34.044 34.314 34.585 34.465 34.176 33.887 33.598 33.309 33.02 32.731 32.442 32.153 31.746 31.327 30.909 30.49 30.071 29.652 29.234 28.815 28.396 28.583 28.854 29.125 29.396 29.667 29.937 30.208 30.486 30.773 31.059 31.346 31.633 31.919 32.206 32.231 31.153 30.074 28.996 27.918 26.84 25.762 24.684 23.605 22.527 24.287 26.153 28.019 29.885 31.75 33.616 35.482 35.402 35.201 35.001 34.801 34.6 34.4 34.2 33.999 33.799 33.047 31.726 30.405 29.084 27.763 26.441 25.12 23.74 22.334 20.929 19.523 18.117 16.711 15.305 13.899 12.493 11.114 11.09 11.065 11.041 11.016 10.992 10.968 10.943 10.919 10.894 10.768 9.377 7.985 6.593 5.201 3.81 2.418 1.784 1.769 1.754 1.739 1.723 1.708 1.692 1.674 1.655 1.636 1.618 1.599 1.581 1.562 1.544
21.325 20.532 19.74 18.947 18.155 17.362 17.406 17.583 17.76 17.937 18.114 18.291 18.468 18.645 19.012 20.436 21.861 23.286 24.71 26.135 27.559 28.984 29.957 30.227 30.498 30.768 31.039 31.309 31.579 31.85 32.12 31.889 31.6 31.31 31.021 30.732 30.443 30.154 29.865 29.456 29.038 28.619 28.2 27.781 27.363 26.944 26.525 26.611 26.882 27.153 27.424 27.695 27.966 28.236 28.507 28.785 29.072 29.359 29.645 29.932 30.219 30.505 30.792 30.542 29.464 28.386 27.308 26.229 25.151 24.073 22.995 21.917 23.725 25.591 27.457 29.323 31.188 33.054 34.92 36.49 36.289 36.089 35.889 35.688 35.488 35.288 35.087 34.887 34.116 32.795 31.474 30.153 28.832 27.511 26.19 24.868 23.471 22.065 20.659 19.254 17.848 16.442 15.036 13.63 12.275 12.25 12.226 12.201 12.177 12.152 12.128 12.103 12.079 12.054 10.76 9.368 7.976 6.584 5.193 3.801 2.409 1.799 1.784 1.769 1.753 1.738 1.723 1.708 1.691 1.673 1.654 1.635 1.617 1.598 1.58 1.561
19.591 18.798 18.006 17.213 16.42 15.628 15.687 15.864 16.041 16.218 16.395 16.572 16.749 16.926 17.103 17.72 19.145 20.569 21.994 23.418 24.843 26.268 27.222 27.492 27.763 28.033 28.304 28.574 28.845 29.115 29.386 29.601 29.312 29.023 28.734 28.445 28.156 27.867 27.578 27.167 26.748 26.329 25.91 25.492 25.073 24.654 24.639 24.91 25.181 25.452 25.723 25.994 26.265 26.535 26.806 27.085 27.371 27.658 27.945 28.231 28.518 28.805 29.091 29.378 28.853 27.775 26.697 25.619 24.541 23.463 22.384 21.306 23.163 25.029 26.895 28.761 30.627 32.492 34.358 36.224 37.377 37.177 36.977 36.776 36.576 36.375 36.175 35.975 35.186 33.864 32.543 31.222 29.901 28.58 27.259 25.938 24.608 23.202 21.796 20.39 18.984 17.579 16.173 14.767 13.435 13.41 13.386 13.361 13.337 13.312 13.288 13.263 13.239 12.143 10.751 9.359 7.968 6.576 5.184 3.792 2.401 1.814 1.799 1.783 1.768 1.753 1.738 1.723 1.707 1.69 1.671 1.653 1.634 1.616 1.597 1.579
17.857 17.064 16.272 15.479 14.686 13.894 13.968 14.145 14.322 14.499 14.676 14.853 15.03 15.207 15.384 15.561 16.428 17.853 19.278 20.702 22.127 23.551 24.487 24.758 25.028 25.299 25.569 25.839 26.11 26.38 26.651 26.921 27.024 26.735 26.446 26.157 25.868 25.579 25.29 24.877 24.458 24.039 23.621 23.202 22.783 22.668 22.938 23.209 23.48 23.751 24.022 24.293 24.564 24.835 25.105 25.384 25.671 25.957 26.244 26.531 26.817 27.104 27.391 27.677 27.964 27.165 26.087 25.008 23.93 22.852 21.774 20.736 22.602 24.467 26.333 28.199 30.065 31.931 33.796 35.662 37.528 38.265 38.064 37.864 37.664 37.463 37.263 37.063 36.255 34.934 33.612 32.291 30.97 29.649 28.328 27.007 25.686 24.339 22.933 21.527 20.121 18.715 17.31 15.904 14.595 14.57 14.546 14.522 14.497 14.473 14.448 14.424 13.526 12.134 10.743 9.351 7.959 6.567 5.175 3.784 2.392 1.829 1.814 1.798 1.783 1.768 1.753 1.737 1.722 1.707 1.689 1.67 1.652 1.633 1.615 1.596
16.123 15.33 14.538 13.745 12.952 12.16 12.249 12.427 12.604 12.781 12.958 13.135 13.312 13.489 13.666 13.843 14.02 15.137 16.561 17.986 19.41 20.835 21.752 22.023 22.293 22.564 22.834 23.105 23.375 23.646 23.916 24.187 24.457 24.448 24.159 23.87 23.58 23.291 23.002 22.587 22.168 21.75 21.331 20.912 20.696 20.967 21.238 21.508 21.779 22.05 22.321 22.592 22.863 23.134 23.404 23.683 23.97 24.257 24.543 24.83 25.117 25.403 25.69 25.977 26.263 26.55 25.476 24.398 23.32 22.242 21.163 20.174 22.04 23.906 25.771 27.637 29.503 31.369 33.235 35.1 36.966 38.832 39.152 38.952 38.752 38.551 38.351 38.151 37.324 36.003 34.682 33.36 32.039 30.718 29.397 28.076 26.755 25.434 24.07 22.664 21.258 19.852 18.446 17.04 15.755 15.731 15.706 15.682 15.657 15.633 15.608 14.909 13.517 12.126 10.734 9.342 7.95 6.559 5.167 3.775 2.383 1.844 1.828 1.813 1.798 1.783 1.767 1.752 1.737 1.722 1.707 1.688 1.669 1.651 1.632 1.614
14.389 13.596 12.804 12.011 11.218 10.426 10.531 10.708 10.885 11.062 11.239 11.416 11.593 11.77 11.947 12.124 12.301 12.478 13.845 15.27 16.694 18.119 19.018 19.288 19.559 19.829 20.099 20.37 20.64 20.911 21.181 21.452 21.722 21.993 21.871 21.582 21.293 21.004 20.715 20.297 19.879 19.46 19.041 18.724 18.995 19.266 19.537 19.807 20.078 20.349 20.62 20.891 21.162 21.433 21.704 21.983 22.269 22.556 22.843 23.129 23.416 23.703 23.989 24.276 24.563 24.849 24.866 23.787 22.709 21.631 20.553 19.612 21.478 23.344 25.21 27.075 28.941 30.807 32.673 34.539 36.404 38.27 40.136 40.04 39.84 39.639 39.439 39.238 38.393 37.072 35.751 34.43 33.109 31.787 30.466 29.145 27.824 26.503 25.182 23.801 22.395 20.989 19.583 18.177 16.915 16.891 16.866 16.842 16.817 16.793 16.292 14.901 13.509 12.117 10.725 9.333 7.942 6.55 5.158 3.766 2.375 1.858 1.843 1.828 1.813 1.798 1.782 1.767 1.752 1.737 1.721 1.705 1.687 1.668 1.65 1.631
12.655 11.862 11.07 10.277 9.484 8.692 8.812 8.989 9.166 9.343 9.52 9.697 9.874 10.051 10.228 10.405 10.582 10.759 11.129 12.553 13.978 15.402 16.283 16.553 16.824 17.094 17.365 17.635 17.906 18.176 18.447 18.717 18.988 19.258 19.528 19.294 19.005 18.716 18.427 18.008 17.589 17.17 16.752 17.023 17.294 17.565 17.836 18.107 18.377 18.648 18.919 19.19 19.461 19.732 20.003 20.282 20.569 20.855 21.142 21.429 21.715 22.002 22.289 22.575 22.862 23.149 23.435 23.177 22.099 21.021 19.942 19.05 20.916 22.782 24.648 26.513 28.379 30.245 32.111 33.977 35.842 37.708 39.574 41.128 40.928 40.727 40.527 40.326 39.462 38.141 36.82 35.499 34.178 32.857 31.535 30.214 28.893 27.572 26.251 24.93 23.532 22.126 20.72 19.314 18.075 18.051 18.027 18.002 17.978 17.675 16.284 14.892 13.5 12.108 10.717 9.325 7.933 6.541 5.149 3.758 2.366 1.873 1.858 1.843 1.828 1.812 1.797 1.782 1.767 1.752 1.736 1.721 1.704 1.686 1.667 1.649
10.921 10.128 9.336 8.543 7.75 6.958 7.093 7.27 7.447 7.624 7.801 7.978 8.155 8.332 8.51 8.687 8.864 9.041 9.218 9.837 11.261 12.686 13.548 13.819 14.089 14.359 14.63 14.9 15.171 15.441 15.712 15.982 16.253 16.523 16.794 17.007 16.718 16.429 16.137 15.718 15.299 14.881 15.051 15.322 15.593 15.864 16.135 16.406 16.676 16.947 17.218 17.489 17.76 18.031 18.302 18.581 18.868 19.155 19.441 19.728 20.015 20.301 20.588 20.875 21.161 21.448 21.735 22.021 21.488 20.41 19.332 18.488 20.354 22.22 24.086 25.952 27.817 29.683 31.549 33.415 35.281 37.146 39.012 40.878 42.015 41.815 41.615 41.414 40.531 39.21 37.889 36.568 35.247 33.926 32.605 31.283 29.962 28.641 27.32 25.999 24.669 23.263 21.857 20.451 19.236 19.211 19.187 19.162 19.059 17.667 16.275 14.883 13.491 12.1 10.708 9.316 7.924 6.533 5.141 3.749 2.357 1.888 1.873 1.858 1.842 1.827 1.812 1.797 1.782 1.766 1.751 1.736 1.721 1.703 1.685 1.666
9.187 8.394 7.601 6.809 6.016 5.223 5.375 5.552 5.729 5.906 6.083 6.26 6.437 6.614 6.791 6.968 7.145 7.322 7.499 7.676 8.545 9.97 10.813 11.084 11.354 11.625 11.895 12.166 12.436 12.707 12.977 13.248 13.518 13.788 14.059 14.329 14.43 14.141 13.847 13.428 13.01 13.079 13.35 13.621 13.892 14.163 14.434 14.705 14.976 15.246 15.517 15.788 16.059 16.33 16.601 16.881 17.167 17.454 17.741 18.027 18.314 18.601 18.887 19.174 19.461 19.747 20.034 20.321 20.607 19.8 18.721 17.927 19.792 21.658 23.524 25.39 27.256 29.121 30.987 32.853 34.719 36.585 38.45 40.316 42.182 42.903 42.703 42.502 41.601 40.28 38.958 37.637 36.316 34.995 33.674 32.353 31.032 29.71 28.389 27.068 25.747 24.4 22.994 21.588 20.396 20.371 20.347 20.322 19.05 17.658 16.266 14.875 13.483 12.091 10.699 9.308 7.916 6.524 5.132 3.74 2.349 1.903 1.888 1.873 1.857 1.842 1.827 1.812 1.796 1.781 1.766 1.751 1.736 1.72 1.702 1.684
7.453 6.66 5.867 5.075 4.282 3.489 3.656 3.833 4.01 4.187 4.364 4.541 4.718 4.895 5.072 5.249 5.426 5.603 5.78 5.957 6.134 7.253 8.078 8.349 8.619 8.89 9.16 9.431 9.701 9.972 10.242 10.513 10.783 11.054 11.324 11.595 11.865 11.853 11.557 11.139 11.108 11.379 11.649 11.92 12.191 12.462 12.733 13.004 13.275 13.545 13.816 14.087 14.358 14.629 14.9 15.18 15.467 15.753 16.04 16.327 16.613 16.9 17.187 17.473 17.76 18.047 18.333 18.62 18.907 19.189 18.111 17.365 19.231 21.096 22.962 24.828 26.694 28.56 30.425 32.291 34.157 36.023 37.889 39.754 41.62 43.486 43.791 43.59 42.67 41.349 40.028 38.706 37.385 36.064 34.743 33.422 32.101 30.78 29.458 28.137 26.816 25.495 24.131 22.725 21.556 21.532 21.507 20.433 19.041 17.65 16.258 14.866 13.474 12.082 10.691 9.299 7.907 6.515 5.124 3.732 2.34 1.918 1.903 1.887 1.872 1.857 1.842 1.827 1.811 1.796 1.781 1.766 1.75 1.735 1.72 1.701
5.719 4.926 4.133 3.341 2.548 1.76 1.937 2.114 2.291 2.468 2.645 2.822 2.999 3.176 3.353 3.53 3.707 3.884 4.061 4.238 4.415 4.593 5.344 5.614 5.885 6.155 6.426 6.696 6.967 7.237 7.508 7.778 8.048 8.319 8.589 8.86 9.13 9.401 9.268 9.136 9.407 9.678 9.948 10.219 10.49 10.761 11.032 11.303 11.574 11.845 12.115 12.386 12.657 12.928 13.199 13.479 13.766 14.053 14.339 14.626 14.913 15.199 15.486 15.773 16.059 16.346 16.633 16.919 17.206 17.493 17.5 16.803 18.669 20.535 22.4 24.266 26.132 27.998 29.864 31.729 33.595 35.461 37.327 39.192 41.058 42.924 44.79 44.678 43.739 42.418 41.097 39.776 38.454 37.133 35.812 34.491 33.17 31.849 30.528 29.206 27.885 26.564 25.243 23.862 22.716 22.692 21.816 20.424 19.033 17.641 16.249 14.857 13.466 12.074 10.682 9.29 7.898 6.507 5.115 3.723 2.331 1.933 1.917 1.902 1.887 1.872 1.857 1.841 1.826 1.811 1.796 1.78 1.765 1.75 1.735 1.719
5.35 4.532 3.713 2.894 2.076 1.277 1.428 1.578 1.729 1.88 2.031 2.181 2.332 2.483 2.633 2.784 2.935 3.085 3.236 3.387 3.537 3.688 3.822 4.052 4.281 4.511 4.74 4.97 5.199 5.429 5.658 5.888 6.117 6.347 6.576 6.806 7.035 7.264 7.434 7.663 7.916 8.168 8.421 8.673 8.926 9.178 9.431 9.683 9.936 10.188 10.441 10.693 10.956 11.227 11.498 11.778 12.065 12.352 12.639 12.925 13.212 13.499 13.785 14.072 14.359 14.645 14.932 15.219 15.505 15.792 16.079 16.241 18.107 19.973 21.839 23.704 25.57 27.436 29.302 31.167 33.033 34.899 36.765 38.631 40.496 42.362 44.228 45.766 44.808 43.487 42.166 40.845 39.524 38.203 36.881 35.56 34.239 32.918 31.597 30.276 28.955 27.633 26.312 24.991 23.876 23.199 21.808 20.416 19.024 17.632 16.24 14.849 13.457 12.065 10.673 9.282 7.89 6.498 5.106 3.714 2.323 1.948 1.932 1.917 1.902 1.887 1.871 1.856 1.841 1.826 1.811 1.795 1.78 1.765 1.75 1.734
5.271 4.452 3.634 2.815 1.996 1.213 1.364 1.514 1.665 1.816 1.967 2.117 2.268 2.419 2.569 2.72 2.871 3.021 3.172 3.323 3.473 3.504 3.636 3.865 4.095 4.324 4.554 4.783 5.013 5.242 5.472 5.701 5.931 6.16 6.39 6.619 6.849 7.051 7.057 7.089 7.342 7.595 7.847 8.1 8.352 8.605 8.857 9.11 9.362 9.615 9.867 10.12 10.372 10.625 10.877 11.14 11.408 11.676 11.944 12.212 12.48 12.749 13.017 13.285 13.553 13.821 14.089 14.357 14.626 14.894 15.162 15.244 16.399 18.294 20.188 22.083 23.977 25.872 27.766 29.661 31.556 33.45 35.345 37.239 39.134 41.028 42.923 44.818 44.525 43.261 41.997 40.734 39.47 38.206 36.942 35.679 34.415 33.151 31.887 30.623 29.36 28.096 26.832 25.568 24.572 23.182 21.791 20.401 19.011 17.62 16.23 14.839 13.448 12.056 10.665 9.273 7.881 6.489 5.098 3.706 2.314 1.962 1.947 1.932 1.917 1.901 1.886 1.871 1.856 1.841 1.825 1.81 1.795 1.78 1.765 1.749
5.192 4.373 3.554 2.736 1.917 1.149 1.3 1.45 1.601 1.752 1.903 2.053 2.204 2.355 2.505 2.656 2.807 2.957 3.108 3.259 3.311 3.314 3.45 3.679 3.909 4.138 4.367 4.597 4.826 5.056 5.285 5.515 5.744 5.974 6.203 6.433 6.662 6.674 6.68 6.686 6.768 7.021 7.273 7.526 7.778 8.031 8.283 8.536 8.789 9.041 9.294 9.546 9.799 10.051 10.304 10.566 10.834 11.103 11.371 11.639 11.907 12.175 12.443 12.711 12.98 13.248 13.516 13.784 14.052 14.32 14.439 14.453 14.467 16.001 17.896 19.791 21.685 23.58 25.474 27.369 29.263 31.158 33.053 34.947 36.842 38.736 40.631 42.525 42.18 40.916 39.652 38.389 37.125 35.861 34.597 33.334 32.07 30.806 29.542 28.278 27.015 25.751 24.487 23.469 23.517 23.094 21.703 20.313 18.923 17.532 16.142 14.751 13.361 11.971 10.58 9.19 7.799 6.409 5.018 3.628 2.238 1.911 1.897 1.883 1.869 1.855 1.841 1.828 1.814 1.8 1.786 1.772 1.758 1.744 1.731 1.717
5.112 4.294 3.475 2.656 1.838 1.085 1.236 1.386 1.537 1.688 1.838 1.989 2.14 2.291 2.441 2.592 2.743 2.893 3.044 3.118 3.121 3.124 3.263 3.493 3.722 3.952 4.181 4.411 4.64 4.87 5.099 5.328 5.558 5.787 6.017 6.246 6.291 6.297 6.303 6.309 6.316 6.447 6.7 6.952 7.205 7.457 7.71 7.962 8.215 8.467 8.72 8.972 9.225 9.478 9.73 9.993 10.261 10.529 10.797 11.065 11.334 11.602 11.87 12.138 12.406 12.674 12.942 13.211 13.479 13.635 13.649 13.662 13.676 13.709 15.604 17.498 19.393 21.287 23.182 25.077 26.971 28.866 30.76 32.655 34.549 36.444 38.339 40.233 39.835 38.571 37.307 36.044 34.78 33.516 32.252 30.989 29.725 28.461 27.197 25.933 24.67 23.406 22.197 22.25 22.297 22.325 21.615 20.225 18.835 17.444 16.054 14.663 13.273 11.883 10.492 9.102 7.711 6.321 4.93 3.54 2.15 1.846 1.832 1.818 1.805 1.791 1.777 1.763 1.749 1.735 1.721 1.708 1.694 1.68 1.666 1.652
5.033 4.214 3.396 2.577 1.758 1.021 1.172 1.322 1.473 1.624 1.774 1.925 2.076 2.227 2.377 2.528 2.679 2.829 2.925 2.928 2.931 2.934 3.077 3.306 3.536 3.765 3.995 4.224 4.454 4.683 4.913 5.142 5.372 5.601 5.83 5.907 5.913 5.92 5.926 5.932 5.939 5.945 6.126 6.379 6.631 6.884 7.136 7.389 7.641 7.894 8.146 8.399 8.651 8.904 9.156 9.42 9.688 9.956 10.224 10.492 10.76 11.028 11.296 11.565 11.833 12.101 12.369 12.637 12.83 12.844 12.858 12.872 12.886 12.9 13.312 15.206 17.101 18.995 20.89 22.784 24.679 26.573 28.468 30.363 32.257 34.152 36.046 37.941 37.49 36.226 34.962 33.699 32.435 31.171 29.907 28.643 27.38 26.116 24.852 23.588 22.325 21.061 20.978 21.031 21.078 21.106 21.134 20.137 18.747 17.356 15.966 14.575 13.185 11.794 10.404 9.014 7.623 6.233 4.842 3.452 2.062 1.782 1.768 1.754 1.74 1.726 1.712 1.699 1.685 1.671 1.657 1.643 1.629 1.615 1.602 1.597
4.954 4.135 3.316 2.498 1.679 0.957 1.108 1.258 1.409 1.56 1.71 1.861 2.012 2.163 2.313 2.464 2.615 2.732 2.735 2.738 2.741 2.744 2.89 3.12 3.349 3.579 3.808 4.038 4.267 4.497 4.726 4.956 5.185 5.415 5.524 5.53 5.536 5.543 5.549 5.555 5.562 5.568 5.574 5.805 6.057 6.31 6.562 6.815 7.068 7.32 7.573 7.825 8.078 8.33 8.583 8.846 9.114 9.382 9.651 9.919 10.187 10.455 10.723 10.991 11.259 11.527 11.796 12.026 12.04 12.054 12.067 12.081 12.095 12.109 12.123 12.914 14.808 16.703 18.598 20.492 22.387 24.281 26.176 28.07 29.965 31.86 33.754 35.649 35.145 33.881 32.617 31.354 30.09 28.826 27.562 26.298 25.035 23.771 22.507 21.243 19.98 19.705 19.758 19.812 19.858 19.886 19.914 19.943 18.659 17.268 15.878 14.487 13.097 11.706 10.316 8.926 7.535 6.145 4.754 3.364 1.974 1.717 1.703 1.689 1.676 1.662 1.648 1.634 1.62 1.606 1.592 1.579 1.565 1.551 1.543 1.548
4.874 4.056 3.237 2.418 1.599 0.893 1.044 1.194 1.345 1.496 1.646 1.797 1.948 2.098 2.249 2.4 2.539 2.542 2.545 2.548 2.551 2.554 2.704 2.934 3.163 3.392 3.622 3.851 4.081 4.31 4.54 4.769 4.999 5.141 5.147 5.153 5.159 5.166 5.172 5.178 5.185 5.191 5.197 5.231 5.484 5.736 5.989 6.241 6.494 6.746 6.999 7.251 7.504 7.757 8.009 8.273 8.541 8.809 9.077 9.345 9.613 9.882 10.15 10.418 10.686 10.954 11.221 11.235 11.249 11.263 11.277 11.291 11.305 11.318 11.332 11.346 12.516 14.411 16.305 18.2 20.094 21.989 23.884 25.778 27.673 29.567 31.462 33.356 32.8 31.536 30.272 29.008 27.745 26.481 25.217 23.953 22.69 21.426 20.162 18.898 18.432 18.486 18.539 18.593 18.638 18.667 18.695 18.723 18.571 17.18 15.79 14.399 13.009 11.618 10.228 8.838 7.447 6.057 4.666 3.276 1.886 1.653 1.639 1.625 1.611 1.597 1.583 1.57 1.556 1.542 1.528 1.514 1.5 1.49 1.494 1.499
4.795 3.976 3.157 2.339 1.52 0.829 0.98 1.13 1.281 1.432 1.582 1.733 1.884 2.034 2.185 2.336 2.349 2.352 2.355 2.358 2.361 2.364 2.518 2.747 2.977 3.206 3.436 3.665 3.894 4.124 4.353 4.583 4.758 4.764 4.77 4.776 4.782 4.789 4.795 4.801 4.808 4.814 4.82 4.827 4.91 5.163 5.415 5.668 5.92 6.173 6.425 6.678 6.93 7.183 7.435 7.699 7.967 8.236 8.504 8.772 9.04 9.308 9.576 9.844 10.113 10.381 10.431 10.445 10.459 10.472 10.486 10.5 10.514 10.528 10.542 10.556 10.569 12.119 14.013 15.908 17.802 19.697 21.591 23.486 25.38 27.275 29.17 31.064 30.455 29.191 27.927 26.663 25.4 24.136 22.872 21.608 20.345 19.081 17.817 17.16 17.213 17.267 17.32 17.374 17.419 17.447 17.475 17.503 17.532 17.092 15.702 14.311 12.921 11.53 10.14 8.75 7.359 5.969 4.578 3.188 1.798 1.588 1.574 1.56 1.547 1.533 1.519 1.505 1.491 1.477 1.463 1.45 1.437 1.441 1.445 1.45
4.716 3.897 3.078 2.259 1.441 0.765 0.916 1.066 1.217 1.368 1.518 1.669 1.82 1.97 2.121 2.156 2.159 2.162 2.165 2.168 2.171 2.174 2.331 2.561 2.79 3.02 3.249 3.479 3.708 3.938 4.167 4.375 4.381 4.387 4.393 4.399 4.405 4.412 4.418 4.424 4.431 4.437 4.443 4.45 4.456 4.589 4.841 5.094 5.347 5.599 5.852 6.104 6.357 6.609 6.862 7.126 7.394 7.662 7.93 8.198 8.467 8.735 9.003 9.271 9.539 9.626 9.64 9.654 9.668 9.682 9.696 9.71 9.724 9.737 9.751 9.765 9.779 9.826 11.721 13.615 15.51 17.405 19.299 21.194 23.088 24.983 26.877 28.772 28.11 26.846 25.582 24.318 23.055 21.791 20.527 19.263 18.0 16.736 15.887 15.941 15.994 16.047 16.101 16.154 16.199 16.227 16.256 16.284 16.312 16.34 15.614 14.223 12.833 11.442 10.052 8.662 7.271 5.881 4.49 3.1 1.71 1.524 1.51 1.496 1.482 1.468 1.454 1.441 1.427 1.413 1.399 1.385 1.388 1.392 1.397 1.401
4.636 3.817 2.999 2.18 1.361 0.701 0.852 1.002 1.153 1.304 1.454 1.605 1.756 1.906 1.963 1.966 1.969 1.972 1.975 1.978 1.981 1.984 2.145 2.374 2.604 2.833 3.063 3.292 3.522 3.751 3.981 3.998 4.004 4.01 4.016 4.022 4.028 4.035 4.041 4.047 4.054 4.06 4.066 4.073 4.079 4.085 4.268 4.52 4.773 5.025 5.278 5.53 5.783 6.036 6.288 6.552 6.821 7.089 7.357 7.625 7.893 8.161 8.429 8.698 8.822 8.836 8.85 8.864 8.878 8.891 8.905 8.919 8.933 8.947 8.961 8.974 8.988 9.002 9.429 11.323 13.218 15.112 17.007 18.901 20.796 22.691 24.585 26.48 25.765 24.501 23.237 21.973 20.71 19.446 18.182 16.918 15.655 14.615 14.668 14.721 14.775 14.828 14.882 14.935 14.98 15.008 15.036 15.064 15.092 15.12 15.149 14.135 12.745 11.354 9.964 8.574 7.183 5.793 4.402 3.012 1.622 1.459 1.445 1.431 1.418 1.404 1.39 1.376 1.362 1.348 1.334 1.335 1.339 1.343 1.348 1.352
4.557 3.738 2.919 2.101 1.282 0.637 0.788 0.938 1.089 1.24 1.39 1.541 1.692 1.77 1.773 1.776 1.779 1.782 1.785 1.788 1.791 1.794 1.959 2.188 2.417 2.647 2.876 3.106 3.335 3.565 3.615 3.621 3.627 3.633 3.639 3.645 3.651 3.658 3.664 3.67 3.677 3.683 3.689 3.696 3.702 3.708 3.715 3.947 4.199 4.452 4.704 4.957 5.209 5.462 5.714 5.979 6.247 6.515 6.783 7.052 7.32 7.588 7.856 8.017 8.031 8.045 8.059 8.073 8.087 8.101 8.115 8.129 8.142 8.156 8.17 8.184 8.198 8.211 8.225 9.031 10.926 12.82 14.715 16.609 18.504 20.398 22.293 24.187 23.42 22.156 20.892 19.628 18.365 17.101 15.837 14.573 13.342 13.395 13.449 13.502 13.556 13.609 13.663 13.716 13.76 13.788 13.816 13.845 13.873 13.901 13.929 13.957 12.657 11.266 9.876 8.486 7.095 5.705 4.314 2.924 1.534 1.395 1.381 1.367 1.353 1.339 1.325 1.312 1.298 1.284 1.281 1.286 1.29 1.294 1.299 1.303
4.477 3.659 2.84 2.021 1.203 0.573 0.724 0.874 1.025 1.176 1.326 1.477 1.577 1.58 1.583 1.586 1.589 1.592 1.595 1.598 1.601 1.604 1.772 2.002 2.231 2.461 2.69 2.919 3.149 3.232 3.238 3.244 3.25 3.256 3.262 3.268 3.274 3.281 3.287 3.293 3.3 3.306 3.312 3.319 3.325 3.331 3.338 3.373 3.626 3.878 4.131 4.383 4.636 4.888 5.141 5.406 5.674 5.942 6.21 6.478 6.746 7.014 7.213 7.227 7.241 7.255 7.269 7.283 7.296 7.31 7.324 7.338 7.352 7.366 7.38 7.393 7.407 7.421 7.435 7.449 8.633 10.528 12.422 14.317 16.212 18.106 20.001 21.895 21.075 19.811 18.547 17.283 16.02 14.756 13.492 12.228 12.123 12.176 12.23 12.283 12.337 12.39 12.443 12.497 12.54 12.569 12.597 12.625 12.653 12.681 12.709 12.738 12.569 11.178 9.788 8.398 7.007 5.617 4.226 2.836 1.446 1.33 1.316 1.302 1.289 1.275 1.261 1.247 1.233 1.228 1.232 1.237 1.241 1.245 1.25 1.254
4.398 3.579 2.761 1.942 1.123 0.509 0.659 0.81 0.961 1.112 1.262 1.384 1.387 1.39 1.393 1.396 1.399 1.402 1.405 1.408 1.411 1.414 1.586 1.815 2.045 2.274 2.504 2.733 2.849 2.855 2.861 2.867 2.873 2.879 2.885 2.891 2.897 2.904 2.91 2.916 2.923 2.929 2.935 2.942 2.948 2.954 2.961 2.967 3.052 3.304 3.557 3.809 4.062 4.315 4.567 4.832 5.1 5.369 5.637 5.905 6.173 6.408 6.422 6.436 6.45 6.464 6.478 6.492 6.506 6.52 6.534 6.548 6.561 6.575 6.589 6.603 6.617 6.63 6.644 6.658 6.672 8.236 10.13 12.025 13.919 15.814 17.708 19.603 18.73 17.466 16.202 14.938 13.675 12.411 11.147 10.85 10.904 10.957 11.01 11.064 11.117 11.171 11.224 11.278 11.321 11.349 11.377 11.405 11.433 11.462 11.49 11.518 11.546 11.09 9.7 8.31 6.919 5.529 4.138 2.748 1.357 1.266 1.252 1.238 1.224 1.21 1.196 1.183 1.175 1.179 1.183 1.188 1.192 1.196 1.201 1.205
4.319 3.5 2.681 1.863 1.044 0.445 0.595 0.746 0.897 1.048 1.191 1.194 1.197 1.2 1.203 1.206 1.209 1.212 1.215 1.218 1.221 1.224 1.399 1.629 1.858 2.088 2.317 2.466 2.472 2.478 2.484 2.49 2.496 2.502 2.508 2.514 2.52 2.527 2.533 2.539 2.546 2.552 2.558 2.565 2.571 2.577 2.584 2.59 2.597 2.731 2.983 3.236 3.488 3.741 3.993 4.259 4.527 4.795 5.063 5.331 5.6 5.618 5.632 5.646 5.66 5.674 5.688 5.701 5.715 5.729 5.743 5.757 5.771 5.785 5.798 5.812 5.826 5.84 5.854 5.867 5.881 5.943 7.838 9.733 11.627 13.522 15.416 17.311 16.385 15.121 13.857 12.593 11.33 10.066 9.577 9.631 9.684 9.738 9.791 9.845 9.898 9.952 10.005 10.058 10.101 10.129 10.158 10.186 10.214 10.242 10.27 10.298 10.327 10.355 9.612 8.222 6.831 5.441 4.05 2.66 1.269 1.201 1.187 1.174 1.16 1.146 1.132 1.121 1.126 1.13 1.134 1.139 1.143 1.147 1.152 1.156
3.8 3.421 2.602 1.783 0.965 0.381 0.531 0.682 0.833 0.984 1.001 1.004 1.007 1.01 1.013 1.016 1.019 1.022 1.025 1.028 1.031 1.034 1.213 1.442 1.672 1.901 2.083 2.089 2.095 2.101 2.107 2.113 2.119 2.125 2.131 2.137 2.143 2.15 2.156 2.162 2.169 2.175 2.181 2.188 2.194 2.2 2.207 2.213 2.22 2.226 2.41 2.662 2.915 3.167 3.42 3.685 3.954 4.222 4.49 4.758 4.813 4.827 4.841 4.855 4.869 4.883 4.897 4.911 4.925 4.939 4.953 4.967 4.98 4.994 5.008 5.022 5.036 5.049 5.063 5.077 5.091 5.105 5.546 7.44 9.335 11.229 13.124 15.019 14.04 12.776 11.512 10.248 8.985 8.305 8.358 8.412 8.465 8.519 8.572 8.626 8.679 8.732 8.786 8.839 8.882 8.91 8.938 8.966 8.994 9.022 9.051 9.079 9.107 9.135 9.163 8.134 6.743 5.353 3.962 2.572 1.181 1.137 1.123 1.109 1.095 1.081 1.068 1.073 1.077 1.081 1.086 1.09 1.094 1.099 1.103 1.107
3.056 3.068 2.523 1.704 0.885 0.317 0.467 0.618 0.769 0.808 0.811 0.814 0.817 0.82 0.823 0.826 0.829 0.832 0.835 0.838 0.841 0.844 1.027 1.256 1.486 1.7 1.706 1.712 1.718 1.724 1.73 1.736 1.742 1.748 1.754 1.76 1.766 1.773 1.779 1.785 1.792 1.798 1.804 1.811 1.817 1.824 1.83 1.836 1.843 1.849 1.855 2.088 2.341 2.594 2.846 3.112 3.38 3.648 3.916 4.009 4.023 4.037 4.051 4.065 4.079 4.093 4.106 4.12 4.134 4.148 4.162 4.176 4.19 4.204 4.217 4.231 4.245 4.259 4.273 4.286 4.3 4.314 4.328 5.148 7.043 8.937 10.832 12.726 11.695 10.431 9.167 7.903 7.032 7.086 7.139 7.193 7.246 7.299 7.353 7.406 7.46 7.513 7.567 7.62 7.662 7.69 7.718 7.746 7.775 7.803 7.831 7.859 7.887 7.916 7.944 7.972 6.655 5.265 3.874 2.484 1.093 1.072 1.058 1.045 1.031 1.017 1.019 1.024 1.028 1.032 1.037 1.041 1.045 1.05 1.054 1.058
2.313 2.324 2.336 1.625 0.806 0.253 0.403 0.554 0.615 0.618 0.621 0.624 0.627 0.63 0.633 0.636 0.639 0.642 0.645 0.648 0.651 0.654 0.84 1.07 1.299 1.323 1.329 1.335 1.341 1.347 1.353 1.359 1.365 1.371 1.377 1.383 1.389 1.396 1.402 1.408 1.415 1.421 1.427 1.434 1.44 1.447 1.453 1.459 1.466 1.472 1.478 1.515 1.767 2.02 2.272 2.539 2.807 3.075 3.205 3.218 3.232 3.246 3.26 3.274 3.288 3.302 3.316 3.33 3.344 3.358 3.372 3.385 3.399 3.413 3.427 3.441 3.454 3.468 3.482 3.496 3.51 3.523 3.537 3.551 4.75 6.645 8.54 10.434 9.35 8.086 6.822 5.76 5.813 5.866 5.92 5.973 6.027 6.08 6.134 6.187 6.241 6.294 6.348 6.401 6.442 6.471 6.499 6.527 6.555 6.583 6.611 6.64 6.668 6.696 6.724 6.752 6.567 5.177 3.786 2.396 1.022 1.008 0.994 0.98 0.966 0.966 0.97 0.975 0.979 0.983 0.988 0.992 0.996 1.001 1.005 1.009
1.569 1.581 1.592 1.545 0.726 0.189 0.339 0.422 0.425 0.428 0.431 0.434 0.437 0.44 0.443 0.446 0.449 0.452 0.455 0.458 0.461 0.464 0.654 0.883 0.939 0.946 0.952 0.958 0.964 0.97 0.976 0.982 0.988 0.994 1.0 1.006 1.012 1.019 1.025 1.031 1.038 1.044 1.05 1.057 1.063 1.07 1.076 1.082 1.089 1.095 1.101 1.108 1.194 1.446 1.699 1.965 2.233 2.4 2.414 2.428 2.442 2.456 2.47 2.484 2.498 2.511 2.525 2.539 2.553 2.567 2.581 2.595 2.609 2.623 2.636 2.65 2.664 2.678 2.692 2.705 2.719 2.733 2.747 2.761 2.774 4.353 6.247 8.142 7.004 5.741 4.487 4.54 4.594 4.647 4.701 4.754 4.808 4.861 4.915 4.968 5.021 5.075 5.128 5.182 5.223 5.251 5.279 5.307 5.335 5.364 5.392 5.42 5.448 5.476 5.504 5.533 5.561 5.089 3.698 2.308 0.957 0.943 0.929 0.916 0.913 0.917 0.921 0.926 0.93 0.934 0.939 0.943 0.947 0.952 0.956 0.96
0.825 0.837 0.849 0.861 0.647 0.125 0.229 0.232 0.235 0.238 0.241 0.244 0.247 0.25 0.253 0.256 0.259 0.262 0.265 0.268 0.271 0.274 0.467 0.556 0.562 0.569 0.575 0.581 0.587 0.593 0.599 0.605 0.611 0.617 0.623 0.629 0.635 0.642 0.648 0.654 0.661 0.667 0.673 0.68 0.686 0.693 0.699 0.705 0.712 0.718 0.724 0.731 0.737 0.873 1.125 1.392 1.596 1.61 1.623 1.637 1.651 1.665 1.679 1.693 1.707 1.721 1.735 1.749 1.763 1.777 1.791 1.804 1.818 1.832 1.846 1.86 1.873 1.887 1.901 1.915 1.929 1.942 1.956 1.97 1.984 2.061 3.955 5.85 4.659 3.396 3.268 3.321 3.375 3.428 3.482 3.535 3.588 3.642 3.695 3.749 3.802 3.856 3.909 3.963 4.003 4.031 4.06 4.088 4.116 4.144 4.172 4.2 4.229 4.257 4.285 4.313 4.341 4.369 3.61 2.22 0.893 0.879 0.865 0.859 0.864 0.868 0.872 0.877 0.881 0.885 0.89 0.894 0.898 0.903 0.907 0.911
0.082 0.093 0.105 0.117 0.129 0.036 0.039 0.042 0.045 0.048 0.051 0.054 0.057 0.06 0.063 0.066 0.069 0.072 0.075 0.078 0.081 0.084 0.173 0.179 0.185 0.192 0.198 0.204 0.21 0.216 0.222 0.228 0.234 0.24 0.246 0.252 0.258 0.265 0.271 0.277 0.284 0.29 0.296 0.303 0.309 0.316 0.322 0.328 0.335 0.341 0.347 0.354 0.36 0.367 0.551 0.791 0.805 0.819 0.833 0.847 0.861 0.875 0.889 0.903 0.916 0.93 0.944 0.958 0.972 0.986 1.0 1.014 1.028 1.041 1.055 1.069 1.083 1.097 1.11 1.124 1.138 1.152 1.166 1.179 1.193 1.207 1.663 3.557 2.314 1.995 2.049 2.102 2.156 2.209 2.262 2.316 2.369 2.423 2.476 2.53 2.583 2.637 2.69 2.743 2.784 2.812 2.84 2.868 2.896 2.924 2.953 2.981 3.009 3.037 3.065 3.093 3.122 3.15 3.178 2.132 0.828 0.814 0.806 0.811 0.815 0.819 0.824 0.828 0.832 0.837 0.841 0.845 0.85 0.854 0.858 0.863
0.0 0.0 0.0 0.0 0.0 0.0 0.0 0.0 0.0 0.0 0.0 0.0 0.0 0.0 0.0 0.0 0.0 0.0 0.0 0.0 0.0 0.0 0.0 0.0 0.0 0.0 0.0 0.0 0.0 0.0 0.0 0.0 0.0 0.0 0.0 0.0 0.0 0.0 0.0 0.001 0.001 0.001 0.001 0.002 0.002 0.002 0.002 0.003 0.003 0.003 0.003 0.004 0.004 0.004 0.005 0.005 0.015 0.028 0.042 0.056 0.07 0.084 0.098 0.112 0.126 0.14 0.154 0.168 0.182 0.196 0.209 0.223 0.237 0.251 0.265 0.278 0.292 0.306 0.32 0.334 0.348 0.361 0.375 0.389 0.403 0.417 0.43 1.233 0.723 0.776 0.829 0.883 0.936 0.99 1.043 1.097 1.15 1.204 1.257 1.31 1.364 1.417 1.471 1.524 1.564 1.592 1.62 1.648 1.677 1.705 1.733 1.761 1.789 1.817 1.846 1.874 1.902 1.93 1.958 1.987 0.764 0.753 0.757 0.762 0.766 0.77 0.775 0.779 0.783 0.788 0.792 0.796 0.801 0.805 0.809 0.814
0.0 0.0 0.0 0.0 0.0 0.0 0.0 0.0 0.0 0.0 0.0 0.0 0.0 0.0 0.0 0.0 0.0 0.0 0.0 0.0 0.0 0.0 0.0 0.0 0.0 0.0 0.0 0.0 0.0 0.0 0.0 0.0 0.0 0.0 0.0 0.0 0.0 0.0 0.0 0.0 0.001 0.001 0.001 0.001 0.002 0.002 0.002 0.002 0.003 0.003 0.003 0.004 0.004 0.004 0.004 0.005 0.006 0.007 0.008 0.009 0.01 0.011 0.012 0.013 0.013 0.014 0.015 0.016 0.017 0.018 0.019 0.019 0.019 0.02 0.021 0.021 0.022 0.023 0.023 0.024 0.025 0.026 0.026 0.027 0.028 0.028 0.029 0.03 0.063 0.096 0.129 0.162 0.195 0.228 0.261 0.294 0.327 0.36 0.393 0.426 0.459 0.492 0.525 0.558 0.57 0.578 0.586 0.594 0.602 0.61 0.618 0.627 0.635 0.643 0.651 0.659 0.682 0.711 0.739 0.767 0.7 0.704 0.708 0.713 0.717 0.721 0.726 0.73 0.734 0.739 0.743 0.747 0.752 0.756 0.76 0.765
0.0 0.0 0.0 0.0 0.0 0.0 0.0 0.0 0.0 0.0 0.0 0.0 0.0 0.0 0.0 0.0 0.0 0.0 0.0 0.0 0.0 0.0 0.0 0.0 0.0 0.0 0.0 0.0 0.0 0.0 0.0 0.0 0.0 0.0 0.0 0.0 0.0 0.0 0.0 0.0 0.0 0.001 0.001 0.001 0.001 0.002 0.002 0.002 0.003 0.003 0.003 0.003 0.004 0.004 0.004 0.005 0.006 0.007 0.008 0.009 0.01 0.01 0.011 0.012 0.013 0.014 0.015 0.016 0.017 0.018 0.018 0.018 0.018 0.019 0.019 0.02 0.021 0.021 0.022 0.023 0.023 0.024 0.025 0.025 0.026 0.027 0.027 0.029 0.062 0.095 0.128 0.161 0.194 0.227 0.26 0.293 0.326 0.359 0.392 0.425 0.458 0.491 0.524 0.538 0.539 0.544 0.552 0.56 0.568 0.576 0.584 0.592 0.6 0.608 0.616 0.624 0.632 0.64 0.648 0.656 0.664 0.668 0.672 0.676 0.68 0.684 0.688 0.692 0.696 0.701 0.705 0.709 0.713 0.717 0.721 0.725
0.0 0.0 0.0 0.0 0.0 0.0 0.0 0.0 0.0 0.0 0.0 0.0 0.0 0.0 0.0 0.0 0.0 0.0 0.0 0.0 0.0 0.0 0.0 0.0 0.0 0.0 0.0 0.0 0.0 0.0 0.0 0.0 0.0 0.0 0.0 0.0 0.0 0.0 0.0 0.0 0.0 0.0 0.001 0.001 0.001 0.002 0.002 0.002 0.002 0.003 0.003 0.003 0.003 0.004 0.004 0.005 0.006 0.007 0.008 0.008 0.009 0.01 0.011 0.012 0.013 0.014 0.015 0.016 0.017 0.017 0.017 0.017 0.017 0.017 0.018 0.018 0.019 0.02 0.02 0.021 0.022 0.023 0.023 0.024 0.025 0.025 0.026 0.029 0.061 0.094 0.127 0.16 0.193 0.226 0.259 0.292 0.325 0.358 0.391 0.424 0.457 0.49 0.509 0.509 0.51 0.51 0.517 0.525 0.533 0.541 0.549 0.557 0.565 0.573 0.581 0.589 0.597 0.605 0.613 0.621 0.629 0.633 0.637 0.641 0.645 0.649 0.653 0.658 0.662 0.666 0.67 0.674 0.678 0.682 0.686 0.69
0.0 0.0 0.0 0.0 0.0 0.0 0.0 0.0 0.0 0.0 0.0 0.0 0.0 0.0 0.0 0.0 0.0 0.0 0.0 0.0 0.0 0.0 0.0 0.0 0.0 0.0 0.0 0.0 0.0 0.0 0.0 0.0 0.0 0.0 0.0 0.0 0.0 0.0 0.0 0.0 0.0 0.0 0.0 0.001 0.001 0.001 0.002 0.002 0.002 0.002 0.003 0.003 0.003 0.003 0.004 0.005 0.005 0.006 0.007 0.008 0.009 0.01 0.011 0.012 0.013 0.014 0.015 0.016 0.016 0.016 0.016 0.016 0.016 0.016 0.016 0.017 0.018 0.018 0.019 0.02 0.02 0.021 0.022 0.022 0.023 0.024 0.024 0.028 0.061 0.093 0.126 0.159 0.192 0.225 0.258 0.291 0.324 0.357 0.39 0.423 0.456 0.48 0.48 0.481 0.481 0.482 0.482 0.49 0.498 0.506 0.514 0.522 0.53 0.538 0.546 0.554 0.562 0.571 0.579 0.587 0.594 0.598 0.602 0.606 0.61 0.615 0.619 0.623 0.627 0.631 0.635 0.639 0.643 0.647 0.651 0.652
0.0 0.0 0.0 0.0 0.0 0.0 0.0 0.0 0.0 0.0 0.0 0.0 0.0 0.0 0.0 0.0 0.0 0.0 0.0 0.0 0.0 0.0 0.0 0.0 0.0 0.0 0.0 0.0 0.0 0.0 0.0 0.0 0.0 0.0 0.0 0.0 0.0 0.0 0.0 0.0 0.0 0.0 0.0 0.001 0.001 0.001 0.001 0.002 0.002 0.002 0.002 0.003 0.003 0.003 0.003 0.004 0.005 0.006 0.007 0.008 0.009 0.01 0.011 0.012 0.013 0.013 0.014 0.015 0.015 0.015 0.015 0.015 0.015 0.015 0.015 0.015 0.016 0.017 0.017 0.018 0.019 0.019 0.02 0.021 0.022 0.022 0.023 0.027 0.06 0.093 0.125 0.158 0.191 0.224 0.257 0.29 0.323 0.356 0.389 0.422 0.45 0.451 0.451 0.452 0.452 0.453 0.453 0.455 0.463 0.471 0.48 0.488 0.496 0.504 0.512 0.52 0.528 0.536 0.544 0.552 0.559 0.563 0.567 0.572 0.576 0.58 0.584 0.588 0.592 0.596 0.6 0.604 0.608 0.612 0.614 0.615
0.0 0.0 0.0 0.0 0.0 0.0 0.0 0.0 0.0 0.0 0.0 0.0 0.0 0.0 0.0 0.0 0.0 0.0 0.0 0.0 0.0 0.0 0.0 0.0 0.0 0.0 0.0 0.0 0.0 0.0 0.0 0.0 0.0 0.0 0.0 0.0 0.0 0.0 0.0 0.0 0.0 0.0 0.0 0.0 0.001 0.001 0.001 0.001 0.002 0.002 0.002 0.002 0.003 0.003 0.003 0.004 0.005 0.006 0.007 0.008 0.009 0.01 0.011 0.011 0.012 0.013 0.014 0.014 0.014 0.014 0.014 0.014 0.014 0.014 0.014 0.014 0.015 0.015 0.016 0.017 0.017 0.018 0.019 0.019 0.02 0.021 0.021 0.026 0.059 0.092 0.125 0.157 0.19 0.223 0.256 0.289 0.322 0.355 0.388 0.421 0.422 0.422 0.423 0.423 0.424 0.424 0.425 0.425 0.429 0.437 0.445 0.453 0.461 0.469 0.477 0.485 0.493 0.501 0.509 0.517 0.524 0.529 0.533 0.537 0.541 0.545 0.549 0.553 0.557 0.561 0.565 0.569 0.574 0.576 0.576 0.577
0.0 0.0 0.0 0.0 0.0 0.0 0.0 0.0 0.0 0.0 0.0 0.0 0.0 0.0 0.0 0.0 0.0 0.0 0.0 0.0 0.0 0.0 0.0 0.0 0.0 0.0 0.0 0.0 0.0 0.0 0.0 0.0 0.0 0.0 0.0 0.0 0.0 0.0 0.0 0.0 0.0 0.0 0.0 0.0 0.0 0.001 0.001 0.001 0.001 0.002 0.002 0.002 0.002 0.003 0.003 0.004 0.005 0.006 0.007 0.008 0.008 0.009 0.01 0.011 0.012 0.013 0.013 0.013 0.013 0.013 0.013 0.013 0.013 0.013 0.013 0.013 0.013 0.014 0.014 0.015 0.016 0.016 0.017 0.018 0.019 0.019 0.02 0.025 0.058 0.091 0.124 0.157 0.189 0.222 0.255 0.288 0.321 0.354 0.387 0.393 0.393 0.393 0.394 0.394 0.395 0.395 0.396 0.396 0.397 0.402 0.41 0.418 0.426 0.434 0.442 0.45 0.458 0.466 0.474 0.482 0.49 0.494 0.498 0.502 0.506 0.51 0.514 0.518 0.522 0.526 0.531 0.535 0.537 0.538 0.538 0.539
0.0 0.0 0.0 0.0 0.0 0.0 0.0 0.0 0.0 0.0 0.0 0.0 0.0 0.0 0.0 0.0 0.0 0.0 0.0 0.0 0.0 0.0 0.0 0.0 0.0 0.0 0.0 0.0 0.0 0.0 0.0 0.0 0.0 0.0 0.0 0.0 0.0 0.0 0.0 0.0 0.0 0.0 0.0 0.0 0.0 0.0 0.001 0.001 0.001 0.001 0.002 0.002 0.002 0.002 0.003 0.004 0.005 0.006 0.006 0.007 0.008 0.009 0.01 0.011 0.012 0.012 0.012 0.012 0.012 0.012 0.012 0.012 0.012 0.012 0.012 0.012 0.012 0.012 0.013 0.014 0.014 0.015 0.016 0.016 0.017 0.018 0.018 0.024 0.057 0.09 0.123 0.156 0.189 0.221 0.254 0.287 0.32 0.353 0.363 0.364 0.364 0.365 0.365 0.366 0.366 0.367 0.367 0.368 0.368 0.369 0.375 0.383 0.391 0.399 0.407 0.415 0.424 0.432 0.44 0.448 0.455 0.459 0.463 0.467 0.471 0.475 0.479 0.483 0.488 0.492 0.496 0.499 0.499 0.5 0.501 0.501
0.0 0.0 0.0 0.0 0.0 0.0 0.0 0.0 0.0 0.0 0.0 0.0 0.0 0.0 0.0 0.0 0.0 0.0 0.0 0.0 0.0 0.0 0.0 0.0 0.0 0.0 0.0 0.0 0.0 0.0 0.0 0.0 0.0 0.0 0.0 0.0 0.0 0.0 0.0 0.0 0.0 0.0 0.0 0.0 0.0 0.0 0.0 0.001 0.001 0.001 0.001 0.002 0.002 0.002 0.003 0.003 0.004 0.005 0.006 0.007 0.008 0.009 0.01 0.011 0.011 0.011 0.011 0.011 0.011 0.011 0.011 0.011 0.011 0.011 0.011 0.011 0.011 0.011 0.011 0.012 0.013 0.013 0.014 0.015 0.015 0.016 0.017 0.023 0.056 0.089 0.122 0.155 0.188 0.221 0.253 0.286 0.319 0.334 0.335 0.335 0.336 0.336 0.337 0.337 0.337 0.338 0.338 0.339 0.339 0.34 0.341 0.349 0.357 0.365 0.373 0.381 0.389 0.397 0.405 0.413 0.42 0.424 0.428 0.432 0.436 0.44 0.445 0.449 0.453 0.457 0.46 0.461 0.462 0.462 0.463 0.464
0.0 0.0 0.0 0.0 0.0 0.0 0.0 0.0 0.0 0.0 0.0 0.0 0.0 0.0 0.0 0.0 0.0 0.0 0.0 0.0 0.0 0.0 0.0 0.0 0.0 0.0 0.0 0.0 0.0 0.0 0.0 0.0 0.0 0.0 0.0 0.0 0.0 0.0 0.0 0.0 0.0 0.0 0.0 0.0 0.0 0.0 0.0 0.0 0.001 0.001 0.001 0.002 0.002 0.002 0.002 0.003 0.004 0.005 0.006 0.007 0.008 0.009 0.01 0.01 0.01 0.01 0.01 0.01 0.01 0.01 0.01 0.01 0.01 0.01 0.01 0.01 0.01 0.01 0.01 0.011 0.011 0.012 0.013 0.013 0.014 0.015 0.015 0.022 0.055 0.088 0.121 0.154 0.187 0.22 0.253 0.285 0.305 0.305 0.306 0.306 0.307 0.307 0.308 0.308 0.309 0.309 0.31 0.31 0.311 0.311 0.312 0.314 0.322 0.33 0.338 0.346 0.354 0.362 0.37 0.378 0.385 0.389 0.393 0.397 0.402 0.406 0.41 0.414 0.418 0.422 0.423 0.423 0.424 0.425 0.425 0.426
0.0 0.0 0.0 0.0 0.0 0.0 0.0 0.0 0.0 0.0 0.0 0.0 0.0 0.0 0.0 0.0 0.0 0.0 0.0 0.0 0.0 0.0 0.0 0.0 0.0 0.0 0.0 0.0 0.0 0.0 0.0 0.0 0.0 0.0 0.0 0.0 0.0 0.0 0.0 0.0 0.0 0.0 0.0 0.0 0.0 0.0 0.0 0.0 0.0 0.001 0.001 0.001 0.002 0.002 0.002 0.003 0.004 0.005 0.006 0.007 0.008 0.009 0.009 0.009 0.009 0.009 0.009 0.009 0.009 0.009 0.009 0.009 0.009 0.009 0.009 0.009 0.009 0.009 0.009 0.009 0.01 0.01 0.011 0.012 0.012 0.013 0.014 0.021 0.054 0.087 0.12 0.153 0.186 0.219 0.252 0.276 0.276 0.277 0.277 0.278 0.278 0.279 0.279 0.28 0.28 0.281 0.281 0.282 0.282 0.282 0.283 0.283 0.287 0.295 0.303 0.311 0.319 0.327 0.335 0.343 0.35 0.354 0.359 0.363 0.367 0.371 0.375 0.379 0.383 0.384 0.385 0.385 0.386 0.387 0.387 0.388
0.0 0.0 0.0 0.0 0.0 0.0 0.0 0.0 0.0 0.0 0.0 0.0 0.0 0.0 0.0 0.0 0.0 0.0 0.0 0.0 0.0 0.0 0.0 0.0 0.0 0.0 0.0 0.0 0.0 0.0 0.0 0.0 0.0 0.0 0.0 0.0 0.0 0.0 0.0 0.0 0.0 0.0 0.0 0.0 0.0 0.0 0.0 0.0 0.0 0.001 0.001 0.001 0.001 0.002 0.002 0.003 0.004 0.005 0.006 0.007 0.007 0.008 0.008 0.008 0.008 0.008 0.008 0.008 0.008 0.008 0.008 0.008 0.008 0.008 0.008 0.008 0.008 0.008 0.008 0.008 0.008 0.009 0.01 0.01 0.011 0.012 0.012 0.02 0.053 0.086 0.119 0.152 0.185 0.218 0.246 0.247 0.247 0.248 0.248 0.249 0.249 0.25 0.25 0.251 0.251 0.252 0.252 0.253 0.253 0.254 0.254 0.255 0.255 0.26 0.268 0.277 0.285 0.293 0.301 0.309 0.316 0.32 0.324 0.328 0.332 0.336 0.34 0.344 0.346 0.346 0.347 0.348 0.348 0.349 0.35 0.35
0.0 0.0 0.0 0.0 0.0 0.0 0.0 0.0 0.0 0.0 0.0 0.0 0.0 0.0 0.0 0.0 0.0 0.0 0.0 0.0 0.0 0.0 0.0 0.0 0.0 0.0 0.0 0.0 0.0 0.0 0.0 0.0 0.0 0.0 0.0 0.0 0.0 0.0 0.0 0.0 0.0 0.0 0.0 0.0 0.0 0.0 0.0 0.0 0.0 0.0 0.001 0.001 0.001 0.001 0.002 0.003 0.004 0.004 0.005 0.006 0.007 0.007 0.007 0.007 0.007 0.007 0.007 0.007 0.007 0.007 0.007 0.007 0.007 0.007 0.007 0.007 0.007 0.007 0.007 0.007 0.007 0.007 0.008 0.009 0.009 0.01 0.011 0.019 0.052 0.085 0.118 0.151 0.184 0.217 0.218 0.218 0.219 0.219 0.22 0.22 0.221 0.221 0.222 0.222 0.223 0.223 0.224 0.224 0.225 0.225 0.226 0.226 0.227 0.227 0.234 0.242 0.25 0.258 0.266 0.274 0.281 0.285 0.289 0.293 0.297 0.301 0.305 0.307 0.308 0.309 0.309 0.31 0.311 0.311 0.312 0.313
0.0 0.0 0.0 0.0 0.0 0.0 0.0 0.0 0.0 0.0 0.0 0.0 0.0 0.0 0.0 0.0 0.0 0.0 0.0 0.0 0.0 0.0 0.0 0.0 0.0 0.0 0.0 0.0 0.0 0.0 0.0 0.0 0.0 0.0 0.0 0.0 0.0 0.0 0.0 0.0 0.0 0.0 0.0 0.0 0.0 0.0 0.0 0.0 0.0 0.0 0.0 0.001 0.001 0.001 0.002 0.002 0.003 0.004 0.005 0.006 0.006 0.006 0.006 0.006 0.006 0.006 0.006 0.006 0.006 0.006 0.006 0.006 0.006 0.006 0.006 0.006 0.006 0.006 0.006 0.006 0.006 0.006 0.007 0.007 0.008 0.009 0.009 0.018 0.051 0.084 0.117 0.15 0.183 0.189 0.189 0.19 0.19 0.19 0.191 0.191 0.192 0.192 0.193 0.193 0.194 0.194 0.195 0.195 0.196 0.196 0.197 0.197 0.198 0.198 0.199 0.207 0.215 0.223 0.231 0.239 0.246 0.25 0.254 0.258 0.262 0.266 0.269 0.27 0.27 0.271 0.272 0.272 0.273 0.274 0.274 0.275
0.0 0.0 0.0 0.0 0.0 0.0 0.0 0.0 0.0 0.0 0.0 0.0 0.0 0.0 0.0 0.0 0.0 0.0 0.0 0.0 0.0 0.0 0.0 0.0 0.0 0.0 0.0 0.0 0.0 0.0 0.0 0.0 0.0 0.0 0.0 0.0 0.0 0.0 0.0 0.0 0.0 0.0 0.0 0.0 0.0 0.0 0.0 0.0 0.0 0.0 0.0 0.0 0.001 0.001 0.001 0.002 0.003 0.004 0.005 0.005 0.005 0.005 0.005 0.005 0.005 0.005 0.005 0.005 0.005 0.005 0.005 0.005 0.005 0.005 0.005 0.005 0.005 0.005 0.005 0.005 0.005 0.005 0.005 0.006 0.006 0.007 0.008 0.017 0.05 0.083 0.116 0.149 0.159 0.16 0.16 0.161 0.161 0.162 0.162 0.163 0.163 0.164 0.164 0.165 0.165 0.166 0.166 0.167 0.167 0.168 0.168 0.169 0.169 0.17 0.17 0.172 0.18 0.188 0.196 0.204 0.211 0.215 0.219 0.223 0.228 0.231 0.231 0.232 0.233 0.233 0.234 0.234 0.235 0.236 0.236 0.237
0.0 0.0 0.0 0.0 0.0 0.0 0.0 0.0 0.0 0.0 0.0 0.0 0.0 0.0 0.0 0.0 0.0 0.0 0.0 0.0 0.0 0.0 0.0 0.0 0.0 0.0 0.0 0.0 0.0 0.0 0.0 0.0 0.0 0.0 0.0 0.0 0.0 0.0 0.0 0.0 0.0 0.0 0.0 0.0 0.0 0.0 0.0 0.0 0.0 0.0 0.0 0.0 0.0 0.001 0.001 0.002 0.003 0.004 0.004 0.004 0.004 0.004 0.004 0.004 0.004 0.004 0.004 0.004 0.004 0.004 0.004 0.004 0.004 0.004 0.004 0.004 0.004 0.004 0.004 0.004 0.004 0.004 0.004 0.004 0.005 0.006 0.006 0.016 0.049 0.082 0.115 0.13 0.131 0.131 0.132 0.132 0.133 0.133 0.134 0.134 0.134 0.135 0.135 0.136 0.136 0.137 0.137 0.138 0.138 0.139 0.139 0.14 0.14 0.141 0.141 0.142 0.146 0.154 0.162 0.17 0.176 0.18 0.185 0.189 0.192 0.193 0.193 0.194 0.195 0.195 0.196 0.197 0.197 0.198 0.199 0.199
0.0 0.0 0.0 0.0 0.0 0.0 0.0 0.0 0.0 0.0 0.0 0.0 0.0 0.0 0.0 0.0 0.0 0.0 0.0 0.0 0.0 0.0 0.0 0.0 0.0 0.0 0.0 0.0 0.0 0.0 0.0 0.0 0.0 0.0 0.0 0.0 0.0 0.0 0.0 0.0 0.0 0.0 0.0 0.0 0.0 0.0 0.0 0.0 0.0 0.0 0.0 0.0 0.0 0.0 0.001 0.002 0.003 0.003 0.003 0.003 0.003 0.003 0.003 0.003 0.003 0.003 0.003 0.003 0.003 0.003 0.003 0.003 0.003 0.003 0.003 0.003 0.003 0.003 0.003 0.003 0.003 0.003 0.003 0.003 0.003 0.004 0.005 0.015 0.048 0.081 0.101 0.101 0.102 0.102 0.103 0.103 0.104 0.104 0.105 0.105 0.106 0.106 0.107 0.107 0.108 0.108 0.109 0.109 0.11 0.11 0.111 0.111 0.112 0.112 0.113 0.113 0.114 0.119 0.127 0.135 0.142 0.146 0.15 0.154 0.154 0.155 0.156 0.156 0.157 0.158 0.158 0.159 0.16 0.16 0.161 0.162
0.0 0.0 0.0 0.0 0.0 0.0 0.0 0.0 0.0 0.0 0.0 0.0 0.0 0.0 0.0 0.0 0.0 0.0 0.0 0.0 0.0 0.0 0.0 0.0 0.0 0.0 0.0 0.0 0.0 0.0 0.0 0.0 0.0 0.0 0.0 0.0 0.0 0.0 0.0 0.0 0.0 0.0 0.0 0.0 0.0 0.0 0.0 0.0 0.0 0.0 0.0 0.0 0.0 0.0 0.001 0.002 0.002 0.002 0.002 0.002 0.002 0.002 0.002 0.002 0.002 0.002 0.002 0.002 0.002 0.002 0.002 0.002 0.002 0.002 0.002 0.002 0.002 0.002 0.002 0.002 0.002 0.002 0.002 0.002 0.002 0.003 0.003 0.014 0.047 0.072 0.072 0.073 0.073 0.074 0.074 0.075 0.075 0.076 0.076 0.077 0.077 0.078 0.078 0.079 0.079 0.079 0.08 0.08 0.081 0.081 0.082 0.082 0.083 0.083 0.084 0.084 0.085 0.085 0.092 0.1 0.107 0.111 0.115 0.116 0.117 0.117 0.118 0.119 0.119 0.12 0.121 0.121 0.122 0.123 0.123 0.124
0.0 0.0 0.0 0.0 0.0 0.0 0.0 0.0 0.0 0.0 0.0 0.0 0.0 0.0 0.0 0.0 0.0 0.0 0.0 0.0 0.0 0.0 0.0 0.0 0.0 0.0 0.0 0.0 0.0 0.0 0.0 0.0 0.0 0.0 0.0 0.0 0.0 0.0 0.0 0.0 0.0 0.0 0.0 0.0 0.0 0.0 0.0 0.0 0.0 0.0 0.0 0.0 0.0 0.0 0.0 0.001 0.001 0.001 0.001 0.001 0.001 0.001 0.001 0.001 0.001 0.001 0.001 0.001 0.001 0.001 0.001 0.001 0.001 0.001 0.001 0.001 0.001 0.001 0.001 0.001 0.001 0.001 0.001 0.001 0.001 0.001 0.002 0.013 0.043 0.043 0.044 0.044 0.044 0.045 0.045 0.046 0.046 0.047 0.047 0.048 0.048 0.049 0.049 0.05 0.05 0.051 0.051 0.052 0.052 0.053 0.053 0.054 0.054 0.055 0.055 0.056 0.056 0.057 0.057 0.065 0.072 0.076 0.078 0.078 0.079 0.08 0.08 0.081 0.082 0.082 0.083 0.083 0.084 0.085 0.085 0.086
0.0 0.0 0.0 0.0 0.0 0.212 0.229 0.225 0.221 0.216 0.212 0.208 0.204 0.199 0.195 0.191 0.187 0.182 0.178 0.174 0.17 0.165 0.161 0.157 0.152 0.148 0.144 0.139 0.135 0.131 0.126 0.122 0.118 0.113 0.109 0.105 0.101 0.087 0.0 0.0 0.0 0.0 0.0 0.0 0.0 0.0 0.0 0.0 0.0 0.0 0.0 0.0 0.0 0.0 0.0 0.0 0.0 0.0 0.0 0.0 0.0 0.0 0.0 0.0 0.0 0.0 0.0 0.0 0.0 0.0 0.0 0.0 0.0 0.0 0.0 0.0 0.0 0.0 0.0 0.0 0.0 0.0 0.0 0.0 0.0 0.0 0.0 0.012 0.014 0.014 0.015 0.015 0.016 0.016 0.017 0.017 0.018 0.018 0.019 0.019 0.02 0.02 0.021 0.021 0.022 0.022 0.023 0.023 0.023 0.024 0.024 0.025 0.025 0.026 0.026 0.027 0.027 0.028 0.028 0.031 0.037 0.039 0.04 0.041 0.041 0.042 0.042 0.043 0.044 0.044 0.045 0.046 0.046 0.047 0.048 0.048
0.0 0.0 0.0 0.0 0.0 0.217 0.497 0.493 0.489 0.484 0.48 0.476 0.472 0.467 0.463 0.459 0.455 0.45 0.446 0.442 0.437 0.433 0.429 0.425 0.42 0.416 0.412 0.407 0.403 0.399 0.394 0.39 0.386 0.381 0.377 0.373 0.368 0.081 0.0 0.0 0.0 0.0 0.0 0.0 0.0 0.0 0.0 0.0 0.0 0.0 0.0 0.0 0.0 0.0 0.0 0.0 0.0 0.0 0.0 0.0 0.0 0.0 0.0 0.0 0.0 0.0 0.0 0.0 0.0 0.0 0.0 0.0 0.0 0.0 0.0 0.0 0.0 0.0 0.0 0.0 0.0 0.0 0.0 0.0 0.0 0.0 0.0 0.0 0.0 0.0 0.0 0.0 0.0 0.0 0.0 0.0 0.0 0.0 0.0 0.0 0.0 0.0 0.0 0.0 0.0 0.0 0.0 0.0 0.0 0.0 0.0 0.0 0.0 0.0 0.0 0.0 0.0 0.0 0.0 0.0 0.001 0.001 0.002 0.003 0.003 0.004 0.005 0.005 0.006 0.007 0.007 0.008 0.009 0.009 0.01 0.011
0.0 0.0 0.0 0.0 0.0 0.223 0.547 0.761 0.757 0.752 0.748 0.744 0.74 0.735 0.731 0.727 0.722 0.718 0.714 0.71 0.705 0.701 0.697 0.693 0.688 0.684 0.68 0.675 0.671 0.667 0.662 0.658 0.654 0.649 0.645 0.641 0.401 0.076 0.0 0.0 0.0 0.0 0.0 0.0 0.0 0.0 0.0 0.0 0.0 0.0 0.0 0.0 0.0 0.0 0.0 0.0 0.0 0.0 0.0 0.0 0.0 0.0 0.0 0.0 0.0 0.0 0.0 0.0 0.0 0.0 0.0 0.0 0.0 0.0 0.0 0.0 0.0 0.0 0.0 0.0 0.0 0.0 0.0 0.0 0.0 0.0 0.0 0.0 0.0 0.0 0.0 0.0 0.0 0.0 0.0 0.0 0.0 0.0 0.0 0.0 0.0 0.0 0.0 0.0 0.0 0.0 0.0 0.0 0.0 0.0 0.0 0.0 0.0 0.0 0.0 0.0 0.0 0.0 0.0 0.0 0.0 0.0 0.0 0.0 0.0 0.0 0.0 0.0 0.0 0.0 0.0 0.0 0.0 0.0 0.0 0.0
0.0 0.0 0.0 0.0 0.0 0.228 0.552 0.877 1.025 1.02 1.016 1.012 1.008 1.003 0.999 0.995 0.99 0.986 0.982 0.978 0.973 0.969 0.965 0.96 0.956 0.952 0.948 0.943 0.939 0.935 0.93 0.926 0.922 0.917 0.913 0.72 0.396 0.071 0.0 0.0 0.0 0.0 0.0 0.0 0.0 0.0 0.0 0.0 0.0 0.0 0.0 0.0 0.0 0.0 0.0 0.0 0.0 0.0 0.0 0.0 0.0 0.0 0.0 0.0 0.0 0.0 0.0 0.0 0.0 0.0 0.0 0.0 0.0 0.0 0.0 0.0 0.0 0.0 0.0 0.0 0.0 0.0 0.0 0.0 0.0 0.0 0.0 0.0 0.0 0.0 0.0 0.0 0.0 0.0 0.0 0.0 0.0 0.0 0.0 0.0 0.0 0.0 0.0 0.0 0.0 0.0 0.0 0.0 0.0 0.0 0.0 0.0 0.0 0.0 0.0 0.0 0.0 0.0 0.0 0.0 0.0 0.0 0.0 0.0 0.0 0.0 0.0 0.0 0.0 0.0 0.0 0.0 0.0 0.0 0.0 0.0
0.0 0.0 0.0 0.0 0.0 0.233 0.557 0.882 1.207 1.288 1.284 1.28 1.275 1.271 1.267 1.263 1.258 1.254 1.25 1.246 1.241 1.237 1.233 1.228 1.224 1.22 1.215 1.211 1.207 1.203 1.198 1.194 1.19 1.185 1.04 0.715 0.39 0.066 0.0 0.0 0.0 0.0 0.0 0.0 0.0 0.0 0.0 0.0 0.0 0.0 0.0 0.0 0.0 0.0 0.0 0.0 0.0 0.0 0.0 0.0 0.0 0.0 0.0 0.0 0.0 0.0 0.0 0.0 0.0 0.0 0.0 0.0 0.0 0.0 0.0 0.0 0.0 0.0 0.0 0.0 0.0 0.0 0.0 0.0 0.0 0.0 0.0 0.0 0.0 0.0 0.0 0.0 0.0 0.0 0.0 0.0 0.0 0.0 0.0 0.0 0.0 0.0 0.0 0.0 0.0 0.0 0.0 0.0 0.0 0.0 0.0 0.0 0.0 0.0 0.0 0.0 0.0 0.0 0.0 0.0 0.0 0.0 0.0 0.0 0.0 0.0 0.0 0.0 0.0 0.0 0.0 0.0 0.0 0.0 0.0 0.0
0.0 0.0 0.0 0.0 0.0 0.238 0.563 0.887 1.212 1.537 1.552 1.548 1.543 1.539 1.535 1.531 1.526 1.522 1.518 1.514 1.509 1.505 1.501 1.496 1.492 1.488 1.483 1.479 1.475 1.471 1.466 1.462 1.458 1.359 1.035 0.71 0.385 0.06 0.0 0.0 0.0 0.0 0.0 0.0 0.0 0.0 0.0 0.0 0.0 0.0 0.0 0.0 0.0 0.0 0.0 0.0 0.0 0.0 0.0 0.0 0.0 0.0 0.0 0.0 0.0 0.0 0.0 0.0 0.0 0.0 0.0 0.0 0.0 0.0 0.0 0.0 0.0 0.0 0.0 0.0 0.0 0.0 0.0 0.0 0.0 0.0 0.0 0.0 0.0 0.0 0.0 0.0 0.0 0.0 0.0 0.0 0.0 0.0 0.0 0.0 0.0 0.0 0.0 0.0 0.0 0.0 0.0 0.0 0.0 0.0 0.0 0.0 0.0 0.0 0.0 0.0 0.0 0.0 0.0 0.0 0.0 0.0 0.0 0.0 0.0 0.0 0.0 0.0 0.0 0.0 0.0 0.0 0.0 0.0 0.0 0.0
0.0 0.0 0.0 0.0 0.0 0.243 0.568 0.892 1.217 1.542 1.82 1.816 1.811 1.807 1.803 1.799 1.794 1.79 1.786 1.782 1.777 1.773 1.769 1.764 1.76 1.756 1.751 1.747 1.743 1.738 1.734 1.73 1.679 1.354 1.029 0.705 0.38 0.055 0.0 0.0 0.0 0.0 0.0 0.0 0.0 0.0 0.0 0.0 0.0 0.0 0.0 0.0 0.0 0.0 0.0 0.0 0.0 0.0 0.0 0.0 0.0 0.0 0.0 0.0 0.0 0.0 0.0 0.0 0.0 0.0 0.0 0.0 0.0 0.0 0.0 0.0 0.0 0.0 0.0 0.0 0.0 0.0 0.0 0.0 0.0 0.0 0.0 0.0 0.0 0.0 0.0 0.0 0.0 0.0 0.0 0.0 0.0 0.0 0.0 0.0 0.0 0.0 0.0 0.0 0.0 0.0 0.0 0.0 0.0 0.0 0.0 0.0 0.0 0.0 0.0 0.0 0.0 0.0 0.0 0.0 0.0 0.0 0.0 0.0 0.0 0.0 0.0 0.0 0.0 0.0 0.0 0.0 0.0 0.0 0.0 0.0
0.0 0.0 0.0 0.0 0.0 0.248 0.573 0.898 1.222 1.547 1.871 2.084 2.079 2.075 2.071 2.067 2.062 2.058 2.054 2.049 2.045 2.041 2.037 2.032 2.028 2.024 2.019 2.015 2.011 2.006 2.002 1.998 1.673 1.349 1.024 0.699 0.375 0.05 0.0 0.0 0.0 0.0 0.0 0.0 0.0 0.0 0.0 0.0 0.0 0.0 0.0 0.0 0.0 0.0 0.0 0.0 0.0 0.0 0.0 0.0 0.0 0.0 0.0 0.0 0.0 0.0 0.0 0.0 0.0 0.0 0.0 0.0 0.0 0.0 0.0 0.0 0.0 0.0 0.0 0.0 0.0 0.0 0.0 0.0 0.0 0.0 0.0 0.0 0.0 0.0 0.0 0.0 0.0 0.0 0.0 0.0 0.0 0.0 0.0 0.0 0.0 0.0 0.0 0.0 0.0 0.0 0.0 0.0 0.0 0.0 0.0 0.0 0.0 0.0 0.0 0.0 0.0 0.0 0.0 0.0 0.0 0.0 0.0 0.0 0.0 0.0 0.0 0.0 0.0 0.0 0.0 0.0 0.0 0.0 0.0 0.0
0.0 0.0 0.0 0.0 0.0 0.253 0.578 0.903 1.227 1.552 1.877 2.201 2.347 2.343 2.339 2.335 2.33 2.326 2.322 2.317 2.313 2.309 2.305 2.3 2.296 2.292 2.287 2.283 2.279 2.274 2.27 1.993 1.668 1.343 1.019 0.694 0.369 0.045 0.0 0.0 0.0 0.0 0.0 0.0 0.0 0.0 0.0 0.0 0.0 0.0 0.0 0.0 0.0 0.0 0.0 0.0 0.0 0.0 0.0 0.0 0.0 0.0 0.0 0.0 0.0 0.0 0.0 0.0 0.0 0.0 0.0 0.0 0.0 0.0 0.0 0.0 0.0 0.0 0.0 0.0 0.0 0.0 0.0 0.0 0.0 0.0 0.0 0.0 0.0 0.0 0.0 0.0 0.0 0.0 0.0 0.0 0.0 0.0 0.0 0.0 0.0 0.0 0.0 0.0 0.0 0.0 0.0 0.0 0.0 0.0 0.0 0.0 0.0 0.0 0.0 0.0 0.0 0.0 0.0 0.0 0.0 0.0 0.0 0.0 0.0 0.0 0.0 0.0 0.0 0.0 0.0 0.0 0.0 0.0 0.0 0.0
0.0 0.0 0.0 0.0 0.0 0.259 0.583 0.908 1.232 1.557 1.882 2.206 2.531 2.611 2.607 2.602 2.598 2.594 2.59 2.585 2.581 2.577 2.573 2.568 2.564 2.56 2.555 2.551 2.547 2.542 2.312 1.988 1.663 1.338 1.013 0.689 0.364 0.039 0.0 0.0 0.0 0.0 0.0 0.0 0.0 0.0 0.0 0.0 0.0 0.0 0.0 0.0 0.0 0.0 0.0 0.0 0.0 0.0 0.0 0.0 0.0 0.0 0.0 0.0 0.0 0.0 0.0 0.0 0.0 0.0 0.0 0.0 0.0 0.0 0.0 0.0 0.0 0.0 0.0 0.0 0.0 0.0 0.0 0.0 0.0 0.0 0.0 0.0 0.0 0.0 0.0 0.0 0.0 0.0 0.0 0.0 0.0 0.0 0.0 0.0 0.0 0.0 0.0 0.0 0.0 0.0 0.0 0.0 0.0 0.0 0.0 0.0 0.0 0.0 0.0 0.0 0.0 0.0 0.0 0.0 0.0 0.0 0.0 0.0 0.0 0.0 0.0 0.0 0.0 0.0 0.0 0.0 0.0 0.0 0.0 0.0
0.0 0.0 0.0 0.0 0.0 0.264 0.588 0.913 1.238 1.562 1.887 2.212 2.536 2.861 2.875 2.87 2.866 2.862 2.858 2.853 2.849 2.845 2.84 2.836 2.832 2.828 2.823 2.819 2.815 2.632 2.307 1.982 1.658 1.333 1.008 0.684 0.359 0.034 0.0 0.0 0.0 0.0 0.0 0.0 0.0 0.0 0.0 0.0 0.0 0.0 0.0 0.0 0.0 0.0 0.0 0.0 0.0 0.0 0.0 0.0 0.0 0.0 0.0 0.0 0.0 0.0 0.0 0.0 0.0 0.0 0.0 0.0 0.0 0.0 0.0 0.0 0.0 0.0 0.0 0.0 0.0 0.0 0.0 0.0 0.0 0.0 0.0 0.0 0.0 0.0 0.0 0.0 0.0 0.0 0.0 0.0 0.0 0.0 0.0 0.0 0.0 0.0 0.0 0.0 0.0 0.0 0.0 0.0 0.0 0.0 0.0 0.0 0.0 0.0 0.0 0.0 0.0 0.0 0.0 0.0 0.0 0.0 0.0 0.0 0.0 0.0 0.0 0.0 0.0 0.0 0.0 0.0 0.0 0.0 0.0 0.0
0.0 0.0 0.0 0.0 0.0 0.269 0.593 0.918 1.243 1.567 1.892 2.217 2.541 2.866 3.143 3.138 3.134 3.13 3.126 3.121 3.117 3.113 3.108 3.104 3.1 3.096 3.091 3.087 2.951 2.626 2.302 1.977 1.652 1.328 1.003 0.678 0.354 0.029 0.0 0.0 0.0 0.0 0.0 0.0 0.0 0.0 0.0 0.0 0.0 0.0 0.0 0.0 0.0 0.0 0.0 0.0 0.0 0.0 0.0 0.0 0.0 0.0 0.0 0.0 0.0 0.0 0.0 0.0 0.0 0.0 0.0 0.0 0.0 0.0 0.0 0.0 0.0 0.0 0.0 0.0 0.0 0.0 0.0 0.0 0.0 0.0 0.0 0.0 0.0 0.0 0.0 0.0 0.0 0.0 0.0 0.0 0.0 0.0 0.0 0.0 0.0 0.0 0.0 0.0 0.0 0.0 0.0 0.0 0.0 0.0 0.0 0.0 0.0 0.0 0.0 0.0 0.0 0.0 0.0 0.0 0.0 0.0 0.0 0.0 0.0 0.0 0.0 0.0 0.0 0.0 0.0 0.0 0.0 0.0 0.0 0.0
0.0 0.0 0.0 0.0 0.0 0.274 0.599 0.923 1.248 1.573 1.897 2.222 2.546 2.871 3.196 3.406 3.402 3.398 3.394 3.389 3.385 3.381 3.376 3.372 3.368 3.363 3.359 3.271 2.946 2.621 2.297 1.972 1.647 1.322 0.998 0.673 0.348 0.024 0.0 0.0 0.0 0.0 0.0 0.0 0.0 0.0 0.0 0.0 0.0 0.0 0.0 0.0 0.0 0.0 0.0 0.0 0.0 0.0 0.0 0.0 0.0 0.0 0.0 0.0 0.0 0.0 0.0 0.0 0.0 0.0 0.0 0.0 0.0 0.0 0.0 0.0 0.0 0.0 0.0 0.0 0.0 0.0 0.0 0.0 0.0 0.0 0.0 0.0 0.0 0.0 0.0 0.0 0.0 0.0 0.0 0.0 0.0 0.0 0.0 0.0 0.0 0.0 0.0 0.0 0.0 0.0 0.0 0.0 0.0 0.0 0.0 0.0 0.0 0.0 0.0 0.0 0.0 0.0 0.0 0.0 0.0 0.0 0.0 0.0 0.0 0.0 0.0 0.0 0.0 0.0 0.0 0.0 0.0 0.0 0.0 0.0
0.0 0.0 0.0 0.0 0.0 0.279 0.604 0.928 1.253 1.578 1.902 2.227 2.552 2.876 3.201 3.525 3.67 3.666 3.662 3.657 3.653 3.649 3.644 3.64 3.636 3.631 3.59 3.265 2.941 2.616 2.291 1.967 1.642 1.317 0.992 0.668 0.343 0.018 0.0 0.0 0.0 0.0 0.0 0.0 0.0 0.0 0.0 0.0 0.0 0.0 0.0 0.0 0.0 0.0 0.0 0.0 0.0 0.0 0.0 0.0 0.0 0.0 0.0 0.0 0.0 0.0 0.0 0.0 0.0 0.0 0.0 0.0 0.0 0.0 0.0 0.0 0.0 0.0 0.0 0.0 0.0 0.0 0.0 0.0 0.0 0.0 0.0 0.0 0.0 0.0 0.0 0.0 0.0 0.0 0.0 0.0 0.0 0.0 0.0 0.0 0.0 0.0 0.0 0.0 0.0 0.0 0.0 0.0 0.0 0.0 0.0 0.0 0.0 0.0 0.0 0.0 0.0 0.0 0.0 0.0 0.0 0.0 0.0 0.0 0.0 0.0 0.0 0.0 0.0 0.0 0.0 0.0 0.0 0.0 0.0 0.0
0.0 0.0 0.0 0.0 0.0 0.284 0.609 0.934 1.258 1.583 1.907 2.232 2.557 2.881 3.206 3.531 3.855 3.934 3.929 3.925 3.921 3.917 3.912 3.908 3.904 3.899 3.585 3.26 2.935 2.611 2.286 1.961 1.637 1.312 0.987 0.662 0.338 0.013 0.0 0.0 0.0 0.0 0.0 0.0 0.0 0.0 0.0 0.0 0.0 0.0 0.0 0.0 0.0 0.0 0.0 0.0 0.0 0.0 0.0 0.0 0.0 0.0 0.0 0.0 0.0 0.0 0.0 0.0 0.0 0.0 0.0 0.0 0.0 0.0 0.0 0.0 0.0 0.0 0.0 0.0 0.0 0.0 0.0 0.0 0.0 0.0 0.0 0.0 0.0 0.0 0.0 0.0 0.0 0.0 0.0 0.0 0.0 0.0 0.0 0.0 0.0 0.0 0.0 0.0 0.0 0.0 0.0 0.0 0.0 0.0 0.0 0.0 0.0 0.0 0.0 0.0 0.0 0.0 0.0 0.0 0.0 0.0 0.0 0.0 0.0 0.0 0.0 0.0 0.0 0.0 0.0 0.0 0.0 0.0 0.0 0.0
0.0 0.0 0.0 0.0 0.0 0.289 0.614 0.939 1.263 1.588 1.913 2.237 2.562 2.887 3.211 3.536 3.86 4.185 4.197 4.193 4.189 4.185 4.18 4.176 4.172 3.904 3.58 3.255 2.93 2.605 2.281 1.956 1.631 1.307 0.982 0.657 0.333 0.008 0.0 0.0 0.0 0.0 0.0 0.0 0.0 0.0 0.0 0.0 0.0 0.0 0.0 0.0 0.0 0.0 0.0 0.0 0.0 0.0 0.0 0.0 0.0 0.0 0.0 0.0 0.0 0.0 0.0 0.0 0.0 0.0 0.0 0.0 0.0 0.0 0.0 0.0 0.0 0.0 0.0 0.0 0.0 0.0 0.0 0.0 0.0 0.0 0.0 0.0 0.0 0.0 0.0 0.0 0.0 0.0 0.0 0.0 0.0 0.0 0.0 0.0 0.0 0.0 0.0 0.0 0.0 0.0 0.0 0.0 0.0 0.0 0.0 0.0 0.0 0.0 0.0 0.0 0.0 0.0 0.0 0.0 0.0 0.0 0.0 0.0 0.0 0.0 0.0 0.0 0.0 0.0 0.0 0.0 0.0 0.0 0.0 0.0
0.0 0.0 0.0 0.0 0.0 0.295 0.619 0.944 1.268 1.593 1.918 2.242 2.567 2.892 3.216 3.541 3.866 4.19 4.465 4.461 4.457 4.453 4.448 4.444 4.224 3.899 3.574 3.25 2.925 2.6 2.275 1.951 1.626 1.301 0.977 0.652 0.327 0.003 0.0 0.0 0.0 0.0 0.0 0.0 0.0 0.0 0.0 0.0 0.0 0.0 0.0 0.0 0.0 0.0 0.0 0.0 0.0 0.0 0.0 0.0 0.0 0.0 0.0 0.0 0.0 0.0 0.0 0.0 0.0 0.0 0.0 0.0 0.0 0.0 0.0 0.0 0.0 0.0 0.0 0.0 0.0 0.0 0.0 0.0 0.0 0.0 0.0 0.0 0.0 0.0 0.0 0.0 0.0 0.0 0.0 0.0 0.0 0.0 0.0 0.0 0.0 0.0 0.0 0.0 0.0 0.0 0.0 0.0 0.0 0.0 0.0 0.0 0.0 0.0 0.0 0.0 0.0 0.0 0.0 0.0 0.0 0.0 0.0 0.0 0.0 0.0 0.0 0.0 0.0 0.0 0.0 0.0 0.0 0.0 0.0 0.0
0.0 0.0 0.0 0.0 0.0 0.3 0.624 0.949 1.274 1.598 1.923 2.248 2.572 2.897 3.221 3.546 3.871 4.195 4.52 4.729 4.725 4.721 4.716 4.543 4.218 3.894 3.569 3.244 2.92 2.595 2.27 1.946 1.621 1.296 0.971 0.647 0.322 0.0 0.0 0.0 0.0 0.0 0.0 0.0 0.0 0.0 0.0 0.0 0.0 0.0 0.0 0.0 0.0 0.0 0.0 0.0 0.0 0.0 0.0 0.0 0.0 0.0 0.0 0.0 0.0 0.0 0.0 0.0 0.0 0.0 0.0 0.0 0.0 0.0 0.0 0.0 0.0 0.0 0.0 0.0 0.0 0.0 0.0 0.0 0.0 0.0 0.0 0.0 0.0 0.0 0.0 0.0 0.0 0.0 0.0 0.0 0.0 0.0 0.0 0.0 0.0 0.0 0.0 0.0 0.0 0.0 0.0 0.0 0.0 0.0 0.0 0.0 0.0 0.0 0.0 0.0 0.0 0.0 0.0 0.0 0.0 0.0 0.0 0.0 0.0 0.0 0.0 0.0 0.0 0.0 0.0 0.0 0.0 0.0 0.0 0.0
0.0 0.0 0.0 0.0 0.0 0.305 0.629 0.954 1.279 1.603 1.928 2.253 2.577 2.902 3.227 3.551 3.876 4.2 4.525 4.85 4.993 4.988 4.863 4.538 4.213 3.888 3.564 3.239 2.914 2.59 2.265 1.94 1.616 1.291 0.966 0.641 0.317 0.0 0.0 0.0 0.0 0.0 0.0 0.0 0.0 0.0 0.0 0.0 0.0 0.0 0.0 0.0 0.0 0.0 0.0 0.0 0.0 0.0 0.0 0.0 0.0 0.0 0.0 0.0 0.0 0.0 0.0 0.0 0.0 0.0 0.0 0.0 0.0 0.0 0.0 0.0 0.0 0.0 0.0 0.0 0.0 0.0 0.0 0.0 0.0 0.0 0.0 0.0 0.0 0.0 0.0 0.0 0.0 0.0 0.0 0.0 0.0 0.0 0.0 0.0 0.0 0.0 0.0 0.0 0.0 0.0 0.0 0.0 0.0 0.0 0.0 0.0 0.0 0.0 0.0 0.0 0.0 0.0 0.0 0.0 0.0 0.0 0.0 0.0 0.0 0.0 0.0 0.0 0.0 0.0 0.0 0.0 0.0 0.0 0.0 0.0
0.0 0.0 0.0 0.0 0.0 0.31 0.635 0.959 1.284 1.609 1.933 2.258 2.582 2.907 3.232 3.556 3.881 4.206 4.53 4.855 5.18 5.182 4.857 4.533 4.208 3.883 3.559 3.234 2.909 2.584 2.26 1.935 1.61 1.286 0.961 0.636 0.312 0.0 0.0 0.0 0.0 0.0 0.0 0.0 0.0 0.0 0.0 0.0 0.0 0.0 0.0 0.0 0.0 0.0 0.0 0.0 0.0 0.0 0.0 0.0 0.0 0.0 0.0 0.0 0.0 0.0 0.0 0.0 0.0 0.0 0.0 0.0 0.0 0.0 0.0 0.0 0.0 0.0 0.0 0.0 0.0 0.0 0.0 0.0 0.0 0.0 0.0 0.0 0.0 0.0 0.0 0.0 0.0 0.0 0.0 0.0 0.0 0.0 0.0 0.0 0.0 0.0 0.0 0.0 0.0 0.0 0.0 0.0 0.0 0.0 0.0 0.0 0.0 0.0 0.0 0.0 0.0 0.0 0.0 0.0 0.0 0.0 0.0 0.0 0.0 0.0 0.0 0.0 0.0 0.0 0.0 0.0 0.0 0.0 0.0 0.0
0.0 0.0 0.0 0.0 0.0 0.315 0.64 0.964 1.289 1.614 1.938 2.263 2.588 2.912 3.237 3.561 3.886 4.211 4.535 4.86 5.23 5.208 4.858 4.534 4.209 3.884 3.559 3.234 2.909 2.584 2.26 1.935 1.61 1.285 0.96 0.635 0.31 0.017 0.081 0.078 0.074 0.071 0.068 0.065 0.061 0.058 0.055 0.051 0.048 0.045 0.042 0.038 0.035 0.032 0.029 0.025 0.022 0.019 0.015 0.012 0.009 0.005 0.002 0.0 0.0 0.0 0.0 0.0 0.0 0.0 0.0 0.0 0.0 0.0 0.0 0.0 0.0 0.0 0.0 0.0 0.0 0.0 0.0 0.0 0.0 0.0 0.0 0.0 0.0 0.0 0.0 0.0 0.0 0.0 0.0 0.0 0.0 0.0 0.0 0.0 0.0 0.0 0.0 0.0 0.0 0.0 0.0 0.0 0.0 0.0 0.0 0.0 0.0 0.0 0.0 0.0 0.0 0.0 0.0 0.0 0.0 0.0 0.0 0.0 0.0 0.0 0.0 0.0 0.0 0.0 0.0 0.0 0.0 0.0 0.0 0.0
0.0 0.0 0.0 0.0 0.0 0.32 0.645 0.97 1.294 1.619 1.943 2.268 2.593 2.917 3.242 3.567 3.891 4.216 4.541 4.865 5.686 5.636 4.863 4.538 4.213 3.888 3.564 3.239 2.914 2.589 2.264 1.939 1.614 1.29 0.965 0.64 0.315 0.031 0.262 0.279 0.275 0.272 0.269 0.266 0.262 0.259 0.256 0.253 0.249 0.246 0.243 0.239 0.236 0.233 0.23 0.226 0.223 0.22 0.216 0.213 0.21 0.206 0.203 0.2 0.196 0.193 0.19 0.187 0.183 0.18 0.063 0.012 0.012 0.012 0.012 0.011 0.011 0.011 0.011 0.01 0.01 0.01 0.01 0.01 0.009 0.009 0.009 0.009 0.008 0.008 0.008 0.008 0.007 0.007 0.007 0.007 0.006 0.006 0.006 0.006 0.005 0.005 0.005 0.001 0.0 0.0 0.0 0.0 0.0 0.0 0.0 0.0 0.0 0.0 0.0 0.0 0.0 0.0 0.0 0.0 0.0 0.0 0.0 0.0 0.0 0.0 0.0 0.0 0.0 0.0 0.0 0.0 0.0 0.0 0.0 0.0
0.0 0.0 0.0 0.0 0.001 0.325 0.65 0.975 1.299 1.624 1.949 2.273 2.598 2.923 3.247 3.572 3.896 4.221 4.546 5.288 6.142 6.065 5.209 4.543 4.218 3.893 3.568 3.243 2.918 2.593 2.269 1.944 1.619 1.294 0.969 0.644 0.319 0.044 0.276 0.48 0.477 0.473 0.47 0.467 0.463 0.46 0.457 0.454 0.45 0.447 0.444 0.441 0.437 0.434 0.431 0.427 0.424 0.421 0.417 0.414 0.411 0.407 0.404 0.401 0.398 0.394 0.391 0.388 0.384 0.28 0.149 0.059 0.027 0.026 0.026 0.026 0.026 0.025 0.025 0.025 0.025 0.024 0.024 0.024 0.024 0.023 0.023 0.023 0.023 0.022 0.022 0.022 0.022 0.021 0.021 0.021 0.021 0.02 0.02 0.02 0.02 0.02 0.027 0.034 0.0 0.0 0.0 0.0 0.0 0.0 0.0 0.0 0.0 0.0 0.0 0.0 0.0 0.0 0.0 0.0 0.0 0.0 0.0 0.0 0.0 0.0 0.0 0.0 0.0 0.0 0.0 0.0 0.0 0.0 0.0 0.0
0.0 0.0 0.0 0.0 0.006 0.331 0.655 0.98 1.304 1.629 1.954 2.278 2.603 2.928 3.252 3.577 3.902 4.226 4.891 5.745 6.598 6.494 5.638 4.781 4.222 3.897 3.572 3.248 2.923 2.598 2.273 1.948 1.623 1.298 0.974 0.649 0.324 0.058 0.289 0.521 0.678 0.674 0.671 0.668 0.665 0.661 0.658 0.655 0.651 0.648 0.645 0.642 0.638 0.635 0.632 0.628 0.625 0.622 0.618 0.615 0.612 0.609 0.605 0.602 0.599 0.595 0.592 0.589 0.504 0.365 0.235 0.145 0.055 0.041 0.04 0.04 0.04 0.04 0.039 0.039 0.039 0.039 0.038 0.038 0.038 0.038 0.038 0.037 0.037 0.037 0.037 0.036 0.036 0.036 0.036 0.035 0.035 0.035 0.035 0.034 0.034 0.039 0.061 0.066 0.025 0.0 0.0 0.0 0.0 0.0 0.0 0.0 0.0 0.0 0.0 0.0 0.0 0.0 0.0 0.0 0.0 0.0 0.0 0.0 0.0 0.0 0.0 0.0 0.0 0.0 0.0 0.0 0.0 0.0 0.0 0.0
0.0 0.0 0.0 0.0 0.011 0.336 0.66 0.985 1.31 1.634 1.959 2.284 2.608 2.933 3.257 3.582 3.907 4.493 5.347 6.201 7.055 6.923 6.067 5.21 4.354 3.902 3.577 3.252 2.927 2.602 2.277 1.953 1.628 1.303 0.978 0.653 0.328 0.071 0.303 0.535 0.766 0.875 0.872 0.869 0.866 0.862 0.859 0.856 0.852 0.849 0.846 0.843 0.839 0.836 0.833 0.83 0.826 0.823 0.82 0.816 0.813 0.81 0.806 0.803 0.8 0.796 0.793 0.728 0.589 0.45 0.321 0.231 0.141 0.055 0.055 0.055 0.054 0.054 0.054 0.054 0.053 0.053 0.053 0.053 0.052 0.052 0.052 0.052 0.051 0.051 0.051 0.051 0.05 0.05 0.05 0.05 0.049 0.049 0.049 0.049 0.05 0.072 0.094 0.098 0.058 0.017 0.0 0.0 0.0 0.0 0.0 0.0 0.0 0.0 0.0 0.0 0.0 0.0 0.0 0.0 0.0 0.0 0.0 0.0 0.0 0.0 0.0 0.0 0.0 0.0 0.0 0.0 0.0 0.0 0.0 0.0
0.0 0.0 0.0 0.0 0.016 0.341 0.665 0.99 1.315 1.639 1.964 2.289 2.613 2.938 3.263 3.587 4.096 4.949 5.803 6.657 7.511 7.352 6.495 5.639 4.783 3.926 3.581 3.257 2.932 2.607 2.282 1.957 1.632 1.307 0.983 0.658 0.333 0.085 0.316 0.548 0.78 1.012 1.073 1.07 1.067 1.063 1.06 1.057 1.054 1.05 1.047 1.044 1.04 1.037 1.034 1.031 1.027 1.024 1.021 1.017 1.014 1.011 1.007 1.004 1.001 0.997 0.953 0.813 0.674 0.535 0.407 0.317 0.227 0.137 0.069 0.069 0.069 0.068 0.068 0.068 0.068 0.067 0.067 0.067 0.067 0.066 0.066 0.066 0.066 0.066 0.065 0.065 0.065 0.065 0.064 0.064 0.064 0.064 0.063 0.063 0.084 0.106 0.128 0.131 0.09 0.049 0.009 0.0 0.0 0.0 0.0 0.0 0.0 0.0 0.0 0.0 0.0 0.0 0.0 0.0 0.0 0.0 0.0 0.0 0.0 0.0 0.0 0.0 0.0 0.0 0.0 0.0 0.0 0.0 0.0 0.0
0.0 0.0 0.0 0.0 0.021 0.346 0.671 0.995 1.32 1.645 1.969 2.294 2.618 2.943 3.268 3.698 4.552 5.406 6.259 7.113 7.967 7.781 6.924 6.068 5.211 4.355 3.586 3.261 2.936 2.611 2.286 1.962 1.637 1.312 0.987 0.662 0.337 0.098 0.33 0.562 0.793 1.025 1.257 1.271 1.268 1.264 1.261 1.258 1.255 1.251 1.248 1.245 1.242 1.238 1.235 1.232 1.228 1.225 1.222 1.218 1.215 1.212 1.208 1.205 1.202 1.177 1.038 0.899 0.759 0.62 0.493 0.403 0.313 0.223 0.133 0.083 0.083 0.083 0.083 0.082 0.082 0.082 0.082 0.081 0.081 0.081 0.081 0.08 0.08 0.08 0.08 0.079 0.079 0.079 0.079 0.078 0.078 0.078 0.078 0.095 0.117 0.139 0.161 0.163 0.122 0.082 0.041 0.001 0.0 0.0 0.0 0.0 0.0 0.0 0.0 0.0 0.0 0.0 0.0 0.0 0.0 0.0 0.0 0.0 0.0 0.0 0.0 0.0 0.0 0.0 0.0 0.0 0.0 0.0 0.0 0.0
0.0 0.0 0.0 0.0 0.027 0.351 0.676 1.0 1.325 1.65 1.974 2.299 2.624 2.948 3.3 4.154 5.008 5.862 6.716 7.569 8.423 8.209 7.353 6.497 5.64 4.784 3.928 3.265 2.941 2.616 2.291 1.966 1.641 1.316 0.991 0.667 0.342 0.112 0.343 0.575 0.807 1.039 1.27 1.472 1.469 1.466 1.462 1.459 1.456 1.452 1.449 1.446 1.443 1.439 1.436 1.433 1.429 1.426 1.423 1.419 1.416 1.413 1.41 1.406 1.401 1.262 1.123 0.984 0.845 0.705 0.579 0.489 0.399 0.309 0.219 0.129 0.097 0.097 0.097 0.097 0.096 0.096 0.096 0.096 0.095 0.095 0.095 0.095 0.094 0.094 0.094 0.094 0.094 0.093 0.093 0.093 0.093 0.092 0.106 0.128 0.15 0.172 0.194 0.195 0.155 0.114 0.074 0.033 0.0 0.0 0.0 0.0 0.0 0.0 0.0 0.0 0.0 0.0 0.0 0.0 0.0 0.0 0.0 0.0 0.0 0.0 0.0 0.0 0.0 0.0 0.0 0.0 0.0 0.0 0.0 0.0
0.0 0.0 0.0 0.0 0.032 0.356 0.681 1.006 1.33 1.655 1.979 2.304 2.629 2.953 3.757 4.611 5.464 6.318 7.172 8.026 8.88 8.638 7.782 6.925 6.069 5.213 4.356 3.5 2.945 2.62 2.295 1.97 1.646 1.321 0.996 0.671 0.346 0.125 0.357 0.589 0.82 1.052 1.284 1.515 1.67 1.667 1.663 1.66 1.657 1.654 1.65 1.647 1.644 1.64 1.637 1.634 1.63 1.627 1.624 1.621 1.617 1.614 1.611 1.607 1.486 1.347 1.208 1.069 0.93 0.79 0.665 0.575 0.485 0.395 0.305 0.215 0.125 0.111 0.111 0.111 0.111 0.111 0.11 0.11 0.11 0.11 0.109 0.109 0.109 0.109 0.108 0.108 0.108 0.108 0.107 0.107 0.107 0.118 0.14 0.162 0.184 0.206 0.228 0.227 0.187 0.146 0.106 0.065 0.025 0.0 0.0 0.0 0.0 0.0 0.0 0.0 0.0 0.0 0.0 0.0 0.0 0.0 0.0 0.0 0.0 0.0 0.0 0.0 0.0 0.0 0.0 0.0 0.0 0.0 0.0 0.0
0.0 0.0 0.0 0.0 0.037 0.361 0.686 1.011 1.335 1.66 1.985 2.309 2.634 3.359 4.213 5.067 5.921 6.774 7.628 8.482 9.336 9.067 8.211 7.354 6.498 5.642 4.785 3.929 3.072 2.625 2.3 1.975 1.65 1.325 1.0 0.676 0.351 0.139 0.37 0.602 0.834 1.065 1.297 1.529 1.761 1.868 1.864 1.861 1.858 1.855 1.851 1.848 1.845 1.841 1.838 1.835 1.832 1.828 1.825 1.822 1.818 1.815 1.812 1.711 1.571 1.432 1.293 1.154 1.015 0.876 0.751 0.661 0.571 0.481 0.391 0.301 0.211 0.126 0.126 0.125 0.125 0.125 0.125 0.124 0.124 0.124 0.124 0.123 0.123 0.123 0.123 0.122 0.122 0.122 0.122 0.122 0.129 0.151 0.173 0.195 0.217 0.239 0.261 0.26 0.219 0.179 0.138 0.098 0.057 0.017 0.0 0.0 0.0 0.0 0.0 0.0 0.0 0.0 0.0 0.0 0.0 0.0 0.0 0.0 0.0 0.0 0.0 0.0 0.0 0.0 0.0 0.0 0.0 0.0 0.0 0.0
0.0 0.0 0.0 0.0 0.042 0.367 0.691 1.016 1.34 1.665 1.99 2.314 2.962 3.815 4.669 5.523 6.377 7.231 8.084 8.938 9.792 9.496 8.64 7.783 6.927 6.07 5.214 4.358 3.501 2.645 2.304 1.979 1.655 1.33 1.005 0.68 0.355 0.152 0.384 0.616 0.847 1.079 1.311 1.542 1.774 2.006 2.066 2.062 2.059 2.056 2.052 2.049 2.046 2.043 2.039 2.036 2.033 2.029 2.026 2.023 2.019 2.016 1.935 1.796 1.657 1.517 1.378 1.239 1.1 0.961 0.837 0.747 0.657 0.567 0.477 0.387 0.297 0.207 0.14 0.14 0.139 0.139 0.139 0.139 0.139 0.138 0.138 0.138 0.138 0.137 0.137 0.137 0.137 0.136 0.136 0.14 0.162 0.184 0.206 0.228 0.25 0.272 0.294 0.292 0.252 0.211 0.17 0.13 0.089 0.049 0.008 0.0 0.0 0.0 0.0 0.0 0.0 0.0 0.0 0.0 0.0 0.0 0.0 0.0 0.0 0.0 0.0 0.0 0.0 0.0 0.0 0.0 0.0 0.0 0.0 0.0
0.0 0.0 0.0 0.0 0.047 0.372 0.696 1.021 1.346 1.67 1.995 2.564 3.418 4.272 5.125 5.979 6.833 7.687 8.541 9.394 10.248 9.925 9.068 8.212 7.356 6.499 5.643 4.787 3.93 3.074 2.309 1.984 1.659 1.334 1.009 0.684 0.36 0.166 0.397 0.629 0.861 1.092 1.324 1.556 1.788 2.019 2.251 2.263 2.26 2.257 2.253 2.25 2.247 2.244 2.24 2.237 2.234 2.23 2.227 2.224 2.22 2.159 2.02 1.881 1.742 1.603 1.463 1.324 1.185 1.046 0.922 0.833 0.743 0.653 0.563 0.473 0.383 0.293 0.203 0.154 0.154 0.154 0.153 0.153 0.153 0.153 0.152 0.152 0.152 0.152 0.151 0.151 0.151 0.151 0.152 0.174 0.196 0.218 0.24 0.262 0.284 0.306 0.328 0.324 0.284 0.243 0.203 0.162 0.122 0.081 0.041 0.0 0.0 0.0 0.0 0.0 0.0 0.0 0.0 0.0 0.0 0.0 0.0 0.0 0.0 0.0 0.0 0.0 0.0 0.0 0.0 0.0 0.0 0.0 0.0 0.0
0.0 0.0 0.0 0.0 0.052 0.377 0.702 1.026 1.351 1.675 2.166 3.02 3.874 4.728 5.582 6.435 7.289 8.143 8.997 9.851 10.704 10.354 9.497 8.641 7.784 6.928 6.072 5.215 4.359 3.503 2.646 1.988 1.664 1.339 1.014 0.689 0.364 0.179 0.411 0.643 0.874 1.106 1.338 1.569 1.801 2.033 2.264 2.464 2.461 2.458 2.455 2.451 2.448 2.445 2.441 2.438 2.435 2.431 2.428 2.425 2.384 2.244 2.105 1.966 1.827 1.688 1.549 1.409 1.27 1.131 1.008 0.918 0.828 0.739 0.649 0.559 0.469 0.379 0.289 0.199 0.168 0.168 0.168 0.168 0.167 0.167 0.167 0.167 0.166 0.166 0.166 0.166 0.165 0.165 0.185 0.207 0.229 0.251 0.273 0.295 0.317 0.339 0.361 0.357 0.316 0.276 0.235 0.195 0.154 0.113 0.073 0.032 0.0 0.0 0.0 0.0 0.0 0.0 0.0 0.0 0.0 0.0 0.0 0.0 0.0 0.0 0.0 0.0 0.0 0.0 0.0 0.0 0.0 0.0 0.0 0.0
0.0 0.0 0.0 0.0 0.057 0.382 0.707 1.031 1.356 1.769 2.623 3.477 4.33 5.184 6.038 6.892 7.746 8.599 9.453 10.307 11.161 10.782 9.926 9.07 8.213 7.357 6.501 5.644 4.788 3.931 3.075 2.219 1.668 1.343 1.018 0.693 0.369 0.193 0.424 0.656 0.888 1.119 1.351 1.583 1.815 2.046 2.278 2.51 2.662 2.659 2.656 2.652 2.649 2.646 2.642 2.639 2.636 2.633 2.629 2.608 2.469 2.33 2.19 2.051 1.912 1.773 1.634 1.494 1.355 1.216 1.094 1.004 0.914 0.824 0.734 0.645 0.555 0.465 0.375 0.285 0.195 0.182 0.182 0.182 0.182 0.181 0.181 0.181 0.181 0.18 0.18 0.18 0.18 0.196 0.218 0.24 0.262 0.284 0.306 0.328 0.35 0.372 0.395 0.389 0.348 0.308 0.267 0.227 0.186 0.146 0.105 0.065 0.024 0.0 0.0 0.0 0.0 0.0 0.0 0.0 0.0 0.0 0.0 0.0 0.0 0.0 0.0 0.0 0.0 0.0 0.0 0.0 0.0 0.0 0.0 0.0
0.0 0.0 0.0 0.0 0.063 0.387 0.712 1.036 1.371 2.225 3.079 3.933 4.787 5.64 6.494 7.348 8.202 9.056 9.909 10.763 11.617 11.211 10.355 9.499 8.642 7.786 6.929 6.073 5.217 4.36 3.504 2.648 1.791 1.348 1.023 0.698 0.373 0.206 0.438 0.669 0.901 1.133 1.365 1.596 1.828 2.06 2.291 2.523 2.755 2.86 2.857 2.853 2.85 2.847 2.844 2.84 2.837 2.834 2.83 2.693 2.554 2.415 2.275 2.136 1.997 1.858 1.719 1.58 1.44 1.301 1.18 1.09 1.0 0.91 0.82 0.73 0.64 0.551 0.461 0.371 0.281 0.197 0.196 0.196 0.196 0.196 0.196 0.195 0.195 0.195 0.195 0.194 0.208 0.23 0.252 0.274 0.296 0.318 0.34 0.362 0.384 0.406 0.428 0.421 0.381 0.34 0.3 0.259 0.219 0.178 0.138 0.097 0.056 0.016 0.0 0.0 0.0 0.0 0.0 0.0 0.0 0.0 0.0 0.0 0.0 0.0 0.0 0.0 0.0 0.0 0.0 0.0 0.0 0.0 0.0 0.0
0.0 0.0 0.0 0.0 0.068 0.392 0.717 1.042 1.828 2.681 3.535 4.389 5.243 6.097 6.95 7.804 8.658 9.512 10.366 11.219 12.073 11.64 10.784 9.927 9.071 8.215 7.358 6.502 5.645 4.789 3.933 3.076 2.22 1.364 1.027 0.702 0.377 0.22 0.451 0.683 0.915 1.146 1.378 1.61 1.842 2.073 2.305 2.537 2.768 3.0 3.058 3.055 3.051 3.048 3.045 3.041 3.038 3.035 2.917 2.778 2.639 2.5 2.361 2.221 2.082 1.943 1.804 1.665 1.526 1.386 1.266 1.176 1.086 0.996 0.906 0.816 0.726 0.636 0.546 0.457 0.367 0.277 0.211 0.211 0.21 0.21 0.21 0.21 0.209 0.209 0.209 0.219 0.241 0.263 0.285 0.307 0.329 0.351 0.373 0.395 0.417 0.439 0.461 0.454 0.413 0.373 0.332 0.291 0.251 0.21 0.17 0.129 0.089 0.048 0.008 0.0 0.0 0.0 0.0 0.0 0.0 0.0 0.0 0.0 0.0 0.0 0.0 0.0 0.0 0.0 0.0 0.0 0.0 0.0 0.0 0.0
0.0 0.0 0.0 0.0 0.073 0.397 0.722 1.43 2.284 3.138 3.991 4.845 5.699 6.553 7.407 8.26 9.114 9.968 10.822 11.676 12.529 12.069 11.213 10.356 9.5 8.643 7.787 6.931 6.074 5.218 4.362 3.505 2.649 1.792 1.032 0.707 0.382 0.233 0.465 0.696 0.928 1.16 1.392 1.623 1.855 2.087 2.318 2.55 2.782 3.014 3.245 3.256 3.252 3.249 3.246 3.242 3.239 3.142 3.002 2.863 2.724 2.585 2.446 2.307 2.167 2.028 1.889 1.75 1.611 1.472 1.352 1.262 1.172 1.082 0.992 0.902 0.812 0.722 0.632 0.542 0.452 0.363 0.273 0.225 0.225 0.224 0.224 0.224 0.224 0.224 0.23 0.252 0.274 0.297 0.319 0.341 0.363 0.385 0.407 0.429 0.451 0.473 0.495 0.486 0.445 0.405 0.364 0.324 0.283 0.243 0.202 0.162 0.121 0.081 0.04 0.0 0.0 0.0 0.0 0.0 0.0 0.0 0.0 0.0 0.0 0.0 0.0 0.0 0.0 0.0 0.0 0.0 0.0 0.0 0.0 0.0
0.0 0.0 0.0 0.0 0.078 0.403 1.033 1.886 2.74 3.594 4.448 5.302 6.155 7.009 7.863 8.717 9.571 10.424 11.278 12.132 12.986 12.498 11.641 10.785 9.929 9.072 8.216 7.36 6.503 5.647 4.79 3.934 3.078 2.221 1.365 0.711 0.386 0.247 0.478 0.71 0.942 1.173 1.405 1.637 1.869 2.1 2.332 2.564 2.795 3.027 3.259 3.457 3.453 3.45 3.447 3.443 3.366 3.227 3.088 2.948 2.809 2.67 2.531 2.392 2.253 2.113 1.974 1.835 1.696 1.557 1.438 1.348 1.258 1.168 1.078 0.988 0.898 0.808 0.718 0.628 0.538 0.448 0.358 0.269 0.239 0.239 0.239 0.238 0.238 0.242 0.264 0.286 0.308 0.33 0.352 0.374 0.396 0.418 0.44 0.462 0.484 0.506 0.528 0.518 0.478 0.437 0.397 0.356 0.316 0.275 0.234 0.194 0.153 0.113 0.072 0.032 0.0 0.0 0.0 0.0 0.0 0.0 0.0 0.0 0.0 0.0 0.0 0.0 0.0 0.0 0.0 0.0 0.0 0.0 0.0 0.0
0.0 0.0 0.0 0.0 0.083 0.635 1.489 2.343 3.196 4.05 4.904 5.758 6.612 7.465 8.319 9.173 10.027 10.881 11.734 12.588 13.442 12.927 12.07 11.214 10.357 9.501 8.645 7.788 6.932 6.076 5.219 4.363 3.507 2.65 1.794 0.937 0.391 0.26 0.492 0.723 0.955 1.187 1.419 1.65 1.882 2.114 2.345 2.577 2.809 3.041 3.272 3.504 3.654 3.651 3.648 3.59 3.451 3.312 3.173 3.034 2.894 2.755 2.616 2.477 2.338 2.198 2.059 1.92 1.781 1.642 1.524 1.434 1.344 1.254 1.164 1.074 0.984 0.894 0.804 0.714 0.624 0.534 0.444 0.354 0.264 0.253 0.253 0.253 0.253 0.275 0.297 0.319 0.341 0.363 0.385 0.407 0.429 0.451 0.473 0.495 0.517 0.539 0.561 0.551 0.51 0.469 0.429 0.388 0.348 0.307 0.267 0.226 0.186 0.145 0.105 0.064 0.024 0.0 0.0 0.0 0.0 0.0 0.0 0.0 0.0 0.0 0.0 0.0 0.0 0.0 0.0 0.0 0.0 0.0 0.0 0.0
0.0 0.0 0.0 0.0 0.229 1.091 1.945 2.799 3.653 4.506 5.36 6.214 7.068 7.922 8.775 9.629 10.483 11.337 12.191 13.044 13.898 13.355 12.499 11.643 10.786 9.93 9.074 8.217 7.361 6.504 5.648 4.792 3.935 3.079 2.223 1.366 0.51 0.273 0.505 0.737 0.969 1.2 1.432 1.664 1.895 2.127 2.359 2.591 2.822 3.054 3.286 3.517 3.749 3.852 3.815 3.675 3.536 3.397 3.258 3.119 2.979 2.84 2.701 2.562 2.423 2.284 2.144 2.005 1.866 1.727 1.61 1.52 1.43 1.34 1.25 1.16 1.07 0.98 0.89 0.8 0.71 0.62 0.53 0.44 0.35 0.268 0.267 0.267 0.287 0.309 0.331 0.353 0.375 0.397 0.419 0.441 0.463 0.485 0.507 0.529 0.551 0.573 0.595 0.583 0.542 0.502 0.461 0.421 0.38 0.34 0.299 0.259 0.218 0.177 0.137 0.096 0.056 0.015 0.0 0.0 0.0 0.0 0.0 0.0 0.0 0.0 0.0 0.0 0.0 0.0 0.0 0.0 0.0 0.0 0.0 0.0
0.0 0.0 0.0 0.0 0.0 0.404 1.276 2.148 3.02 3.893 4.765 5.637 6.509 7.381 8.254 9.126 9.998 10.87 11.742 12.614 13.487 12.935 12.097 11.259 10.422 9.584 8.746 7.908 7.071 6.233 5.395 4.557 3.719 2.882 2.044 1.206 0.368 0.523 0.747 0.97 1.194 1.418 1.642 1.865 2.089 2.313 2.536 2.76 2.984 3.207 3.431 3.655 3.878 4.035 3.883 3.745 3.607 3.469 3.332 3.194 3.056 2.918 2.78 2.643 2.505 2.367 2.229 2.09 1.951 1.812 1.696 1.606 1.516 1.426 1.336 1.246 1.156 1.066 0.976 0.886 0.796 0.706 0.616 0.526 0.436 0.346 0.282 0.298 0.32 0.342 0.364 0.386 0.408 0.43 0.452 0.474 0.496 0.518 0.54 0.562 0.584 0.606 0.628 0.615 0.575 0.534 0.494 0.453 0.412 0.372 0.331 0.291 0.25 0.21 0.169 0.129 0.088 0.048 0.007 0.0 0.0 0.0 0.0 0.0 0.0 0.0 0.0 0.0 0.0 0.0 0.0 0.0 0.0 0.0 0.0 0.0
0.0 0.0 0.0 0.0 0.0 0.0 0.579 1.452 2.324 3.196 4.068 4.94 5.812 6.685 7.557 8.429 9.301 10.173 11.046 11.918 12.79 12.211 11.373 10.535 9.697 8.86 8.022 7.184 6.346 5.509 4.671 3.833 2.995 2.157 1.32 0.482 0.571 1.03 1.254 1.477 1.701 1.925 2.148 2.372 2.596 2.819 3.043 3.267 3.491 3.714 3.938 4.162 4.385 4.003 3.882 3.745 3.608 3.47 3.332 3.194 3.057 2.919 2.781 2.643 2.505 2.368 2.23 2.092 1.954 1.817 1.703 1.614 1.526 1.437 1.348 1.26 1.171 1.083 0.994 0.906 0.817 0.728 0.64 0.551 0.463 0.374 0.277 0.288 0.311 0.334 0.357 0.381 0.404 0.427 0.45 0.473 0.496 0.519 0.542 0.566 0.589 0.612 0.635 0.635 0.595 0.555 0.515 0.475 0.435 0.395 0.355 0.315 0.275 0.235 0.195 0.155 0.115 0.075 0.035 0.0 0.0 0.0 0.0 0.0 0.0 0.0 0.0 0.0 0.0 0.0 0.0 0.0 0.0 0.0 0.0 0.0
0.0 0.0 0.0 0.0 0.0 0.0 0.0 0.755 1.627 2.499 3.371 4.244 5.116 5.988 6.86 7.732 8.604 9.477 10.349 11.221 12.093 11.487 10.649 9.811 8.973 8.136 7.298 6.46 5.622 4.784 3.947 3.109 2.271 1.433 0.595 0.471 1.085 1.537 1.761 1.984 2.208 2.432 2.655 2.879 3.103 3.326 3.55 3.774 3.997 4.221 4.445 4.668 4.379 3.972 3.855 3.746 3.608 3.47 3.333 3.195 3.057 2.919 2.782 2.644 2.506 2.368 2.23 2.093 1.955 1.817 1.704 1.615 1.527 1.438 1.35 1.261 1.173 1.084 0.996 0.907 0.818 0.73 0.641 0.553 0.464 0.366 0.262 0.263 0.279 0.302 0.325 0.348 0.371 0.394 0.417 0.44 0.464 0.487 0.51 0.533 0.556 0.579 0.602 0.612 0.594 0.554 0.514 0.474 0.434 0.394 0.354 0.314 0.274 0.234 0.194 0.154 0.114 0.074 0.034 0.0 0.0 0.0 0.0 0.0 0.0 0.0 0.0 0.0 0.0 0.0 0.0 0.0 0.0 0.0 0.0 0.0
0.0 0.0 0.0 0.0 0.0 0.0 0.0 0.058 0.93 1.802 2.675 3.547 4.419 5.291 6.163 7.035 7.908 8.78 9.652 10.524 11.396 10.763 9.925 9.087 8.249 7.411 6.574 5.736 4.898 4.06 3.222 2.385 1.547 0.709 0.371 0.984 1.598 2.044 2.268 2.491 2.715 2.939 3.162 3.386 3.61 3.833 4.057 4.281 4.504 4.728 4.952 4.755 4.348 3.941 3.829 3.725 3.609 3.471 3.333 3.195 3.058 2.92 2.782 2.644 2.507 2.369 2.231 2.093 1.955 1.818 1.705 1.617 1.528 1.44 1.351 1.263 1.174 1.085 0.997 0.908 0.82 0.731 0.643 0.554 0.459 0.35 0.248 0.248 0.249 0.269 0.292 0.315 0.338 0.362 0.385 0.408 0.431 0.454 0.477 0.5 0.523 0.547 0.57 0.579 0.58 0.553 0.513 0.474 0.434 0.394 0.354 0.314 0.274 0.234 0.194 0.154 0.114 0.074 0.034 0.0 0.0 0.0 0.0 0.0 0.0 0.0 0.0 0.0 0.0 0.0 0.0 0.0 0.0 0.0 0.0 0.0
0.0 0.0 0.0 0.0 0.0 0.0 0.0 0.0 0.233 1.106 1.978 2.85 3.722 4.594 5.467 6.339 7.211 8.083 8.955 9.827 10.7 10.038 9.201 8.363 7.525 6.687 5.849 5.012 4.174 3.336 2.498 1.66 0.823 0.27 0.884 1.498 2.111 2.551 2.775 2.998 3.222 3.446 3.669 3.893 4.117 4.34 4.564 4.788 5.011 5.235 5.131 4.724 4.317 3.909 3.803 3.699 3.594 3.472 3.334 3.196 3.058 2.92 2.783 2.645 2.507 2.369 2.232 2.094 1.956 1.818 1.707 1.618 1.53 1.441 1.353 1.264 1.175 1.087 0.998 0.91 0.821 0.733 0.644 0.552 0.443 0.334 0.234 0.234 0.234 0.237 0.26 0.283 0.306 0.329 0.352 0.375 0.398 0.421 0.445 0.468 0.491 0.514 0.537 0.546 0.547 0.547 0.513 0.473 0.433 0.393 0.353 0.313 0.273 0.233 0.193 0.153 0.113 0.073 0.033 0.0 0.0 0.0 0.0 0.0 0.0 0.0 0.0 0.0 0.0 0.0 0.0 0.0 0.0 0.0 0.0 0.0
0.0 0.0 0.0 0.0 0.0 0.0 0.0 0.0 0.0 0.409 1.281 2.153 3.025 3.898 4.77 5.642 6.514 7.386 8.259 9.131 10.003 9.314 8.476 7.639 6.801 5.963 5.125 4.287 3.45 2.612 1.774 0.936 0.17 0.784 1.397 2.011 2.625 3.058 3.282 3.505 3.729 3.953 4.176 4.4 4.624 4.847 5.071 5.295 5.518 5.507 5.1 4.693 4.285 3.88 3.776 3.672 3.568 3.464 3.334 3.197 3.059 2.921 2.783 2.645 2.508 2.37 2.232 2.094 1.957 1.819 1.708 1.62 1.531 1.443 1.354 1.265 1.177 1.088 1.0 0.911 0.823 0.734 0.645 0.536 0.427 0.318 0.219 0.22 0.22 0.22 0.227 0.25 0.273 0.296 0.32 0.343 0.366 0.389 0.412 0.435 0.458 0.481 0.505 0.513 0.514 0.514 0.512 0.472 0.432 0.392 0.352 0.312 0.272 0.232 0.192 0.152 0.112 0.072 0.032 0.0 0.0 0.0 0.0 0.0 0.0 0.0 0.0 0.0 0.0 0.0 0.0 0.0 0.0 0.0 0.0 0.0
0.0 0.0 0.0 0.0 0.0 0.0 0.0 0.0 0.0 0.0 0.584 1.457 2.329 3.201 4.073 4.945 5.817 6.69 7.562 8.434 9.306 8.59 7.752 6.914 6.077 5.239 4.401 3.563 2.725 1.888 1.05 0.212 0.683 1.297 1.911 2.524 3.138 3.565 3.789 4.012 4.236 4.46 4.683 4.907 5.131 5.354 5.578 5.802 5.883 5.476 5.069 4.661 4.254 3.854 3.75 3.646 3.542 3.438 3.334 3.197 3.059 2.922 2.784 2.646 2.508 2.37 2.233 2.095 1.957 1.819 1.71 1.621 1.532 1.444 1.355 1.267 1.178 1.09 1.001 0.913 0.824 0.735 0.629 0.52 0.411 0.302 0.205 0.205 0.205 0.206 0.206 0.218 0.241 0.264 0.287 0.31 0.333 0.356 0.379 0.403 0.426 0.449 0.472 0.48 0.481 0.481 0.482 0.471 0.431 0.391 0.352 0.312 0.272 0.232 0.192 0.152 0.112 0.072 0.032 0.0 0.0 0.0 0.0 0.0 0.0 0.0 0.0 0.0 0.0 0.0 0.0 0.0 0.0 0.0 0.0 0.0
0.0 0.0 0.0 0.0 0.0 0.0 0.0 0.0 0.0 0.0 0.0 0.76 1.632 2.504 3.376 4.248 5.121 5.993 6.865 7.737 8.609 7.866 7.028 6.19 5.352 4.515 3.677 2.839 2.001 1.164 0.326 0.583 1.197 1.81 2.424 3.038 3.651 4.072 4.296 4.519 4.743 4.967 5.19 5.414 5.638 5.861 6.085 6.259 5.852 5.445 5.037 4.63 4.223 3.828 3.724 3.62 3.516 3.411 3.307 3.198 3.06 2.922 2.784 2.647 2.509 2.371 2.233 2.095 1.958 1.82 1.711 1.622 1.534 1.445 1.357 1.268 1.18 1.091 1.002 0.914 0.825 0.722 0.613 0.504 0.395 0.285 0.191 0.191 0.191 0.191 0.192 0.192 0.208 0.231 0.254 0.277 0.301 0.324 0.347 0.37 0.393 0.416 0.439 0.447 0.448 0.448 0.449 0.449 0.431 0.391 0.351 0.311 0.271 0.231 0.191 0.151 0.111 0.071 0.031 0.0 0.0 0.0 0.0 0.0 0.0 0.0 0.0 0.0 0.0 0.0 0.0 0.0 0.0 0.0 0.0 0.0
0.0 0.0 0.0 0.0 0.0 0.0 0.0 0.0 0.0 0.0 0.0 0.063 0.935 1.807 2.68 3.552 4.424 5.296 6.168 7.04 7.913 7.142 6.304 5.466 4.628 3.791 2.953 2.115 1.277 0.439 0.483 1.096 1.71 2.324 2.937 3.551 4.164 4.579 4.803 5.026 5.25 5.474 5.697 5.921 6.145 6.368 6.592 6.228 5.821 5.413 5.006 4.599 4.192 3.802 3.697 3.593 3.489 3.385 3.281 3.177 3.061 2.923 2.785 2.647 2.509 2.372 2.234 2.096 1.958 1.82 1.712 1.624 1.535 1.447 1.358 1.27 1.181 1.092 1.004 0.915 0.815 0.706 0.597 0.487 0.378 0.269 0.176 0.176 0.177 0.177 0.177 0.177 0.178 0.199 0.222 0.245 0.268 0.291 0.314 0.337 0.36 0.384 0.407 0.414 0.415 0.415 0.416 0.416 0.417 0.39 0.35 0.31 0.27 0.23 0.19 0.15 0.11 0.07 0.03 0.0 0.0 0.0 0.0 0.0 0.0 0.0 0.0 0.0 0.0 0.0 0.0 0.0 0.0 0.0 0.0 0.0
0.0 0.0 0.0 0.0 0.0 0.0 0.0 0.0 0.0 0.0 0.0 0.0 0.238 1.111 1.983 2.855 3.727 4.599 5.472 6.344 7.216 6.417 5.58 4.742 3.904 3.066 2.229 1.391 0.553 0.383 0.996 1.61 2.223 2.837 3.451 4.064 4.678 5.086 5.31 5.533 5.757 5.981 6.204 6.428 6.652 6.875 6.604 6.197 5.789 5.382 4.975 4.568 4.16 3.775 3.671 3.567 3.463 3.359 3.255 3.151 3.047 2.923 2.786 2.648 2.51 2.372 2.234 2.097 1.959 1.821 1.714 1.625 1.537 1.448 1.359 1.271 1.182 1.094 1.005 0.908 0.799 0.69 0.58 0.471 0.362 0.253 0.162 0.162 0.162 0.163 0.163 0.163 0.163 0.166 0.189 0.212 0.235 0.258 0.282 0.305 0.328 0.351 0.374 0.381 0.382 0.382 0.383 0.383 0.384 0.385 0.349 0.309 0.269 0.23 0.19 0.15 0.11 0.07 0.03 0.0 0.0 0.0 0.0 0.0 0.0 0.0 0.0 0.0 0.0 0.0 0.0 0.0 0.0 0.0 0.0 0.0
0.0 0.0 0.0 0.0 0.0 0.0 0.0 0.0 0.0 0.0 0.0 0.0 0.0 0.414 1.286 2.158 3.03 3.903 4.775 5.647 6.519 5.693 4.856 4.018 3.18 2.342 1.504 0.667 0.282 0.896 1.509 2.123 2.737 3.35 3.964 4.577 5.191 5.593 5.817 6.04 6.264 6.488 6.711 6.935 7.159 6.98 6.573 6.165 5.758 5.351 4.944 4.536 4.129 3.749 3.645 3.541 3.437 3.333 3.228 3.124 3.02 2.916 2.786 2.648 2.511 2.373 2.235 2.097 1.959 1.822 1.715 1.627 1.538 1.449 1.361 1.272 1.184 1.095 1.001 0.892 0.783 0.673 0.564 0.455 0.346 0.237 0.147 0.148 0.148 0.148 0.148 0.149 0.149 0.149 0.156 0.18 0.203 0.226 0.249 0.272 0.295 0.318 0.341 0.348 0.349 0.349 0.35 0.35 0.351 0.352 0.349 0.309 0.269 0.229 0.189 0.149 0.109 0.069 0.029 0.0 0.0 0.0 0.0 0.0 0.0 0.0 0.0 0.0 0.0 0.0 0.0 0.0 0.0 0.0 0.0 0.0
0.0 0.0 0.0 0.0 0.0 0.0 0.0 0.0 0.0 0.0 0.0 0.0 0.0 0.0 0.589 1.461 2.334 3.206 4.078 4.95 5.807 4.969 4.131 3.294 2.456 1.618 0.78 0.182 0.796 1.409 2.023 2.636 3.25 3.864 4.477 5.091 5.704 6.1 6.324 6.547 6.771 6.995 7.218 7.442 7.356 6.949 6.541 6.134 5.727 5.32 4.912 4.505 4.098 3.723 3.619 3.514 3.41 3.306 3.202 3.098 2.994 2.89 2.786 2.649 2.511 2.373 2.236 2.098 1.96 1.822 1.717 1.628 1.539 1.451 1.362 1.274 1.185 1.094 0.985 0.876 0.766 0.657 0.548 0.439 0.33 0.221 0.133 0.133 0.134 0.134 0.134 0.134 0.135 0.135 0.135 0.147 0.17 0.193 0.216 0.239 0.263 0.286 0.309 0.315 0.316 0.316 0.317 0.317 0.318 0.319 0.319 0.308 0.268 0.228 0.188 0.148 0.108 0.068 0.028 0.0 0.0 0.0 0.0 0.0 0.0 0.0 0.0 0.0 0.0 0.0 0.0 0.0 0.0 0.0 0.0 0.0
0.0 0.0 0.0 0.0 0.0 0.0 0.0 0.0 0.0 0.0 0.0 0.0 0.0 0.0 0.0 0.765 1.637 2.509 3.381 4.253 5.083 4.245 3.407 2.569 1.732 0.894 0.082 0.695 1.309 1.922 2.536 3.15 3.763 4.377 4.99 5.604 6.218 6.607 6.83 7.054 7.278 7.502 7.725 7.732 7.325 6.917 6.51 6.103 5.696 5.288 4.881 4.474 4.067 3.696 3.592 3.488 3.384 3.28 3.176 3.072 2.968 2.863 2.759 2.649 2.512 2.374 2.236 2.098 1.961 1.823 1.718 1.629 1.541 1.452 1.364 1.275 1.187 1.078 0.969 0.859 0.75 0.641 0.532 0.423 0.314 0.204 0.119 0.119 0.119 0.119 0.12 0.12 0.12 0.12 0.121 0.121 0.137 0.161 0.184 0.207 0.23 0.253 0.276 0.282 0.283 0.283 0.284 0.284 0.285 0.286 0.286 0.287 0.267 0.227 0.187 0.148 0.108 0.068 0.028 0.0 0.0 0.0 0.0 0.0 0.0 0.0 0.0 0.0 0.0 0.0 0.0 0.0 0.0 0.0 0.0 0.0
0.0 0.0 0.0 0.0 0.0 0.0 0.0 0.0 0.0 0.0 0.0 0.0 0.0 0.0 0.0 0.068 0.94 1.812 2.684 3.557 4.359 3.521 2.683 1.845 1.007 0.17 0.595 1.209 1.822 2.436 3.049 3.663 4.277 4.89 5.504 6.117 6.731 7.114 7.337 7.561 7.785 8.008 8.108 7.701 7.293 6.886 6.479 6.072 5.664 5.257 4.85 4.442 4.035 3.67 3.566 3.462 3.358 3.254 3.149 3.045 2.941 2.837 2.733 2.629 2.512 2.374 2.237 2.099 1.961 1.823 1.719 1.631 1.542 1.454 1.365 1.276 1.171 1.061 0.952 0.843 0.734 0.625 0.516 0.407 0.297 0.188 0.104 0.105 0.105 0.105 0.105 0.106 0.106 0.106 0.106 0.107 0.107 0.128 0.151 0.174 0.197 0.22 0.244 0.249 0.25 0.25 0.251 0.251 0.252 0.253 0.253 0.254 0.254 0.227 0.187 0.147 0.107 0.067 0.027 0.0 0.0 0.0 0.0 0.0 0.0 0.0 0.0 0.0 0.0 0.0 0.0 0.0 0.0 0.0 0.0 0.0
0.0 0.0 0.0 0.0 0.0 0.0 0.0 0.0 0.0 0.0 0.0 0.0 0.0 0.0 0.0 0.0 0.243 1.116 1.988 2.86 3.634 2.797 1.959 1.121 0.283 0.495 1.108 1.722 2.335 2.949 3.563 4.176 4.79 5.403 6.017 6.631 7.244 7.621 7.844 8.068 8.292 8.484 8.077 7.669 7.262 6.855 6.448 6.04 5.633 5.226 4.818 4.411 4.004 3.644 3.54 3.435 3.331 3.227 3.123 3.019 2.915 2.811 2.707 2.603 2.499 2.375 2.237 2.099 1.962 1.824 1.721 1.632 1.544 1.455 1.366 1.264 1.154 1.045 0.936 0.827 0.718 0.609 0.499 0.39 0.281 0.172 0.09 0.09 0.09 0.091 0.091 0.091 0.091 0.092 0.092 0.092 0.092 0.095 0.118 0.142 0.165 0.188 0.211 0.216 0.217 0.217 0.218 0.218 0.219 0.22 0.22 0.221 0.221 0.222 0.186 0.146 0.106 0.066 0.026 0.0 0.0 0.0 0.0 0.0 0.0 0.0 0.0 0.0 0.0 0.0 0.0 0.0 0.0 0.0 0.0 0.0
0.0 0.0 0.0 0.0 0.0 0.0 0.0 0.0 0.0 0.0 0.0 0.0 0.0 0.0 0.0 0.0 0.0 0.419 1.291 2.163 2.91 2.072 1.235 0.397 0.394 1.008 1.622 2.235 2.849 3.462 4.076 4.69 5.303 5.917 6.53 7.144 7.757 8.128 8.351 8.575 8.799 8.453 8.045 7.638 7.231 6.824 6.416 6.009 5.602 5.194 4.787 4.38 3.973 3.617 3.513 3.409 3.305 3.201 3.097 2.993 2.889 2.785 2.68 2.576 2.472 2.368 2.238 2.1 1.962 1.824 1.722 1.634 1.545 1.456 1.357 1.247 1.138 1.029 0.92 0.811 0.702 0.592 0.483 0.374 0.265 0.156 0.076 0.076 0.076 0.076 0.077 0.077 0.077 0.077 0.078 0.078 0.078 0.078 0.086 0.109 0.132 0.155 0.178 0.183 0.184 0.184 0.185 0.185 0.186 0.187 0.187 0.188 0.188 0.189 0.185 0.145 0.105 0.065 0.026 0.0 0.0 0.0 0.0 0.0 0.0 0.0 0.0 0.0 0.0 0.0 0.0 0.0 0.0 0.0 0.0 0.0
0.0 0.0 0.0 0.0 0.0 0.0 0.0 0.0 0.0 0.0 0.0 0.0 0.0 0.0 0.0 0.0 0.0 0.0 0.594 1.466 2.186 1.348 0.511 0.294 0.908 1.521 2.135 2.748 3.362 3.976 4.589 5.203 5.816 6.43 7.044 7.657 8.271 8.635 8.858 9.082 8.829 8.421 8.014 7.607 7.199 6.792 6.385 5.978 5.57 5.163 4.756 4.349 3.941 3.591 3.487 3.383 3.279 3.175 3.071 2.966 2.862 2.758 2.654 2.55 2.446 2.342 2.238 2.101 1.963 1.825 1.723 1.635 1.546 1.45 1.34 1.231 1.122 1.013 0.904 0.795 0.685 0.576 0.467 0.358 0.249 0.14 0.061 0.062 0.062 0.062 0.062 0.062 0.063 0.063 0.063 0.063 0.064 0.064 0.064 0.076 0.1 0.123 0.146 0.15 0.151 0.151 0.152 0.152 0.153 0.154 0.154 0.155 0.155 0.156 0.156 0.145 0.105 0.065 0.025 0.0 0.0 0.0 0.0 0.0 0.0 0.0 0.0 0.0 0.0 0.0 0.0 0.0 0.0 0.0 0.0 0.0
0.0 0.0 0.0 0.0 0.0 0.0 0.0 0.0 0.0 0.0 0.0 0.0 0.0 0.0 0.0 0.0 0.0 0.0 0.0 0.77 1.462 0.624 0.194 0.807 1.421 2.035 2.648 3.262 3.875 4.489 5.103 5.716 6.33 6.943 7.557 8.17 8.784 9.142 9.365 9.205 8.797 8.39 7.983 7.575 7.168 6.761 6.354 5.946 5.539 5.132 4.725 4.317 3.91 3.565 3.461 3.357 3.252 3.148 3.044 2.94 2.836 2.732 2.628 2.524 2.42 2.316 2.211 2.101 1.963 1.826 1.725 1.636 1.543 1.433 1.324 1.215 1.106 0.997 0.888 0.778 0.669 0.56 0.451 0.342 0.233 0.123 0.047 0.047 0.047 0.048 0.048 0.048 0.048 0.049 0.049 0.049 0.049 0.05 0.05 0.05 0.067 0.09 0.113 0.117 0.118 0.118 0.119 0.119 0.12 0.121 0.121 0.122 0.122 0.123 0.123 0.124 0.104 0.064 0.024 0.0 0.0 0.0 0.0 0.0 0.0 0.0 0.0 0.0 0.0 0.0 0.0 0.0 0.0 0.0 0.0 0.0
0.0 0.0 0.0 0.0 0.0 0.0 0.0 0.0 0.0 0.0 0.0 0.0 0.0 0.0 0.0 0.0 0.0 0.0 0.0 0.073 0.738 0.093 0.707 1.321 1.934 2.548 3.161 3.775 4.389 5.002 5.616 6.229 6.843 7.457 8.07 8.684 9.297 9.649 9.581 9.173 8.766 8.359 7.951 7.544 7.137 6.73 6.322 5.915 5.508 5.101 4.693 4.286 3.879 3.538 3.434 3.33 3.226 3.122 3.018 2.914 2.81 2.706 2.602 2.497 2.393 2.289 2.185 2.081 1.964 1.826 1.726 1.635 1.526 1.417 1.308 1.199 1.09 0.98 0.871 0.762 0.653 0.544 0.435 0.326 0.216 0.107 0.033 0.033 0.033 0.033 0.034 0.034 0.034 0.034 0.034 0.035 0.035 0.035 0.035 0.036 0.036 0.057 0.081 0.084 0.085 0.085 0.086 0.086 0.087 0.088 0.088 0.089 0.089 0.09 0.09 0.091 0.091 0.063 0.023 0.0 0.0 0.0 0.0 0.0 0.0 0.0 0.0 0.0 0.0 0.0 0.0 0.0 0.0 0.0 0.0 0.0
0.0 0.0 0.0 0.0 0.0 0.0 0.0 0.0 0.0 0.0 0.0 0.0 0.0 0.0 0.0 0.0 0.0 0.0 0.0 0.0 0.014 0.607 1.22 1.834 2.448 3.061 3.675 4.288 4.902 5.515 6.129 6.743 7.356 7.97 8.583 9.197 9.811 9.956 9.549 9.142 8.735 8.327 7.92 7.513 7.106 6.698 6.291 5.884 5.477 5.069 4.662 4.255 3.848 3.512 3.408 3.304 3.2 3.096 2.992 2.888 2.783 2.679 2.575 2.471 2.367 2.263 2.159 2.055 1.951 1.827 1.728 1.619 1.51 1.401 1.292 1.183 1.073 0.964 0.855 0.746 0.637 0.528 0.418 0.309 0.2 0.091 0.018 0.018 0.019 0.019 0.019 0.019 0.02 0.02 0.02 0.02 0.021 0.021 0.021 0.021 0.022 0.025 0.048 0.051 0.052 0.052 0.053 0.053 0.054 0.055 0.055 0.056 0.056 0.057 0.057 0.058 0.059 0.059 0.023 0.0 0.0 0.0 0.0 0.0 0.0 0.0 0.0 0.0 0.0 0.0 0.0 0.0 0.0 0.0 0.0 0.0
0.0 0.0 0.0 0.0 0.0 0.0 0.0 0.0 0.0 0.0 0.0 0.0 0.0 0.0 0.0 0.0 0.0 0.0 0.0 0.0 0.541 0.526 1.152 1.778 2.403 3.029 3.654 4.28 4.905 5.531 6.156 6.782 7.407 8.033 8.659 9.284 9.91 9.86 9.454 9.049 8.644 8.239 7.833 7.428 7.023 6.617 6.212 5.807 5.402 4.996 4.591 4.186 3.78 3.467 3.364 3.261 3.158 3.055 2.952 2.849 2.746 2.643 2.54 2.437 2.334 2.231 2.128 2.025 1.922 1.819 1.712 1.603 1.494 1.385 1.276 1.166 1.057 0.948 0.839 0.73 0.621 0.511 0.402 0.293 0.184 0.075 0.004 0.004 0.004 0.005 0.005 0.005 0.005 0.006 0.006 0.006 0.006 0.006 0.007 0.007 0.007 0.007 0.015 0.018 0.019 0.019 0.02 0.02 0.021 0.022 0.022 0.023 0.023 0.024 0.024 0.025 0.026 0.026 0.022 0.0 0.0 0.0 0.0 0.0 0.0 0.0 0.0 0.0 0.0 0.0 0.0 0.0 0.0 0.0 0.0 0.0
0.0 0.0 0.0 0.0 0.0 0.0 0.0 0.0 0.0 0.0 0.0 0.0 0.0 0.0 0.0 0.0 0.0 0.0 0.0 0.642 1.308 0.687 0.924 1.549 2.175 2.801 3.426 4.052 4.677 5.303 5.928 6.554 7.179 7.805 8.43 9.056 9.682 9.646 9.302 8.897 8.492 8.086 7.681 7.276 6.871 6.465 6.06 5.655 5.249 4.844 4.439 4.034 3.628 3.323 3.272 3.169 3.066 2.963 2.86 2.757 2.654 2.551 2.448 2.345 2.242 2.139 2.036 1.933 1.83 1.727 1.62 1.512 1.404 1.296 1.188 1.081 0.973 0.865 0.757 0.649 0.541 0.433 0.325 0.217 0.109 0.002 0.012 0.012 0.012 0.011 0.011 0.011 0.01 0.01 0.01 0.01 0.009 0.009 0.009 0.008 0.008 0.008 0.002 0.0 0.0 0.0 0.0 0.0 0.0 0.0 0.0 0.0 0.0 0.0 0.0 0.0 0.0 0.0 0.0 0.0 0.0 0.0 0.0 0.0 0.0 0.0 0.0 0.0 0.0 0.0 0.0 0.0 0.0 0.0 0.0 0.0
0.0 0.0 0.0 0.0 0.0 0.0 0.0 0.0 0.0 0.0 0.0 0.0 0.0 0.0 0.0 0.0 0.0 0.0 0.504 1.434 2.076 1.454 0.832 1.321 1.947 2.572 3.198 3.824 4.449 5.075 5.7 6.326 6.951 7.577 8.202 8.828 9.453 9.403 9.111 8.745 8.34 7.934 7.529 7.124 6.719 6.313 5.908 5.503 5.097 4.692 4.287 3.882 3.476 3.177 3.141 3.077 2.974 2.871 2.768 2.665 2.562 2.459 2.356 2.253 2.15 2.047 1.944 1.841 1.738 1.635 1.528 1.42 1.312 1.204 1.096 0.988 0.881 0.773 0.665 0.557 0.449 0.341 0.233 0.125 0.017 0.017 0.029 0.028 0.028 0.028 0.027 0.027 0.027 0.027 0.026 0.026 0.026 0.025 0.025 0.025 0.025 0.021 0.001 0.0 0.0 0.0 0.0 0.0 0.0 0.0 0.0 0.0 0.0 0.0 0.0 0.0 0.0 0.0 0.0 0.0 0.0 0.0 0.0 0.0 0.0 0.0 0.0 0.0 0.0 0.0 0.0 0.0 0.0 0.0 0.0 0.0
0.0 0.0 0.0 0.0 0.0 0.0 0.0 0.0 0.0 0.0 0.0 0.0 0.0 0.0 0.0 0.0 0.0 0.367 1.296 2.226 2.843 2.221 1.6 1.093 1.719 2.344 2.97 3.595 4.221 4.847 5.472 6.098 6.723 7.349 7.974 8.6 9.225 9.16 8.868 8.577 8.188 7.782 7.377 6.972 6.567 6.161 5.756 5.351 4.945 4.54 4.135 3.729 3.324 3.031 2.996 2.96 2.882 2.779 2.676 2.573 2.47 2.367 2.264 2.161 2.058 1.955 1.852 1.749 1.646 1.543 1.436 1.328 1.22 1.112 1.004 0.896 0.789 0.681 0.573 0.465 0.357 0.249 0.141 0.033 0.014 0.033 0.045 0.045 0.044 0.044 0.044 0.044 0.043 0.043 0.043 0.043 0.042 0.042 0.042 0.041 0.041 0.021 0.001 0.0 0.0 0.0 0.0 0.0 0.0 0.0 0.0 0.0 0.0 0.0 0.0 0.0 0.0 0.0 0.0 0.0 0.0 0.0 0.0 0.0 0.0 0.0 0.0 0.0 0.0 0.0 0.0 0.0 0.0 0.0 0.0 0.0
0.0 0.0 0.0 0.0 0.0 0.0 0.0 0.0 0.0 0.0 0.0 0.0 0.0 0.0 0.0 0.0 0.229 1.159 2.088 3.018 3.61 2.988 2.367 1.745 1.491 2.116 2.742 3.367 3.993 4.618 5.244 5.869 6.495 7.121 7.746 8.372 8.997 8.917 8.625 8.334 8.036 7.63 7.225 6.82 6.414 6.009 5.604 5.199 4.793 4.388 3.983 3.577 3.172 2.885 2.85 2.814 2.779 2.687 2.584 2.481 2.378 2.275 2.172 2.069 1.966 1.863 1.76 1.657 1.554 1.451 1.344 1.236 1.128 1.02 0.912 0.804 0.696 0.589 0.481 0.373 0.265 0.157 0.049 0.011 0.03 0.05 0.061 0.061 0.061 0.061 0.06 0.06 0.06 0.06 0.059 0.059 0.059 0.058 0.058 0.058 0.041 0.021 0.001 0.0 0.0 0.0 0.0 0.0 0.0 0.0 0.0 0.0 0.0 0.0 0.0 0.0 0.0 0.0 0.0 0.0 0.0 0.0 0.0 0.0 0.0 0.0 0.0 0.0 0.0 0.0 0.0 0.0 0.0 0.0 0.0 0.0
0.0 0.0 0.0 0.0 0.0 0.0 0.0 0.0 0.0 0.0 0.0 0.0 0.0 0.0 0.0 0.092 1.021 1.951 2.88 3.81 4.377 3.755 3.134 2.512 1.891 1.888 2.514 3.139 3.765 4.39 5.016 5.641 6.267 6.892 7.518 8.144 8.769 8.674 8.382 8.091 7.8 7.478 7.073 6.668 6.262 5.857 5.452 5.047 4.641 4.236 3.831 3.425 3.02 2.739 2.704 2.668 2.633 2.595 2.492 2.389 2.286 2.183 2.08 1.977 1.874 1.771 1.668 1.565 1.462 1.359 1.252 1.144 1.036 0.928 0.82 0.712 0.604 0.496 0.389 0.281 0.173 0.065 0.008 0.028 0.047 0.067 0.078 0.078 0.077 0.077 0.077 0.077 0.076 0.076 0.076 0.075 0.075 0.075 0.075 0.06 0.04 0.02 0.0 0.0 0.0 0.0 0.0 0.0 0.0 0.0 0.0 0.0 0.0 0.0 0.0 0.0 0.0 0.0 0.0 0.0 0.0 0.0 0.0 0.0 0.0 0.0 0.0 0.0 0.0 0.0 0.0 0.0 0.0 0.0 0.0 0.0
0.0 0.0 0.0 0.0 0.0 0.0 0.0 0.0 0.0 0.0 0.0 0.0 0.0 0.0 0.0 0.884 1.813 2.743 3.672 4.602 5.144 4.523 3.901 3.279 2.658 2.036 2.286 2.911 3.537 4.162 4.788 5.413 6.039 6.664 7.29 7.915 8.541 8.431 8.139 7.848 7.557 7.265 6.921 6.516 6.11 5.705 5.3 4.895 4.489 4.084 3.679 3.273 2.868 2.593 2.558 2.522 2.487 2.452 2.4 2.297 2.194 2.091 1.988 1.885 1.782 1.679 1.576 1.473 1.37 1.267 1.16 1.052 0.944 0.836 0.728 0.62 0.512 0.404 0.296 0.189 0.081 0.005 0.025 0.044 0.064 0.084 0.094 0.094 0.094 0.094 0.093 0.093 0.093 0.092 0.092 0.092 0.092 0.091 0.08 0.06 0.04 0.02 0.0 0.0 0.0 0.0 0.0 0.0 0.0 0.0 0.0 0.0 0.0 0.0 0.0 0.0 0.0 0.0 0.0 0.0 0.0 0.0 0.0 0.0 0.0 0.0 0.0 0.0 0.0 0.0 0.0 0.0 0.0 0.0 0.0 0.0
0.0 0.0 0.0 0.0 0.0 0.0 0.0 0.0 0.0 0.0 0.0 0.0 0.0 0.0 0.746 1.676 2.605 3.535 4.464 5.394 5.911 5.29 4.668 4.047 3.425 2.803 2.182 2.683 3.309 3.934 4.56 5.185 5.811 6.436 7.062 7.687 8.313 8.188 7.897 7.605 7.314 7.023 6.731 6.364 5.958 5.553 5.148 4.742 4.337 3.932 3.527 3.121 2.716 2.447 2.412 2.376 2.341 2.306 2.27 2.205 2.102 1.999 1.896 1.793 1.69 1.587 1.484 1.381 1.278 1.175 1.068 0.96 0.852 0.744 0.636 0.528 0.42 0.312 0.204 0.097 0.002 0.022 0.041 0.061 0.081 0.1 0.111 0.111 0.11 0.11 0.11 0.109 0.109 0.109 0.109 0.108 0.108 0.099 0.079 0.06 0.04 0.02 0.0 0.0 0.0 0.0 0.0 0.0 0.0 0.0 0.0 0.0 0.0 0.0 0.0 0.0 0.0 0.0 0.0 0.0 0.0 0.0 0.0 0.0 0.0 0.0 0.0 0.0 0.0 0.0 0.0 0.0 0.0 0.0 0.0 0.0
0.0 0.0 0.0 0.0 0.0 0.0 0.0 0.0 0.0 0.0 0.0 0.0 0.0 0.609 1.538 2.468 3.397 4.327 5.256 6.186 6.678 6.057 5.435 4.814 4.192 3.571 2.949 2.455 3.08 3.706 4.332 4.957 5.583 6.208 6.834 7.459 8.085 7.945 7.654 7.362 7.071 6.78 6.488 6.197 5.806 5.401 4.996 4.59 4.185 3.78 3.375 2.969 2.564 2.301 2.266 2.23 2.195 2.16 2.124 2.089 2.01 1.907 1.804 1.701 1.598 1.495 1.392 1.289 1.186 1.083 0.976 0.868 0.76 0.652 0.544 0.436 0.328 0.22 0.112 0.004 0.019 0.039 0.058 0.078 0.098 0.117 0.127 0.127 0.127 0.126 0.126 0.126 0.126 0.125 0.125 0.125 0.119 0.099 0.079 0.059 0.039 0.019 0.0 0.0 0.0 0.0 0.0 0.0 0.0 0.0 0.0 0.0 0.0 0.0 0.0 0.0 0.0 0.0 0.0 0.0 0.0 0.0 0.0 0.0 0.0 0.0 0.0 0.0 0.0 0.0 0.0 0.0 0.0 0.0 0.0 0.0
0.0 0.0 0.0 0.0 0.0 0.0 0.0 0.0 0.0 0.0 0.0 0.0 0.471 1.401 2.33 3.26 4.189 5.119 6.048 6.978 7.446 6.824 6.202 5.581 4.959 4.338 3.716 3.095 2.852 3.478 4.103 4.729 5.355 5.98 6.606 7.231 7.857 7.702 7.411 7.119 6.828 6.537 6.245 5.954 5.654 5.249 4.844 4.438 4.033 3.628 3.223 2.817 2.412 2.155 2.12 2.084 2.049 2.014 1.978 1.943 1.908 1.815 1.712 1.609 1.506 1.403 1.3 1.197 1.094 0.991 0.883 0.776 0.668 0.56 0.452 0.344 0.236 0.128 0.02 0.016 0.036 0.055 0.075 0.095 0.114 0.134 0.144 0.143 0.143 0.143 0.143 0.142 0.142 0.142 0.142 0.139 0.119 0.099 0.079 0.059 0.039 0.019 0.0 0.0 0.0 0.0 0.0 0.0 0.0 0.0 0.0 0.0 0.0 0.0 0.0 0.0 0.0 0.0 0.0 0.0 0.0 0.0 0.0 0.0 0.0 0.0 0.0 0.0 0.0 0.0 0.0 0.0 0.0 0.0 0.0 0.0
0.0 0.0 0.0 0.0 0.0 0.0 0.0 0.0 0.0 0.0 0.0 0.334 1.264 2.193 3.122 4.052 4.981 5.911 6.84 7.77 8.213 7.591 6.97 6.348 5.726 5.105 4.483 3.862 3.24 3.25 3.875 4.501 5.126 5.752 6.378 7.003 7.629 7.459 7.168 6.876 6.585 6.294 6.002 5.711 5.42 5.097 4.692 4.286 3.881 3.476 3.07 2.665 2.26 2.009 1.974 1.938 1.903 1.868 1.832 1.797 1.762 1.723 1.62 1.517 1.414 1.311 1.208 1.105 1.002 0.899 0.791 0.683 0.576 0.468 0.36 0.252 0.144 0.036 0.013 0.033 0.052 0.072 0.092 0.111 0.131 0.151 0.16 0.16 0.16 0.159 0.159 0.159 0.159 0.158 0.158 0.138 0.118 0.098 0.078 0.059 0.039 0.019 0.0 0.0 0.0 0.0 0.0 0.0 0.0 0.0 0.0 0.0 0.0 0.0 0.0 0.0 0.0 0.0 0.0 0.0 0.0 0.0 0.0 0.0 0.0 0.0 0.0 0.0 0.0 0.0 0.0 0.0 0.0 0.0 0.0 0.0
0.0 0.0 0.0 0.0 0.0 0.0 0.0 0.0 0.0 0.0 0.197 1.126 2.056 2.985 3.915 4.844 5.773 6.703 7.632 8.562 8.98 8.358 7.737 7.115 6.494 5.872 5.25 4.629 4.007 3.386 3.647 4.273 4.898 5.524 6.149 6.775 7.401 7.216 6.925 6.633 6.342 6.051 5.759 5.468 5.177 4.885 4.54 4.134 3.729 3.324 2.918 2.513 2.108 1.863 1.828 1.792 1.757 1.722 1.686 1.651 1.616 1.58 1.528 1.425 1.322 1.219 1.116 1.013 0.91 0.807 0.699 0.591 0.483 0.376 0.268 0.16 0.052 0.01 0.03 0.05 0.069 0.089 0.109 0.128 0.148 0.168 0.177 0.176 0.176 0.176 0.176 0.175 0.175 0.175 0.158 0.138 0.118 0.098 0.078 0.058 0.038 0.018 0.0 0.0 0.0 0.0 0.0 0.0 0.0 0.0 0.0 0.0 0.0 0.0 0.0 0.0 0.0 0.0 0.0 0.0 0.0 0.0 0.0 0.0 0.0 0.0 0.0 0.0 0.0 0.0 0.0 0.0 0.0 0.0 0.0 0.0
0.0 0.0 0.0 0.0 0.0 0.0 0.0 0.0 0.0 0.059 0.989 1.918 2.848 3.777 4.707 5.636 6.565 7.495 8.424 9.354 9.747 9.125 8.504 7.882 7.261 6.639 6.018 5.396 4.774 4.153 3.531 4.045 4.67 5.296 5.921 6.547 7.172 6.973 6.682 6.39 6.099 5.808 5.516 5.225 4.934 4.642 4.351 3.982 3.577 3.172 2.766 2.361 1.956 1.717 1.682 1.646 1.611 1.576 1.54 1.505 1.47 1.434 1.399 1.333 1.23 1.127 1.024 0.921 0.818 0.715 0.607 0.499 0.391 0.284 0.176 0.068 0.007 0.027 0.047 0.066 0.086 0.106 0.125 0.145 0.165 0.184 0.193 0.193 0.193 0.192 0.192 0.192 0.191 0.178 0.158 0.138 0.118 0.098 0.078 0.058 0.038 0.018 0.0 0.0 0.0 0.0 0.0 0.0 0.0 0.0 0.0 0.0 0.0 0.0 0.0 0.0 0.0 0.0 0.0 0.0 0.0 0.0 0.0 0.0 0.0 0.0 0.0 0.0 0.0 0.0 0.0 0.0 0.0 0.0 0.0 0.0
0.0 0.0 0.0 0.0 0.0 0.0 0.0 0.0 0.0 0.851 1.781 2.71 3.64 4.569 5.499 6.428 7.358 8.287 9.216 10.146 10.514 9.893 9.271 8.649 8.028 7.406 6.785 6.163 5.542 4.92 4.298 3.817 4.442 5.068 5.693 6.319 6.944 6.73 6.439 6.147 5.856 5.565 5.273 4.982 4.691 4.399 4.108 3.817 3.425 3.02 2.614 2.209 1.804 1.571 1.536 1.5 1.465 1.43 1.394 1.359 1.324 1.288 1.253 1.218 1.138 1.035 0.932 0.829 0.726 0.623 0.515 0.407 0.299 0.191 0.084 0.004 0.024 0.044 0.063 0.083 0.103 0.122 0.142 0.162 0.182 0.201 0.21 0.209 0.209 0.209 0.208 0.208 0.197 0.177 0.157 0.137 0.117 0.097 0.077 0.058 0.038 0.018 0.0 0.0 0.0 0.0 0.0 0.0 0.0 0.0 0.0 0.0 0.0 0.0 0.0 0.0 0.0 0.0 0.0 0.0 0.0 0.0 0.0 0.0 0.0 0.0 0.0 0.0 0.0 0.0 0.0 0.0 0.0 0.0 0.0 0.0
0.0 0.0 0.0 0.0 0.0 0.0 0.0 0.0 0.714 1.643 2.573 3.502 4.432 5.361 6.291 7.22 8.15 9.079 10.009 10.938 11.281 10.66 10.038 9.417 8.795 8.173 7.552 6.93 6.309 5.687 5.066 4.444 4.214 4.84 5.465 6.091 6.716 6.487 6.196 5.904 5.613 5.322 5.03 4.739 4.448 4.156 3.865 3.574 3.273 2.868 2.462 2.057 1.652 1.425 1.39 1.354 1.319 1.284 1.248 1.213 1.178 1.142 1.107 1.072 1.036 0.943 0.84 0.737 0.634 0.531 0.423 0.315 0.207 0.099 0.002 0.021 0.041 0.061 0.08 0.1 0.12 0.139 0.159 0.179 0.198 0.218 0.226 0.226 0.225 0.225 0.225 0.217 0.197 0.177 0.157 0.137 0.117 0.097 0.077 0.057 0.037 0.017 0.0 0.0 0.0 0.0 0.0 0.0 0.0 0.0 0.0 0.0 0.0 0.0 0.0 0.0 0.0 0.0 0.0 0.0 0.0 0.0 0.0 0.0 0.0 0.0 0.0 0.0 0.0 0.0 0.0 0.0 0.0 0.0 0.0 0.0
0.0 0.0 0.0 0.0 0.0 0.0 0.0 0.576 1.506 2.435 3.365 4.294 5.224 6.153 7.083 8.012 8.942 9.871 10.801 11.73 12.049 11.427 10.805 10.184 9.562 8.941 8.319 7.698 7.076 6.454 5.833 5.211 4.59 4.611 5.237 5.863 6.488 6.244 5.953 5.661 5.37 5.079 4.787 4.496 4.205 3.913 3.622 3.331 3.039 2.716 2.31 1.905 1.5 1.279 1.244 1.208 1.173 1.138 1.102 1.067 1.032 0.996 0.961 0.926 0.89 0.851 0.748 0.645 0.542 0.439 0.331 0.223 0.115 0.007 0.018 0.038 0.058 0.077 0.097 0.117 0.136 0.156 0.176 0.195 0.215 0.235 0.242 0.242 0.242 0.242 0.236 0.216 0.196 0.177 0.157 0.137 0.117 0.097 0.077 0.057 0.037 0.017 0.0 0.0 0.0 0.0 0.0 0.0 0.0 0.0 0.0 0.0 0.0 0.0 0.0 0.0 0.0 0.0 0.0 0.0 0.0 0.0 0.0 0.0 0.0 0.0 0.0 0.0 0.0 0.0 0.0 0.0 0.0 0.0 0.0 0.0
0.0 0.0 0.0 0.0 0.0 0.0 0.439 1.368 2.298 3.227 4.157 5.086 6.016 6.945 7.875 8.804 9.734 10.663 11.593 12.522 12.816 12.194 11.573 10.951 10.329 9.708 9.086 8.465 7.843 7.222 6.6 5.978 5.357 4.735 5.009 5.634 6.26 6.001 5.71 5.418 5.127 4.836 4.544 4.253 3.962 3.67 3.379 3.088 2.796 2.505 2.158 1.753 1.348 1.133 1.098 1.062 1.027 0.992 0.956 0.921 0.886 0.85 0.815 0.78 0.744 0.709 0.656 0.553 0.45 0.347 0.239 0.131 0.023 0.015 0.035 0.055 0.074 0.094 0.114 0.134 0.153 0.173 0.193 0.212 0.232 0.252 0.259 0.259 0.258 0.256 0.236 0.216 0.196 0.176 0.156 0.136 0.116 0.096 0.076 0.056 0.037 0.017 0.0 0.0 0.0 0.0 0.0 0.0 0.0 0.0 0.0 0.0 0.0 0.0 0.0 0.0 0.0 0.0 0.0 0.0 0.0 0.0 0.0 0.0 0.0 0.0 0.0 0.0 0.0 0.0 0.0 0.0 0.0 0.0 0.0 0.0
0.0 0.0 0.0 0.0 0.0 0.301 1.231 2.16 3.09 4.019 4.949 5.878 6.808 7.737 8.667 9.596 10.526 11.455 12.385 13.314 13.583 12.961 12.34 11.718 11.097 10.475 9.853 9.232 8.61 7.989 7.367 6.746 6.124 5.502 4.881 5.406 6.032 5.758 5.467 5.175 4.884 4.593 4.301 4.01 3.719 3.427 3.136 2.845 2.553 2.262 1.971 1.601 1.196 0.987 0.952 0.916 0.881 0.846 0.81 0.775 0.74 0.704 0.669 0.634 0.598 0.563 0.528 0.461 0.358 0.255 0.147 0.039 0.013 0.032 0.052 0.072 0.091 0.111 0.131 0.15 0.17 0.19 0.209 0.229 0.249 0.268 0.275 0.275 0.275 0.256 0.236 0.216 0.196 0.176 0.156 0.136 0.116 0.096 0.076 0.056 0.036 0.016 0.0 0.0 0.0 0.0 0.0 0.0 0.0 0.0 0.0 0.0 0.0 0.0 0.0 0.0 0.0 0.0 0.0 0.0 0.0 0.0 0.0 0.0 0.0 0.0 0.0 0.0 0.0 0.0 0.0 0.0 0.0 0.0 0.0 0.0
0.0 0.0 0.0 0.0 0.164 1.093 2.023 2.952 3.882 4.811 5.741 6.67 7.6 8.529 9.459 10.388 11.318 12.247 13.177 14.106 14.35 13.728 13.107 12.485 11.864 11.242 10.621 9.999 9.377 8.756 8.134 7.513 6.891 6.27 5.648 5.178 5.804 5.515 5.224 4.932 4.641 4.35 4.058 3.767 3.476 3.184 2.893 2.602 2.31 2.019 1.728 1.436 1.044 0.841 0.806 0.77 0.735 0.7 0.664 0.629 0.594 0.558 0.523 0.488 0.452 0.417 0.382 0.346 0.266 0.163 0.055 0.01 0.029 0.049 0.069 0.088 0.108 0.128 0.147 0.167 0.187 0.206 0.226 0.246 0.265 0.285 0.292 0.292 0.275 0.255 0.235 0.215 0.195 0.176 0.156 0.136 0.116 0.096 0.076 0.056 0.036 0.016 0.0 0.0 0.0 0.0 0.0 0.0 0.0 0.0 0.0 0.0 0.0 0.0 0.0 0.0 0.0 0.0 0.0 0.0 0.0 0.0 0.0 0.0 0.0 0.0 0.0 0.0 0.0 0.0 0.0 0.0 0.0 0.0 0.0 0.0
0.057 0.053 0.048 0.043 0.892 1.829 2.767 3.704 4.641 5.578 6.515 7.453 8.39 9.321 10.251 11.18 12.11 13.039 13.969 14.898 15.117 14.496 13.874 13.252 12.631 12.009 11.388 10.766 10.145 9.523 8.901 8.28 7.658 7.037 6.415 5.794 5.563 5.272 4.981 4.689 4.398 4.107 3.815 3.524 3.233 2.941 2.65 2.359 2.067 1.776 1.485 1.194 0.891 0.695 0.66 0.625 0.589 0.554 0.518 0.483 0.448 0.412 0.377 0.342 0.306 0.271 0.236 0.2 0.165 0.071 0.007 0.026 0.046 0.066 0.086 0.105 0.125 0.145 0.164 0.184 0.204 0.223 0.243 0.263 0.282 0.302 0.308 0.295 0.275 0.255 0.235 0.215 0.195 0.175 0.155 0.135 0.115 0.095 0.075 0.055 0.036 0.016 0.0 0.0 0.0 0.0 0.0 0.0 0.0 0.0 0.0 0.0 0.0 0.0 0.0 0.0 0.0 0.0 0.0 0.0 0.0 0.0 0.0 0.0 0.0 0.0 0.0 0.0 0.0 0.0 0.0 0.0 0.0 0.0 0.0 0.0
0.351 0.346 0.341 0.337 1.2 2.138 3.075 4.012 4.949 5.886 6.824 7.761 8.698 9.635 10.572 11.51 12.447 13.384 14.321 15.012 14.612 14.014 13.416 12.817 12.219 11.621 11.023 10.425 9.827 9.228 8.63 8.032 7.434 6.836 6.238 5.639 5.324 5.032 4.741 4.449 4.158 3.867 3.575 3.284 2.992 2.701 2.409 2.118 1.827 1.535 1.244 0.952 0.661 0.616 0.577 0.539 0.5 0.462 0.423 0.384 0.346 0.307 0.269 0.23 0.192 0.153 0.115 0.076 0.037 0.001 0.022 0.042 0.062 0.082 0.102 0.122 0.142 0.161 0.181 0.201 0.22 0.24 0.26 0.279 0.299 0.319 0.314 0.295 0.275 0.255 0.235 0.215 0.195 0.175 0.155 0.135 0.115 0.095 0.075 0.055 0.035 0.015 0.0 0.0 0.0 0.0 0.0 0.0 0.0 0.0 0.0 0.0 0.0 0.0 0.0 0.0 0.0 0.0 0.0 0.0 0.0 0.0 0.0 0.0 0.0 0.0 0.0 0.0 0.0 0.0 0.0 0.0 0.0 0.0 0.0 0.0
0.644 0.639 0.635 0.63 1.509 2.446 3.383 4.32 5.257 6.195 7.132 8.069 9.006 9.943 10.881 11.818 12.755 13.692 14.554 14.333 13.927 13.329 12.731 12.133 11.535 10.937 10.338 9.74 9.142 8.544 7.946 7.348 6.75 6.151 5.553 5.166 5.086 4.794 4.503 4.211 3.92 3.629 3.337 3.046 2.754 2.463 2.172 1.88 1.589 1.297 1.006 0.715 0.669 0.665 0.627 0.588 0.55 0.511 0.472 0.434 0.395 0.357 0.318 0.28 0.241 0.203 0.164 0.125 0.084 0.0 0.005 0.026 0.046 0.066 0.086 0.107 0.127 0.147 0.167 0.187 0.208 0.228 0.248 0.268 0.289 0.309 0.314 0.294 0.274 0.254 0.234 0.214 0.194 0.174 0.155 0.135 0.115 0.095 0.075 0.055 0.035 0.015 0.0 0.0 0.0 0.0 0.0 0.0 0.0 0.0 0.0 0.0 0.0 0.0 0.0 0.0 0.0 0.0 0.0 0.0 0.0 0.0 0.0 0.0 0.0 0.0 0.0 0.0 0.0 0.0 0.0 0.0 0.0 0.0 0.0 0.0
0.937 0.933 0.928 0.923 1.817 2.754 3.691 4.629 5.566 6.503 7.44 8.377 9.315 10.252 11.189 12.126 13.063 14.0 13.876 13.655 13.243 12.645 12.047 11.449 10.85 10.252 9.654 9.056 8.458 7.86 7.261 6.663 6.065 5.467 5.001 4.931 4.848 4.556 4.265 3.974 3.682 3.391 3.099 2.808 2.516 2.225 1.934 1.642 1.351 1.059 0.768 0.673 0.72 0.715 0.676 0.638 0.599 0.56 0.522 0.483 0.445 0.406 0.368 0.329 0.291 0.252 0.213 0.175 0.082 0.0 0.0 0.01 0.03 0.05 0.07 0.09 0.111 0.131 0.151 0.171 0.192 0.212 0.232 0.252 0.272 0.293 0.299 0.294 0.274 0.254 0.234 0.214 0.194 0.174 0.154 0.134 0.114 0.094 0.074 0.054 0.035 0.015 0.0 0.0 0.0 0.0 0.0 0.0 0.0 0.0 0.0 0.0 0.0 0.0 0.0 0.0 0.0 0.0 0.0 0.0 0.0 0.0 0.0 0.0 0.0 0.0 0.0 0.0 0.0 0.0 0.0 0.0 0.0 0.0 0.0 0.0
1.231 1.226 1.221 1.217 2.125 3.062 4.0 4.937 5.874 6.811 7.748 8.686 9.623 10.56 11.497 12.434 13.372 13.418 13.197 12.976 12.559 11.96 11.362 10.764 10.166 9.568 8.97 8.371 7.773 7.175 6.577 5.979 5.381 4.837 4.767 4.697 4.61 4.318 4.027 3.736 3.444 3.153 2.861 2.57 2.279 1.987 1.696 1.404 1.113 0.822 0.676 0.724 0.771 0.764 0.726 0.687 0.648 0.61 0.571 0.533 0.494 0.456 0.417 0.378 0.34 0.301 0.263 0.179 0.08 0.0 0.0 0.0 0.014 0.034 0.054 0.074 0.095 0.115 0.135 0.155 0.175 0.196 0.216 0.236 0.256 0.277 0.282 0.282 0.274 0.254 0.234 0.214 0.194 0.174 0.154 0.134 0.114 0.094 0.074 0.054 0.034 0.014 0.0 0.0 0.0 0.0 0.0 0.0 0.0 0.0 0.0 0.0 0.0 0.0 0.0 0.0 0.0 0.0 0.0 0.0 0.0 0.0 0.0 0.0 0.0 0.0 0.0 0.0 0.0 0.0 0.0 0.0 0.0 0.0 0.0 0.0
1.524 1.519 1.515 1.51 2.433 3.371 4.308 5.245 6.182 7.119 8.057 8.994 9.931 10.868 11.805 12.743 12.961 12.74 12.519 12.298 11.874 11.276 10.678 10.08 9.482 8.883 8.285 7.687 7.089 6.491 5.893 5.294 4.696 4.603 4.533 4.463 4.372 4.081 3.789 3.498 3.206 2.915 2.623 2.332 2.041 1.749 1.458 1.166 0.875 0.68 0.727 0.775 0.822 0.814 0.775 0.736 0.698 0.659 0.621 0.582 0.544 0.505 0.466 0.428 0.389 0.351 0.276 0.177 0.079 0.0 0.0 0.0 0.0 0.018 0.038 0.058 0.078 0.099 0.119 0.139 0.159 0.18 0.2 0.22 0.24 0.26 0.266 0.266 0.266 0.253 0.233 0.213 0.193 0.173 0.154 0.134 0.114 0.094 0.074 0.054 0.034 0.014 0.0 0.0 0.0 0.0 0.0 0.0 0.0 0.0 0.0 0.0 0.0 0.0 0.0 0.0 0.0 0.0 0.0 0.0 0.0 0.0 0.0 0.0 0.0 0.0 0.0 0.0 0.0 0.0 0.0 0.0 0.0 0.0 0.0 0.0
1.817 1.813 1.808 1.805 2.742 3.679 4.616 5.553 6.49 7.428 8.365 9.302 10.239 11.176 12.114 12.503 12.282 12.062 11.841 11.62 11.19 10.592 9.993 9.395 8.797 8.199 7.601 7.003 6.404 5.806 5.208 4.61 4.438 4.368 4.298 4.228 4.134 3.843 3.551 3.26 2.968 2.677 2.386 2.094 1.803 1.511 1.22 0.929 0.684 0.731 0.778 0.825 0.873 0.863 0.824 0.786 0.747 0.709 0.67 0.632 0.593 0.554 0.516 0.477 0.439 0.372 0.274 0.176 0.077 0.0 0.0 0.0 0.0 0.002 0.022 0.042 0.062 0.083 0.103 0.123 0.143 0.163 0.184 0.204 0.224 0.244 0.249 0.25 0.25 0.25 0.233 0.213 0.193 0.173 0.153 0.133 0.113 0.093 0.073 0.053 0.034 0.014 0.0 0.0 0.0 0.0 0.0 0.0 0.0 0.0 0.0 0.0 0.0 0.0 0.0 0.0 0.0 0.0 0.0 0.0 0.0 0.0 0.0 0.0 0.0 0.0 0.0 0.0 0.0 0.0 0.0 0.0 0.0 0.0 0.0 0.0
2.11 2.106 2.101 2.113 3.05 3.987 4.924 5.862 6.799 7.736 8.673 9.61 10.548 11.485 12.046 11.825 11.604 11.383 11.162 10.941 10.505 9.907 9.309 8.711 8.113 7.515 6.916 6.318 5.72 5.122 4.524 4.274 4.204 4.134 4.064 3.994 3.896 3.605 3.313 3.022 2.73 2.439 2.148 1.856 1.565 1.273 0.982 0.691 0.734 0.782 0.829 0.876 0.923 0.912 0.874 0.835 0.797 0.758 0.72 0.681 0.642 0.604 0.565 0.527 0.469 0.371 0.272 0.174 0.076 0.0 0.0 0.0 0.0 0.0 0.006 0.026 0.046 0.066 0.087 0.107 0.127 0.147 0.168 0.188 0.208 0.228 0.233 0.233 0.233 0.234 0.233 0.213 0.193 0.173 0.153 0.133 0.113 0.093 0.073 0.053 0.033 0.013 0.0 0.0 0.0 0.0 0.0 0.0 0.0 0.0 0.0 0.0 0.0 0.0 0.0 0.0 0.0 0.0 0.0 0.0 0.0 0.0 0.0 0.0 0.0 0.0 0.0 0.0 0.0 0.0 0.0 0.0 0.0 0.0 0.0 0.0
2.404 2.399 2.395 2.421 3.358 4.295 5.233 6.17 7.107 8.044 8.981 9.919 10.856 11.588 11.367 11.147 10.926 10.705 10.484 10.263 9.821 9.223 8.625 8.026 7.428 6.83 6.232 5.634 5.036 4.437 4.109 4.039 3.97 3.9 3.83 3.76 3.658 3.367 3.075 2.784 2.493 2.201 1.91 1.618 1.327 1.036 0.744 0.738 0.785 0.833 0.88 0.927 0.974 0.962 0.923 0.885 0.846 0.808 0.769 0.73 0.692 0.653 0.615 0.566 0.468 0.369 0.271 0.172 0.074 0.0 0.0 0.0 0.0 0.0 0.0 0.01 0.03 0.05 0.071 0.091 0.111 0.131 0.151 0.172 0.192 0.212 0.216 0.217 0.217 0.217 0.217 0.212 0.192 0.172 0.153 0.133 0.113 0.093 0.073 0.053 0.033 0.013 0.0 0.0 0.0 0.0 0.0 0.0 0.0 0.0 0.0 0.0 0.0 0.0 0.0 0.0 0.0 0.0 0.0 0.0 0.0 0.0 0.0 0.0 0.0 0.0 0.0 0.0 0.0 0.0 0.0 0.0 0.0 0.0 0.0 0.0
2.697 2.692 2.688 2.729 3.666 4.604 5.541 6.478 7.415 8.352 9.29 10.227 11.131 10.91 10.689 10.468 10.247 10.026 9.806 9.585 9.136 8.538 7.94 7.342 6.744 6.146 5.548 4.949 4.351 3.945 3.875 3.805 3.735 3.665 3.595 3.526 3.42 3.129 2.837 2.546 2.255 1.963 1.672 1.38 1.089 0.798 0.742 0.789 0.836 0.883 0.931 0.978 1.025 1.011 0.973 0.934 0.896 0.857 0.818 0.78 0.741 0.703 0.663 0.564 0.466 0.368 0.269 0.171 0.072 0.0 0.0 0.0 0.0 0.0 0.0 0.0 0.014 0.034 0.054 0.075 0.095 0.115 0.135 0.156 0.176 0.196 0.2 0.2 0.2 0.201 0.201 0.201 0.192 0.172 0.152 0.132 0.112 0.092 0.072 0.052 0.032 0.013 0.0 0.0 0.0 0.0 0.0 0.0 0.0 0.0 0.0 0.0 0.0 0.0 0.0 0.0 0.0 0.0 0.0 0.0 0.0 0.0 0.0 0.0 0.0 0.0 0.0 0.0 0.0 0.0 0.0 0.0 0.0 0.0 0.0 0.0
2.99 2.986 2.981 3.038 3.975 4.912 5.849 6.786 7.724 8.661 9.598 10.535 10.452 10.232 10.011 9.79 9.569 9.348 9.127 8.906 8.452 7.854 7.256 6.658 6.059 5.461 4.863 4.265 3.781 3.711 3.641 3.571 3.501 3.431 3.361 3.291 3.182 2.891 2.6 2.308 2.017 1.725 1.434 1.143 0.851 0.745 0.792 0.84 0.887 0.934 0.981 1.029 1.076 1.061 1.022 0.983 0.945 0.906 0.868 0.829 0.791 0.752 0.661 0.563 0.464 0.366 0.267 0.169 0.071 0.0 0.0 0.0 0.0 0.0 0.0 0.0 0.0 0.018 0.038 0.059 0.079 0.099 0.119 0.139 0.16 0.18 0.183 0.184 0.184 0.184 0.185 0.185 0.185 0.172 0.152 0.132 0.112 0.092 0.072 0.052 0.032 0.012 0.0 0.0 0.0 0.0 0.0 0.0 0.0 0.0 0.0 0.0 0.0 0.0 0.0 0.0 0.0 0.0 0.0 0.0 0.0 0.0 0.0 0.0 0.0 0.0 0.0 0.0 0.0 0.0 0.0 0.0 0.0 0.0 0.0 0.0
3.284 3.279 3.274 3.346 4.283 5.22 6.157 7.095 8.032 8.969 9.906 9.995 9.774 9.553 9.332 9.111 8.891 8.67 8.449 8.228 7.768 7.169 6.571 5.973 5.375 4.777 4.179 3.616 3.546 3.476 3.406 3.337 3.267 3.197 3.127 3.057 2.944 2.653 2.362 2.07 1.779 1.487 1.196 0.905 0.749 0.796 0.843 0.89 0.938 0.985 1.032 1.079 1.127 1.11 1.071 1.033 0.994 0.956 0.917 0.879 0.84 0.758 0.66 0.561 0.463 0.364 0.266 0.167 0.069 0.0 0.0 0.0 0.0 0.0 0.0 0.0 0.0 0.002 0.022 0.042 0.063 0.083 0.103 0.123 0.144 0.164 0.167 0.167 0.168 0.168 0.168 0.168 0.169 0.169 0.152 0.132 0.112 0.092 0.072 0.052 0.032 0.012 0.0 0.0 0.0 0.0 0.0 0.0 0.0 0.0 0.0 0.0 0.0 0.0 0.0 0.0 0.0 0.0 0.0 0.0 0.0 0.0 0.0 0.0 0.0 0.0 0.0 0.0 0.0 0.0 0.0 0.0 0.0 0.0 0.0 0.0
3.577 3.572 3.568 3.654 4.591 5.528 6.466 7.403 8.34 9.277 9.537 9.317 9.096 8.875 8.654 8.433 8.212 7.991 7.77 7.55 7.083 6.485 5.887 5.289 4.691 4.092 3.494 3.382 3.312 3.242 3.172 3.102 3.032 2.962 2.892 2.823 2.707 2.415 2.124 1.832 1.541 1.25 0.958 0.752 0.8 0.847 0.894 0.941 0.989 1.036 1.083 1.13 1.178 1.159 1.121 1.082 1.044 1.005 0.967 0.928 0.855 0.756 0.658 0.559 0.461 0.363 0.264 0.166 0.067 0.0 0.0 0.0 0.0 0.0 0.0 0.0 0.0 0.0 0.006 0.026 0.047 0.067 0.087 0.107 0.127 0.148 0.151 0.151 0.151 0.151 0.152 0.152 0.152 0.152 0.151 0.131 0.111 0.091 0.071 0.051 0.031 0.012 0.0 0.0 0.0 0.0 0.0 0.0 0.0 0.0 0.0 0.0 0.0 0.0 0.0 0.0 0.0 0.0 0.0 0.0 0.0 0.0 0.0 0.0 0.0 0.0 0.0 0.0 0.0 0.0 0.0 0.0 0.0 0.0 0.0 0.0
3.87 3.866 3.861 3.962 4.9 5.837 6.774 7.711 8.648 9.08 8.859 8.638 8.417 8.196 7.976 7.755 7.534 7.313 7.092 6.871 6.399 5.801 5.202 4.604 4.006 3.408 3.217 3.148 3.078 3.008 2.938 2.868 2.798 2.728 2.658 2.588 2.469 2.177 1.886 1.594 1.303 1.012 0.756 0.803 0.85 0.898 0.945 0.992 1.039 1.087 1.134 1.181 1.228 1.209 1.17 1.132 1.093 1.055 1.016 0.952 0.853 0.755 0.656 0.558 0.459 0.361 0.263 0.164 0.066 0.0 0.0 0.0 0.0 0.0 0.0 0.0 0.0 0.0 0.0 0.01 0.03 0.051 0.071 0.091 0.111 0.131 0.134 0.134 0.135 0.135 0.135 0.135 0.136 0.136 0.136 0.131 0.111 0.091 0.071 0.051 0.031 0.011 0.0 0.0 0.0 0.0 0.0 0.0 0.0 0.0 0.0 0.0 0.0 0.0 0.0 0.0 0.0 0.0 0.0 0.0 0.0 0.0 0.0 0.0 0.0 0.0 0.0 0.0 0.0 0.0 0.0 0.0 0.0 0.0 0.0 0.0
4.164 4.159 4.154 4.271 5.208 6.145 7.082 8.019 8.623 8.402 8.181 7.96 7.739 7.518 7.297 7.076 6.855 6.635 6.414 6.193 5.714 5.116 4.518 3.92 3.322 3.053 2.983 2.913 2.843 2.773 2.704 2.634 2.564 2.494 2.424 2.354 2.231 1.939 1.648 1.357 1.065 0.774 0.807 0.854 0.901 0.948 0.996 1.043 1.09 1.137 1.185 1.232 1.279 1.258 1.22 1.181 1.143 1.104 1.048 0.95 0.851 0.753 0.655 0.556 0.458 0.359 0.261 0.163 0.064 0.0 0.0 0.0 0.0 0.0 0.0 0.0 0.0 0.0 0.0 0.0 0.014 0.034 0.055 0.075 0.095 0.115 0.118 0.118 0.118 0.118 0.119 0.119 0.119 0.12 0.12 0.12 0.111 0.091 0.071 0.051 0.031 0.011 0.0 0.0 0.0 0.0 0.0 0.0 0.0 0.0 0.0 0.0 0.0 0.0 0.0 0.0 0.0 0.0 0.0 0.0 0.0 0.0 0.0 0.0 0.0 0.0 0.0 0.0 0.0 0.0 0.0 0.0 0.0 0.0 0.0 0.0
4.457 4.452 4.448 4.579 5.516 6.453 7.39 8.165 7.944 7.723 7.502 7.281 7.061 6.84 6.619 6.398 6.177 5.956 5.735 5.514 5.03 4.432 3.834 3.235 2.889 2.819 2.749 2.679 2.609 2.539 2.469 2.399 2.329 2.259 2.19 2.12 1.993 1.701 1.41 1.119 0.827 0.81 0.858 0.905 0.952 0.999 1.047 1.094 1.141 1.188 1.236 1.283 1.33 1.308 1.269 1.231 1.192 1.145 1.047 0.948 0.85 0.751 0.653 0.555 0.456 0.358 0.259 0.161 0.062 0.0 0.0 0.0 0.0 0.0 0.0 0.0 0.0 0.0 0.0 0.0 0.0 0.018 0.039 0.059 0.079 0.099 0.101 0.101 0.102 0.102 0.102 0.103 0.103 0.103 0.103 0.104 0.104 0.09 0.07 0.05 0.03 0.011 0.0 0.0 0.0 0.0 0.0 0.0 0.0 0.0 0.0 0.0 0.0 0.0 0.0 0.0 0.0 0.0 0.0 0.0 0.0 0.0 0.0 0.0 0.0 0.0 0.0 0.0 0.0 0.0 0.0 0.0 0.0 0.0 0.0 0.0
4.75 4.746 4.741 4.887 5.824 6.761 7.699 7.487 7.266 7.045 6.824 6.603 6.382 6.161 5.94 5.72 5.499 5.278 5.057 4.836 4.345 3.747 3.149 2.724 2.654 2.584 2.515 2.445 2.375 2.305 2.235 2.165 2.095 2.025 1.955 1.885 1.755 1.464 1.172 0.881 0.814 0.861 0.908 0.956 1.003 1.05 1.097 1.145 1.192 1.239 1.286 1.334 1.381 1.357 1.319 1.28 1.241 1.143 1.045 0.947 0.848 0.75 0.651 0.553 0.455 0.356 0.258 0.159 0.061 0.0 0.0 0.0 0.0 0.0 0.0 0.0 0.0 0.0 0.0 0.0 0.0 0.002 0.022 0.043 0.063 0.083 0.085 0.085 0.085 0.086 0.086 0.086 0.086 0.087 0.087 0.087 0.087 0.088 0.07 0.05 0.03 0.01 0.0 0.0 0.0 0.0 0.0 0.0 0.0 0.0 0.0 0.0 0.0 0.0 0.0 0.0 0.0 0.0 0.0 0.0 0.0 0.0 0.0 0.0 0.0 0.0 0.0 0.0 0.0 0.0 0.0 0.0 0.0 0.0 0.0 0.0
5.1 5.039 5.034 5.195 6.133 7.07 7.029 6.808 6.587 6.367 6.146 5.925 5.704 5.483 5.262 5.041 4.82 4.599 4.379 4.158 3.661 3.063 2.56 2.49 2.42 2.35 2.28 2.21 2.14 2.07 2.001 1.931 1.861 1.791 1.721 1.651 1.517 1.226 0.934 0.817 0.865 0.912 0.959 1.006 1.054 1.101 1.148 1.195 1.243 1.29 1.337 1.384 1.432 1.407 1.368 1.329 1.24 1.142 1.043 0.945 0.847 0.748 0.65 0.551 0.453 0.354 0.256 0.158 0.059 0.0 0.0 0.0 0.0 0.0 0.0 0.0 0.0 0.0 0.0 0.0 0.0 0.0 0.006 0.027 0.047 0.067 0.068 0.069 0.069 0.069 0.069 0.07 0.07 0.07 0.07 0.071 0.071 0.071 0.07 0.05 0.03 0.01 0.0 0.0 0.0 0.0 0.0 0.0 0.0 0.0 0.0 0.0 0.0 0.0 0.0 0.0 0.0 0.0 0.0 0.0 0.0 0.0 0.0 0.0 0.0 0.0 0.0 0.0 0.0 0.0 0.0 0.0 0.0 0.0 0.0 0.0
5.474 5.368 5.328 5.504 6.441 6.572 6.351 6.13 5.909 5.688 5.467 5.246 5.026 4.805 4.584 4.363 4.142 3.921 3.7 3.479 2.977 2.395 2.326 2.256 2.186 2.116 2.046 1.976 1.906 1.836 1.766 1.696 1.626 1.556 1.487 1.417 1.279 0.988 0.821 0.868 0.915 0.963 1.01 1.057 1.104 1.152 1.199 1.246 1.294 1.341 1.388 1.435 1.483 1.456 1.417 1.337 1.239 1.14 1.042 0.943 0.845 0.747 0.648 0.55 0.451 0.353 0.254 0.156 0.058 0.0 0.0 0.0 0.0 0.0 0.0 0.0 0.0 0.0 0.0 0.0 0.0 0.0 0.0 0.01 0.031 0.051 0.052 0.052 0.052 0.053 0.053 0.053 0.053 0.054 0.054 0.054 0.055 0.055 0.055 0.049 0.029 0.01 0.0 0.0 0.0 0.0 0.0 0.0 0.0 0.0 0.0 0.0 0.0 0.0 0.0 0.0 0.0 0.0 0.0 0.0 0.0 0.0 0.0 0.0 0.0 0.0 0.0 0.0 0.0 0.0 0.0 0.0 0.0 0.0 0.0 0.0
5.848 5.742 5.636 5.812 6.114 5.893 5.672 5.452 5.231 5.01 4.789 4.568 4.347 4.126 3.905 3.684 3.464 3.243 3.022 2.801 2.292 2.161 2.091 2.021 1.951 1.881 1.812 1.742 1.672 1.602 1.532 1.462 1.392 1.322 1.252 1.182 1.041 0.825 0.872 0.919 0.966 1.014 1.061 1.108 1.155 1.203 1.25 1.297 1.344 1.392 1.439 1.486 1.533 1.505 1.434 1.335 1.237 1.139 1.04 0.942 0.843 0.745 0.646 0.548 0.45 0.351 0.253 0.154 0.056 0.0 0.0 0.0 0.0 0.0 0.0 0.0 0.0 0.0 0.0 0.0 0.0 0.0 0.0 0.0 0.015 0.035 0.035 0.036 0.036 0.036 0.036 0.037 0.037 0.037 0.038 0.038 0.038 0.038 0.039 0.039 0.029 0.009 0.0 0.0 0.0 0.0 0.0 0.0 0.0 0.0 0.0 0.0 0.0 0.0 0.0 0.0 0.0 0.0 0.0 0.0 0.0 0.0 0.0 0.0 0.0 0.0 0.0 0.0 0.0 0.0 0.0 0.0 0.0 0.0 0.0 0.0
6.03 5.936 5.842 5.793 5.562 5.33 5.099 4.868 4.636 4.405 4.174 3.942 3.711 3.48 3.248 3.017 2.785 2.564 2.343 2.123 1.997 1.927 1.857 1.787 1.717 1.647 1.577 1.507 1.437 1.368 1.298 1.228 1.158 1.088 1.018 0.948 0.828 0.875 0.923 0.97 1.017 1.064 1.112 1.159 1.206 1.253 1.301 1.348 1.395 1.442 1.49 1.537 1.584 1.531 1.432 1.334 1.235 1.137 1.039 0.94 0.842 0.743 0.645 0.546 0.448 0.35 0.251 0.153 0.054 0.0 0.0 0.0 0.0 0.0 0.0 0.0 0.0 0.0 0.0 0.0 0.0 0.0 0.0 0.0 0.0 0.019 0.019 0.019 0.019 0.02 0.02 0.02 0.021 0.021 0.021 0.021 0.022 0.022 0.022 0.022 0.023 0.009 0.0 0.0 0.0 0.0 0.0 0.0 0.0 0.0 0.0 0.0 0.0 0.0 0.0 0.0 0.0 0.0 0.0 0.0 0.0 0.0 0.0 0.0 0.0 0.0 0.0 0.0 0.0 0.0 0.0 0.0 0.0 0.0 0.0 0.0
5.653 5.559 5.49 5.519 5.539 5.308 5.076 4.845 4.614 4.382 4.151 3.92 3.688 3.457 3.226 2.994 2.763 2.531 2.3 2.069 1.942 1.869 1.796 1.723 1.65 1.577 1.504 1.431 1.358 1.285 1.212 1.139 1.066 0.993 0.92 0.847 0.823 0.875 0.923 0.972 1.021 1.069 1.118 1.166 1.215 1.263 1.312 1.36 1.409 1.457 1.506 1.554 1.603 1.518 1.42 1.322 1.224 1.126 1.028 0.93 0.832 0.734 0.636 0.538 0.44 0.342 0.244 0.146 0.049 0.004 0.003 0.003 0.002 0.002 0.001 0.001 0.001 0.0 0.0 0.0 0.0 0.0 0.0 0.0 0.0 0.002 0.002 0.003 0.003 0.003 0.004 0.004 0.004 0.004 0.005 0.005 0.005 0.005 0.006 0.006 0.006 0.007 0.0 0.0 0.0 0.0 0.0 0.0 0.0 0.0 0.0 0.0 0.0 0.0 0.0 0.0 0.0 0.0 0.0 0.0 0.0 0.0 0.0 0.0 0.0 0.0 0.0 0.0 0.0 0.0 0.0 0.0 0.0 0.0 0.0 0.0
5.276 5.192 5.196 5.227 5.333 5.285 5.054 4.822 4.591 4.36 4.128 3.897 3.666 3.434 3.203 2.972 2.74 2.509 2.277 2.046 1.921 1.826 1.753 1.68 1.607 1.534 1.461 1.388 1.315 1.242 1.169 1.096 1.023 0.95 0.877 0.804 0.782 0.848 0.897 0.945 0.994 1.042 1.091 1.14 1.188 1.237 1.285 1.334 1.382 1.431 1.479 1.528 1.576 1.489 1.391 1.293 1.195 1.097 0.999 0.901 0.803 0.705 0.607 0.509 0.411 0.313 0.215 0.118 0.048 0.031 0.03 0.03 0.029 0.029 0.028 0.028 0.027 0.027 0.027 0.026 0.026 0.025 0.025 0.024 0.024 0.0 0.0 0.0 0.0 0.0 0.0 0.0 0.0 0.0 0.0 0.0 0.0 0.0 0.0 0.0 0.0 0.0 0.0 0.0 0.0 0.0 0.0 0.0 0.0 0.0 0.0 0.0 0.0 0.0 0.0 0.0 0.0 0.0 0.0 0.0 0.0 0.0 0.0 0.0 0.0 0.0 0.0 0.0 0.0 0.0 0.0 0.0 0.0 0.0 0.0 0.0
4.898 4.899 4.903 4.935 5.041 5.147 5.031 4.8 4.568 4.337 4.106 3.874 3.643 3.412 3.18 2.949 2.718 2.486 2.255 2.024 1.9 1.799 1.71 1.637 1.564 1.491 1.418 1.345 1.272 1.199 1.126 1.053 0.98 0.907 0.834 0.761 0.742 0.808 0.87 0.919 0.967 1.016 1.064 1.113 1.161 1.21 1.258 1.307 1.356 1.404 1.453 1.501 1.55 1.46 1.362 1.264 1.166 1.068 0.97 0.872 0.774 0.676 0.578 0.48 0.382 0.284 0.186 0.107 0.074 0.058 0.057 0.057 0.056 0.056 0.055 0.055 0.054 0.054 0.054 0.053 0.053 0.052 0.052 0.051 0.031 0.0 0.0 0.0 0.0 0.0 0.0 0.0 0.0 0.0 0.0 0.0 0.0 0.0 0.0 0.0 0.0 0.0 0.0 0.0 0.0 0.0 0.0 0.0 0.0 0.0 0.0 0.0 0.0 0.0 0.0 0.0 0.0 0.0 0.0 0.0 0.0 0.0 0.0 0.0 0.0 0.0 0.0 0.0 0.0 0.0 0.0 0.0 0.0 0.0 0.0 0.0
4.601 4.605 4.61 4.643 4.749 4.855 4.961 4.777 4.546 4.314 4.083 3.852 3.62 3.389 3.158 2.926 2.695 2.464 2.232 2.001 1.88 1.779 1.678 1.595 1.522 1.449 1.376 1.303 1.23 1.157 1.084 1.011 0.938 0.865 0.792 0.719 0.702 0.767 0.833 0.892 0.941 0.989 1.038 1.086 1.135 1.183 1.232 1.28 1.329 1.377 1.426 1.475 1.523 1.431 1.333 1.235 1.137 1.039 0.941 0.843 0.745 0.647 0.549 0.451 0.353 0.255 0.167 0.134 0.101 0.085 0.084 0.084 0.083 0.083 0.082 0.082 0.081 0.081 0.081 0.08 0.08 0.079 0.079 0.063 0.03 0.0 0.0 0.0 0.0 0.0 0.0 0.0 0.0 0.0 0.0 0.0 0.0 0.0 0.0 0.0 0.0 0.0 0.0 0.0 0.0 0.0 0.0 0.0 0.0 0.0 0.0 0.0 0.0 0.0 0.0 0.0 0.0 0.0 0.0 0.0 0.0 0.0 0.0 0.0 0.0 0.0 0.0 0.0 0.0 0.0 0.0 0.0 0.0 0.0 0.0 0.0
4.307 4.312 4.317 4.352 4.458 4.563 4.669 4.754 4.523 4.292 4.06 3.829 3.598 3.366 3.135 2.904 2.672 2.441 2.21 1.978 1.859 1.758 1.657 1.557 1.479 1.406 1.333 1.26 1.187 1.114 1.041 0.968 0.895 0.822 0.749 0.676 0.661 0.727 0.793 0.859 0.914 0.963 1.011 1.06 1.108 1.157 1.205 1.254 1.302 1.351 1.399 1.448 1.496 1.402 1.304 1.206 1.108 1.01 0.912 0.814 0.716 0.618 0.52 0.422 0.324 0.227 0.193 0.16 0.127 0.112 0.111 0.111 0.11 0.11 0.109 0.109 0.108 0.108 0.107 0.107 0.107 0.106 0.095 0.063 0.03 0.0 0.0 0.0 0.0 0.0 0.0 0.0 0.0 0.0 0.0 0.0 0.0 0.0 0.0 0.0 0.0 0.0 0.0 0.0 0.0 0.0 0.0 0.0 0.0 0.0 0.0 0.0 0.0 0.0 0.0 0.0 0.0 0.0 0.0 0.0 0.0 0.0 0.0 0.0 0.0 0.0 0.0 0.0 0.0 0.0 0.0 0.0 0.0 0.0 0.0 0.0
4.014 4.019 4.023 4.06 4.166 4.272 4.377 4.483 4.5 4.269 4.038 3.806 3.575 3.344 3.112 2.881 2.65 2.418 2.187 1.956 1.839 1.738 1.637 1.536 1.436 1.363 1.29 1.217 1.144 1.071 0.998 0.925 0.852 0.779 0.706 0.633 0.621 0.687 0.752 0.818 0.884 0.936 0.985 1.033 1.082 1.13 1.179 1.227 1.276 1.324 1.373 1.421 1.47 1.373 1.275 1.177 1.079 0.981 0.883 0.785 0.687 0.589 0.491 0.393 0.295 0.253 0.22 0.187 0.154 0.138 0.138 0.138 0.137 0.137 0.136 0.136 0.135 0.135 0.134 0.134 0.134 0.127 0.095 0.062 0.029 0.0 0.0 0.0 0.0 0.0 0.0 0.0 0.0 0.0 0.0 0.0 0.0 0.0 0.0 0.0 0.0 0.0 0.0 0.0 0.0 0.0 0.0 0.0 0.0 0.0 0.0 0.0 0.0 0.0 0.0 0.0 0.0 0.0 0.0 0.0 0.0 0.0 0.0 0.0 0.0 0.0 0.0 0.0 0.0 0.0 0.0 0.0 0.0 0.0 0.0 0.0
3.721 3.725 3.73 3.768 3.874 3.98 4.086 4.192 4.297 4.246 4.015 3.784 3.552 3.321 3.09 2.858 2.627 2.396 2.164 1.933 1.818 1.717 1.616 1.516 1.415 1.32 1.247 1.174 1.101 1.028 0.955 0.882 0.809 0.736 0.663 0.59 0.58 0.646 0.712 0.778 0.844 0.91 0.958 1.007 1.055 1.104 1.152 1.201 1.249 1.298 1.346 1.395 1.442 1.344 1.246 1.148 1.05 0.952 0.854 0.756 0.658 0.56 0.462 0.364 0.312 0.279 0.246 0.213 0.18 0.165 0.165 0.165 0.164 0.164 0.163 0.163 0.162 0.162 0.161 0.161 0.16 0.127 0.094 0.061 0.029 0.0 0.0 0.0 0.0 0.0 0.0 0.0 0.0 0.0 0.0 0.0 0.0 0.0 0.0 0.0 0.0 0.0 0.0 0.0 0.0 0.0 0.0 0.0 0.0 0.0 0.0 0.0 0.0 0.0 0.0 0.0 0.0 0.0 0.0 0.0 0.0 0.0 0.0 0.0 0.0 0.0 0.0 0.0 0.0 0.0 0.0 0.0 0.0 0.0 0.0 0.0
3.427 3.432 3.437 3.477 3.582 3.688 3.794 3.9 4.006 4.111 3.992 3.761 3.53 3.298 3.067 2.836 2.604 2.373 2.142 1.91 1.797 1.697 1.596 1.495 1.394 1.293 1.205 1.132 1.059 0.986 0.913 0.84 0.767 0.694 0.621 0.548 0.54 0.606 0.672 0.737 0.803 0.869 0.932 0.98 1.029 1.077 1.126 1.174 1.223 1.271 1.32 1.368 1.413 1.315 1.217 1.119 1.021 0.923 0.825 0.727 0.629 0.531 0.433 0.371 0.339 0.306 0.273 0.24 0.207 0.192 0.192 0.192 0.191 0.191 0.19 0.19 0.189 0.189 0.188 0.188 0.159 0.126 0.094 0.061 0.028 0.0 0.0 0.0 0.0 0.0 0.0 0.0 0.0 0.0 0.0 0.0 0.0 0.0 0.0 0.0 0.0 0.0 0.0 0.0 0.0 0.0 0.0 0.0 0.0 0.0 0.0 0.0 0.0 0.0 0.0 0.0 0.0 0.0 0.0 0.0 0.0 0.0 0.0 0.0 0.0 0.0 0.0 0.0 0.0 0.0 0.0 0.0 0.0 0.0 0.0 0.0
3.134 3.139 3.143 3.185 3.291 3.397 3.502 3.608 3.714 3.82 3.925 3.739 3.507 3.276 3.044 2.813 2.582 2.35 2.119 1.888 1.777 1.676 1.575 1.474 1.374 1.273 1.172 1.089 1.016 0.943 0.87 0.797 0.724 0.651 0.578 0.505 0.499 0.565 0.631 0.697 0.763 0.829 0.895 0.953 1.002 1.051 1.099 1.148 1.196 1.245 1.293 1.342 1.384 1.286 1.188 1.09 0.992 0.894 0.796 0.698 0.6 0.502 0.431 0.398 0.365 0.332 0.299 0.266 0.233 0.219 0.219 0.218 0.218 0.218 0.217 0.217 0.216 0.216 0.215 0.191 0.158 0.126 0.093 0.06 0.028 0.0 0.0 0.0 0.0 0.0 0.0 0.0 0.0 0.0 0.0 0.0 0.0 0.0 0.0 0.0 0.0 0.0 0.0 0.0 0.0 0.0 0.0 0.0 0.0 0.0 0.0 0.0 0.0 0.0 0.0 0.0 0.0 0.0 0.0 0.0 0.0 0.0 0.0 0.0 0.0 0.0 0.0 0.0 0.0 0.0 0.0 0.0 0.0 0.0 0.0 0.0
2.841 2.845 2.85 2.893 2.999 3.105 3.211 3.316 3.422 3.528 3.634 3.716 3.485 3.253 3.022 2.79 2.559 2.328 2.096 1.865 1.756 1.656 1.555 1.454 1.353 1.252 1.151 1.051 0.973 0.9 0.827 0.754 0.681 0.608 0.535 0.462 0.459 0.525 0.591 0.657 0.722 0.788 0.854 0.92 0.975 1.024 1.072 1.121 1.169 1.218 1.267 1.315 1.355 1.257 1.159 1.061 0.963 0.865 0.767 0.669 0.571 0.49 0.457 0.424 0.391 0.358 0.325 0.292 0.259 0.246 0.246 0.245 0.245 0.245 0.244 0.244 0.243 0.243 0.223 0.191 0.158 0.125 0.093 0.06 0.027 0.0 0.0 0.0 0.0 0.0 0.0 0.0 0.0 0.0 0.0 0.0 0.0 0.0 0.0 0.0 0.0 0.0 0.0 0.0 0.0 0.0 0.0 0.0 0.0 0.0 0.0 0.0 0.0 0.0 0.0 0.0 0.0 0.0 0.0 0.0 0.0 0.0 0.0 0.0 0.0 0.0 0.0 0.0 0.0 0.0 0.0 0.0 0.0 0.0 0.0 0.0
2.547 2.552 2.557 2.602 2.707 2.813 2.919 3.025 3.13 3.236 3.342 3.448 3.462 3.231 2.999 2.768 2.537 2.305 2.074 1.842 1.736 1.635 1.534 1.433 1.333 1.232 1.131 1.03 0.931 0.858 0.785 0.712 0.639 0.566 0.493 0.42 0.418 0.484 0.55 0.616 0.682 0.748 0.814 0.88 0.946 0.997 1.046 1.094 1.143 1.191 1.24 1.288 1.326 1.228 1.13 1.032 0.934 0.836 0.738 0.64 0.55 0.517 0.484 0.451 0.418 0.385 0.352 0.319 0.286 0.273 0.273 0.272 0.272 0.272 0.271 0.271 0.27 0.256 0.223 0.19 0.157 0.125 0.092 0.059 0.027 0.0 0.0 0.0 0.0 0.0 0.0 0.0 0.0 0.0 0.0 0.0 0.0 0.0 0.0 0.0 0.0 0.0 0.0 0.0 0.0 0.0 0.0 0.0 0.0 0.0 0.0 0.0 0.0 0.0 0.0 0.0 0.0 0.0 0.0 0.0 0.0 0.0 0.0 0.0 0.0 0.0 0.0 0.0 0.0 0.0 0.0 0.0 0.0 0.0 0.0 0.0
2.254 2.259 2.263 2.31 2.416 2.521 2.627 2.733 2.839 2.945 3.05 3.156 3.262 3.208 2.977 2.745 2.514 2.283 2.051 1.82 1.715 1.614 1.514 1.413 1.312 1.211 1.11 1.01 0.909 0.815 0.742 0.669 0.596 0.523 0.45 0.377 0.378 0.444 0.51 0.576 0.642 0.707 0.773 0.839 0.905 0.971 1.019 1.068 1.116 1.165 1.213 1.262 1.297 1.199 1.101 1.003 0.905 0.807 0.709 0.611 0.576 0.543 0.51 0.477 0.444 0.411 0.378 0.345 0.312 0.3 0.3 0.299 0.299 0.298 0.298 0.298 0.288 0.255 0.222 0.19 0.157 0.124 0.091 0.059 0.026 0.0 0.0 0.0 0.0 0.0 0.0 0.0 0.0 0.0 0.0 0.0 0.0 0.0 0.0 0.0 0.0 0.0 0.0 0.0 0.0 0.0 0.0 0.0 0.0 0.0 0.0 0.0 0.0 0.0 0.0 0.0 0.0 0.0 0.0 0.0 0.0 0.0 0.0 0.0 0.0 0.0 0.0 0.0 0.0 0.0 0.0 0.0 0.0 0.0 0.0 0.0
1.961 1.965 1.97 2.018 2.124 2.23 2.335 2.441 2.547 2.653 2.759 2.864 2.97 3.076 2.954 2.723 2.491 2.26 2.029 1.797 1.695 1.594 1.493 1.392 1.292 1.191 1.09 0.989 0.888 0.787 0.699 0.626 0.553 0.48 0.407 0.334 0.337 0.403 0.469 0.535 0.601 0.667 0.733 0.799 0.865 0.931 0.993 1.041 1.09 1.138 1.187 1.235 1.268 1.17 1.072 0.974 0.876 0.778 0.68 0.636 0.603 0.57 0.537 0.504 0.471 0.438 0.405 0.372 0.339 0.327 0.327 0.326 0.326 0.325 0.325 0.32 0.287 0.254 0.222 0.189 0.156 0.124 0.091 0.058 0.025 0.0 0.0 0.0 0.0 0.0 0.0 0.0 0.0 0.0 0.0 0.0 0.0 0.0 0.0 0.0 0.0 0.0 0.0 0.0 0.0 0.0 0.0 0.0 0.0 0.0 0.0 0.0 0.0 0.0 0.0 0.0 0.0 0.0 0.0 0.0 0.0 0.0 0.0 0.0 0.0 0.0 0.0 0.0 0.0 0.0 0.0 0.0 0.0 0.0 0.0 0.0
1.667 1.672 1.677 1.726 1.832 1.938 2.044 2.15 2.255 2.361 2.467 2.573 2.678 2.784 2.89 2.7 2.469 2.237 2.006 1.775 1.674 1.573 1.473 1.372 1.271 1.17 1.069 0.969 0.868 0.767 0.666 0.583 0.51 0.437 0.364 0.291 0.297 0.363 0.429 0.495 0.561 0.627 0.692 0.758 0.824 0.89 0.956 1.015 1.063 1.112 1.16 1.209 1.239 1.141 1.043 0.945 0.847 0.749 0.695 0.662 0.629 0.596 0.563 0.53 0.497 0.464 0.431 0.398 0.365 0.354 0.354 0.353 0.353 0.352 0.352 0.319 0.287 0.254 0.221 0.188 0.156 0.123 0.09 0.058 0.025 0.0 0.0 0.0 0.0 0.0 0.0 0.0 0.0 0.0 0.0 0.0 0.0 0.0 0.0 0.0 0.0 0.0 0.0 0.0 0.0 0.0 0.0 0.0 0.0 0.0 0.0 0.0 0.0 0.0 0.0 0.0 0.0 0.0 0.0 0.0 0.0 0.0 0.0 0.0 0.0 0.0 0.0 0.0 0.0 0.0 0.0 0.0 0.0 0.0 0.0 0.0
1.374 1.379 1.383 1.435 1.54 1.646 1.752 1.858 1.964 2.069 2.175 2.281 2.387 2.493 2.598 2.677 2.446 2.215 1.983 1.755 1.654 1.553 1.452 1.351 1.25 1.15 1.049 0.948 0.847 0.746 0.646 0.545 0.468 0.395 0.322 0.249 0.256 0.322 0.388 0.454 0.52 0.586 0.652 0.718 0.784 0.85 0.916 0.982 1.037 1.085 1.134 1.182 1.21 1.112 1.014 0.916 0.818 0.754 0.721 0.688 0.655 0.622 0.589 0.556 0.523 0.49 0.457 0.424 0.391 0.381 0.381 0.38 0.38 0.379 0.351 0.319 0.286 0.253 0.221 0.188 0.155 0.122 0.09 0.057 0.024 0.0 0.0 0.0 0.0 0.0 0.0 0.0 0.0 0.0 0.0 0.0 0.0 0.0 0.0 0.0 0.0 0.0 0.0 0.0 0.0 0.0 0.0 0.0 0.0 0.0 0.0 0.0 0.0 0.0 0.0 0.0 0.0 0.0 0.0 0.0 0.0 0.0 0.0 0.0 0.0 0.0 0.0 0.0 0.0 0.0 0.0 0.0 0.0 0.0 0.0 0.0
1.081 1.085 1.09 1.143 1.249 1.355 1.46 1.566 1.672 1.778 1.883 1.989 2.095 2.201 2.307 2.412 2.423 2.192 1.961 1.734 1.633 1.532 1.432 1.331 1.23 1.129 1.028 0.927 0.827 0.726 0.625 0.524 0.425 0.352 0.279 0.206 0.216 0.282 0.348 0.414 0.48 0.546 0.612 0.678 0.743 0.809 0.875 0.941 1.007 1.059 1.107 1.156 1.181 1.083 0.985 0.887 0.814 0.781 0.748 0.715 0.682 0.649 0.616 0.583 0.55 0.517 0.484 0.451 0.418 0.408 0.408 0.407 0.407 0.384 0.351 0.318 0.285 0.253 0.22 0.187 0.155 0.122 0.089 0.057 0.024 0.0 0.0 0.0 0.0 0.0 0.0 0.0 0.0 0.0 0.0 0.0 0.0 0.0 0.0 0.0 0.0 0.0 0.0 0.0 0.0 0.0 0.0 0.0 0.0 0.0 0.0 0.0 0.0 0.0 0.0 0.0 0.0 0.0 0.0 0.0 0.0 0.0 0.0 0.0 0.0 0.0 0.0 0.0 0.0 0.0 0.0 0.0 0.0 0.0 0.0 0.0
0.787 0.792 0.797 0.851 0.957 1.063 1.169 1.274 1.38 1.486 1.592 1.698 1.803 1.909 2.015 2.121 2.226 2.169 1.938 1.713 1.613 1.512 1.411 1.31 1.209 1.109 1.008 0.907 0.806 0.705 0.604 0.504 0.403 0.309 0.236 0.163 0.176 0.241 0.307 0.373 0.439 0.505 0.571 0.637 0.703 0.769 0.835 0.901 0.967 1.032 1.081 1.129 1.152 1.054 0.956 0.873 0.84 0.807 0.774 0.741 0.708 0.675 0.642 0.609 0.576 0.543 0.51 0.477 0.444 0.435 0.435 0.434 0.416 0.383 0.35 0.318 0.285 0.252 0.22 0.187 0.154 0.121 0.089 0.056 0.023 0.0 0.0 0.0 0.0 0.0 0.0 0.0 0.0 0.0 0.0 0.0 0.0 0.0 0.0 0.0 0.0 0.0 0.0 0.0 0.0 0.0 0.0 0.0 0.0 0.0 0.0 0.0 0.0 0.0 0.0 0.0 0.0 0.0 0.0 0.0 0.0 0.0 0.0 0.0 0.0 0.0 0.0 0.0 0.0 0.0 0.0 0.0 0.0 0.0 0.0 0.0
0.494 0.499 0.503 0.56 0.665 0.771 0.877 0.983 1.089 1.194 1.3 1.406 1.512 1.617 1.723 1.829 1.935 2.041 1.915 1.693 1.592 1.491 1.39 1.29 1.189 1.088 0.987 0.886 0.786 0.685 0.584 0.483 0.382 0.281 0.194 0.121 0.135 0.201 0.267 0.333 0.399 0.465 0.531 0.597 0.663 0.728 0.794 0.86 0.926 0.992 1.054 1.102 1.123 1.025 0.933 0.9 0.867 0.834 0.801 0.768 0.735 0.702 0.669 0.636 0.603 0.57 0.537 0.504 0.471 0.462 0.462 0.448 0.415 0.382 0.35 0.317 0.284 0.252 0.219 0.186 0.154 0.121 0.088 0.055 0.023 0.0 0.0 0.0 0.0 0.0 0.0 0.0 0.0 0.0 0.0 0.0 0.0 0.0 0.0 0.0 0.0 0.0 0.0 0.0 0.0 0.0 0.0 0.0 0.0 0.0 0.0 0.0 0.0 0.0 0.0 0.0 0.0 0.0 0.0 0.0 0.0 0.0 0.0 0.0 0.0 0.0 0.0 0.0 0.0 0.0 0.0 0.0 0.0 0.0 0.0 0.0
0.201 0.206 0.21 0.268 0.374 0.479 0.585 0.691 0.797 0.903 1.008 1.114 1.22 1.326 1.432 1.537 1.643 1.749 1.855 1.672 1.572 1.471 1.37 1.269 1.168 1.067 0.967 0.866 0.765 0.664 0.563 0.463 0.362 0.261 0.16 0.078 0.095 0.161 0.226 0.292 0.358 0.424 0.49 0.556 0.622 0.688 0.754 0.82 0.886 0.952 1.018 1.076 1.094 0.996 0.959 0.926 0.893 0.86 0.827 0.794 0.761 0.728 0.695 0.662 0.629 0.596 0.563 0.53 0.497 0.489 0.48 0.447 0.415 0.382 0.349 0.317 0.284 0.251 0.218 0.186 0.153 0.12 0.088 0.055 0.022 0.0 0.0 0.0 0.0 0.0 0.0 0.0 0.0 0.0 0.0 0.0 0.0 0.0 0.0 0.0 0.0 0.0 0.0 0.0 0.0 0.0 0.0 0.0 0.0 0.0 0.0 0.0 0.0 0.0 0.0 0.0 0.0 0.0 0.0 0.0 0.0 0.0 0.0 0.0 0.0 0.0 0.0 0.0 0.0 0.0 0.0 0.0 0.0 0.0 0.0 0.0
0.086 0.082 0.078 0.032 0.135 0.237 0.34 0.442 0.545 0.647 0.749 0.852 0.954 1.057 1.159 1.262 1.364 1.466 1.569 1.652 1.551 1.45 1.349 1.249 1.148 1.047 0.946 0.845 0.744 0.644 0.543 0.442 0.341 0.24 0.14 0.039 0.054 0.12 0.186 0.252 0.318 0.384 0.45 0.516 0.582 0.648 0.713 0.779 0.845 0.911 0.977 1.043 1.065 1.019 0.986 0.953 0.92 0.887 0.854 0.821 0.788 0.755 0.722 0.689 0.656 0.623 0.59 0.557 0.524 0.512 0.479 0.447 0.414 0.381 0.349 0.316 0.283 0.251 0.218 0.185 0.152 0.12 0.087 0.054 0.022 0.0 0.0 0.0 0.0 0.0 0.0 0.0 0.0 0.0 0.0 0.0 0.0 0.0 0.0 0.0 0.0 0.0 0.0 0.0 0.0 0.0 0.0 0.0 0.0 0.0 0.0 0.0 0.0 0.0 0.0 0.0 0.0 0.0 0.0 0.0 0.0 0.0 0.0 0.0 0.0 0.0 0.0 0.0 0.0 0.0 0.0 0.0 0.0 0.0 0.0 0.0
0.361 0.356 0.208 0.048 0.053 0.155 0.258 0.36 0.463 0.565 0.668 0.77 0.873 0.975 1.077 1.18 1.282 1.385 1.487 1.578 1.549 1.448 1.347 1.246 1.145 1.044 0.943 0.841 0.74 0.639 0.538 0.437 0.336 0.235 0.134 0.032 0.044 0.11 0.175 0.24 0.305 0.371 0.436 0.501 0.566 0.632 0.697 0.762 0.827 0.893 0.958 1.023 1.039 1.008 0.976 0.944 0.913 0.881 0.85 0.818 0.786 0.755 0.723 0.691 0.66 0.628 0.596 0.565 0.533 0.512 0.479 0.446 0.414 0.381 0.348 0.315 0.283 0.25 0.217 0.185 0.152 0.119 0.087 0.054 0.021 0.0 0.0 0.0 0.0 0.0 0.0 0.0 0.0 0.0 0.0 0.0 0.0 0.0 0.0 0.0 0.0 0.0 0.0 0.0 0.0 0.0 0.0 0.0 0.0 0.0 0.0 0.0 0.0 0.0 0.0 0.0 0.0 0.0 0.0 0.0 0.0 0.0 0.0 0.0 0.0 0.0 0.0 0.0 0.0 0.0 0.0 0.0 0.0 0.0 0.0 0.0
0.635 0.521 0.286 0.128 0.028 0.074 0.176 0.279 0.381 0.483 0.586 0.688 0.791 0.893 0.996 1.098 1.2 1.303 1.405 1.494 1.496 1.447 1.345 1.244 1.143 1.042 0.941 0.84 0.739 0.638 0.536 0.435 0.334 0.233 0.132 0.031 0.045 0.111 0.176 0.241 0.306 0.372 0.437 0.502 0.567 0.633 0.698 0.763 0.828 0.894 0.959 0.993 0.985 0.953 0.922 0.89 0.858 0.827 0.795 0.764 0.732 0.7 0.669 0.637 0.605 0.574 0.542 0.51 0.505 0.505 0.478 0.446 0.413 0.38 0.348 0.315 0.282 0.249 0.217 0.184 0.151 0.119 0.086 0.053 0.021 0.0 0.0 0.0 0.0 0.0 0.0 0.0 0.0 0.0 0.0 0.0 0.0 0.0 0.0 0.0 0.0 0.0 0.0 0.0 0.0 0.0 0.0 0.0 0.0 0.0 0.0 0.0 0.0 0.0 0.0 0.0 0.0 0.0 0.0 0.0 0.0 0.0 0.0 0.0 0.0 0.0 0.0 0.0 0.0 0.0 0.0 0.0 0.0 0.0 0.0 0.0
0.834 0.599 0.364 0.208 0.108 0.008 0.094 0.197 0.299 0.402 0.504 0.607 0.709 0.811 0.914 1.016 1.119 1.221 1.324 1.411 1.412 1.414 1.344 1.243 1.142 1.04 0.939 0.838 0.737 0.636 0.535 0.434 0.333 0.231 0.13 0.029 0.046 0.112 0.177 0.242 0.307 0.373 0.438 0.503 0.568 0.634 0.699 0.764 0.829 0.895 0.938 0.939 0.931 0.899 0.867 0.836 0.804 0.772 0.741 0.709 0.677 0.646 0.614 0.583 0.551 0.519 0.488 0.478 0.478 0.478 0.478 0.445 0.412 0.38 0.347 0.314 0.282 0.249 0.216 0.184 0.151 0.118 0.085 0.053 0.02 0.0 0.0 0.0 0.0 0.0 0.0 0.0 0.0 0.0 0.0 0.0 0.0 0.0 0.0 0.0 0.0 0.0 0.0 0.0 0.0 0.0 0.0 0.0 0.0 0.0 0.0 0.0 0.0 0.0 0.0 0.0 0.0 0.0 0.0 0.0 0.0 0.0 0.0 0.0 0.0 0.0 0.0 0.0 0.0 0.0 0.0 0.0 0.0 0.0 0.0 0.0
0.912 0.677 0.442 0.288 0.188 0.088 0.013 0.115 0.218 0.32 0.422 0.525 0.627 0.73 0.832 0.935 1.037 1.139 1.242 1.328 1.329 1.33 1.332 1.241 1.14 1.039 0.938 0.837 0.735 0.634 0.533 0.432 0.331 0.23 0.129 0.028 0.047 0.113 0.178 0.243 0.308 0.374 0.439 0.504 0.569 0.635 0.7 0.765 0.831 0.883 0.884 0.885 0.876 0.845 0.813 0.781 0.75 0.718 0.686 0.655 0.623 0.591 0.56 0.528 0.497 0.465 0.45 0.451 0.451 0.452 0.452 0.445 0.412 0.379 0.346 0.314 0.281 0.248 0.216 0.183 0.15 0.118 0.085 0.052 0.019 0.0 0.0 0.0 0.0 0.0 0.0 0.0 0.0 0.0 0.0 0.0 0.0 0.0 0.0 0.0 0.0 0.0 0.0 0.0 0.0 0.0 0.0 0.0 0.0 0.0 0.0 0.0 0.0 0.0 0.0 0.0 0.0 0.0 0.0 0.0 0.0 0.0 0.0 0.0 0.0 0.0 0.0 0.0 0.0 0.0 0.0 0.0 0.0 0.0 0.0 0.0
0.99 0.755 0.52 0.369 0.268 0.168 0.068 0.033 0.136 0.238 0.341 0.443 0.546 0.648 0.75 0.853 0.955 1.058 1.16 1.244 1.246 1.247 1.248 1.239 1.138 1.037 0.936 0.835 0.734 0.633 0.532 0.43 0.329 0.228 0.127 0.026 0.049 0.114 0.179 0.244 0.31 0.375 0.44 0.505 0.571 0.636 0.701 0.766 0.828 0.829 0.83 0.831 0.822 0.79 0.759 0.727 0.695 0.664 0.632 0.6 0.569 0.537 0.505 0.474 0.442 0.423 0.423 0.424 0.424 0.425 0.425 0.425 0.411 0.379 0.346 0.313 0.281 0.248 0.215 0.182 0.15 0.117 0.084 0.052 0.019 0.0 0.0 0.0 0.0 0.0 0.0 0.0 0.0 0.0 0.0 0.0 0.0 0.0 0.0 0.0 0.0 0.0 0.0 0.0 0.0 0.0 0.0 0.0 0.0 0.0 0.0 0.0 0.0 0.0 0.0 0.0 0.0 0.0 0.0 0.0 0.0 0.0 0.0 0.0 0.0 0.0 0.0 0.0 0.0 0.0 0.0 0.0 0.0 0.0 0.0 0.0
1.068 0.833 0.598 0.449 0.348 0.248 0.148 0.047 0.054 0.156 0.259 0.361 0.464 0.566 0.669 0.771 0.873 0.976 1.078 1.161 1.162 1.164 1.165 1.166 1.137 1.035 0.934 0.833 0.732 0.631 0.53 0.429 0.328 0.227 0.125 0.024 0.05 0.115 0.18 0.245 0.311 0.376 0.441 0.506 0.572 0.637 0.702 0.767 0.775 0.776 0.776 0.777 0.768 0.736 0.704 0.673 0.641 0.609 0.578 0.546 0.514 0.483 0.451 0.419 0.395 0.396 0.396 0.397 0.397 0.398 0.398 0.398 0.399 0.378 0.345 0.313 0.28 0.247 0.215 0.182 0.149 0.116 0.084 0.051 0.018 0.0 0.0 0.0 0.0 0.0 0.0 0.0 0.0 0.0 0.0 0.0 0.0 0.0 0.0 0.0 0.0 0.0 0.0 0.0 0.0 0.0 0.0 0.0 0.0 0.0 0.0 0.0 0.0 0.0 0.0 0.0 0.0 0.0 0.0 0.0 0.0 0.0 0.0 0.0 0.0 0.0 0.0 0.0 0.0 0.0 0.0 0.0 0.0 0.0 0.0 0.0
1.145 0.911 0.676 0.529 0.428 0.328 0.228 0.127 0.027 0.075 0.177 0.28 0.382 0.484 0.587 0.689 0.792 0.894 0.997 1.078 1.079 1.08 1.082 1.083 1.084 1.034 0.933 0.832 0.73 0.629 0.528 0.427 0.326 0.225 0.124 0.023 0.051 0.116 0.181 0.246 0.312 0.377 0.442 0.507 0.573 0.638 0.703 0.72 0.721 0.722 0.723 0.723 0.713 0.682 0.65 0.618 0.587 0.555 0.523 0.492 0.46 0.428 0.397 0.368 0.368 0.369 0.369 0.37 0.37 0.371 0.371 0.371 0.372 0.372 0.345 0.312 0.279 0.247 0.214 0.181 0.149 0.116 0.083 0.051 0.018 0.0 0.0 0.0 0.0 0.0 0.0 0.0 0.0 0.0 0.0 0.0 0.0 0.0 0.0 0.0 0.0 0.0 0.0 0.0 0.0 0.0 0.0 0.0 0.0 0.0 0.0 0.0 0.0 0.0 0.0 0.0 0.0 0.0 0.0 0.0 0.0 0.0 0.0 0.0 0.0 0.0 0.0 0.0 0.0 0.0 0.0 0.0 0.0 0.0 0.0 0.0
1.223 0.988 0.754 0.609 0.508 0.408 0.308 0.207 0.107 0.007 0.095 0.198 0.3 0.403 0.505 0.608 0.71 0.812 0.915 0.994 0.996 0.997 0.998 1.0 1.001 1.002 0.931 0.83 0.729 0.628 0.527 0.425 0.324 0.223 0.122 0.021 0.052 0.117 0.182 0.247 0.313 0.378 0.443 0.508 0.574 0.639 0.665 0.666 0.667 0.668 0.669 0.67 0.659 0.627 0.596 0.564 0.532 0.501 0.469 0.437 0.406 0.374 0.342 0.341 0.341 0.342 0.342 0.343 0.343 0.344 0.344 0.345 0.345 0.345 0.344 0.312 0.279 0.246 0.213 0.181 0.148 0.115 0.083 0.05 0.017 0.0 0.0 0.0 0.0 0.0 0.0 0.0 0.0 0.0 0.0 0.0 0.0 0.0 0.0 0.0 0.0 0.0 0.0 0.0 0.0 0.0 0.0 0.0 0.0 0.0 0.0 0.0 0.0 0.0 0.0 0.0 0.0 0.0 0.0 0.0 0.0 0.0 0.0 0.0 0.0 0.0 0.0 0.0 0.0 0.0 0.0 0.0 0.0 0.0 0.0 0.0
1.301 1.066 0.832 0.689 0.588 0.488 0.388 0.288 0.187 0.087 0.014 0.116 0.218 0.321 0.423 0.526 0.628 0.731 0.833 0.911 0.912 0.913 0.915 0.916 0.918 0.919 0.92 0.828 0.727 0.626 0.525 0.424 0.323 0.222 0.12 0.019 0.053 0.118 0.183 0.249 0.314 0.379 0.444 0.51 0.575 0.611 0.611 0.612 0.613 0.614 0.615 0.616 0.605 0.573 0.541 0.51 0.478 0.446 0.415 0.383 0.351 0.32 0.314 0.314 0.314 0.315 0.315 0.316 0.316 0.317 0.317 0.318 0.318 0.318 0.319 0.311 0.278 0.246 0.213 0.18 0.148 0.115 0.082 0.049 0.017 0.0 0.0 0.0 0.0 0.0 0.0 0.0 0.0 0.0 0.0 0.0 0.0 0.0 0.0 0.0 0.0 0.0 0.0 0.0 0.0 0.0 0.0 0.0 0.0 0.0 0.0 0.0 0.0 0.0 0.0 0.0 0.0 0.0 0.0 0.0 0.0 0.0 0.0 0.0 0.0 0.0 0.0 0.0 0.0 0.0 0.0 0.0 0.0 0.0 0.0 0.0
1.379 1.144 0.909 0.769 0.668 0.568 0.468 0.368 0.267 0.167 0.067 0.034 0.137 0.239 0.342 0.444 0.546 0.649 0.751 0.827 0.829 0.83 0.831 0.833 0.834 0.835 0.837 0.827 0.726 0.624 0.523 0.422 0.321 0.22 0.119 0.018 0.054 0.119 0.184 0.25 0.315 0.38 0.445 0.511 0.556 0.557 0.558 0.558 0.559 0.56 0.561 0.562 0.55 0.519 0.487 0.455 0.424 0.392 0.36 0.329 0.297 0.286 0.287 0.287 0.287 0.288 0.288 0.289 0.289 0.29 0.29 0.291 0.291 0.291 0.292 0.292 0.278 0.245 0.212 0.18 0.147 0.114 0.082 0.049 0.016 0.0 0.0 0.0 0.0 0.0 0.0 0.0 0.0 0.0 0.0 0.0 0.0 0.0 0.0 0.0 0.0 0.0 0.0 0.0 0.0 0.0 0.0 0.0 0.0 0.0 0.0 0.0 0.0 0.0 0.0 0.0 0.0 0.0 0.0 0.0 0.0 0.0 0.0 0.0 0.0 0.0 0.0 0.0 0.0 0.0 0.0 0.0 0.0 0.0 0.0 0.0
1.457 1.222 0.987 0.849 0.749 0.648 0.548 0.448 0.347 0.247 0.147 0.046 0.055 0.157 0.26 0.362 0.465 0.567 0.67 0.744 0.745 0.747 0.748 0.749 0.751 0.752 0.753 0.755 0.724 0.623 0.522 0.421 0.319 0.218 0.117 0.016 0.055 0.12 0.185 0.251 0.316 0.381 0.446 0.501 0.502 0.503 0.504 0.505 0.506 0.506 0.507 0.508 0.496 0.464 0.433 0.401 0.369 0.338 0.306 0.274 0.259 0.259 0.26 0.26 0.26 0.261 0.261 0.262 0.262 0.263 0.263 0.264 0.264 0.265 0.265 0.265 0.266 0.245 0.212 0.179 0.146 0.114 0.081 0.048 0.016 0.0 0.0 0.0 0.0 0.0 0.0 0.0 0.0 0.0 0.0 0.0 0.0 0.0 0.0 0.0 0.0 0.0 0.0 0.0 0.0 0.0 0.0 0.0 0.0 0.0 0.0 0.0 0.0 0.0 0.0 0.0 0.0 0.0 0.0 0.0 0.0 0.0 0.0 0.0 0.0 0.0 0.0 0.0 0.0 0.0 0.0 0.0 0.0 0.0 0.0 0.0
1.535 1.3 1.065 0.929 0.829 0.728 0.628 0.528 0.427 0.327 0.227 0.126 0.026 0.076 0.178 0.281 0.383 0.485 0.588 0.661 0.662 0.663 0.665 0.666 0.667 0.669 0.67 0.671 0.673 0.621 0.52 0.419 0.318 0.217 0.116 0.014 0.056 0.121 0.186 0.252 0.317 0.382 0.446 0.447 0.448 0.449 0.45 0.451 0.452 0.453 0.454 0.454 0.442 0.41 0.378 0.347 0.315 0.283 0.252 0.231 0.232 0.232 0.233 0.233 0.234 0.234 0.234 0.235 0.235 0.236 0.236 0.237 0.237 0.238 0.238 0.238 0.239 0.239 0.211 0.179 0.146 0.113 0.08 0.048 0.015 0.0 0.0 0.0 0.0 0.0 0.0 0.0 0.0 0.0 0.0 0.0 0.0 0.0 0.0 0.0 0.0 0.0 0.0 0.0 0.0 0.0 0.0 0.0 0.0 0.0 0.0 0.0 0.0 0.0 0.0 0.0 0.0 0.0 0.0 0.0 0.0 0.0 0.0 0.0 0.0 0.0 0.0 0.0 0.0 0.0 0.0 0.0 0.0 0.0 0.0 0.0
1.613 1.378 1.143 1.009 0.909 0.808 0.708 0.608 0.507 0.407 0.307 0.207 0.106 0.006 0.096 0.199 0.301 0.404 0.506 0.577 0.579 0.58 0.581 0.583 0.584 0.585 0.587 0.588 0.589 0.591 0.518 0.417 0.316 0.215 0.114 0.013 0.057 0.122 0.188 0.253 0.318 0.383 0.393 0.394 0.394 0.395 0.396 0.397 0.398 0.399 0.4 0.401 0.387 0.356 0.324 0.292 0.261 0.229 0.204 0.204 0.205 0.205 0.206 0.206 0.207 0.207 0.207 0.208 0.208 0.209 0.209 0.21 0.21 0.211 0.211 0.211 0.212 0.212 0.211 0.178 0.145 0.113 0.08 0.047 0.015 0.0 0.0 0.0 0.0 0.0 0.0 0.0 0.0 0.0 0.0 0.0 0.0 0.0 0.0 0.0 0.0 0.0 0.0 0.0 0.0 0.0 0.0 0.0 0.0 0.0 0.0 0.0 0.0 0.0 0.0 0.0 0.0 0.0 0.0 0.0 0.0 0.0 0.0 0.0 0.0 0.0 0.0 0.0 0.0 0.0 0.0 0.0 0.0 0.0 0.0 0.0
1.691 1.456 1.221 1.089 0.989 0.888 0.788 0.688 0.587 0.487 0.387 0.287 0.186 0.086 0.015 0.117 0.219 0.322 0.424 0.494 0.495 0.497 0.498 0.499 0.501 0.502 0.503 0.505 0.506 0.507 0.509 0.416 0.314 0.213 0.112 0.011 0.058 0.123 0.189 0.254 0.319 0.338 0.339 0.34 0.341 0.341 0.342 0.343 0.344 0.345 0.346 0.347 0.333 0.301 0.27 0.238 0.206 0.176 0.177 0.177 0.178 0.178 0.179 0.179 0.18 0.18 0.18 0.181 0.181 0.182 0.182 0.183 0.183 0.184 0.184 0.185 0.185 0.185 0.186 0.177 0.145 0.112 0.079 0.047 0.014 0.0 0.0 0.0 0.0 0.0 0.0 0.0 0.0 0.0 0.0 0.0 0.0 0.0 0.0 0.0 0.0 0.0 0.0 0.0 0.0 0.0 0.0 0.0 0.0 0.0 0.0 0.0 0.0 0.0 0.0 0.0 0.0 0.0 0.0 0.0 0.0 0.0 0.0 0.0 0.0 0.0 0.0 0.0 0.0 0.0 0.0 0.0 0.0 0.0 0.0 0.0
1.769 1.534 1.299 1.169 1.069 0.968 0.868 0.768 0.668 0.567 0.467 0.367 0.266 0.166 0.066 0.035 0.138 0.24 0.343 0.411 0.412 0.413 0.415 0.416 0.417 0.419 0.42 0.421 0.423 0.424 0.425 0.414 0.313 0.212 0.111 0.009 0.059 0.124 0.19 0.255 0.283 0.284 0.285 0.286 0.287 0.288 0.289 0.289 0.29 0.291 0.292 0.293 0.279 0.247 0.215 0.184 0.152 0.149 0.15 0.15 0.151 0.151 0.152 0.152 0.153 0.153 0.153 0.154 0.154 0.155 0.155 0.156 0.156 0.157 0.157 0.158 0.158 0.158 0.159 0.159 0.144 0.112 0.079 0.046 0.013 0.0 0.0 0.0 0.0 0.0 0.0 0.0 0.0 0.0 0.0 0.0 0.0 0.0 0.0 0.0 0.0 0.0 0.0 0.0 0.0 0.0 0.0 0.0 0.0 0.0 0.0 0.0 0.0 0.0 0.0 0.0 0.0 0.0 0.0 0.0 0.0 0.0 0.0 0.0 0.0 0.0 0.0 0.0 0.0 0.0 0.0 0.0 0.0 0.0 0.0 0.0
1.847 1.612 1.377 1.249 1.149 1.048 0.948 0.848 0.748 0.647 0.547 0.447 0.346 0.246 0.146 0.046 0.056 0.158 0.261 0.327 0.329 0.33 0.331 0.333 0.334 0.335 0.337 0.338 0.339 0.341 0.342 0.343 0.311 0.21 0.109 0.008 0.06 0.125 0.191 0.229 0.229 0.23 0.231 0.232 0.233 0.234 0.235 0.236 0.236 0.237 0.238 0.239 0.224 0.193 0.161 0.129 0.122 0.123 0.123 0.123 0.124 0.124 0.125 0.125 0.126 0.126 0.127 0.127 0.127 0.128 0.128 0.129 0.129 0.13 0.13 0.131 0.131 0.131 0.132 0.132 0.133 0.111 0.078 0.046 0.013 0.0 0.0 0.0 0.0 0.0 0.0 0.0 0.0 0.0 0.0 0.0 0.0 0.0 0.0 0.0 0.0 0.0 0.0 0.0 0.0 0.0 0.0 0.0 0.0 0.0 0.0 0.0 0.0 0.0 0.0 0.0 0.0 0.0 0.0 0.0 0.0 0.0 0.0 0.0 0.0 0.0 0.0 0.0 0.0 0.0 0.0 0.0 0.0 0.0 0.0 0.0
1.925 1.69 1.455 1.329 1.229 1.128 1.028 0.928 0.828 0.727 0.627 0.527 0.426 0.326 0.226 0.126 0.025 0.077 0.179 0.244 0.245 0.246 0.248 0.249 0.251 0.252 0.253 0.255 0.256 0.257 0.259 0.26 0.261 0.208 0.107 0.006 0.061 0.127 0.174 0.175 0.176 0.177 0.177 0.178 0.179 0.18 0.181 0.182 0.183 0.184 0.184 0.185 0.17 0.138 0.107 0.095 0.095 0.096 0.096 0.096 0.097 0.097 0.098 0.098 0.099 0.099 0.1 0.1 0.1 0.101 0.101 0.102 0.102 0.103 0.103 0.104 0.104 0.104 0.105 0.105 0.106 0.106 0.078 0.045 0.012 0.0 0.0 0.0 0.0 0.0 0.0 0.0 0.0 0.0 0.0 0.0 0.0 0.0 0.0 0.0 0.0 0.0 0.0 0.0 0.0 0.0 0.0 0.0 0.0 0.0 0.0 0.0 0.0 0.0 0.0 0.0 0.0 0.0 0.0 0.0 0.0 0.0 0.0 0.0 0.0 0.0 0.0 0.0 0.0 0.0 0.0 0.0 0.0 0.0 0.0 0.0
2.002 1.768 1.533 1.409 1.309 1.209 1.108 1.008 0.908 0.807 0.707 0.607 0.506 0.406 0.306 0.206 0.105 0.005 0.097 0.16 0.162 0.163 0.164 0.166 0.167 0.168 0.17 0.171 0.173 0.174 0.175 0.177 0.178 0.179 0.106 0.005 0.062 0.119 0.12 0.121 0.122 0.123 0.124 0.124 0.125 0.126 0.127 0.128 0.129 0.13 0.131 0.132 0.116 0.084 0.067 0.068 0.068 0.069 0.069 0.069 0.07 0.07 0.071 0.071 0.072 0.072 0.073 0.073 0.073 0.074 0.074 0.075 0.075 0.076 0.076 0.077 0.077 0.078 0.078 0.078 0.079 0.079 0.077 0.044 0.012 0.0 0.0 0.0 0.0 0.0 0.0 0.0 0.0 0.0 0.0 0.0 0.0 0.0 0.0 0.0 0.0 0.0 0.0 0.0 0.0 0.0 0.0 0.0 0.0 0.0 0.0 0.0 0.0 0.0 0.0 0.0 0.0 0.0 0.0 0.0 0.0 0.0 0.0 0.0 0.0 0.0 0.0 0.0 0.0 0.0 0.0 0.0 0.0 0.0 0.0 0.0
2.08 1.845 1.611 1.489 1.389 1.289 1.188 1.088 0.988 0.887 0.787 0.687 0.587 0.486 0.386 0.286 0.185 0.085 0.016 0.077 0.078 0.08 0.081 0.082 0.084 0.085 0.086 0.088 0.089 0.091 0.092 0.093 0.095 0.096 0.097 0.003 0.063 0.065 0.066 0.067 0.068 0.069 0.07 0.071 0.072 0.072 0.073 0.074 0.075 0.076 0.077 0.078 0.061 0.04 0.04 0.041 0.041 0.042 0.042 0.042 0.043 0.043 0.044 0.044 0.045 0.045 0.046 0.046 0.047 0.047 0.047 0.048 0.048 0.049 0.049 0.05 0.05 0.051 0.051 0.051 0.052 0.052 0.053 0.044 0.011 0.0 0.0 0.0 0.0 0.0 0.0 0.0 0.0 0.0 0.0 0.0 0.0 0.0 0.0 0.0 0.0 0.0 0.0 0.0 0.0 0.0 0.0 0.0 0.0 0.0 0.0 0.0 0.0 0.0 0.0 0.0 0.0 0.0 0.0 0.0 0.0 0.0 0.0 0.0 0.0 0.0 0.0 0.0 0.0 0.0 0.0 0.0 0.0 0.0 0.0 0.0
2.38 2.136 1.986 1.707 1.6 1.493 1.386 1.279 1.172 1.065 0.958 0.851 0.744 0.638 0.531 0.424 0.317 0.21 0.103 0.038 0.03 0.022 0.014 0.006 0.0 0.002 0.003 0.004 0.006 0.007 0.008 0.01 0.011 0.013 0.014 0.001 0.011 0.012 0.012 0.013 0.014 0.015 0.016 0.017 0.018 0.019 0.019 0.02 0.021 0.022 0.023 0.024 0.012 0.013 0.013 0.014 0.014 0.015 0.015 0.016 0.016 0.016 0.017 0.017 0.018 0.018 0.019 0.019 0.02 0.02 0.02 0.021 0.021 0.022 0.022 0.023 0.023 0.024 0.024 0.024 0.025 0.025 0.026 0.026 0.011 0.0 0.0 0.0 0.0 0.0 0.0 0.0 0.0 0.0 0.0 0.0 0.0 0.0 0.0 0.0 0.0 0.0 0.0 0.0 0.0 0.0 0.0 0.0 0.0 0.0 0.0 0.0 0.0 0.0 0.0 0.0 0.0 0.0 0.0 0.0 0.0 0.0 0.0 0.0 0.0 0.0 0.0 0.0 0.0 0.0 0.0 0.0 0.0 0.0 0.0 0.0
3.043 2.799 3.195 2.392 2.094 1.988 1.881 1.774 1.667 1.56 1.453 1.346 1.239 1.132 1.025 0.918 0.811 0.705 0.598 0.534 0.526 0.518 0.51 0.502 0.494 0.486 0.478 0.47 0.462 0.454 0.446 0.438 0.43 0.422 0.414 0.167 0.0 0.0 0.0 0.0 0.0 0.0 0.0 0.0 0.0 0.0 0.0 0.0 0.0 0.0 0.0 0.0 0.0 0.0 0.0 0.0 0.0 0.0 0.0 0.0 0.0 0.0 0.0 0.0 0.0 0.0 0.0 0.0 0.0 0.0 0.0 0.0 0.0 0.0 0.0 0.0 0.0 0.0 0.0 0.0 0.0 0.0 0.0 0.0 0.0 0.0 0.0 0.0 0.0 0.0 0.0 0.0 0.0 0.0 0.0 0.0 0.0 0.0 0.0 0.0 0.0 0.0 0.0 0.0 0.0 0.0 0.0 0.0 0.0 0.0 0.0 0.0 0.0 0.0 0.0 0.0 0.0 0.0 0.0 0.0 0.0 0.0 0.0 0.0 0.0 0.0 0.0 0.0 0.0 0.0 0.0 0.0 0.0 0.0 0.0 0.0
3.707 4.007 4.404 3.58 2.605 2.482 2.375 2.268 2.161 2.054 1.948 1.841 1.734 1.627 1.52 1.413 1.306 1.199 1.092 1.03 1.022 1.014 1.006 0.998 0.99 0.982 0.974 0.966 0.958 0.95 0.942 0.934 0.926 0.918 0.722 0.367 0.115 0.0 0.0 0.0 0.0 0.0 0.0 0.0 0.0 0.0 0.0 0.0 0.0 0.0 0.0 0.0 0.0 0.0 0.0 0.0 0.0 0.0 0.0 0.0 0.0 0.0 0.0 0.0 0.0 0.0 0.0 0.0 0.0 0.0 0.0 0.0 0.0 0.0 0.0 0.0 0.0 0.0 0.0 0.0 0.0 0.0 0.0 0.0 0.0 0.0 0.0 0.0 0.0 0.0 0.0 0.0 0.0 0.0 0.0 0.0 0.0 0.0 0.0 0.0 0.0 0.0 0.0 0.0 0.0 0.0 0.0 0.0 0.0 0.0 0.0 0.0 0.0 0.0 0.0 0.0 0.0 0.0 0.0 0.0 0.0 0.0 0.0 0.0 0.0 0.0 0.0 0.0 0.0 0.0 0.0 0.0 0.0 0.0 0.0 0.0
4.819 5.216 5.613 4.767 3.792 2.977 2.87 2.763 2.656 2.549 2.442 2.335 2.228 2.121 2.014 1.908 1.801 1.694 1.587 1.526 1.518 1.51 1.502 1.494 1.486 1.478 1.47 1.462 1.454 1.446 1.438 1.43 1.422 1.278 0.921 0.568 0.316 0.064 0.0 0.0 0.0 0.0 0.0 0.0 0.0 0.0 0.0 0.0 0.0 0.0 0.0 0.0 0.0 0.0 0.0 0.0 0.0 0.0 0.0 0.0 0.0 0.0 0.0 0.0 0.0 0.0 0.0 0.0 0.0 0.0 0.0 0.0 0.0 0.0 0.0 0.0 0.0 0.0 0.0 0.0 0.0 0.0 0.0 0.0 0.0 0.0 0.0 0.0 0.0 0.0 0.0 0.0 0.0 0.0 0.0 0.0 0.0 0.0 0.0 0.0 0.0 0.0 0.0 0.0 0.0 0.0 0.0 0.0 0.0 0.0 0.0 0.0 0.0 0.0 0.0 0.0 0.0 0.0 0.0 0.0 0.0 0.0 0.0 0.0 0.0 0.0 0.0 0.0 0.0 0.0 0.0 0.0 0.0 0.0 0.0 0.0
6.028 6.425 6.822 5.954 4.979 4.004 3.364 3.257 3.151 3.044 2.937 2.83 2.723 2.616 2.509 2.402 2.295 2.188 2.081 2.022 2.014 2.006 1.998 1.99 1.982 1.974 1.966 1.958 1.95 1.942 1.934 1.926 1.834 1.477 1.12 0.769 0.517 0.265 0.013 0.0 0.0 0.0 0.0 0.0 0.0 0.0 0.0 0.0 0.0 0.0 0.0 0.0 0.0 0.0 0.0 0.0 0.0 0.0 0.0 0.0 0.0 0.0 0.0 0.0 0.0 0.0 0.0 0.0 0.0 0.0 0.0 0.0 0.0 0.0 0.0 0.0 0.0 0.0 0.0 0.0 0.0 0.0 0.0 0.0 0.0 0.0 0.0 0.0 0.0 0.0 0.0 0.0 0.0 0.0 0.0 0.0 0.0 0.0 0.0 0.0 0.0 0.0 0.0 0.0 0.0 0.0 0.0 0.0 0.0 0.0 0.0 0.0 0.0 0.0 0.0 0.0 0.0 0.0 0.0 0.0 0.0 0.0 0.0 0.0 0.0 0.0 0.0 0.0 0.0 0.0 0.0 0.0 0.0 0.0 0.0 0.0
7.237 7.634 8.031 7.141 6.166 5.191 4.216 3.752 3.645 3.538 3.431 3.324 3.217 3.111 3.004 2.897 2.79 2.683 2.576 2.519 2.511 2.503 2.495 2.487 2.479 2.471 2.463 2.455 2.447 2.439 2.431 2.39 2.033 1.676 1.319 0.97 0.718 0.466 0.214 0.0 0.0 0.0 0.0 0.0 0.0 0.0 0.0 0.0 0.0 0.0 0.0 0.0 0.0 0.0 0.0 0.0 0.0 0.0 0.0 0.0 0.0 0.0 0.0 0.0 0.0 0.0 0.0 0.0 0.0 0.0 0.0 0.0 0.0 0.0 0.0 0.0 0.0 0.0 0.0 0.0 0.0 0.0 0.0 0.0 0.0 0.0 0.0 0.0 0.0 0.0 0.0 0.0 0.0 0.0 0.0 0.0 0.0 0.0 0.0 0.0 0.0 0.0 0.0 0.0 0.0 0.0 0.0 0.0 0.0 0.0 0.0 0.0 0.0 0.0 0.0 0.0 0.0 0.0 0.0 0.0 0.0 0.0 0.0 0.0 0.0 0.0 0.0 0.0 0.0 0.0 0.0 0.0 0.0 0.0 0.0 0.0
8.446 8.843 9.24 8.328 7.353 6.378 5.403 4.428 4.14 4.033 3.926 3.819 3.712 3.605 3.498 3.391 3.284 3.177 3.071 3.015 3.007 2.999 2.991 2.983 2.975 2.967 2.959 2.951 2.943 2.935 2.927 2.589 2.232 1.875 1.518 1.17 0.919 0.667 0.415 0.163 0.0 0.0 0.0 0.0 0.0 0.0 0.0 0.0 0.0 0.0 0.0 0.0 0.0 0.0 0.0 0.0 0.0 0.0 0.0 0.0 0.0 0.0 0.0 0.0 0.0 0.0 0.0 0.0 0.0 0.0 0.0 0.0 0.0 0.0 0.0 0.0 0.0 0.0 0.0 0.0 0.0 0.0 0.0 0.0 0.0 0.0 0.0 0.0 0.0 0.0 0.0 0.0 0.0 0.0 0.0 0.0 0.0 0.0 0.0 0.0 0.0 0.0 0.0 0.0 0.0 0.0 0.0 0.0 0.0 0.0 0.0 0.0 0.0 0.0 0.0 0.0 0.0 0.0 0.0 0.0 0.0 0.0 0.0 0.0 0.0 0.0 0.0 0.0 0.0 0.0 0.0 0.0 0.0 0.0 0.0 0.0
9.655 10.052 10.449 9.515 8.54 7.565 6.59 5.615 4.64 4.527 4.421 4.314 4.207 4.1 3.993 3.886 3.779 3.672 3.565 3.511 3.503 3.495 3.487 3.479 3.471 3.463 3.455 3.447 3.439 3.431 3.145 2.788 2.431 2.074 1.717 1.371 1.119 0.867 0.616 0.364 0.112 0.0 0.0 0.0 0.0 0.0 0.0 0.0 0.0 0.0 0.0 0.0 0.0 0.0 0.0 0.0 0.0 0.0 0.0 0.0 0.0 0.0 0.0 0.0 0.0 0.0 0.0 0.0 0.0 0.0 0.0 0.0 0.0 0.0 0.0 0.0 0.0 0.0 0.0 0.0 0.0 0.0 0.0 0.0 0.0 0.0 0.0 0.0 0.0 0.0 0.0 0.0 0.0 0.0 0.0 0.0 0.0 0.0 0.0 0.0 0.0 0.0 0.0 0.0 0.0 0.0 0.0 0.0 0.0 0.0 0.0 0.0 0.0 0.0 0.0 0.0 0.0 0.0 0.0 0.0 0.0 0.0 0.0 0.0 0.0 0.0 0.0 0.0 0.0 0.0 0.0 0.0 0.0 0.0 0.0 0.0
10.864 11.261 11.658 10.702 9.727 8.752 7.777 6.802 5.827 5.022 4.915 4.808 4.701 4.594 4.487 4.381 4.274 4.167 4.06 4.007 3.999 3.991 3.983 3.975 3.967 3.959 3.951 3.943 3.935 3.701 3.344 2.987 2.63 2.273 1.917 1.572 1.32 1.068 0.816 0.565 0.313 0.061 0.0 0.0 0.0 0.0 0.0 0.0 0.0 0.0 0.0 0.0 0.0 0.0 0.0 0.0 0.0 0.0 0.0 0.0 0.0 0.0 0.0 0.0 0.0 0.0 0.0 0.0 0.0 0.0 0.0 0.0 0.0 0.0 0.0 0.0 0.0 0.0 0.0 0.0 0.0 0.0 0.0 0.0 0.0 0.0 0.0 0.0 0.0 0.0 0.0 0.0 0.0 0.0 0.0 0.0 0.0 0.0 0.0 0.0 0.0 0.0 0.0 0.0 0.0 0.0 0.0 0.0 0.0 0.0 0.0 0.0 0.0 0.0 0.0 0.0 0.0 0.0 0.0 0.0 0.0 0.0 0.0 0.0 0.0 0.0 0.0 0.0 0.0 0.0 0.0 0.0 0.0 0.0 0.0 0.0
12.072 12.469 12.864 11.889 10.914 9.939 8.964 7.989 7.014 6.039 5.41 5.303 5.196 5.089 4.982 4.875 4.768 4.661 4.554 4.503 4.495 4.487 4.479 4.471 4.463 4.455 4.447 4.439 4.257 3.9 3.543 3.186 2.829 2.473 2.116 1.773 1.521 1.269 1.017 0.765 0.513 0.262 0.01 0.0 0.0 0.0 0.0 0.0 0.0 0.0 0.0 0.0 0.0 0.0 0.0 0.0 0.0 0.0 0.0 0.0 0.0 0.0 0.0 0.0 0.0 0.0 0.0 0.0 0.0 0.0 0.0 0.0 0.0 0.0 0.0 0.0 0.0 0.0 0.0 0.0 0.0 0.0 0.0 0.0 0.0 0.0 0.0 0.0 0.0 0.0 0.0 0.0 0.0 0.0 0.0 0.0 0.0 0.0 0.0 0.0 0.0 0.0 0.0 0.0 0.0 0.0 0.0 0.0 0.0 0.0 0.0 0.0 0.0 0.0 0.0 0.0 0.0 0.0 0.0 0.0 0.0 0.0 0.0 0.0 0.0 0.0 0.0 0.0 0.0 0.0 0.0 0.0 0.0 0.0 0.0 0.0
13.281 13.678 14.051 13.076 12.101 11.126 10.151 9.176 8.201 7.226 6.251 5.797 5.69 5.584 5.477 5.37 5.263 5.156 5.049 5.0 4.992 4.984 4.976 4.968 4.96 4.952 4.944 4.813 4.456 4.099 3.742 3.385 3.029 2.672 2.315 1.973 1.722 1.47 1.218 0.966 0.714 0.462 0.211 0.0 0.0 0.0 0.0 0.0 0.0 0.0 0.0 0.0 0.0 0.0 0.0 0.0 0.0 0.0 0.0 0.0 0.0 0.0 0.0 0.0 0.0 0.0 0.0 0.0 0.0 0.0 0.0 0.0 0.0 0.0 0.0 0.0 0.0 0.0 0.0 0.0 0.0 0.0 0.0 0.0 0.0 0.0 0.0 0.0 0.0 0.0 0.0 0.0 0.0 0.0 0.0 0.0 0.0 0.0 0.0 0.0 0.0 0.0 0.0 0.0 0.0 0.0 0.0 0.0 0.0 0.0 0.0 0.0 0.0 0.0 0.0 0.0 0.0 0.0 0.0 0.0 0.0 0.0 0.0 0.0 0.0 0.0 0.0 0.0 0.0 0.0 0.0 0.0 0.0 0.0 0.0 0.0
14.49 14.887 15.238 14.263 13.288 12.313 11.338 10.364 9.389 8.414 7.439 6.464 6.185 6.078 5.971 5.864 5.757 5.65 5.544 5.496 5.488 5.48 5.472 5.464 5.456 5.448 5.369 5.012 4.655 4.298 3.941 3.585 3.228 2.871 2.514 2.174 1.922 1.671 1.419 1.167 0.915 0.663 0.411 0.159 0.0 0.0 0.0 0.0 0.0 0.0 0.0 0.0 0.0 0.0 0.0 0.0 0.0 0.0 0.0 0.0 0.0 0.0 0.0 0.0 0.0 0.0 0.0 0.0 0.0 0.0 0.0 0.0 0.0 0.0 0.0 0.0 0.0 0.0 0.0 0.0 0.0 0.0 0.0 0.0 0.0 0.0 0.0 0.0 0.0 0.0 0.0 0.0 0.0 0.0 0.0 0.0 0.0 0.0 0.0 0.0 0.0 0.0 0.0 0.0 0.0 0.0 0.0 0.0 0.0 0.0 0.0 0.0 0.0 0.0 0.0 0.0 0.0 0.0 0.0 0.0 0.0 0.0 0.0 0.0 0.0 0.0 0.0 0.0 0.0 0.0 0.0 0.0 0.0 0.0 0.0 0.0
15.699 16.096 16.426 15.451 14.476 13.501 12.526 11.551 10.576 9.601 8.626 7.651 6.68 6.573 6.466 6.359 6.252 6.145 6.038 5.992 5.984 5.976 5.968 5.96 5.952 5.925 5.568 5.211 4.854 4.497 4.141 3.784 3.427 3.07 2.713 2.375 2.123 1.871 1.619 1.368 1.116 0.864 0.612 0.36 0.108 0.0 0.0 0.0 0.0 0.0 0.0 0.0 0.0 0.0 0.0 0.0 0.0 0.0 0.0 0.0 0.0 0.0 0.0 0.0 0.0 0.0 0.0 0.0 0.0 0.0 0.0 0.0 0.0 0.0 0.0 0.0 0.0 0.0 0.0 0.0 0.0 0.0 0.0 0.0 0.0 0.0 0.0 0.0 0.0 0.0 0.0 0.0 0.0 0.0 0.0 0.0 0.0 0.0 0.0 0.0 0.0 0.0 0.0 0.0 0.0 0.0 0.0 0.0 0.0 0.0 0.0 0.0 0.0 0.0 0.0 0.0 0.0 0.0 0.0 0.0 0.0 0.0 0.0 0.0 0.0 0.0 0.0 0.0 0.0 0.0 0.0 0.0 0.0 0.0 0.0 0.0
16.908 17.305 17.613 16.638 15.663 14.688 13.713 12.738 11.763 10.788 9.813 8.838 7.863 7.067 6.96 6.854 6.747 6.64 6.533 6.488 6.48 6.472 6.464 6.456 6.448 6.124 5.767 5.41 5.053 4.697 4.34 3.983 3.626 3.269 2.912 2.576 2.324 2.072 1.82 1.568 1.317 1.065 0.813 0.561 0.309 0.057 0.0 0.0 0.0 0.0 0.0 0.0 0.0 0.0 0.0 0.0 0.0 0.0 0.0 0.0 0.0 0.0 0.0 0.0 0.0 0.0 0.0 0.0 0.0 0.0 0.0 0.0 0.0 0.0 0.0 0.0 0.0 0.0 0.0 0.0 0.0 0.0 0.0 0.0 0.0 0.0 0.0 0.0 0.0 0.0 0.0 0.0 0.0 0.0 0.0 0.0 0.0 0.0 0.0 0.0 0.0 0.0 0.0 0.0 0.0 0.0 0.0 0.0 0.0 0.0 0.0 0.0 0.0 0.0 0.0 0.0 0.0 0.0 0.0 0.0 0.0 0.0 0.0 0.0 0.0 0.0 0.0 0.0 0.0 0.0 0.0 0.0 0.0 0.0 0.0 0.0
18.117 18.514 18.8 17.825 16.85 15.875 14.9 13.925 12.95 11.975 11.0 10.025 9.05 8.075 7.455 7.348 7.241 7.134 7.027 6.984 6.976 6.968 6.96 6.952 6.68 6.323 5.966 5.609 5.253 4.896 4.539 4.182 3.825 3.468 3.111 2.777 2.525 2.273 2.021 1.769 1.517 1.265 1.014 0.762 0.51 0.258 0.006 0.0 0.0 0.0 0.0 0.0 0.0 0.0 0.0 0.0 0.0 0.0 0.0 0.0 0.0 0.0 0.0 0.0 0.0 0.0 0.0 0.0 0.0 0.0 0.0 0.0 0.0 0.0 0.0 0.0 0.0 0.0 0.0 0.0 0.0 0.0 0.0 0.0 0.0 0.0 0.0 0.0 0.0 0.0 0.0 0.0 0.0 0.0 0.0 0.0 0.0 0.0 0.0 0.0 0.0 0.0 0.0 0.0 0.0 0.0 0.0 0.0 0.0 0.0 0.0 0.0 0.0 0.0 0.0 0.0 0.0 0.0 0.0 0.0 0.0 0.0 0.0 0.0 0.0 0.0 0.0 0.0 0.0 0.0 0.0 0.0 0.0 0.0 0.0 0.0
19.326 19.723 19.987 19.012 18.037 17.062 16.087 15.112 14.137 13.162 12.187 11.212 10.237 9.262 8.287 7.843 7.736 7.629 7.522 7.481 7.473 7.465 7.456 7.236 6.879 6.522 6.165 5.809 5.452 5.095 4.738 4.381 4.024 3.667 3.31 2.977 2.725 2.474 2.222 1.97 1.718 1.466 1.214 0.962 0.711 0.459 0.207 0.0 0.0 0.0 0.0 0.0 0.0 0.0 0.0 0.0 0.0 0.0 0.0 0.0 0.0 0.0 0.0 0.0 0.0 0.0 0.0 0.0 0.0 0.0 0.0 0.0 0.0 0.0 0.0 0.0 0.0 0.0 0.0 0.0 0.0 0.0 0.0 0.0 0.0 0.0 0.0 0.0 0.0 0.0 0.0 0.0 0.0 0.0 0.0 0.0 0.0 0.0 0.0 0.0 0.0 0.0 0.0 0.0 0.0 0.0 0.0 0.0 0.0 0.0 0.0 0.0 0.0 0.0 0.0 0.0 0.0 0.0 0.0 0.0 0.0 0.0 0.0 0.0 0.0 0.0 0.0 0.0 0.0 0.0 0.0 0.0 0.0 0.0 0.0 0.0
20.535 20.932 21.174 20.199 19.224 18.249 17.274 16.299 15.324 14.349 13.374 12.399 11.424 10.449 9.474 8.499 8.23 8.123 8.017 7.977 7.969 7.961 7.792 7.435 7.078 6.721 6.365 6.008 5.651 5.294 4.937 4.58 4.223 3.866 3.509 3.178 2.926 2.674 2.423 2.171 1.919 1.667 1.415 1.163 0.911 0.66 0.408 0.156 0.0 0.0 0.0 0.0 0.0 0.0 0.0 0.0 0.0 0.0 0.0 0.0 0.0 0.0 0.0 0.0 0.0 0.0 0.0 0.0 0.0 0.0 0.0 0.0 0.0 0.0 0.0 0.0 0.0 0.0 0.0 0.0 0.0 0.0 0.0 0.0 0.0 0.0 0.0 0.0 0.0 0.0 0.0 0.0 0.0 0.0 0.0 0.0 0.0 0.0 0.0 0.0 0.0 0.0 0.0 0.0 0.0 0.0 0.0 0.0 0.0 0.0 0.0 0.0 0.0 0.0 0.0 0.0 0.0 0.0 0.0 0.0 0.0 0.0 0.0 0.0 0.0 0.0 0.0 0.0 0.0 0.0 0.0 0.0 0.0 0.0 0.0 0.0
21.744 22.141 22.361 21.386 20.411 19.436 18.461 17.486 16.511 15.536 14.561 13.586 12.611 11.636 10.661 9.686 8.725 8.618 8.511 8.473 8.465 8.348 7.991 7.634 7.277 6.921 6.564 6.207 5.85 5.493 5.136 4.779 4.422 4.065 3.708 3.379 3.127 2.875 2.623 2.371 2.12 1.868 1.616 1.364 1.112 0.86 0.608 0.357 0.105 0.0 0.0 0.0 0.0 0.0 0.0 0.0 0.0 0.0 0.0 0.0 0.0 0.0 0.0 0.0 0.0 0.0 0.0 0.0 0.0 0.0 0.0 0.0 0.0 0.0 0.0 0.0 0.0 0.0 0.0 0.0 0.0 0.0 0.0 0.0 0.0 0.0 0.0 0.0 0.0 0.0 0.0 0.0 0.0 0.0 0.0 0.0 0.0 0.0 0.0 0.0 0.0 0.0 0.0 0.0 0.0 0.0 0.0 0.0 0.0 0.0 0.0 0.0 0.0 0.0 0.0 0.0 0.0 0.0 0.0 0.0 0.0 0.0 0.0 0.0 0.0 0.0 0.0 0.0 0.0 0.0 0.0 0.0 0.0 0.0 0.0 0.0
22.952 23.35 23.548 22.573 21.598 20.623 19.648 18.673 17.698 16.723 15.748 14.773 13.798 12.823 11.848 10.873 9.898 9.113 9.006 8.969 8.904 8.547 8.19 7.833 7.477 7.12 6.763 6.406 6.049 5.692 5.335 4.978 4.621 4.264 3.907 3.58 3.328 3.076 2.824 2.572 2.32 2.069 1.817 1.565 1.313 1.061 0.809 0.557 0.306 0.054 0.0 0.0 0.0 0.0 0.0 0.0 0.0 0.0 0.0 0.0 0.0 0.0 0.0 0.0 0.0 0.0 0.0 0.0 0.0 0.0 0.0 0.0 0.0 0.0 0.0 0.0 0.0 0.0 0.0 0.0 0.0 0.0 0.0 0.0 0.0 0.0 0.0 0.0 0.0 0.0 0.0 0.0 0.0 0.0 0.0 0.0 0.0 0.0 0.0 0.0 0.0 0.0 0.0 0.0 0.0 0.0 0.0 0.0 0.0 0.0 0.0 0.0 0.0 0.0 0.0 0.0 0.0 0.0 0.0 0.0 0.0 0.0 0.0 0.0 0.0 0.0 0.0 0.0 0.0 0.0 0.0 0.0 0.0 0.0 0.0 0.0
24.161 24.558 24.735 23.76 22.785 21.81 20.835 19.86 18.885 17.91 16.935 15.96 14.985 14.01 13.035 12.06 11.085 10.11 9.5 9.46 9.103 8.746 8.389 8.033 7.676 7.319 6.962 6.605 6.248 5.891 5.534 5.177 4.82 4.463 4.106 3.78 3.529 3.277 3.025 2.773 2.521 2.269 2.017 1.766 1.514 1.262 1.01 0.758 0.506 0.254 0.003 0.0 0.0 0.0 0.0 0.0 0.0 0.0 0.0 0.0 0.0 0.0 0.0 0.0 0.0 0.0 0.0 0.0 0.0 0.0 0.0 0.0 0.0 0.0 0.0 0.0 0.0 0.0 0.0 0.0 0.0 0.0 0.0 0.0 0.0 0.0 0.0 0.0 0.0 0.0 0.0 0.0 0.0 0.0 0.0 0.0 0.0 0.0 0.0 0.0 0.0 0.0 0.0 0.0 0.0 0.0 0.0 0.0 0.0 0.0 0.0 0.0 0.0 0.0 0.0 0.0 0.0 0.0 0.0 0.0 0.0 0.0 0.0 0.0 0.0 0.0 0.0 0.0 0.0 0.0 0.0 0.0 0.0 0.0 0.0 0.0
25.206 25.609 25.362 24.409 23.456 22.503 21.55 20.597 19.644 18.691 17.738 16.785 15.832 14.879 13.926 12.973 12.02 11.067 10.114 9.768 9.398 9.028 8.658 8.288 7.918 7.549 7.179 6.809 6.447 6.09 5.733 5.376 5.019 4.662 4.305 3.981 3.729 3.477 3.226 2.974 2.722 2.47 2.218 1.966 1.714 1.463 1.211 0.959 0.707 0.455 0.203 0.0 0.0 0.0 0.0 0.0 0.0 0.0 0.0 0.0 0.0 0.0 0.0 0.0 0.0 0.0 0.0 0.0 0.0 0.0 0.0 0.0 0.0 0.0 0.0 0.0 0.0 0.0 0.0 0.0 0.0 0.0 0.0 0.0 0.0 0.0 0.0 0.0 0.0 0.0 0.0 0.0 0.0 0.0 0.0 0.0 0.0 0.0 0.0 0.0 0.0 0.0 0.0 0.0 0.0 0.0 0.0 0.0 0.0 0.0 0.0 0.0 0.0 0.0 0.0 0.0 0.0 0.0 0.0 0.0 0.0 0.0 0.0 0.0 0.0 0.0 0.0 0.0 0.0 0.0 0.0 0.0 0.0 0.0 0.0 0.0
26.04 26.0 25.174 24.221 23.268 22.315 21.362 20.409 19.456 18.503 17.55 16.597 15.644 14.691 13.738 12.785 11.832 10.879 11.129 10.813 10.395 10.026 9.656 9.286 8.916 8.546 8.176 7.807 7.437 7.067 6.697 6.327 5.957 5.587 5.218 4.882 4.617 4.352 4.088 3.823 3.558 3.293 3.028 2.763 2.498 2.233 1.968 1.703 1.439 1.174 0.909 0.35 0.02 0.019 0.019 0.018 0.018 0.017 0.016 0.016 0.015 0.015 0.014 0.014 0.013 0.013 0.012 0.012 0.011 0.01 0.01 0.009 0.009 0.008 0.008 0.007 0.007 0.006 0.006 0.005 0.004 0.004 0.003 0.003 0.005 0.005 0.003 0.002 0.0 0.0 0.0 0.0 0.0 0.0 0.0 0.0 0.0 0.0 0.0 0.0 0.0 0.0 0.0 0.0 0.0 0.0 0.0 0.0 0.0 0.0 0.0 0.0 0.0 0.0 0.0 0.0 0.0 0.0 0.0 0.0 0.0 0.0 0.0 0.0 0.0 0.0 0.0 0.0 0.0 0.0 0.0 0.0 0.0 0.0 0.0 0.0
26.609 25.814 24.986 24.033 23.08 22.127 21.174 20.221 19.268 18.315 17.362 16.409 15.456 14.503 13.55 12.597 11.644 11.645 12.369 12.031 11.393 11.023 10.653 10.284 9.914 9.544 9.174 8.804 8.434 8.064 7.695 7.325 6.955 6.585 6.215 5.882 5.617 5.352 5.087 4.822 4.557 4.292 4.027 3.762 3.497 3.233 2.968 2.703 2.438 2.173 1.721 0.735 0.234 0.052 0.051 0.051 0.05 0.05 0.049 0.049 0.048 0.048 0.047 0.047 0.046 0.045 0.045 0.044 0.044 0.043 0.043 0.042 0.042 0.041 0.041 0.04 0.039 0.039 0.038 0.038 0.037 0.037 0.036 0.036 0.063 0.098 0.097 0.095 0.094 0.092 0.09 0.089 0.087 0.086 0.084 0.083 0.081 0.079 0.078 0.076 0.075 0.096 0.095 0.093 0.091 0.088 0.086 0.084 0.082 0.08 0.078 0.076 0.074 0.072 0.069 0.067 0.065 0.063 0.061 0.059 0.057 0.054 0.052 0.05 0.048 0.046 0.044 0.042 0.039 0.037 0.035 0.033 0.031 0.029 0.023 0.021
26.424 25.629 24.798 23.845 22.892 21.939 20.986 20.033 19.08 18.127 17.174 16.221 15.268 14.315 13.362 12.409 12.16 12.885 13.609 13.249 12.603 12.021 11.651 11.281 10.911 10.541 10.172 9.802 9.432 9.062 8.692 8.322 7.953 7.583 7.213 6.881 6.616 6.351 6.086 5.821 5.556 5.292 5.027 4.762 4.497 4.232 3.967 3.702 3.437 3.092 2.106 1.121 0.628 0.174 0.084 0.084 0.083 0.083 0.082 0.082 0.081 0.081 0.08 0.079 0.079 0.078 0.078 0.077 0.077 0.076 0.076 0.075 0.075 0.074 0.073 0.073 0.072 0.072 0.071 0.071 0.07 0.07 0.069 0.091 0.121 0.164 0.19 0.189 0.187 0.186 0.184 0.182 0.181 0.179 0.178 0.176 0.175 0.173 0.171 0.17 0.168 0.19 0.219 0.217 0.215 0.213 0.211 0.209 0.206 0.204 0.202 0.2 0.198 0.196 0.194 0.192 0.189 0.187 0.185 0.183 0.181 0.179 0.177 0.174 0.172 0.17 0.168 0.166 0.164 0.162 0.159 0.157 0.155 0.151 0.135 0.128
26.239 25.444 24.611 23.658 22.705 21.752 20.799 19.846 18.893 17.94 16.987 16.034 15.081 14.128 13.175 12.676 13.4 14.125 14.849 14.467 13.821 13.175 12.649 12.279 11.909 11.539 11.169 10.799 10.43 10.06 9.69 9.32 8.95 8.58 8.211 7.88 7.615 7.35 7.086 6.821 6.556 6.291 6.026 5.761 5.496 5.231 4.966 4.701 4.437 3.477 2.492 1.506 1.022 0.568 0.117 0.117 0.116 0.116 0.115 0.114 0.114 0.113 0.113 0.112 0.112 0.111 0.111 0.11 0.11 0.109 0.108 0.108 0.107 0.107 0.106 0.106 0.105 0.105 0.104 0.104 0.103 0.102 0.12 0.149 0.179 0.222 0.265 0.282 0.281 0.279 0.278 0.276 0.274 0.273 0.271 0.27 0.268 0.267 0.265 0.263 0.262 0.284 0.32 0.341 0.339 0.337 0.335 0.333 0.331 0.329 0.326 0.324 0.322 0.32 0.318 0.316 0.314 0.312 0.309 0.307 0.305 0.303 0.301 0.299 0.297 0.294 0.292 0.29 0.288 0.286 0.284 0.282 0.278 0.274 0.257 0.236
26.053 25.258 24.423 23.47 22.517 21.564 20.611 19.658 18.705 17.752 16.799 15.846 14.893 13.94 13.192 13.916 14.64 15.365 16.089 15.685 15.039 14.393 13.747 13.276 12.907 12.537 12.167 11.797 11.427 11.057 10.688 10.318 9.948 9.578 9.208 8.88 8.615 8.35 8.085 7.82 7.555 7.29 7.025 6.76 6.496 6.231 5.966 5.701 4.848 3.863 2.877 1.891 1.416 0.962 0.509 0.149 0.149 0.148 0.148 0.147 0.147 0.146 0.146 0.145 0.145 0.144 0.143 0.143 0.142 0.142 0.141 0.141 0.14 0.14 0.139 0.139 0.138 0.137 0.137 0.136 0.136 0.15 0.178 0.207 0.236 0.28 0.323 0.366 0.374 0.373 0.371 0.37 0.368 0.367 0.365 0.363 0.362 0.36 0.359 0.357 0.355 0.378 0.414 0.45 0.463 0.461 0.459 0.457 0.455 0.453 0.451 0.449 0.446 0.444 0.442 0.44 0.438 0.436 0.434 0.432 0.429 0.427 0.425 0.423 0.421 0.419 0.417 0.414 0.412 0.41 0.408 0.405 0.401 0.396 0.379 0.358
25.868 25.073 24.235 23.282 22.329 21.376 20.423 19.47 18.517 17.564 16.611 15.658 14.705 13.752 14.432 15.156 15.88 16.605 17.329 16.903 16.257 15.611 14.965 14.318 13.904 13.534 13.165 12.795 12.425 12.055 11.685 11.315 10.945 10.576 10.206 9.879 9.614 9.349 9.084 8.819 8.554 8.29 8.025 7.76 7.495 7.23 6.965 6.22 5.234 4.248 3.262 2.276 1.81 1.356 0.903 0.449 0.182 0.181 0.181 0.18 0.18 0.179 0.179 0.178 0.177 0.177 0.176 0.176 0.175 0.175 0.174 0.174 0.173 0.173 0.172 0.171 0.171 0.17 0.17 0.169 0.179 0.207 0.236 0.264 0.294 0.338 0.381 0.424 0.468 0.466 0.465 0.463 0.462 0.46 0.459 0.457 0.455 0.454 0.452 0.451 0.449 0.473 0.508 0.544 0.58 0.586 0.583 0.581 0.579 0.577 0.575 0.573 0.571 0.569 0.567 0.564 0.562 0.56 0.558 0.556 0.554 0.552 0.549 0.547 0.545 0.543 0.541 0.539 0.537 0.534 0.532 0.527 0.523 0.519 0.501 0.481
25.683 24.888 24.047 23.094 22.141 21.188 20.235 19.282 18.329 17.376 16.423 15.47 14.517 14.947 15.672 16.396 17.12 17.845 18.569 18.121 17.475 16.829 16.182 15.536 14.902 14.532 14.162 13.792 13.422 13.053 12.683 12.313 11.943 11.573 11.203 10.878 10.613 10.349 10.084 9.819 9.554 9.289 9.024 8.759 8.494 8.229 7.591 6.605 5.619 4.633 3.647 2.662 2.204 1.75 1.297 0.843 0.389 0.214 0.214 0.213 0.212 0.212 0.211 0.211 0.21 0.21 0.209 0.209 0.208 0.208 0.207 0.206 0.206 0.205 0.205 0.204 0.204 0.203 0.203 0.208 0.236 0.265 0.293 0.322 0.352 0.395 0.439 0.482 0.525 0.56 0.558 0.557 0.555 0.554 0.552 0.551 0.549 0.547 0.546 0.544 0.543 0.567 0.603 0.638 0.674 0.709 0.708 0.706 0.704 0.701 0.699 0.697 0.695 0.693 0.691 0.689 0.687 0.684 0.682 0.68 0.678 0.676 0.674 0.672 0.669 0.667 0.665 0.663 0.661 0.658 0.654 0.65 0.645 0.641 0.623 0.603
25.497 24.702 23.859 22.906 21.953 21.0 20.047 19.094 18.141 17.188 16.235 15.282 15.463 16.187 16.912 17.636 18.36 19.085 19.809 19.339 18.693 18.047 17.4 16.754 16.108 15.53 15.16 14.79 14.42 14.05 13.68 13.311 12.941 12.571 12.201 11.878 11.613 11.348 11.083 10.818 10.553 10.288 10.023 9.758 9.494 8.962 7.976 6.99 6.004 5.018 4.033 3.052 2.598 2.144 1.69 1.237 0.783 0.329 0.246 0.246 0.245 0.245 0.244 0.244 0.243 0.243 0.242 0.242 0.241 0.24 0.24 0.239 0.239 0.238 0.238 0.237 0.237 0.236 0.237 0.265 0.294 0.322 0.351 0.379 0.41 0.453 0.497 0.54 0.583 0.627 0.652 0.65 0.649 0.647 0.646 0.644 0.643 0.641 0.639 0.638 0.636 0.661 0.697 0.732 0.768 0.804 0.832 0.83 0.828 0.826 0.824 0.821 0.819 0.817 0.815 0.813 0.811 0.809 0.807 0.804 0.802 0.8 0.798 0.796 0.794 0.792 0.789 0.787 0.785 0.781 0.776 0.772 0.768 0.764 0.745 0.725
25.312 24.517 23.671 22.718 21.765 20.812 19.859 18.906 17.953 17.0 16.047 15.979 16.703 17.427 18.152 18.876 19.6 20.325 21.049 20.557 19.911 19.265 18.618 17.972 17.326 16.68 16.157 15.788 15.418 15.048 14.678 14.308 13.938 13.569 13.199 12.877 12.612 12.347 12.082 11.817 11.552 11.288 11.023 10.758 10.333 9.347 8.361 7.375 6.389 5.404 4.418 3.446 2.992 2.538 2.084 1.631 1.177 0.723 0.279 0.279 0.278 0.278 0.277 0.277 0.276 0.275 0.275 0.274 0.274 0.273 0.273 0.272 0.272 0.271 0.271 0.27 0.269 0.269 0.295 0.323 0.351 0.38 0.408 0.437 0.468 0.511 0.554 0.598 0.641 0.684 0.728 0.744 0.743 0.741 0.739 0.738 0.736 0.735 0.733 0.731 0.73 0.755 0.791 0.827 0.862 0.898 0.934 0.954 0.952 0.95 0.948 0.946 0.944 0.941 0.939 0.937 0.935 0.933 0.931 0.929 0.927 0.924 0.922 0.92 0.918 0.916 0.914 0.912 0.907 0.903 0.899 0.895 0.89 0.886 0.868 0.847
25.127 24.332 23.484 22.531 21.578 20.625 19.672 18.718 17.765 16.812 16.494 17.219 17.943 18.667 19.392 20.116 20.84 21.565 22.289 21.775 21.129 20.483 19.836 19.19 18.544 17.898 17.251 16.785 16.415 16.046 15.676 15.306 14.936 14.566 14.196 13.876 13.611 13.347 13.082 12.817 12.552 12.287 12.022 11.704 10.718 9.732 8.746 7.76 6.775 5.789 4.803 3.84 3.386 2.932 2.478 2.025 1.571 1.117 0.663 0.312 0.311 0.31 0.31 0.309 0.309 0.308 0.308 0.307 0.307 0.306 0.306 0.305 0.304 0.304 0.303 0.303 0.302 0.324 0.352 0.381 0.409 0.438 0.466 0.494 0.526 0.569 0.612 0.656 0.699 0.742 0.786 0.829 0.836 0.835 0.833 0.831 0.83 0.828 0.827 0.825 0.823 0.85 0.885 0.921 0.957 0.992 1.028 1.063 1.076 1.074 1.072 1.07 1.068 1.066 1.064 1.062 1.059 1.057 1.055 1.053 1.051 1.049 1.047 1.044 1.042 1.04 1.038 1.034 1.03 1.026 1.021 1.017 1.013 1.008 0.99 0.969
24.941 24.146 23.296 22.343 21.39 20.437 19.484 18.531 17.578 17.01 17.734 18.459 19.183 19.907 20.632 21.356 22.08 22.805 23.529 22.993 22.347 21.701 21.054 20.408 19.762 19.116 18.469 17.823 17.413 17.043 16.673 16.303 15.934 15.564 15.194 14.876 14.611 14.346 14.081 13.816 13.551 13.286 13.021 12.089 11.103 10.117 9.131 8.146 7.16 6.174 5.188 4.234 3.78 3.326 2.872 2.419 1.965 1.511 1.057 0.603 0.344 0.343 0.343 0.342 0.342 0.341 0.341 0.34 0.34 0.339 0.338 0.338 0.337 0.337 0.336 0.336 0.353 0.381 0.41 0.438 0.467 0.495 0.524 0.552 0.583 0.627 0.67 0.713 0.757 0.8 0.843 0.887 0.93 0.928 0.927 0.925 0.923 0.922 0.92 0.919 0.917 0.944 0.979 1.015 1.051 1.086 1.122 1.158 1.193 1.199 1.196 1.194 1.192 1.19 1.188 1.186 1.184 1.182 1.179 1.177 1.175 1.173 1.171 1.169 1.167 1.164 1.161 1.157 1.152 1.148 1.144 1.139 1.135 1.131 1.112 1.091
24.756 23.961 23.108 22.155 21.202 20.249 19.296 18.343 17.526 18.25 18.974 19.699 20.423 21.147 21.872 22.596 23.32 24.045 24.769 24.211 23.565 22.919 22.272 21.626 20.98 20.334 19.687 19.041 18.411 18.041 17.671 17.301 16.931 16.561 16.192 15.875 15.61 15.345 15.08 14.815 14.55 14.286 13.46 12.474 11.488 10.502 9.517 8.531 7.545 6.559 5.573 4.628 4.174 3.72 3.266 2.813 2.359 1.905 1.451 0.997 0.543 0.376 0.376 0.375 0.375 0.374 0.373 0.373 0.372 0.372 0.371 0.371 0.37 0.37 0.369 0.382 0.41 0.439 0.467 0.496 0.524 0.553 0.581 0.61 0.641 0.685 0.728 0.771 0.815 0.858 0.901 0.945 0.988 1.022 1.02 1.019 1.017 1.015 1.014 1.012 1.011 1.038 1.074 1.109 1.145 1.181 1.216 1.252 1.288 1.323 1.321 1.319 1.316 1.314 1.312 1.31 1.308 1.306 1.304 1.302 1.299 1.297 1.295 1.293 1.291 1.288 1.283 1.279 1.275 1.27 1.266 1.262 1.258 1.253 1.234 1.213
24.571 23.776 22.92 21.967 21.014 20.061 19.108 18.155 18.766 19.49 20.214 20.939 21.663 22.387 23.112 23.836 24.56 25.285 26.009 25.429 24.783 24.137 23.49 22.844 22.198 21.551 20.905 20.259 19.613 19.038 18.669 18.299 17.929 17.559 17.189 16.874 16.609 16.345 16.08 15.815 15.55 14.831 13.845 12.859 11.874 10.888 9.902 8.916 7.93 6.945 5.959 5.022 4.568 4.114 3.66 3.207 2.753 2.299 1.845 1.391 0.937 0.484 0.409 0.408 0.407 0.407 0.406 0.406 0.405 0.405 0.404 0.404 0.403 0.403 0.411 0.439 0.468 0.496 0.525 0.553 0.582 0.61 0.639 0.667 0.699 0.742 0.786 0.829 0.872 0.916 0.959 1.003 1.046 1.089 1.114 1.112 1.111 1.109 1.107 1.106 1.104 1.132 1.168 1.204 1.239 1.275 1.31 1.346 1.382 1.417 1.445 1.443 1.441 1.439 1.436 1.434 1.432 1.43 1.428 1.426 1.424 1.422 1.419 1.417 1.414 1.41 1.406 1.402 1.397 1.393 1.389 1.384 1.38 1.376 1.356 1.336
24.385 23.59 22.732 21.779 20.826 19.873 18.92 19.281 20.006 20.73 21.454 22.179 22.903 23.627 24.352 25.076 25.8 26.525 27.249 26.647 26.001 25.354 24.708 24.062 23.416 22.769 22.123 21.477 20.831 20.184 19.666 19.296 18.927 18.557 18.187 17.874 17.609 17.344 17.079 16.814 16.202 15.216 14.23 13.245 12.259 11.273 10.287 9.301 8.316 7.33 6.344 5.416 4.962 4.508 4.054 3.6 3.147 2.693 2.239 1.785 1.331 0.878 0.441 0.441 0.44 0.44 0.439 0.439 0.438 0.438 0.437 0.436 0.436 0.44 0.469 0.497 0.526 0.554 0.582 0.611 0.639 0.668 0.696 0.725 0.757 0.8 0.844 0.887 0.93 0.974 1.017 1.06 1.104 1.147 1.19 1.206 1.204 1.203 1.201 1.199 1.198 1.227 1.262 1.298 1.333 1.369 1.405 1.44 1.476 1.512 1.547 1.567 1.565 1.563 1.561 1.559 1.557 1.554 1.552 1.55 1.548 1.546 1.544 1.541 1.537 1.533 1.528 1.524 1.52 1.515 1.511 1.507 1.502 1.498 1.478 1.458
24.2 23.405 22.544 21.591 20.638 19.685 19.797 20.521 21.246 21.97 22.694 23.419 24.143 24.867 25.592 26.316 27.04 27.765 28.489 27.865 27.219 26.572 25.926 25.28 24.634 23.987 23.341 22.695 22.049 21.402 20.756 20.294 19.924 19.554 19.184 18.873 18.608 18.343 18.078 17.573 16.587 15.601 14.616 13.63 12.644 11.658 10.672 9.687 8.701 7.715 6.729 5.81 5.356 4.902 4.448 3.994 3.541 3.087 2.633 2.179 1.725 1.272 0.818 0.474 0.473 0.473 0.472 0.471 0.471 0.47 0.47 0.469 0.469 0.498 0.526 0.555 0.583 0.612 0.64 0.669 0.697 0.726 0.754 0.782 0.815 0.858 0.901 0.945 0.988 1.032 1.075 1.118 1.162 1.205 1.248 1.292 1.298 1.296 1.295 1.293 1.291 1.321 1.356 1.392 1.428 1.463 1.499 1.535 1.57 1.606 1.642 1.677 1.689 1.687 1.685 1.683 1.681 1.679 1.677 1.674 1.672 1.67 1.668 1.664 1.659 1.655 1.651 1.646 1.642 1.638 1.633 1.629 1.625 1.621 1.601 1.58
24.015 23.22 22.356 21.403 20.45 20.313 21.037 21.761 22.486 23.21 23.934 24.659 25.383 26.107 26.832 27.556 28.28 29.005 29.729 29.083 28.437 27.79 27.144 26.498 25.852 25.205 24.559 23.913 23.267 22.62 21.974 21.328 20.922 20.552 20.182 19.872 19.607 19.343 18.944 17.958 16.972 15.987 15.001 14.015 13.029 12.043 11.058 10.072 9.086 8.1 7.114 6.204 5.75 5.296 4.842 4.388 3.935 3.481 3.027 2.573 2.119 1.666 1.212 0.758 0.506 0.505 0.505 0.504 0.504 0.503 0.503 0.502 0.527 0.555 0.584 0.612 0.641 0.669 0.698 0.726 0.755 0.783 0.812 0.84 0.873 0.916 0.959 1.003 1.046 1.089 1.133 1.176 1.219 1.263 1.306 1.349 1.391 1.39 1.388 1.387 1.385 1.415 1.451 1.486 1.522 1.558 1.593 1.629 1.664 1.7 1.736 1.771 1.807 1.811 1.809 1.807 1.805 1.803 1.801 1.799 1.797 1.794 1.79 1.786 1.782 1.777 1.773 1.769 1.765 1.76 1.756 1.752 1.747 1.743 1.723 1.702
23.829 23.034 22.169 21.216 20.828 21.553 22.277 23.001 23.726 24.45 25.174 25.899 26.623 27.347 28.072 28.796 29.52 30.245 30.947 30.301 29.655 29.008 28.362 27.716 27.07 26.423 25.777 25.131 24.485 23.838 23.192 22.546 21.919 21.55 21.18 20.872 20.607 20.315 19.329 18.343 17.358 16.372 15.386 14.4 13.414 12.429 11.443 10.457 9.471 8.485 7.5 6.598 6.144 5.69 5.236 4.782 4.329 3.875 3.421 2.967 2.513 2.059 1.606 1.152 0.698 0.538 0.538 0.537 0.537 0.536 0.536 0.556 0.584 0.613 0.641 0.67 0.698 0.727 0.755 0.784 0.812 0.841 0.869 0.898 0.93 0.974 1.017 1.061 1.104 1.147 1.191 1.234 1.277 1.321 1.364 1.407 1.451 1.483 1.482 1.48 1.479 1.509 1.545 1.581 1.616 1.652 1.687 1.723 1.759 1.794 1.83 1.866 1.901 1.936 1.934 1.931 1.929 1.927 1.925 1.923 1.921 1.917 1.913 1.908 1.904 1.9 1.896 1.891 1.887 1.883 1.878 1.874 1.87 1.865 1.845 1.824
23.644 22.849 21.981 21.344 22.068 22.793 23.517 24.241 24.966 25.69 26.414 27.139 27.863 28.587 29.312 30.036 30.76 31.485 32.165 31.519 30.873 30.226 29.58 28.934 28.288 27.641 26.995 26.349 25.703 25.056 24.41 23.764 23.117 22.547 22.177 21.871 21.606 20.7 19.714 18.729 17.743 16.757 15.771 14.785 13.8 12.814 11.828 10.842 9.856 8.871 7.885 6.992 6.538 6.084 5.63 5.176 4.723 4.269 3.815 3.361 2.907 2.453 2.0 1.546 1.092 0.638 0.571 0.57 0.57 0.569 0.585 0.614 0.642 0.671 0.699 0.727 0.756 0.784 0.813 0.841 0.87 0.898 0.927 0.955 0.988 1.032 1.075 1.118 1.162 1.205 1.248 1.292 1.335 1.378 1.422 1.465 1.508 1.552 1.575 1.574 1.572 1.603 1.639 1.675 1.71 1.746 1.782 1.817 1.853 1.889 1.924 1.96 1.996 2.031 2.058 2.056 2.054 2.051 2.049 2.047 2.044 2.04 2.035 2.031 2.027 2.022 2.018 2.014 2.009 2.005 2.001 1.996 1.992 1.988 1.967 1.946
23.459 22.664 21.86 22.584 23.308 24.033 24.757 25.481 26.206 26.93 27.654 28.379 29.103 29.827 30.552 31.276 32.0 32.725 33.383 32.737 32.091 31.444 30.798 30.152 29.506 28.859 28.213 27.567 26.921 26.274 25.628 24.982 24.335 23.689 23.175 22.87 22.071 21.085 20.1 19.114 18.128 17.142 16.156 15.171 14.185 13.199 12.213 11.227 10.242 9.256 8.27 7.386 6.932 6.478 6.024 5.57 5.117 4.663 4.209 3.755 3.301 2.847 2.394 1.94 1.486 1.032 0.603 0.603 0.602 0.614 0.643 0.671 0.7 0.728 0.757 0.785 0.814 0.842 0.87 0.899 0.927 0.956 0.984 1.013 1.046 1.09 1.133 1.176 1.22 1.263 1.306 1.35 1.393 1.436 1.48 1.523 1.566 1.61 1.653 1.667 1.666 1.698 1.733 1.769 1.805 1.84 1.876 1.912 1.947 1.983 2.018 2.054 2.09 2.125 2.161 2.18 2.178 2.176 2.174 2.171 2.166 2.162 2.158 2.153 2.149 2.145 2.14 2.136 2.132 2.128 2.123 2.119 2.115 2.11 2.089 2.069
23.414 22.614 22.577 23.319 24.061 24.804 25.546 26.288 27.03 27.773 28.515 29.257 29.999 30.741 31.484 32.226 32.968 33.71 34.317 33.639 33.019 32.399 31.778 31.158 30.538 29.918 29.298 28.678 28.058 27.438 26.818 26.198 25.553 24.907 24.261 23.442 22.456 21.471 20.485 19.499 18.513 17.527 16.542 15.556 14.57 13.584 12.599 11.613 10.627 9.641 8.655 7.78 7.326 6.872 6.418 5.964 5.511 5.057 4.603 4.149 3.695 3.241 2.788 2.334 1.88 1.426 0.972 0.636 0.643 0.672 0.7 0.729 0.757 0.786 0.814 0.843 0.871 0.9 0.928 0.957 0.985 1.013 1.042 1.07 1.104 1.147 1.191 1.234 1.277 1.321 1.364 1.407 1.451 1.494 1.537 1.581 1.624 1.667 1.711 1.754 1.76 1.792 1.828 1.863 1.899 1.935 1.97 2.006 2.041 2.077 2.113 2.148 2.184 2.22 2.255 2.291 2.302 2.3 2.297 2.293 2.289 2.284 2.28 2.276 2.271 2.267 2.263 2.259 2.254 2.25 2.246 2.241 2.237 2.232 2.211 2.191
23.51 22.711 22.698 23.44 24.182 24.925 25.667 26.409 27.151 27.894 28.636 29.378 30.12 30.862 31.605 32.347 33.089 33.824 34.344 33.237 32.617 31.997 31.377 30.757 30.137 29.516 28.896 28.276 27.656 27.036 26.416 25.796 25.176 24.556 23.936 23.085 22.112 21.14 20.167 19.194 18.221 17.248 16.275 15.303 14.33 13.357 12.384 11.411 10.438 9.466 8.493 8.2 7.993 7.532 7.072 6.611 6.15 5.689 5.229 4.768 4.307 3.847 3.386 2.925 2.465 2.004 1.543 1.083 1.0 1.016 1.031 1.047 1.063 1.079 1.094 1.11 1.126 1.142 1.158 1.173 1.189 1.205 1.221 1.237 1.255 1.286 1.317 1.348 1.379 1.409 1.44 1.471 1.509 1.552 1.595 1.639 1.682 1.725 1.769 1.812 1.853 1.886 1.922 1.957 1.993 2.029 2.064 2.1 2.136 2.171 2.207 2.243 2.278 2.314 2.349 2.385 2.421 2.424 2.42 2.415 2.411 2.407 2.403 2.398 2.394 2.39 2.385 2.381 2.377 2.372 2.368 2.364 2.359 2.354 2.333 2.313
23.607 22.807 22.819 23.561 24.303 25.046 25.788 26.53 27.272 28.014 28.757 29.499 30.241 30.983 31.726 32.468 33.21 33.88 34.371 33.213 32.215 31.595 30.975 30.355 29.735 29.115 28.495 27.875 27.254 26.634 26.014 25.394 24.774 24.154 23.534 22.678 21.705 20.732 19.759 18.786 17.813 16.841 15.868 14.895 13.922 12.949 11.976 11.004 10.031 9.058 8.53 8.392 8.705 8.341 7.88 7.42 6.959 6.498 6.038 5.577 5.116 4.656 4.195 3.734 3.274 2.813 2.352 1.892 1.817 1.832 1.848 1.864 1.88 1.896 1.911 1.927 1.943 1.959 1.974 1.99 2.006 2.022 2.038 2.046 2.053 2.084 2.115 2.146 2.176 2.207 2.238 2.269 2.3 2.331 2.361 2.392 2.423 2.454 2.485 2.516 2.141 2.141 2.174 2.206 2.238 2.271 2.303 2.336 2.368 2.4 2.433 2.465 2.497 2.53 2.562 2.594 2.627 2.754 2.743 2.732 2.722 2.711 2.7 2.69 2.679 2.669 2.658 2.647 2.637 2.626 2.616 2.605 2.594 2.582 2.555 2.528
23.703 22.904 22.94 23.682 24.424 25.167 25.909 26.651 27.393 28.135 28.878 29.62 30.362 31.104 31.847 32.589 33.271 33.937 34.398 33.24 32.082 31.193 30.573 29.953 29.333 28.713 28.093 27.473 26.853 26.233 25.613 24.992 24.372 23.752 23.132 22.27 21.297 20.324 19.352 18.379 17.406 16.433 15.46 14.487 13.515 12.542 11.569 10.596 9.623 8.992 8.712 8.585 8.898 9.15 8.689 8.229 7.768 7.307 6.847 6.386 5.925 5.465 5.004 4.543 4.083 3.622 3.161 2.701 2.633 2.649 2.665 2.681 2.697 2.712 2.728 2.744 2.76 2.776 2.791 2.807 2.823 2.839 2.85 2.843 2.851 2.882 2.912 2.943 2.974 3.005 3.036 3.067 3.098 3.128 3.159 3.19 3.221 3.252 3.283 2.998 2.416 2.427 2.46 2.492 2.525 2.557 2.589 2.622 2.654 2.686 2.719 2.751 2.783 2.816 2.848 2.881 3.009 3.143 3.231 3.221 3.21 3.2 3.189 3.178 3.168 3.157 3.147 3.136 3.125 3.115 3.104 3.093 3.083 3.07 3.044 3.017
23.8 23.0 23.061 23.803 24.545 25.288 26.03 26.772 27.514 28.256 28.999 29.741 30.483 31.225 31.968 32.661 33.327 33.993 34.424 33.266 32.109 30.951 30.171 29.551 28.931 28.311 27.691 27.071 26.451 25.831 25.211 24.591 23.971 23.351 22.73 21.863 20.89 19.917 18.944 17.971 16.998 16.026 15.053 14.08 13.107 12.134 11.161 10.189 9.455 9.175 8.895 8.777 9.09 9.404 9.498 9.038 8.577 8.116 7.656 7.195 6.734 6.274 5.813 5.352 4.891 4.431 3.97 3.509 3.45 3.466 3.482 3.498 3.513 3.529 3.545 3.561 3.577 3.592 3.608 3.624 3.64 3.655 3.647 3.64 3.649 3.679 3.71 3.741 3.772 3.803 3.834 3.864 3.895 3.926 3.957 3.988 4.019 4.05 3.855 3.274 2.692 2.714 2.746 2.778 2.811 2.843 2.875 2.908 2.94 2.972 3.005 3.037 3.07 3.102 3.134 3.246 3.392 3.525 3.648 3.709 3.699 3.688 3.677 3.667 3.656 3.646 3.635 3.624 3.614 3.603 3.593 3.582 3.571 3.559 3.532 3.505
23.896 23.097 23.182 23.924 24.666 25.409 26.151 26.893 27.635 28.377 29.12 29.862 30.604 31.346 32.051 32.717 33.383 34.049 34.451 33.293 32.135 30.977 29.82 29.149 28.529 27.909 27.289 26.669 26.049 25.429 24.809 24.189 23.569 22.949 22.329 21.455 20.482 19.509 18.537 17.564 16.591 15.618 14.645 13.672 12.7 11.727 10.754 9.917 9.637 9.358 9.078 8.969 9.283 9.596 9.909 9.846 9.386 8.925 8.464 8.004 7.543 7.082 6.622 6.161 5.7 5.24 4.779 4.318 4.267 4.283 4.299 4.314 4.33 4.346 4.362 4.378 4.393 4.409 4.425 4.441 4.457 4.452 4.445 4.437 4.446 4.477 4.508 4.539 4.57 4.601 4.631 4.662 4.693 4.724 4.755 4.786 4.817 4.712 4.131 3.549 2.968 3.0 3.032 3.064 3.097 3.129 3.161 3.194 3.226 3.259 3.291 3.323 3.356 3.388 3.484 3.629 3.774 3.907 4.03 4.153 4.187 4.177 4.166 4.155 4.145 4.134 4.124 4.113 4.102 4.092 4.081 4.07 4.06 4.047 4.02 3.993
23.993 23.193 23.303 24.045 24.787 25.53 26.272 27.014 27.756 28.498 29.241 29.983 30.725 31.441 32.107 32.773 33.439 34.105 34.478 33.32 32.162 31.004 29.846 28.748 28.128 27.508 26.887 26.267 25.647 25.027 24.407 23.787 23.167 22.547 21.927 21.048 20.075 19.102 18.129 17.156 16.183 15.211 14.238 13.265 12.292 11.319 10.38 10.1 9.82 9.54 9.26 9.162 9.475 9.788 10.102 10.415 10.195 9.734 9.273 8.813 8.352 7.891 7.431 6.97 6.509 6.049 5.588 5.127 5.084 5.1 5.116 5.131 5.147 5.163 5.179 5.194 5.21 5.226 5.242 5.258 5.256 5.249 5.242 5.234 5.244 5.275 5.306 5.337 5.368 5.398 5.429 5.46 5.491 5.522 5.553 5.583 5.57 4.988 4.406 3.825 3.253 3.286 3.318 3.35 3.383 3.415 3.447 3.48 3.512 3.545 3.577 3.609 3.642 3.721 3.866 4.011 4.157 4.289 4.412 4.535 4.659 4.665 4.654 4.644 4.633 4.623 4.612 4.601 4.591 4.58 4.57 4.559 4.548 4.535 4.508 4.481
24.089 23.29 23.424 24.166 24.908 25.65 26.393 27.135 27.877 28.619 29.362 30.104 30.831 31.497 32.163 32.829 33.495 34.161 34.505 33.347 32.189 31.031 29.873 28.715 27.726 27.106 26.486 25.866 25.246 24.625 24.005 23.385 22.765 22.145 21.525 20.64 19.667 18.694 17.722 16.749 15.776 14.803 13.83 12.857 11.885 10.912 10.563 10.283 10.003 9.723 9.443 9.354 9.668 9.981 10.294 10.608 10.921 10.543 10.082 9.622 9.161 8.7 8.24 7.779 7.318 6.858 6.397 5.936 5.901 5.917 5.932 5.948 5.964 5.98 5.995 6.011 6.027 6.043 6.059 6.061 6.054 6.046 6.039 6.032 6.042 6.073 6.104 6.134 6.165 6.196 6.227 6.258 6.289 6.32 6.35 6.381 5.845 5.264 4.682 4.101 3.539 3.572 3.604 3.636 3.669 3.701 3.734 3.766 3.798 3.831 3.863 3.895 3.958 4.103 4.249 4.394 4.539 4.671 4.794 4.918 5.041 5.154 5.143 5.132 5.122 5.111 5.1 5.09 5.079 5.069 5.058 5.047 5.037 5.023 4.996 4.969
24.186 23.386 23.545 24.287 25.029 25.771 26.514 27.256 27.998 28.74 29.483 30.221 30.887 31.553 32.219 32.885 33.551 34.218 34.532 33.374 32.216 31.058 29.9 28.742 27.584 26.704 26.084 25.464 24.844 24.224 23.604 22.984 22.363 21.743 21.123 20.232 19.26 18.287 17.314 16.341 15.368 14.395 13.423 12.45 11.477 11.025 10.745 10.465 10.185 9.906 9.626 9.547 9.86 10.173 10.487 10.8 11.113 11.352 10.891 10.431 9.97 9.509 9.048 8.588 8.127 7.666 7.206 6.745 6.718 6.733 6.749 6.765 6.781 6.797 6.812 6.828 6.844 6.86 6.865 6.858 6.851 6.843 6.836 6.829 6.84 6.871 6.901 6.932 6.963 6.994 7.025 7.056 7.086 7.117 7.148 6.702 6.121 5.539 4.958 4.376 3.825 3.858 3.89 3.923 3.955 3.987 4.02 4.052 4.084 4.117 4.149 4.195 4.34 4.486 4.631 4.776 4.922 5.053 5.177 5.3 5.423 5.546 5.631 5.621 5.61 5.6 5.589 5.578 5.568 5.557 5.547 5.536 5.525 5.512 5.485 5.458
24.282 23.482 23.666 24.408 25.15 25.892 26.635 27.377 28.119 28.861 29.604 30.277 30.943 31.609 32.275 32.942 33.608 34.274 34.559 33.401 32.243 31.085 29.927 28.769 27.611 26.453 25.682 25.062 24.442 23.822 23.202 22.582 21.962 21.342 20.722 19.825 18.852 17.879 16.906 15.934 14.961 13.988 13.015 12.042 11.488 11.208 10.928 10.648 10.368 10.088 9.808 9.739 10.052 10.366 10.679 10.992 11.306 11.619 11.7 11.239 10.779 10.318 9.857 9.397 8.936 8.475 8.015 7.554 7.534 7.55 7.566 7.582 7.598 7.613 7.629 7.645 7.661 7.67 7.662 7.655 7.648 7.64 7.633 7.626 7.637 7.668 7.699 7.73 7.761 7.792 7.823 7.853 7.884 7.915 7.56 6.978 6.396 5.815 5.233 4.652 4.112 4.144 4.176 4.209 4.241 4.273 4.306 4.338 4.37 4.403 4.435 4.577 4.723 4.868 5.013 5.159 5.304 5.435 5.559 5.682 5.805 5.928 6.051 6.109 6.099 6.088 6.077 6.067 6.056 6.046 6.035 6.024 6.014 6.0 5.973 5.946
24.379 23.579 23.787 24.529 25.271 26.013 26.756 27.498 28.24 28.982 29.667 30.333 30.999 31.666 32.332 32.998 33.664 34.33 34.586 33.428 32.27 31.112 29.954 28.796 27.638 26.48 25.322 24.66 24.04 23.42 22.8 22.18 21.56 20.94 20.32 19.417 18.445 17.472 16.499 15.526 14.553 13.58 12.608 11.95 11.67 11.39 11.111 10.831 10.551 10.271 9.991 9.931 10.245 10.558 10.871 11.185 11.498 11.811 12.125 12.048 11.588 11.127 10.666 10.206 9.745 9.284 8.824 8.363 8.351 8.367 8.383 8.399 8.414 8.43 8.446 8.462 8.474 8.467 8.46 8.452 8.445 8.438 8.43 8.423 8.435 8.466 8.497 8.528 8.559 8.589 8.62 8.651 8.682 8.417 7.835 7.254 6.672 6.091 5.509 4.928 4.398 4.43 4.462 4.495 4.527 4.559 4.592 4.624 4.657 4.689 4.814 4.96 5.105 5.251 5.396 5.541 5.687 5.818 5.941 6.064 6.187 6.31 6.433 6.557 6.587 6.577 6.566 6.555 6.545 6.534 6.524 6.513 6.502 6.488 6.461 6.434
24.475 23.675 23.908 24.65 25.392 26.134 26.877 27.619 28.361 29.057 29.723 30.39 31.056 31.722 32.388 33.054 33.72 34.386 34.612 33.454 32.296 31.139 29.981 28.823 27.665 26.507 25.349 24.258 23.638 23.018 22.398 21.778 21.158 20.538 19.918 19.01 18.037 17.064 16.091 15.119 14.146 13.173 12.413 12.133 11.853 11.573 11.293 11.013 10.733 10.454 10.174 10.124 10.437 10.751 11.064 11.377 11.691 12.004 12.317 12.631 12.397 11.936 11.475 11.015 10.554 10.093 9.633 9.172 9.168 9.184 9.2 9.215 9.231 9.247 9.263 9.279 9.271 9.264 9.257 9.249 9.242 9.235 9.227 9.22 9.233 9.264 9.295 9.326 9.356 9.387 9.418 9.449 9.274 8.692 8.111 7.529 6.948 6.366 5.785 5.203 4.684 4.716 4.748 4.781 4.813 4.845 4.878 4.91 4.943 5.051 5.197 5.342 5.488 5.633 5.778 5.924 6.069 6.2 6.323 6.446 6.569 6.692 6.815 6.939 7.062 7.065 7.054 7.044 7.033 7.023 7.012 7.001 6.991 6.976 6.949 6.922
24.571 23.772 24.029 24.771 25.513 26.255 26.998 27.74 28.447 29.114 29.78 30.446 31.112 31.778 32.444 33.11 33.776 34.442 34.639 33.481 32.323 31.165 30.007 28.849 27.692 26.534 25.376 24.218 23.237 22.616 21.996 21.376 20.756 20.136 19.516 18.602 17.63 16.657 15.684 14.711 13.738 12.875 12.595 12.315 12.036 11.756 11.476 11.196 10.916 10.636 10.356 10.316 10.63 10.943 11.256 11.57 11.883 12.196 12.51 12.823 13.136 12.745 12.284 11.823 11.363 10.902 10.441 9.981 9.985 10.001 10.017 10.032 10.048 10.064 10.08 10.076 10.069 10.061 10.054 10.047 10.039 10.032 10.025 10.017 10.031 10.062 10.092 10.123 10.154 10.185 10.216 10.131 9.55 8.968 8.386 7.805 7.223 6.642 6.06 5.479 4.97 5.002 5.034 5.067 5.099 5.132 5.164 5.196 5.288 5.434 5.579 5.725 5.87 6.015 6.161 6.306 6.452 6.582 6.705 6.828 6.951 7.074 7.198 7.321 7.444 7.554 7.543 7.532 7.522 7.511 7.5 7.49 7.479 7.464 7.437 7.41
24.668 23.868 24.15 24.892 25.634 26.376 27.119 27.838 28.504 29.17 29.836 30.502 31.168 31.834 32.5 33.166 33.832 34.498 34.666 33.508 32.35 31.192 30.034 28.876 27.718 26.56 25.402 24.245 23.087 22.215 21.595 20.975 20.354 19.734 19.114 18.195 17.222 16.249 15.276 14.303 13.338 13.058 12.778 12.498 12.218 11.938 11.659 11.379 11.099 10.819 10.539 10.509 10.822 11.135 11.449 11.762 12.075 12.389 12.702 13.015 13.329 13.554 13.093 12.632 12.172 11.711 11.25 10.79 10.802 10.818 10.833 10.849 10.865 10.881 10.88 10.873 10.866 10.858 10.851 10.844 10.836 10.829 10.822 10.814 10.829 10.859 10.89 10.921 10.952 10.983 10.988 10.407 9.825 9.244 8.662 8.081 7.499 6.918 6.336 5.754 5.256 5.288 5.321 5.353 5.385 5.418 5.45 5.525 5.671 5.816 5.962 6.107 6.253 6.398 6.543 6.689 6.834 6.964 7.087 7.21 7.333 7.456 7.58 7.703 7.826 7.949 8.031 8.021 8.01 8.0 7.989 7.978 7.968 7.953 7.926 7.899
24.764 23.965 24.271 25.013 25.755 26.497 27.228 27.894 28.56 29.226 29.892 30.558 31.224 31.89 32.556 33.222 33.889 34.555 34.693 33.535 32.377 31.219 30.061 28.903 27.745 26.587 25.429 24.271 23.113 21.955 21.193 20.573 19.953 19.333 18.713 17.787 16.814 15.842 14.869 13.896 13.52 13.241 12.961 12.681 12.401 12.121 11.841 11.561 11.281 11.002 10.722 10.701 11.014 11.328 11.641 11.954 12.268 12.581 12.894 13.208 13.521 13.834 13.902 13.441 12.981 12.52 12.059 11.603 11.619 11.634 11.65 11.666 11.682 11.685 11.677 11.67 11.663 11.655 11.648 11.641 11.634 11.626 11.619 11.612 11.626 11.657 11.688 11.719 11.75 11.781 11.264 10.682 10.101 9.519 8.938 8.356 7.775 7.193 6.612 6.03 5.542 5.574 5.607 5.639 5.671 5.704 5.763 5.908 6.053 6.199 6.344 6.49 6.635 6.78 6.926 7.071 7.217 7.346 7.469 7.592 7.715 7.839 7.962 8.085 8.208 8.331 8.454 8.509 8.499 8.488 8.477 8.467 8.456 8.441 8.414 8.387
24.861 24.061 24.392 25.134 25.876 26.618 27.284 27.95 28.616 29.282 29.948 30.614 31.28 31.946 32.613 33.279 33.945 34.611 34.72 33.562 32.404 31.246 30.088 28.93 27.772 26.614 25.456 24.298 23.14 21.982 20.824 20.171 19.551 18.931 18.311 17.38 16.407 15.434 14.461 13.983 13.703 13.423 13.143 12.863 12.584 12.304 12.024 11.744 11.464 11.184 10.904 10.894 11.207 11.52 11.834 12.147 12.46 12.774 13.087 13.4 13.714 14.027 14.34 14.25 13.79 13.329 12.868 12.42 12.435 12.451 12.467 12.483 12.489 12.482 12.475 12.467 12.46 12.453 12.445 12.438 12.431 12.423 12.416 12.409 12.424 12.455 12.486 12.517 12.548 12.121 11.54 10.958 10.376 9.795 9.213 8.632 8.05 7.469 6.887 6.306 5.828 5.86 5.893 5.925 5.957 6.0 6.145 6.29 6.436 6.581 6.727 6.872 7.017 7.163 7.308 7.454 7.599 7.728 7.851 7.974 8.098 8.221 8.344 8.467 8.59 8.713 8.836 8.96 8.987 8.977 8.966 8.955 8.945 8.929 8.902 8.875
24.957 24.158 24.513 25.255 25.997 26.674 27.34 28.006 28.672 29.338 30.004 30.67 31.337 32.003 32.669 33.335 34.001 34.667 34.747 33.589 32.431 31.273 30.115 28.957 27.799 26.641 25.483 24.325 23.167 22.009 20.851 19.769 19.149 18.529 17.909 16.972 15.999 15.027 14.446 14.166 13.886 13.606 13.326 13.046 12.766 12.486 12.207 11.927 11.647 11.367 11.087 11.086 11.399 11.713 12.026 12.339 12.653 12.966 13.279 13.593 13.906 14.219 14.533 14.846 14.598 14.138 13.677 13.237 13.252 13.268 13.284 13.294 13.286 13.279 13.272 13.264 13.257 13.25 13.242 13.235 13.228 13.22 13.213 13.206 13.222 13.253 13.284 13.314 12.978 12.397 11.815 11.234 10.652 10.071 9.489 8.908 8.326 7.745 7.163 6.581 6.114 6.146 6.179 6.211 6.244 6.382 6.527 6.673 6.818 6.964 7.109 7.255 7.4 7.545 7.691 7.836 7.982 8.11 8.233 8.356 8.48 8.603 8.726 8.849 8.972 9.095 9.219 9.342 9.465 9.465 9.454 9.444 9.433 9.417 9.39 9.363
