    600    136    276
0.009 0.009 0.01 0.01 0.01 0.01 0.01 0.01 0.01 0.01 0.01 0.01 0.011 0.011 0.011 0.011 0.011 0.011 0.012 0.012 0.012 0.012 0.012 0.012 0.012 0.012 0.012 0.012 0.012 0.012 0.012 0.012 0.012 0.011 0.011 0.011 0.011 0.011 0.011 0.011 0.011 0.01 0.01 0.01 0.01 0.009 0.009 0.009 0.009 0.008 0.008 0.008 0.008 0.007 0.007 0.007 0.007 0.006 0.006 0.006 0.005 0.005 0.005 0.004 0.004 0.004 0.003 0.003 0.003 0.002 0.002 0.002 0.002 0.001 0.001 0.001 0.001 0.001 0.001 0.001 0.001 0.001 0.001 0.0 0.0 0.0 0.0 0.0 0.0 0.0 0.0 0.0 0.0 0.0 0.0 0.0 0.0 0.0 0.0 0.0 0.0 0.0 0.0 0.0 0.0 0.001 0.001 0.001 0.001 0.001 0.002 0.002 0.002 0.002 0.002 0.002 0.002 0.002 0.002 0.002 0.002 0.002 0.002 0.002 0.002 0.002 0.002 0.002 0.002 0.002 0.002 0.002 0.002 0.002 0.002 0.002
0.013 0.013 0.013 0.014 0.014 0.014 0.014 0.012 0.012 0.012 0.013 0.013 0.013 0.013 0.013 0.013 0.014 0.014 0.014 0.014 0.014 0.014 0.014 0.014 0.014 0.014 0.014 0.014 0.014 0.014 0.014 0.014 0.014 0.014 0.014 0.014 0.014 0.014 0.013 0.012 0.012 0.012 0.011 0.011 0.011 0.011 0.01 0.01 0.01 0.01 0.009 0.009 0.009 0.009 0.008 0.007 0.007 0.006 0.006 0.006 0.005 0.005 0.005 0.004 0.004 0.004 0.003 0.003 0.003 0.003 0.002 0.002 0.002 0.001 0.001 0.001 0.001 0.001 0.001 0.001 0.001 0.001 0.001 0.0 0.0 0.0 0.0 0.0 0.0 0.0 0.0 0.0 0.0 0.0 0.0 0.0 0.0 0.0 0.0 0.0 0.0 0.0 0.0 0.0 0.0 0.0 0.0 0.0 0.0 0.0 0.0 0.0 0.0 0.0 0.0 0.0 0.0 0.0 0.0 0.0 0.0 0.0 0.001 0.001 0.001 0.001 0.001 0.001 0.001 0.001 0.001 0.001 0.001 0.001 0.001 0.001
0.017 0.017 0.017 0.017 0.018 0.018 0.017 0.016 0.015 0.015 0.015 0.015 0.015 0.015 0.016 0.016 0.016 0.016 0.016 0.016 0.016 0.017 0.017 0.017 0.017 0.017 0.017 0.016 0.016 0.016 0.016 0.016 0.016 0.016 0.016 0.016 0.016 0.016 0.014 0.013 0.013 0.013 0.013 0.012 0.012 0.012 0.012 0.011 0.011 0.011 0.01 0.01 0.01 0.01 0.009 0.008 0.007 0.007 0.006 0.006 0.006 0.005 0.005 0.005 0.004 0.004 0.004 0.003 0.003 0.003 0.002 0.002 0.002 0.001 0.001 0.001 0.001 0.001 0.001 0.001 0.001 0.001 0.001 0.0 0.0 0.0 0.0 0.0 0.0 0.0 0.0 0.0 0.0 0.0 0.0 0.0 0.0 0.0 0.0 0.0 0.0 0.0 0.0 0.0 0.0 0.0 0.0 0.0 0.0 0.0 0.0 0.0 0.0 0.0 0.0 0.0 0.0 0.0 0.0 0.0 0.0 0.0 0.0 0.0 0.0 0.0 0.0 0.0 0.0 0.0 0.0 0.0 0.0 0.0 0.0 0.0
0.02 0.021 0.021 0.021 0.021 0.022 0.021 0.02 0.018 0.017 0.017 0.017 0.018 0.018 0.018 0.018 0.018 0.018 0.018 0.019 0.019 0.019 0.019 0.019 0.019 0.019 0.019 0.019 0.019 0.019 0.019 0.019 0.018 0.018 0.018 0.018 0.018 0.017 0.015 0.014 0.014 0.014 0.014 0.013 0.013 0.013 0.013 0.012 0.012 0.012 0.012 0.011 0.011 0.011 0.009 0.008 0.007 0.007 0.006 0.006 0.006 0.005 0.005 0.005 0.004 0.004 0.004 0.003 0.003 0.003 0.002 0.002 0.002 0.002 0.001 0.001 0.001 0.001 0.001 0.001 0.001 0.001 0.001 0.0 0.0 0.0 0.0 0.0 0.0 0.0 0.0 0.0 0.0 0.0 0.0 0.0 0.0 0.0 0.0 0.0 0.0 0.0 0.0 0.0 0.0 0.0 0.0 0.0 0.0 0.0 0.0 0.0 0.0 0.0 0.0 0.0 0.0 0.0 0.0 0.0 0.0 0.0 0.0 0.0 0.0 0.0 0.0 0.0 0.0 0.0 0.0 0.0 0.0 0.0 0.0 0.0
0.024 0.024 0.025 0.025 0.025 0.026 0.025 0.023 0.022 0.02 0.02 0.02 0.02 0.02 0.02 0.02 0.02 0.021 0.021 0.021 0.021 0.021 0.021 0.021 0.021 0.021 0.021 0.021 0.021 0.021 0.021 0.021 0.021 0.021 0.021 0.021 0.019 0.018 0.016 0.016 0.015 0.015 0.015 0.015 0.014 0.014 0.014 0.014 0.013 0.013 0.013 0.013 0.012 0.011 0.01 0.009 0.008 0.007 0.006 0.006 0.006 0.005 0.005 0.005 0.004 0.004 0.004 0.003 0.003 0.003 0.002 0.002 0.002 0.002 0.001 0.001 0.001 0.001 0.001 0.001 0.001 0.001 0.001 0.0 0.0 0.0 0.0 0.0 0.0 0.0 0.0 0.0 0.0 0.0 0.0 0.0 0.0 0.0 0.0 0.0 0.0 0.0 0.0 0.0 0.0 0.0 0.0 0.0 0.0 0.0 0.0 0.0 0.0 0.0 0.0 0.0 0.0 0.0 0.0 0.0 0.0 0.0 0.0 0.0 0.0 0.0 0.0 0.0 0.0 0.0 0.0 0.0 0.0 0.0 0.0 0.0
0.028 0.028 0.029 0.029 0.029 0.029 0.029 0.027 0.025 0.024 0.022 0.022 0.022 0.022 0.022 0.023 0.023 0.023 0.023 0.023 0.023 0.024 0.024 0.024 0.024 0.024 0.023 0.023 0.023 0.023 0.023 0.023 0.023 0.023 0.023 0.022 0.02 0.019 0.018 0.017 0.017 0.016 0.016 0.016 0.016 0.015 0.015 0.015 0.015 0.014 0.014 0.014 0.013 0.011 0.01 0.009 0.008 0.008 0.007 0.006 0.006 0.005 0.005 0.005 0.004 0.004 0.004 0.003 0.003 0.003 0.002 0.002 0.002 0.002 0.001 0.001 0.001 0.001 0.001 0.001 0.001 0.001 0.001 0.0 0.0 0.0 0.0 0.0 0.0 0.0 0.0 0.0 0.0 0.0 0.0 0.0 0.0 0.0 0.0 0.0 0.0 0.0 0.0 0.0 0.0 0.0 0.0 0.0 0.0 0.0 0.0 0.0 0.0 0.0 0.0 0.0 0.0 0.0 0.0 0.0 0.0 0.0 0.0 0.0 0.0 0.0 0.0 0.0 0.0 0.0 0.0 0.0 0.0 0.0 0.0 0.0
0.032 0.032 0.032 0.033 0.033 0.033 0.032 0.031 0.029 0.027 0.026 0.024 0.024 0.025 0.025 0.025 0.025 0.025 0.025 0.026 0.026 0.026 0.026 0.026 0.026 0.026 0.026 0.026 0.026 0.026 0.026 0.025 0.025 0.025 0.024 0.023 0.022 0.02 0.019 0.018 0.018 0.017 0.017 0.017 0.017 0.016 0.016 0.016 0.016 0.015 0.015 0.014 0.013 0.012 0.011 0.009 0.009 0.008 0.007 0.006 0.006 0.005 0.005 0.005 0.004 0.004 0.004 0.003 0.003 0.003 0.002 0.002 0.002 0.002 0.002 0.001 0.001 0.001 0.001 0.001 0.001 0.001 0.001 0.0 0.0 0.0 0.0 0.0 0.0 0.0 0.0 0.0 0.0 0.0 0.0 0.0 0.0 0.0 0.0 0.0 0.0 0.0 0.0 0.0 0.0 0.0 0.0 0.0 0.0 0.0 0.0 0.0 0.0 0.0 0.0 0.0 0.0 0.0 0.0 0.0 0.0 0.0 0.0 0.0 0.0 0.0 0.0 0.0 0.0 0.0 0.0 0.0 0.0 0.0 0.0 0.0
0.036 0.036 0.036 0.036 0.037 0.037 0.036 0.035 0.033 0.031 0.03 0.028 0.027 0.027 0.027 0.027 0.027 0.028 0.028 0.028 0.028 0.028 0.028 0.028 0.028 0.028 0.028 0.028 0.028 0.028 0.028 0.028 0.028 0.027 0.026 0.024 0.023 0.021 0.02 0.019 0.019 0.019 0.018 0.018 0.018 0.018 0.017 0.017 0.017 0.017 0.016 0.014 0.013 0.012 0.011 0.01 0.009 0.008 0.008 0.007 0.006 0.005 0.005 0.005 0.004 0.004 0.004 0.004 0.003 0.003 0.003 0.002 0.002 0.002 0.002 0.001 0.001 0.001 0.001 0.001 0.001 0.001 0.001 0.0 0.0 0.0 0.0 0.0 0.0 0.0 0.0 0.0 0.0 0.0 0.0 0.0 0.0 0.0 0.0 0.0 0.0 0.0 0.0 0.0 0.0 0.0 0.0 0.0 0.0 0.0 0.0 0.0 0.0 0.0 0.0 0.0 0.0 0.0 0.0 0.0 0.0 0.0 0.0 0.0 0.0 0.0 0.0 0.0 0.0 0.0 0.0 0.0 0.0 0.0 0.0 0.0
0.039 0.04 0.04 0.04 0.04 0.041 0.04 0.038 0.037 0.035 0.033 0.032 0.03 0.029 0.029 0.03 0.03 0.03 0.03 0.03 0.03 0.03 0.031 0.031 0.031 0.03 0.03 0.03 0.03 0.03 0.03 0.03 0.03 0.028 0.027 0.025 0.024 0.022 0.021 0.02 0.02 0.02 0.02 0.019 0.019 0.019 0.019 0.018 0.018 0.017 0.016 0.015 0.014 0.013 0.011 0.01 0.01 0.009 0.008 0.007 0.006 0.006 0.005 0.005 0.005 0.004 0.004 0.004 0.003 0.003 0.003 0.002 0.002 0.002 0.002 0.001 0.001 0.001 0.001 0.001 0.001 0.001 0.001 0.0 0.0 0.0 0.0 0.0 0.0 0.0 0.0 0.0 0.0 0.0 0.0 0.0 0.0 0.0 0.0 0.0 0.0 0.0 0.0 0.0 0.0 0.0 0.0 0.0 0.0 0.0 0.0 0.0 0.0 0.0 0.0 0.0 0.0 0.0 0.0 0.0 0.0 0.0 0.0 0.0 0.0 0.0 0.0 0.0 0.0 0.0 0.0 0.0 0.0 0.0 0.0 0.0
0.043 0.043 0.044 0.044 0.044 0.045 0.044 0.042 0.04 0.039 0.037 0.035 0.034 0.032 0.032 0.032 0.032 0.032 0.032 0.032 0.033 0.033 0.033 0.033 0.033 0.033 0.033 0.033 0.033 0.033 0.032 0.032 0.031 0.029 0.028 0.026 0.025 0.024 0.022 0.021 0.021 0.021 0.021 0.02 0.02 0.02 0.02 0.019 0.019 0.018 0.016 0.015 0.014 0.013 0.012 0.011 0.01 0.009 0.008 0.008 0.007 0.006 0.005 0.005 0.005 0.004 0.004 0.004 0.003 0.003 0.003 0.002 0.002 0.002 0.002 0.002 0.001 0.001 0.001 0.001 0.001 0.001 0.001 0.0 0.0 0.0 0.0 0.0 0.0 0.0 0.0 0.0 0.0 0.0 0.0 0.0 0.0 0.0 0.0 0.0 0.0 0.0 0.0 0.0 0.0 0.0 0.0 0.0 0.0 0.0 0.0 0.0 0.0 0.0 0.0 0.0 0.0 0.0 0.0 0.0 0.0 0.0 0.0 0.0 0.0 0.0 0.0 0.0 0.0 0.0 0.0 0.0 0.0 0.0 0.0 0.0
0.047 0.047 0.047 0.048 0.048 0.048 0.048 0.046 0.044 0.043 0.041 0.039 0.038 0.036 0.034 0.034 0.034 0.034 0.035 0.035 0.035 0.035 0.035 0.035 0.035 0.035 0.035 0.035 0.035 0.035 0.035 0.033 0.032 0.03 0.029 0.028 0.026 0.025 0.023 0.023 0.022 0.022 0.022 0.022 0.021 0.021 0.021 0.02 0.019 0.018 0.017 0.016 0.015 0.013 0.012 0.011 0.01 0.01 0.009 0.008 0.007 0.006 0.006 0.005 0.005 0.004 0.004 0.004 0.003 0.003 0.003 0.002 0.002 0.002 0.002 0.002 0.001 0.001 0.001 0.001 0.001 0.001 0.001 0.0 0.0 0.0 0.0 0.0 0.0 0.0 0.0 0.0 0.0 0.0 0.0 0.0 0.0 0.0 0.0 0.0 0.0 0.0 0.0 0.0 0.0 0.0 0.0 0.0 0.0 0.0 0.0 0.0 0.0 0.0 0.0 0.0 0.0 0.0 0.0 0.0 0.0 0.0 0.0 0.0 0.0 0.0 0.0 0.0 0.0 0.0 0.0 0.0 0.0 0.0 0.0 0.0
0.051 0.051 0.051 0.052 0.052 0.052 0.051 0.05 0.048 0.046 0.045 0.043 0.041 0.04 0.038 0.037 0.037 0.037 0.037 0.037 0.037 0.037 0.038 0.037 0.037 0.037 0.037 0.037 0.037 0.037 0.036 0.034 0.033 0.032 0.03 0.029 0.027 0.026 0.025 0.024 0.024 0.023 0.023 0.023 0.023 0.022 0.022 0.021 0.02 0.018 0.017 0.016 0.015 0.014 0.013 0.012 0.011 0.01 0.009 0.008 0.008 0.007 0.006 0.005 0.005 0.004 0.004 0.004 0.003 0.003 0.003 0.002 0.002 0.002 0.002 0.002 0.001 0.001 0.001 0.001 0.001 0.001 0.001 0.0 0.0 0.0 0.0 0.0 0.0 0.0 0.0 0.0 0.0 0.0 0.0 0.0 0.0 0.0 0.0 0.0 0.0 0.0 0.0 0.0 0.0 0.0 0.0 0.0 0.0 0.0 0.0 0.0 0.0 0.0 0.0 0.0 0.0 0.0 0.0 0.0 0.0 0.0 0.0 0.0 0.0 0.0 0.0 0.0 0.0 0.0 0.0 0.0 0.0 0.0 0.0 0.0
0.055 0.055 0.055 0.055 0.056 0.056 0.055 0.053 0.052 0.05 0.048 0.047 0.045 0.043 0.042 0.04 0.039 0.039 0.039 0.039 0.04 0.04 0.04 0.04 0.04 0.04 0.04 0.04 0.04 0.038 0.037 0.036 0.034 0.033 0.031 0.03 0.029 0.027 0.026 0.025 0.025 0.025 0.024 0.024 0.024 0.023 0.022 0.021 0.02 0.019 0.018 0.017 0.015 0.014 0.013 0.012 0.011 0.01 0.01 0.009 0.008 0.007 0.007 0.006 0.005 0.004 0.004 0.004 0.003 0.003 0.003 0.002 0.002 0.002 0.002 0.002 0.002 0.001 0.001 0.001 0.001 0.001 0.001 0.0 0.0 0.0 0.0 0.0 0.0 0.0 0.0 0.0 0.0 0.0 0.0 0.0 0.0 0.0 0.0 0.0 0.0 0.0 0.0 0.0 0.0 0.0 0.0 0.0 0.0 0.0 0.0 0.0 0.0 0.0 0.0 0.0 0.0 0.0 0.0 0.0 0.0 0.0 0.0 0.0 0.0 0.0 0.0 0.0 0.0 0.0 0.0 0.0 0.0 0.0 0.0 0.0
0.058 0.059 0.059 0.059 0.059 0.06 0.059 0.057 0.055 0.054 0.052 0.051 0.049 0.047 0.046 0.044 0.042 0.041 0.042 0.042 0.042 0.042 0.042 0.042 0.042 0.042 0.042 0.042 0.041 0.04 0.038 0.037 0.035 0.034 0.033 0.031 0.03 0.028 0.027 0.026 0.026 0.026 0.025 0.025 0.025 0.024 0.023 0.022 0.02 0.019 0.018 0.017 0.016 0.015 0.013 0.012 0.012 0.011 0.01 0.009 0.008 0.008 0.007 0.006 0.005 0.005 0.004 0.004 0.004 0.003 0.003 0.003 0.002 0.002 0.002 0.002 0.002 0.001 0.001 0.001 0.001 0.001 0.001 0.0 0.0 0.0 0.0 0.0 0.0 0.0 0.0 0.0 0.0 0.0 0.0 0.0 0.0 0.0 0.0 0.0 0.0 0.0 0.0 0.0 0.0 0.0 0.0 0.0 0.0 0.0 0.0 0.0 0.0 0.0 0.0 0.0 0.0 0.0 0.0 0.0 0.0 0.0 0.0 0.0 0.0 0.0 0.0 0.0 0.0 0.0 0.0 0.0 0.0 0.0 0.0 0.0
0.06 0.062 0.063 0.063 0.063 0.063 0.063 0.061 0.059 0.058 0.056 0.054 0.053 0.051 0.049 0.048 0.046 0.044 0.044 0.044 0.044 0.044 0.044 0.044 0.044 0.044 0.044 0.044 0.042 0.041 0.039 0.038 0.036 0.035 0.034 0.032 0.031 0.029 0.028 0.027 0.027 0.027 0.027 0.026 0.025 0.024 0.023 0.022 0.021 0.02 0.018 0.017 0.016 0.015 0.014 0.013 0.012 0.011 0.01 0.01 0.009 0.008 0.007 0.007 0.006 0.005 0.004 0.004 0.004 0.003 0.003 0.003 0.002 0.002 0.002 0.002 0.002 0.001 0.001 0.001 0.001 0.001 0.001 0.0 0.0 0.0 0.0 0.0 0.0 0.0 0.0 0.0 0.0 0.0 0.0 0.0 0.0 0.0 0.0 0.0 0.0 0.0 0.0 0.0 0.0 0.0 0.0 0.0 0.0 0.0 0.0 0.0 0.0 0.0 0.0 0.0 0.0 0.0 0.0 0.0 0.0 0.0 0.0 0.0 0.0 0.0 0.0 0.0 0.0 0.0 0.0 0.0 0.0 0.0 0.0 0.0
0.061 0.064 0.066 0.067 0.067 0.067 0.066 0.065 0.063 0.061 0.06 0.058 0.056 0.055 0.053 0.051 0.05 0.048 0.046 0.046 0.047 0.047 0.047 0.047 0.047 0.047 0.046 0.045 0.043 0.042 0.04 0.039 0.038 0.036 0.035 0.033 0.032 0.031 0.029 0.029 0.028 0.028 0.028 0.027 0.026 0.025 0.023 0.022 0.021 0.02 0.019 0.018 0.017 0.015 0.014 0.013 0.012 0.012 0.011 0.01 0.009 0.009 0.008 0.007 0.006 0.005 0.005 0.004 0.004 0.003 0.003 0.003 0.002 0.002 0.002 0.002 0.002 0.002 0.001 0.001 0.001 0.001 0.001 0.0 0.0 0.0 0.0 0.0 0.0 0.0 0.0 0.0 0.0 0.0 0.0 0.0 0.0 0.0 0.0 0.0 0.0 0.0 0.0 0.0 0.0 0.0 0.0 0.0 0.0 0.0 0.0 0.0 0.0 0.0 0.0 0.0 0.0 0.0 0.0 0.0 0.0 0.0 0.0 0.0 0.0 0.0 0.0 0.0 0.0 0.0 0.0 0.0 0.0 0.0 0.0 0.0
0.063 0.066 0.069 0.071 0.071 0.071 0.07 0.068 0.067 0.065 0.063 0.062 0.06 0.058 0.057 0.055 0.053 0.052 0.05 0.049 0.049 0.049 0.049 0.049 0.049 0.049 0.047 0.046 0.044 0.043 0.042 0.04 0.039 0.037 0.036 0.035 0.033 0.032 0.03 0.03 0.029 0.029 0.029 0.027 0.026 0.025 0.024 0.023 0.022 0.02 0.019 0.018 0.017 0.016 0.015 0.014 0.013 0.012 0.011 0.01 0.01 0.009 0.008 0.007 0.007 0.006 0.005 0.004 0.004 0.003 0.003 0.003 0.002 0.002 0.002 0.002 0.002 0.002 0.001 0.001 0.001 0.001 0.001 0.001 0.0 0.0 0.0 0.0 0.0 0.0 0.0 0.0 0.0 0.0 0.0 0.0 0.0 0.0 0.0 0.0 0.0 0.0 0.0 0.0 0.0 0.0 0.0 0.0 0.0 0.0 0.0 0.0 0.0 0.0 0.0 0.0 0.0 0.0 0.0 0.0 0.0 0.0 0.0 0.0 0.0 0.0 0.0 0.0 0.0 0.0 0.0 0.0 0.0 0.0 0.0 0.0
0.065 0.068 0.071 0.073 0.075 0.075 0.074 0.072 0.071 0.069 0.067 0.066 0.064 0.062 0.061 0.059 0.057 0.056 0.054 0.052 0.051 0.051 0.051 0.051 0.051 0.05 0.048 0.047 0.046 0.044 0.043 0.041 0.04 0.039 0.037 0.036 0.034 0.033 0.031 0.031 0.031 0.03 0.029 0.028 0.027 0.025 0.024 0.023 0.022 0.021 0.02 0.019 0.017 0.016 0.015 0.014 0.013 0.012 0.012 0.011 0.01 0.009 0.009 0.008 0.007 0.006 0.005 0.005 0.004 0.003 0.003 0.003 0.003 0.002 0.002 0.002 0.002 0.002 0.001 0.001 0.001 0.001 0.001 0.001 0.0 0.0 0.0 0.0 0.0 0.0 0.0 0.0 0.0 0.0 0.0 0.0 0.0 0.0 0.0 0.0 0.0 0.0 0.0 0.0 0.0 0.0 0.0 0.0 0.0 0.0 0.0 0.0 0.0 0.0 0.0 0.0 0.0 0.0 0.0 0.0 0.0 0.0 0.0 0.0 0.0 0.0 0.0 0.0 0.0 0.0 0.0 0.0 0.0 0.0 0.0 0.0
0.067 0.07 0.072 0.075 0.078 0.079 0.078 0.076 0.074 0.073 0.071 0.069 0.068 0.066 0.064 0.063 0.061 0.059 0.058 0.056 0.054 0.054 0.054 0.054 0.052 0.051 0.05 0.048 0.047 0.045 0.044 0.043 0.041 0.04 0.038 0.037 0.035 0.034 0.033 0.032 0.032 0.03 0.029 0.028 0.027 0.026 0.025 0.024 0.022 0.021 0.02 0.019 0.018 0.017 0.015 0.014 0.014 0.013 0.012 0.011 0.011 0.01 0.009 0.008 0.007 0.007 0.006 0.005 0.004 0.004 0.003 0.003 0.003 0.002 0.002 0.002 0.002 0.002 0.002 0.001 0.001 0.001 0.001 0.001 0.0 0.0 0.0 0.0 0.0 0.0 0.0 0.0 0.0 0.0 0.0 0.0 0.0 0.0 0.0 0.0 0.0 0.0 0.0 0.0 0.0 0.0 0.0 0.0 0.0 0.0 0.0 0.0 0.0 0.0 0.0 0.0 0.0 0.0 0.0 0.0 0.0 0.0 0.0 0.0 0.0 0.0 0.0 0.0 0.0 0.0 0.0 0.0 0.0 0.0 0.0 0.0
0.069 0.072 0.074 0.077 0.08 0.082 0.081 0.08 0.078 0.076 0.075 0.073 0.071 0.07 0.068 0.066 0.065 0.063 0.061 0.06 0.058 0.056 0.056 0.055 0.054 0.052 0.051 0.049 0.048 0.046 0.045 0.044 0.042 0.041 0.039 0.038 0.037 0.035 0.034 0.033 0.032 0.031 0.03 0.029 0.027 0.026 0.025 0.024 0.023 0.022 0.02 0.019 0.018 0.017 0.016 0.015 0.014 0.013 0.013 0.012 0.011 0.01 0.009 0.009 0.008 0.007 0.006 0.006 0.005 0.004 0.003 0.003 0.003 0.002 0.002 0.002 0.002 0.002 0.002 0.001 0.001 0.001 0.001 0.001 0.001 0.0 0.0 0.0 0.0 0.0 0.0 0.0 0.0 0.0 0.0 0.0 0.0 0.0 0.0 0.0 0.0 0.0 0.0 0.0 0.0 0.0 0.0 0.0 0.0 0.0 0.0 0.0 0.0 0.0 0.0 0.0 0.0 0.0 0.0 0.0 0.0 0.0 0.0 0.0 0.0 0.0 0.0 0.0 0.0 0.0 0.0 0.0 0.0 0.0 0.0 0.0
0.113 0.114 0.116 0.118 0.12 0.122 0.121 0.119 0.116 0.114 0.111 0.109 0.106 0.104 0.101 0.099 0.096 0.094 0.091 0.088 0.086 0.083 0.082 0.079 0.077 0.075 0.072 0.07 0.068 0.065 0.063 0.061 0.058 0.056 0.054 0.051 0.049 0.047 0.044 0.042 0.04 0.038 0.036 0.034 0.031 0.029 0.027 0.025 0.023 0.022 0.021 0.02 0.019 0.017 0.016 0.015 0.014 0.014 0.013 0.012 0.011 0.011 0.01 0.009 0.008 0.007 0.007 0.006 0.005 0.004 0.004 0.003 0.003 0.003 0.002 0.002 0.002 0.002 0.002 0.001 0.001 0.001 0.001 0.001 0.001 0.0 0.0 0.0 0.0 0.0 0.0 0.0 0.0 0.0 0.0 0.0 0.0 0.0 0.0 0.0 0.0 0.0 0.0 0.0 0.0 0.0 0.0 0.0 0.0 0.0 0.0 0.0 0.0 0.0 0.0 0.0 0.0 0.0 0.0 0.0 0.0 0.0 0.0 0.0 0.0 0.0 0.0 0.0 0.0 0.0 0.0 0.0 0.0 0.0 0.0 0.0
0.169 0.171 0.173 0.175 0.176 0.179 0.178 0.176 0.174 0.171 0.169 0.166 0.164 0.161 0.159 0.156 0.154 0.151 0.149 0.146 0.143 0.141 0.139 0.139 0.136 0.134 0.132 0.129 0.127 0.125 0.122 0.12 0.118 0.115 0.113 0.111 0.108 0.106 0.104 0.101 0.099 0.097 0.095 0.093 0.091 0.089 0.087 0.084 0.082 0.08 0.078 0.076 0.074 0.072 0.07 0.063 0.054 0.052 0.051 0.049 0.048 0.046 0.045 0.043 0.041 0.04 0.038 0.037 0.035 0.034 0.032 0.031 0.017 0.016 0.016 0.015 0.015 0.014 0.014 0.013 0.013 0.012 0.011 0.011 0.01 0.01 0.009 0.009 0.002 0.002 0.002 0.002 0.002 0.002 0.001 0.001 0.001 0.001 0.001 0.001 0.001 0.001 0.001 0.001 0.0 0.0 0.0 0.0 0.0 0.0 0.0 0.0 0.0 0.0 0.0 0.0 0.0 0.0 0.0 0.0 0.0 0.0 0.0 0.0 0.0 0.0 0.0 0.0 0.0 0.0 0.0 0.0 0.0 0.0 0.0 0.0
0.226 0.227 0.229 0.231 0.233 0.236 0.235 0.233 0.231 0.229 0.226 0.224 0.221 0.219 0.216 0.214 0.211 0.209 0.206 0.204 0.201 0.198 0.197 0.197 0.196 0.193 0.191 0.189 0.186 0.184 0.182 0.179 0.177 0.175 0.172 0.17 0.168 0.165 0.163 0.161 0.159 0.157 0.154 0.152 0.15 0.148 0.146 0.144 0.142 0.14 0.138 0.135 0.133 0.131 0.13 0.122 0.103 0.097 0.096 0.094 0.093 0.091 0.09 0.088 0.087 0.085 0.084 0.082 0.081 0.079 0.078 0.076 0.053 0.04 0.04 0.039 0.039 0.038 0.037 0.037 0.036 0.036 0.035 0.035 0.034 0.033 0.033 0.032 0.024 0.008 0.008 0.008 0.008 0.007 0.007 0.007 0.007 0.007 0.007 0.007 0.007 0.007 0.007 0.006 0.006 0.006 0.006 0.006 0.006 0.006 0.006 0.006 0.006 0.005 0.005 0.005 0.005 0.005 0.005 0.005 0.004 0.0 0.0 0.0 0.0 0.0 0.0 0.0 0.0 0.0 0.0 0.0 0.0 0.0 0.0 0.0
0.282 0.284 0.286 0.288 0.29 0.293 0.292 0.29 0.288 0.286 0.284 0.281 0.279 0.276 0.274 0.271 0.269 0.266 0.264 0.261 0.259 0.256 0.254 0.254 0.254 0.253 0.251 0.248 0.246 0.243 0.241 0.239 0.236 0.234 0.232 0.229 0.227 0.225 0.222 0.22 0.218 0.216 0.214 0.212 0.21 0.207 0.205 0.203 0.201 0.199 0.197 0.195 0.193 0.191 0.19 0.182 0.162 0.143 0.141 0.139 0.138 0.136 0.135 0.133 0.132 0.13 0.129 0.127 0.126 0.124 0.123 0.121 0.098 0.071 0.064 0.063 0.062 0.062 0.061 0.061 0.06 0.06 0.059 0.058 0.058 0.057 0.057 0.056 0.047 0.025 0.014 0.014 0.014 0.013 0.013 0.013 0.013 0.013 0.013 0.013 0.013 0.013 0.013 0.012 0.012 0.012 0.012 0.012 0.012 0.012 0.012 0.012 0.012 0.011 0.011 0.011 0.011 0.011 0.011 0.011 0.005 0.001 0.0 0.0 0.0 0.0 0.0 0.0 0.0 0.0 0.0 0.0 0.0 0.0 0.0 0.0
0.339 0.341 0.343 0.345 0.347 0.35 0.349 0.347 0.345 0.344 0.341 0.339 0.336 0.334 0.331 0.329 0.326 0.324 0.321 0.319 0.316 0.313 0.312 0.312 0.312 0.312 0.31 0.308 0.305 0.303 0.301 0.298 0.296 0.293 0.291 0.289 0.286 0.284 0.282 0.28 0.277 0.275 0.273 0.271 0.269 0.267 0.265 0.263 0.261 0.258 0.256 0.254 0.252 0.251 0.249 0.242 0.222 0.202 0.186 0.184 0.183 0.181 0.18 0.178 0.177 0.175 0.174 0.172 0.171 0.169 0.168 0.166 0.142 0.116 0.089 0.087 0.086 0.086 0.085 0.084 0.084 0.083 0.083 0.082 0.082 0.081 0.081 0.08 0.071 0.049 0.027 0.02 0.02 0.019 0.019 0.019 0.019 0.019 0.019 0.019 0.019 0.019 0.019 0.018 0.018 0.018 0.018 0.018 0.018 0.018 0.018 0.018 0.018 0.017 0.017 0.017 0.017 0.017 0.017 0.012 0.005 0.002 0.001 0.0 0.0 0.0 0.0 0.0 0.0 0.0 0.0 0.0 0.0 0.0 0.0 0.0
0.395 0.397 0.4 0.402 0.404 0.407 0.406 0.404 0.402 0.401 0.399 0.396 0.394 0.391 0.389 0.386 0.384 0.381 0.379 0.376 0.374 0.371 0.369 0.369 0.369 0.369 0.369 0.367 0.365 0.362 0.36 0.358 0.355 0.353 0.35 0.348 0.346 0.343 0.341 0.339 0.337 0.335 0.333 0.33 0.328 0.326 0.324 0.322 0.32 0.318 0.316 0.314 0.312 0.311 0.309 0.301 0.281 0.262 0.242 0.229 0.228 0.226 0.225 0.223 0.222 0.22 0.219 0.217 0.216 0.214 0.213 0.211 0.187 0.16 0.134 0.111 0.11 0.109 0.109 0.108 0.108 0.107 0.107 0.106 0.105 0.105 0.104 0.104 0.094 0.072 0.05 0.028 0.026 0.025 0.025 0.025 0.025 0.025 0.025 0.025 0.025 0.025 0.025 0.024 0.024 0.024 0.024 0.024 0.024 0.024 0.024 0.024 0.024 0.023 0.023 0.023 0.023 0.023 0.019 0.012 0.006 0.002 0.001 0.001 0.0 0.0 0.0 0.0 0.0 0.0 0.0 0.0 0.0 0.0 0.0 0.0
0.452 0.454 0.457 0.459 0.461 0.464 0.463 0.461 0.459 0.457 0.456 0.454 0.451 0.449 0.446 0.444 0.441 0.439 0.436 0.434 0.431 0.429 0.427 0.427 0.427 0.427 0.427 0.426 0.424 0.422 0.419 0.417 0.415 0.412 0.41 0.408 0.405 0.403 0.4 0.398 0.396 0.394 0.392 0.39 0.388 0.386 0.384 0.381 0.379 0.377 0.375 0.374 0.372 0.371 0.369 0.361 0.341 0.321 0.302 0.282 0.273 0.271 0.27 0.268 0.267 0.265 0.264 0.262 0.261 0.259 0.258 0.256 0.232 0.205 0.178 0.152 0.134 0.133 0.133 0.132 0.132 0.131 0.13 0.13 0.129 0.129 0.128 0.128 0.118 0.096 0.074 0.052 0.032 0.031 0.031 0.031 0.031 0.031 0.031 0.031 0.031 0.031 0.031 0.03 0.03 0.03 0.03 0.03 0.03 0.03 0.03 0.03 0.03 0.029 0.029 0.029 0.029 0.026 0.019 0.013 0.006 0.003 0.002 0.001 0.0 0.0 0.0 0.0 0.0 0.0 0.0 0.0 0.0 0.0 0.0 0.0
0.509 0.511 0.514 0.516 0.518 0.52 0.52 0.518 0.516 0.514 0.513 0.511 0.509 0.506 0.504 0.501 0.499 0.496 0.494 0.491 0.489 0.486 0.484 0.484 0.484 0.484 0.484 0.484 0.483 0.481 0.479 0.476 0.474 0.472 0.469 0.467 0.465 0.462 0.46 0.458 0.456 0.453 0.451 0.449 0.447 0.445 0.443 0.441 0.439 0.437 0.435 0.434 0.432 0.431 0.429 0.42 0.401 0.381 0.361 0.342 0.322 0.317 0.315 0.314 0.312 0.311 0.309 0.307 0.306 0.304 0.303 0.301 0.276 0.25 0.223 0.196 0.17 0.157 0.156 0.156 0.155 0.155 0.154 0.154 0.153 0.152 0.152 0.151 0.141 0.119 0.097 0.075 0.053 0.037 0.037 0.037 0.037 0.037 0.037 0.037 0.037 0.037 0.037 0.036 0.036 0.036 0.036 0.036 0.036 0.036 0.036 0.036 0.036 0.035 0.035 0.035 0.033 0.026 0.02 0.014 0.007 0.004 0.003 0.002 0.001 0.0 0.0 0.0 0.0 0.0 0.0 0.0 0.0 0.0 0.0 0.0
0.566 0.568 0.57 0.573 0.575 0.577 0.576 0.575 0.573 0.571 0.569 0.568 0.566 0.564 0.561 0.559 0.556 0.554 0.551 0.549 0.546 0.544 0.542 0.542 0.542 0.542 0.542 0.542 0.542 0.54 0.538 0.536 0.533 0.531 0.529 0.526 0.524 0.522 0.519 0.517 0.515 0.513 0.511 0.509 0.507 0.504 0.502 0.5 0.498 0.497 0.495 0.494 0.492 0.491 0.489 0.48 0.46 0.441 0.421 0.401 0.382 0.362 0.36 0.359 0.357 0.356 0.354 0.353 0.351 0.35 0.348 0.347 0.321 0.294 0.268 0.241 0.214 0.188 0.18 0.18 0.179 0.179 0.178 0.177 0.177 0.176 0.176 0.175 0.164 0.142 0.12 0.098 0.077 0.055 0.043 0.043 0.043 0.043 0.043 0.043 0.043 0.043 0.043 0.042 0.042 0.042 0.042 0.042 0.042 0.042 0.042 0.042 0.041 0.041 0.041 0.04 0.033 0.027 0.021 0.014 0.008 0.004 0.003 0.003 0.002 0.001 0.0 0.0 0.0 0.0 0.0 0.0 0.0 0.0 0.0 0.0
0.623 0.625 0.627 0.63 0.632 0.634 0.633 0.632 0.63 0.628 0.626 0.625 0.623 0.621 0.619 0.616 0.614 0.611 0.609 0.606 0.604 0.601 0.599 0.599 0.599 0.599 0.599 0.599 0.599 0.599 0.597 0.595 0.593 0.59 0.588 0.586 0.583 0.581 0.579 0.577 0.574 0.572 0.57 0.568 0.566 0.564 0.562 0.56 0.558 0.557 0.555 0.554 0.552 0.551 0.549 0.54 0.52 0.5 0.481 0.461 0.441 0.421 0.405 0.404 0.402 0.401 0.399 0.398 0.396 0.395 0.393 0.392 0.366 0.339 0.312 0.286 0.259 0.232 0.206 0.204 0.203 0.202 0.202 0.201 0.201 0.2 0.2 0.199 0.188 0.166 0.144 0.122 0.1 0.078 0.056 0.049 0.049 0.049 0.049 0.049 0.049 0.049 0.048 0.048 0.048 0.048 0.048 0.048 0.048 0.048 0.048 0.048 0.047 0.047 0.047 0.04 0.034 0.028 0.021 0.015 0.008 0.005 0.004 0.003 0.002 0.002 0.001 0.0 0.0 0.0 0.0 0.0 0.0 0.0 0.0 0.0
0.68 0.682 0.684 0.687 0.689 0.691 0.69 0.688 0.687 0.685 0.683 0.681 0.68 0.678 0.676 0.674 0.671 0.669 0.666 0.664 0.661 0.659 0.657 0.657 0.657 0.657 0.657 0.657 0.657 0.657 0.657 0.654 0.652 0.65 0.647 0.645 0.643 0.64 0.638 0.636 0.634 0.632 0.63 0.627 0.625 0.623 0.621 0.619 0.618 0.616 0.615 0.613 0.612 0.61 0.609 0.599 0.58 0.56 0.54 0.52 0.501 0.481 0.461 0.449 0.447 0.446 0.444 0.443 0.441 0.44 0.438 0.437 0.411 0.384 0.357 0.33 0.304 0.277 0.25 0.227 0.227 0.226 0.226 0.225 0.224 0.224 0.223 0.223 0.211 0.189 0.167 0.145 0.123 0.101 0.079 0.057 0.055 0.055 0.055 0.055 0.055 0.055 0.054 0.054 0.054 0.054 0.054 0.054 0.054 0.054 0.054 0.054 0.053 0.053 0.047 0.041 0.035 0.028 0.022 0.015 0.009 0.006 0.005 0.004 0.003 0.002 0.001 0.0 0.0 0.0 0.0 0.0 0.0 0.0 0.0 0.0
0.737 0.739 0.741 0.744 0.746 0.748 0.747 0.745 0.744 0.742 0.74 0.738 0.737 0.735 0.733 0.731 0.729 0.726 0.724 0.721 0.719 0.716 0.715 0.714 0.714 0.714 0.714 0.714 0.714 0.714 0.714 0.714 0.712 0.709 0.707 0.704 0.702 0.7 0.697 0.695 0.693 0.691 0.689 0.687 0.685 0.683 0.681 0.679 0.678 0.676 0.675 0.673 0.672 0.67 0.669 0.659 0.639 0.619 0.6 0.58 0.56 0.541 0.521 0.501 0.492 0.491 0.489 0.488 0.486 0.485 0.483 0.482 0.455 0.428 0.402 0.375 0.348 0.322 0.295 0.268 0.251 0.25 0.249 0.249 0.248 0.248 0.247 0.247 0.235 0.213 0.191 0.169 0.147 0.125 0.103 0.081 0.061 0.061 0.061 0.061 0.061 0.061 0.06 0.06 0.06 0.06 0.06 0.06 0.06 0.06 0.06 0.06 0.059 0.054 0.048 0.042 0.035 0.029 0.022 0.016 0.009 0.006 0.005 0.005 0.004 0.003 0.002 0.001 0.0 0.0 0.0 0.0 0.0 0.0 0.0 0.0
0.794 0.796 0.798 0.801 0.803 0.805 0.804 0.802 0.8 0.799 0.797 0.795 0.794 0.792 0.79 0.788 0.786 0.784 0.781 0.779 0.776 0.774 0.772 0.772 0.772 0.772 0.772 0.772 0.772 0.772 0.772 0.772 0.771 0.769 0.766 0.764 0.761 0.759 0.757 0.755 0.753 0.75 0.748 0.746 0.744 0.742 0.741 0.739 0.738 0.736 0.735 0.733 0.732 0.73 0.729 0.718 0.699 0.679 0.659 0.64 0.62 0.6 0.581 0.561 0.541 0.536 0.534 0.533 0.531 0.53 0.528 0.527 0.5 0.473 0.446 0.42 0.393 0.366 0.34 0.313 0.286 0.274 0.273 0.273 0.272 0.271 0.271 0.27 0.258 0.236 0.214 0.192 0.17 0.148 0.126 0.104 0.082 0.067 0.067 0.067 0.067 0.067 0.066 0.066 0.066 0.066 0.066 0.066 0.066 0.066 0.066 0.066 0.061 0.055 0.049 0.042 0.036 0.029 0.023 0.016 0.01 0.007 0.006 0.005 0.004 0.004 0.003 0.002 0.001 0.0 0.0 0.0 0.0 0.0 0.0 0.0
0.851 0.853 0.855 0.858 0.86 0.862 0.861 0.859 0.857 0.856 0.854 0.852 0.85 0.849 0.847 0.845 0.843 0.841 0.839 0.836 0.834 0.831 0.83 0.83 0.83 0.829 0.829 0.829 0.829 0.829 0.829 0.829 0.829 0.828 0.826 0.823 0.821 0.819 0.816 0.814 0.812 0.81 0.808 0.806 0.804 0.802 0.801 0.799 0.798 0.796 0.795 0.793 0.792 0.79 0.789 0.778 0.758 0.739 0.719 0.699 0.68 0.66 0.64 0.62 0.601 0.581 0.58 0.578 0.577 0.575 0.573 0.571 0.545 0.518 0.491 0.464 0.438 0.411 0.384 0.358 0.331 0.304 0.297 0.296 0.296 0.295 0.295 0.294 0.282 0.26 0.238 0.216 0.194 0.172 0.15 0.128 0.106 0.084 0.073 0.073 0.073 0.073 0.072 0.072 0.072 0.072 0.072 0.072 0.072 0.072 0.072 0.068 0.062 0.056 0.049 0.043 0.036 0.03 0.023 0.017 0.011 0.008 0.007 0.006 0.005 0.004 0.003 0.003 0.002 0.001 0.0 0.0 0.0 0.0 0.0 0.0
0.908 0.91 0.912 0.914 0.917 0.919 0.918 0.916 0.914 0.912 0.911 0.909 0.907 0.906 0.904 0.902 0.9 0.899 0.896 0.894 0.891 0.889 0.887 0.887 0.887 0.887 0.887 0.887 0.887 0.887 0.887 0.887 0.887 0.887 0.885 0.883 0.88 0.878 0.876 0.873 0.871 0.869 0.867 0.865 0.864 0.862 0.861 0.859 0.858 0.856 0.855 0.853 0.852 0.85 0.849 0.838 0.818 0.798 0.779 0.759 0.739 0.72 0.7 0.68 0.66 0.641 0.625 0.623 0.622 0.62 0.619 0.616 0.589 0.562 0.536 0.509 0.482 0.456 0.429 0.402 0.376 0.349 0.322 0.32 0.32 0.319 0.319 0.318 0.305 0.283 0.261 0.239 0.217 0.195 0.173 0.151 0.129 0.107 0.085 0.079 0.079 0.079 0.078 0.078 0.078 0.078 0.078 0.078 0.078 0.078 0.075 0.069 0.063 0.056 0.05 0.043 0.037 0.03 0.024 0.018 0.011 0.008 0.007 0.007 0.006 0.005 0.004 0.003 0.002 0.001 0.001 0.0 0.0 0.0 0.0 0.0
0.964 0.967 0.969 0.971 0.974 0.976 0.975 0.973 0.971 0.969 0.968 0.966 0.964 0.962 0.961 0.959 0.957 0.955 0.954 0.951 0.949 0.946 0.945 0.945 0.945 0.945 0.945 0.944 0.944 0.944 0.944 0.944 0.944 0.944 0.944 0.942 0.94 0.937 0.935 0.933 0.931 0.929 0.927 0.925 0.924 0.922 0.921 0.919 0.918 0.916 0.915 0.913 0.912 0.91 0.909 0.897 0.878 0.858 0.838 0.819 0.799 0.779 0.759 0.74 0.72 0.7 0.681 0.668 0.667 0.665 0.664 0.661 0.634 0.607 0.58 0.554 0.527 0.5 0.474 0.447 0.42 0.394 0.367 0.344 0.343 0.343 0.342 0.342 0.329 0.307 0.285 0.263 0.241 0.219 0.197 0.175 0.153 0.131 0.109 0.087 0.085 0.085 0.084 0.084 0.084 0.084 0.084 0.084 0.084 0.082 0.076 0.07 0.063 0.057 0.05 0.044 0.037 0.031 0.025 0.018 0.012 0.009 0.008 0.007 0.006 0.006 0.005 0.004 0.003 0.002 0.001 0.0 0.0 0.0 0.0 0.0
1.021 1.024 1.026 1.028 1.031 1.033 1.031 1.03 1.028 1.026 1.025 1.023 1.021 1.019 1.018 1.016 1.014 1.012 1.011 1.009 1.006 1.004 1.002 1.002 1.002 1.002 1.002 1.002 1.002 1.002 1.002 1.002 1.002 1.002 1.002 1.001 0.999 0.997 0.994 0.992 0.99 0.988 0.986 0.985 0.983 0.982 0.98 0.979 0.977 0.976 0.974 0.973 0.971 0.97 0.968 0.957 0.937 0.918 0.898 0.878 0.858 0.839 0.819 0.799 0.78 0.76 0.74 0.721 0.712 0.71 0.709 0.705 0.679 0.652 0.625 0.598 0.572 0.545 0.518 0.492 0.465 0.438 0.411 0.385 0.367 0.367 0.366 0.366 0.352 0.33 0.308 0.286 0.264 0.242 0.22 0.198 0.176 0.154 0.132 0.11 0.091 0.09 0.09 0.09 0.09 0.09 0.09 0.09 0.089 0.083 0.077 0.07 0.064 0.057 0.051 0.044 0.038 0.032 0.025 0.019 0.012 0.01 0.009 0.008 0.007 0.006 0.005 0.005 0.004 0.003 0.002 0.001 0.0 0.0 0.0 0.0
1.078 1.081 1.083 1.085 1.088 1.09 1.088 1.087 1.085 1.083 1.081 1.08 1.078 1.076 1.074 1.073 1.071 1.069 1.068 1.066 1.064 1.061 1.06 1.06 1.06 1.06 1.06 1.06 1.06 1.059 1.059 1.059 1.059 1.059 1.059 1.059 1.058 1.056 1.054 1.052 1.05 1.048 1.046 1.045 1.043 1.042 1.04 1.039 1.037 1.036 1.034 1.033 1.031 1.03 1.028 1.017 0.997 0.977 0.957 0.938 0.918 0.898 0.879 0.859 0.839 0.82 0.8 0.78 0.76 0.755 0.754 0.75 0.723 0.697 0.67 0.643 0.616 0.59 0.563 0.536 0.51 0.483 0.456 0.429 0.403 0.391 0.39 0.389 0.375 0.353 0.331 0.309 0.288 0.266 0.244 0.222 0.2 0.178 0.156 0.134 0.112 0.096 0.096 0.096 0.096 0.096 0.096 0.096 0.09 0.084 0.077 0.071 0.064 0.058 0.051 0.045 0.039 0.032 0.026 0.019 0.013 0.01 0.009 0.009 0.008 0.007 0.006 0.005 0.004 0.004 0.003 0.002 0.001 0.0 0.0 0.0
1.135 1.138 1.14 1.142 1.145 1.147 1.145 1.143 1.142 1.14 1.138 1.137 1.135 1.133 1.131 1.13 1.128 1.126 1.124 1.123 1.121 1.119 1.117 1.117 1.117 1.117 1.117 1.117 1.117 1.117 1.117 1.117 1.117 1.117 1.117 1.117 1.117 1.115 1.113 1.111 1.109 1.108 1.106 1.105 1.103 1.102 1.1 1.099 1.097 1.096 1.094 1.093 1.091 1.09 1.088 1.076 1.057 1.037 1.017 0.997 0.978 0.958 0.938 0.919 0.899 0.879 0.859 0.84 0.82 0.8 0.799 0.795 0.768 0.741 0.714 0.688 0.661 0.634 0.608 0.581 0.554 0.528 0.501 0.474 0.447 0.421 0.414 0.413 0.399 0.377 0.355 0.333 0.311 0.289 0.267 0.245 0.223 0.201 0.179 0.157 0.135 0.113 0.102 0.102 0.102 0.102 0.102 0.097 0.091 0.084 0.078 0.071 0.065 0.058 0.052 0.046 0.039 0.033 0.026 0.02 0.013 0.011 0.01 0.009 0.008 0.008 0.007 0.006 0.005 0.004 0.003 0.002 0.002 0.001 0.0 0.0
1.192 1.195 1.197 1.199 1.202 1.204 1.202 1.2 1.199 1.197 1.195 1.193 1.192 1.19 1.188 1.186 1.185 1.183 1.181 1.18 1.178 1.176 1.175 1.175 1.175 1.175 1.175 1.175 1.175 1.175 1.175 1.174 1.174 1.174 1.174 1.174 1.174 1.174 1.173 1.171 1.169 1.168 1.166 1.165 1.163 1.162 1.16 1.159 1.157 1.156 1.154 1.153 1.151 1.15 1.148 1.136 1.116 1.096 1.077 1.057 1.037 1.018 0.998 0.978 0.959 0.939 0.919 0.899 0.88 0.86 0.844 0.839 0.813 0.786 0.759 0.732 0.706 0.679 0.652 0.626 0.599 0.572 0.545 0.519 0.492 0.465 0.439 0.437 0.422 0.4 0.378 0.356 0.334 0.312 0.29 0.268 0.247 0.225 0.203 0.181 0.159 0.137 0.115 0.108 0.108 0.108 0.104 0.098 0.091 0.085 0.078 0.072 0.065 0.059 0.053 0.046 0.04 0.033 0.027 0.02 0.014 0.012 0.011 0.01 0.009 0.008 0.007 0.007 0.006 0.005 0.004 0.003 0.002 0.001 0.001 0.0
1.198 1.201 1.205 1.208 1.211 1.214 1.214 1.213 1.212 1.211 1.211 1.21 1.209 1.208 1.208 1.207 1.206 1.205 1.205 1.204 1.203 1.202 1.206 1.207 1.208 1.208 1.209 1.21 1.211 1.212 1.213 1.214 1.214 1.215 1.216 1.217 1.218 1.219 1.218 1.217 1.217 1.216 1.216 1.215 1.215 1.215 1.214 1.214 1.213 1.213 1.213 1.212 1.211 1.21 1.208 1.195 1.176 1.156 1.136 1.117 1.097 1.077 1.058 1.038 1.018 0.998 0.979 0.959 0.939 0.92 0.9 0.884 0.857 0.831 0.804 0.777 0.75 0.724 0.697 0.67 0.644 0.617 0.59 0.563 0.537 0.51 0.483 0.461 0.446 0.424 0.402 0.38 0.358 0.336 0.314 0.292 0.27 0.248 0.226 0.204 0.182 0.16 0.138 0.116 0.114 0.111 0.105 0.098 0.092 0.085 0.079 0.072 0.066 0.06 0.053 0.047 0.04 0.034 0.027 0.021 0.015 0.012 0.011 0.011 0.01 0.009 0.008 0.007 0.006 0.006 0.005 0.004 0.003 0.002 0.001 0.0
1.193 1.196 1.2 1.203 1.206 1.209 1.209 1.208 1.207 1.206 1.206 1.205 1.204 1.203 1.203 1.202 1.201 1.2 1.2 1.199 1.198 1.204 1.208 1.208 1.209 1.21 1.211 1.212 1.213 1.214 1.214 1.215 1.216 1.217 1.218 1.219 1.219 1.22 1.218 1.21 1.209 1.209 1.209 1.208 1.208 1.207 1.207 1.207 1.206 1.206 1.205 1.205 1.205 1.204 1.204 1.192 1.173 1.155 1.136 1.117 1.099 1.08 1.062 1.043 1.024 1.006 0.987 0.969 0.95 0.931 0.913 0.901 0.881 0.855 0.829 0.803 0.776 0.75 0.724 0.698 0.672 0.646 0.619 0.593 0.567 0.541 0.515 0.488 0.465 0.443 0.422 0.4 0.378 0.356 0.334 0.313 0.291 0.269 0.247 0.225 0.204 0.182 0.16 0.138 0.12 0.113 0.107 0.1 0.093 0.086 0.08 0.073 0.067 0.06 0.054 0.047 0.041 0.034 0.028 0.022 0.015 0.013 0.012 0.011 0.01 0.01 0.009 0.008 0.007 0.006 0.005 0.005 0.004 0.003 0.002 0.001
1.188 1.191 1.195 1.198 1.201 1.204 1.204 1.203 1.202 1.201 1.201 1.2 1.199 1.198 1.198 1.197 1.196 1.195 1.195 1.194 1.198 1.206 1.209 1.21 1.211 1.212 1.213 1.214 1.214 1.215 1.216 1.217 1.218 1.219 1.22 1.22 1.221 1.22 1.217 1.209 1.202 1.202 1.201 1.201 1.201 1.2 1.2 1.199 1.199 1.199 1.198 1.198 1.197 1.197 1.197 1.184 1.166 1.147 1.129 1.11 1.091 1.073 1.054 1.036 1.017 0.998 0.98 0.961 0.943 0.924 0.911 0.901 0.891 0.868 0.842 0.816 0.79 0.764 0.737 0.711 0.685 0.659 0.633 0.607 0.58 0.554 0.528 0.502 0.479 0.457 0.435 0.413 0.391 0.37 0.348 0.326 0.304 0.282 0.261 0.239 0.217 0.195 0.173 0.153 0.141 0.129 0.122 0.115 0.109 0.102 0.095 0.089 0.082 0.075 0.069 0.062 0.055 0.048 0.042 0.035 0.028 0.026 0.025 0.024 0.023 0.022 0.021 0.019 0.018 0.017 0.016 0.015 0.014 0.013 0.012 0.011
1.183 1.186 1.19 1.193 1.196 1.199 1.199 1.198 1.197 1.196 1.196 1.195 1.194 1.193 1.193 1.192 1.191 1.19 1.19 1.193 1.2 1.208 1.211 1.212 1.213 1.214 1.214 1.215 1.216 1.217 1.218 1.219 1.22 1.22 1.221 1.222 1.221 1.22 1.217 1.208 1.199 1.195 1.194 1.194 1.193 1.193 1.193 1.192 1.192 1.191 1.191 1.191 1.19 1.19 1.189 1.177 1.158 1.14 1.121 1.102 1.084 1.065 1.047 1.028 1.009 0.991 0.972 0.954 0.935 0.921 0.911 0.901 0.892 0.882 0.856 0.829 0.803 0.777 0.751 0.725 0.699 0.672 0.646 0.62 0.594 0.568 0.541 0.515 0.492 0.47 0.449 0.427 0.405 0.383 0.361 0.34 0.318 0.296 0.274 0.252 0.231 0.209 0.187 0.175 0.163 0.148 0.137 0.131 0.124 0.117 0.111 0.104 0.097 0.091 0.084 0.077 0.071 0.064 0.057 0.051 0.044 0.042 0.04 0.039 0.038 0.037 0.036 0.035 0.034 0.033 0.032 0.031 0.03 0.028 0.027 0.026
1.178 1.181 1.185 1.188 1.191 1.194 1.193 1.193 1.192 1.191 1.19 1.19 1.189 1.188 1.187 1.187 1.186 1.185 1.187 1.195 1.202 1.209 1.213 1.214 1.214 1.215 1.216 1.217 1.218 1.219 1.22 1.22 1.221 1.222 1.223 1.222 1.221 1.219 1.217 1.208 1.199 1.19 1.187 1.187 1.186 1.186 1.185 1.185 1.185 1.184 1.184 1.183 1.183 1.183 1.182 1.169 1.151 1.132 1.114 1.095 1.076 1.058 1.039 1.021 1.002 0.983 0.965 0.946 0.93 0.921 0.911 0.902 0.892 0.882 0.869 0.843 0.817 0.79 0.764 0.738 0.712 0.686 0.66 0.633 0.607 0.581 0.555 0.529 0.506 0.484 0.462 0.44 0.418 0.397 0.375 0.353 0.331 0.309 0.288 0.266 0.244 0.222 0.209 0.197 0.184 0.17 0.155 0.146 0.139 0.133 0.126 0.119 0.113 0.106 0.099 0.093 0.086 0.079 0.073 0.066 0.059 0.057 0.056 0.055 0.054 0.053 0.052 0.051 0.049 0.048 0.047 0.046 0.045 0.044 0.043 0.034
1.173 1.176 1.18 1.183 1.186 1.189 1.188 1.188 1.187 1.186 1.185 1.185 1.184 1.183 1.182 1.182 1.181 1.182 1.189 1.197 1.204 1.211 1.214 1.215 1.216 1.217 1.218 1.219 1.22 1.22 1.221 1.222 1.223 1.224 1.223 1.222 1.221 1.219 1.216 1.207 1.198 1.19 1.181 1.179 1.179 1.179 1.178 1.178 1.177 1.177 1.177 1.176 1.176 1.175 1.175 1.162 1.143 1.125 1.106 1.087 1.069 1.05 1.032 1.013 0.994 0.976 0.957 0.94 0.931 0.921 0.912 0.902 0.892 0.883 0.873 0.856 0.83 0.804 0.778 0.752 0.725 0.699 0.673 0.647 0.621 0.594 0.568 0.542 0.519 0.497 0.476 0.454 0.432 0.41 0.388 0.367 0.345 0.323 0.301 0.279 0.257 0.243 0.231 0.219 0.206 0.191 0.177 0.162 0.155 0.148 0.142 0.135 0.128 0.121 0.115 0.108 0.101 0.095 0.088 0.081 0.075 0.073 0.072 0.07 0.069 0.068 0.067 0.066 0.065 0.064 0.063 0.062 0.061 0.059 0.053 0.036
1.168 1.171 1.175 1.178 1.181 1.184 1.183 1.183 1.182 1.181 1.18 1.18 1.179 1.178 1.177 1.177 1.176 1.184 1.191 1.198 1.206 1.213 1.216 1.217 1.218 1.219 1.22 1.22 1.221 1.222 1.223 1.224 1.225 1.225 1.223 1.222 1.22 1.219 1.216 1.207 1.198 1.189 1.18 1.172 1.172 1.171 1.171 1.171 1.17 1.17 1.169 1.169 1.169 1.168 1.168 1.154 1.136 1.117 1.099 1.08 1.061 1.043 1.024 1.006 0.987 0.968 0.95 0.94 0.931 0.921 0.912 0.902 0.893 0.883 0.873 0.863 0.843 0.817 0.791 0.765 0.739 0.713 0.686 0.66 0.634 0.608 0.582 0.555 0.533 0.511 0.489 0.467 0.445 0.424 0.402 0.38 0.358 0.336 0.315 0.293 0.277 0.265 0.253 0.241 0.228 0.213 0.199 0.184 0.17 0.164 0.157 0.15 0.144 0.137 0.13 0.124 0.117 0.11 0.103 0.097 0.09 0.088 0.087 0.086 0.085 0.084 0.083 0.082 0.08 0.079 0.078 0.077 0.076 0.072 0.055 0.039
1.163 1.166 1.17 1.173 1.176 1.179 1.178 1.178 1.177 1.176 1.175 1.175 1.174 1.173 1.172 1.172 1.178 1.186 1.193 1.2 1.208 1.215 1.218 1.219 1.22 1.22 1.221 1.222 1.223 1.224 1.225 1.226 1.226 1.224 1.223 1.222 1.22 1.219 1.216 1.207 1.198 1.189 1.18 1.171 1.165 1.164 1.164 1.163 1.163 1.163 1.162 1.162 1.161 1.161 1.161 1.147 1.128 1.11 1.091 1.072 1.054 1.035 1.017 0.998 0.98 0.961 0.95 0.941 0.931 0.922 0.912 0.903 0.893 0.883 0.873 0.864 0.854 0.831 0.805 0.778 0.752 0.726 0.7 0.674 0.647 0.621 0.595 0.569 0.546 0.524 0.502 0.481 0.459 0.437 0.415 0.393 0.372 0.35 0.328 0.311 0.299 0.287 0.274 0.262 0.25 0.235 0.22 0.206 0.191 0.179 0.172 0.166 0.159 0.152 0.146 0.139 0.132 0.126 0.119 0.112 0.106 0.104 0.103 0.101 0.1 0.099 0.098 0.097 0.096 0.095 0.094 0.093 0.091 0.074 0.057 0.041
1.158 1.161 1.165 1.168 1.171 1.174 1.173 1.173 1.172 1.171 1.17 1.17 1.169 1.168 1.167 1.173 1.18 1.187 1.195 1.202 1.209 1.217 1.22 1.221 1.221 1.222 1.223 1.224 1.225 1.226 1.226 1.227 1.226 1.224 1.223 1.221 1.22 1.218 1.215 1.206 1.197 1.188 1.18 1.171 1.162 1.157 1.157 1.156 1.156 1.155 1.155 1.155 1.154 1.154 1.153 1.139 1.121 1.102 1.084 1.065 1.046 1.028 1.009 0.991 0.972 0.96 0.95 0.941 0.931 0.922 0.912 0.903 0.893 0.883 0.874 0.864 0.854 0.844 0.818 0.792 0.766 0.739 0.713 0.687 0.661 0.635 0.608 0.582 0.56 0.538 0.516 0.494 0.472 0.451 0.429 0.407 0.385 0.363 0.345 0.333 0.32 0.308 0.296 0.284 0.271 0.257 0.242 0.227 0.213 0.198 0.188 0.181 0.174 0.168 0.161 0.154 0.148 0.141 0.134 0.128 0.121 0.119 0.118 0.117 0.116 0.115 0.114 0.113 0.112 0.11 0.109 0.108 0.093 0.076 0.06 0.043
1.153 1.156 1.16 1.163 1.166 1.169 1.168 1.167 1.167 1.166 1.165 1.164 1.164 1.163 1.167 1.175 1.182 1.189 1.197 1.204 1.211 1.219 1.221 1.222 1.223 1.224 1.225 1.226 1.226 1.227 1.228 1.227 1.225 1.224 1.223 1.221 1.22 1.218 1.215 1.206 1.197 1.188 1.179 1.17 1.161 1.152 1.149 1.149 1.149 1.148 1.148 1.147 1.147 1.147 1.146 1.132 1.113 1.095 1.076 1.058 1.039 1.02 1.002 0.983 0.97 0.96 0.951 0.941 0.932 0.922 0.913 0.903 0.893 0.884 0.874 0.864 0.854 0.845 0.831 0.805 0.779 0.753 0.727 0.7 0.674 0.648 0.622 0.596 0.573 0.551 0.529 0.508 0.486 0.464 0.442 0.42 0.399 0.378 0.366 0.354 0.342 0.33 0.318 0.306 0.293 0.278 0.264 0.249 0.235 0.22 0.205 0.197 0.19 0.183 0.176 0.17 0.163 0.156 0.15 0.143 0.136 0.135 0.134 0.133 0.131 0.13 0.129 0.128 0.127 0.126 0.125 0.112 0.095 0.078 0.062 0.045
1.148 1.151 1.155 1.158 1.161 1.164 1.163 1.162 1.162 1.161 1.16 1.159 1.159 1.162 1.169 1.176 1.184 1.191 1.198 1.206 1.213 1.22 1.223 1.224 1.225 1.226 1.226 1.227 1.228 1.229 1.228 1.227 1.225 1.224 1.222 1.221 1.219 1.218 1.215 1.206 1.197 1.188 1.179 1.17 1.161 1.152 1.143 1.142 1.141 1.141 1.141 1.14 1.14 1.139 1.139 1.124 1.106 1.087 1.069 1.05 1.031 1.013 0.994 0.979 0.97 0.96 0.951 0.942 0.932 0.923 0.913 0.903 0.894 0.884 0.874 0.864 0.855 0.845 0.835 0.819 0.792 0.766 0.74 0.714 0.688 0.661 0.635 0.609 0.587 0.565 0.543 0.521 0.499 0.478 0.456 0.434 0.412 0.4 0.388 0.376 0.364 0.352 0.34 0.328 0.315 0.3 0.286 0.271 0.256 0.242 0.227 0.212 0.205 0.199 0.192 0.185 0.179 0.172 0.165 0.159 0.152 0.15 0.149 0.148 0.147 0.146 0.145 0.144 0.143 0.141 0.131 0.114 0.097 0.081 0.064 0.047
1.143 1.146 1.15 1.153 1.156 1.159 1.158 1.157 1.157 1.156 1.155 1.154 1.156 1.164 1.171 1.178 1.186 1.193 1.2 1.208 1.215 1.222 1.225 1.226 1.227 1.227 1.228 1.229 1.23 1.229 1.228 1.226 1.225 1.224 1.222 1.221 1.219 1.218 1.214 1.205 1.196 1.187 1.178 1.169 1.161 1.152 1.143 1.135 1.134 1.134 1.133 1.133 1.133 1.132 1.132 1.117 1.098 1.08 1.061 1.043 1.024 1.005 0.989 0.98 0.97 0.961 0.951 0.942 0.932 0.923 0.913 0.904 0.894 0.884 0.875 0.865 0.855 0.845 0.835 0.826 0.806 0.78 0.753 0.727 0.701 0.675 0.649 0.622 0.6 0.578 0.556 0.535 0.513 0.491 0.469 0.447 0.434 0.422 0.41 0.398 0.386 0.374 0.362 0.35 0.337 0.322 0.307 0.293 0.278 0.263 0.249 0.234 0.221 0.214 0.207 0.201 0.194 0.187 0.181 0.174 0.167 0.166 0.165 0.164 0.162 0.161 0.16 0.159 0.158 0.15 0.133 0.116 0.1 0.083 0.066 0.05
1.138 1.141 1.145 1.148 1.151 1.154 1.153 1.152 1.152 1.151 1.15 1.151 1.158 1.166 1.173 1.18 1.187 1.195 1.202 1.209 1.217 1.224 1.227 1.227 1.228 1.229 1.23 1.231 1.23 1.229 1.228 1.226 1.225 1.223 1.222 1.22 1.219 1.218 1.214 1.205 1.196 1.187 1.178 1.169 1.16 1.151 1.142 1.133 1.127 1.127 1.126 1.126 1.125 1.125 1.125 1.109 1.091 1.072 1.054 1.035 1.016 0.999 0.99 0.98 0.971 0.961 0.952 0.942 0.933 0.923 0.914 0.904 0.894 0.885 0.875 0.865 0.855 0.846 0.836 0.826 0.816 0.793 0.767 0.741 0.714 0.688 0.662 0.636 0.614 0.592 0.57 0.548 0.526 0.504 0.483 0.468 0.456 0.444 0.432 0.42 0.408 0.396 0.383 0.371 0.358 0.344 0.329 0.314 0.3 0.285 0.271 0.256 0.241 0.229 0.223 0.216 0.209 0.203 0.196 0.189 0.183 0.181 0.18 0.179 0.178 0.177 0.176 0.175 0.168 0.152 0.135 0.118 0.102 0.085 0.068 0.052
1.133 1.136 1.14 1.143 1.146 1.149 1.148 1.147 1.146 1.146 1.145 1.153 1.16 1.167 1.175 1.182 1.189 1.197 1.204 1.211 1.219 1.226 1.228 1.229 1.23 1.231 1.232 1.232 1.23 1.229 1.227 1.226 1.224 1.223 1.222 1.22 1.219 1.217 1.214 1.205 1.196 1.187 1.178 1.169 1.16 1.151 1.142 1.133 1.124 1.119 1.119 1.119 1.118 1.118 1.117 1.102 1.083 1.065 1.046 1.028 1.009 0.999 0.99 0.98 0.971 0.961 0.952 0.942 0.933 0.923 0.914 0.904 0.895 0.885 0.875 0.865 0.856 0.846 0.836 0.826 0.817 0.806 0.78 0.754 0.728 0.702 0.675 0.649 0.627 0.605 0.583 0.562 0.54 0.518 0.502 0.49 0.478 0.466 0.454 0.442 0.429 0.417 0.405 0.393 0.38 0.365 0.351 0.336 0.322 0.307 0.292 0.278 0.263 0.249 0.238 0.232 0.225 0.218 0.211 0.205 0.198 0.197 0.196 0.195 0.194 0.192 0.191 0.187 0.171 0.154 0.137 0.121 0.104 0.087 0.071 0.054
1.123 1.131 1.135 1.138 1.141 1.144 1.143 1.142 1.141 1.141 1.147 1.155 1.162 1.169 1.176 1.184 1.191 1.198 1.206 1.213 1.22 1.228 1.23 1.231 1.232 1.233 1.233 1.231 1.23 1.229 1.227 1.226 1.224 1.223 1.221 1.22 1.219 1.217 1.213 1.204 1.195 1.186 1.177 1.168 1.159 1.15 1.142 1.133 1.124 1.115 1.112 1.111 1.111 1.111 1.11 1.094 1.076 1.057 1.039 1.02 1.009 1.0 0.99 0.981 0.971 0.962 0.952 0.943 0.933 0.924 0.914 0.905 0.895 0.885 0.875 0.866 0.856 0.846 0.836 0.827 0.817 0.807 0.794 0.767 0.741 0.715 0.689 0.663 0.64 0.619 0.597 0.575 0.553 0.536 0.524 0.512 0.5 0.487 0.475 0.463 0.451 0.439 0.427 0.415 0.402 0.387 0.373 0.358 0.343 0.329 0.314 0.3 0.285 0.27 0.256 0.247 0.24 0.234 0.227 0.22 0.214 0.212 0.211 0.21 0.209 0.208 0.206 0.19 0.173 0.156 0.14 0.123 0.106 0.09 0.073 0.056
1.11 1.123 1.13 1.133 1.136 1.139 1.138 1.137 1.136 1.142 1.149 1.156 1.164 1.171 1.178 1.186 1.193 1.2 1.208 1.215 1.222 1.23 1.232 1.233 1.233 1.234 1.233 1.231 1.23 1.228 1.227 1.225 1.224 1.223 1.221 1.22 1.218 1.217 1.213 1.204 1.195 1.186 1.177 1.168 1.159 1.15 1.141 1.132 1.123 1.114 1.105 1.104 1.104 1.103 1.103 1.087 1.068 1.05 1.031 1.019 1.009 1.0 0.99 0.981 0.971 0.962 0.952 0.943 0.933 0.924 0.914 0.905 0.895 0.885 0.876 0.866 0.856 0.846 0.837 0.827 0.817 0.807 0.798 0.781 0.755 0.728 0.702 0.676 0.654 0.632 0.61 0.589 0.57 0.558 0.545 0.533 0.521 0.509 0.497 0.485 0.473 0.461 0.449 0.437 0.424 0.409 0.394 0.38 0.365 0.35 0.336 0.321 0.307 0.292 0.277 0.263 0.256 0.249 0.242 0.236 0.229 0.228 0.227 0.226 0.225 0.223 0.208 0.192 0.175 0.158 0.142 0.125 0.108 0.092 0.075 0.058
1.098 1.111 1.124 1.128 1.131 1.134 1.133 1.132 1.136 1.144 1.151 1.158 1.165 1.173 1.18 1.187 1.195 1.202 1.209 1.217 1.224 1.231 1.233 1.234 1.235 1.234 1.232 1.231 1.23 1.228 1.227 1.225 1.224 1.222 1.221 1.219 1.218 1.217 1.213 1.204 1.195 1.186 1.177 1.168 1.159 1.15 1.141 1.132 1.123 1.114 1.105 1.097 1.097 1.096 1.096 1.079 1.061 1.042 1.029 1.019 1.01 1.0 0.991 0.981 0.972 0.962 0.953 0.943 0.934 0.924 0.915 0.905 0.895 0.886 0.876 0.866 0.856 0.847 0.837 0.827 0.817 0.808 0.798 0.788 0.768 0.742 0.716 0.689 0.667 0.646 0.624 0.603 0.591 0.579 0.567 0.555 0.543 0.531 0.519 0.507 0.495 0.483 0.471 0.459 0.445 0.431 0.416 0.401 0.387 0.372 0.358 0.343 0.328 0.314 0.299 0.285 0.271 0.264 0.258 0.251 0.244 0.243 0.242 0.241 0.24 0.227 0.211 0.194 0.177 0.161 0.144 0.127 0.111 0.094 0.077 0.061
1.085 1.098 1.111 1.123 1.126 1.129 1.128 1.131 1.138 1.145 1.153 1.16 1.167 1.175 1.182 1.189 1.197 1.204 1.211 1.219 1.226 1.233 1.235 1.236 1.235 1.234 1.232 1.231 1.229 1.228 1.226 1.225 1.224 1.222 1.221 1.219 1.218 1.216 1.212 1.203 1.194 1.185 1.176 1.167 1.158 1.149 1.14 1.131 1.123 1.114 1.105 1.096 1.089 1.089 1.089 1.072 1.053 1.038 1.029 1.019 1.01 1.0 0.991 0.981 0.972 0.962 0.953 0.944 0.934 0.925 0.915 0.905 0.896 0.886 0.876 0.866 0.857 0.847 0.837 0.827 0.818 0.808 0.798 0.788 0.779 0.755 0.729 0.703 0.681 0.659 0.637 0.625 0.613 0.601 0.589 0.577 0.565 0.553 0.541 0.529 0.517 0.505 0.492 0.48 0.467 0.452 0.438 0.423 0.409 0.394 0.379 0.365 0.35 0.336 0.321 0.306 0.292 0.28 0.273 0.267 0.26 0.259 0.258 0.257 0.246 0.229 0.213 0.196 0.179 0.163 0.146 0.129 0.113 0.096 0.08 0.063
1.072 1.085 1.098 1.111 1.121 1.123 1.125 1.133 1.14 1.147 1.155 1.162 1.169 1.176 1.184 1.191 1.198 1.206 1.213 1.22 1.228 1.235 1.237 1.236 1.235 1.233 1.232 1.231 1.229 1.228 1.226 1.225 1.223 1.222 1.22 1.219 1.218 1.216 1.212 1.203 1.194 1.185 1.176 1.167 1.158 1.149 1.14 1.131 1.122 1.113 1.104 1.095 1.086 1.082 1.081 1.064 1.048 1.039 1.029 1.02 1.01 1.001 0.991 0.982 0.972 0.963 0.953 0.944 0.934 0.925 0.915 0.906 0.896 0.886 0.876 0.867 0.857 0.847 0.837 0.828 0.818 0.808 0.798 0.789 0.779 0.769 0.742 0.716 0.694 0.673 0.659 0.647 0.635 0.623 0.611 0.599 0.587 0.575 0.563 0.55 0.538 0.526 0.514 0.502 0.489 0.474 0.46 0.445 0.43 0.416 0.401 0.387 0.372 0.357 0.343 0.328 0.313 0.299 0.289 0.282 0.276 0.274 0.273 0.265 0.248 0.232 0.215 0.198 0.182 0.165 0.148 0.132 0.115 0.098 0.082 0.065
1.06 1.073 1.086 1.098 1.111 1.12 1.127 1.134 1.142 1.149 1.156 1.164 1.171 1.178 1.186 1.193 1.2 1.208 1.215 1.222 1.23 1.237 1.237 1.236 1.235 1.233 1.232 1.23 1.229 1.227 1.226 1.225 1.223 1.222 1.22 1.219 1.217 1.216 1.212 1.203 1.194 1.185 1.176 1.167 1.158 1.149 1.14 1.131 1.122 1.113 1.104 1.095 1.086 1.077 1.074 1.058 1.048 1.039 1.029 1.02 1.011 1.001 0.992 0.982 0.973 0.963 0.954 0.944 0.935 0.925 0.916 0.906 0.896 0.887 0.877 0.867 0.857 0.848 0.838 0.828 0.818 0.809 0.799 0.789 0.779 0.769 0.756 0.73 0.708 0.693 0.681 0.669 0.657 0.645 0.633 0.621 0.609 0.596 0.584 0.572 0.56 0.548 0.536 0.524 0.511 0.496 0.481 0.467 0.452 0.438 0.423 0.408 0.394 0.379 0.364 0.35 0.335 0.321 0.306 0.297 0.291 0.29 0.284 0.267 0.251 0.234 0.217 0.201 0.184 0.167 0.151 0.134 0.117 0.101 0.084 0.067
1.038 1.051 1.064 1.077 1.09 1.093 1.096 1.104 1.112 1.12 1.128 1.136 1.144 1.152 1.16 1.168 1.176 1.184 1.192 1.2 1.208 1.216 1.214 1.213 1.213 1.212 1.211 1.21 1.21 1.209 1.208 1.207 1.207 1.206 1.205 1.204 1.204 1.203 1.2 1.192 1.184 1.175 1.167 1.159 1.15 1.142 1.134 1.125 1.117 1.109 1.1 1.092 1.084 1.075 1.067 1.058 1.049 1.039 1.03 1.02 1.011 1.001 0.992 0.982 0.973 0.963 0.954 0.944 0.935 0.925 0.916 0.906 0.897 0.887 0.877 0.867 0.858 0.848 0.838 0.828 0.819 0.809 0.799 0.789 0.78 0.77 0.76 0.743 0.727 0.715 0.703 0.691 0.679 0.667 0.654 0.642 0.63 0.618 0.606 0.594 0.582 0.57 0.558 0.546 0.532 0.518 0.503 0.489 0.474 0.459 0.445 0.43 0.415 0.401 0.386 0.372 0.357 0.342 0.328 0.313 0.307 0.303 0.286 0.269 0.253 0.236 0.219 0.203 0.186 0.169 0.153 0.136 0.119 0.103 0.086 0.069
1.016 1.029 1.042 1.055 1.063 1.066 1.059 1.065 1.073 1.081 1.089 1.097 1.105 1.113 1.121 1.129 1.137 1.145 1.153 1.161 1.169 1.177 1.173 1.17 1.169 1.169 1.168 1.167 1.166 1.166 1.165 1.164 1.163 1.163 1.162 1.161 1.16 1.16 1.158 1.154 1.145 1.137 1.129 1.12 1.112 1.104 1.095 1.087 1.079 1.07 1.062 1.054 1.045 1.037 1.028 1.02 1.011 1.002 0.993 0.984 0.975 0.967 0.958 0.949 0.94 0.931 0.922 0.913 0.905 0.896 0.889 0.891 0.882 0.873 0.863 0.854 0.844 0.835 0.825 0.816 0.807 0.797 0.788 0.778 0.769 0.76 0.75 0.741 0.729 0.718 0.707 0.695 0.684 0.673 0.661 0.65 0.638 0.627 0.616 0.604 0.593 0.582 0.57 0.559 0.548 0.534 0.52 0.506 0.491 0.477 0.463 0.449 0.435 0.421 0.407 0.393 0.379 0.364 0.349 0.335 0.322 0.305 0.288 0.272 0.255 0.238 0.222 0.205 0.188 0.172 0.155 0.138 0.122 0.105 0.088 0.072
0.993 1.006 1.019 1.028 1.036 1.038 1.032 1.026 1.034 1.042 1.05 1.058 1.066 1.074 1.082 1.09 1.098 1.106 1.114 1.122 1.13 1.138 1.133 1.128 1.126 1.125 1.125 1.124 1.123 1.122 1.122 1.121 1.12 1.119 1.119 1.118 1.117 1.117 1.115 1.113 1.107 1.099 1.09 1.082 1.074 1.065 1.057 1.049 1.04 1.032 1.024 1.015 1.007 0.998 0.99 0.981 0.972 0.964 0.955 0.946 0.937 0.928 0.919 0.911 0.902 0.893 0.884 0.875 0.866 0.857 0.863 0.865 0.862 0.852 0.843 0.833 0.824 0.815 0.805 0.796 0.786 0.777 0.768 0.758 0.749 0.739 0.73 0.72 0.709 0.698 0.686 0.675 0.664 0.652 0.641 0.63 0.618 0.607 0.595 0.584 0.573 0.561 0.55 0.543 0.534 0.521 0.507 0.493 0.479 0.465 0.451 0.437 0.423 0.409 0.395 0.381 0.367 0.353 0.339 0.325 0.31 0.294 0.278 0.261 0.245 0.228 0.212 0.196 0.179 0.163 0.146 0.13 0.114 0.097 0.081 0.064
0.97 0.983 0.993 1.001 1.008 1.01 1.004 0.998 0.995 1.003 1.011 1.019 1.027 1.035 1.043 1.051 1.059 1.067 1.075 1.083 1.091 1.099 1.094 1.089 1.083 1.082 1.082 1.081 1.08 1.079 1.079 1.078 1.077 1.076 1.076 1.075 1.074 1.073 1.072 1.07 1.067 1.06 1.052 1.044 1.035 1.027 1.019 1.01 1.002 0.994 0.985 0.977 0.969 0.96 0.952 0.943 0.934 0.925 0.916 0.908 0.899 0.89 0.881 0.872 0.863 0.854 0.846 0.837 0.828 0.832 0.838 0.839 0.837 0.832 0.823 0.813 0.804 0.794 0.785 0.776 0.766 0.757 0.747 0.738 0.729 0.719 0.71 0.7 0.689 0.677 0.666 0.655 0.643 0.632 0.621 0.609 0.598 0.587 0.575 0.564 0.552 0.541 0.533 0.529 0.52 0.509 0.495 0.481 0.467 0.453 0.439 0.425 0.411 0.397 0.383 0.369 0.355 0.341 0.327 0.312 0.298 0.282 0.265 0.249 0.232 0.216 0.2 0.183 0.167 0.15 0.134 0.118 0.101 0.085 0.068 0.052
0.948 0.958 0.966 0.973 0.981 0.983 0.976 0.97 0.964 0.964 0.972 0.98 0.988 0.996 1.004 1.012 1.02 1.028 1.036 1.044 1.052 1.06 1.055 1.049 1.044 1.039 1.038 1.038 1.037 1.036 1.035 1.035 1.034 1.033 1.032 1.032 1.031 1.03 1.029 1.026 1.024 1.022 1.014 1.005 0.997 0.989 0.98 0.972 0.964 0.955 0.947 0.939 0.93 0.922 0.913 0.905 0.896 0.887 0.878 0.869 0.86 0.852 0.843 0.834 0.825 0.816 0.807 0.798 0.8 0.806 0.812 0.814 0.811 0.808 0.802 0.793 0.784 0.774 0.765 0.755 0.746 0.737 0.727 0.718 0.708 0.699 0.689 0.68 0.669 0.657 0.646 0.634 0.623 0.612 0.6 0.589 0.578 0.566 0.555 0.544 0.532 0.523 0.519 0.514 0.506 0.494 0.483 0.469 0.455 0.441 0.427 0.412 0.398 0.384 0.37 0.356 0.342 0.328 0.314 0.3 0.286 0.269 0.253 0.237 0.22 0.204 0.187 0.171 0.155 0.138 0.122 0.105 0.089 0.072 0.056 0.051
0.923 0.931 0.939 0.946 0.954 0.955 0.949 0.942 0.936 0.93 0.933 0.941 0.949 0.957 0.965 0.973 0.981 0.989 0.997 1.005 1.013 1.02 1.016 1.01 1.004 0.999 0.995 0.994 0.994 0.993 0.992 0.991 0.991 0.99 0.989 0.988 0.988 0.987 0.986 0.983 0.981 0.979 0.975 0.967 0.959 0.95 0.942 0.934 0.925 0.917 0.909 0.9 0.892 0.884 0.875 0.866 0.857 0.849 0.84 0.831 0.822 0.813 0.804 0.796 0.787 0.778 0.769 0.768 0.774 0.78 0.787 0.788 0.785 0.783 0.78 0.773 0.763 0.754 0.745 0.735 0.726 0.716 0.707 0.697 0.688 0.679 0.669 0.66 0.648 0.637 0.626 0.614 0.603 0.591 0.58 0.569 0.557 0.546 0.535 0.523 0.513 0.509 0.504 0.5 0.491 0.48 0.468 0.456 0.442 0.428 0.414 0.4 0.386 0.372 0.358 0.344 0.33 0.316 0.302 0.288 0.273 0.257 0.241 0.224 0.208 0.191 0.175 0.159 0.142 0.126 0.109 0.093 0.077 0.06 0.053 0.049
0.896 0.904 0.911 0.919 0.926 0.928 0.921 0.915 0.908 0.902 0.896 0.902 0.91 0.918 0.926 0.934 0.942 0.95 0.957 0.965 0.973 0.981 0.976 0.971 0.965 0.959 0.954 0.951 0.951 0.95 0.949 0.948 0.948 0.947 0.946 0.945 0.945 0.944 0.942 0.94 0.938 0.936 0.933 0.929 0.92 0.912 0.904 0.895 0.887 0.879 0.87 0.862 0.854 0.845 0.837 0.828 0.819 0.81 0.801 0.793 0.784 0.775 0.766 0.757 0.748 0.739 0.736 0.743 0.749 0.755 0.761 0.762 0.76 0.757 0.754 0.752 0.743 0.734 0.724 0.715 0.705 0.696 0.687 0.677 0.668 0.658 0.649 0.639 0.628 0.617 0.605 0.594 0.583 0.571 0.56 0.548 0.537 0.526 0.514 0.503 0.499 0.494 0.49 0.486 0.477 0.466 0.454 0.443 0.43 0.416 0.402 0.388 0.374 0.36 0.346 0.332 0.318 0.304 0.29 0.276 0.261 0.245 0.228 0.212 0.196 0.179 0.163 0.146 0.13 0.113 0.097 0.081 0.064 0.055 0.051 0.047
0.869 0.876 0.884 0.891 0.899 0.9 0.894 0.887 0.881 0.874 0.868 0.863 0.871 0.879 0.887 0.895 0.902 0.91 0.918 0.926 0.934 0.942 0.937 0.931 0.926 0.92 0.915 0.909 0.907 0.907 0.906 0.905 0.904 0.904 0.903 0.902 0.901 0.901 0.899 0.897 0.895 0.892 0.89 0.888 0.882 0.874 0.865 0.857 0.849 0.84 0.832 0.824 0.815 0.807 0.798 0.79 0.781 0.772 0.763 0.754 0.745 0.737 0.728 0.719 0.71 0.705 0.711 0.717 0.723 0.729 0.736 0.737 0.734 0.731 0.729 0.726 0.723 0.713 0.704 0.695 0.685 0.676 0.666 0.657 0.648 0.638 0.629 0.619 0.608 0.596 0.585 0.574 0.562 0.551 0.54 0.528 0.517 0.505 0.494 0.489 0.485 0.48 0.476 0.472 0.463 0.451 0.44 0.428 0.417 0.404 0.39 0.376 0.362 0.348 0.334 0.319 0.305 0.291 0.277 0.263 0.249 0.232 0.216 0.2 0.183 0.167 0.15 0.134 0.118 0.101 0.085 0.068 0.058 0.053 0.049 0.045
0.841 0.849 0.857 0.864 0.872 0.873 0.866 0.86 0.853 0.847 0.84 0.834 0.832 0.839 0.847 0.855 0.863 0.871 0.879 0.887 0.895 0.903 0.898 0.892 0.886 0.881 0.875 0.87 0.864 0.863 0.863 0.862 0.861 0.86 0.86 0.859 0.858 0.857 0.856 0.854 0.851 0.849 0.847 0.845 0.842 0.835 0.827 0.819 0.81 0.802 0.794 0.785 0.777 0.769 0.76 0.751 0.742 0.734 0.725 0.716 0.707 0.698 0.689 0.681 0.673 0.679 0.685 0.692 0.698 0.704 0.71 0.711 0.708 0.706 0.703 0.7 0.698 0.693 0.684 0.674 0.665 0.656 0.646 0.637 0.627 0.618 0.609 0.599 0.587 0.576 0.565 0.553 0.542 0.531 0.519 0.508 0.497 0.485 0.479 0.475 0.47 0.466 0.462 0.458 0.448 0.437 0.425 0.414 0.402 0.391 0.377 0.363 0.349 0.335 0.321 0.307 0.293 0.279 0.265 0.251 0.237 0.22 0.204 0.187 0.171 0.154 0.138 0.122 0.105 0.089 0.072 0.06 0.056 0.052 0.048 0.044
0.814 0.822 0.829 0.837 0.844 0.845 0.839 0.832 0.826 0.819 0.813 0.806 0.8 0.8 0.808 0.816 0.824 0.832 0.84 0.848 0.856 0.864 0.858 0.853 0.847 0.842 0.836 0.83 0.825 0.82 0.82 0.819 0.818 0.817 0.817 0.816 0.815 0.814 0.813 0.81 0.808 0.806 0.804 0.801 0.799 0.797 0.789 0.78 0.772 0.764 0.755 0.747 0.739 0.73 0.722 0.713 0.704 0.695 0.686 0.678 0.669 0.66 0.651 0.642 0.648 0.654 0.66 0.666 0.672 0.678 0.684 0.685 0.683 0.68 0.677 0.675 0.672 0.67 0.664 0.654 0.645 0.635 0.626 0.617 0.607 0.598 0.588 0.579 0.567 0.556 0.544 0.533 0.522 0.51 0.499 0.488 0.476 0.469 0.465 0.46 0.456 0.452 0.448 0.443 0.434 0.423 0.411 0.4 0.388 0.377 0.365 0.351 0.337 0.323 0.309 0.295 0.281 0.267 0.253 0.239 0.224 0.208 0.191 0.175 0.159 0.142 0.126 0.109 0.093 0.076 0.062 0.058 0.054 0.05 0.046 0.042
0.787 0.794 0.802 0.809 0.817 0.818 0.811 0.805 0.798 0.792 0.785 0.779 0.772 0.766 0.769 0.777 0.785 0.793 0.801 0.809 0.817 0.825 0.819 0.813 0.808 0.802 0.797 0.791 0.785 0.78 0.776 0.776 0.775 0.774 0.773 0.773 0.772 0.771 0.77 0.767 0.765 0.763 0.76 0.758 0.756 0.754 0.75 0.742 0.734 0.725 0.717 0.709 0.7 0.692 0.683 0.675 0.666 0.657 0.648 0.639 0.63 0.622 0.613 0.616 0.622 0.628 0.634 0.641 0.647 0.653 0.659 0.659 0.657 0.654 0.652 0.649 0.647 0.644 0.641 0.634 0.625 0.615 0.606 0.596 0.587 0.577 0.568 0.558 0.547 0.536 0.524 0.513 0.501 0.49 0.479 0.467 0.459 0.455 0.45 0.446 0.442 0.438 0.433 0.429 0.42 0.408 0.397 0.385 0.374 0.362 0.351 0.339 0.325 0.311 0.297 0.283 0.269 0.255 0.241 0.226 0.212 0.195 0.179 0.163 0.146 0.13 0.113 0.097 0.081 0.064 0.06 0.056 0.052 0.048 0.044 0.04
0.759 0.767 0.774 0.782 0.79 0.79 0.784 0.777 0.771 0.764 0.758 0.751 0.745 0.738 0.732 0.738 0.746 0.754 0.762 0.77 0.778 0.785 0.78 0.774 0.769 0.763 0.757 0.752 0.746 0.741 0.735 0.732 0.732 0.731 0.73 0.729 0.729 0.728 0.726 0.724 0.722 0.72 0.717 0.715 0.713 0.711 0.708 0.704 0.695 0.687 0.679 0.67 0.662 0.654 0.645 0.636 0.627 0.619 0.61 0.601 0.592 0.583 0.584 0.59 0.597 0.603 0.609 0.615 0.621 0.627 0.633 0.634 0.631 0.629 0.626 0.623 0.621 0.618 0.616 0.613 0.604 0.595 0.585 0.576 0.567 0.557 0.548 0.538 0.527 0.515 0.504 0.493 0.481 0.47 0.458 0.449 0.445 0.441 0.436 0.432 0.428 0.423 0.419 0.415 0.405 0.394 0.382 0.371 0.359 0.348 0.337 0.325 0.312 0.298 0.284 0.27 0.256 0.242 0.228 0.214 0.2 0.183 0.167 0.15 0.134 0.117 0.101 0.085 0.068 0.063 0.059 0.055 0.051 0.046 0.042 0.038
0.732 0.74 0.747 0.755 0.762 0.762 0.756 0.75 0.743 0.737 0.73 0.724 0.717 0.711 0.704 0.699 0.707 0.715 0.723 0.731 0.739 0.746 0.74 0.735 0.729 0.724 0.718 0.712 0.707 0.701 0.696 0.69 0.689 0.688 0.687 0.686 0.686 0.685 0.683 0.681 0.679 0.676 0.674 0.672 0.67 0.667 0.665 0.663 0.657 0.649 0.64 0.632 0.624 0.615 0.607 0.598 0.589 0.58 0.571 0.563 0.554 0.553 0.559 0.565 0.571 0.577 0.583 0.589 0.596 0.602 0.608 0.608 0.606 0.603 0.6 0.598 0.595 0.593 0.59 0.587 0.584 0.575 0.565 0.556 0.546 0.537 0.528 0.518 0.506 0.495 0.484 0.472 0.461 0.45 0.439 0.435 0.431 0.426 0.422 0.418 0.414 0.409 0.405 0.401 0.391 0.38 0.368 0.357 0.345 0.334 0.322 0.311 0.299 0.286 0.272 0.258 0.244 0.23 0.216 0.202 0.187 0.171 0.154 0.138 0.122 0.105 0.089 0.072 0.065 0.061 0.057 0.053 0.049 0.045 0.041 0.037
0.705 0.712 0.72 0.727 0.735 0.735 0.728 0.722 0.716 0.709 0.703 0.696 0.69 0.683 0.677 0.67 0.668 0.676 0.684 0.692 0.7 0.707 0.701 0.696 0.69 0.684 0.679 0.673 0.668 0.662 0.656 0.651 0.645 0.645 0.644 0.643 0.642 0.642 0.64 0.638 0.635 0.633 0.631 0.629 0.626 0.624 0.622 0.62 0.617 0.61 0.602 0.594 0.585 0.577 0.568 0.56 0.551 0.542 0.533 0.524 0.521 0.527 0.533 0.539 0.545 0.552 0.558 0.564 0.57 0.576 0.582 0.582 0.58 0.577 0.575 0.572 0.569 0.567 0.564 0.562 0.559 0.554 0.545 0.536 0.526 0.517 0.507 0.497 0.486 0.475 0.463 0.452 0.441 0.429 0.425 0.421 0.416 0.412 0.408 0.404 0.399 0.395 0.391 0.387 0.377 0.365 0.354 0.342 0.331 0.319 0.308 0.296 0.285 0.273 0.26 0.246 0.232 0.218 0.204 0.19 0.175 0.158 0.142 0.126 0.109 0.093 0.076 0.067 0.063 0.059 0.055 0.051 0.047 0.043 0.039 0.035
0.677 0.685 0.692 0.7 0.708 0.707 0.701 0.694 0.688 0.681 0.675 0.669 0.662 0.656 0.649 0.643 0.636 0.637 0.645 0.653 0.661 0.667 0.662 0.656 0.651 0.645 0.639 0.634 0.628 0.623 0.617 0.611 0.606 0.601 0.601 0.6 0.599 0.598 0.597 0.594 0.592 0.59 0.588 0.585 0.583 0.581 0.579 0.576 0.574 0.572 0.564 0.555 0.547 0.539 0.53 0.521 0.512 0.504 0.495 0.489 0.495 0.501 0.508 0.514 0.52 0.526 0.532 0.538 0.545 0.551 0.557 0.557 0.554 0.552 0.549 0.546 0.544 0.541 0.539 0.536 0.533 0.531 0.525 0.515 0.506 0.497 0.487 0.477 0.466 0.454 0.443 0.432 0.42 0.415 0.411 0.406 0.402 0.398 0.394 0.389 0.385 0.381 0.377 0.372 0.362 0.351 0.339 0.328 0.317 0.305 0.294 0.282 0.271 0.259 0.248 0.233 0.219 0.205 0.191 0.177 0.163 0.146 0.13 0.113 0.097 0.08 0.07 0.065 0.061 0.057 0.053 0.049 0.045 0.041 0.037 0.033
0.65 0.658 0.665 0.673 0.68 0.68 0.673 0.667 0.66 0.654 0.647 0.641 0.635 0.628 0.622 0.615 0.609 0.602 0.606 0.614 0.622 0.628 0.623 0.617 0.611 0.606 0.6 0.595 0.589 0.583 0.578 0.572 0.567 0.561 0.557 0.557 0.556 0.555 0.554 0.551 0.549 0.547 0.545 0.542 0.54 0.538 0.535 0.533 0.531 0.529 0.525 0.517 0.509 0.5 0.492 0.483 0.474 0.465 0.458 0.464 0.47 0.476 0.482 0.488 0.494 0.501 0.507 0.513 0.519 0.525 0.531 0.531 0.529 0.526 0.523 0.521 0.518 0.516 0.513 0.51 0.508 0.505 0.503 0.495 0.486 0.476 0.467 0.457 0.446 0.434 0.423 0.411 0.405 0.401 0.396 0.392 0.388 0.384 0.379 0.375 0.371 0.367 0.362 0.358 0.348 0.337 0.325 0.314 0.302 0.291 0.279 0.268 0.256 0.245 0.233 0.221 0.207 0.193 0.179 0.165 0.15 0.134 0.117 0.101 0.085 0.072 0.068 0.064 0.06 0.056 0.052 0.048 0.044 0.039 0.035 0.031
0.623 0.63 0.638 0.645 0.653 0.652 0.646 0.639 0.633 0.626 0.62 0.613 0.607 0.601 0.594 0.588 0.581 0.575 0.568 0.575 0.583 0.589 0.583 0.578 0.572 0.566 0.561 0.555 0.55 0.544 0.538 0.533 0.527 0.522 0.516 0.514 0.513 0.512 0.51 0.508 0.506 0.504 0.501 0.499 0.497 0.495 0.492 0.49 0.488 0.486 0.483 0.479 0.47 0.462 0.453 0.445 0.436 0.427 0.432 0.438 0.444 0.45 0.457 0.463 0.469 0.475 0.481 0.487 0.493 0.5 0.506 0.505 0.503 0.5 0.498 0.495 0.492 0.49 0.487 0.485 0.482 0.479 0.477 0.474 0.465 0.456 0.447 0.437 0.425 0.414 0.403 0.395 0.391 0.387 0.382 0.378 0.374 0.37 0.365 0.361 0.357 0.352 0.348 0.344 0.334 0.322 0.311 0.299 0.288 0.276 0.265 0.253 0.242 0.23 0.219 0.207 0.195 0.181 0.167 0.153 0.138 0.121 0.105 0.089 0.074 0.07 0.066 0.062 0.058 0.054 0.05 0.046 0.042 0.038 0.034 0.03
0.595 0.603 0.61 0.618 0.626 0.625 0.618 0.612 0.605 0.599 0.592 0.586 0.579 0.573 0.567 0.56 0.554 0.547 0.541 0.536 0.544 0.55 0.544 0.538 0.533 0.527 0.522 0.516 0.51 0.505 0.499 0.494 0.488 0.482 0.477 0.471 0.47 0.469 0.467 0.465 0.463 0.46 0.458 0.456 0.454 0.451 0.449 0.447 0.445 0.442 0.44 0.438 0.432 0.424 0.415 0.406 0.397 0.4 0.406 0.413 0.419 0.425 0.431 0.437 0.443 0.45 0.456 0.462 0.468 0.474 0.48 0.48 0.477 0.475 0.472 0.469 0.467 0.464 0.462 0.459 0.456 0.454 0.451 0.449 0.445 0.436 0.426 0.416 0.405 0.394 0.385 0.381 0.377 0.372 0.368 0.364 0.36 0.355 0.351 0.347 0.343 0.338 0.334 0.33 0.319 0.308 0.297 0.285 0.274 0.262 0.251 0.239 0.228 0.216 0.205 0.193 0.182 0.169 0.155 0.14 0.126 0.109 0.093 0.076 0.072 0.068 0.064 0.06 0.056 0.052 0.048 0.044 0.04 0.036 0.032 0.028
0.568 0.576 0.583 0.591 0.598 0.597 0.591 0.584 0.578 0.571 0.565 0.558 0.552 0.545 0.539 0.533 0.526 0.52 0.513 0.507 0.504 0.51 0.505 0.499 0.493 0.488 0.482 0.477 0.471 0.465 0.46 0.454 0.449 0.443 0.437 0.432 0.426 0.426 0.424 0.422 0.419 0.417 0.415 0.413 0.41 0.408 0.406 0.404 0.401 0.399 0.397 0.395 0.392 0.385 0.377 0.368 0.369 0.375 0.381 0.387 0.393 0.399 0.406 0.412 0.418 0.424 0.43 0.436 0.442 0.449 0.455 0.454 0.452 0.449 0.446 0.444 0.441 0.439 0.436 0.433 0.431 0.428 0.426 0.423 0.42 0.416 0.406 0.396 0.385 0.375 0.371 0.367 0.362 0.358 0.354 0.35 0.345 0.341 0.337 0.333 0.328 0.324 0.32 0.316 0.305 0.294 0.282 0.271 0.259 0.248 0.236 0.225 0.213 0.202 0.19 0.179 0.167 0.156 0.142 0.128 0.113 0.097 0.08 0.075 0.071 0.067 0.063 0.058 0.054 0.05 0.046 0.042 0.038 0.034 0.03 0.026
0.541 0.548 0.556 0.563 0.571 0.569 0.563 0.557 0.55 0.544 0.537 0.531 0.524 0.518 0.511 0.505 0.499 0.492 0.486 0.479 0.473 0.471 0.465 0.46 0.454 0.449 0.443 0.437 0.432 0.426 0.421 0.415 0.409 0.404 0.398 0.393 0.387 0.383 0.381 0.378 0.376 0.374 0.372 0.369 0.367 0.365 0.363 0.36 0.358 0.356 0.354 0.351 0.349 0.347 0.338 0.337 0.343 0.349 0.355 0.362 0.368 0.374 0.38 0.386 0.392 0.398 0.405 0.411 0.417 0.423 0.429 0.428 0.426 0.423 0.421 0.418 0.415 0.413 0.41 0.408 0.405 0.402 0.4 0.397 0.395 0.392 0.386 0.376 0.365 0.361 0.357 0.352 0.348 0.344 0.34 0.335 0.331 0.327 0.323 0.318 0.314 0.31 0.306 0.301 0.291 0.279 0.268 0.256 0.245 0.233 0.222 0.21 0.199 0.187 0.176 0.165 0.153 0.142 0.13 0.116 0.101 0.085 0.077 0.073 0.069 0.065 0.061 0.057 0.053 0.049 0.045 0.041 0.036 0.032 0.028 0.024
0.515 0.522 0.53 0.537 0.545 0.55 0.544 0.538 0.531 0.525 0.518 0.511 0.505 0.498 0.491 0.485 0.478 0.472 0.465 0.458 0.452 0.445 0.439 0.433 0.427 0.422 0.416 0.41 0.404 0.398 0.392 0.386 0.38 0.374 0.368 0.362 0.356 0.35 0.35 0.347 0.344 0.341 0.338 0.335 0.333 0.33 0.327 0.324 0.321 0.318 0.316 0.313 0.31 0.307 0.307 0.313 0.318 0.324 0.33 0.336 0.342 0.348 0.354 0.361 0.367 0.373 0.379 0.385 0.391 0.398 0.404 0.403 0.4 0.398 0.395 0.392 0.39 0.387 0.385 0.382 0.379 0.377 0.374 0.372 0.369 0.366 0.364 0.356 0.351 0.347 0.343 0.338 0.334 0.33 0.325 0.321 0.317 0.313 0.308 0.304 0.3 0.296 0.291 0.287 0.277 0.265 0.254 0.242 0.231 0.219 0.208 0.196 0.185 0.173 0.162 0.15 0.139 0.127 0.116 0.104 0.089 0.079 0.075 0.071 0.067 0.063 0.059 0.055 0.051 0.047 0.043 0.039 0.035 0.031 0.027 0.023
0.489 0.496 0.504 0.511 0.519 0.524 0.527 0.521 0.514 0.507 0.501 0.494 0.488 0.481 0.474 0.468 0.461 0.455 0.448 0.441 0.435 0.428 0.422 0.416 0.41 0.404 0.398 0.392 0.387 0.381 0.375 0.369 0.363 0.357 0.351 0.345 0.339 0.341 0.341 0.339 0.336 0.333 0.33 0.327 0.325 0.322 0.319 0.316 0.313 0.31 0.308 0.305 0.302 0.299 0.299 0.305 0.311 0.316 0.322 0.328 0.334 0.34 0.346 0.352 0.357 0.363 0.369 0.375 0.381 0.387 0.389 0.386 0.383 0.38 0.378 0.375 0.372 0.369 0.366 0.364 0.361 0.358 0.355 0.353 0.35 0.347 0.344 0.341 0.337 0.333 0.329 0.325 0.32 0.316 0.312 0.307 0.303 0.299 0.295 0.29 0.286 0.282 0.277 0.273 0.262 0.251 0.239 0.228 0.216 0.205 0.193 0.182 0.17 0.159 0.147 0.136 0.124 0.113 0.101 0.09 0.082 0.078 0.073 0.069 0.065 0.061 0.057 0.053 0.049 0.045 0.041 0.037 0.033 0.029 0.025 0.021
0.463 0.47 0.478 0.485 0.493 0.498 0.503 0.503 0.497 0.49 0.484 0.477 0.47 0.464 0.457 0.451 0.444 0.437 0.431 0.424 0.418 0.411 0.405 0.399 0.393 0.387 0.381 0.375 0.369 0.363 0.357 0.351 0.346 0.34 0.334 0.328 0.329 0.332 0.332 0.331 0.328 0.325 0.322 0.319 0.317 0.314 0.311 0.308 0.305 0.302 0.3 0.297 0.294 0.291 0.291 0.297 0.303 0.309 0.314 0.32 0.326 0.332 0.338 0.344 0.35 0.355 0.361 0.367 0.373 0.376 0.374 0.371 0.369 0.366 0.363 0.36 0.357 0.355 0.352 0.349 0.346 0.344 0.341 0.338 0.335 0.332 0.328 0.325 0.324 0.32 0.316 0.311 0.307 0.303 0.298 0.294 0.29 0.286 0.281 0.277 0.273 0.268 0.264 0.26 0.249 0.238 0.226 0.215 0.203 0.192 0.18 0.169 0.157 0.146 0.134 0.123 0.111 0.1 0.088 0.08 0.08 0.077 0.073 0.069 0.065 0.06 0.056 0.052 0.048 0.044 0.04 0.036 0.032 0.028 0.024 0.02
0.437 0.444 0.452 0.459 0.467 0.472 0.477 0.481 0.48 0.473 0.466 0.46 0.453 0.447 0.44 0.433 0.427 0.42 0.414 0.407 0.4 0.394 0.388 0.382 0.376 0.37 0.364 0.358 0.352 0.346 0.34 0.334 0.328 0.322 0.316 0.316 0.32 0.323 0.323 0.321 0.32 0.317 0.314 0.311 0.309 0.306 0.303 0.3 0.297 0.294 0.292 0.289 0.286 0.283 0.283 0.289 0.295 0.301 0.307 0.312 0.318 0.324 0.33 0.336 0.342 0.348 0.353 0.359 0.363 0.361 0.359 0.357 0.354 0.351 0.348 0.346 0.343 0.34 0.337 0.334 0.332 0.329 0.326 0.323 0.321 0.317 0.312 0.308 0.308 0.307 0.302 0.298 0.294 0.289 0.285 0.281 0.277 0.272 0.268 0.264 0.26 0.255 0.251 0.247 0.236 0.224 0.213 0.201 0.19 0.178 0.167 0.155 0.144 0.132 0.121 0.109 0.098 0.086 0.076 0.076 0.076 0.076 0.072 0.068 0.064 0.06 0.056 0.052 0.048 0.043 0.039 0.035 0.031 0.027 0.023 0.019
0.411 0.418 0.426 0.433 0.441 0.446 0.451 0.455 0.46 0.456 0.449 0.443 0.436 0.429 0.423 0.416 0.41 0.403 0.396 0.39 0.383 0.377 0.371 0.365 0.359 0.353 0.347 0.341 0.335 0.329 0.323 0.317 0.311 0.305 0.303 0.307 0.311 0.314 0.314 0.312 0.311 0.309 0.306 0.303 0.301 0.298 0.295 0.292 0.289 0.286 0.284 0.281 0.278 0.275 0.275 0.281 0.287 0.293 0.299 0.305 0.31 0.316 0.322 0.328 0.334 0.34 0.346 0.351 0.349 0.347 0.345 0.342 0.339 0.337 0.334 0.331 0.328 0.325 0.323 0.32 0.317 0.314 0.312 0.309 0.305 0.3 0.295 0.292 0.292 0.291 0.289 0.285 0.28 0.276 0.272 0.268 0.263 0.259 0.255 0.251 0.246 0.242 0.238 0.233 0.222 0.211 0.199 0.188 0.176 0.165 0.153 0.142 0.13 0.119 0.107 0.096 0.084 0.073 0.073 0.073 0.073 0.072 0.071 0.067 0.063 0.059 0.055 0.051 0.047 0.043 0.039 0.035 0.031 0.027 0.022 0.018
0.385 0.392 0.4 0.407 0.415 0.42 0.424 0.429 0.434 0.438 0.432 0.426 0.419 0.412 0.406 0.399 0.392 0.386 0.379 0.373 0.366 0.36 0.354 0.348 0.342 0.336 0.33 0.324 0.318 0.312 0.306 0.3 0.294 0.291 0.294 0.298 0.301 0.305 0.304 0.303 0.302 0.3 0.298 0.295 0.293 0.29 0.287 0.284 0.281 0.278 0.276 0.273 0.27 0.267 0.267 0.273 0.279 0.285 0.291 0.297 0.303 0.308 0.314 0.32 0.326 0.332 0.338 0.336 0.334 0.332 0.33 0.328 0.325 0.322 0.319 0.316 0.314 0.311 0.308 0.305 0.302 0.3 0.297 0.294 0.289 0.284 0.279 0.276 0.275 0.275 0.275 0.271 0.267 0.263 0.259 0.254 0.25 0.246 0.242 0.237 0.233 0.229 0.224 0.22 0.209 0.197 0.186 0.174 0.163 0.151 0.14 0.128 0.117 0.105 0.094 0.082 0.071 0.069 0.069 0.069 0.069 0.068 0.068 0.066 0.062 0.058 0.054 0.05 0.046 0.042 0.038 0.034 0.03 0.026 0.022 0.018
0.359 0.366 0.374 0.381 0.389 0.394 0.398 0.403 0.407 0.412 0.415 0.408 0.402 0.395 0.389 0.382 0.375 0.369 0.362 0.356 0.349 0.342 0.337 0.331 0.325 0.319 0.313 0.307 0.301 0.295 0.289 0.283 0.278 0.282 0.285 0.289 0.292 0.296 0.295 0.294 0.293 0.291 0.29 0.287 0.285 0.282 0.279 0.276 0.273 0.27 0.268 0.265 0.262 0.259 0.26 0.265 0.271 0.277 0.283 0.289 0.295 0.301 0.306 0.312 0.318 0.324 0.324 0.322 0.32 0.318 0.316 0.313 0.31 0.307 0.305 0.302 0.299 0.296 0.293 0.291 0.288 0.285 0.282 0.277 0.272 0.267 0.262 0.259 0.259 0.259 0.258 0.258 0.254 0.25 0.245 0.241 0.237 0.233 0.228 0.224 0.22 0.215 0.211 0.207 0.196 0.184 0.173 0.161 0.15 0.138 0.127 0.115 0.104 0.092 0.081 0.069 0.066 0.066 0.066 0.066 0.066 0.065 0.064 0.064 0.062 0.058 0.054 0.049 0.045 0.041 0.037 0.033 0.029 0.025 0.021 0.017
0.333 0.34 0.348 0.355 0.363 0.368 0.372 0.377 0.381 0.386 0.39 0.391 0.385 0.378 0.371 0.365 0.358 0.352 0.345 0.338 0.332 0.325 0.319 0.313 0.307 0.301 0.296 0.29 0.284 0.278 0.272 0.266 0.269 0.273 0.276 0.28 0.283 0.287 0.286 0.285 0.283 0.282 0.281 0.279 0.277 0.274 0.271 0.268 0.265 0.262 0.26 0.257 0.254 0.251 0.252 0.258 0.263 0.269 0.275 0.281 0.287 0.293 0.299 0.304 0.31 0.311 0.309 0.307 0.305 0.303 0.301 0.298 0.296 0.293 0.29 0.287 0.284 0.282 0.279 0.276 0.273 0.27 0.266 0.261 0.256 0.251 0.246 0.243 0.242 0.242 0.242 0.242 0.241 0.236 0.232 0.228 0.224 0.219 0.215 0.211 0.206 0.202 0.198 0.194 0.182 0.171 0.159 0.148 0.136 0.125 0.113 0.102 0.09 0.079 0.067 0.062 0.062 0.062 0.062 0.062 0.062 0.061 0.061 0.06 0.06 0.057 0.053 0.049 0.045 0.041 0.037 0.032 0.028 0.024 0.02 0.016
0.307 0.314 0.322 0.329 0.337 0.342 0.346 0.351 0.355 0.36 0.364 0.369 0.367 0.361 0.354 0.348 0.341 0.334 0.328 0.321 0.315 0.308 0.302 0.296 0.29 0.284 0.278 0.272 0.266 0.261 0.255 0.257 0.26 0.264 0.267 0.271 0.274 0.278 0.277 0.276 0.274 0.273 0.271 0.27 0.269 0.266 0.263 0.26 0.257 0.254 0.252 0.249 0.246 0.243 0.244 0.25 0.256 0.261 0.267 0.273 0.279 0.285 0.291 0.297 0.299 0.297 0.295 0.293 0.291 0.288 0.286 0.284 0.281 0.278 0.275 0.273 0.27 0.267 0.264 0.261 0.259 0.254 0.249 0.244 0.239 0.234 0.229 0.226 0.226 0.226 0.225 0.225 0.225 0.223 0.219 0.215 0.21 0.206 0.202 0.197 0.193 0.189 0.185 0.18 0.169 0.157 0.146 0.134 0.123 0.111 0.1 0.088 0.077 0.065 0.058 0.059 0.059 0.059 0.059 0.059 0.059 0.058 0.057 0.057 0.056 0.056 0.052 0.048 0.044 0.04 0.036 0.032 0.028 0.024 0.02 0.015
0.281 0.288 0.296 0.303 0.311 0.316 0.32 0.325 0.329 0.334 0.338 0.343 0.347 0.344 0.337 0.33 0.324 0.317 0.311 0.304 0.297 0.291 0.285 0.279 0.273 0.267 0.261 0.255 0.249 0.243 0.244 0.248 0.251 0.255 0.258 0.262 0.265 0.269 0.268 0.266 0.265 0.264 0.262 0.261 0.26 0.258 0.255 0.252 0.249 0.246 0.244 0.241 0.238 0.235 0.236 0.242 0.248 0.254 0.259 0.265 0.271 0.277 0.283 0.286 0.284 0.282 0.28 0.278 0.276 0.274 0.272 0.269 0.266 0.264 0.261 0.258 0.255 0.252 0.25 0.247 0.243 0.238 0.233 0.228 0.223 0.218 0.213 0.21 0.21 0.209 0.209 0.209 0.208 0.208 0.206 0.201 0.197 0.193 0.188 0.184 0.18 0.176 0.171 0.167 0.155 0.144 0.132 0.121 0.109 0.098 0.086 0.075 0.063 0.055 0.055 0.055 0.055 0.055 0.055 0.055 0.055 0.054 0.054 0.053 0.053 0.052 0.051 0.047 0.043 0.039 0.035 0.031 0.027 0.023 0.019 0.015
0.255 0.262 0.27 0.277 0.285 0.29 0.294 0.299 0.303 0.308 0.312 0.317 0.321 0.326 0.32 0.313 0.307 0.3 0.293 0.287 0.28 0.274 0.268 0.262 0.256 0.25 0.244 0.238 0.232 0.231 0.235 0.239 0.242 0.246 0.249 0.253 0.256 0.26 0.259 0.257 0.256 0.255 0.253 0.252 0.25 0.249 0.247 0.244 0.241 0.238 0.236 0.233 0.23 0.227 0.228 0.234 0.24 0.246 0.252 0.257 0.263 0.269 0.273 0.271 0.269 0.267 0.265 0.263 0.261 0.259 0.257 0.255 0.252 0.249 0.246 0.243 0.241 0.238 0.235 0.231 0.226 0.221 0.216 0.211 0.206 0.201 0.196 0.194 0.193 0.193 0.193 0.192 0.192 0.192 0.191 0.188 0.184 0.179 0.175 0.171 0.167 0.162 0.158 0.153 0.142 0.13 0.119 0.107 0.096 0.084 0.073 0.061 0.051 0.051 0.051 0.052 0.052 0.052 0.052 0.052 0.051 0.051 0.05 0.05 0.049 0.049 0.048 0.047 0.042 0.038 0.034 0.03 0.026 0.022 0.018 0.014
0.229 0.236 0.244 0.251 0.259 0.264 0.268 0.273 0.277 0.282 0.286 0.291 0.295 0.3 0.303 0.296 0.29 0.283 0.276 0.27 0.263 0.257 0.251 0.245 0.239 0.233 0.227 0.221 0.219 0.222 0.226 0.229 0.233 0.236 0.24 0.243 0.247 0.25 0.25 0.248 0.247 0.245 0.244 0.243 0.241 0.24 0.238 0.236 0.233 0.23 0.228 0.225 0.222 0.219 0.22 0.226 0.232 0.238 0.244 0.25 0.255 0.261 0.259 0.257 0.255 0.253 0.251 0.249 0.247 0.245 0.243 0.24 0.237 0.234 0.232 0.229 0.226 0.223 0.22 0.215 0.21 0.205 0.2 0.195 0.19 0.185 0.18 0.177 0.177 0.176 0.176 0.176 0.176 0.175 0.175 0.175 0.17 0.166 0.162 0.158 0.153 0.149 0.145 0.14 0.129 0.117 0.106 0.094 0.083 0.071 0.06 0.048 0.048 0.048 0.048 0.048 0.048 0.048 0.048 0.048 0.048 0.047 0.047 0.046 0.046 0.045 0.045 0.044 0.042 0.038 0.034 0.03 0.026 0.021 0.017 0.013
0.202 0.21 0.218 0.225 0.233 0.238 0.242 0.247 0.251 0.256 0.26 0.265 0.269 0.274 0.278 0.279 0.272 0.266 0.259 0.253 0.246 0.24 0.234 0.228 0.222 0.216 0.21 0.206 0.21 0.213 0.217 0.22 0.224 0.227 0.231 0.234 0.238 0.241 0.24 0.239 0.238 0.236 0.235 0.233 0.232 0.231 0.229 0.228 0.225 0.222 0.22 0.217 0.214 0.211 0.212 0.218 0.224 0.23 0.236 0.242 0.248 0.246 0.244 0.242 0.24 0.238 0.236 0.234 0.232 0.23 0.228 0.225 0.223 0.22 0.217 0.214 0.211 0.208 0.203 0.198 0.193 0.188 0.183 0.178 0.173 0.168 0.163 0.161 0.16 0.16 0.16 0.159 0.159 0.159 0.158 0.158 0.157 0.153 0.149 0.144 0.14 0.136 0.132 0.127 0.115 0.104 0.092 0.081 0.069 0.058 0.046 0.044 0.044 0.044 0.044 0.045 0.045 0.045 0.045 0.045 0.044 0.044 0.043 0.043 0.042 0.042 0.041 0.04 0.04 0.037 0.033 0.029 0.025 0.021 0.017 0.013
0.176 0.184 0.192 0.199 0.207 0.211 0.216 0.221 0.225 0.23 0.234 0.239 0.243 0.248 0.252 0.257 0.255 0.249 0.242 0.235 0.229 0.222 0.216 0.211 0.205 0.199 0.194 0.197 0.201 0.204 0.208 0.211 0.215 0.218 0.222 0.225 0.229 0.232 0.231 0.23 0.228 0.227 0.226 0.224 0.223 0.222 0.22 0.219 0.217 0.214 0.212 0.209 0.206 0.203 0.205 0.21 0.216 0.222 0.228 0.234 0.234 0.232 0.23 0.228 0.226 0.224 0.222 0.22 0.218 0.216 0.213 0.211 0.208 0.205 0.202 0.2 0.197 0.192 0.187 0.182 0.177 0.172 0.167 0.162 0.157 0.152 0.147 0.144 0.144 0.144 0.143 0.143 0.143 0.142 0.142 0.142 0.141 0.14 0.135 0.131 0.127 0.123 0.118 0.113 0.102 0.09 0.079 0.067 0.056 0.044 0.041 0.041 0.041 0.041 0.041 0.041 0.041 0.041 0.041 0.041 0.041 0.04 0.04 0.039 0.039 0.038 0.038 0.037 0.036 0.036 0.032 0.028 0.024 0.02 0.016 0.012
0.151 0.158 0.166 0.173 0.181 0.185 0.19 0.194 0.199 0.204 0.208 0.213 0.217 0.222 0.226 0.231 0.235 0.231 0.225 0.218 0.212 0.205 0.199 0.193 0.187 0.181 0.185 0.188 0.192 0.195 0.199 0.202 0.206 0.209 0.213 0.216 0.22 0.223 0.222 0.221 0.219 0.218 0.217 0.215 0.214 0.212 0.211 0.21 0.208 0.206 0.204 0.201 0.198 0.195 0.197 0.203 0.208 0.214 0.22 0.221 0.219 0.217 0.215 0.213 0.211 0.209 0.207 0.205 0.203 0.201 0.199 0.196 0.193 0.191 0.188 0.185 0.18 0.175 0.17 0.165 0.16 0.155 0.15 0.145 0.14 0.135 0.13 0.128 0.128 0.127 0.127 0.127 0.126 0.126 0.126 0.125 0.125 0.125 0.122 0.118 0.114 0.109 0.105 0.1 0.088 0.077 0.065 0.054 0.042 0.037 0.037 0.037 0.037 0.037 0.037 0.038 0.038 0.038 0.038 0.038 0.037 0.037 0.036 0.036 0.035 0.035 0.034 0.033 0.033 0.032 0.031 0.027 0.023 0.019 0.015 0.011
0.13 0.132 0.139 0.147 0.155 0.159 0.164 0.168 0.173 0.177 0.182 0.187 0.191 0.196 0.2 0.205 0.209 0.214 0.208 0.201 0.194 0.188 0.182 0.176 0.17 0.172 0.176 0.179 0.183 0.186 0.19 0.193 0.197 0.2 0.204 0.207 0.211 0.214 0.213 0.212 0.21 0.209 0.207 0.206 0.205 0.203 0.202 0.2 0.199 0.198 0.196 0.193 0.19 0.187 0.189 0.195 0.201 0.206 0.209 0.207 0.205 0.203 0.201 0.199 0.196 0.194 0.192 0.19 0.188 0.186 0.184 0.181 0.179 0.176 0.173 0.169 0.164 0.159 0.154 0.149 0.144 0.139 0.134 0.129 0.124 0.119 0.114 0.111 0.111 0.111 0.11 0.11 0.11 0.11 0.109 0.109 0.109 0.108 0.108 0.105 0.1 0.096 0.092 0.087 0.075 0.064 0.052 0.041 0.034 0.034 0.034 0.034 0.034 0.034 0.034 0.034 0.034 0.034 0.034 0.034 0.034 0.033 0.033 0.032 0.032 0.031 0.031 0.03 0.029 0.029 0.028 0.027 0.023 0.019 0.014 0.01
0.109 0.11 0.113 0.121 0.129 0.133 0.138 0.142 0.147 0.151 0.156 0.16 0.165 0.17 0.174 0.179 0.183 0.188 0.191 0.184 0.177 0.171 0.165 0.159 0.16 0.163 0.167 0.17 0.174 0.177 0.181 0.184 0.188 0.191 0.195 0.198 0.202 0.205 0.204 0.202 0.201 0.2 0.198 0.197 0.195 0.194 0.193 0.191 0.19 0.189 0.187 0.185 0.182 0.179 0.181 0.187 0.193 0.196 0.194 0.192 0.19 0.188 0.186 0.184 0.182 0.18 0.178 0.176 0.174 0.172 0.17 0.167 0.164 0.161 0.157 0.152 0.147 0.142 0.137 0.132 0.127 0.122 0.117 0.112 0.107 0.102 0.097 0.095 0.095 0.094 0.094 0.094 0.093 0.093 0.093 0.092 0.092 0.092 0.091 0.091 0.087 0.083 0.079 0.073 0.062 0.05 0.039 0.03 0.03 0.03 0.03 0.03 0.03 0.03 0.03 0.031 0.031 0.031 0.031 0.031 0.03 0.03 0.029 0.029 0.028 0.028 0.027 0.026 0.026 0.025 0.025 0.024 0.022 0.018 0.014 0.01
0.088 0.089 0.09 0.095 0.102 0.107 0.112 0.116 0.121 0.125 0.13 0.134 0.139 0.144 0.148 0.153 0.157 0.162 0.166 0.167 0.16 0.154 0.148 0.147 0.15 0.154 0.157 0.161 0.164 0.168 0.171 0.175 0.178 0.182 0.186 0.189 0.193 0.196 0.195 0.193 0.192 0.19 0.189 0.188 0.186 0.185 0.184 0.182 0.181 0.179 0.178 0.177 0.174 0.171 0.173 0.179 0.184 0.181 0.179 0.177 0.175 0.173 0.171 0.169 0.167 0.165 0.163 0.161 0.159 0.157 0.155 0.152 0.149 0.146 0.141 0.136 0.131 0.126 0.121 0.116 0.111 0.106 0.101 0.096 0.091 0.086 0.081 0.079 0.078 0.078 0.078 0.077 0.077 0.077 0.076 0.076 0.076 0.075 0.075 0.075 0.074 0.07 0.065 0.06 0.048 0.037 0.026 0.026 0.027 0.027 0.027 0.027 0.027 0.027 0.027 0.027 0.027 0.027 0.027 0.027 0.027 0.026 0.026 0.025 0.025 0.024 0.024 0.023 0.022 0.022 0.021 0.021 0.02 0.017 0.013 0.009
0.067 0.068 0.069 0.07 0.076 0.081 0.086 0.09 0.095 0.099 0.104 0.108 0.113 0.117 0.122 0.127 0.131 0.136 0.14 0.145 0.143 0.137 0.134 0.138 0.141 0.145 0.148 0.152 0.155 0.159 0.162 0.166 0.169 0.173 0.176 0.18 0.183 0.187 0.185 0.184 0.183 0.181 0.18 0.179 0.177 0.176 0.174 0.173 0.172 0.17 0.169 0.167 0.166 0.163 0.165 0.171 0.169 0.167 0.165 0.163 0.161 0.159 0.157 0.155 0.153 0.151 0.149 0.147 0.145 0.143 0.14 0.138 0.134 0.129 0.124 0.119 0.114 0.109 0.104 0.099 0.094 0.089 0.084 0.079 0.074 0.069 0.064 0.062 0.062 0.062 0.061 0.061 0.061 0.06 0.06 0.06 0.059 0.059 0.059 0.058 0.058 0.056 0.052 0.046 0.035 0.023 0.023 0.023 0.023 0.023 0.023 0.023 0.023 0.023 0.023 0.024 0.024 0.024 0.024 0.024 0.023 0.023 0.022 0.022 0.021 0.021 0.02 0.019 0.019 0.018 0.018 0.017 0.017 0.016 0.012 0.008
0.047 0.047 0.048 0.049 0.05 0.055 0.06 0.064 0.069 0.073 0.078 0.082 0.087 0.091 0.096 0.1 0.105 0.11 0.114 0.119 0.123 0.122 0.125 0.129 0.132 0.136 0.139 0.143 0.146 0.15 0.153 0.157 0.16 0.164 0.167 0.171 0.174 0.178 0.176 0.175 0.174 0.172 0.171 0.169 0.168 0.167 0.165 0.164 0.162 0.161 0.16 0.158 0.157 0.155 0.157 0.156 0.154 0.152 0.15 0.148 0.146 0.144 0.142 0.14 0.138 0.136 0.134 0.132 0.13 0.128 0.126 0.123 0.118 0.113 0.108 0.103 0.098 0.093 0.088 0.083 0.078 0.073 0.068 0.063 0.058 0.053 0.048 0.046 0.045 0.045 0.045 0.045 0.044 0.044 0.044 0.043 0.043 0.043 0.042 0.042 0.042 0.041 0.039 0.033 0.021 0.019 0.019 0.019 0.02 0.02 0.02 0.02 0.02 0.02 0.02 0.02 0.02 0.02 0.02 0.02 0.02 0.019 0.019 0.018 0.018 0.017 0.016 0.016 0.015 0.015 0.014 0.014 0.013 0.013 0.012 0.008
0.045 0.045 0.046 0.047 0.047 0.051 0.055 0.059 0.064 0.068 0.072 0.076 0.08 0.084 0.088 0.093 0.097 0.101 0.105 0.109 0.113 0.113 0.117 0.12 0.124 0.127 0.131 0.134 0.138 0.141 0.145 0.148 0.152 0.155 0.159 0.162 0.166 0.169 0.168 0.166 0.165 0.164 0.162 0.161 0.159 0.158 0.157 0.155 0.154 0.152 0.151 0.149 0.148 0.147 0.145 0.143 0.141 0.138 0.136 0.134 0.132 0.13 0.128 0.126 0.124 0.121 0.119 0.117 0.115 0.113 0.111 0.106 0.101 0.096 0.091 0.086 0.081 0.076 0.071 0.066 0.061 0.056 0.051 0.046 0.041 0.036 0.031 0.029 0.029 0.029 0.028 0.028 0.028 0.027 0.027 0.027 0.026 0.026 0.026 0.026 0.025 0.025 0.025 0.02 0.016 0.016 0.016 0.016 0.016 0.016 0.016 0.016 0.016 0.016 0.016 0.017 0.017 0.017 0.017 0.017 0.016 0.016 0.015 0.015 0.014 0.014 0.013 0.012 0.012 0.011 0.011 0.01 0.01 0.009 0.008 0.007
0.043 0.044 0.044 0.045 0.045 0.049 0.053 0.057 0.061 0.065 0.069 0.074 0.078 0.082 0.086 0.09 0.094 0.099 0.103 0.107 0.107 0.107 0.108 0.111 0.115 0.118 0.122 0.125 0.129 0.132 0.136 0.139 0.143 0.146 0.15 0.153 0.157 0.16 0.16 0.159 0.158 0.156 0.155 0.153 0.152 0.151 0.149 0.148 0.146 0.145 0.144 0.142 0.141 0.139 0.137 0.135 0.133 0.131 0.129 0.127 0.125 0.122 0.12 0.118 0.116 0.114 0.112 0.11 0.107 0.105 0.105 0.103 0.098 0.092 0.087 0.082 0.077 0.071 0.066 0.061 0.056 0.05 0.045 0.04 0.035 0.029 0.024 0.022 0.022 0.021 0.02 0.02 0.019 0.019 0.018 0.017 0.017 0.016 0.016 0.015 0.015 0.014 0.013 0.013 0.013 0.013 0.013 0.013 0.013 0.013 0.013 0.013 0.013 0.013 0.013 0.013 0.013 0.013 0.013 0.013 0.013 0.012 0.012 0.011 0.011 0.01 0.009 0.009 0.008 0.008 0.007 0.007 0.006 0.005 0.005 0.004
0.041 0.042 0.042 0.042 0.042 0.046 0.05 0.055 0.059 0.063 0.067 0.071 0.075 0.08 0.084 0.088 0.092 0.096 0.1 0.101 0.101 0.101 0.102 0.103 0.106 0.11 0.113 0.117 0.12 0.124 0.127 0.131 0.134 0.138 0.141 0.145 0.148 0.152 0.152 0.152 0.15 0.149 0.147 0.146 0.145 0.143 0.142 0.14 0.139 0.138 0.136 0.135 0.133 0.132 0.13 0.128 0.126 0.124 0.121 0.119 0.117 0.115 0.113 0.111 0.109 0.106 0.104 0.102 0.1 0.1 0.1 0.1 0.097 0.091 0.086 0.081 0.076 0.07 0.065 0.06 0.055 0.049 0.044 0.039 0.034 0.028 0.023 0.021 0.021 0.02 0.019 0.019 0.018 0.018 0.017 0.017 0.016 0.015 0.015 0.014 0.014 0.013 0.013 0.012 0.012 0.012 0.012 0.012 0.013 0.013 0.013 0.013 0.013 0.013 0.013 0.013 0.013 0.013 0.013 0.013 0.012 0.012 0.011 0.01 0.01 0.009 0.009 0.008 0.007 0.007 0.006 0.006 0.005 0.004 0.004 0.003
0.039 0.04 0.04 0.04 0.04 0.044 0.048 0.052 0.056 0.06 0.065 0.069 0.073 0.077 0.081 0.085 0.09 0.094 0.095 0.095 0.095 0.096 0.096 0.096 0.098 0.101 0.105 0.108 0.112 0.115 0.119 0.122 0.126 0.129 0.133 0.136 0.14 0.143 0.143 0.143 0.143 0.142 0.14 0.139 0.137 0.136 0.134 0.133 0.132 0.13 0.129 0.127 0.126 0.125 0.123 0.121 0.118 0.116 0.114 0.112 0.11 0.108 0.105 0.103 0.101 0.099 0.097 0.095 0.094 0.094 0.095 0.095 0.095 0.09 0.085 0.08 0.075 0.069 0.064 0.059 0.054 0.048 0.043 0.038 0.033 0.027 0.022 0.02 0.02 0.019 0.018 0.018 0.017 0.017 0.016 0.016 0.015 0.014 0.014 0.013 0.013 0.012 0.012 0.012 0.012 0.012 0.012 0.012 0.012 0.012 0.012 0.012 0.012 0.012 0.012 0.012 0.012 0.012 0.012 0.012 0.012 0.011 0.01 0.01 0.009 0.009 0.008 0.007 0.007 0.006 0.005 0.005 0.004 0.004 0.003 0.003
0.037 0.037 0.037 0.037 0.037 0.041 0.046 0.05 0.054 0.058 0.062 0.066 0.071 0.075 0.079 0.083 0.087 0.089 0.089 0.09 0.09 0.09 0.09 0.09 0.09 0.093 0.096 0.1 0.103 0.107 0.11 0.114 0.117 0.121 0.124 0.128 0.131 0.134 0.134 0.135 0.135 0.134 0.133 0.131 0.13 0.128 0.127 0.126 0.124 0.123 0.121 0.12 0.119 0.117 0.115 0.113 0.111 0.109 0.107 0.105 0.102 0.1 0.098 0.096 0.094 0.092 0.09 0.088 0.089 0.089 0.089 0.089 0.089 0.089 0.084 0.079 0.074 0.068 0.063 0.058 0.053 0.047 0.042 0.037 0.032 0.026 0.021 0.019 0.019 0.018 0.017 0.017 0.016 0.016 0.015 0.015 0.014 0.013 0.013 0.012 0.012 0.011 0.011 0.011 0.011 0.011 0.011 0.011 0.011 0.011 0.011 0.011 0.011 0.011 0.011 0.011 0.011 0.011 0.011 0.011 0.011 0.01 0.01 0.009 0.008 0.008 0.007 0.007 0.006 0.005 0.005 0.004 0.004 0.003 0.003 0.003
0.035 0.035 0.035 0.035 0.035 0.039 0.043 0.047 0.052 0.056 0.06 0.064 0.068 0.072 0.076 0.081 0.083 0.083 0.084 0.084 0.084 0.084 0.084 0.084 0.084 0.084 0.088 0.091 0.095 0.098 0.102 0.105 0.109 0.112 0.116 0.119 0.123 0.126 0.126 0.126 0.126 0.126 0.125 0.124 0.123 0.121 0.12 0.118 0.117 0.115 0.114 0.113 0.111 0.11 0.108 0.106 0.104 0.101 0.099 0.097 0.095 0.093 0.091 0.089 0.086 0.084 0.083 0.083 0.083 0.084 0.084 0.084 0.084 0.084 0.083 0.078 0.072 0.067 0.062 0.057 0.051 0.046 0.041 0.036 0.03 0.025 0.02 0.018 0.018 0.017 0.017 0.016 0.015 0.015 0.014 0.014 0.013 0.012 0.012 0.011 0.011 0.011 0.011 0.01 0.01 0.01 0.01 0.01 0.011 0.011 0.011 0.011 0.011 0.011 0.011 0.011 0.011 0.011 0.011 0.011 0.01 0.01 0.009 0.008 0.008 0.007 0.007 0.006 0.005 0.005 0.004 0.003 0.003 0.003 0.003 0.003
0.032 0.032 0.032 0.032 0.032 0.037 0.041 0.045 0.049 0.053 0.057 0.062 0.066 0.07 0.074 0.077 0.077 0.078 0.078 0.078 0.078 0.078 0.078 0.078 0.078 0.078 0.079 0.083 0.086 0.09 0.093 0.097 0.1 0.104 0.107 0.111 0.114 0.117 0.117 0.117 0.118 0.118 0.118 0.117 0.115 0.114 0.112 0.111 0.109 0.108 0.107 0.105 0.104 0.102 0.1 0.098 0.096 0.094 0.092 0.09 0.088 0.085 0.083 0.081 0.079 0.077 0.078 0.078 0.078 0.078 0.079 0.079 0.079 0.079 0.079 0.077 0.071 0.066 0.061 0.056 0.05 0.045 0.04 0.035 0.029 0.024 0.019 0.017 0.017 0.016 0.016 0.015 0.014 0.014 0.013 0.013 0.012 0.011 0.011 0.011 0.01 0.01 0.01 0.01 0.01 0.01 0.01 0.01 0.01 0.01 0.01 0.01 0.01 0.01 0.01 0.01 0.01 0.01 0.01 0.01 0.01 0.009 0.008 0.008 0.007 0.006 0.006 0.005 0.005 0.004 0.003 0.003 0.002 0.002 0.002 0.002
0.03 0.03 0.03 0.03 0.03 0.034 0.038 0.043 0.047 0.051 0.055 0.059 0.063 0.067 0.071 0.071 0.072 0.072 0.072 0.072 0.072 0.072 0.072 0.072 0.072 0.073 0.073 0.074 0.078 0.081 0.085 0.088 0.092 0.095 0.099 0.102 0.106 0.108 0.109 0.109 0.109 0.109 0.109 0.109 0.108 0.106 0.105 0.104 0.102 0.101 0.099 0.098 0.096 0.095 0.093 0.091 0.089 0.087 0.085 0.082 0.08 0.078 0.076 0.074 0.072 0.072 0.072 0.072 0.073 0.073 0.073 0.073 0.073 0.074 0.074 0.074 0.07 0.065 0.06 0.055 0.049 0.044 0.039 0.034 0.028 0.023 0.018 0.016 0.016 0.015 0.015 0.014 0.013 0.013 0.012 0.012 0.011 0.01 0.01 0.01 0.01 0.009 0.009 0.009 0.009 0.009 0.009 0.009 0.009 0.009 0.009 0.009 0.009 0.009 0.009 0.009 0.009 0.009 0.009 0.009 0.009 0.008 0.008 0.007 0.006 0.006 0.005 0.005 0.004 0.003 0.003 0.002 0.002 0.002 0.002 0.002
0.027 0.027 0.027 0.027 0.028 0.032 0.036 0.04 0.044 0.048 0.053 0.057 0.061 0.065 0.066 0.066 0.066 0.066 0.066 0.066 0.066 0.066 0.066 0.066 0.067 0.067 0.067 0.067 0.069 0.072 0.076 0.079 0.083 0.086 0.09 0.093 0.097 0.1 0.1 0.1 0.1 0.1 0.101 0.101 0.1 0.099 0.098 0.096 0.095 0.093 0.092 0.09 0.089 0.088 0.086 0.084 0.081 0.079 0.077 0.075 0.073 0.071 0.069 0.066 0.066 0.067 0.067 0.067 0.067 0.068 0.068 0.068 0.068 0.068 0.068 0.068 0.069 0.064 0.059 0.054 0.048 0.043 0.038 0.033 0.027 0.022 0.017 0.015 0.015 0.014 0.014 0.013 0.012 0.012 0.011 0.011 0.01 0.01 0.009 0.009 0.009 0.009 0.009 0.008 0.008 0.008 0.008 0.008 0.008 0.009 0.009 0.009 0.009 0.009 0.009 0.009 0.009 0.009 0.009 0.009 0.008 0.008 0.007 0.006 0.006 0.005 0.004 0.004 0.003 0.003 0.002 0.002 0.002 0.002 0.002 0.002
0.025 0.025 0.025 0.025 0.025 0.029 0.034 0.038 0.042 0.046 0.05 0.054 0.058 0.06 0.06 0.06 0.06 0.06 0.06 0.06 0.06 0.06 0.061 0.061 0.061 0.061 0.061 0.061 0.061 0.064 0.067 0.071 0.074 0.078 0.081 0.085 0.088 0.091 0.091 0.092 0.092 0.092 0.092 0.092 0.092 0.092 0.09 0.089 0.087 0.086 0.085 0.083 0.082 0.08 0.078 0.076 0.074 0.072 0.07 0.068 0.065 0.063 0.061 0.061 0.061 0.061 0.062 0.062 0.062 0.062 0.062 0.063 0.063 0.063 0.063 0.063 0.063 0.063 0.058 0.053 0.047 0.042 0.037 0.031 0.026 0.021 0.016 0.014 0.014 0.013 0.013 0.012 0.011 0.011 0.01 0.01 0.009 0.009 0.009 0.009 0.008 0.008 0.008 0.008 0.008 0.008 0.008 0.008 0.008 0.008 0.008 0.008 0.008 0.008 0.008 0.008 0.008 0.008 0.008 0.008 0.008 0.007 0.006 0.006 0.005 0.004 0.004 0.003 0.003 0.002 0.002 0.002 0.002 0.002 0.002 0.002
0.022 0.022 0.022 0.022 0.023 0.027 0.031 0.035 0.039 0.044 0.048 0.052 0.054 0.054 0.054 0.054 0.054 0.054 0.054 0.054 0.054 0.055 0.055 0.055 0.055 0.055 0.055 0.055 0.055 0.055 0.059 0.062 0.066 0.069 0.073 0.076 0.08 0.083 0.083 0.083 0.083 0.083 0.083 0.084 0.084 0.084 0.083 0.081 0.08 0.079 0.077 0.076 0.074 0.073 0.071 0.069 0.067 0.065 0.062 0.06 0.058 0.056 0.055 0.055 0.056 0.056 0.056 0.056 0.057 0.057 0.057 0.057 0.057 0.058 0.058 0.058 0.058 0.058 0.057 0.051 0.046 0.041 0.036 0.03 0.025 0.02 0.015 0.013 0.013 0.012 0.012 0.011 0.01 0.01 0.009 0.009 0.009 0.008 0.008 0.008 0.008 0.007 0.007 0.007 0.007 0.007 0.007 0.007 0.007 0.007 0.007 0.007 0.007 0.007 0.007 0.007 0.007 0.007 0.007 0.007 0.007 0.006 0.006 0.005 0.004 0.004 0.003 0.003 0.002 0.002 0.002 0.002 0.002 0.002 0.002 0.002
0.02 0.02 0.02 0.02 0.02 0.025 0.029 0.033 0.037 0.041 0.045 0.048 0.048 0.048 0.048 0.048 0.048 0.048 0.048 0.048 0.049 0.049 0.049 0.049 0.049 0.049 0.049 0.049 0.049 0.05 0.05 0.054 0.057 0.061 0.064 0.068 0.071 0.074 0.074 0.074 0.074 0.075 0.075 0.075 0.075 0.075 0.075 0.074 0.073 0.071 0.07 0.068 0.067 0.066 0.064 0.061 0.059 0.057 0.055 0.053 0.051 0.05 0.05 0.05 0.05 0.051 0.051 0.051 0.051 0.052 0.052 0.052 0.052 0.052 0.052 0.052 0.053 0.053 0.053 0.05 0.045 0.04 0.035 0.029 0.024 0.019 0.014 0.012 0.012 0.011 0.011 0.01 0.009 0.009 0.008 0.008 0.008 0.008 0.007 0.007 0.007 0.007 0.007 0.006 0.006 0.006 0.006 0.006 0.007 0.007 0.007 0.007 0.007 0.007 0.007 0.007 0.007 0.007 0.007 0.007 0.006 0.006 0.005 0.004 0.004 0.003 0.002 0.002 0.002 0.002 0.002 0.002 0.002 0.002 0.002 0.002
0.017 0.017 0.017 0.017 0.018 0.022 0.026 0.03 0.035 0.039 0.042 0.042 0.042 0.042 0.042 0.042 0.042 0.042 0.042 0.043 0.043 0.043 0.043 0.043 0.043 0.043 0.043 0.043 0.044 0.044 0.044 0.045 0.049 0.052 0.056 0.059 0.063 0.065 0.066 0.066 0.066 0.066 0.066 0.066 0.066 0.067 0.067 0.067 0.065 0.064 0.062 0.061 0.06 0.058 0.056 0.054 0.052 0.05 0.048 0.045 0.044 0.044 0.044 0.045 0.045 0.045 0.045 0.046 0.046 0.046 0.046 0.047 0.047 0.047 0.047 0.047 0.047 0.047 0.047 0.048 0.044 0.039 0.034 0.028 0.023 0.018 0.013 0.011 0.011 0.01 0.01 0.009 0.009 0.008 0.008 0.007 0.007 0.007 0.007 0.007 0.006 0.006 0.006 0.006 0.006 0.006 0.006 0.006 0.006 0.006 0.006 0.006 0.006 0.006 0.006 0.006 0.006 0.006 0.006 0.006 0.005 0.005 0.004 0.004 0.003 0.002 0.002 0.001 0.001 0.001 0.001 0.001 0.001 0.001 0.001 0.001
0.015 0.015 0.015 0.015 0.016 0.02 0.024 0.028 0.032 0.036 0.036 0.036 0.036 0.036 0.036 0.036 0.036 0.037 0.037 0.037 0.037 0.037 0.037 0.037 0.037 0.037 0.038 0.038 0.038 0.038 0.038 0.038 0.04 0.044 0.047 0.051 0.054 0.057 0.057 0.057 0.057 0.057 0.057 0.058 0.058 0.058 0.058 0.058 0.058 0.056 0.055 0.054 0.052 0.051 0.049 0.047 0.044 0.042 0.04 0.038 0.039 0.039 0.039 0.039 0.04 0.04 0.04 0.04 0.041 0.041 0.041 0.041 0.041 0.041 0.042 0.042 0.042 0.042 0.042 0.042 0.042 0.038 0.033 0.027 0.022 0.017 0.012 0.01 0.01 0.009 0.009 0.008 0.008 0.007 0.007 0.007 0.007 0.006 0.006 0.006 0.006 0.005 0.005 0.005 0.005 0.005 0.005 0.005 0.005 0.005 0.005 0.005 0.005 0.005 0.005 0.005 0.005 0.005 0.005 0.005 0.005 0.004 0.004 0.003 0.002 0.002 0.001 0.001 0.001 0.001 0.001 0.001 0.001 0.001 0.001 0.001
0.012 0.012 0.012 0.012 0.013 0.017 0.021 0.026 0.03 0.03 0.03 0.03 0.03 0.03 0.03 0.03 0.031 0.031 0.031 0.031 0.031 0.031 0.031 0.031 0.031 0.032 0.032 0.032 0.032 0.032 0.032 0.032 0.032 0.035 0.039 0.042 0.046 0.048 0.048 0.048 0.049 0.049 0.049 0.049 0.049 0.049 0.049 0.05 0.05 0.049 0.048 0.046 0.045 0.043 0.041 0.039 0.037 0.035 0.033 0.033 0.033 0.034 0.034 0.034 0.034 0.035 0.035 0.035 0.035 0.036 0.036 0.036 0.036 0.036 0.036 0.036 0.037 0.037 0.037 0.037 0.037 0.037 0.031 0.026 0.021 0.016 0.01 0.009 0.009 0.008 0.008 0.007 0.007 0.007 0.006 0.006 0.006 0.006 0.005 0.005 0.005 0.005 0.005 0.004 0.004 0.004 0.004 0.004 0.005 0.005 0.005 0.005 0.005 0.005 0.005 0.005 0.005 0.005 0.005 0.005 0.004 0.003 0.003 0.002 0.002 0.001 0.001 0.001 0.001 0.001 0.001 0.001 0.001 0.001 0.001 0.001
0.01 0.01 0.01 0.01 0.011 0.015 0.019 0.023 0.024 0.024 0.024 0.024 0.024 0.024 0.024 0.025 0.025 0.025 0.025 0.025 0.025 0.025 0.025 0.025 0.026 0.026 0.026 0.026 0.026 0.026 0.026 0.026 0.026 0.027 0.03 0.033 0.037 0.039 0.04 0.04 0.04 0.04 0.04 0.04 0.041 0.041 0.041 0.041 0.041 0.041 0.04 0.039 0.037 0.036 0.034 0.032 0.03 0.028 0.027 0.028 0.028 0.028 0.028 0.029 0.029 0.029 0.029 0.03 0.03 0.03 0.03 0.031 0.031 0.031 0.031 0.031 0.031 0.031 0.031 0.032 0.032 0.032 0.03 0.025 0.02 0.015 0.009 0.009 0.008 0.007 0.007 0.006 0.006 0.006 0.006 0.005 0.005 0.005 0.005 0.005 0.004 0.004 0.004 0.004 0.004 0.004 0.004 0.004 0.004 0.004 0.004 0.004 0.004 0.004 0.004 0.004 0.004 0.004 0.004 0.004 0.003 0.003 0.002 0.002 0.001 0.001 0.001 0.001 0.001 0.001 0.001 0.001 0.001 0.001 0.001 0.001
0.007 0.007 0.007 0.007 0.008 0.012 0.017 0.018 0.018 0.018 0.018 0.018 0.018 0.019 0.019 0.019 0.019 0.019 0.019 0.019 0.019 0.019 0.019 0.02 0.02 0.02 0.02 0.02 0.02 0.02 0.02 0.02 0.021 0.021 0.021 0.025 0.028 0.031 0.031 0.031 0.031 0.031 0.032 0.032 0.032 0.032 0.032 0.032 0.033 0.033 0.033 0.031 0.03 0.029 0.027 0.024 0.022 0.022 0.022 0.022 0.023 0.023 0.023 0.023 0.024 0.024 0.024 0.024 0.025 0.025 0.025 0.025 0.025 0.025 0.026 0.026 0.026 0.026 0.026 0.026 0.026 0.026 0.027 0.024 0.019 0.014 0.008 0.008 0.007 0.006 0.006 0.006 0.005 0.005 0.005 0.005 0.005 0.004 0.004 0.004 0.004 0.003 0.003 0.003 0.003 0.003 0.003 0.003 0.003 0.003 0.003 0.003 0.003 0.003 0.003 0.003 0.003 0.003 0.003 0.003 0.003 0.002 0.002 0.001 0.001 0.001 0.001 0.001 0.001 0.001 0.001 0.001 0.001 0.001 0.001 0.001
0.005 0.005 0.005 0.005 0.006 0.01 0.012 0.012 0.012 0.012 0.012 0.012 0.013 0.013 0.013 0.013 0.013 0.013 0.013 0.013 0.013 0.014 0.014 0.014 0.014 0.014 0.014 0.014 0.014 0.014 0.014 0.015 0.015 0.015 0.015 0.016 0.02 0.022 0.022 0.023 0.023 0.023 0.023 0.023 0.023 0.023 0.024 0.024 0.024 0.024 0.024 0.024 0.023 0.021 0.019 0.017 0.016 0.017 0.017 0.017 0.017 0.018 0.018 0.018 0.018 0.019 0.019 0.019 0.019 0.02 0.02 0.02 0.02 0.02 0.02 0.02 0.02 0.021 0.021 0.021 0.021 0.021 0.021 0.021 0.018 0.013 0.007 0.007 0.006 0.005 0.005 0.005 0.005 0.005 0.004 0.004 0.004 0.004 0.003 0.003 0.003 0.003 0.003 0.002 0.002 0.002 0.002 0.003 0.003 0.003 0.003 0.003 0.003 0.003 0.003 0.003 0.003 0.003 0.003 0.003 0.002 0.001 0.001 0.001 0.001 0.001 0.001 0.001 0.001 0.001 0.001 0.001 0.001 0.001 0.001 0.001
0.002 0.002 0.002 0.002 0.004 0.006 0.006 0.006 0.006 0.006 0.006 0.007 0.007 0.007 0.007 0.007 0.007 0.007 0.007 0.007 0.008 0.008 0.008 0.008 0.008 0.008 0.008 0.008 0.008 0.009 0.009 0.009 0.009 0.009 0.009 0.009 0.011 0.014 0.014 0.014 0.014 0.014 0.014 0.015 0.015 0.015 0.015 0.015 0.015 0.015 0.016 0.016 0.015 0.014 0.012 0.011 0.011 0.011 0.011 0.012 0.012 0.012 0.012 0.013 0.013 0.013 0.013 0.014 0.014 0.014 0.014 0.015 0.015 0.015 0.015 0.015 0.015 0.015 0.015 0.016 0.016 0.016 0.016 0.016 0.016 0.012 0.006 0.006 0.005 0.005 0.005 0.004 0.004 0.004 0.004 0.003 0.003 0.003 0.003 0.003 0.002 0.002 0.002 0.002 0.002 0.002 0.002 0.002 0.002 0.002 0.002 0.002 0.002 0.002 0.002 0.002 0.002 0.002 0.002 0.002 0.001 0.001 0.001 0.001 0.001 0.001 0.001 0.001 0.001 0.001 0.001 0.001 0.001 0.001 0.001 0.001
0.0 0.0 0.0 0.0 0.0 0.0 0.0 0.0 0.0 0.0 0.001 0.001 0.001 0.001 0.001 0.001 0.001 0.001 0.001 0.002 0.002 0.002 0.002 0.002 0.002 0.002 0.002 0.002 0.003 0.003 0.003 0.003 0.003 0.003 0.003 0.003 0.003 0.005 0.005 0.005 0.005 0.006 0.006 0.006 0.006 0.006 0.006 0.006 0.007 0.007 0.007 0.007 0.007 0.007 0.005 0.005 0.006 0.006 0.006 0.006 0.007 0.007 0.007 0.007 0.008 0.008 0.008 0.008 0.009 0.009 0.009 0.009 0.009 0.009 0.01 0.01 0.01 0.01 0.01 0.01 0.01 0.01 0.011 0.011 0.011 0.01 0.005 0.005 0.004 0.004 0.004 0.004 0.003 0.003 0.003 0.003 0.003 0.002 0.002 0.002 0.002 0.001 0.001 0.001 0.001 0.001 0.001 0.001 0.001 0.001 0.001 0.001 0.001 0.001 0.001 0.001 0.001 0.001 0.001 0.001 0.001 0.0 0.0 0.0 0.0 0.0 0.0 0.0 0.0 0.0 0.0 0.0 0.0 0.0 0.0 0.0
0.0 0.0 0.0 0.0 0.0 0.0 0.0 0.0 0.0 0.0 0.0 0.0 0.0 0.0 0.0 0.0 0.0 0.0 0.0 0.0 0.0 0.0 0.0 0.0 0.0 0.0 0.0 0.0 0.0 0.0 0.0 0.0 0.0 0.0 0.0 0.0 0.0 0.0 0.0 0.0 0.001 0.001 0.001 0.001 0.001 0.001 0.001 0.001 0.001 0.001 0.001 0.001 0.001 0.001 0.001 0.001 0.001 0.001 0.001 0.002 0.002 0.002 0.002 0.002 0.002 0.003 0.003 0.003 0.003 0.004 0.004 0.004 0.004 0.004 0.004 0.004 0.004 0.005 0.005 0.005 0.005 0.005 0.005 0.005 0.005 0.006 0.004 0.004 0.004 0.003 0.003 0.003 0.003 0.003 0.002 0.002 0.002 0.002 0.001 0.001 0.001 0.001 0.001 0.0 0.0 0.0 0.0 0.001 0.001 0.001 0.001 0.001 0.001 0.001 0.001 0.001 0.001 0.001 0.001 0.001 0.0 0.0 0.0 0.0 0.0 0.0 0.0 0.0 0.0 0.0 0.0 0.0 0.0 0.0 0.0 0.0
0.0 0.0 0.0 0.0 0.0 0.0 0.0 0.0 0.0 0.0 0.0 0.0 0.0 0.0 0.0 0.0 0.0 0.0 0.0 0.0 0.0 0.0 0.0 0.0 0.0 0.0 0.0 0.0 0.0 0.0 0.0 0.0 0.0 0.0 0.0 0.0 0.0 0.0 0.0 0.0 0.0 0.0 0.001 0.001 0.001 0.001 0.001 0.001 0.001 0.001 0.001 0.001 0.001 0.001 0.001 0.001 0.001 0.001 0.001 0.001 0.002 0.002 0.002 0.002 0.002 0.002 0.003 0.003 0.003 0.003 0.003 0.003 0.003 0.003 0.003 0.003 0.003 0.003 0.004 0.004 0.004 0.004 0.004 0.004 0.004 0.004 0.004 0.004 0.003 0.003 0.003 0.003 0.002 0.002 0.002 0.002 0.002 0.001 0.001 0.001 0.001 0.0 0.0 0.0 0.0 0.0 0.0 0.0 0.0 0.0 0.0 0.0 0.0 0.0 0.0 0.0 0.0 0.0 0.0 0.0 0.0 0.0 0.0 0.0 0.0 0.0 0.0 0.0 0.0 0.0 0.0 0.0 0.0 0.0 0.0 0.0
0.0 0.0 0.0 0.0 0.0 0.0 0.0 0.0 0.0 0.0 0.0 0.0 0.0 0.0 0.0 0.0 0.0 0.0 0.0 0.0 0.0 0.0 0.0 0.0 0.0 0.0 0.0 0.0 0.0 0.0 0.0 0.0 0.0 0.0 0.0 0.0 0.0 0.0 0.0 0.0 0.0 0.0 0.0 0.0 0.001 0.001 0.001 0.001 0.001 0.001 0.001 0.001 0.001 0.001 0.001 0.001 0.001 0.001 0.001 0.001 0.001 0.002 0.002 0.002 0.002 0.002 0.002 0.003 0.003 0.003 0.003 0.003 0.003 0.003 0.003 0.003 0.003 0.003 0.003 0.003 0.003 0.003 0.003 0.004 0.004 0.004 0.004 0.004 0.003 0.003 0.003 0.003 0.002 0.002 0.002 0.002 0.002 0.001 0.001 0.001 0.001 0.0 0.0 0.0 0.0 0.0 0.0 0.0 0.0 0.0 0.0 0.0 0.0 0.0 0.0 0.0 0.0 0.0 0.0 0.0 0.0 0.0 0.0 0.0 0.0 0.0 0.0 0.0 0.0 0.0 0.0 0.0 0.0 0.0 0.0 0.0
0.0 0.0 0.0 0.0 0.0 0.0 0.0 0.0 0.0 0.0 0.0 0.0 0.0 0.0 0.0 0.0 0.0 0.0 0.0 0.0 0.0 0.0 0.0 0.0 0.0 0.0 0.0 0.0 0.0 0.0 0.0 0.0 0.0 0.0 0.0 0.0 0.0 0.0 0.0 0.0 0.0 0.0 0.0 0.0 0.0 0.0 0.001 0.001 0.001 0.001 0.001 0.001 0.001 0.001 0.001 0.001 0.001 0.001 0.001 0.001 0.001 0.001 0.002 0.002 0.002 0.002 0.002 0.002 0.003 0.003 0.003 0.003 0.003 0.003 0.003 0.003 0.003 0.003 0.003 0.003 0.003 0.003 0.003 0.003 0.003 0.003 0.003 0.003 0.003 0.003 0.003 0.003 0.002 0.002 0.002 0.002 0.002 0.001 0.001 0.001 0.001 0.0 0.0 0.0 0.0 0.0 0.0 0.0 0.0 0.0 0.0 0.0 0.0 0.0 0.0 0.0 0.0 0.0 0.0 0.0 0.0 0.0 0.0 0.0 0.0 0.0 0.0 0.0 0.0 0.0 0.0 0.0 0.0 0.0 0.0 0.0
0.0 0.0 0.0 0.0 0.0 0.0 0.0 0.0 0.0 0.0 0.0 0.0 0.0 0.0 0.0 0.0 0.0 0.0 0.0 0.0 0.0 0.0 0.0 0.0 0.0 0.0 0.0 0.0 0.0 0.0 0.0 0.0 0.0 0.0 0.0 0.0 0.0 0.0 0.0 0.0 0.0 0.0 0.0 0.0 0.0 0.0 0.0 0.0 0.0 0.001 0.001 0.001 0.001 0.001 0.001 0.001 0.001 0.001 0.001 0.001 0.001 0.001 0.001 0.002 0.002 0.002 0.002 0.002 0.002 0.003 0.003 0.003 0.003 0.003 0.003 0.003 0.003 0.003 0.003 0.003 0.003 0.003 0.003 0.003 0.003 0.003 0.003 0.003 0.003 0.003 0.003 0.003 0.002 0.002 0.002 0.002 0.002 0.001 0.001 0.001 0.001 0.0 0.0 0.0 0.0 0.0 0.0 0.0 0.0 0.0 0.0 0.0 0.0 0.0 0.0 0.0 0.0 0.0 0.0 0.0 0.0 0.0 0.0 0.0 0.0 0.0 0.0 0.0 0.0 0.0 0.0 0.0 0.0 0.0 0.0 0.0
0.0 0.0 0.0 0.0 0.0 0.0 0.0 0.0 0.0 0.0 0.0 0.0 0.0 0.0 0.0 0.0 0.0 0.0 0.0 0.0 0.0 0.0 0.0 0.0 0.0 0.0 0.0 0.0 0.0 0.0 0.0 0.0 0.0 0.0 0.0 0.0 0.0 0.0 0.0 0.0 0.0 0.0 0.0 0.0 0.0 0.0 0.0 0.0 0.0 0.0 0.0 0.0 0.0 0.0 0.0 0.0 0.0 0.0 0.001 0.001 0.001 0.001 0.001 0.001 0.002 0.002 0.002 0.002 0.002 0.002 0.003 0.003 0.003 0.003 0.003 0.003 0.003 0.003 0.003 0.003 0.003 0.003 0.003 0.003 0.003 0.003 0.003 0.003 0.003 0.003 0.003 0.003 0.002 0.002 0.002 0.002 0.002 0.001 0.001 0.001 0.001 0.0 0.0 0.0 0.0 0.0 0.0 0.0 0.0 0.0 0.0 0.0 0.0 0.0 0.0 0.0 0.0 0.0 0.0 0.0 0.0 0.0 0.0 0.0 0.0 0.0 0.0 0.0 0.0 0.0 0.0 0.0 0.0 0.0 0.0 0.0
0.0 0.0 0.0 0.0 0.0 0.0 0.0 0.0 0.0 0.0 0.0 0.0 0.0 0.0 0.0 0.0 0.0 0.0 0.0 0.0 0.0 0.0 0.0 0.0 0.0 0.0 0.0 0.0 0.0 0.0 0.0 0.0 0.0 0.0 0.0 0.0 0.0 0.0 0.0 0.0 0.0 0.0 0.0 0.0 0.0 0.0 0.0 0.0 0.0 0.0 0.0 0.0 0.0 0.0 0.0 0.0 0.0 0.0 0.0 0.001 0.001 0.001 0.001 0.001 0.001 0.002 0.002 0.002 0.002 0.002 0.002 0.002 0.002 0.003 0.003 0.003 0.003 0.003 0.003 0.003 0.003 0.003 0.003 0.003 0.003 0.003 0.003 0.003 0.003 0.003 0.003 0.003 0.002 0.002 0.002 0.002 0.002 0.001 0.001 0.001 0.001 0.0 0.0 0.0 0.0 0.0 0.0 0.0 0.0 0.0 0.0 0.0 0.0 0.0 0.0 0.0 0.0 0.0 0.0 0.0 0.0 0.0 0.0 0.0 0.0 0.0 0.0 0.0 0.0 0.0 0.0 0.0 0.0 0.0 0.0 0.0
0.0 0.0 0.0 0.0 0.0 0.0 0.0 0.0 0.0 0.0 0.0 0.0 0.0 0.0 0.0 0.0 0.0 0.0 0.0 0.0 0.0 0.0 0.0 0.0 0.0 0.0 0.0 0.0 0.0 0.0 0.0 0.0 0.0 0.0 0.0 0.0 0.0 0.0 0.0 0.0 0.0 0.0 0.0 0.0 0.0 0.0 0.0 0.0 0.0 0.0 0.0 0.0 0.0 0.0 0.0 0.0 0.0 0.0 0.0 0.0 0.001 0.001 0.001 0.001 0.001 0.001 0.002 0.002 0.002 0.002 0.002 0.002 0.002 0.002 0.002 0.002 0.002 0.002 0.003 0.003 0.003 0.003 0.003 0.003 0.003 0.003 0.003 0.003 0.003 0.003 0.003 0.003 0.002 0.002 0.002 0.002 0.002 0.001 0.001 0.001 0.001 0.0 0.0 0.0 0.0 0.0 0.0 0.0 0.0 0.0 0.0 0.0 0.0 0.0 0.0 0.0 0.0 0.0 0.0 0.0 0.0 0.0 0.0 0.0 0.0 0.0 0.0 0.0 0.0 0.0 0.0 0.0 0.0 0.0 0.0 0.0
0.0 0.0 0.0 0.0 0.0 0.0 0.0 0.0 0.0 0.0 0.0 0.0 0.0 0.0 0.0 0.0 0.0 0.0 0.0 0.0 0.0 0.0 0.0 0.0 0.0 0.0 0.0 0.0 0.0 0.0 0.0 0.0 0.0 0.0 0.0 0.0 0.0 0.0 0.0 0.0 0.0 0.0 0.0 0.0 0.0 0.0 0.0 0.0 0.0 0.0 0.0 0.0 0.0 0.0 0.0 0.0 0.0 0.0 0.0 0.0 0.0 0.001 0.001 0.001 0.001 0.001 0.001 0.002 0.002 0.002 0.002 0.002 0.002 0.002 0.002 0.002 0.002 0.002 0.002 0.002 0.002 0.002 0.002 0.002 0.002 0.002 0.002 0.002 0.002 0.002 0.002 0.002 0.002 0.002 0.002 0.002 0.002 0.001 0.001 0.001 0.001 0.0 0.0 0.0 0.0 0.0 0.0 0.0 0.0 0.0 0.0 0.0 0.0 0.0 0.0 0.0 0.0 0.0 0.0 0.0 0.0 0.0 0.0 0.0 0.0 0.0 0.0 0.0 0.0 0.0 0.0 0.0 0.0 0.0 0.0 0.0
0.0 0.0 0.0 0.0 0.0 0.0 0.0 0.0 0.0 0.0 0.0 0.0 0.0 0.0 0.0 0.0 0.0 0.0 0.0 0.0 0.0 0.0 0.0 0.0 0.0 0.0 0.0 0.0 0.0 0.0 0.0 0.0 0.0 0.0 0.0 0.0 0.0 0.0 0.0 0.0 0.0 0.0 0.0 0.0 0.0 0.0 0.0 0.0 0.0 0.0 0.0 0.0 0.0 0.0 0.0 0.0 0.0 0.0 0.0 0.0 0.0 0.0 0.001 0.001 0.001 0.001 0.001 0.001 0.002 0.002 0.002 0.002 0.002 0.002 0.002 0.002 0.002 0.002 0.002 0.002 0.002 0.002 0.002 0.002 0.002 0.002 0.002 0.002 0.002 0.002 0.002 0.002 0.002 0.002 0.002 0.002 0.002 0.001 0.001 0.001 0.001 0.0 0.0 0.0 0.0 0.0 0.0 0.0 0.0 0.0 0.0 0.0 0.0 0.0 0.0 0.0 0.0 0.0 0.0 0.0 0.0 0.0 0.0 0.0 0.0 0.0 0.0 0.0 0.0 0.0 0.0 0.0 0.0 0.0 0.0 0.0
0.0 0.0 0.0 0.0 0.0 0.0 0.0 0.0 0.0 0.0 0.0 0.0 0.0 0.0 0.0 0.0 0.0 0.0 0.0 0.0 0.0 0.0 0.0 0.0 0.0 0.0 0.0 0.0 0.0 0.0 0.0 0.0 0.0 0.0 0.0 0.0 0.0 0.0 0.0 0.0 0.0 0.0 0.0 0.0 0.0 0.0 0.0 0.0 0.0 0.0 0.0 0.0 0.0 0.0 0.0 0.0 0.0 0.0 0.0 0.0 0.0 0.0 0.0 0.001 0.001 0.001 0.001 0.001 0.001 0.002 0.002 0.002 0.002 0.002 0.002 0.002 0.002 0.002 0.002 0.002 0.002 0.002 0.002 0.002 0.002 0.002 0.002 0.002 0.002 0.002 0.002 0.002 0.002 0.002 0.002 0.002 0.001 0.001 0.001 0.001 0.001 0.0 0.0 0.0 0.0 0.0 0.0 0.0 0.0 0.0 0.0 0.0 0.0 0.0 0.0 0.0 0.0 0.0 0.0 0.0 0.0 0.0 0.0 0.0 0.0 0.0 0.0 0.0 0.0 0.0 0.0 0.0 0.0 0.0 0.0 0.0
0.0 0.0 0.0 0.0 0.0 0.0 0.0 0.0 0.0 0.0 0.0 0.0 0.0 0.0 0.0 0.0 0.0 0.0 0.0 0.0 0.0 0.0 0.0 0.0 0.0 0.0 0.0 0.0 0.0 0.0 0.0 0.0 0.0 0.0 0.0 0.0 0.0 0.0 0.0 0.0 0.0 0.0 0.0 0.0 0.0 0.0 0.0 0.0 0.0 0.0 0.0 0.0 0.0 0.0 0.0 0.0 0.0 0.0 0.0 0.0 0.0 0.0 0.0 0.0 0.001 0.001 0.001 0.001 0.001 0.001 0.002 0.002 0.002 0.002 0.002 0.002 0.002 0.002 0.002 0.002 0.002 0.002 0.002 0.002 0.002 0.002 0.002 0.002 0.002 0.002 0.002 0.002 0.002 0.002 0.002 0.002 0.001 0.001 0.001 0.001 0.001 0.0 0.0 0.0 0.0 0.0 0.0 0.0 0.0 0.0 0.0 0.0 0.0 0.0 0.0 0.0 0.0 0.0 0.0 0.0 0.0 0.0 0.0 0.0 0.0 0.0 0.0 0.0 0.0 0.0 0.0 0.0 0.0 0.0 0.0 0.0
0.0 0.0 0.0 0.0 0.0 0.0 0.0 0.0 0.0 0.0 0.0 0.0 0.0 0.0 0.0 0.0 0.0 0.0 0.0 0.0 0.0 0.0 0.0 0.0 0.0 0.0 0.0 0.0 0.0 0.0 0.0 0.0 0.0 0.0 0.0 0.0 0.0 0.0 0.0 0.0 0.0 0.0 0.0 0.0 0.0 0.0 0.0 0.0 0.0 0.0 0.0 0.0 0.0 0.0 0.0 0.0 0.0 0.0 0.0 0.0 0.0 0.0 0.0 0.0 0.0 0.001 0.001 0.001 0.001 0.001 0.001 0.001 0.001 0.001 0.002 0.002 0.002 0.002 0.002 0.002 0.002 0.002 0.002 0.002 0.002 0.002 0.002 0.002 0.002 0.002 0.002 0.002 0.002 0.002 0.002 0.002 0.001 0.001 0.001 0.001 0.001 0.0 0.0 0.0 0.0 0.0 0.0 0.0 0.0 0.0 0.0 0.0 0.0 0.0 0.0 0.0 0.0 0.0 0.0 0.0 0.0 0.0 0.0 0.0 0.0 0.0 0.0 0.0 0.0 0.0 0.0 0.0 0.0 0.0 0.0 0.0
0.0 0.0 0.0 0.0 0.0 0.0 0.0 0.0 0.0 0.0 0.0 0.0 0.0 0.0 0.0 0.0 0.0 0.0 0.0 0.0 0.0 0.0 0.0 0.0 0.0 0.0 0.0 0.0 0.0 0.0 0.0 0.0 0.0 0.0 0.0 0.0 0.0 0.0 0.0 0.0 0.0 0.0 0.0 0.0 0.0 0.0 0.0 0.0 0.0 0.0 0.0 0.0 0.0 0.0 0.0 0.0 0.0 0.0 0.0 0.0 0.0 0.0 0.0 0.0 0.0 0.0 0.001 0.001 0.001 0.001 0.001 0.001 0.001 0.001 0.001 0.001 0.001 0.001 0.001 0.001 0.001 0.001 0.001 0.001 0.001 0.001 0.001 0.001 0.001 0.001 0.001 0.001 0.001 0.001 0.001 0.001 0.001 0.001 0.001 0.001 0.001 0.0 0.0 0.0 0.0 0.0 0.0 0.0 0.0 0.0 0.0 0.0 0.0 0.0 0.0 0.0 0.0 0.0 0.0 0.0 0.0 0.0 0.0 0.0 0.0 0.0 0.0 0.0 0.0 0.0 0.0 0.0 0.0 0.0 0.0 0.0
0.0 0.0 0.0 0.0 0.0 0.0 0.0 0.0 0.0 0.0 0.0 0.0 0.0 0.0 0.0 0.0 0.0 0.0 0.0 0.0 0.0 0.0 0.0 0.0 0.0 0.0 0.0 0.0 0.0 0.0 0.0 0.0 0.0 0.0 0.0 0.0 0.0 0.0 0.0 0.0 0.0 0.0 0.0 0.0 0.0 0.0 0.0 0.0 0.0 0.0 0.0 0.0 0.0 0.0 0.0 0.0 0.0 0.0 0.0 0.0 0.0 0.0 0.0 0.0 0.0 0.0 0.0 0.001 0.001 0.001 0.001 0.001 0.001 0.001 0.001 0.001 0.001 0.001 0.001 0.001 0.001 0.001 0.001 0.001 0.001 0.001 0.001 0.001 0.001 0.001 0.001 0.001 0.001 0.001 0.001 0.001 0.001 0.001 0.001 0.001 0.001 0.0 0.0 0.0 0.0 0.0 0.0 0.0 0.0 0.0 0.0 0.0 0.0 0.0 0.0 0.0 0.0 0.0 0.0 0.0 0.0 0.0 0.0 0.0 0.0 0.0 0.0 0.0 0.0 0.0 0.0 0.0 0.0 0.0 0.0 0.0
0.0 0.0 0.0 0.0 0.0 0.0 0.0 0.0 0.0 0.0 0.0 0.0 0.0 0.0 0.0 0.0 0.0 0.0 0.0 0.0 0.0 0.0 0.0 0.0 0.0 0.0 0.0 0.0 0.0 0.0 0.0 0.0 0.0 0.0 0.0 0.0 0.0 0.0 0.0 0.0 0.0 0.0 0.0 0.0 0.0 0.0 0.0 0.0 0.0 0.0 0.0 0.0 0.0 0.0 0.0 0.0 0.0 0.0 0.0 0.0 0.0 0.0 0.0 0.0 0.0 0.0 0.0 0.0 0.001 0.001 0.001 0.001 0.001 0.001 0.001 0.001 0.001 0.001 0.001 0.001 0.001 0.001 0.001 0.001 0.001 0.001 0.001 0.001 0.001 0.001 0.001 0.001 0.001 0.001 0.001 0.001 0.001 0.001 0.001 0.001 0.001 0.0 0.0 0.0 0.0 0.0 0.0 0.0 0.0 0.0 0.0 0.0 0.0 0.0 0.0 0.0 0.0 0.0 0.0 0.0 0.0 0.0 0.0 0.0 0.0 0.0 0.0 0.0 0.0 0.0 0.0 0.0 0.0 0.0 0.0 0.0
0.0 0.0 0.0 0.0 0.0 0.0 0.0 0.0 0.0 0.0 0.0 0.0 0.0 0.0 0.0 0.0 0.0 0.0 0.0 0.0 0.0 0.0 0.0 0.0 0.0 0.0 0.0 0.0 0.0 0.0 0.0 0.0 0.0 0.0 0.0 0.0 0.0 0.0 0.0 0.0 0.0 0.0 0.0 0.0 0.0 0.0 0.0 0.0 0.0 0.0 0.0 0.0 0.0 0.0 0.0 0.0 0.0 0.0 0.0 0.0 0.0 0.0 0.0 0.0 0.0 0.0 0.0 0.0 0.0 0.001 0.001 0.001 0.001 0.001 0.001 0.001 0.001 0.001 0.001 0.001 0.001 0.001 0.001 0.001 0.001 0.001 0.001 0.001 0.001 0.001 0.001 0.001 0.001 0.001 0.001 0.001 0.001 0.001 0.001 0.001 0.001 0.0 0.0 0.0 0.0 0.0 0.0 0.0 0.0 0.0 0.0 0.0 0.0 0.0 0.0 0.0 0.0 0.0 0.0 0.0 0.0 0.0 0.0 0.0 0.0 0.0 0.0 0.0 0.0 0.0 0.0 0.0 0.0 0.0 0.0 0.0
0.0 0.0 0.0 0.0 0.0 0.0 0.0 0.0 0.0 0.0 0.0 0.0 0.0 0.0 0.0 0.0 0.0 0.0 0.0 0.0 0.0 0.0 0.0 0.0 0.0 0.0 0.0 0.0 0.0 0.0 0.0 0.0 0.0 0.0 0.0 0.0 0.0 0.0 0.0 0.0 0.0 0.0 0.0 0.0 0.0 0.0 0.0 0.0 0.0 0.0 0.0 0.0 0.0 0.0 0.0 0.0 0.0 0.0 0.0 0.0 0.0 0.0 0.0 0.0 0.0 0.0 0.0 0.0 0.0 0.0 0.001 0.001 0.001 0.001 0.001 0.001 0.001 0.001 0.001 0.001 0.001 0.001 0.001 0.001 0.001 0.001 0.001 0.001 0.001 0.001 0.001 0.001 0.001 0.001 0.001 0.001 0.001 0.001 0.001 0.001 0.001 0.0 0.0 0.0 0.0 0.0 0.0 0.0 0.0 0.0 0.0 0.0 0.0 0.0 0.0 0.0 0.0 0.0 0.0 0.0 0.0 0.0 0.0 0.0 0.0 0.0 0.0 0.0 0.0 0.0 0.0 0.0 0.0 0.0 0.0 0.0
0.0 0.0 0.0 0.0 0.0 0.0 0.0 0.0 0.0 0.0 0.0 0.0 0.0 0.0 0.0 0.0 0.0 0.0 0.0 0.0 0.0 0.0 0.0 0.0 0.0 0.0 0.0 0.0 0.0 0.0 0.0 0.0 0.0 0.0 0.0 0.0 0.0 0.0 0.0 0.0 0.0 0.0 0.0 0.0 0.0 0.0 0.0 0.0 0.0 0.0 0.0 0.0 0.0 0.0 0.0 0.0 0.0 0.0 0.0 0.0 0.0 0.0 0.0 0.0 0.0 0.0 0.0 0.0 0.0 0.0 0.0 0.0 0.0 0.0 0.0 0.0 0.0 0.0 0.0 0.0 0.0 0.0 0.0 0.0 0.0 0.0 0.0 0.0 0.0 0.0 0.0 0.0 0.0 0.0 0.0 0.0 0.0 0.0 0.0 0.0 0.0 0.0 0.0 0.0 0.0 0.0 0.0 0.0 0.0 0.0 0.0 0.0 0.0 0.0 0.0 0.0 0.0 0.0 0.0 0.0 0.0 0.0 0.0 0.0 0.0 0.0 0.0 0.0 0.0 0.0 0.0 0.0 0.0 0.0 0.0 0.0
0.0 0.0 0.0 0.0 0.0 0.0 0.0 0.0 0.0 0.0 0.0 0.0 0.0 0.0 0.0 0.0 0.0 0.0 0.0 0.0 0.0 0.0 0.0 0.0 0.0 0.0 0.0 0.0 0.0 0.0 0.0 0.0 0.0 0.0 0.0 0.0 0.0 0.0 0.0 0.0 0.0 0.0 0.0 0.0 0.0 0.0 0.0 0.0 0.0 0.0 0.0 0.0 0.0 0.0 0.0 0.0 0.0 0.0 0.0 0.0 0.0 0.0 0.0 0.0 0.0 0.0 0.0 0.0 0.0 0.0 0.0 0.0 0.0 0.0 0.0 0.0 0.0 0.0 0.0 0.0 0.0 0.0 0.0 0.0 0.0 0.0 0.0 0.0 0.0 0.0 0.0 0.0 0.0 0.0 0.0 0.0 0.0 0.0 0.0 0.0 0.0 0.0 0.0 0.0 0.0 0.0 0.0 0.0 0.0 0.0 0.0 0.0 0.0 0.0 0.0 0.0 0.0 0.0 0.0 0.0 0.0 0.0 0.0 0.0 0.0 0.0 0.0 0.0 0.0 0.0 0.0 0.0 0.0 0.0 0.0 0.0
0.0 0.0 0.0 0.0 0.0 0.0 0.0 0.0 0.0 0.0 0.0 0.0 0.0 0.0 0.0 0.0 0.0 0.0 0.0 0.0 0.0 0.0 0.0 0.0 0.0 0.0 0.0 0.0 0.0 0.0 0.0 0.0 0.0 0.0 0.0 0.0 0.0 0.0 0.0 0.0 0.0 0.0 0.0 0.0 0.0 0.0 0.0 0.0 0.0 0.0 0.0 0.0 0.0 0.0 0.0 0.0 0.0 0.0 0.0 0.0 0.0 0.0 0.0 0.0 0.0 0.0 0.0 0.0 0.0 0.0 0.0 0.0 0.0 0.0 0.0 0.0 0.0 0.0 0.0 0.0 0.0 0.0 0.0 0.0 0.0 0.0 0.0 0.0 0.0 0.0 0.0 0.0 0.0 0.0 0.0 0.0 0.0 0.0 0.0 0.0 0.0 0.0 0.0 0.0 0.0 0.0 0.0 0.0 0.0 0.0 0.0 0.0 0.0 0.0 0.0 0.0 0.0 0.0 0.0 0.0 0.0 0.0 0.0 0.0 0.0 0.0 0.0 0.0 0.0 0.0 0.0 0.0 0.0 0.0 0.0 0.0
0.0 0.0 0.0 0.0 0.0 0.0 0.0 0.0 0.0 0.0 0.0 0.0 0.0 0.0 0.0 0.0 0.0 0.0 0.0 0.0 0.0 0.0 0.0 0.0 0.0 0.0 0.0 0.0 0.0 0.0 0.0 0.0 0.0 0.0 0.0 0.0 0.0 0.0 0.0 0.0 0.0 0.0 0.0 0.0 0.0 0.0 0.0 0.0 0.0 0.0 0.0 0.0 0.0 0.0 0.0 0.0 0.0 0.0 0.0 0.0 0.0 0.0 0.0 0.0 0.0 0.0 0.0 0.0 0.0 0.0 0.0 0.0 0.0 0.0 0.0 0.0 0.0 0.0 0.0 0.0 0.0 0.0 0.0 0.0 0.0 0.0 0.0 0.0 0.0 0.0 0.0 0.0 0.0 0.0 0.0 0.0 0.0 0.0 0.0 0.0 0.0 0.0 0.0 0.0 0.0 0.0 0.0 0.0 0.0 0.0 0.0 0.0 0.0 0.0 0.0 0.0 0.0 0.0 0.0 0.0 0.0 0.0 0.0 0.0 0.0 0.0 0.0 0.0 0.0 0.0 0.0 0.0 0.0 0.0 0.0 0.0
0.0 0.0 0.0 0.0 0.0 0.0 0.0 0.0 0.0 0.0 0.0 0.0 0.0 0.0 0.0 0.0 0.0 0.0 0.0 0.0 0.0 0.0 0.0 0.0 0.0 0.0 0.0 0.0 0.0 0.0 0.0 0.0 0.0 0.0 0.0 0.0 0.0 0.0 0.0 0.0 0.0 0.0 0.0 0.0 0.0 0.0 0.0 0.0 0.0 0.0 0.0 0.0 0.0 0.0 0.0 0.0 0.0 0.0 0.0 0.0 0.0 0.0 0.0 0.0 0.0 0.0 0.0 0.0 0.0 0.0 0.0 0.0 0.0 0.0 0.0 0.0 0.0 0.0 0.0 0.0 0.0 0.0 0.0 0.0 0.0 0.0 0.0 0.0 0.0 0.0 0.0 0.0 0.0 0.0 0.0 0.0 0.0 0.0 0.0 0.0 0.0 0.0 0.0 0.0 0.0 0.0 0.0 0.0 0.0 0.0 0.0 0.0 0.0 0.0 0.0 0.0 0.0 0.0 0.0 0.0 0.0 0.0 0.0 0.0 0.0 0.0 0.0 0.0 0.0 0.0 0.0 0.0 0.0 0.0 0.0 0.0
0.0 0.0 0.0 0.0 0.0 0.0 0.0 0.0 0.0 0.0 0.0 0.0 0.0 0.0 0.0 0.0 0.0 0.0 0.0 0.0 0.0 0.0 0.0 0.0 0.0 0.0 0.0 0.0 0.0 0.0 0.0 0.0 0.0 0.0 0.0 0.0 0.0 0.0 0.0 0.0 0.0 0.0 0.0 0.0 0.0 0.0 0.0 0.0 0.0 0.0 0.0 0.0 0.0 0.0 0.0 0.0 0.0 0.0 0.0 0.0 0.0 0.0 0.0 0.0 0.0 0.0 0.0 0.0 0.0 0.0 0.0 0.0 0.0 0.0 0.0 0.0 0.0 0.0 0.0 0.0 0.0 0.0 0.0 0.0 0.0 0.0 0.0 0.0 0.0 0.0 0.0 0.0 0.0 0.0 0.0 0.0 0.0 0.0 0.0 0.0 0.0 0.0 0.0 0.0 0.0 0.0 0.0 0.0 0.0 0.0 0.0 0.0 0.0 0.0 0.0 0.0 0.0 0.0 0.0 0.0 0.0 0.0 0.0 0.0 0.0 0.0 0.0 0.0 0.0 0.0 0.0 0.0 0.0 0.0 0.0 0.0
0.0 0.0 0.0 0.0 0.0 0.0 0.0 0.0 0.0 0.0 0.0 0.0 0.0 0.0 0.0 0.0 0.0 0.0 0.0 0.0 0.0 0.0 0.0 0.0 0.0 0.0 0.0 0.0 0.0 0.0 0.0 0.0 0.0 0.0 0.0 0.0 0.0 0.0 0.0 0.0 0.0 0.0 0.0 0.0 0.0 0.0 0.0 0.0 0.0 0.0 0.0 0.0 0.0 0.0 0.0 0.0 0.0 0.0 0.0 0.0 0.0 0.0 0.0 0.0 0.0 0.0 0.0 0.0 0.0 0.0 0.0 0.0 0.0 0.0 0.0 0.0 0.0 0.0 0.0 0.0 0.0 0.0 0.0 0.0 0.0 0.0 0.0 0.0 0.0 0.0 0.0 0.0 0.0 0.0 0.0 0.0 0.0 0.0 0.0 0.0 0.0 0.0 0.0 0.0 0.0 0.0 0.0 0.0 0.0 0.0 0.0 0.0 0.0 0.0 0.0 0.0 0.0 0.0 0.0 0.0 0.0 0.0 0.0 0.0 0.0 0.0 0.0 0.0 0.0 0.0 0.0 0.0 0.0 0.0 0.0 0.0
0.0 0.0 0.0 0.0 0.0 0.0 0.0 0.0 0.0 0.0 0.0 0.0 0.0 0.0 0.0 0.0 0.0 0.0 0.0 0.0 0.0 0.0 0.0 0.0 0.0 0.0 0.0 0.0 0.0 0.0 0.0 0.0 0.0 0.0 0.0 0.0 0.0 0.0 0.0 0.0 0.0 0.0 0.0 0.0 0.0 0.0 0.0 0.0 0.0 0.0 0.0 0.0 0.0 0.0 0.0 0.0 0.0 0.0 0.0 0.0 0.0 0.0 0.0 0.0 0.0 0.0 0.0 0.0 0.0 0.0 0.0 0.0 0.0 0.0 0.0 0.0 0.0 0.0 0.0 0.0 0.0 0.0 0.0 0.0 0.0 0.0 0.0 0.0 0.0 0.0 0.0 0.0 0.0 0.0 0.0 0.0 0.0 0.0 0.0 0.0 0.0 0.0 0.0 0.0 0.0 0.0 0.0 0.0 0.0 0.0 0.0 0.0 0.0 0.0 0.0 0.0 0.0 0.0 0.0 0.0 0.0 0.0 0.0 0.0 0.0 0.0 0.0 0.0 0.0 0.0 0.0 0.0 0.0 0.0 0.0 0.0
0.0 0.0 0.0 0.0 0.0 0.0 0.0 0.0 0.0 0.0 0.0 0.0 0.0 0.0 0.0 0.0 0.0 0.0 0.0 0.0 0.0 0.0 0.0 0.0 0.0 0.0 0.0 0.0 0.0 0.0 0.0 0.0 0.0 0.0 0.0 0.0 0.0 0.0 0.0 0.0 0.0 0.0 0.0 0.0 0.0 0.0 0.0 0.0 0.0 0.0 0.0 0.0 0.0 0.0 0.0 0.0 0.0 0.0 0.0 0.0 0.0 0.0 0.0 0.0 0.0 0.0 0.0 0.0 0.0 0.0 0.0 0.0 0.0 0.0 0.0 0.0 0.0 0.0 0.0 0.0 0.0 0.0 0.0 0.0 0.0 0.0 0.0 0.0 0.0 0.0 0.0 0.0 0.0 0.0 0.0 0.0 0.0 0.0 0.0 0.0 0.0 0.0 0.0 0.0 0.0 0.0 0.0 0.0 0.0 0.0 0.0 0.0 0.0 0.0 0.0 0.0 0.0 0.0 0.0 0.0 0.0 0.0 0.0 0.0 0.0 0.0 0.0 0.0 0.0 0.0 0.0 0.0 0.0 0.0 0.0 0.0
0.0 0.0 0.0 0.0 0.0 0.0 0.0 0.0 0.0 0.0 0.0 0.0 0.0 0.0 0.0 0.0 0.0 0.0 0.0 0.0 0.0 0.0 0.0 0.0 0.0 0.0 0.0 0.0 0.0 0.0 0.0 0.0 0.0 0.0 0.0 0.0 0.0 0.0 0.0 0.0 0.0 0.0 0.0 0.0 0.0 0.0 0.0 0.0 0.0 0.0 0.0 0.0 0.0 0.0 0.0 0.0 0.0 0.0 0.0 0.0 0.0 0.0 0.0 0.0 0.0 0.0 0.0 0.0 0.0 0.0 0.0 0.0 0.0 0.0 0.0 0.0 0.0 0.0 0.0 0.0 0.0 0.0 0.0 0.0 0.0 0.0 0.0 0.0 0.0 0.0 0.0 0.0 0.0 0.0 0.0 0.0 0.0 0.0 0.0 0.0 0.0 0.0 0.0 0.0 0.0 0.0 0.0 0.0 0.0 0.0 0.0 0.0 0.0 0.0 0.0 0.0 0.0 0.0 0.0 0.0 0.0 0.0 0.0 0.0 0.0 0.0 0.0 0.0 0.0 0.0 0.0 0.0 0.0 0.0 0.0 0.0
0.0 0.0 0.0 0.0 0.0 0.0 0.0 0.0 0.0 0.0 0.0 0.0 0.0 0.0 0.0 0.0 0.0 0.0 0.0 0.0 0.0 0.0 0.0 0.0 0.0 0.0 0.0 0.0 0.0 0.0 0.0 0.0 0.0 0.0 0.0 0.0 0.0 0.0 0.0 0.0 0.0 0.0 0.0 0.0 0.0 0.0 0.0 0.0 0.0 0.0 0.0 0.0 0.0 0.0 0.0 0.0 0.0 0.0 0.0 0.0 0.0 0.0 0.0 0.0 0.0 0.0 0.0 0.0 0.0 0.0 0.0 0.0 0.0 0.0 0.0 0.0 0.0 0.0 0.0 0.0 0.0 0.0 0.0 0.0 0.0 0.0 0.0 0.0 0.0 0.0 0.0 0.0 0.0 0.0 0.0 0.0 0.0 0.0 0.0 0.0 0.0 0.0 0.0 0.0 0.0 0.0 0.0 0.0 0.0 0.0 0.0 0.0 0.0 0.0 0.0 0.0 0.0 0.0 0.0 0.0 0.0 0.0 0.0 0.0 0.0 0.0 0.0 0.0 0.0 0.0 0.0 0.0 0.0 0.0 0.0 0.0
0.0 0.0 0.0 0.0 0.0 0.0 0.0 0.0 0.0 0.0 0.0 0.0 0.0 0.0 0.0 0.0 0.0 0.0 0.0 0.0 0.0 0.0 0.0 0.0 0.0 0.0 0.0 0.0 0.0 0.0 0.0 0.0 0.0 0.0 0.0 0.0 0.0 0.0 0.0 0.0 0.0 0.0 0.0 0.0 0.0 0.0 0.0 0.0 0.0 0.0 0.0 0.0 0.0 0.0 0.0 0.0 0.0 0.0 0.0 0.0 0.0 0.0 0.0 0.0 0.0 0.0 0.0 0.0 0.0 0.0 0.0 0.0 0.0 0.0 0.0 0.0 0.0 0.0 0.0 0.0 0.0 0.0 0.0 0.0 0.0 0.0 0.0 0.0 0.0 0.0 0.0 0.0 0.0 0.0 0.0 0.0 0.0 0.0 0.0 0.0 0.0 0.0 0.0 0.0 0.0 0.0 0.0 0.0 0.0 0.0 0.0 0.0 0.0 0.0 0.0 0.0 0.0 0.0 0.0 0.0 0.0 0.0 0.0 0.0 0.0 0.0 0.0 0.0 0.0 0.0 0.0 0.0 0.0 0.0 0.0 0.0
0.0 0.0 0.0 0.0 0.0 0.0 0.0 0.0 0.0 0.0 0.0 0.0 0.0 0.0 0.0 0.0 0.0 0.0 0.0 0.0 0.0 0.0 0.0 0.0 0.0 0.0 0.0 0.0 0.0 0.0 0.0 0.0 0.0 0.0 0.0 0.0 0.0 0.0 0.0 0.0 0.0 0.0 0.0 0.0 0.0 0.0 0.0 0.0 0.0 0.0 0.0 0.0 0.0 0.0 0.0 0.0 0.0 0.0 0.0 0.0 0.0 0.0 0.0 0.0 0.0 0.0 0.0 0.0 0.0 0.0 0.0 0.0 0.0 0.0 0.0 0.0 0.0 0.0 0.0 0.0 0.0 0.0 0.0 0.0 0.0 0.0 0.0 0.0 0.0 0.0 0.0 0.0 0.0 0.0 0.0 0.0 0.0 0.0 0.0 0.0 0.0 0.0 0.0 0.0 0.0 0.0 0.0 0.0 0.0 0.0 0.0 0.0 0.0 0.0 0.0 0.0 0.0 0.0 0.0 0.0 0.0 0.0 0.0 0.0 0.0 0.0 0.0 0.0 0.0 0.0 0.0 0.0 0.0 0.0 0.0 0.0
0.0 0.0 0.0 0.0 0.0 0.0 0.0 0.0 0.0 0.0 0.0 0.0 0.0 0.0 0.0 0.0 0.0 0.0 0.0 0.0 0.0 0.0 0.0 0.0 0.0 0.0 0.0 0.0 0.0 0.0 0.0 0.0 0.0 0.0 0.0 0.0 0.0 0.0 0.0 0.0 0.0 0.0 0.0 0.0 0.0 0.0 0.0 0.0 0.0 0.0 0.0 0.0 0.0 0.0 0.0 0.0 0.0 0.0 0.0 0.0 0.0 0.0 0.0 0.0 0.0 0.0 0.0 0.0 0.0 0.0 0.0 0.0 0.0 0.0 0.0 0.0 0.0 0.0 0.0 0.0 0.0 0.0 0.0 0.0 0.0 0.0 0.0 0.0 0.0 0.0 0.0 0.0 0.0 0.0 0.0 0.0 0.0 0.0 0.0 0.0 0.0 0.0 0.0 0.0 0.0 0.0 0.0 0.0 0.0 0.0 0.0 0.0 0.0 0.0 0.0 0.0 0.0 0.0 0.0 0.0 0.0 0.0 0.0 0.0 0.0 0.0 0.0 0.0 0.0 0.0 0.0 0.0 0.0 0.0 0.0 0.0
0.0 0.0 0.0 0.0 0.0 0.0 0.0 0.0 0.0 0.0 0.0 0.0 0.0 0.0 0.0 0.0 0.0 0.0 0.0 0.0 0.0 0.0 0.0 0.0 0.0 0.0 0.0 0.0 0.0 0.0 0.0 0.0 0.0 0.0 0.0 0.0 0.0 0.0 0.0 0.0 0.0 0.0 0.0 0.0 0.0 0.0 0.0 0.0 0.0 0.0 0.0 0.0 0.0 0.0 0.0 0.0 0.0 0.0 0.0 0.0 0.0 0.0 0.0 0.0 0.0 0.0 0.0 0.0 0.0 0.0 0.0 0.0 0.0 0.0 0.0 0.0 0.0 0.0 0.0 0.0 0.0 0.0 0.0 0.0 0.0 0.0 0.0 0.0 0.0 0.0 0.0 0.0 0.0 0.0 0.0 0.0 0.0 0.0 0.0 0.0 0.0 0.0 0.0 0.0 0.0 0.0 0.0 0.0 0.0 0.0 0.0 0.0 0.0 0.0 0.0 0.0 0.0 0.0 0.0 0.0 0.0 0.0 0.0 0.0 0.0 0.0 0.0 0.0 0.0 0.0 0.0 0.0 0.0 0.0 0.0 0.0
0.0 0.0 0.0 0.0 0.0 0.0 0.0 0.0 0.0 0.0 0.0 0.0 0.0 0.0 0.0 0.0 0.0 0.0 0.0 0.0 0.0 0.0 0.0 0.0 0.0 0.0 0.0 0.0 0.0 0.0 0.0 0.0 0.0 0.0 0.0 0.0 0.0 0.0 0.0 0.0 0.0 0.0 0.0 0.0 0.0 0.0 0.0 0.0 0.0 0.0 0.0 0.0 0.0 0.0 0.0 0.0 0.0 0.0 0.0 0.0 0.0 0.0 0.0 0.0 0.0 0.0 0.0 0.0 0.0 0.0 0.0 0.0 0.0 0.0 0.0 0.0 0.0 0.0 0.0 0.0 0.0 0.0 0.0 0.0 0.0 0.0 0.0 0.0 0.0 0.0 0.0 0.0 0.0 0.0 0.0 0.0 0.0 0.0 0.0 0.0 0.0 0.0 0.0 0.0 0.0 0.0 0.0 0.0 0.0 0.0 0.0 0.0 0.0 0.0 0.0 0.0 0.0 0.0 0.0 0.0 0.0 0.0 0.0 0.0 0.0 0.0 0.0 0.0 0.0 0.0 0.0 0.0 0.0 0.0 0.0 0.0
0.0 0.0 0.0 0.0 0.0 0.0 0.0 0.0 0.0 0.0 0.0 0.0 0.0 0.0 0.0 0.0 0.0 0.0 0.0 0.0 0.0 0.0 0.0 0.0 0.0 0.0 0.0 0.0 0.0 0.0 0.0 0.0 0.0 0.0 0.0 0.0 0.0 0.0 0.0 0.0 0.0 0.0 0.0 0.0 0.0 0.0 0.0 0.0 0.0 0.0 0.0 0.0 0.0 0.0 0.0 0.0 0.0 0.0 0.0 0.0 0.0 0.0 0.0 0.0 0.0 0.0 0.0 0.0 0.0 0.0 0.0 0.0 0.0 0.0 0.0 0.0 0.0 0.0 0.0 0.0 0.0 0.0 0.0 0.0 0.0 0.0 0.0 0.0 0.0 0.0 0.0 0.0 0.0 0.0 0.0 0.0 0.0 0.0 0.0 0.0 0.0 0.0 0.0 0.0 0.0 0.0 0.0 0.0 0.0 0.0 0.0 0.0 0.0 0.0 0.0 0.0 0.0 0.0 0.0 0.0 0.0 0.0 0.0 0.0 0.0 0.0 0.0 0.0 0.0 0.0 0.0 0.0 0.0 0.0 0.0 0.0
0.0 0.0 0.0 0.0 0.0 0.0 0.0 0.0 0.0 0.0 0.0 0.0 0.0 0.0 0.0 0.0 0.0 0.0 0.0 0.0 0.0 0.0 0.0 0.0 0.0 0.0 0.0 0.0 0.0 0.0 0.0 0.0 0.0 0.0 0.0 0.0 0.0 0.0 0.0 0.0 0.0 0.0 0.0 0.0 0.0 0.0 0.0 0.0 0.0 0.0 0.0 0.0 0.0 0.0 0.0 0.0 0.0 0.0 0.0 0.0 0.0 0.0 0.0 0.0 0.0 0.0 0.0 0.0 0.0 0.0 0.0 0.0 0.0 0.0 0.0 0.0 0.0 0.0 0.0 0.0 0.0 0.0 0.0 0.0 0.0 0.0 0.0 0.0 0.0 0.0 0.0 0.0 0.0 0.0 0.0 0.0 0.0 0.0 0.0 0.0 0.0 0.0 0.0 0.0 0.0 0.0 0.0 0.0 0.0 0.0 0.0 0.0 0.0 0.0 0.0 0.0 0.0 0.0 0.0 0.0 0.0 0.0 0.0 0.0 0.0 0.0 0.0 0.0 0.0 0.0 0.0 0.0 0.0 0.0 0.0 0.0
0.0 0.0 0.0 0.0 0.0 0.0 0.0 0.0 0.0 0.0 0.0 0.0 0.0 0.0 0.0 0.0 0.0 0.0 0.0 0.0 0.0 0.0 0.0 0.0 0.0 0.0 0.0 0.0 0.0 0.0 0.0 0.0 0.0 0.0 0.0 0.0 0.0 0.0 0.0 0.0 0.0 0.0 0.0 0.0 0.0 0.0 0.0 0.0 0.0 0.0 0.0 0.0 0.0 0.0 0.0 0.0 0.0 0.0 0.0 0.0 0.0 0.0 0.0 0.0 0.0 0.0 0.0 0.0 0.0 0.0 0.0 0.0 0.0 0.0 0.0 0.0 0.0 0.0 0.0 0.0 0.0 0.0 0.0 0.0 0.0 0.0 0.0 0.0 0.0 0.0 0.0 0.0 0.0 0.0 0.0 0.0 0.0 0.0 0.0 0.0 0.0 0.0 0.0 0.0 0.0 0.0 0.0 0.0 0.0 0.0 0.0 0.0 0.0 0.0 0.0 0.0 0.0 0.0 0.0 0.0 0.0 0.0 0.0 0.0 0.0 0.0 0.0 0.0 0.0 0.0 0.0 0.0 0.0 0.0 0.0 0.0
0.0 0.0 0.0 0.0 0.0 0.0 0.0 0.0 0.0 0.0 0.0 0.0 0.0 0.0 0.0 0.0 0.0 0.0 0.0 0.0 0.0 0.0 0.0 0.0 0.0 0.0 0.0 0.0 0.0 0.0 0.0 0.0 0.0 0.0 0.0 0.0 0.0 0.0 0.0 0.0 0.0 0.0 0.0 0.0 0.0 0.0 0.0 0.0 0.0 0.0 0.0 0.0 0.0 0.0 0.0 0.0 0.0 0.0 0.0 0.0 0.0 0.0 0.0 0.0 0.0 0.0 0.0 0.0 0.0 0.0 0.0 0.0 0.0 0.0 0.0 0.0 0.0 0.0 0.0 0.0 0.0 0.0 0.0 0.0 0.0 0.0 0.0 0.0 0.0 0.0 0.0 0.0 0.0 0.0 0.0 0.0 0.0 0.0 0.0 0.0 0.0 0.0 0.0 0.0 0.0 0.0 0.0 0.0 0.0 0.0 0.0 0.0 0.0 0.0 0.0 0.0 0.0 0.0 0.0 0.0 0.0 0.0 0.0 0.0 0.0 0.0 0.0 0.0 0.0 0.0 0.0 0.0 0.0 0.0 0.0 0.0
0.0 0.0 0.0 0.0 0.0 0.0 0.0 0.0 0.0 0.0 0.0 0.0 0.0 0.0 0.0 0.0 0.0 0.0 0.0 0.0 0.0 0.0 0.0 0.0 0.0 0.0 0.0 0.0 0.0 0.0 0.0 0.0 0.0 0.0 0.0 0.0 0.0 0.0 0.0 0.0 0.0 0.0 0.0 0.0 0.0 0.0 0.0 0.0 0.0 0.0 0.0 0.0 0.0 0.0 0.0 0.0 0.0 0.0 0.0 0.0 0.0 0.0 0.0 0.0 0.0 0.0 0.0 0.0 0.0 0.0 0.0 0.0 0.0 0.0 0.0 0.0 0.0 0.0 0.0 0.0 0.0 0.0 0.0 0.0 0.0 0.0 0.0 0.0 0.0 0.0 0.0 0.0 0.0 0.0 0.0 0.0 0.0 0.0 0.0 0.0 0.0 0.0 0.0 0.0 0.0 0.0 0.0 0.0 0.0 0.0 0.0 0.0 0.0 0.0 0.0 0.0 0.0 0.0 0.0 0.0 0.0 0.0 0.0 0.0 0.0 0.0 0.0 0.0 0.0 0.0 0.0 0.0 0.0 0.0 0.0 0.0
0.0 0.0 0.0 0.0 0.0 0.0 0.0 0.0 0.0 0.0 0.0 0.0 0.0 0.0 0.0 0.0 0.0 0.0 0.0 0.0 0.0 0.0 0.0 0.0 0.0 0.0 0.0 0.0 0.0 0.0 0.0 0.0 0.0 0.0 0.0 0.0 0.0 0.0 0.0 0.0 0.0 0.0 0.0 0.0 0.0 0.0 0.0 0.0 0.0 0.0 0.0 0.0 0.0 0.0 0.0 0.0 0.0 0.0 0.0 0.0 0.0 0.0 0.0 0.0 0.0 0.0 0.0 0.0 0.0 0.0 0.0 0.0 0.0 0.0 0.0 0.0 0.0 0.0 0.0 0.0 0.0 0.0 0.0 0.0 0.0 0.0 0.0 0.0 0.0 0.0 0.0 0.0 0.0 0.0 0.0 0.0 0.0 0.0 0.0 0.0 0.0 0.0 0.0 0.0 0.0 0.0 0.0 0.0 0.0 0.0 0.0 0.0 0.0 0.0 0.0 0.0 0.0 0.0 0.0 0.0 0.0 0.0 0.0 0.0 0.0 0.0 0.0 0.0 0.0 0.0 0.0 0.0 0.0 0.0 0.0 0.0
0.0 0.0 0.0 0.0 0.0 0.0 0.0 0.0 0.0 0.0 0.0 0.0 0.0 0.0 0.0 0.0 0.0 0.0 0.0 0.0 0.0 0.0 0.0 0.0 0.0 0.0 0.0 0.0 0.0 0.0 0.0 0.0 0.0 0.0 0.0 0.0 0.0 0.0 0.0 0.0 0.0 0.0 0.0 0.0 0.0 0.0 0.0 0.0 0.0 0.0 0.0 0.0 0.0 0.0 0.0 0.0 0.0 0.0 0.0 0.0 0.0 0.0 0.0 0.0 0.0 0.0 0.0 0.0 0.0 0.0 0.0 0.0 0.0 0.0 0.0 0.0 0.0 0.0 0.0 0.0 0.0 0.0 0.0 0.0 0.0 0.0 0.0 0.0 0.0 0.0 0.0 0.0 0.0 0.0 0.0 0.0 0.0 0.0 0.0 0.0 0.0 0.0 0.0 0.0 0.0 0.0 0.0 0.0 0.0 0.0 0.0 0.0 0.0 0.0 0.0 0.0 0.0 0.0 0.0 0.0 0.0 0.0 0.0 0.0 0.0 0.0 0.0 0.0 0.0 0.0 0.0 0.0 0.0 0.0 0.0 0.0
0.0 0.0 0.0 0.0 0.0 0.0 0.0 0.0 0.0 0.0 0.0 0.0 0.0 0.0 0.0 0.0 0.0 0.0 0.0 0.0 0.0 0.0 0.0 0.0 0.0 0.0 0.0 0.0 0.0 0.0 0.0 0.0 0.0 0.0 0.0 0.0 0.0 0.0 0.0 0.0 0.0 0.0 0.0 0.0 0.0 0.0 0.0 0.0 0.0 0.0 0.0 0.0 0.0 0.0 0.0 0.0 0.0 0.0 0.0 0.0 0.0 0.0 0.0 0.0 0.0 0.0 0.0 0.0 0.0 0.0 0.0 0.0 0.0 0.0 0.0 0.0 0.0 0.0 0.0 0.0 0.0 0.0 0.0 0.0 0.0 0.0 0.0 0.0 0.0 0.0 0.0 0.0 0.0 0.0 0.0 0.0 0.0 0.0 0.0 0.0 0.0 0.0 0.0 0.0 0.0 0.0 0.0 0.0 0.0 0.0 0.0 0.0 0.0 0.0 0.0 0.0 0.0 0.0 0.0 0.0 0.0 0.0 0.0 0.0 0.0 0.0 0.0 0.0 0.0 0.0 0.0 0.0 0.0 0.0 0.0 0.0
0.0 0.0 0.0 0.0 0.0 0.0 0.0 0.0 0.0 0.0 0.0 0.0 0.0 0.0 0.0 0.0 0.0 0.0 0.0 0.0 0.0 0.0 0.0 0.0 0.0 0.0 0.0 0.0 0.0 0.0 0.0 0.0 0.0 0.0 0.0 0.0 0.0 0.0 0.0 0.0 0.0 0.0 0.0 0.0 0.0 0.0 0.0 0.0 0.0 0.0 0.0 0.0 0.0 0.0 0.0 0.0 0.0 0.0 0.0 0.0 0.0 0.0 0.0 0.0 0.0 0.0 0.0 0.0 0.0 0.0 0.0 0.0 0.0 0.0 0.0 0.0 0.0 0.0 0.0 0.0 0.0 0.0 0.0 0.0 0.0 0.0 0.0 0.0 0.0 0.0 0.0 0.0 0.0 0.0 0.0 0.0 0.0 0.0 0.0 0.0 0.0 0.0 0.0 0.0 0.0 0.0 0.0 0.0 0.0 0.0 0.0 0.0 0.0 0.0 0.0 0.0 0.0 0.0 0.0 0.0 0.0 0.0 0.0 0.0 0.0 0.0 0.0 0.0 0.0 0.0 0.0 0.0 0.0 0.0 0.0 0.0
0.0 0.0 0.0 0.0 0.0 0.0 0.0 0.0 0.0 0.0 0.0 0.0 0.0 0.0 0.0 0.0 0.0 0.0 0.0 0.0 0.0 0.0 0.0 0.0 0.0 0.0 0.0 0.0 0.0 0.0 0.0 0.0 0.0 0.0 0.0 0.0 0.0 0.0 0.0 0.0 0.0 0.0 0.0 0.0 0.0 0.0 0.0 0.0 0.0 0.0 0.0 0.0 0.0 0.0 0.0 0.0 0.0 0.0 0.0 0.0 0.0 0.0 0.0 0.0 0.0 0.0 0.0 0.0 0.0 0.0 0.0 0.0 0.0 0.0 0.0 0.0 0.0 0.0 0.0 0.0 0.0 0.0 0.0 0.0 0.0 0.0 0.0 0.0 0.0 0.0 0.0 0.0 0.0 0.0 0.0 0.0 0.0 0.0 0.0 0.0 0.0 0.0 0.0 0.0 0.0 0.0 0.0 0.0 0.0 0.0 0.0 0.0 0.0 0.0 0.0 0.0 0.0 0.0 0.0 0.0 0.0 0.0 0.0 0.0 0.0 0.0 0.0 0.0 0.0 0.0 0.0 0.0 0.0 0.0 0.0 0.0
0.0 0.0 0.0 0.0 0.0 0.0 0.0 0.0 0.0 0.0 0.0 0.0 0.0 0.0 0.0 0.0 0.0 0.0 0.0 0.0 0.0 0.0 0.0 0.0 0.0 0.0 0.0 0.0 0.0 0.0 0.0 0.0 0.0 0.0 0.0 0.0 0.0 0.0 0.0 0.0 0.0 0.0 0.0 0.0 0.0 0.0 0.0 0.0 0.0 0.0 0.0 0.0 0.0 0.0 0.0 0.0 0.0 0.0 0.0 0.0 0.0 0.0 0.0 0.0 0.0 0.0 0.0 0.0 0.0 0.0 0.0 0.0 0.0 0.0 0.0 0.0 0.0 0.0 0.0 0.0 0.0 0.0 0.0 0.0 0.0 0.0 0.0 0.0 0.0 0.0 0.0 0.0 0.0 0.0 0.0 0.0 0.0 0.0 0.0 0.0 0.0 0.0 0.0 0.0 0.0 0.0 0.0 0.0 0.0 0.0 0.0 0.0 0.0 0.0 0.0 0.0 0.0 0.0 0.0 0.0 0.0 0.0 0.0 0.0 0.0 0.0 0.0 0.0 0.0 0.0 0.0 0.0 0.0 0.0 0.0 0.0
0.0 0.0 0.0 0.0 0.0 0.0 0.0 0.0 0.0 0.0 0.0 0.0 0.0 0.0 0.0 0.0 0.0 0.0 0.0 0.0 0.0 0.0 0.0 0.0 0.0 0.0 0.0 0.0 0.0 0.0 0.0 0.0 0.0 0.0 0.0 0.0 0.0 0.0 0.0 0.0 0.0 0.0 0.0 0.0 0.0 0.0 0.0 0.0 0.0 0.0 0.0 0.0 0.0 0.0 0.0 0.0 0.0 0.0 0.0 0.0 0.0 0.0 0.0 0.0 0.0 0.0 0.0 0.0 0.0 0.0 0.0 0.0 0.0 0.0 0.0 0.0 0.0 0.0 0.0 0.0 0.0 0.0 0.0 0.0 0.0 0.0 0.0 0.0 0.0 0.0 0.0 0.0 0.0 0.0 0.0 0.0 0.0 0.0 0.0 0.0 0.0 0.0 0.0 0.0 0.0 0.0 0.0 0.0 0.0 0.0 0.0 0.0 0.0 0.0 0.0 0.0 0.0 0.0 0.0 0.0 0.0 0.0 0.0 0.0 0.0 0.0 0.0 0.0 0.0 0.0 0.0 0.0 0.0 0.0 0.0 0.0
0.0 0.0 0.0 0.0 0.0 0.0 0.0 0.0 0.0 0.0 0.0 0.0 0.0 0.0 0.0 0.0 0.0 0.0 0.0 0.0 0.0 0.0 0.0 0.0 0.0 0.0 0.0 0.0 0.0 0.0 0.0 0.0 0.0 0.0 0.0 0.0 0.0 0.0 0.0 0.0 0.0 0.0 0.0 0.0 0.0 0.0 0.0 0.0 0.0 0.0 0.0 0.0 0.0 0.0 0.0 0.0 0.0 0.0 0.0 0.0 0.0 0.0 0.0 0.0 0.0 0.0 0.0 0.0 0.0 0.0 0.0 0.0 0.0 0.0 0.0 0.0 0.0 0.0 0.0 0.0 0.0 0.0 0.0 0.0 0.0 0.0 0.0 0.0 0.0 0.0 0.0 0.0 0.0 0.0 0.0 0.0 0.0 0.0 0.0 0.0 0.0 0.0 0.0 0.0 0.0 0.0 0.0 0.0 0.0 0.0 0.0 0.0 0.0 0.0 0.0 0.0 0.0 0.0 0.0 0.0 0.0 0.0 0.0 0.0 0.0 0.0 0.0 0.0 0.0 0.0 0.0 0.0 0.0 0.0 0.0 0.0
0.0 0.0 0.0 0.0 0.0 0.0 0.0 0.0 0.0 0.0 0.0 0.0 0.0 0.0 0.0 0.0 0.0 0.0 0.0 0.0 0.0 0.0 0.0 0.0 0.0 0.0 0.0 0.0 0.0 0.0 0.0 0.0 0.0 0.0 0.0 0.0 0.0 0.0 0.0 0.0 0.0 0.0 0.0 0.0 0.0 0.0 0.0 0.0 0.0 0.0 0.0 0.0 0.0 0.0 0.0 0.0 0.0 0.0 0.0 0.0 0.0 0.0 0.0 0.0 0.0 0.0 0.0 0.0 0.0 0.0 0.0 0.0 0.0 0.0 0.0 0.0 0.0 0.0 0.0 0.0 0.0 0.0 0.0 0.0 0.0 0.0 0.0 0.0 0.0 0.0 0.0 0.0 0.0 0.0 0.0 0.0 0.0 0.0 0.0 0.0 0.0 0.0 0.0 0.0 0.0 0.0 0.0 0.0 0.0 0.0 0.0 0.0 0.0 0.0 0.0 0.0 0.0 0.0 0.0 0.0 0.0 0.0 0.0 0.0 0.0 0.0 0.0 0.0 0.0 0.0 0.0 0.0 0.0 0.0 0.0 0.0
0.0 0.0 0.0 0.0 0.0 0.0 0.0 0.0 0.0 0.0 0.0 0.0 0.0 0.0 0.0 0.0 0.0 0.0 0.0 0.0 0.0 0.0 0.0 0.0 0.0 0.0 0.0 0.0 0.0 0.0 0.0 0.0 0.0 0.0 0.0 0.0 0.0 0.0 0.0 0.0 0.0 0.0 0.0 0.0 0.0 0.0 0.0 0.0 0.0 0.0 0.0 0.0 0.0 0.0 0.0 0.0 0.0 0.0 0.0 0.0 0.0 0.0 0.0 0.0 0.0 0.0 0.0 0.0 0.0 0.0 0.0 0.0 0.0 0.0 0.0 0.0 0.0 0.0 0.0 0.0 0.0 0.0 0.0 0.0 0.0 0.0 0.0 0.0 0.0 0.0 0.0 0.0 0.0 0.0 0.0 0.0 0.0 0.0 0.0 0.0 0.0 0.0 0.0 0.0 0.0 0.0 0.0 0.0 0.0 0.0 0.0 0.0 0.0 0.0 0.0 0.0 0.0 0.0 0.0 0.0 0.0 0.0 0.0 0.0 0.0 0.0 0.0 0.0 0.0 0.0 0.0 0.0 0.0 0.0 0.0 0.0
0.0 0.0 0.0 0.0 0.0 0.0 0.0 0.0 0.0 0.0 0.0 0.0 0.0 0.0 0.0 0.0 0.0 0.0 0.0 0.0 0.0 0.0 0.0 0.0 0.0 0.0 0.0 0.0 0.0 0.0 0.0 0.0 0.0 0.0 0.0 0.0 0.0 0.0 0.0 0.0 0.0 0.0 0.0 0.0 0.0 0.0 0.0 0.0 0.0 0.0 0.0 0.0 0.0 0.0 0.0 0.0 0.0 0.0 0.0 0.0 0.0 0.0 0.0 0.0 0.0 0.0 0.0 0.0 0.0 0.0 0.0 0.0 0.0 0.0 0.0 0.0 0.0 0.0 0.0 0.0 0.0 0.0 0.0 0.0 0.0 0.0 0.0 0.0 0.0 0.0 0.0 0.0 0.0 0.0 0.0 0.0 0.0 0.0 0.0 0.0 0.0 0.0 0.0 0.0 0.0 0.0 0.0 0.0 0.0 0.0 0.0 0.0 0.0 0.0 0.0 0.0 0.0 0.0 0.0 0.0 0.0 0.0 0.0 0.0 0.0 0.0 0.0 0.0 0.0 0.0 0.0 0.0 0.0 0.0 0.0 0.0
0.0 0.0 0.0 0.0 0.0 0.0 0.0 0.0 0.0 0.0 0.0 0.0 0.0 0.0 0.0 0.0 0.0 0.0 0.0 0.0 0.0 0.0 0.0 0.0 0.0 0.0 0.0 0.0 0.0 0.0 0.0 0.0 0.0 0.0 0.0 0.0 0.0 0.0 0.0 0.0 0.0 0.0 0.0 0.0 0.0 0.0 0.0 0.0 0.0 0.0 0.0 0.0 0.0 0.0 0.0 0.0 0.0 0.0 0.0 0.0 0.0 0.0 0.0 0.0 0.0 0.0 0.0 0.0 0.0 0.0 0.0 0.0 0.0 0.0 0.0 0.0 0.0 0.0 0.0 0.0 0.0 0.0 0.0 0.0 0.0 0.0 0.0 0.0 0.0 0.0 0.0 0.0 0.0 0.0 0.0 0.0 0.0 0.0 0.0 0.0 0.0 0.0 0.0 0.0 0.0 0.0 0.0 0.0 0.0 0.0 0.0 0.0 0.0 0.0 0.0 0.0 0.0 0.0 0.0 0.0 0.0 0.0 0.0 0.0 0.0 0.0 0.0 0.0 0.0 0.0 0.0 0.0 0.0 0.0 0.0 0.0
0.0 0.0 0.0 0.0 0.0 0.0 0.0 0.0 0.0 0.0 0.0 0.0 0.0 0.0 0.0 0.0 0.0 0.0 0.0 0.0 0.0 0.0 0.0 0.0 0.0 0.0 0.0 0.0 0.0 0.0 0.0 0.0 0.0 0.0 0.0 0.0 0.0 0.0 0.0 0.0 0.0 0.0 0.0 0.0 0.0 0.0 0.0 0.0 0.0 0.0 0.0 0.0 0.0 0.0 0.0 0.0 0.0 0.0 0.0 0.0 0.0 0.0 0.0 0.0 0.0 0.0 0.0 0.0 0.0 0.0 0.0 0.0 0.0 0.0 0.0 0.0 0.0 0.0 0.0 0.0 0.0 0.0 0.0 0.0 0.0 0.0 0.0 0.0 0.0 0.0 0.0 0.0 0.0 0.0 0.0 0.0 0.0 0.0 0.0 0.0 0.0 0.0 0.0 0.0 0.0 0.0 0.0 0.0 0.0 0.0 0.0 0.0 0.0 0.0 0.0 0.0 0.0 0.0 0.0 0.0 0.0 0.0 0.0 0.0 0.0 0.0 0.0 0.0 0.0 0.0 0.0 0.0 0.0 0.0 0.0 0.0
0.0 0.0 0.0 0.0 0.0 0.0 0.0 0.0 0.0 0.0 0.0 0.0 0.0 0.0 0.0 0.0 0.0 0.0 0.0 0.0 0.0 0.0 0.0 0.0 0.0 0.0 0.0 0.0 0.0 0.0 0.0 0.0 0.0 0.0 0.0 0.0 0.0 0.0 0.0 0.0 0.0 0.0 0.0 0.0 0.0 0.0 0.0 0.0 0.0 0.0 0.0 0.0 0.0 0.0 0.0 0.0 0.0 0.0 0.0 0.0 0.0 0.0 0.0 0.0 0.0 0.0 0.0 0.0 0.0 0.0 0.0 0.0 0.0 0.0 0.0 0.0 0.0 0.0 0.0 0.0 0.0 0.0 0.0 0.0 0.0 0.0 0.0 0.0 0.0 0.0 0.0 0.0 0.0 0.0 0.0 0.0 0.0 0.0 0.0 0.0 0.0 0.0 0.0 0.0 0.0 0.0 0.0 0.0 0.0 0.0 0.0 0.0 0.0 0.0 0.0 0.0 0.0 0.0 0.0 0.0 0.0 0.0 0.0 0.0 0.0 0.0 0.0 0.0 0.0 0.0 0.0 0.0 0.0 0.0 0.0 0.0
0.0 0.0 0.0 0.0 0.0 0.0 0.0 0.0 0.0 0.0 0.0 0.0 0.0 0.0 0.0 0.0 0.0 0.0 0.0 0.0 0.0 0.0 0.0 0.0 0.0 0.0 0.0 0.0 0.0 0.0 0.0 0.0 0.0 0.0 0.0 0.0 0.0 0.0 0.0 0.0 0.0 0.0 0.0 0.0 0.0 0.0 0.0 0.0 0.0 0.0 0.0 0.0 0.0 0.0 0.0 0.0 0.0 0.0 0.0 0.0 0.0 0.0 0.0 0.0 0.0 0.0 0.0 0.0 0.0 0.0 0.0 0.0 0.0 0.0 0.0 0.0 0.0 0.0 0.0 0.0 0.0 0.0 0.0 0.0 0.0 0.0 0.0 0.0 0.0 0.0 0.0 0.0 0.0 0.0 0.0 0.0 0.0 0.0 0.0 0.0 0.0 0.0 0.0 0.0 0.0 0.0 0.0 0.0 0.0 0.0 0.0 0.0 0.0 0.0 0.0 0.0 0.0 0.0 0.0 0.0 0.0 0.0 0.0 0.0 0.0 0.0 0.0 0.0 0.0 0.0 0.0 0.0 0.0 0.0 0.0 0.0
0.0 0.0 0.0 0.0 0.0 0.0 0.0 0.0 0.0 0.0 0.0 0.0 0.0 0.0 0.0 0.0 0.0 0.0 0.0 0.0 0.0 0.0 0.0 0.0 0.0 0.0 0.0 0.0 0.0 0.0 0.0 0.0 0.0 0.0 0.0 0.0 0.0 0.0 0.0 0.0 0.0 0.0 0.0 0.0 0.0 0.0 0.0 0.0 0.0 0.0 0.0 0.0 0.0 0.0 0.0 0.0 0.0 0.0 0.0 0.0 0.0 0.0 0.0 0.0 0.0 0.0 0.0 0.0 0.0 0.0 0.0 0.0 0.0 0.0 0.0 0.0 0.0 0.0 0.0 0.0 0.0 0.0 0.0 0.0 0.0 0.0 0.0 0.0 0.0 0.0 0.0 0.0 0.0 0.0 0.0 0.0 0.0 0.0 0.0 0.0 0.0 0.0 0.0 0.0 0.0 0.0 0.0 0.0 0.0 0.0 0.0 0.0 0.0 0.0 0.0 0.0 0.0 0.0 0.0 0.0 0.0 0.0 0.0 0.0 0.0 0.0 0.0 0.0 0.0 0.0 0.0 0.0 0.0 0.0 0.0 0.0
0.0 0.0 0.0 0.0 0.0 0.0 0.0 0.0 0.0 0.0 0.0 0.0 0.0 0.0 0.0 0.0 0.0 0.0 0.0 0.0 0.0 0.0 0.0 0.0 0.0 0.0 0.0 0.0 0.0 0.0 0.0 0.0 0.0 0.0 0.0 0.0 0.0 0.0 0.0 0.0 0.0 0.0 0.0 0.0 0.0 0.0 0.0 0.0 0.0 0.0 0.0 0.0 0.0 0.0 0.0 0.0 0.0 0.0 0.0 0.0 0.0 0.0 0.0 0.0 0.0 0.0 0.0 0.0 0.0 0.0 0.0 0.0 0.0 0.0 0.0 0.0 0.0 0.0 0.0 0.0 0.0 0.0 0.0 0.0 0.0 0.0 0.0 0.0 0.0 0.0 0.0 0.0 0.0 0.0 0.0 0.0 0.0 0.0 0.0 0.0 0.0 0.0 0.0 0.0 0.0 0.0 0.0 0.0 0.0 0.0 0.0 0.0 0.0 0.0 0.0 0.0 0.0 0.0 0.0 0.0 0.0 0.0 0.0 0.0 0.0 0.0 0.0 0.0 0.0 0.0 0.0 0.0 0.0 0.0 0.0 0.0
0.0 0.0 0.0 0.0 0.0 0.0 0.0 0.0 0.0 0.0 0.0 0.0 0.0 0.0 0.0 0.0 0.0 0.0 0.0 0.0 0.0 0.0 0.0 0.0 0.0 0.0 0.0 0.0 0.0 0.0 0.0 0.0 0.0 0.0 0.0 0.0 0.0 0.0 0.0 0.0 0.0 0.0 0.0 0.0 0.0 0.0 0.0 0.0 0.0 0.0 0.0 0.0 0.0 0.0 0.0 0.0 0.0 0.0 0.0 0.0 0.0 0.0 0.0 0.0 0.0 0.0 0.0 0.0 0.0 0.0 0.0 0.0 0.0 0.0 0.0 0.0 0.0 0.0 0.0 0.0 0.0 0.0 0.0 0.0 0.0 0.0 0.0 0.0 0.0 0.0 0.0 0.0 0.0 0.0 0.0 0.0 0.0 0.0 0.0 0.0 0.0 0.0 0.0 0.0 0.0 0.0 0.0 0.0 0.0 0.0 0.0 0.0 0.0 0.0 0.0 0.0 0.0 0.0 0.0 0.0 0.0 0.0 0.0 0.0 0.0 0.0 0.0 0.0 0.0 0.0 0.0 0.0 0.0 0.0 0.0 0.0
0.0 0.0 0.0 0.0 0.0 0.0 0.0 0.0 0.0 0.0 0.0 0.0 0.0 0.0 0.0 0.0 0.0 0.0 0.0 0.0 0.0 0.0 0.0 0.0 0.0 0.0 0.0 0.0 0.0 0.0 0.0 0.0 0.0 0.0 0.0 0.0 0.0 0.0 0.0 0.0 0.0 0.0 0.0 0.0 0.0 0.0 0.0 0.0 0.0 0.0 0.0 0.0 0.0 0.0 0.0 0.0 0.0 0.0 0.0 0.0 0.0 0.0 0.0 0.0 0.0 0.0 0.0 0.0 0.0 0.0 0.0 0.0 0.0 0.0 0.0 0.0 0.0 0.0 0.0 0.0 0.0 0.0 0.0 0.0 0.0 0.0 0.0 0.0 0.0 0.0 0.0 0.0 0.0 0.0 0.0 0.0 0.0 0.0 0.0 0.0 0.0 0.0 0.0 0.0 0.0 0.0 0.0 0.0 0.0 0.0 0.0 0.0 0.0 0.0 0.0 0.0 0.0 0.0 0.0 0.0 0.0 0.0 0.0 0.0 0.0 0.0 0.0 0.0 0.0 0.0 0.0 0.0 0.0 0.0 0.0 0.0
0.0 0.0 0.0 0.0 0.0 0.0 0.0 0.0 0.0 0.0 0.0 0.0 0.0 0.0 0.0 0.0 0.0 0.0 0.0 0.0 0.0 0.0 0.0 0.0 0.0 0.0 0.0 0.0 0.0 0.0 0.0 0.0 0.0 0.0 0.0 0.0 0.0 0.0 0.0 0.0 0.0 0.0 0.0 0.0 0.0 0.0 0.0 0.0 0.0 0.0 0.0 0.0 0.0 0.0 0.0 0.0 0.0 0.0 0.0 0.0 0.0 0.0 0.0 0.0 0.0 0.0 0.0 0.0 0.0 0.0 0.0 0.0 0.0 0.0 0.0 0.0 0.0 0.0 0.0 0.0 0.0 0.0 0.0 0.0 0.0 0.0 0.0 0.0 0.0 0.0 0.0 0.0 0.0 0.0 0.0 0.0 0.0 0.0 0.0 0.0 0.0 0.0 0.0 0.0 0.0 0.0 0.0 0.0 0.0 0.0 0.0 0.0 0.0 0.0 0.0 0.0 0.0 0.0 0.0 0.0 0.0 0.0 0.0 0.0 0.0 0.0 0.0 0.0 0.0 0.0 0.0 0.0 0.0 0.0 0.0 0.0
0.0 0.0 0.0 0.0 0.0 0.0 0.0 0.0 0.0 0.0 0.0 0.0 0.0 0.0 0.0 0.0 0.0 0.0 0.0 0.0 0.0 0.0 0.0 0.0 0.0 0.0 0.0 0.0 0.0 0.0 0.0 0.0 0.0 0.0 0.0 0.0 0.0 0.0 0.0 0.0 0.0 0.0 0.0 0.0 0.0 0.0 0.0 0.0 0.0 0.0 0.0 0.0 0.0 0.0 0.0 0.0 0.0 0.0 0.0 0.0 0.0 0.0 0.0 0.0 0.0 0.0 0.0 0.0 0.0 0.0 0.0 0.0 0.0 0.0 0.0 0.0 0.0 0.0 0.0 0.0 0.0 0.0 0.0 0.0 0.0 0.0 0.0 0.0 0.0 0.0 0.0 0.0 0.0 0.0 0.0 0.0 0.0 0.0 0.0 0.0 0.0 0.0 0.0 0.0 0.0 0.0 0.0 0.0 0.0 0.0 0.0 0.0 0.0 0.0 0.0 0.0 0.0 0.0 0.0 0.0 0.0 0.0 0.0 0.0 0.0 0.0 0.0 0.0 0.0 0.0 0.0 0.0 0.0 0.0 0.0 0.0
0.0 0.0 0.0 0.0 0.0 0.0 0.0 0.0 0.0 0.0 0.0 0.0 0.0 0.0 0.0 0.0 0.0 0.0 0.0 0.0 0.0 0.0 0.0 0.0 0.0 0.0 0.0 0.0 0.0 0.0 0.0 0.0 0.0 0.0 0.0 0.0 0.0 0.0 0.0 0.0 0.0 0.0 0.0 0.0 0.0 0.0 0.0 0.0 0.0 0.0 0.0 0.0 0.0 0.0 0.0 0.0 0.0 0.0 0.0 0.0 0.0 0.0 0.0 0.0 0.0 0.0 0.0 0.0 0.0 0.0 0.0 0.0 0.0 0.0 0.0 0.0 0.0 0.0 0.0 0.0 0.0 0.0 0.0 0.0 0.0 0.0 0.0 0.0 0.0 0.0 0.0 0.0 0.0 0.0 0.0 0.0 0.0 0.0 0.0 0.0 0.0 0.0 0.0 0.0 0.0 0.0 0.0 0.0 0.0 0.0 0.0 0.0 0.0 0.0 0.0 0.0 0.0 0.0 0.0 0.0 0.0 0.0 0.0 0.0 0.0 0.0 0.0 0.0 0.0 0.0 0.0 0.0 0.0 0.0 0.0 0.0
0.0 0.0 0.0 0.0 0.0 0.0 0.0 0.0 0.0 0.0 0.0 0.0 0.0 0.0 0.0 0.0 0.0 0.0 0.0 0.0 0.0 0.0 0.0 0.0 0.0 0.0 0.0 0.0 0.0 0.0 0.0 0.0 0.0 0.0 0.0 0.0 0.0 0.0 0.0 0.0 0.0 0.0 0.0 0.0 0.0 0.0 0.0 0.0 0.0 0.0 0.0 0.0 0.0 0.0 0.0 0.0 0.0 0.0 0.0 0.0 0.0 0.0 0.0 0.0 0.0 0.0 0.0 0.0 0.0 0.0 0.0 0.0 0.0 0.0 0.0 0.0 0.0 0.0 0.0 0.0 0.0 0.0 0.0 0.0 0.0 0.0 0.0 0.0 0.0 0.0 0.0 0.0 0.0 0.0 0.0 0.0 0.0 0.0 0.0 0.0 0.0 0.0 0.0 0.0 0.0 0.0 0.0 0.0 0.0 0.0 0.0 0.0 0.0 0.0 0.0 0.0 0.0 0.0 0.0 0.0 0.0 0.0 0.0 0.0 0.0 0.0 0.0 0.0 0.0 0.0 0.0 0.0 0.0 0.0 0.0 0.0
0.0 0.0 0.0 0.0 0.0 0.0 0.0 0.0 0.0 0.0 0.0 0.0 0.0 0.0 0.0 0.0 0.0 0.0 0.0 0.0 0.0 0.0 0.0 0.0 0.0 0.0 0.0 0.0 0.0 0.0 0.0 0.0 0.0 0.0 0.0 0.0 0.0 0.0 0.0 0.0 0.0 0.0 0.0 0.0 0.0 0.0 0.0 0.0 0.0 0.0 0.0 0.0 0.0 0.0 0.0 0.0 0.0 0.0 0.0 0.0 0.0 0.0 0.0 0.0 0.0 0.0 0.0 0.0 0.0 0.0 0.0 0.0 0.0 0.0 0.0 0.0 0.0 0.0 0.0 0.0 0.0 0.0 0.0 0.0 0.0 0.0 0.0 0.0 0.0 0.0 0.0 0.0 0.0 0.0 0.0 0.0 0.0 0.0 0.0 0.0 0.0 0.0 0.0 0.0 0.0 0.0 0.0 0.0 0.0 0.0 0.0 0.0 0.0 0.0 0.0 0.0 0.0 0.0 0.0 0.0 0.0 0.0 0.0 0.0 0.0 0.0 0.0 0.0 0.0 0.0 0.0 0.0 0.0 0.0 0.0 0.0
0.0 0.0 0.0 0.0 0.0 0.0 0.0 0.0 0.0 0.0 0.0 0.0 0.0 0.0 0.0 0.0 0.0 0.0 0.0 0.0 0.0 0.0 0.0 0.0 0.0 0.0 0.0 0.0 0.0 0.0 0.0 0.0 0.0 0.0 0.0 0.0 0.0 0.0 0.0 0.0 0.0 0.0 0.0 0.0 0.0 0.0 0.0 0.0 0.0 0.0 0.0 0.0 0.0 0.0 0.0 0.0 0.0 0.0 0.0 0.0 0.0 0.0 0.0 0.0 0.0 0.0 0.0 0.0 0.0 0.0 0.0 0.0 0.0 0.0 0.0 0.0 0.0 0.0 0.0 0.0 0.0 0.0 0.0 0.0 0.0 0.0 0.0 0.0 0.0 0.0 0.0 0.0 0.0 0.0 0.0 0.0 0.0 0.0 0.0 0.0 0.0 0.0 0.0 0.0 0.0 0.0 0.0 0.0 0.0 0.0 0.0 0.0 0.0 0.0 0.0 0.0 0.0 0.0 0.0 0.0 0.0 0.0 0.0 0.0 0.0 0.0 0.0 0.0 0.0 0.0 0.0 0.0 0.0 0.0 0.0 0.0
0.0 0.0 0.0 0.0 0.0 0.0 0.0 0.0 0.0 0.0 0.0 0.0 0.0 0.0 0.0 0.0 0.0 0.0 0.0 0.0 0.0 0.0 0.0 0.0 0.0 0.0 0.0 0.0 0.0 0.0 0.0 0.0 0.0 0.0 0.0 0.0 0.0 0.0 0.0 0.0 0.0 0.0 0.0 0.0 0.0 0.0 0.0 0.0 0.0 0.0 0.0 0.0 0.0 0.0 0.0 0.0 0.0 0.0 0.0 0.0 0.0 0.0 0.0 0.0 0.0 0.0 0.0 0.0 0.0 0.0 0.0 0.0 0.0 0.0 0.0 0.0 0.0 0.0 0.0 0.0 0.0 0.0 0.0 0.0 0.0 0.0 0.0 0.0 0.0 0.0 0.0 0.0 0.0 0.0 0.0 0.0 0.0 0.0 0.0 0.0 0.0 0.0 0.0 0.0 0.0 0.0 0.0 0.0 0.0 0.0 0.0 0.0 0.0 0.0 0.0 0.0 0.0 0.0 0.0 0.0 0.0 0.0 0.0 0.0 0.0 0.0 0.0 0.0 0.0 0.0 0.0 0.0 0.0 0.0 0.0 0.0
0.0 0.0 0.0 0.0 0.0 0.0 0.0 0.0 0.0 0.0 0.0 0.0 0.0 0.0 0.0 0.0 0.0 0.0 0.0 0.0 0.0 0.0 0.0 0.0 0.0 0.0 0.0 0.0 0.0 0.0 0.0 0.0 0.0 0.0 0.0 0.0 0.0 0.0 0.0 0.0 0.0 0.0 0.0 0.0 0.0 0.0 0.0 0.0 0.0 0.0 0.0 0.0 0.0 0.0 0.0 0.0 0.0 0.0 0.0 0.0 0.0 0.0 0.0 0.0 0.0 0.0 0.0 0.0 0.0 0.0 0.0 0.0 0.0 0.0 0.0 0.0 0.0 0.0 0.0 0.0 0.0 0.0 0.0 0.0 0.0 0.0 0.0 0.0 0.0 0.0 0.0 0.0 0.0 0.0 0.0 0.0 0.0 0.0 0.0 0.0 0.0 0.0 0.0 0.0 0.0 0.0 0.0 0.0 0.0 0.0 0.0 0.0 0.0 0.0 0.0 0.0 0.0 0.0 0.0 0.0 0.0 0.0 0.0 0.0 0.0 0.0 0.0 0.0 0.0 0.0 0.0 0.0 0.0 0.0 0.0 0.0
0.0 0.0 0.0 0.0 0.0 0.0 0.0 0.0 0.0 0.0 0.0 0.0 0.0 0.0 0.0 0.0 0.0 0.0 0.0 0.0 0.0 0.0 0.0 0.0 0.0 0.0 0.0 0.0 0.0 0.0 0.0 0.0 0.0 0.0 0.0 0.0 0.0 0.0 0.0 0.0 0.0 0.0 0.0 0.0 0.0 0.0 0.0 0.0 0.0 0.0 0.0 0.0 0.0 0.0 0.0 0.0 0.0 0.0 0.0 0.0 0.0 0.0 0.0 0.0 0.0 0.0 0.0 0.0 0.0 0.0 0.0 0.0 0.0 0.0 0.0 0.0 0.0 0.0 0.0 0.0 0.0 0.0 0.0 0.0 0.0 0.0 0.0 0.0 0.0 0.0 0.0 0.0 0.0 0.0 0.0 0.0 0.0 0.0 0.0 0.0 0.0 0.0 0.0 0.0 0.0 0.0 0.0 0.0 0.0 0.0 0.0 0.0 0.0 0.0 0.0 0.0 0.0 0.0 0.0 0.0 0.0 0.0 0.0 0.0 0.0 0.0 0.0 0.0 0.0 0.0 0.0 0.0 0.0 0.0 0.0 0.0
0.0 0.0 0.0 0.0 0.0 0.0 0.0 0.0 0.0 0.0 0.0 0.0 0.0 0.0 0.0 0.0 0.0 0.0 0.0 0.0 0.0 0.0 0.0 0.0 0.0 0.0 0.0 0.0 0.0 0.0 0.0 0.0 0.0 0.0 0.0 0.0 0.0 0.0 0.0 0.0 0.0 0.0 0.0 0.0 0.0 0.0 0.0 0.0 0.0 0.0 0.0 0.0 0.0 0.0 0.0 0.0 0.0 0.0 0.0 0.0 0.0 0.0 0.0 0.0 0.0 0.0 0.0 0.0 0.0 0.0 0.0 0.0 0.0 0.0 0.0 0.0 0.0 0.0 0.0 0.0 0.0 0.0 0.0 0.0 0.0 0.0 0.0 0.0 0.0 0.0 0.0 0.0 0.0 0.0 0.0 0.0 0.0 0.0 0.0 0.0 0.0 0.0 0.0 0.0 0.0 0.0 0.0 0.0 0.0 0.0 0.0 0.0 0.0 0.0 0.0 0.0 0.0 0.0 0.0 0.0 0.0 0.0 0.0 0.0 0.0 0.0 0.0 0.0 0.0 0.0 0.0 0.0 0.0 0.0 0.0 0.0
0.0 0.0 0.0 0.0 0.0 0.0 0.0 0.0 0.0 0.0 0.0 0.0 0.0 0.0 0.0 0.0 0.0 0.0 0.0 0.0 0.0 0.0 0.0 0.0 0.0 0.0 0.0 0.0 0.0 0.0 0.0 0.0 0.0 0.0 0.0 0.0 0.0 0.0 0.0 0.0 0.0 0.0 0.0 0.0 0.0 0.0 0.0 0.0 0.0 0.0 0.0 0.0 0.0 0.0 0.0 0.0 0.0 0.0 0.0 0.0 0.0 0.0 0.0 0.0 0.0 0.0 0.0 0.0 0.0 0.0 0.0 0.0 0.0 0.0 0.0 0.0 0.0 0.0 0.0 0.0 0.0 0.0 0.0 0.0 0.0 0.0 0.0 0.0 0.0 0.0 0.0 0.0 0.0 0.0 0.0 0.0 0.0 0.0 0.0 0.0 0.0 0.0 0.0 0.0 0.0 0.0 0.0 0.0 0.0 0.0 0.0 0.0 0.0 0.0 0.0 0.0 0.0 0.0 0.0 0.0 0.0 0.0 0.0 0.0 0.0 0.0 0.0 0.0 0.0 0.0 0.0 0.0 0.0 0.0 0.0 0.0
0.0 0.0 0.001 0.0 0.0 0.0 0.0 0.0 0.0 0.0 0.0 0.0 0.0 0.0 0.0 0.0 0.0 0.0 0.0 0.0 0.0 0.0 0.0 0.0 0.0 0.0 0.0 0.0 0.0 0.0 0.0 0.0 0.0 0.0 0.0 0.0 0.0 0.0 0.0 0.0 0.0 0.0 0.0 0.0 0.0 0.0 0.0 0.0 0.0 0.0 0.0 0.0 0.0 0.0 0.0 0.0 0.0 0.0 0.0 0.0 0.0 0.0 0.0 0.0 0.0 0.0 0.0 0.0 0.0 0.0 0.0 0.0 0.0 0.0 0.0 0.0 0.0 0.0 0.0 0.0 0.0 0.0 0.0 0.0 0.0 0.0 0.0 0.0 0.0 0.0 0.0 0.0 0.0 0.0 0.0 0.0 0.0 0.0 0.0 0.0 0.0 0.0 0.0 0.0 0.0 0.0 0.0 0.0 0.0 0.0 0.0 0.0 0.0 0.0 0.0 0.0 0.0 0.0 0.0 0.0 0.0 0.0 0.0 0.0 0.0 0.0 0.0 0.0 0.0 0.0 0.0 0.0 0.0 0.0 0.0 0.0
0.001 0.001 0.001 0.001 0.001 0.0 0.0 0.0 0.0 0.0 0.0 0.0 0.0 0.0 0.0 0.0 0.0 0.0 0.0 0.0 0.0 0.0 0.0 0.0 0.0 0.0 0.0 0.0 0.0 0.0 0.0 0.0 0.0 0.0 0.0 0.0 0.0 0.0 0.0 0.0 0.0 0.0 0.0 0.0 0.0 0.0 0.0 0.0 0.0 0.0 0.0 0.0 0.0 0.0 0.0 0.0 0.0 0.0 0.0 0.0 0.0 0.0 0.0 0.0 0.0 0.0 0.0 0.0 0.0 0.0 0.0 0.0 0.0 0.0 0.0 0.0 0.0 0.0 0.0 0.0 0.0 0.0 0.0 0.0 0.0 0.0 0.0 0.0 0.0 0.0 0.0 0.0 0.0 0.0 0.0 0.0 0.0 0.0 0.0 0.0 0.0 0.0 0.0 0.0 0.0 0.0 0.0 0.0 0.0 0.0 0.0 0.0 0.0 0.0 0.0 0.0 0.0 0.0 0.0 0.0 0.0 0.0 0.0 0.0 0.0 0.0 0.0 0.0 0.0 0.0 0.0 0.0 0.0 0.0 0.0 0.0
0.001 0.001 0.001 0.001 0.001 0.001 0.001 0.0 0.0 0.0 0.0 0.0 0.0 0.0 0.0 0.0 0.0 0.0 0.0 0.0 0.0 0.0 0.0 0.0 0.0 0.0 0.0 0.0 0.0 0.0 0.0 0.0 0.0 0.0 0.0 0.0 0.0 0.0 0.0 0.0 0.0 0.0 0.0 0.0 0.0 0.0 0.0 0.0 0.0 0.0 0.0 0.0 0.0 0.0 0.0 0.0 0.0 0.0 0.0 0.0 0.0 0.0 0.0 0.0 0.0 0.0 0.0 0.0 0.0 0.0 0.0 0.0 0.0 0.0 0.0 0.0 0.0 0.0 0.0 0.0 0.0 0.0 0.0 0.0 0.0 0.0 0.0 0.0 0.0 0.0 0.0 0.0 0.0 0.0 0.0 0.0 0.0 0.0 0.0 0.0 0.0 0.0 0.0 0.0 0.0 0.0 0.0 0.0 0.0 0.0 0.0 0.0 0.0 0.0 0.0 0.0 0.0 0.0 0.0 0.0 0.0 0.0 0.0 0.0 0.0 0.0 0.0 0.0 0.0 0.0 0.0 0.0 0.0 0.0 0.0 0.0
0.001 0.001 0.001 0.001 0.001 0.001 0.001 0.001 0.001 0.0 0.0 0.0 0.0 0.0 0.0 0.0 0.0 0.0 0.0 0.0 0.0 0.0 0.0 0.0 0.0 0.0 0.0 0.0 0.0 0.0 0.0 0.0 0.0 0.0 0.0 0.0 0.0 0.0 0.0 0.0 0.0 0.0 0.0 0.0 0.0 0.0 0.0 0.0 0.0 0.0 0.0 0.0 0.0 0.0 0.0 0.0 0.0 0.0 0.0 0.0 0.0 0.0 0.0 0.0 0.0 0.0 0.0 0.0 0.0 0.0 0.0 0.0 0.0 0.0 0.0 0.0 0.0 0.0 0.0 0.0 0.0 0.0 0.0 0.0 0.0 0.0 0.0 0.0 0.0 0.0 0.0 0.0 0.0 0.0 0.0 0.0 0.0 0.0 0.0 0.0 0.0 0.0 0.0 0.0 0.0 0.0 0.0 0.0 0.0 0.0 0.0 0.0 0.0 0.0 0.0 0.0 0.0 0.0 0.0 0.0 0.0 0.0 0.0 0.0 0.0 0.0 0.0 0.0 0.0 0.0 0.0 0.0 0.0 0.0 0.0 0.0
0.001 0.001 0.001 0.001 0.001 0.001 0.001 0.001 0.001 0.001 0.0 0.0 0.0 0.0 0.0 0.0 0.0 0.0 0.0 0.0 0.0 0.0 0.0 0.0 0.0 0.0 0.0 0.0 0.0 0.0 0.0 0.0 0.0 0.0 0.0 0.0 0.0 0.0 0.0 0.0 0.0 0.0 0.0 0.0 0.0 0.0 0.0 0.0 0.0 0.0 0.0 0.0 0.0 0.0 0.0 0.0 0.0 0.0 0.0 0.0 0.0 0.0 0.0 0.0 0.0 0.0 0.0 0.0 0.0 0.0 0.0 0.0 0.0 0.0 0.0 0.0 0.0 0.0 0.0 0.0 0.0 0.0 0.0 0.0 0.0 0.0 0.0 0.0 0.0 0.0 0.0 0.0 0.0 0.0 0.0 0.0 0.0 0.0 0.0 0.0 0.0 0.0 0.0 0.0 0.0 0.0 0.0 0.0 0.0 0.0 0.0 0.0 0.0 0.0 0.0 0.0 0.0 0.0 0.0 0.0 0.0 0.0 0.0 0.0 0.0 0.0 0.0 0.0 0.0 0.0 0.0 0.0 0.0 0.0 0.0 0.0
0.001 0.001 0.001 0.001 0.001 0.001 0.001 0.001 0.001 0.001 0.001 0.001 0.0 0.0 0.0 0.0 0.0 0.0 0.0 0.0 0.0 0.0 0.0 0.0 0.0 0.0 0.0 0.0 0.0 0.0 0.0 0.0 0.0 0.0 0.0 0.0 0.0 0.0 0.0 0.0 0.0 0.0 0.0 0.0 0.0 0.0 0.0 0.0 0.0 0.0 0.0 0.0 0.0 0.0 0.0 0.0 0.0 0.0 0.0 0.0 0.0 0.0 0.0 0.0 0.0 0.0 0.0 0.0 0.0 0.0 0.0 0.0 0.0 0.0 0.0 0.0 0.0 0.0 0.0 0.0 0.0 0.0 0.0 0.0 0.0 0.0 0.0 0.0 0.0 0.0 0.0 0.0 0.0 0.0 0.0 0.0 0.0 0.0 0.0 0.0 0.0 0.0 0.0 0.0 0.0 0.0 0.0 0.0 0.0 0.0 0.0 0.0 0.0 0.0 0.0 0.0 0.0 0.0 0.0 0.0 0.0 0.0 0.0 0.0 0.0 0.0 0.0 0.0 0.0 0.0 0.0 0.0 0.0 0.0 0.0 0.0
0.001 0.001 0.001 0.001 0.001 0.001 0.001 0.001 0.001 0.001 0.001 0.001 0.001 0.001 0.0 0.0 0.0 0.0 0.0 0.0 0.0 0.0 0.0 0.0 0.0 0.0 0.0 0.0 0.0 0.0 0.0 0.0 0.0 0.0 0.0 0.0 0.0 0.0 0.0 0.0 0.0 0.0 0.0 0.0 0.0 0.0 0.0 0.0 0.0 0.0 0.0 0.0 0.0 0.0 0.0 0.0 0.0 0.0 0.0 0.0 0.0 0.0 0.0 0.0 0.0 0.0 0.0 0.0 0.0 0.0 0.0 0.0 0.0 0.0 0.0 0.0 0.0 0.0 0.0 0.0 0.0 0.0 0.0 0.0 0.0 0.0 0.0 0.0 0.0 0.0 0.0 0.0 0.0 0.0 0.0 0.0 0.0 0.0 0.0 0.0 0.0 0.0 0.0 0.0 0.0 0.0 0.0 0.0 0.0 0.0 0.0 0.0 0.0 0.0 0.0 0.0 0.0 0.0 0.0 0.0 0.0 0.0 0.0 0.0 0.0 0.0 0.0 0.0 0.0 0.0 0.0 0.0 0.0 0.0 0.0 0.0
0.001 0.001 0.001 0.001 0.001 0.001 0.001 0.001 0.001 0.001 0.001 0.001 0.001 0.001 0.001 0.0 0.0 0.0 0.0 0.0 0.0 0.0 0.0 0.0 0.0 0.0 0.0 0.0 0.0 0.0 0.0 0.0 0.0 0.0 0.0 0.0 0.0 0.0 0.0 0.0 0.0 0.0 0.0 0.0 0.0 0.0 0.0 0.0 0.0 0.0 0.0 0.0 0.0 0.0 0.0 0.0 0.0 0.0 0.0 0.0 0.0 0.0 0.0 0.0 0.0 0.0 0.0 0.0 0.0 0.0 0.0 0.0 0.0 0.0 0.0 0.0 0.0 0.0 0.0 0.0 0.0 0.0 0.0 0.0 0.0 0.0 0.0 0.0 0.0 0.0 0.0 0.0 0.0 0.0 0.0 0.0 0.0 0.0 0.0 0.0 0.0 0.0 0.0 0.0 0.0 0.0 0.0 0.0 0.0 0.0 0.0 0.0 0.0 0.0 0.0 0.0 0.0 0.0 0.0 0.0 0.0 0.0 0.0 0.0 0.0 0.0 0.0 0.0 0.0 0.0 0.0 0.0 0.0 0.0 0.0 0.0
0.001 0.001 0.001 0.001 0.001 0.001 0.001 0.001 0.001 0.001 0.001 0.001 0.001 0.001 0.001 0.001 0.001 0.0 0.0 0.0 0.0 0.0 0.0 0.0 0.0 0.0 0.0 0.0 0.0 0.0 0.0 0.0 0.0 0.0 0.0 0.0 0.0 0.0 0.0 0.0 0.0 0.0 0.0 0.0 0.0 0.0 0.0 0.0 0.0 0.0 0.0 0.0 0.0 0.0 0.0 0.0 0.0 0.0 0.0 0.0 0.0 0.0 0.0 0.0 0.0 0.0 0.0 0.0 0.0 0.0 0.0 0.0 0.0 0.0 0.0 0.0 0.0 0.0 0.0 0.0 0.0 0.0 0.0 0.0 0.0 0.0 0.0 0.0 0.0 0.0 0.0 0.0 0.0 0.0 0.0 0.0 0.0 0.0 0.0 0.0 0.0 0.0 0.0 0.0 0.0 0.0 0.0 0.0 0.0 0.0 0.0 0.0 0.0 0.0 0.0 0.0 0.0 0.0 0.0 0.0 0.0 0.0 0.0 0.0 0.0 0.0 0.0 0.0 0.0 0.0 0.0 0.0 0.0 0.0 0.0 0.0
0.001 0.001 0.001 0.001 0.001 0.001 0.001 0.001 0.001 0.001 0.001 0.001 0.001 0.001 0.001 0.001 0.001 0.001 0.001 0.001 0.0 0.0 0.0 0.0 0.0 0.0 0.0 0.0 0.0 0.0 0.0 0.0 0.0 0.0 0.0 0.0 0.0 0.0 0.0 0.0 0.0 0.0 0.0 0.0 0.0 0.0 0.0 0.0 0.0 0.0 0.0 0.0 0.0 0.0 0.0 0.0 0.0 0.0 0.0 0.0 0.0 0.0 0.0 0.0 0.0 0.0 0.0 0.0 0.0 0.0 0.0 0.0 0.0 0.0 0.0 0.0 0.0 0.0 0.0 0.0 0.0 0.0 0.0 0.0 0.0 0.0 0.0 0.0 0.0 0.0 0.0 0.0 0.0 0.0 0.0 0.0 0.0 0.0 0.0 0.0 0.0 0.0 0.0 0.0 0.0 0.0 0.0 0.0 0.0 0.0 0.0 0.0 0.0 0.0 0.0 0.0 0.0 0.0 0.0 0.0 0.0 0.0 0.0 0.0 0.0 0.0 0.0 0.0 0.0 0.0 0.0 0.0 0.0 0.0 0.0 0.0
0.005 0.005 0.004 0.002 0.002 0.002 0.002 0.002 0.002 0.002 0.002 0.002 0.001 0.001 0.001 0.001 0.001 0.001 0.001 0.001 0.001 0.0 0.0 0.0 0.0 0.0 0.0 0.0 0.0 0.0 0.0 0.0 0.0 0.0 0.0 0.0 0.0 0.0 0.0 0.0 0.0 0.0 0.0 0.0 0.0 0.0 0.0 0.0 0.0 0.0 0.0 0.0 0.0 0.0 0.0 0.0 0.0 0.0 0.0 0.0 0.0 0.0 0.0 0.0 0.0 0.0 0.0 0.0 0.0 0.0 0.0 0.0 0.0 0.0 0.0 0.0 0.0 0.0 0.0 0.0 0.0 0.0 0.0 0.0 0.0 0.0 0.0 0.0 0.0 0.0 0.0 0.0 0.0 0.0 0.0 0.0 0.0 0.0 0.0 0.0 0.0 0.0 0.0 0.0 0.0 0.0 0.0 0.0 0.0 0.0 0.0 0.0 0.0 0.0 0.0 0.0 0.0 0.0 0.0 0.0 0.0 0.0 0.0 0.0 0.0 0.0 0.0 0.0 0.0 0.0 0.0 0.0 0.0 0.0 0.0 0.0
0.017 0.017 0.016 0.012 0.008 0.008 0.008 0.008 0.007 0.007 0.007 0.007 0.007 0.007 0.007 0.007 0.006 0.006 0.006 0.006 0.002 0.002 0.001 0.001 0.001 0.001 0.001 0.001 0.001 0.001 0.001 0.001 0.001 0.001 0.001 0.001 0.001 0.001 0.001 0.001 0.001 0.001 0.001 0.001 0.001 0.001 0.001 0.001 0.001 0.001 0.001 0.001 0.0 0.0 0.0 0.0 0.0 0.0 0.0 0.0 0.0 0.0 0.0 0.0 0.0 0.0 0.0 0.0 0.0 0.0 0.0 0.0 0.0 0.0 0.0 0.0 0.0 0.0 0.0 0.0 0.0 0.0 0.0 0.0 0.0 0.0 0.0 0.0 0.0 0.0 0.0 0.0 0.0 0.0 0.0 0.0 0.0 0.0 0.0 0.0 0.0 0.0 0.0 0.0 0.0 0.0 0.0 0.0 0.0 0.0 0.0 0.0 0.0 0.0 0.0 0.0 0.0 0.0 0.0 0.0 0.0 0.0 0.0 0.0 0.0 0.0 0.0 0.0 0.0 0.0 0.0 0.0 0.0 0.0 0.0 0.0
0.03 0.029 0.028 0.023 0.016 0.013 0.013 0.013 0.013 0.013 0.013 0.013 0.013 0.012 0.012 0.012 0.012 0.012 0.012 0.011 0.005 0.003 0.003 0.002 0.002 0.002 0.002 0.002 0.002 0.002 0.002 0.002 0.002 0.002 0.002 0.002 0.002 0.002 0.002 0.002 0.002 0.002 0.002 0.002 0.002 0.002 0.002 0.002 0.002 0.002 0.002 0.001 0.0 0.0 0.0 0.0 0.0 0.0 0.0 0.0 0.0 0.0 0.0 0.0 0.0 0.0 0.0 0.0 0.0 0.0 0.0 0.0 0.0 0.0 0.0 0.0 0.0 0.0 0.0 0.0 0.0 0.0 0.0 0.0 0.0 0.0 0.0 0.0 0.0 0.0 0.0 0.0 0.0 0.0 0.0 0.0 0.0 0.0 0.0 0.0 0.0 0.0 0.0 0.0 0.0 0.0 0.0 0.0 0.0 0.0 0.0 0.0 0.0 0.0 0.0 0.0 0.0 0.0 0.0 0.0 0.0 0.0 0.0 0.0 0.0 0.0 0.0 0.0 0.0 0.0 0.0 0.0 0.0 0.0 0.0 0.0
0.042 0.04 0.039 0.034 0.027 0.019 0.019 0.019 0.019 0.018 0.018 0.018 0.018 0.018 0.018 0.018 0.018 0.017 0.017 0.016 0.011 0.005 0.004 0.004 0.004 0.003 0.003 0.003 0.003 0.003 0.003 0.003 0.003 0.003 0.003 0.003 0.003 0.003 0.003 0.003 0.003 0.003 0.003 0.003 0.003 0.003 0.003 0.003 0.003 0.003 0.002 0.001 0.0 0.0 0.0 0.0 0.0 0.0 0.0 0.0 0.0 0.0 0.0 0.0 0.0 0.0 0.0 0.0 0.0 0.0 0.0 0.0 0.0 0.0 0.0 0.0 0.0 0.0 0.0 0.0 0.0 0.0 0.0 0.0 0.0 0.0 0.0 0.0 0.0 0.0 0.0 0.0 0.0 0.0 0.0 0.0 0.0 0.0 0.0 0.0 0.0 0.0 0.0 0.0 0.0 0.0 0.0 0.0 0.0 0.0 0.0 0.0 0.0 0.0 0.0 0.0 0.0 0.0 0.0 0.0 0.0 0.0 0.0 0.0 0.0 0.0 0.0 0.0 0.0 0.0 0.0 0.0 0.0 0.0 0.0 0.0
0.053 0.052 0.051 0.046 0.038 0.031 0.024 0.024 0.024 0.024 0.024 0.024 0.024 0.023 0.023 0.023 0.023 0.023 0.023 0.022 0.016 0.011 0.005 0.005 0.005 0.005 0.004 0.004 0.004 0.004 0.004 0.004 0.004 0.004 0.004 0.004 0.004 0.004 0.004 0.004 0.004 0.004 0.004 0.004 0.004 0.004 0.004 0.004 0.004 0.004 0.002 0.001 0.0 0.0 0.0 0.0 0.0 0.0 0.0 0.0 0.0 0.0 0.0 0.0 0.0 0.0 0.0 0.0 0.0 0.0 0.0 0.0 0.0 0.0 0.0 0.0 0.0 0.0 0.0 0.0 0.0 0.0 0.0 0.0 0.0 0.0 0.0 0.0 0.0 0.0 0.0 0.0 0.0 0.0 0.0 0.0 0.0 0.0 0.0 0.0 0.0 0.0 0.0 0.0 0.0 0.0 0.0 0.0 0.0 0.0 0.0 0.0 0.0 0.0 0.0 0.0 0.0 0.0 0.0 0.0 0.0 0.0 0.0 0.0 0.0 0.0 0.0 0.0 0.0 0.0 0.0 0.0 0.0 0.0 0.0 0.0
0.065 0.064 0.062 0.057 0.05 0.042 0.035 0.03 0.03 0.03 0.029 0.029 0.029 0.029 0.029 0.029 0.029 0.029 0.028 0.027 0.022 0.016 0.011 0.006 0.006 0.006 0.006 0.006 0.005 0.005 0.005 0.005 0.005 0.005 0.005 0.005 0.005 0.005 0.005 0.005 0.005 0.005 0.005 0.005 0.005 0.005 0.005 0.005 0.005 0.003 0.002 0.001 0.0 0.0 0.0 0.0 0.0 0.0 0.0 0.0 0.0 0.0 0.0 0.0 0.0 0.0 0.0 0.0 0.0 0.0 0.0 0.0 0.0 0.0 0.0 0.0 0.0 0.0 0.0 0.0 0.0 0.0 0.0 0.0 0.0 0.0 0.0 0.0 0.0 0.0 0.0 0.0 0.0 0.0 0.0 0.0 0.0 0.0 0.0 0.0 0.0 0.0 0.0 0.0 0.0 0.0 0.0 0.0 0.0 0.0 0.0 0.0 0.0 0.0 0.0 0.0 0.0 0.0 0.0 0.0 0.0 0.0 0.0 0.0 0.0 0.0 0.0 0.0 0.0 0.0 0.0 0.0 0.0 0.0 0.0 0.0
0.076 0.075 0.074 0.069 0.061 0.054 0.046 0.039 0.035 0.035 0.035 0.035 0.035 0.035 0.034 0.034 0.034 0.034 0.034 0.033 0.027 0.022 0.016 0.011 0.007 0.007 0.007 0.007 0.007 0.006 0.006 0.006 0.006 0.006 0.006 0.006 0.006 0.006 0.006 0.006 0.006 0.006 0.006 0.006 0.006 0.006 0.006 0.006 0.005 0.003 0.002 0.001 0.0 0.0 0.0 0.0 0.0 0.0 0.0 0.0 0.0 0.0 0.0 0.0 0.0 0.0 0.0 0.0 0.0 0.0 0.0 0.0 0.0 0.0 0.0 0.0 0.0 0.0 0.0 0.0 0.0 0.0 0.0 0.0 0.0 0.0 0.0 0.0 0.0 0.0 0.0 0.0 0.0 0.0 0.0 0.0 0.0 0.0 0.0 0.0 0.0 0.0 0.0 0.0 0.0 0.0 0.0 0.0 0.0 0.0 0.0 0.0 0.0 0.0 0.0 0.0 0.0 0.0 0.0 0.0 0.0 0.0 0.0 0.0 0.0 0.0 0.0 0.0 0.0 0.0 0.0 0.0 0.0 0.0 0.0 0.0
0.088 0.087 0.086 0.08 0.073 0.065 0.058 0.05 0.043 0.041 0.04 0.04 0.04 0.04 0.04 0.04 0.04 0.04 0.04 0.038 0.033 0.027 0.022 0.016 0.01 0.008 0.008 0.008 0.008 0.008 0.007 0.007 0.007 0.007 0.007 0.007 0.007 0.007 0.007 0.007 0.007 0.007 0.007 0.007 0.007 0.007 0.007 0.006 0.005 0.003 0.002 0.001 0.0 0.0 0.0 0.0 0.0 0.0 0.0 0.0 0.0 0.0 0.0 0.0 0.0 0.0 0.0 0.0 0.0 0.0 0.0 0.0 0.0 0.0 0.0 0.0 0.0 0.0 0.0 0.0 0.0 0.0 0.0 0.0 0.0 0.0 0.0 0.0 0.0 0.0 0.0 0.0 0.0 0.0 0.0 0.0 0.0 0.0 0.0 0.0 0.0 0.0 0.0 0.0 0.0 0.0 0.0 0.0 0.0 0.0 0.0 0.0 0.0 0.0 0.0 0.0 0.0 0.0 0.0 0.0 0.0 0.0 0.0 0.0 0.0 0.0 0.0 0.0 0.0 0.0 0.0 0.0 0.0 0.0 0.0 0.0
0.099 0.098 0.097 0.092 0.084 0.077 0.069 0.062 0.054 0.047 0.046 0.046 0.046 0.046 0.046 0.045 0.045 0.045 0.045 0.044 0.038 0.033 0.027 0.022 0.016 0.01 0.009 0.009 0.009 0.009 0.009 0.009 0.008 0.008 0.008 0.008 0.008 0.008 0.008 0.008 0.008 0.008 0.008 0.008 0.008 0.008 0.007 0.006 0.005 0.003 0.002 0.001 0.0 0.0 0.0 0.0 0.0 0.0 0.0 0.0 0.0 0.0 0.0 0.0 0.0 0.0 0.0 0.0 0.0 0.0 0.0 0.0 0.0 0.0 0.0 0.0 0.0 0.0 0.0 0.0 0.0 0.0 0.0 0.0 0.0 0.0 0.0 0.0 0.0 0.0 0.0 0.0 0.0 0.0 0.0 0.0 0.0 0.0 0.0 0.0 0.0 0.0 0.0 0.0 0.0 0.0 0.0 0.0 0.0 0.0 0.0 0.0 0.0 0.0 0.0 0.0 0.0 0.0 0.0 0.0 0.0 0.0 0.0 0.0 0.0 0.0 0.0 0.0 0.0 0.0 0.0 0.0 0.0 0.0 0.0 0.0
0.111 0.11 0.109 0.103 0.096 0.088 0.081 0.073 0.066 0.058 0.052 0.051 0.051 0.051 0.051 0.051 0.051 0.051 0.051 0.049 0.044 0.038 0.033 0.027 0.021 0.016 0.01 0.01 0.01 0.01 0.01 0.01 0.01 0.009 0.009 0.009 0.009 0.009 0.009 0.009 0.009 0.009 0.009 0.009 0.009 0.009 0.007 0.006 0.005 0.003 0.002 0.001 0.0 0.0 0.0 0.0 0.0 0.0 0.0 0.0 0.0 0.0 0.0 0.0 0.0 0.0 0.0 0.0 0.0 0.0 0.0 0.0 0.0 0.0 0.0 0.0 0.0 0.0 0.0 0.0 0.0 0.0 0.0 0.0 0.0 0.0 0.0 0.0 0.0 0.0 0.0 0.0 0.0 0.0 0.0 0.0 0.0 0.0 0.0 0.0 0.0 0.0 0.0 0.0 0.0 0.0 0.0 0.0 0.0 0.0 0.0 0.0 0.0 0.0 0.0 0.0 0.0 0.0 0.0 0.0 0.0 0.0 0.0 0.0 0.0 0.0 0.0 0.0 0.0 0.0 0.0 0.0 0.0 0.0 0.0 0.0
0.122 0.121 0.12 0.115 0.107 0.1 0.092 0.085 0.077 0.07 0.062 0.057 0.057 0.057 0.057 0.057 0.056 0.056 0.056 0.055 0.049 0.044 0.038 0.032 0.027 0.021 0.016 0.011 0.011 0.011 0.011 0.011 0.011 0.011 0.011 0.01 0.01 0.01 0.01 0.01 0.01 0.01 0.01 0.01 0.01 0.009 0.007 0.006 0.005 0.003 0.002 0.001 0.0 0.0 0.0 0.0 0.0 0.0 0.0 0.0 0.0 0.0 0.0 0.0 0.0 0.0 0.0 0.0 0.0 0.0 0.0 0.0 0.0 0.0 0.0 0.0 0.0 0.0 0.0 0.0 0.0 0.0 0.0 0.0 0.0 0.0 0.0 0.0 0.0 0.0 0.0 0.0 0.0 0.0 0.0 0.0 0.0 0.0 0.0 0.0 0.0 0.0 0.0 0.0 0.0 0.0 0.0 0.0 0.0 0.0 0.0 0.0 0.0 0.0 0.0 0.0 0.0 0.0 0.0 0.0 0.0 0.0 0.0 0.0 0.0 0.0 0.0 0.0 0.0 0.0 0.0 0.0 0.0 0.0 0.0 0.0
0.134 0.133 0.132 0.126 0.118 0.111 0.103 0.096 0.088 0.081 0.073 0.066 0.062 0.062 0.062 0.062 0.062 0.062 0.062 0.06 0.055 0.049 0.043 0.038 0.032 0.027 0.021 0.016 0.012 0.012 0.012 0.012 0.012 0.012 0.012 0.012 0.011 0.011 0.011 0.011 0.011 0.011 0.011 0.011 0.01 0.009 0.007 0.006 0.005 0.003 0.002 0.001 0.0 0.0 0.0 0.0 0.0 0.0 0.0 0.0 0.0 0.0 0.0 0.0 0.0 0.0 0.0 0.0 0.0 0.0 0.0 0.0 0.0 0.0 0.0 0.0 0.0 0.0 0.0 0.0 0.0 0.0 0.0 0.0 0.0 0.0 0.0 0.0 0.0 0.0 0.0 0.0 0.0 0.0 0.0 0.0 0.0 0.0 0.0 0.0 0.0 0.0 0.0 0.0 0.0 0.0 0.0 0.0 0.0 0.0 0.0 0.0 0.0 0.0 0.0 0.0 0.0 0.0 0.0 0.0 0.0 0.0 0.0 0.0 0.0 0.0 0.0 0.0 0.0 0.0 0.0 0.0 0.0 0.0 0.0 0.0
0.146 0.144 0.143 0.137 0.13 0.122 0.115 0.107 0.1 0.092 0.085 0.077 0.07 0.068 0.068 0.068 0.068 0.067 0.067 0.066 0.06 0.054 0.049 0.043 0.038 0.032 0.027 0.021 0.016 0.013 0.013 0.013 0.013 0.013 0.013 0.013 0.013 0.013 0.013 0.012 0.012 0.012 0.012 0.011 0.01 0.009 0.007 0.006 0.005 0.003 0.002 0.001 0.0 0.0 0.0 0.0 0.0 0.0 0.0 0.0 0.0 0.0 0.0 0.0 0.0 0.0 0.0 0.0 0.0 0.0 0.0 0.0 0.0 0.0 0.0 0.0 0.0 0.0 0.0 0.0 0.0 0.0 0.0 0.0 0.0 0.0 0.0 0.0 0.0 0.0 0.0 0.0 0.0 0.0 0.0 0.0 0.0 0.0 0.0 0.0 0.0 0.0 0.0 0.0 0.0 0.0 0.0 0.0 0.0 0.0 0.0 0.0 0.0 0.0 0.0 0.0 0.0 0.0 0.0 0.0 0.0 0.0 0.0 0.0 0.0 0.0 0.0 0.0 0.0 0.0 0.0 0.0 0.0 0.0 0.0 0.0
0.157 0.156 0.155 0.149 0.141 0.134 0.126 0.119 0.111 0.104 0.096 0.089 0.081 0.074 0.073 0.073 0.073 0.073 0.073 0.071 0.065 0.06 0.054 0.049 0.043 0.038 0.032 0.027 0.021 0.015 0.014 0.014 0.014 0.014 0.014 0.014 0.014 0.014 0.014 0.014 0.014 0.014 0.012 0.011 0.01 0.008 0.007 0.006 0.005 0.003 0.002 0.001 0.0 0.0 0.0 0.0 0.0 0.0 0.0 0.0 0.0 0.0 0.0 0.0 0.0 0.0 0.0 0.0 0.0 0.0 0.0 0.0 0.0 0.0 0.0 0.0 0.0 0.0 0.0 0.0 0.0 0.0 0.0 0.0 0.0 0.0 0.0 0.0 0.0 0.0 0.0 0.0 0.0 0.0 0.0 0.0 0.0 0.0 0.0 0.0 0.0 0.0 0.0 0.0 0.0 0.0 0.0 0.0 0.0 0.0 0.0 0.0 0.0 0.0 0.0 0.0 0.0 0.0 0.0 0.0 0.0 0.0 0.0 0.0 0.0 0.0 0.0 0.0 0.0 0.0 0.0 0.0 0.0 0.0 0.0 0.0
0.169 0.167 0.166 0.16 0.153 0.145 0.138 0.13 0.123 0.115 0.108 0.1 0.093 0.085 0.079 0.079 0.079 0.079 0.078 0.077 0.071 0.065 0.06 0.054 0.049 0.043 0.038 0.032 0.026 0.021 0.015 0.015 0.015 0.015 0.015 0.015 0.015 0.015 0.015 0.015 0.015 0.014 0.012 0.011 0.01 0.008 0.007 0.006 0.005 0.003 0.002 0.001 0.0 0.0 0.0 0.0 0.0 0.0 0.0 0.0 0.0 0.0 0.0 0.0 0.0 0.0 0.0 0.0 0.0 0.0 0.0 0.0 0.0 0.0 0.0 0.0 0.0 0.0 0.0 0.0 0.0 0.0 0.0 0.0 0.0 0.0 0.0 0.0 0.0 0.0 0.0 0.0 0.0 0.0 0.0 0.0 0.0 0.0 0.0 0.0 0.0 0.0 0.0 0.0 0.0 0.0 0.0 0.0 0.0 0.0 0.0 0.0 0.0 0.0 0.0 0.0 0.0 0.0 0.0 0.0 0.0 0.0 0.0 0.0 0.0 0.0 0.0 0.0 0.0 0.0 0.0 0.0 0.0 0.0 0.0 0.0
0.18 0.179 0.178 0.172 0.164 0.157 0.149 0.142 0.134 0.127 0.119 0.112 0.104 0.097 0.089 0.084 0.084 0.084 0.084 0.082 0.076 0.071 0.065 0.06 0.054 0.049 0.043 0.038 0.032 0.026 0.021 0.016 0.016 0.016 0.016 0.016 0.016 0.016 0.016 0.016 0.015 0.014 0.012 0.011 0.01 0.008 0.007 0.006 0.005 0.003 0.002 0.001 0.0 0.0 0.0 0.0 0.0 0.0 0.0 0.0 0.0 0.0 0.0 0.0 0.0 0.0 0.0 0.0 0.0 0.0 0.0 0.0 0.0 0.0 0.0 0.0 0.0 0.0 0.0 0.0 0.0 0.0 0.0 0.0 0.0 0.0 0.0 0.0 0.0 0.0 0.0 0.0 0.0 0.0 0.0 0.0 0.0 0.0 0.0 0.0 0.0 0.0 0.0 0.0 0.0 0.0 0.0 0.0 0.0 0.0 0.0 0.0 0.0 0.0 0.0 0.0 0.0 0.0 0.0 0.0 0.0 0.0 0.0 0.0 0.0 0.0 0.0 0.0 0.0 0.0 0.0 0.0 0.0 0.0 0.0 0.0
0.192 0.191 0.189 0.183 0.176 0.168 0.161 0.153 0.146 0.138 0.131 0.123 0.116 0.108 0.101 0.093 0.09 0.09 0.089 0.087 0.082 0.076 0.071 0.065 0.06 0.054 0.049 0.043 0.037 0.032 0.026 0.021 0.017 0.017 0.017 0.017 0.017 0.017 0.017 0.016 0.015 0.014 0.012 0.011 0.01 0.008 0.007 0.006 0.005 0.003 0.002 0.001 0.0 0.0 0.0 0.0 0.0 0.0 0.0 0.0 0.0 0.0 0.0 0.0 0.0 0.0 0.0 0.0 0.0 0.0 0.0 0.0 0.0 0.0 0.0 0.0 0.0 0.0 0.0 0.0 0.0 0.0 0.0 0.0 0.0 0.0 0.0 0.0 0.0 0.0 0.0 0.0 0.0 0.0 0.0 0.0 0.0 0.0 0.0 0.0 0.0 0.0 0.0 0.0 0.0 0.0 0.0 0.0 0.0 0.0 0.0 0.0 0.0 0.0 0.0 0.0 0.0 0.0 0.0 0.0 0.0 0.0 0.0 0.0 0.0 0.0 0.0 0.0 0.0 0.0 0.0 0.0 0.0 0.0 0.0 0.0
0.203 0.202 0.201 0.195 0.187 0.18 0.172 0.165 0.157 0.15 0.142 0.135 0.127 0.12 0.112 0.105 0.097 0.095 0.095 0.093 0.087 0.082 0.076 0.071 0.065 0.06 0.054 0.048 0.043 0.037 0.032 0.026 0.021 0.018 0.018 0.018 0.018 0.018 0.017 0.016 0.015 0.014 0.012 0.011 0.01 0.008 0.007 0.006 0.005 0.003 0.002 0.001 0.0 0.0 0.0 0.0 0.0 0.0 0.0 0.0 0.0 0.0 0.0 0.0 0.0 0.0 0.0 0.0 0.0 0.0 0.0 0.0 0.0 0.0 0.0 0.0 0.0 0.0 0.0 0.0 0.0 0.0 0.0 0.0 0.0 0.0 0.0 0.0 0.0 0.0 0.0 0.0 0.0 0.0 0.0 0.0 0.0 0.0 0.0 0.0 0.0 0.0 0.0 0.0 0.0 0.0 0.0 0.0 0.0 0.0 0.0 0.0 0.0 0.0 0.0 0.0 0.0 0.0 0.0 0.0 0.0 0.0 0.0 0.0 0.0 0.0 0.0 0.0 0.0 0.0 0.0 0.0 0.0 0.0 0.0 0.0
0.215 0.214 0.212 0.206 0.199 0.191 0.184 0.176 0.169 0.161 0.154 0.146 0.139 0.131 0.124 0.116 0.109 0.101 0.101 0.098 0.093 0.087 0.082 0.076 0.071 0.065 0.059 0.054 0.048 0.043 0.037 0.032 0.026 0.021 0.019 0.019 0.019 0.019 0.017 0.016 0.015 0.014 0.012 0.011 0.01 0.008 0.007 0.006 0.005 0.003 0.002 0.001 0.0 0.0 0.0 0.0 0.0 0.0 0.0 0.0 0.0 0.0 0.0 0.0 0.0 0.0 0.0 0.0 0.0 0.0 0.0 0.0 0.0 0.0 0.0 0.0 0.0 0.0 0.0 0.0 0.0 0.0 0.0 0.0 0.0 0.0 0.0 0.0 0.0 0.0 0.0 0.0 0.0 0.0 0.0 0.0 0.0 0.0 0.0 0.0 0.0 0.0 0.0 0.0 0.0 0.0 0.0 0.0 0.0 0.0 0.0 0.0 0.0 0.0 0.0 0.0 0.0 0.0 0.0 0.0 0.0 0.0 0.0 0.0 0.0 0.0 0.0 0.0 0.0 0.0 0.0 0.0 0.0 0.0 0.0 0.0
0.226 0.225 0.224 0.218 0.21 0.203 0.195 0.188 0.18 0.173 0.165 0.158 0.15 0.143 0.135 0.128 0.12 0.113 0.106 0.104 0.098 0.093 0.087 0.082 0.076 0.07 0.065 0.059 0.054 0.048 0.043 0.037 0.032 0.026 0.02 0.02 0.02 0.019 0.017 0.016 0.015 0.014 0.012 0.011 0.01 0.008 0.007 0.006 0.004 0.003 0.002 0.001 0.0 0.0 0.0 0.0 0.0 0.0 0.0 0.0 0.0 0.0 0.0 0.0 0.0 0.0 0.0 0.0 0.0 0.0 0.0 0.0 0.0 0.0 0.0 0.0 0.0 0.0 0.0 0.0 0.0 0.0 0.0 0.0 0.0 0.0 0.0 0.0 0.0 0.0 0.0 0.0 0.0 0.0 0.0 0.0 0.0 0.0 0.0 0.0 0.0 0.0 0.0 0.0 0.0 0.0 0.0 0.0 0.0 0.0 0.0 0.0 0.0 0.0 0.0 0.0 0.0 0.0 0.0 0.0 0.0 0.0 0.0 0.0 0.0 0.0 0.0 0.0 0.0 0.0 0.0 0.0 0.0 0.0 0.0 0.0
0.235 0.234 0.235 0.236 0.228 0.22 0.212 0.205 0.197 0.189 0.181 0.173 0.165 0.158 0.15 0.142 0.134 0.126 0.118 0.111 0.105 0.099 0.093 0.087 0.081 0.076 0.07 0.065 0.059 0.054 0.048 0.043 0.037 0.031 0.026 0.021 0.02 0.019 0.017 0.016 0.015 0.014 0.012 0.011 0.01 0.008 0.007 0.006 0.004 0.003 0.002 0.001 0.0 0.0 0.0 0.0 0.0 0.0 0.0 0.0 0.0 0.0 0.0 0.0 0.0 0.0 0.0 0.0 0.0 0.0 0.0 0.0 0.0 0.0 0.0 0.0 0.0 0.0 0.0 0.0 0.0 0.0 0.0 0.0 0.0 0.0 0.0 0.0 0.0 0.0 0.0 0.0 0.0 0.0 0.0 0.0 0.0 0.0 0.0 0.0 0.0 0.0 0.0 0.0 0.0 0.0 0.0 0.0 0.0 0.0 0.0 0.0 0.0 0.0 0.0 0.0 0.0 0.0 0.0 0.0 0.0 0.0 0.0 0.0 0.0 0.0 0.0 0.0 0.0 0.0 0.0 0.0 0.0 0.0 0.0 0.0
0.238 0.237 0.254 0.264 0.26 0.253 0.245 0.237 0.229 0.221 0.213 0.206 0.198 0.19 0.182 0.174 0.166 0.159 0.151 0.144 0.138 0.132 0.126 0.12 0.114 0.108 0.102 0.096 0.09 0.084 0.078 0.072 0.066 0.06 0.054 0.05 0.025 0.023 0.022 0.021 0.019 0.018 0.016 0.015 0.014 0.012 0.011 0.009 0.008 0.007 0.005 0.004 0.003 0.003 0.003 0.003 0.003 0.003 0.003 0.003 0.002 0.002 0.002 0.002 0.002 0.002 0.002 0.002 0.0 0.0 0.0 0.0 0.0 0.0 0.0 0.0 0.0 0.0 0.0 0.0 0.0 0.0 0.0 0.0 0.0 0.0 0.0 0.0 0.0 0.0 0.0 0.0 0.0 0.0 0.0 0.0 0.0 0.0 0.0 0.0 0.0 0.0 0.0 0.0 0.0 0.0 0.0 0.0 0.0 0.0 0.0 0.0 0.0 0.0 0.0 0.0 0.0 0.0 0.0 0.0 0.0 0.0 0.0 0.0 0.0 0.0 0.0 0.0 0.0 0.0 0.0 0.0 0.0 0.0 0.0 0.0
0.241 0.255 0.272 0.282 0.292 0.285 0.277 0.269 0.261 0.253 0.246 0.238 0.23 0.222 0.214 0.207 0.199 0.191 0.183 0.176 0.17 0.164 0.158 0.152 0.146 0.14 0.134 0.128 0.122 0.116 0.11 0.104 0.098 0.092 0.088 0.085 0.047 0.029 0.028 0.027 0.025 0.024 0.022 0.021 0.02 0.018 0.017 0.015 0.014 0.013 0.011 0.01 0.009 0.009 0.009 0.009 0.009 0.009 0.009 0.009 0.008 0.008 0.008 0.008 0.008 0.008 0.008 0.006 0.001 0.0 0.0 0.0 0.0 0.0 0.0 0.0 0.0 0.0 0.0 0.0 0.0 0.0 0.0 0.0 0.0 0.0 0.0 0.0 0.0 0.0 0.0 0.0 0.0 0.0 0.0 0.0 0.0 0.0 0.0 0.0 0.0 0.0 0.0 0.0 0.0 0.0 0.0 0.0 0.0 0.0 0.0 0.0 0.0 0.0 0.0 0.0 0.0 0.0 0.0 0.0 0.0 0.0 0.0 0.0 0.0 0.0 0.0 0.0 0.0 0.0 0.0 0.0 0.0 0.0 0.0 0.0
0.257 0.273 0.29 0.301 0.311 0.317 0.309 0.301 0.294 0.286 0.278 0.27 0.262 0.254 0.247 0.239 0.231 0.223 0.215 0.208 0.202 0.196 0.19 0.184 0.178 0.172 0.166 0.16 0.154 0.148 0.142 0.136 0.13 0.126 0.124 0.12 0.082 0.045 0.034 0.033 0.031 0.03 0.028 0.027 0.026 0.024 0.023 0.021 0.02 0.019 0.017 0.016 0.015 0.015 0.015 0.015 0.015 0.015 0.015 0.015 0.014 0.014 0.014 0.014 0.014 0.014 0.013 0.007 0.002 0.001 0.0 0.0 0.0 0.0 0.0 0.0 0.0 0.0 0.0 0.0 0.0 0.0 0.0 0.0 0.0 0.0 0.0 0.0 0.0 0.0 0.0 0.0 0.0 0.0 0.0 0.0 0.0 0.0 0.0 0.0 0.0 0.0 0.0 0.0 0.0 0.0 0.0 0.0 0.0 0.0 0.0 0.0 0.0 0.0 0.0 0.0 0.0 0.0 0.0 0.0 0.0 0.0 0.0 0.0 0.0 0.0 0.0 0.0 0.0 0.0 0.0 0.0 0.0 0.0 0.0 0.0
0.275 0.292 0.309 0.319 0.329 0.339 0.342 0.334 0.326 0.318 0.31 0.302 0.295 0.287 0.279 0.271 0.263 0.255 0.248 0.241 0.235 0.229 0.223 0.217 0.211 0.205 0.199 0.193 0.187 0.181 0.175 0.169 0.164 0.162 0.159 0.155 0.118 0.08 0.042 0.039 0.037 0.036 0.034 0.033 0.032 0.03 0.029 0.027 0.026 0.025 0.023 0.022 0.021 0.021 0.021 0.021 0.021 0.021 0.021 0.021 0.02 0.02 0.02 0.02 0.02 0.02 0.014 0.008 0.003 0.002 0.001 0.0 0.0 0.0 0.0 0.0 0.0 0.0 0.0 0.0 0.0 0.0 0.0 0.0 0.0 0.0 0.0 0.0 0.0 0.0 0.0 0.0 0.0 0.0 0.0 0.0 0.0 0.0 0.0 0.0 0.0 0.0 0.0 0.0 0.0 0.0 0.0 0.0 0.0 0.0 0.0 0.0 0.0 0.0 0.0 0.0 0.0 0.0 0.0 0.0 0.0 0.0 0.0 0.0 0.0 0.0 0.0 0.0 0.0 0.0 0.0 0.0 0.0 0.0 0.0 0.0
0.293 0.31 0.327 0.337 0.347 0.357 0.367 0.366 0.358 0.35 0.343 0.335 0.327 0.319 0.311 0.303 0.296 0.288 0.28 0.273 0.267 0.261 0.255 0.249 0.243 0.237 0.231 0.225 0.219 0.213 0.207 0.201 0.199 0.197 0.195 0.19 0.153 0.115 0.077 0.044 0.043 0.042 0.04 0.039 0.038 0.036 0.035 0.033 0.032 0.031 0.029 0.028 0.027 0.027 0.027 0.027 0.027 0.027 0.027 0.027 0.026 0.026 0.026 0.026 0.026 0.021 0.015 0.009 0.004 0.003 0.002 0.0 0.0 0.0 0.0 0.0 0.0 0.0 0.0 0.0 0.0 0.0 0.0 0.0 0.0 0.0 0.0 0.0 0.0 0.0 0.0 0.0 0.0 0.0 0.0 0.0 0.0 0.0 0.0 0.0 0.0 0.0 0.0 0.0 0.0 0.0 0.0 0.0 0.0 0.0 0.0 0.0 0.0 0.0 0.0 0.0 0.0 0.0 0.0 0.0 0.0 0.0 0.0 0.0 0.0 0.0 0.0 0.0 0.0 0.0 0.0 0.0 0.0 0.0 0.0 0.0
0.312 0.328 0.345 0.355 0.365 0.375 0.385 0.395 0.391 0.383 0.375 0.367 0.359 0.351 0.344 0.336 0.328 0.32 0.312 0.305 0.299 0.293 0.287 0.281 0.275 0.269 0.263 0.257 0.251 0.245 0.239 0.237 0.235 0.233 0.231 0.225 0.188 0.15 0.112 0.074 0.049 0.048 0.046 0.045 0.044 0.042 0.041 0.039 0.038 0.037 0.035 0.034 0.033 0.033 0.033 0.033 0.033 0.033 0.033 0.033 0.032 0.032 0.032 0.032 0.028 0.022 0.016 0.01 0.005 0.004 0.003 0.001 0.0 0.0 0.0 0.0 0.0 0.0 0.0 0.0 0.0 0.0 0.0 0.0 0.0 0.0 0.0 0.0 0.0 0.0 0.0 0.0 0.0 0.0 0.0 0.0 0.0 0.0 0.0 0.0 0.0 0.0 0.0 0.0 0.0 0.0 0.0 0.0 0.0 0.0 0.0 0.0 0.0 0.0 0.0 0.0 0.0 0.0 0.0 0.0 0.0 0.0 0.0 0.0 0.0 0.0 0.0 0.0 0.0 0.0 0.0 0.0 0.0 0.0 0.0 0.0
0.33 0.347 0.363 0.374 0.383 0.393 0.403 0.413 0.423 0.415 0.407 0.399 0.392 0.384 0.376 0.368 0.36 0.352 0.345 0.338 0.332 0.326 0.32 0.314 0.308 0.302 0.296 0.29 0.284 0.278 0.275 0.273 0.271 0.268 0.266 0.26 0.223 0.185 0.147 0.109 0.071 0.054 0.052 0.051 0.049 0.048 0.047 0.045 0.044 0.043 0.041 0.04 0.039 0.039 0.039 0.039 0.039 0.039 0.039 0.039 0.038 0.038 0.038 0.035 0.029 0.023 0.017 0.011 0.006 0.005 0.004 0.002 0.001 0.0 0.0 0.0 0.0 0.0 0.0 0.0 0.0 0.0 0.0 0.0 0.0 0.0 0.0 0.0 0.0 0.0 0.0 0.0 0.0 0.0 0.0 0.0 0.0 0.0 0.0 0.0 0.0 0.0 0.0 0.0 0.0 0.0 0.0 0.0 0.0 0.0 0.0 0.0 0.0 0.0 0.0 0.0 0.0 0.0 0.0 0.0 0.0 0.0 0.0 0.0 0.0 0.0 0.0 0.0 0.0 0.0 0.0 0.0 0.0 0.0 0.0 0.0
0.348 0.365 0.382 0.392 0.402 0.411 0.421 0.431 0.441 0.447 0.44 0.432 0.424 0.416 0.408 0.4 0.393 0.385 0.377 0.37 0.364 0.358 0.352 0.346 0.34 0.334 0.328 0.322 0.316 0.313 0.31 0.308 0.306 0.304 0.302 0.295 0.258 0.22 0.182 0.144 0.106 0.068 0.058 0.057 0.055 0.054 0.053 0.051 0.05 0.048 0.047 0.046 0.045 0.045 0.045 0.045 0.045 0.045 0.045 0.045 0.044 0.044 0.042 0.036 0.03 0.024 0.018 0.012 0.007 0.006 0.005 0.003 0.002 0.001 0.0 0.0 0.0 0.0 0.0 0.0 0.0 0.0 0.0 0.0 0.0 0.0 0.0 0.0 0.0 0.0 0.0 0.0 0.0 0.0 0.0 0.0 0.0 0.0 0.0 0.0 0.0 0.0 0.0 0.0 0.0 0.0 0.0 0.0 0.0 0.0 0.0 0.0 0.0 0.0 0.0 0.0 0.0 0.0 0.0 0.0 0.0 0.0 0.0 0.0 0.0 0.0 0.0 0.0 0.0 0.0 0.0 0.0 0.0 0.0 0.0 0.0
0.367 0.383 0.4 0.41 0.42 0.43 0.44 0.449 0.459 0.469 0.472 0.464 0.456 0.448 0.441 0.433 0.425 0.417 0.409 0.402 0.396 0.39 0.384 0.378 0.372 0.366 0.36 0.354 0.35 0.348 0.346 0.344 0.342 0.34 0.337 0.33 0.293 0.255 0.217 0.179 0.141 0.103 0.066 0.063 0.061 0.06 0.059 0.057 0.056 0.054 0.053 0.052 0.051 0.051 0.051 0.051 0.051 0.051 0.051 0.051 0.05 0.049 0.043 0.037 0.031 0.025 0.019 0.013 0.008 0.007 0.006 0.004 0.003 0.002 0.001 0.0 0.0 0.0 0.0 0.0 0.0 0.0 0.0 0.0 0.0 0.0 0.0 0.0 0.0 0.0 0.0 0.0 0.0 0.0 0.0 0.0 0.0 0.0 0.0 0.0 0.0 0.0 0.0 0.0 0.0 0.0 0.0 0.0 0.0 0.0 0.0 0.0 0.0 0.0 0.0 0.0 0.0 0.0 0.0 0.0 0.0 0.0 0.0 0.0 0.0 0.0 0.0 0.0 0.0 0.0 0.0 0.0 0.0 0.0 0.0 0.0
0.385 0.402 0.418 0.428 0.438 0.448 0.458 0.468 0.477 0.487 0.497 0.496 0.488 0.481 0.473 0.465 0.457 0.449 0.442 0.435 0.429 0.423 0.417 0.411 0.405 0.399 0.393 0.388 0.386 0.384 0.382 0.379 0.377 0.375 0.373 0.365 0.328 0.29 0.252 0.214 0.176 0.138 0.101 0.069 0.067 0.066 0.065 0.063 0.062 0.06 0.059 0.058 0.057 0.057 0.057 0.057 0.057 0.057 0.057 0.056 0.056 0.05 0.044 0.038 0.032 0.026 0.02 0.014 0.009 0.008 0.007 0.005 0.004 0.003 0.002 0.0 0.0 0.0 0.0 0.0 0.0 0.0 0.0 0.0 0.0 0.0 0.0 0.0 0.0 0.0 0.0 0.0 0.0 0.0 0.0 0.0 0.0 0.0 0.0 0.0 0.0 0.0 0.0 0.0 0.0 0.0 0.0 0.0 0.0 0.0 0.0 0.0 0.0 0.0 0.0 0.0 0.0 0.0 0.0 0.0 0.0 0.0 0.0 0.0 0.0 0.0 0.0 0.0 0.0 0.0 0.0 0.0 0.0 0.0 0.0 0.0
0.403 0.42 0.437 0.446 0.456 0.466 0.476 0.486 0.496 0.505 0.515 0.525 0.521 0.513 0.505 0.497 0.489 0.482 0.474 0.467 0.461 0.455 0.449 0.443 0.437 0.431 0.426 0.424 0.422 0.419 0.417 0.415 0.413 0.411 0.409 0.4 0.363 0.325 0.287 0.249 0.211 0.174 0.136 0.098 0.073 0.072 0.071 0.069 0.068 0.066 0.065 0.064 0.063 0.063 0.063 0.063 0.063 0.063 0.063 0.062 0.057 0.051 0.045 0.039 0.033 0.027 0.021 0.015 0.01 0.009 0.008 0.006 0.005 0.004 0.003 0.001 0.0 0.0 0.0 0.0 0.0 0.0 0.0 0.0 0.0 0.0 0.0 0.0 0.0 0.0 0.0 0.0 0.0 0.0 0.0 0.0 0.0 0.0 0.0 0.0 0.0 0.0 0.0 0.0 0.0 0.0 0.0 0.0 0.0 0.0 0.0 0.0 0.0 0.0 0.0 0.0 0.0 0.0 0.0 0.0 0.0 0.0 0.0 0.0 0.0 0.0 0.0 0.0 0.0 0.0 0.0 0.0 0.0 0.0 0.0 0.0
0.422 0.438 0.455 0.465 0.474 0.484 0.494 0.504 0.514 0.524 0.534 0.543 0.553 0.545 0.537 0.53 0.522 0.514 0.506 0.499 0.493 0.487 0.481 0.475 0.469 0.464 0.462 0.459 0.457 0.455 0.453 0.451 0.449 0.446 0.444 0.436 0.398 0.36 0.322 0.284 0.246 0.209 0.171 0.133 0.095 0.078 0.077 0.075 0.074 0.072 0.071 0.07 0.069 0.069 0.069 0.069 0.069 0.069 0.069 0.064 0.058 0.052 0.046 0.04 0.034 0.028 0.022 0.016 0.011 0.01 0.009 0.007 0.006 0.005 0.004 0.002 0.001 0.0 0.0 0.0 0.0 0.0 0.0 0.0 0.0 0.0 0.0 0.0 0.0 0.0 0.0 0.0 0.0 0.0 0.0 0.0 0.0 0.0 0.0 0.0 0.0 0.0 0.0 0.0 0.0 0.0 0.0 0.0 0.0 0.0 0.0 0.0 0.0 0.0 0.0 0.0 0.0 0.0 0.0 0.0 0.0 0.0 0.0 0.0 0.0 0.0 0.0 0.0 0.0 0.0 0.0 0.0 0.0 0.0 0.0 0.0
0.44 0.457 0.473 0.483 0.493 0.503 0.512 0.522 0.532 0.542 0.552 0.562 0.571 0.578 0.57 0.562 0.554 0.546 0.538 0.532 0.526 0.52 0.514 0.508 0.502 0.499 0.497 0.495 0.493 0.491 0.488 0.486 0.484 0.482 0.48 0.471 0.433 0.395 0.357 0.319 0.281 0.244 0.206 0.168 0.13 0.092 0.083 0.081 0.08 0.078 0.077 0.076 0.075 0.075 0.075 0.075 0.075 0.075 0.071 0.065 0.059 0.053 0.047 0.041 0.035 0.029 0.023 0.017 0.012 0.011 0.01 0.008 0.007 0.006 0.005 0.003 0.002 0.001 0.0 0.0 0.0 0.0 0.0 0.0 0.0 0.0 0.0 0.0 0.0 0.0 0.0 0.0 0.0 0.0 0.0 0.0 0.0 0.0 0.0 0.0 0.0 0.0 0.0 0.0 0.0 0.0 0.0 0.0 0.0 0.0 0.0 0.0 0.0 0.0 0.0 0.0 0.0 0.0 0.0 0.0 0.0 0.0 0.0 0.0 0.0 0.0 0.0 0.0 0.0 0.0 0.0 0.0 0.0 0.0 0.0 0.0
0.458 0.475 0.491 0.501 0.511 0.521 0.531 0.54 0.55 0.56 0.57 0.58 0.59 0.599 0.602 0.594 0.586 0.579 0.571 0.564 0.558 0.552 0.546 0.54 0.537 0.535 0.533 0.531 0.528 0.526 0.524 0.522 0.52 0.518 0.515 0.506 0.468 0.43 0.392 0.354 0.316 0.279 0.241 0.203 0.165 0.127 0.089 0.087 0.086 0.084 0.083 0.082 0.081 0.081 0.081 0.081 0.081 0.078 0.072 0.066 0.06 0.054 0.048 0.042 0.036 0.03 0.023 0.017 0.013 0.012 0.011 0.009 0.008 0.007 0.006 0.004 0.003 0.002 0.001 0.0 0.0 0.0 0.0 0.0 0.0 0.0 0.0 0.0 0.0 0.0 0.0 0.0 0.0 0.0 0.0 0.0 0.0 0.0 0.0 0.0 0.0 0.0 0.0 0.0 0.0 0.0 0.0 0.0 0.0 0.0 0.0 0.0 0.0 0.0 0.0 0.0 0.0 0.0 0.0 0.0 0.0 0.0 0.0 0.0 0.0 0.0 0.0 0.0 0.0 0.0 0.0 0.0 0.0 0.0 0.0 0.0
0.477 0.493 0.509 0.519 0.529 0.539 0.549 0.559 0.568 0.578 0.588 0.598 0.608 0.618 0.628 0.627 0.619 0.611 0.603 0.596 0.59 0.584 0.578 0.575 0.573 0.57 0.568 0.566 0.564 0.562 0.56 0.557 0.555 0.553 0.551 0.541 0.503 0.465 0.427 0.389 0.351 0.314 0.276 0.238 0.2 0.162 0.124 0.093 0.092 0.09 0.089 0.088 0.087 0.087 0.087 0.087 0.085 0.079 0.073 0.067 0.061 0.055 0.049 0.043 0.037 0.03 0.024 0.018 0.014 0.013 0.012 0.01 0.009 0.008 0.007 0.005 0.004 0.003 0.002 0.0 0.0 0.0 0.0 0.0 0.0 0.0 0.0 0.0 0.0 0.0 0.0 0.0 0.0 0.0 0.0 0.0 0.0 0.0 0.0 0.0 0.0 0.0 0.0 0.0 0.0 0.0 0.0 0.0 0.0 0.0 0.0 0.0 0.0 0.0 0.0 0.0 0.0 0.0 0.0 0.0 0.0 0.0 0.0 0.0 0.0 0.0 0.0 0.0 0.0 0.0 0.0 0.0 0.0 0.0 0.0 0.0
0.495 0.512 0.528 0.537 0.547 0.557 0.567 0.577 0.587 0.597 0.606 0.616 0.626 0.636 0.646 0.656 0.651 0.643 0.635 0.629 0.623 0.617 0.613 0.61 0.608 0.606 0.604 0.602 0.6 0.597 0.595 0.593 0.591 0.589 0.587 0.576 0.538 0.5 0.462 0.424 0.386 0.349 0.311 0.273 0.235 0.197 0.159 0.122 0.098 0.096 0.095 0.094 0.093 0.093 0.093 0.092 0.086 0.08 0.074 0.068 0.062 0.056 0.05 0.043 0.037 0.031 0.025 0.019 0.015 0.014 0.013 0.011 0.01 0.009 0.008 0.006 0.005 0.004 0.003 0.001 0.0 0.0 0.0 0.0 0.0 0.0 0.0 0.0 0.0 0.0 0.0 0.0 0.0 0.0 0.0 0.0 0.0 0.0 0.0 0.0 0.0 0.0 0.0 0.0 0.0 0.0 0.0 0.0 0.0 0.0 0.0 0.0 0.0 0.0 0.0 0.0 0.0 0.0 0.0 0.0 0.0 0.0 0.0 0.0 0.0 0.0 0.0 0.0 0.0 0.0 0.0 0.0 0.0 0.0 0.0 0.0
0.513 0.53 0.546 0.556 0.566 0.575 0.585 0.595 0.605 0.615 0.625 0.634 0.644 0.654 0.664 0.674 0.683 0.676 0.668 0.661 0.655 0.65 0.648 0.646 0.644 0.642 0.64 0.637 0.635 0.633 0.631 0.629 0.627 0.624 0.622 0.611 0.573 0.535 0.497 0.459 0.421 0.384 0.346 0.308 0.27 0.232 0.194 0.157 0.119 0.102 0.101 0.099 0.099 0.099 0.099 0.093 0.087 0.081 0.075 0.069 0.063 0.057 0.05 0.044 0.038 0.032 0.026 0.02 0.016 0.015 0.014 0.012 0.011 0.01 0.009 0.007 0.006 0.005 0.004 0.002 0.001 0.0 0.0 0.0 0.0 0.0 0.0 0.0 0.0 0.0 0.0 0.0 0.0 0.0 0.0 0.0 0.0 0.0 0.0 0.0 0.0 0.0 0.0 0.0 0.0 0.0 0.0 0.0 0.0 0.0 0.0 0.0 0.0 0.0 0.0 0.0 0.0 0.0 0.0 0.0 0.0 0.0 0.0 0.0 0.0 0.0 0.0 0.0 0.0 0.0 0.0 0.0 0.0 0.0 0.0 0.0
0.532 0.548 0.564 0.574 0.584 0.594 0.603 0.613 0.623 0.633 0.643 0.653 0.662 0.672 0.682 0.692 0.702 0.708 0.7 0.693 0.688 0.686 0.684 0.682 0.679 0.677 0.675 0.673 0.671 0.669 0.666 0.664 0.662 0.66 0.658 0.646 0.608 0.57 0.532 0.494 0.456 0.419 0.381 0.343 0.305 0.267 0.229 0.192 0.154 0.116 0.107 0.105 0.105 0.105 0.1 0.094 0.088 0.082 0.076 0.07 0.064 0.057 0.051 0.045 0.039 0.033 0.027 0.021 0.017 0.016 0.014 0.013 0.012 0.011 0.01 0.008 0.007 0.006 0.005 0.003 0.002 0.001 0.0 0.0 0.0 0.0 0.0 0.0 0.0 0.0 0.0 0.0 0.0 0.0 0.0 0.0 0.0 0.0 0.0 0.0 0.0 0.0 0.0 0.0 0.0 0.0 0.0 0.0 0.0 0.0 0.0 0.0 0.0 0.0 0.0 0.0 0.0 0.0 0.0 0.0 0.0 0.0 0.0 0.0 0.0 0.0 0.0 0.0 0.0 0.0 0.0 0.0 0.0 0.0 0.0 0.0
0.55 0.567 0.582 0.592 0.602 0.612 0.622 0.631 0.641 0.651 0.661 0.671 0.681 0.691 0.7 0.71 0.72 0.73 0.732 0.726 0.724 0.722 0.719 0.717 0.715 0.713 0.711 0.709 0.706 0.704 0.702 0.7 0.698 0.696 0.693 0.681 0.643 0.605 0.567 0.529 0.492 0.454 0.416 0.378 0.34 0.302 0.265 0.227 0.189 0.151 0.113 0.111 0.111 0.107 0.101 0.095 0.089 0.083 0.077 0.07 0.064 0.058 0.052 0.046 0.04 0.034 0.028 0.022 0.018 0.017 0.015 0.014 0.013 0.012 0.011 0.009 0.008 0.007 0.006 0.004 0.003 0.002 0.001 0.0 0.0 0.0 0.0 0.0 0.0 0.0 0.0 0.0 0.0 0.0 0.0 0.0 0.0 0.0 0.0 0.0 0.0 0.0 0.0 0.0 0.0 0.0 0.0 0.0 0.0 0.0 0.0 0.0 0.0 0.0 0.0 0.0 0.0 0.0 0.0 0.0 0.0 0.0 0.0 0.0 0.0 0.0 0.0 0.0 0.0 0.0 0.0 0.0 0.0 0.0 0.0 0.0
0.564 0.58 0.589 0.599 0.61 0.62 0.63 0.64 0.651 0.661 0.671 0.682 0.692 0.702 0.712 0.723 0.733 0.743 0.754 0.756 0.754 0.753 0.751 0.75 0.748 0.747 0.745 0.744 0.742 0.74 0.738 0.735 0.733 0.731 0.729 0.716 0.678 0.64 0.602 0.564 0.527 0.489 0.451 0.413 0.375 0.337 0.3 0.262 0.224 0.186 0.148 0.117 0.114 0.108 0.102 0.096 0.09 0.084 0.077 0.071 0.065 0.059 0.053 0.047 0.041 0.035 0.029 0.023 0.019 0.018 0.016 0.015 0.014 0.013 0.011 0.01 0.009 0.008 0.007 0.005 0.004 0.003 0.002 0.0 0.0 0.0 0.0 0.0 0.0 0.0 0.0 0.0 0.0 0.0 0.0 0.0 0.0 0.0 0.0 0.0 0.0 0.0 0.0 0.0 0.0 0.0 0.0 0.0 0.0 0.0 0.0 0.0 0.0 0.0 0.0 0.0 0.0 0.0 0.0 0.0 0.0 0.0 0.0 0.0 0.0 0.0 0.0 0.0 0.0 0.0 0.0 0.0 0.0 0.0 0.0 0.0
0.571 0.58 0.579 0.589 0.599 0.61 0.62 0.63 0.641 0.651 0.661 0.672 0.682 0.692 0.702 0.713 0.723 0.733 0.741 0.749 0.75 0.748 0.747 0.745 0.744 0.742 0.741 0.739 0.738 0.736 0.735 0.733 0.732 0.73 0.728 0.715 0.678 0.641 0.604 0.567 0.529 0.492 0.455 0.418 0.381 0.344 0.306 0.269 0.232 0.195 0.158 0.14 0.133 0.126 0.12 0.113 0.106 0.1 0.093 0.087 0.08 0.074 0.067 0.061 0.054 0.047 0.041 0.034 0.03 0.028 0.026 0.025 0.023 0.021 0.02 0.018 0.016 0.014 0.013 0.011 0.009 0.007 0.006 0.004 0.0 0.0 0.0 0.0 0.0 0.0 0.0 0.0 0.0 0.0 0.0 0.0 0.0 0.0 0.0 0.0 0.0 0.0 0.0 0.0 0.0 0.0 0.0 0.0 0.0 0.0 0.0 0.0 0.0 0.0 0.0 0.0 0.0 0.0 0.0 0.0 0.0 0.0 0.0 0.0 0.0 0.0 0.0 0.0 0.0 0.0 0.0 0.0 0.0 0.0 0.0 0.0
0.574 0.57 0.569 0.579 0.589 0.6 0.61 0.62 0.631 0.641 0.651 0.661 0.672 0.682 0.692 0.703 0.713 0.721 0.727 0.736 0.745 0.743 0.742 0.74 0.739 0.737 0.736 0.734 0.733 0.731 0.73 0.728 0.727 0.725 0.724 0.71 0.673 0.636 0.598 0.561 0.524 0.487 0.45 0.413 0.375 0.338 0.301 0.264 0.227 0.189 0.164 0.174 0.165 0.157 0.15 0.144 0.137 0.131 0.124 0.118 0.111 0.105 0.098 0.091 0.085 0.078 0.072 0.065 0.061 0.059 0.057 0.056 0.054 0.052 0.05 0.049 0.047 0.045 0.043 0.042 0.04 0.038 0.036 0.035 0.001 0.0 0.0 0.0 0.0 0.0 0.0 0.0 0.0 0.0 0.0 0.0 0.0 0.0 0.0 0.0 0.0 0.0 0.0 0.0 0.0 0.0 0.0 0.0 0.0 0.0 0.0 0.0 0.0 0.0 0.0 0.0 0.0 0.0 0.0 0.0 0.0 0.0 0.0 0.0 0.0 0.0 0.0 0.0 0.0 0.0 0.0 0.0 0.0 0.0 0.0 0.0
0.564 0.56 0.559 0.569 0.579 0.59 0.6 0.61 0.62 0.631 0.641 0.651 0.662 0.672 0.682 0.693 0.701 0.707 0.714 0.722 0.732 0.739 0.737 0.736 0.734 0.732 0.731 0.729 0.728 0.726 0.725 0.723 0.722 0.72 0.719 0.704 0.667 0.63 0.593 0.556 0.519 0.481 0.444 0.407 0.37 0.333 0.296 0.258 0.221 0.189 0.199 0.209 0.2 0.189 0.181 0.175 0.168 0.162 0.155 0.148 0.142 0.135 0.129 0.122 0.116 0.109 0.103 0.096 0.092 0.09 0.088 0.087 0.085 0.083 0.081 0.08 0.078 0.076 0.074 0.073 0.071 0.069 0.067 0.038 0.002 0.001 0.0 0.0 0.0 0.0 0.0 0.0 0.0 0.0 0.0 0.0 0.0 0.0 0.0 0.0 0.0 0.0 0.0 0.0 0.0 0.0 0.0 0.0 0.0 0.0 0.0 0.0 0.0 0.0 0.0 0.0 0.0 0.0 0.0 0.0 0.0 0.0 0.0 0.0 0.0 0.0 0.0 0.0 0.0 0.0 0.0 0.0 0.0 0.0 0.0 0.0
0.554 0.549 0.549 0.559 0.569 0.58 0.59 0.6 0.61 0.621 0.631 0.641 0.652 0.662 0.672 0.681 0.688 0.694 0.7 0.709 0.718 0.728 0.732 0.731 0.729 0.728 0.726 0.725 0.723 0.722 0.72 0.719 0.717 0.716 0.714 0.699 0.662 0.625 0.588 0.55 0.513 0.476 0.439 0.402 0.365 0.327 0.29 0.253 0.216 0.224 0.234 0.243 0.234 0.223 0.212 0.206 0.199 0.192 0.186 0.179 0.173 0.166 0.16 0.153 0.147 0.14 0.133 0.127 0.123 0.121 0.119 0.118 0.116 0.114 0.112 0.111 0.109 0.107 0.105 0.104 0.102 0.1 0.075 0.038 0.003 0.002 0.001 0.0 0.0 0.0 0.0 0.0 0.0 0.0 0.0 0.0 0.0 0.0 0.0 0.0 0.0 0.0 0.0 0.0 0.0 0.0 0.0 0.0 0.0 0.0 0.0 0.0 0.0 0.0 0.0 0.0 0.0 0.0 0.0 0.0 0.0 0.0 0.0 0.0 0.0 0.0 0.0 0.0 0.0 0.0 0.0 0.0 0.0 0.0 0.0 0.0
0.543 0.539 0.539 0.549 0.559 0.569 0.58 0.59 0.6 0.611 0.621 0.631 0.642 0.652 0.662 0.668 0.674 0.681 0.687 0.696 0.705 0.714 0.723 0.726 0.724 0.723 0.721 0.72 0.718 0.717 0.715 0.714 0.712 0.711 0.709 0.694 0.657 0.619 0.582 0.545 0.508 0.471 0.433 0.396 0.359 0.322 0.285 0.248 0.249 0.258 0.268 0.278 0.268 0.257 0.246 0.236 0.23 0.223 0.217 0.21 0.204 0.197 0.191 0.184 0.177 0.171 0.164 0.158 0.154 0.152 0.15 0.148 0.147 0.145 0.143 0.141 0.14 0.138 0.136 0.135 0.133 0.113 0.076 0.039 0.004 0.003 0.002 0.0 0.0 0.0 0.0 0.0 0.0 0.0 0.0 0.0 0.0 0.0 0.0 0.0 0.0 0.0 0.0 0.0 0.0 0.0 0.0 0.0 0.0 0.0 0.0 0.0 0.0 0.0 0.0 0.0 0.0 0.0 0.0 0.0 0.0 0.0 0.0 0.0 0.0 0.0 0.0 0.0 0.0 0.0 0.0 0.0 0.0 0.0 0.0 0.0
0.533 0.529 0.529 0.539 0.549 0.559 0.57 0.58 0.59 0.601 0.611 0.621 0.631 0.642 0.648 0.654 0.661 0.667 0.673 0.682 0.691 0.701 0.71 0.719 0.72 0.718 0.717 0.715 0.713 0.712 0.71 0.709 0.707 0.706 0.704 0.688 0.651 0.614 0.577 0.54 0.502 0.465 0.428 0.391 0.354 0.317 0.279 0.274 0.283 0.293 0.303 0.313 0.302 0.291 0.281 0.27 0.261 0.254 0.248 0.241 0.234 0.228 0.221 0.215 0.208 0.202 0.195 0.189 0.185 0.183 0.181 0.179 0.178 0.176 0.174 0.172 0.171 0.169 0.167 0.165 0.151 0.114 0.077 0.039 0.006 0.004 0.003 0.001 0.0 0.0 0.0 0.0 0.0 0.0 0.0 0.0 0.0 0.0 0.0 0.0 0.0 0.0 0.0 0.0 0.0 0.0 0.0 0.0 0.0 0.0 0.0 0.0 0.0 0.0 0.0 0.0 0.0 0.0 0.0 0.0 0.0 0.0 0.0 0.0 0.0 0.0 0.0 0.0 0.0 0.0 0.0 0.0 0.0 0.0 0.0 0.0
0.523 0.519 0.518 0.529 0.539 0.549 0.56 0.57 0.58 0.591 0.601 0.611 0.621 0.628 0.635 0.641 0.647 0.654 0.66 0.669 0.678 0.687 0.697 0.706 0.715 0.713 0.712 0.71 0.709 0.707 0.706 0.704 0.703 0.701 0.7 0.683 0.646 0.609 0.571 0.534 0.497 0.46 0.423 0.386 0.348 0.311 0.298 0.308 0.318 0.328 0.337 0.347 0.337 0.326 0.315 0.304 0.293 0.285 0.278 0.272 0.265 0.259 0.252 0.246 0.239 0.233 0.226 0.219 0.216 0.214 0.212 0.21 0.209 0.207 0.205 0.203 0.202 0.2 0.198 0.189 0.152 0.114 0.077 0.04 0.007 0.005 0.004 0.003 0.001 0.0 0.0 0.0 0.0 0.0 0.0 0.0 0.0 0.0 0.0 0.0 0.0 0.0 0.0 0.0 0.0 0.0 0.0 0.0 0.0 0.0 0.0 0.0 0.0 0.0 0.0 0.0 0.0 0.0 0.0 0.0 0.0 0.0 0.0 0.0 0.0 0.0 0.0 0.0 0.0 0.0 0.0 0.0 0.0 0.0 0.0 0.0
0.512 0.508 0.508 0.519 0.529 0.539 0.55 0.56 0.57 0.58 0.591 0.601 0.609 0.615 0.621 0.627 0.634 0.64 0.646 0.655 0.665 0.674 0.683 0.692 0.702 0.708 0.707 0.705 0.704 0.702 0.701 0.699 0.698 0.696 0.695 0.678 0.64 0.603 0.566 0.529 0.492 0.454 0.417 0.38 0.343 0.323 0.333 0.343 0.353 0.362 0.372 0.382 0.371 0.36 0.349 0.338 0.327 0.317 0.309 0.303 0.296 0.29 0.283 0.277 0.27 0.263 0.257 0.25 0.247 0.245 0.243 0.241 0.24 0.238 0.236 0.234 0.233 0.231 0.227 0.19 0.152 0.115 0.078 0.04 0.008 0.006 0.005 0.004 0.002 0.001 0.0 0.0 0.0 0.0 0.0 0.0 0.0 0.0 0.0 0.0 0.0 0.0 0.0 0.0 0.0 0.0 0.0 0.0 0.0 0.0 0.0 0.0 0.0 0.0 0.0 0.0 0.0 0.0 0.0 0.0 0.0 0.0 0.0 0.0 0.0 0.0 0.0 0.0 0.0 0.0 0.0 0.0 0.0 0.0 0.0 0.0
0.502 0.498 0.498 0.509 0.519 0.529 0.54 0.55 0.56 0.57 0.581 0.589 0.595 0.601 0.608 0.614 0.62 0.627 0.633 0.642 0.651 0.66 0.67 0.679 0.688 0.698 0.702 0.701 0.699 0.698 0.696 0.695 0.693 0.691 0.69 0.672 0.635 0.598 0.561 0.523 0.486 0.449 0.412 0.375 0.348 0.358 0.368 0.377 0.387 0.397 0.407 0.416 0.405 0.394 0.383 0.373 0.362 0.351 0.34 0.334 0.327 0.32 0.314 0.307 0.301 0.294 0.288 0.281 0.277 0.276 0.274 0.272 0.27 0.269 0.267 0.265 0.263 0.262 0.228 0.19 0.153 0.115 0.078 0.041 0.009 0.008 0.006 0.005 0.003 0.002 0.001 0.0 0.0 0.0 0.0 0.0 0.0 0.0 0.0 0.0 0.0 0.0 0.0 0.0 0.0 0.0 0.0 0.0 0.0 0.0 0.0 0.0 0.0 0.0 0.0 0.0 0.0 0.0 0.0 0.0 0.0 0.0 0.0 0.0 0.0 0.0 0.0 0.0 0.0 0.0 0.0 0.0 0.0 0.0 0.0 0.0
0.492 0.488 0.488 0.499 0.509 0.519 0.529 0.54 0.55 0.56 0.569 0.575 0.582 0.588 0.594 0.601 0.607 0.613 0.619 0.628 0.638 0.647 0.656 0.666 0.675 0.684 0.694 0.696 0.694 0.693 0.691 0.69 0.688 0.687 0.685 0.667 0.63 0.592 0.555 0.518 0.481 0.444 0.407 0.373 0.383 0.392 0.402 0.412 0.422 0.431 0.441 0.45 0.439 0.428 0.418 0.407 0.396 0.385 0.374 0.364 0.358 0.351 0.345 0.338 0.332 0.325 0.319 0.312 0.308 0.307 0.305 0.303 0.301 0.3 0.298 0.296 0.294 0.266 0.228 0.191 0.153 0.116 0.079 0.041 0.01 0.009 0.007 0.006 0.004 0.003 0.002 0.0 0.0 0.0 0.0 0.0 0.0 0.0 0.0 0.0 0.0 0.0 0.0 0.0 0.0 0.0 0.0 0.0 0.0 0.0 0.0 0.0 0.0 0.0 0.0 0.0 0.0 0.0 0.0 0.0 0.0 0.0 0.0 0.0 0.0 0.0 0.0 0.0 0.0 0.0 0.0 0.0 0.0 0.0 0.0 0.0
0.482 0.477 0.478 0.488 0.499 0.509 0.519 0.53 0.54 0.549 0.556 0.562 0.568 0.574 0.581 0.587 0.593 0.6 0.606 0.615 0.624 0.634 0.643 0.652 0.661 0.671 0.68 0.689 0.689 0.688 0.686 0.685 0.683 0.682 0.68 0.661 0.624 0.587 0.55 0.513 0.475 0.438 0.401 0.407 0.417 0.427 0.437 0.447 0.456 0.466 0.476 0.484 0.474 0.463 0.452 0.441 0.43 0.419 0.409 0.398 0.389 0.382 0.376 0.369 0.363 0.356 0.349 0.343 0.339 0.338 0.336 0.334 0.332 0.331 0.329 0.327 0.304 0.266 0.229 0.191 0.154 0.116 0.079 0.042 0.011 0.01 0.008 0.007 0.006 0.004 0.003 0.001 0.0 0.0 0.0 0.0 0.0 0.0 0.0 0.0 0.0 0.0 0.0 0.0 0.0 0.0 0.0 0.0 0.0 0.0 0.0 0.0 0.0 0.0 0.0 0.0 0.0 0.0 0.0 0.0 0.0 0.0 0.0 0.0 0.0 0.0 0.0 0.0 0.0 0.0 0.0 0.0 0.0 0.0 0.0 0.0
0.471 0.467 0.468 0.478 0.489 0.499 0.509 0.52 0.53 0.536 0.542 0.548 0.555 0.561 0.567 0.574 0.58 0.586 0.592 0.602 0.611 0.62 0.629 0.639 0.648 0.657 0.667 0.676 0.685 0.683 0.682 0.68 0.679 0.677 0.676 0.656 0.619 0.582 0.544 0.507 0.47 0.433 0.432 0.442 0.452 0.462 0.471 0.481 0.491 0.501 0.51 0.519 0.508 0.497 0.486 0.475 0.465 0.454 0.443 0.432 0.421 0.413 0.406 0.4 0.393 0.387 0.38 0.374 0.37 0.368 0.367 0.365 0.363 0.362 0.36 0.342 0.304 0.267 0.229 0.192 0.154 0.117 0.08 0.042 0.012 0.011 0.01 0.008 0.007 0.005 0.004 0.003 0.001 0.0 0.0 0.0 0.0 0.0 0.0 0.0 0.0 0.0 0.0 0.0 0.0 0.0 0.0 0.0 0.0 0.0 0.0 0.0 0.0 0.0 0.0 0.0 0.0 0.0 0.0 0.0 0.0 0.0 0.0 0.0 0.0 0.0 0.0 0.0 0.0 0.0 0.0 0.0 0.0 0.0 0.0 0.0
0.461 0.457 0.458 0.468 0.479 0.489 0.499 0.51 0.516 0.522 0.529 0.535 0.541 0.548 0.554 0.56 0.566 0.573 0.579 0.588 0.597 0.607 0.616 0.625 0.635 0.644 0.653 0.663 0.672 0.678 0.677 0.675 0.674 0.672 0.671 0.651 0.613 0.576 0.539 0.502 0.465 0.457 0.467 0.477 0.486 0.496 0.506 0.516 0.526 0.535 0.545 0.553 0.542 0.531 0.52 0.51 0.499 0.488 0.477 0.466 0.455 0.445 0.437 0.431 0.424 0.418 0.411 0.405 0.401 0.399 0.398 0.396 0.394 0.392 0.38 0.342 0.305 0.267 0.23 0.192 0.155 0.118 0.08 0.043 0.013 0.012 0.011 0.009 0.008 0.006 0.005 0.004 0.002 0.001 0.0 0.0 0.0 0.0 0.0 0.0 0.0 0.0 0.0 0.0 0.0 0.0 0.0 0.0 0.0 0.0 0.0 0.0 0.0 0.0 0.0 0.0 0.0 0.0 0.0 0.0 0.0 0.0 0.0 0.0 0.0 0.0 0.0 0.0 0.0 0.0 0.0 0.0 0.0 0.0 0.0 0.0
0.451 0.446 0.448 0.458 0.469 0.479 0.489 0.496 0.503 0.509 0.515 0.521 0.528 0.534 0.54 0.547 0.553 0.559 0.565 0.575 0.584 0.593 0.603 0.612 0.621 0.63 0.64 0.649 0.658 0.668 0.672 0.67 0.669 0.667 0.666 0.645 0.608 0.571 0.534 0.496 0.482 0.492 0.501 0.511 0.521 0.531 0.541 0.55 0.56 0.57 0.58 0.587 0.576 0.566 0.555 0.544 0.533 0.522 0.511 0.501 0.49 0.479 0.468 0.462 0.455 0.449 0.442 0.435 0.432 0.43 0.429 0.427 0.425 0.417 0.38 0.343 0.305 0.268 0.23 0.193 0.155 0.118 0.081 0.043 0.015 0.013 0.012 0.01 0.009 0.008 0.006 0.005 0.003 0.002 0.001 0.0 0.0 0.0 0.0 0.0 0.0 0.0 0.0 0.0 0.0 0.0 0.0 0.0 0.0 0.0 0.0 0.0 0.0 0.0 0.0 0.0 0.0 0.0 0.0 0.0 0.0 0.0 0.0 0.0 0.0 0.0 0.0 0.0 0.0 0.0 0.0 0.0 0.0 0.0 0.0 0.0
0.44 0.436 0.438 0.448 0.459 0.469 0.477 0.483 0.489 0.495 0.502 0.508 0.514 0.521 0.527 0.533 0.539 0.546 0.552 0.561 0.571 0.58 0.589 0.598 0.608 0.617 0.626 0.636 0.645 0.654 0.664 0.666 0.664 0.663 0.661 0.64 0.603 0.565 0.528 0.507 0.517 0.526 0.536 0.546 0.556 0.565 0.575 0.585 0.595 0.604 0.614 0.621 0.611 0.6 0.589 0.578 0.567 0.556 0.546 0.535 0.524 0.513 0.502 0.492 0.486 0.479 0.473 0.466 0.463 0.461 0.46 0.458 0.455 0.418 0.381 0.343 0.306 0.268 0.231 0.193 0.156 0.119 0.081 0.044 0.016 0.014 0.013 0.011 0.01 0.009 0.007 0.006 0.004 0.003 0.002 0.0 0.0 0.0 0.0 0.0 0.0 0.0 0.0 0.0 0.0 0.0 0.0 0.0 0.0 0.0 0.0 0.0 0.0 0.0 0.0 0.0 0.0 0.0 0.0 0.0 0.0 0.0 0.0 0.0 0.0 0.0 0.0 0.0 0.0 0.0 0.0 0.0 0.0 0.0 0.0 0.0
0.43 0.426 0.428 0.438 0.448 0.457 0.463 0.469 0.476 0.482 0.488 0.495 0.501 0.507 0.513 0.52 0.526 0.532 0.539 0.548 0.557 0.566 0.576 0.585 0.594 0.604 0.613 0.622 0.632 0.641 0.65 0.659 0.659 0.658 0.656 0.634 0.597 0.56 0.532 0.541 0.551 0.561 0.571 0.58 0.59 0.6 0.61 0.62 0.629 0.639 0.649 0.656 0.645 0.634 0.623 0.612 0.602 0.591 0.58 0.569 0.558 0.547 0.537 0.526 0.517 0.51 0.504 0.497 0.494 0.492 0.49 0.489 0.456 0.418 0.381 0.344 0.306 0.269 0.231 0.194 0.156 0.119 0.082 0.044 0.017 0.015 0.014 0.013 0.011 0.01 0.008 0.007 0.006 0.004 0.003 0.001 0.0 0.0 0.0 0.0 0.0 0.0 0.0 0.0 0.0 0.0 0.0 0.0 0.0 0.0 0.0 0.0 0.0 0.0 0.0 0.0 0.0 0.0 0.0 0.0 0.0 0.0 0.0 0.0 0.0 0.0 0.0 0.0 0.0 0.0 0.0 0.0 0.0 0.0 0.0 0.0
0.42 0.416 0.418 0.428 0.437 0.443 0.45 0.456 0.462 0.468 0.475 0.481 0.487 0.494 0.5 0.506 0.512 0.519 0.525 0.534 0.544 0.553 0.562 0.572 0.581 0.59 0.599 0.609 0.618 0.627 0.637 0.646 0.655 0.653 0.651 0.629 0.592 0.556 0.566 0.576 0.586 0.595 0.605 0.615 0.625 0.635 0.644 0.654 0.664 0.674 0.683 0.69 0.679 0.668 0.657 0.647 0.636 0.625 0.614 0.603 0.592 0.582 0.571 0.56 0.549 0.541 0.535 0.528 0.525 0.523 0.521 0.494 0.456 0.419 0.382 0.344 0.307 0.269 0.232 0.194 0.157 0.12 0.082 0.045 0.018 0.016 0.015 0.014 0.012 0.011 0.009 0.008 0.007 0.005 0.004 0.002 0.001 0.0 0.0 0.0 0.0 0.0 0.0 0.0 0.0 0.0 0.0 0.0 0.0 0.0 0.0 0.0 0.0 0.0 0.0 0.0 0.0 0.0 0.0 0.0 0.0 0.0 0.0 0.0 0.0 0.0 0.0 0.0 0.0 0.0 0.0 0.0 0.0 0.0 0.0 0.0
0.409 0.405 0.408 0.417 0.424 0.43 0.436 0.442 0.449 0.455 0.461 0.468 0.474 0.48 0.486 0.493 0.499 0.505 0.512 0.521 0.53 0.54 0.549 0.558 0.567 0.577 0.586 0.595 0.605 0.614 0.623 0.633 0.642 0.648 0.647 0.624 0.586 0.591 0.601 0.611 0.62 0.63 0.64 0.65 0.659 0.669 0.679 0.689 0.699 0.708 0.718 0.724 0.713 0.703 0.692 0.681 0.67 0.659 0.648 0.638 0.627 0.616 0.605 0.594 0.583 0.573 0.565 0.559 0.556 0.554 0.532 0.494 0.457 0.42 0.382 0.345 0.307 0.27 0.232 0.195 0.157 0.12 0.083 0.045 0.019 0.018 0.016 0.015 0.013 0.012 0.011 0.009 0.008 0.006 0.005 0.004 0.002 0.001 0.0 0.0 0.0 0.0 0.0 0.0 0.0 0.0 0.0 0.0 0.0 0.0 0.0 0.0 0.0 0.0 0.0 0.0 0.0 0.0 0.0 0.0 0.0 0.0 0.0 0.0 0.0 0.0 0.0 0.0 0.0 0.0 0.0 0.0 0.0 0.0 0.0 0.0
0.399 0.395 0.397 0.404 0.41 0.416 0.423 0.429 0.435 0.441 0.448 0.454 0.46 0.467 0.473 0.479 0.486 0.492 0.498 0.508 0.517 0.526 0.535 0.545 0.554 0.563 0.573 0.582 0.591 0.601 0.61 0.619 0.628 0.638 0.642 0.618 0.616 0.626 0.635 0.645 0.655 0.665 0.674 0.684 0.694 0.704 0.714 0.723 0.733 0.743 0.753 0.759 0.748 0.737 0.726 0.715 0.704 0.693 0.683 0.672 0.661 0.65 0.639 0.628 0.618 0.607 0.596 0.59 0.587 0.57 0.532 0.495 0.457 0.42 0.383 0.345 0.308 0.27 0.233 0.195 0.158 0.121 0.083 0.046 0.02 0.019 0.017 0.016 0.015 0.013 0.012 0.01 0.009 0.008 0.006 0.005 0.003 0.002 0.001 0.0 0.0 0.0 0.0 0.0 0.0 0.0 0.0 0.0 0.0 0.0 0.0 0.0 0.0 0.0 0.0 0.0 0.0 0.0 0.0 0.0 0.0 0.0 0.0 0.0 0.0 0.0 0.0 0.0 0.0 0.0 0.0 0.0 0.0 0.0 0.0 0.0
0.407 0.402 0.402 0.408 0.414 0.419 0.425 0.431 0.436 0.442 0.448 0.453 0.459 0.465 0.47 0.476 0.482 0.487 0.488 0.496 0.505 0.515 0.524 0.533 0.542 0.551 0.56 0.569 0.578 0.587 0.597 0.606 0.615 0.624 0.634 0.641 0.65 0.66 0.67 0.68 0.69 0.699 0.709 0.719 0.729 0.738 0.748 0.758 0.768 0.777 0.787 0.793 0.782 0.771 0.76 0.749 0.739 0.728 0.717 0.706 0.695 0.684 0.674 0.663 0.652 0.641 0.63 0.621 0.608 0.57 0.533 0.495 0.458 0.421 0.383 0.346 0.308 0.271 0.233 0.196 0.159 0.121 0.084 0.046 0.021 0.02 0.018 0.017 0.016 0.014 0.013 0.011 0.01 0.009 0.007 0.006 0.004 0.003 0.002 0.0 0.0 0.0 0.0 0.0 0.0 0.0 0.0 0.0 0.0 0.0 0.0 0.0 0.0 0.0 0.0 0.0 0.0 0.0 0.0 0.0 0.0 0.0 0.0 0.0 0.0 0.0 0.0 0.0 0.0 0.0 0.0 0.0 0.0 0.0 0.0 0.0
0.433 0.428 0.429 0.434 0.44 0.445 0.451 0.457 0.462 0.468 0.474 0.479 0.485 0.491 0.496 0.502 0.508 0.511 0.496 0.494 0.503 0.513 0.522 0.531 0.54 0.549 0.558 0.567 0.576 0.585 0.595 0.604 0.613 0.622 0.631 0.641 0.651 0.662 0.672 0.682 0.693 0.703 0.714 0.724 0.734 0.745 0.755 0.765 0.776 0.786 0.797 0.792 0.788 0.778 0.768 0.758 0.748 0.738 0.728 0.718 0.707 0.697 0.687 0.677 0.667 0.657 0.647 0.636 0.605 0.567 0.53 0.493 0.456 0.418 0.381 0.344 0.306 0.269 0.232 0.195 0.157 0.12 0.083 0.045 0.026 0.024 0.022 0.02 0.018 0.016 0.015 0.013 0.011 0.01 0.008 0.007 0.006 0.004 0.003 0.001 0.0 0.0 0.0 0.0 0.0 0.0 0.0 0.0 0.0 0.0 0.0 0.0 0.0 0.0 0.0 0.0 0.0 0.0 0.0 0.0 0.0 0.0 0.0 0.0 0.0 0.0 0.0 0.0 0.0 0.0 0.0 0.0 0.0 0.0 0.0 0.0
0.459 0.454 0.455 0.46 0.466 0.472 0.477 0.483 0.489 0.494 0.5 0.505 0.511 0.517 0.522 0.528 0.534 0.518 0.503 0.5 0.501 0.511 0.52 0.529 0.538 0.547 0.556 0.565 0.574 0.583 0.593 0.602 0.611 0.62 0.629 0.639 0.649 0.66 0.67 0.68 0.691 0.701 0.712 0.722 0.732 0.743 0.753 0.763 0.774 0.784 0.778 0.769 0.778 0.771 0.76 0.75 0.74 0.73 0.72 0.71 0.7 0.689 0.679 0.669 0.659 0.649 0.639 0.629 0.596 0.559 0.522 0.485 0.447 0.41 0.373 0.335 0.298 0.261 0.224 0.186 0.149 0.112 0.074 0.051 0.054 0.052 0.05 0.048 0.046 0.045 0.043 0.041 0.039 0.037 0.035 0.033 0.032 0.03 0.028 0.026 0.002 0.0 0.0 0.0 0.0 0.0 0.0 0.0 0.0 0.0 0.0 0.0 0.0 0.0 0.0 0.0 0.0 0.0 0.0 0.0 0.0 0.0 0.0 0.0 0.0 0.0 0.0 0.0 0.0 0.0 0.0 0.0 0.0 0.0 0.0 0.0
0.485 0.48 0.481 0.486 0.492 0.498 0.503 0.509 0.515 0.52 0.526 0.532 0.537 0.543 0.549 0.554 0.542 0.525 0.51 0.508 0.505 0.509 0.518 0.527 0.536 0.545 0.554 0.563 0.572 0.581 0.591 0.6 0.609 0.618 0.627 0.637 0.647 0.658 0.668 0.678 0.689 0.699 0.71 0.72 0.73 0.741 0.751 0.761 0.772 0.77 0.755 0.746 0.755 0.763 0.753 0.742 0.732 0.722 0.712 0.702 0.692 0.682 0.671 0.661 0.651 0.641 0.631 0.621 0.588 0.551 0.514 0.476 0.439 0.402 0.364 0.327 0.29 0.253 0.215 0.178 0.141 0.103 0.074 0.079 0.082 0.08 0.078 0.077 0.075 0.073 0.071 0.069 0.067 0.065 0.064 0.062 0.06 0.058 0.056 0.037 0.002 0.0 0.0 0.0 0.0 0.0 0.0 0.0 0.0 0.0 0.0 0.0 0.0 0.0 0.0 0.0 0.0 0.0 0.0 0.0 0.0 0.0 0.0 0.0 0.0 0.0 0.0 0.0 0.0 0.0 0.0 0.0 0.0 0.0 0.0 0.0
0.51 0.506 0.507 0.512 0.518 0.524 0.529 0.535 0.541 0.546 0.552 0.558 0.563 0.569 0.575 0.566 0.549 0.532 0.517 0.515 0.512 0.51 0.516 0.525 0.534 0.543 0.552 0.561 0.57 0.579 0.589 0.598 0.607 0.616 0.625 0.635 0.645 0.656 0.666 0.676 0.687 0.697 0.708 0.718 0.728 0.739 0.749 0.759 0.761 0.746 0.731 0.723 0.732 0.741 0.745 0.735 0.724 0.714 0.704 0.694 0.684 0.674 0.664 0.653 0.643 0.633 0.623 0.613 0.58 0.543 0.505 0.468 0.431 0.393 0.356 0.319 0.282 0.244 0.207 0.17 0.132 0.096 0.102 0.108 0.11 0.108 0.107 0.105 0.103 0.101 0.099 0.097 0.095 0.094 0.092 0.09 0.088 0.086 0.072 0.037 0.001 0.0 0.0 0.0 0.0 0.0 0.0 0.0 0.0 0.0 0.0 0.0 0.0 0.0 0.0 0.0 0.0 0.0 0.0 0.0 0.0 0.0 0.0 0.0 0.0 0.0 0.0 0.0 0.0 0.0 0.0 0.0 0.0 0.0 0.0 0.0
0.536 0.532 0.533 0.538 0.544 0.55 0.555 0.561 0.567 0.572 0.578 0.584 0.589 0.595 0.589 0.573 0.556 0.539 0.524 0.522 0.52 0.517 0.515 0.523 0.532 0.541 0.55 0.559 0.568 0.577 0.587 0.596 0.605 0.614 0.623 0.633 0.643 0.654 0.664 0.674 0.685 0.695 0.706 0.716 0.726 0.737 0.747 0.752 0.738 0.723 0.708 0.7 0.709 0.718 0.727 0.727 0.717 0.706 0.696 0.686 0.676 0.666 0.656 0.646 0.635 0.625 0.615 0.605 0.572 0.534 0.497 0.46 0.422 0.385 0.348 0.311 0.273 0.236 0.199 0.161 0.124 0.125 0.13 0.136 0.138 0.137 0.135 0.133 0.131 0.129 0.127 0.125 0.124 0.122 0.12 0.118 0.116 0.107 0.071 0.036 0.001 0.001 0.001 0.001 0.001 0.001 0.001 0.001 0.001 0.001 0.001 0.001 0.001 0.001 0.0 0.0 0.0 0.0 0.0 0.0 0.0 0.0 0.0 0.0 0.0 0.0 0.0 0.0 0.0 0.0 0.0 0.0 0.0 0.0 0.0 0.0
0.562 0.557 0.559 0.564 0.57 0.576 0.581 0.587 0.593 0.598 0.604 0.61 0.615 0.613 0.596 0.58 0.563 0.546 0.532 0.529 0.527 0.524 0.522 0.521 0.53 0.539 0.548 0.557 0.566 0.575 0.585 0.594 0.603 0.612 0.621 0.631 0.641 0.652 0.662 0.672 0.683 0.693 0.704 0.714 0.724 0.735 0.744 0.729 0.714 0.699 0.684 0.677 0.686 0.695 0.704 0.713 0.709 0.699 0.688 0.678 0.668 0.658 0.648 0.638 0.628 0.618 0.607 0.597 0.563 0.526 0.489 0.451 0.414 0.377 0.34 0.302 0.265 0.228 0.19 0.153 0.147 0.153 0.159 0.164 0.167 0.165 0.163 0.161 0.159 0.157 0.155 0.154 0.152 0.15 0.148 0.146 0.142 0.106 0.071 0.036 0.001 0.001 0.001 0.001 0.001 0.001 0.001 0.001 0.001 0.001 0.001 0.001 0.001 0.001 0.0 0.0 0.0 0.0 0.0 0.0 0.0 0.0 0.0 0.0 0.0 0.0 0.0 0.0 0.0 0.0 0.0 0.0 0.0 0.0 0.0 0.0
0.588 0.583 0.585 0.591 0.596 0.602 0.608 0.613 0.619 0.624 0.63 0.636 0.637 0.62 0.603 0.587 0.57 0.553 0.539 0.536 0.534 0.532 0.529 0.527 0.528 0.537 0.546 0.555 0.564 0.573 0.582 0.592 0.601 0.61 0.619 0.629 0.639 0.65 0.66 0.67 0.681 0.691 0.702 0.712 0.722 0.733 0.72 0.705 0.691 0.676 0.661 0.653 0.663 0.672 0.681 0.69 0.699 0.691 0.681 0.671 0.66 0.65 0.64 0.63 0.62 0.61 0.6 0.589 0.555 0.518 0.48 0.443 0.406 0.369 0.331 0.294 0.257 0.219 0.182 0.17 0.176 0.181 0.187 0.193 0.195 0.193 0.191 0.189 0.187 0.185 0.184 0.182 0.18 0.178 0.176 0.174 0.141 0.106 0.071 0.035 0.001 0.001 0.001 0.001 0.001 0.001 0.001 0.001 0.001 0.001 0.001 0.001 0.001 0.001 0.0 0.0 0.0 0.0 0.0 0.0 0.0 0.0 0.0 0.0 0.0 0.0 0.0 0.0 0.0 0.0 0.0 0.0 0.0 0.0 0.0 0.0
0.614 0.609 0.611 0.617 0.622 0.628 0.634 0.639 0.645 0.651 0.656 0.661 0.644 0.627 0.61 0.594 0.577 0.56 0.546 0.544 0.541 0.539 0.536 0.534 0.531 0.535 0.544 0.553 0.562 0.571 0.58 0.59 0.599 0.608 0.617 0.627 0.637 0.648 0.658 0.668 0.679 0.689 0.7 0.71 0.72 0.712 0.697 0.682 0.667 0.652 0.637 0.63 0.639 0.649 0.658 0.667 0.676 0.683 0.673 0.663 0.653 0.642 0.632 0.622 0.612 0.602 0.592 0.582 0.547 0.509 0.472 0.435 0.398 0.36 0.323 0.286 0.248 0.211 0.193 0.198 0.204 0.21 0.215 0.221 0.223 0.221 0.219 0.217 0.216 0.214 0.212 0.21 0.208 0.206 0.204 0.176 0.141 0.106 0.07 0.035 0.001 0.001 0.001 0.001 0.001 0.001 0.001 0.001 0.001 0.001 0.001 0.001 0.001 0.001 0.0 0.0 0.0 0.0 0.0 0.0 0.0 0.0 0.0 0.0 0.0 0.0 0.0 0.0 0.0 0.0 0.0 0.0 0.0 0.0 0.0 0.0
0.64 0.635 0.637 0.643 0.648 0.654 0.66 0.665 0.671 0.677 0.682 0.668 0.651 0.634 0.617 0.601 0.584 0.567 0.553 0.551 0.548 0.546 0.543 0.541 0.539 0.536 0.542 0.551 0.56 0.569 0.578 0.588 0.597 0.606 0.615 0.625 0.635 0.646 0.656 0.667 0.677 0.687 0.698 0.708 0.703 0.688 0.673 0.658 0.643 0.629 0.614 0.607 0.616 0.625 0.634 0.644 0.653 0.662 0.665 0.655 0.645 0.635 0.624 0.614 0.604 0.594 0.584 0.574 0.538 0.501 0.464 0.427 0.389 0.352 0.315 0.277 0.24 0.215 0.221 0.227 0.232 0.238 0.244 0.249 0.251 0.249 0.247 0.246 0.244 0.242 0.24 0.238 0.236 0.234 0.211 0.176 0.141 0.105 0.07 0.034 0.001 0.001 0.001 0.001 0.001 0.001 0.001 0.001 0.001 0.001 0.001 0.001 0.001 0.001 0.0 0.0 0.0 0.0 0.0 0.0 0.0 0.0 0.0 0.0 0.0 0.0 0.0 0.0 0.0 0.0 0.0 0.0 0.0 0.0 0.0 0.0
0.666 0.661 0.663 0.669 0.674 0.68 0.686 0.691 0.697 0.703 0.691 0.675 0.658 0.641 0.624 0.608 0.591 0.574 0.56 0.558 0.556 0.553 0.551 0.548 0.546 0.543 0.541 0.549 0.558 0.567 0.576 0.586 0.595 0.604 0.613 0.623 0.633 0.644 0.654 0.665 0.675 0.685 0.696 0.694 0.68 0.665 0.65 0.635 0.62 0.605 0.59 0.584 0.593 0.602 0.611 0.62 0.629 0.639 0.648 0.647 0.637 0.627 0.617 0.606 0.596 0.586 0.576 0.566 0.53 0.493 0.456 0.418 0.381 0.344 0.306 0.269 0.238 0.244 0.249 0.255 0.261 0.266 0.272 0.277 0.279 0.277 0.276 0.274 0.272 0.27 0.268 0.266 0.264 0.246 0.211 0.176 0.14 0.105 0.069 0.034 0.001 0.001 0.001 0.001 0.001 0.001 0.001 0.001 0.001 0.001 0.001 0.001 0.001 0.001 0.0 0.0 0.0 0.0 0.0 0.0 0.0 0.0 0.0 0.0 0.0 0.0 0.0 0.0 0.0 0.0 0.0 0.0 0.0 0.0 0.0 0.0
0.692 0.687 0.689 0.695 0.7 0.706 0.712 0.717 0.723 0.715 0.698 0.682 0.665 0.648 0.631 0.615 0.598 0.581 0.568 0.565 0.563 0.56 0.558 0.555 0.553 0.551 0.548 0.547 0.556 0.565 0.574 0.584 0.593 0.602 0.611 0.621 0.631 0.642 0.652 0.663 0.673 0.683 0.686 0.671 0.656 0.641 0.626 0.611 0.596 0.581 0.567 0.561 0.57 0.579 0.588 0.597 0.606 0.615 0.624 0.634 0.629 0.619 0.609 0.599 0.588 0.578 0.568 0.558 0.522 0.485 0.447 0.41 0.373 0.335 0.298 0.261 0.266 0.272 0.278 0.283 0.289 0.295 0.3 0.306 0.307 0.306 0.304 0.302 0.3 0.298 0.296 0.294 0.281 0.246 0.21 0.175 0.14 0.104 0.069 0.033 0.002 0.002 0.002 0.002 0.002 0.002 0.002 0.002 0.002 0.001 0.001 0.001 0.001 0.001 0.0 0.0 0.0 0.0 0.0 0.0 0.0 0.0 0.0 0.0 0.0 0.0 0.0 0.0 0.0 0.0 0.0 0.0 0.0 0.0 0.0 0.0
0.718 0.713 0.715 0.721 0.726 0.732 0.738 0.743 0.739 0.722 0.705 0.689 0.672 0.655 0.638 0.621 0.605 0.588 0.575 0.572 0.57 0.567 0.565 0.563 0.56 0.558 0.555 0.553 0.554 0.563 0.572 0.582 0.591 0.6 0.609 0.619 0.629 0.64 0.65 0.661 0.671 0.677 0.662 0.647 0.633 0.618 0.603 0.588 0.573 0.558 0.543 0.538 0.547 0.556 0.565 0.574 0.583 0.592 0.601 0.61 0.619 0.611 0.601 0.591 0.581 0.57 0.56 0.55 0.514 0.476 0.439 0.402 0.364 0.327 0.29 0.289 0.295 0.3 0.306 0.312 0.317 0.323 0.328 0.334 0.336 0.334 0.332 0.33 0.328 0.326 0.324 0.316 0.281 0.245 0.21 0.175 0.139 0.104 0.068 0.033 0.002 0.002 0.002 0.002 0.002 0.002 0.002 0.002 0.002 0.001 0.001 0.001 0.001 0.001 0.0 0.0 0.0 0.0 0.0 0.0 0.0 0.0 0.0 0.0 0.0 0.0 0.0 0.0 0.0 0.0 0.0 0.0 0.0 0.0 0.0 0.0
0.744 0.739 0.741 0.747 0.753 0.758 0.764 0.763 0.746 0.729 0.712 0.696 0.679 0.662 0.645 0.628 0.612 0.595 0.582 0.58 0.577 0.575 0.572 0.57 0.567 0.565 0.562 0.56 0.558 0.561 0.57 0.58 0.589 0.598 0.607 0.617 0.627 0.638 0.648 0.659 0.669 0.654 0.639 0.624 0.609 0.594 0.579 0.564 0.549 0.534 0.519 0.515 0.524 0.533 0.542 0.551 0.56 0.569 0.578 0.587 0.596 0.603 0.593 0.583 0.573 0.563 0.553 0.542 0.505 0.468 0.431 0.393 0.356 0.319 0.312 0.317 0.323 0.329 0.334 0.34 0.345 0.351 0.357 0.362 0.364 0.362 0.36 0.358 0.356 0.355 0.351 0.316 0.28 0.245 0.21 0.174 0.139 0.103 0.068 0.033 0.002 0.002 0.002 0.002 0.002 0.002 0.002 0.002 0.002 0.001 0.001 0.001 0.001 0.001 0.0 0.0 0.0 0.0 0.0 0.0 0.0 0.0 0.0 0.0 0.0 0.0 0.0 0.0 0.0 0.0 0.0 0.0 0.0 0.0 0.0 0.0
0.769 0.765 0.767 0.773 0.779 0.784 0.786 0.77 0.753 0.736 0.719 0.703 0.686 0.669 0.652 0.635 0.619 0.602 0.589 0.587 0.584 0.582 0.579 0.577 0.575 0.572 0.57 0.567 0.565 0.562 0.568 0.577 0.587 0.596 0.605 0.615 0.625 0.636 0.646 0.657 0.645 0.63 0.615 0.6 0.585 0.571 0.556 0.541 0.526 0.511 0.496 0.492 0.501 0.51 0.519 0.528 0.537 0.546 0.555 0.564 0.573 0.582 0.585 0.575 0.565 0.555 0.545 0.534 0.497 0.46 0.422 0.385 0.348 0.334 0.34 0.346 0.351 0.357 0.363 0.368 0.374 0.379 0.385 0.391 0.392 0.39 0.388 0.386 0.385 0.383 0.351 0.315 0.28 0.245 0.209 0.174 0.138 0.103 0.067 0.032 0.002 0.002 0.002 0.002 0.002 0.002 0.002 0.002 0.002 0.001 0.001 0.001 0.001 0.001 0.0 0.0 0.0 0.0 0.0 0.0 0.0 0.0 0.0 0.0 0.0 0.0 0.0 0.0 0.0 0.0 0.0 0.0 0.0 0.0 0.0 0.0
0.795 0.79 0.793 0.799 0.805 0.81 0.793 0.777 0.76 0.743 0.726 0.709 0.693 0.676 0.659 0.642 0.626 0.609 0.596 0.594 0.592 0.589 0.587 0.584 0.582 0.579 0.577 0.574 0.572 0.57 0.567 0.575 0.585 0.594 0.603 0.613 0.623 0.634 0.644 0.636 0.622 0.607 0.592 0.577 0.562 0.547 0.532 0.517 0.502 0.487 0.472 0.468 0.477 0.487 0.496 0.505 0.514 0.523 0.532 0.541 0.55 0.559 0.568 0.567 0.557 0.547 0.537 0.526 0.489 0.451 0.414 0.377 0.357 0.363 0.368 0.374 0.38 0.385 0.391 0.396 0.402 0.408 0.413 0.419 0.42 0.418 0.416 0.415 0.413 0.386 0.35 0.315 0.28 0.244 0.209 0.173 0.138 0.102 0.067 0.032 0.002 0.002 0.002 0.002 0.002 0.002 0.002 0.002 0.002 0.001 0.001 0.001 0.001 0.001 0.0 0.0 0.0 0.0 0.0 0.0 0.0 0.0 0.0 0.0 0.0 0.0 0.0 0.0 0.0 0.0 0.0 0.0 0.0 0.0 0.0 0.0
0.821 0.816 0.819 0.825 0.831 0.817 0.8 0.784 0.767 0.75 0.733 0.716 0.7 0.683 0.666 0.649 0.633 0.616 0.604 0.601 0.599 0.596 0.594 0.591 0.589 0.587 0.584 0.582 0.579 0.577 0.574 0.573 0.583 0.592 0.601 0.611 0.621 0.632 0.628 0.613 0.598 0.583 0.568 0.553 0.538 0.523 0.509 0.494 0.479 0.464 0.449 0.445 0.454 0.463 0.472 0.482 0.491 0.5 0.509 0.518 0.527 0.536 0.545 0.554 0.549 0.539 0.529 0.518 0.48 0.443 0.406 0.38 0.385 0.391 0.397 0.402 0.408 0.413 0.419 0.425 0.43 0.436 0.442 0.447 0.448 0.446 0.445 0.443 0.421 0.385 0.35 0.315 0.279 0.244 0.208 0.173 0.137 0.102 0.067 0.031 0.002 0.002 0.002 0.002 0.002 0.002 0.002 0.002 0.002 0.001 0.001 0.001 0.001 0.001 0.0 0.0 0.0 0.0 0.0 0.0 0.0 0.0 0.0 0.0 0.0 0.0 0.0 0.0 0.0 0.0 0.0 0.0 0.0 0.0 0.0 0.0
