    600    136    276
0.439 0.467 0.496 0.524 0.552 0.58 0.598 0.636 0.679 0.721 0.764 0.807 0.85 0.892 0.935 0.978 1.02 1.063 1.106 1.148 1.191 1.234 1.277 1.462 1.661 1.86 2.059 2.258 2.457 2.657 2.856 3.055 3.254 3.453 3.652 3.851 4.05 4.249 4.448 4.81 5.396 5.983 6.569 7.156 7.742 8.324 8.906 9.487 10.069 10.65 11.232 11.813 12.395 12.976 13.558 14.139 14.64 15.137 15.634 16.131 16.628 17.125 17.622 18.119 18.616 19.114 19.611 20.108 20.605 21.102 21.599 22.096 22.663 23.155 23.647 24.139 24.631 25.124 25.616 26.108 26.6 27.092 27.584 28.076 28.569 29.061 29.553 30.045 30.724 31.111 31.498 31.886 32.273 32.66 33.047 33.435 33.822 34.209 34.597 34.984 35.371 35.758 36.146 36.533 37.07 37.799 38.344 38.845 39.345 39.846 40.347 40.847 41.348 41.848 42.349 42.849 43.35 43.851 44.351 44.852 45.352 45.851 46.322 46.793 47.264 47.735 48.206 48.677 49.147 49.618 50.089 50.56 51.031 51.502 51.973 52.444
0.42 0.448 0.476 0.504 0.533 0.561 0.578 0.584 0.627 0.669 0.712 0.755 0.798 0.84 0.883 0.926 0.968 1.011 1.054 1.097 1.139 1.182 1.225 1.412 1.612 1.811 2.01 2.209 2.408 2.607 2.806 3.005 3.204 3.403 3.603 3.802 4.001 4.2 4.362 4.681 5.268 5.854 6.441 7.027 7.614 8.2 8.787 9.373 9.96 10.546 11.133 11.719 12.306 12.892 13.479 13.929 14.364 14.871 15.377 15.883 16.39 16.896 17.402 17.908 18.415 18.921 19.427 19.934 20.44 20.946 21.452 21.959 22.432 22.932 23.431 23.931 24.43 24.93 25.43 25.929 26.429 26.929 27.428 27.928 28.428 28.927 29.427 29.927 30.424 30.814 31.205 31.595 31.986 32.376 32.767 33.157 33.548 33.938 34.329 34.719 35.11 35.5 35.891 36.281 36.672 37.122 37.623 38.123 38.624 39.125 39.625 40.126 40.626 41.127 41.627 42.128 42.629 43.129 43.63 44.13 44.631 45.129 45.6 46.071 46.542 47.013 47.484 47.955 48.426 48.896 49.367 49.838 50.309 50.78 51.251 51.722
0.401 0.429 0.457 0.485 0.513 0.541 0.559 0.561 0.575 0.618 0.66 0.703 0.746 0.788 0.831 0.874 0.917 0.959 1.002 1.045 1.087 1.13 1.173 1.363 1.562 1.761 1.96 2.159 2.359 2.558 2.757 2.956 3.155 3.354 3.553 3.752 3.951 4.128 4.225 4.553 5.14 5.726 6.313 6.899 7.485 8.072 8.658 9.245 9.831 10.418 11.004 11.591 12.177 12.764 13.244 13.626 14.031 14.487 14.994 15.5 16.006 16.512 17.019 17.525 18.031 18.538 19.044 19.55 20.056 20.563 21.069 21.575 22.044 22.494 22.993 23.493 23.993 24.492 24.992 25.492 25.991 26.491 26.991 27.49 27.99 28.489 28.989 29.489 29.984 30.374 30.765 31.155 31.546 31.937 32.327 32.718 33.108 33.499 33.889 34.28 34.67 35.061 35.451 35.842 36.279 36.792 37.292 37.786 38.28 38.773 39.267 39.761 40.255 40.749 41.242 41.736 42.23 42.724 43.217 43.711 44.205 44.696 45.16 45.624 46.088 46.552 47.016 47.48 47.944 48.408 48.872 49.336 49.8 50.264 50.728 51.192
0.382 0.41 0.438 0.466 0.494 0.522 0.539 0.541 0.544 0.566 0.608 0.651 0.694 0.736 0.779 0.822 0.865 0.907 0.95 0.993 1.035 1.078 1.121 1.314 1.513 1.712 1.911 2.11 2.309 2.508 2.707 2.906 3.105 3.305 3.504 3.703 3.894 3.992 4.089 4.425 5.011 5.598 6.184 6.771 7.357 7.944 8.53 9.117 9.703 10.289 10.876 11.462 12.049 12.559 12.941 13.323 13.728 14.133 14.61 15.116 15.623 16.129 16.635 17.141 17.648 18.154 18.66 19.167 19.673 20.179 20.685 21.192 21.659 22.092 22.556 23.055 23.555 24.055 24.554 25.054 25.553 26.053 26.553 27.052 27.552 28.052 28.551 29.051 29.544 29.935 30.325 30.716 31.106 31.497 31.887 32.278 32.668 33.059 33.45 33.84 34.231 34.621 35.012 35.432 35.939 36.452 36.97 37.465 37.959 38.453 38.946 39.44 39.934 40.428 40.922 41.415 41.909 42.403 42.897 43.391 43.884 44.375 44.839 45.303 45.767 46.231 46.695 47.159 47.623 48.087 48.551 49.015 49.479 49.943 50.407 50.871
0.363 0.391 0.419 0.447 0.475 0.503 0.52 0.522 0.524 0.526 0.556 0.599 0.642 0.685 0.727 0.77 0.813 0.855 0.898 0.941 0.983 1.026 1.069 1.264 1.463 1.662 1.861 2.061 2.26 2.459 2.658 2.857 3.056 3.255 3.454 3.653 3.758 3.855 3.953 4.296 4.883 5.469 6.056 6.642 7.229 7.815 8.402 8.988 9.575 10.161 10.748 11.334 11.874 12.256 12.638 13.02 13.425 13.83 14.235 14.733 15.239 15.745 16.252 16.758 17.264 17.771 18.277 18.783 19.289 19.796 20.302 20.808 21.274 21.708 22.141 22.618 23.117 23.617 24.116 24.616 25.116 25.615 26.115 26.615 27.114 27.614 28.114 28.613 29.105 29.495 29.886 30.276 30.667 31.057 31.448 31.838 32.229 32.619 33.01 33.4 33.791 34.181 34.585 35.092 35.599 36.112 36.63 37.144 37.638 38.132 38.626 39.12 39.613 40.107 40.601 41.095 41.589 42.082 42.576 43.07 43.564 44.054 44.518 44.982 45.446 45.91 46.374 46.838 47.302 47.766 48.23 48.694 49.158 49.622 50.086 50.55
0.343 0.372 0.4 0.428 0.456 0.484 0.5 0.502 0.505 0.507 0.509 0.547 0.59 0.633 0.675 0.718 0.761 0.803 0.846 0.889 0.932 0.974 1.017 1.215 1.414 1.613 1.812 2.011 2.21 2.409 2.608 2.808 3.007 3.206 3.405 3.524 3.622 3.719 3.817 4.168 4.755 5.341 5.927 6.514 7.1 7.687 8.273 8.86 9.446 10.033 10.619 11.189 11.571 11.953 12.335 12.717 13.123 13.528 13.933 14.349 14.856 15.362 15.868 16.374 16.881 17.387 17.893 18.4 18.906 19.412 19.918 20.425 20.89 21.323 21.756 22.189 22.679 23.179 23.679 24.178 24.678 25.178 25.677 26.177 26.677 27.176 27.676 28.175 28.665 29.056 29.446 29.837 30.227 30.618 31.008 31.399 31.789 32.18 32.57 32.961 33.351 33.742 34.245 34.752 35.258 35.772 36.29 36.808 37.318 37.811 38.305 38.799 39.293 39.786 40.28 40.774 41.268 41.762 42.255 42.749 43.243 43.733 44.197 44.661 45.125 45.589 46.053 46.517 46.981 47.445 47.909 48.373 48.837 49.301 49.765 50.241
0.324 0.352 0.38 0.409 0.437 0.465 0.48 0.483 0.485 0.487 0.489 0.495 0.538 0.581 0.623 0.666 0.709 0.751 0.794 0.837 0.88 0.922 0.966 1.165 1.364 1.564 1.763 1.962 2.161 2.36 2.559 2.758 2.957 3.156 3.291 3.388 3.486 3.583 3.68 4.04 4.626 5.213 5.799 6.386 6.972 7.559 8.145 8.731 9.318 9.904 10.491 10.886 11.268 11.65 12.032 12.415 12.82 13.225 13.63 14.035 14.472 14.978 15.485 15.991 16.497 17.004 17.51 18.016 18.522 19.029 19.535 20.041 20.505 20.938 21.371 21.805 22.242 22.741 23.241 23.741 24.24 24.74 25.239 25.739 26.239 26.738 27.238 27.738 28.226 28.616 29.007 29.397 29.788 30.178 30.569 30.959 31.35 31.74 32.131 32.521 32.912 33.398 33.905 34.411 34.918 35.432 35.95 36.468 36.986 37.491 37.984 38.478 38.972 39.466 39.96 40.453 40.947 41.441 41.935 42.429 42.922 43.411 43.875 44.339 44.803 45.267 45.731 46.195 46.659 47.123 47.587 48.051 48.515 48.979 49.452 49.938
0.305 0.333 0.361 0.389 0.417 0.446 0.461 0.463 0.465 0.468 0.47 0.472 0.486 0.529 0.571 0.614 0.657 0.7 0.742 0.785 0.828 0.87 0.917 1.116 1.315 1.514 1.713 1.912 2.111 2.31 2.51 2.709 2.908 3.057 3.155 3.252 3.349 3.447 3.544 3.911 4.498 5.084 5.671 6.257 6.844 7.43 8.017 8.603 9.19 9.776 10.201 10.583 10.965 11.347 11.728 12.112 12.517 12.922 13.327 13.733 14.138 14.595 15.101 15.607 16.114 16.62 17.126 17.633 18.139 18.645 19.151 19.658 20.12 20.553 20.987 21.42 21.853 22.304 22.803 23.303 23.802 24.302 24.802 25.301 25.801 26.301 26.8 27.3 27.786 28.177 28.567 28.958 29.348 29.739 30.129 30.52 30.91 31.301 31.691 32.082 32.551 33.058 33.564 34.071 34.578 35.092 35.61 36.128 36.646 37.164 37.664 38.158 38.651 39.145 39.639 40.133 40.627 41.12 41.614 42.108 42.602 43.09 43.554 44.018 44.482 44.946 45.41 45.874 46.338 46.802 47.266 47.73 48.194 48.664 49.15 49.636
0.286 0.314 0.342 0.37 0.398 0.426 0.441 0.443 0.446 0.448 0.45 0.453 0.455 0.477 0.519 0.562 0.605 0.648 0.69 0.733 0.776 0.818 0.867 1.066 1.266 1.465 1.664 1.863 2.062 2.261 2.46 2.659 2.824 2.921 3.018 3.116 3.213 3.31 3.408 3.783 4.369 4.956 5.542 6.129 6.715 7.302 7.888 8.475 9.061 9.516 9.898 10.28 10.662 11.044 11.425 11.809 12.215 12.62 13.025 13.43 13.835 14.24 14.718 15.224 15.73 16.237 16.743 17.249 17.755 18.262 18.768 19.274 19.735 20.169 20.602 21.035 21.468 21.902 22.365 22.865 23.365 23.864 24.364 24.864 25.363 25.863 26.363 26.862 27.346 27.737 28.127 28.518 28.908 29.299 29.69 30.08 30.471 30.861 31.252 31.704 32.211 32.717 33.224 33.731 34.238 34.752 35.27 35.788 36.306 36.824 37.342 37.837 38.331 38.824 39.318 39.812 40.306 40.8 41.293 41.787 42.281 42.769 43.233 43.697 44.161 44.625 45.089 45.553 46.017 46.481 46.945 47.409 47.876 48.362 48.847 49.333
0.267 0.295 0.323 0.351 0.379 0.407 0.422 0.424 0.426 0.428 0.431 0.433 0.435 0.437 0.468 0.51 0.553 0.596 0.638 0.681 0.724 0.766 0.818 1.017 1.216 1.415 1.614 1.813 2.012 2.212 2.411 2.59 2.687 2.785 2.882 2.979 3.077 3.174 3.272 3.655 4.241 4.828 5.414 6.001 6.587 7.174 7.76 8.346 8.831 9.213 9.595 9.977 10.359 10.74 11.122 11.507 11.912 12.317 12.722 13.127 13.532 13.937 14.343 14.84 15.347 15.853 16.359 16.866 17.372 17.878 18.384 18.891 19.351 19.784 20.217 20.65 21.084 21.517 21.95 22.427 22.927 23.427 23.926 24.426 24.925 25.425 25.925 26.424 26.907 27.297 27.688 28.078 28.469 28.859 29.25 29.64 30.031 30.421 30.857 31.364 31.87 32.377 32.884 33.391 33.897 34.412 34.93 35.448 35.966 36.484 37.002 37.516 38.01 38.504 38.998 39.491 39.985 40.479 40.973 41.467 41.96 42.448 42.912 43.376 43.84 44.304 44.768 45.232 45.696 46.16 46.624 47.088 47.573 48.059 48.545 49.031
0.248 0.276 0.304 0.332 0.36 0.388 0.402 0.404 0.407 0.409 0.411 0.413 0.416 0.418 0.42 0.458 0.501 0.544 0.586 0.629 0.672 0.715 0.768 0.968 1.167 1.366 1.565 1.764 1.963 2.162 2.356 2.454 2.551 2.648 2.746 2.843 2.941 3.038 3.135 3.526 4.113 4.699 5.286 5.872 6.459 7.045 7.632 8.146 8.528 8.91 9.292 9.674 10.056 10.437 10.819 11.204 11.609 12.014 12.419 12.825 13.23 13.635 14.04 14.457 14.963 15.47 15.976 16.482 16.988 17.495 18.001 18.507 18.966 19.399 19.832 20.266 20.699 21.132 21.565 21.999 22.489 22.989 23.488 23.988 24.488 24.987 25.487 25.987 26.467 26.858 27.248 27.639 28.029 28.42 28.81 29.201 29.591 30.01 30.517 31.023 31.53 32.037 32.544 33.05 33.557 34.072 34.59 35.108 35.626 36.144 36.662 37.18 37.689 38.183 38.677 39.171 39.665 40.158 40.652 41.146 41.64 42.127 42.591 43.055 43.519 43.983 44.447 44.911 45.375 45.839 46.303 46.785 47.271 47.757 48.243 48.729
0.228 0.256 0.285 0.313 0.341 0.369 0.382 0.385 0.387 0.389 0.392 0.394 0.396 0.398 0.401 0.406 0.449 0.492 0.535 0.577 0.62 0.663 0.719 0.918 1.117 1.316 1.515 1.715 1.914 2.113 2.22 2.317 2.415 2.512 2.61 2.707 2.804 2.902 2.999 3.398 3.984 4.571 5.157 5.744 6.33 6.917 7.461 7.843 8.225 8.607 8.989 9.371 9.752 10.134 10.516 10.901 11.307 11.712 12.117 12.522 12.927 13.332 13.737 14.142 14.58 15.086 15.592 16.099 16.605 17.111 17.617 18.124 18.581 19.015 19.448 19.881 20.314 20.747 21.181 21.614 22.051 22.551 23.051 23.55 24.05 24.55 25.049 25.549 26.028 26.418 26.809 27.199 27.59 27.98 28.371 28.761 29.163 29.67 30.176 30.683 31.19 31.697 32.203 32.71 33.217 33.732 34.25 34.768 35.286 35.804 36.322 36.84 37.358 37.862 38.356 38.85 39.344 39.838 40.331 40.825 41.319 41.805 42.269 42.733 43.198 43.662 44.126 44.59 45.054 45.518 45.996 46.482 46.968 47.454 47.94 48.426
0.209 0.237 0.265 0.293 0.322 0.35 0.363 0.365 0.367 0.37 0.372 0.374 0.376 0.379 0.381 0.383 0.397 0.44 0.483 0.525 0.568 0.611 0.67 0.869 1.068 1.267 1.466 1.665 1.864 1.986 2.084 2.181 2.279 2.376 2.473 2.571 2.668 2.765 2.863 3.27 3.856 4.443 5.029 5.616 6.202 6.776 7.158 7.54 7.922 8.304 8.686 9.068 9.449 9.831 10.213 10.599 11.004 11.409 11.814 12.219 12.624 13.029 13.435 13.84 14.245 14.703 15.209 15.715 16.221 16.728 17.234 17.74 18.197 18.63 19.063 19.496 19.929 20.363 20.796 21.229 21.662 22.113 22.613 23.113 23.612 24.112 24.611 25.111 25.588 25.979 26.369 26.76 27.15 27.541 27.931 28.322 28.823 29.329 29.836 30.343 30.85 31.356 31.863 32.37 32.877 33.392 33.91 34.428 34.946 35.464 35.982 36.5 37.018 37.536 38.036 38.529 39.023 39.517 40.011 40.505 40.998 41.484 41.948 42.412 42.876 43.34 43.804 44.268 44.732 45.208 45.694 46.18 46.666 47.152 47.638 48.124
0.195 0.218 0.246 0.274 0.302 0.331 0.343 0.346 0.348 0.35 0.352 0.355 0.357 0.359 0.361 0.364 0.366 0.388 0.431 0.473 0.516 0.559 0.62 0.819 1.018 1.217 1.417 1.616 1.753 1.85 1.948 2.045 2.142 2.24 2.337 2.434 2.532 2.629 2.727 3.141 3.728 4.314 4.901 5.487 6.074 6.473 6.855 7.237 7.619 8.001 8.383 8.764 9.146 9.528 9.91 10.296 10.701 11.106 11.511 11.917 12.322 12.727 13.132 13.537 13.942 14.347 14.825 15.332 15.838 16.344 16.85 17.357 17.812 18.245 18.678 19.112 19.545 19.978 20.411 20.844 21.278 21.711 22.175 22.675 23.174 23.674 24.174 24.673 25.148 25.539 25.93 26.32 26.711 27.101 27.492 27.976 28.483 28.989 29.496 30.003 30.509 31.016 31.523 32.03 32.536 33.052 33.57 34.088 34.606 35.124 35.642 36.16 36.678 37.196 37.714 38.209 38.702 39.196 39.69 40.184 40.678 41.163 41.627 42.091 42.555 43.019 43.483 43.947 44.42 44.906 45.392 45.878 46.364 46.85 47.335 47.821
0.194 0.2 0.227 0.255 0.283 0.311 0.324 0.326 0.328 0.33 0.333 0.335 0.337 0.34 0.342 0.344 0.346 0.349 0.379 0.421 0.464 0.507 0.571 0.77 0.969 1.168 1.367 1.519 1.617 1.714 1.811 1.909 2.006 2.103 2.201 2.298 2.396 2.493 2.59 3.013 3.599 4.186 4.772 5.359 5.788 6.17 6.552 6.934 7.316 7.698 8.08 8.461 8.843 9.225 9.607 9.993 10.398 10.804 11.209 11.614 12.019 12.424 12.829 13.234 13.639 14.045 14.45 14.948 15.454 15.961 16.467 16.973 17.427 17.86 18.294 18.727 19.16 19.593 20.026 20.46 20.893 21.326 21.759 22.237 22.737 23.236 23.736 24.236 24.709 25.099 25.49 25.88 26.271 26.661 27.129 27.636 28.142 28.649 29.156 29.662 30.169 30.676 31.183 31.689 32.196 32.711 33.23 33.748 34.266 34.784 35.302 35.82 36.338 36.856 37.374 37.888 38.382 38.876 39.369 39.863 40.357 40.842 41.306 41.77 42.234 42.698 43.162 43.631 44.117 44.603 45.089 45.575 46.061 46.547 47.033 47.519
0.192 0.198 0.208 0.236 0.264 0.292 0.304 0.306 0.309 0.311 0.313 0.315 0.318 0.32 0.322 0.324 0.327 0.329 0.331 0.369 0.412 0.455 0.521 0.72 0.919 1.119 1.286 1.383 1.48 1.578 1.675 1.772 1.87 1.967 2.065 2.162 2.259 2.357 2.454 2.885 3.471 4.058 4.644 5.103 5.485 5.867 6.249 6.631 7.013 7.395 7.776 8.158 8.54 8.922 9.304 9.691 10.096 10.501 10.906 11.311 11.716 12.121 12.527 12.932 13.337 13.742 14.147 14.565 15.071 15.577 16.083 16.59 17.042 17.476 17.909 18.342 18.775 19.209 19.642 20.075 20.508 20.941 21.375 21.808 22.299 22.799 23.298 23.798 24.269 24.66 25.05 25.441 25.831 26.282 26.789 27.295 27.802 28.309 28.815 29.322 29.829 30.336 30.842 31.349 31.856 32.371 32.889 33.408 33.926 34.444 34.962 35.48 35.998 36.516 37.034 37.552 38.061 38.555 39.049 39.543 40.036 40.521 40.985 41.449 41.913 42.377 42.843 43.329 43.815 44.301 44.787 45.273 45.759 46.245 46.731 47.217
0.19 0.197 0.203 0.217 0.245 0.273 0.285 0.287 0.289 0.291 0.294 0.296 0.298 0.3 0.303 0.305 0.307 0.309 0.312 0.318 0.36 0.403 0.472 0.671 0.87 1.052 1.149 1.247 1.344 1.441 1.539 1.636 1.734 1.831 1.928 2.026 2.123 2.22 2.318 2.756 3.343 3.929 4.418 4.8 5.182 5.564 5.946 6.328 6.71 7.092 7.473 7.855 8.237 8.619 9.001 9.388 9.793 10.198 10.603 11.009 11.414 11.819 12.224 12.629 13.034 13.439 13.844 14.249 14.687 15.194 15.7 16.206 16.658 17.091 17.524 17.957 18.391 18.824 19.257 19.69 20.123 20.557 20.99 21.423 21.861 22.361 22.86 23.36 23.83 24.22 24.611 25.001 25.435 25.942 26.448 26.955 27.462 27.969 28.475 28.982 29.489 29.995 30.502 31.009 31.516 32.031 32.549 33.068 33.586 34.104 34.622 35.14 35.658 36.176 36.694 37.212 37.73 38.234 38.728 39.222 39.716 40.2 40.664 41.128 41.592 42.056 42.541 43.027 43.513 43.999 44.484 44.97 45.456 45.942 46.428 46.914
0.189 0.195 0.201 0.207 0.226 0.254 0.265 0.267 0.269 0.272 0.274 0.276 0.279 0.281 0.283 0.285 0.288 0.29 0.292 0.294 0.308 0.351 0.422 0.622 0.818 0.916 1.013 1.11 1.208 1.305 1.403 1.5 1.597 1.695 1.792 1.889 1.987 2.084 2.182 2.628 3.214 3.733 4.115 4.497 4.879 5.261 5.643 6.025 6.407 6.788 7.17 7.552 7.934 8.316 8.698 9.085 9.49 9.896 10.301 10.706 11.111 11.516 11.921 12.326 12.731 13.137 13.542 13.947 14.352 14.81 15.316 15.823 16.273 16.706 17.139 17.573 18.006 18.439 18.872 19.306 19.739 20.172 20.605 21.038 21.472 21.923 22.423 22.922 23.39 23.781 24.171 24.588 25.095 25.601 26.108 26.615 27.122 27.628 28.135 28.642 29.148 29.655 30.162 30.669 31.175 31.691 32.209 32.727 33.246 33.764 34.282 34.8 35.318 35.836 36.354 36.872 37.39 37.908 38.407 38.901 39.395 39.878 40.342 40.806 41.27 41.752 42.238 42.724 43.21 43.696 44.182 44.668 45.154 45.64 46.126 46.612
0.187 0.193 0.199 0.206 0.212 0.235 0.245 0.248 0.25 0.252 0.254 0.257 0.259 0.261 0.263 0.266 0.268 0.27 0.273 0.275 0.277 0.299 0.373 0.572 0.682 0.779 0.877 0.974 1.072 1.169 1.266 1.364 1.461 1.558 1.656 1.753 1.851 1.948 2.045 2.5 3.048 3.43 3.812 4.194 4.576 4.958 5.34 5.722 6.104 6.485 6.867 7.249 7.631 8.013 8.395 8.783 9.188 9.593 9.998 10.403 10.808 11.213 11.619 12.024 12.429 12.834 13.239 13.644 14.049 14.454 14.933 15.439 15.888 16.322 16.755 17.188 17.621 18.054 18.488 18.921 19.354 19.787 20.22 20.654 21.087 21.52 21.985 22.485 22.951 23.341 23.741 24.248 24.754 25.261 25.768 26.275 26.781 27.288 27.795 28.301 28.808 29.315 29.822 30.328 30.835 31.351 31.869 32.387 32.905 33.424 33.942 34.46 34.978 35.496 36.014 36.532 37.05 37.568 38.086 38.58 39.074 39.557 40.021 40.485 40.964 41.45 41.936 42.422 42.908 43.394 43.88 44.366 44.852 45.338 45.823 46.309
0.185 0.191 0.198 0.204 0.21 0.217 0.226 0.228 0.23 0.233 0.235 0.237 0.239 0.242 0.244 0.246 0.248 0.251 0.253 0.255 0.257 0.26 0.324 0.448 0.546 0.643 0.741 0.838 0.935 1.033 1.13 1.227 1.325 1.422 1.52 1.617 1.714 1.812 1.909 2.364 2.745 3.127 3.509 3.891 4.273 4.655 5.037 5.419 5.8 6.182 6.564 6.946 7.328 7.71 8.092 8.48 8.885 9.29 9.695 10.1 10.506 10.911 11.316 11.721 12.126 12.531 12.936 13.341 13.747 14.152 14.557 15.056 15.504 15.937 16.37 16.803 17.236 17.67 18.103 18.536 18.969 19.403 19.836 20.269 20.702 21.135 21.569 22.047 22.511 22.901 23.401 23.907 24.414 24.921 25.428 25.934 26.441 26.948 27.454 27.961 28.468 28.975 29.481 29.988 30.495 31.011 31.529 32.047 32.565 33.083 33.602 34.12 34.638 35.156 35.674 36.192 36.71 37.228 37.746 38.26 38.754 39.236 39.7 40.176 40.662 41.147 41.633 42.119 42.605 43.091 43.577 44.063 44.549 45.035 45.521 46.007
0.18 0.187 0.193 0.2 0.206 0.211 0.213 0.215 0.217 0.219 0.221 0.223 0.225 0.227 0.229 0.232 0.234 0.236 0.238 0.24 0.242 0.244 0.271 0.368 0.463 0.558 0.653 0.748 0.844 0.939 1.034 1.129 1.224 1.319 1.414 1.51 1.605 1.7 1.795 2.105 2.482 2.858 3.235 3.612 3.989 4.366 4.743 5.119 5.497 5.879 6.261 6.643 7.025 7.407 7.789 8.177 8.582 8.988 9.393 9.798 10.203 10.608 11.013 11.418 11.823 12.229 12.634 13.039 13.444 13.849 14.254 14.672 15.119 15.552 15.985 16.419 16.852 17.285 17.718 18.151 18.585 19.018 19.451 19.884 20.318 20.751 21.184 21.617 22.071 22.554 23.06 23.567 24.074 24.581 25.087 25.594 26.101 26.608 27.114 27.621 28.128 28.634 29.141 29.648 30.155 30.671 31.189 31.707 32.225 32.743 33.262 33.78 34.298 34.816 35.334 35.852 36.37 36.888 37.406 37.924 38.433 38.915 39.387 39.873 40.359 40.845 41.331 41.817 42.303 42.789 43.275 43.761 44.247 44.733 45.219 45.705
0.175 0.181 0.188 0.194 0.2 0.2 0.202 0.205 0.207 0.209 0.211 0.213 0.215 0.217 0.219 0.222 0.224 0.226 0.228 0.23 0.232 0.234 0.263 0.371 0.466 0.561 0.656 0.752 0.847 0.942 1.037 1.132 1.227 1.322 1.417 1.513 1.608 1.703 1.798 2.112 2.489 2.866 3.243 3.62 3.997 4.373 4.75 5.127 5.504 5.881 6.257 6.634 7.011 7.388 7.761 8.001 8.291 8.696 9.101 9.506 9.911 10.316 10.721 11.125 11.53 11.935 12.34 12.745 13.15 13.555 13.96 14.365 14.857 15.286 15.716 16.146 16.576 17.006 17.436 17.866 18.295 18.725 19.155 19.585 20.015 20.445 20.874 21.304 21.782 22.285 22.788 23.291 23.794 24.297 24.8 25.303 25.806 26.308 26.811 27.314 27.817 28.32 28.823 29.326 29.829 30.342 30.857 31.371 31.885 32.403 32.921 33.44 33.958 34.476 34.994 35.512 36.03 36.548 37.066 37.584 38.102 38.599 39.085 39.571 40.057 40.543 41.029 41.515 42.001 42.487 42.972 43.458 43.944 44.43 44.916 45.402
0.169 0.176 0.182 0.189 0.189 0.189 0.191 0.194 0.197 0.199 0.201 0.203 0.205 0.207 0.209 0.211 0.214 0.216 0.218 0.22 0.222 0.224 0.255 0.364 0.469 0.564 0.659 0.755 0.85 0.945 1.04 1.135 1.23 1.325 1.421 1.516 1.611 1.706 1.801 2.12 2.497 2.874 3.25 3.627 4.004 4.381 4.758 5.135 5.511 5.888 6.265 6.642 7.019 7.396 7.693 7.931 8.061 8.406 8.811 9.216 9.621 10.026 10.431 10.836 11.241 11.646 12.05 12.455 12.86 13.265 13.67 14.075 14.613 15.105 15.535 15.965 16.394 16.824 17.254 17.684 18.114 18.544 18.973 19.403 19.833 20.263 20.693 21.123 21.609 22.167 22.67 23.173 23.676 24.178 24.681 25.184 25.687 26.19 26.693 27.196 27.699 28.202 28.705 29.208 29.711 30.225 30.739 31.253 31.767 32.282 32.796 33.31 33.825 34.339 34.853 35.368 35.882 36.396 36.911 37.425 37.936 38.306 38.737 39.224 39.711 40.198 40.685 41.172 41.659 42.146 42.633 43.12 43.607 44.094 44.581 45.068
0.164 0.17 0.177 0.178 0.178 0.178 0.18 0.183 0.186 0.189 0.191 0.193 0.195 0.197 0.199 0.201 0.204 0.206 0.208 0.21 0.212 0.214 0.246 0.356 0.465 0.567 0.662 0.758 0.853 0.948 1.043 1.138 1.233 1.328 1.424 1.519 1.614 1.709 1.804 2.128 2.504 2.881 3.258 3.635 4.012 4.389 4.765 5.142 5.519 5.896 6.273 6.65 7.026 7.337 7.626 7.861 7.991 8.121 8.522 8.927 9.331 9.736 10.141 10.546 10.951 11.356 11.761 12.166 12.571 12.976 13.38 13.785 14.326 14.888 15.353 15.783 16.213 16.643 17.073 17.502 17.932 18.362 18.792 19.222 19.652 20.081 20.511 20.941 21.43 22.009 22.551 23.054 23.557 24.06 24.563 25.066 25.569 26.072 26.575 27.078 27.581 28.084 28.587 29.09 29.593 30.107 30.621 31.135 31.65 32.164 32.678 33.193 33.707 34.221 34.735 35.25 35.764 36.278 36.793 37.307 37.789 38.155 38.378 38.863 39.35 39.837 40.324 40.811 41.298 41.785 42.272 42.759 43.245 43.732 44.219 44.706
0.158 0.165 0.167 0.167 0.167 0.167 0.17 0.173 0.176 0.179 0.181 0.183 0.185 0.187 0.189 0.191 0.194 0.196 0.198 0.2 0.202 0.204 0.238 0.347 0.457 0.566 0.666 0.761 0.856 0.951 1.046 1.141 1.236 1.331 1.427 1.522 1.617 1.712 1.807 2.135 2.512 2.889 3.266 3.643 4.019 4.396 4.773 5.15 5.527 5.903 6.28 6.657 6.98 7.269 7.558 7.791 7.921 8.051 8.232 8.637 9.042 9.447 9.852 10.257 10.661 11.066 11.471 11.876 12.281 12.686 13.091 13.496 14.039 14.601 15.163 15.601 16.031 16.461 16.891 17.321 17.751 18.18 18.61 19.04 19.47 19.9 20.33 20.759 21.25 21.83 22.409 22.936 23.439 23.942 24.445 24.948 25.451 25.954 26.457 26.96 27.463 27.966 28.469 28.972 29.475 29.989 30.503 31.017 31.532 32.046 32.56 33.075 33.589 34.103 34.618 35.132 35.646 36.161 36.675 37.162 37.643 38.003 38.227 38.501 38.988 39.475 39.962 40.449 40.936 41.423 41.91 42.397 42.884 43.371 43.858 44.345
0.153 0.156 0.156 0.156 0.156 0.157 0.159 0.162 0.165 0.168 0.171 0.173 0.175 0.177 0.179 0.181 0.183 0.186 0.188 0.19 0.192 0.194 0.23 0.339 0.448 0.558 0.667 0.764 0.859 0.954 1.049 1.144 1.239 1.335 1.43 1.525 1.62 1.715 1.81 2.143 2.52 2.896 3.273 3.65 4.027 4.404 4.781 5.157 5.534 5.911 6.288 6.624 6.913 7.202 7.491 7.721 7.851 7.981 8.111 8.347 8.752 9.157 9.562 9.967 10.372 10.777 11.182 11.587 11.991 12.396 12.801 13.206 13.752 14.314 14.876 15.42 15.85 16.28 16.709 17.139 17.569 17.999 18.429 18.859 19.288 19.718 20.148 20.578 21.071 21.651 22.23 22.81 23.321 23.824 24.327 24.83 25.333 25.836 26.339 26.842 27.345 27.848 28.351 28.854 29.357 29.871 30.385 30.9 31.414 31.928 32.443 32.957 33.471 33.985 34.5 35.014 35.528 36.043 36.535 37.015 37.496 37.852 38.076 38.299 38.627 39.114 39.601 40.088 40.575 41.062 41.548 42.035 42.522 43.009 43.496 43.983
0.145 0.145 0.145 0.145 0.146 0.146 0.148 0.151 0.154 0.157 0.16 0.163 0.165 0.167 0.169 0.171 0.173 0.176 0.178 0.18 0.182 0.184 0.221 0.331 0.44 0.549 0.659 0.767 0.862 0.957 1.052 1.147 1.242 1.338 1.433 1.528 1.623 1.718 1.813 2.15 2.527 2.904 3.281 3.658 4.035 4.411 4.788 5.165 5.542 5.919 6.268 6.557 6.846 7.135 7.424 7.651 7.781 7.911 8.041 8.171 8.463 8.867 9.272 9.677 10.082 10.487 10.892 11.297 11.702 12.107 12.512 12.917 13.465 14.027 14.589 15.151 15.668 16.098 16.528 16.958 17.387 17.817 18.247 18.677 19.107 19.537 19.966 20.396 20.892 21.472 22.051 22.631 23.203 23.706 24.209 24.712 25.215 25.718 26.221 26.724 27.227 27.73 28.233 28.736 29.239 29.753 30.267 30.782 31.296 31.81 32.325 32.839 33.353 33.868 34.382 34.896 35.411 35.908 36.388 36.869 37.349 37.701 37.924 38.148 38.371 38.752 39.239 39.726 40.213 40.7 41.187 41.674 42.161 42.648 43.135 43.622
0.134 0.134 0.134 0.135 0.135 0.135 0.137 0.14 0.143 0.146 0.149 0.152 0.155 0.157 0.159 0.161 0.163 0.165 0.168 0.17 0.172 0.174 0.213 0.322 0.432 0.541 0.65 0.76 0.865 0.96 1.055 1.15 1.246 1.341 1.436 1.531 1.626 1.721 1.816 2.158 2.535 2.912 3.289 3.665 4.042 4.419 4.796 5.173 5.55 5.911 6.2 6.489 6.778 7.067 7.356 7.581 7.711 7.841 7.971 8.101 8.231 8.578 8.983 9.388 9.793 10.197 10.602 11.007 11.412 11.817 12.222 12.627 13.178 13.74 14.302 14.864 15.426 15.916 16.346 16.776 17.206 17.636 18.066 18.495 18.925 19.355 19.785 20.215 20.713 21.293 21.872 22.452 23.031 23.588 24.091 24.594 25.097 25.6 26.103 26.606 27.109 27.612 28.115 28.618 29.121 29.635 30.15 30.664 31.178 31.692 32.207 32.721 33.235 33.75 34.264 34.778 35.28 35.761 36.242 36.722 37.203 37.55 37.773 37.996 38.22 38.443 38.878 39.364 39.851 40.338 40.825 41.312 41.799 42.286 42.773 43.26
0.123 0.124 0.124 0.124 0.124 0.124 0.127 0.13 0.133 0.136 0.139 0.142 0.145 0.147 0.149 0.151 0.153 0.155 0.158 0.16 0.162 0.164 0.205 0.314 0.423 0.533 0.642 0.751 0.861 0.963 1.058 1.153 1.249 1.344 1.439 1.534 1.629 1.724 1.819 2.166 2.542 2.919 3.296 3.673 4.05 4.427 4.803 5.18 5.555 5.844 6.133 6.422 6.711 7.0 7.289 7.511 7.641 7.771 7.901 8.031 8.161 8.291 8.693 9.098 9.503 9.908 10.313 10.718 11.123 11.527 11.932 12.337 12.891 13.453 14.015 14.577 15.139 15.7 16.165 16.594 17.024 17.454 17.884 18.314 18.744 19.173 19.603 20.033 20.534 21.114 21.693 22.272 22.852 23.431 23.973 24.476 24.979 25.482 25.985 26.488 26.991 27.494 27.997 28.5 29.003 29.517 30.032 30.546 31.06 31.575 32.089 32.603 33.118 33.632 34.146 34.653 35.134 35.614 36.095 36.575 37.056 37.399 37.622 37.845 38.068 38.292 38.516 39.003 39.49 39.977 40.464 40.951 41.438 41.925 42.412 42.899
0.113 0.113 0.113 0.113 0.113 0.113 0.116 0.119 0.122 0.125 0.128 0.131 0.134 0.137 0.139 0.141 0.143 0.145 0.148 0.15 0.152 0.154 0.196 0.306 0.415 0.524 0.634 0.743 0.853 0.962 1.061 1.156 1.252 1.347 1.442 1.537 1.632 1.727 1.822 2.173 2.55 2.927 3.304 3.681 4.057 4.434 4.811 5.188 5.488 5.777 6.065 6.354 6.643 6.932 7.221 7.441 7.571 7.701 7.831 7.961 8.091 8.221 8.404 8.808 9.213 9.618 10.023 10.428 10.833 11.238 11.643 12.048 12.604 13.166 13.728 14.29 14.852 15.413 15.975 16.413 16.843 17.273 17.702 18.132 18.562 18.992 19.422 19.852 20.355 20.934 21.514 22.093 22.673 23.252 23.832 24.358 24.861 25.364 25.867 26.37 26.873 27.376 27.879 28.382 28.885 29.4 29.914 30.428 30.942 31.457 31.971 32.485 33.0 33.514 34.026 34.506 34.987 35.468 35.948 36.429 36.909 37.248 37.471 37.694 37.917 38.14 38.364 38.641 39.128 39.615 40.102 40.589 41.076 41.563 42.05 42.537
0.102 0.102 0.102 0.102 0.102 0.102 0.105 0.108 0.111 0.114 0.117 0.12 0.123 0.126 0.129 0.131 0.133 0.135 0.137 0.14 0.142 0.144 0.188 0.297 0.407 0.516 0.625 0.735 0.844 0.954 1.063 1.16 1.255 1.35 1.445 1.54 1.635 1.73 1.826 2.181 2.558 2.935 3.311 3.688 4.065 4.442 4.819 5.131 5.42 5.709 5.998 6.287 6.576 6.865 7.154 7.371 7.501 7.631 7.761 7.891 8.021 8.151 8.281 8.519 8.924 9.329 9.734 10.138 10.543 10.948 11.353 11.758 12.317 12.879 13.441 14.003 14.565 15.126 15.688 16.231 16.661 17.091 17.521 17.951 18.38 18.81 19.24 19.67 20.176 20.755 21.335 21.914 22.494 23.073 23.653 24.232 24.743 25.246 25.749 26.252 26.755 27.258 27.761 28.264 28.767 29.282 29.796 30.31 30.825 31.339 31.853 32.368 32.882 33.396 33.879 34.36 34.84 35.321 35.801 36.282 36.763 37.097 37.32 37.543 37.766 37.989 38.212 38.436 38.767 39.254 39.741 40.228 40.715 41.202 41.689 42.176
0.091 0.091 0.091 0.091 0.092 0.092 0.094 0.097 0.1 0.103 0.106 0.109 0.112 0.115 0.118 0.121 0.123 0.125 0.127 0.13 0.132 0.134 0.18 0.289 0.398 0.508 0.617 0.726 0.836 0.945 1.055 1.163 1.258 1.353 1.448 1.543 1.638 1.733 1.829 2.188 2.565 2.942 3.319 3.696 4.073 4.449 4.775 5.064 5.353 5.642 5.931 6.22 6.509 6.797 7.086 7.301 7.431 7.561 7.691 7.821 7.951 8.081 8.211 8.341 8.634 9.039 9.444 9.849 10.254 10.659 11.064 11.468 12.03 12.592 13.154 13.716 14.277 14.839 15.401 15.963 16.48 16.909 17.339 17.769 18.199 18.629 19.059 19.488 19.997 20.576 21.156 21.735 22.315 22.894 23.474 24.053 24.625 25.128 25.631 26.134 26.637 27.14 27.643 28.146 28.65 29.164 29.678 30.192 30.707 31.221 31.735 32.25 32.764 33.252 33.732 34.213 34.694 35.174 35.655 36.135 36.616 36.946 37.169 37.392 37.615 37.838 38.061 38.284 38.508 38.892 39.379 39.866 40.353 40.84 41.327 41.814
0.08 0.08 0.08 0.081 0.081 0.081 0.084 0.087 0.09 0.093 0.096 0.099 0.102 0.105 0.108 0.111 0.113 0.115 0.117 0.12 0.122 0.124 0.171 0.281 0.39 0.499 0.609 0.718 0.828 0.937 1.046 1.156 1.261 1.356 1.451 1.546 1.641 1.736 1.832 2.196 2.573 2.95 3.327 3.703 4.08 4.418 4.707 4.996 5.285 5.574 5.863 6.152 6.441 6.73 7.019 7.231 7.361 7.491 7.621 7.751 7.881 8.011 8.141 8.271 8.401 8.749 9.154 9.559 9.964 10.369 10.774 11.181 11.743 12.305 12.867 13.429 13.99 14.552 15.114 15.676 16.238 16.728 17.158 17.587 18.017 18.447 18.877 19.307 19.818 20.397 20.977 21.556 22.136 22.715 23.294 23.874 24.453 25.01 25.513 26.016 26.519 27.022 27.525 28.028 28.532 29.046 29.56 30.075 30.589 31.103 31.618 32.132 32.625 33.105 33.586 34.066 34.547 35.027 35.508 35.989 36.469 36.795 37.018 37.241 37.464 37.687 37.91 38.133 38.357 38.58 39.018 39.505 39.992 40.479 40.966 41.453
0.069 0.07 0.07 0.07 0.07 0.07 0.073 0.076 0.079 0.082 0.085 0.088 0.091 0.094 0.097 0.1 0.103 0.105 0.107 0.109 0.112 0.114 0.163 0.272 0.382 0.491 0.6 0.71 0.819 0.929 1.038 1.147 1.257 1.359 1.454 1.549 1.644 1.74 1.835 2.204 2.581 2.957 3.334 3.711 4.062 4.351 4.64 4.929 5.218 5.507 5.796 6.085 6.374 6.663 6.952 7.161 7.291 7.421 7.551 7.681 7.811 7.941 8.071 8.201 8.331 8.461 8.865 9.27 9.674 10.079 10.484 10.894 11.456 12.018 12.58 13.142 13.703 14.265 14.827 15.389 15.951 16.513 16.976 17.406 17.836 18.266 18.695 19.125 19.639 20.218 20.798 21.377 21.957 22.536 23.115 23.695 24.274 24.854 25.395 25.898 26.401 26.904 27.407 27.91 28.414 28.928 29.442 29.957 30.471 30.985 31.5 31.997 32.478 32.958 33.439 33.92 34.4 34.881 35.361 35.842 36.323 36.644 36.867 37.09 37.313 37.536 37.759 37.982 38.205 38.429 38.656 39.143 39.63 40.117 40.604 41.091
0.059 0.059 0.059 0.059 0.059 0.059 0.062 0.065 0.068 0.071 0.074 0.077 0.08 0.083 0.086 0.089 0.092 0.095 0.097 0.099 0.102 0.104 0.155 0.264 0.373 0.483 0.592 0.702 0.811 0.92 1.03 1.139 1.248 1.358 1.457 1.552 1.647 1.743 1.838 2.211 2.588 2.965 3.342 3.706 3.995 4.284 4.573 4.862 5.15 5.439 5.728 6.017 6.306 6.595 6.884 7.091 7.221 7.351 7.481 7.611 7.741 7.871 8.001 8.131 8.261 8.391 8.575 8.98 9.385 9.79 10.195 10.607 11.169 11.731 12.293 12.854 13.416 13.978 14.54 15.102 15.664 16.226 16.788 17.224 17.654 18.084 18.514 18.944 19.46 20.039 20.619 21.198 21.777 22.357 22.936 23.516 24.095 24.675 25.254 25.78 26.283 26.786 27.289 27.792 28.296 28.81 29.325 29.839 30.353 30.867 31.37 31.851 32.331 32.812 33.292 33.773 34.254 34.734 35.215 35.695 36.176 36.493 36.716 36.939 37.162 37.385 37.608 37.831 38.054 38.277 38.501 38.782 39.269 39.755 40.242 40.729
0.048 0.048 0.048 0.048 0.048 0.048 0.051 0.054 0.057 0.06 0.063 0.066 0.069 0.072 0.075 0.078 0.081 0.084 0.087 0.089 0.091 0.094 0.146 0.256 0.365 0.474 0.584 0.693 0.803 0.912 1.021 1.131 1.24 1.349 1.459 1.555 1.651 1.746 1.842 2.219 2.596 2.973 3.349 3.638 3.927 4.216 4.505 4.794 5.083 5.372 5.661 5.95 6.239 6.528 6.817 7.021 7.151 7.281 7.411 7.541 7.671 7.801 7.931 8.061 8.191 8.321 8.451 8.69 9.095 9.5 9.905 10.32 10.882 11.444 12.006 12.567 13.129 13.691 14.253 14.815 15.377 15.939 16.501 17.043 17.473 17.902 18.332 18.762 19.281 19.86 20.439 21.019 21.598 22.178 22.757 23.337 23.916 24.496 25.075 25.655 26.165 26.668 27.171 27.674 28.178 28.692 29.207 29.721 30.235 30.743 31.223 31.704 32.185 32.665 33.146 33.626 34.107 34.587 35.068 35.549 36.029 36.342 36.565 36.788 37.011 37.234 37.457 37.68 37.903 38.126 38.349 38.573 38.907 39.394 39.881 40.368
0.037 0.037 0.037 0.037 0.038 0.038 0.041 0.044 0.047 0.05 0.053 0.056 0.059 0.062 0.065 0.068 0.071 0.074 0.077 0.079 0.081 0.084 0.138 0.247 0.357 0.466 0.575 0.685 0.794 0.904 1.013 1.122 1.232 1.341 1.451 1.558 1.654 1.749 1.85 2.227 2.603 2.98 3.282 3.571 3.86 4.149 4.438 4.727 5.016 5.305 5.594 5.882 6.171 6.46 6.749 6.951 7.081 7.211 7.341 7.471 7.601 7.731 7.861 7.991 8.121 8.251 8.38 8.51 8.806 9.21 9.615 10.033 10.595 11.157 11.719 12.28 12.842 13.404 13.966 14.528 15.09 15.652 16.214 16.776 17.291 17.721 18.151 18.581 19.101 19.681 20.26 20.84 21.419 21.999 22.578 23.158 23.737 24.317 24.896 25.475 26.047 26.55 27.053 27.556 28.06 28.575 29.089 29.603 30.116 30.596 31.077 31.557 32.038 32.518 32.999 33.48 33.96 34.441 34.921 35.402 35.882 36.19 36.414 36.637 36.86 37.083 37.306 37.529 37.752 37.975 38.198 38.421 38.645 39.032 39.519 40.006
0.026 0.026 0.026 0.027 0.027 0.027 0.03 0.033 0.036 0.039 0.042 0.045 0.048 0.051 0.054 0.057 0.06 0.063 0.066 0.069 0.071 0.074 0.13 0.239 0.348 0.458 0.567 0.677 0.786 0.895 1.005 1.114 1.223 1.333 1.442 1.552 1.657 1.752 1.857 2.234 2.611 2.926 3.214 3.503 3.792 4.081 4.37 4.659 4.948 5.237 5.526 5.815 6.104 6.393 6.682 6.881 7.011 7.141 7.271 7.401 7.531 7.661 7.791 7.921 8.051 8.18 8.31 8.44 8.57 8.921 9.326 9.746 10.308 10.87 11.431 11.993 12.555 13.117 13.679 14.241 14.803 15.365 15.927 16.489 17.051 17.539 17.969 18.399 18.922 19.502 20.081 20.661 21.24 21.82 22.399 22.979 23.558 24.137 24.717 25.296 25.876 26.432 26.935 27.438 27.942 28.457 28.971 29.485 29.969 30.449 30.93 31.411 31.891 32.372 32.852 33.333 33.813 34.294 34.775 35.255 35.736 36.039 36.262 36.486 36.709 36.932 37.155 37.378 37.601 37.824 38.047 38.27 38.493 38.717 39.158 39.645
0.015 0.015 0.016 0.016 0.016 0.016 0.019 0.022 0.025 0.028 0.031 0.034 0.037 0.04 0.043 0.046 0.049 0.052 0.055 0.058 0.061 0.063 0.121 0.231 0.34 0.449 0.559 0.668 0.778 0.887 0.996 1.106 1.215 1.324 1.434 1.543 1.653 1.755 1.865 2.242 2.569 2.858 3.147 3.436 3.725 4.014 4.303 4.592 4.881 5.17 5.459 5.748 6.037 6.326 6.615 6.811 6.941 7.071 7.201 7.331 7.461 7.591 7.721 7.851 7.981 8.11 8.24 8.37 8.5 8.631 9.036 9.459 10.021 10.583 11.144 11.706 12.268 12.83 13.392 13.954 14.516 15.078 15.64 16.202 16.764 17.325 17.788 18.217 18.743 19.323 19.902 20.482 21.061 21.641 22.22 22.799 23.379 23.958 24.538 25.117 25.697 26.276 26.817 27.32 27.825 28.339 28.853 29.342 29.822 30.303 30.783 31.264 31.744 32.225 32.706 33.186 33.667 34.147 34.628 35.108 35.589 35.888 36.111 36.334 36.558 36.781 37.004 37.227 37.45 37.673 37.896 38.119 38.342 38.565 38.796 39.283
0.005 0.005 0.005 0.005 0.005 0.005 0.008 0.011 0.014 0.017 0.02 0.023 0.026 0.029 0.032 0.035 0.038 0.041 0.044 0.047 0.05 0.053 0.113 0.222 0.332 0.441 0.55 0.66 0.769 0.879 0.988 1.097 1.207 1.316 1.426 1.535 1.644 1.754 1.873 2.213 2.502 2.791 3.08 3.369 3.658 3.947 4.235 4.524 4.813 5.102 5.391 5.68 5.969 6.258 6.547 6.741 6.871 7.001 7.131 7.261 7.391 7.521 7.651 7.781 7.91 8.04 8.17 8.3 8.43 8.56 8.747 9.172 9.734 10.296 10.857 11.419 11.981 12.543 13.105 13.667 14.229 14.791 15.353 15.915 16.476 17.038 17.6 18.036 18.564 19.144 19.723 20.303 20.882 21.461 22.041 22.62 23.2 23.779 24.359 24.938 25.518 26.097 26.677 27.202 27.707 28.221 28.714 29.195 29.675 30.156 30.637 31.117 31.598 32.078 32.559 33.039 33.52 34.001 34.481 34.962 35.442 35.737 35.96 36.183 36.406 36.63 36.853 37.076 37.299 37.522 37.745 37.968 38.191 38.414 38.638 38.922
0.004 0.004 0.004 0.004 0.004 0.004 0.007 0.009 0.012 0.015 0.018 0.021 0.024 0.026 0.029 0.032 0.035 0.038 0.04 0.043 0.046 0.049 0.111 0.22 0.33 0.439 0.548 0.657 0.766 0.875 0.985 1.094 1.203 1.312 1.421 1.53 1.639 1.749 1.865 2.147 2.436 2.725 3.014 3.302 3.591 3.88 4.169 4.458 4.746 5.035 5.324 5.613 5.902 6.191 6.48 6.671 6.801 6.931 7.061 7.191 7.321 7.451 7.581 7.711 7.84 7.97 8.1 8.23 8.36 8.49 8.62 8.885 9.447 10.008 10.57 11.132 11.694 12.256 12.818 13.38 13.942 14.504 15.066 15.628 16.189 16.751 17.313 17.854 18.385 18.965 19.544 20.124 20.703 21.282 21.862 22.441 23.021 23.6 24.18 24.759 25.339 25.918 26.497 27.077 27.589 28.087 28.568 29.048 29.529 30.009 30.49 30.97 31.451 31.932 32.412 32.893 33.373 33.854 34.335 34.815 35.296 35.586 35.809 36.032 36.255 36.478 36.702 36.925 37.148 37.371 37.594 37.817 38.04 38.263 38.486 38.71
0.006 0.006 0.006 0.006 0.006 0.006 0.009 0.011 0.014 0.017 0.02 0.023 0.025 0.028 0.031 0.034 0.037 0.039 0.042 0.045 0.048 0.053 0.117 0.226 0.335 0.444 0.554 0.663 0.772 0.881 0.99 1.099 1.208 1.318 1.427 1.536 1.645 1.752 1.859 2.089 2.378 2.667 2.956 3.244 3.533 3.822 4.111 4.4 4.688 4.977 5.266 5.555 5.844 6.132 6.421 6.61 6.739 6.869 6.999 7.129 7.259 7.388 7.518 7.648 7.778 7.908 8.038 8.167 8.297 8.427 8.557 8.729 9.265 9.824 10.384 10.943 11.502 12.061 12.621 13.18 13.739 14.298 14.858 15.417 15.976 16.535 17.095 17.654 18.227 18.805 19.384 19.962 20.541 21.119 21.698 22.277 22.855 23.434 24.012 24.591 25.17 25.748 26.327 26.905 27.432 27.916 28.401 28.885 29.369 29.853 30.338 30.822 31.304 31.785 32.266 32.746 33.227 33.707 34.188 34.668 35.149 35.435 35.658 35.881 36.104 36.327 36.551 36.774 36.997 37.22 37.443 37.666 37.889 38.112 38.335 38.558
0.008 0.008 0.008 0.008 0.007 0.008 0.01 0.013 0.016 0.019 0.022 0.024 0.027 0.03 0.033 0.036 0.038 0.041 0.044 0.047 0.051 0.057 0.123 0.232 0.341 0.45 0.559 0.668 0.778 0.887 0.996 1.105 1.214 1.323 1.432 1.542 1.651 1.745 1.854 2.077 2.32 2.609 2.898 3.186 3.475 3.764 4.053 4.342 4.63 4.919 5.208 5.497 5.786 6.074 6.363 6.549 6.679 6.809 6.938 7.068 7.198 7.328 7.458 7.587 7.717 7.847 7.977 8.107 8.237 8.366 8.478 8.65 9.149 9.697 10.256 10.815 11.374 11.934 12.493 13.052 13.611 14.171 14.73 15.289 15.848 16.408 16.967 17.526 18.099 18.678 19.256 19.835 20.413 20.992 21.571 22.149 22.728 23.306 23.885 24.464 25.042 25.621 26.199 26.756 27.184 27.552 28.036 28.52 29.005 29.489 29.973 30.457 30.942 31.426 31.91 32.394 32.879 33.363 33.847 34.332 34.816 35.101 35.328 35.555 35.782 36.009 36.235 36.462 36.689 36.916 37.143 37.37 37.596 37.823 38.05 38.277
0.009 0.009 0.009 0.009 0.009 0.009 0.012 0.015 0.018 0.021 0.023 0.026 0.029 0.032 0.035 0.037 0.04 0.043 0.046 0.05 0.055 0.061 0.128 0.237 0.347 0.456 0.565 0.674 0.783 0.892 1.001 1.111 1.22 1.329 1.438 1.547 1.644 1.738 1.849 2.072 2.294 2.551 2.84 3.128 3.417 3.706 3.995 4.284 4.572 4.861 5.15 5.439 5.728 6.016 6.305 6.488 6.618 6.748 6.878 7.008 7.137 7.267 7.397 7.527 7.657 7.787 7.916 8.046 8.176 8.292 8.392 8.57 9.069 9.569 10.128 10.687 11.247 11.806 12.365 12.924 13.484 14.043 14.602 15.161 15.721 16.28 16.839 17.398 17.972 18.55 19.129 19.707 20.286 20.865 21.443 22.022 22.6 23.179 23.757 24.336 24.915 25.493 26.067 26.531 26.957 27.269 27.671 28.156 28.64 29.124 29.608 30.093 30.577 31.061 31.546 32.03 32.514 32.998 33.483 33.967 34.451 34.732 34.959 35.186 35.413 35.64 35.866 36.093 36.32 36.547 36.774 37.001 37.227 37.454 37.681 37.908
0.011 0.011 0.011 0.011 0.011 0.011 0.014 0.017 0.02 0.022 0.025 0.028 0.031 0.034 0.036 0.039 0.042 0.045 0.049 0.054 0.059 0.065 0.134 0.243 0.352 0.461 0.571 0.68 0.789 0.898 1.007 1.116 1.225 1.335 1.444 1.542 1.636 1.73 1.843 2.066 2.289 2.512 2.782 3.07 3.359 3.648 3.937 4.226 4.514 4.803 5.092 5.381 5.67 5.958 6.247 6.428 6.558 6.687 6.817 6.947 7.077 7.207 7.336 7.466 7.596 7.726 7.856 7.986 8.106 8.206 8.306 8.49 8.989 9.488 10.0 10.56 11.119 11.678 12.237 12.797 13.356 13.915 14.474 15.034 15.593 16.152 16.711 17.271 17.844 18.423 19.001 19.58 20.159 20.737 21.316 21.894 22.473 23.051 23.63 24.209 24.787 25.366 25.842 26.306 26.729 27.042 27.354 27.791 28.275 28.76 29.244 29.728 30.212 30.697 31.181 31.665 32.15 32.634 33.118 33.602 34.087 34.363 34.59 34.817 35.044 35.271 35.497 35.724 35.951 36.178 36.405 36.632 36.858 37.085 37.312 37.46
0.013 0.013 0.013 0.013 0.013 0.013 0.016 0.019 0.021 0.024 0.027 0.03 0.033 0.035 0.038 0.041 0.044 0.047 0.053 0.058 0.063 0.069 0.14 0.249 0.358 0.467 0.576 0.685 0.794 0.904 1.013 1.122 1.231 1.34 1.441 1.535 1.629 1.723 1.838 2.061 2.284 2.507 2.729 3.012 3.301 3.59 3.879 4.168 4.456 4.745 5.034 5.323 5.612 5.9 6.189 6.367 6.497 6.627 6.757 6.886 7.016 7.146 7.276 7.406 7.535 7.665 7.795 7.92 8.02 8.12 8.219 8.41 8.91 9.409 9.908 10.432 10.991 11.55 12.11 12.669 13.228 13.787 14.347 14.906 15.465 16.024 16.584 17.143 17.717 18.295 18.874 19.453 20.031 20.61 21.188 21.767 22.345 22.924 23.503 24.081 24.66 25.152 25.617 26.081 26.501 26.814 27.127 27.439 27.911 28.395 28.879 29.364 29.848 30.332 30.816 31.301 31.785 32.269 32.753 33.238 33.722 33.994 34.221 34.448 34.675 34.902 35.128 35.355 35.582 35.809 36.036 36.263 36.489 36.716 36.888 36.954
0.015 0.015 0.015 0.015 0.015 0.015 0.018 0.02 0.023 0.026 0.029 0.032 0.035 0.037 0.04 0.043 0.046 0.051 0.057 0.062 0.067 0.073 0.145 0.254 0.363 0.473 0.582 0.691 0.8 0.909 1.018 1.128 1.237 1.34 1.434 1.528 1.621 1.715 1.833 2.056 2.278 2.501 2.724 2.954 3.243 3.532 3.821 4.11 4.398 4.687 4.976 5.265 5.554 5.842 6.131 6.306 6.436 6.566 6.696 6.826 6.956 7.085 7.215 7.345 7.475 7.605 7.734 7.834 7.934 8.033 8.133 8.331 8.83 9.329 9.828 10.327 10.863 11.423 11.982 12.541 13.1 13.66 14.219 14.778 15.337 15.897 16.456 17.015 17.589 18.168 18.747 19.325 19.904 20.482 21.061 21.639 22.218 22.797 23.375 23.954 24.463 24.927 25.391 25.855 26.273 26.586 26.899 27.211 27.546 28.03 28.515 28.999 29.483 29.967 30.452 30.936 31.42 31.905 32.389 32.873 33.357 33.625 33.852 34.079 34.306 34.533 34.759 34.986 35.213 35.44 35.667 35.894 36.12 36.315 36.381 36.447
0.017 0.017 0.016 0.016 0.016 0.017 0.019 0.022 0.025 0.028 0.031 0.034 0.036 0.039 0.042 0.045 0.05 0.055 0.061 0.066 0.071 0.077 0.151 0.26 0.369 0.478 0.587 0.697 0.806 0.915 1.024 1.133 1.239 1.333 1.426 1.52 1.614 1.708 1.827 2.05 2.273 2.496 2.719 2.942 3.185 3.474 3.763 4.052 4.34 4.629 4.918 5.207 5.496 5.784 6.073 6.246 6.376 6.506 6.635 6.765 6.895 7.025 7.155 7.284 7.414 7.544 7.648 7.748 7.847 7.947 8.047 8.251 8.75 9.249 9.748 10.247 10.747 11.295 11.854 12.413 12.973 13.532 14.091 14.65 15.21 15.769 16.328 16.887 17.462 18.041 18.619 19.198 19.776 20.355 20.933 21.512 22.091 22.669 23.248 23.774 24.238 24.702 25.166 25.63 26.045 26.358 26.671 26.984 27.296 27.666 28.15 28.634 29.119 29.603 30.087 30.571 31.056 31.54 32.024 32.509 32.993 33.256 33.483 33.71 33.937 34.164 34.39 34.617 34.844 35.071 35.298 35.525 35.743 35.809 35.875 35.941
0.018 0.018 0.018 0.018 0.018 0.019 0.021 0.024 0.027 0.03 0.033 0.035 0.038 0.041 0.044 0.049 0.054 0.059 0.065 0.07 0.075 0.081 0.156 0.266 0.375 0.484 0.593 0.702 0.811 0.921 1.03 1.137 1.231 1.325 1.419 1.513 1.607 1.701 1.822 2.045 2.268 2.491 2.714 2.936 3.159 3.416 3.705 3.994 4.282 4.571 4.86 5.149 5.438 5.726 6.015 6.185 6.315 6.445 6.575 6.705 6.834 6.964 7.094 7.224 7.354 7.462 7.562 7.661 7.761 7.861 7.96 8.171 8.67 9.169 9.669 10.168 10.667 11.167 11.726 12.286 12.845 13.404 13.963 14.523 15.082 15.641 16.2 16.76 17.334 17.913 18.492 19.07 19.649 20.227 20.806 21.385 21.963 22.542 23.084 23.548 24.012 24.477 24.941 25.405 25.817 26.13 26.443 26.756 27.069 27.381 27.785 28.27 28.754 29.238 29.723 30.207 30.691 31.175 31.66 32.144 32.628 32.887 33.114 33.341 33.568 33.795 34.021 34.248 34.475 34.702 34.929 35.156 35.236 35.302 35.368 35.435
0.02 0.02 0.02 0.02 0.02 0.02 0.023 0.026 0.029 0.032 0.034 0.037 0.04 0.043 0.047 0.053 0.058 0.063 0.069 0.074 0.079 0.085 0.162 0.271 0.38 0.49 0.599 0.708 0.817 0.926 1.035 1.13 1.224 1.318 1.412 1.505 1.599 1.693 1.817 2.04 2.262 2.485 2.708 2.931 3.154 3.377 3.647 3.936 4.224 4.513 4.802 5.091 5.38 5.668 5.957 6.125 6.254 6.384 6.514 6.644 6.774 6.904 7.033 7.163 7.276 7.376 7.475 7.575 7.675 7.774 7.874 8.091 8.59 9.09 9.589 10.088 10.587 11.086 11.599 12.158 12.717 13.276 13.836 14.395 14.954 15.513 16.073 16.632 17.207 17.786 18.364 18.943 19.521 20.1 20.679 21.257 21.836 22.395 22.859 23.323 23.787 24.251 24.715 25.18 25.59 25.902 26.215 26.528 26.841 27.154 27.466 27.905 28.389 28.874 29.358 29.842 30.327 30.811 31.295 31.779 32.264 32.518 32.745 32.972 33.199 33.426 33.652 33.879 34.106 34.333 34.56 34.663 34.73 34.796 34.862 34.928
0.022 0.022 0.022 0.022 0.022 0.022 0.025 0.028 0.031 0.033 0.036 0.039 0.042 0.046 0.051 0.057 0.062 0.067 0.073 0.078 0.083 0.089 0.168 0.277 0.386 0.495 0.604 0.714 0.823 0.932 1.029 1.123 1.216 1.31 1.404 1.498 1.592 1.686 1.811 2.034 2.257 2.48 2.703 2.926 3.149 3.371 3.594 3.878 4.166 4.455 4.744 5.033 5.322 5.61 5.899 6.064 6.194 6.324 6.453 6.583 6.713 6.843 6.973 7.09 7.19 7.289 7.389 7.489 7.588 7.688 7.788 8.012 8.511 9.01 9.509 10.008 10.507 11.006 11.506 12.03 12.589 13.149 13.708 14.267 14.826 15.386 15.945 16.504 17.08 17.658 18.237 18.815 19.394 19.973 20.551 21.13 21.705 22.17 22.634 23.098 23.562 24.026 24.49 24.954 25.362 25.675 25.987 26.3 26.613 26.926 27.239 27.551 28.025 28.509 28.993 29.478 29.962 30.446 30.93 31.415 31.899 32.149 32.376 32.603 32.83 33.057 33.283 33.51 33.737 33.964 34.091 34.157 34.223 34.289 34.356 34.422
0.024 0.024 0.024 0.024 0.023 0.024 0.027 0.03 0.032 0.035 0.038 0.041 0.045 0.05 0.055 0.061 0.066 0.071 0.077 0.082 0.087 0.093 0.173 0.283 0.392 0.501 0.61 0.719 0.828 0.927 1.021 1.115 1.209 1.303 1.397 1.491 1.584 1.678 1.806 2.029 2.252 2.475 2.698 2.92 3.143 3.366 3.589 3.82 4.108 4.397 4.686 4.975 5.264 5.552 5.841 6.003 6.133 6.263 6.393 6.523 6.652 6.782 6.904 7.004 7.103 7.203 7.303 7.402 7.502 7.602 7.701 7.932 8.431 8.93 9.429 9.928 10.428 10.927 11.426 11.925 12.462 13.021 13.58 14.139 14.699 15.258 15.817 16.376 16.952 17.531 18.109 18.688 19.267 19.845 20.424 21.002 21.48 21.944 22.408 22.873 23.337 23.801 24.265 24.729 25.134 25.447 25.76 26.072 26.385 26.698 27.011 27.324 27.66 28.144 28.629 29.113 29.597 30.082 30.566 31.05 31.534 31.78 32.007 32.234 32.461 32.688 32.914 33.141 33.368 33.518 33.584 33.651 33.717 33.783 33.849 33.915
0.026 0.025 0.025 0.025 0.025 0.026 0.029 0.031 0.034 0.037 0.04 0.043 0.048 0.054 0.059 0.065 0.07 0.075 0.081 0.086 0.091 0.097 0.179 0.288 0.397 0.507 0.616 0.725 0.826 0.92 1.014 1.108 1.202 1.295 1.389 1.483 1.577 1.671 1.801 2.024 2.246 2.469 2.692 2.915 3.138 3.361 3.584 3.806 4.05 4.339 4.628 4.917 5.206 5.494 5.783 5.943 6.073 6.202 6.332 6.462 6.592 6.718 6.817 6.917 7.017 7.117 7.216 7.316 7.416 7.515 7.615 7.852 8.351 8.85 9.35 9.849 10.348 10.847 11.346 11.845 12.344 12.893 13.452 14.012 14.571 15.13 15.689 16.249 16.825 17.403 17.982 18.561 19.139 19.718 20.296 20.791 21.255 21.719 22.183 22.647 23.111 23.576 24.04 24.504 24.906 25.219 25.532 25.845 26.157 26.47 26.783 27.096 27.409 27.78 28.264 28.748 29.233 29.717 30.201 30.686 31.17 31.411 31.638 31.865 32.092 32.319 32.545 32.772 32.946 33.012 33.078 33.144 33.21 33.277 33.343 33.409
0.027 0.027 0.027 0.027 0.027 0.028 0.03 0.033 0.036 0.039 0.042 0.047 0.052 0.058 0.063 0.068 0.074 0.079 0.085 0.09 0.095 0.101 0.185 0.294 0.403 0.512 0.621 0.725 0.819 0.913 1.006 1.1 1.194 1.288 1.382 1.476 1.57 1.663 1.795 2.018 2.241 2.464 2.687 2.91 3.133 3.355 3.578 3.801 4.024 4.281 4.57 4.859 5.147 5.436 5.725 5.882 6.012 6.142 6.272 6.401 6.531 6.631 6.731 6.831 6.93 7.03 7.13 7.229 7.329 7.429 7.528 7.772 8.271 8.771 9.27 9.769 10.268 10.767 11.266 11.765 12.265 12.765 13.325 13.884 14.443 15.002 15.562 16.121 16.697 17.276 17.854 18.433 19.012 19.59 20.101 20.566 21.03 21.494 21.958 22.422 22.886 23.35 23.814 24.278 24.678 24.991 25.304 25.617 25.93 26.242 26.555 26.868 27.181 27.494 27.9 28.384 28.868 29.352 29.837 30.321 30.805 31.042 31.269 31.496 31.723 31.95 32.176 32.373 32.439 32.505 32.572 32.638 32.704 32.77 32.836 32.902
0.029 0.029 0.029 0.029 0.029 0.029 0.032 0.035 0.038 0.041 0.046 0.051 0.056 0.062 0.067 0.072 0.078 0.083 0.089 0.094 0.099 0.105 0.19 0.3 0.409 0.518 0.624 0.718 0.811 0.905 0.999 1.093 1.187 1.281 1.374 1.468 1.562 1.656 1.79 2.013 2.236 2.459 2.682 2.904 3.127 3.35 3.573 3.796 4.019 4.242 4.512 4.801 5.089 5.378 5.667 5.822 5.951 6.081 6.211 6.341 6.445 6.545 6.645 6.744 6.844 6.944 7.043 7.143 7.243 7.342 7.442 7.693 8.192 8.691 9.19 9.689 10.188 10.687 11.187 11.686 12.185 12.684 13.197 13.756 14.315 14.875 15.434 15.993 16.57 17.148 17.727 18.306 18.884 19.412 19.876 20.34 20.804 21.269 21.733 22.197 22.661 23.125 23.589 24.053 24.45 24.763 25.076 25.389 25.702 26.015 26.327 26.64 26.953 27.266 27.579 28.019 28.503 28.988 29.472 29.956 30.441 30.673 30.9 31.127 31.354 31.581 31.801 31.867 31.933 31.999 32.065 32.131 32.197 32.264 32.33 32.396
0.031 0.031 0.031 0.031 0.031 0.031 0.034 0.037 0.04 0.044 0.05 0.055 0.06 0.066 0.071 0.076 0.082 0.087 0.092 0.098 0.103 0.109 0.196 0.305 0.414 0.522 0.616 0.71 0.804 0.898 0.992 1.086 1.179 1.273 1.367 1.461 1.555 1.649 1.785 2.008 2.231 2.453 2.676 2.899 3.122 3.345 3.568 3.791 4.013 4.236 4.459 4.743 5.031 5.32 5.609 5.761 5.891 6.021 6.15 6.259 6.359 6.459 6.558 6.658 6.758 6.857 6.957 7.057 7.156 7.256 7.356 7.613 8.112 8.611 9.11 9.609 10.109 10.608 11.107 11.606 12.105 12.604 13.103 13.628 14.188 14.747 15.306 15.865 16.442 17.021 17.6 18.178 18.723 19.187 19.651 20.115 20.579 21.043 21.507 21.971 22.436 22.9 23.364 23.828 24.223 24.535 24.848 25.161 25.474 25.787 26.099 26.412 26.725 27.038 27.351 27.664 28.139 28.623 29.107 29.592 30.076 30.304 30.531 30.758 30.985 31.212 31.294 31.36 31.426 31.493 31.559 31.625 31.691 31.757 31.823 31.89
0.032 0.032 0.032 0.032 0.032 0.033 0.036 0.039 0.043 0.048 0.054 0.059 0.064 0.07 0.075 0.08 0.086 0.091 0.096 0.102 0.107 0.112 0.202 0.311 0.42 0.515 0.609 0.703 0.797 0.89 0.984 1.078 1.172 1.266 1.36 1.454 1.547 1.641 1.779 2.002 2.225 2.448 2.671 2.894 3.117 3.339 3.562 3.785 4.008 4.231 4.454 4.685 4.973 5.262 5.551 5.7 5.83 5.96 6.073 6.173 6.273 6.372 6.472 6.572 6.671 6.771 6.871 6.97 7.07 7.17 7.269 7.533 8.032 8.531 9.03 9.53 10.029 10.528 11.027 11.526 12.025 12.524 13.024 13.523 14.06 14.619 15.178 15.738 16.315 16.894 17.472 18.033 18.497 18.962 19.426 19.89 20.354 20.818 21.282 21.746 22.21 22.674 23.139 23.603 23.995 24.308 24.62 24.933 25.246 25.559 25.872 26.184 26.497 26.81 27.123 27.436 27.774 28.259 28.743 29.227 29.708 29.935 30.162 30.389 30.616 30.721 30.788 30.854 30.92 30.986 31.052 31.118 31.185 31.251 31.317 31.383
0.034 0.034 0.034 0.034 0.034 0.035 0.038 0.042 0.047 0.052 0.058 0.063 0.068 0.074 0.079 0.084 0.09 0.095 0.1 0.106 0.111 0.116 0.207 0.316 0.414 0.508 0.601 0.695 0.789 0.883 0.977 1.071 1.165 1.258 1.352 1.446 1.54 1.634 1.774 1.997 2.22 2.443 2.666 2.888 3.111 3.334 3.557 3.78 4.003 4.226 4.448 4.671 4.915 5.204 5.493 5.64 5.77 5.887 5.987 6.087 6.186 6.286 6.386 6.485 6.585 6.685 6.784 6.884 6.984 7.083 7.183 7.453 7.952 8.452 8.951 9.45 9.949 10.448 10.947 11.446 11.946 12.445 12.944 13.443 13.942 14.491 15.051 15.61 16.188 16.766 17.344 17.808 18.272 18.736 19.2 19.664 20.129 20.593 21.057 21.521 21.985 22.449 22.913 23.377 23.767 24.08 24.393 24.705 25.018 25.331 25.644 25.957 26.269 26.582 26.895 27.208 27.521 27.894 28.378 28.863 29.339 29.566 29.793 30.02 30.149 30.215 30.281 30.347 30.414 30.48 30.546 30.612 30.678 30.744 30.81 30.877
0.035 0.035 0.036 0.036 0.036 0.037 0.04 0.046 0.051 0.056 0.062 0.067 0.072 0.078 0.083 0.088 0.094 0.099 0.104 0.11 0.115 0.12 0.213 0.312 0.406 0.5 0.594 0.688 0.782 0.876 0.969 1.063 1.157 1.251 1.345 1.439 1.533 1.626 1.769 1.992 2.215 2.437 2.66 2.883 3.106 3.329 3.552 3.775 3.997 4.22 4.443 4.666 4.889 5.146 5.435 5.579 5.701 5.801 5.901 6.0 6.1 6.2 6.299 6.399 6.499 6.598 6.698 6.798 6.897 6.997 7.097 7.374 7.873 8.372 8.871 9.37 9.869 10.368 10.868 11.367 11.866 12.365 12.864 13.363 13.862 14.364 14.923 15.482 16.06 16.639 17.119 17.583 18.047 18.511 18.975 19.439 19.903 20.367 20.832 21.296 21.76 22.224 22.688 23.152 23.539 23.852 24.165 24.478 24.79 25.103 25.416 25.729 26.042 26.354 26.667 26.98 27.293 27.606 28.014 28.498 28.97 29.197 29.424 29.576 29.642 29.709 29.775 29.841 29.907 29.973 30.039 30.106 30.172 30.238 30.304 30.37
0.037 0.037 0.037 0.037 0.038 0.039 0.044 0.05 0.055 0.06 0.066 0.071 0.076 0.082 0.087 0.092 0.098 0.103 0.108 0.114 0.119 0.124 0.211 0.305 0.399 0.493 0.587 0.68 0.774 0.868 0.962 1.056 1.15 1.244 1.337 1.431 1.525 1.619 1.764 1.986 2.209 2.432 2.655 2.878 3.101 3.324 3.546 3.769 3.992 4.215 4.438 4.661 4.884 5.106 5.377 5.515 5.615 5.715 5.814 5.914 6.014 6.113 6.213 6.313 6.412 6.512 6.612 6.711 6.811 6.911 7.01 7.294 7.793 8.292 8.791 9.29 9.789 10.289 10.788 11.287 11.786 12.285 12.784 13.283 13.783 14.282 14.795 15.354 15.933 16.429 16.893 17.357 17.822 18.286 18.75 19.214 19.678 20.142 20.606 21.07 21.535 21.999 22.463 22.927 23.311 23.624 23.937 24.25 24.563 24.875 25.188 25.501 25.814 26.127 26.439 26.752 27.065 27.378 27.691 28.133 28.601 28.828 29.004 29.07 29.136 29.202 29.268 29.334 29.401 29.467 29.533 29.599 29.665 29.731 29.798 29.864
0.124 0.123 0.122 0.12 0.12 0.181 0.217 0.219 0.221 0.223 0.225 0.227 0.229 0.231 0.233 0.235 0.237 0.239 0.241 0.243 0.245 0.247 0.356 0.446 0.535 0.624 0.714 0.803 0.892 0.981 1.071 1.16 1.249 1.339 1.428 1.517 1.607 1.696 1.828 2.047 2.266 2.485 2.704 2.923 3.141 3.36 3.579 3.798 4.017 4.235 4.454 4.673 4.892 5.111 5.329 5.431 5.529 5.628 5.728 5.828 5.927 6.027 6.127 6.226 6.326 6.426 6.525 6.625 6.725 6.824 6.924 7.214 7.713 8.212 8.711 9.211 9.71 10.209 10.708 11.207 11.706 12.205 12.705 13.204 13.703 14.202 14.701 15.227 15.74 16.204 16.668 17.132 17.596 18.06 18.525 18.989 19.453 19.917 20.381 20.845 21.309 21.773 22.237 22.702 23.084 23.396 23.709 24.022 24.335 24.648 24.96 25.273 25.586 25.899 26.212 26.524 26.837 27.15 27.463 27.776 28.232 28.431 28.497 28.563 28.63 28.696 28.762 28.828 28.894 28.96 29.027 29.093 29.159 29.225 29.291 29.357
0.222 0.221 0.22 0.218 0.25 0.312 0.42 0.436 0.438 0.44 0.442 0.444 0.446 0.447 0.449 0.451 0.453 0.455 0.457 0.459 0.461 0.463 0.605 0.72 0.81 0.899 0.988 1.078 1.167 1.256 1.346 1.435 1.524 1.614 1.703 1.792 1.881 1.971 2.097 2.29 2.509 2.728 2.947 3.166 3.384 3.603 3.822 4.041 4.26 4.478 4.697 4.916 5.135 5.354 5.572 5.672 5.766 5.86 5.955 6.049 6.143 6.238 6.332 6.426 6.52 6.615 6.709 6.803 6.898 6.992 7.101 7.423 7.908 8.401 8.894 9.386 9.879 10.372 10.865 11.358 11.851 12.343 12.836 13.329 13.822 14.315 14.808 15.3 15.755 16.21 16.666 17.121 17.576 18.032 18.487 18.942 19.398 19.853 20.308 20.764 21.219 21.674 22.13 22.585 22.916 23.223 23.531 23.838 24.146 24.453 24.76 25.068 25.375 25.683 25.99 26.298 26.609 26.922 27.235 27.548 27.858 27.925 27.991 28.057 28.123 28.189 28.255 28.322 28.388 28.454 28.52 28.586 28.652 28.719 28.785 28.851
0.321 0.319 0.318 0.344 0.381 0.444 0.552 0.652 0.654 0.656 0.658 0.66 0.662 0.664 0.666 0.668 0.67 0.672 0.674 0.676 0.678 0.68 0.824 0.983 1.085 1.174 1.263 1.352 1.442 1.531 1.62 1.71 1.799 1.888 1.978 2.067 2.156 2.246 2.374 2.551 2.752 2.971 3.19 3.409 3.627 3.846 4.065 4.284 4.503 4.721 4.94 5.159 5.378 5.597 5.815 5.913 6.007 6.101 6.196 6.29 6.384 6.479 6.573 6.667 6.761 6.856 6.95 7.044 7.139 7.233 7.449 7.773 8.206 8.699 9.192 9.685 10.177 10.67 11.163 11.656 12.149 12.642 13.135 13.627 14.12 14.613 15.106 15.597 16.052 16.508 16.963 17.418 17.874 18.329 18.784 19.24 19.695 20.15 20.606 21.061 21.516 21.972 22.427 22.809 23.053 23.31 23.617 23.925 24.232 24.54 24.847 25.155 25.462 25.77 26.077 26.385 26.692 26.999 27.307 27.614 27.893 27.949 28.005 28.061 28.117 28.173 28.229 28.285 28.342 28.398 28.454 28.51 28.566 28.622 28.678 28.734
0.419 0.417 0.438 0.475 0.511 0.575 0.683 0.792 0.871 0.873 0.874 0.876 0.878 0.88 0.882 0.884 0.886 0.888 0.89 0.892 0.894 0.896 1.043 1.202 1.359 1.449 1.538 1.627 1.717 1.806 1.895 1.984 2.074 2.163 2.252 2.342 2.431 2.52 2.65 2.827 3.004 3.214 3.433 3.652 3.87 4.089 4.308 4.527 4.746 4.964 5.183 5.402 5.621 5.84 6.058 6.154 6.248 6.342 6.437 6.531 6.625 6.719 6.814 6.908 7.002 7.097 7.191 7.285 7.379 7.577 7.796 8.124 8.551 8.997 9.49 9.983 10.476 10.968 11.461 11.954 12.447 12.94 13.433 13.926 14.418 14.911 15.404 15.895 16.35 16.805 17.261 17.716 18.171 18.627 19.082 19.537 19.993 20.448 20.903 21.359 21.814 22.269 22.669 22.998 23.239 23.421 23.704 24.012 24.319 24.626 24.934 25.241 25.549 25.856 26.164 26.471 26.779 27.086 27.394 27.701 27.976 28.032 28.088 28.144 28.2 28.256 28.312 28.368 28.424 28.48 28.536 28.592 28.648 28.704 28.76 28.819
0.517 0.532 0.569 0.605 0.642 0.707 0.815 0.923 1.031 1.089 1.091 1.093 1.095 1.097 1.099 1.101 1.103 1.105 1.107 1.109 1.11 1.112 1.262 1.421 1.58 1.723 1.813 1.902 1.991 2.081 2.17 2.259 2.349 2.438 2.527 2.616 2.706 2.795 2.926 3.103 3.281 3.458 3.676 3.895 4.113 4.332 4.551 4.77 4.989 5.207 5.426 5.645 5.864 6.083 6.3 6.395 6.489 6.583 6.678 6.772 6.866 6.96 7.055 7.149 7.243 7.338 7.432 7.526 7.705 7.924 8.143 8.475 8.902 9.329 9.788 10.281 10.774 11.267 11.76 12.252 12.745 13.238 13.731 14.224 14.717 15.209 15.702 16.192 16.648 17.103 17.558 18.014 18.469 18.924 19.38 19.835 20.29 20.746 21.201 21.656 22.112 22.53 22.859 23.187 23.426 23.608 23.791 24.098 24.406 24.713 25.021 25.328 25.636 25.943 26.251 26.558 26.865 27.173 27.48 27.788 28.058 28.114 28.17 28.226 28.282 28.338 28.394 28.45 28.506 28.563 28.619 28.675 28.731 28.787 28.843 28.968
0.626 0.662 0.699 0.736 0.772 0.839 0.947 1.055 1.163 1.271 1.307 1.309 1.311 1.313 1.315 1.317 1.319 1.321 1.323 1.325 1.327 1.329 1.48 1.64 1.799 1.958 2.087 2.177 2.266 2.355 2.445 2.534 2.623 2.713 2.802 2.891 2.981 3.07 3.202 3.38 3.557 3.734 3.919 4.138 4.356 4.575 4.794 5.013 5.232 5.45 5.669 5.888 6.107 6.326 6.541 6.636 6.73 6.824 6.919 7.013 7.107 7.201 7.296 7.39 7.484 7.579 7.673 7.834 8.053 8.272 8.49 8.826 9.253 9.68 10.107 10.579 11.072 11.565 12.058 12.551 13.043 13.536 14.029 14.522 15.015 15.508 16.001 16.49 16.945 17.401 17.856 18.311 18.766 19.222 19.677 20.132 20.588 21.043 21.498 21.954 22.391 22.719 23.048 23.376 23.613 23.795 23.977 24.185 24.493 24.8 25.107 25.415 25.722 26.03 26.337 26.645 26.952 27.26 27.567 27.875 28.141 28.197 28.253 28.309 28.365 28.421 28.477 28.533 28.589 28.645 28.701 28.757 28.813 28.869 28.983 29.116
0.756 0.793 0.829 0.866 0.903 0.97 1.078 1.186 1.295 1.403 1.511 1.526 1.528 1.53 1.532 1.534 1.536 1.537 1.539 1.541 1.543 1.545 1.699 1.859 2.018 2.177 2.336 2.452 2.541 2.63 2.719 2.809 2.898 2.987 3.077 3.166 3.255 3.345 3.478 3.656 3.833 4.01 4.187 4.381 4.599 4.818 5.037 5.256 5.475 5.693 5.912 6.131 6.35 6.569 6.782 6.877 6.971 7.065 7.16 7.254 7.348 7.442 7.537 7.631 7.725 7.82 7.962 8.181 8.4 8.619 8.838 9.176 9.603 10.03 10.457 10.884 11.37 11.863 12.356 12.849 13.342 13.834 14.327 14.82 15.313 15.806 16.299 16.787 17.243 17.698 18.153 18.609 19.064 19.519 19.975 20.43 20.885 21.341 21.796 22.251 22.58 22.909 23.237 23.566 23.8 23.982 24.164 24.346 24.579 24.887 25.194 25.502 25.809 26.117 26.424 26.732 27.039 27.346 27.654 27.961 28.223 28.279 28.335 28.391 28.447 28.503 28.559 28.615 28.671 28.727 28.783 28.84 28.896 28.998 29.131 29.265
0.887 0.923 0.96 0.997 1.033 1.102 1.21 1.318 1.426 1.534 1.642 1.742 1.744 1.746 1.748 1.75 1.752 1.754 1.756 1.758 1.76 1.762 1.918 2.078 2.237 2.396 2.555 2.714 2.816 2.905 2.994 3.084 3.173 3.262 3.352 3.441 3.53 3.619 3.755 3.932 4.109 4.286 4.464 4.641 4.842 5.061 5.28 5.499 5.718 5.936 6.155 6.374 6.593 6.812 7.023 7.118 7.212 7.306 7.4 7.495 7.589 7.683 7.778 7.872 7.966 8.091 8.31 8.528 8.747 8.966 9.185 9.527 9.954 10.381 10.808 11.235 11.668 12.161 12.654 13.147 13.64 14.133 14.625 15.118 15.611 16.104 16.597 17.085 17.54 17.996 18.451 18.906 19.362 19.817 20.272 20.728 21.183 21.638 22.094 22.441 22.769 23.098 23.426 23.755 23.987 24.169 24.351 24.533 24.715 24.974 25.281 25.588 25.896 26.203 26.511 26.818 27.126 27.433 27.741 28.048 28.305 28.361 28.418 28.474 28.53 28.586 28.642 28.698 28.754 28.81 28.866 28.922 29.013 29.147 29.28 29.413
1.017 1.054 1.09 1.127 1.164 1.234 1.342 1.45 1.558 1.666 1.774 1.882 1.961 1.963 1.964 1.966 1.968 1.97 1.972 1.974 1.976 1.978 2.137 2.297 2.456 2.615 2.774 2.933 3.09 3.18 3.269 3.358 3.448 3.537 3.626 3.716 3.805 3.894 4.031 4.208 4.385 4.563 4.74 4.917 5.094 5.304 5.523 5.742 5.961 6.179 6.398 6.617 6.836 7.055 7.264 7.359 7.453 7.547 7.641 7.736 7.83 7.924 8.019 8.113 8.219 8.438 8.657 8.876 9.095 9.313 9.532 9.878 10.305 10.732 11.159 11.586 12.013 12.459 12.952 13.445 13.938 14.431 14.924 15.417 15.909 16.402 16.895 17.383 17.838 18.293 18.749 19.204 19.659 20.114 20.57 21.025 21.48 21.936 22.301 22.63 22.959 23.287 23.616 23.944 24.173 24.355 24.537 24.719 24.901 25.083 25.368 25.675 25.983 26.29 26.598 26.905 27.213 27.52 27.827 28.135 28.388 28.444 28.5 28.556 28.612 28.668 28.724 28.78 28.836 28.892 28.948 29.029 29.162 29.295 29.428 29.561
1.148 1.184 1.221 1.258 1.294 1.365 1.473 1.581 1.689 1.797 1.906 2.014 2.122 2.179 2.181 2.183 2.185 2.187 2.189 2.191 2.193 2.197 2.356 2.515 2.675 2.834 2.993 3.152 3.311 3.455 3.544 3.633 3.722 3.812 3.901 3.99 4.08 4.169 4.307 4.484 4.662 4.839 5.016 5.193 5.371 5.548 5.766 5.985 6.204 6.422 6.641 6.86 7.079 7.298 7.505 7.6 7.694 7.788 7.882 7.977 8.071 8.165 8.26 8.354 8.567 8.785 9.004 9.223 9.442 9.661 9.879 10.228 10.656 11.083 11.51 11.937 12.364 12.791 13.25 13.743 14.236 14.729 15.222 15.715 16.208 16.7 17.193 17.68 18.135 18.591 19.046 19.501 19.957 20.412 20.867 21.323 21.778 22.162 22.491 22.819 23.148 23.476 23.805 24.134 24.36 24.542 24.724 24.906 25.088 25.27 25.454 25.762 26.069 26.377 26.684 26.992 27.299 27.607 27.914 28.222 28.47 28.526 28.582 28.639 28.695 28.751 28.807 28.863 28.919 28.975 29.044 29.177 29.31 29.443 29.577 29.71
1.278 1.315 1.351 1.388 1.425 1.497 1.605 1.713 1.821 1.929 2.037 2.145 2.253 2.361 2.397 2.399 2.401 2.403 2.405 2.407 2.409 2.416 2.575 2.734 2.894 3.053 3.212 3.371 3.53 3.69 3.819 3.908 3.997 4.087 4.176 4.265 4.354 4.444 4.583 4.761 4.938 5.115 5.292 5.47 5.647 5.824 6.009 6.228 6.447 6.665 6.884 7.103 7.322 7.541 7.746 7.841 7.935 8.029 8.123 8.218 8.312 8.406 8.501 8.695 8.914 9.133 9.351 9.57 9.789 10.008 10.227 10.579 11.006 11.433 11.86 12.287 12.714 13.141 13.568 14.041 14.534 15.027 15.52 16.013 16.506 16.999 17.491 17.978 18.433 18.888 19.344 19.799 20.254 20.71 21.165 21.62 22.023 22.351 22.68 23.008 23.337 23.666 23.994 24.323 24.547 24.729 24.911 25.093 25.275 25.457 25.639 25.849 26.156 26.464 26.771 27.079 27.386 27.693 28.001 28.308 28.553 28.609 28.665 28.721 28.777 28.833 28.889 28.945 29.001 29.059 29.192 29.325 29.459 29.592 29.725 29.858
1.409 1.445 1.482 1.519 1.555 1.628 1.736 1.845 1.953 2.061 2.169 2.277 2.385 2.493 2.601 2.616 2.618 2.62 2.622 2.624 2.626 2.635 2.794 2.953 3.113 3.272 3.431 3.59 3.749 3.909 4.068 4.183 4.272 4.361 4.451 4.54 4.629 4.719 4.86 5.037 5.214 5.391 5.568 5.746 5.923 6.1 6.277 6.471 6.69 6.908 7.127 7.346 7.565 7.784 7.987 8.082 8.176 8.27 8.364 8.459 8.553 8.647 8.824 9.042 9.261 9.48 9.699 9.918 10.136 10.355 10.574 10.93 11.357 11.784 12.211 12.638 13.065 13.492 13.919 14.346 14.833 15.325 15.818 16.311 16.804 17.297 17.79 18.275 18.731 19.186 19.641 20.097 20.552 21.007 21.463 21.883 22.212 22.541 22.869 23.198 23.526 23.855 24.183 24.512 24.734 24.916 25.098 25.28 25.462 25.644 25.826 26.008 26.243 26.55 26.858 27.165 27.473 27.78 28.088 28.395 28.635 28.691 28.747 28.803 28.859 28.916 28.972 29.028 29.084 29.207 29.341 29.474 29.607 29.74 29.874 30.007
1.539 1.576 1.612 1.649 1.686 1.76 1.868 1.976 2.084 2.192 2.3 2.408 2.517 2.625 2.733 2.832 2.834 2.836 2.838 2.84 2.842 2.854 3.013 3.172 3.332 3.491 3.65 3.809 3.968 4.128 4.287 4.446 4.547 4.636 4.725 4.815 4.904 4.993 5.136 5.313 5.49 5.667 5.845 6.022 6.199 6.376 6.554 6.731 6.933 7.151 7.37 7.589 7.808 8.027 8.228 8.322 8.417 8.511 8.605 8.7 8.794 8.952 9.171 9.39 9.608 9.827 10.046 10.265 10.484 10.702 10.921 11.281 11.708 12.135 12.562 12.989 13.416 13.843 14.27 14.697 15.131 15.624 16.116 16.609 17.102 17.595 18.088 18.573 19.028 19.483 19.939 20.394 20.849 21.305 21.744 22.073 22.401 22.73 23.058 23.387 23.716 24.044 24.373 24.701 24.921 25.103 25.285 25.467 25.649 25.831 26.013 26.195 26.377 26.637 26.945 27.252 27.56 27.867 28.174 28.482 28.718 28.774 28.83 28.886 28.942 28.998 29.054 29.11 29.223 29.356 29.489 29.622 29.756 29.889 30.022 30.155
1.67 1.706 1.743 1.78 1.816 1.892 2.0 2.108 2.216 2.324 2.432 2.54 2.648 2.756 2.864 2.972 3.051 3.053 3.055 3.056 3.058 3.073 3.232 3.391 3.551 3.71 3.869 4.028 4.187 4.346 4.506 4.665 4.822 4.911 5.0 5.09 5.179 5.268 5.412 5.589 5.766 5.944 6.121 6.298 6.475 6.653 6.83 7.007 7.184 7.394 7.613 7.832 8.051 8.27 8.469 8.563 8.658 8.752 8.846 8.941 9.081 9.299 9.518 9.737 9.956 10.174 10.393 10.612 10.831 11.05 11.268 11.631 12.058 12.485 12.912 13.339 13.767 14.194 14.621 15.048 15.475 15.922 16.415 16.907 17.4 17.893 18.386 18.87 19.326 19.781 20.236 20.692 21.147 21.602 21.933 22.262 22.591 22.919 23.248 23.576 23.905 24.233 24.562 24.891 25.107 25.289 25.471 25.653 25.835 26.017 26.199 26.381 26.563 26.745 27.031 27.339 27.646 27.954 28.261 28.569 28.8 28.856 28.912 28.968 29.024 29.08 29.137 29.238 29.371 29.504 29.638 29.771 29.904 30.037 30.17 30.304
1.8 1.837 1.873 1.91 1.947 2.023 2.131 2.239 2.347 2.456 2.564 2.672 2.78 2.888 2.996 3.104 3.212 3.269 3.271 3.273 3.275 3.292 3.451 3.61 3.769 3.929 4.088 4.247 4.406 4.565 4.725 4.884 5.043 5.186 5.275 5.364 5.454 5.543 5.688 5.865 6.043 6.22 6.397 6.574 6.752 6.929 7.106 7.283 7.461 7.638 7.856 8.075 8.294 8.513 8.71 8.804 8.899 8.993 9.087 9.209 9.428 9.647 9.865 10.084 10.303 10.522 10.741 10.959 11.178 11.397 11.616 11.982 12.409 12.836 13.263 13.69 14.117 14.544 14.971 15.398 15.825 16.252 16.713 17.206 17.698 18.191 18.684 19.168 19.623 20.079 20.534 20.989 21.445 21.794 22.123 22.451 22.78 23.108 23.437 23.766 24.094 24.423 24.751 25.08 25.294 25.476 25.658 25.84 26.022 26.204 26.386 26.568 26.75 26.932 27.118 27.426 27.733 28.041 28.348 28.655 28.883 28.939 28.995 29.051 29.107 29.163 29.253 29.386 29.519 29.653 29.786 29.919 30.052 30.186 30.319 30.452
1.931 1.967 2.004 2.041 2.077 2.155 2.263 2.371 2.479 2.587 2.695 2.803 2.911 3.019 3.128 3.236 3.344 3.452 3.487 3.489 3.491 3.511 3.67 3.829 3.988 4.148 4.307 4.466 4.625 4.784 4.944 5.103 5.262 5.421 5.55 5.639 5.728 5.818 5.964 6.142 6.319 6.496 6.673 6.851 7.028 7.205 7.382 7.56 7.737 7.914 8.099 8.318 8.537 8.756 8.951 9.045 9.14 9.234 9.337 9.556 9.775 9.994 10.213 10.431 10.65 10.869 11.088 11.307 11.525 11.744 11.963 12.333 12.76 13.187 13.614 14.041 14.468 14.895 15.322 15.749 16.176 16.603 17.03 17.504 17.997 18.49 18.982 19.465 19.921 20.376 20.831 21.287 21.655 21.983 22.312 22.64 22.969 23.298 23.626 23.955 24.283 24.612 24.941 25.269 25.481 25.663 25.845 26.027 26.209 26.391 26.573 26.755 26.937 27.119 27.301 27.512 27.82 28.127 28.435 28.742 28.965 29.021 29.077 29.133 29.189 29.268 29.401 29.535 29.668 29.801 29.934 30.068 30.201 30.334 30.467 30.601
2.061 2.098 2.134 2.171 2.208 2.286 2.395 2.503 2.611 2.719 2.827 2.935 3.043 3.151 3.259 3.367 3.475 3.583 3.691 3.706 3.708 3.73 3.889 4.048 4.207 4.367 4.526 4.685 4.844 5.003 5.163 5.322 5.481 5.64 5.799 5.914 6.003 6.092 6.241 6.418 6.595 6.772 6.95 7.127 7.304 7.481 7.659 7.836 8.013 8.19 8.367 8.561 8.78 8.999 9.192 9.286 9.381 9.475 9.685 9.904 10.122 10.341 10.56 10.779 10.998 11.216 11.435 11.654 11.873 12.091 12.31 12.683 13.11 13.538 13.965 14.392 14.819 15.246 15.673 16.1 16.527 16.954 17.381 17.808 18.295 18.788 19.281 19.763 20.218 20.674 21.129 21.515 21.844 22.173 22.501 22.83 23.158 23.487 23.816 24.144 24.473 24.801 25.13 25.458 25.668 25.85 26.032 26.214 26.396 26.578 26.76 26.942 27.124 27.306 27.488 27.67 27.907 28.214 28.521 28.829 29.048 29.104 29.16 29.216 29.283 29.417 29.55 29.683 29.816 29.95 30.083 30.216 30.349 30.483 30.616 30.749
2.192 2.228 2.265 2.301 2.338 2.418 2.526 2.634 2.742 2.85 2.958 3.067 3.175 3.283 3.391 3.499 3.607 3.715 3.823 3.922 3.924 3.949 4.108 4.267 4.426 4.586 4.745 4.904 5.063 5.222 5.382 5.541 5.7 5.859 6.018 6.177 6.278 6.367 6.517 6.694 6.871 7.048 7.226 7.403 7.58 7.757 7.935 8.112 8.289 8.466 8.644 8.821 9.023 9.242 9.433 9.527 9.622 9.813 10.032 10.251 10.47 10.688 10.907 11.126 11.345 11.564 11.782 12.001 12.22 12.439 12.658 13.034 13.461 13.888 14.315 14.742 15.169 15.596 16.023 16.45 16.878 17.305 17.732 18.159 18.593 19.086 19.579 20.061 20.516 20.971 21.376 21.705 22.033 22.362 22.69 23.019 23.348 23.676 24.005 24.333 24.662 24.991 25.319 25.648 25.854 26.036 26.218 26.4 26.582 26.764 26.946 27.128 27.31 27.492 27.674 27.856 28.038 28.301 28.608 28.916 29.13 29.186 29.242 29.299 29.432 29.565 29.698 29.832 29.965 30.098 30.231 30.365 30.498 30.631 30.764 30.897
2.322 2.359 2.395 2.432 2.469 2.55 2.658 2.766 2.874 2.982 3.09 3.198 3.306 3.414 3.522 3.631 3.739 3.847 3.955 4.063 4.141 4.168 4.327 4.486 4.645 4.804 4.964 5.123 5.282 5.441 5.6 5.76 5.919 6.078 6.237 6.396 6.553 6.642 6.793 6.97 7.147 7.325 7.502 7.679 7.856 8.034 8.211 8.388 8.565 8.743 8.92 9.097 9.274 9.485 9.674 9.768 9.942 10.16 10.379 10.598 10.817 11.036 11.254 11.473 11.692 11.911 12.13 12.348 12.567 12.786 13.005 13.385 13.812 14.239 14.666 15.093 15.52 15.947 16.374 16.801 17.228 17.655 18.082 18.509 18.936 19.384 19.877 20.358 20.813 21.237 21.565 21.894 22.223 22.551 22.88 23.208 23.537 23.865 24.194 24.523 24.851 25.18 25.508 25.837 26.041 26.223 26.405 26.587 26.769 26.951 27.133 27.315 27.497 27.679 27.861 28.043 28.225 28.407 28.695 29.002 29.213 29.269 29.325 29.447 29.58 29.714 29.847 29.98 30.113 30.247 30.38 30.513 30.646 30.779 30.913 31.046
2.453 2.489 2.526 2.562 2.599 2.681 2.789 2.897 3.006 3.114 3.222 3.33 3.438 3.546 3.654 3.762 3.87 3.978 4.086 4.194 4.303 4.387 4.546 4.705 4.864 5.023 5.183 5.342 5.501 5.66 5.819 5.979 6.138 6.297 6.456 6.615 6.775 6.917 7.069 7.246 7.424 7.601 7.778 7.955 8.133 8.31 8.487 8.664 8.842 9.019 9.196 9.373 9.551 9.728 9.915 10.07 10.289 10.508 10.727 10.945 11.164 11.383 11.602 11.821 12.039 12.258 12.477 12.696 12.914 13.133 13.352 13.736 14.163 14.59 15.017 15.444 15.871 16.298 16.725 17.152 17.579 18.006 18.433 18.86 19.287 19.714 20.175 20.656 21.098 21.426 21.755 22.083 22.412 22.74 23.069 23.398 23.726 24.055 24.383 24.712 25.04 25.369 25.698 26.026 26.228 26.41 26.592 26.774 26.956 27.138 27.32 27.502 27.684 27.866 28.048 28.23 28.412 28.594 28.782 29.089 29.295 29.351 29.462 29.596 29.729 29.862 29.995 30.128 30.262 30.395 30.528 30.661 30.795 30.928 31.061 31.194
2.931 2.962 2.993 3.023 3.054 3.241 3.352 3.452 3.552 3.652 3.752 3.852 3.952 4.052 4.152 4.252 4.352 4.452 4.553 4.653 4.753 4.863 5.015 5.168 5.32 5.473 5.625 5.778 5.93 6.083 6.235 6.388 6.54 6.693 6.845 6.997 7.15 7.303 7.403 7.578 7.752 7.927 8.101 8.276 8.45 8.625 8.799 8.974 9.148 9.323 9.497 9.672 9.846 10.021 10.207 10.424 10.641 10.858 11.075 11.293 11.511 11.73 11.949 12.168 12.387 12.605 12.824 13.043 13.262 13.481 13.699 14.086 14.513 14.94 15.367 15.794 16.221 16.649 17.076 17.503 17.93 18.357 18.784 19.211 19.638 20.065 20.492 20.953 21.287 21.615 21.944 22.273 22.601 22.93 23.258 23.587 23.915 24.244 24.573 24.901 25.23 25.558 25.887 26.215 26.415 26.597 26.779 26.961 27.143 27.325 27.507 27.689 27.871 28.053 28.235 28.417 28.599 28.781 28.963 29.176 29.377 29.478 29.611 29.744 29.877 30.01 30.144 30.277 30.41 30.543 30.677 30.81 30.943 31.076 31.21 31.343
3.427 3.458 3.489 3.52 3.551 3.741 3.987 4.087 4.187 4.287 4.387 4.487 4.587 4.687 4.787 4.887 4.988 5.088 5.188 5.288 5.388 5.499 5.651 5.804 5.956 6.109 6.261 6.414 6.566 6.719 6.871 7.024 7.176 7.328 7.481 7.633 7.786 7.958 7.94 8.024 8.198 8.373 8.547 8.722 8.896 9.071 9.245 9.42 9.594 9.769 9.943 10.117 10.292 10.466 10.653 10.87 11.088 11.305 11.522 11.739 11.956 12.173 12.39 12.608 12.825 13.042 13.259 13.476 13.693 13.911 14.042 14.403 14.831 15.259 15.687 16.114 16.542 16.97 17.398 17.825 18.253 18.681 19.109 19.536 19.964 20.392 20.819 21.033 21.365 21.698 22.03 22.362 22.694 23.026 23.358 23.691 24.023 24.355 24.687 25.019 25.351 25.684 26.016 26.348 26.548 26.734 26.92 27.105 27.291 27.477 27.662 27.848 28.033 28.219 28.405 28.59 28.776 28.961 29.147 29.332 29.493 29.626 29.759 29.892 30.026 30.159 30.292 30.425 30.559 30.692 30.825 30.958 31.092 31.225 31.358 31.491
3.924 3.954 3.985 4.016 4.047 4.241 4.51 4.722 4.822 4.922 5.022 5.122 5.222 5.322 5.423 5.523 5.623 5.723 5.823 5.923 6.023 6.135 6.287 6.44 6.592 6.745 6.897 7.05 7.202 7.355 7.507 7.659 7.812 7.964 8.117 8.269 8.438 8.613 8.591 8.509 8.644 8.818 8.993 9.167 9.342 9.516 9.691 9.865 10.04 10.214 10.389 10.563 10.738 10.912 11.1 11.317 11.534 11.751 11.968 12.185 12.403 12.62 12.837 13.054 13.271 13.488 13.706 13.923 14.14 14.296 14.345 14.712 15.14 15.568 15.996 16.423 16.851 17.279 17.707 18.134 18.562 18.99 19.417 19.845 20.273 20.701 20.862 21.007 21.341 21.674 22.006 22.338 22.67 23.002 23.334 23.667 23.999 24.331 24.663 24.995 25.327 25.66 25.992 26.324 26.522 26.708 26.893 27.079 27.264 27.45 27.636 27.821 28.007 28.193 28.378 28.564 28.749 28.935 29.121 29.321 29.569 29.747 29.88 30.014 30.148 30.281 30.415 30.549 30.683 30.816 30.95 31.084 31.218 31.351 31.485 31.619
4.42 4.451 4.482 4.513 4.544 4.741 5.01 5.279 5.457 5.557 5.657 5.757 5.858 5.958 6.058 6.158 6.258 6.358 6.458 6.558 6.658 6.771 6.923 7.076 7.228 7.381 7.533 7.686 7.838 7.99 8.143 8.295 8.448 8.6 8.753 8.919 9.094 9.269 9.242 9.16 9.09 9.264 9.439 9.613 9.787 9.962 10.136 10.311 10.485 10.66 10.834 11.009 11.183 11.358 11.546 11.763 11.98 12.197 12.415 12.632 12.849 13.066 13.283 13.5 13.718 13.935 14.152 14.369 14.55 14.599 14.648 15.021 15.449 15.877 16.304 16.732 17.16 17.588 18.015 18.443 18.871 19.299 19.726 20.154 20.582 20.802 20.832 20.982 21.316 21.65 21.982 22.314 22.646 22.978 23.31 23.643 23.975 24.307 24.639 24.971 25.303 25.636 25.968 26.3 26.496 26.681 26.867 27.052 27.238 27.424 27.609 27.795 27.981 28.166 28.352 28.537 28.723 28.909 29.101 29.34 29.589 29.848 30.0 30.133 30.267 30.401 30.535 30.668 30.802 30.936 31.07 31.203 31.337 31.471 31.604 31.738
4.916 4.947 4.978 5.009 5.04 5.242 5.51 5.779 6.048 6.192 6.293 6.393 6.493 6.593 6.693 6.793 6.893 6.993 7.093 7.193 7.293 7.407 7.559 7.712 7.864 8.017 8.169 8.321 8.474 8.626 8.779 8.931 9.084 9.236 9.399 9.574 9.749 9.924 9.893 9.811 9.728 9.71 9.884 10.059 10.233 10.408 10.582 10.757 10.931 11.106 11.28 11.455 11.629 11.804 11.992 12.21 12.427 12.644 12.861 13.078 13.295 13.513 13.73 13.947 14.164 14.381 14.598 14.804 14.853 14.902 14.95 15.33 15.758 16.186 16.613 17.041 17.469 17.897 18.324 18.752 19.18 19.607 20.035 20.463 20.741 20.771 20.801 20.956 21.29 21.625 21.958 22.29 22.622 22.954 23.287 23.619 23.951 24.283 24.615 24.947 25.28 25.612 25.944 26.276 26.469 26.655 26.84 27.026 27.212 27.397 27.583 27.768 27.954 28.14 28.325 28.511 28.697 28.882 29.12 29.359 29.608 29.867 30.119 30.253 30.387 30.52 30.654 30.788 30.921 31.055 31.189 31.323 31.456 31.59 31.724 31.858
5.413 5.444 5.475 5.505 5.536 5.742 6.011 6.28 6.549 6.817 6.928 7.028 7.128 7.228 7.328 7.428 7.528 7.628 7.728 7.828 7.928 8.043 8.195 8.348 8.5 8.652 8.805 8.957 9.11 9.262 9.415 9.567 9.72 9.879 10.054 10.229 10.404 10.579 10.544 10.462 10.379 10.296 10.33 10.504 10.679 10.853 11.028 11.202 11.377 11.551 11.726 11.9 12.075 12.249 12.439 12.656 12.873 13.09 13.307 13.525 13.742 13.959 14.176 14.393 14.61 14.828 15.045 15.107 15.155 15.204 15.253 15.639 16.067 16.495 16.922 17.35 17.778 18.205 18.633 19.061 19.489 19.916 20.344 20.68 20.71 20.74 20.77 20.931 21.265 21.599 21.933 22.266 22.598 22.93 23.263 23.595 23.927 24.259 24.591 24.923 25.256 25.588 25.92 26.252 26.443 26.628 26.814 27.0 27.185 27.371 27.556 27.742 27.928 28.113 28.299 28.485 28.67 28.9 29.139 29.378 29.627 29.886 30.146 30.372 30.506 30.64 30.773 30.907 31.041 31.175 31.308 31.442 31.576 31.71 31.843 31.977
5.909 5.94 5.971 6.002 6.033 6.242 6.511 6.78 7.049 7.318 7.563 7.663 7.763 7.863 7.963 8.063 8.163 8.263 8.363 8.463 8.563 8.679 8.831 8.983 9.136 9.288 9.441 9.593 9.746 9.898 10.051 10.203 10.359 10.534 10.709 10.884 11.059 11.234 11.195 11.113 11.03 10.947 10.865 10.95 11.125 11.299 11.474 11.648 11.823 11.997 12.171 12.346 12.52 12.695 12.885 13.102 13.319 13.537 13.754 13.971 14.188 14.405 14.622 14.84 15.057 15.274 15.361 15.409 15.458 15.507 15.555 15.948 16.376 16.803 17.231 17.659 18.087 18.514 18.942 19.37 19.798 20.225 20.619 20.649 20.68 20.71 20.74 20.905 21.239 21.573 21.908 22.242 22.574 22.906 23.239 23.571 23.903 24.235 24.567 24.899 25.232 25.564 25.896 26.228 26.416 26.602 26.787 26.973 27.159 27.344 27.53 27.716 27.901 28.087 28.272 28.458 28.681 28.919 29.158 29.397 29.646 29.906 30.165 30.425 30.625 30.759 30.893 31.027 31.16 31.294 31.428 31.561 31.695 31.829 31.963 32.096
6.406 6.437 6.467 6.498 6.529 6.742 7.011 7.28 7.549 7.818 8.087 8.298 8.398 8.498 8.598 8.698 8.798 8.898 8.998 9.098 9.199 9.314 9.467 9.619 9.772 9.924 10.077 10.229 10.382 10.534 10.687 10.839 11.014 11.189 11.364 11.539 11.714 11.889 11.846 11.764 11.681 11.598 11.516 11.433 11.57 11.745 11.919 12.094 12.268 12.443 12.617 12.792 12.966 13.141 13.332 13.549 13.766 13.983 14.2 14.417 14.635 14.852 15.069 15.286 15.503 15.614 15.663 15.712 15.761 15.809 15.858 16.257 16.685 17.112 17.54 17.968 18.395 18.823 19.251 19.679 20.106 20.534 20.589 20.619 20.649 20.679 20.709 20.879 21.214 21.548 21.882 22.216 22.55 22.882 23.215 23.547 23.879 24.211 24.543 24.875 25.208 25.54 25.872 26.204 26.39 26.575 26.761 26.947 27.132 27.318 27.504 27.689 27.875 28.06 28.246 28.461 28.7 28.938 29.177 29.415 29.665 29.925 30.184 30.444 30.703 30.879 31.012 31.146 31.28 31.413 31.547 31.681 31.815 31.948 32.082 32.216
6.902 6.933 6.964 6.995 7.026 7.242 7.511 7.78 8.049 8.318 8.587 8.856 9.033 9.133 9.233 9.333 9.433 9.533 9.634 9.734 9.834 9.95 10.103 10.255 10.408 10.56 10.713 10.865 11.018 11.17 11.323 11.494 11.669 11.844 12.019 12.194 12.369 12.544 12.497 12.414 12.332 12.249 12.167 12.084 12.016 12.19 12.365 12.539 12.714 12.888 13.063 13.237 13.412 13.586 13.778 13.995 14.212 14.429 14.647 14.864 15.081 15.298 15.515 15.732 15.868 15.917 15.966 16.015 16.063 16.112 16.161 16.566 16.993 17.421 17.849 18.277 18.704 19.132 19.56 19.988 20.415 20.528 20.558 20.588 20.618 20.648 20.678 20.854 21.188 21.522 21.857 22.191 22.525 22.859 23.191 23.523 23.855 24.187 24.519 24.852 25.184 25.516 25.848 26.178 26.363 26.549 26.735 26.92 27.106 27.291 27.477 27.663 27.848 28.034 28.241 28.48 28.718 28.957 29.196 29.434 29.685 29.944 30.203 30.463 30.722 30.982 31.132 31.265 31.399 31.533 31.667 31.8 31.934 32.068 32.201 32.335
7.398 7.429 7.46 7.491 7.522 7.742 8.011 8.28 8.549 8.818 9.087 9.356 9.625 9.768 9.868 9.968 10.069 10.169 10.269 10.369 10.469 10.586 10.739 10.891 11.044 11.196 11.349 11.501 11.654 11.806 11.975 12.15 12.325 12.499 12.674 12.849 13.024 13.199 13.148 13.065 12.983 12.9 12.818 12.735 12.652 12.636 12.811 12.985 13.16 13.334 13.509 13.683 13.858 14.032 14.224 14.442 14.659 14.876 15.093 15.31 15.527 15.744 15.962 16.122 16.171 16.22 16.268 16.317 16.366 16.415 16.463 16.875 17.302 17.73 18.158 18.586 19.013 19.441 19.869 20.296 20.467 20.497 20.527 20.557 20.587 20.617 20.647 20.828 21.162 21.497 21.831 22.165 22.499 22.834 23.167 23.499 23.831 24.163 24.495 24.828 25.16 25.492 25.824 26.151 26.337 26.523 26.708 26.894 27.079 27.265 27.451 27.636 27.822 28.021 28.26 28.499 28.737 28.976 29.215 29.453 29.704 29.963 30.223 30.482 30.742 31.001 31.251 31.385 31.519 31.652 31.786 31.92 32.053 32.187 32.321 32.455
7.895 7.926 7.957 7.987 8.018 8.243 8.512 8.781 9.049 9.318 9.587 9.856 10.125 10.394 10.504 10.604 10.704 10.804 10.904 11.004 11.104 11.222 11.375 11.527 11.68 11.832 11.985 12.137 12.29 12.455 12.63 12.805 12.98 13.155 13.33 13.505 13.68 13.855 13.799 13.716 13.634 13.551 13.469 13.386 13.303 13.221 13.256 13.431 13.605 13.78 13.954 14.129 14.303 14.478 14.671 14.888 15.105 15.322 15.539 15.757 15.974 16.191 16.376 16.425 16.474 16.522 16.571 16.62 16.669 16.717 16.766 17.183 17.611 18.039 18.467 18.894 19.322 19.75 20.178 20.407 20.437 20.467 20.497 20.527 20.557 20.587 20.617 20.803 21.137 21.471 21.805 22.14 22.474 22.808 23.142 23.475 23.807 24.139 24.471 24.804 25.136 25.468 25.8 26.125 26.31 26.496 26.682 26.867 27.053 27.239 27.424 27.61 27.802 28.04 28.279 28.517 28.756 28.995 29.233 29.472 29.723 29.982 30.242 30.501 30.761 31.02 31.28 31.504 31.638 31.772 31.905 32.039 32.173 32.307 32.44 32.574
8.391 8.422 8.453 8.484 8.515 8.743 9.012 9.281 9.55 9.819 10.087 10.356 10.625 10.894 11.139 11.239 11.339 11.439 11.539 11.639 11.739 11.858 12.011 12.163 12.316 12.468 12.621 12.773 12.935 13.11 13.285 13.46 13.635 13.81 13.985 14.16 14.335 14.51 14.45 14.367 14.285 14.202 14.12 14.037 13.954 13.872 13.789 13.877 14.051 14.225 14.4 14.574 14.749 14.923 15.117 15.334 15.551 15.769 15.986 16.203 16.42 16.63 16.679 16.728 16.776 16.825 16.874 16.922 16.971 17.02 17.069 17.492 17.92 18.348 18.776 19.203 19.631 20.059 20.346 20.376 20.406 20.436 20.466 20.496 20.526 20.556 20.586 20.777 21.111 21.445 21.78 22.114 22.448 22.782 23.117 23.451 23.783 24.115 24.447 24.78 25.112 25.444 25.776 26.098 26.284 26.47 26.655 26.841 27.027 27.212 27.398 27.583 27.82 28.059 28.298 28.536 28.775 29.014 29.252 29.491 29.742 30.002 30.261 30.521 30.78 31.039 31.299 31.558 31.757 31.891 32.025 32.159 32.292 32.426 32.56 32.693
8.888 8.919 8.949 8.98 9.011 9.243 9.512 9.781 10.05 10.319 10.588 10.857 11.126 11.394 11.663 11.874 11.974 12.074 12.174 12.274 12.374 12.494 12.647 12.799 12.952 13.104 13.257 13.415 13.59 13.765 13.94 14.115 14.29 14.465 14.64 14.815 14.99 15.165 15.101 15.018 14.936 14.853 14.771 14.688 14.605 14.523 14.44 14.358 14.497 14.671 14.846 15.02 15.195 15.369 15.564 15.781 15.998 16.215 16.432 16.649 16.867 16.933 16.981 17.03 17.079 17.128 17.176 17.225 17.274 17.322 17.374 17.801 18.229 18.657 19.084 19.512 19.94 20.285 20.315 20.345 20.375 20.405 20.435 20.465 20.495 20.525 20.555 20.751 21.086 21.42 21.754 22.088 22.423 22.757 23.091 23.425 23.759 24.091 24.424 24.756 25.088 25.42 25.752 26.072 26.258 26.443 26.629 26.814 27.0 27.186 27.371 27.601 27.839 28.078 28.317 28.555 28.794 29.032 29.271 29.51 29.761 30.021 30.28 30.54 30.799 31.059 31.318 31.578 31.837 32.011 32.144 32.278 32.412 32.545 32.679 32.813
9.384 9.415 9.446 9.477 9.508 9.743 10.012 10.281 10.55 10.819 11.088 11.357 11.626 11.895 12.164 12.433 12.609 12.709 12.809 12.909 13.009 13.13 13.283 13.435 13.588 13.74 13.895 14.07 14.245 14.42 14.595 14.77 14.945 15.12 15.295 15.47 15.645 15.82 15.752 15.669 15.587 15.504 15.422 15.339 15.256 15.174 15.091 15.009 14.942 15.117 15.291 15.466 15.64 15.815 16.01 16.227 16.444 16.661 16.879 17.096 17.187 17.235 17.284 17.333 17.381 17.43 17.479 17.528 17.576 17.625 17.682 18.11 18.538 18.966 19.393 19.821 20.224 20.254 20.284 20.314 20.344 20.375 20.405 20.435 20.465 20.495 20.525 20.726 21.06 21.394 21.728 22.063 22.397 22.731 23.065 23.4 23.734 24.067 24.4 24.732 25.064 25.396 25.728 26.046 26.231 26.417 26.602 26.788 26.974 27.159 27.381 27.62 27.858 28.097 28.335 28.574 28.813 29.051 29.29 29.529 29.781 30.04 30.299 30.559 30.818 31.078 31.337 31.597 31.856 32.116 32.264 32.397 32.531 32.665 32.799 32.932
9.88 9.911 9.942 9.973 10.004 10.243 10.512 10.781 11.05 11.319 11.588 11.857 12.126 12.395 12.664 12.933 13.202 13.344 13.444 13.544 13.644 13.766 13.919 14.071 14.224 14.376 14.55 14.725 14.9 15.075 15.25 15.425 15.6 15.775 15.95 16.125 16.3 16.475 16.403 16.32 16.238 16.155 16.073 15.99 15.907 15.825 15.742 15.66 15.577 15.563 15.737 15.912 16.086 16.261 16.456 16.673 16.891 17.108 17.325 17.441 17.489 17.538 17.587 17.635 17.684 17.733 17.782 17.83 17.879 17.928 17.991 18.419 18.847 19.275 19.702 20.13 20.194 20.224 20.254 20.284 20.314 20.344 20.374 20.404 20.434 20.464 20.494 20.7 21.034 21.369 21.703 22.037 22.371 22.706 23.04 23.374 23.708 24.043 24.376 24.708 25.04 25.372 25.704 26.019 26.205 26.39 26.576 26.762 26.947 27.161 27.4 27.638 27.877 28.116 28.354 28.593 28.832 29.07 29.309 29.547 29.8 30.059 30.319 30.578 30.838 31.097 31.357 31.616 31.875 32.135 32.383 32.517 32.651 32.784 32.918 33.052
10.344 10.408 10.439 10.47 10.5 10.744 11.012 11.281 11.55 11.819 12.088 12.357 12.626 12.895 13.164 13.433 13.702 13.971 14.079 14.179 14.279 14.402 14.555 14.707 14.86 15.031 15.206 15.381 15.555 15.73 15.905 16.08 16.255 16.43 16.605 16.78 16.955 17.13 17.054 16.971 16.889 16.806 16.723 16.641 16.558 16.476 16.393 16.311 16.228 16.145 16.183 16.357 16.532 16.706 16.903 17.12 17.337 17.554 17.694 17.743 17.792 17.841 17.889 17.938 17.987 18.035 18.084 18.133 18.182 18.23 18.3 18.728 19.156 19.583 20.011 20.133 20.163 20.193 20.223 20.253 20.283 20.313 20.343 20.373 20.403 20.433 20.463 20.675 21.009 21.343 21.677 22.012 22.346 22.68 23.014 23.348 23.683 24.017 24.351 24.684 25.016 25.348 25.68 25.993 26.178 26.364 26.55 26.735 26.941 27.18 27.419 27.657 27.896 28.134 28.373 28.612 28.85 29.089 29.328 29.566 29.819 30.078 30.338 30.597 30.857 31.116 31.376 31.635 31.895 32.154 32.414 32.636 32.77 32.904 33.037 33.171
10.807 10.879 10.935 10.966 10.997 11.244 11.513 11.782 12.051 12.319 12.588 12.857 13.126 13.395 13.664 13.933 14.202 14.471 14.714 14.815 14.915 15.038 15.191 15.343 15.511 15.686 15.861 16.036 16.211 16.386 16.561 16.736 16.91 17.085 17.26 17.435 17.61 17.785 17.705 17.622 17.54 17.457 17.374 17.292 17.209 17.127 17.044 16.962 16.879 16.796 16.714 16.803 16.977 17.152 17.349 17.566 17.783 17.948 17.997 18.046 18.094 18.143 18.192 18.241 18.289 18.338 18.387 18.435 18.484 18.533 18.609 19.037 19.465 19.892 20.072 20.102 20.132 20.162 20.192 20.222 20.252 20.282 20.312 20.343 20.373 20.403 20.433 20.649 20.983 21.317 21.652 21.986 22.32 22.654 22.989 23.323 23.657 23.991 24.326 24.66 24.992 25.324 25.656 25.966 26.152 26.338 26.523 26.722 26.96 27.199 27.437 27.676 27.915 28.153 28.392 28.631 28.869 29.108 29.346 29.585 29.838 30.098 30.357 30.617 30.876 31.135 31.395 31.654 31.914 32.173 32.433 32.692 32.889 33.023 33.157 33.291
11.271 11.343 11.415 11.462 11.493 11.744 12.013 12.282 12.551 12.82 13.089 13.357 13.626 13.895 14.164 14.433 14.702 14.971 15.24 15.45 15.55 15.674 15.827 15.991 16.166 16.341 16.516 16.691 16.866 17.041 17.216 17.391 17.566 17.741 17.916 18.091 18.266 18.438 18.356 18.273 18.191 18.108 18.025 17.943 17.86 17.778 17.695 17.612 17.53 17.447 17.365 17.282 17.423 17.598 17.796 18.013 18.202 18.251 18.3 18.348 18.397 18.446 18.495 18.543 18.592 18.641 18.689 18.738 18.787 18.836 18.918 19.346 19.773 20.011 20.041 20.072 20.102 20.132 20.162 20.192 20.222 20.252 20.282 20.312 20.342 20.372 20.402 20.623 20.958 21.292 21.626 21.96 22.295 22.629 22.963 23.297 23.631 23.966 24.3 24.634 24.968 25.3 25.632 25.94 26.125 26.311 26.502 26.74 26.979 27.218 27.456 27.695 27.934 28.172 28.411 28.649 28.888 29.127 29.365 29.604 29.857 30.117 30.376 30.636 30.895 31.155 31.414 31.674 31.933 32.192 32.452 32.711 32.971 33.143 33.276 33.41
11.734 11.806 11.878 11.95 11.99 12.244 12.513 12.782 13.051 13.32 13.589 13.858 14.127 14.396 14.664 14.933 15.202 15.471 15.74 16.009 16.185 16.31 16.471 16.646 16.821 16.996 17.171 17.346 17.521 17.696 17.871 18.046 18.221 18.396 18.571 18.746 18.921 19.089 19.007 18.924 18.842 18.759 18.676 18.594 18.511 18.429 18.346 18.263 18.181 18.098 18.016 17.933 17.869 18.043 18.242 18.456 18.505 18.554 18.602 18.651 18.7 18.748 18.797 18.846 18.895 18.943 18.992 19.041 19.089 19.138 19.227 19.655 19.951 19.981 20.011 20.041 20.071 20.101 20.131 20.161 20.191 20.221 20.251 20.281 20.311 20.341 20.371 20.598 20.932 21.266 21.6 21.935 22.269 22.603 22.937 23.272 23.606 23.94 24.274 24.609 24.943 25.276 25.608 25.913 26.099 26.285 26.521 26.759 26.998 27.237 27.475 27.714 27.952 28.191 28.43 28.668 28.907 29.146 29.384 29.623 29.877 30.136 30.396 30.655 30.914 31.174 31.433 31.693 31.952 32.212 32.471 32.731 32.99 33.25 33.396 33.529
12.197 12.27 12.342 12.414 12.486 12.744 13.013 13.282 13.551 13.82 14.089 14.358 14.627 14.896 15.165 15.434 15.703 15.971 16.24 16.509 16.778 16.951 17.126 17.301 17.476 17.651 17.826 18.001 18.176 18.351 18.526 18.701 18.876 19.051 19.226 19.401 19.576 19.74 19.658 19.575 19.493 19.41 19.327 19.245 19.162 19.08 18.997 18.914 18.832 18.749 18.667 18.584 18.501 18.489 18.688 18.759 18.807 18.856 18.905 18.954 19.002 19.051 19.1 19.148 19.197 19.246 19.295 19.343 19.392 19.441 19.536 19.89 19.92 19.95 19.98 20.01 20.04 20.07 20.1 20.13 20.16 20.19 20.22 20.25 20.28 20.31 20.341 20.572 20.906 21.241 21.575 21.909 22.243 22.578 22.912 23.246 23.58 23.915 24.249 24.583 24.917 25.251 25.585 25.887 26.073 26.301 26.539 26.778 27.017 27.255 27.494 27.733 27.971 28.21 28.448 28.687 28.926 29.164 29.403 29.642 29.896 30.155 30.415 30.674 30.934 31.193 31.453 31.712 31.971 32.231 32.49 32.75 33.009 33.269 33.515 33.649
12.568 12.642 12.715 12.789 12.677 12.938 13.213 13.487 13.761 14.035 14.309 14.583 14.858 15.132 15.406 15.68 15.954 16.228 16.503 16.777 17.027 17.035 17.216 17.404 17.593 17.782 17.971 18.159 18.348 18.537 18.726 18.915 19.103 19.292 19.481 19.67 19.858 20.032 19.96 19.891 19.823 19.755 19.686 19.618 19.549 19.481 19.412 19.344 19.275 19.207 19.138 19.07 19.001 18.933 18.939 18.997 19.054 19.111 19.168 19.226 19.283 19.34 19.397 19.451 19.5 19.549 19.597 19.646 19.695 19.743 19.829 19.859 19.889 19.919 19.949 19.979 20.009 20.04 20.07 20.1 20.13 20.16 20.19 20.22 20.25 20.28 20.31 20.547 20.881 21.215 21.549 21.883 22.218 22.552 22.886 23.22 23.555 23.889 24.223 24.557 24.892 25.226 25.56 25.861 26.081 26.32 26.558 26.797 27.036 27.274 27.513 27.751 27.99 28.229 28.467 28.706 28.945 29.183 29.422 29.66 29.915 30.174 30.434 30.693 30.953 31.212 31.472 31.731 31.991 32.25 32.51 32.769 33.028 33.288 33.547 33.768
12.94 13.013 13.087 13.011 12.842 13.11 13.384 13.658 13.933 14.207 14.481 14.755 15.029 15.303 15.578 15.852 16.126 16.4 16.674 16.948 16.964 16.971 17.014 17.203 17.392 17.58 17.769 17.958 18.147 18.336 18.524 18.713 18.902 19.091 19.279 19.468 19.657 19.826 19.746 19.676 19.608 19.539 19.471 19.402 19.334 19.265 19.197 19.128 19.06 18.991 18.923 18.854 18.786 18.717 18.726 18.783 18.841 18.898 18.955 19.012 19.069 19.127 19.184 19.241 19.298 19.356 19.413 19.47 19.527 19.584 19.808 19.949 19.977 20.004 20.032 20.06 20.088 20.115 20.143 20.171 20.198 20.226 20.254 20.282 20.309 20.337 20.365 20.604 20.936 21.268 21.6 21.932 22.264 22.595 22.927 23.259 23.591 23.923 24.255 24.587 24.919 25.25 25.582 25.83 26.067 26.308 26.548 26.789 27.029 27.27 27.51 27.75 27.991 28.231 28.472 28.712 28.952 29.193 29.433 29.674 29.93 30.192 30.453 30.713 30.972 31.231 31.491 31.75 32.01 32.269 32.529 32.788 33.048 33.307 33.567 33.826
13.311 13.384 13.345 13.176 13.008 13.282 13.556 13.83 14.104 14.378 14.653 14.927 15.201 15.475 15.749 16.023 16.298 16.572 16.846 16.902 16.9 16.908 16.924 17.002 17.19 17.379 17.568 17.757 17.945 18.134 18.323 18.512 18.7 18.889 19.078 19.267 19.456 19.62 19.54 19.461 19.392 19.324 19.255 19.187 19.118 19.05 18.981 18.913 18.844 18.776 18.708 18.639 18.571 18.502 18.513 18.57 18.627 18.685 18.742 18.799 18.856 18.913 18.971 19.028 19.085 19.142 19.199 19.257 19.314 19.513 19.757 19.986 20.086 20.113 20.141 20.169 20.197 20.224 20.252 20.28 20.307 20.335 20.363 20.391 20.418 20.446 20.474 20.718 21.05 21.382 21.714 22.046 22.378 22.71 23.041 23.373 23.705 24.037 24.369 24.701 25.033 25.365 25.644 25.821 25.981 26.222 26.462 26.702 26.943 27.183 27.424 27.664 27.905 28.145 28.385 28.626 28.866 29.107 29.347 29.587 29.844 30.106 30.367 30.628 30.889 31.151 31.412 31.673 31.935 32.196 32.457 32.718 32.98 33.241 33.502 33.763
13.682 13.678 13.509 13.34 13.179 13.453 13.728 14.002 14.276 14.55 14.824 15.098 15.373 15.647 15.921 16.195 16.469 16.743 16.84 16.838 16.836 16.844 16.86 16.876 16.989 17.178 17.366 17.555 17.744 17.933 18.122 18.31 18.499 18.688 18.877 19.065 19.254 19.415 19.334 19.254 19.177 19.108 19.04 18.971 18.903 18.835 18.766 18.698 18.629 18.561 18.492 18.424 18.355 18.287 18.3 18.357 18.414 18.471 18.528 18.586 18.643 18.7 18.757 18.814 18.872 18.929 18.986 19.043 19.214 19.462 19.706 19.934 20.163 20.223 20.25 20.278 20.306 20.333 20.361 20.389 20.416 20.444 20.472 20.5 20.527 20.555 20.583 20.832 21.164 21.496 21.828 22.16 22.492 22.824 23.156 23.487 23.819 24.151 24.483 24.815 25.147 25.447 25.636 25.813 25.956 26.135 26.376 26.616 26.857 27.097 27.337 27.578 27.818 28.059 28.299 28.539 28.78 29.02 29.261 29.501 29.759 30.02 30.281 30.542 30.804 31.065 31.326 31.587 31.849 32.11 32.371 32.632 32.894 33.155 33.416 33.547
14.012 13.843 13.674 13.505 13.351 13.625 13.899 14.173 14.448 14.722 14.996 15.27 15.544 15.818 16.093 16.367 16.641 16.779 16.777 16.775 16.773 16.781 16.797 16.813 16.829 16.976 17.165 17.354 17.543 17.731 17.92 18.109 18.298 18.486 18.675 18.864 19.053 19.209 19.128 19.048 18.967 18.893 18.825 18.756 18.688 18.619 18.551 18.482 18.414 18.345 18.277 18.208 18.14 18.071 18.086 18.143 18.201 18.258 18.315 18.372 18.43 18.487 18.544 18.601 18.658 18.716 18.773 18.916 19.163 19.411 19.654 19.883 20.112 20.332 20.359 20.387 20.415 20.442 20.47 20.498 20.526 20.553 20.581 20.609 20.636 20.664 20.692 20.946 21.278 21.61 21.942 22.274 22.606 22.938 23.27 23.602 23.933 24.265 24.597 24.929 25.25 25.439 25.628 25.804 25.947 26.09 26.289 26.53 26.77 27.011 27.251 27.492 27.732 27.972 28.213 28.453 28.694 28.934 29.174 29.415 29.673 29.934 30.195 30.456 30.718 30.979 31.24 31.501 31.763 32.024 32.285 32.547 32.808 33.069 33.222 33.327
14.177 14.008 13.839 13.67 13.523 13.797 14.071 14.345 14.619 14.893 15.168 15.442 15.716 15.99 16.264 16.538 16.717 16.715 16.713 16.711 16.709 16.718 16.734 16.75 16.765 16.781 16.964 17.152 17.341 17.53 17.719 17.907 18.096 18.285 18.474 18.663 18.851 19.003 18.923 18.842 18.762 18.681 18.609 18.541 18.472 18.404 18.335 18.267 18.198 18.13 18.061 17.993 17.924 17.856 17.873 17.93 17.987 18.045 18.102 18.159 18.216 18.273 18.331 18.388 18.445 18.502 18.618 18.865 19.112 19.36 19.603 19.832 20.061 20.289 20.468 20.496 20.524 20.551 20.579 20.607 20.635 20.662 20.69 20.718 20.745 20.773 20.801 21.061 21.392 21.724 22.056 22.388 22.72 23.052 23.384 23.716 24.048 24.379 24.711 25.043 25.242 25.431 25.62 25.795 25.939 26.082 26.225 26.444 26.684 26.924 27.165 27.405 27.646 27.886 28.127 28.367 28.607 28.848 29.088 29.329 29.587 29.848 30.109 30.371 30.632 30.893 31.154 31.416 31.677 31.938 32.199 32.461 32.722 32.898 33.002 33.107
14.341 14.172 14.003 13.834 13.694 13.968 14.243 14.517 14.791 15.065 15.339 15.613 15.888 16.162 16.436 16.655 16.653 16.651 16.649 16.647 16.645 16.654 16.67 16.686 16.702 16.718 16.762 16.951 17.14 17.329 17.517 17.706 17.895 18.084 18.272 18.461 18.65 18.797 18.717 18.636 18.556 18.475 18.395 18.325 18.257 18.188 18.12 18.052 17.983 17.915 17.846 17.778 17.709 17.641 17.66 17.717 17.774 17.831 17.889 17.946 18.003 18.06 18.117 18.175 18.232 18.319 18.567 18.814 19.061 19.309 19.552 19.78 20.009 20.238 20.467 20.605 20.633 20.66 20.688 20.716 20.744 20.771 20.799 20.827 20.854 20.882 20.91 21.175 21.507 21.839 22.17 22.502 22.834 23.166 23.498 23.83 24.162 24.494 24.825 25.046 25.235 25.424 25.613 25.787 25.93 26.073 26.216 26.359 26.598 26.838 27.079 27.319 27.559 27.8 28.04 28.281 28.521 28.762 29.002 29.242 29.501 29.762 30.023 30.285 30.546 30.807 31.068 31.33 31.591 31.852 32.113 32.375 32.573 32.678 32.782 32.887
14.506 14.337 14.168 13.999 13.866 14.14 14.414 14.688 14.963 15.237 15.511 15.785 16.059 16.333 16.593 16.591 16.589 16.587 16.586 16.584 16.582 16.591 16.607 16.623 16.639 16.655 16.67 16.75 16.938 17.127 17.316 17.505 17.693 17.882 18.071 18.26 18.449 18.591 18.511 18.43 18.35 18.27 18.189 18.11 18.042 17.973 17.905 17.836 17.768 17.699 17.631 17.562 17.494 17.425 17.446 17.504 17.561 17.618 17.675 17.732 17.79 17.847 17.904 17.961 18.021 18.268 18.516 18.763 19.01 19.258 19.5 19.729 19.958 20.187 20.415 20.644 20.742 20.769 20.797 20.825 20.853 20.88 20.908 20.936 20.963 20.991 21.019 21.289 21.621 21.953 22.285 22.616 22.948 23.28 23.612 23.944 24.276 24.608 24.849 25.038 25.227 25.416 25.605 25.778 25.921 26.064 26.207 26.35 26.512 26.752 26.992 27.233 27.473 27.714 27.954 28.194 28.435 28.675 28.916 29.156 29.415 29.676 29.937 30.199 30.46 30.721 30.982 31.244 31.505 31.766 32.028 32.249 32.354 32.458 32.562 32.667
14.671 14.502 14.333 14.164 14.038 14.312 14.586 14.86 15.134 15.408 15.683 15.957 16.231 16.505 16.53 16.528 16.526 16.524 16.522 16.52 16.518 16.527 16.543 16.559 16.575 16.591 16.607 16.623 16.737 16.926 17.115 17.303 17.492 17.681 17.87 18.058 18.247 18.386 18.305 18.225 18.144 18.064 17.983 17.903 17.826 17.758 17.689 17.621 17.552 17.484 17.415 17.347 17.278 17.21 17.233 17.29 17.348 17.405 17.462 17.519 17.576 17.634 17.691 17.748 17.97 18.217 18.465 18.712 18.959 19.207 19.449 19.678 19.907 20.135 20.364 20.593 20.822 20.879 20.906 20.934 20.962 20.989 21.017 21.045 21.072 21.1 21.128 21.403 21.735 22.067 22.399 22.731 23.062 23.394 23.726 24.058 24.39 24.652 24.841 25.03 25.219 25.408 25.597 25.769 25.913 26.056 26.199 26.342 26.485 26.666 26.906 27.147 27.387 27.627 27.868 28.108 28.349 28.589 28.829 29.07 29.329 29.59 29.852 30.113 30.374 30.635 30.897 31.158 31.419 31.68 31.925 32.029 32.134 32.238 32.343 32.447
14.835 14.666 14.497 14.328 14.209 14.483 14.758 15.032 15.306 15.58 15.854 16.129 16.403 16.468 16.466 16.464 16.462 16.46 16.458 16.456 16.454 16.464 16.48 16.496 16.512 16.528 16.544 16.56 16.576 16.724 16.913 17.102 17.291 17.479 17.668 17.857 18.046 18.18 18.099 18.019 17.938 17.858 17.777 17.697 17.617 17.542 17.474 17.405 17.337 17.268 17.2 17.132 17.063 16.995 17.02 17.077 17.134 17.191 17.249 17.306 17.363 17.42 17.477 17.672 17.919 18.166 18.414 18.661 18.908 19.156 19.398 19.626 19.855 20.084 20.313 20.541 20.77 20.988 21.015 21.043 21.071 21.098 21.126 21.154 21.182 21.209 21.237 21.517 21.849 22.181 22.513 22.845 23.177 23.508 23.84 24.172 24.455 24.644 24.833 25.022 25.211 25.4 25.589 25.761 25.904 26.047 26.19 26.333 26.476 26.619 26.82 27.06 27.301 27.541 27.782 28.022 28.262 28.503 28.743 28.984 29.243 29.504 29.766 30.027 30.288 30.549 30.811 31.072 31.333 31.594 31.705 31.809 31.914 32.018 32.123 32.227
15.0 14.831 14.662 14.493 14.381 14.655 14.929 15.204 15.478 15.752 16.026 16.3 16.406 16.404 16.402 16.4 16.398 16.396 16.394 16.392 16.391 16.401 16.417 16.432 16.448 16.464 16.48 16.496 16.512 16.528 16.712 16.9 17.089 17.278 17.467 17.656 17.844 17.974 17.894 17.813 17.733 17.652 17.572 17.491 17.411 17.33 17.259 17.19 17.122 17.053 16.985 16.916 16.848 16.779 16.806 16.864 16.921 16.978 17.035 17.093 17.15 17.207 17.373 17.62 17.868 18.115 18.363 18.61 18.857 19.105 19.346 19.575 19.804 20.033 20.261 20.49 20.719 20.948 21.124 21.152 21.18 21.207 21.235 21.263 21.291 21.318 21.346 21.631 21.963 22.295 22.627 22.959 23.291 23.623 23.954 24.258 24.447 24.636 24.825 25.014 25.203 25.392 25.581 25.752 25.895 26.038 26.181 26.324 26.467 26.61 26.753 26.974 27.214 27.455 27.695 27.936 28.176 28.416 28.657 28.897 29.157 29.418 29.68 29.941 30.202 30.464 30.725 30.986 31.247 31.38 31.485 31.589 31.694 31.798 31.903 32.007
15.165 14.996 14.827 14.657 14.553 14.827 15.101 15.375 15.649 15.924 16.198 16.344 16.342 16.34 16.338 16.337 16.335 16.333 16.331 16.329 16.327 16.337 16.353 16.369 16.385 16.401 16.417 16.433 16.449 16.465 16.51 16.699 16.888 17.077 17.265 17.454 17.643 17.768 17.688 17.607 17.527 17.446 17.366 17.285 17.205 17.124 17.044 16.975 16.906 16.838 16.769 16.701 16.632 16.564 16.593 16.65 16.708 16.765 16.822 16.879 16.936 17.075 17.322 17.569 17.817 18.064 18.312 18.559 18.806 19.054 19.295 19.524 19.753 19.981 20.21 20.439 20.668 20.896 21.125 21.261 21.289 21.316 21.344 21.372 21.4 21.427 21.455 21.745 22.077 22.409 22.741 23.073 23.405 23.737 24.061 24.25 24.439 24.628 24.817 25.006 25.195 25.384 25.573 25.743 25.887 26.03 26.173 26.316 26.459 26.602 26.745 26.888 27.128 27.369 27.609 27.849 28.09 28.33 28.571 28.811 29.071 29.333 29.594 29.855 30.116 30.378 30.639 30.9 31.056 31.16 31.265 31.369 31.474 31.578 31.683 31.787
15.329 15.16 14.991 14.822 14.724 14.999 15.273 15.547 15.821 16.095 16.283 16.281 16.279 16.277 16.275 16.273 16.271 16.269 16.267 16.265 16.263 16.274 16.29 16.306 16.322 16.338 16.353 16.369 16.385 16.401 16.417 16.498 16.686 16.875 17.064 17.253 17.442 17.563 17.482 17.402 17.321 17.241 17.16 17.08 16.999 16.919 16.838 16.759 16.691 16.622 16.554 16.485 16.417 16.349 16.38 16.437 16.494 16.552 16.609 16.666 16.776 17.024 17.271 17.518 17.766 18.013 18.261 18.508 18.755 19.003 19.244 19.472 19.701 19.93 20.159 20.387 20.616 20.845 21.074 21.302 21.398 21.426 21.453 21.481 21.509 21.536 21.564 21.86 22.191 22.523 22.855 23.187 23.519 23.851 24.053 24.242 24.431 24.62 24.809 24.998 25.187 25.376 25.565 25.735 25.878 26.021 26.164 26.307 26.45 26.593 26.736 26.879 27.042 27.282 27.523 27.763 28.004 28.244 28.484 28.725 28.985 29.247 29.508 29.769 30.03 30.292 30.553 30.732 30.836 30.941 31.045 31.15 31.254 31.359 31.463 31.568
15.494 15.325 15.156 14.987 14.896 15.17 15.444 15.719 15.993 16.221 16.219 16.217 16.215 16.213 16.211 16.209 16.207 16.205 16.203 16.201 16.199 16.21 16.226 16.242 16.258 16.274 16.29 16.306 16.322 16.338 16.354 16.37 16.485 16.674 16.863 17.051 17.24 17.357 17.276 17.196 17.115 17.035 16.954 16.874 16.793 16.713 16.632 16.552 16.476 16.407 16.339 16.27 16.202 16.133 16.167 16.224 16.281 16.338 16.395 16.478 16.725 16.973 17.22 17.467 17.715 17.962 18.21 18.457 18.704 18.952 19.192 19.421 19.65 19.879 20.107 20.336 20.565 20.794 21.022 21.251 21.48 21.535 21.562 21.59 21.618 21.645 21.673 21.974 22.306 22.637 22.969 23.301 23.633 23.856 24.045 24.234 24.423 24.612 24.801 24.99 25.179 25.368 25.557 25.726 25.869 26.012 26.155 26.298 26.441 26.584 26.727 26.871 27.014 27.196 27.436 27.677 27.917 28.158 28.398 28.639 28.899 29.161 29.422 29.683 29.945 30.206 30.407 30.512 30.616 30.721 30.825 30.93 31.034 31.139 31.243 31.348
15.659 15.49 15.321 15.151 15.068 15.342 15.616 15.89 16.159 16.157 16.155 16.153 16.151 16.149 16.147 16.145 16.144 16.142 16.14 16.138 16.136 16.147 16.163 16.179 16.195 16.211 16.227 16.243 16.259 16.274 16.29 16.306 16.322 16.472 16.661 16.85 17.039 17.151 17.071 16.99 16.91 16.829 16.749 16.668 16.588 16.507 16.427 16.346 16.266 16.192 16.123 16.055 15.986 15.918 15.953 16.011 16.068 16.125 16.182 16.427 16.674 16.922 17.169 17.416 17.664 17.911 18.158 18.406 18.653 18.901 19.141 19.37 19.599 19.827 20.056 20.285 20.514 20.742 20.971 21.2 21.429 21.644 21.671 21.699 21.727 21.754 21.782 22.088 22.42 22.752 23.083 23.415 23.659 23.848 24.037 24.226 24.415 24.604 24.793 24.982 25.171 25.36 25.549 25.717 25.861 26.004 26.147 26.29 26.433 26.576 26.719 26.862 27.005 27.148 27.35 27.591 27.831 28.071 28.312 28.552 28.814 29.075 29.336 29.597 29.859 30.083 30.187 30.292 30.396 30.501 30.605 30.71 30.814 30.919 31.023 31.128
15.823 15.654 15.485 15.316 15.239 15.514 15.788 16.062 16.095 16.093 16.091 16.09 16.088 16.086 16.084 16.082 16.08 16.078 16.076 16.074 16.072 16.084 16.1 16.115 16.131 16.147 16.163 16.179 16.195 16.211 16.227 16.243 16.259 16.275 16.46 16.649 16.837 16.945 16.865 16.784 16.704 16.623 16.543 16.462 16.382 16.301 16.221 16.14 16.06 15.979 15.908 15.839 15.771 15.702 15.74 15.797 15.854 15.912 16.129 16.376 16.623 16.871 17.118 17.365 17.613 17.86 18.107 18.355 18.602 18.85 19.09 19.318 19.547 19.776 20.005 20.233 20.462 20.691 20.92 21.148 21.377 21.606 21.78 21.808 21.836 21.863 21.891 22.202 22.534 22.866 23.198 23.462 23.651 23.84 24.029 24.218 24.407 24.596 24.786 24.975 25.164 25.353 25.542 25.709 25.852 25.995 26.138 26.281 26.424 26.567 26.71 26.853 26.996 27.139 27.282 27.504 27.745 27.985 28.226 28.466 28.728 28.989 29.25 29.511 29.758 29.863 29.967 30.072 30.176 30.281 30.385 30.49 30.594 30.699 30.803 30.908
15.988 15.819 15.65 15.481 15.411 15.685 15.959 16.034 16.032 16.03 16.028 16.026 16.024 16.022 16.02 16.018 16.016 16.014 16.012 16.01 16.008 16.02 16.036 16.052 16.068 16.084 16.1 16.116 16.132 16.148 16.164 16.179 16.195 16.211 16.258 16.447 16.636 16.74 16.659 16.579 16.498 16.418 16.337 16.257 16.176 16.096 16.015 15.935 15.854 15.774 15.693 15.624 15.556 15.487 15.527 15.584 15.641 15.83 16.078 16.325 16.572 16.82 17.067 17.314 17.562 17.809 18.056 18.304 18.551 18.799 19.038 19.267 19.496 19.725 19.953 20.182 20.411 20.64 20.868 21.097 21.326 21.555 21.783 21.917 21.945 21.973 22.0 22.316 22.648 22.98 23.266 23.455 23.644 23.833 24.022 24.211 24.4 24.589 24.778 24.967 25.156 25.345 25.534 25.7 25.843 25.986 26.129 26.272 26.415 26.558 26.701 26.845 26.988 27.131 27.274 27.418 27.659 27.899 28.139 28.381 28.642 28.903 29.164 29.426 29.539 29.643 29.748 29.852 29.957 30.061 30.166 30.27 30.374 30.479 30.583 30.688
16.153 15.984 15.815 15.645 15.583 15.857 15.972 15.97 15.968 15.966 15.964 15.962 15.96 15.958 15.956 15.954 15.952 15.951 15.949 15.947 15.945 15.957 15.973 15.989 16.005 16.021 16.036 16.052 16.068 16.084 16.1 16.116 16.132 16.148 16.164 16.246 16.434 16.534 16.453 16.373 16.292 16.212 16.131 16.051 15.97 15.89 15.809 15.729 15.648 15.568 15.487 15.409 15.34 15.272 15.313 15.371 15.532 15.779 16.026 16.274 16.521 16.769 17.016 17.263 17.511 17.758 18.005 18.253 18.5 18.748 18.987 19.216 19.445 19.673 19.902 20.131 20.36 20.588 20.817 21.046 21.275 21.503 21.732 21.961 22.054 22.082 22.109 22.43 22.762 23.069 23.258 23.447 23.636 23.825 24.014 24.203 24.392 24.581 24.77 24.959 25.148 25.337 25.526 25.691 25.835 25.978 26.121 26.264 26.407 26.55 26.693 26.836 26.979 27.122 27.265 27.408 27.572 27.813 28.053 28.295 28.556 28.817 29.078 29.214 29.319 29.423 29.528 29.632 29.737 29.841 29.946 30.05 30.155 30.259 30.364 30.468
16.317 16.148 15.979 15.81 15.754 15.91 15.908 15.906 15.904 15.902 15.9 15.898 15.897 15.895 15.893 15.891 15.889 15.887 15.885 15.883 15.881 15.893 15.909 15.925 15.941 15.957 15.973 15.989 16.005 16.021 16.037 16.053 16.069 16.085 16.1 16.116 16.233 16.328 16.248 16.167 16.087 16.006 15.926 15.845 15.765 15.684 15.604 15.523 15.443 15.362 15.282 15.201 15.125 15.056 15.1 15.233 15.481 15.728 15.975 16.223 16.47 16.718 16.965 17.212 17.46 17.707 17.954 18.202 18.449 18.696 18.936 19.164 19.393 19.622 19.851 20.079 20.308 20.537 20.766 20.994 21.223 21.452 21.681 21.909 22.138 22.191 22.218 22.544 22.872 23.061 23.25 23.439 23.628 23.817 24.006 24.195 24.384 24.573 24.762 24.951 25.14 25.329 25.518 25.683 25.826 25.969 26.112 26.255 26.398 26.541 26.684 26.827 26.97 27.113 27.256 27.399 27.542 27.726 27.967 28.209 28.47 28.731 28.89 28.994 29.099 29.203 29.308 29.412 29.517 29.621 29.726 29.83 29.935 30.039 30.144 30.248
16.46 16.296 16.132 15.967 15.848 15.846 15.844 15.842 15.841 15.839 15.837 15.835 15.833 15.831 15.829 15.827 15.825 15.823 15.821 15.819 15.817 15.83 15.846 15.862 15.878 15.894 15.91 15.926 15.941 15.957 15.973 15.989 16.005 16.021 16.037 16.053 16.069 16.122 16.042 15.961 15.881 15.8 15.72 15.639 15.559 15.478 15.398 15.317 15.237 15.156 15.076 14.995 14.915 14.841 14.935 15.182 15.43 15.677 15.924 16.172 16.419 16.667 16.914 17.161 17.409 17.656 17.903 18.151 18.398 18.645 18.884 19.113 19.342 19.571 19.799 20.028 20.257 20.486 20.714 20.943 21.172 21.401 21.629 21.858 22.087 22.3 22.327 22.658 22.864 23.053 23.242 23.431 23.62 23.809 23.998 24.187 24.376 24.565 24.754 24.943 25.132 25.321 25.51 25.674 25.817 25.96 26.103 26.246 26.389 26.532 26.675 26.819 26.962 27.105 27.248 27.391 27.534 27.677 27.881 28.123 28.384 28.565 28.67 28.774 28.879 28.983 29.088 29.192 29.297 29.401 29.506 29.61 29.715 29.819 29.924 30.028
16.317 16.152 15.988 15.824 15.707 15.707 15.706 15.706 15.705 15.704 15.704 15.703 15.702 15.701 15.701 15.7 15.699 15.698 15.698 15.697 15.696 15.71 15.728 15.745 15.762 15.779 15.796 15.813 15.831 15.848 15.865 15.882 15.899 15.916 15.934 15.951 15.968 15.975 15.893 15.81 15.728 15.645 15.563 15.48 15.398 15.315 15.233 15.15 15.068 14.985 14.903 14.82 14.738 14.684 14.91 15.155 15.4 15.646 15.891 16.136 16.381 16.627 16.872 17.117 17.362 17.608 17.853 18.1 18.347 18.594 18.833 19.062 19.291 19.519 19.748 19.977 20.206 20.434 20.663 20.892 21.121 21.349 21.578 21.807 22.036 22.264 22.441 22.667 22.856 23.045 23.234 23.423 23.612 23.801 23.99 24.179 24.368 24.557 24.746 24.935 25.124 25.313 25.502 25.665 25.809 25.952 26.095 26.238 26.381 26.524 26.667 26.81 26.953 27.096 27.239 27.382 27.525 27.668 27.811 28.037 28.241 28.346 28.45 28.555 28.659 28.764 28.868 28.972 29.077 29.181 29.286 29.39 29.495 29.599 29.704 29.808
16.173 16.009 15.844 15.68 15.566 15.567 15.567 15.566 15.565 15.564 15.564 15.563 15.562 15.562 15.561 15.56 15.559 15.559 15.558 15.557 15.556 15.571 15.588 15.605 15.622 15.64 15.657 15.674 15.691 15.708 15.725 15.742 15.76 15.777 15.794 15.811 15.873 15.892 15.81 15.727 15.645 15.562 15.48 15.397 15.315 15.232 15.15 15.067 14.985 14.902 14.82 14.738 14.655 14.832 14.992 15.233 15.479 15.724 15.969 16.214 16.459 16.705 16.95 17.195 17.44 17.686 17.931 18.176 18.421 18.667 18.903 19.129 19.356 19.583 19.809 20.036 20.262 20.489 20.716 20.942 21.169 21.395 21.622 21.849 22.075 22.302 22.381 22.564 22.756 22.947 23.139 23.33 23.521 23.713 23.904 24.096 24.287 24.479 24.67 24.862 25.053 25.245 25.436 25.609 25.754 25.899 26.044 26.19 26.335 26.48 26.625 26.77 26.915 27.061 27.206 27.351 27.496 27.641 27.786 27.926 28.029 28.132 28.235 28.338 28.441 28.544 28.648 28.753 28.857 28.962 29.066 29.171 29.275 29.38 29.484 29.588
16.029 15.865 15.701 15.537 15.425 15.426 15.427 15.426 15.425 15.425 15.424 15.423 15.422 15.422 15.421 15.42 15.419 15.419 15.418 15.417 15.417 15.431 15.449 15.466 15.483 15.5 15.517 15.534 15.551 15.569 15.586 15.603 15.62 15.637 15.654 15.706 15.793 15.809 15.727 15.644 15.562 15.479 15.397 15.315 15.232 15.15 15.067 14.985 14.902 14.82 14.737 14.655 14.792 14.981 15.14 15.311 15.557 15.802 16.047 16.292 16.538 16.783 17.028 17.273 17.518 17.764 18.009 18.254 18.499 18.745 18.981 19.207 19.434 19.66 19.887 20.114 20.34 20.567 20.793 21.02 21.246 21.473 21.7 21.926 22.153 22.264 22.24 22.416 22.603 22.794 22.986 23.177 23.369 23.56 23.752 23.943 24.134 24.326 24.517 24.709 24.9 25.092 25.283 25.462 25.621 25.766 25.911 26.056 26.201 26.347 26.492 26.637 26.782 26.927 27.072 27.218 27.363 27.508 27.653 27.792 27.895 27.998 28.101 28.204 28.307 28.41 28.513 28.617 28.72 28.823 28.926 29.029 29.132 29.235 29.338 29.472
15.886 15.721 15.557 15.393 15.284 15.285 15.285 15.286 15.285 15.285 15.284 15.283 15.283 15.282 15.281 15.28 15.28 15.279 15.278 15.277 15.277 15.292 15.309 15.326 15.343 15.36 15.378 15.395 15.412 15.429 15.446 15.463 15.481 15.498 15.539 15.626 15.712 15.727 15.644 15.562 15.479 15.397 15.314 15.232 15.149 15.067 14.984 14.902 14.819 14.737 14.654 14.752 14.94 15.129 15.288 15.446 15.635 15.88 16.125 16.37 16.616 16.861 17.106 17.351 17.597 17.842 18.087 18.332 18.577 18.823 19.058 19.285 19.511 19.738 19.965 20.191 20.418 20.644 20.871 21.098 21.324 21.551 21.777 22.004 22.153 22.12 22.1 22.276 22.452 22.641 22.833 23.024 23.216 23.407 23.599 23.79 23.982 24.173 24.364 24.556 24.747 24.939 25.13 25.309 25.479 25.633 25.778 25.923 26.068 26.213 26.359 26.504 26.649 26.794 26.939 27.084 27.23 27.375 27.52 27.658 27.761 27.864 27.967 28.071 28.174 28.277 28.38 28.483 28.586 28.689 28.792 28.895 28.998 29.101 29.223 29.408
15.742 15.578 15.413 15.249 15.143 15.144 15.144 15.145 15.146 15.145 15.144 15.143 15.143 15.142 15.141 15.141 15.14 15.139 15.138 15.138 15.137 15.152 15.169 15.187 15.204 15.221 15.238 15.255 15.272 15.289 15.307 15.324 15.341 15.372 15.459 15.545 15.632 15.644 15.561 15.479 15.396 15.314 15.231 15.149 15.066 14.984 14.901 14.819 14.736 14.654 14.712 14.9 15.089 15.277 15.435 15.593 15.751 15.958 16.203 16.448 16.694 16.939 17.184 17.429 17.675 17.92 18.165 18.41 18.656 18.901 19.136 19.363 19.589 19.816 20.042 20.269 20.496 20.722 20.949 21.175 21.402 21.629 21.855 22.042 22.009 21.976 21.96 22.135 22.311 22.489 22.68 22.872 23.063 23.254 23.446 23.637 23.829 24.02 24.212 24.403 24.595 24.786 24.977 25.156 25.326 25.496 25.645 25.79 25.935 26.08 26.225 26.37 26.516 26.661 26.806 26.951 27.096 27.241 27.387 27.525 27.628 27.731 27.834 27.937 28.04 28.143 28.246 28.349 28.452 28.555 28.658 28.761 28.864 28.974 29.159 29.345
15.598 15.434 15.27 15.106 15.002 15.003 15.003 15.004 15.005 15.005 15.004 15.004 15.003 15.002 15.001 15.001 15.0 14.999 14.998 14.998 14.997 15.013 15.03 15.047 15.064 15.081 15.098 15.116 15.133 15.15 15.167 15.184 15.205 15.292 15.378 15.465 15.552 15.561 15.478 15.396 15.313 15.231 15.148 15.066 14.983 14.901 14.818 14.736 14.653 14.672 14.86 15.048 15.237 15.425 15.583 15.741 15.899 16.057 16.281 16.526 16.772 17.017 17.262 17.507 17.753 17.998 18.243 18.488 18.734 18.979 19.214 19.44 19.667 19.894 20.12 20.347 20.573 20.8 21.027 21.253 21.48 21.706 21.931 21.898 21.865 21.832 21.819 21.995 22.171 22.347 22.527 22.719 22.91 23.102 23.293 23.484 23.676 23.867 24.059 24.25 24.442 24.633 24.825 25.002 25.173 25.343 25.511 25.657 25.802 25.947 26.092 26.237 26.382 26.528 26.673 26.818 26.963 27.108 27.253 27.391 27.494 27.597 27.7 27.803 27.906 28.009 28.112 28.215 28.318 28.421 28.524 28.627 28.73 28.91 29.096 29.281
15.455 15.29 15.126 14.962 14.861 14.862 14.862 14.863 14.864 14.865 14.864 14.864 14.863 14.862 14.862 14.861 14.86 14.859 14.859 14.858 14.857 14.873 14.89 14.907 14.925 14.942 14.959 14.976 14.993 15.01 15.027 15.045 15.125 15.211 15.298 15.385 15.472 15.478 15.395 15.313 15.23 15.148 15.065 14.983 14.9 14.818 14.735 14.653 14.631 14.82 15.008 15.197 15.385 15.572 15.731 15.889 16.047 16.205 16.363 16.605 16.85 17.095 17.34 17.585 17.831 18.076 18.321 18.566 18.812 19.057 19.292 19.518 19.745 19.971 20.198 20.425 20.651 20.878 21.104 21.331 21.558 21.784 21.787 21.754 21.721 21.688 21.679 21.855 22.031 22.206 22.382 22.566 22.757 22.949 23.14 23.332 23.523 23.715 23.906 24.097 24.289 24.48 24.672 24.849 25.019 25.19 25.36 25.523 25.668 25.814 25.959 26.104 26.249 26.394 26.539 26.685 26.83 26.975 27.12 27.257 27.36 27.463 27.566 27.669 27.772 27.875 27.978 28.081 28.184 28.287 28.39 28.493 28.662 28.847 29.032 29.218
15.311 15.147 14.983 14.818 14.72 14.721 14.721 14.722 14.723 14.724 14.724 14.724 14.723 14.722 14.722 14.721 14.72 14.72 14.719 14.718 14.717 14.734 14.751 14.768 14.785 14.802 14.819 14.836 14.854 14.871 14.888 14.958 15.044 15.131 15.218 15.305 15.392 15.395 15.312 15.23 15.147 15.065 14.982 14.9 14.817 14.735 14.652 14.591 14.78 14.968 15.156 15.345 15.533 15.72 15.878 16.036 16.194 16.352 16.51 16.683 16.928 17.173 17.418 17.664 17.909 18.154 18.399 18.645 18.89 19.135 19.369 19.596 19.823 20.049 20.276 20.502 20.729 20.955 21.182 21.409 21.635 21.676 21.643 21.61 21.577 21.544 21.538 21.714 21.89 22.066 22.242 22.418 22.604 22.796 22.987 23.179 23.37 23.562 23.753 23.945 24.136 24.328 24.519 24.696 24.866 25.036 25.207 25.377 25.535 25.68 25.826 25.971 26.116 26.261 26.406 26.551 26.697 26.842 26.987 27.123 27.226 27.329 27.432 27.535 27.638 27.741 27.844 27.947 28.05 28.153 28.256 28.413 28.598 28.783 28.969 29.154
15.167 15.003 14.839 14.675 14.579 14.58 14.58 14.581 14.582 14.583 14.583 14.584 14.583 14.583 14.582 14.581 14.58 14.58 14.579 14.578 14.577 14.594 14.611 14.628 14.645 14.663 14.68 14.697 14.714 14.731 14.791 14.877 14.964 15.051 15.138 15.225 15.312 15.312 15.23 15.147 15.065 14.982 14.9 14.817 14.735 14.652 14.57 14.739 14.928 15.116 15.304 15.493 15.681 15.868 16.026 16.184 16.342 16.5 16.658 16.816 17.006 17.251 17.496 17.742 17.987 18.232 18.477 18.723 18.968 19.213 19.447 19.674 19.9 20.127 20.353 20.58 20.807 21.033 21.26 21.486 21.565 21.532 21.499 21.466 21.433 21.4 21.398 21.574 21.75 21.926 22.101 22.277 22.453 22.643 22.835 23.026 23.217 23.409 23.6 23.792 23.983 24.175 24.366 24.543 24.713 24.883 25.053 25.224 25.394 25.547 25.692 25.837 25.983 26.128 26.273 26.418 26.563 26.709 26.854 26.989 27.092 27.195 27.298 27.401 27.504 27.607 27.71 27.813 27.916 28.019 28.164 28.349 28.534 28.72 28.905 29.091
15.024 14.86 14.695 14.531 14.438 14.439 14.439 14.44 14.441 14.442 14.442 14.443 14.443 14.443 14.442 14.441 14.441 14.44 14.439 14.438 14.438 14.454 14.472 14.489 14.506 14.523 14.54 14.557 14.574 14.624 14.71 14.797 14.884 14.971 15.058 15.145 15.231 15.229 15.147 15.064 14.982 14.899 14.817 14.734 14.652 14.569 14.699 14.888 15.076 15.264 15.453 15.641 15.829 16.015 16.173 16.332 16.49 16.648 16.806 16.964 17.122 17.329 17.574 17.82 18.065 18.31 18.555 18.801 19.046 19.291 19.525 19.751 19.978 20.205 20.431 20.658 20.884 21.111 21.338 21.454 21.421 21.388 21.355 21.322 21.289 21.256 21.258 21.434 21.609 21.785 21.961 22.137 22.313 22.49 22.682 22.873 23.065 23.256 23.447 23.639 23.83 24.022 24.213 24.39 24.56 24.73 24.9 25.07 25.241 25.411 25.559 25.704 25.849 25.995 26.14 26.285 26.43 26.575 26.72 26.855 26.958 27.061 27.164 27.267 27.37 27.473 27.576 27.679 27.782 27.915 28.1 28.285 28.471 28.656 28.842 29.027
14.88 14.716 14.552 14.387 14.297 14.298 14.298 14.299 14.3 14.301 14.301 14.302 14.303 14.303 14.302 14.301 14.301 14.3 14.299 14.298 14.298 14.315 14.332 14.349 14.366 14.383 14.401 14.418 14.457 14.543 14.63 14.717 14.804 14.891 14.978 15.064 15.151 15.146 15.064 14.981 14.899 14.816 14.734 14.651 14.569 14.659 14.847 15.036 15.224 15.412 15.601 15.789 15.977 16.163 16.321 16.479 16.637 16.795 16.953 17.111 17.269 17.427 17.653 17.898 18.143 18.388 18.633 18.879 19.124 19.369 19.603 19.829 20.056 20.282 20.509 20.736 20.962 21.189 21.344 21.311 21.278 21.244 21.211 21.178 21.145 21.112 21.117 21.293 21.469 21.645 21.821 21.997 22.172 22.348 22.529 22.72 22.912 23.103 23.295 23.486 23.678 23.869 24.06 24.236 24.407 24.577 24.747 24.917 25.087 25.258 25.426 25.571 25.716 25.861 26.007 26.152 26.297 26.442 26.587 26.721 26.824 26.927 27.03 27.133 27.236 27.339 27.442 27.545 27.666 27.851 28.037 28.222 28.407 28.593 28.778 28.964
14.736 14.572 14.408 14.244 14.156 14.156 14.157 14.158 14.159 14.159 14.16 14.161 14.162 14.162 14.162 14.162 14.161 14.16 14.159 14.159 14.158 14.175 14.192 14.21 14.227 14.244 14.261 14.29 14.377 14.463 14.55 14.637 14.724 14.811 14.897 14.984 15.071 15.063 14.981 14.898 14.816 14.733 14.651 14.568 14.619 14.807 14.995 15.184 15.372 15.561 15.749 15.937 16.126 16.311 16.469 16.627 16.785 16.943 17.101 17.259 17.417 17.575 17.733 17.976 18.221 18.466 18.712 18.957 19.202 19.447 19.68 19.907 20.134 20.36 20.587 20.813 21.04 21.233 21.2 21.167 21.134 21.101 21.068 21.035 21.002 20.968 20.977 21.153 21.329 21.504 21.68 21.856 22.032 22.208 22.384 22.567 22.759 22.95 23.142 23.333 23.525 23.716 23.908 24.083 24.253 24.424 24.594 24.764 24.934 25.104 25.275 25.438 25.583 25.728 25.873 26.018 26.164 26.309 26.454 26.587 26.69 26.793 26.896 26.999 27.102 27.205 27.308 27.417 27.602 27.788 27.973 28.158 28.344 28.529 28.715 28.9
14.593 14.429 14.264 14.1 14.015 14.015 14.016 14.017 14.018 14.018 14.019 14.02 14.021 14.021 14.022 14.022 14.021 14.02 14.02 14.019 14.019 14.036 14.053 14.07 14.087 14.104 14.123 14.21 14.296 14.383 14.47 14.557 14.644 14.73 14.817 14.904 14.991 14.98 14.898 14.815 14.733 14.65 14.568 14.579 14.767 14.955 15.144 15.332 15.52 15.709 15.897 16.085 16.274 16.458 16.616 16.774 16.932 17.091 17.249 17.407 17.565 17.723 17.881 18.054 18.299 18.544 18.79 19.035 19.28 19.525 19.758 19.985 20.211 20.438 20.664 20.891 21.118 21.089 21.056 21.023 20.99 20.957 20.924 20.891 20.858 20.825 20.836 21.012 21.188 21.364 21.54 21.716 21.892 22.067 22.243 22.419 22.606 22.798 22.989 23.18 23.372 23.563 23.755 23.93 24.1 24.27 24.441 24.611 24.781 24.951 25.121 25.292 25.45 25.595 25.74 25.885 26.03 26.176 26.321 26.453 26.556 26.659 26.762 26.865 26.968 27.071 27.174 27.353 27.539 27.724 27.909 28.095 28.28 28.466 28.651 28.837
14.449 14.285 14.121 13.956 13.874 13.874 13.875 13.876 13.877 13.877 13.878 13.879 13.88 13.88 13.881 13.882 13.881 13.88 13.88 13.879 13.879 13.896 13.913 13.93 13.948 13.965 14.043 14.129 14.216 14.303 14.39 14.477 14.563 14.65 14.737 14.824 14.911 14.897 14.815 14.732 14.65 14.567 14.538 14.727 14.915 15.103 15.292 15.48 15.668 15.857 16.045 16.234 16.422 16.606 16.764 16.922 17.08 17.238 17.396 17.554 17.712 17.87 18.028 18.186 18.377 18.622 18.868 19.113 19.358 19.603 19.836 20.062 20.289 20.516 20.742 20.969 20.978 20.945 20.912 20.879 20.846 20.813 20.78 20.747 20.714 20.681 20.696 20.872 21.048 21.224 21.399 21.575 21.751 21.927 22.103 22.279 22.455 22.645 22.836 23.028 23.219 23.41 23.602 23.777 23.947 24.117 24.287 24.458 24.628 24.798 24.968 25.139 25.309 25.462 25.607 25.752 25.897 26.042 26.187 26.319 26.422 26.525 26.628 26.731 26.834 26.937 27.104 27.29 27.475 27.661 27.846 28.031 28.217 28.402 28.588 28.773
14.306 14.141 13.977 13.813 13.733 13.733 13.734 13.735 13.736 13.736 13.737 13.738 13.739 13.739 13.74 13.741 13.741 13.741 13.74 13.739 13.739 13.757 13.774 13.791 13.808 13.876 13.962 14.049 14.136 14.223 14.31 14.396 14.483 14.57 14.657 14.744 14.831 14.815 14.732 14.65 14.567 14.498 14.686 14.875 15.063 15.252 15.44 15.628 15.817 16.005 16.193 16.382 16.57 16.754 16.912 17.07 17.228 17.386 17.544 17.702 17.86 18.018 18.176 18.334 18.492 18.7 18.946 19.191 19.436 19.681 19.914 20.14 20.367 20.593 20.82 20.867 20.834 20.801 20.768 20.735 20.702 20.669 20.636 20.603 20.57 20.537 20.556 20.732 20.907 21.083 21.259 21.435 21.611 21.787 21.962 22.138 22.314 22.492 22.683 22.875 23.066 23.258 23.449 23.624 23.794 23.964 24.134 24.304 24.475 24.645 24.815 24.985 25.156 25.326 25.474 25.619 25.764 25.909 26.054 26.185 26.288 26.391 26.494 26.597 26.7 26.855 27.041 27.226 27.412 27.597 27.782 27.968 28.153 28.339 28.524 28.709
14.112 13.998 13.833 13.669 13.592 13.592 13.593 13.594 13.595 13.595 13.596 13.597 13.598 13.598 13.599 13.6 13.601 13.601 13.6 13.599 13.6 13.617 13.634 13.651 13.709 13.795 13.882 13.969 14.056 14.143 14.229 14.316 14.403 14.49 14.577 14.664 14.75 14.732 14.649 14.567 14.484 14.646 14.835 15.023 15.211 15.4 15.588 15.776 15.965 16.153 16.341 16.53 16.718 16.901 17.059 17.217 17.375 17.533 17.692 17.85 18.008 18.166 18.324 18.482 18.64 18.798 19.024 19.269 19.514 19.76 19.991 20.218 20.445 20.671 20.756 20.723 20.69 20.657 20.624 20.591 20.558 20.525 20.492 20.459 20.426 20.393 20.415 20.591 20.767 20.943 21.119 21.295 21.47 21.646 21.822 21.998 22.174 22.35 22.53 22.722 22.913 23.105 23.296 23.47 23.641 23.811 23.981 24.151 24.321 24.492 24.662 24.832 25.002 25.173 25.34 25.485 25.631 25.776 25.921 26.051 26.154 26.257 26.36 26.463 26.606 26.792 26.977 27.163 27.348 27.533 27.719 27.904 28.09 28.275 28.46 28.646
13.825 13.84 13.69 13.526 13.451 13.451 13.452 13.453 13.454 13.454 13.455 13.456 13.457 13.457 13.458 13.459 13.46 13.46 13.46 13.459 13.46 13.477 13.495 13.542 13.628 13.715 13.802 13.889 13.976 14.063 14.149 14.236 14.323 14.41 14.497 14.583 14.67 14.649 14.566 14.484 14.606 14.794 14.983 15.171 15.359 15.548 15.736 15.925 16.113 16.301 16.49 16.678 16.866 17.049 17.207 17.365 17.523 17.681 17.839 17.997 18.155 18.313 18.471 18.629 18.787 18.945 19.103 19.347 19.592 19.838 20.069 20.296 20.522 20.645 20.612 20.579 20.546 20.513 20.48 20.447 20.414 20.381 20.348 20.315 20.282 20.249 20.275 20.451 20.627 20.802 20.978 21.154 21.33 21.506 21.682 21.858 22.033 22.209 22.385 22.569 22.761 22.952 23.143 23.317 23.487 23.658 23.828 23.998 24.168 24.339 24.509 24.679 24.849 25.019 25.19 25.352 25.497 25.643 25.788 25.917 26.02 26.123 26.226 26.357 26.543 26.728 26.914 27.099 27.284 27.47 27.655 27.841 28.026 28.212 28.397 28.582
13.538 13.553 13.546 13.382 13.31 13.31 13.311 13.312 13.313 13.313 13.314 13.315 13.316 13.316 13.317 13.318 13.319 13.319 13.32 13.32 13.321 13.338 13.375 13.461 13.548 13.635 13.722 13.809 13.896 13.982 14.069 14.156 14.243 14.33 14.416 14.503 14.59 14.566 14.483 14.566 14.754 14.943 15.131 15.319 15.508 15.696 15.884 16.073 16.261 16.449 16.638 16.826 17.014 17.197 17.355 17.513 17.671 17.829 17.987 18.145 18.303 18.461 18.619 18.777 18.935 19.093 19.251 19.425 19.67 19.916 20.147 20.373 20.535 20.502 20.468 20.435 20.402 20.369 20.336 20.303 20.27 20.237 20.204 20.171 20.138 20.105 20.135 20.31 20.486 20.662 20.838 21.014 21.19 21.365 21.541 21.717 21.893 22.069 22.245 22.421 22.608 22.799 22.991 23.164 23.334 23.504 23.675 23.845 24.015 24.185 24.356 24.526 24.696 24.866 25.036 25.207 25.364 25.509 25.655 25.783 25.886 25.989 26.108 26.294 26.479 26.665 26.85 27.036 27.221 27.406 27.592 27.777 27.963 28.148 28.333 28.519
13.252 13.267 13.281 13.238 13.169 13.169 13.17 13.171 13.172 13.172 13.173 13.174 13.175 13.175 13.176 13.177 13.178 13.178 13.179 13.18 13.181 13.208 13.294 13.381 13.468 13.555 13.642 13.729 13.815 13.902 13.989 14.076 14.163 14.249 14.336 14.423 14.51 14.483 14.526 14.714 14.902 15.091 15.279 15.467 15.656 15.844 16.032 16.221 16.409 16.598 16.786 16.974 17.163 17.344 17.502 17.66 17.818 17.976 18.134 18.292 18.451 18.609 18.767 18.925 19.083 19.241 19.399 19.557 19.748 19.994 20.225 20.424 20.391 20.358 20.325 20.292 20.259 20.225 20.192 20.159 20.126 20.093 20.06 20.027 19.994 19.961 19.994 20.17 20.346 20.522 20.698 20.873 21.049 21.225 21.401 21.577 21.753 21.928 22.104 22.28 22.456 22.646 22.838 23.011 23.181 23.351 23.522 23.692 23.862 24.032 24.202 24.373 24.543 24.713 24.883 25.053 25.224 25.376 25.521 25.649 25.752 25.86 26.045 26.23 26.416 26.601 26.787 26.972 27.157 27.343 27.528 27.714 27.899 28.084 28.27 28.455
13.014 13.023 13.032 13.041 13.057 13.051 13.045 13.04 13.034 13.031 13.032 13.033 13.034 13.034 13.035 13.036 13.037 13.037 13.038 13.039 13.042 13.127 13.214 13.301 13.388 13.475 13.562 13.648 13.735 13.822 13.909 13.996 14.082 14.169 14.256 14.343 14.43 14.485 14.674 14.862 15.051 15.239 15.427 15.616 15.804 15.992 16.181 16.369 16.557 16.746 16.934 17.122 17.311 17.492 17.65 17.808 17.966 18.124 18.282 18.44 18.598 18.756 18.914 19.072 19.23 19.388 19.546 19.704 19.863 20.072 20.302 20.28 20.247 20.214 20.181 20.148 20.115 20.082 20.049 20.016 19.982 19.949 19.916 19.883 19.85 19.817 19.854 20.03 20.205 20.381 20.557 20.733 20.909 21.085 21.261 21.436 21.612 21.788 21.964 22.14 22.316 22.493 22.685 22.858 23.028 23.198 23.368 23.539 23.709 23.879 24.049 24.219 24.39 24.56 24.73 24.9 25.07 25.241 25.388 25.515 25.618 25.796 25.981 26.167 26.352 26.538 26.723 26.908 27.094 27.279 27.465 27.65 27.836 28.021 28.206 28.392
13.087 13.096 13.105 13.231 13.321 13.316 13.31 13.304 13.298 13.293 13.287 13.281 13.276 13.27 13.264 13.258 13.253 13.247 13.241 13.236 13.171 13.196 13.28 13.364 13.448 13.532 13.616 13.699 13.783 13.867 13.951 14.035 14.118 14.202 14.286 14.37 14.454 14.53 14.722 14.913 15.105 15.296 15.488 15.679 15.87 16.062 16.253 16.445 16.636 16.828 17.019 17.211 17.402 17.567 17.729 17.892 18.054 18.216 18.378 18.541 18.703 18.865 19.028 19.19 19.352 19.514 19.677 19.839 20.001 20.164 20.169 20.136 20.103 20.07 20.037 20.004 19.971 19.938 19.905 19.872 19.839 19.806 19.773 19.74 19.706 19.673 19.713 19.889 20.065 20.241 20.417 20.593 20.768 20.944 21.12 21.296 21.472 21.648 21.823 21.999 22.175 22.351 22.532 22.704 22.875 23.045 23.215 23.385 23.556 23.726 23.896 24.066 24.236 24.407 24.577 24.747 24.917 25.087 25.255 25.381 25.547 25.732 25.918 26.103 26.289 26.474 26.66 26.845 27.03 27.216 27.401 27.587 27.772 27.957 28.143 28.328
13.16 13.169 13.261 13.499 13.586 13.58 13.575 13.569 13.563 13.557 13.552 13.546 13.54 13.534 13.529 13.523 13.517 13.512 13.506 13.444 13.367 13.338 13.386 13.47 13.554 13.638 13.722 13.806 13.889 13.973 14.057 14.141 14.225 14.308 14.392 14.476 14.56 14.588 14.679 14.871 15.062 15.254 15.445 15.637 15.828 16.019 16.211 16.402 16.594 16.785 16.977 17.168 17.36 17.521 17.62 17.782 17.944 18.107 18.269 18.431 18.593 18.756 18.918 19.08 19.243 19.405 19.567 19.729 19.892 20.054 20.056 20.023 19.989 19.955 19.922 19.888 19.855 19.821 19.788 19.754 19.721 19.687 19.653 19.62 19.586 19.553 19.695 19.868 20.041 20.214 20.387 20.56 20.733 20.906 21.079 21.252 21.425 21.598 21.771 21.944 22.117 22.29 22.434 22.594 22.763 22.932 23.1 23.269 23.437 23.606 23.774 23.943 24.112 24.28 24.449 24.617 24.786 24.954 25.123 25.283 25.47 25.657 25.843 26.03 26.217 26.404 26.591 26.778 26.965 27.152 27.338 27.523 27.708 27.894 28.079 28.263
13.233 13.291 13.529 13.768 13.851 13.845 13.839 13.833 13.828 13.822 13.816 13.811 13.805 13.799 13.793 13.788 13.782 13.776 13.726 13.639 13.563 13.534 13.505 13.576 13.66 13.744 13.828 13.912 13.996 14.079 14.163 14.247 14.331 14.415 14.499 14.582 14.666 14.693 14.7 14.828 15.02 15.211 15.403 15.594 15.786 15.977 16.169 16.36 16.551 16.743 16.934 17.126 17.317 17.477 17.557 17.672 17.835 17.997 18.159 18.322 18.484 18.646 18.808 18.971 19.133 19.295 19.457 19.62 19.782 19.944 19.943 19.91 19.876 19.843 19.809 19.775 19.742 19.708 19.675 19.641 19.608 19.574 19.541 19.507 19.474 19.575 19.72 19.893 20.066 20.239 20.412 20.585 20.758 20.931 21.104 21.277 21.45 21.623 21.796 21.969 22.142 22.3 22.375 22.537 22.706 22.875 23.043 23.212 23.38 23.549 23.717 23.886 24.055 24.223 24.392 24.56 24.729 24.897 25.013 25.132 25.319 25.506 25.693 25.88 26.067 26.253 26.44 26.627 26.814 27.001 27.188 27.375 27.562 27.749 27.936 28.056
13.321 13.56 13.798 14.036 14.115 14.11 14.104 14.098 14.092 14.087 14.081 14.075 14.069 14.064 14.058 14.052 14.047 14.009 13.922 13.835 13.759 13.73 13.701 13.683 13.766 13.85 13.934 14.018 14.102 14.186 14.269 14.353 14.437 14.521 14.605 14.689 14.772 14.798 14.805 14.812 14.977 15.169 15.36 15.552 15.743 15.935 16.126 16.318 16.509 16.7 16.892 17.083 17.275 17.433 17.513 17.593 17.725 17.887 18.05 18.212 18.374 18.536 18.699 18.861 19.023 19.186 19.348 19.51 19.672 19.835 19.83 19.797 19.763 19.73 19.696 19.663 19.629 19.595 19.562 19.528 19.495 19.461 19.428 19.394 19.472 19.599 19.745 19.918 20.091 20.264 20.437 20.61 20.783 20.956 21.129 21.302 21.475 21.648 21.821 21.995 22.167 22.242 22.317 22.481 22.649 22.818 22.986 23.155 23.323 23.492 23.661 23.829 23.998 24.166 24.335 24.503 24.672 24.804 24.86 24.981 25.168 25.355 25.542 25.729 25.916 26.103 26.29 26.477 26.663 26.85 27.037 27.224 27.411 27.598 27.729 27.832
13.59 13.828 14.066 14.305 14.38 14.374 14.368 14.363 14.357 14.351 14.346 14.34 14.334 14.328 14.323 14.317 14.291 14.204 14.117 14.03 13.955 13.926 13.897 13.868 13.873 13.956 14.04 14.124 14.208 14.292 14.376 14.459 14.543 14.627 14.711 14.795 14.879 14.903 14.91 14.917 14.935 15.126 15.318 15.509 15.701 15.892 16.084 16.275 16.467 16.658 16.85 17.041 17.232 17.388 17.469 17.549 17.629 17.778 17.94 18.102 18.265 18.427 18.589 18.751 18.914 19.076 19.238 19.4 19.563 19.725 19.717 19.684 19.65 19.617 19.583 19.55 19.516 19.483 19.449 19.415 19.382 19.348 19.315 19.369 19.496 19.624 19.77 19.943 20.116 20.289 20.462 20.635 20.808 20.981 21.154 21.327 21.501 21.674 21.847 22.02 22.108 22.183 22.258 22.424 22.592 22.761 22.929 23.098 23.266 23.435 23.604 23.772 23.941 24.109 24.278 24.446 24.595 24.651 24.707 24.83 25.017 25.204 25.391 25.578 25.765 25.952 26.139 26.326 26.513 26.7 26.886 27.073 27.26 27.404 27.504 27.608
13.858 14.097 14.335 14.573 14.645 14.639 14.633 14.627 14.622 14.616 14.61 14.604 14.599 14.593 14.587 14.574 14.486 14.399 14.312 14.225 14.151 14.123 14.094 14.065 14.036 14.063 14.146 14.23 14.314 14.398 14.482 14.566 14.649 14.733 14.817 14.901 14.985 15.008 15.015 15.022 15.028 15.084 15.275 15.467 15.658 15.85 16.041 16.233 16.424 16.616 16.807 16.999 17.19 17.344 17.424 17.505 17.585 17.668 17.83 17.993 18.155 18.317 18.479 18.642 18.804 18.966 19.129 19.291 19.453 19.615 19.605 19.571 19.537 19.504 19.47 19.437 19.403 19.37 19.336 19.303 19.269 19.236 19.266 19.393 19.521 19.648 19.795 19.968 20.141 20.314 20.487 20.66 20.833 21.006 21.18 21.353 21.526 21.699 21.872 21.975 22.05 22.125 22.2 22.367 22.535 22.704 22.872 23.041 23.21 23.378 23.547 23.715 23.884 24.052 24.221 24.386 24.442 24.498 24.554 24.68 24.867 25.053 25.24 25.427 25.614 25.801 25.988 26.175 26.362 26.549 26.736 26.923 27.079 27.179 27.279 27.384
14.127 14.365 14.603 14.842 14.909 14.903 14.898 14.892 14.886 14.881 14.875 14.869 14.863 14.858 14.852 14.769 14.682 14.595 14.507 14.42 14.348 14.319 14.29 14.261 14.232 14.203 14.253 14.336 14.42 14.504 14.588 14.672 14.756 14.839 14.923 15.007 15.091 15.113 15.12 15.126 15.133 15.14 15.233 15.424 15.616 15.807 15.999 16.19 16.382 16.573 16.765 16.956 17.148 17.3 17.38 17.461 17.541 17.621 17.721 17.883 18.045 18.208 18.37 18.532 18.694 18.857 19.019 19.181 19.344 19.506 19.492 19.458 19.425 19.391 19.357 19.324 19.29 19.257 19.223 19.19 19.156 19.163 19.29 19.418 19.545 19.672 19.82 19.993 20.166 20.339 20.512 20.685 20.859 21.032 21.205 21.378 21.551 21.724 21.841 21.916 21.991 22.066 22.141 22.31 22.478 22.647 22.815 22.984 23.153 23.321 23.49 23.658 23.827 23.995 24.164 24.233 24.289 24.345 24.401 24.529 24.716 24.903 25.09 25.277 25.463 25.65 25.837 26.024 26.211 26.398 26.585 26.754 26.854 26.954 27.053 27.159
14.395 14.634 14.872 15.11 15.174 15.168 15.162 15.157 15.151 15.145 15.139 15.134 15.128 15.122 15.051 14.964 14.877 14.79 14.703 14.616 14.544 14.515 14.486 14.457 14.428 14.399 14.37 14.443 14.527 14.61 14.694 14.778 14.862 14.946 15.029 15.113 15.197 15.218 15.225 15.231 15.238 15.245 15.252 15.382 15.574 15.765 15.956 16.148 16.339 16.531 16.722 16.914 17.105 17.256 17.336 17.416 17.497 17.577 17.657 17.773 17.936 18.098 18.26 18.422 18.585 18.747 18.909 19.072 19.234 19.396 19.379 19.345 19.312 19.278 19.245 19.211 19.178 19.144 19.11 19.077 19.06 19.188 19.315 19.442 19.569 19.697 19.845 20.018 20.191 20.364 20.538 20.711 20.884 21.057 21.23 21.403 21.576 21.707 21.783 21.858 21.933 22.008 22.084 22.253 22.421 22.59 22.759 22.927 23.096 23.264 23.433 23.601 23.77 23.938 24.024 24.08 24.136 24.192 24.248 24.378 24.565 24.752 24.939 25.126 25.313 25.5 25.686 25.873 26.06 26.247 26.429 26.529 26.629 26.728 26.828 26.935
14.664 14.902 15.14 15.379 15.438 15.433 15.427 15.421 15.416 15.41 15.404 15.398 15.393 15.334 15.246 15.159 15.072 14.985 14.898 14.811 14.74 14.711 14.682 14.653 14.624 14.595 14.566 14.549 14.633 14.717 14.8 14.884 14.968 15.052 15.136 15.219 15.303 15.323 15.33 15.336 15.343 15.35 15.357 15.363 15.531 15.723 15.914 16.105 16.297 16.488 16.68 16.871 17.063 17.211 17.292 17.372 17.452 17.533 17.613 17.693 17.826 17.988 18.151 18.313 18.475 18.637 18.8 18.962 19.124 19.287 19.266 19.232 19.199 19.165 19.132 19.098 19.065 19.031 18.998 18.964 19.085 19.212 19.339 19.466 19.594 19.721 19.87 20.043 20.217 20.39 20.563 20.736 20.909 21.082 21.255 21.428 21.574 21.649 21.724 21.799 21.874 21.949 22.027 22.196 22.364 22.533 22.702 22.87 23.039 23.207 23.376 23.544 23.713 23.815 23.871 23.927 23.983 24.039 24.095 24.227 24.414 24.601 24.788 24.975 25.162 25.349 25.536 25.723 25.91 26.096 26.204 26.304 26.403 26.503 26.603 26.711
14.932 15.171 15.409 15.647 15.703 15.697 15.692 15.686 15.68 15.674 15.669 15.663 15.616 15.529 15.442 15.355 15.267 15.18 15.093 15.006 14.936 14.907 14.878 14.849 14.82 14.791 14.763 14.734 14.739 14.823 14.907 14.99 15.074 15.158 15.242 15.326 15.409 15.428 15.435 15.441 15.448 15.455 15.462 15.468 15.489 15.68 15.872 16.063 16.255 16.446 16.637 16.829 17.02 17.167 17.248 17.328 17.408 17.488 17.569 17.649 17.729 17.879 18.041 18.203 18.365 18.528 18.69 18.852 19.015 19.177 19.153 19.119 19.086 19.052 19.019 18.985 18.952 18.918 18.885 18.982 19.109 19.236 19.364 19.491 19.618 19.745 19.896 20.069 20.242 20.415 20.588 20.761 20.934 21.107 21.28 21.44 21.515 21.59 21.665 21.741 21.816 21.891 21.97 22.139 22.308 22.476 22.645 22.813 22.982 23.15 23.319 23.487 23.606 23.662 23.718 23.774 23.83 23.886 23.942 24.077 24.263 24.45 24.637 24.824 25.011 25.198 25.385 25.572 25.759 25.879 25.979 26.078 26.178 26.278 26.377 26.487
15.201 15.439 15.677 15.916 15.968 15.962 15.956 15.951 15.945 15.939 15.933 15.898 15.811 15.724 15.637 15.55 15.463 15.376 15.288 15.201 15.132 15.104 15.075 15.046 15.017 14.988 14.959 14.93 14.901 14.929 15.013 15.097 15.18 15.264 15.348 15.432 15.516 15.533 15.539 15.546 15.553 15.56 15.567 15.573 15.58 15.638 15.829 16.021 16.212 16.404 16.595 16.786 16.978 17.123 17.203 17.284 17.364 17.444 17.524 17.605 17.685 17.769 17.931 18.094 18.256 18.418 18.58 18.743 18.905 19.067 19.04 19.007 18.973 18.94 18.906 18.872 18.839 18.805 18.879 19.006 19.133 19.261 19.388 19.515 19.642 19.77 19.921 20.094 20.267 20.44 20.613 20.786 20.959 21.132 21.305 21.382 21.457 21.532 21.607 21.682 21.757 21.832 21.913 22.082 22.251 22.419 22.588 22.756 22.925 23.093 23.262 23.397 23.453 23.509 23.565 23.621 23.677 23.733 23.789 23.926 24.113 24.3 24.486 24.673 24.86 25.047 25.234 25.421 25.554 25.654 25.753 25.853 25.953 26.052 26.152 26.262
15.469 15.708 15.946 16.184 16.232 16.227 16.221 16.215 16.209 16.204 16.181 16.094 16.007 15.919 15.832 15.745 15.658 15.571 15.484 15.397 15.329 15.3 15.271 15.242 15.213 15.184 15.155 15.126 15.097 15.068 15.119 15.203 15.287 15.37 15.454 15.538 15.622 15.638 15.644 15.651 15.658 15.665 15.672 15.678 15.685 15.692 15.787 15.978 16.17 16.361 16.553 16.744 16.936 17.079 17.159 17.239 17.32 17.4 17.48 17.561 17.641 17.721 17.822 17.984 18.146 18.308 18.471 18.633 18.795 18.958 18.927 18.894 18.86 18.827 18.793 18.76 18.726 18.776 18.903 19.03 19.158 19.285 19.412 19.54 19.667 19.794 19.946 20.119 20.292 20.465 20.638 20.811 20.984 21.157 21.248 21.323 21.398 21.473 21.548 21.624 21.699 21.774 21.857 22.025 22.194 22.362 22.531 22.699 22.868 23.036 23.187 23.243 23.3 23.356 23.412 23.468 23.524 23.58 23.636 23.775 23.962 24.149 24.336 24.523 24.71 24.896 25.083 25.229 25.329 25.428 25.528 25.628 25.727 25.827 25.927 26.038
15.738 15.976 16.214 16.453 16.497 16.491 16.486 16.48 16.474 16.463 16.376 16.289 16.202 16.115 16.028 15.94 15.853 15.766 15.679 15.592 15.525 15.496 15.467 15.438 15.409 15.38 15.351 15.322 15.293 15.264 15.235 15.309 15.393 15.477 15.56 15.644 15.728 15.743 15.749 15.756 15.763 15.77 15.776 15.783 15.79 15.797 15.804 15.936 16.127 16.319 16.51 16.702 16.893 17.035 17.115 17.195 17.275 17.356 17.436 17.516 17.597 17.677 17.757 17.874 18.037 18.199 18.361 18.523 18.686 18.848 18.814 18.781 18.747 18.714 18.68 18.647 18.673 18.8 18.928 19.055 19.182 19.309 19.437 19.564 19.691 19.818 19.971 20.144 20.317 20.49 20.663 20.836 21.009 21.115 21.19 21.265 21.34 21.415 21.49 21.565 21.64 21.715 21.8 21.968 22.137 22.305 22.474 22.642 22.811 22.978 23.034 23.09 23.147 23.203 23.259 23.315 23.371 23.427 23.483 23.624 23.811 23.998 24.185 24.372 24.559 24.746 24.904 25.004 25.103 25.203 25.303 25.402 25.502 25.602 25.701 25.814
16.006 16.245 16.483 16.721 16.762 16.756 16.75 16.744 16.739 16.658 16.571 16.484 16.397 16.31 16.223 16.136 16.049 15.961 15.874 15.787 15.721 15.692 15.663 15.634 15.605 15.576 15.547 15.518 15.489 15.46 15.431 15.415 15.499 15.583 15.667 15.75 15.834 15.847 15.854 15.861 15.868 15.875 15.881 15.888 15.895 15.902 15.909 15.915 16.085 16.276 16.468 16.659 16.851 16.99 17.071 17.151 17.231 17.311 17.392 17.472 17.552 17.633 17.713 17.793 17.927 18.089 18.252 18.414 18.576 18.735 18.702 18.668 18.634 18.601 18.567 18.57 18.697 18.825 18.952 19.079 19.206 19.334 19.461 19.588 19.716 19.843 19.996 20.169 20.342 20.515 20.688 20.861 20.981 21.056 21.131 21.206 21.281 21.356 21.431 21.506 21.582 21.657 21.743 21.911 22.08 22.248 22.417 22.585 22.754 22.825 22.881 22.937 22.993 23.05 23.106 23.162 23.218 23.274 23.33 23.473 23.66 23.847 24.034 24.221 24.408 24.579 24.679 24.778 24.878 24.978 25.077 25.177 25.277 25.376 25.476 25.59
16.275 16.513 16.751 16.99 17.026 17.021 17.015 17.009 16.941 16.854 16.767 16.679 16.592 16.505 16.418 16.331 16.244 16.157 16.07 15.982 15.917 15.888 15.859 15.83 15.801 15.772 15.743 15.715 15.686 15.657 15.628 15.599 15.605 15.689 15.773 15.857 15.94 15.952 15.959 15.966 15.973 15.98 15.986 15.993 16.0 16.007 16.013 16.02 16.042 16.234 16.425 16.617 16.808 16.946 17.026 17.107 17.187 17.267 17.348 17.428 17.508 17.588 17.669 17.749 17.829 17.98 18.142 18.304 18.466 18.622 18.589 18.555 18.522 18.488 18.467 18.594 18.722 18.849 18.976 19.104 19.231 19.358 19.485 19.613 19.74 19.867 20.021 20.194 20.367 20.54 20.713 20.847 20.922 20.998 21.073 21.148 21.223 21.298 21.373 21.448 21.523 21.598 21.686 21.854 22.023 22.191 22.36 22.529 22.616 22.672 22.728 22.784 22.84 22.897 22.953 23.009 23.065 23.121 23.177 23.323 23.51 23.696 23.883 24.07 24.254 24.354 24.453 24.553 24.653 24.752 24.852 24.952 25.051 25.151 25.251 25.366
16.543 16.782 17.02 17.258 17.291 17.285 17.279 17.223 17.136 17.049 16.962 16.875 16.788 16.7 16.613 16.526 16.439 16.352 16.265 16.178 16.113 16.085 16.056 16.027 15.998 15.969 15.94 15.911 15.882 15.853 15.824 15.795 15.766 15.795 15.879 15.963 16.047 16.057 16.064 16.071 16.078 16.085 16.091 16.098 16.105 16.112 16.118 16.125 16.132 16.191 16.383 16.574 16.766 16.902 16.982 17.062 17.143 17.223 17.303 17.384 17.464 17.544 17.624 17.705 17.785 17.87 18.032 18.195 18.357 18.509 18.476 18.442 18.409 18.375 18.492 18.619 18.746 18.873 19.001 19.128 19.255 19.382 19.51 19.637 19.764 19.892 20.046 20.219 20.392 20.565 20.714 20.789 20.864 20.939 21.014 21.089 21.164 21.239 21.314 21.389 21.465 21.54 21.629 21.797 21.966 22.134 22.303 22.407 22.463 22.519 22.575 22.631 22.687 22.743 22.8 22.856 22.912 22.968 23.024 23.172 23.359 23.546 23.733 23.92 24.029 24.128 24.228 24.328 24.427 24.527 24.627 24.726 24.826 24.926 25.025 25.141
16.812 17.05 17.288 17.527 17.555 17.55 17.506 17.418 17.331 17.244 17.157 17.07 16.983 16.896 16.809 16.721 16.634 16.547 16.46 16.373 16.31 16.281 16.252 16.223 16.194 16.165 16.136 16.107 16.078 16.049 16.02 15.991 15.962 15.933 15.985 16.069 16.153 16.162 16.169 16.176 16.183 16.189 16.196 16.203 16.21 16.217 16.223 16.23 16.237 16.244 16.341 16.532 16.723 16.858 16.938 17.018 17.098 17.179 17.259 17.339 17.42 17.5 17.58 17.661 17.741 17.821 17.923 18.085 18.247 18.396 18.363 18.329 18.296 18.389 18.516 18.643 18.77 18.898 19.025 19.152 19.28 19.407 19.534 19.661 19.789 19.916 20.071 20.244 20.418 20.58 20.655 20.73 20.805 20.88 20.956 21.031 21.106 21.181 21.256 21.331 21.406 21.481 21.572 21.74 21.909 22.078 22.198 22.254 22.31 22.366 22.422 22.478 22.534 22.59 22.646 22.703 22.759 22.815 22.871 23.021 23.208 23.395 23.582 23.704 23.804 23.903 24.003 24.102 24.202 24.302 24.401 24.501 24.601 24.7 24.8 24.917
17.08 17.319 17.557 17.795 17.82 17.788 17.701 17.614 17.527 17.439 17.352 17.265 17.178 17.091 17.004 16.917 16.83 16.742 16.655 16.568 16.506 16.477 16.448 16.419 16.39 16.361 16.332 16.303 16.274 16.245 16.216 16.187 16.158 16.129 16.1 16.175 16.259 16.267 16.274 16.281 16.288 16.294 16.301 16.308 16.315 16.322 16.328 16.335 16.342 16.349 16.355 16.49 16.681 16.813 16.894 16.974 17.054 17.135 17.215 17.295 17.375 17.456 17.536 17.616 17.697 17.777 17.857 17.975 18.138 18.284 18.25 18.216 18.286 18.413 18.54 18.668 18.795 18.922 19.049 19.177 19.304 19.431 19.558 19.686 19.813 19.94 20.097 20.27 20.443 20.522 20.597 20.672 20.747 20.822 20.897 20.972 21.047 21.122 21.197 21.272 21.347 21.423 21.515 21.683 21.852 21.989 22.045 22.101 22.157 22.213 22.269 22.325 22.381 22.437 22.493 22.55 22.606 22.662 22.718 22.87 23.057 23.244 23.379 23.479 23.578 23.678 23.778 23.877 23.977 24.076 24.176 24.276 24.375 24.475 24.575 24.693
17.349 17.587 17.825 18.064 18.07 17.983 17.896 17.809 17.722 17.635 17.548 17.461 17.373 17.286 17.199 17.112 17.025 16.938 16.851 16.763 16.702 16.673 16.644 16.615 16.586 16.557 16.528 16.499 16.47 16.441 16.412 16.383 16.355 16.326 16.297 16.281 16.365 16.372 16.379 16.386 16.393 16.399 16.406 16.413 16.42 16.426 16.433 16.44 16.447 16.454 16.46 16.467 16.639 16.769 16.849 16.93 17.01 17.09 17.171 17.251 17.331 17.411 17.492 17.572 17.652 17.733 17.813 17.893 18.028 18.171 18.137 18.183 18.31 18.437 18.565 18.692 18.819 18.946 19.074 19.201 19.328 19.456 19.583 19.71 19.837 19.965 20.122 20.295 20.388 20.463 20.538 20.613 20.688 20.763 20.839 20.914 20.989 21.064 21.139 21.214 21.289 21.364 21.458 21.627 21.78 21.836 21.892 21.948 22.004 22.06 22.116 22.172 22.228 22.284 22.34 22.396 22.453 22.509 22.565 22.72 22.906 23.054 23.154 23.253 23.353 23.453 23.552 23.652 23.751 23.851 23.951 24.05 24.15 24.25 24.349 24.469
17.487 17.736 17.985 18.234 18.187 18.109 18.032 17.954 17.876 17.799 17.721 17.644 17.566 17.482 17.394 17.307 17.22 17.133 17.046 16.959 16.898 16.869 16.84 16.811 16.782 16.753 16.724 16.696 16.667 16.638 16.609 16.58 16.551 16.522 16.493 16.464 16.47 16.477 16.484 16.491 16.497 16.504 16.511 16.518 16.525 16.531 16.538 16.545 16.552 16.559 16.565 16.572 16.596 16.725 16.805 16.885 16.966 17.046 17.126 17.207 17.287 17.367 17.448 17.528 17.608 17.688 17.769 17.849 17.929 18.058 18.08 18.207 18.334 18.462 18.589 18.716 18.844 18.971 19.098 19.225 19.353 19.48 19.607 19.734 19.862 19.989 20.147 20.254 20.33 20.405 20.48 20.555 20.63 20.705 20.78 20.855 20.93 21.005 21.08 21.155 21.23 21.306 21.401 21.57 21.627 21.683 21.739 21.795 21.851 21.907 21.963 22.019 22.075 22.131 22.187 22.243 22.3 22.356 22.412 22.569 22.729 22.829 22.928 23.028 23.128 23.227 23.327 23.427 23.526 23.626 23.725 23.825 23.925 24.024 24.124 24.245
17.09 17.339 17.587 17.836 17.784 17.706 17.629 17.551 17.474 17.396 17.319 17.241 17.163 17.086 17.008 16.931 16.853 16.775 16.698 16.61 16.534 16.516 16.497 16.478 16.46 16.441 16.422 16.404 16.385 16.366 16.348 16.329 16.31 16.292 16.273 16.255 16.227 16.243 16.259 16.275 16.291 16.307 16.323 16.339 16.355 16.371 16.387 16.403 16.419 16.435 16.451 16.467 16.482 16.546 16.633 16.72 16.807 16.893 16.98 17.067 17.154 17.241 17.327 17.414 17.501 17.588 17.675 17.761 17.848 17.941 18.076 18.211 18.346 18.481 18.613 18.741 18.868 18.995 19.122 19.25 19.377 19.504 19.632 19.759 19.886 20.013 20.121 20.196 20.271 20.346 20.421 20.496 20.571 20.646 20.721 20.797 20.872 20.947 21.022 21.097 21.172 21.247 21.344 21.418 21.474 21.53 21.586 21.642 21.698 21.754 21.81 21.866 21.922 21.978 22.034 22.09 22.146 22.203 22.259 22.404 22.504 22.603 22.703 22.803 22.902 23.002 23.102 23.201 23.301 23.4 23.5 23.6 23.699 23.799 23.899 24.02
16.692 16.941 17.19 17.439 17.381 17.304 17.226 17.149 17.071 16.993 16.916 16.838 16.761 16.683 16.605 16.528 16.45 16.373 16.292 16.165 16.092 16.073 16.054 16.036 16.017 15.998 15.98 15.961 15.942 15.924 15.905 15.886 15.868 15.849 15.83 15.804 15.769 15.785 15.801 15.817 15.833 15.849 15.864 15.88 15.896 15.912 15.928 15.944 15.96 15.976 15.992 16.008 16.041 16.108 16.195 16.282 16.368 16.455 16.542 16.629 16.715 16.802 16.889 16.976 17.063 17.149 17.236 17.323 17.411 17.517 17.635 17.77 17.905 18.04 18.175 18.31 18.445 18.58 18.715 18.85 18.985 19.12 19.255 19.39 19.525 19.66 19.803 19.884 19.964 20.045 20.126 20.206 20.287 20.367 20.448 20.528 20.609 20.69 20.77 20.851 20.931 21.012 21.087 21.147 21.207 21.267 21.327 21.387 21.447 21.507 21.567 21.627 21.687 21.747 21.807 21.867 21.927 21.987 22.049 22.183 22.282 22.381 22.481 22.58 22.679 22.779 22.878 22.978 23.077 23.176 23.276 23.375 23.474 23.574 23.673 23.796
16.295 16.543 16.792 17.041 16.979 16.901 16.823 16.746 16.668 16.591 16.513 16.436 16.358 16.28 16.203 16.125 16.048 15.97 15.847 15.721 15.649 15.63 15.611 15.593 15.574 15.555 15.537 15.518 15.499 15.481 15.462 15.444 15.425 15.406 15.383 15.345 15.31 15.326 15.342 15.358 15.374 15.39 15.406 15.422 15.438 15.454 15.47 15.486 15.502 15.518 15.534 15.563 15.601 15.67 15.756 15.843 15.93 16.017 16.104 16.19 16.277 16.364 16.451 16.538 16.624 16.711 16.798 16.885 16.988 17.094 17.206 17.328 17.463 17.598 17.733 17.868 18.003 18.139 18.274 18.409 18.544 18.679 18.814 18.949 19.084 19.219 19.365 19.499 19.579 19.66 19.741 19.821 19.902 19.982 20.063 20.144 20.224 20.305 20.385 20.466 20.546 20.627 20.702 20.762 20.822 20.882 20.942 21.002 21.062 21.122 21.182 21.242 21.302 21.362 21.422 21.482 21.542 21.602 21.771 21.958 22.074 22.173 22.273 22.372 22.471 22.571 22.67 22.77 22.869 22.968 23.068 23.167 23.266 23.366 23.465 23.589
15.897 16.146 16.395 16.644 16.576 16.498 16.421 16.343 16.266 16.188 16.11 16.033 15.955 15.878 15.8 15.722 15.645 15.53 15.403 15.276 15.206 15.187 15.169 15.15 15.131 15.113 15.094 15.075 15.057 15.038 15.019 15.001 14.982 14.961 14.924 14.886 14.852 14.868 14.884 14.9 14.916 14.932 14.948 14.964 14.98 14.996 15.012 15.028 15.044 15.06 15.085 15.124 15.162 15.231 15.318 15.405 15.492 15.578 15.665 15.752 15.839 15.926 16.012 16.099 16.186 16.273 16.36 16.46 16.565 16.671 16.783 16.894 17.022 17.157 17.292 17.427 17.562 17.697 17.832 17.967 18.102 18.237 18.372 18.507 18.642 18.777 18.924 19.075 19.195 19.275 19.356 19.436 19.517 19.597 19.678 19.759 19.839 19.92 20.0 20.081 20.161 20.242 20.317 20.377 20.437 20.497 20.557 20.617 20.677 20.737 20.797 20.857 20.917 20.977 21.037 21.097 21.157 21.307 21.493 21.68 21.866 21.965 22.065 22.164 22.263 22.363 22.462 22.562 22.661 22.76 22.86 22.959 23.058 23.158 23.257 23.382
15.5 15.748 15.997 16.246 16.173 16.096 16.018 15.94 15.863 15.785 15.708 15.63 15.552 15.475 15.397 15.32 15.212 15.085 14.958 14.832 14.763 14.744 14.726 14.707 14.688 14.67 14.651 14.633 14.614 14.595 14.577 14.558 14.539 14.502 14.464 14.427 14.394 14.41 14.426 14.442 14.458 14.474 14.49 14.506 14.522 14.538 14.554 14.569 14.585 14.608 14.646 14.685 14.723 14.793 14.88 14.967 15.053 15.14 15.227 15.314 15.401 15.487 15.574 15.661 15.748 15.835 15.932 16.037 16.142 16.248 16.36 16.472 16.583 16.716 16.851 16.986 17.121 17.256 17.391 17.526 17.661 17.796 17.931 18.066 18.201 18.336 18.483 18.634 18.785 18.89 18.971 19.051 19.132 19.213 19.293 19.374 19.454 19.535 19.615 19.696 19.777 19.857 19.931 19.991 20.051 20.111 20.171 20.231 20.291 20.351 20.411 20.471 20.531 20.591 20.651 20.711 20.843 21.029 21.214 21.402 21.589 21.757 21.857 21.956 22.055 22.155 22.254 22.354 22.453 22.552 22.652 22.751 22.85 22.95 23.049 23.175
15.102 15.351 15.6 15.848 15.77 15.693 15.615 15.538 15.46 15.383 15.305 15.227 15.15 15.072 14.995 14.894 14.767 14.64 14.514 14.387 14.32 14.302 14.283 14.264 14.246 14.227 14.208 14.19 14.171 14.152 14.134 14.115 14.081 14.043 14.005 13.967 13.936 13.952 13.967 13.983 13.999 14.015 14.031 14.047 14.063 14.079 14.095 14.111 14.13 14.169 14.207 14.246 14.284 14.355 14.442 14.528 14.615 14.702 14.789 14.875 14.962 15.049 15.136 15.223 15.309 15.405 15.509 15.614 15.719 15.826 15.937 16.049 16.161 16.274 16.409 16.544 16.679 16.814 16.949 17.084 17.219 17.355 17.49 17.625 17.76 17.895 18.042 18.193 18.344 18.495 18.586 18.666 18.747 18.828 18.908 18.989 19.069 19.15 19.23 19.311 19.392 19.472 19.546 19.606 19.666 19.726 19.786 19.846 19.906 19.966 20.026 20.086 20.146 20.206 20.266 20.38 20.565 20.751 20.936 21.123 21.311 21.498 21.649 21.748 21.847 21.947 22.046 22.146 22.245 22.344 22.444 22.543 22.642 22.742 22.841 22.968
14.705 14.953 15.202 15.445 15.368 15.29 15.213 15.135 15.057 14.98 14.902 14.825 14.747 14.669 14.576 14.449 14.323 14.196 14.069 13.943 13.877 13.859 13.84 13.822 13.803 13.784 13.766 13.747 13.728 13.71 13.691 13.66 13.622 13.584 13.546 13.508 13.477 13.493 13.509 13.525 13.541 13.557 13.573 13.589 13.605 13.621 13.637 13.653 13.691 13.73 13.768 13.807 13.845 13.916 14.003 14.09 14.177 14.264 14.35 14.437 14.524 14.611 14.698 14.784 14.877 14.982 15.087 15.191 15.296 15.403 15.514 15.626 15.738 15.85 15.968 16.103 16.238 16.373 16.508 16.643 16.778 16.913 17.048 17.183 17.318 17.453 17.601 17.752 17.903 18.054 18.201 18.281 18.362 18.443 18.523 18.604 18.684 18.765 18.846 18.926 19.007 19.087 19.161 19.221 19.281 19.341 19.401 19.461 19.521 19.581 19.641 19.701 19.761 19.821 19.916 20.102 20.287 20.473 20.658 20.845 21.033 21.22 21.408 21.54 21.639 21.739 21.838 21.938 22.037 22.136 22.236 22.335 22.434 22.534 22.633 22.761
14.307 14.556 14.805 15.043 14.965 14.887 14.81 14.732 14.655 14.577 14.5 14.422 14.344 14.258 14.131 14.005 13.878 13.751 13.625 13.498 13.435 13.416 13.397 13.379 13.36 13.341 13.323 13.304 13.285 13.267 13.238 13.2 13.163 13.125 13.087 13.049 13.019 13.035 13.051 13.067 13.083 13.099 13.115 13.131 13.147 13.163 13.179 13.214 13.252 13.291 13.329 13.368 13.406 13.478 13.565 13.652 13.739 13.825 13.912 13.999 14.086 14.172 14.259 14.349 14.454 14.559 14.664 14.769 14.873 14.98 15.092 15.203 15.315 15.427 15.538 15.662 15.797 15.932 16.067 16.202 16.337 16.472 16.607 16.742 16.877 17.012 17.16 17.311 17.462 17.613 17.764 17.897 17.977 18.058 18.138 18.219 18.299 18.38 18.461 18.541 18.622 18.702 18.776 18.836 18.896 18.956 19.016 19.076 19.136 19.195 19.255 19.315 19.375 19.453 19.638 19.824 20.009 20.194 20.38 20.567 20.755 20.942 21.13 21.317 21.431 21.531 21.63 21.73 21.829 21.928 22.028 22.127 22.226 22.326 22.425 22.554
13.909 14.158 14.407 14.64 14.562 14.485 14.407 14.33 14.252 14.174 14.097 14.019 13.94 13.814 13.687 13.56 13.434 13.307 13.18 13.053 12.992 12.973 12.955 12.936 12.917 12.899 12.88 12.861 12.843 12.817 12.779 12.741 12.703 12.666 12.628 12.59 12.561 12.577 12.593 12.609 12.625 12.641 12.657 12.672 12.688 12.704 12.736 12.775 12.813 12.851 12.89 12.928 12.967 13.04 13.127 13.213 13.3 13.387 13.474 13.561 13.647 13.734 13.821 13.926 14.031 14.136 14.241 14.346 14.451 14.557 14.669 14.781 14.892 15.004 15.116 15.227 15.355 15.49 15.625 15.76 15.895 16.03 16.165 16.3 16.435 16.571 16.719 16.87 17.021 17.172 17.323 17.474 17.592 17.673 17.753 17.834 17.914 17.995 18.076 18.156 18.237 18.317 18.39 18.45 18.51 18.57 18.63 18.69 18.75 18.81 18.87 18.93 18.99 19.174 19.36 19.545 19.731 19.916 20.102 20.289 20.477 20.664 20.851 21.039 21.224 21.323 21.422 21.522 21.621 21.72 21.82 21.919 22.018 22.118 22.217 22.347
13.512 13.761 14.01 14.237 14.16 14.082 14.004 13.927 13.849 13.772 13.694 13.617 13.496 13.369 13.242 13.116 12.989 12.862 12.736 12.609 12.549 12.53 12.512 12.493 12.474 12.456 12.437 12.418 12.396 12.358 12.32 12.282 12.244 12.206 12.169 12.131 12.102 12.118 12.134 12.15 12.166 12.182 12.198 12.214 12.23 12.258 12.297 12.335 12.374 12.412 12.451 12.489 12.528 12.602 12.688 12.775 12.862 12.949 13.036 13.122 13.209 13.296 13.398 13.503 13.608 13.713 13.818 13.923 14.028 14.134 14.246 14.358 14.47 14.581 14.693 14.805 14.916 15.049 15.184 15.319 15.454 15.589 15.724 15.859 15.994 16.129 16.278 16.429 16.58 16.731 16.882 17.033 17.184 17.288 17.368 17.449 17.53 17.61 17.691 17.771 17.852 17.932 18.005 18.065 18.125 18.185 18.245 18.305 18.365 18.425 18.485 18.545 18.711 18.896 19.082 19.267 19.453 19.638 19.824 20.011 20.198 20.386 20.573 20.761 20.948 21.115 21.214 21.314 21.413 21.512 21.612 21.711 21.81 21.91 22.009 22.14
13.114 13.363 13.612 13.834 13.757 13.679 13.602 13.524 13.447 13.369 13.291 13.178 13.051 12.924 12.798 12.671 12.544 12.418 12.291 12.164 12.106 12.088 12.069 12.05 12.032 12.013 11.994 11.974 11.937 11.899 11.861 11.823 11.785 11.747 11.709 11.672 11.644 11.66 11.676 11.692 11.708 11.724 11.74 11.756 11.781 11.819 11.858 11.896 11.935 11.973 12.012 12.05 12.089 12.163 12.25 12.337 12.424 12.51 12.597 12.684 12.771 12.871 12.976 13.08 13.185 13.29 13.395 13.5 13.605 13.712 13.823 13.935 14.047 14.158 14.27 14.382 14.493 14.607 14.742 14.878 15.013 15.148 15.283 15.418 15.553 15.688 15.836 15.988 16.139 16.29 16.441 16.592 16.743 16.894 16.983 17.064 17.145 17.225 17.306 17.386 17.467 17.547 17.62 17.68 17.74 17.8 17.86 17.92 17.98 18.04 18.1 18.247 18.433 18.618 18.804 18.989 19.174 19.36 19.545 19.733 19.92 20.108 20.295 20.483 20.67 20.857 21.006 21.106 21.205 21.304 21.404 21.503 21.602 21.702 21.801 21.934
12.717 12.966 13.214 13.432 13.354 13.277 13.199 13.121 13.044 12.966 12.86 12.733 12.607 12.48 12.353 12.227 12.1 11.973 11.847 11.72 11.663 11.645 11.626 11.607 11.589 11.57 11.552 11.515 11.477 11.44 11.402 11.364 11.326 11.288 11.25 11.212 11.186 11.202 11.218 11.234 11.25 11.266 11.282 11.303 11.342 11.38 11.419 11.457 11.496 11.534 11.573 11.611 11.65 11.725 11.812 11.899 11.985 12.072 12.159 12.246 12.343 12.448 12.553 12.658 12.762 12.867 12.972 13.077 13.182 13.289 13.401 13.512 13.624 13.736 13.847 13.959 14.071 14.182 14.301 14.436 14.571 14.706 14.841 14.976 15.111 15.246 15.395 15.546 15.697 15.849 16.0 16.151 16.302 16.453 16.599 16.679 16.76 16.84 16.921 17.001 17.082 17.163 17.234 17.294 17.354 17.414 17.474 17.534 17.594 17.654 17.783 17.969 18.154 18.34 18.525 18.711 18.896 19.082 19.267 19.455 19.642 19.83 20.017 20.204 20.392 20.579 20.767 20.898 20.997 21.096 21.196 21.295 21.394 21.494 21.593 21.727
12.319 12.568 12.817 13.029 12.951 12.874 12.796 12.719 12.641 12.542 12.415 12.289 12.162 12.035 11.909 11.782 11.655 11.529 11.402 11.275 11.221 11.202 11.183 11.165 11.146 11.127 11.094 11.056 11.018 10.98 10.943 10.905 10.867 10.829 10.791 10.753 10.728 10.744 10.759 10.775 10.791 10.807 10.826 10.864 10.903 10.941 10.98 11.018 11.057 11.095 11.134 11.172 11.211 11.287 11.373 11.46 11.547 11.634 11.721 11.815 11.92 12.025 12.13 12.235 12.34 12.444 12.549 12.654 12.759 12.866 12.978 13.089 13.201 13.313 13.425 13.536 13.648 13.76 13.871 13.995 14.13 14.265 14.4 14.535 14.67 14.805 14.954 15.105 15.256 15.407 15.559 15.71 15.861 16.012 16.163 16.294 16.375 16.455 16.536 16.616 16.697 16.778 16.849 16.909 16.969 17.029 17.089 17.149 17.209 17.32 17.505 17.691 17.876 18.062 18.247 18.433 18.618 18.804 18.989 19.177 19.364 19.551 19.739 19.926 20.114 20.301 20.489 20.676 20.789 20.888 20.988 21.087 21.186 21.286 21.385 21.52
11.922 12.171 12.419 12.626 12.549 12.471 12.394 12.316 12.224 12.098 11.971 11.844 11.718 11.591 11.464 11.337 11.211 11.084 10.957 10.831 10.778 10.759 10.741 10.722 10.703 10.673 10.635 10.597 10.559 10.521 10.483 10.446 10.408 10.37 10.332 10.294 10.269 10.285 10.301 10.317 10.333 10.349 10.387 10.425 10.464 10.502 10.541 10.579 10.618 10.656 10.695 10.733 10.771 10.848 10.935 11.022 11.109 11.196 11.287 11.392 11.497 11.602 11.707 11.812 11.917 12.022 12.126 12.231 12.336 12.443 12.555 12.667 12.778 12.89 13.002 13.113 13.225 13.337 13.449 13.56 13.688 13.823 13.958 14.094 14.229 14.364 14.513 14.664 14.815 14.966 15.117 15.268 15.42 15.571 15.722 15.873 15.99 16.07 16.151 16.232 16.312 16.393 16.464 16.524 16.584 16.644 16.704 16.764 16.856 17.042 17.227 17.413 17.598 17.784 17.969 18.155 18.34 18.525 18.711 18.898 19.086 19.273 19.461 19.648 19.836 20.023 20.21 20.398 20.581 20.68 20.78 20.879 20.978 21.078 21.177 21.313
11.524 11.773 12.022 12.224 12.146 12.068 11.991 11.906 11.78 11.653 11.526 11.4 11.273 11.146 11.02 10.893 10.766 10.64 10.513 10.386 10.335 10.316 10.298 10.279 10.251 10.213 10.176 10.138 10.1 10.062 10.024 9.986 9.949 9.911 9.873 9.835 9.811 9.827 9.843 9.859 9.875 9.909 9.948 9.986 10.025 10.063 10.101 10.14 10.178 10.217 10.255 10.294 10.332 10.41 10.497 10.584 10.67 10.76 10.865 10.969 11.074 11.179 11.284 11.389 11.494 11.599 11.703 11.808 11.913 12.021 12.132 12.244 12.356 12.467 12.579 12.691 12.802 12.914 13.026 13.137 13.249 13.382 13.517 13.652 13.787 13.922 14.072 14.223 14.374 14.525 14.676 14.827 14.978 15.13 15.281 15.432 15.583 15.685 15.766 15.847 15.927 16.008 16.079 16.139 16.199 16.259 16.319 16.393 16.578 16.763 16.949 17.134 17.32 17.505 17.691 17.876 18.062 18.247 18.433 18.62 18.808 18.995 19.183 19.37 19.557 19.745 19.932 20.12 20.307 20.472 20.572 20.671 20.77 20.87 20.969 21.106
11.127 11.376 11.624 11.821 11.743 11.666 11.588 11.462 11.335 11.208 11.082 10.955 10.828 10.702 10.575 10.448 10.322 10.195 10.068 9.942 9.892 9.874 9.855 9.83 9.792 9.754 9.716 9.679 9.641 9.603 9.565 9.527 9.489 9.452 9.414 9.376 9.353 9.369 9.385 9.401 9.432 9.47 9.508 9.547 9.585 9.624 9.662 9.701 9.739 9.778 9.816 9.855 9.893 9.972 10.059 10.145 10.232 10.337 10.442 10.547 10.651 10.756 10.861 10.966 11.071 11.176 11.281 11.385 11.49 11.598 11.709 11.821 11.933 12.045 12.156 12.268 12.38 12.491 12.603 12.715 12.826 12.941 13.076 13.211 13.346 13.481 13.631 13.782 13.933 14.084 14.235 14.386 14.537 14.688 14.839 14.991 15.142 15.293 15.381 15.462 15.542 15.623 15.693 15.753 15.813 15.873 15.933 16.114 16.3 16.485 16.671 16.856 17.042 17.227 17.413 17.598 17.784 17.969 18.155 18.342 18.53 18.717 18.904 19.092 19.279 19.467 19.654 19.842 20.029 20.217 20.364 20.463 20.562 20.662 20.761 20.899
10.979 10.978 11.227 11.418 11.341 11.263 11.144 11.017 10.891 10.764 10.637 10.511 10.384 10.257 10.131 10.004 9.877 9.751 9.624 9.497 9.449 9.431 9.409 9.371 9.333 9.295 9.257 9.219 9.182 9.144 9.106 9.068 9.03 8.992 8.955 8.917 8.894 8.91 8.926 8.954 8.992 9.031 9.069 9.108 9.146 9.185 9.223 9.262 9.3 9.339 9.377 9.416 9.454 9.533 9.62 9.707 9.809 9.914 10.019 10.124 10.229 10.333 10.438 10.543 10.648 10.753 10.858 10.963 11.067 11.175 11.287 11.398 11.51 11.622 11.733 11.845 11.957 12.069 12.18 12.292 12.404 12.515 12.634 12.769 12.904 13.039 13.19 13.341 13.492 13.643 13.794 13.945 14.096 14.247 14.398 14.549 14.701 14.852 14.996 15.077 15.157 15.238 15.308 15.368 15.428 15.488 15.651 15.836 16.022 16.207 16.393 16.578 16.764 16.949 17.135 17.32 17.506 17.691 17.877 18.064 18.251 18.439 18.626 18.814 19.001 19.189 19.376 19.564 19.751 19.938 20.126 20.255 20.354 20.454 20.553 20.692
10.943 10.739 10.829 11.016 10.938 10.826 10.699 10.573 10.446 10.319 10.193 10.066 9.939 9.813 9.686 9.559 9.433 9.306 9.179 9.053 9.007 8.987 8.95 8.912 8.874 8.836 8.798 8.76 8.722 8.685 8.647 8.609 8.571 8.533 8.495 8.458 8.436 8.452 8.476 8.515 8.553 8.592 8.63 8.669 8.707 8.746 8.784 8.823 8.861 8.9 8.938 8.977 9.015 9.095 9.182 9.281 9.386 9.491 9.596 9.701 9.806 9.911 10.015 10.12 10.225 10.33 10.435 10.54 10.645 10.752 10.864 10.976 11.087 11.199 11.311 11.422 11.534 11.646 11.757 11.869 11.981 12.093 12.204 12.328 12.463 12.598 12.749 12.9 13.051 13.202 13.353 13.504 13.655 13.806 13.957 14.108 14.259 14.41 14.562 14.692 14.772 14.853 14.923 14.983 15.043 15.187 15.373 15.558 15.744 15.929 16.114 16.3 16.485 16.671 16.856 17.042 17.227 17.413 17.598 17.786 17.973 18.161 18.348 18.536 18.723 18.911 19.098 19.285 19.473 19.66 19.848 20.035 20.146 20.246 20.345 20.485
10.906 10.703 10.5 10.613 10.508 10.382 10.255 10.128 10.002 9.875 9.748 9.622 9.495 9.368 9.241 9.115 8.988 8.861 8.735 8.608 8.564 8.528 8.49 8.453 8.415 8.377 8.339 8.301 8.263 8.225 8.188 8.15 8.112 8.074 8.036 7.998 7.978 7.999 8.037 8.076 8.114 8.153 8.191 8.23 8.268 8.307 8.345 8.384 8.422 8.461 8.499 8.538 8.576 8.657 8.754 8.858 8.963 9.068 9.173 9.278 9.383 9.488 9.592 9.697 9.802 9.907 10.012 10.117 10.222 10.329 10.441 10.553 10.665 10.776 10.888 11.0 11.111 11.223 11.335 11.446 11.558 11.67 11.781 11.893 12.022 12.157 12.308 12.459 12.61 12.761 12.912 13.063 13.214 13.365 13.516 13.667 13.818 13.969 14.12 14.272 14.387 14.468 14.537 14.597 14.723 14.909 15.094 15.28 15.465 15.651 15.836 16.022 16.207 16.393 16.578 16.764 16.949 17.135 17.32 17.508 17.695 17.883 18.07 18.258 18.445 18.632 18.82 19.007 19.195 19.382 19.57 19.757 19.938 20.038 20.137 20.279
10.739 10.544 10.349 10.215 10.087 9.958 9.829 9.701 9.572 9.444 9.315 9.187 9.058 8.929 8.801 8.672 8.544 8.417 8.29 8.164 8.107 8.069 8.031 7.993 7.956 7.918 7.88 7.842 7.804 7.766 7.728 7.691 7.653 7.615 7.577 7.539 7.521 7.56 7.598 7.637 7.675 7.714 7.752 7.791 7.829 7.868 7.906 7.945 7.983 8.021 8.06 8.098 8.137 8.226 8.331 8.436 8.54 8.645 8.75 8.855 8.96 9.065 9.17 9.274 9.379 9.484 9.589 9.694 9.799 9.907 10.018 10.13 10.242 10.353 10.465 10.577 10.689 10.8 10.912 11.024 11.135 11.247 11.359 11.47 11.582 11.715 11.866 12.017 12.169 12.32 12.471 12.622 12.773 12.924 13.075 13.226 13.377 13.528 13.679 13.83 13.981 14.083 14.152 14.26 14.445 14.631 14.816 15.002 15.187 15.373 15.558 15.744 15.929 16.115 16.3 16.486 16.671 16.857 17.042 17.23 17.417 17.605 17.792 17.979 18.167 18.354 18.542 18.729 18.917 19.104 19.291 19.479 19.666 19.83 19.929 20.072
10.193 9.998 9.843 9.811 9.761 9.633 9.504 9.376 9.247 9.118 8.99 8.861 8.733 8.604 8.475 8.347 8.218 8.09 7.961 7.833 7.814 7.774 7.733 7.692 7.652 7.611 7.57 7.529 7.489 7.448 7.407 7.367 7.326 7.285 7.244 7.204 7.23 7.288 7.322 7.356 7.391 7.425 7.459 7.494 7.528 7.562 7.597 7.631 7.666 7.7 7.734 7.769 7.803 7.898 7.999 8.1 8.201 8.302 8.403 8.504 8.605 8.706 8.806 8.907 9.008 9.109 9.21 9.311 9.412 9.524 9.63 9.737 9.844 9.951 10.058 10.165 10.271 10.378 10.489 10.601 10.712 10.824 10.936 11.048 11.159 11.274 11.425 11.576 11.727 11.879 12.03 12.181 12.332 12.483 12.634 12.785 12.936 13.087 13.238 13.389 13.54 13.691 13.796 13.982 14.167 14.353 14.538 14.724 14.909 15.095 15.28 15.465 15.651 15.836 16.022 16.207 16.393 16.578 16.764 16.952 17.139 17.326 17.514 17.701 17.889 18.076 18.264 18.451 18.638 18.826 19.013 19.201 19.388 19.576 19.721 19.865
9.646 9.467 9.433 9.401 9.378 9.307 9.179 9.05 8.922 8.793 8.665 8.536 8.407 8.279 8.15 8.022 7.893 7.764 7.636 7.507 7.493 7.493 7.452 7.411 7.37 7.33 7.289 7.248 7.208 7.167 7.126 7.085 7.045 7.004 6.963 6.923 6.952 7.101 7.135 7.169 7.204 7.238 7.272 7.307 7.341 7.376 7.41 7.444 7.479 7.513 7.547 7.582 7.616 7.712 7.813 7.914 8.015 8.116 8.217 8.318 8.419 8.52 8.621 8.722 8.823 8.924 9.024 9.125 9.255 9.392 9.499 9.606 9.713 9.82 9.927 10.033 10.14 10.247 10.354 10.461 10.568 10.674 10.781 10.888 10.995 11.14 11.298 11.443 11.587 11.732 11.877 12.022 12.167 12.312 12.457 12.602 12.746 12.891 13.036 13.181 13.326 13.471 13.631 13.813 13.995 14.178 14.36 14.542 14.724 14.906 15.088 15.271 15.453 15.635 15.817 15.999 16.181 16.364 16.546 16.73 16.914 17.098 17.283 17.467 17.651 17.835 18.019 18.203 18.387 18.571 18.755 18.939 19.123 19.308 19.492 19.641
9.1 9.057 9.022 8.991 8.968 8.946 8.854 8.725 8.596 8.468 8.339 8.211 8.082 7.953 7.825 7.696 7.568 7.439 7.311 7.182 7.17 7.181 7.171 7.13 7.089 7.049 7.008 6.967 6.926 6.886 6.845 6.804 6.764 6.723 6.682 6.641 6.674 6.823 6.948 6.983 7.017 7.051 7.086 7.12 7.154 7.189 7.223 7.257 7.292 7.326 7.361 7.395 7.429 7.526 7.627 7.728 7.829 7.93 8.031 8.132 8.233 8.334 8.435 8.536 8.637 8.738 8.839 8.959 9.125 9.261 9.368 9.475 9.582 9.689 9.795 9.902 10.009 10.116 10.223 10.33 10.436 10.543 10.65 10.757 10.895 11.052 11.215 11.369 11.514 11.659 11.804 11.949 12.094 12.238 12.383 12.528 12.673 12.818 12.963 13.108 13.253 13.397 13.556 13.729 13.911 14.093 14.275 14.458 14.64 14.822 15.004 15.186 15.369 15.551 15.733 15.915 16.097 16.279 16.462 16.646 16.83 17.014 17.198 17.382 17.566 17.751 17.935 18.119 18.303 18.487 18.671 18.855 19.039 19.223 19.386 19.458
8.682 8.647 8.612 8.581 8.558 8.536 8.513 8.4 8.271 8.143 8.014 7.885 7.757 7.628 7.5 7.371 7.242 7.114 6.985 6.857 6.847 6.858 6.87 6.849 6.808 6.767 6.727 6.686 6.645 6.605 6.564 6.523 6.482 6.442 6.401 6.36 6.396 6.545 6.693 6.796 6.83 6.864 6.899 6.933 6.967 7.002 7.036 7.071 7.105 7.139 7.174 7.208 7.242 7.341 7.442 7.543 7.643 7.744 7.845 7.946 8.047 8.148 8.249 8.35 8.451 8.552 8.662 8.828 8.994 9.13 9.237 9.344 9.451 9.557 9.664 9.771 9.878 9.985 10.091 10.198 10.305 10.412 10.519 10.649 10.806 10.964 11.127 11.291 11.441 11.585 11.73 11.875 12.02 12.165 12.31 12.455 12.6 12.744 12.889 13.034 13.179 13.324 13.483 13.651 13.827 14.009 14.191 14.373 14.556 14.738 14.92 15.102 15.284 15.466 15.649 15.831 16.013 16.195 16.378 16.562 16.746 16.93 17.114 17.298 17.482 17.666 17.85 18.035 18.219 18.403 18.587 18.771 18.955 19.123 19.271 19.341
8.272 8.237 8.202 8.171 8.149 8.126 8.103 8.074 7.946 7.817 7.689 7.56 7.431 7.303 7.174 7.046 6.917 6.789 6.66 6.531 6.523 6.535 6.547 6.559 6.527 6.486 6.446 6.405 6.364 6.323 6.283 6.242 6.201 6.161 6.12 6.079 6.118 6.267 6.415 6.564 6.643 6.678 6.712 6.746 6.781 6.815 6.849 6.884 6.918 6.952 6.987 7.021 7.056 7.155 7.256 7.357 7.458 7.559 7.66 7.761 7.861 7.962 8.063 8.164 8.265 8.366 8.532 8.698 8.864 8.999 9.106 9.212 9.319 9.426 9.533 9.64 9.747 9.853 9.96 10.067 10.174 10.281 10.404 10.561 10.718 10.875 11.039 11.202 11.366 11.512 11.657 11.802 11.947 12.091 12.236 12.381 12.526 12.671 12.816 12.961 13.106 13.251 13.41 13.578 13.747 13.925 14.107 14.289 14.471 14.653 14.836 15.018 15.2 15.382 15.564 15.747 15.929 16.111 16.293 16.478 16.662 16.846 17.03 17.214 17.398 17.582 17.766 17.95 18.134 18.319 18.503 18.687 18.86 19.008 19.155 19.224
7.862 7.827 7.792 7.761 7.739 7.716 7.693 7.671 7.621 7.492 7.363 7.235 7.106 6.978 6.849 6.72 6.592 6.463 6.335 6.206 6.2 6.212 6.224 6.236 6.246 6.205 6.165 6.124 6.083 6.042 6.002 5.961 5.92 5.88 5.839 5.798 5.84 5.988 6.137 6.286 6.435 6.491 6.525 6.559 6.594 6.628 6.663 6.697 6.731 6.766 6.8 6.834 6.869 6.969 7.07 7.171 7.272 7.373 7.474 7.575 7.676 7.777 7.878 7.979 8.079 8.236 8.402 8.568 8.734 8.868 8.974 9.081 9.188 9.295 9.402 9.509 9.615 9.722 9.829 9.936 10.043 10.158 10.315 10.472 10.629 10.787 10.951 11.114 11.278 11.439 11.583 11.728 11.873 12.018 12.163 12.308 12.453 12.598 12.742 12.887 13.032 13.177 13.337 13.505 13.673 13.842 14.023 14.205 14.387 14.569 14.751 14.934 15.116 15.298 15.48 15.662 15.844 16.027 16.209 16.393 16.577 16.762 16.946 17.13 17.314 17.498 17.682 17.866 18.05 18.234 18.418 18.597 18.745 18.892 19.04 19.107
7.452 7.417 7.382 7.351 7.329 7.306 7.284 7.261 7.238 7.167 7.038 6.909 6.781 6.652 6.524 6.395 6.267 6.138 6.009 5.881 5.877 5.889 5.901 5.913 5.925 5.924 5.883 5.843 5.802 5.761 5.721 5.68 5.639 5.598 5.558 5.517 5.562 5.71 5.859 6.008 6.157 6.304 6.338 6.373 6.407 6.441 6.476 6.51 6.544 6.579 6.613 6.647 6.682 6.783 6.884 6.985 7.086 7.187 7.288 7.389 7.49 7.591 7.692 7.793 7.939 8.105 8.272 8.438 8.604 8.736 8.843 8.95 9.057 9.164 9.271 9.377 9.484 9.591 9.698 9.805 9.913 10.07 10.227 10.384 10.541 10.699 10.862 11.026 11.189 11.353 11.51 11.655 11.8 11.945 12.089 12.234 12.379 12.524 12.669 12.814 12.959 13.104 13.264 13.432 13.6 13.769 13.938 14.121 14.303 14.485 14.667 14.849 15.032 15.214 15.396 15.578 15.76 15.942 16.125 16.309 16.493 16.677 16.861 17.045 17.23 17.414 17.598 17.782 17.966 18.15 18.334 18.482 18.629 18.777 18.924 18.99
7.042 7.007 6.972 6.941 6.919 6.896 6.874 6.851 6.829 6.806 6.713 6.584 6.456 6.327 6.198 6.07 5.941 5.813 5.684 5.556 5.554 5.566 5.578 5.59 5.602 5.614 5.602 5.562 5.521 5.48 5.439 5.399 5.358 5.317 5.277 5.236 5.284 5.432 5.581 5.73 5.878 6.027 6.151 6.186 6.22 6.254 6.289 6.323 6.358 6.392 6.426 6.461 6.497 6.598 6.698 6.799 6.9 7.001 7.102 7.203 7.304 7.405 7.506 7.643 7.809 7.975 8.141 8.307 8.473 8.605 8.712 8.819 8.926 9.032 9.139 9.246 9.353 9.46 9.567 9.673 9.825 9.982 10.139 10.296 10.453 10.61 10.774 10.938 11.101 11.265 11.428 11.581 11.726 11.871 12.016 12.161 12.306 12.451 12.596 12.74 12.885 13.03 13.191 13.359 13.527 13.695 13.864 14.036 14.219 14.401 14.583 14.765 14.947 15.129 15.312 15.494 15.676 15.858 16.041 16.225 16.409 16.593 16.777 16.961 17.145 17.329 17.514 17.698 17.882 18.066 18.219 18.366 18.514 18.662 18.809 18.872
6.632 6.597 6.562 6.531 6.509 6.486 6.464 6.441 6.419 6.396 6.374 6.259 6.13 6.002 5.873 5.745 5.616 5.487 5.359 5.23 5.231 5.243 5.255 5.267 5.279 5.29 5.302 5.28 5.24 5.199 5.158 5.118 5.077 5.036 4.995 4.955 5.006 5.154 5.303 5.452 5.6 5.749 5.898 5.999 6.033 6.068 6.102 6.136 6.171 6.205 6.239 6.274 6.311 6.412 6.513 6.614 6.715 6.816 6.917 7.017 7.118 7.219 7.347 7.513 7.679 7.845 8.011 8.177 8.343 8.474 8.581 8.688 8.794 8.901 9.008 9.115 9.222 9.329 9.435 9.579 9.736 9.893 10.05 10.207 10.364 10.522 10.686 10.849 11.013 11.176 11.34 11.503 11.653 11.798 11.943 12.087 12.232 12.377 12.522 12.667 12.812 12.957 13.118 13.286 13.454 13.622 13.791 13.959 14.134 14.316 14.499 14.681 14.863 15.045 15.227 15.41 15.592 15.774 15.957 16.141 16.325 16.509 16.693 16.877 17.061 17.245 17.429 17.613 17.798 17.956 18.103 18.251 18.399 18.546 18.694 18.755
6.221 6.187 6.152 6.122 6.099 6.076 6.054 6.031 6.009 5.986 5.964 5.934 5.805 5.676 5.548 5.419 5.291 5.162 5.034 4.905 4.908 4.92 4.932 4.944 4.956 4.967 4.979 4.991 4.959 4.918 4.877 4.836 4.796 4.755 4.714 4.674 4.728 4.876 5.025 5.174 5.322 5.471 5.62 5.768 5.846 5.881 5.915 5.949 5.984 6.018 6.053 6.087 6.125 6.226 6.327 6.428 6.529 6.63 6.731 6.832 6.933 7.05 7.217 7.383 7.549 7.715 7.881 8.047 8.213 8.343 8.45 8.556 8.663 8.77 8.877 8.984 9.091 9.197 9.334 9.491 9.648 9.805 9.962 10.119 10.276 10.434 10.597 10.761 10.924 11.088 11.251 11.415 11.579 11.724 11.869 12.014 12.159 12.304 12.449 12.594 12.738 12.883 13.045 13.213 13.381 13.549 13.717 13.886 14.054 14.232 14.414 14.597 14.779 14.961 15.143 15.325 15.507 15.69 15.872 16.056 16.241 16.425 16.609 16.793 16.977 17.161 17.345 17.529 17.693 17.84 17.988 18.136 18.283 18.431 18.578 18.638
5.811 5.776 5.742 5.712 5.689 5.667 5.644 5.621 5.599 5.576 5.554 5.531 5.48 5.351 5.223 5.094 4.965 4.837 4.708 4.58 4.585 4.597 4.609 4.621 4.633 4.644 4.656 4.668 4.677 4.637 4.596 4.555 4.515 4.474 4.433 4.392 4.45 4.598 4.747 4.896 5.044 5.193 5.342 5.49 5.639 5.694 5.728 5.763 5.797 5.831 5.866 5.9 5.939 6.04 6.141 6.242 6.343 6.444 6.545 6.646 6.754 6.92 7.086 7.252 7.418 7.585 7.751 7.917 8.083 8.212 8.318 8.425 8.532 8.639 8.746 8.853 8.959 9.088 9.245 9.402 9.559 9.716 9.873 10.03 10.187 10.346 10.509 10.673 10.836 11.0 11.163 11.327 11.49 11.651 11.796 11.941 12.085 12.23 12.375 12.52 12.665 12.81 12.972 13.14 13.308 13.476 13.644 13.813 13.981 14.149 14.33 14.512 14.694 14.877 15.059 15.241 15.423 15.605 15.788 15.972 16.156 16.34 16.525 16.709 16.893 17.077 17.261 17.43 17.577 17.725 17.873 18.02 18.168 18.315 18.463 18.521
5.401 5.366 5.331 5.302 5.279 5.257 5.234 5.211 5.189 5.166 5.144 5.121 5.099 5.026 4.897 4.769 4.64 4.512 4.383 4.254 4.262 4.274 4.286 4.298 4.31 4.321 4.333 4.345 4.357 4.356 4.315 4.274 4.233 4.193 4.152 4.111 4.172 4.32 4.469 4.618 4.766 4.915 5.064 5.212 5.361 5.507 5.541 5.576 5.61 5.644 5.679 5.713 5.754 5.854 5.955 6.056 6.157 6.258 6.359 6.46 6.624 6.79 6.956 7.122 7.288 7.454 7.62 7.787 7.953 8.08 8.187 8.294 8.401 8.508 8.614 8.721 8.843 9.0 9.157 9.314 9.471 9.628 9.785 9.942 10.099 10.257 10.421 10.584 10.748 10.911 11.075 11.238 11.402 11.565 11.722 11.867 12.012 12.157 12.302 12.447 12.592 12.736 12.899 13.067 13.235 13.403 13.571 13.739 13.908 14.076 14.246 14.428 14.61 14.792 14.975 15.157 15.339 15.521 15.704 15.888 16.072 16.256 16.44 16.624 16.808 16.993 17.167 17.314 17.462 17.61 17.757 17.905 18.052 18.2 18.347 18.403
4.991 4.956 4.921 4.892 4.869 4.847 4.824 4.802 4.779 4.756 4.734 4.711 4.689 4.666 4.572 4.443 4.315 4.186 4.058 3.929 3.939 3.951 3.963 3.975 3.986 3.998 4.01 4.022 4.034 4.046 4.034 3.993 3.952 3.912 3.871 3.83 3.893 4.042 4.191 4.34 4.488 4.637 4.786 4.934 5.083 5.232 5.354 5.389 5.423 5.458 5.492 5.526 5.568 5.669 5.77 5.871 5.972 6.072 6.173 6.328 6.494 6.66 6.826 6.992 7.158 7.324 7.49 7.656 7.822 7.949 8.056 8.163 8.27 8.376 8.483 8.597 8.754 8.911 9.068 9.225 9.382 9.539 9.696 9.853 10.01 10.169 10.332 10.496 10.66 10.823 10.987 11.15 11.314 11.477 11.641 11.794 11.939 12.083 12.228 12.373 12.518 12.663 12.826 12.994 13.162 13.33 13.498 13.666 13.835 14.003 14.171 14.344 14.526 14.708 14.89 15.073 15.255 15.437 15.62 15.804 15.988 16.172 16.356 16.54 16.724 16.904 17.051 17.199 17.347 17.494 17.642 17.789 17.937 18.084 18.232 18.286
4.581 4.546 4.511 4.482 4.459 4.437 4.414 4.392 4.369 4.347 4.324 4.301 4.279 4.256 4.234 4.118 3.989 3.861 3.732 3.604 3.616 3.628 3.64 3.652 3.663 3.675 3.687 3.699 3.711 3.723 3.734 3.712 3.671 3.631 3.59 3.549 3.615 3.764 3.913 4.062 4.21 4.359 4.508 4.656 4.805 4.954 5.102 5.202 5.236 5.271 5.305 5.339 5.382 5.483 5.584 5.685 5.786 5.887 6.031 6.197 6.363 6.53 6.696 6.862 7.028 7.194 7.36 7.526 7.692 7.818 7.925 8.032 8.138 8.245 8.352 8.509 8.666 8.823 8.98 9.137 9.294 9.451 9.608 9.765 9.922 10.081 10.244 10.408 10.571 10.735 10.898 11.062 11.225 11.389 11.552 11.716 11.865 12.01 12.155 12.3 12.445 12.59 12.753 12.921 13.089 13.257 13.425 13.593 13.761 13.93 14.098 14.266 14.442 14.624 14.806 14.988 15.17 15.353 15.535 15.72 15.904 16.088 16.272 16.456 16.64 16.788 16.936 17.084 17.231 17.379 17.526 17.674 17.821 17.969 18.117 18.169
4.171 4.136 4.101 4.072 4.049 4.027 4.004 3.982 3.959 3.937 3.914 3.891 3.869 3.846 3.824 3.793 3.664 3.536 3.407 3.281 3.293 3.305 3.317 3.329 3.34 3.352 3.364 3.376 3.388 3.4 3.411 3.423 3.39 3.349 3.309 3.268 3.337 3.486 3.635 3.783 3.932 4.081 4.23 4.378 4.527 4.676 4.824 4.973 5.049 5.084 5.118 5.153 5.196 5.297 5.398 5.499 5.6 5.735 5.901 6.067 6.233 6.399 6.565 6.731 6.898 7.064 7.23 7.396 7.562 7.687 7.794 7.9 8.007 8.114 8.264 8.421 8.578 8.735 8.892 9.049 9.206 9.363 9.52 9.677 9.834 9.992 10.156 10.319 10.483 10.646 10.81 10.973 11.137 11.301 11.464 11.628 11.791 11.937 12.081 12.226 12.371 12.516 12.68 12.848 13.016 13.184 13.352 13.52 13.688 13.857 14.025 14.193 14.361 14.54 14.722 14.904 15.086 15.268 15.451 15.635 15.819 16.004 16.188 16.372 16.525 16.673 16.821 16.968 17.116 17.263 17.411 17.558 17.706 17.854 18.001 18.052
3.761 3.726 3.691 3.662 3.64 3.617 3.594 3.572 3.549 3.527 3.504 3.482 3.459 3.436 3.414 3.391 3.339 3.21 3.082 2.958 2.97 2.982 2.994 3.006 3.017 3.029 3.041 3.053 3.065 3.077 3.088 3.1 3.109 3.068 3.028 2.987 3.059 3.208 3.357 3.505 3.654 3.803 3.952 4.1 4.249 4.398 4.546 4.695 4.844 4.897 4.931 4.966 5.01 5.111 5.212 5.313 5.439 5.605 5.771 5.937 6.103 6.269 6.435 6.601 6.767 6.933 7.1 7.266 7.432 7.555 7.662 7.769 7.876 8.018 8.175 8.332 8.489 8.646 8.803 8.96 9.117 9.274 9.431 9.588 9.745 9.904 10.068 10.231 10.395 10.558 10.722 10.885 11.049 11.212 11.376 11.539 11.703 11.863 12.008 12.153 12.298 12.443 12.607 12.775 12.943 13.111 13.279 13.447 13.615 13.783 13.952 14.12 14.288 14.456 14.638 14.82 15.002 15.184 15.367 15.551 15.735 15.919 16.103 16.263 16.41 16.558 16.705 16.853 17.0 17.148 17.295 17.443 17.591 17.738 17.886 17.935
3.351 3.316 3.281 3.252 3.23 3.207 3.184 3.162 3.139 3.117 3.094 3.072 3.049 3.027 3.004 2.981 2.959 2.885 2.756 2.635 2.647 2.659 2.671 2.682 2.694 2.706 2.718 2.73 2.742 2.753 2.765 2.777 2.789 2.787 2.746 2.706 2.781 2.93 3.079 3.227 3.376 3.525 3.673 3.822 3.971 4.12 4.268 4.417 4.566 4.71 4.744 4.779 4.825 4.926 5.027 5.142 5.308 5.475 5.641 5.807 5.973 6.139 6.305 6.471 6.637 6.803 6.969 7.135 7.301 7.424 7.531 7.638 7.773 7.93 8.087 8.244 8.401 8.558 8.715 8.872 9.029 9.186 9.343 9.5 9.657 9.816 9.979 10.143 10.306 10.47 10.633 10.797 10.96 11.124 11.287 11.451 11.615 11.778 11.935 12.079 12.224 12.369 12.534 12.702 12.87 13.038 13.206 13.374 13.542 13.71 13.879 14.047 14.215 14.383 14.553 14.735 14.918 15.1 15.283 15.467 15.651 15.835 16.0 16.147 16.295 16.442 16.59 16.737 16.885 17.033 17.18 17.328 17.475 17.623 17.77 17.817
2.941 2.906 2.871 2.842 2.82 2.797 2.775 2.752 2.729 2.707 2.684 2.662 2.639 2.617 2.594 2.571 2.549 2.526 2.431 2.312 2.324 2.336 2.348 2.359 2.371 2.383 2.395 2.407 2.419 2.43 2.442 2.454 2.466 2.478 2.465 2.425 2.503 2.652 2.801 2.949 3.098 3.247 3.395 3.544 3.693 3.842 3.99 4.139 4.288 4.436 4.558 4.592 4.639 4.74 4.846 5.012 5.178 5.344 5.51 5.676 5.843 6.009 6.175 6.341 6.507 6.673 6.839 7.005 7.171 7.293 7.4 7.527 7.684 7.841 7.998 8.155 8.312 8.469 8.626 8.783 8.94 9.097 9.254 9.411 9.568 9.727 9.891 10.054 10.218 10.382 10.545 10.709 10.872 11.036 11.199 11.363 11.526 11.69 11.853 12.006 12.151 12.296 12.461 12.629 12.797 12.965 13.133 13.301 13.469 13.637 13.805 13.974 14.142 14.31 14.478 14.651 14.833 15.016 15.199 15.383 15.567 15.737 15.884 16.032 16.179 16.327 16.474 16.622 16.77 16.917 17.065 17.212 17.36 17.507 17.655 17.7
2.531 2.496 2.461 2.432 2.41 2.387 2.365 2.342 2.32 2.297 2.274 2.252 2.229 2.207 2.184 2.162 2.139 2.116 2.094 1.989 2.001 2.013 2.025 2.036 2.048 2.06 2.072 2.084 2.096 2.107 2.119 2.131 2.143 2.155 2.167 2.143 2.225 2.374 2.523 2.671 2.82 2.969 3.117 3.266 3.415 3.563 3.712 3.861 4.01 4.158 4.307 4.405 4.453 4.554 4.716 4.882 5.048 5.214 5.38 5.546 5.712 5.878 6.044 6.211 6.377 6.543 6.709 6.875 7.041 7.162 7.282 7.439 7.596 7.753 7.91 8.067 8.224 8.381 8.538 8.695 8.852 9.009 9.166 9.323 9.48 9.639 9.803 9.966 10.13 10.293 10.457 10.62 10.784 10.947 11.111 11.274 11.438 11.601 11.765 11.929 12.077 12.222 12.388 12.556 12.724 12.892 13.06 13.228 13.396 13.564 13.732 13.901 14.069 14.237 14.405 14.573 14.749 14.931 15.114 15.298 15.474 15.621 15.769 15.916 16.064 16.211 16.359 16.507 16.654 16.802 16.949 17.097 17.244 17.392 17.54 17.583
2.234 2.194 2.153 2.122 2.093 2.065 2.036 2.008 1.979 1.951 1.922 1.894 1.865 1.837 1.808 1.78 1.751 1.723 1.694 1.67 1.678 1.69 1.702 1.713 1.725 1.737 1.749 1.761 1.773 1.784 1.796 1.808 1.82 1.832 1.844 1.855 1.947 2.096 2.245 2.393 2.542 2.691 2.839 2.988 3.137 3.285 3.434 3.583 3.732 3.88 4.029 4.178 4.267 4.42 4.586 4.752 4.918 5.084 5.25 5.416 5.582 5.748 5.914 6.08 6.246 6.413 6.579 6.745 6.911 7.037 7.194 7.351 7.508 7.665 7.822 7.979 8.136 8.293 8.45 8.607 8.764 8.921 9.078 9.235 9.392 9.551 9.714 9.878 10.041 10.205 10.368 10.532 10.695 10.859 11.023 11.186 11.35 11.513 11.677 11.84 12.004 12.149 12.315 12.483 12.651 12.819 12.987 13.155 13.323 13.491 13.659 13.827 13.996 14.164 14.332 14.5 14.668 14.847 15.03 15.211 15.358 15.506 15.653 15.801 15.948 16.096 16.244 16.391 16.539 16.686 16.834 16.981 17.129 17.277 17.422 17.466
2.185 2.144 2.108 2.081 2.055 2.026 1.998 1.969 1.941 1.912 1.884 1.855 1.827 1.798 1.77 1.741 1.713 1.684 1.656 1.632 1.645 1.652 1.659 1.666 1.673 1.68 1.687 1.694 1.702 1.709 1.716 1.723 1.73 1.737 1.744 1.752 1.852 1.997 2.141 2.286 2.431 2.575 2.72 2.865 3.009 3.154 3.299 3.443 3.588 3.732 3.877 4.022 4.186 4.35 4.514 4.677 4.841 5.005 5.169 5.333 5.497 5.661 5.825 5.989 6.153 6.317 6.481 6.644 6.808 7.012 7.164 7.315 7.467 7.618 7.77 7.921 8.073 8.224 8.376 8.528 8.679 8.832 8.989 9.146 9.303 9.462 9.626 9.79 9.953 10.117 10.28 10.444 10.607 10.771 10.934 11.098 11.261 11.425 11.588 11.752 11.915 12.075 12.241 12.41 12.578 12.746 12.914 13.082 13.25 13.418 13.586 13.754 13.923 14.091 14.259 14.427 14.595 14.763 14.946 15.095 15.243 15.39 15.538 15.685 15.833 15.981 16.128 16.276 16.423 16.571 16.718 16.866 17.014 17.161 17.305 17.348
2.135 2.098 2.065 2.038 2.014 1.987 1.959 1.93 1.902 1.873 1.845 1.816 1.788 1.759 1.731 1.702 1.674 1.645 1.617 1.594 1.609 1.619 1.627 1.634 1.641 1.648 1.655 1.662 1.669 1.677 1.684 1.691 1.698 1.705 1.712 1.719 1.822 1.967 2.111 2.256 2.401 2.545 2.69 2.835 2.979 3.124 3.269 3.413 3.558 3.703 3.847 4.01 4.187 4.351 4.514 4.678 4.842 5.006 5.17 5.334 5.498 5.662 5.826 5.99 6.154 6.318 6.481 6.645 6.939 7.228 7.401 7.553 7.705 7.856 8.008 8.159 8.311 8.462 8.614 8.765 8.917 9.069 9.22 9.372 9.523 9.677 9.835 9.993 10.151 10.309 10.467 10.625 10.783 10.941 11.099 11.257 11.415 11.574 11.732 11.89 12.048 12.22 12.384 12.546 12.709 12.871 13.033 13.196 13.358 13.521 13.683 13.845 14.008 14.17 14.333 14.495 14.657 14.82 14.895 15.04 15.184 15.329 15.473 15.618 15.763 15.907 16.052 16.197 16.341 16.486 16.631 16.775 16.92 17.064 17.201 17.24
2.088 2.055 2.023 1.995 1.972 1.948 1.92 1.892 1.863 1.835 1.806 1.778 1.749 1.721 1.692 1.664 1.635 1.607 1.578 1.556 1.571 1.585 1.594 1.602 1.609 1.616 1.623 1.63 1.637 1.644 1.652 1.659 1.666 1.673 1.68 1.687 1.792 1.937 2.081 2.226 2.371 2.515 2.66 2.805 2.949 3.094 3.239 3.383 3.528 3.673 3.83 4.011 4.188 4.351 4.515 4.679 4.843 5.007 5.171 5.335 5.499 5.663 5.827 5.991 6.155 6.318 6.482 6.753 7.074 7.362 7.639 7.791 7.943 8.094 8.246 8.397 8.549 8.7 8.852 9.003 9.155 9.307 9.458 9.61 9.761 9.915 10.073 10.231 10.389 10.547 10.705 10.863 11.021 11.179 11.337 11.496 11.654 11.812 11.97 12.128 12.295 12.483 12.647 12.809 12.972 13.134 13.296 13.459 13.621 13.783 13.946 14.108 14.271 14.433 14.595 14.758 14.92 15.034 15.059 15.094 15.239 15.383 15.528 15.673 15.817 15.962 16.107 16.251 16.396 16.541 16.685 16.83 16.974 17.119 17.252 17.238
2.045 2.013 1.98 1.953 1.929 1.905 1.881 1.853 1.824 1.796 1.767 1.739 1.71 1.682 1.653 1.625 1.596 1.568 1.539 1.518 1.532 1.547 1.561 1.569 1.576 1.584 1.591 1.598 1.605 1.612 1.619 1.626 1.634 1.641 1.648 1.655 1.762 1.907 2.051 2.196 2.341 2.485 2.63 2.775 2.919 3.064 3.209 3.353 3.498 3.65 3.831 4.012 4.189 4.352 4.516 4.68 4.844 5.008 5.172 5.336 5.5 5.664 5.828 5.992 6.155 6.319 6.567 6.888 7.209 7.497 7.778 8.029 8.18 8.332 8.484 8.635 8.787 8.938 9.09 9.241 9.393 9.544 9.696 9.848 9.999 10.153 10.311 10.469 10.627 10.785 10.943 11.101 11.26 11.418 11.576 11.734 11.892 12.05 12.208 12.371 12.559 12.746 12.91 13.072 13.234 13.397 13.559 13.722 13.884 14.046 14.209 14.371 14.533 14.696 14.858 15.021 15.145 15.233 15.257 15.222 15.293 15.438 15.583 15.727 15.872 16.017 16.161 16.306 16.45 16.595 16.74 16.884 17.029 17.174 17.304 17.277
2.003 1.97 1.937 1.91 1.886 1.863 1.839 1.814 1.786 1.757 1.729 1.7 1.672 1.643 1.615 1.586 1.558 1.529 1.501 1.48 1.494 1.509 1.523 1.537 1.544 1.551 1.559 1.566 1.573 1.58 1.587 1.594 1.601 1.609 1.616 1.623 1.732 1.877 2.022 2.166 2.311 2.455 2.6 2.745 2.889 3.034 3.179 3.323 3.47 3.651 3.832 4.013 4.189 4.353 4.517 4.681 4.845 5.009 5.173 5.337 5.501 5.665 5.829 5.993 6.156 6.38 6.702 7.023 7.344 7.631 7.913 8.194 8.418 8.57 8.722 8.873 9.025 9.176 9.328 9.479 9.631 9.782 9.934 10.086 10.237 10.391 10.549 10.707 10.865 11.023 11.182 11.34 11.498 11.656 11.814 11.972 12.13 12.288 12.447 12.634 12.822 13.01 13.173 13.335 13.497 13.66 13.822 13.984 14.147 14.309 14.472 14.634 14.796 14.959 15.121 15.256 15.345 15.433 15.454 15.419 15.384 15.493 15.637 15.782 15.926 16.071 16.216 16.36 16.505 16.65 16.794 16.939 17.084 17.228 17.355 17.329
1.96 1.927 1.894 1.867 1.844 1.82 1.797 1.773 1.747 1.718 1.69 1.661 1.633 1.604 1.576 1.547 1.519 1.49 1.462 1.442 1.456 1.471 1.485 1.5 1.512 1.519 1.526 1.534 1.541 1.548 1.555 1.562 1.569 1.576 1.583 1.591 1.702 1.847 1.992 2.136 2.281 2.426 2.57 2.715 2.859 3.004 3.149 3.293 3.471 3.652 3.833 4.015 4.19 4.354 4.518 4.682 4.846 5.01 5.174 5.338 5.502 5.666 5.83 5.993 6.194 6.516 6.837 7.158 7.479 7.766 8.047 8.328 8.61 8.808 8.959 9.111 9.263 9.414 9.566 9.717 9.869 10.02 10.172 10.323 10.475 10.629 10.787 10.945 11.104 11.262 11.42 11.578 11.736 11.894 12.052 12.21 12.368 12.526 12.71 12.898 13.085 13.273 13.435 13.598 13.76 13.923 14.085 14.247 14.41 14.572 14.734 14.897 15.059 15.222 15.368 15.456 15.544 15.633 15.652 15.617 15.582 15.547 15.692 15.836 15.981 16.126 16.27 16.415 16.56 16.704 16.849 16.994 17.138 17.283 17.407 17.38
1.917 1.884 1.851 1.824 1.801 1.777 1.754 1.73 1.707 1.68 1.651 1.623 1.594 1.566 1.537 1.509 1.48 1.452 1.423 1.404 1.418 1.433 1.447 1.462 1.476 1.487 1.494 1.501 1.508 1.516 1.523 1.53 1.537 1.544 1.551 1.558 1.672 1.817 1.962 2.106 2.251 2.396 2.54 2.685 2.829 2.974 3.119 3.291 3.472 3.653 3.835 4.016 4.191 4.355 4.519 4.683 4.847 5.011 5.175 5.339 5.503 5.667 5.83 6.008 6.329 6.651 6.972 7.293 7.614 7.9 8.181 8.463 8.744 9.026 9.197 9.349 9.501 9.652 9.804 9.955 10.107 10.258 10.41 10.561 10.713 10.867 11.026 11.184 11.342 11.5 11.658 11.816 11.974 12.132 12.29 12.448 12.606 12.786 12.973 13.161 13.349 13.536 13.698 13.861 14.023 14.185 14.348 14.51 14.673 14.835 14.997 15.16 15.322 15.479 15.567 15.656 15.744 15.832 15.849 15.814 15.78 15.745 15.746 15.891 16.036 16.18 16.325 16.47 16.614 16.759 16.903 17.048 17.193 17.337 17.459 17.432
1.874 1.841 1.808 1.782 1.758 1.735 1.711 1.688 1.664 1.641 1.612 1.584 1.555 1.527 1.498 1.47 1.441 1.413 1.384 1.366 1.38 1.395 1.409 1.424 1.438 1.453 1.462 1.469 1.476 1.483 1.491 1.498 1.505 1.512 1.519 1.526 1.642 1.787 1.932 2.076 2.221 2.366 2.51 2.655 2.8 2.944 3.111 3.292 3.473 3.655 3.836 4.017 4.192 4.356 4.52 4.684 4.848 5.012 5.176 5.34 5.504 5.667 5.831 6.143 6.464 6.786 7.107 7.428 7.749 8.034 8.316 8.597 8.879 9.16 9.435 9.587 9.738 9.89 10.042 10.193 10.345 10.496 10.648 10.799 10.951 11.106 11.264 11.422 11.58 11.738 11.896 12.054 12.212 12.37 12.528 12.686 12.862 13.049 13.237 13.424 13.612 13.799 13.961 14.123 14.286 14.448 14.611 14.773 14.935 15.098 15.26 15.423 15.585 15.679 15.767 15.855 15.944 16.032 16.047 16.012 15.977 15.942 15.907 15.946 16.09 16.235 16.379 16.524 16.669 16.813 16.958 17.103 17.247 17.392 17.51 17.483
1.831 1.798 1.766 1.739 1.715 1.692 1.668 1.645 1.621 1.598 1.574 1.545 1.517 1.488 1.46 1.431 1.403 1.374 1.346 1.328 1.342 1.357 1.371 1.386 1.4 1.415 1.429 1.437 1.444 1.451 1.458 1.465 1.473 1.48 1.487 1.494 1.612 1.757 1.902 2.046 2.191 2.336 2.48 2.625 2.77 2.931 3.112 3.293 3.475 3.656 3.837 4.018 4.193 4.357 4.521 4.685 4.849 5.013 5.177 5.341 5.504 5.668 5.957 6.278 6.6 6.921 7.242 7.563 7.885 8.169 8.45 8.732 9.013 9.295 9.576 9.825 9.976 10.128 10.28 10.431 10.583 10.734 10.886 11.037 11.189 11.344 11.502 11.66 11.818 11.976 12.134 12.292 12.45 12.608 12.766 12.937 13.125 13.312 13.5 13.688 13.875 14.062 14.224 14.386 14.549 14.711 14.873 15.036 15.198 15.361 15.523 15.685 15.79 15.878 15.967 16.055 16.143 16.232 16.245 16.21 16.175 16.14 16.105 16.07 16.145 16.289 16.434 16.579 16.723 16.868 17.013 17.157 17.302 17.447 17.562 17.535
1.788 1.756 1.723 1.696 1.673 1.649 1.626 1.602 1.579 1.555 1.532 1.506 1.478 1.449 1.421 1.392 1.364 1.335 1.307 1.29 1.304 1.319 1.333 1.348 1.362 1.377 1.391 1.405 1.412 1.419 1.426 1.433 1.44 1.448 1.455 1.462 1.582 1.727 1.872 2.016 2.161 2.306 2.45 2.595 2.751 2.932 3.113 3.295 3.476 3.657 3.838 4.02 4.194 4.358 4.522 4.686 4.85 5.014 5.178 5.342 5.505 5.771 6.092 6.413 6.735 7.056 7.377 7.698 8.02 8.303 8.585 8.866 9.148 9.429 9.71 9.992 10.214 10.366 10.517 10.669 10.821 10.972 11.124 11.275 11.427 11.582 11.74 11.898 12.056 12.214 12.372 12.53 12.688 12.846 13.013 13.201 13.388 13.576 13.763 13.951 14.138 14.324 14.487 14.649 14.812 14.974 15.136 15.299 15.461 15.623 15.786 15.901 15.99 16.078 16.166 16.255 16.343 16.431 16.442 16.407 16.372 16.337 16.302 16.267 16.232 16.344 16.489 16.633 16.778 16.923 17.067 17.212 17.356 17.501 17.613 17.587
1.746 1.713 1.68 1.654 1.63 1.607 1.583 1.559 1.536 1.512 1.489 1.465 1.439 1.411 1.382 1.354 1.325 1.297 1.268 1.252 1.266 1.281 1.295 1.31 1.324 1.339 1.353 1.368 1.38 1.387 1.394 1.401 1.408 1.415 1.423 1.43 1.552 1.697 1.842 1.986 2.131 2.276 2.42 2.571 2.752 2.933 3.115 3.296 3.477 3.658 3.84 4.021 4.195 4.359 4.523 4.687 4.851 5.015 5.179 5.342 5.585 5.906 6.227 6.548 6.87 7.191 7.512 7.834 8.155 8.438 8.719 9.001 9.282 9.563 9.845 10.126 10.408 10.604 10.755 10.907 11.059 11.21 11.362 11.513 11.665 11.82 11.978 12.136 12.294 12.452 12.61 12.768 12.926 13.089 13.276 13.464 13.651 13.839 14.027 14.214 14.402 14.587 14.75 14.912 15.074 15.237 15.399 15.562 15.724 15.886 16.013 16.101 16.189 16.278 16.366 16.454 16.543 16.631 16.64 16.605 16.57 16.535 16.5 16.465 16.43 16.399 16.543 16.688 16.832 16.977 17.122 17.266 17.411 17.556 17.665 17.638
1.703 1.67 1.637 1.611 1.587 1.564 1.54 1.517 1.493 1.47 1.446 1.423 1.399 1.372 1.343 1.315 1.286 1.258 1.229 1.214 1.228 1.243 1.257 1.271 1.286 1.3 1.315 1.329 1.344 1.355 1.362 1.369 1.376 1.383 1.39 1.397 1.523 1.667 1.812 1.956 2.101 2.246 2.391 2.572 2.753 2.935 3.116 3.297 3.478 3.66 3.841 4.022 4.196 4.36 4.524 4.688 4.852 5.016 5.179 5.399 5.72 6.041 6.362 6.684 7.005 7.326 7.647 7.969 8.29 8.572 8.854 9.135 9.416 9.698 9.979 10.261 10.542 10.824 10.993 11.145 11.296 11.448 11.6 11.751 11.903 12.058 12.216 12.374 12.532 12.69 12.848 13.006 13.164 13.352 13.54 13.727 13.915 14.102 14.29 14.477 14.665 14.85 15.012 15.175 15.337 15.5 15.662 15.824 15.987 16.124 16.212 16.301 16.389 16.477 16.566 16.654 16.742 16.831 16.837 16.802 16.767 16.732 16.697 16.662 16.627 16.592 16.598 16.742 16.887 17.032 17.176 17.321 17.466 17.61 17.717 17.69
1.66 1.627 1.594 1.568 1.545 1.521 1.498 1.474 1.451 1.427 1.403 1.38 1.356 1.333 1.305 1.276 1.248 1.219 1.191 1.175 1.19 1.204 1.219 1.233 1.248 1.262 1.277 1.291 1.306 1.32 1.33 1.337 1.344 1.351 1.358 1.365 1.493 1.637 1.782 1.926 2.071 2.216 2.392 2.573 2.755 2.936 3.117 3.298 3.48 3.661 3.842 4.023 4.197 4.361 4.525 4.689 4.853 5.016 5.212 5.534 5.855 6.176 6.497 6.819 7.14 7.461 7.782 8.104 8.425 8.707 8.988 9.269 9.551 9.832 10.114 10.395 10.677 10.958 11.231 11.383 11.534 11.686 11.838 11.989 12.141 12.296 12.454 12.612 12.77 12.928 13.086 13.244 13.428 13.615 13.803 13.99 14.178 14.366 14.553 14.741 14.928 15.113 15.275 15.438 15.6 15.762 15.925 16.087 16.235 16.324 16.412 16.5 16.589 16.677 16.765 16.854 16.942 17.031 17.035 17.0 16.965 16.93 16.895 16.86 16.825 16.79 16.755 16.797 16.942 17.086 17.231 17.376 17.52 17.665 17.768 17.742
1.617 1.584 1.551 1.526 1.502 1.478 1.455 1.431 1.408 1.384 1.361 1.337 1.314 1.29 1.266 1.237 1.209 1.18 1.152 1.137 1.152 1.166 1.181 1.195 1.21 1.224 1.239 1.253 1.268 1.282 1.297 1.305 1.312 1.319 1.326 1.333 1.463 1.607 1.752 1.897 2.041 2.212 2.393 2.575 2.756 2.937 3.118 3.3 3.481 3.662 3.843 4.024 4.198 4.362 4.526 4.69 4.854 5.026 5.348 5.669 5.99 6.311 6.633 6.954 7.275 7.596 7.918 8.239 8.56 8.841 9.122 9.404 9.685 9.967 10.248 10.53 10.811 11.093 11.374 11.621 11.772 11.924 12.075 12.227 12.379 12.534 12.692 12.85 13.008 13.166 13.324 13.503 13.691 13.878 14.066 14.254 14.441 14.629 14.816 15.004 15.192 15.376 15.538 15.701 15.863 16.025 16.188 16.346 16.435 16.523 16.612 16.7 16.788 16.877 16.965 17.053 17.142 17.23 17.233 17.198 17.163 17.128 17.093 17.058 17.023 16.988 16.953 16.918 16.996 17.141 17.286 17.43 17.575 17.719 17.82 17.793
1.574 1.541 1.508 1.483 1.459 1.436 1.412 1.389 1.365 1.342 1.318 1.295 1.271 1.247 1.224 1.199 1.17 1.142 1.113 1.099 1.114 1.128 1.143 1.157 1.172 1.186 1.201 1.215 1.23 1.244 1.259 1.272 1.279 1.287 1.294 1.301 1.433 1.577 1.722 1.867 2.032 2.213 2.395 2.576 2.757 2.938 3.12 3.301 3.482 3.663 3.844 4.026 4.199 4.363 4.527 4.691 4.854 5.161 5.483 5.804 6.125 6.446 6.768 7.089 7.41 7.731 8.053 8.374 8.694 8.975 9.257 9.538 9.82 10.101 10.383 10.664 10.946 11.227 11.508 11.79 12.01 12.162 12.313 12.465 12.617 12.772 12.93 13.088 13.246 13.404 13.579 13.767 13.954 14.142 14.329 14.517 14.705 14.892 15.08 15.267 15.455 15.639 15.801 15.963 16.126 16.288 16.451 16.546 16.635 16.723 16.811 16.9 16.988 17.076 17.165 17.253 17.342 17.43 17.43 17.395 17.36 17.325 17.29 17.255 17.22 17.185 17.15 17.115 17.08 17.195 17.34 17.485 17.629 17.774 17.871 17.845
1.531 1.498 1.466 1.44 1.417 1.393 1.37 1.346 1.322 1.299 1.275 1.252 1.228 1.205 1.181 1.158 1.131 1.103 1.074 1.061 1.076 1.09 1.105 1.119 1.134 1.148 1.163 1.177 1.192 1.206 1.221 1.235 1.247 1.254 1.262 1.269 1.403 1.547 1.692 1.852 2.033 2.215 2.396 2.577 2.758 2.94 3.121 3.302 3.483 3.664 3.846 4.027 4.2 4.364 4.528 4.691 4.975 5.296 5.618 5.939 6.26 6.581 6.903 7.224 7.545 7.866 8.188 8.509 8.828 9.11 9.391 9.673 9.954 10.236 10.517 10.799 11.08 11.361 11.643 11.924 12.206 12.4 12.551 12.703 12.854 13.01 13.168 13.326 13.484 13.655 13.842 14.03 14.217 14.405 14.593 14.78 14.968 15.155 15.343 15.531 15.718 15.902 16.064 16.226 16.389 16.551 16.657 16.746 16.834 16.923 17.011 17.099 17.188 17.276 17.364 17.453 17.541 17.63 17.628 17.593 17.558 17.523 17.488 17.453 17.418 17.383 17.348 17.313 17.278 17.25 17.395 17.539 17.684 17.829 17.923 17.896
1.488 1.456 1.423 1.397 1.374 1.35 1.327 1.303 1.28 1.256 1.233 1.209 1.186 1.162 1.139 1.115 1.091 1.064 1.036 1.023 1.038 1.052 1.067 1.081 1.096 1.11 1.125 1.139 1.154 1.168 1.183 1.197 1.212 1.222 1.229 1.236 1.373 1.517 1.672 1.853 2.035 2.216 2.397 2.578 2.759 2.941 3.122 3.303 3.484 3.666 3.847 4.028 4.201 4.365 4.528 4.789 5.11 5.432 5.753 6.074 6.395 6.717 7.038 7.359 7.68 8.002 8.323 8.644 8.963 9.244 9.526 9.807 10.089 10.37 10.652 10.933 11.214 11.496 11.777 12.059 12.34 12.622 12.789 12.941 13.092 13.248 13.406 13.564 13.73 13.918 14.106 14.293 14.481 14.668 14.856 15.043 15.231 15.419 15.606 15.794 15.981 16.164 16.327 16.489 16.652 16.769 16.857 16.946 17.034 17.122 17.211 17.299 17.387 17.476 17.564 17.653 17.741 17.829 17.825 17.79 17.755 17.72 17.685 17.65 17.615 17.58 17.545 17.51 17.475 17.44 17.449 17.594 17.739 17.883 17.975 17.948
1.446 1.413 1.38 1.355 1.331 1.308 1.284 1.261 1.237 1.213 1.19 1.166 1.143 1.119 1.096 1.072 1.049 1.025 0.997 0.985 1.0 1.014 1.029 1.043 1.058 1.072 1.087 1.101 1.116 1.13 1.145 1.159 1.174 1.188 1.197 1.204 1.343 1.492 1.673 1.855 2.036 2.217 2.398 2.579 2.761 2.942 3.123 3.304 3.486 3.667 3.848 4.029 4.202 4.365 4.603 4.924 5.245 5.567 5.888 6.209 6.53 6.852 7.173 7.494 7.815 8.137 8.458 8.779 9.097 9.379 9.66 9.942 10.223 10.505 10.786 11.067 11.349 11.63 11.912 12.193 12.475 12.756 13.027 13.179 13.33 13.486 13.644 13.806 13.994 14.181 14.369 14.556 14.744 14.932 15.119 15.307 15.494 15.682 15.87 16.057 16.245 16.427 16.59 16.752 16.88 16.968 17.057 17.145 17.234 17.322 17.41 17.499 17.587 17.675 17.764 17.852 17.941 18.029 18.023 17.988 17.953 17.918 17.883 17.848 17.813 17.778 17.743 17.708 17.673 17.638 17.603 17.648 17.793 17.938 18.026 18.0
1.403 1.37 1.337 1.312 1.288 1.265 1.241 1.218 1.194 1.171 1.147 1.124 1.1 1.077 1.053 1.03 1.006 0.983 0.958 0.947 0.962 0.976 0.991 1.005 1.02 1.034 1.049 1.063 1.078 1.092 1.107 1.121 1.135 1.15 1.164 1.172 1.313 1.493 1.675 1.856 2.037 2.218 2.399 2.581 2.762 2.943 3.124 3.306 3.487 3.668 3.849 4.031 4.203 4.417 4.738 5.059 5.38 5.702 6.023 6.344 6.666 6.987 7.308 7.629 7.951 8.272 8.593 8.914 9.232 9.513 9.795 10.076 10.358 10.639 10.92 11.202 11.483 11.765 12.046 12.328 12.609 12.89 13.172 13.417 13.568 13.724 13.882 14.069 14.257 14.445 14.632 14.82 15.007 15.195 15.382 15.57 15.758 15.945 16.133 16.32 16.508 16.69 16.852 16.991 17.08 17.168 17.257 17.345 17.433 17.522 17.61 17.698 17.787 17.875 17.964 18.052 18.14 18.229 18.22 18.185 18.15 18.115 18.08 18.045 18.01 17.975 17.94 17.905 17.87 17.835 17.8 17.766 17.848 17.992 18.078 18.051
1.347 1.314 1.286 1.273 1.249 1.226 1.202 1.178 1.154 1.131 1.107 1.083 1.06 1.036 1.012 0.988 0.965 0.941 0.917 0.91 0.924 0.938 0.953 0.967 0.982 0.996 1.011 1.025 1.039 1.054 1.068 1.083 1.097 1.112 1.126 1.14 1.313 1.495 1.676 1.857 2.038 2.219 2.401 2.582 2.763 2.944 3.126 3.307 3.488 3.669 3.851 4.032 4.231 4.552 4.873 5.194 5.516 5.837 6.158 6.479 6.801 7.122 7.443 7.764 8.086 8.407 8.728 9.049 9.366 9.648 9.929 10.211 10.492 10.773 11.055 11.336 11.618 11.899 12.181 12.462 12.743 13.025 13.306 13.588 13.806 13.962 14.145 14.333 14.52 14.708 14.895 15.083 15.271 15.458 15.646 15.833 16.021 16.209 16.396 16.584 16.771 16.953 17.103 17.191 17.279 17.368 17.456 17.545 17.633 17.721 17.81 17.898 17.986 18.075 18.163 18.252 18.34 18.428 18.418 18.383 18.348 18.313 18.278 18.243 18.208 18.173 18.138 18.103 18.068 18.033 17.998 17.963 17.928 18.047 18.13 18.103
1.269 1.237 1.232 1.235 1.217 1.194 1.17 1.146 1.123 1.099 1.075 1.051 1.028 1.004 0.98 0.957 0.933 0.909 0.886 0.878 0.893 0.907 0.922 0.936 0.95 0.965 0.979 0.993 1.008 1.022 1.037 1.051 1.065 1.08 1.094 1.212 1.613 1.788 1.964 2.139 2.314 2.489 2.664 2.839 3.014 3.19 3.365 3.54 3.715 3.89 4.065 4.24 4.496 4.813 5.13 5.448 5.765 6.082 6.4 6.717 7.034 7.351 7.669 7.986 8.303 8.62 8.938 9.255 9.505 9.763 10.046 10.329 10.611 10.894 11.177 11.459 11.742 12.024 12.307 12.59 12.872 13.155 13.438 13.72 14.003 14.221 14.408 14.596 14.784 14.971 15.159 15.346 15.534 15.721 15.909 16.097 16.284 16.472 16.659 16.847 17.035 17.214 17.302 17.391 17.479 17.568 17.656 17.744 17.833 17.921 18.009 18.098 18.186 18.275 18.363 18.451 18.54 18.628 18.616 18.581 18.546 18.511 18.476 18.441 18.406 18.371 18.336 18.301 18.266 18.231 18.196 18.161 18.126 18.101 18.181 18.154
1.191 1.182 1.177 1.181 1.185 1.162 1.138 1.115 1.091 1.067 1.043 1.02 0.996 0.972 0.949 0.925 0.901 0.877 0.854 0.847 0.862 0.876 0.89 0.905 0.919 0.934 0.948 0.962 0.977 0.991 1.005 1.02 1.034 1.049 1.143 1.314 1.831 2.162 2.338 2.513 2.688 2.863 3.038 3.213 3.388 3.564 3.739 3.914 4.089 4.264 4.439 4.614 4.872 5.19 5.507 5.824 6.141 6.459 6.776 7.093 7.41 7.728 8.045 8.362 8.68 8.997 9.314 9.603 9.767 9.825 10.108 10.39 10.673 10.956 11.238 11.521 11.804 12.086 12.369 12.652 12.934 13.217 13.5 13.782 14.065 14.283 14.474 14.665 14.856 15.047 15.238 15.429 15.62 15.811 16.002 16.193 16.384 16.575 16.766 16.957 17.148 17.202 17.295 17.388 17.482 17.575 17.669 17.762 17.855 17.949 18.042 18.136 18.229 18.322 18.416 18.509 18.602 18.667 18.636 18.608 18.58 18.552 18.524 18.497 18.469 18.441 18.413 18.385 18.357 18.329 18.301 18.273 18.245 18.217 18.183 18.162
1.133 1.128 1.123 1.126 1.131 1.13 1.106 1.083 1.059 1.035 1.012 0.988 0.964 0.941 0.917 0.893 0.869 0.846 0.822 0.816 0.831 0.845 0.859 0.874 0.888 0.902 0.917 0.931 0.946 0.96 0.974 0.989 1.003 1.076 1.239 1.416 1.932 2.449 2.712 2.887 3.062 3.237 3.412 3.587 3.762 3.938 4.113 4.288 4.463 4.638 4.813 4.988 5.249 5.566 5.883 6.2 6.518 6.835 7.152 7.47 7.787 8.104 8.421 8.739 9.056 9.373 9.682 9.868 10.029 10.06 10.169 10.452 10.735 11.017 11.3 11.583 11.865 12.148 12.431 12.713 12.996 13.279 13.561 13.844 14.127 14.343 14.534 14.725 14.916 15.107 15.298 15.489 15.68 15.871 16.062 16.253 16.444 16.635 16.826 17.017 17.075 17.108 17.201 17.294 17.388 17.481 17.574 17.668 17.761 17.855 17.948 18.041 18.135 18.228 18.322 18.415 18.5 18.454 18.424 18.396 18.368 18.34 18.312 18.284 18.256 18.228 18.2 18.172 18.145 18.117 18.089 18.061 18.033 17.981 17.918 17.897
1.078 1.073 1.068 1.072 1.077 1.081 1.075 1.051 1.027 1.004 0.98 0.956 0.932 0.909 0.885 0.861 0.838 0.814 0.79 0.785 0.799 0.814 0.828 0.842 0.857 0.871 0.886 0.9 0.914 0.929 0.943 0.958 1.008 1.172 1.335 1.517 2.034 2.551 3.068 3.261 3.436 3.611 3.786 3.961 4.137 4.312 4.487 4.662 4.837 5.012 5.187 5.362 5.625 5.942 6.26 6.577 6.894 7.211 7.529 7.846 8.163 8.48 8.798 9.115 9.432 9.75 9.946 10.132 10.291 10.322 10.354 10.514 10.796 11.079 11.362 11.644 11.927 12.21 12.492 12.775 13.058 13.34 13.623 13.906 14.188 14.403 14.594 14.785 14.976 15.167 15.358 15.549 15.74 15.931 16.122 16.313 16.504 16.695 16.886 16.971 16.979 17.013 17.107 17.2 17.294 17.387 17.48 17.574 17.667 17.761 17.854 17.947 18.041 18.134 18.227 18.321 18.287 18.242 18.211 18.183 18.156 18.128 18.1 18.072 18.044 18.016 17.988 17.96 17.932 17.904 17.876 17.848 17.805 17.714 17.654 17.632
1.024 1.019 1.014 1.018 1.022 1.027 1.031 1.019 0.996 0.972 0.948 0.924 0.901 0.877 0.853 0.83 0.806 0.782 0.758 0.754 0.768 0.783 0.797 0.811 0.826 0.84 0.854 0.869 0.883 0.898 0.912 0.94 1.104 1.267 1.431 1.619 2.136 2.653 3.169 3.635 3.81 3.985 4.16 4.335 4.511 4.686 4.861 5.036 5.211 5.386 5.561 5.737 6.001 6.319 6.636 6.953 7.271 7.588 7.905 8.222 8.54 8.857 9.174 9.491 9.809 10.025 10.211 10.397 10.553 10.584 10.616 10.647 10.858 11.141 11.424 11.706 11.989 12.272 12.554 12.837 13.119 13.402 13.685 13.967 14.25 14.463 14.654 14.845 15.036 15.227 15.418 15.609 15.8 15.991 16.182 16.373 16.564 16.755 16.867 16.875 16.884 16.919 17.013 17.106 17.199 17.293 17.386 17.48 17.573 17.666 17.76 17.853 17.947 18.04 18.133 18.12 18.075 18.029 17.999 17.971 17.943 17.915 17.887 17.859 17.831 17.804 17.776 17.748 17.72 17.692 17.664 17.63 17.539 17.448 17.389 17.367
0.969 0.964 0.959 0.964 0.968 0.973 0.977 0.982 0.964 0.94 0.916 0.893 0.869 0.845 0.822 0.798 0.774 0.75 0.727 0.723 0.737 0.751 0.766 0.78 0.795 0.809 0.823 0.838 0.852 0.866 0.881 1.036 1.2 1.363 1.527 1.721 2.237 2.754 3.271 3.788 4.184 4.359 4.534 4.709 4.885 5.06 5.235 5.41 5.585 5.76 5.935 6.111 6.378 6.695 7.012 7.33 7.647 7.964 8.281 8.599 8.916 9.233 9.551 9.868 10.103 10.289 10.475 10.661 10.815 10.846 10.877 10.909 10.94 11.203 11.485 11.768 12.051 12.333 12.616 12.899 13.181 13.464 13.747 14.029 14.312 14.524 14.715 14.906 15.097 15.288 15.479 15.67 15.861 16.052 16.243 16.434 16.625 16.763 16.771 16.78 16.788 16.825 16.919 17.012 17.105 17.199 17.292 17.385 17.479 17.572 17.666 17.759 17.852 17.946 17.953 17.907 17.862 17.816 17.787 17.759 17.731 17.703 17.675 17.647 17.619 17.591 17.563 17.535 17.507 17.479 17.452 17.364 17.273 17.182 17.124 17.102
0.915 0.91 0.905 0.909 0.914 0.918 0.923 0.927 0.932 0.908 0.885 0.861 0.837 0.813 0.79 0.766 0.742 0.719 0.695 0.692 0.706 0.72 0.735 0.749 0.763 0.778 0.792 0.807 0.821 0.835 0.968 1.132 1.296 1.459 1.623 1.822 2.339 2.856 3.373 3.89 4.406 4.733 4.908 5.084 5.259 5.434 5.609 5.784 5.959 6.134 6.309 6.485 6.754 7.071 7.389 7.706 8.023 8.341 8.658 8.975 9.292 9.61 9.927 10.182 10.368 10.554 10.74 10.926 11.077 11.108 11.139 11.171 11.202 11.264 11.547 11.83 12.112 12.395 12.678 12.96 13.243 13.526 13.808 14.091 14.374 14.584 14.775 14.966 15.157 15.348 15.539 15.73 15.921 16.112 16.303 16.494 16.659 16.667 16.676 16.684 16.693 16.731 16.824 16.918 17.011 17.105 17.198 17.291 17.385 17.478 17.572 17.665 17.758 17.786 17.74 17.695 17.649 17.604 17.574 17.546 17.518 17.491 17.463 17.435 17.407 17.379 17.351 17.323 17.295 17.267 17.189 17.098 17.007 16.916 16.859 16.838
0.86 0.855 0.851 0.855 0.859 0.864 0.868 0.873 0.878 0.877 0.853 0.829 0.805 0.782 0.758 0.734 0.711 0.687 0.663 0.66 0.675 0.689 0.703 0.718 0.732 0.747 0.761 0.775 0.79 0.901 1.064 1.228 1.392 1.555 1.719 1.924 2.441 2.958 3.474 3.991 4.508 5.025 5.282 5.458 5.633 5.808 5.983 6.158 6.333 6.508 6.684 6.859 7.131 7.448 7.765 8.082 8.4 8.717 9.034 9.351 9.669 9.986 10.26 10.446 10.632 10.818 11.004 11.19 11.339 11.37 11.401 11.433 11.464 11.495 11.609 11.892 12.174 12.457 12.739 13.022 13.305 13.587 13.87 14.153 14.435 14.644 14.835 15.026 15.217 15.408 15.599 15.79 15.981 16.172 16.363 16.554 16.564 16.572 16.58 16.589 16.597 16.637 16.73 16.824 16.917 17.01 17.104 17.197 17.291 17.384 17.477 17.571 17.619 17.573 17.528 17.482 17.437 17.391 17.362 17.334 17.306 17.278 17.25 17.222 17.194 17.166 17.139 17.111 17.083 17.014 16.923 16.832 16.741 16.65 16.594 16.573
0.806 0.801 0.796 0.801 0.805 0.81 0.814 0.819 0.823 0.828 0.821 0.797 0.774 0.75 0.726 0.702 0.679 0.655 0.631 0.629 0.644 0.658 0.672 0.687 0.701 0.715 0.73 0.744 0.833 0.997 1.16 1.324 1.488 1.651 1.815 2.026 2.543 3.059 3.576 4.093 4.61 5.126 5.643 5.832 6.007 6.182 6.357 6.532 6.707 6.882 7.058 7.233 7.507 7.824 8.142 8.459 8.776 9.093 9.411 9.728 10.045 10.339 10.525 10.711 10.897 11.083 11.269 11.455 11.601 11.632 11.663 11.695 11.726 11.757 11.789 11.953 12.236 12.519 12.801 13.084 13.367 13.649 13.932 14.215 14.497 14.704 14.895 15.086 15.277 15.468 15.659 15.85 16.041 16.232 16.423 16.46 16.468 16.476 16.485 16.493 16.501 16.543 16.636 16.73 16.823 16.916 17.01 17.103 17.196 17.29 17.383 17.452 17.406 17.361 17.315 17.269 17.224 17.178 17.15 17.122 17.094 17.066 17.038 17.01 16.982 16.954 16.926 16.898 16.838 16.747 16.656 16.566 16.475 16.384 16.329 16.308
0.752 0.747 0.742 0.746 0.751 0.755 0.76 0.764 0.769 0.773 0.778 0.766 0.742 0.718 0.694 0.671 0.647 0.623 0.6 0.598 0.612 0.627 0.641 0.656 0.67 0.684 0.699 0.765 0.929 1.093 1.256 1.42 1.584 1.747 1.911 2.127 2.644 3.161 3.678 4.195 4.711 5.228 5.745 6.206 6.381 6.556 6.731 6.906 7.081 7.256 7.432 7.607 7.883 8.201 8.518 8.835 9.152 9.47 9.787 10.104 10.417 10.603 10.789 10.975 11.161 11.347 11.533 11.719 11.862 11.894 11.925 11.957 11.988 12.019 12.051 12.082 12.298 12.58 12.863 13.146 13.428 13.711 13.994 14.276 14.559 14.764 14.955 15.146 15.337 15.529 15.72 15.911 16.102 16.293 16.356 16.364 16.372 16.381 16.389 16.397 16.406 16.449 16.542 16.635 16.729 16.822 16.916 17.009 17.102 17.196 17.285 17.239 17.193 17.148 17.102 17.057 17.011 16.966 16.937 16.909 16.881 16.853 16.826 16.798 16.77 16.742 16.714 16.663 16.572 16.481 16.39 16.299 16.209 16.118 16.064 16.043
0.697 0.692 0.688 0.692 0.697 0.701 0.706 0.71 0.715 0.719 0.724 0.728 0.71 0.686 0.663 0.639 0.615 0.592 0.568 0.567 0.581 0.596 0.61 0.624 0.639 0.653 0.698 0.861 1.025 1.189 1.352 1.516 1.68 1.843 2.007 2.229 2.746 3.263 3.78 4.296 4.813 5.33 5.847 6.363 6.755 6.93 7.105 7.28 7.455 7.631 7.806 7.981 8.26 8.577 8.894 9.212 9.529 9.846 10.163 10.481 10.682 10.868 11.054 11.24 11.426 11.612 11.798 11.984 12.124 12.156 12.187 12.218 12.25 12.281 12.313 12.344 12.375 12.642 12.925 13.207 13.49 13.773 14.055 14.338 14.621 14.825 15.016 15.207 15.398 15.589 15.78 15.971 16.162 16.252 16.26 16.268 16.277 16.285 16.294 16.302 16.31 16.355 16.448 16.541 16.635 16.728 16.821 16.915 17.008 17.102 17.072 17.026 16.981 16.935 16.89 16.844 16.799 16.753 16.725 16.697 16.669 16.641 16.613 16.585 16.557 16.529 16.488 16.397 16.306 16.215 16.124 16.033 15.942 15.851 15.799 15.778
0.643 0.638 0.633 0.638 0.642 0.647 0.651 0.656 0.66 0.665 0.669 0.674 0.678 0.655 0.631 0.607 0.583 0.56 0.536 0.536 0.55 0.564 0.579 0.593 0.608 0.63 0.794 0.957 1.121 1.285 1.448 1.612 1.776 1.939 2.103 2.331 2.848 3.364 3.881 4.398 4.915 5.432 5.948 6.465 6.982 7.304 7.479 7.654 7.829 8.005 8.18 8.355 8.636 8.953 9.271 9.588 9.905 10.222 10.54 10.76 10.946 11.132 11.318 11.504 11.69 11.876 12.062 12.248 12.386 12.418 12.449 12.48 12.512 12.543 12.575 12.606 12.637 12.704 12.987 13.269 13.552 13.834 14.117 14.4 14.682 14.885 15.076 15.267 15.458 15.649 15.84 16.031 16.148 16.156 16.165 16.173 16.181 16.19 16.198 16.206 16.215 16.26 16.354 16.447 16.541 16.634 16.727 16.821 16.914 16.905 16.859 16.814 16.768 16.723 16.677 16.631 16.586 16.54 16.512 16.485 16.457 16.429 16.401 16.373 16.345 16.313 16.222 16.131 16.04 15.949 15.858 15.767 15.676 15.585 15.534 15.513
0.588 0.583 0.579 0.584 0.588 0.593 0.597 0.602 0.606 0.611 0.615 0.62 0.624 0.623 0.599 0.575 0.552 0.528 0.504 0.505 0.519 0.533 0.548 0.562 0.576 0.726 0.89 1.053 1.217 1.381 1.544 1.708 1.871 2.035 2.199 2.433 2.949 3.466 3.983 4.5 5.016 5.533 6.05 6.567 7.084 7.6 7.853 8.028 8.203 8.379 8.554 8.729 9.013 9.33 9.647 9.964 10.282 10.599 10.839 11.025 11.211 11.397 11.583 11.769 11.955 12.141 12.327 12.513 12.648 12.68 12.711 12.742 12.774 12.805 12.836 12.868 12.899 12.931 13.048 13.331 13.614 13.896 14.179 14.462 14.744 14.945 15.136 15.327 15.518 15.709 15.9 16.044 16.052 16.061 16.069 16.077 16.086 16.094 16.102 16.111 16.119 16.166 16.26 16.353 16.446 16.54 16.633 16.727 16.738 16.692 16.647 16.601 16.555 16.51 16.464 16.419 16.373 16.328 16.3 16.272 16.244 16.216 16.188 16.16 16.133 16.047 15.956 15.865 15.774 15.683 15.592 15.501 15.41 15.319 15.269 15.248
0.534 0.529 0.525 0.529 0.534 0.538 0.543 0.547 0.552 0.556 0.561 0.565 0.57 0.574 0.567 0.544 0.52 0.496 0.473 0.473 0.488 0.502 0.517 0.531 0.658 0.822 0.986 1.149 1.313 1.477 1.64 1.804 1.967 2.131 2.295 2.534 3.051 3.568 4.085 4.601 5.118 5.635 6.152 6.669 7.185 7.702 8.219 8.402 8.578 8.753 8.928 9.103 9.389 9.706 10.023 10.341 10.658 10.917 11.103 11.289 11.475 11.661 11.847 12.033 12.219 12.405 12.591 12.777 12.91 12.942 12.973 13.004 13.036 13.067 13.098 13.13 13.161 13.192 13.224 13.393 13.675 13.958 14.241 14.523 14.806 15.005 15.196 15.387 15.578 15.769 15.94 15.948 15.957 15.965 15.973 15.982 15.99 15.998 16.007 16.015 16.024 16.072 16.166 16.259 16.352 16.446 16.539 16.571 16.525 16.479 16.434 16.388 16.343 16.297 16.252 16.206 16.161 16.116 16.088 16.06 16.032 16.004 15.976 15.948 15.871 15.78 15.689 15.599 15.508 15.417 15.326 15.235 15.144 15.053 15.004 14.983
0.479 0.474 0.47 0.475 0.479 0.484 0.488 0.493 0.498 0.502 0.507 0.511 0.516 0.52 0.525 0.512 0.488 0.464 0.441 0.442 0.457 0.471 0.485 0.591 0.754 0.918 1.082 1.245 1.409 1.572 1.736 1.9 2.063 2.227 2.391 2.636 3.153 3.67 4.186 4.703 5.22 5.737 6.253 6.77 7.287 7.804 8.321 8.776 8.952 9.127 9.302 9.477 9.765 10.083 10.4 10.717 10.996 11.182 11.368 11.554 11.74 11.926 12.112 12.298 12.484 12.67 12.856 13.042 13.172 13.203 13.235 13.266 13.298 13.329 13.36 13.392 13.423 13.454 13.486 13.517 13.737 14.02 14.302 14.585 14.868 15.066 15.257 15.448 15.639 15.83 15.844 15.853 15.861 15.869 15.878 15.886 15.895 15.903 15.911 15.92 15.928 15.978 16.071 16.165 16.258 16.352 16.404 16.358 16.312 16.267 16.221 16.176 16.13 16.085 16.039 15.993 15.948 15.903 15.875 15.847 15.82 15.792 15.764 15.696 15.605 15.514 15.423 15.332 15.241 15.151 15.06 14.969 14.878 14.787 14.739 14.718
0.425 0.42 0.416 0.421 0.425 0.43 0.434 0.439 0.443 0.448 0.452 0.457 0.461 0.466 0.47 0.475 0.456 0.433 0.409 0.411 0.426 0.44 0.523 0.687 0.85 1.014 1.177 1.341 1.505 1.668 1.832 1.996 2.159 2.323 2.487 2.738 3.254 3.771 4.288 4.805 5.322 5.838 6.355 6.872 7.389 7.906 8.422 8.939 9.326 9.501 9.676 9.851 10.142 10.459 10.776 11.074 11.26 11.446 11.632 11.818 12.004 12.19 12.376 12.562 12.748 12.934 13.12 13.306 13.434 13.465 13.497 13.528 13.559 13.591 13.622 13.654 13.685 13.716 13.748 13.779 13.81 14.082 14.364 14.647 14.929 15.126 15.317 15.508 15.699 15.74 15.749 15.757 15.766 15.774 15.782 15.791 15.799 15.807 15.816 15.824 15.832 15.884 15.977 16.071 16.164 16.236 16.191 16.145 16.1 16.054 16.009 15.963 15.917 15.872 15.826 15.781 15.735 15.691 15.663 15.635 15.607 15.579 15.521 15.43 15.339 15.248 15.157 15.066 14.975 14.884 14.794 14.703 14.612 14.521 14.474 14.453
0.37 0.366 0.362 0.366 0.371 0.375 0.38 0.384 0.389 0.393 0.398 0.403 0.407 0.412 0.416 0.421 0.425 0.401 0.377 0.38 0.394 0.455 0.619 0.782 0.946 1.11 1.273 1.437 1.601 1.764 1.928 2.092 2.255 2.419 2.583 2.839 3.356 3.873 4.39 4.906 5.423 5.94 6.457 6.974 7.49 8.007 8.524 9.041 9.558 9.875 10.05 10.225 10.518 10.835 11.153 11.339 11.525 11.711 11.897 12.083 12.269 12.455 12.641 12.827 13.013 13.199 13.385 13.571 13.696 13.727 13.759 13.79 13.821 13.853 13.884 13.916 13.947 13.978 14.01 14.041 14.072 14.143 14.426 14.709 14.991 15.186 15.377 15.568 15.636 15.645 15.653 15.662 15.67 15.678 15.687 15.695 15.703 15.712 15.72 15.728 15.737 15.79 15.883 15.977 16.069 16.024 15.978 15.933 15.887 15.841 15.796 15.75 15.705 15.659 15.614 15.568 15.523 15.479 15.451 15.423 15.395 15.346 15.255 15.164 15.073 14.982 14.891 14.8 14.709 14.618 14.527 14.436 14.346 14.255 14.209 14.188
0.316 0.311 0.308 0.312 0.317 0.321 0.326 0.33 0.335 0.339 0.344 0.348 0.353 0.357 0.362 0.366 0.371 0.369 0.345 0.349 0.388 0.551 0.715 0.878 1.042 1.206 1.369 1.533 1.697 1.86 2.024 2.188 2.351 2.515 2.679 2.941 3.458 3.975 4.491 5.008 5.525 6.042 6.559 7.075 7.592 8.109 8.626 9.142 9.659 10.176 10.424 10.599 10.894 11.212 11.417 11.603 11.789 11.975 12.161 12.347 12.533 12.719 12.905 13.091 13.277 13.463 13.649 13.835 13.958 13.989 14.021 14.052 14.083 14.115 14.146 14.177 14.209 14.24 14.272 14.303 14.334 14.366 14.488 14.77 15.053 15.246 15.437 15.533 15.541 15.549 15.558 15.566 15.574 15.583 15.591 15.599 15.608 15.616 15.625 15.633 15.641 15.696 15.789 15.882 15.857 15.811 15.766 15.72 15.674 15.629 15.583 15.538 15.492 15.447 15.401 15.355 15.31 15.266 15.238 15.21 15.17 15.08 14.989 14.898 14.807 14.716 14.625 14.534 14.443 14.352 14.261 14.17 14.079 13.988 13.944 13.923
0.262 0.257 0.253 0.258 0.262 0.267 0.271 0.276 0.28 0.285 0.289 0.294 0.298 0.303 0.307 0.312 0.317 0.321 0.314 0.32 0.483 0.647 0.811 0.974 1.138 1.302 1.465 1.629 1.793 1.956 2.12 2.284 2.447 2.611 2.775 3.043 3.56 4.076 4.593 5.11 5.627 6.143 6.66 7.177 7.694 8.211 8.727 9.244 9.761 10.278 10.795 10.973 11.271 11.496 11.682 11.868 12.054 12.24 12.426 12.612 12.798 12.984 13.17 13.356 13.542 13.728 13.914 14.1 14.22 14.251 14.283 14.314 14.345 14.377 14.408 14.439 14.471 14.502 14.534 14.565 14.596 14.628 14.659 14.832 15.115 15.306 15.429 15.437 15.445 15.454 15.462 15.47 15.479 15.487 15.496 15.504 15.512 15.521 15.529 15.537 15.546 15.601 15.695 15.69 15.644 15.598 15.553 15.507 15.462 15.416 15.371 15.325 15.279 15.234 15.188 15.143 15.097 15.054 15.026 14.995 14.904 14.813 14.722 14.632 14.541 14.45 14.359 14.268 14.177 14.086 13.995 13.904 13.813 13.722 13.68 13.658
0.224 0.219 0.217 0.221 0.225 0.229 0.232 0.236 0.24 0.244 0.248 0.251 0.255 0.259 0.263 0.267 0.27 0.274 0.278 0.398 0.563 0.729 0.895 1.061 1.227 1.392 1.558 1.724 1.889 2.052 2.216 2.38 2.543 2.707 2.87 3.144 3.661 4.178 4.695 5.212 5.728 6.245 6.762 7.279 7.796 8.312 8.829 9.346 9.863 10.379 10.896 11.347 11.574 11.76 11.946 12.132 12.318 12.504 12.69 12.876 13.062 13.248 13.434 13.62 13.806 13.992 14.178 14.364 14.482 14.513 14.544 14.576 14.607 14.639 14.67 14.701 14.733 14.764 14.795 14.827 14.858 14.89 14.921 14.952 15.176 15.325 15.333 15.341 15.35 15.358 15.367 15.375 15.383 15.392 15.4 15.408 15.417 15.425 15.433 15.442 15.45 15.507 15.522 15.477 15.431 15.386 15.34 15.295 15.249 15.203 15.158 15.112 15.067 15.021 14.976 14.93 14.884 14.841 14.814 14.729 14.638 14.547 14.456 14.365 14.274 14.184 14.093 14.002 13.911 13.82 13.729 13.638 13.547 13.456 13.415 13.396
0.209 0.206 0.208 0.211 0.215 0.219 0.223 0.227 0.23 0.234 0.238 0.242 0.246 0.249 0.253 0.257 0.261 0.265 0.267 0.366 0.526 0.692 0.857 1.023 1.189 1.355 1.521 1.686 1.852 2.018 2.184 2.35 2.516 2.681 2.847 3.129 3.648 4.167 4.686 5.205 5.724 6.243 6.762 7.281 7.8 8.319 8.838 9.357 9.876 10.395 10.914 11.374 11.524 11.718 11.913 12.108 12.302 12.497 12.692 12.886 13.081 13.276 13.471 13.665 13.86 14.055 14.249 14.444 14.568 14.608 14.648 14.688 14.728 14.768 14.809 14.849 14.889 14.929 14.969 15.009 15.049 15.09 15.13 15.17 15.203 15.215 15.228 15.241 15.254 15.263 15.271 15.279 15.288 15.296 15.304 15.313 15.321 15.329 15.338 15.346 15.355 15.355 15.31 15.264 15.219 15.173 15.128 15.082 15.036 14.991 14.945 14.9 14.854 14.809 14.763 14.717 14.672 14.629 14.554 14.463 14.372 14.281 14.19 14.099 14.008 13.917 13.826 13.736 13.645 13.554 13.463 13.372 13.281 13.19 13.151 13.143
0.195 0.196 0.198 0.202 0.206 0.209 0.213 0.217 0.221 0.225 0.228 0.232 0.236 0.24 0.244 0.247 0.251 0.254 0.256 0.357 0.488 0.654 0.82 0.986 1.151 1.317 1.483 1.649 1.815 1.98 2.146 2.312 2.478 2.644 2.809 3.097 3.616 4.135 4.654 5.173 5.692 6.211 6.73 7.249 7.768 8.287 8.806 9.325 9.844 10.363 10.845 11.221 11.314 11.456 11.651 11.846 12.04 12.235 12.43 12.625 12.819 13.014 13.209 13.403 13.598 13.793 13.987 14.182 14.303 14.343 14.383 14.424 14.464 14.504 14.544 14.584 14.624 14.665 14.705 14.745 14.785 14.825 14.865 14.906 14.854 14.846 14.859 14.872 14.885 14.898 14.91 14.923 14.936 14.949 14.962 14.975 14.988 15.001 15.014 15.027 15.04 15.075 15.034 14.989 14.945 14.901 14.857 14.813 14.769 14.725 14.68 14.636 14.592 14.548 14.504 14.46 14.415 14.363 14.273 14.182 14.092 14.002 13.911 13.821 13.73 13.64 13.55 13.459 13.369 13.278 13.188 13.098 13.007 12.917 12.94 12.929
0.186 0.187 0.188 0.192 0.196 0.2 0.204 0.207 0.211 0.215 0.219 0.223 0.227 0.23 0.234 0.238 0.241 0.243 0.245 0.348 0.478 0.616 0.782 0.948 1.114 1.28 1.445 1.611 1.777 1.943 2.109 2.274 2.44 2.606 2.772 3.065 3.584 4.103 4.622 5.141 5.66 6.179 6.698 7.217 7.736 8.255 8.774 9.293 9.812 10.315 10.691 11.067 11.155 11.22 11.389 11.584 11.779 11.973 12.168 12.363 12.557 12.752 12.947 13.142 13.336 13.531 13.726 13.92 14.039 14.079 14.119 14.159 14.199 14.24 14.28 14.32 14.36 14.4 14.44 14.48 14.521 14.561 14.601 14.562 14.504 14.492 14.489 14.502 14.515 14.528 14.541 14.554 14.567 14.58 14.593 14.606 14.619 14.632 14.645 14.658 14.671 14.705 14.738 14.693 14.649 14.605 14.561 14.517 14.473 14.429 14.384 14.34 14.296 14.252 14.208 14.164 14.12 14.066 13.976 13.886 13.795 13.705 13.614 13.524 13.434 13.343 13.253 13.162 13.072 12.982 12.891 12.801 12.71 12.762 12.86 12.876
0.176 0.177 0.179 0.183 0.187 0.19 0.194 0.198 0.202 0.206 0.209 0.213 0.217 0.221 0.225 0.228 0.23 0.231 0.233 0.339 0.469 0.599 0.745 0.91 1.076 1.242 1.408 1.574 1.739 1.905 2.071 2.237 2.403 2.568 2.734 3.033 3.552 4.071 4.59 5.109 5.628 6.147 6.666 7.185 7.704 8.223 8.742 9.261 9.78 10.161 10.537 10.913 10.996 11.061 11.127 11.322 11.517 11.712 11.906 12.101 12.296 12.49 12.685 12.88 13.074 13.269 13.464 13.659 13.774 13.815 13.855 13.895 13.935 13.975 14.015 14.055 14.096 14.136 14.176 14.216 14.256 14.296 14.272 14.212 14.155 14.142 14.13 14.132 14.145 14.158 14.171 14.184 14.197 14.21 14.223 14.236 14.249 14.262 14.275 14.288 14.301 14.336 14.384 14.397 14.353 14.309 14.265 14.221 14.177 14.133 14.088 14.044 14.0 13.956 13.912 13.868 13.824 13.77 13.679 13.589 13.498 13.408 13.318 13.227 13.137 13.046 12.956 12.866 12.775 12.685 12.594 12.504 12.529 12.619 12.718 12.819
0.166 0.167 0.169 0.173 0.177 0.181 0.185 0.188 0.192 0.196 0.2 0.204 0.207 0.211 0.215 0.217 0.218 0.22 0.222 0.329 0.46 0.59 0.72 0.873 1.038 1.204 1.37 1.536 1.702 1.868 2.033 2.199 2.365 2.531 2.697 3.001 3.52 4.039 4.558 5.077 5.596 6.115 6.634 7.153 7.672 8.191 8.71 9.229 9.631 10.008 10.384 10.76 10.837 10.903 10.968 11.06 11.255 11.45 11.644 11.839 12.034 12.228 12.423 12.618 12.813 13.007 13.202 13.397 13.51 13.55 13.59 13.63 13.671 13.711 13.751 13.791 13.831 13.871 13.912 13.952 13.992 13.982 13.922 13.861 13.805 13.793 13.78 13.768 13.775 13.788 13.801 13.814 13.827 13.84 13.853 13.866 13.879 13.892 13.905 13.918 13.931 13.967 14.015 14.063 14.057 14.013 13.969 13.925 13.881 13.837 13.792 13.748 13.704 13.66 13.616 13.572 13.528 13.473 13.382 13.292 13.202 13.111 13.021 12.931 12.84 12.75 12.659 12.569 12.479 12.388 12.298 12.296 12.386 12.476 12.575 12.676
0.157 0.158 0.16 0.164 0.167 0.171 0.175 0.179 0.183 0.186 0.19 0.194 0.198 0.202 0.203 0.205 0.207 0.209 0.211 0.32 0.45 0.58 0.711 0.841 1.001 1.167 1.332 1.498 1.664 1.83 1.996 2.161 2.327 2.493 2.659 2.969 3.488 4.007 4.526 5.045 5.564 6.083 6.602 7.121 7.64 8.159 8.678 9.102 9.478 9.854 10.23 10.606 10.678 10.744 10.809 10.874 10.993 11.188 11.383 11.577 11.772 11.967 12.161 12.356 12.551 12.745 12.94 13.135 13.246 13.286 13.326 13.366 13.406 13.446 13.486 13.527 13.567 13.607 13.647 13.687 13.693 13.632 13.572 13.511 13.456 13.443 13.431 13.418 13.406 13.419 13.432 13.445 13.458 13.471 13.484 13.497 13.51 13.523 13.536 13.549 13.562 13.598 13.646 13.694 13.742 13.717 13.673 13.629 13.585 13.541 13.497 13.452 13.408 13.364 13.32 13.276 13.232 13.176 13.086 12.995 12.905 12.815 12.724 12.634 12.543 12.453 12.363 12.272 12.182 12.091 12.063 12.153 12.243 12.333 12.432 12.534
0.147 0.148 0.15 0.154 0.158 0.162 0.165 0.169 0.173 0.177 0.181 0.184 0.188 0.19 0.192 0.194 0.196 0.198 0.199 0.311 0.441 0.571 0.701 0.832 0.963 1.129 1.295 1.461 1.626 1.792 1.958 2.124 2.29 2.455 2.621 2.938 3.457 3.975 4.494 5.013 5.532 6.051 6.57 7.089 7.608 8.127 8.572 8.948 9.324 9.7 10.076 10.452 10.52 10.585 10.65 10.716 10.781 10.926 11.121 11.315 11.51 11.705 11.9 12.094 12.289 12.484 12.678 12.873 12.981 13.021 13.061 13.102 13.142 13.182 13.222 13.262 13.302 13.343 13.383 13.403 13.342 13.282 13.221 13.161 13.106 13.094 13.081 13.069 13.056 13.049 13.062 13.075 13.088 13.101 13.114 13.127 13.14 13.153 13.166 13.179 13.192 13.229 13.277 13.325 13.372 13.42 13.377 13.333 13.289 13.245 13.201 13.156 13.112 13.068 13.024 12.98 12.936 12.879 12.789 12.699 12.608 12.518 12.427 12.337 12.247 12.156 12.066 11.975 11.885 11.831 11.92 12.01 12.1 12.19 12.289 12.391
0.137 0.139 0.141 0.144 0.148 0.152 0.156 0.16 0.163 0.167 0.171 0.175 0.177 0.179 0.181 0.183 0.185 0.186 0.188 0.302 0.432 0.562 0.692 0.822 0.952 1.091 1.257 1.423 1.589 1.755 1.92 2.086 2.252 2.418 2.584 2.906 3.425 3.944 4.463 4.982 5.501 6.019 6.538 7.057 7.576 8.042 8.418 8.794 9.17 9.547 9.923 10.296 10.361 10.426 10.492 10.557 10.622 10.688 10.859 11.054 11.248 11.443 11.638 11.832 12.027 12.222 12.416 12.611 12.717 12.757 12.797 12.837 12.877 12.918 12.958 12.998 13.038 13.078 13.113 13.053 12.992 12.932 12.871 12.811 12.757 12.744 12.732 12.72 12.707 12.695 12.692 12.705 12.718 12.731 12.744 12.757 12.77 12.783 12.796 12.809 12.822 12.86 12.908 12.955 13.003 13.051 13.081 13.037 12.993 12.949 12.905 12.86 12.816 12.772 12.728 12.684 12.64 12.583 12.492 12.402 12.311 12.221 12.131 12.04 11.95 11.859 11.769 11.679 11.598 11.688 11.777 11.867 11.957 12.047 12.146 12.248
0.128 0.129 0.131 0.135 0.139 0.142 0.146 0.15 0.154 0.158 0.161 0.164 0.166 0.168 0.17 0.171 0.173 0.175 0.177 0.293 0.423 0.553 0.683 0.813 0.943 1.073 1.22 1.385 1.551 1.717 1.883 2.049 2.214 2.38 2.546 2.874 3.393 3.912 4.431 4.95 5.469 5.988 6.507 7.026 7.513 7.889 8.265 8.641 9.017 9.393 9.769 10.137 10.202 10.267 10.333 10.398 10.463 10.529 10.597 10.792 10.986 11.181 11.376 11.571 11.765 11.96 12.155 12.349 12.452 12.492 12.533 12.573 12.613 12.653 12.693 12.733 12.774 12.814 12.763 12.702 12.642 12.581 12.521 12.46 12.407 12.395 12.383 12.37 12.358 12.345 12.333 12.335 12.348 12.361 12.374 12.387 12.4 12.413 12.426 12.439 12.452 12.491 12.539 12.586 12.634 12.682 12.73 12.741 12.697 12.653 12.609 12.565 12.52 12.476 12.432 12.388 12.344 12.286 12.195 12.105 12.015 11.924 11.834 11.744 11.653 11.563 11.472 11.382 11.455 11.545 11.634 11.724 11.814 11.904 12.004 12.105
0.118 0.119 0.121 0.125 0.129 0.133 0.137 0.14 0.144 0.148 0.151 0.153 0.155 0.157 0.158 0.16 0.162 0.164 0.166 0.283 0.413 0.544 0.674 0.804 0.934 1.064 1.194 1.348 1.514 1.679 1.845 2.011 2.177 2.343 2.508 2.842 3.361 3.88 4.399 4.918 5.437 5.956 6.475 6.983 7.359 7.735 8.111 8.487 8.863 9.239 9.615 9.978 10.043 10.109 10.174 10.239 10.305 10.37 10.435 10.53 10.725 10.919 11.114 11.309 11.503 11.698 11.893 12.088 12.188 12.228 12.268 12.308 12.349 12.389 12.429 12.469 12.509 12.473 12.413 12.352 12.292 12.231 12.171 12.11 12.058 12.046 12.033 12.021 12.008 11.996 11.983 11.971 11.979 11.992 12.005 12.018 12.031 12.044 12.057 12.07 12.083 12.122 12.169 12.217 12.265 12.313 12.361 12.408 12.401 12.357 12.313 12.269 12.224 12.18 12.136 12.092 12.048 11.989 11.899 11.808 11.718 11.628 11.537 11.447 11.356 11.266 11.176 11.222 11.312 11.402 11.491 11.581 11.671 11.761 11.861 11.962
0.109 0.11 0.112 0.116 0.12 0.123 0.127 0.131 0.135 0.138 0.14 0.142 0.143 0.145 0.147 0.149 0.151 0.153 0.154 0.274 0.404 0.534 0.665 0.795 0.925 1.055 1.185 1.315 1.476 1.642 1.807 1.973 2.139 2.305 2.471 2.81 3.329 3.848 4.367 4.886 5.405 5.924 6.443 6.829 7.205 7.581 7.957 8.333 8.709 9.085 9.462 9.819 9.885 9.95 10.015 10.081 10.146 10.211 10.277 10.342 10.463 10.657 10.852 11.047 11.242 11.436 11.631 11.826 11.924 11.964 12.004 12.044 12.084 12.124 12.164 12.205 12.184 12.123 12.063 12.002 11.941 11.881 11.82 11.76 11.709 11.696 11.684 11.671 11.659 11.646 11.634 11.621 11.609 11.622 11.635 11.648 11.661 11.674 11.687 11.7 11.713 11.752 11.8 11.848 11.896 11.944 11.992 12.039 12.087 12.061 12.017 11.973 11.928 11.884 11.84 11.796 11.752 11.692 11.602 11.512 11.421 11.331 11.24 11.15 11.06 10.969 10.989 11.079 11.169 11.259 11.348 11.438 11.528 11.618 11.718 11.82
0.099 0.1 0.102 0.106 0.11 0.114 0.118 0.121 0.125 0.127 0.129 0.13 0.132 0.134 0.136 0.138 0.139 0.141 0.143 0.265 0.395 0.525 0.655 0.785 0.916 1.046 1.176 1.306 1.438 1.604 1.77 1.936 2.101 2.267 2.433 2.778 3.297 3.816 4.335 4.854 5.373 5.892 6.3 6.676 7.052 7.428 7.804 8.18 8.556 8.932 9.308 9.66 9.726 9.791 9.856 9.922 9.987 10.052 10.118 10.183 10.249 10.396 10.59 10.785 10.98 11.174 11.369 11.564 11.659 11.699 11.739 11.78 11.82 11.86 11.9 11.894 11.833 11.773 11.712 11.652 11.591 11.531 11.47 11.41 11.359 11.347 11.334 11.322 11.309 11.297 11.284 11.272 11.259 11.252 11.265 11.278 11.291 11.304 11.317 11.33 11.343 11.383 11.431 11.479 11.527 11.575 11.622 11.67 11.718 11.765 11.721 11.677 11.633 11.588 11.544 11.5 11.456 11.396 11.305 11.215 11.124 11.034 10.944 10.853 10.763 10.757 10.846 10.936 11.026 11.116 11.205 11.295 11.385 11.475 11.575 11.677
0.089 0.091 0.093 0.097 0.1 0.104 0.108 0.112 0.114 0.116 0.117 0.119 0.121 0.123 0.125 0.126 0.128 0.13 0.132 0.256 0.386 0.516 0.646 0.776 0.906 1.037 1.167 1.297 1.427 1.566 1.732 1.898 2.064 2.23 2.395 2.746 3.265 3.784 4.303 4.822 5.341 5.77 6.146 6.522 6.898 7.274 7.65 8.026 8.402 8.778 9.154 9.502 9.567 9.632 9.698 9.763 9.828 9.894 9.959 10.024 10.09 10.155 10.328 10.523 10.718 10.913 11.107 11.302 11.395 11.435 11.475 11.515 11.555 11.596 11.604 11.544 11.483 11.423 11.362 11.301 11.241 11.18 11.12 11.059 11.01 10.997 10.985 10.972 10.96 10.947 10.935 10.922 10.91 10.897 10.896 10.909 10.922 10.935 10.948 10.961 10.974 11.014 11.062 11.11 11.158 11.205 11.253 11.301 11.349 11.397 11.425 11.381 11.337 11.292 11.248 11.204 11.16 11.099 11.008 10.918 10.828 10.737 10.647 10.557 10.524 10.614 10.703 10.793 10.883 10.973 11.062 11.152 11.242 11.332 11.432 11.534
0.08 0.081 0.083 0.087 0.091 0.095 0.098 0.101 0.102 0.104 0.106 0.108 0.11 0.111 0.113 0.115 0.117 0.119 0.121 0.247 0.377 0.507 0.637 0.767 0.897 1.027 1.157 1.288 1.418 1.548 1.695 1.86 2.026 2.192 2.358 2.714 3.233 3.752 4.271 4.79 5.24 5.616 5.992 6.368 6.744 7.12 7.496 7.872 8.248 8.624 9.001 9.343 9.408 9.474 9.539 9.604 9.67 9.735 9.8 9.866 9.931 9.996 10.067 10.261 10.456 10.651 10.845 11.04 11.13 11.17 11.211 11.251 11.291 11.314 11.254 11.193 11.133 11.072 11.012 10.951 10.891 10.83 10.77 10.709 10.66 10.648 10.635 10.623 10.61 10.598 10.585 10.573 10.56 10.548 10.536 10.539 10.552 10.565 10.578 10.591 10.604 10.645 10.693 10.741 10.789 10.836 10.884 10.932 10.98 11.028 11.075 11.085 11.041 10.996 10.952 10.908 10.864 10.802 10.712 10.621 10.531 10.441 10.35 10.291 10.381 10.471 10.56 10.65 10.74 10.83 10.919 11.009 11.099 11.189 11.29 11.391
0.07 0.071 0.074 0.077 0.081 0.085 0.088 0.089 0.091 0.093 0.095 0.097 0.098 0.1 0.102 0.104 0.106 0.107 0.109 0.237 0.367 0.498 0.628 0.758 0.888 1.018 1.148 1.278 1.409 1.539 1.669 1.823 1.989 2.154 2.32 2.682 3.201 3.72 4.239 4.711 5.087 5.463 5.839 6.215 6.591 6.967 7.343 7.719 8.095 8.471 8.847 9.184 9.249 9.315 9.38 9.445 9.511 9.576 9.641 9.707 9.772 9.838 9.903 10.0 10.194 10.389 10.584 10.778 10.866 10.906 10.946 10.986 11.025 10.964 10.904 10.843 10.783 10.722 10.662 10.601 10.54 10.48 10.419 10.359 10.311 10.298 10.286 10.273 10.261 10.248 10.236 10.224 10.211 10.199 10.186 10.174 10.182 10.195 10.208 10.221 10.234 10.276 10.324 10.372 10.419 10.467 10.515 10.563 10.611 10.659 10.706 10.754 10.745 10.701 10.656 10.612 10.568 10.505 10.415 10.325 10.234 10.144 10.058 10.148 10.238 10.328 10.417 10.507 10.597 10.687 10.776 10.866 10.956 11.045 11.147 11.248
0.061 0.062 0.064 0.068 0.072 0.074 0.076 0.078 0.08 0.082 0.084 0.085 0.087 0.089 0.091 0.093 0.094 0.096 0.098 0.228 0.358 0.488 0.619 0.749 0.879 1.009 1.139 1.269 1.399 1.529 1.66 1.79 1.951 2.117 2.283 2.65 3.169 3.688 4.181 4.557 4.933 5.309 5.685 6.061 6.437 6.813 7.189 7.565 7.941 8.317 8.693 9.025 9.091 9.156 9.221 9.287 9.352 9.417 9.483 9.548 9.613 9.679 9.744 9.809 9.932 10.127 10.322 10.516 10.602 10.642 10.682 10.722 10.675 10.614 10.553 10.493 10.432 10.372 10.311 10.251 10.19 10.13 10.069 10.009 9.961 9.949 9.936 9.924 9.912 9.899 9.887 9.874 9.862 9.849 9.837 9.824 9.812 9.825 9.838 9.851 9.864 9.907 9.955 10.002 10.05 10.098 10.146 10.194 10.242 10.289 10.337 10.385 10.433 10.405 10.36 10.316 10.272 10.209 10.118 10.028 9.937 9.847 9.915 10.005 10.095 10.185 10.274 10.364 10.454 10.544 10.633 10.723 10.813 10.902 11.004 11.106
0.051 0.052 0.054 0.058 0.061 0.063 0.065 0.067 0.069 0.07 0.072 0.074 0.076 0.078 0.079 0.081 0.083 0.085 0.089 0.219 0.349 0.479 0.609 0.739 0.87 1.0 1.13 1.26 1.39 1.52 1.65 1.781 1.913 2.079 2.245 2.619 3.138 3.651 4.027 4.403 4.779 5.155 5.531 5.907 6.283 6.659 7.035 7.411 7.787 8.163 8.539 8.867 8.932 8.997 9.063 9.128 9.193 9.259 9.324 9.389 9.455 9.52 9.585 9.651 9.716 9.865 10.06 10.255 10.337 10.377 10.417 10.385 10.324 10.264 10.203 10.143 10.082 10.022 9.961 9.9 9.84 9.779 9.719 9.658 9.612 9.6 9.587 9.575 9.562 9.55 9.537 9.525 9.512 9.5 9.487 9.475 9.462 9.456 9.469 9.482 9.495 9.538 9.586 9.633 9.681 9.729 9.777 9.825 9.872 9.92 9.968 10.016 10.064 10.109 10.064 10.02 9.976 9.912 9.821 9.731 9.641 9.683 9.772 9.862 9.952 10.042 10.131 10.221 10.311 10.4 10.49 10.58 10.67 10.759 10.861 10.963
0.041 0.042 0.045 0.048 0.05 0.052 0.054 0.056 0.057 0.059 0.061 0.063 0.065 0.066 0.068 0.07 0.072 0.074 0.08 0.21 0.34 0.47 0.6 0.73 0.86 0.991 1.121 1.251 1.381 1.511 1.641 1.771 1.901 2.041 2.207 2.587 3.106 3.497 3.874 4.25 4.626 5.002 5.378 5.754 6.13 6.506 6.882 7.258 7.634 8.01 8.386 8.708 8.773 8.838 8.904 8.969 9.034 9.1 9.165 9.231 9.296 9.361 9.427 9.492 9.557 9.623 9.798 9.993 10.073 10.113 10.095 10.035 9.974 9.913 9.853 9.792 9.732 9.671 9.611 9.55 9.49 9.429 9.369 9.308 9.263 9.25 9.238 9.225 9.213 9.2 9.188 9.175 9.163 9.15 9.138 9.125 9.113 9.1 9.099 9.112 9.125 9.169 9.216 9.264 9.312 9.36 9.408 9.456 9.503 9.551 9.599 9.647 9.695 9.742 9.768 9.724 9.68 9.615 9.525 9.434 9.45 9.54 9.629 9.719 9.809 9.899 9.988 10.078 10.168 10.257 10.347 10.437 10.527 10.617 10.718 10.82
0.032 0.033 0.035 0.037 0.039 0.041 0.042 0.044 0.046 0.048 0.05 0.052 0.053 0.055 0.057 0.059 0.061 0.062 0.07 0.2 0.331 0.461 0.591 0.721 0.851 0.981 1.111 1.242 1.372 1.502 1.632 1.762 1.892 2.022 2.17 2.555 2.968 3.344 3.72 4.096 4.472 4.848 5.224 5.6 5.976 6.352 6.728 7.104 7.48 7.856 8.232 8.549 8.614 8.68 8.745 8.81 8.876 8.941 9.006 9.072 9.137 9.202 9.268 9.333 9.398 9.464 9.536 9.731 9.808 9.805 9.745 9.684 9.624 9.563 9.503 9.442 9.382 9.321 9.261 9.2 9.139 9.079 9.018 8.958 8.913 8.901 8.888 8.876 8.863 8.851 8.838 8.826 8.813 8.801 8.788 8.776 8.763 8.751 8.738 8.742 8.755 8.799 8.847 8.895 8.943 8.991 9.039 9.086 9.134 9.182 9.23 9.278 9.325 9.373 9.421 9.428 9.384 9.318 9.228 9.217 9.307 9.397 9.486 9.576 9.666 9.755 9.845 9.935 10.025 10.114 10.204 10.294 10.384 10.474 10.576 10.677
0.026 0.028 0.029 0.03 0.032 0.034 0.035 0.037 0.039 0.04 0.042 0.044 0.045 0.047 0.049 0.05 0.052 0.053 0.065 0.193 0.323 0.453 0.583 0.713 0.843 0.973 1.103 1.233 1.363 1.493 1.623 1.753 1.883 2.013 2.143 2.438 2.814 3.19 3.566 3.942 4.318 4.694 5.07 5.446 5.822 6.198 6.574 6.95 7.326 7.702 8.078 8.39 8.456 8.521 8.586 8.652 8.717 8.782 8.848 8.913 8.978 9.044 9.109 9.174 9.24 9.305 9.37 9.469 9.516 9.455 9.395 9.334 9.274 9.213 9.152 9.092 9.031 8.971 8.91 8.85 8.789 8.729 8.668 8.608 8.564 8.551 8.539 8.526 8.514 8.501 8.489 8.476 8.464 8.451 8.439 8.426 8.414 8.401 8.389 8.376 8.386 8.43 8.478 8.526 8.574 8.622 8.669 8.717 8.765 8.813 8.861 8.909 8.956 9.004 9.052 9.1 9.088 9.022 8.984 9.074 9.164 9.254 9.343 9.433 9.523 9.612 9.702 9.792 9.882 9.971 10.061 10.151 10.241 10.331 10.433 10.534
0.026 0.027 0.028 0.03 0.031 0.033 0.035 0.036 0.038 0.04 0.041 0.043 0.044 0.046 0.048 0.049 0.051 0.054 0.08 0.195 0.325 0.455 0.585 0.714 0.844 0.974 1.104 1.234 1.364 1.494 1.624 1.754 1.884 2.014 2.144 2.433 2.807 3.18 3.554 3.927 4.3 4.674 5.047 5.421 5.794 6.168 6.541 6.914 7.288 7.661 8.035 8.276 8.398 8.461 8.523 8.586 8.649 8.712 8.775 8.837 8.9 8.963 9.026 9.089 9.152 9.214 9.277 9.34 9.3 9.234 9.168 9.102 9.035 8.969 8.903 8.837 8.77 8.704 8.638 8.571 8.505 8.439 8.373 8.306 8.29 8.267 8.245 8.222 8.199 8.177 8.154 8.132 8.114 8.102 8.089 8.077 8.064 8.052 8.04 8.027 8.016 8.061 8.109 8.157 8.205 8.253 8.3 8.348 8.396 8.444 8.492 8.539 8.587 8.635 8.683 8.731 8.778 8.752 8.841 8.931 9.021 9.11 9.2 9.29 9.38 9.469 9.559 9.649 9.739 9.828 9.918 10.008 10.098 10.188 10.29 10.392
0.025 0.026 0.027 0.029 0.031 0.032 0.034 0.035 0.037 0.039 0.04 0.042 0.044 0.045 0.047 0.049 0.05 0.068 0.096 0.208 0.326 0.456 0.586 0.716 0.846 0.976 1.106 1.236 1.366 1.496 1.626 1.756 1.886 2.015 2.145 2.439 2.812 3.185 3.559 3.932 4.306 4.679 5.053 5.426 5.799 6.173 6.546 6.92 7.293 7.666 7.923 8.126 8.37 8.455 8.518 8.581 8.644 8.707 8.769 8.832 8.895 8.958 9.021 9.084 9.146 9.209 9.272 9.335 9.293 9.227 9.161 9.094 9.028 8.962 8.895 8.829 8.763 8.697 8.63 8.564 8.498 8.432 8.365 8.398 8.538 8.516 8.493 8.47 8.448 8.425 8.403 8.38 8.358 8.335 8.312 8.29 8.267 8.245 8.222 8.199 8.323 8.366 8.4 8.434 8.468 8.502 8.536 8.57 8.605 8.639 8.673 8.707 8.741 8.775 8.809 8.843 8.877 8.799 8.883 8.967 9.051 9.135 9.219 9.303 9.387 9.471 9.555 9.639 9.722 9.806 9.89 9.974 10.058 10.143 10.239 10.335
0.024 0.025 0.026 0.028 0.03 0.031 0.033 0.035 0.036 0.038 0.04 0.041 0.043 0.044 0.046 0.048 0.063 0.082 0.111 0.223 0.336 0.457 0.587 0.717 0.847 0.977 1.107 1.237 1.367 1.497 1.627 1.757 1.887 2.017 2.147 2.444 2.817 3.191 3.564 3.937 4.311 4.684 5.058 5.431 5.805 6.178 6.551 6.925 7.298 7.582 7.772 7.976 8.22 8.45 8.513 8.576 8.639 8.701 8.764 8.827 8.89 8.953 9.016 9.078 9.141 9.204 9.267 9.33 9.286 9.219 9.153 9.087 9.021 8.954 8.888 8.822 8.756 8.689 8.623 8.557 8.491 8.424 8.412 8.651 8.787 8.764 8.741 8.719 8.696 8.674 8.651 8.629 8.606 8.583 8.561 8.538 8.516 8.493 8.471 8.562 8.76 8.8 8.834 8.868 8.902 8.936 8.97 9.004 9.038 9.073 9.107 9.141 9.175 9.209 9.243 9.277 9.255 9.163 9.077 9.161 9.245 9.329 9.413 9.497 9.581 9.665 9.749 9.833 9.917 10.0 10.084 10.168 10.252 10.337 10.433 10.529
0.023 0.024 0.026 0.027 0.029 0.031 0.032 0.034 0.035 0.037 0.039 0.04 0.042 0.044 0.045 0.058 0.077 0.095 0.126 0.238 0.351 0.464 0.588 0.718 0.848 0.978 1.108 1.238 1.368 1.498 1.628 1.758 1.888 2.018 2.148 2.449 2.822 3.196 3.569 3.943 4.316 4.69 5.063 5.436 5.81 6.183 6.557 6.93 7.24 7.431 7.621 7.827 8.071 8.315 8.508 8.571 8.634 8.696 8.759 8.822 8.885 8.948 9.01 9.073 9.136 9.199 9.262 9.324 9.278 9.212 9.146 9.08 9.013 8.947 8.881 8.815 8.748 8.682 8.616 8.549 8.483 8.426 8.665 8.904 9.035 9.012 8.99 8.967 8.945 8.922 8.9 8.877 8.854 8.832 8.809 8.787 8.764 8.742 8.8 8.998 9.196 9.233 9.268 9.302 9.336 9.37 9.404 9.438 9.472 9.506 9.54 9.575 9.609 9.643 9.677 9.664 9.633 9.538 9.394 9.355 9.439 9.523 9.607 9.691 9.775 9.859 9.943 10.027 10.111 10.195 10.279 10.362 10.446 10.532 10.628 10.723
0.022 0.023 0.025 0.026 0.028 0.03 0.031 0.033 0.035 0.036 0.038 0.04 0.041 0.043 0.053 0.072 0.09 0.109 0.141 0.254 0.366 0.479 0.591 0.72 0.85 0.98 1.11 1.24 1.37 1.5 1.63 1.759 1.889 2.019 2.149 2.454 2.828 3.201 3.575 3.948 4.321 4.695 5.068 5.442 5.815 6.189 6.562 6.899 7.09 7.28 7.471 7.677 7.921 8.165 8.409 8.566 8.628 8.691 8.754 8.817 8.88 8.942 9.005 9.068 9.131 9.194 9.256 9.319 9.271 9.205 9.139 9.072 9.006 8.94 8.873 8.807 8.741 8.675 8.608 8.542 8.476 8.679 8.918 9.157 9.283 9.261 9.238 9.216 9.193 9.171 9.148 9.125 9.103 9.08 9.058 9.035 9.013 9.039 9.237 9.435 9.633 9.667 9.701 9.736 9.77 9.804 9.838 9.872 9.906 9.94 9.974 10.008 10.043 10.077 10.074 10.042 10.01 9.914 9.77 9.625 9.633 9.717 9.801 9.885 9.969 10.053 10.137 10.221 10.305 10.389 10.473 10.557 10.64 10.726 10.822 10.918
0.022 0.023 0.024 0.026 0.027 0.029 0.031 0.032 0.034 0.036 0.037 0.039 0.04 0.048 0.067 0.085 0.104 0.122 0.156 0.269 0.381 0.494 0.607 0.721 0.851 0.981 1.111 1.241 1.371 1.501 1.631 1.761 1.891 2.021 2.151 2.46 2.833 3.206 3.58 3.953 4.327 4.7 5.074 5.447 5.82 6.194 6.558 6.749 6.939 7.13 7.32 7.527 7.771 8.016 8.26 8.504 8.623 8.686 8.749 8.812 8.874 8.937 9.0 9.063 9.126 9.188 9.251 9.314 9.264 9.197 9.131 9.065 8.999 8.932 8.866 8.8 8.734 8.667 8.601 8.535 8.693 8.932 9.171 9.41 9.532 9.509 9.487 9.464 9.442 9.419 9.396 9.374 9.351 9.329 9.306 9.284 9.277 9.475 9.673 9.872 10.067 10.101 10.135 10.169 10.204 10.238 10.272 10.306 10.34 10.374 10.408 10.442 10.476 10.483 10.452 10.42 10.388 10.29 10.145 10.001 9.857 9.911 9.995 10.079 10.163 10.247 10.331 10.415 10.499 10.583 10.667 10.751 10.835 10.92 11.016 11.112
0.021 0.022 0.023 0.025 0.027 0.028 0.03 0.031 0.033 0.035 0.036 0.038 0.043 0.062 0.08 0.099 0.118 0.136 0.171 0.284 0.397 0.509 0.622 0.734 0.852 0.982 1.112 1.242 1.372 1.502 1.632 1.762 1.892 2.022 2.152 2.465 2.838 3.212 3.585 3.959 4.332 4.705 5.079 5.452 5.826 6.199 6.408 6.598 6.789 6.979 7.17 7.378 7.622 7.866 8.11 8.354 8.599 8.681 8.744 8.806 8.869 8.932 8.995 9.058 9.12 9.183 9.246 9.309 9.256 9.19 9.124 9.058 8.991 8.925 8.859 8.792 8.726 8.66 8.594 8.706 8.945 9.184 9.423 9.662 9.78 9.758 9.735 9.713 9.69 9.667 9.645 9.622 9.6 9.577 9.555 9.532 9.714 9.912 10.11 10.308 10.501 10.535 10.569 10.603 10.637 10.671 10.706 10.74 10.774 10.808 10.842 10.876 10.893 10.861 10.829 10.797 10.765 10.665 10.521 10.377 10.232 10.105 10.189 10.273 10.357 10.441 10.525 10.609 10.693 10.777 10.861 10.945 11.029 11.115 11.21 11.306
0.02 0.021 0.022 0.024 0.026 0.027 0.029 0.031 0.032 0.034 0.036 0.038 0.057 0.075 0.094 0.113 0.131 0.15 0.187 0.299 0.412 0.524 0.637 0.749 0.862 0.984 1.114 1.244 1.373 1.503 1.633 1.763 1.893 2.023 2.153 2.47 2.844 3.217 3.59 3.964 4.337 4.711 5.084 5.458 5.831 6.067 6.257 6.448 6.638 6.829 7.019 7.228 7.472 7.716 7.961 8.205 8.449 8.676 8.738 8.801 8.864 8.927 8.99 9.052 9.115 9.178 9.241 9.304 9.249 9.183 9.116 9.05 8.984 8.918 8.851 8.785 8.719 8.653 8.72 8.959 9.198 9.437 9.676 9.915 10.029 10.006 9.984 9.961 9.938 9.916 9.893 9.871 9.848 9.826 9.803 9.952 10.15 10.349 10.547 10.745 10.935 10.969 11.003 11.037 11.071 11.105 11.139 11.174 11.208 11.242 11.276 11.302 11.27 11.239 11.207 11.175 11.143 11.041 10.897 10.752 10.608 10.463 10.383 10.467 10.551 10.635 10.719 10.803 10.887 10.971 11.055 11.139 11.223 11.309 11.405 11.5
0.019 0.02 0.022 0.023 0.025 0.027 0.028 0.03 0.031 0.033 0.035 0.052 0.07 0.089 0.108 0.126 0.145 0.163 0.202 0.314 0.427 0.539 0.652 0.765 0.877 0.99 1.115 1.245 1.375 1.505 1.635 1.765 1.895 2.025 2.155 2.475 2.849 3.222 3.596 3.969 4.343 4.716 5.089 5.463 5.726 5.916 6.107 6.297 6.488 6.678 6.869 7.078 7.323 7.567 7.811 8.055 8.299 8.543 8.733 8.796 8.859 8.922 8.984 9.047 9.11 9.173 9.236 9.298 9.242 9.175 9.109 9.043 8.977 8.91 8.844 8.778 8.712 8.734 8.973 9.212 9.451 9.69 9.929 10.168 10.277 10.255 10.232 10.209 10.187 10.164 10.142 10.119 10.097 10.074 10.191 10.389 10.587 10.785 10.983 11.181 11.369 11.403 11.437 11.471 11.505 11.539 11.573 11.607 11.642 11.676 11.71 11.68 11.648 11.616 11.584 11.552 11.521 11.417 11.272 11.128 10.984 10.839 10.695 10.662 10.745 10.829 10.913 10.997 11.081 11.165 11.249 11.333 11.417 11.503 11.599 11.695
0.018 0.019 0.021 0.022 0.024 0.026 0.027 0.029 0.031 0.032 0.047 0.065 0.084 0.103 0.121 0.14 0.158 0.177 0.217 0.329 0.442 0.555 0.667 0.78 0.892 1.005 1.118 1.246 1.376 1.506 1.636 1.766 1.896 2.026 2.156 2.481 2.854 3.228 3.601 3.974 4.348 4.721 5.095 5.385 5.575 5.766 5.956 6.147 6.337 6.528 6.718 6.929 7.173 7.417 7.661 7.905 8.15 8.394 8.638 8.791 8.854 8.916 8.979 9.042 9.105 9.168 9.23 9.293 9.234 9.168 9.102 9.036 8.969 8.903 8.837 8.77 8.748 8.987 9.226 9.465 9.704 9.943 10.182 10.421 10.526 10.503 10.481 10.458 10.435 10.413 10.39 10.368 10.345 10.429 10.627 10.826 11.024 11.222 11.42 11.618 11.803 11.837 11.871 11.905 11.939 11.973 12.007 12.041 12.075 12.11 12.089 12.057 12.026 11.994 11.962 11.93 11.898 11.792 11.648 11.504 11.359 11.215 11.07 10.926 10.94 11.023 11.107 11.191 11.275 11.359 11.443 11.527 11.611 11.698 11.793 11.889
0.018 0.019 0.02 0.022 0.023 0.025 0.027 0.028 0.03 0.042 0.06 0.079 0.098 0.116 0.135 0.153 0.172 0.191 0.232 0.345 0.457 0.57 0.682 0.795 0.908 1.02 1.133 1.247 1.377 1.507 1.637 1.767 1.897 2.027 2.157 2.486 2.859 3.233 3.606 3.98 4.353 4.726 5.044 5.234 5.425 5.615 5.806 5.996 6.187 6.377 6.568 6.779 7.023 7.267 7.512 7.756 8.0 8.244 8.488 8.732 8.848 8.911 8.974 9.037 9.1 9.162 9.225 9.288 9.227 9.161 9.094 9.028 8.962 8.896 8.829 8.763 9.001 9.24 9.479 9.718 9.957 10.196 10.435 10.674 10.774 10.752 10.729 10.706 10.684 10.661 10.639 10.616 10.668 10.866 11.064 11.262 11.46 11.658 11.857 12.055 12.236 12.27 12.305 12.339 12.373 12.407 12.441 12.475 12.509 12.499 12.467 12.435 12.403 12.371 12.34 12.308 12.276 12.168 12.024 11.879 11.735 11.59 11.446 11.302 11.157 11.218 11.301 11.385 11.469 11.553 11.637 11.721 11.805 11.892 11.988 12.083
0.017 0.018 0.019 0.021 0.023 0.024 0.026 0.027 0.037 0.055 0.074 0.093 0.111 0.13 0.149 0.167 0.186 0.204 0.247 0.36 0.472 0.585 0.698 0.81 0.923 1.035 1.148 1.26 1.379 1.509 1.639 1.769 1.899 2.029 2.159 2.491 2.865 3.238 3.611 3.985 4.358 4.703 4.893 5.084 5.274 5.465 5.655 5.846 6.036 6.227 6.417 6.629 6.874 7.118 7.362 7.606 7.85 8.094 8.339 8.583 8.827 8.906 8.969 9.032 9.094 9.157 9.22 9.283 9.22 9.153 9.087 9.021 8.955 8.888 8.822 9.015 9.254 9.493 9.732 9.971 10.21 10.449 10.688 10.927 11.023 11.0 10.977 10.955 10.932 10.91 10.887 10.906 11.104 11.303 11.501 11.699 11.897 12.095 12.293 12.491 12.67 12.704 12.738 12.773 12.807 12.841 12.875 12.909 12.908 12.876 12.845 12.813 12.781 12.749 12.717 12.685 12.653 12.544 12.399 12.255 12.111 11.966 11.822 11.677 11.533 11.412 11.496 11.58 11.663 11.747 11.831 11.915 11.999 12.086 12.182 12.278
0.016 0.017 0.018 0.02 0.022 0.023 0.025 0.032 0.05 0.069 0.088 0.106 0.125 0.144 0.162 0.181 0.199 0.218 0.262 0.375 0.488 0.6 0.713 0.825 0.938 1.05 1.163 1.276 1.388 1.51 1.64 1.77 1.9 2.03 2.16 2.496 2.87 3.243 3.617 3.99 4.362 4.552 4.743 4.933 5.124 5.314 5.505 5.695 5.886 6.076 6.267 6.48 6.724 6.968 7.212 7.456 7.701 7.945 8.189 8.433 8.677 8.901 8.964 9.026 9.089 9.152 9.215 9.278 9.212 9.146 9.08 9.014 8.947 8.881 9.029 9.268 9.507 9.746 9.985 10.224 10.462 10.701 10.94 11.179 11.271 11.248 11.226 11.203 11.181 11.158 11.145 11.343 11.541 11.739 11.937 12.135 12.334 12.532 12.73 12.928 13.104 13.138 13.172 13.206 13.241 13.275 13.309 13.318 13.286 13.254 13.222 13.19 13.158 13.127 13.095 13.063 13.031 12.919 12.775 12.631 12.486 12.342 12.197 12.053 11.909 11.764 11.69 11.774 11.858 11.941 12.025 12.109 12.193 12.28 12.376 12.472
0.015 0.016 0.018 0.019 0.021 0.023 0.027 0.045 0.064 0.083 0.101 0.12 0.139 0.157 0.176 0.194 0.213 0.232 0.278 0.39 0.503 0.615 0.728 0.84 0.953 1.066 1.178 1.291 1.403 1.516 1.641 1.771 1.901 2.031 2.161 2.502 2.875 3.249 3.622 3.995 4.211 4.402 4.592 4.783 4.973 5.164 5.354 5.545 5.735 5.926 6.116 6.33 6.574 6.818 7.063 7.307 7.551 7.795 8.039 8.283 8.528 8.772 8.958 9.021 9.084 9.147 9.21 9.271 9.205 9.139 9.072 9.006 8.94 9.042 9.281 9.52 9.759 9.998 10.237 10.476 10.715 10.954 11.193 11.432 11.519 11.497 11.474 11.452 11.429 11.407 11.581 11.779 11.978 12.176 12.374 12.572 12.77 12.968 13.167 13.365 13.538 13.572 13.606 13.64 13.674 13.708 13.727 13.695 13.663 13.632 13.6 13.568 13.536 13.504 13.472 13.44 13.409 13.295 13.151 13.006 12.862 12.717 12.573 12.429 12.284 12.14 11.996 11.968 12.052 12.136 12.219 12.303 12.387 12.475 12.571 12.666
0.014 0.015 0.017 0.018 0.02 0.022 0.04 0.059 0.078 0.096 0.115 0.134 0.152 0.171 0.189 0.208 0.227 0.245 0.293 0.405 0.518 0.63 0.743 0.856 0.968 1.081 1.193 1.306 1.418 1.531 1.644 1.773 1.903 2.032 2.162 2.507 2.88 3.254 3.627 3.87 4.061 4.251 4.442 4.632 4.823 5.013 5.204 5.394 5.585 5.775 5.966 6.18 6.425 6.669 6.913 7.157 7.401 7.645 7.89 8.134 8.378 8.622 8.866 9.016 9.079 9.142 9.204 9.264 9.198 9.131 9.065 8.999 9.056 9.295 9.534 9.773 10.012 10.251 10.49 10.729 10.968 11.207 11.446 11.685 11.768 11.745 11.723 11.7 11.678 11.82 12.018 12.216 12.414 12.612 12.811 13.009 13.207 13.405 13.603 13.801 13.972 14.006 14.04 14.074 14.108 14.137 14.105 14.073 14.041 14.009 13.977 13.945 13.914 13.882 13.85 13.818 13.786 13.671 13.526 13.382 13.238 13.093 12.949 12.804 12.66 12.516 12.371 12.227 12.246 12.33 12.414 12.498 12.581 12.669 12.765 12.861
0.014 0.015 0.016 0.018 0.019 0.036 0.054 0.073 0.091 0.11 0.129 0.147 0.166 0.185 0.203 0.222 0.24 0.259 0.308 0.42 0.533 0.646 0.758 0.871 0.983 1.096 1.208 1.321 1.434 1.546 1.659 1.774 1.904 2.034 2.164 2.512 2.886 3.259 3.529 3.72 3.91 4.101 4.291 4.482 4.672 4.863 5.053 5.244 5.434 5.625 5.815 6.031 6.275 6.519 6.763 7.007 7.252 7.496 7.74 7.984 8.228 8.473 8.717 8.961 9.074 9.136 9.199 9.257 9.19 9.124 9.058 9.07 9.309 9.548 9.787 10.026 10.265 10.504 10.743 10.982 11.221 11.46 11.699 11.938 12.016 11.994 11.971 11.949 12.058 12.256 12.455 12.653 12.851 13.049 13.247 13.445 13.644 13.842 14.04 14.238 14.406 14.44 14.474 14.508 14.542 14.514 14.482 14.45 14.419 14.387 14.355 14.323 14.291 14.259 14.228 14.196 14.164 14.046 13.902 13.758 13.613 13.469 13.324 13.18 13.036 12.891 12.747 12.603 12.458 12.524 12.608 12.692 12.776 12.863 12.959 13.055
