    600    136    276
0.0 0.0 0.0 0.0 0.0 0.0 0.0 0.0 0.0 0.0 0.0 0.0 0.0 0.0 0.0 0.0 0.0 0.0 0.0 0.0 0.0 0.0 0.0 0.0 0.0 0.0 0.0 0.0 0.0 0.0 0.0 0.0 0.0 0.0 0.0 0.0 0.0 0.0 0.0 0.0 0.0 0.0 0.0 0.0 0.0 0.0 0.0 0.0 0.0 0.0 0.0 0.0 0.0 0.0 0.0 0.0 0.0 0.0 0.0 0.0 0.0 0.0 0.0 0.0 0.0 0.0 0.0 0.0 0.0 0.0 0.0 0.0 0.0 0.0 0.0 0.0 0.0 0.0 0.0 0.0 0.0 0.0 0.0 0.0 0.0 0.0 0.0 0.0 0.0 0.0 0.0 0.0 0.0 0.0 0.0 0.0 0.0 0.0 0.0 0.0 0.0 0.0 0.0 0.0 0.0 0.0 0.0 0.0 0.0 0.0 0.0 0.0 0.0 0.0 0.0 0.0 0.0 0.0 0.0 0.0 0.0 0.0 0.0 0.0 0.0 0.0 0.0 0.0 0.0 0.0 0.0 0.0 0.0 0.0 0.0 0.0
0.0 0.0 0.0 0.0 0.0 0.0 0.0 0.0 0.0 0.0 0.0 0.0 0.0 0.0 0.0 0.0 0.0 0.0 0.0 0.0 0.0 0.0 0.0 0.0 0.0 0.0 0.0 0.0 0.0 0.0 0.0 0.0 0.0 0.0 0.0 0.0 0.0 0.0 0.0 0.0 0.0 0.0 0.0 0.0 0.0 0.0 0.0 0.0 0.0 0.0 0.0 0.0 0.0 0.0 0.0 0.0 0.0 0.0 0.0 0.0 0.0 0.0 0.0 0.0 0.0 0.0 0.0 0.0 0.0 0.0 0.0 0.0 0.0 0.0 0.0 0.0 0.0 0.0 0.0 0.0 0.0 0.0 0.0 0.0 0.0 0.0 0.0 0.0 0.0 0.0 0.0 0.0 0.0 0.0 0.0 0.0 0.0 0.0 0.0 0.0 0.0 0.0 0.0 0.0 0.0 0.0 0.0 0.0 0.0 0.0 0.0 0.0 0.0 0.0 0.0 0.0 0.0 0.0 0.0 0.0 0.0 0.0 0.0 0.0 0.0 0.0 0.0 0.0 0.0 0.0 0.0 0.0 0.0 0.0 0.0 0.0
0.0 0.0 0.0 0.0 0.0 0.0 0.0 0.0 0.0 0.0 0.0 0.0 0.0 0.0 0.0 0.0 0.0 0.0 0.0 0.0 0.0 0.0 0.0 0.0 0.0 0.0 0.0 0.0 0.0 0.0 0.0 0.0 0.0 0.0 0.0 0.0 0.0 0.0 0.0 0.0 0.0 0.0 0.0 0.0 0.0 0.0 0.0 0.0 0.0 0.0 0.0 0.0 0.0 0.0 0.0 0.0 0.0 0.0 0.0 0.0 0.0 0.0 0.0 0.0 0.0 0.0 0.0 0.0 0.0 0.0 0.0 0.0 0.0 0.0 0.0 0.0 0.0 0.0 0.0 0.0 0.0 0.0 0.0 0.0 0.0 0.0 0.0 0.0 0.0 0.0 0.0 0.0 0.0 0.0 0.0 0.0 0.0 0.0 0.0 0.0 0.0 0.0 0.0 0.0 0.0 0.0 0.0 0.0 0.0 0.0 0.0 0.0 0.0 0.0 0.0 0.0 0.0 0.0 0.0 0.0 0.0 0.0 0.0 0.0 0.0 0.0 0.0 0.0 0.0 0.0 0.0 0.0 0.0 0.0 0.0 0.0
0.0 0.0 0.0 0.0 0.0 0.0 0.0 0.0 0.0 0.0 0.0 0.0 0.0 0.0 0.0 0.0 0.0 0.0 0.0 0.0 0.0 0.0 0.0 0.0 0.0 0.0 0.0 0.0 0.0 0.0 0.0 0.0 0.0 0.0 0.0 0.0 0.0 0.0 0.0 0.0 0.0 0.0 0.0 0.0 0.0 0.0 0.0 0.0 0.0 0.0 0.0 0.0 0.0 0.0 0.0 0.0 0.0 0.0 0.0 0.0 0.0 0.0 0.0 0.0 0.0 0.0 0.0 0.0 0.0 0.0 0.0 0.0 0.0 0.0 0.0 0.0 0.0 0.0 0.0 0.0 0.0 0.0 0.0 0.0 0.0 0.0 0.0 0.0 0.0 0.0 0.0 0.0 0.0 0.0 0.0 0.0 0.0 0.0 0.0 0.0 0.0 0.0 0.0 0.0 0.0 0.0 0.0 0.0 0.0 0.0 0.0 0.0 0.0 0.0 0.0 0.0 0.0 0.0 0.0 0.0 0.0 0.0 0.0 0.0 0.0 0.0 0.0 0.0 0.0 0.0 0.0 0.0 0.0 0.0 0.0 0.0
0.0 0.0 0.0 0.0 0.0 0.0 0.0 0.0 0.0 0.0 0.0 0.0 0.0 0.0 0.0 0.0 0.0 0.0 0.0 0.0 0.0 0.0 0.0 0.0 0.0 0.0 0.0 0.0 0.0 0.0 0.0 0.0 0.0 0.0 0.0 0.0 0.0 0.0 0.0 0.0 0.0 0.0 0.0 0.0 0.0 0.0 0.0 0.0 0.0 0.0 0.0 0.0 0.0 0.0 0.0 0.0 0.0 0.0 0.0 0.0 0.0 0.0 0.0 0.0 0.0 0.0 0.0 0.0 0.0 0.0 0.0 0.0 0.0 0.0 0.0 0.0 0.0 0.0 0.0 0.0 0.0 0.0 0.0 0.0 0.0 0.0 0.0 0.0 0.0 0.0 0.0 0.0 0.0 0.0 0.0 0.0 0.0 0.0 0.0 0.0 0.0 0.0 0.0 0.0 0.0 0.0 0.0 0.0 0.0 0.0 0.0 0.0 0.0 0.0 0.0 0.0 0.0 0.0 0.0 0.0 0.0 0.0 0.0 0.0 0.0 0.0 0.0 0.0 0.0 0.0 0.0 0.0 0.0 0.0 0.0 0.0
0.0 0.0 0.0 0.0 0.0 0.0 0.0 0.0 0.0 0.0 0.0 0.0 0.0 0.0 0.0 0.0 0.0 0.0 0.0 0.0 0.0 0.0 0.0 0.0 0.0 0.0 0.0 0.0 0.0 0.0 0.0 0.0 0.0 0.0 0.0 0.0 0.0 0.0 0.0 0.0 0.0 0.0 0.0 0.0 0.0 0.0 0.0 0.0 0.0 0.0 0.0 0.0 0.0 0.0 0.0 0.0 0.0 0.0 0.0 0.0 0.0 0.0 0.0 0.0 0.0 0.0 0.0 0.0 0.0 0.0 0.0 0.0 0.0 0.0 0.0 0.0 0.0 0.0 0.0 0.0 0.0 0.0 0.0 0.0 0.0 0.0 0.0 0.0 0.0 0.0 0.0 0.0 0.0 0.0 0.0 0.0 0.0 0.0 0.0 0.0 0.0 0.0 0.0 0.0 0.0 0.0 0.0 0.0 0.0 0.0 0.0 0.0 0.0 0.0 0.0 0.0 0.0 0.0 0.0 0.0 0.0 0.0 0.0 0.0 0.0 0.0 0.0 0.0 0.0 0.0 0.0 0.0 0.0 0.0 0.0 0.0
0.0 0.0 0.0 0.0 0.0 0.0 0.0 0.0 0.0 0.0 0.0 0.0 0.0 0.0 0.0 0.0 0.0 0.0 0.0 0.0 0.0 0.0 0.0 0.0 0.0 0.0 0.0 0.0 0.0 0.0 0.0 0.0 0.0 0.0 0.0 0.0 0.0 0.0 0.0 0.0 0.0 0.0 0.0 0.0 0.0 0.0 0.0 0.0 0.0 0.0 0.0 0.0 0.0 0.0 0.0 0.0 0.0 0.0 0.0 0.0 0.0 0.0 0.0 0.0 0.0 0.0 0.0 0.0 0.0 0.0 0.0 0.0 0.0 0.0 0.0 0.0 0.0 0.0 0.0 0.0 0.0 0.0 0.0 0.0 0.0 0.0 0.0 0.0 0.0 0.0 0.0 0.0 0.0 0.0 0.0 0.0 0.0 0.0 0.0 0.0 0.0 0.0 0.0 0.0 0.0 0.0 0.0 0.0 0.0 0.0 0.0 0.0 0.0 0.0 0.0 0.0 0.0 0.0 0.0 0.0 0.0 0.0 0.0 0.0 0.0 0.0 0.0 0.0 0.0 0.0 0.0 0.0 0.0 0.0 0.0 0.0
0.0 0.0 0.0 0.0 0.0 0.0 0.0 0.0 0.0 0.0 0.0 0.0 0.0 0.0 0.0 0.0 0.0 0.0 0.0 0.0 0.0 0.0 0.0 0.0 0.0 0.0 0.0 0.0 0.0 0.0 0.0 0.0 0.0 0.0 0.0 0.0 0.0 0.0 0.0 0.0 0.0 0.0 0.0 0.0 0.0 0.0 0.0 0.0 0.0 0.0 0.0 0.0 0.0 0.0 0.0 0.0 0.0 0.0 0.0 0.0 0.0 0.0 0.0 0.0 0.0 0.0 0.0 0.0 0.0 0.0 0.0 0.0 0.0 0.0 0.0 0.0 0.0 0.0 0.0 0.0 0.0 0.0 0.0 0.0 0.0 0.0 0.0 0.0 0.0 0.0 0.0 0.0 0.0 0.0 0.0 0.0 0.0 0.0 0.0 0.0 0.0 0.0 0.0 0.0 0.0 0.0 0.0 0.0 0.0 0.0 0.0 0.0 0.0 0.0 0.0 0.0 0.0 0.0 0.0 0.0 0.0 0.0 0.0 0.0 0.0 0.0 0.0 0.0 0.0 0.0 0.0 0.0 0.0 0.0 0.0 0.0
0.0 0.0 0.0 0.0 0.0 0.0 0.0 0.0 0.0 0.0 0.0 0.0 0.0 0.0 0.0 0.0 0.0 0.0 0.0 0.0 0.0 0.0 0.0 0.0 0.0 0.0 0.0 0.0 0.0 0.0 0.0 0.0 0.0 0.0 0.0 0.0 0.0 0.0 0.0 0.0 0.0 0.0 0.0 0.0 0.0 0.0 0.0 0.0 0.0 0.0 0.0 0.0 0.0 0.0 0.0 0.0 0.0 0.0 0.0 0.0 0.0 0.0 0.0 0.0 0.0 0.0 0.0 0.0 0.0 0.0 0.0 0.0 0.0 0.0 0.0 0.0 0.0 0.0 0.0 0.0 0.0 0.0 0.0 0.0 0.0 0.0 0.0 0.0 0.0 0.0 0.0 0.0 0.0 0.0 0.0 0.0 0.0 0.0 0.0 0.0 0.0 0.0 0.0 0.0 0.0 0.0 0.0 0.0 0.0 0.0 0.0 0.0 0.0 0.0 0.0 0.0 0.0 0.0 0.0 0.0 0.0 0.0 0.0 0.0 0.0 0.0 0.0 0.0 0.0 0.0 0.0 0.0 0.0 0.0 0.0 0.0
0.0 0.0 0.0 0.0 0.0 0.0 0.0 0.0 0.0 0.0 0.0 0.0 0.0 0.0 0.0 0.0 0.0 0.0 0.0 0.0 0.0 0.0 0.0 0.0 0.0 0.0 0.0 0.0 0.0 0.0 0.0 0.0 0.0 0.0 0.0 0.0 0.0 0.0 0.0 0.0 0.0 0.0 0.0 0.0 0.0 0.0 0.0 0.0 0.0 0.0 0.0 0.0 0.0 0.0 0.0 0.0 0.0 0.0 0.0 0.0 0.0 0.0 0.0 0.0 0.0 0.0 0.0 0.0 0.0 0.0 0.0 0.0 0.0 0.0 0.0 0.0 0.0 0.0 0.0 0.0 0.0 0.0 0.0 0.0 0.0 0.0 0.0 0.0 0.0 0.0 0.0 0.0 0.0 0.0 0.0 0.0 0.0 0.0 0.0 0.0 0.0 0.0 0.0 0.0 0.0 0.0 0.0 0.0 0.0 0.0 0.0 0.0 0.0 0.0 0.0 0.0 0.0 0.0 0.0 0.0 0.0 0.0 0.0 0.0 0.0 0.0 0.0 0.0 0.0 0.0 0.0 0.0 0.0 0.0 0.0 0.0
0.0 0.0 0.0 0.0 0.0 0.0 0.0 0.0 0.0 0.0 0.0 0.0 0.0 0.0 0.0 0.0 0.0 0.0 0.0 0.0 0.0 0.0 0.0 0.0 0.0 0.0 0.0 0.0 0.0 0.0 0.0 0.0 0.0 0.0 0.0 0.0 0.0 0.0 0.0 0.0 0.0 0.0 0.0 0.0 0.0 0.0 0.0 0.0 0.0 0.0 0.0 0.0 0.0 0.0 0.0 0.0 0.0 0.0 0.0 0.0 0.0 0.0 0.0 0.0 0.0 0.0 0.0 0.0 0.0 0.0 0.0 0.0 0.0 0.0 0.0 0.0 0.0 0.0 0.0 0.0 0.0 0.0 0.0 0.0 0.0 0.0 0.0 0.0 0.0 0.0 0.0 0.0 0.0 0.0 0.0 0.0 0.0 0.0 0.0 0.0 0.0 0.0 0.0 0.0 0.0 0.0 0.0 0.0 0.0 0.0 0.0 0.0 0.0 0.0 0.0 0.0 0.0 0.0 0.0 0.0 0.0 0.0 0.0 0.0 0.0 0.0 0.0 0.0 0.0 0.0 0.0 0.0 0.0 0.0 0.0 0.0
0.0 0.0 0.0 0.0 0.0 0.0 0.0 0.0 0.0 0.0 0.0 0.0 0.0 0.0 0.0 0.0 0.0 0.0 0.0 0.0 0.0 0.0 0.0 0.0 0.0 0.0 0.0 0.0 0.0 0.0 0.0 0.0 0.0 0.0 0.0 0.0 0.0 0.0 0.0 0.0 0.0 0.0 0.0 0.0 0.0 0.0 0.0 0.0 0.0 0.0 0.0 0.0 0.0 0.0 0.0 0.0 0.0 0.0 0.0 0.0 0.0 0.0 0.0 0.0 0.0 0.0 0.0 0.0 0.0 0.0 0.0 0.0 0.0 0.0 0.0 0.0 0.0 0.0 0.0 0.0 0.0 0.0 0.0 0.0 0.0 0.0 0.0 0.0 0.0 0.0 0.0 0.0 0.0 0.0 0.0 0.0 0.0 0.0 0.0 0.0 0.0 0.0 0.0 0.0 0.0 0.0 0.0 0.0 0.0 0.0 0.0 0.0 0.0 0.0 0.0 0.0 0.0 0.0 0.0 0.0 0.0 0.0 0.0 0.0 0.0 0.0 0.0 0.0 0.0 0.0 0.0 0.0 0.0 0.0 0.0 0.0
0.0 0.0 0.0 0.0 0.0 0.0 0.0 0.0 0.0 0.0 0.0 0.0 0.0 0.0 0.0 0.0 0.0 0.0 0.0 0.0 0.0 0.0 0.0 0.0 0.0 0.0 0.0 0.0 0.0 0.0 0.0 0.0 0.0 0.0 0.0 0.0 0.0 0.0 0.0 0.0 0.0 0.0 0.0 0.0 0.0 0.0 0.0 0.0 0.0 0.0 0.0 0.0 0.0 0.0 0.0 0.0 0.0 0.0 0.0 0.0 0.0 0.0 0.0 0.0 0.0 0.0 0.0 0.0 0.0 0.0 0.0 0.0 0.0 0.0 0.0 0.0 0.0 0.0 0.0 0.0 0.0 0.0 0.0 0.0 0.0 0.0 0.0 0.0 0.0 0.0 0.0 0.0 0.0 0.0 0.0 0.0 0.0 0.0 0.0 0.0 0.0 0.0 0.0 0.0 0.0 0.0 0.0 0.0 0.0 0.0 0.0 0.0 0.0 0.0 0.0 0.0 0.0 0.0 0.0 0.0 0.0 0.0 0.0 0.0 0.0 0.0 0.0 0.0 0.0 0.0 0.0 0.0 0.0 0.0 0.0 0.0
0.0 0.0 0.0 0.0 0.0 0.0 0.0 0.0 0.0 0.0 0.0 0.0 0.0 0.0 0.0 0.0 0.0 0.0 0.0 0.0 0.0 0.0 0.0 0.0 0.0 0.0 0.0 0.0 0.0 0.0 0.0 0.0 0.0 0.0 0.0 0.0 0.0 0.0 0.0 0.0 0.0 0.0 0.0 0.0 0.0 0.0 0.0 0.0 0.0 0.0 0.0 0.0 0.0 0.0 0.0 0.0 0.0 0.0 0.0 0.0 0.0 0.0 0.0 0.0 0.0 0.0 0.0 0.0 0.0 0.0 0.0 0.0 0.0 0.0 0.0 0.0 0.0 0.0 0.0 0.0 0.0 0.0 0.0 0.0 0.0 0.0 0.0 0.0 0.0 0.0 0.0 0.0 0.0 0.0 0.0 0.0 0.0 0.0 0.0 0.0 0.0 0.0 0.0 0.0 0.0 0.0 0.0 0.0 0.0 0.0 0.0 0.0 0.0 0.0 0.0 0.0 0.0 0.0 0.0 0.0 0.0 0.0 0.0 0.0 0.0 0.0 0.0 0.0 0.0 0.0 0.0 0.0 0.0 0.0 0.0 0.0
0.0 0.0 0.0 0.0 0.0 0.0 0.0 0.0 0.0 0.0 0.0 0.0 0.0 0.0 0.0 0.0 0.0 0.0 0.0 0.0 0.0 0.0 0.0 0.0 0.0 0.0 0.0 0.0 0.0 0.0 0.0 0.0 0.0 0.0 0.0 0.0 0.0 0.0 0.0 0.0 0.0 0.0 0.0 0.0 0.0 0.0 0.0 0.0 0.0 0.0 0.0 0.0 0.0 0.0 0.0 0.0 0.0 0.0 0.0 0.0 0.0 0.0 0.0 0.0 0.0 0.0 0.0 0.0 0.0 0.0 0.0 0.0 0.0 0.0 0.0 0.0 0.0 0.0 0.0 0.0 0.0 0.0 0.0 0.0 0.0 0.0 0.0 0.0 0.0 0.0 0.0 0.0 0.0 0.0 0.0 0.0 0.0 0.0 0.0 0.0 0.0 0.0 0.0 0.0 0.0 0.0 0.0 0.0 0.0 0.0 0.0 0.0 0.0 0.0 0.0 0.0 0.0 0.0 0.0 0.0 0.0 0.0 0.0 0.0 0.0 0.0 0.0 0.0 0.0 0.0 0.0 0.0 0.0 0.0 0.0 0.0
0.0 0.0 0.0 0.0 0.0 0.0 0.0 0.0 0.0 0.0 0.0 0.0 0.0 0.0 0.0 0.0 0.0 0.0 0.0 0.0 0.0 0.0 0.0 0.0 0.0 0.0 0.0 0.0 0.0 0.0 0.0 0.0 0.0 0.0 0.0 0.0 0.0 0.0 0.0 0.0 0.0 0.0 0.0 0.0 0.0 0.0 0.0 0.0 0.0 0.0 0.0 0.0 0.0 0.0 0.0 0.0 0.0 0.0 0.0 0.0 0.0 0.0 0.0 0.0 0.0 0.0 0.0 0.0 0.0 0.0 0.0 0.0 0.0 0.0 0.0 0.0 0.0 0.0 0.0 0.0 0.0 0.0 0.0 0.0 0.0 0.0 0.0 0.0 0.0 0.0 0.0 0.0 0.0 0.0 0.0 0.0 0.0 0.0 0.0 0.0 0.0 0.0 0.0 0.0 0.0 0.0 0.0 0.0 0.0 0.0 0.0 0.0 0.0 0.0 0.0 0.0 0.0 0.0 0.0 0.0 0.0 0.0 0.0 0.0 0.0 0.0 0.0 0.0 0.0 0.0 0.0 0.0 0.0 0.0 0.0 0.0
0.0 0.0 0.0 0.0 0.0 0.0 0.0 0.0 0.0 0.0 0.0 0.0 0.0 0.0 0.0 0.0 0.0 0.0 0.0 0.0 0.0 0.0 0.0 0.0 0.0 0.0 0.0 0.0 0.0 0.0 0.0 0.0 0.0 0.0 0.0 0.0 0.0 0.0 0.0 0.0 0.0 0.0 0.0 0.0 0.0 0.0 0.0 0.0 0.0 0.0 0.0 0.0 0.0 0.0 0.0 0.0 0.0 0.0 0.0 0.0 0.0 0.0 0.0 0.0 0.0 0.0 0.0 0.0 0.0 0.0 0.0 0.0 0.0 0.0 0.0 0.0 0.0 0.0 0.0 0.0 0.0 0.0 0.0 0.0 0.0 0.0 0.0 0.0 0.0 0.0 0.0 0.0 0.0 0.0 0.0 0.0 0.0 0.0 0.0 0.0 0.0 0.0 0.0 0.0 0.0 0.0 0.0 0.0 0.0 0.0 0.0 0.0 0.0 0.0 0.0 0.0 0.0 0.0 0.0 0.0 0.0 0.0 0.0 0.0 0.0 0.0 0.0 0.0 0.0 0.0 0.0 0.0 0.0 0.0 0.0 0.0
0.0 0.0 0.0 0.0 0.0 0.0 0.0 0.0 0.0 0.0 0.0 0.0 0.0 0.0 0.0 0.0 0.0 0.0 0.0 0.0 0.0 0.0 0.0 0.0 0.0 0.0 0.0 0.0 0.0 0.0 0.0 0.0 0.0 0.0 0.0 0.0 0.0 0.0 0.0 0.0 0.0 0.0 0.0 0.0 0.0 0.0 0.0 0.0 0.0 0.0 0.0 0.0 0.0 0.0 0.0 0.0 0.0 0.0 0.0 0.0 0.0 0.0 0.0 0.0 0.0 0.0 0.0 0.0 0.0 0.0 0.0 0.0 0.0 0.0 0.0 0.0 0.0 0.0 0.0 0.0 0.0 0.0 0.0 0.0 0.0 0.0 0.0 0.0 0.0 0.0 0.0 0.0 0.0 0.0 0.0 0.0 0.0 0.0 0.0 0.0 0.0 0.0 0.0 0.0 0.0 0.0 0.0 0.0 0.0 0.0 0.0 0.0 0.0 0.0 0.0 0.0 0.0 0.0 0.0 0.0 0.0 0.0 0.0 0.0 0.0 0.0 0.0 0.0 0.0 0.0 0.0 0.0 0.0 0.0 0.0 0.0
0.0 0.0 0.0 0.0 0.0 0.0 0.0 0.0 0.0 0.0 0.0 0.0 0.0 0.0 0.0 0.0 0.0 0.0 0.0 0.0 0.0 0.0 0.0 0.0 0.0 0.0 0.0 0.0 0.0 0.0 0.0 0.0 0.0 0.0 0.0 0.0 0.0 0.0 0.0 0.0 0.0 0.0 0.0 0.0 0.0 0.0 0.0 0.0 0.0 0.0 0.0 0.0 0.0 0.0 0.0 0.0 0.0 0.0 0.0 0.0 0.0 0.0 0.0 0.0 0.0 0.0 0.0 0.0 0.0 0.0 0.0 0.0 0.0 0.0 0.0 0.0 0.0 0.0 0.0 0.0 0.0 0.0 0.0 0.0 0.0 0.0 0.0 0.0 0.0 0.0 0.0 0.0 0.0 0.0 0.0 0.0 0.0 0.0 0.0 0.0 0.0 0.0 0.0 0.0 0.0 0.0 0.0 0.0 0.0 0.0 0.0 0.0 0.0 0.0 0.0 0.0 0.0 0.0 0.0 0.0 0.0 0.0 0.0 0.0 0.0 0.0 0.0 0.0 0.0 0.0 0.0 0.0 0.0 0.0 0.0 0.0
0.0 0.0 0.0 0.0 0.0 0.0 0.0 0.0 0.0 0.0 0.0 0.0 0.0 0.0 0.0 0.0 0.0 0.0 0.0 0.0 0.0 0.0 0.0 0.0 0.0 0.0 0.0 0.0 0.0 0.0 0.0 0.0 0.0 0.0 0.0 0.0 0.0 0.0 0.0 0.0 0.0 0.0 0.0 0.0 0.0 0.0 0.0 0.0 0.0 0.0 0.0 0.0 0.0 0.0 0.0 0.0 0.0 0.0 0.0 0.0 0.0 0.0 0.0 0.0 0.0 0.0 0.0 0.0 0.0 0.0 0.0 0.0 0.0 0.0 0.0 0.0 0.0 0.0 0.0 0.0 0.0 0.0 0.0 0.0 0.0 0.0 0.0 0.0 0.0 0.0 0.0 0.0 0.0 0.0 0.0 0.0 0.0 0.0 0.0 0.0 0.0 0.0 0.0 0.0 0.0 0.0 0.0 0.0 0.0 0.0 0.0 0.0 0.0 0.0 0.0 0.0 0.0 0.0 0.0 0.0 0.0 0.0 0.0 0.0 0.0 0.0 0.0 0.0 0.0 0.0 0.0 0.0 0.0 0.0 0.0 0.0
0.0 0.0 0.0 0.0 0.0 0.0 0.0 0.0 0.0 0.0 0.0 0.0 0.0 0.0 0.0 0.0 0.0 0.0 0.0 0.0 0.0 0.0 0.0 0.0 0.0 0.0 0.0 0.0 0.0 0.0 0.0 0.0 0.0 0.0 0.0 0.0 0.0 0.0 0.0 0.0 0.0 0.0 0.0 0.0 0.0 0.0 0.0 0.0 0.0 0.0 0.0 0.0 0.0 0.0 0.0 0.0 0.0 0.0 0.0 0.0 0.0 0.0 0.0 0.0 0.0 0.0 0.0 0.0 0.0 0.0 0.0 0.0 0.0 0.0 0.0 0.0 0.0 0.0 0.0 0.0 0.0 0.0 0.0 0.0 0.0 0.0 0.0 0.0 0.0 0.0 0.0 0.0 0.0 0.0 0.0 0.0 0.0 0.0 0.0 0.0 0.0 0.0 0.0 0.0 0.0 0.0 0.0 0.0 0.0 0.0 0.0 0.0 0.0 0.0 0.0 0.0 0.0 0.0 0.0 0.0 0.0 0.0 0.0 0.0 0.0 0.0 0.0 0.0 0.0 0.0 0.0 0.0 0.0 0.0 0.0 0.0
0.001 0.001 0.001 0.001 0.0 0.0 0.0 0.0 0.0 0.0 0.0 0.0 0.0 0.0 0.0 0.0 0.0 0.0 0.0 0.0 0.0 0.0 0.0 0.0 0.0 0.0 0.0 0.0 0.0 0.0 0.0 0.0 0.0 0.0 0.0 0.0 0.0 0.0 0.0 0.0 0.0 0.0 0.0 0.0 0.0 0.0 0.0 0.0 0.0 0.0 0.0 0.0 0.0 0.0 0.0 0.0 0.0 0.0 0.0 0.0 0.0 0.0 0.0 0.0 0.0 0.0 0.0 0.0 0.0 0.0 0.0 0.0 0.0 0.0 0.0 0.0 0.0 0.0 0.0 0.0 0.0 0.0 0.0 0.0 0.0 0.0 0.0 0.0 0.0 0.0 0.0 0.0 0.0 0.0 0.0 0.0 0.0 0.0 0.0 0.0 0.0 0.0 0.0 0.0 0.0 0.0 0.0 0.0 0.0 0.0 0.0 0.0 0.0 0.0 0.0 0.0 0.0 0.0 0.0 0.0 0.0 0.0 0.0 0.0 0.0 0.0 0.0 0.0 0.0 0.0 0.0 0.0 0.0 0.0 0.0 0.0
0.001 0.001 0.001 0.001 0.0 0.0 0.0 0.0 0.0 0.0 0.0 0.0 0.0 0.0 0.0 0.0 0.0 0.0 0.0 0.0 0.0 0.0 0.0 0.0 0.0 0.0 0.0 0.0 0.0 0.0 0.0 0.0 0.0 0.0 0.0 0.0 0.0 0.0 0.0 0.0 0.0 0.0 0.0 0.0 0.0 0.0 0.0 0.0 0.0 0.0 0.0 0.0 0.0 0.0 0.0 0.0 0.0 0.0 0.0 0.0 0.0 0.0 0.0 0.0 0.0 0.0 0.0 0.0 0.0 0.0 0.0 0.0 0.0 0.0 0.0 0.0 0.0 0.0 0.0 0.0 0.0 0.0 0.0 0.0 0.0 0.0 0.0 0.0 0.0 0.0 0.0 0.0 0.0 0.0 0.0 0.0 0.0 0.0 0.0 0.0 0.0 0.0 0.0 0.0 0.0 0.0 0.0 0.0 0.0 0.0 0.0 0.0 0.0 0.0 0.0 0.0 0.0 0.0 0.0 0.0 0.0 0.0 0.0 0.0 0.0 0.0 0.0 0.0 0.0 0.0 0.0 0.0 0.0 0.0 0.0 0.0
0.001 0.001 0.001 0.001 0.0 0.0 0.0 0.0 0.0 0.0 0.0 0.0 0.0 0.0 0.0 0.0 0.0 0.0 0.0 0.0 0.0 0.0 0.0 0.0 0.0 0.0 0.0 0.0 0.0 0.0 0.0 0.0 0.0 0.0 0.0 0.0 0.0 0.0 0.0 0.0 0.0 0.0 0.0 0.0 0.0 0.0 0.0 0.0 0.0 0.0 0.0 0.0 0.0 0.0 0.0 0.0 0.0 0.0 0.0 0.0 0.0 0.0 0.0 0.0 0.0 0.0 0.0 0.0 0.0 0.0 0.0 0.0 0.0 0.0 0.0 0.0 0.0 0.0 0.0 0.0 0.0 0.0 0.0 0.0 0.0 0.0 0.0 0.0 0.0 0.0 0.0 0.0 0.0 0.0 0.0 0.0 0.0 0.0 0.0 0.0 0.0 0.0 0.0 0.0 0.0 0.0 0.0 0.0 0.0 0.0 0.0 0.0 0.0 0.0 0.0 0.0 0.0 0.0 0.0 0.0 0.0 0.0 0.0 0.0 0.0 0.0 0.0 0.0 0.0 0.0 0.0 0.0 0.0 0.0 0.0 0.0
0.001 0.001 0.001 0.001 0.0 0.0 0.0 0.0 0.0 0.0 0.0 0.0 0.0 0.0 0.0 0.0 0.0 0.0 0.0 0.0 0.0 0.0 0.0 0.0 0.0 0.0 0.0 0.0 0.0 0.0 0.0 0.0 0.0 0.0 0.0 0.0 0.0 0.0 0.0 0.0 0.0 0.0 0.0 0.0 0.0 0.0 0.0 0.0 0.0 0.0 0.0 0.0 0.0 0.0 0.0 0.0 0.0 0.0 0.0 0.0 0.0 0.0 0.0 0.0 0.0 0.0 0.0 0.0 0.0 0.0 0.0 0.0 0.0 0.0 0.0 0.0 0.0 0.0 0.0 0.0 0.0 0.0 0.0 0.0 0.0 0.0 0.0 0.0 0.0 0.0 0.0 0.0 0.0 0.0 0.0 0.0 0.0 0.0 0.0 0.0 0.0 0.0 0.0 0.0 0.0 0.0 0.0 0.0 0.0 0.0 0.0 0.0 0.0 0.0 0.0 0.0 0.0 0.0 0.0 0.0 0.0 0.0 0.0 0.0 0.0 0.0 0.0 0.0 0.0 0.0 0.0 0.0 0.0 0.0 0.0 0.0
0.002 0.002 0.001 0.001 0.0 0.0 0.0 0.0 0.0 0.0 0.0 0.0 0.0 0.0 0.0 0.0 0.0 0.0 0.0 0.0 0.0 0.0 0.0 0.0 0.0 0.0 0.0 0.0 0.0 0.0 0.0 0.0 0.0 0.0 0.0 0.0 0.0 0.0 0.0 0.0 0.0 0.0 0.0 0.0 0.0 0.0 0.0 0.0 0.0 0.0 0.0 0.0 0.0 0.0 0.0 0.0 0.0 0.0 0.0 0.0 0.0 0.0 0.0 0.0 0.0 0.0 0.0 0.0 0.0 0.0 0.0 0.0 0.0 0.0 0.0 0.0 0.0 0.0 0.0 0.0 0.0 0.0 0.0 0.0 0.0 0.0 0.0 0.0 0.0 0.0 0.0 0.0 0.0 0.0 0.0 0.0 0.0 0.0 0.0 0.0 0.0 0.0 0.0 0.0 0.0 0.0 0.0 0.0 0.0 0.0 0.0 0.0 0.0 0.0 0.0 0.0 0.0 0.0 0.0 0.0 0.0 0.0 0.0 0.0 0.0 0.0 0.0 0.0 0.0 0.0 0.0 0.0 0.0 0.0 0.0 0.0
0.002 0.002 0.001 0.001 0.0 0.0 0.0 0.0 0.0 0.0 0.0 0.0 0.0 0.0 0.0 0.0 0.0 0.0 0.0 0.0 0.0 0.0 0.0 0.0 0.0 0.0 0.0 0.0 0.0 0.0 0.0 0.0 0.0 0.0 0.0 0.0 0.0 0.0 0.0 0.0 0.0 0.0 0.0 0.0 0.0 0.0 0.0 0.0 0.0 0.0 0.0 0.0 0.0 0.0 0.0 0.0 0.0 0.0 0.0 0.0 0.0 0.0 0.0 0.0 0.0 0.0 0.0 0.0 0.0 0.0 0.0 0.0 0.0 0.0 0.0 0.0 0.0 0.0 0.0 0.0 0.0 0.0 0.0 0.0 0.0 0.0 0.0 0.0 0.0 0.0 0.0 0.0 0.0 0.0 0.0 0.0 0.0 0.0 0.0 0.0 0.0 0.0 0.0 0.0 0.0 0.0 0.0 0.0 0.0 0.0 0.0 0.0 0.0 0.0 0.0 0.0 0.0 0.0 0.0 0.0 0.0 0.0 0.0 0.0 0.0 0.0 0.0 0.0 0.0 0.0 0.0 0.0 0.0 0.0 0.0 0.0
0.002 0.002 0.001 0.001 0.0 0.0 0.0 0.0 0.0 0.0 0.0 0.0 0.0 0.0 0.0 0.0 0.0 0.0 0.0 0.0 0.0 0.0 0.0 0.0 0.0 0.0 0.0 0.0 0.0 0.0 0.0 0.0 0.0 0.0 0.0 0.0 0.0 0.0 0.0 0.0 0.0 0.0 0.0 0.0 0.0 0.0 0.0 0.0 0.0 0.0 0.0 0.0 0.0 0.0 0.0 0.0 0.0 0.0 0.0 0.0 0.0 0.0 0.0 0.0 0.0 0.0 0.0 0.0 0.0 0.0 0.0 0.0 0.0 0.0 0.0 0.0 0.0 0.0 0.0 0.0 0.0 0.0 0.0 0.0 0.0 0.0 0.0 0.0 0.0 0.0 0.0 0.0 0.0 0.0 0.0 0.0 0.0 0.0 0.0 0.0 0.0 0.0 0.0 0.0 0.0 0.0 0.0 0.0 0.0 0.0 0.0 0.0 0.0 0.0 0.0 0.0 0.0 0.0 0.0 0.0 0.0 0.0 0.0 0.0 0.0 0.0 0.0 0.0 0.0 0.0 0.0 0.0 0.0 0.0 0.0 0.0
0.002 0.002 0.001 0.001 0.0 0.0 0.0 0.0 0.0 0.0 0.0 0.0 0.0 0.0 0.0 0.0 0.0 0.0 0.0 0.0 0.0 0.0 0.0 0.0 0.0 0.0 0.0 0.0 0.0 0.0 0.0 0.0 0.0 0.0 0.0 0.0 0.0 0.0 0.0 0.0 0.0 0.0 0.0 0.0 0.0 0.0 0.0 0.0 0.0 0.0 0.0 0.0 0.0 0.0 0.0 0.0 0.0 0.0 0.0 0.0 0.0 0.0 0.0 0.0 0.0 0.0 0.0 0.0 0.0 0.0 0.0 0.0 0.0 0.0 0.0 0.0 0.0 0.0 0.0 0.0 0.0 0.0 0.0 0.0 0.0 0.0 0.0 0.0 0.0 0.0 0.0 0.0 0.0 0.0 0.0 0.0 0.0 0.0 0.0 0.0 0.0 0.0 0.0 0.0 0.0 0.0 0.0 0.0 0.0 0.0 0.0 0.0 0.0 0.0 0.0 0.0 0.0 0.0 0.0 0.0 0.0 0.0 0.0 0.0 0.0 0.0 0.0 0.0 0.0 0.0 0.0 0.0 0.0 0.0 0.0 0.0
0.002 0.002 0.001 0.001 0.0 0.0 0.0 0.0 0.0 0.0 0.0 0.0 0.0 0.0 0.0 0.0 0.0 0.0 0.0 0.0 0.0 0.0 0.0 0.0 0.0 0.0 0.0 0.0 0.0 0.0 0.0 0.0 0.0 0.0 0.0 0.0 0.0 0.0 0.0 0.0 0.0 0.0 0.0 0.0 0.0 0.0 0.0 0.0 0.0 0.0 0.0 0.0 0.0 0.0 0.0 0.0 0.0 0.0 0.0 0.0 0.0 0.0 0.0 0.0 0.0 0.0 0.0 0.0 0.0 0.0 0.0 0.0 0.0 0.0 0.0 0.0 0.0 0.0 0.0 0.0 0.0 0.0 0.0 0.0 0.0 0.0 0.0 0.0 0.0 0.0 0.0 0.0 0.0 0.0 0.0 0.0 0.0 0.0 0.0 0.0 0.0 0.0 0.0 0.0 0.0 0.0 0.0 0.0 0.0 0.0 0.0 0.0 0.0 0.0 0.0 0.0 0.0 0.0 0.0 0.0 0.0 0.0 0.0 0.0 0.0 0.0 0.0 0.0 0.0 0.0 0.0 0.0 0.0 0.0 0.0 0.0
0.002 0.001 0.001 0.001 0.0 0.0 0.0 0.0 0.0 0.0 0.0 0.0 0.0 0.0 0.0 0.0 0.0 0.0 0.0 0.0 0.0 0.0 0.0 0.0 0.0 0.0 0.0 0.0 0.0 0.0 0.0 0.0 0.0 0.0 0.0 0.0 0.0 0.0 0.0 0.0 0.0 0.0 0.0 0.0 0.0 0.0 0.0 0.0 0.0 0.0 0.0 0.0 0.0 0.0 0.0 0.0 0.0 0.0 0.0 0.0 0.0 0.0 0.0 0.0 0.0 0.0 0.0 0.0 0.0 0.0 0.0 0.0 0.0 0.0 0.0 0.0 0.0 0.0 0.0 0.0 0.0 0.0 0.0 0.0 0.0 0.0 0.0 0.0 0.0 0.0 0.0 0.0 0.0 0.0 0.0 0.0 0.0 0.0 0.0 0.0 0.0 0.0 0.0 0.0 0.0 0.0 0.0 0.0 0.0 0.0 0.0 0.0 0.0 0.0 0.0 0.0 0.0 0.0 0.0 0.0 0.0 0.0 0.0 0.0 0.0 0.0 0.0 0.0 0.0 0.0 0.0 0.0 0.0 0.0 0.0 0.0
0.002 0.001 0.001 0.001 0.0 0.0 0.0 0.0 0.0 0.0 0.0 0.0 0.0 0.0 0.0 0.0 0.0 0.0 0.0 0.0 0.0 0.0 0.0 0.0 0.0 0.0 0.0 0.0 0.0 0.0 0.0 0.0 0.0 0.0 0.0 0.0 0.0 0.0 0.0 0.0 0.0 0.0 0.0 0.0 0.0 0.0 0.0 0.0 0.0 0.0 0.0 0.0 0.0 0.0 0.0 0.0 0.0 0.0 0.0 0.0 0.0 0.0 0.0 0.0 0.0 0.0 0.0 0.0 0.0 0.0 0.0 0.0 0.0 0.0 0.0 0.0 0.0 0.0 0.0 0.0 0.0 0.0 0.0 0.0 0.0 0.0 0.0 0.0 0.0 0.0 0.0 0.0 0.0 0.0 0.0 0.0 0.0 0.0 0.0 0.0 0.0 0.0 0.0 0.0 0.0 0.0 0.0 0.0 0.0 0.0 0.0 0.0 0.0 0.0 0.0 0.0 0.0 0.0 0.0 0.0 0.0 0.0 0.0 0.0 0.0 0.0 0.0 0.0 0.0 0.0 0.0 0.0 0.0 0.0 0.0 0.0
0.002 0.001 0.001 0.001 0.0 0.0 0.0 0.0 0.0 0.0 0.0 0.0 0.0 0.0 0.0 0.0 0.0 0.0 0.0 0.0 0.0 0.0 0.0 0.0 0.0 0.0 0.0 0.0 0.0 0.0 0.0 0.0 0.0 0.0 0.0 0.0 0.0 0.0 0.0 0.0 0.0 0.0 0.0 0.0 0.0 0.0 0.0 0.0 0.0 0.0 0.0 0.0 0.0 0.0 0.0 0.0 0.0 0.0 0.0 0.0 0.0 0.0 0.0 0.0 0.0 0.0 0.0 0.0 0.0 0.0 0.0 0.0 0.0 0.0 0.0 0.0 0.0 0.0 0.0 0.0 0.0 0.0 0.0 0.0 0.0 0.0 0.0 0.0 0.0 0.0 0.0 0.0 0.0 0.0 0.0 0.0 0.0 0.0 0.0 0.0 0.0 0.0 0.0 0.0 0.0 0.0 0.0 0.0 0.0 0.0 0.0 0.0 0.0 0.0 0.0 0.0 0.0 0.0 0.0 0.0 0.0 0.0 0.0 0.0 0.0 0.0 0.0 0.0 0.0 0.0 0.0 0.0 0.0 0.0 0.0 0.0
0.002 0.001 0.001 0.001 0.0 0.0 0.0 0.0 0.0 0.0 0.0 0.0 0.0 0.0 0.0 0.0 0.0 0.0 0.0 0.0 0.0 0.0 0.0 0.0 0.0 0.0 0.0 0.0 0.0 0.0 0.0 0.0 0.0 0.0 0.0 0.0 0.0 0.0 0.0 0.0 0.0 0.0 0.0 0.0 0.0 0.0 0.0 0.0 0.0 0.0 0.0 0.0 0.0 0.0 0.0 0.0 0.0 0.0 0.0 0.0 0.0 0.0 0.0 0.0 0.0 0.0 0.0 0.0 0.0 0.0 0.0 0.0 0.0 0.0 0.0 0.0 0.0 0.0 0.0 0.0 0.0 0.0 0.0 0.0 0.0 0.0 0.0 0.0 0.0 0.0 0.0 0.0 0.0 0.0 0.0 0.0 0.0 0.0 0.0 0.0 0.0 0.0 0.0 0.0 0.0 0.0 0.0 0.0 0.0 0.0 0.0 0.0 0.0 0.0 0.0 0.0 0.0 0.0 0.0 0.0 0.0 0.0 0.0 0.0 0.0 0.0 0.0 0.0 0.0 0.0 0.0 0.0 0.0 0.0 0.0 0.0
0.002 0.001 0.001 0.001 0.0 0.0 0.0 0.0 0.0 0.0 0.0 0.0 0.0 0.0 0.0 0.0 0.0 0.0 0.0 0.0 0.0 0.0 0.0 0.0 0.0 0.0 0.0 0.0 0.0 0.0 0.0 0.0 0.0 0.0 0.0 0.0 0.0 0.0 0.0 0.0 0.0 0.0 0.0 0.0 0.0 0.0 0.0 0.0 0.0 0.0 0.0 0.0 0.0 0.0 0.0 0.0 0.0 0.0 0.0 0.0 0.0 0.0 0.0 0.0 0.0 0.0 0.0 0.0 0.0 0.0 0.0 0.0 0.0 0.0 0.0 0.0 0.0 0.0 0.0 0.0 0.0 0.0 0.0 0.0 0.0 0.0 0.0 0.0 0.0 0.0 0.0 0.0 0.0 0.0 0.0 0.0 0.0 0.0 0.0 0.0 0.0 0.0 0.0 0.0 0.0 0.0 0.0 0.0 0.0 0.0 0.0 0.0 0.0 0.0 0.0 0.0 0.0 0.0 0.0 0.0 0.0 0.0 0.0 0.0 0.0 0.0 0.0 0.0 0.0 0.0 0.0 0.0 0.0 0.0 0.0 0.0
0.002 0.001 0.001 0.001 0.0 0.0 0.0 0.0 0.0 0.0 0.0 0.0 0.0 0.0 0.0 0.0 0.0 0.0 0.0 0.0 0.0 0.0 0.0 0.0 0.0 0.0 0.0 0.0 0.0 0.0 0.0 0.0 0.0 0.0 0.0 0.0 0.0 0.0 0.0 0.0 0.0 0.0 0.0 0.0 0.0 0.0 0.0 0.0 0.0 0.0 0.0 0.0 0.0 0.0 0.0 0.0 0.0 0.0 0.0 0.0 0.0 0.0 0.0 0.0 0.0 0.0 0.0 0.0 0.0 0.0 0.0 0.0 0.0 0.0 0.0 0.0 0.0 0.0 0.0 0.0 0.0 0.0 0.0 0.0 0.0 0.0 0.0 0.0 0.0 0.0 0.0 0.0 0.0 0.0 0.0 0.0 0.0 0.0 0.0 0.0 0.0 0.0 0.0 0.0 0.0 0.0 0.0 0.0 0.0 0.0 0.0 0.0 0.0 0.0 0.0 0.0 0.0 0.0 0.0 0.0 0.0 0.0 0.0 0.0 0.0 0.0 0.0 0.0 0.0 0.0 0.0 0.0 0.0 0.0 0.0 0.0
0.002 0.001 0.001 0.001 0.0 0.0 0.0 0.0 0.0 0.0 0.0 0.0 0.0 0.0 0.0 0.0 0.0 0.0 0.0 0.0 0.0 0.0 0.0 0.0 0.0 0.0 0.0 0.0 0.0 0.0 0.0 0.0 0.0 0.0 0.0 0.0 0.0 0.0 0.0 0.0 0.0 0.0 0.0 0.0 0.0 0.0 0.0 0.0 0.0 0.0 0.0 0.0 0.0 0.0 0.0 0.0 0.0 0.0 0.0 0.0 0.0 0.0 0.0 0.0 0.0 0.0 0.0 0.0 0.0 0.0 0.0 0.0 0.0 0.0 0.0 0.0 0.0 0.0 0.0 0.0 0.0 0.0 0.0 0.0 0.0 0.0 0.0 0.0 0.0 0.0 0.0 0.0 0.0 0.0 0.0 0.0 0.0 0.0 0.0 0.0 0.0 0.0 0.0 0.0 0.0 0.0 0.0 0.0 0.0 0.0 0.0 0.0 0.0 0.0 0.0 0.0 0.0 0.0 0.0 0.0 0.0 0.0 0.0 0.0 0.0 0.0 0.0 0.0 0.0 0.0 0.0 0.0 0.0 0.0 0.0 0.0
0.002 0.001 0.001 0.001 0.0 0.0 0.0 0.0 0.0 0.0 0.0 0.0 0.0 0.0 0.0 0.0 0.0 0.0 0.0 0.0 0.0 0.0 0.0 0.0 0.0 0.0 0.0 0.0 0.0 0.0 0.0 0.0 0.0 0.0 0.0 0.0 0.0 0.0 0.0 0.0 0.0 0.0 0.0 0.0 0.0 0.0 0.0 0.0 0.0 0.0 0.0 0.0 0.0 0.0 0.0 0.0 0.0 0.0 0.0 0.0 0.0 0.0 0.0 0.0 0.0 0.0 0.0 0.0 0.0 0.0 0.0 0.0 0.0 0.0 0.0 0.0 0.0 0.0 0.0 0.0 0.0 0.0 0.0 0.0 0.0 0.0 0.0 0.0 0.0 0.0 0.0 0.0 0.0 0.0 0.0 0.0 0.0 0.0 0.0 0.0 0.0 0.0 0.0 0.0 0.0 0.0 0.0 0.0 0.0 0.0 0.0 0.0 0.0 0.0 0.0 0.0 0.0 0.0 0.0 0.0 0.0 0.0 0.0 0.0 0.0 0.0 0.0 0.0 0.0 0.0 0.0 0.0 0.0 0.0 0.0 0.0
0.002 0.001 0.001 0.001 0.0 0.0 0.0 0.0 0.0 0.0 0.0 0.0 0.0 0.0 0.0 0.0 0.0 0.0 0.0 0.0 0.0 0.0 0.0 0.0 0.0 0.0 0.0 0.0 0.0 0.0 0.0 0.0 0.0 0.0 0.0 0.0 0.0 0.0 0.0 0.0 0.0 0.0 0.0 0.0 0.0 0.0 0.0 0.0 0.0 0.0 0.0 0.0 0.0 0.0 0.0 0.0 0.0 0.0 0.0 0.0 0.0 0.0 0.0 0.0 0.0 0.0 0.0 0.0 0.0 0.0 0.0 0.0 0.0 0.0 0.0 0.0 0.0 0.0 0.0 0.0 0.0 0.0 0.0 0.0 0.0 0.0 0.0 0.0 0.0 0.0 0.0 0.0 0.0 0.0 0.0 0.0 0.0 0.0 0.0 0.0 0.0 0.0 0.0 0.0 0.0 0.0 0.0 0.0 0.0 0.0 0.0 0.0 0.0 0.0 0.0 0.0 0.0 0.0 0.0 0.0 0.0 0.0 0.0 0.0 0.0 0.0 0.0 0.0 0.0 0.0 0.0 0.0 0.0 0.0 0.0 0.0
0.002 0.001 0.001 0.001 0.0 0.0 0.0 0.0 0.0 0.0 0.0 0.0 0.0 0.0 0.0 0.0 0.0 0.0 0.0 0.0 0.0 0.0 0.0 0.0 0.0 0.0 0.0 0.0 0.0 0.0 0.0 0.0 0.0 0.0 0.0 0.0 0.0 0.0 0.0 0.0 0.0 0.0 0.0 0.0 0.0 0.0 0.0 0.0 0.0 0.0 0.0 0.0 0.0 0.0 0.0 0.0 0.0 0.0 0.0 0.0 0.0 0.0 0.0 0.0 0.0 0.0 0.0 0.0 0.0 0.0 0.0 0.0 0.0 0.0 0.0 0.0 0.0 0.0 0.0 0.0 0.0 0.0 0.0 0.0 0.0 0.0 0.0 0.0 0.0 0.0 0.0 0.0 0.0 0.0 0.0 0.0 0.0 0.0 0.0 0.0 0.0 0.0 0.0 0.0 0.0 0.0 0.0 0.0 0.0 0.0 0.0 0.0 0.0 0.0 0.0 0.0 0.0 0.0 0.0 0.0 0.0 0.0 0.0 0.0 0.0 0.0 0.0 0.0 0.0 0.0 0.0 0.0 0.0 0.0 0.0 0.0
0.019 0.019 0.018 0.017 0.017 0.016 0.016 0.015 0.015 0.015 0.014 0.014 0.014 0.013 0.013 0.013 0.012 0.012 0.012 0.011 0.011 0.011 0.009 0.008 0.008 0.008 0.007 0.007 0.007 0.007 0.006 0.006 0.006 0.005 0.005 0.005 0.005 0.004 0.0 0.0 0.0 0.0 0.0 0.0 0.0 0.0 0.0 0.0 0.0 0.0 0.0 0.0 0.0 0.0 0.0 0.0 0.0 0.0 0.0 0.0 0.0 0.0 0.0 0.0 0.0 0.0 0.0 0.0 0.0 0.0 0.0 0.0 0.0 0.0 0.0 0.0 0.0 0.0 0.0 0.0 0.0 0.0 0.0 0.0 0.0 0.0 0.0 0.0 0.0 0.0 0.0 0.0 0.0 0.0 0.0 0.0 0.0 0.0 0.0 0.0 0.0 0.0 0.0 0.0 0.0 0.0 0.0 0.0 0.0 0.0 0.0 0.0 0.0 0.0 0.0 0.0 0.0 0.0 0.0 0.0 0.0 0.0 0.0 0.0 0.0 0.0 0.0 0.0 0.0 0.0 0.0 0.0 0.0 0.0 0.0 0.0
0.041 0.04 0.039 0.039 0.038 0.037 0.037 0.037 0.036 0.036 0.036 0.035 0.035 0.035 0.034 0.034 0.034 0.033 0.033 0.033 0.032 0.029 0.027 0.026 0.026 0.026 0.026 0.025 0.025 0.025 0.024 0.024 0.024 0.024 0.023 0.023 0.023 0.02 0.004 0.0 0.0 0.0 0.0 0.0 0.0 0.0 0.0 0.0 0.0 0.0 0.0 0.0 0.0 0.0 0.0 0.0 0.0 0.0 0.0 0.0 0.0 0.0 0.0 0.0 0.0 0.0 0.0 0.0 0.0 0.0 0.0 0.0 0.0 0.0 0.0 0.0 0.0 0.0 0.0 0.0 0.0 0.0 0.0 0.0 0.0 0.0 0.0 0.0 0.0 0.0 0.0 0.0 0.0 0.0 0.0 0.0 0.0 0.0 0.0 0.0 0.0 0.0 0.0 0.0 0.0 0.0 0.0 0.0 0.0 0.0 0.0 0.0 0.0 0.0 0.0 0.0 0.0 0.0 0.0 0.0 0.0 0.0 0.0 0.0 0.0 0.0 0.0 0.0 0.0 0.0 0.0 0.0 0.0 0.0 0.0 0.0
0.062 0.062 0.061 0.06 0.059 0.059 0.058 0.058 0.058 0.057 0.057 0.057 0.056 0.056 0.056 0.055 0.055 0.055 0.054 0.054 0.051 0.047 0.045 0.045 0.044 0.044 0.044 0.043 0.043 0.043 0.043 0.042 0.042 0.042 0.041 0.041 0.041 0.024 0.008 0.003 0.0 0.0 0.0 0.0 0.0 0.0 0.0 0.0 0.0 0.0 0.0 0.0 0.0 0.0 0.0 0.0 0.0 0.0 0.0 0.0 0.0 0.0 0.0 0.0 0.0 0.0 0.0 0.0 0.0 0.0 0.0 0.0 0.0 0.0 0.0 0.0 0.0 0.0 0.0 0.0 0.0 0.0 0.0 0.0 0.0 0.0 0.0 0.0 0.0 0.0 0.0 0.0 0.0 0.0 0.0 0.0 0.0 0.0 0.0 0.0 0.0 0.0 0.0 0.0 0.0 0.0 0.0 0.0 0.0 0.0 0.0 0.0 0.0 0.0 0.0 0.0 0.0 0.0 0.0 0.0 0.0 0.0 0.0 0.0 0.0 0.0 0.0 0.0 0.0 0.0 0.0 0.0 0.0 0.0 0.0 0.0
0.084 0.083 0.082 0.081 0.081 0.08 0.08 0.079 0.079 0.079 0.078 0.078 0.078 0.077 0.077 0.077 0.076 0.076 0.076 0.073 0.069 0.065 0.063 0.063 0.062 0.062 0.062 0.062 0.061 0.061 0.061 0.06 0.06 0.06 0.06 0.059 0.045 0.027 0.011 0.007 0.002 0.0 0.0 0.0 0.0 0.0 0.0 0.0 0.0 0.0 0.0 0.0 0.0 0.0 0.0 0.0 0.0 0.0 0.0 0.0 0.0 0.0 0.0 0.0 0.0 0.0 0.0 0.0 0.0 0.0 0.0 0.0 0.0 0.0 0.0 0.0 0.0 0.0 0.0 0.0 0.0 0.0 0.0 0.0 0.0 0.0 0.0 0.0 0.0 0.0 0.0 0.0 0.0 0.0 0.0 0.0 0.0 0.0 0.0 0.0 0.0 0.0 0.0 0.0 0.0 0.0 0.0 0.0 0.0 0.0 0.0 0.0 0.0 0.0 0.0 0.0 0.0 0.0 0.0 0.0 0.0 0.0 0.0 0.0 0.0 0.0 0.0 0.0 0.0 0.0 0.0 0.0 0.0 0.0 0.0 0.0
0.105 0.104 0.104 0.103 0.102 0.102 0.101 0.101 0.1 0.1 0.1 0.099 0.099 0.099 0.098 0.098 0.098 0.097 0.096 0.091 0.087 0.083 0.081 0.081 0.081 0.08 0.08 0.08 0.079 0.079 0.079 0.079 0.078 0.078 0.078 0.066 0.048 0.031 0.015 0.01 0.006 0.001 0.0 0.0 0.0 0.0 0.0 0.0 0.0 0.0 0.0 0.0 0.0 0.0 0.0 0.0 0.0 0.0 0.0 0.0 0.0 0.0 0.0 0.0 0.0 0.0 0.0 0.0 0.0 0.0 0.0 0.0 0.0 0.0 0.0 0.0 0.0 0.0 0.0 0.0 0.0 0.0 0.0 0.0 0.0 0.0 0.0 0.0 0.0 0.0 0.0 0.0 0.0 0.0 0.0 0.0 0.0 0.0 0.0 0.0 0.0 0.0 0.0 0.0 0.0 0.0 0.0 0.0 0.0 0.0 0.0 0.0 0.0 0.0 0.0 0.0 0.0 0.0 0.0 0.0 0.0 0.0 0.0 0.0 0.0 0.0 0.0 0.0 0.0 0.0 0.0 0.0 0.0 0.0 0.0 0.0
0.126 0.126 0.125 0.124 0.124 0.123 0.123 0.122 0.122 0.122 0.121 0.121 0.121 0.12 0.12 0.119 0.119 0.118 0.114 0.109 0.105 0.101 0.099 0.099 0.099 0.098 0.098 0.098 0.098 0.097 0.097 0.097 0.096 0.096 0.087 0.069 0.051 0.034 0.019 0.014 0.009 0.005 0.0 0.0 0.0 0.0 0.0 0.0 0.0 0.0 0.0 0.0 0.0 0.0 0.0 0.0 0.0 0.0 0.0 0.0 0.0 0.0 0.0 0.0 0.0 0.0 0.0 0.0 0.0 0.0 0.0 0.0 0.0 0.0 0.0 0.0 0.0 0.0 0.0 0.0 0.0 0.0 0.0 0.0 0.0 0.0 0.0 0.0 0.0 0.0 0.0 0.0 0.0 0.0 0.0 0.0 0.0 0.0 0.0 0.0 0.0 0.0 0.0 0.0 0.0 0.0 0.0 0.0 0.0 0.0 0.0 0.0 0.0 0.0 0.0 0.0 0.0 0.0 0.0 0.0 0.0 0.0 0.0 0.0 0.0 0.0 0.0 0.0 0.0 0.0 0.0 0.0 0.0 0.0 0.0 0.0
0.148 0.147 0.146 0.146 0.145 0.144 0.144 0.144 0.143 0.143 0.143 0.142 0.142 0.142 0.141 0.141 0.14 0.136 0.132 0.128 0.123 0.119 0.117 0.117 0.117 0.117 0.116 0.116 0.116 0.115 0.115 0.115 0.115 0.107 0.09 0.072 0.055 0.037 0.022 0.018 0.013 0.009 0.004 0.0 0.0 0.0 0.0 0.0 0.0 0.0 0.0 0.0 0.0 0.0 0.0 0.0 0.0 0.0 0.0 0.0 0.0 0.0 0.0 0.0 0.0 0.0 0.0 0.0 0.0 0.0 0.0 0.0 0.0 0.0 0.0 0.0 0.0 0.0 0.0 0.0 0.0 0.0 0.0 0.0 0.0 0.0 0.0 0.0 0.0 0.0 0.0 0.0 0.0 0.0 0.0 0.0 0.0 0.0 0.0 0.0 0.0 0.0 0.0 0.0 0.0 0.0 0.0 0.0 0.0 0.0 0.0 0.0 0.0 0.0 0.0 0.0 0.0 0.0 0.0 0.0 0.0 0.0 0.0 0.0 0.0 0.0 0.0 0.0 0.0 0.0 0.0 0.0 0.0 0.0 0.0 0.0
0.169 0.168 0.168 0.167 0.166 0.166 0.165 0.165 0.165 0.164 0.164 0.164 0.163 0.163 0.163 0.162 0.158 0.154 0.15 0.146 0.141 0.137 0.136 0.135 0.135 0.135 0.134 0.134 0.134 0.134 0.133 0.133 0.128 0.111 0.093 0.076 0.058 0.041 0.026 0.021 0.017 0.012 0.008 0.003 0.0 0.0 0.0 0.0 0.0 0.0 0.0 0.0 0.0 0.0 0.0 0.0 0.0 0.0 0.0 0.0 0.0 0.0 0.0 0.0 0.0 0.0 0.0 0.0 0.0 0.0 0.0 0.0 0.0 0.0 0.0 0.0 0.0 0.0 0.0 0.0 0.0 0.0 0.0 0.0 0.0 0.0 0.0 0.0 0.0 0.0 0.0 0.0 0.0 0.0 0.0 0.0 0.0 0.0 0.0 0.0 0.0 0.0 0.0 0.0 0.0 0.0 0.0 0.0 0.0 0.0 0.0 0.0 0.0 0.0 0.0 0.0 0.0 0.0 0.0 0.0 0.0 0.0 0.0 0.0 0.0 0.0 0.0 0.0 0.0 0.0 0.0 0.0 0.0 0.0 0.0 0.0
0.19 0.19 0.189 0.188 0.188 0.187 0.187 0.186 0.186 0.186 0.185 0.185 0.185 0.184 0.184 0.181 0.176 0.172 0.168 0.164 0.159 0.155 0.154 0.153 0.153 0.153 0.153 0.152 0.152 0.152 0.151 0.149 0.132 0.114 0.097 0.079 0.062 0.044 0.029 0.025 0.02 0.016 0.011 0.007 0.002 0.0 0.0 0.0 0.0 0.0 0.0 0.0 0.0 0.0 0.0 0.0 0.0 0.0 0.0 0.0 0.0 0.0 0.0 0.0 0.0 0.0 0.0 0.0 0.0 0.0 0.0 0.0 0.0 0.0 0.0 0.0 0.0 0.0 0.0 0.0 0.0 0.0 0.0 0.0 0.0 0.0 0.0 0.0 0.0 0.0 0.0 0.0 0.0 0.0 0.0 0.0 0.0 0.0 0.0 0.0 0.0 0.0 0.0 0.0 0.0 0.0 0.0 0.0 0.0 0.0 0.0 0.0 0.0 0.0 0.0 0.0 0.0 0.0 0.0 0.0 0.0 0.0 0.0 0.0 0.0 0.0 0.0 0.0 0.0 0.0 0.0 0.0 0.0 0.0 0.0 0.0
0.212 0.211 0.21 0.21 0.209 0.208 0.208 0.208 0.207 0.207 0.207 0.206 0.206 0.206 0.203 0.199 0.194 0.19 0.186 0.182 0.178 0.173 0.172 0.172 0.171 0.171 0.171 0.17 0.17 0.17 0.169 0.153 0.135 0.118 0.1 0.083 0.065 0.048 0.033 0.029 0.024 0.019 0.015 0.01 0.006 0.001 0.0 0.0 0.0 0.0 0.0 0.0 0.0 0.0 0.0 0.0 0.0 0.0 0.0 0.0 0.0 0.0 0.0 0.0 0.0 0.0 0.0 0.0 0.0 0.0 0.0 0.0 0.0 0.0 0.0 0.0 0.0 0.0 0.0 0.0 0.0 0.0 0.0 0.0 0.0 0.0 0.0 0.0 0.0 0.0 0.0 0.0 0.0 0.0 0.0 0.0 0.0 0.0 0.0 0.0 0.0 0.0 0.0 0.0 0.0 0.0 0.0 0.0 0.0 0.0 0.0 0.0 0.0 0.0 0.0 0.0 0.0 0.0 0.0 0.0 0.0 0.0 0.0 0.0 0.0 0.0 0.0 0.0 0.0 0.0 0.0 0.0 0.0 0.0 0.0 0.0
0.233 0.233 0.232 0.231 0.23 0.23 0.229 0.229 0.229 0.228 0.228 0.228 0.227 0.225 0.221 0.217 0.213 0.208 0.204 0.2 0.196 0.191 0.19 0.19 0.189 0.189 0.189 0.188 0.188 0.188 0.174 0.156 0.139 0.121 0.104 0.086 0.069 0.051 0.037 0.032 0.028 0.023 0.019 0.014 0.009 0.005 0.0 0.0 0.0 0.0 0.0 0.0 0.0 0.0 0.0 0.0 0.0 0.0 0.0 0.0 0.0 0.0 0.0 0.0 0.0 0.0 0.0 0.0 0.0 0.0 0.0 0.0 0.0 0.0 0.0 0.0 0.0 0.0 0.0 0.0 0.0 0.0 0.0 0.0 0.0 0.0 0.0 0.0 0.0 0.0 0.0 0.0 0.0 0.0 0.0 0.0 0.0 0.0 0.0 0.0 0.0 0.0 0.0 0.0 0.0 0.0 0.0 0.0 0.0 0.0 0.0 0.0 0.0 0.0 0.0 0.0 0.0 0.0 0.0 0.0 0.0 0.0 0.0 0.0 0.0 0.0 0.0 0.0 0.0 0.0 0.0 0.0 0.0 0.0 0.0 0.0
0.255 0.254 0.253 0.253 0.252 0.251 0.251 0.251 0.25 0.25 0.25 0.249 0.247 0.243 0.239 0.235 0.231 0.226 0.222 0.218 0.214 0.209 0.208 0.208 0.207 0.207 0.207 0.207 0.206 0.195 0.177 0.16 0.142 0.125 0.107 0.089 0.072 0.054 0.04 0.036 0.031 0.027 0.022 0.018 0.013 0.009 0.004 0.0 0.0 0.0 0.0 0.0 0.0 0.0 0.0 0.0 0.0 0.0 0.0 0.0 0.0 0.0 0.0 0.0 0.0 0.0 0.0 0.0 0.0 0.0 0.0 0.0 0.0 0.0 0.0 0.0 0.0 0.0 0.0 0.0 0.0 0.0 0.0 0.0 0.0 0.0 0.0 0.0 0.0 0.0 0.0 0.0 0.0 0.0 0.0 0.0 0.0 0.0 0.0 0.0 0.0 0.0 0.0 0.0 0.0 0.0 0.0 0.0 0.0 0.0 0.0 0.0 0.0 0.0 0.0 0.0 0.0 0.0 0.0 0.0 0.0 0.0 0.0 0.0 0.0 0.0 0.0 0.0 0.0 0.0 0.0 0.0 0.0 0.0 0.0 0.0
0.276 0.275 0.275 0.274 0.273 0.273 0.272 0.272 0.272 0.271 0.271 0.27 0.266 0.261 0.257 0.253 0.249 0.244 0.24 0.236 0.232 0.228 0.226 0.226 0.226 0.225 0.225 0.225 0.216 0.198 0.181 0.163 0.146 0.128 0.11 0.093 0.075 0.058 0.044 0.039 0.035 0.03 0.026 0.021 0.017 0.012 0.008 0.003 0.0 0.0 0.0 0.0 0.0 0.0 0.0 0.0 0.0 0.0 0.0 0.0 0.0 0.0 0.0 0.0 0.0 0.0 0.0 0.0 0.0 0.0 0.0 0.0 0.0 0.0 0.0 0.0 0.0 0.0 0.0 0.0 0.0 0.0 0.0 0.0 0.0 0.0 0.0 0.0 0.0 0.0 0.0 0.0 0.0 0.0 0.0 0.0 0.0 0.0 0.0 0.0 0.0 0.0 0.0 0.0 0.0 0.0 0.0 0.0 0.0 0.0 0.0 0.0 0.0 0.0 0.0 0.0 0.0 0.0 0.0 0.0 0.0 0.0 0.0 0.0 0.0 0.0 0.0 0.0 0.0 0.0 0.0 0.0 0.0 0.0 0.0 0.0
0.297 0.297 0.296 0.295 0.295 0.294 0.294 0.293 0.293 0.293 0.292 0.288 0.284 0.279 0.275 0.271 0.267 0.262 0.258 0.254 0.25 0.246 0.244 0.244 0.244 0.243 0.243 0.237 0.219 0.202 0.184 0.166 0.149 0.131 0.114 0.096 0.079 0.061 0.048 0.043 0.038 0.034 0.029 0.025 0.02 0.016 0.011 0.007 0.002 0.0 0.0 0.0 0.0 0.0 0.0 0.0 0.0 0.0 0.0 0.0 0.0 0.0 0.0 0.0 0.0 0.0 0.0 0.0 0.0 0.0 0.0 0.0 0.0 0.0 0.0 0.0 0.0 0.0 0.0 0.0 0.0 0.0 0.0 0.0 0.0 0.0 0.0 0.0 0.0 0.0 0.0 0.0 0.0 0.0 0.0 0.0 0.0 0.0 0.0 0.0 0.0 0.0 0.0 0.0 0.0 0.0 0.0 0.0 0.0 0.0 0.0 0.0 0.0 0.0 0.0 0.0 0.0 0.0 0.0 0.0 0.0 0.0 0.0 0.0 0.0 0.0 0.0 0.0 0.0 0.0 0.0 0.0 0.0 0.0 0.0 0.0
0.311 0.318 0.317 0.317 0.316 0.315 0.315 0.315 0.314 0.314 0.31 0.306 0.302 0.297 0.293 0.289 0.285 0.281 0.276 0.272 0.268 0.264 0.262 0.262 0.262 0.262 0.258 0.24 0.222 0.205 0.187 0.17 0.152 0.135 0.117 0.1 0.082 0.065 0.051 0.047 0.042 0.038 0.033 0.028 0.024 0.019 0.015 0.01 0.006 0.001 0.0 0.0 0.0 0.0 0.0 0.0 0.0 0.0 0.0 0.0 0.0 0.0 0.0 0.0 0.0 0.0 0.0 0.0 0.0 0.0 0.0 0.0 0.0 0.0 0.0 0.0 0.0 0.0 0.0 0.0 0.0 0.0 0.0 0.0 0.0 0.0 0.0 0.0 0.0 0.0 0.0 0.0 0.0 0.0 0.0 0.0 0.0 0.0 0.0 0.0 0.0 0.0 0.0 0.0 0.0 0.0 0.0 0.0 0.0 0.0 0.0 0.0 0.0 0.0 0.0 0.0 0.0 0.0 0.0 0.0 0.0 0.0 0.0 0.0 0.0 0.0 0.0 0.0 0.0 0.0 0.0 0.0 0.0 0.0 0.0 0.0
0.32 0.334 0.339 0.338 0.337 0.337 0.336 0.336 0.336 0.332 0.328 0.324 0.32 0.316 0.311 0.307 0.303 0.299 0.294 0.29 0.286 0.282 0.281 0.28 0.28 0.279 0.261 0.243 0.226 0.208 0.191 0.173 0.156 0.138 0.121 0.103 0.086 0.068 0.055 0.05 0.046 0.041 0.037 0.032 0.028 0.023 0.019 0.014 0.009 0.005 0.0 0.0 0.0 0.0 0.0 0.0 0.0 0.0 0.0 0.0 0.0 0.0 0.0 0.0 0.0 0.0 0.0 0.0 0.0 0.0 0.0 0.0 0.0 0.0 0.0 0.0 0.0 0.0 0.0 0.0 0.0 0.0 0.0 0.0 0.0 0.0 0.0 0.0 0.0 0.0 0.0 0.0 0.0 0.0 0.0 0.0 0.0 0.0 0.0 0.0 0.0 0.0 0.0 0.0 0.0 0.0 0.0 0.0 0.0 0.0 0.0 0.0 0.0 0.0 0.0 0.0 0.0 0.0 0.0 0.0 0.0 0.0 0.0 0.0 0.0 0.0 0.0 0.0 0.0 0.0 0.0 0.0 0.0 0.0 0.0 0.0
0.329 0.343 0.358 0.359 0.359 0.358 0.358 0.357 0.355 0.351 0.346 0.342 0.338 0.334 0.329 0.325 0.321 0.317 0.312 0.308 0.304 0.3 0.299 0.298 0.298 0.282 0.264 0.247 0.229 0.212 0.194 0.177 0.159 0.142 0.124 0.107 0.089 0.071 0.058 0.054 0.049 0.045 0.04 0.036 0.031 0.027 0.022 0.018 0.013 0.009 0.004 0.0 0.0 0.0 0.0 0.0 0.0 0.0 0.0 0.0 0.0 0.0 0.0 0.0 0.0 0.0 0.0 0.0 0.0 0.0 0.0 0.0 0.0 0.0 0.0 0.0 0.0 0.0 0.0 0.0 0.0 0.0 0.0 0.0 0.0 0.0 0.0 0.0 0.0 0.0 0.0 0.0 0.0 0.0 0.0 0.0 0.0 0.0 0.0 0.0 0.0 0.0 0.0 0.0 0.0 0.0 0.0 0.0 0.0 0.0 0.0 0.0 0.0 0.0 0.0 0.0 0.0 0.0 0.0 0.0 0.0 0.0 0.0 0.0 0.0 0.0 0.0 0.0 0.0 0.0 0.0 0.0 0.0 0.0 0.0 0.0
0.338 0.352 0.367 0.381 0.38 0.38 0.379 0.377 0.373 0.369 0.364 0.36 0.356 0.352 0.347 0.343 0.339 0.335 0.331 0.326 0.322 0.318 0.317 0.317 0.303 0.285 0.268 0.25 0.233 0.215 0.198 0.18 0.163 0.145 0.128 0.11 0.092 0.075 0.062 0.058 0.053 0.048 0.044 0.039 0.035 0.03 0.026 0.021 0.017 0.012 0.008 0.003 0.0 0.0 0.0 0.0 0.0 0.0 0.0 0.0 0.0 0.0 0.0 0.0 0.0 0.0 0.0 0.0 0.0 0.0 0.0 0.0 0.0 0.0 0.0 0.0 0.0 0.0 0.0 0.0 0.0 0.0 0.0 0.0 0.0 0.0 0.0 0.0 0.0 0.0 0.0 0.0 0.0 0.0 0.0 0.0 0.0 0.0 0.0 0.0 0.0 0.0 0.0 0.0 0.0 0.0 0.0 0.0 0.0 0.0 0.0 0.0 0.0 0.0 0.0 0.0 0.0 0.0 0.0 0.0 0.0 0.0 0.0 0.0 0.0 0.0 0.0 0.0 0.0 0.0 0.0 0.0 0.0 0.0 0.0 0.0
0.347 0.361 0.376 0.391 0.401 0.401 0.399 0.395 0.391 0.387 0.382 0.378 0.374 0.37 0.366 0.361 0.357 0.353 0.349 0.344 0.34 0.336 0.335 0.324 0.306 0.289 0.271 0.254 0.236 0.219 0.201 0.184 0.166 0.148 0.131 0.113 0.096 0.078 0.066 0.061 0.057 0.052 0.048 0.043 0.038 0.034 0.029 0.025 0.02 0.016 0.011 0.007 0.002 0.0 0.0 0.0 0.0 0.0 0.0 0.0 0.0 0.0 0.0 0.0 0.0 0.0 0.0 0.0 0.0 0.0 0.0 0.0 0.0 0.0 0.0 0.0 0.0 0.0 0.0 0.0 0.0 0.0 0.0 0.0 0.0 0.0 0.0 0.0 0.0 0.0 0.0 0.0 0.0 0.0 0.0 0.0 0.0 0.0 0.0 0.0 0.0 0.0 0.0 0.0 0.0 0.0 0.0 0.0 0.0 0.0 0.0 0.0 0.0 0.0 0.0 0.0 0.0 0.0 0.0 0.0 0.0 0.0 0.0 0.0 0.0 0.0 0.0 0.0 0.0 0.0 0.0 0.0 0.0 0.0 0.0 0.0
0.356 0.37 0.385 0.4 0.415 0.422 0.417 0.413 0.409 0.405 0.401 0.396 0.392 0.388 0.384 0.379 0.375 0.371 0.367 0.362 0.358 0.354 0.345 0.327 0.31 0.292 0.275 0.257 0.24 0.222 0.204 0.187 0.169 0.152 0.134 0.117 0.099 0.082 0.069 0.065 0.06 0.056 0.051 0.047 0.042 0.038 0.033 0.028 0.024 0.019 0.015 0.01 0.006 0.001 0.0 0.0 0.0 0.0 0.0 0.0 0.0 0.0 0.0 0.0 0.0 0.0 0.0 0.0 0.0 0.0 0.0 0.0 0.0 0.0 0.0 0.0 0.0 0.0 0.0 0.0 0.0 0.0 0.0 0.0 0.0 0.0 0.0 0.0 0.0 0.0 0.0 0.0 0.0 0.0 0.0 0.0 0.0 0.0 0.0 0.0 0.0 0.0 0.0 0.0 0.0 0.0 0.0 0.0 0.0 0.0 0.0 0.0 0.0 0.0 0.0 0.0 0.0 0.0 0.0 0.0 0.0 0.0 0.0 0.0 0.0 0.0 0.0 0.0 0.0 0.0 0.0 0.0 0.0 0.0 0.0 0.0
0.371 0.386 0.401 0.415 0.43 0.444 0.444 0.44 0.436 0.431 0.427 0.422 0.418 0.414 0.409 0.405 0.4 0.396 0.392 0.387 0.383 0.378 0.371 0.352 0.334 0.316 0.298 0.28 0.261 0.243 0.225 0.207 0.188 0.17 0.152 0.134 0.116 0.097 0.072 0.067 0.063 0.058 0.054 0.049 0.045 0.041 0.036 0.032 0.027 0.023 0.018 0.014 0.009 0.005 0.0 0.0 0.0 0.0 0.0 0.0 0.0 0.0 0.0 0.0 0.0 0.0 0.0 0.0 0.0 0.0 0.0 0.0 0.0 0.0 0.0 0.0 0.0 0.0 0.0 0.0 0.0 0.0 0.0 0.0 0.0 0.0 0.0 0.0 0.0 0.0 0.0 0.0 0.0 0.0 0.0 0.0 0.0 0.0 0.0 0.0 0.0 0.0 0.0 0.0 0.0 0.0 0.0 0.0 0.0 0.0 0.0 0.0 0.0 0.0 0.0 0.0 0.0 0.0 0.0 0.0 0.0 0.0 0.0 0.0 0.0 0.0 0.0 0.0 0.0 0.0 0.0 0.0 0.0 0.0 0.0 0.0
0.388 0.402 0.417 0.432 0.447 0.461 0.472 0.469 0.465 0.46 0.456 0.452 0.447 0.443 0.438 0.434 0.43 0.425 0.421 0.416 0.412 0.408 0.408 0.397 0.379 0.361 0.342 0.324 0.306 0.288 0.27 0.251 0.233 0.215 0.197 0.179 0.16 0.142 0.106 0.067 0.063 0.058 0.054 0.049 0.045 0.04 0.036 0.032 0.027 0.023 0.018 0.014 0.009 0.005 0.0 0.0 0.0 0.0 0.0 0.0 0.0 0.0 0.0 0.0 0.0 0.0 0.0 0.0 0.0 0.0 0.0 0.0 0.0 0.0 0.0 0.0 0.0 0.0 0.0 0.0 0.0 0.0 0.0 0.0 0.0 0.0 0.0 0.0 0.0 0.0 0.0 0.0 0.0 0.0 0.0 0.0 0.0 0.0 0.0 0.0 0.0 0.0 0.0 0.0 0.0 0.0 0.0 0.0 0.0 0.0 0.0 0.0 0.0 0.0 0.0 0.0 0.0 0.0 0.0 0.0 0.0 0.0 0.0 0.0 0.0 0.0 0.0 0.0 0.0 0.0 0.0 0.0 0.0 0.0 0.0 0.0
0.404 0.419 0.433 0.449 0.464 0.478 0.489 0.499 0.494 0.49 0.485 0.481 0.477 0.472 0.468 0.463 0.459 0.454 0.45 0.446 0.441 0.437 0.437 0.438 0.424 0.405 0.387 0.369 0.351 0.333 0.314 0.296 0.278 0.26 0.241 0.223 0.205 0.187 0.15 0.091 0.063 0.058 0.054 0.049 0.045 0.04 0.036 0.031 0.027 0.022 0.018 0.014 0.009 0.005 0.0 0.0 0.0 0.0 0.0 0.0 0.0 0.0 0.0 0.0 0.0 0.0 0.0 0.0 0.0 0.0 0.0 0.0 0.0 0.0 0.0 0.0 0.0 0.0 0.0 0.0 0.0 0.0 0.0 0.0 0.0 0.0 0.0 0.0 0.0 0.0 0.0 0.0 0.0 0.0 0.0 0.0 0.0 0.0 0.0 0.0 0.0 0.0 0.0 0.0 0.0 0.0 0.0 0.0 0.0 0.0 0.0 0.0 0.0 0.0 0.0 0.0 0.0 0.0 0.0 0.0 0.0 0.0 0.0 0.0 0.0 0.0 0.0 0.0 0.0 0.0 0.0 0.0 0.0 0.0 0.0 0.0
0.42 0.435 0.45 0.466 0.481 0.495 0.506 0.517 0.523 0.519 0.515 0.51 0.506 0.501 0.497 0.493 0.488 0.484 0.479 0.475 0.471 0.466 0.467 0.468 0.468 0.45 0.432 0.414 0.395 0.377 0.359 0.341 0.323 0.304 0.286 0.268 0.25 0.232 0.194 0.135 0.075 0.058 0.054 0.049 0.045 0.04 0.036 0.031 0.027 0.022 0.018 0.013 0.009 0.005 0.0 0.0 0.0 0.0 0.0 0.0 0.0 0.0 0.0 0.0 0.0 0.0 0.0 0.0 0.0 0.0 0.0 0.0 0.0 0.0 0.0 0.0 0.0 0.0 0.0 0.0 0.0 0.0 0.0 0.0 0.0 0.0 0.0 0.0 0.0 0.0 0.0 0.0 0.0 0.0 0.0 0.0 0.0 0.0 0.0 0.0 0.0 0.0 0.0 0.0 0.0 0.0 0.0 0.0 0.0 0.0 0.0 0.0 0.0 0.0 0.0 0.0 0.0 0.0 0.0 0.0 0.0 0.0 0.0 0.0 0.0 0.0 0.0 0.0 0.0 0.0 0.0 0.0 0.0 0.0 0.0 0.0
0.437 0.452 0.467 0.483 0.498 0.512 0.523 0.534 0.545 0.548 0.544 0.539 0.535 0.531 0.526 0.522 0.517 0.513 0.509 0.504 0.5 0.495 0.496 0.497 0.498 0.495 0.477 0.458 0.44 0.422 0.404 0.386 0.367 0.349 0.331 0.313 0.294 0.276 0.238 0.179 0.119 0.059 0.054 0.049 0.045 0.04 0.036 0.031 0.027 0.022 0.018 0.013 0.009 0.004 0.0 0.0 0.0 0.0 0.0 0.0 0.0 0.0 0.0 0.0 0.0 0.0 0.0 0.0 0.0 0.0 0.0 0.0 0.0 0.0 0.0 0.0 0.0 0.0 0.0 0.0 0.0 0.0 0.0 0.0 0.0 0.0 0.0 0.0 0.0 0.0 0.0 0.0 0.0 0.0 0.0 0.0 0.0 0.0 0.0 0.0 0.0 0.0 0.0 0.0 0.0 0.0 0.0 0.0 0.0 0.0 0.0 0.0 0.0 0.0 0.0 0.0 0.0 0.0 0.0 0.0 0.0 0.0 0.0 0.0 0.0 0.0 0.0 0.0 0.0 0.0 0.0 0.0 0.0 0.0 0.0 0.0
0.453 0.469 0.484 0.5 0.515 0.529 0.54 0.551 0.562 0.573 0.573 0.569 0.564 0.56 0.556 0.551 0.547 0.542 0.538 0.533 0.529 0.525 0.525 0.526 0.527 0.528 0.521 0.503 0.485 0.467 0.448 0.43 0.412 0.394 0.376 0.357 0.339 0.321 0.282 0.223 0.163 0.103 0.054 0.049 0.045 0.04 0.036 0.031 0.027 0.022 0.018 0.013 0.009 0.004 0.0 0.0 0.0 0.0 0.0 0.0 0.0 0.0 0.0 0.0 0.0 0.0 0.0 0.0 0.0 0.0 0.0 0.0 0.0 0.0 0.0 0.0 0.0 0.0 0.0 0.0 0.0 0.0 0.0 0.0 0.0 0.0 0.0 0.0 0.0 0.0 0.0 0.0 0.0 0.0 0.0 0.0 0.0 0.0 0.0 0.0 0.0 0.0 0.0 0.0 0.0 0.0 0.0 0.0 0.0 0.0 0.0 0.0 0.0 0.0 0.0 0.0 0.0 0.0 0.0 0.0 0.0 0.0 0.0 0.0 0.0 0.0 0.0 0.0 0.0 0.0 0.0 0.0 0.0 0.0 0.0 0.0
0.47 0.486 0.501 0.517 0.532 0.546 0.557 0.568 0.579 0.59 0.601 0.598 0.594 0.589 0.585 0.58 0.576 0.572 0.567 0.563 0.558 0.554 0.555 0.556 0.557 0.558 0.559 0.548 0.53 0.511 0.493 0.475 0.457 0.439 0.42 0.402 0.384 0.366 0.326 0.267 0.207 0.147 0.088 0.049 0.045 0.04 0.036 0.031 0.027 0.022 0.018 0.013 0.009 0.004 0.0 0.0 0.0 0.0 0.0 0.0 0.0 0.0 0.0 0.0 0.0 0.0 0.0 0.0 0.0 0.0 0.0 0.0 0.0 0.0 0.0 0.0 0.0 0.0 0.0 0.0 0.0 0.0 0.0 0.0 0.0 0.0 0.0 0.0 0.0 0.0 0.0 0.0 0.0 0.0 0.0 0.0 0.0 0.0 0.0 0.0 0.0 0.0 0.0 0.0 0.0 0.0 0.0 0.0 0.0 0.0 0.0 0.0 0.0 0.0 0.0 0.0 0.0 0.0 0.0 0.0 0.0 0.0 0.0 0.0 0.0 0.0 0.0 0.0 0.0 0.0 0.0 0.0 0.0 0.0 0.0 0.0
0.487 0.503 0.519 0.534 0.55 0.563 0.574 0.585 0.596 0.607 0.618 0.627 0.623 0.618 0.614 0.61 0.605 0.601 0.596 0.592 0.588 0.583 0.584 0.585 0.586 0.587 0.588 0.589 0.574 0.556 0.538 0.52 0.501 0.483 0.465 0.447 0.429 0.41 0.371 0.311 0.251 0.191 0.132 0.072 0.044 0.04 0.036 0.031 0.027 0.022 0.018 0.013 0.009 0.004 0.0 0.0 0.0 0.0 0.0 0.0 0.0 0.0 0.0 0.0 0.0 0.0 0.0 0.0 0.0 0.0 0.0 0.0 0.0 0.0 0.0 0.0 0.0 0.0 0.0 0.0 0.0 0.0 0.0 0.0 0.0 0.0 0.0 0.0 0.0 0.0 0.0 0.0 0.0 0.0 0.0 0.0 0.0 0.0 0.0 0.0 0.0 0.0 0.0 0.0 0.0 0.0 0.0 0.0 0.0 0.0 0.0 0.0 0.0 0.0 0.0 0.0 0.0 0.0 0.0 0.0 0.0 0.0 0.0 0.0 0.0 0.0 0.0 0.0 0.0 0.0 0.0 0.0 0.0 0.0 0.0 0.0
0.505 0.52 0.536 0.551 0.567 0.58 0.591 0.602 0.613 0.624 0.635 0.646 0.652 0.648 0.643 0.639 0.635 0.63 0.626 0.621 0.617 0.613 0.613 0.615 0.616 0.617 0.618 0.619 0.619 0.601 0.583 0.564 0.546 0.528 0.51 0.492 0.473 0.455 0.415 0.355 0.295 0.235 0.176 0.116 0.056 0.04 0.035 0.031 0.027 0.022 0.018 0.013 0.009 0.004 0.0 0.0 0.0 0.0 0.0 0.0 0.0 0.0 0.0 0.0 0.0 0.0 0.0 0.0 0.0 0.0 0.0 0.0 0.0 0.0 0.0 0.0 0.0 0.0 0.0 0.0 0.0 0.0 0.0 0.0 0.0 0.0 0.0 0.0 0.0 0.0 0.0 0.0 0.0 0.0 0.0 0.0 0.0 0.0 0.0 0.0 0.0 0.0 0.0 0.0 0.0 0.0 0.0 0.0 0.0 0.0 0.0 0.0 0.0 0.0 0.0 0.0 0.0 0.0 0.0 0.0 0.0 0.0 0.0 0.0 0.0 0.0 0.0 0.0 0.0 0.0 0.0 0.0 0.0 0.0 0.0 0.0
0.522 0.537 0.553 0.568 0.584 0.597 0.608 0.619 0.63 0.641 0.652 0.663 0.673 0.677 0.673 0.668 0.664 0.659 0.655 0.651 0.646 0.642 0.643 0.644 0.645 0.646 0.647 0.648 0.649 0.645 0.627 0.609 0.591 0.573 0.554 0.536 0.518 0.5 0.459 0.399 0.339 0.279 0.22 0.16 0.1 0.041 0.035 0.031 0.026 0.022 0.017 0.013 0.009 0.004 0.0 0.0 0.0 0.0 0.0 0.0 0.0 0.0 0.0 0.0 0.0 0.0 0.0 0.0 0.0 0.0 0.0 0.0 0.0 0.0 0.0 0.0 0.0 0.0 0.0 0.0 0.0 0.0 0.0 0.0 0.0 0.0 0.0 0.0 0.0 0.0 0.0 0.0 0.0 0.0 0.0 0.0 0.0 0.0 0.0 0.0 0.0 0.0 0.0 0.0 0.0 0.0 0.0 0.0 0.0 0.0 0.0 0.0 0.0 0.0 0.0 0.0 0.0 0.0 0.0 0.0 0.0 0.0 0.0 0.0 0.0 0.0 0.0 0.0 0.0 0.0 0.0 0.0 0.0 0.0 0.0 0.0
0.539 0.554 0.57 0.585 0.601 0.614 0.625 0.636 0.647 0.658 0.669 0.68 0.69 0.701 0.702 0.697 0.693 0.689 0.684 0.68 0.675 0.671 0.672 0.673 0.674 0.675 0.676 0.677 0.678 0.679 0.672 0.654 0.636 0.617 0.599 0.581 0.563 0.545 0.503 0.443 0.383 0.324 0.264 0.204 0.144 0.085 0.035 0.031 0.026 0.022 0.017 0.013 0.008 0.004 0.0 0.0 0.0 0.0 0.0 0.0 0.0 0.0 0.0 0.0 0.0 0.0 0.0 0.0 0.0 0.0 0.0 0.0 0.0 0.0 0.0 0.0 0.0 0.0 0.0 0.0 0.0 0.0 0.0 0.0 0.0 0.0 0.0 0.0 0.0 0.0 0.0 0.0 0.0 0.0 0.0 0.0 0.0 0.0 0.0 0.0 0.0 0.0 0.0 0.0 0.0 0.0 0.0 0.0 0.0 0.0 0.0 0.0 0.0 0.0 0.0 0.0 0.0 0.0 0.0 0.0 0.0 0.0 0.0 0.0 0.0 0.0 0.0 0.0 0.0 0.0 0.0 0.0 0.0 0.0 0.0 0.0
0.556 0.571 0.587 0.602 0.618 0.631 0.642 0.653 0.664 0.675 0.686 0.697 0.708 0.718 0.729 0.727 0.722 0.718 0.714 0.709 0.705 0.701 0.702 0.703 0.704 0.705 0.706 0.707 0.708 0.709 0.71 0.698 0.68 0.662 0.644 0.626 0.607 0.589 0.547 0.487 0.427 0.368 0.308 0.248 0.188 0.129 0.069 0.031 0.026 0.022 0.017 0.013 0.008 0.004 0.0 0.0 0.0 0.0 0.0 0.0 0.0 0.0 0.0 0.0 0.0 0.0 0.0 0.0 0.0 0.0 0.0 0.0 0.0 0.0 0.0 0.0 0.0 0.0 0.0 0.0 0.0 0.0 0.0 0.0 0.0 0.0 0.0 0.0 0.0 0.0 0.0 0.0 0.0 0.0 0.0 0.0 0.0 0.0 0.0 0.0 0.0 0.0 0.0 0.0 0.0 0.0 0.0 0.0 0.0 0.0 0.0 0.0 0.0 0.0 0.0 0.0 0.0 0.0 0.0 0.0 0.0 0.0 0.0 0.0 0.0 0.0 0.0 0.0 0.0 0.0 0.0 0.0 0.0 0.0 0.0 0.0
0.573 0.589 0.604 0.62 0.635 0.648 0.659 0.67 0.681 0.692 0.703 0.714 0.725 0.735 0.746 0.756 0.752 0.747 0.743 0.738 0.734 0.73 0.731 0.732 0.733 0.734 0.735 0.736 0.737 0.738 0.739 0.74 0.725 0.707 0.689 0.67 0.652 0.634 0.591 0.531 0.471 0.412 0.352 0.292 0.232 0.173 0.113 0.053 0.026 0.022 0.017 0.013 0.008 0.004 0.0 0.0 0.0 0.0 0.0 0.0 0.0 0.0 0.0 0.0 0.0 0.0 0.0 0.0 0.0 0.0 0.0 0.0 0.0 0.0 0.0 0.0 0.0 0.0 0.0 0.0 0.0 0.0 0.0 0.0 0.0 0.0 0.0 0.0 0.0 0.0 0.0 0.0 0.0 0.0 0.0 0.0 0.0 0.0 0.0 0.0 0.0 0.0 0.0 0.0 0.0 0.0 0.0 0.0 0.0 0.0 0.0 0.0 0.0 0.0 0.0 0.0 0.0 0.0 0.0 0.0 0.0 0.0 0.0 0.0 0.0 0.0 0.0 0.0 0.0 0.0 0.0 0.0 0.0 0.0 0.0 0.0
0.59 0.606 0.621 0.637 0.652 0.665 0.676 0.687 0.698 0.709 0.72 0.731 0.742 0.753 0.763 0.774 0.781 0.777 0.772 0.768 0.763 0.759 0.76 0.761 0.762 0.763 0.764 0.765 0.766 0.767 0.768 0.769 0.77 0.751 0.733 0.715 0.697 0.679 0.635 0.575 0.515 0.456 0.396 0.336 0.277 0.217 0.157 0.097 0.038 0.022 0.017 0.013 0.008 0.004 0.0 0.0 0.0 0.0 0.0 0.0 0.0 0.0 0.0 0.0 0.0 0.0 0.0 0.0 0.0 0.0 0.0 0.0 0.0 0.0 0.0 0.0 0.0 0.0 0.0 0.0 0.0 0.0 0.0 0.0 0.0 0.0 0.0 0.0 0.0 0.0 0.0 0.0 0.0 0.0 0.0 0.0 0.0 0.0 0.0 0.0 0.0 0.0 0.0 0.0 0.0 0.0 0.0 0.0 0.0 0.0 0.0 0.0 0.0 0.0 0.0 0.0 0.0 0.0 0.0 0.0 0.0 0.0 0.0 0.0 0.0 0.0 0.0 0.0 0.0 0.0 0.0 0.0 0.0 0.0 0.0 0.0
0.607 0.623 0.638 0.654 0.669 0.682 0.693 0.704 0.715 0.726 0.737 0.748 0.759 0.77 0.78 0.791 0.802 0.806 0.801 0.797 0.793 0.789 0.79 0.791 0.792 0.793 0.794 0.795 0.796 0.797 0.798 0.799 0.8 0.796 0.778 0.76 0.742 0.723 0.679 0.619 0.559 0.5 0.44 0.38 0.321 0.261 0.201 0.141 0.082 0.022 0.017 0.013 0.008 0.004 0.0 0.0 0.0 0.0 0.0 0.0 0.0 0.0 0.0 0.0 0.0 0.0 0.0 0.0 0.0 0.0 0.0 0.0 0.0 0.0 0.0 0.0 0.0 0.0 0.0 0.0 0.0 0.0 0.0 0.0 0.0 0.0 0.0 0.0 0.0 0.0 0.0 0.0 0.0 0.0 0.0 0.0 0.0 0.0 0.0 0.0 0.0 0.0 0.0 0.0 0.0 0.0 0.0 0.0 0.0 0.0 0.0 0.0 0.0 0.0 0.0 0.0 0.0 0.0 0.0 0.0 0.0 0.0 0.0 0.0 0.0 0.0 0.0 0.0 0.0 0.0 0.0 0.0 0.0 0.0 0.0 0.0
0.624 0.64 0.655 0.671 0.686 0.699 0.71 0.721 0.732 0.743 0.754 0.765 0.776 0.787 0.797 0.808 0.819 0.83 0.831 0.826 0.822 0.818 0.819 0.82 0.821 0.822 0.823 0.824 0.825 0.826 0.827 0.828 0.829 0.83 0.823 0.804 0.786 0.768 0.723 0.663 0.603 0.544 0.484 0.424 0.365 0.305 0.245 0.185 0.126 0.066 0.017 0.013 0.008 0.004 0.0 0.0 0.0 0.0 0.0 0.0 0.0 0.0 0.0 0.0 0.0 0.0 0.0 0.0 0.0 0.0 0.0 0.0 0.0 0.0 0.0 0.0 0.0 0.0 0.0 0.0 0.0 0.0 0.0 0.0 0.0 0.0 0.0 0.0 0.0 0.0 0.0 0.0 0.0 0.0 0.0 0.0 0.0 0.0 0.0 0.0 0.0 0.0 0.0 0.0 0.0 0.0 0.0 0.0 0.0 0.0 0.0 0.0 0.0 0.0 0.0 0.0 0.0 0.0 0.0 0.0 0.0 0.0 0.0 0.0 0.0 0.0 0.0 0.0 0.0 0.0 0.0 0.0 0.0 0.0 0.0 0.0
0.641 0.657 0.673 0.688 0.704 0.716 0.727 0.738 0.749 0.76 0.771 0.782 0.793 0.804 0.815 0.825 0.836 0.847 0.858 0.856 0.851 0.847 0.848 0.849 0.85 0.851 0.852 0.853 0.854 0.855 0.856 0.857 0.858 0.859 0.86 0.849 0.831 0.813 0.767 0.707 0.647 0.588 0.528 0.468 0.409 0.349 0.289 0.23 0.17 0.11 0.05 0.013 0.008 0.004 0.0 0.0 0.0 0.0 0.0 0.0 0.0 0.0 0.0 0.0 0.0 0.0 0.0 0.0 0.0 0.0 0.0 0.0 0.0 0.0 0.0 0.0 0.0 0.0 0.0 0.0 0.0 0.0 0.0 0.0 0.0 0.0 0.0 0.0 0.0 0.0 0.0 0.0 0.0 0.0 0.0 0.0 0.0 0.0 0.0 0.0 0.0 0.0 0.0 0.0 0.0 0.0 0.0 0.0 0.0 0.0 0.0 0.0 0.0 0.0 0.0 0.0 0.0 0.0 0.0 0.0 0.0 0.0 0.0 0.0 0.0 0.0 0.0 0.0 0.0 0.0 0.0 0.0 0.0 0.0 0.0 0.0
0.659 0.674 0.69 0.705 0.721 0.733 0.744 0.755 0.766 0.777 0.788 0.799 0.81 0.821 0.832 0.842 0.853 0.864 0.875 0.885 0.88 0.877 0.878 0.879 0.88 0.881 0.882 0.883 0.884 0.885 0.886 0.887 0.888 0.889 0.89 0.891 0.876 0.857 0.811 0.751 0.691 0.632 0.572 0.512 0.453 0.393 0.333 0.274 0.214 0.154 0.094 0.035 0.008 0.003 0.0 0.0 0.0 0.0 0.0 0.0 0.0 0.0 0.0 0.0 0.0 0.0 0.0 0.0 0.0 0.0 0.0 0.0 0.0 0.0 0.0 0.0 0.0 0.0 0.0 0.0 0.0 0.0 0.0 0.0 0.0 0.0 0.0 0.0 0.0 0.0 0.0 0.0 0.0 0.0 0.0 0.0 0.0 0.0 0.0 0.0 0.0 0.0 0.0 0.0 0.0 0.0 0.0 0.0 0.0 0.0 0.0 0.0 0.0 0.0 0.0 0.0 0.0 0.0 0.0 0.0 0.0 0.0 0.0 0.0 0.0 0.0 0.0 0.0 0.0 0.0 0.0 0.0 0.0 0.0 0.0 0.0
0.676 0.691 0.707 0.722 0.738 0.75 0.761 0.772 0.783 0.794 0.805 0.816 0.827 0.838 0.849 0.859 0.87 0.881 0.892 0.903 0.91 0.906 0.907 0.908 0.909 0.91 0.911 0.912 0.913 0.914 0.915 0.916 0.917 0.918 0.919 0.92 0.92 0.902 0.855 0.795 0.735 0.676 0.616 0.556 0.497 0.437 0.377 0.318 0.258 0.198 0.138 0.079 0.019 0.003 0.0 0.0 0.0 0.0 0.0 0.0 0.0 0.0 0.0 0.0 0.0 0.0 0.0 0.0 0.0 0.0 0.0 0.0 0.0 0.0 0.0 0.0 0.0 0.0 0.0 0.0 0.0 0.0 0.0 0.0 0.0 0.0 0.0 0.0 0.0 0.0 0.0 0.0 0.0 0.0 0.0 0.0 0.0 0.0 0.0 0.0 0.0 0.0 0.0 0.0 0.0 0.0 0.0 0.0 0.0 0.0 0.0 0.0 0.0 0.0 0.0 0.0 0.0 0.0 0.0 0.0 0.0 0.0 0.0 0.0 0.0 0.0 0.0 0.0 0.0 0.0 0.0 0.0 0.0 0.0 0.0 0.0
0.693 0.708 0.724 0.739 0.755 0.767 0.778 0.789 0.8 0.811 0.822 0.833 0.844 0.855 0.866 0.877 0.887 0.898 0.909 0.92 0.931 0.935 0.936 0.937 0.938 0.939 0.94 0.941 0.942 0.943 0.944 0.945 0.946 0.947 0.948 0.949 0.95 0.947 0.899 0.839 0.779 0.72 0.66 0.6 0.541 0.481 0.421 0.362 0.302 0.242 0.183 0.123 0.063 0.003 0.0 0.0 0.0 0.0 0.0 0.0 0.0 0.0 0.0 0.0 0.0 0.0 0.0 0.0 0.0 0.0 0.0 0.0 0.0 0.0 0.0 0.0 0.0 0.0 0.0 0.0 0.0 0.0 0.0 0.0 0.0 0.0 0.0 0.0 0.0 0.0 0.0 0.0 0.0 0.0 0.0 0.0 0.0 0.0 0.0 0.0 0.0 0.0 0.0 0.0 0.0 0.0 0.0 0.0 0.0 0.0 0.0 0.0 0.0 0.0 0.0 0.0 0.0 0.0 0.0 0.0 0.0 0.0 0.0 0.0 0.0 0.0 0.0 0.0 0.0 0.0 0.0 0.0 0.0 0.0 0.0 0.0
0.708 0.724 0.739 0.755 0.77 0.791 0.803 0.814 0.824 0.835 0.846 0.857 0.867 0.878 0.889 0.9 0.911 0.921 0.932 0.943 0.954 0.963 0.964 0.965 0.966 0.967 0.968 0.969 0.97 0.971 0.972 0.973 0.974 0.975 0.976 0.977 0.978 0.978 0.928 0.869 0.81 0.751 0.692 0.633 0.574 0.515 0.456 0.397 0.338 0.279 0.22 0.161 0.102 0.043 0.0 0.0 0.0 0.0 0.0 0.0 0.0 0.0 0.0 0.0 0.0 0.0 0.0 0.0 0.0 0.0 0.0 0.0 0.0 0.0 0.0 0.0 0.0 0.0 0.0 0.0 0.0 0.0 0.0 0.0 0.0 0.0 0.0 0.0 0.0 0.0 0.0 0.0 0.0 0.0 0.0 0.0 0.0 0.0 0.0 0.0 0.0 0.0 0.0 0.0 0.0 0.0 0.0 0.0 0.0 0.0 0.0 0.0 0.0 0.0 0.0 0.0 0.0 0.0 0.0 0.0 0.0 0.0 0.0 0.0 0.0 0.0 0.0 0.0 0.0 0.0 0.0 0.0 0.0 0.0 0.0 0.0
0.723 0.739 0.754 0.77 0.785 0.806 0.829 0.839 0.85 0.861 0.872 0.882 0.893 0.904 0.915 0.925 0.936 0.947 0.958 0.969 0.979 0.988 0.989 0.99 0.991 0.992 0.993 0.994 0.995 0.997 0.998 0.999 1.0 1.001 1.002 1.003 1.004 0.959 0.921 0.87 0.811 0.752 0.693 0.634 0.575 0.516 0.457 0.398 0.339 0.28 0.221 0.162 0.103 0.044 0.002 0.002 0.002 0.002 0.002 0.002 0.002 0.002 0.002 0.002 0.002 0.002 0.002 0.002 0.002 0.002 0.001 0.001 0.001 0.001 0.001 0.001 0.001 0.001 0.001 0.001 0.001 0.001 0.0 0.0 0.0 0.0 0.0 0.0 0.0 0.0 0.0 0.0 0.0 0.0 0.0 0.0 0.0 0.0 0.0 0.0 0.0 0.0 0.0 0.0 0.0 0.0 0.0 0.0 0.0 0.0 0.0 0.0 0.0 0.0 0.0 0.0 0.0 0.0 0.0 0.0 0.0 0.0 0.0 0.0 0.0 0.0 0.0 0.0 0.0 0.0 0.0 0.0 0.0 0.0 0.0 0.0
0.738 0.754 0.769 0.785 0.8 0.822 0.846 0.865 0.876 0.887 0.897 0.908 0.919 0.93 0.94 0.951 0.962 0.973 0.983 0.994 1.005 1.014 1.015 1.016 1.017 1.018 1.019 1.02 1.021 1.022 1.023 1.024 1.025 1.026 1.027 1.028 0.991 0.94 0.902 0.868 0.813 0.754 0.695 0.636 0.577 0.518 0.459 0.4 0.341 0.282 0.223 0.164 0.105 0.046 0.004 0.004 0.004 0.004 0.004 0.004 0.004 0.004 0.004 0.004 0.004 0.004 0.004 0.004 0.004 0.003 0.002 0.001 0.001 0.001 0.001 0.001 0.001 0.001 0.001 0.001 0.001 0.001 0.001 0.001 0.001 0.001 0.001 0.0 0.0 0.0 0.0 0.0 0.0 0.0 0.0 0.0 0.0 0.0 0.0 0.0 0.0 0.0 0.0 0.0 0.0 0.0 0.0 0.0 0.0 0.0 0.0 0.0 0.0 0.0 0.0 0.0 0.0 0.0 0.0 0.0 0.0 0.0 0.0 0.0 0.0 0.0 0.0 0.0 0.0 0.0 0.0 0.0 0.0 0.0 0.0 0.0
0.753 0.769 0.784 0.8 0.816 0.837 0.861 0.885 0.901 0.912 0.923 0.934 0.945 0.955 0.966 0.977 0.988 0.998 1.009 1.02 1.031 1.039 1.04 1.041 1.042 1.043 1.044 1.046 1.047 1.048 1.049 1.05 1.051 1.052 1.053 1.023 0.972 0.921 0.883 0.849 0.814 0.755 0.696 0.637 0.578 0.519 0.46 0.401 0.342 0.283 0.224 0.165 0.106 0.047 0.007 0.006 0.006 0.006 0.006 0.006 0.006 0.006 0.006 0.006 0.006 0.006 0.006 0.006 0.006 0.004 0.002 0.002 0.002 0.002 0.002 0.002 0.002 0.002 0.002 0.002 0.002 0.002 0.002 0.002 0.002 0.002 0.001 0.0 0.0 0.0 0.0 0.0 0.0 0.0 0.0 0.0 0.0 0.0 0.0 0.0 0.0 0.0 0.0 0.0 0.0 0.0 0.0 0.0 0.0 0.0 0.0 0.0 0.0 0.0 0.0 0.0 0.0 0.0 0.0 0.0 0.0 0.0 0.0 0.0 0.0 0.0 0.0 0.0 0.0 0.0 0.0 0.0 0.0 0.0 0.0 0.0
0.768 0.784 0.8 0.815 0.831 0.852 0.876 0.9 0.924 0.938 0.949 0.959 0.97 0.981 0.992 1.003 1.013 1.024 1.035 1.046 1.056 1.065 1.066 1.067 1.068 1.069 1.07 1.071 1.072 1.073 1.074 1.075 1.076 1.077 1.056 1.005 0.953 0.902 0.865 0.831 0.796 0.756 0.697 0.638 0.579 0.52 0.461 0.402 0.343 0.284 0.225 0.166 0.107 0.048 0.009 0.009 0.009 0.009 0.008 0.008 0.008 0.008 0.008 0.008 0.008 0.008 0.008 0.008 0.006 0.005 0.003 0.003 0.003 0.003 0.003 0.003 0.003 0.003 0.003 0.003 0.003 0.003 0.003 0.003 0.003 0.002 0.001 0.0 0.0 0.0 0.0 0.0 0.0 0.0 0.0 0.0 0.0 0.0 0.0 0.0 0.0 0.0 0.0 0.0 0.0 0.0 0.0 0.0 0.0 0.0 0.0 0.0 0.0 0.0 0.0 0.0 0.0 0.0 0.0 0.0 0.0 0.0 0.0 0.0 0.0 0.0 0.0 0.0 0.0 0.0 0.0 0.0 0.0 0.0 0.0 0.0
0.784 0.799 0.815 0.83 0.846 0.867 0.891 0.915 0.939 0.963 0.974 0.985 0.996 1.007 1.018 1.028 1.039 1.05 1.061 1.071 1.082 1.09 1.091 1.092 1.093 1.095 1.096 1.097 1.098 1.099 1.1 1.101 1.102 1.088 1.037 0.986 0.935 0.884 0.846 0.812 0.778 0.743 0.698 0.639 0.58 0.521 0.462 0.403 0.344 0.285 0.226 0.167 0.108 0.049 0.011 0.011 0.011 0.011 0.011 0.011 0.011 0.01 0.01 0.01 0.01 0.01 0.01 0.009 0.007 0.006 0.004 0.004 0.004 0.004 0.004 0.004 0.004 0.004 0.004 0.004 0.004 0.004 0.004 0.003 0.003 0.002 0.001 0.001 0.0 0.0 0.0 0.0 0.0 0.0 0.0 0.0 0.0 0.0 0.0 0.0 0.0 0.0 0.0 0.0 0.0 0.0 0.0 0.0 0.0 0.0 0.0 0.0 0.0 0.0 0.0 0.0 0.0 0.0 0.0 0.0 0.0 0.0 0.0 0.0 0.0 0.0 0.0 0.0 0.0 0.0 0.0 0.0 0.0 0.0 0.0 0.0
0.799 0.814 0.83 0.845 0.861 0.883 0.907 0.93 0.954 0.978 1.0 1.011 1.022 1.032 1.043 1.054 1.065 1.076 1.086 1.097 1.108 1.116 1.117 1.118 1.119 1.12 1.121 1.122 1.123 1.124 1.125 1.126 1.12 1.069 1.018 0.967 0.916 0.865 0.828 0.793 0.759 0.725 0.691 0.64 0.581 0.522 0.463 0.404 0.345 0.286 0.227 0.168 0.109 0.05 0.013 0.013 0.013 0.013 0.013 0.013 0.013 0.013 0.013 0.013 0.012 0.012 0.011 0.01 0.008 0.006 0.005 0.005 0.005 0.005 0.005 0.005 0.005 0.005 0.005 0.005 0.004 0.004 0.004 0.004 0.003 0.002 0.001 0.001 0.001 0.0 0.0 0.0 0.0 0.0 0.0 0.0 0.0 0.0 0.0 0.0 0.0 0.0 0.0 0.0 0.0 0.0 0.0 0.0 0.0 0.0 0.0 0.0 0.0 0.0 0.0 0.0 0.0 0.0 0.0 0.0 0.0 0.0 0.0 0.0 0.0 0.0 0.0 0.0 0.0 0.0 0.0 0.0 0.0 0.0 0.0 0.0
0.814 0.829 0.845 0.86 0.876 0.898 0.922 0.946 0.97 0.993 1.017 1.037 1.047 1.058 1.069 1.08 1.09 1.101 1.112 1.123 1.134 1.141 1.142 1.144 1.145 1.146 1.147 1.148 1.149 1.15 1.151 1.152 1.101 1.05 0.999 0.948 0.897 0.846 0.809 0.775 0.74 0.706 0.672 0.638 0.582 0.523 0.464 0.405 0.346 0.287 0.228 0.169 0.11 0.051 0.015 0.015 0.015 0.015 0.015 0.015 0.015 0.015 0.015 0.015 0.015 0.014 0.012 0.01 0.009 0.007 0.006 0.005 0.005 0.005 0.005 0.005 0.005 0.005 0.005 0.005 0.005 0.005 0.005 0.004 0.003 0.002 0.001 0.001 0.001 0.001 0.0 0.0 0.0 0.0 0.0 0.0 0.0 0.0 0.0 0.0 0.0 0.0 0.0 0.0 0.0 0.0 0.0 0.0 0.0 0.0 0.0 0.0 0.0 0.0 0.0 0.0 0.0 0.0 0.0 0.0 0.0 0.0 0.0 0.0 0.0 0.0 0.0 0.0 0.0 0.0 0.0 0.0 0.0 0.0 0.0 0.0
0.829 0.844 0.86 0.876 0.891 0.913 0.937 0.961 0.985 1.009 1.032 1.056 1.073 1.084 1.095 1.105 1.116 1.127 1.138 1.149 1.159 1.167 1.168 1.169 1.17 1.171 1.172 1.173 1.174 1.175 1.176 1.133 1.082 1.031 0.98 0.929 0.878 0.827 0.79 0.756 0.722 0.688 0.653 0.619 0.583 0.524 0.465 0.406 0.347 0.288 0.229 0.17 0.111 0.052 0.017 0.017 0.017 0.017 0.017 0.017 0.017 0.017 0.017 0.017 0.016 0.014 0.013 0.011 0.01 0.008 0.006 0.006 0.006 0.006 0.006 0.006 0.006 0.006 0.006 0.006 0.006 0.005 0.005 0.004 0.003 0.002 0.002 0.001 0.001 0.001 0.0 0.0 0.0 0.0 0.0 0.0 0.0 0.0 0.0 0.0 0.0 0.0 0.0 0.0 0.0 0.0 0.0 0.0 0.0 0.0 0.0 0.0 0.0 0.0 0.0 0.0 0.0 0.0 0.0 0.0 0.0 0.0 0.0 0.0 0.0 0.0 0.0 0.0 0.0 0.0 0.0 0.0 0.0 0.0 0.0 0.0
0.844 0.86 0.875 0.891 0.906 0.928 0.952 0.976 1.0 1.024 1.048 1.072 1.095 1.11 1.12 1.131 1.142 1.153 1.163 1.174 1.185 1.192 1.194 1.195 1.196 1.197 1.198 1.199 1.2 1.201 1.165 1.114 1.063 1.012 0.961 0.91 0.859 0.808 0.772 0.737 0.703 0.669 0.635 0.6 0.566 0.526 0.467 0.408 0.349 0.29 0.231 0.172 0.113 0.054 0.019 0.019 0.019 0.019 0.019 0.019 0.019 0.019 0.019 0.018 0.017 0.015 0.014 0.012 0.01 0.009 0.007 0.007 0.007 0.007 0.007 0.007 0.007 0.007 0.007 0.007 0.006 0.006 0.005 0.004 0.003 0.002 0.002 0.001 0.001 0.001 0.001 0.0 0.0 0.0 0.0 0.0 0.0 0.0 0.0 0.0 0.0 0.0 0.0 0.0 0.0 0.0 0.0 0.0 0.0 0.0 0.0 0.0 0.0 0.0 0.0 0.0 0.0 0.0 0.0 0.0 0.0 0.0 0.0 0.0 0.0 0.0 0.0 0.0 0.0 0.0 0.0 0.0 0.0 0.0 0.0 0.0
0.859 0.875 0.89 0.906 0.921 0.944 0.968 0.991 1.015 1.039 1.063 1.087 1.111 1.135 1.146 1.157 1.168 1.178 1.189 1.2 1.211 1.218 1.219 1.22 1.221 1.222 1.223 1.224 1.225 1.197 1.146 1.095 1.044 0.993 0.942 0.891 0.84 0.789 0.753 0.719 0.685 0.65 0.616 0.582 0.548 0.513 0.468 0.409 0.35 0.291 0.232 0.173 0.114 0.055 0.021 0.021 0.021 0.021 0.021 0.021 0.021 0.021 0.021 0.019 0.017 0.016 0.014 0.013 0.011 0.009 0.008 0.008 0.008 0.008 0.008 0.008 0.008 0.008 0.008 0.007 0.007 0.006 0.005 0.004 0.003 0.003 0.002 0.001 0.001 0.001 0.001 0.001 0.0 0.0 0.0 0.0 0.0 0.0 0.0 0.0 0.0 0.0 0.0 0.0 0.0 0.0 0.0 0.0 0.0 0.0 0.0 0.0 0.0 0.0 0.0 0.0 0.0 0.0 0.0 0.0 0.0 0.0 0.0 0.0 0.0 0.0 0.0 0.0 0.0 0.0 0.0 0.0 0.0 0.0 0.0 0.0
0.874 0.89 0.905 0.921 0.936 0.959 0.983 1.007 1.031 1.054 1.078 1.102 1.126 1.15 1.172 1.183 1.193 1.204 1.215 1.226 1.236 1.244 1.245 1.246 1.247 1.248 1.249 1.25 1.23 1.179 1.128 1.077 1.025 0.974 0.923 0.872 0.821 0.77 0.735 0.7 0.666 0.632 0.597 0.563 0.529 0.495 0.46 0.41 0.351 0.292 0.233 0.174 0.115 0.056 0.023 0.023 0.023 0.023 0.023 0.023 0.023 0.023 0.021 0.02 0.018 0.017 0.015 0.013 0.012 0.01 0.009 0.009 0.009 0.009 0.009 0.009 0.009 0.009 0.008 0.007 0.007 0.006 0.005 0.004 0.004 0.003 0.002 0.001 0.001 0.001 0.001 0.001 0.001 0.0 0.0 0.0 0.0 0.0 0.0 0.0 0.0 0.0 0.0 0.0 0.0 0.0 0.0 0.0 0.0 0.0 0.0 0.0 0.0 0.0 0.0 0.0 0.0 0.0 0.0 0.0 0.0 0.0 0.0 0.0 0.0 0.0 0.0 0.0 0.0 0.0 0.0 0.0 0.0 0.0 0.0 0.0
0.889 0.905 0.921 0.936 0.952 0.974 0.998 1.022 1.046 1.07 1.093 1.117 1.141 1.165 1.189 1.208 1.219 1.23 1.241 1.251 1.262 1.269 1.27 1.271 1.272 1.273 1.274 1.262 1.211 1.16 1.109 1.058 1.007 0.956 0.905 0.853 0.802 0.751 0.716 0.682 0.647 0.613 0.579 0.545 0.51 0.476 0.442 0.408 0.352 0.293 0.234 0.175 0.116 0.057 0.025 0.025 0.025 0.025 0.025 0.025 0.025 0.024 0.022 0.021 0.019 0.017 0.016 0.014 0.013 0.011 0.009 0.009 0.009 0.009 0.009 0.009 0.009 0.009 0.008 0.008 0.007 0.006 0.005 0.004 0.004 0.003 0.002 0.002 0.001 0.001 0.001 0.001 0.001 0.001 0.0 0.0 0.0 0.0 0.0 0.0 0.0 0.0 0.0 0.0 0.0 0.0 0.0 0.0 0.0 0.0 0.0 0.0 0.0 0.0 0.0 0.0 0.0 0.0 0.0 0.0 0.0 0.0 0.0 0.0 0.0 0.0 0.0 0.0 0.0 0.0 0.0 0.0 0.0 0.0 0.0 0.0
0.905 0.92 0.936 0.951 0.967 0.989 1.013 1.037 1.061 1.085 1.109 1.133 1.156 1.18 1.204 1.228 1.245 1.256 1.266 1.277 1.288 1.295 1.296 1.297 1.298 1.299 1.294 1.243 1.192 1.141 1.09 1.039 0.988 0.937 0.886 0.835 0.784 0.733 0.697 0.663 0.629 0.595 0.56 0.526 0.492 0.457 0.423 0.389 0.353 0.294 0.235 0.176 0.117 0.058 0.028 0.028 0.028 0.028 0.027 0.027 0.026 0.025 0.023 0.021 0.02 0.018 0.017 0.015 0.013 0.012 0.01 0.01 0.01 0.01 0.01 0.01 0.01 0.009 0.008 0.008 0.007 0.006 0.005 0.005 0.004 0.003 0.002 0.002 0.002 0.001 0.001 0.001 0.001 0.001 0.0 0.0 0.0 0.0 0.0 0.0 0.0 0.0 0.0 0.0 0.0 0.0 0.0 0.0 0.0 0.0 0.0 0.0 0.0 0.0 0.0 0.0 0.0 0.0 0.0 0.0 0.0 0.0 0.0 0.0 0.0 0.0 0.0 0.0 0.0 0.0 0.0 0.0 0.0 0.0 0.0 0.0
0.92 0.935 0.951 0.966 0.982 1.005 1.029 1.052 1.076 1.1 1.124 1.148 1.172 1.196 1.219 1.243 1.267 1.281 1.292 1.303 1.314 1.32 1.321 1.322 1.323 1.325 1.275 1.224 1.173 1.122 1.071 1.02 0.969 0.918 0.867 0.816 0.765 0.714 0.679 0.644 0.61 0.576 0.542 0.507 0.473 0.439 0.405 0.37 0.336 0.295 0.236 0.177 0.118 0.059 0.03 0.03 0.03 0.03 0.03 0.029 0.027 0.025 0.024 0.022 0.021 0.019 0.017 0.016 0.014 0.013 0.011 0.011 0.011 0.011 0.011 0.011 0.01 0.009 0.009 0.008 0.007 0.006 0.005 0.005 0.004 0.003 0.002 0.002 0.002 0.002 0.001 0.001 0.001 0.001 0.001 0.0 0.0 0.0 0.0 0.0 0.0 0.0 0.0 0.0 0.0 0.0 0.0 0.0 0.0 0.0 0.0 0.0 0.0 0.0 0.0 0.0 0.0 0.0 0.0 0.0 0.0 0.0 0.0 0.0 0.0 0.0 0.0 0.0 0.0 0.0 0.0 0.0 0.0 0.0 0.0 0.0
0.92 0.95 0.966 0.981 0.997 1.02 1.044 1.068 1.092 1.115 1.139 1.163 1.187 1.211 1.235 1.259 1.282 1.306 1.318 1.328 1.339 1.346 1.347 1.348 1.349 1.307 1.256 1.205 1.154 1.103 1.052 1.001 0.95 0.899 0.848 0.797 0.746 0.695 0.66 0.626 0.592 0.557 0.523 0.489 0.455 0.42 0.386 0.352 0.317 0.283 0.237 0.178 0.119 0.06 0.032 0.032 0.032 0.032 0.031 0.029 0.028 0.026 0.025 0.023 0.021 0.02 0.018 0.017 0.015 0.013 0.012 0.012 0.012 0.012 0.012 0.011 0.01 0.01 0.009 0.008 0.007 0.006 0.006 0.005 0.004 0.003 0.002 0.002 0.002 0.002 0.002 0.001 0.001 0.001 0.001 0.001 0.0 0.0 0.0 0.0 0.0 0.0 0.0 0.0 0.0 0.0 0.0 0.0 0.0 0.0 0.0 0.0 0.0 0.0 0.0 0.0 0.0 0.0 0.0 0.0 0.0 0.0 0.0 0.0 0.0 0.0 0.0 0.0 0.0 0.0 0.0 0.0 0.0 0.0 0.0 0.0
0.92 0.954 0.981 0.997 1.012 1.035 1.059 1.083 1.107 1.131 1.154 1.178 1.202 1.226 1.25 1.274 1.298 1.322 1.343 1.354 1.365 1.371 1.372 1.373 1.339 1.288 1.237 1.186 1.135 1.084 1.033 0.982 0.931 0.88 0.829 0.778 0.727 0.676 0.641 0.607 0.573 0.539 0.504 0.47 0.436 0.402 0.367 0.333 0.299 0.265 0.23 0.18 0.121 0.062 0.034 0.034 0.034 0.033 0.032 0.03 0.029 0.027 0.025 0.024 0.022 0.02 0.019 0.017 0.016 0.014 0.013 0.013 0.013 0.013 0.012 0.011 0.01 0.01 0.009 0.008 0.007 0.007 0.006 0.005 0.004 0.003 0.003 0.002 0.002 0.002 0.002 0.001 0.001 0.001 0.001 0.001 0.001 0.0 0.0 0.0 0.0 0.0 0.0 0.0 0.0 0.0 0.0 0.0 0.0 0.0 0.0 0.0 0.0 0.0 0.0 0.0 0.0 0.0 0.0 0.0 0.0 0.0 0.0 0.0 0.0 0.0 0.0 0.0 0.0 0.0 0.0 0.0 0.0 0.0 0.0 0.0
0.921 0.955 0.989 1.012 1.027 1.05 1.074 1.098 1.122 1.146 1.17 1.194 1.217 1.241 1.265 1.289 1.313 1.337 1.361 1.38 1.391 1.397 1.398 1.372 1.321 1.27 1.218 1.167 1.116 1.065 1.014 0.963 0.912 0.861 0.81 0.759 0.708 0.657 0.623 0.589 0.554 0.52 0.486 0.452 0.417 0.383 0.349 0.315 0.28 0.246 0.212 0.177 0.122 0.063 0.036 0.036 0.036 0.034 0.033 0.031 0.029 0.028 0.026 0.024 0.023 0.021 0.02 0.018 0.016 0.015 0.013 0.013 0.013 0.013 0.012 0.011 0.011 0.01 0.009 0.008 0.007 0.007 0.006 0.005 0.004 0.004 0.003 0.002 0.002 0.002 0.002 0.002 0.001 0.001 0.001 0.001 0.001 0.001 0.0 0.0 0.0 0.0 0.0 0.0 0.0 0.0 0.0 0.0 0.0 0.0 0.0 0.0 0.0 0.0 0.0 0.0 0.0 0.0 0.0 0.0 0.0 0.0 0.0 0.0 0.0 0.0 0.0 0.0 0.0 0.0 0.0 0.0 0.0 0.0 0.0 0.0
0.921 0.955 0.989 1.023 1.042 1.066 1.09 1.113 1.137 1.161 1.185 1.209 1.233 1.257 1.28 1.304 1.328 1.352 1.376 1.4 1.416 1.422 1.404 1.353 1.302 1.251 1.2 1.149 1.098 1.046 0.995 0.944 0.893 0.842 0.791 0.74 0.689 0.639 0.604 0.57 0.536 0.501 0.467 0.433 0.399 0.364 0.33 0.296 0.262 0.227 0.193 0.159 0.123 0.064 0.038 0.038 0.036 0.035 0.033 0.032 0.03 0.028 0.027 0.025 0.024 0.022 0.02 0.019 0.017 0.016 0.014 0.014 0.014 0.013 0.012 0.012 0.011 0.01 0.009 0.008 0.008 0.007 0.006 0.005 0.004 0.004 0.003 0.002 0.002 0.002 0.002 0.002 0.002 0.001 0.001 0.001 0.001 0.001 0.0 0.0 0.0 0.0 0.0 0.0 0.0 0.0 0.0 0.0 0.0 0.0 0.0 0.0 0.0 0.0 0.0 0.0 0.0 0.0 0.0 0.0 0.0 0.0 0.0 0.0 0.0 0.0 0.0 0.0 0.0 0.0 0.0 0.0 0.0 0.0 0.0 0.0
0.921 0.955 0.989 1.023 1.057 1.081 1.105 1.129 1.152 1.176 1.2 1.224 1.248 1.272 1.296 1.32 1.343 1.367 1.391 1.415 1.439 1.436 1.385 1.334 1.283 1.232 1.181 1.13 1.079 1.028 0.977 0.926 0.874 0.823 0.772 0.721 0.67 0.62 0.586 0.551 0.517 0.483 0.449 0.414 0.38 0.346 0.312 0.277 0.243 0.209 0.175 0.14 0.106 0.065 0.04 0.039 0.037 0.036 0.034 0.032 0.031 0.029 0.028 0.026 0.024 0.023 0.021 0.02 0.018 0.016 0.015 0.015 0.014 0.013 0.012 0.012 0.011 0.01 0.009 0.009 0.008 0.007 0.006 0.005 0.005 0.004 0.003 0.003 0.002 0.002 0.002 0.002 0.002 0.002 0.001 0.001 0.001 0.001 0.001 0.0 0.0 0.0 0.0 0.0 0.0 0.0 0.0 0.0 0.0 0.0 0.0 0.0 0.0 0.0 0.0 0.0 0.0 0.0 0.0 0.0 0.0 0.0 0.0 0.0 0.0 0.0 0.0 0.0 0.0 0.0 0.0 0.0 0.0 0.0 0.0 0.0
0.916 0.95 0.984 1.019 1.041 1.065 1.089 1.114 1.138 1.163 1.187 1.211 1.236 1.26 1.285 1.309 1.333 1.358 1.382 1.407 1.429 1.426 1.377 1.325 1.274 1.223 1.171 1.12 1.069 1.018 0.966 0.915 0.864 0.812 0.761 0.71 0.658 0.609 0.581 0.546 0.511 0.476 0.441 0.406 0.372 0.337 0.302 0.267 0.232 0.198 0.163 0.128 0.093 0.058 0.043 0.041 0.04 0.038 0.036 0.034 0.032 0.03 0.029 0.027 0.025 0.024 0.022 0.02 0.019 0.017 0.016 0.015 0.014 0.013 0.013 0.012 0.011 0.01 0.009 0.009 0.008 0.007 0.006 0.006 0.005 0.004 0.003 0.003 0.003 0.002 0.002 0.002 0.002 0.002 0.002 0.001 0.001 0.001 0.001 0.001 0.0 0.0 0.0 0.0 0.0 0.0 0.0 0.0 0.0 0.0 0.0 0.0 0.0 0.0 0.0 0.0 0.0 0.0 0.0 0.0 0.0 0.0 0.0 0.0 0.0 0.0 0.0 0.0 0.0 0.0 0.0 0.0 0.0 0.0 0.0 0.0
0.911 0.945 0.979 1.004 1.023 1.047 1.071 1.096 1.12 1.144 1.169 1.193 1.218 1.242 1.266 1.291 1.315 1.34 1.364 1.388 1.395 1.392 1.374 1.323 1.271 1.22 1.169 1.117 1.066 1.015 0.963 0.912 0.861 0.81 0.758 0.707 0.656 0.607 0.594 0.561 0.526 0.491 0.456 0.421 0.387 0.352 0.317 0.282 0.247 0.212 0.178 0.143 0.108 0.073 0.059 0.057 0.055 0.053 0.051 0.049 0.048 0.046 0.044 0.042 0.04 0.038 0.037 0.035 0.033 0.031 0.019 0.018 0.017 0.016 0.015 0.014 0.013 0.013 0.012 0.011 0.01 0.009 0.008 0.008 0.007 0.006 0.005 0.005 0.004 0.004 0.004 0.004 0.003 0.003 0.003 0.003 0.003 0.002 0.002 0.002 0.002 0.001 0.001 0.0 0.0 0.0 0.0 0.0 0.0 0.0 0.0 0.0 0.0 0.0 0.0 0.0 0.0 0.0 0.0 0.0 0.0 0.0 0.0 0.0 0.0 0.0 0.0 0.0 0.0 0.0 0.0 0.0 0.0 0.0 0.0 0.0
0.906 0.94 0.967 0.986 1.004 1.029 1.053 1.077 1.102 1.126 1.151 1.175 1.199 1.224 1.248 1.273 1.297 1.321 1.346 1.355 1.361 1.357 1.346 1.32 1.268 1.217 1.166 1.115 1.063 1.012 0.961 0.909 0.858 0.807 0.755 0.704 0.653 0.605 0.591 0.575 0.541 0.506 0.471 0.436 0.401 0.367 0.332 0.297 0.262 0.227 0.193 0.158 0.123 0.088 0.074 0.072 0.07 0.069 0.067 0.065 0.063 0.061 0.059 0.057 0.056 0.054 0.052 0.05 0.048 0.036 0.022 0.021 0.02 0.019 0.018 0.017 0.016 0.016 0.015 0.014 0.013 0.012 0.011 0.011 0.01 0.009 0.008 0.008 0.007 0.007 0.007 0.007 0.007 0.006 0.006 0.006 0.006 0.005 0.005 0.005 0.005 0.004 0.003 0.001 0.0 0.0 0.0 0.0 0.0 0.0 0.0 0.0 0.0 0.0 0.0 0.0 0.0 0.0 0.0 0.0 0.0 0.0 0.0 0.0 0.0 0.0 0.0 0.0 0.0 0.0 0.0 0.0 0.0 0.0 0.0 0.0
0.901 0.93 0.949 0.967 0.986 1.011 1.035 1.059 1.084 1.108 1.132 1.157 1.181 1.206 1.23 1.254 1.279 1.303 1.316 1.321 1.327 1.323 1.311 1.299 1.266 1.214 1.163 1.112 1.06 1.009 0.958 0.907 0.855 0.804 0.753 0.701 0.65 0.603 0.589 0.576 0.555 0.521 0.486 0.451 0.416 0.381 0.347 0.312 0.277 0.242 0.207 0.173 0.138 0.103 0.089 0.088 0.086 0.084 0.082 0.08 0.078 0.077 0.075 0.073 0.071 0.069 0.067 0.065 0.055 0.039 0.026 0.024 0.023 0.022 0.021 0.02 0.019 0.019 0.018 0.017 0.016 0.015 0.014 0.014 0.013 0.012 0.011 0.011 0.011 0.01 0.01 0.01 0.01 0.009 0.009 0.009 0.009 0.008 0.008 0.008 0.008 0.007 0.004 0.001 0.001 0.0 0.0 0.0 0.0 0.0 0.0 0.0 0.0 0.0 0.0 0.0 0.0 0.0 0.0 0.0 0.0 0.0 0.0 0.0 0.0 0.0 0.0 0.0 0.0 0.0 0.0 0.0 0.0 0.0 0.0 0.0
0.894 0.912 0.931 0.949 0.968 0.992 1.017 1.041 1.066 1.09 1.114 1.139 1.163 1.188 1.212 1.236 1.261 1.276 1.281 1.287 1.292 1.288 1.276 1.265 1.253 1.212 1.16 1.109 1.058 1.006 0.955 0.904 0.853 0.801 0.75 0.699 0.647 0.601 0.587 0.574 0.56 0.535 0.501 0.466 0.431 0.396 0.361 0.327 0.292 0.257 0.222 0.187 0.153 0.118 0.105 0.103 0.101 0.099 0.097 0.096 0.094 0.092 0.09 0.088 0.086 0.085 0.083 0.074 0.058 0.042 0.029 0.028 0.026 0.025 0.024 0.023 0.023 0.022 0.021 0.02 0.019 0.018 0.017 0.017 0.016 0.015 0.014 0.014 0.014 0.013 0.013 0.013 0.013 0.012 0.012 0.012 0.012 0.011 0.011 0.011 0.011 0.007 0.004 0.002 0.001 0.001 0.0 0.0 0.0 0.0 0.0 0.0 0.0 0.0 0.0 0.0 0.0 0.0 0.0 0.0 0.0 0.0 0.0 0.0 0.0 0.0 0.0 0.0 0.0 0.0 0.0 0.0 0.0 0.0 0.0 0.0
0.875 0.894 0.912 0.931 0.95 0.974 0.999 1.023 1.047 1.072 1.096 1.121 1.145 1.169 1.194 1.218 1.236 1.241 1.247 1.253 1.258 1.253 1.242 1.23 1.219 1.207 1.158 1.106 1.055 1.004 0.952 0.901 0.85 0.798 0.747 0.696 0.645 0.598 0.585 0.571 0.558 0.544 0.515 0.481 0.446 0.411 0.376 0.341 0.307 0.272 0.237 0.202 0.167 0.133 0.12 0.118 0.117 0.115 0.113 0.111 0.109 0.107 0.105 0.104 0.102 0.1 0.094 0.078 0.061 0.045 0.033 0.031 0.03 0.028 0.027 0.026 0.026 0.025 0.024 0.023 0.022 0.021 0.021 0.02 0.019 0.018 0.017 0.017 0.017 0.016 0.016 0.016 0.016 0.015 0.015 0.015 0.015 0.015 0.014 0.014 0.011 0.008 0.005 0.003 0.002 0.001 0.001 0.0 0.0 0.0 0.0 0.0 0.0 0.0 0.0 0.0 0.0 0.0 0.0 0.0 0.0 0.0 0.0 0.0 0.0 0.0 0.0 0.0 0.0 0.0 0.0 0.0 0.0 0.0 0.0 0.0
0.857 0.876 0.894 0.913 0.932 0.956 0.98 1.005 1.029 1.054 1.078 1.102 1.127 1.151 1.176 1.196 1.202 1.207 1.213 1.218 1.224 1.219 1.207 1.196 1.184 1.173 1.155 1.103 1.052 1.001 0.95 0.898 0.847 0.796 0.744 0.693 0.642 0.596 0.583 0.569 0.556 0.542 0.529 0.496 0.461 0.426 0.391 0.356 0.321 0.287 0.252 0.217 0.182 0.147 0.136 0.134 0.132 0.13 0.128 0.126 0.124 0.123 0.121 0.119 0.117 0.113 0.097 0.081 0.065 0.049 0.036 0.035 0.033 0.032 0.031 0.029 0.029 0.028 0.027 0.026 0.025 0.024 0.024 0.023 0.022 0.021 0.02 0.02 0.02 0.019 0.019 0.019 0.019 0.018 0.018 0.018 0.018 0.018 0.017 0.015 0.012 0.009 0.006 0.003 0.003 0.002 0.001 0.001 0.001 0.001 0.001 0.001 0.001 0.001 0.001 0.001 0.001 0.001 0.001 0.001 0.001 0.001 0.001 0.001 0.001 0.001 0.001 0.001 0.001 0.001 0.001 0.001 0.0 0.0 0.0 0.0
0.839 0.857 0.876 0.894 0.913 0.938 0.962 0.987 1.011 1.035 1.06 1.084 1.109 1.133 1.156 1.162 1.167 1.173 1.178 1.184 1.189 1.184 1.173 1.161 1.15 1.138 1.127 1.101 1.049 0.998 0.947 0.895 0.844 0.793 0.742 0.69 0.639 0.594 0.581 0.567 0.554 0.54 0.527 0.51 0.476 0.441 0.406 0.371 0.336 0.301 0.267 0.232 0.197 0.162 0.151 0.149 0.147 0.145 0.144 0.142 0.14 0.138 0.136 0.134 0.132 0.116 0.1 0.084 0.068 0.052 0.039 0.038 0.037 0.035 0.034 0.033 0.032 0.031 0.03 0.029 0.028 0.027 0.027 0.026 0.025 0.024 0.023 0.023 0.023 0.022 0.022 0.022 0.022 0.022 0.021 0.021 0.021 0.021 0.019 0.015 0.012 0.009 0.006 0.004 0.003 0.003 0.002 0.001 0.001 0.001 0.001 0.001 0.001 0.001 0.001 0.001 0.001 0.001 0.001 0.001 0.001 0.001 0.001 0.001 0.001 0.001 0.001 0.001 0.001 0.001 0.001 0.001 0.0 0.0 0.0 0.0
0.821 0.839 0.858 0.876 0.895 0.92 0.944 0.968 0.993 1.017 1.042 1.066 1.09 1.115 1.122 1.128 1.133 1.139 1.144 1.15 1.155 1.15 1.138 1.127 1.115 1.104 1.092 1.081 1.047 0.995 0.944 0.893 0.841 0.79 0.739 0.687 0.636 0.592 0.578 0.565 0.551 0.538 0.524 0.511 0.49 0.456 0.421 0.386 0.351 0.316 0.282 0.247 0.212 0.177 0.166 0.164 0.163 0.161 0.159 0.157 0.155 0.153 0.152 0.15 0.136 0.119 0.103 0.087 0.071 0.055 0.043 0.041 0.04 0.039 0.037 0.036 0.035 0.034 0.033 0.032 0.031 0.03 0.03 0.029 0.028 0.027 0.026 0.026 0.026 0.025 0.025 0.025 0.025 0.025 0.024 0.024 0.024 0.022 0.019 0.016 0.013 0.01 0.007 0.004 0.004 0.003 0.003 0.002 0.001 0.001 0.001 0.001 0.001 0.001 0.001 0.001 0.001 0.001 0.001 0.001 0.001 0.001 0.001 0.001 0.001 0.001 0.001 0.001 0.001 0.001 0.001 0.001 0.0 0.0 0.0 0.0
0.802 0.821 0.839 0.858 0.877 0.901 0.926 0.95 0.975 0.999 1.023 1.048 1.072 1.082 1.088 1.093 1.099 1.104 1.11 1.115 1.121 1.115 1.104 1.092 1.081 1.069 1.058 1.046 1.035 0.993 0.941 0.89 0.839 0.787 0.736 0.685 0.633 0.59 0.576 0.563 0.549 0.536 0.522 0.509 0.495 0.47 0.436 0.401 0.366 0.331 0.296 0.262 0.227 0.192 0.182 0.18 0.178 0.176 0.174 0.172 0.171 0.169 0.167 0.155 0.139 0.123 0.106 0.09 0.074 0.058 0.046 0.045 0.044 0.042 0.041 0.04 0.038 0.037 0.036 0.035 0.034 0.033 0.033 0.032 0.031 0.03 0.029 0.029 0.029 0.029 0.028 0.028 0.028 0.028 0.027 0.027 0.026 0.023 0.02 0.017 0.014 0.01 0.007 0.005 0.004 0.004 0.003 0.002 0.002 0.001 0.001 0.001 0.001 0.001 0.001 0.001 0.001 0.001 0.001 0.001 0.001 0.001 0.001 0.001 0.001 0.001 0.001 0.001 0.001 0.001 0.001 0.001 0.0 0.0 0.0 0.0
0.784 0.803 0.821 0.84 0.859 0.883 0.908 0.932 0.957 0.981 1.005 1.03 1.043 1.048 1.054 1.059 1.065 1.07 1.076 1.081 1.087 1.081 1.069 1.058 1.046 1.035 1.023 1.012 1.0 0.989 0.938 0.887 0.836 0.785 0.733 0.682 0.631 0.588 0.574 0.561 0.547 0.534 0.52 0.507 0.493 0.48 0.45 0.416 0.381 0.346 0.311 0.276 0.242 0.207 0.197 0.195 0.193 0.192 0.19 0.188 0.186 0.184 0.174 0.158 0.142 0.126 0.11 0.094 0.077 0.061 0.05 0.048 0.047 0.046 0.044 0.043 0.042 0.04 0.039 0.038 0.037 0.037 0.036 0.035 0.034 0.033 0.032 0.032 0.032 0.032 0.031 0.031 0.031 0.031 0.03 0.03 0.027 0.023 0.02 0.017 0.014 0.011 0.008 0.006 0.005 0.004 0.004 0.003 0.002 0.002 0.001 0.001 0.001 0.001 0.001 0.001 0.001 0.001 0.001 0.001 0.001 0.001 0.001 0.001 0.001 0.001 0.001 0.001 0.001 0.001 0.001 0.001 0.0 0.0 0.0 0.0
0.766 0.784 0.803 0.821 0.841 0.865 0.89 0.914 0.938 0.963 0.987 1.003 1.008 1.014 1.019 1.025 1.03 1.036 1.041 1.047 1.052 1.046 1.035 1.023 1.012 1.0 0.989 0.977 0.966 0.954 0.936 0.884 0.833 0.782 0.73 0.679 0.628 0.585 0.572 0.558 0.545 0.531 0.518 0.504 0.491 0.477 0.464 0.43 0.396 0.361 0.326 0.291 0.256 0.222 0.212 0.211 0.209 0.207 0.205 0.203 0.201 0.193 0.177 0.161 0.145 0.129 0.113 0.097 0.081 0.065 0.053 0.052 0.05 0.049 0.048 0.046 0.045 0.044 0.042 0.041 0.04 0.04 0.039 0.038 0.037 0.036 0.035 0.035 0.035 0.035 0.034 0.034 0.034 0.034 0.033 0.03 0.027 0.024 0.021 0.018 0.015 0.012 0.008 0.006 0.006 0.005 0.004 0.004 0.003 0.002 0.002 0.001 0.001 0.001 0.001 0.001 0.001 0.001 0.001 0.001 0.001 0.001 0.001 0.001 0.001 0.001 0.001 0.001 0.001 0.001 0.001 0.001 0.0 0.0 0.0 0.0
0.748 0.766 0.785 0.803 0.823 0.847 0.871 0.896 0.92 0.945 0.963 0.969 0.974 0.98 0.985 0.991 0.996 1.002 1.007 1.013 1.018 1.012 1.0 0.989 0.977 0.966 0.954 0.943 0.931 0.92 0.908 0.882 0.83 0.779 0.728 0.676 0.625 0.583 0.57 0.556 0.543 0.529 0.516 0.502 0.489 0.475 0.462 0.445 0.41 0.376 0.341 0.306 0.271 0.236 0.228 0.226 0.224 0.222 0.22 0.219 0.213 0.197 0.181 0.164 0.148 0.132 0.116 0.1 0.084 0.068 0.057 0.055 0.054 0.053 0.051 0.05 0.048 0.047 0.046 0.044 0.043 0.043 0.042 0.041 0.04 0.039 0.038 0.038 0.038 0.038 0.037 0.037 0.037 0.037 0.034 0.031 0.028 0.025 0.021 0.018 0.015 0.012 0.009 0.007 0.006 0.006 0.005 0.004 0.004 0.003 0.002 0.002 0.001 0.001 0.001 0.001 0.001 0.001 0.001 0.001 0.001 0.001 0.001 0.001 0.001 0.001 0.001 0.001 0.001 0.001 0.001 0.001 0.0 0.0 0.0 0.0
0.729 0.748 0.766 0.785 0.804 0.829 0.853 0.878 0.902 0.923 0.929 0.934 0.94 0.945 0.951 0.956 0.962 0.967 0.973 0.978 0.984 0.977 0.966 0.954 0.943 0.931 0.92 0.908 0.896 0.885 0.873 0.862 0.828 0.776 0.725 0.674 0.622 0.581 0.568 0.554 0.541 0.527 0.514 0.5 0.487 0.473 0.46 0.446 0.425 0.391 0.356 0.321 0.286 0.251 0.243 0.241 0.24 0.238 0.236 0.232 0.216 0.2 0.184 0.168 0.152 0.135 0.119 0.103 0.087 0.071 0.06 0.059 0.057 0.056 0.055 0.053 0.052 0.051 0.049 0.048 0.047 0.046 0.045 0.044 0.043 0.042 0.041 0.041 0.041 0.041 0.04 0.04 0.04 0.038 0.034 0.031 0.028 0.025 0.022 0.019 0.016 0.013 0.01 0.008 0.007 0.006 0.006 0.005 0.004 0.004 0.003 0.002 0.002 0.001 0.001 0.001 0.001 0.001 0.001 0.001 0.001 0.001 0.001 0.001 0.001 0.001 0.001 0.001 0.001 0.001 0.001 0.001 0.0 0.0 0.0 0.0
0.711 0.73 0.748 0.767 0.786 0.811 0.835 0.859 0.883 0.889 0.894 0.9 0.906 0.911 0.917 0.922 0.928 0.933 0.939 0.944 0.95 0.943 0.931 0.92 0.908 0.897 0.885 0.873 0.862 0.85 0.839 0.827 0.816 0.773 0.722 0.671 0.62 0.579 0.565 0.552 0.538 0.525 0.511 0.498 0.484 0.471 0.457 0.444 0.43 0.405 0.371 0.336 0.301 0.266 0.259 0.257 0.255 0.253 0.251 0.235 0.219 0.203 0.187 0.171 0.155 0.139 0.123 0.106 0.09 0.074 0.064 0.062 0.061 0.059 0.058 0.057 0.055 0.054 0.053 0.051 0.05 0.049 0.048 0.047 0.046 0.045 0.044 0.044 0.044 0.044 0.043 0.043 0.041 0.038 0.035 0.032 0.029 0.026 0.023 0.02 0.016 0.013 0.01 0.008 0.008 0.007 0.006 0.006 0.005 0.004 0.004 0.003 0.002 0.002 0.001 0.001 0.001 0.001 0.001 0.001 0.001 0.001 0.001 0.001 0.001 0.001 0.001 0.001 0.001 0.001 0.001 0.001 0.0 0.0 0.0 0.0
0.693 0.711 0.73 0.748 0.768 0.792 0.817 0.841 0.849 0.855 0.86 0.866 0.871 0.877 0.882 0.888 0.893 0.899 0.904 0.91 0.915 0.908 0.897 0.885 0.874 0.862 0.85 0.839 0.827 0.816 0.804 0.793 0.781 0.77 0.719 0.668 0.617 0.577 0.563 0.55 0.536 0.523 0.509 0.496 0.482 0.469 0.455 0.442 0.428 0.415 0.385 0.351 0.316 0.281 0.274 0.272 0.27 0.268 0.255 0.238 0.222 0.206 0.19 0.174 0.158 0.142 0.126 0.11 0.093 0.077 0.067 0.066 0.064 0.063 0.062 0.06 0.059 0.057 0.056 0.055 0.053 0.052 0.051 0.05 0.049 0.048 0.048 0.047 0.047 0.047 0.047 0.045 0.042 0.039 0.036 0.033 0.029 0.026 0.023 0.02 0.017 0.014 0.011 0.009 0.008 0.008 0.007 0.006 0.006 0.005 0.004 0.004 0.003 0.002 0.002 0.002 0.002 0.002 0.002 0.002 0.002 0.002 0.002 0.002 0.002 0.001 0.001 0.001 0.001 0.001 0.001 0.001 0.0 0.0 0.0 0.0
0.674 0.693 0.712 0.73 0.75 0.774 0.799 0.809 0.815 0.82 0.826 0.831 0.837 0.843 0.848 0.854 0.859 0.865 0.87 0.876 0.881 0.874 0.862 0.851 0.839 0.827 0.816 0.804 0.793 0.781 0.77 0.758 0.747 0.735 0.717 0.665 0.614 0.575 0.561 0.548 0.534 0.521 0.507 0.494 0.48 0.467 0.453 0.44 0.426 0.412 0.399 0.365 0.331 0.296 0.289 0.287 0.286 0.274 0.258 0.242 0.226 0.209 0.193 0.177 0.161 0.145 0.129 0.113 0.097 0.081 0.07 0.069 0.068 0.066 0.065 0.064 0.062 0.061 0.06 0.058 0.057 0.056 0.054 0.053 0.052 0.051 0.051 0.05 0.05 0.05 0.049 0.046 0.042 0.039 0.036 0.033 0.03 0.027 0.024 0.021 0.018 0.015 0.011 0.01 0.009 0.008 0.008 0.007 0.006 0.006 0.005 0.004 0.004 0.003 0.002 0.002 0.002 0.002 0.002 0.002 0.002 0.002 0.002 0.002 0.002 0.001 0.001 0.001 0.001 0.001 0.001 0.001 0.0 0.0 0.0 0.0
0.656 0.675 0.693 0.712 0.732 0.756 0.77 0.775 0.781 0.786 0.792 0.797 0.803 0.808 0.814 0.819 0.825 0.83 0.836 0.841 0.847 0.839 0.827 0.816 0.804 0.793 0.781 0.77 0.758 0.747 0.735 0.724 0.712 0.701 0.689 0.663 0.611 0.572 0.559 0.545 0.532 0.518 0.505 0.491 0.478 0.464 0.451 0.437 0.424 0.41 0.397 0.38 0.345 0.311 0.305 0.303 0.293 0.277 0.261 0.245 0.229 0.213 0.197 0.18 0.164 0.148 0.132 0.116 0.1 0.084 0.074 0.073 0.071 0.07 0.068 0.067 0.066 0.064 0.063 0.062 0.06 0.059 0.058 0.056 0.055 0.054 0.054 0.053 0.053 0.052 0.049 0.046 0.043 0.04 0.037 0.034 0.031 0.028 0.024 0.021 0.018 0.015 0.012 0.01 0.01 0.009 0.008 0.008 0.007 0.006 0.006 0.005 0.004 0.004 0.003 0.002 0.002 0.002 0.002 0.002 0.002 0.002 0.002 0.002 0.002 0.001 0.001 0.001 0.001 0.001 0.001 0.001 0.0 0.0 0.0 0.0
0.638 0.656 0.675 0.694 0.714 0.73 0.735 0.741 0.746 0.752 0.757 0.763 0.768 0.774 0.78 0.785 0.791 0.796 0.802 0.807 0.813 0.804 0.793 0.781 0.77 0.758 0.747 0.735 0.724 0.712 0.701 0.689 0.678 0.666 0.655 0.643 0.608 0.57 0.557 0.543 0.53 0.516 0.503 0.489 0.476 0.462 0.449 0.435 0.422 0.408 0.395 0.381 0.36 0.325 0.32 0.313 0.296 0.28 0.264 0.248 0.232 0.216 0.2 0.184 0.168 0.151 0.135 0.119 0.103 0.087 0.077 0.076 0.075 0.073 0.072 0.071 0.069 0.068 0.066 0.065 0.064 0.062 0.061 0.06 0.058 0.057 0.057 0.056 0.056 0.053 0.05 0.047 0.044 0.041 0.037 0.034 0.031 0.028 0.025 0.022 0.019 0.016 0.013 0.011 0.01 0.01 0.009 0.008 0.008 0.007 0.006 0.006 0.005 0.004 0.004 0.003 0.002 0.002 0.002 0.002 0.002 0.002 0.002 0.002 0.002 0.001 0.001 0.001 0.001 0.001 0.001 0.001 0.0 0.0 0.0 0.0
0.653 0.664 0.675 0.686 0.69 0.696 0.701 0.707 0.712 0.718 0.723 0.729 0.734 0.74 0.745 0.751 0.756 0.762 0.767 0.773 0.778 0.77 0.758 0.747 0.735 0.724 0.712 0.701 0.689 0.678 0.666 0.655 0.643 0.632 0.62 0.609 0.597 0.568 0.555 0.541 0.528 0.514 0.501 0.487 0.474 0.46 0.447 0.433 0.42 0.406 0.392 0.379 0.365 0.34 0.332 0.316 0.3 0.284 0.267 0.251 0.235 0.219 0.203 0.187 0.171 0.155 0.139 0.122 0.106 0.09 0.081 0.079 0.078 0.077 0.075 0.074 0.073 0.071 0.07 0.069 0.067 0.066 0.064 0.063 0.062 0.06 0.06 0.059 0.057 0.054 0.05 0.047 0.044 0.041 0.038 0.035 0.032 0.029 0.026 0.023 0.019 0.016 0.013 0.011 0.011 0.01 0.009 0.009 0.008 0.008 0.007 0.006 0.006 0.005 0.004 0.004 0.003 0.002 0.002 0.002 0.002 0.002 0.002 0.002 0.002 0.001 0.001 0.001 0.001 0.001 0.001 0.001 0.0 0.0 0.0 0.0
1.101 1.112 1.123 1.134 0.98 0.679 0.684 0.69 0.695 0.7 0.705 0.711 0.716 0.721 0.726 0.731 0.737 0.742 0.747 0.752 0.758 0.749 0.737 0.725 0.713 0.701 0.69 0.678 0.666 0.654 0.642 0.63 0.619 0.607 0.595 0.583 0.571 0.565 0.551 0.538 0.524 0.511 0.497 0.484 0.471 0.457 0.444 0.43 0.417 0.403 0.39 0.376 0.363 0.35 0.336 0.32 0.303 0.287 0.271 0.255 0.239 0.223 0.206 0.19 0.174 0.158 0.142 0.126 0.11 0.093 0.084 0.083 0.082 0.08 0.079 0.077 0.076 0.075 0.073 0.072 0.071 0.069 0.068 0.067 0.065 0.064 0.063 0.06 0.057 0.054 0.051 0.048 0.045 0.042 0.039 0.036 0.032 0.029 0.026 0.023 0.02 0.017 0.014 0.012 0.011 0.011 0.01 0.009 0.009 0.008 0.007 0.007 0.006 0.006 0.005 0.004 0.004 0.003 0.002 0.002 0.002 0.002 0.002 0.002 0.002 0.001 0.001 0.001 0.001 0.001 0.001 0.001 0.0 0.0 0.0 0.0
1.549 1.56 1.571 1.583 1.419 0.854 0.668 0.673 0.679 0.684 0.689 0.694 0.699 0.705 0.71 0.715 0.72 0.726 0.731 0.736 0.741 0.732 0.72 0.708 0.697 0.685 0.673 0.661 0.649 0.638 0.626 0.614 0.602 0.59 0.578 0.567 0.564 0.56 0.547 0.533 0.52 0.506 0.493 0.479 0.466 0.452 0.439 0.426 0.412 0.399 0.385 0.372 0.358 0.354 0.343 0.327 0.31 0.294 0.278 0.262 0.246 0.23 0.213 0.197 0.181 0.165 0.149 0.133 0.116 0.1 0.091 0.09 0.088 0.087 0.085 0.084 0.083 0.081 0.08 0.078 0.077 0.076 0.074 0.073 0.071 0.07 0.066 0.063 0.06 0.057 0.054 0.05 0.047 0.044 0.041 0.038 0.035 0.031 0.028 0.025 0.022 0.019 0.016 0.013 0.013 0.012 0.011 0.011 0.01 0.009 0.009 0.008 0.007 0.007 0.006 0.005 0.004 0.004 0.003 0.002 0.002 0.002 0.002 0.002 0.002 0.001 0.001 0.001 0.001 0.001 0.001 0.001 0.0 0.0 0.0 0.0
1.997 2.008 2.02 2.031 1.858 1.293 0.728 0.657 0.662 0.667 0.673 0.678 0.683 0.688 0.694 0.699 0.704 0.709 0.715 0.72 0.725 0.715 0.704 0.692 0.68 0.668 0.656 0.645 0.633 0.621 0.609 0.597 0.586 0.574 0.562 0.557 0.56 0.556 0.542 0.529 0.515 0.502 0.488 0.475 0.461 0.448 0.434 0.421 0.408 0.394 0.381 0.367 0.361 0.357 0.346 0.334 0.317 0.301 0.285 0.269 0.253 0.236 0.22 0.204 0.188 0.172 0.156 0.139 0.123 0.107 0.098 0.097 0.096 0.094 0.093 0.091 0.09 0.088 0.087 0.086 0.084 0.083 0.081 0.08 0.078 0.075 0.069 0.067 0.064 0.061 0.057 0.054 0.051 0.048 0.045 0.042 0.038 0.035 0.032 0.029 0.026 0.023 0.02 0.017 0.015 0.014 0.014 0.013 0.012 0.012 0.011 0.01 0.009 0.009 0.008 0.007 0.007 0.006 0.005 0.005 0.005 0.004 0.004 0.004 0.004 0.004 0.004 0.003 0.003 0.003 0.003 0.003 0.003 0.002 0.002 0.001
2.446 2.457 2.468 2.479 2.297 1.732 1.168 0.641 0.646 0.651 0.656 0.662 0.667 0.672 0.677 0.683 0.688 0.693 0.698 0.703 0.709 0.699 0.687 0.675 0.663 0.652 0.64 0.628 0.616 0.604 0.593 0.581 0.569 0.557 0.55 0.553 0.555 0.551 0.538 0.524 0.511 0.497 0.484 0.47 0.457 0.443 0.43 0.416 0.403 0.389 0.376 0.369 0.364 0.36 0.349 0.337 0.324 0.308 0.292 0.276 0.26 0.243 0.227 0.211 0.195 0.179 0.163 0.146 0.13 0.114 0.106 0.104 0.103 0.101 0.1 0.098 0.097 0.096 0.094 0.093 0.091 0.09 0.089 0.087 0.084 0.078 0.072 0.07 0.067 0.064 0.061 0.058 0.055 0.052 0.049 0.045 0.042 0.039 0.036 0.033 0.03 0.027 0.023 0.021 0.018 0.017 0.016 0.015 0.015 0.014 0.013 0.012 0.012 0.011 0.01 0.01 0.009 0.008 0.008 0.007 0.007 0.007 0.007 0.006 0.006 0.006 0.006 0.006 0.006 0.005 0.005 0.005 0.005 0.005 0.004 0.001
2.894 2.905 2.916 2.927 2.736 2.171 1.607 1.042 0.63 0.635 0.64 0.645 0.651 0.656 0.661 0.666 0.671 0.677 0.682 0.687 0.692 0.682 0.671 0.659 0.647 0.635 0.623 0.611 0.6 0.588 0.576 0.564 0.552 0.543 0.546 0.549 0.551 0.547 0.533 0.52 0.506 0.493 0.479 0.466 0.452 0.439 0.425 0.412 0.398 0.385 0.376 0.372 0.368 0.364 0.352 0.341 0.329 0.315 0.299 0.283 0.267 0.25 0.234 0.218 0.202 0.186 0.17 0.153 0.137 0.121 0.113 0.111 0.11 0.108 0.107 0.106 0.104 0.103 0.101 0.1 0.099 0.097 0.096 0.094 0.088 0.081 0.076 0.073 0.071 0.068 0.065 0.062 0.059 0.056 0.052 0.049 0.046 0.043 0.04 0.037 0.034 0.03 0.027 0.024 0.022 0.019 0.018 0.018 0.017 0.016 0.015 0.015 0.014 0.013 0.013 0.012 0.011 0.011 0.01 0.009 0.009 0.009 0.009 0.009 0.009 0.008 0.008 0.008 0.008 0.008 0.007 0.007 0.007 0.007 0.004 0.001
3.342 3.353 3.364 3.375 3.175 2.61 2.046 1.481 0.916 0.619 0.624 0.629 0.634 0.639 0.645 0.65 0.655 0.66 0.666 0.671 0.676 0.666 0.654 0.642 0.63 0.619 0.607 0.595 0.583 0.571 0.559 0.548 0.537 0.539 0.542 0.544 0.547 0.542 0.529 0.515 0.502 0.488 0.475 0.461 0.448 0.434 0.421 0.407 0.394 0.384 0.38 0.375 0.371 0.367 0.355 0.344 0.332 0.321 0.306 0.29 0.273 0.257 0.241 0.225 0.209 0.193 0.176 0.16 0.144 0.128 0.12 0.119 0.117 0.116 0.114 0.113 0.111 0.11 0.109 0.107 0.106 0.104 0.103 0.097 0.091 0.085 0.079 0.077 0.074 0.072 0.069 0.066 0.063 0.059 0.056 0.053 0.05 0.047 0.044 0.041 0.037 0.034 0.031 0.028 0.026 0.023 0.021 0.02 0.019 0.018 0.018 0.017 0.016 0.016 0.015 0.014 0.014 0.013 0.012 0.012 0.012 0.011 0.011 0.011 0.011 0.011 0.01 0.01 0.01 0.01 0.01 0.01 0.009 0.007 0.004 0.001
3.79 3.801 3.812 3.824 3.614 3.05 2.485 1.92 1.355 0.79 0.607 0.613 0.618 0.623 0.628 0.634 0.639 0.644 0.649 0.655 0.66 0.649 0.637 0.626 0.614 0.602 0.59 0.578 0.566 0.555 0.543 0.531 0.532 0.535 0.537 0.54 0.543 0.537 0.524 0.511 0.497 0.484 0.47 0.457 0.443 0.43 0.416 0.403 0.391 0.387 0.383 0.379 0.374 0.37 0.359 0.347 0.336 0.324 0.313 0.297 0.28 0.264 0.248 0.232 0.216 0.2 0.183 0.167 0.151 0.135 0.127 0.126 0.124 0.123 0.121 0.12 0.119 0.117 0.116 0.114 0.113 0.112 0.106 0.1 0.094 0.088 0.082 0.08 0.077 0.075 0.072 0.07 0.066 0.063 0.06 0.057 0.054 0.051 0.048 0.044 0.041 0.038 0.035 0.032 0.029 0.027 0.024 0.022 0.021 0.021 0.02 0.019 0.019 0.018 0.017 0.017 0.016 0.015 0.015 0.014 0.014 0.014 0.013 0.013 0.013 0.013 0.013 0.013 0.012 0.012 0.012 0.012 0.01 0.007 0.004 0.001
4.238 4.249 4.261 4.272 4.053 3.489 2.924 2.359 1.794 1.229 0.665 0.596 0.602 0.607 0.612 0.617 0.623 0.628 0.633 0.638 0.643 0.633 0.621 0.609 0.597 0.585 0.574 0.562 0.55 0.538 0.526 0.525 0.528 0.531 0.533 0.536 0.538 0.533 0.519 0.506 0.492 0.479 0.466 0.452 0.439 0.425 0.412 0.399 0.395 0.39 0.386 0.382 0.378 0.373 0.362 0.35 0.339 0.327 0.316 0.304 0.287 0.271 0.255 0.239 0.223 0.207 0.19 0.174 0.158 0.142 0.134 0.133 0.131 0.13 0.129 0.127 0.126 0.124 0.123 0.122 0.12 0.115 0.109 0.103 0.097 0.091 0.086 0.083 0.081 0.078 0.076 0.073 0.07 0.067 0.064 0.061 0.058 0.055 0.051 0.048 0.045 0.042 0.039 0.036 0.033 0.031 0.028 0.025 0.024 0.023 0.022 0.022 0.021 0.02 0.02 0.019 0.018 0.018 0.017 0.016 0.016 0.016 0.016 0.016 0.015 0.015 0.015 0.015 0.015 0.015 0.014 0.013 0.01 0.007 0.004 0.002
4.686 4.698 4.709 4.72 4.492 3.928 3.363 2.798 2.233 1.669 1.104 0.58 0.585 0.591 0.596 0.601 0.606 0.612 0.617 0.622 0.627 0.616 0.604 0.592 0.581 0.569 0.557 0.545 0.533 0.522 0.518 0.521 0.524 0.526 0.529 0.531 0.534 0.528 0.515 0.501 0.488 0.474 0.461 0.448 0.434 0.421 0.407 0.402 0.398 0.394 0.39 0.385 0.381 0.377 0.365 0.354 0.342 0.331 0.319 0.308 0.294 0.278 0.262 0.246 0.23 0.213 0.197 0.181 0.165 0.149 0.141 0.14 0.139 0.137 0.136 0.134 0.133 0.132 0.13 0.129 0.125 0.119 0.113 0.107 0.1 0.094 0.089 0.086 0.084 0.081 0.079 0.077 0.074 0.071 0.068 0.065 0.062 0.058 0.055 0.052 0.049 0.046 0.043 0.04 0.037 0.035 0.032 0.029 0.027 0.025 0.025 0.024 0.023 0.023 0.022 0.021 0.021 0.02 0.019 0.019 0.018 0.018 0.018 0.018 0.018 0.018 0.017 0.017 0.017 0.017 0.015 0.013 0.01 0.007 0.004 0.002
5.135 5.146 5.157 5.168 4.932 4.367 3.802 3.237 2.672 2.108 1.543 0.978 0.569 0.574 0.58 0.585 0.59 0.595 0.6 0.606 0.611 0.599 0.588 0.576 0.564 0.552 0.54 0.529 0.517 0.512 0.514 0.517 0.519 0.522 0.524 0.527 0.53 0.524 0.51 0.497 0.483 0.47 0.456 0.443 0.429 0.416 0.41 0.406 0.401 0.397 0.393 0.389 0.384 0.38 0.368 0.357 0.345 0.334 0.322 0.311 0.299 0.285 0.269 0.253 0.237 0.22 0.204 0.188 0.172 0.156 0.149 0.147 0.146 0.144 0.143 0.142 0.14 0.139 0.137 0.134 0.128 0.122 0.116 0.11 0.104 0.098 0.092 0.09 0.087 0.085 0.082 0.08 0.077 0.075 0.072 0.069 0.065 0.062 0.059 0.056 0.053 0.05 0.046 0.044 0.041 0.038 0.036 0.033 0.031 0.028 0.027 0.026 0.026 0.025 0.024 0.024 0.023 0.022 0.021 0.021 0.021 0.021 0.02 0.02 0.02 0.02 0.02 0.02 0.019 0.018 0.016 0.013 0.01 0.007 0.005 0.002
5.583 5.594 5.605 5.616 5.371 4.806 4.241 3.676 3.111 2.547 1.982 1.417 0.852 0.558 0.563 0.568 0.574 0.579 0.584 0.589 0.595 0.583 0.571 0.559 0.547 0.536 0.524 0.512 0.505 0.507 0.51 0.512 0.515 0.518 0.52 0.523 0.525 0.519 0.506 0.492 0.479 0.465 0.452 0.438 0.425 0.417 0.413 0.409 0.405 0.4 0.396 0.392 0.388 0.383 0.371 0.36 0.348 0.337 0.325 0.314 0.302 0.291 0.276 0.26 0.244 0.227 0.211 0.195 0.179 0.163 0.156 0.154 0.153 0.152 0.15 0.149 0.147 0.146 0.143 0.137 0.131 0.125 0.119 0.113 0.107 0.101 0.095 0.093 0.091 0.088 0.086 0.083 0.081 0.078 0.076 0.072 0.069 0.066 0.063 0.06 0.057 0.053 0.05 0.048 0.045 0.042 0.04 0.037 0.034 0.032 0.029 0.029 0.028 0.027 0.027 0.026 0.025 0.024 0.024 0.023 0.023 0.023 0.023 0.023 0.022 0.022 0.022 0.022 0.021 0.018 0.016 0.013 0.01 0.007 0.005 0.002
6.031 6.042 6.053 6.065 5.81 5.245 4.68 4.115 3.551 2.986 2.421 1.856 1.291 0.727 0.547 0.552 0.557 0.563 0.568 0.573 0.578 0.566 0.555 0.543 0.531 0.519 0.507 0.498 0.5 0.503 0.506 0.508 0.511 0.513 0.516 0.518 0.521 0.515 0.501 0.488 0.474 0.461 0.447 0.434 0.425 0.421 0.416 0.412 0.408 0.404 0.4 0.395 0.391 0.386 0.375 0.363 0.352 0.34 0.329 0.317 0.306 0.294 0.283 0.267 0.25 0.234 0.218 0.202 0.186 0.17 0.163 0.162 0.16 0.159 0.157 0.156 0.155 0.153 0.146 0.14 0.134 0.128 0.122 0.116 0.11 0.104 0.099 0.096 0.094 0.091 0.089 0.086 0.084 0.082 0.079 0.076 0.073 0.07 0.067 0.064 0.06 0.057 0.054 0.051 0.049 0.046 0.043 0.041 0.038 0.036 0.033 0.031 0.03 0.029 0.029 0.028 0.027 0.027 0.026 0.026 0.025 0.025 0.025 0.025 0.025 0.024 0.024 0.024 0.021 0.018 0.016 0.013 0.01 0.008 0.005 0.002
6.479 6.49 6.502 6.513 6.249 5.684 5.119 4.554 3.99 3.425 2.86 2.295 1.73 1.166 0.601 0.536 0.541 0.546 0.552 0.557 0.562 0.55 0.538 0.526 0.514 0.502 0.491 0.494 0.496 0.499 0.501 0.504 0.506 0.509 0.512 0.514 0.517 0.51 0.497 0.483 0.47 0.456 0.443 0.432 0.428 0.424 0.42 0.416 0.411 0.407 0.403 0.399 0.394 0.389 0.378 0.366 0.355 0.343 0.332 0.32 0.309 0.297 0.286 0.274 0.257 0.241 0.225 0.209 0.193 0.177 0.17 0.169 0.167 0.166 0.165 0.163 0.162 0.156 0.15 0.144 0.138 0.132 0.125 0.119 0.113 0.107 0.102 0.1 0.097 0.095 0.092 0.09 0.087 0.085 0.082 0.08 0.077 0.074 0.071 0.067 0.064 0.061 0.058 0.055 0.053 0.05 0.047 0.045 0.042 0.039 0.037 0.034 0.032 0.032 0.031 0.03 0.03 0.029 0.028 0.028 0.028 0.027 0.027 0.027 0.027 0.027 0.027 0.024 0.021 0.019 0.016 0.013 0.01 0.008 0.005 0.002
6.927 6.939 6.95 6.961 6.688 6.123 5.558 4.993 4.429 3.864 3.299 2.734 2.169 1.605 1.04 0.52 0.525 0.53 0.535 0.54 0.545 0.533 0.521 0.51 0.498 0.486 0.487 0.489 0.492 0.494 0.497 0.5 0.502 0.505 0.507 0.51 0.512 0.506 0.492 0.479 0.465 0.452 0.44 0.436 0.432 0.427 0.423 0.419 0.415 0.41 0.406 0.402 0.398 0.393 0.381 0.37 0.358 0.347 0.335 0.324 0.312 0.301 0.289 0.278 0.264 0.248 0.232 0.216 0.2 0.184 0.177 0.176 0.175 0.173 0.172 0.17 0.165 0.159 0.153 0.147 0.141 0.135 0.129 0.123 0.117 0.111 0.105 0.103 0.1 0.098 0.095 0.093 0.091 0.088 0.086 0.083 0.081 0.078 0.074 0.071 0.068 0.065 0.062 0.059 0.056 0.054 0.051 0.049 0.046 0.043 0.041 0.038 0.035 0.034 0.033 0.033 0.032 0.031 0.031 0.03 0.03 0.03 0.03 0.029 0.029 0.029 0.027 0.024 0.021 0.019 0.016 0.013 0.01 0.008 0.005 0.002
7.376 7.387 7.398 7.409 7.127 6.562 5.997 5.432 4.868 4.303 3.738 3.173 2.609 2.044 1.479 0.914 0.508 0.514 0.519 0.524 0.528 0.517 0.505 0.493 0.481 0.48 0.482 0.485 0.487 0.49 0.493 0.495 0.498 0.5 0.503 0.506 0.508 0.501 0.488 0.474 0.461 0.448 0.443 0.439 0.435 0.431 0.426 0.422 0.418 0.414 0.41 0.405 0.401 0.396 0.384 0.373 0.361 0.35 0.338 0.327 0.315 0.304 0.292 0.281 0.269 0.255 0.239 0.223 0.207 0.19 0.185 0.183 0.182 0.18 0.179 0.174 0.168 0.162 0.156 0.15 0.144 0.138 0.132 0.126 0.12 0.114 0.109 0.106 0.104 0.101 0.099 0.096 0.094 0.091 0.089 0.086 0.084 0.081 0.078 0.075 0.072 0.069 0.066 0.063 0.06 0.058 0.055 0.052 0.05 0.047 0.045 0.042 0.039 0.037 0.036 0.035 0.034 0.034 0.033 0.032 0.032 0.032 0.032 0.032 0.032 0.03 0.027 0.024 0.022 0.019 0.016 0.013 0.011 0.008 0.005 0.002
7.668 7.835 7.846 7.857 7.566 7.001 6.436 5.872 5.307 4.742 4.177 3.612 3.048 2.483 1.918 1.353 0.788 0.497 0.503 0.508 0.512 0.5 0.488 0.476 0.473 0.475 0.478 0.481 0.483 0.486 0.488 0.491 0.494 0.496 0.499 0.501 0.504 0.496 0.483 0.469 0.456 0.451 0.447 0.442 0.438 0.434 0.43 0.426 0.421 0.417 0.413 0.409 0.404 0.399 0.388 0.376 0.365 0.353 0.342 0.33 0.319 0.307 0.296 0.284 0.273 0.261 0.246 0.23 0.214 0.197 0.192 0.19 0.189 0.188 0.184 0.178 0.172 0.165 0.159 0.153 0.147 0.141 0.135 0.129 0.123 0.117 0.112 0.109 0.107 0.105 0.102 0.1 0.097 0.095 0.092 0.09 0.087 0.085 0.082 0.079 0.076 0.073 0.07 0.067 0.064 0.062 0.059 0.056 0.054 0.051 0.048 0.046 0.043 0.04 0.038 0.037 0.037 0.036 0.035 0.035 0.035 0.034 0.034 0.034 0.033 0.03 0.027 0.024 0.022 0.019 0.016 0.013 0.011 0.008 0.005 0.002
7.673 8.239 8.294 8.306 8.005 7.44 6.875 6.311 5.746 5.181 4.616 4.051 3.487 2.922 2.357 1.792 1.228 0.663 0.486 0.492 0.495 0.483 0.472 0.466 0.469 0.471 0.474 0.476 0.479 0.481 0.484 0.487 0.489 0.492 0.494 0.497 0.5 0.492 0.478 0.465 0.458 0.454 0.45 0.446 0.442 0.437 0.433 0.429 0.425 0.42 0.416 0.412 0.408 0.402 0.391 0.379 0.368 0.356 0.345 0.333 0.322 0.31 0.299 0.287 0.276 0.264 0.253 0.237 0.221 0.204 0.199 0.198 0.196 0.193 0.187 0.181 0.175 0.169 0.163 0.157 0.151 0.144 0.138 0.132 0.126 0.12 0.115 0.113 0.11 0.108 0.105 0.103 0.1 0.098 0.095 0.093 0.091 0.088 0.086 0.083 0.08 0.077 0.073 0.071 0.068 0.065 0.063 0.06 0.057 0.055 0.052 0.05 0.047 0.044 0.042 0.04 0.039 0.038 0.038 0.037 0.037 0.037 0.037 0.035 0.033 0.03 0.027 0.025 0.022 0.019 0.016 0.014 0.011 0.008 0.005 0.003
7.678 8.244 8.743 8.754 8.444 7.879 7.314 6.75 6.185 5.62 5.055 4.491 3.926 3.361 2.796 2.231 1.667 1.102 0.537 0.475 0.479 0.467 0.459 0.462 0.464 0.467 0.469 0.472 0.475 0.477 0.48 0.482 0.485 0.488 0.49 0.493 0.495 0.487 0.474 0.466 0.462 0.458 0.453 0.449 0.445 0.441 0.436 0.432 0.428 0.424 0.42 0.415 0.411 0.405 0.394 0.382 0.371 0.359 0.348 0.336 0.325 0.313 0.302 0.29 0.279 0.267 0.256 0.244 0.227 0.211 0.206 0.205 0.202 0.196 0.19 0.184 0.178 0.172 0.166 0.16 0.154 0.148 0.142 0.136 0.13 0.123 0.118 0.116 0.114 0.111 0.109 0.106 0.104 0.101 0.099 0.096 0.094 0.091 0.089 0.086 0.084 0.08 0.077 0.074 0.072 0.069 0.067 0.064 0.061 0.059 0.056 0.053 0.051 0.048 0.046 0.043 0.041 0.041 0.04 0.039 0.039 0.039 0.038 0.036 0.033 0.03 0.027 0.025 0.022 0.019 0.016 0.014 0.011 0.008 0.005 0.003
7.683 8.249 8.815 9.202 8.883 8.318 7.754 7.189 6.624 6.059 5.494 4.93 4.365 3.8 3.235 2.67 2.106 1.541 0.976 0.459 0.462 0.452 0.455 0.457 0.46 0.463 0.465 0.468 0.47 0.473 0.475 0.478 0.481 0.483 0.486 0.488 0.491 0.483 0.474 0.469 0.465 0.461 0.457 0.452 0.448 0.444 0.44 0.436 0.431 0.427 0.423 0.419 0.415 0.409 0.397 0.386 0.374 0.363 0.351 0.34 0.328 0.317 0.305 0.294 0.282 0.271 0.259 0.248 0.234 0.218 0.213 0.211 0.205 0.199 0.193 0.187 0.181 0.175 0.169 0.163 0.157 0.151 0.145 0.139 0.133 0.127 0.122 0.119 0.117 0.114 0.112 0.109 0.107 0.105 0.102 0.1 0.097 0.095 0.092 0.09 0.087 0.084 0.081 0.078 0.076 0.073 0.07 0.068 0.065 0.063 0.06 0.057 0.055 0.052 0.049 0.047 0.044 0.043 0.042 0.042 0.042 0.041 0.038 0.036 0.033 0.03 0.028 0.025 0.022 0.019 0.017 0.014 0.011 0.008 0.006 0.003
7.689 8.255 8.821 9.386 9.271 8.718 8.164 7.611 7.057 6.498 5.933 5.369 4.804 4.239 3.674 3.11 2.545 1.98 1.415 0.85 0.446 0.448 0.451 0.453 0.456 0.458 0.461 0.463 0.466 0.469 0.471 0.474 0.476 0.479 0.482 0.484 0.487 0.481 0.477 0.473 0.468 0.464 0.46 0.456 0.452 0.447 0.443 0.439 0.435 0.43 0.426 0.422 0.418 0.412 0.4 0.389 0.377 0.366 0.354 0.343 0.331 0.32 0.308 0.297 0.285 0.274 0.262 0.251 0.239 0.225 0.221 0.215 0.209 0.203 0.197 0.19 0.184 0.178 0.172 0.166 0.16 0.154 0.148 0.142 0.136 0.13 0.125 0.123 0.12 0.118 0.115 0.113 0.11 0.108 0.105 0.103 0.1 0.098 0.096 0.093 0.091 0.088 0.085 0.082 0.08 0.077 0.074 0.072 0.069 0.066 0.064 0.061 0.058 0.056 0.053 0.051 0.048 0.045 0.044 0.044 0.044 0.041 0.039 0.036 0.033 0.03 0.028 0.025 0.022 0.019 0.017 0.014 0.011 0.008 0.006 0.003
7.706 8.272 8.838 9.242 9.005 8.451 7.898 7.344 6.791 6.237 5.684 5.13 4.577 4.023 3.469 2.916 2.362 1.809 1.255 0.702 0.57 0.515 0.516 0.517 0.518 0.52 0.521 0.522 0.523 0.524 0.525 0.527 0.528 0.529 0.53 0.531 0.532 0.509 0.504 0.499 0.494 0.489 0.484 0.479 0.474 0.469 0.464 0.459 0.454 0.449 0.444 0.439 0.434 0.415 0.403 0.392 0.38 0.369 0.357 0.346 0.334 0.323 0.311 0.3 0.288 0.277 0.266 0.254 0.243 0.231 0.224 0.218 0.212 0.206 0.2 0.194 0.188 0.182 0.176 0.169 0.163 0.157 0.151 0.145 0.139 0.133 0.128 0.126 0.123 0.121 0.119 0.116 0.114 0.111 0.109 0.106 0.104 0.101 0.099 0.096 0.094 0.091 0.089 0.086 0.083 0.081 0.078 0.076 0.073 0.07 0.068 0.065 0.062 0.06 0.057 0.054 0.052 0.049 0.047 0.046 0.044 0.041 0.039 0.036 0.033 0.03 0.028 0.025 0.022 0.02 0.017 0.014 0.011 0.009 0.006 0.003
7.723 8.289 8.74 8.988 8.738 8.185 7.631 7.078 6.524 5.971 5.417 4.864 4.31 3.756 3.203 2.649 2.096 1.542 0.989 0.791 0.742 0.634 0.601 0.602 0.603 0.605 0.606 0.607 0.608 0.609 0.61 0.611 0.613 0.614 0.615 0.616 0.617 0.581 0.552 0.547 0.542 0.537 0.532 0.527 0.522 0.517 0.512 0.507 0.502 0.497 0.492 0.488 0.483 0.461 0.405 0.393 0.382 0.37 0.359 0.347 0.336 0.324 0.313 0.302 0.29 0.279 0.267 0.256 0.244 0.233 0.226 0.22 0.214 0.208 0.202 0.196 0.19 0.183 0.177 0.171 0.165 0.159 0.153 0.147 0.141 0.135 0.132 0.129 0.127 0.124 0.122 0.119 0.117 0.114 0.112 0.109 0.107 0.105 0.102 0.1 0.097 0.095 0.092 0.089 0.087 0.084 0.081 0.079 0.076 0.074 0.071 0.068 0.066 0.063 0.061 0.058 0.055 0.053 0.05 0.048 0.045 0.042 0.039 0.036 0.034 0.031 0.028 0.025 0.022 0.02 0.017 0.014 0.011 0.009 0.006 0.003
7.74 8.239 8.486 8.734 8.472 7.918 7.365 6.811 6.258 5.704 5.15 4.597 4.043 3.49 2.936 2.383 1.829 1.276 1.002 0.964 0.914 0.806 0.698 0.687 0.688 0.689 0.691 0.692 0.693 0.694 0.695 0.696 0.697 0.699 0.7 0.701 0.702 0.665 0.615 0.595 0.59 0.585 0.58 0.575 0.57 0.565 0.56 0.555 0.55 0.545 0.541 0.536 0.531 0.508 0.439 0.395 0.383 0.372 0.361 0.349 0.338 0.326 0.315 0.303 0.292 0.28 0.269 0.257 0.246 0.234 0.227 0.221 0.215 0.209 0.203 0.197 0.191 0.185 0.179 0.173 0.167 0.161 0.155 0.149 0.143 0.138 0.135 0.132 0.13 0.127 0.125 0.122 0.12 0.118 0.115 0.113 0.11 0.108 0.105 0.103 0.1 0.098 0.094 0.092 0.089 0.086 0.084 0.081 0.079 0.076 0.073 0.071 0.068 0.066 0.063 0.06 0.058 0.055 0.053 0.051 0.048 0.045 0.042 0.039 0.037 0.034 0.031 0.028 0.025 0.023 0.02 0.017 0.014 0.011 0.009 0.006
7.737 7.985 8.232 8.48 8.205 7.652 7.098 6.544 5.991 5.437 4.884 4.33 3.777 3.223 2.67 2.116 1.563 1.213 1.175 1.137 1.086 0.978 0.87 0.772 0.773 0.774 0.776 0.777 0.778 0.779 0.78 0.781 0.782 0.784 0.785 0.786 0.787 0.75 0.699 0.649 0.638 0.633 0.628 0.623 0.618 0.613 0.608 0.603 0.599 0.594 0.589 0.584 0.579 0.555 0.486 0.418 0.385 0.374 0.362 0.351 0.339 0.328 0.316 0.305 0.293 0.282 0.27 0.259 0.247 0.236 0.229 0.223 0.217 0.211 0.205 0.199 0.193 0.187 0.181 0.175 0.169 0.163 0.157 0.151 0.146 0.142 0.138 0.135 0.133 0.131 0.128 0.126 0.123 0.121 0.118 0.116 0.113 0.111 0.108 0.106 0.103 0.1 0.097 0.094 0.091 0.089 0.086 0.084 0.081 0.078 0.076 0.073 0.071 0.068 0.065 0.063 0.06 0.058 0.056 0.054 0.051 0.048 0.045 0.042 0.04 0.037 0.034 0.031 0.028 0.026 0.023 0.02 0.017 0.014 0.012 0.009
7.483 7.731 7.979 8.226 7.939 7.385 6.831 6.278 5.724 5.171 4.617 4.064 3.51 2.957 2.403 1.85 1.423 1.386 1.348 1.311 1.258 1.15 1.042 0.934 0.858 0.859 0.86 0.862 0.863 0.864 0.865 0.866 0.867 0.868 0.87 0.871 0.872 0.834 0.784 0.733 0.686 0.681 0.676 0.671 0.666 0.661 0.656 0.652 0.647 0.642 0.637 0.632 0.627 0.602 0.533 0.465 0.396 0.375 0.364 0.352 0.341 0.329 0.318 0.306 0.295 0.283 0.272 0.261 0.249 0.238 0.231 0.225 0.219 0.213 0.207 0.201 0.195 0.189 0.183 0.177 0.171 0.164 0.158 0.153 0.149 0.145 0.141 0.139 0.136 0.134 0.131 0.129 0.126 0.124 0.121 0.119 0.117 0.114 0.112 0.109 0.106 0.102 0.099 0.096 0.094 0.091 0.089 0.086 0.083 0.081 0.078 0.075 0.073 0.07 0.068 0.065 0.063 0.061 0.059 0.057 0.054 0.051 0.048 0.045 0.043 0.04 0.037 0.034 0.031 0.029 0.026 0.023 0.02 0.017 0.014 0.011
7.229 7.477 7.725 7.972 7.672 7.118 6.565 6.011 5.458 4.904 4.351 3.797 3.244 2.69 2.137 1.634 1.596 1.559 1.521 1.484 1.43 1.322 1.214 1.106 0.998 0.944 0.945 0.947 0.948 0.949 0.95 0.951 0.952 0.953 0.955 0.956 0.957 0.918 0.868 0.818 0.767 0.729 0.724 0.719 0.714 0.709 0.705 0.7 0.695 0.69 0.685 0.68 0.675 0.649 0.58 0.512 0.443 0.377 0.365 0.354 0.342 0.331 0.319 0.308 0.297 0.285 0.274 0.262 0.251 0.239 0.233 0.226 0.22 0.214 0.208 0.202 0.196 0.19 0.184 0.178 0.172 0.166 0.161 0.157 0.152 0.148 0.144 0.142 0.139 0.137 0.134 0.132 0.13 0.127 0.125 0.122 0.12 0.117 0.115 0.112 0.108 0.105 0.101 0.099 0.096 0.094 0.091 0.088 0.086 0.083 0.08 0.078 0.075 0.073 0.07 0.067 0.066 0.064 0.062 0.06 0.057 0.054 0.051 0.048 0.046 0.043 0.04 0.037 0.034 0.032 0.029 0.026 0.023 0.02 0.017 0.014
6.976 7.223 7.471 7.718 7.405 6.852 6.298 5.745 5.191 4.638 4.084 3.531 2.977 2.424 1.87 1.807 1.769 1.732 1.694 1.657 1.601 1.494 1.386 1.278 1.17 1.062 1.03 1.031 1.033 1.034 1.035 1.036 1.037 1.038 1.039 1.041 1.042 1.002 0.952 0.902 0.852 0.801 0.772 0.767 0.763 0.758 0.753 0.748 0.743 0.738 0.733 0.728 0.723 0.696 0.627 0.559 0.49 0.422 0.367 0.356 0.344 0.333 0.321 0.31 0.298 0.287 0.275 0.264 0.252 0.241 0.234 0.228 0.222 0.216 0.21 0.204 0.198 0.192 0.186 0.18 0.174 0.168 0.164 0.16 0.155 0.151 0.148 0.145 0.143 0.14 0.138 0.135 0.133 0.13 0.128 0.125 0.123 0.12 0.117 0.114 0.111 0.107 0.104 0.101 0.099 0.096 0.093 0.091 0.088 0.085 0.083 0.08 0.078 0.075 0.072 0.07 0.069 0.067 0.065 0.063 0.06 0.057 0.054 0.051 0.049 0.046 0.043 0.04 0.037 0.035 0.032 0.029 0.026 0.023 0.02 0.017
6.722 6.969 7.217 7.465 7.139 6.585 6.032 5.478 4.925 4.371 3.818 3.264 2.711 2.157 2.018 1.98 1.943 1.905 1.867 1.83 1.773 1.666 1.558 1.45 1.342 1.234 1.126 1.116 1.118 1.119 1.12 1.121 1.122 1.123 1.124 1.126 1.127 1.086 1.036 0.986 0.936 0.886 0.835 0.816 0.811 0.806 0.801 0.796 0.791 0.786 0.781 0.776 0.771 0.743 0.674 0.606 0.537 0.469 0.401 0.357 0.346 0.334 0.323 0.311 0.3 0.288 0.277 0.265 0.254 0.242 0.236 0.23 0.224 0.218 0.212 0.206 0.2 0.194 0.188 0.182 0.176 0.171 0.167 0.163 0.158 0.154 0.151 0.148 0.146 0.143 0.141 0.138 0.136 0.133 0.131 0.129 0.126 0.123 0.12 0.116 0.113 0.11 0.106 0.103 0.101 0.098 0.096 0.093 0.09 0.088 0.085 0.083 0.08 0.077 0.075 0.074 0.072 0.07 0.068 0.066 0.063 0.06 0.057 0.054 0.052 0.049 0.046 0.043 0.04 0.038 0.035 0.032 0.029 0.026 0.023 0.02
6.468 6.716 6.963 7.211 6.872 6.319 5.765 5.212 4.658 4.105 3.551 2.997 2.444 2.228 2.191 2.153 2.116 2.078 2.04 2.003 1.945 1.837 1.73 1.622 1.514 1.406 1.298 1.201 1.202 1.204 1.205 1.206 1.207 1.208 1.209 1.21 1.212 1.17 1.12 1.07 1.02 0.97 0.92 0.869 0.859 0.854 0.849 0.844 0.839 0.834 0.829 0.824 0.819 0.79 0.721 0.653 0.584 0.516 0.448 0.379 0.347 0.336 0.324 0.313 0.301 0.29 0.278 0.267 0.255 0.244 0.238 0.232 0.226 0.22 0.214 0.207 0.201 0.195 0.189 0.183 0.179 0.175 0.17 0.166 0.162 0.157 0.154 0.151 0.149 0.146 0.144 0.142 0.139 0.137 0.134 0.132 0.129 0.126 0.122 0.119 0.115 0.112 0.108 0.106 0.103 0.101 0.098 0.095 0.093 0.09 0.088 0.085 0.082 0.08 0.078 0.077 0.075 0.073 0.071 0.069 0.066 0.063 0.06 0.057 0.055 0.052 0.049 0.046 0.043 0.041 0.038 0.035 0.032 0.029 0.026 0.023
6.214 6.462 6.709 6.957 6.606 6.052 5.499 4.945 4.392 3.838 3.284 2.731 2.439 2.401 2.364 2.326 2.289 2.251 2.213 2.176 2.117 2.009 1.901 1.794 1.686 1.578 1.47 1.362 1.287 1.289 1.29 1.291 1.292 1.293 1.294 1.295 1.297 1.254 1.204 1.154 1.104 1.054 1.004 0.954 0.907 0.902 0.897 0.892 0.887 0.882 0.877 0.872 0.867 0.837 0.768 0.7 0.632 0.563 0.495 0.426 0.358 0.337 0.326 0.314 0.303 0.292 0.28 0.269 0.257 0.246 0.239 0.233 0.227 0.221 0.215 0.209 0.203 0.197 0.191 0.186 0.182 0.178 0.173 0.169 0.165 0.16 0.157 0.155 0.152 0.15 0.147 0.145 0.142 0.14 0.137 0.135 0.131 0.128 0.125 0.121 0.118 0.114 0.111 0.108 0.106 0.103 0.1 0.098 0.095 0.093 0.09 0.087 0.085 0.083 0.081 0.08 0.078 0.076 0.074 0.072 0.069 0.066 0.063 0.06 0.058 0.055 0.052 0.049 0.046 0.044 0.04 0.037 0.034 0.031 0.028 0.025
5.96 6.208 6.455 6.703 6.339 5.786 5.232 4.678 4.125 3.571 3.018 2.65 2.612 2.575 2.537 2.499 2.462 2.424 2.386 2.349 2.289 2.181 2.073 1.966 1.858 1.75 1.642 1.534 1.426 1.373 1.375 1.376 1.377 1.378 1.379 1.38 1.381 1.338 1.288 1.238 1.188 1.138 1.088 1.038 0.988 0.95 0.945 0.94 0.935 0.93 0.925 0.92 0.915 0.884 0.815 0.747 0.679 0.61 0.542 0.473 0.405 0.339 0.328 0.316 0.305 0.293 0.282 0.27 0.259 0.247 0.241 0.235 0.229 0.223 0.217 0.211 0.205 0.199 0.194 0.19 0.185 0.181 0.177 0.172 0.168 0.164 0.16 0.158 0.155 0.153 0.15 0.148 0.145 0.143 0.141 0.137 0.134 0.13 0.127 0.123 0.12 0.117 0.113 0.111 0.108 0.105 0.103 0.1 0.098 0.095 0.092 0.09 0.088 0.086 0.084 0.083 0.081 0.079 0.077 0.075 0.072 0.069 0.066 0.063 0.061 0.058 0.055 0.052 0.049 0.046 0.043 0.04 0.037 0.034 0.031 0.028
5.706 5.954 6.202 6.449 6.072 5.519 4.965 4.412 3.858 3.305 2.86 2.823 2.785 2.748 2.71 2.672 2.635 2.597 2.56 2.522 2.461 2.353 2.245 2.137 2.03 1.922 1.814 1.706 1.598 1.49 1.459 1.461 1.462 1.463 1.464 1.465 1.466 1.422 1.372 1.322 1.272 1.222 1.172 1.122 1.072 1.022 0.993 0.988 0.983 0.978 0.973 0.968 0.963 0.931 0.862 0.794 0.726 0.657 0.589 0.52 0.452 0.384 0.329 0.318 0.306 0.295 0.283 0.272 0.26 0.249 0.243 0.237 0.231 0.225 0.219 0.213 0.207 0.201 0.197 0.193 0.188 0.184 0.18 0.175 0.171 0.167 0.163 0.161 0.159 0.156 0.154 0.151 0.149 0.146 0.143 0.14 0.136 0.133 0.129 0.126 0.122 0.119 0.116 0.113 0.11 0.108 0.105 0.103 0.1 0.097 0.095 0.093 0.091 0.089 0.087 0.086 0.084 0.082 0.08 0.078 0.075 0.072 0.069 0.066 0.064 0.061 0.058 0.055 0.052 0.049 0.046 0.043 0.04 0.037 0.034 0.031
5.452 5.7 5.948 6.195 5.806 5.252 4.699 4.145 3.592 3.071 3.033 2.996 2.958 2.921 2.883 2.845 2.808 2.77 2.733 2.695 2.633 2.525 2.417 2.309 2.202 2.094 1.986 1.878 1.77 1.662 1.554 1.546 1.547 1.548 1.549 1.55 1.551 1.506 1.456 1.406 1.356 1.306 1.256 1.206 1.156 1.106 1.056 1.036 1.031 1.026 1.021 1.016 1.011 0.978 0.909 0.841 0.773 0.704 0.636 0.567 0.499 0.431 0.362 0.319 0.308 0.296 0.285 0.273 0.262 0.25 0.244 0.238 0.232 0.226 0.22 0.214 0.209 0.205 0.2 0.196 0.192 0.187 0.183 0.179 0.174 0.17 0.167 0.164 0.162 0.159 0.157 0.154 0.152 0.149 0.145 0.142 0.138 0.135 0.132 0.128 0.125 0.121 0.118 0.115 0.113 0.11 0.108 0.105 0.102 0.1 0.098 0.096 0.094 0.092 0.09 0.089 0.087 0.085 0.083 0.081 0.078 0.075 0.072 0.069 0.067 0.064 0.061 0.058 0.055 0.052 0.049 0.046 0.043 0.04 0.037 0.034
5.199 5.446 5.694 5.941 5.539 4.986 4.432 3.879 3.325 3.244 3.207 3.169 3.131 3.094 3.056 3.018 2.981 2.943 2.906 2.868 2.805 2.697 2.589 2.481 2.373 2.266 2.158 2.05 1.942 1.834 1.726 1.63 1.632 1.633 1.634 1.635 1.636 1.59 1.54 1.49 1.44 1.39 1.34 1.29 1.24 1.19 1.14 1.09 1.079 1.074 1.069 1.064 1.059 1.025 0.956 0.888 0.82 0.751 0.683 0.614 0.546 0.478 0.409 0.341 0.309 0.298 0.287 0.275 0.264 0.252 0.246 0.24 0.234 0.228 0.222 0.216 0.212 0.208 0.203 0.199 0.195 0.19 0.186 0.182 0.177 0.173 0.17 0.167 0.165 0.162 0.16 0.158 0.155 0.151 0.148 0.144 0.141 0.137 0.134 0.131 0.127 0.124 0.12 0.118 0.115 0.113 0.11 0.107 0.105 0.103 0.101 0.099 0.097 0.095 0.093 0.092 0.09 0.088 0.086 0.084 0.081 0.078 0.075 0.072 0.07 0.067 0.064 0.061 0.058 0.055 0.052 0.049 0.046 0.043 0.04 0.037
4.945 5.192 5.44 5.688 5.273 4.719 4.166 3.612 3.455 3.417 3.38 3.342 3.304 3.267 3.229 3.192 3.154 3.116 3.079 3.041 2.977 2.869 2.761 2.653 2.545 2.437 2.33 2.222 2.114 2.006 1.898 1.79 1.717 1.718 1.719 1.72 1.721 1.675 1.624 1.574 1.524 1.474 1.424 1.374 1.324 1.274 1.224 1.174 1.127 1.122 1.117 1.112 1.108 1.072 1.004 0.935 0.867 0.798 0.73 0.661 0.593 0.525 0.456 0.388 0.319 0.3 0.288 0.277 0.265 0.254 0.248 0.242 0.236 0.23 0.224 0.22 0.215 0.211 0.207 0.202 0.198 0.194 0.189 0.185 0.181 0.176 0.173 0.171 0.168 0.166 0.163 0.16 0.157 0.153 0.15 0.147 0.143 0.14 0.136 0.133 0.129 0.126 0.123 0.12 0.118 0.115 0.112 0.11 0.108 0.106 0.104 0.102 0.1 0.098 0.097 0.095 0.093 0.091 0.089 0.087 0.084 0.081 0.078 0.075 0.073 0.07 0.067 0.064 0.061 0.058 0.055 0.051 0.048 0.045 0.042 0.039
4.691 4.938 5.186 5.434 5.006 4.453 3.899 3.665 3.628 3.59 3.553 3.515 3.477 3.44 3.402 3.365 3.327 3.289 3.252 3.214 3.149 3.041 2.933 2.825 2.717 2.609 2.502 2.394 2.286 2.178 2.07 1.962 1.854 1.803 1.804 1.805 1.806 1.759 1.709 1.658 1.608 1.558 1.508 1.458 1.408 1.358 1.308 1.258 1.208 1.17 1.165 1.161 1.156 1.119 1.051 0.982 0.914 0.845 0.777 0.708 0.64 0.572 0.503 0.435 0.366 0.301 0.29 0.278 0.267 0.256 0.25 0.244 0.238 0.231 0.227 0.223 0.218 0.214 0.21 0.205 0.201 0.197 0.192 0.188 0.184 0.179 0.176 0.174 0.171 0.169 0.166 0.163 0.159 0.156 0.152 0.149 0.146 0.142 0.139 0.135 0.132 0.128 0.125 0.123 0.12 0.117 0.115 0.113 0.111 0.109 0.107 0.105 0.103 0.101 0.1 0.098 0.096 0.094 0.092 0.09 0.087 0.084 0.081 0.078 0.075 0.072 0.069 0.066 0.063 0.06 0.057 0.054 0.051 0.048 0.045 0.042
4.437 4.685 4.932 5.18 4.74 4.186 3.876 3.839 3.801 3.763 3.726 3.688 3.65 3.613 3.575 3.538 3.5 3.462 3.425 3.387 3.321 3.213 3.105 2.997 2.889 2.781 2.673 2.566 2.458 2.35 2.242 2.134 2.026 1.918 1.889 1.89 1.891 1.843 1.793 1.743 1.692 1.642 1.592 1.542 1.492 1.442 1.392 1.342 1.292 1.242 1.214 1.209 1.204 1.166 1.098 1.029 0.961 0.892 0.824 0.756 0.687 0.619 0.55 0.482 0.413 0.345 0.291 0.28 0.268 0.257 0.251 0.245 0.239 0.235 0.23 0.226 0.222 0.217 0.213 0.209 0.204 0.2 0.196 0.191 0.187 0.183 0.179 0.177 0.174 0.172 0.168 0.165 0.162 0.158 0.155 0.151 0.148 0.144 0.141 0.138 0.134 0.131 0.127 0.125 0.122 0.12 0.117 0.116 0.114 0.112 0.11 0.108 0.106 0.104 0.103 0.101 0.099 0.097 0.095 0.093 0.09 0.087 0.084 0.081 0.078 0.075 0.072 0.069 0.066 0.063 0.06 0.057 0.054 0.051 0.048 0.045
4.183 4.431 4.678 4.926 4.473 4.087 4.049 4.012 3.974 3.936 3.899 3.861 3.824 3.786 3.748 3.711 3.673 3.635 3.598 3.56 3.493 3.385 3.277 3.169 3.061 2.953 2.845 2.738 2.63 2.522 2.414 2.306 2.198 2.09 1.982 1.975 1.976 1.927 1.877 1.827 1.777 1.726 1.676 1.626 1.576 1.526 1.476 1.426 1.376 1.326 1.276 1.257 1.252 1.213 1.145 1.076 1.008 0.939 0.871 0.803 0.734 0.666 0.597 0.529 0.46 0.392 0.324 0.281 0.27 0.259 0.253 0.247 0.242 0.238 0.233 0.229 0.225 0.22 0.216 0.212 0.207 0.203 0.199 0.194 0.19 0.186 0.183 0.18 0.178 0.174 0.171 0.167 0.164 0.161 0.157 0.154 0.15 0.147 0.143 0.14 0.137 0.133 0.13 0.127 0.125 0.122 0.12 0.119 0.117 0.115 0.113 0.111 0.109 0.107 0.106 0.104 0.102 0.1 0.098 0.096 0.093 0.09 0.087 0.084 0.081 0.078 0.075 0.072 0.069 0.066 0.063 0.06 0.057 0.054 0.051 0.048
3.929 4.177 4.424 4.672 4.297 4.26 4.222 4.185 4.147 4.109 4.072 4.034 3.997 3.959 3.921 3.884 3.846 3.808 3.771 3.733 3.665 3.557 3.449 3.341 3.233 3.125 3.017 2.909 2.802 2.694 2.586 2.478 2.37 2.262 2.154 2.06 2.061 2.011 1.961 1.911 1.861 1.811 1.76 1.71 1.66 1.61 1.56 1.51 1.46 1.41 1.36 1.31 1.3 1.26 1.192 1.123 1.055 0.986 0.918 0.85 0.781 0.713 0.644 0.576 0.508 0.439 0.371 0.302 0.272 0.261 0.255 0.249 0.245 0.241 0.236 0.232 0.228 0.223 0.219 0.215 0.211 0.206 0.202 0.198 0.193 0.189 0.186 0.183 0.18 0.177 0.173 0.17 0.166 0.163 0.159 0.156 0.153 0.149 0.146 0.142 0.139 0.136 0.132 0.13 0.127 0.125 0.123 0.122 0.12 0.118 0.116 0.114 0.112 0.11 0.109 0.107 0.105 0.103 0.101 0.099 0.096 0.093 0.09 0.087 0.084 0.081 0.078 0.075 0.072 0.069 0.066 0.063 0.06 0.057 0.054 0.051
3.688 3.935 4.181 4.428 4.422 4.39 4.359 4.327 4.295 4.263 4.232 4.2 4.168 4.132 4.094 4.057 4.019 3.982 3.944 3.906 3.837 3.729 3.621 3.513 3.405 3.297 3.189 3.081 2.973 2.866 2.758 2.65 2.542 2.434 2.326 2.218 2.145 2.095 2.045 1.995 1.945 1.895 1.845 1.794 1.744 1.694 1.644 1.594 1.544 1.494 1.444 1.394 1.348 1.307 1.239 1.17 1.102 1.033 0.965 0.897 0.828 0.76 0.691 0.623 0.555 0.486 0.418 0.349 0.281 0.262 0.257 0.253 0.248 0.244 0.24 0.235 0.231 0.227 0.222 0.218 0.214 0.209 0.205 0.201 0.196 0.192 0.189 0.186 0.182 0.179 0.176 0.172 0.169 0.165 0.162 0.158 0.155 0.152 0.148 0.145 0.141 0.138 0.135 0.132 0.13 0.128 0.126 0.125 0.123 0.121 0.119 0.117 0.115 0.113 0.112 0.11 0.108 0.106 0.104 0.102 0.099 0.096 0.093 0.09 0.087 0.084 0.081 0.078 0.075 0.072 0.069 0.066 0.063 0.059 0.056 0.053
3.499 3.745 3.992 4.238 4.228 4.197 4.165 4.133 4.101 4.07 4.038 4.006 3.974 3.942 3.911 3.879 3.847 3.815 3.784 3.766 3.735 3.632 3.529 3.426 3.324 3.221 3.118 3.015 2.912 2.809 2.706 2.604 2.501 2.398 2.295 2.192 2.179 2.13 2.081 2.032 1.984 1.935 1.886 1.837 1.789 1.74 1.691 1.642 1.594 1.545 1.496 1.447 1.399 1.326 1.259 1.192 1.125 1.058 0.991 0.924 0.857 0.79 0.722 0.655 0.588 0.521 0.454 0.387 0.32 0.265 0.26 0.256 0.252 0.247 0.243 0.238 0.234 0.23 0.225 0.221 0.217 0.212 0.208 0.204 0.199 0.195 0.192 0.188 0.185 0.181 0.178 0.174 0.171 0.168 0.164 0.161 0.157 0.154 0.151 0.147 0.144 0.14 0.137 0.135 0.133 0.131 0.129 0.128 0.126 0.124 0.122 0.12 0.118 0.117 0.115 0.113 0.111 0.109 0.107 0.105 0.102 0.099 0.096 0.093 0.089 0.086 0.083 0.08 0.077 0.074 0.071 0.068 0.065 0.062 0.059 0.056
3.309 3.556 3.802 4.049 4.035 4.003 3.971 3.939 3.908 3.876 3.844 3.812 3.78 3.749 3.717 3.685 3.653 3.622 3.594 3.628 3.595 3.492 3.389 3.286 3.183 3.081 2.978 2.875 2.772 2.669 2.566 2.463 2.361 2.258 2.155 2.12 2.181 2.132 2.084 2.035 1.986 1.937 1.889 1.84 1.791 1.742 1.694 1.645 1.596 1.547 1.499 1.45 1.368 1.29 1.223 1.156 1.089 1.022 0.955 0.888 0.821 0.754 0.687 0.62 0.553 0.486 0.419 0.352 0.288 0.287 0.265 0.261 0.256 0.252 0.248 0.243 0.239 0.234 0.23 0.226 0.221 0.217 0.213 0.208 0.204 0.2 0.194 0.19 0.187 0.184 0.18 0.177 0.173 0.17 0.166 0.163 0.16 0.156 0.153 0.149 0.146 0.143 0.139 0.138 0.136 0.134 0.132 0.13 0.128 0.127 0.125 0.123 0.121 0.119 0.117 0.116 0.114 0.112 0.11 0.109 0.106 0.102 0.099 0.096 0.093 0.09 0.087 0.084 0.081 0.078 0.074 0.071 0.068 0.065 0.062 0.059
3.12 3.366 3.613 3.86 3.841 3.809 3.777 3.745 3.714 3.682 3.65 3.618 3.587 3.555 3.523 3.491 3.46 3.428 3.456 3.49 3.455 3.352 3.249 3.146 3.043 2.94 2.838 2.735 2.632 2.529 2.426 2.323 2.221 2.118 2.057 2.124 2.184 2.135 2.086 2.037 1.989 1.94 1.891 1.842 1.794 1.745 1.696 1.647 1.599 1.55 1.501 1.426 1.332 1.255 1.188 1.121 1.054 0.987 0.92 0.853 0.785 0.718 0.651 0.584 0.517 0.45 0.383 0.316 0.313 0.312 0.283 0.265 0.261 0.257 0.252 0.248 0.244 0.239 0.235 0.23 0.226 0.222 0.217 0.213 0.209 0.204 0.198 0.193 0.189 0.186 0.182 0.179 0.176 0.172 0.169 0.165 0.162 0.158 0.155 0.152 0.148 0.145 0.142 0.14 0.138 0.136 0.134 0.133 0.131 0.129 0.127 0.125 0.123 0.121 0.12 0.118 0.116 0.114 0.111 0.115 0.114 0.111 0.107 0.104 0.101 0.098 0.095 0.092 0.089 0.086 0.082 0.079 0.076 0.073 0.07 0.067
2.93 3.177 3.424 3.67 3.647 3.615 3.583 3.552 3.52 3.488 3.456 3.425 3.393 3.361 3.329 3.298 3.266 3.285 3.318 3.352 3.315 3.212 3.109 3.006 2.903 2.8 2.697 2.595 2.492 2.389 2.286 2.183 2.08 1.995 2.062 2.128 2.186 2.137 2.089 2.04 1.991 1.942 1.894 1.845 1.796 1.747 1.699 1.65 1.601 1.552 1.484 1.39 1.296 1.219 1.152 1.085 1.018 0.951 0.884 0.817 0.75 0.683 0.616 0.549 0.482 0.415 0.348 0.335 0.339 0.337 0.307 0.278 0.266 0.261 0.257 0.253 0.248 0.244 0.24 0.235 0.231 0.227 0.222 0.218 0.213 0.209 0.203 0.197 0.191 0.188 0.185 0.181 0.178 0.174 0.171 0.167 0.164 0.161 0.157 0.154 0.15 0.147 0.144 0.142 0.14 0.138 0.137 0.135 0.133 0.131 0.129 0.127 0.126 0.124 0.122 0.12 0.118 0.115 0.112 0.116 0.122 0.119 0.115 0.112 0.109 0.106 0.103 0.1 0.097 0.094 0.091 0.087 0.084 0.081 0.078 0.075
2.741 2.988 3.234 3.481 3.453 3.421 3.39 3.358 3.326 3.294 3.263 3.231 3.199 3.167 3.136 3.104 3.113 3.147 3.18 3.214 3.174 3.072 2.969 2.866 2.763 2.66 2.557 2.454 2.352 2.249 2.146 2.043 1.94 1.999 2.066 2.133 2.189 2.14 2.091 2.042 1.994 1.945 1.896 1.847 1.799 1.75 1.701 1.652 1.604 1.542 1.448 1.354 1.26 1.184 1.117 1.05 0.983 0.916 0.848 0.781 0.714 0.647 0.58 0.513 0.446 0.379 0.356 0.36 0.364 0.361 0.332 0.303 0.273 0.266 0.262 0.257 0.253 0.249 0.244 0.24 0.236 0.231 0.227 0.223 0.218 0.214 0.208 0.201 0.195 0.19 0.187 0.183 0.18 0.176 0.173 0.17 0.166 0.163 0.159 0.156 0.153 0.149 0.146 0.144 0.142 0.141 0.139 0.137 0.135 0.133 0.131 0.13 0.128 0.126 0.124 0.122 0.12 0.116 0.113 0.117 0.123 0.127 0.124 0.12 0.117 0.114 0.111 0.108 0.105 0.102 0.099 0.096 0.092 0.089 0.086 0.083
2.552 2.798 3.045 3.291 3.259 3.228 3.196 3.164 3.132 3.101 3.069 3.037 3.005 2.974 2.942 2.941 2.975 3.009 3.042 3.076 3.034 2.931 2.829 2.726 2.623 2.52 2.417 2.314 2.212 2.109 2.006 1.903 1.937 2.004 2.07 2.137 2.191 2.142 2.094 2.045 1.996 1.947 1.899 1.85 1.801 1.752 1.704 1.655 1.6 1.506 1.412 1.318 1.224 1.148 1.081 1.014 0.947 0.88 0.813 0.746 0.679 0.612 0.545 0.478 0.411 0.377 0.381 0.385 0.389 0.386 0.357 0.327 0.298 0.271 0.267 0.262 0.258 0.253 0.249 0.245 0.24 0.236 0.232 0.227 0.223 0.219 0.213 0.206 0.199 0.193 0.189 0.186 0.182 0.179 0.175 0.172 0.168 0.165 0.162 0.158 0.155 0.151 0.148 0.147 0.145 0.143 0.141 0.139 0.137 0.136 0.134 0.132 0.13 0.128 0.126 0.124 0.12 0.117 0.114 0.118 0.124 0.13 0.132 0.129 0.125 0.122 0.119 0.116 0.113 0.11 0.107 0.104 0.101 0.097 0.094 0.091
2.362 2.609 2.856 3.097 3.066 3.034 3.002 2.97 2.939 2.907 2.875 2.843 2.812 2.78 2.769 2.803 2.837 2.871 2.905 2.938 2.894 2.791 2.688 2.586 2.483 2.38 2.277 2.174 2.071 1.969 1.866 1.875 1.941 2.008 2.075 2.142 2.194 2.145 2.096 2.047 1.999 1.95 1.901 1.852 1.804 1.755 1.706 1.657 1.564 1.47 1.376 1.282 1.188 1.113 1.046 0.979 0.911 0.844 0.777 0.71 0.643 0.576 0.509 0.442 0.398 0.402 0.406 0.41 0.414 0.41 0.381 0.352 0.323 0.293 0.271 0.267 0.263 0.258 0.254 0.249 0.245 0.241 0.236 0.232 0.228 0.223 0.217 0.211 0.204 0.198 0.191 0.188 0.184 0.181 0.177 0.174 0.171 0.167 0.164 0.16 0.157 0.154 0.151 0.149 0.147 0.145 0.143 0.141 0.14 0.138 0.136 0.134 0.132 0.13 0.128 0.125 0.121 0.118 0.115 0.119 0.125 0.131 0.136 0.137 0.134 0.13 0.127 0.124 0.121 0.118 0.115 0.112 0.109 0.105 0.102 0.099
2.173 2.42 2.666 2.904 2.872 2.84 2.808 2.777 2.745 2.713 2.681 2.65 2.618 2.598 2.631 2.665 2.699 2.733 2.767 2.8 2.754 2.651 2.548 2.446 2.343 2.24 2.137 2.034 1.931 1.828 1.812 1.879 1.946 2.012 2.079 2.146 2.196 2.147 2.099 2.05 2.001 1.952 1.904 1.855 1.806 1.757 1.709 1.622 1.528 1.434 1.34 1.246 1.152 1.077 1.01 0.943 0.876 0.809 0.742 0.675 0.608 0.541 0.474 0.419 0.423 0.427 0.431 0.435 0.439 0.435 0.406 0.377 0.347 0.318 0.289 0.272 0.267 0.263 0.259 0.254 0.25 0.246 0.241 0.237 0.232 0.228 0.222 0.215 0.209 0.202 0.196 0.19 0.187 0.183 0.18 0.176 0.173 0.169 0.166 0.163 0.159 0.156 0.153 0.151 0.149 0.147 0.145 0.144 0.142 0.14 0.138 0.136 0.134 0.132 0.129 0.126 0.122 0.119 0.116 0.12 0.126 0.132 0.138 0.143 0.142 0.138 0.135 0.132 0.129 0.126 0.123 0.12 0.117 0.114 0.11 0.107
1.984 2.23 2.477 2.71 2.678 2.646 2.615 2.583 2.551 2.519 2.487 2.456 2.426 2.46 2.493 2.527 2.561 2.595 2.629 2.662 2.614 2.511 2.408 2.305 2.203 2.1 1.997 1.894 1.791 1.75 1.817 1.883 1.95 2.017 2.084 2.15 2.199 2.15 2.101 2.052 2.004 1.955 1.906 1.857 1.809 1.76 1.68 1.586 1.492 1.398 1.304 1.21 1.116 1.042 0.974 0.907 0.84 0.773 0.706 0.639 0.572 0.505 0.44 0.444 0.448 0.452 0.456 0.46 0.464 0.46 0.43 0.401 0.372 0.343 0.313 0.284 0.272 0.268 0.263 0.259 0.255 0.25 0.246 0.242 0.237 0.233 0.227 0.22 0.214 0.207 0.2 0.194 0.189 0.185 0.182 0.178 0.175 0.172 0.168 0.165 0.161 0.158 0.155 0.153 0.151 0.15 0.148 0.146 0.144 0.142 0.14 0.139 0.137 0.133 0.13 0.127 0.123 0.12 0.117 0.122 0.127 0.133 0.139 0.144 0.15 0.147 0.143 0.14 0.137 0.134 0.131 0.128 0.125 0.122 0.119 0.115
1.794 2.041 2.287 2.516 2.484 2.453 2.421 2.389 2.357 2.325 2.294 2.262 2.288 2.322 2.356 2.389 2.423 2.457 2.491 2.525 2.474 2.371 2.268 2.165 2.062 1.96 1.857 1.754 1.688 1.754 1.821 1.888 1.954 2.021 2.088 2.155 2.201 2.152 2.104 2.055 2.006 1.957 1.909 1.86 1.811 1.738 1.644 1.55 1.456 1.362 1.268 1.174 1.08 1.006 0.939 0.872 0.805 0.738 0.671 0.604 0.537 0.47 0.465 0.469 0.473 0.477 0.481 0.485 0.489 0.484 0.455 0.426 0.396 0.367 0.338 0.309 0.279 0.272 0.268 0.264 0.259 0.255 0.251 0.246 0.242 0.238 0.231 0.225 0.218 0.212 0.205 0.199 0.192 0.187 0.184 0.181 0.177 0.174 0.17 0.167 0.164 0.16 0.157 0.155 0.154 0.152 0.15 0.148 0.146 0.144 0.143 0.141 0.138 0.134 0.131 0.128 0.124 0.121 0.117 0.123 0.128 0.134 0.14 0.145 0.151 0.155 0.152 0.148 0.145 0.142 0.139 0.136 0.133 0.13 0.127 0.123
1.605 1.852 2.098 2.322 2.29 2.259 2.227 2.195 2.163 2.132 2.1 2.116 2.15 2.184 2.218 2.251 2.285 2.319 2.353 2.387 2.334 2.231 2.128 2.025 1.922 1.819 1.717 1.625 1.692 1.759 1.825 1.892 1.959 2.026 2.092 2.159 2.204 2.155 2.106 2.057 2.009 1.96 1.911 1.862 1.795 1.702 1.608 1.514 1.42 1.326 1.232 1.138 1.044 0.97 0.903 0.836 0.769 0.702 0.635 0.568 0.501 0.486 0.49 0.494 0.498 0.502 0.506 0.511 0.515 0.509 0.48 0.45 0.421 0.392 0.363 0.333 0.304 0.277 0.273 0.268 0.264 0.26 0.255 0.251 0.247 0.242 0.236 0.23 0.223 0.216 0.21 0.203 0.197 0.19 0.186 0.183 0.179 0.176 0.173 0.169 0.166 0.162 0.16 0.158 0.156 0.154 0.152 0.15 0.148 0.147 0.145 0.142 0.139 0.135 0.132 0.128 0.125 0.122 0.118 0.124 0.129 0.135 0.141 0.146 0.152 0.158 0.16 0.157 0.153 0.15 0.147 0.144 0.141 0.138 0.135 0.132
1.416 1.662 1.909 2.128 2.097 2.065 2.033 2.001 1.97 1.938 1.944 1.978 2.012 2.046 2.08 2.113 2.147 2.181 2.215 2.249 2.194 2.091 1.988 1.885 1.782 1.679 1.576 1.63 1.696 1.763 1.83 1.896 1.963 2.03 2.097 2.163 2.206 2.157 2.109 2.06 2.011 1.962 1.914 1.853 1.759 1.666 1.572 1.478 1.384 1.29 1.196 1.102 1.008 0.935 0.868 0.801 0.734 0.667 0.6 0.533 0.507 0.511 0.515 0.519 0.523 0.527 0.532 0.536 0.54 0.533 0.504 0.475 0.446 0.416 0.387 0.358 0.329 0.299 0.278 0.273 0.269 0.265 0.26 0.256 0.251 0.247 0.241 0.234 0.228 0.221 0.215 0.208 0.201 0.195 0.188 0.185 0.182 0.178 0.175 0.171 0.168 0.165 0.162 0.16 0.158 0.156 0.154 0.153 0.151 0.149 0.146 0.143 0.139 0.136 0.133 0.129 0.126 0.123 0.119 0.125 0.13 0.136 0.142 0.148 0.153 0.159 0.165 0.165 0.161 0.158 0.155 0.152 0.149 0.146 0.143 0.14
1.226 1.473 1.719 1.935 1.903 1.871 1.839 1.808 1.776 1.773 1.807 1.84 1.874 1.908 1.942 1.976 2.009 2.043 2.077 2.111 2.053 1.951 1.848 1.745 1.642 1.539 1.567 1.634 1.701 1.767 1.834 1.901 1.968 2.034 2.101 2.168 2.209 2.16 2.111 2.062 2.014 1.965 1.911 1.817 1.723 1.63 1.536 1.442 1.348 1.254 1.16 1.066 0.972 0.899 0.832 0.765 0.698 0.631 0.564 0.528 0.532 0.536 0.54 0.544 0.548 0.553 0.557 0.561 0.565 0.558 0.529 0.499 0.47 0.441 0.412 0.382 0.353 0.324 0.295 0.278 0.274 0.269 0.265 0.261 0.256 0.252 0.246 0.239 0.232 0.226 0.219 0.213 0.206 0.199 0.193 0.187 0.184 0.18 0.177 0.174 0.17 0.167 0.164 0.162 0.16 0.158 0.157 0.155 0.153 0.15 0.147 0.144 0.14 0.137 0.134 0.13 0.127 0.124 0.12 0.126 0.132 0.137 0.143 0.149 0.154 0.16 0.166 0.171 0.17 0.166 0.163 0.16 0.157 0.154 0.151 0.148
1.037 1.283 1.53 1.741 1.709 1.677 1.646 1.614 1.601 1.635 1.669 1.702 1.736 1.77 1.804 1.838 1.871 1.905 1.939 1.973 1.913 1.81 1.708 1.605 1.502 1.505 1.572 1.638 1.705 1.772 1.838 1.905 1.972 2.039 2.105 2.172 2.211 2.162 2.114 2.065 2.016 1.967 1.875 1.781 1.687 1.594 1.5 1.406 1.312 1.218 1.124 1.03 0.936 0.864 0.797 0.73 0.663 0.596 0.549 0.553 0.557 0.561 0.565 0.569 0.574 0.578 0.582 0.586 0.59 0.583 0.553 0.524 0.495 0.466 0.436 0.407 0.378 0.349 0.319 0.29 0.278 0.274 0.27 0.265 0.261 0.257 0.25 0.244 0.237 0.231 0.224 0.217 0.211 0.204 0.198 0.191 0.186 0.183 0.179 0.176 0.172 0.169 0.166 0.164 0.163 0.161 0.159 0.157 0.155 0.151 0.148 0.145 0.141 0.138 0.135 0.131 0.128 0.125 0.121 0.127 0.133 0.138 0.144 0.15 0.155 0.161 0.167 0.172 0.178 0.175 0.171 0.168 0.165 0.162 0.159 0.156
0.847 1.094 1.341 1.547 1.515 1.484 1.452 1.429 1.463 1.497 1.531 1.564 1.598 1.632 1.666 1.7 1.733 1.767 1.801 1.835 1.773 1.67 1.567 1.465 1.443 1.509 1.576 1.643 1.709 1.776 1.843 1.91 1.976 2.043 2.11 2.176 2.214 2.165 2.116 2.067 2.019 1.933 1.839 1.745 1.651 1.558 1.464 1.37 1.276 1.182 1.088 0.994 0.9 0.828 0.761 0.694 0.627 0.57 0.574 0.578 0.582 0.586 0.591 0.595 0.599 0.603 0.607 0.611 0.615 0.607 0.578 0.549 0.519 0.49 0.461 0.432 0.402 0.373 0.344 0.315 0.285 0.279 0.274 0.27 0.266 0.261 0.255 0.248 0.242 0.235 0.229 0.222 0.215 0.209 0.202 0.196 0.189 0.185 0.181 0.178 0.175 0.171 0.168 0.167 0.165 0.163 0.161 0.159 0.156 0.152 0.149 0.146 0.142 0.139 0.136 0.132 0.129 0.125 0.122 0.128 0.134 0.139 0.145 0.151 0.156 0.162 0.168 0.174 0.179 0.183 0.18 0.176 0.173 0.17 0.167 0.164
0.658 0.905 1.151 1.353 1.322 1.29 1.258 1.291 1.325 1.359 1.393 1.427 1.46 1.494 1.528 1.562 1.596 1.629 1.663 1.697 1.633 1.53 1.427 1.38 1.447 1.514 1.58 1.647 1.714 1.78 1.847 1.914 1.981 2.047 2.114 2.181 2.216 2.167 2.119 2.07 1.991 1.897 1.803 1.709 1.616 1.522 1.428 1.334 1.24 1.146 1.052 0.958 0.864 0.793 0.726 0.659 0.592 0.595 0.599 0.603 0.607 0.612 0.616 0.62 0.624 0.628 0.632 0.636 0.64 0.632 0.602 0.573 0.544 0.515 0.485 0.456 0.427 0.398 0.368 0.339 0.31 0.284 0.279 0.275 0.27 0.266 0.26 0.253 0.246 0.24 0.233 0.227 0.22 0.214 0.207 0.2 0.194 0.187 0.184 0.18 0.177 0.173 0.171 0.169 0.167 0.165 0.163 0.16 0.157 0.153 0.15 0.147 0.143 0.14 0.136 0.133 0.13 0.126 0.123 0.129 0.135 0.14 0.146 0.152 0.158 0.163 0.169 0.175 0.18 0.186 0.188 0.184 0.181 0.178 0.175 0.172
0.757 0.715 0.962 1.16 1.128 1.096 1.12 1.153 1.187 1.221 1.255 1.289 1.322 1.356 1.39 1.424 1.458 1.491 1.525 1.559 1.493 1.39 1.318 1.385 1.451 1.518 1.585 1.651 1.718 1.785 1.852 1.918 1.985 2.052 2.118 2.185 2.219 2.17 2.121 2.049 1.955 1.861 1.767 1.673 1.58 1.486 1.392 1.298 1.204 1.11 1.016 0.922 0.828 0.757 0.69 0.623 0.616 0.62 0.624 0.628 0.633 0.637 0.641 0.645 0.649 0.653 0.657 0.661 0.666 0.656 0.627 0.598 0.569 0.539 0.51 0.481 0.452 0.422 0.393 0.364 0.335 0.305 0.284 0.28 0.275 0.271 0.264 0.258 0.251 0.245 0.238 0.231 0.225 0.218 0.212 0.205 0.199 0.192 0.186 0.182 0.179 0.176 0.173 0.171 0.169 0.167 0.164 0.161 0.158 0.154 0.151 0.147 0.144 0.141 0.137 0.134 0.131 0.127 0.125 0.13 0.136 0.142 0.147 0.153 0.159 0.164 0.17 0.176 0.181 0.187 0.193 0.193 0.189 0.186 0.183 0.18
0.984 0.709 0.773 0.966 0.934 0.948 0.982 1.015 1.049 1.083 1.117 1.151 1.184 1.218 1.252 1.286 1.32 1.353 1.387 1.421 1.353 1.255 1.322 1.389 1.456 1.522 1.589 1.656 1.722 1.789 1.856 1.923 1.989 2.056 2.123 2.19 2.221 2.172 2.107 2.013 1.919 1.825 1.731 1.637 1.544 1.45 1.356 1.262 1.168 1.074 0.98 0.886 0.792 0.722 0.655 0.637 0.641 0.645 0.65 0.654 0.658 0.662 0.666 0.67 0.674 0.678 0.682 0.687 0.691 0.681 0.652 0.622 0.593 0.564 0.535 0.505 0.476 0.447 0.418 0.388 0.359 0.33 0.301 0.284 0.28 0.276 0.269 0.262 0.256 0.249 0.243 0.236 0.23 0.223 0.216 0.21 0.203 0.197 0.19 0.185 0.181 0.178 0.175 0.173 0.171 0.169 0.165 0.162 0.158 0.155 0.152 0.148 0.145 0.142 0.138 0.135 0.132 0.128 0.126 0.131 0.137 0.143 0.148 0.154 0.16 0.165 0.171 0.177 0.182 0.188 0.194 0.199 0.198 0.194 0.191 0.188
1.212 0.937 0.661 0.772 0.776 0.81 0.844 0.878 0.911 0.945 0.979 1.013 1.047 1.08 1.114 1.148 1.182 1.216 1.249 1.283 1.213 1.26 1.327 1.393 1.46 1.527 1.593 1.66 1.727 1.794 1.86 1.927 1.994 2.06 2.127 2.194 2.224 2.165 2.071 1.977 1.883 1.789 1.695 1.601 1.508 1.414 1.32 1.226 1.132 1.038 0.944 0.85 0.756 0.686 0.658 0.662 0.666 0.671 0.675 0.679 0.683 0.687 0.691 0.695 0.699 0.703 0.708 0.712 0.716 0.706 0.676 0.647 0.618 0.589 0.559 0.53 0.501 0.472 0.442 0.413 0.384 0.355 0.325 0.296 0.285 0.28 0.274 0.267 0.261 0.254 0.247 0.241 0.234 0.228 0.221 0.215 0.208 0.201 0.195 0.188 0.183 0.18 0.177 0.175 0.173 0.169 0.166 0.163 0.159 0.156 0.153 0.149 0.146 0.143 0.139 0.136 0.133 0.129 0.127 0.132 0.138 0.144 0.149 0.155 0.161 0.166 0.172 0.178 0.184 0.189 0.195 0.201 0.206 0.203 0.199 0.196
1.447 1.172 0.896 0.647 0.678 0.708 0.739 0.769 0.8 0.83 0.861 0.891 0.922 0.952 0.983 1.013 1.044 1.078 1.111 1.145 1.197 1.264 1.331 1.398 1.464 1.531 1.598 1.665 1.731 1.798 1.865 1.931 1.998 2.065 2.132 2.198 2.223 2.129 2.035 1.941 1.847 1.753 1.659 1.565 1.472 1.378 1.284 1.19 1.096 1.002 0.908 0.814 0.72 0.679 0.683 0.687 0.692 0.696 0.7 0.704 0.708 0.712 0.716 0.72 0.724 0.729 0.733 0.737 0.741 0.73 0.701 0.672 0.642 0.613 0.584 0.555 0.525 0.496 0.467 0.438 0.408 0.379 0.35 0.321 0.291 0.285 0.278 0.272 0.265 0.259 0.252 0.246 0.239 0.232 0.226 0.219 0.213 0.206 0.2 0.193 0.186 0.182 0.18 0.177 0.174 0.17 0.167 0.164 0.16 0.157 0.154 0.15 0.147 0.144 0.14 0.137 0.133 0.13 0.128 0.133 0.139 0.145 0.151 0.156 0.162 0.168 0.173 0.179 0.185 0.19 0.196 0.202 0.207 0.211 0.207 0.204
1.707 1.432 1.141 0.851 0.745 0.775 0.806 0.836 0.867 0.897 0.928 0.958 0.989 1.019 1.05 1.08 1.111 1.141 1.172 1.202 1.284 1.35 1.415 1.48 1.546 1.611 1.676 1.742 1.807 1.872 1.937 2.003 2.068 2.133 2.199 2.264 2.277 2.184 2.088 1.992 1.896 1.8 1.703 1.607 1.511 1.415 1.319 1.223 1.127 1.03 0.934 0.838 0.742 0.736 0.739 0.741 0.744 0.747 0.75 0.753 0.756 0.758 0.761 0.764 0.767 0.77 0.772 0.775 0.778 0.764 0.733 0.703 0.673 0.642 0.612 0.582 0.551 0.521 0.491 0.462 0.433 0.404 0.374 0.345 0.316 0.29 0.283 0.277 0.27 0.263 0.257 0.25 0.244 0.237 0.231 0.224 0.217 0.211 0.204 0.198 0.191 0.185 0.181 0.178 0.175 0.171 0.168 0.165 0.161 0.158 0.155 0.151 0.148 0.144 0.141 0.138 0.134 0.131 0.129 0.135 0.14 0.146 0.152 0.157 0.163 0.169 0.174 0.18 0.186 0.191 0.197 0.203 0.208 0.214 0.216 0.212
1.967 1.686 1.352 1.065 0.912 0.842 0.873 0.903 0.934 0.964 0.995 1.025 1.056 1.086 1.117 1.147 1.178 1.208 1.239 1.269 1.353 1.442 1.508 1.573 1.638 1.704 1.769 1.834 1.899 1.965 2.03 2.095 2.161 2.226 2.291 2.357 2.368 2.286 2.19 2.094 1.998 1.902 1.806 1.709 1.613 1.517 1.421 1.325 1.229 1.133 1.036 0.94 0.844 0.84 0.842 0.845 0.848 0.851 0.854 0.857 0.859 0.862 0.865 0.868 0.871 0.873 0.876 0.879 0.875 0.853 0.823 0.792 0.762 0.732 0.701 0.671 0.641 0.61 0.58 0.55 0.519 0.489 0.459 0.428 0.398 0.304 0.299 0.292 0.285 0.278 0.271 0.265 0.258 0.251 0.244 0.237 0.231 0.224 0.217 0.21 0.204 0.197 0.188 0.184 0.181 0.177 0.174 0.17 0.167 0.163 0.16 0.156 0.153 0.149 0.146 0.142 0.139 0.135 0.133 0.138 0.144 0.149 0.155 0.16 0.166 0.172 0.177 0.183 0.188 0.194 0.199 0.205 0.21 0.216 0.221 0.222
2.227 1.896 1.563 1.278 1.125 0.972 0.94 0.97 1.001 1.031 1.062 1.092 1.123 1.153 1.184 1.214 1.245 1.275 1.306 1.336 1.421 1.517 1.6 1.666 1.731 1.796 1.861 1.927 1.992 2.057 2.123 2.188 2.253 2.318 2.384 2.449 2.458 2.377 2.292 2.196 2.1 2.004 1.908 1.812 1.715 1.619 1.523 1.427 1.331 1.235 1.139 1.042 0.946 0.943 0.946 0.949 0.952 0.955 0.957 0.96 0.963 0.966 0.969 0.972 0.974 0.977 0.98 0.978 0.965 0.943 0.912 0.882 0.852 0.821 0.791 0.761 0.73 0.7 0.67 0.639 0.609 0.579 0.548 0.518 0.433 0.32 0.315 0.309 0.302 0.295 0.289 0.282 0.275 0.268 0.261 0.255 0.248 0.241 0.234 0.228 0.221 0.214 0.204 0.195 0.191 0.188 0.184 0.181 0.177 0.174 0.17 0.167 0.163 0.159 0.156 0.152 0.149 0.145 0.143 0.149 0.154 0.16 0.165 0.171 0.176 0.182 0.188 0.193 0.199 0.204 0.21 0.215 0.221 0.226 0.225 0.243
2.44 2.107 1.774 1.492 1.339 1.186 1.032 1.037 1.068 1.098 1.129 1.159 1.19 1.22 1.251 1.281 1.312 1.342 1.373 1.403 1.489 1.585 1.681 1.758 1.823 1.889 1.954 2.019 2.085 2.15 2.215 2.28 2.346 2.411 2.476 2.542 2.548 2.467 2.386 2.298 2.202 2.106 2.01 1.914 1.818 1.721 1.625 1.529 1.433 1.337 1.241 1.145 1.048 1.047 1.05 1.053 1.056 1.058 1.061 1.064 1.067 1.07 1.072 1.075 1.078 1.081 1.081 1.068 1.054 1.032 1.002 0.972 0.941 0.911 0.881 0.85 0.82 0.79 0.759 0.729 0.699 0.668 0.638 0.566 0.447 0.335 0.33 0.326 0.319 0.312 0.306 0.299 0.292 0.285 0.279 0.272 0.265 0.258 0.251 0.245 0.238 0.231 0.221 0.209 0.202 0.198 0.194 0.191 0.187 0.184 0.18 0.177 0.173 0.17 0.166 0.163 0.159 0.156 0.154 0.159 0.165 0.17 0.176 0.181 0.187 0.193 0.198 0.204 0.209 0.215 0.22 0.226 0.231 0.232 0.226 0.245
2.651 2.318 1.985 1.706 1.553 1.399 1.246 1.104 1.135 1.165 1.196 1.226 1.257 1.287 1.318 1.348 1.379 1.409 1.44 1.47 1.557 1.653 1.749 1.846 1.916 1.981 2.047 2.112 2.177 2.242 2.308 2.373 2.438 2.504 2.569 2.634 2.638 2.557 2.476 2.395 2.304 2.208 2.112 2.016 1.92 1.824 1.727 1.631 1.535 1.439 1.343 1.247 1.151 1.151 1.154 1.157 1.159 1.162 1.165 1.168 1.171 1.173 1.176 1.179 1.182 1.185 1.171 1.158 1.144 1.122 1.092 1.061 1.031 1.001 0.97 0.94 0.91 0.879 0.849 0.819 0.788 0.758 0.699 0.58 0.46 0.351 0.346 0.341 0.336 0.33 0.323 0.316 0.309 0.303 0.296 0.289 0.282 0.275 0.269 0.262 0.255 0.248 0.238 0.226 0.214 0.208 0.205 0.201 0.198 0.194 0.191 0.187 0.184 0.18 0.177 0.173 0.17 0.166 0.164 0.17 0.175 0.181 0.186 0.192 0.198 0.203 0.209 0.214 0.22 0.225 0.231 0.236 0.238 0.233 0.227 0.246
2.862 2.529 2.195 1.919 1.766 1.613 1.46 1.307 1.202 1.232 1.263 1.293 1.324 1.354 1.385 1.415 1.446 1.476 1.507 1.537 1.625 1.721 1.817 1.914 2.009 2.074 2.139 2.204 2.27 2.335 2.4 2.466 2.531 2.596 2.662 2.727 2.728 2.647 2.566 2.485 2.404 2.31 2.214 2.118 2.022 1.926 1.83 1.733 1.637 1.541 1.445 1.349 1.253 1.255 1.257 1.26 1.263 1.266 1.269 1.272 1.274 1.277 1.28 1.283 1.286 1.275 1.261 1.248 1.234 1.211 1.181 1.151 1.12 1.09 1.06 1.029 0.999 0.969 0.938 0.908 0.878 0.832 0.713 0.593 0.474 0.367 0.362 0.357 0.352 0.347 0.34 0.333 0.326 0.32 0.313 0.306 0.299 0.293 0.286 0.279 0.272 0.265 0.255 0.243 0.231 0.219 0.215 0.212 0.208 0.205 0.201 0.198 0.194 0.191 0.187 0.183 0.18 0.176 0.175 0.18 0.186 0.191 0.197 0.202 0.208 0.214 0.219 0.225 0.23 0.236 0.241 0.245 0.239 0.234 0.228 0.248
3.073 2.739 2.406 2.133 1.98 1.827 1.673 1.52 1.367 1.299 1.33 1.36 1.391 1.421 1.452 1.482 1.513 1.543 1.574 1.604 1.693 1.789 1.886 1.982 2.078 2.166 2.232 2.297 2.362 2.428 2.493 2.558 2.624 2.689 2.754 2.819 2.819 2.737 2.656 2.575 2.494 2.412 2.316 2.22 2.124 2.028 1.932 1.836 1.739 1.643 1.547 1.451 1.356 1.358 1.361 1.364 1.367 1.37 1.373 1.375 1.378 1.381 1.384 1.387 1.378 1.364 1.351 1.338 1.324 1.301 1.271 1.24 1.21 1.18 1.149 1.119 1.089 1.058 1.028 0.998 0.965 0.846 0.726 0.607 0.488 0.382 0.377 0.372 0.368 0.363 0.357 0.35 0.344 0.337 0.33 0.323 0.316 0.31 0.303 0.296 0.289 0.283 0.272 0.26 0.248 0.236 0.226 0.222 0.218 0.215 0.211 0.208 0.204 0.201 0.197 0.194 0.19 0.187 0.185 0.191 0.196 0.202 0.207 0.213 0.219 0.224 0.23 0.235 0.241 0.246 0.252 0.246 0.24 0.235 0.229 0.249
3.284 2.95 2.617 2.347 2.193 2.04 1.887 1.734 1.581 1.427 1.397 1.427 1.458 1.488 1.519 1.549 1.58 1.61 1.641 1.671 1.761 1.858 1.954 2.05 2.146 2.242 2.324 2.39 2.455 2.52 2.586 2.651 2.716 2.781 2.847 2.912 2.909 2.828 2.746 2.665 2.584 2.503 2.418 2.322 2.226 2.13 2.034 1.938 1.842 1.745 1.649 1.553 1.459 1.462 1.465 1.468 1.471 1.473 1.476 1.479 1.482 1.485 1.488 1.481 1.468 1.454 1.441 1.427 1.414 1.391 1.36 1.33 1.3 1.269 1.239 1.209 1.178 1.148 1.118 1.087 0.979 0.859 0.74 0.621 0.501 0.398 0.393 0.388 0.383 0.378 0.373 0.368 0.361 0.354 0.347 0.34 0.334 0.327 0.32 0.313 0.307 0.3 0.289 0.277 0.265 0.253 0.242 0.232 0.229 0.225 0.222 0.218 0.215 0.211 0.208 0.204 0.201 0.197 0.196 0.201 0.207 0.212 0.218 0.224 0.229 0.235 0.24 0.246 0.251 0.257 0.253 0.247 0.241 0.235 0.23 0.251
3.494 3.161 2.828 2.56 2.407 2.254 2.101 1.947 1.794 1.641 1.488 1.494 1.525 1.555 1.586 1.616 1.647 1.677 1.708 1.738 1.829 1.926 2.022 2.118 2.214 2.31 2.406 2.482 2.548 2.613 2.678 2.743 2.809 2.874 2.939 3.005 2.999 2.918 2.837 2.755 2.674 2.593 2.512 2.424 2.328 2.232 2.136 2.04 1.944 1.848 1.751 1.655 1.563 1.566 1.569 1.572 1.574 1.577 1.58 1.583 1.586 1.588 1.585 1.571 1.558 1.544 1.531 1.517 1.504 1.48 1.45 1.42 1.389 1.359 1.329 1.298 1.268 1.238 1.207 1.112 0.992 0.873 0.754 0.634 0.515 0.413 0.409 0.404 0.399 0.394 0.389 0.384 0.378 0.371 0.364 0.358 0.351 0.344 0.337 0.33 0.324 0.317 0.306 0.294 0.283 0.271 0.259 0.247 0.239 0.236 0.232 0.229 0.225 0.222 0.218 0.215 0.211 0.208 0.206 0.212 0.217 0.223 0.229 0.234 0.24 0.245 0.251 0.256 0.262 0.259 0.253 0.248 0.242 0.236 0.231 0.252
3.705 3.372 3.038 2.774 2.621 2.468 2.314 2.161 2.008 1.855 1.701 1.561 1.592 1.622 1.653 1.683 1.714 1.744 1.775 1.805 1.898 1.994 2.09 2.186 2.282 2.378 2.474 2.57 2.64 2.705 2.771 2.836 2.901 2.967 3.032 3.097 3.089 3.008 2.927 2.846 2.764 2.683 2.602 2.521 2.43 2.334 2.238 2.142 2.046 1.95 1.854 1.757 1.667 1.67 1.673 1.675 1.678 1.681 1.684 1.687 1.689 1.688 1.675 1.661 1.648 1.634 1.621 1.607 1.594 1.57 1.539 1.509 1.479 1.448 1.418 1.388 1.357 1.327 1.245 1.125 1.006 0.887 0.767 0.648 0.529 0.429 0.424 0.419 0.414 0.41 0.405 0.4 0.395 0.388 0.382 0.375 0.368 0.361 0.354 0.348 0.341 0.334 0.324 0.312 0.3 0.288 0.276 0.264 0.252 0.246 0.243 0.239 0.235 0.232 0.228 0.225 0.221 0.218 0.217 0.222 0.228 0.233 0.239 0.245 0.25 0.256 0.261 0.267 0.266 0.26 0.254 0.249 0.243 0.237 0.232 0.254
3.916 3.583 3.249 2.988 2.834 2.681 2.528 2.375 2.222 2.068 1.915 1.762 1.659 1.689 1.72 1.75 1.781 1.811 1.842 1.872 1.966 2.062 2.158 2.254 2.35 2.446 2.542 2.638 2.733 2.798 2.863 2.929 2.994 3.059 3.125 3.19 3.179 3.098 3.017 2.936 2.855 2.774 2.692 2.611 2.53 2.436 2.34 2.244 2.148 2.052 1.956 1.86 1.771 1.773 1.776 1.779 1.782 1.785 1.788 1.79 1.791 1.778 1.764 1.751 1.737 1.724 1.71 1.697 1.683 1.659 1.629 1.599 1.568 1.538 1.508 1.477 1.447 1.377 1.258 1.139 1.02 0.9 0.781 0.662 0.543 0.445 0.44 0.435 0.43 0.425 0.42 0.416 0.411 0.405 0.399 0.392 0.385 0.378 0.372 0.365 0.358 0.351 0.341 0.329 0.317 0.305 0.293 0.281 0.269 0.257 0.253 0.249 0.246 0.242 0.239 0.235 0.232 0.228 0.227 0.233 0.238 0.244 0.25 0.255 0.261 0.266 0.272 0.272 0.267 0.261 0.255 0.25 0.244 0.238 0.232 0.255
4.127 3.793 3.46 3.201 3.048 2.895 2.742 2.588 2.435 2.282 2.129 1.976 1.822 1.756 1.787 1.817 1.848 1.878 1.909 1.939 2.034 2.13 2.226 2.322 2.418 2.514 2.61 2.706 2.802 2.891 2.956 3.021 3.087 3.152 3.217 3.282 3.27 3.189 3.107 3.026 2.945 2.864 2.783 2.701 2.62 2.539 2.442 2.346 2.25 2.154 2.058 1.962 1.874 1.877 1.88 1.883 1.886 1.889 1.891 1.894 1.881 1.868 1.854 1.841 1.827 1.814 1.8 1.787 1.773 1.749 1.719 1.688 1.658 1.628 1.597 1.567 1.51 1.391 1.272 1.153 1.033 0.914 0.795 0.676 0.556 0.46 0.455 0.451 0.446 0.441 0.436 0.431 0.426 0.421 0.416 0.409 0.402 0.396 0.389 0.382 0.375 0.368 0.358 0.346 0.334 0.322 0.31 0.298 0.286 0.274 0.263 0.26 0.256 0.253 0.249 0.246 0.242 0.239 0.238 0.243 0.249 0.255 0.26 0.266 0.271 0.277 0.279 0.273 0.268 0.262 0.256 0.251 0.245 0.239 0.233 0.257
4.337 4.004 3.671 3.415 3.262 3.108 2.955 2.802 2.649 2.496 2.342 2.189 2.036 1.883 1.854 1.884 1.915 1.945 1.976 2.006 2.102 2.198 2.294 2.39 2.486 2.582 2.678 2.774 2.87 2.966 3.049 3.114 3.179 3.244 3.31 3.375 3.36 3.279 3.198 3.116 3.035 2.954 2.873 2.792 2.71 2.629 2.545 2.448 2.352 2.256 2.16 2.064 1.978 1.981 1.984 1.987 1.989 1.992 1.995 1.985 1.971 1.958 1.944 1.931 1.917 1.904 1.89 1.877 1.863 1.839 1.808 1.778 1.748 1.717 1.687 1.643 1.524 1.405 1.286 1.166 1.047 0.928 0.809 0.689 0.57 0.476 0.471 0.466 0.461 0.456 0.452 0.447 0.442 0.437 0.432 0.426 0.419 0.413 0.406 0.399 0.392 0.386 0.375 0.363 0.351 0.339 0.327 0.315 0.303 0.291 0.279 0.27 0.267 0.263 0.259 0.256 0.252 0.249 0.248 0.254 0.26 0.265 0.271 0.276 0.282 0.286 0.28 0.274 0.269 0.263 0.257 0.251 0.246 0.24 0.234 0.258
4.548 4.215 3.882 3.628 3.475 3.322 3.169 3.016 2.862 2.709 2.556 2.403 2.25 2.096 1.943 1.951 1.982 2.012 2.043 2.074 2.17 2.266 2.362 2.458 2.554 2.65 2.746 2.842 2.938 3.034 3.13 3.206 3.272 3.337 3.402 3.468 3.45 3.369 3.288 3.207 3.125 3.044 2.963 2.882 2.801 2.719 2.638 2.551 2.454 2.358 2.262 2.166 2.082 2.085 2.088 2.09 2.093 2.096 2.088 2.074 2.061 2.047 2.034 2.021 2.007 1.994 1.98 1.967 1.953 1.928 1.898 1.867 1.837 1.807 1.776 1.657 1.538 1.419 1.299 1.18 1.061 0.941 0.822 0.703 0.584 0.492 0.487 0.482 0.477 0.472 0.467 0.462 0.458 0.453 0.448 0.443 0.437 0.43 0.423 0.416 0.409 0.403 0.392 0.38 0.368 0.356 0.344 0.332 0.32 0.308 0.296 0.284 0.277 0.273 0.27 0.266 0.263 0.259 0.259 0.264 0.27 0.276 0.281 0.287 0.292 0.287 0.281 0.275 0.27 0.264 0.258 0.252 0.247 0.241 0.235 0.26
4.759 4.426 4.092 3.842 3.689 3.536 3.382 3.229 3.076 2.923 2.77 2.616 2.463 2.31 2.157 2.018 2.049 2.079 2.11 2.142 2.238 2.334 2.43 2.526 2.622 2.718 2.814 2.91 3.006 3.102 3.199 3.295 3.364 3.43 3.495 3.56 3.54 3.459 3.378 3.297 3.216 3.134 3.053 2.972 2.891 2.81 2.728 2.647 2.557 2.46 2.364 2.268 2.186 2.189 2.191 2.194 2.197 2.191 2.178 2.164 2.151 2.137 2.124 2.11 2.097 2.083 2.07 2.056 2.043 2.018 1.987 1.957 1.927 1.896 1.79 1.671 1.552 1.432 1.313 1.194 1.074 0.955 0.836 0.717 0.597 0.507 0.502 0.497 0.493 0.488 0.483 0.478 0.473 0.468 0.463 0.459 0.454 0.447 0.44 0.433 0.427 0.42 0.409 0.397 0.385 0.373 0.361 0.349 0.337 0.325 0.313 0.301 0.289 0.284 0.28 0.277 0.273 0.27 0.269 0.275 0.281 0.286 0.292 0.297 0.293 0.288 0.282 0.276 0.27 0.265 0.259 0.253 0.248 0.242 0.236 0.261
4.97 4.636 4.303 4.056 3.903 3.749 3.596 3.443 3.29 3.137 2.983 2.83 2.677 2.524 2.37 2.217 2.116 2.146 2.177 2.21 2.306 2.402 2.498 2.594 2.69 2.786 2.882 2.978 3.074 3.17 3.267 3.363 3.457 3.522 3.588 3.653 3.631 3.549 3.468 3.387 3.306 3.225 3.143 3.062 2.981 2.9 2.819 2.737 2.656 2.563 2.466 2.37 2.289 2.292 2.295 2.298 2.295 2.281 2.268 2.254 2.241 2.227 2.214 2.2 2.187 2.173 2.16 2.146 2.133 2.107 2.077 2.047 2.016 1.923 1.804 1.685 1.565 1.446 1.327 1.207 1.088 0.969 0.85 0.73 0.611 0.523 0.518 0.513 0.508 0.503 0.499 0.494 0.489 0.484 0.479 0.474 0.469 0.464 0.457 0.451 0.444 0.437 0.426 0.414 0.402 0.39 0.378 0.366 0.354 0.342 0.33 0.318 0.306 0.294 0.291 0.287 0.284 0.28 0.28 0.286 0.291 0.297 0.302 0.3 0.294 0.288 0.283 0.277 0.271 0.266 0.26 0.254 0.248 0.243 0.237 0.263
5.181 4.847 4.514 4.269 4.116 3.963 3.81 3.657 3.503 3.35 3.197 3.044 2.891 2.737 2.584 2.431 2.278 2.213 2.244 2.278 2.374 2.47 2.566 2.662 2.758 2.854 2.95 3.046 3.142 3.239 3.335 3.431 3.527 3.615 3.68 3.745 3.721 3.64 3.558 3.477 3.396 3.315 3.234 3.152 3.071 2.99 2.909 2.828 2.746 2.665 2.569 2.472 2.393 2.396 2.399 2.398 2.384 2.371 2.358 2.344 2.331 2.317 2.304 2.29 2.277 2.263 2.25 2.236 2.223 2.197 2.167 2.136 2.056 1.937 1.818 1.698 1.579 1.46 1.34 1.221 1.102 0.983 0.863 0.744 0.625 0.538 0.534 0.529 0.524 0.519 0.514 0.509 0.504 0.5 0.495 0.49 0.485 0.48 0.475 0.468 0.461 0.454 0.443 0.431 0.419 0.407 0.395 0.383 0.371 0.359 0.347 0.335 0.323 0.311 0.301 0.297 0.294 0.29 0.291 0.296 0.302 0.307 0.307 0.301 0.295 0.289 0.284 0.278 0.272 0.267 0.261 0.255 0.249 0.244 0.238 0.264
5.391 5.058 4.725 4.483 4.33 4.177 4.023 3.87 3.717 3.564 3.411 3.257 3.104 2.951 2.798 2.645 2.491 2.338 2.311 2.346 2.442 2.538 2.634 2.73 2.826 2.922 3.018 3.114 3.21 3.307 3.403 3.499 3.595 3.691 3.773 3.838 3.811 3.73 3.649 3.567 3.486 3.405 3.324 3.243 3.161 3.08 2.999 2.918 2.837 2.755 2.671 2.574 2.497 2.5 2.501 2.488 2.474 2.461 2.447 2.434 2.42 2.407 2.393 2.38 2.366 2.353 2.339 2.326 2.313 2.286 2.256 2.189 2.07 1.951 1.831 1.712 1.593 1.473 1.354 1.235 1.116 0.996 0.877 0.758 0.638 0.554 0.549 0.544 0.539 0.535 0.53 0.525 0.52 0.515 0.51 0.505 0.501 0.496 0.491 0.485 0.478 0.471 0.46 0.448 0.436 0.424 0.412 0.4 0.388 0.376 0.364 0.352 0.341 0.329 0.317 0.308 0.304 0.301 0.301 0.307 0.312 0.313 0.307 0.302 0.296 0.29 0.285 0.279 0.273 0.267 0.262 0.256 0.25 0.245 0.239 0.266
5.602 5.269 4.935 4.697 4.543 4.39 4.237 4.084 3.931 3.777 3.624 3.471 3.318 3.165 3.011 2.858 2.705 2.552 2.399 2.414 2.51 2.606 2.702 2.798 2.894 2.99 3.086 3.182 3.279 3.375 3.471 3.567 3.663 3.759 3.855 3.931 3.901 3.82 3.739 3.658 3.576 3.495 3.414 3.333 3.252 3.17 3.089 3.008 2.927 2.846 2.764 2.677 2.601 2.604 2.591 2.578 2.564 2.551 2.537 2.524 2.51 2.497 2.483 2.47 2.456 2.443 2.429 2.416 2.402 2.376 2.322 2.203 2.084 1.964 1.845 1.726 1.606 1.487 1.368 1.249 1.129 1.01 0.891 0.771 0.652 0.57 0.565 0.56 0.555 0.55 0.545 0.541 0.536 0.531 0.526 0.521 0.516 0.511 0.507 0.502 0.495 0.489 0.477 0.465 0.453 0.441 0.429 0.417 0.405 0.393 0.381 0.37 0.358 0.346 0.334 0.322 0.315 0.311 0.312 0.317 0.32 0.314 0.308 0.303 0.297 0.291 0.286 0.28 0.274 0.268 0.263 0.257 0.251 0.246 0.24 0.267
5.659 5.334 5.008 4.871 4.72 4.569 4.418 4.267 4.116 3.966 3.815 3.664 3.513 3.362 3.211 3.061 2.91 2.759 2.608 2.481 2.578 2.674 2.77 2.866 2.962 3.058 3.154 3.25 3.347 3.443 3.539 3.635 3.731 3.827 3.923 4.019 3.991 3.91 3.829 3.748 3.667 3.585 3.504 3.423 3.342 3.261 3.179 3.098 3.017 2.936 2.855 2.773 2.705 2.695 2.681 2.668 2.654 2.641 2.627 2.614 2.6 2.587 2.573 2.56 2.546 2.533 2.519 2.506 2.492 2.455 2.336 2.217 2.097 1.978 1.859 1.739 1.62 1.501 1.382 1.262 1.143 1.024 0.904 0.785 0.666 0.585 0.58 0.576 0.571 0.566 0.561 0.556 0.551 0.546 0.542 0.537 0.532 0.527 0.522 0.517 0.512 0.506 0.494 0.482 0.47 0.458 0.446 0.434 0.422 0.411 0.399 0.387 0.375 0.363 0.351 0.339 0.327 0.321 0.322 0.326 0.321 0.315 0.309 0.304 0.298 0.292 0.286 0.281 0.275 0.269 0.264 0.258 0.252 0.246 0.241 0.269
5.383 5.057 4.841 4.822 4.785 4.634 4.483 4.332 4.182 4.031 3.88 3.729 3.578 3.427 3.277 3.126 2.975 2.824 2.673 2.542 2.582 2.679 2.777 2.874 2.971 3.068 3.165 3.262 3.359 3.456 3.553 3.651 3.748 3.845 3.942 4.039 4.016 3.936 3.857 3.777 3.697 3.617 3.538 3.458 3.378 3.298 3.219 3.139 3.059 2.979 2.9 2.82 2.777 2.764 2.751 2.739 2.726 2.713 2.7 2.688 2.675 2.662 2.649 2.637 2.624 2.611 2.598 2.586 2.573 2.475 2.355 2.235 2.116 1.996 1.876 1.756 1.636 1.517 1.397 1.277 1.157 1.037 0.918 0.799 0.68 0.601 0.596 0.591 0.586 0.582 0.577 0.572 0.567 0.562 0.557 0.552 0.547 0.543 0.538 0.533 0.528 0.523 0.511 0.499 0.487 0.475 0.463 0.452 0.44 0.428 0.416 0.404 0.392 0.38 0.368 0.356 0.344 0.332 0.333 0.327 0.322 0.316 0.31 0.304 0.299 0.293 0.287 0.282 0.276 0.27 0.264 0.259 0.253 0.247 0.243 0.27
5.106 4.864 4.715 4.699 4.784 4.699 4.548 4.398 4.247 4.096 3.945 3.794 3.643 3.493 3.342 3.191 3.04 2.889 2.738 2.61 2.627 2.684 2.781 2.878 2.975 3.072 3.169 3.266 3.363 3.461 3.558 3.655 3.752 3.849 3.946 4.043 4.017 3.938 3.858 3.778 3.698 3.619 3.539 3.459 3.379 3.3 3.22 3.14 3.06 2.981 2.901 2.847 2.823 2.81 2.797 2.785 2.772 2.759 2.746 2.734 2.721 2.708 2.695 2.683 2.67 2.657 2.644 2.632 2.539 2.503 2.401 2.281 2.161 2.041 1.921 1.802 1.682 1.562 1.442 1.322 1.203 1.083 0.963 0.843 0.723 0.646 0.641 0.635 0.63 0.624 0.619 0.614 0.608 0.603 0.598 0.592 0.587 0.581 0.576 0.571 0.565 0.584 0.575 0.562 0.549 0.535 0.522 0.509 0.496 0.483 0.469 0.456 0.443 0.43 0.417 0.403 0.39 0.377 0.341 0.335 0.329 0.323 0.317 0.311 0.305 0.299 0.293 0.287 0.281 0.275 0.268 0.262 0.256 0.25 0.244 0.27
4.887 4.738 4.588 4.577 4.661 4.746 4.614 4.463 4.312 4.161 4.01 3.86 3.709 3.558 3.407 3.256 3.105 2.954 2.804 2.678 2.695 2.712 2.785 2.882 2.979 3.076 3.173 3.27 3.368 3.465 3.562 3.659 3.756 3.853 3.95 4.047 4.019 3.939 3.859 3.779 3.7 3.62 3.54 3.46 3.381 3.301 3.221 3.141 3.062 2.982 2.92 2.892 2.869 2.856 2.843 2.831 2.818 2.805 2.792 2.78 2.767 2.754 2.741 2.729 2.716 2.703 2.69 2.612 2.503 2.469 2.446 2.326 2.207 2.087 1.967 1.847 1.727 1.607 1.488 1.368 1.248 1.128 1.008 0.889 0.769 0.693 0.688 0.683 0.677 0.672 0.666 0.661 0.656 0.65 0.645 0.639 0.634 0.629 0.623 0.618 0.629 0.675 0.665 0.652 0.638 0.625 0.612 0.599 0.586 0.572 0.559 0.546 0.533 0.52 0.506 0.493 0.48 0.418 0.367 0.355 0.349 0.343 0.337 0.331 0.325 0.319 0.313 0.307 0.301 0.295 0.289 0.282 0.276 0.27 0.263 0.25
4.76 4.611 4.462 4.454 4.538 4.623 4.679 4.528 4.377 4.226 4.076 3.925 3.774 3.623 3.472 3.321 3.171 3.02 2.869 2.746 2.763 2.78 2.797 2.886 2.983 3.08 3.178 3.275 3.372 3.469 3.566 3.663 3.76 3.857 3.954 4.052 4.02 3.94 3.86 3.781 3.701 3.621 3.541 3.462 3.382 3.302 3.222 3.143 3.063 2.993 2.966 2.938 2.915 2.902 2.889 2.877 2.864 2.851 2.838 2.826 2.813 2.8 2.787 2.774 2.762 2.749 2.685 2.576 2.467 2.434 2.415 2.372 2.252 2.132 2.012 1.893 1.773 1.653 1.533 1.413 1.294 1.174 1.054 0.934 0.814 0.741 0.735 0.73 0.725 0.719 0.714 0.708 0.703 0.698 0.692 0.687 0.681 0.676 0.671 0.675 0.72 0.766 0.755 0.741 0.728 0.715 0.702 0.689 0.675 0.662 0.649 0.636 0.623 0.609 0.596 0.583 0.532 0.445 0.395 0.379 0.369 0.363 0.357 0.351 0.345 0.339 0.333 0.327 0.321 0.315 0.309 0.302 0.296 0.29 0.283 0.261
4.634 4.484 4.335 4.331 4.416 4.5 4.585 4.593 4.442 4.292 4.141 3.99 3.839 3.688 3.537 3.387 3.236 3.085 2.934 2.814 2.831 2.848 2.865 2.89 2.987 3.085 3.182 3.279 3.376 3.473 3.57 3.667 3.764 3.861 3.959 4.056 4.021 3.942 3.862 3.782 3.702 3.623 3.543 3.463 3.383 3.304 3.224 3.144 3.067 3.039 3.012 2.984 2.961 2.948 2.935 2.923 2.91 2.897 2.884 2.871 2.859 2.846 2.833 2.82 2.808 2.758 2.649 2.54 2.431 2.4 2.38 2.361 2.297 2.178 2.058 1.938 1.818 1.698 1.579 1.459 1.339 1.219 1.099 0.98 0.86 0.788 0.783 0.777 0.772 0.767 0.761 0.756 0.75 0.745 0.74 0.734 0.729 0.723 0.72 0.766 0.811 0.857 0.845 0.831 0.818 0.805 0.792 0.779 0.765 0.752 0.739 0.726 0.713 0.699 0.686 0.646 0.559 0.472 0.423 0.407 0.391 0.383 0.377 0.371 0.365 0.359 0.353 0.347 0.341 0.335 0.329 0.323 0.316 0.31 0.303 0.281
4.507 4.358 4.208 4.208 4.293 4.378 4.462 4.547 4.508 4.357 4.206 4.055 3.904 3.753 3.603 3.452 3.301 3.15 2.999 2.881 2.899 2.916 2.933 2.95 2.992 3.089 3.186 3.283 3.38 3.477 3.574 3.671 3.769 3.866 3.963 4.06 4.023 3.943 3.863 3.783 3.704 3.624 3.544 3.464 3.385 3.305 3.225 3.145 3.113 3.085 3.057 3.03 3.007 2.994 2.981 2.968 2.956 2.943 2.93 2.917 2.905 2.892 2.879 2.866 2.831 2.722 2.613 2.504 2.395 2.365 2.346 2.326 2.307 2.223 2.103 1.983 1.864 1.744 1.624 1.504 1.384 1.265 1.145 1.025 0.905 0.836 0.83 0.825 0.819 0.814 0.809 0.803 0.798 0.792 0.787 0.782 0.776 0.771 0.811 0.856 0.902 0.947 0.934 0.921 0.908 0.895 0.882 0.868 0.855 0.842 0.829 0.816 0.802 0.789 0.76 0.672 0.585 0.498 0.451 0.435 0.419 0.403 0.397 0.391 0.385 0.379 0.373 0.367 0.361 0.355 0.349 0.343 0.336 0.33 0.322 0.3
4.381 4.231 4.082 4.085 4.17 4.255 4.34 4.424 4.509 4.422 4.271 4.12 3.97 3.819 3.668 3.517 3.366 3.215 3.065 2.949 2.967 2.984 3.001 3.018 3.035 3.093 3.19 3.287 3.384 3.481 3.578 3.676 3.773 3.87 3.967 4.064 4.024 3.944 3.864 3.785 3.705 3.625 3.545 3.466 3.386 3.306 3.226 3.186 3.158 3.131 3.103 3.075 3.053 3.04 3.027 3.014 3.002 2.989 2.976 2.963 2.951 2.938 2.925 2.904 2.795 2.686 2.577 2.468 2.359 2.33 2.311 2.292 2.272 2.253 2.149 2.029 1.909 1.789 1.67 1.55 1.43 1.31 1.19 1.07 0.951 0.883 0.878 0.872 0.867 0.861 0.856 0.851 0.845 0.84 0.834 0.829 0.824 0.856 0.902 0.947 0.993 1.037 1.024 1.011 0.998 0.985 0.971 0.958 0.945 0.932 0.919 0.905 0.892 0.873 0.786 0.699 0.612 0.525 0.479 0.463 0.447 0.431 0.417 0.411 0.405 0.399 0.393 0.387 0.381 0.375 0.369 0.363 0.356 0.35 0.342 0.32
4.254 4.105 3.955 3.962 4.047 4.132 4.217 4.301 4.386 4.471 4.336 4.186 4.035 3.884 3.733 3.582 3.431 3.281 3.13 3.017 3.034 3.052 3.069 3.086 3.103 3.12 3.194 3.291 3.388 3.486 3.583 3.68 3.777 3.874 3.971 4.068 4.025 3.945 3.866 3.786 3.706 3.626 3.547 3.467 3.387 3.307 3.259 3.232 3.204 3.176 3.149 3.121 3.099 3.086 3.073 3.06 3.048 3.035 3.022 3.009 2.997 2.984 2.971 2.868 2.759 2.65 2.541 2.432 2.323 2.296 2.276 2.257 2.238 2.218 2.194 2.074 1.955 1.835 1.715 1.595 1.475 1.356 1.236 1.116 0.996 0.93 0.925 0.92 0.914 0.909 0.903 0.898 0.893 0.887 0.882 0.876 0.902 0.947 0.993 1.038 1.084 1.127 1.114 1.101 1.088 1.074 1.061 1.048 1.035 1.022 1.008 0.995 0.982 0.9 0.813 0.726 0.639 0.552 0.507 0.491 0.475 0.459 0.443 0.431 0.425 0.419 0.413 0.407 0.401 0.395 0.389 0.383 0.377 0.37 0.362 0.34
4.128 3.978 3.829 3.84 3.924 4.009 4.094 4.179 4.263 4.348 4.402 4.251 4.1 3.949 3.798 3.647 3.497 3.346 3.195 3.085 3.102 3.12 3.137 3.154 3.171 3.188 3.206 3.295 3.393 3.49 3.587 3.684 3.781 3.878 3.975 4.072 4.026 3.947 3.867 3.787 3.707 3.628 3.548 3.468 3.388 3.333 3.305 3.277 3.25 3.222 3.194 3.167 3.145 3.132 3.119 3.106 3.094 3.081 3.068 3.055 3.043 3.03 2.941 2.832 2.723 2.614 2.505 2.396 2.287 2.261 2.242 2.222 2.203 2.184 2.164 2.12 2.0 1.88 1.76 1.641 1.521 1.401 1.281 1.161 1.042 0.978 0.972 0.967 0.962 0.956 0.951 0.945 0.94 0.935 0.929 0.947 0.992 1.038 1.083 1.129 1.174 1.217 1.204 1.191 1.177 1.164 1.151 1.138 1.125 1.111 1.098 1.085 1.014 0.927 0.84 0.753 0.666 0.579 0.535 0.519 0.503 0.487 0.471 0.455 0.445 0.439 0.433 0.427 0.421 0.415 0.409 0.403 0.397 0.39 0.382 0.36
4.001 3.852 3.702 3.717 3.801 3.886 3.971 4.056 4.141 4.225 4.31 4.316 4.165 4.014 3.863 3.713 3.562 3.411 3.26 3.153 3.17 3.188 3.205 3.222 3.239 3.256 3.273 3.3 3.397 3.494 3.591 3.688 3.785 3.882 3.979 4.077 4.028 3.948 3.868 3.789 3.709 3.629 3.549 3.47 3.406 3.378 3.351 3.323 3.295 3.268 3.24 3.213 3.191 3.178 3.165 3.152 3.14 3.127 3.114 3.101 3.089 3.014 2.905 2.796 2.687 2.578 2.469 2.36 2.251 2.227 2.207 2.188 2.169 2.149 2.13 2.11 2.046 1.926 1.806 1.686 1.566 1.446 1.327 1.207 1.087 1.025 1.02 1.014 1.009 1.004 0.998 0.993 0.987 0.982 0.992 1.038 1.083 1.129 1.174 1.22 1.265 1.307 1.294 1.28 1.267 1.254 1.241 1.228 1.214 1.201 1.188 1.128 1.041 0.954 0.867 0.779 0.692 0.605 0.563 0.547 0.531 0.515 0.499 0.483 0.467 0.459 0.453 0.447 0.441 0.435 0.429 0.423 0.417 0.41 0.401 0.379
3.874 3.725 3.576 3.594 3.679 3.763 3.848 3.933 4.018 4.103 4.187 4.272 4.23 4.08 3.929 3.778 3.627 3.476 3.325 3.221 3.238 3.255 3.273 3.29 3.307 3.324 3.341 3.359 3.401 3.498 3.595 3.692 3.789 3.886 3.984 4.081 4.029 3.949 3.87 3.79 3.71 3.63 3.551 3.479 3.452 3.424 3.396 3.369 3.341 3.314 3.286 3.258 3.237 3.224 3.211 3.198 3.186 3.173 3.16 3.147 3.087 2.978 2.869 2.76 2.651 2.542 2.433 2.324 2.215 2.192 2.173 2.153 2.134 2.115 2.095 2.076 2.057 1.971 1.851 1.732 1.612 1.492 1.372 1.252 1.133 1.073 1.067 1.062 1.056 1.051 1.046 1.04 1.035 1.037 1.083 1.128 1.174 1.219 1.265 1.31 1.356 1.397 1.383 1.37 1.357 1.344 1.331 1.317 1.304 1.291 1.242 1.155 1.067 0.98 0.893 0.806 0.719 0.632 0.591 0.575 0.559 0.543 0.527 0.511 0.495 0.479 0.473 0.467 0.461 0.455 0.449 0.443 0.437 0.431 0.421 0.399
3.748 3.599 3.449 3.471 3.556 3.641 3.725 3.81 3.895 3.98 4.064 4.149 4.234 4.145 3.994 3.843 3.692 3.541 3.391 3.289 3.306 3.323 3.341 3.358 3.375 3.392 3.409 3.426 3.444 3.502 3.599 3.696 3.794 3.891 3.988 4.085 4.03 3.951 3.871 3.791 3.711 3.632 3.553 3.525 3.497 3.47 3.442 3.415 3.387 3.359 3.332 3.304 3.283 3.27 3.257 3.244 3.232 3.219 3.206 3.159 3.05 2.941 2.832 2.723 2.614 2.506 2.397 2.288 2.179 2.157 2.138 2.119 2.099 2.08 2.061 2.041 2.022 2.003 1.897 1.777 1.657 1.537 1.418 1.298 1.178 1.12 1.114 1.109 1.104 1.098 1.093 1.088 1.083 1.128 1.174 1.219 1.265 1.31 1.356 1.401 1.447 1.486 1.473 1.46 1.447 1.434 1.42 1.407 1.394 1.356 1.268 1.181 1.094 1.007 0.92 0.833 0.746 0.659 0.619 0.603 0.587 0.571 0.555 0.539 0.523 0.507 0.493 0.487 0.481 0.475 0.469 0.463 0.457 0.451 0.441 0.419
3.621 3.472 3.323 3.348 3.433 3.518 3.603 3.687 3.772 3.857 3.942 4.026 4.111 4.196 4.059 3.908 3.757 3.607 3.456 3.357 3.374 3.391 3.408 3.426 3.443 3.46 3.477 3.494 3.512 3.529 3.603 3.701 3.798 3.895 3.992 4.089 4.032 3.952 3.872 3.792 3.713 3.633 3.598 3.571 3.543 3.515 3.488 3.46 3.433 3.405 3.377 3.35 3.329 3.316 3.303 3.29 3.277 3.265 3.232 3.123 3.014 2.905 2.796 2.687 2.578 2.469 2.36 2.251 2.142 2.123 2.103 2.084 2.065 2.045 2.026 2.007 1.987 1.968 1.942 1.822 1.703 1.583 1.463 1.343 1.223 1.167 1.162 1.156 1.151 1.146 1.14 1.135 1.174 1.219 1.265 1.31 1.356 1.401 1.447 1.492 1.538 1.576 1.563 1.55 1.537 1.523 1.51 1.497 1.469 1.382 1.295 1.208 1.121 1.034 0.947 0.86 0.773 0.686 0.647 0.631 0.615 0.599 0.583 0.567 0.551 0.535 0.519 0.507 0.501 0.495 0.489 0.483 0.477 0.471 0.461 0.439
3.495 3.345 3.196 3.225 3.31 3.395 3.48 3.564 3.649 3.734 3.819 3.904 3.988 4.073 4.124 3.974 3.823 3.672 3.521 3.425 3.442 3.459 3.476 3.494 3.511 3.528 3.545 3.562 3.58 3.597 3.614 3.705 3.802 3.899 3.996 4.093 4.033 3.953 3.873 3.794 3.714 3.672 3.644 3.616 3.589 3.561 3.534 3.506 3.478 3.451 3.423 3.395 3.374 3.362 3.349 3.336 3.323 3.305 3.196 3.087 2.978 2.869 2.76 2.651 2.542 2.433 2.324 2.215 2.107 2.088 2.069 2.049 2.03 2.011 1.991 1.972 1.953 1.933 1.914 1.868 1.748 1.628 1.509 1.389 1.269 1.215 1.209 1.204 1.198 1.193 1.188 1.219 1.264 1.31 1.355 1.401 1.446 1.492 1.537 1.583 1.628 1.666 1.653 1.64 1.626 1.613 1.6 1.583 1.496 1.409 1.322 1.235 1.148 1.061 0.974 0.886 0.799 0.712 0.675 0.659 0.643 0.627 0.611 0.595 0.579 0.563 0.547 0.53 0.521 0.515 0.509 0.503 0.497 0.491 0.48 0.458
3.368 3.219 3.069 3.102 3.187 3.272 3.357 3.442 3.526 3.611 3.696 3.781 3.866 3.95 4.035 4.039 3.888 3.737 3.586 3.493 3.51 3.527 3.544 3.561 3.579 3.596 3.613 3.63 3.647 3.665 3.682 3.709 3.806 3.903 4.0 4.097 4.034 3.954 3.875 3.795 3.745 3.717 3.69 3.662 3.635 3.607 3.579 3.552 3.524 3.496 3.469 3.441 3.42 3.408 3.395 3.382 3.369 3.269 3.16 3.051 2.942 2.833 2.724 2.615 2.506 2.397 2.288 2.179 2.073 2.053 2.034 2.015 1.995 1.976 1.957 1.937 1.918 1.899 1.879 1.86 1.794 1.674 1.554 1.434 1.314 1.262 1.257 1.251 1.246 1.24 1.264 1.31 1.355 1.401 1.446 1.492 1.537 1.583 1.628 1.674 1.719 1.756 1.743 1.729 1.716 1.703 1.69 1.61 1.523 1.436 1.349 1.262 1.174 1.087 1.0 0.913 0.826 0.739 0.703 0.687 0.671 0.655 0.639 0.623 0.607 0.591 0.574 0.558 0.542 0.535 0.529 0.523 0.517 0.511 0.5 0.478
3.242 3.092 2.943 2.98 3.064 3.149 3.234 3.319 3.404 3.488 3.573 3.658 3.743 3.827 3.912 3.997 3.953 3.802 3.651 3.561 3.578 3.595 3.612 3.629 3.647 3.664 3.681 3.698 3.715 3.733 3.75 3.767 3.81 3.907 4.004 4.102 4.036 3.956 3.876 3.818 3.791 3.763 3.736 3.708 3.68 3.653 3.625 3.597 3.57 3.542 3.514 3.487 3.466 3.454 3.441 3.428 3.342 3.233 3.124 3.015 2.906 2.797 2.688 2.579 2.47 2.361 2.252 2.143 2.038 2.019 2.0 1.98 1.961 1.942 1.922 1.903 1.884 1.864 1.845 1.825 1.806 1.719 1.599 1.48 1.36 1.309 1.304 1.299 1.293 1.31 1.355 1.401 1.446 1.492 1.537 1.583 1.628 1.673 1.719 1.764 1.81 1.846 1.832 1.819 1.806 1.793 1.724 1.637 1.55 1.463 1.375 1.288 1.201 1.114 1.027 0.94 0.853 0.766 0.731 0.715 0.699 0.683 0.667 0.651 0.635 0.618 0.602 0.586 0.57 0.555 0.549 0.543 0.537 0.531 0.52 0.498
3.115 2.966 2.816 2.857 2.942 3.026 3.111 3.196 3.281 3.366 3.45 3.535 3.62 3.705 3.789 3.874 3.959 3.867 3.717 3.629 3.646 3.663 3.68 3.697 3.714 3.732 3.749 3.766 3.783 3.8 3.818 3.835 3.852 3.911 4.009 4.106 4.037 3.957 3.892 3.864 3.837 3.809 3.781 3.754 3.726 3.698 3.671 3.643 3.615 3.588 3.56 3.533 3.512 3.5 3.487 3.415 3.306 3.197 3.088 2.979 2.87 2.761 2.652 2.543 2.434 2.325 2.216 2.107 2.004 1.984 1.965 1.946 1.926 1.907 1.888 1.868 1.849 1.83 1.81 1.791 1.772 1.752 1.645 1.525 1.405 1.357 1.351 1.346 1.355 1.4 1.446 1.491 1.537 1.582 1.628 1.673 1.719 1.764 1.81 1.855 1.901 1.935 1.922 1.909 1.896 1.838 1.751 1.663 1.576 1.489 1.402 1.315 1.228 1.141 1.054 0.967 0.88 0.793 0.759 0.743 0.727 0.711 0.695 0.679 0.662 0.646 0.63 0.614 0.598 0.582 0.569 0.563 0.557 0.551 0.54 0.518
2.989 2.839 2.69 2.734 2.819 2.904 2.988 3.073 3.158 3.243 3.327 3.412 3.497 3.582 3.667 3.751 3.836 3.921 3.782 3.696 3.714 3.731 3.748 3.765 3.782 3.8 3.817 3.834 3.851 3.868 3.886 3.903 3.92 3.937 4.013 4.11 4.038 3.965 3.938 3.91 3.882 3.855 3.827 3.799 3.772 3.744 3.716 3.689 3.661 3.634 3.606 3.578 3.558 3.546 3.488 3.379 3.27 3.161 3.052 2.943 2.834 2.725 2.616 2.507 2.398 2.289 2.18 2.071 1.969 1.95 1.93 1.911 1.892 1.872 1.853 1.834 1.814 1.795 1.776 1.756 1.737 1.718 1.69 1.571 1.451 1.404 1.399 1.4 1.446 1.491 1.537 1.582 1.628 1.673 1.719 1.764 1.81 1.855 1.901 1.946 1.992 2.025 2.012 1.999 1.951 1.864 1.777 1.69 1.603 1.516 1.429 1.342 1.255 1.168 1.081 0.993 0.906 0.819 0.787 0.771 0.755 0.739 0.723 0.706 0.69 0.674 0.658 0.642 0.626 0.61 0.594 0.583 0.577 0.571 0.559 0.537
2.862 2.713 2.563 2.611 2.696 2.781 2.865 2.95 3.035 3.12 3.205 3.289 3.374 3.459 3.544 3.629 3.713 3.798 3.847 3.764 3.782 3.799 3.816 3.833 3.85 3.868 3.885 3.902 3.919 3.936 3.953 3.971 3.988 4.005 4.022 4.114 4.039 4.011 3.983 3.956 3.928 3.9 3.873 3.845 3.817 3.79 3.762 3.735 3.707 3.679 3.652 3.624 3.604 3.561 3.452 3.343 3.234 3.125 3.016 2.907 2.798 2.689 2.58 2.471 2.362 2.253 2.144 2.035 1.934 1.915 1.896 1.876 1.857 1.838 1.818 1.799 1.78 1.76 1.741 1.722 1.702 1.683 1.664 1.616 1.496 1.452 1.446 1.491 1.536 1.582 1.627 1.673 1.718 1.764 1.809 1.855 1.9 1.946 1.991 2.037 2.082 2.115 2.102 2.065 1.978 1.891 1.804 1.717 1.63 1.543 1.456 1.369 1.281 1.194 1.107 1.02 0.933 0.846 0.815 0.799 0.783 0.767 0.75 0.734 0.718 0.702 0.686 0.67 0.654 0.638 0.622 0.606 0.597 0.591 0.579 0.557
2.69 2.542 2.457 2.63 2.708 2.786 2.864 2.942 3.02 3.098 3.176 3.254 3.332 3.41 3.488 3.566 3.644 3.722 3.799 3.85 3.864 3.877 3.89 3.904 3.918 3.935 3.953 3.97 3.987 4.004 4.021 4.039 4.056 4.073 4.09 4.118 4.084 4.057 4.029 4.001 3.974 3.946 3.918 3.891 3.863 3.836 3.808 3.78 3.753 3.725 3.697 3.67 3.634 3.525 3.416 3.307 3.198 3.089 2.98 2.871 2.762 2.653 2.544 2.435 2.326 2.217 2.108 1.999 1.9 1.88 1.861 1.842 1.822 1.803 1.784 1.764 1.745 1.726 1.706 1.687 1.668 1.648 1.629 1.61 1.542 1.499 1.536 1.582 1.627 1.673 1.718 1.764 1.809 1.855 1.9 1.946 1.991 2.037 2.082 2.128 2.173 2.205 2.179 2.092 2.005 1.918 1.831 1.744 1.657 1.57 1.482 1.395 1.308 1.221 1.134 1.047 0.96 0.873 0.843 0.827 0.811 0.794 0.778 0.762 0.746 0.73 0.714 0.698 0.682 0.666 0.65 0.634 0.618 0.611 0.599 0.577
2.443 2.296 2.573 2.883 3.014 3.092 3.169 3.247 3.325 3.403 3.481 3.559 3.637 3.715 3.793 3.871 3.949 4.027 4.105 4.154 4.168 4.181 4.195 4.208 4.221 4.235 4.248 4.261 4.275 4.288 4.302 4.315 4.328 4.342 4.355 4.198 4.095 4.068 4.041 4.014 3.987 3.96 3.934 3.907 3.88 3.853 3.826 3.799 3.772 3.745 3.718 3.691 3.618 3.508 3.398 3.289 3.179 3.069 2.96 2.85 2.741 2.631 2.521 2.412 2.302 2.193 2.083 1.973 1.901 1.878 1.857 1.835 1.814 1.793 1.771 1.75 1.728 1.707 1.685 1.664 1.643 1.621 1.6 1.578 1.557 1.582 1.627 1.673 1.718 1.764 1.809 1.855 1.9 1.946 1.991 2.037 2.082 2.128 2.173 2.219 2.264 2.293 2.206 2.119 2.032 1.945 1.858 1.77 1.683 1.596 1.509 1.422 1.335 1.248 1.161 1.074 0.987 0.9 0.871 0.855 0.838 0.822 0.806 0.79 0.774 0.758 0.742 0.726 0.71 0.694 0.678 0.662 0.646 0.631 0.619 0.597
2.196 2.41 2.689 3.0 3.315 3.397 3.475 3.553 3.631 3.709 3.786 3.864 3.942 4.02 4.098 4.176 4.254 4.332 4.41 4.459 4.472 4.485 4.499 4.512 4.526 4.539 4.552 4.566 4.579 4.592 4.606 4.619 4.633 4.646 4.526 4.293 4.15 4.07 4.043 4.016 3.99 3.963 3.936 3.909 3.882 3.855 3.828 3.801 3.774 3.747 3.72 3.693 3.618 3.509 3.399 3.29 3.18 3.07 2.961 2.851 2.742 2.632 2.522 2.413 2.303 2.193 2.084 1.999 2.0 1.969 1.948 1.926 1.905 1.883 1.862 1.84 1.819 1.798 1.776 1.755 1.733 1.712 1.69 1.669 1.648 1.673 1.719 1.764 1.81 1.855 1.901 1.946 1.992 2.037 2.083 2.128 2.174 2.219 2.265 2.31 2.356 2.336 2.248 2.161 2.073 1.986 1.899 1.811 1.724 1.636 1.549 1.461 1.374 1.286 1.199 1.111 1.024 0.922 0.883 0.867 0.852 0.837 0.821 0.806 0.79 0.775 0.76 0.744 0.729 0.713 0.698 0.683 0.667 0.652 0.637 0.615
2.248 2.526 2.804 3.116 3.431 3.702 3.78 3.858 3.936 4.014 4.092 4.17 4.248 4.326 4.404 4.481 4.559 4.637 4.715 4.763 4.776 4.79 4.803 4.816 4.83 4.843 4.857 4.87 4.883 4.897 4.91 4.923 4.937 4.854 4.619 4.387 4.245 4.102 4.046 4.019 3.992 3.965 3.938 3.911 3.884 3.857 3.83 3.803 3.776 3.749 3.723 3.696 3.619 3.51 3.4 3.29 3.181 3.071 2.962 2.852 2.742 2.633 2.523 2.414 2.304 2.194 2.092 2.099 2.099 2.067 2.038 2.017 1.995 1.974 1.952 1.931 1.91 1.888 1.867 1.845 1.824 1.802 1.781 1.76 1.738 1.765 1.811 1.856 1.902 1.947 1.993 2.038 2.084 2.129 2.174 2.22 2.265 2.311 2.356 2.402 2.412 2.385 2.298 2.21 2.123 2.035 1.948 1.86 1.773 1.685 1.598 1.51 1.423 1.335 1.248 1.161 1.069 0.911 0.874 0.859 0.844 0.828 0.813 0.797 0.782 0.767 0.751 0.736 0.72 0.705 0.69 0.674 0.659 0.651 0.645 0.624
2.363 2.642 2.92 3.232 3.547 3.862 4.085 4.163 4.241 4.319 4.397 4.475 4.553 4.631 4.709 4.787 4.865 4.943 5.021 5.067 5.081 5.094 5.107 5.121 5.134 5.147 5.161 5.174 5.188 5.201 5.214 5.228 5.181 4.946 4.712 4.482 4.339 4.196 4.054 4.021 3.994 3.967 3.94 3.913 3.886 3.859 3.832 3.806 3.779 3.752 3.725 3.698 3.62 3.51 3.401 3.291 3.182 3.072 2.962 2.853 2.743 2.634 2.524 2.414 2.305 2.195 2.192 2.199 2.199 2.166 2.134 2.107 2.086 2.065 2.043 2.022 2.0 1.979 1.957 1.936 1.915 1.893 1.872 1.85 1.829 1.857 1.903 1.948 1.993 2.039 2.084 2.13 2.175 2.221 2.266 2.312 2.357 2.403 2.448 2.466 2.463 2.434 2.347 2.259 2.172 2.084 1.997 1.909 1.822 1.735 1.647 1.56 1.472 1.385 1.297 1.21 1.058 0.9 0.866 0.851 0.835 0.82 0.804 0.789 0.774 0.758 0.743 0.727 0.712 0.696 0.681 0.666 0.655 0.661 0.654 0.632
2.479 2.757 3.035 3.348 3.663 3.978 4.293 4.468 4.546 4.624 4.702 4.78 4.858 4.936 5.014 5.092 5.17 5.248 5.326 5.371 5.385 5.398 5.412 5.425 5.438 5.452 5.465 5.478 5.492 5.505 5.519 5.509 5.274 5.039 4.805 4.576 4.433 4.291 4.148 4.023 3.996 3.969 3.942 3.915 3.888 3.862 3.835 3.808 3.781 3.754 3.727 3.7 3.621 3.511 3.402 3.292 3.182 3.073 2.963 2.854 2.744 2.634 2.525 2.415 2.306 2.286 2.292 2.299 2.298 2.266 2.234 2.201 2.177 2.155 2.134 2.112 2.091 2.07 2.048 2.027 2.005 1.984 1.962 1.941 1.92 1.949 1.994 2.04 2.085 2.131 2.176 2.222 2.267 2.313 2.358 2.404 2.449 2.495 2.519 2.516 2.513 2.483 2.396 2.309 2.221 2.134 2.046 1.959 1.871 1.784 1.696 1.609 1.521 1.434 1.346 1.205 1.047 0.889 0.857 0.842 0.827 0.811 0.796 0.78 0.765 0.75 0.734 0.719 0.703 0.688 0.673 0.659 0.665 0.67 0.663 0.641
2.594 2.873 3.151 3.464 3.779 4.094 4.409 4.724 4.852 4.93 5.008 5.086 5.163 5.241 5.319 5.397 5.475 5.553 5.631 5.676 5.689 5.702 5.716 5.729 5.743 5.756 5.769 5.783 5.796 5.809 5.823 5.602 5.367 5.132 4.897 4.67 4.528 4.385 4.243 4.1 3.998 3.971 3.945 3.918 3.891 3.864 3.837 3.81 3.783 3.756 3.729 3.702 3.622 3.512 3.402 3.293 3.183 3.074 2.964 2.854 2.745 2.635 2.526 2.416 2.379 2.386 2.392 2.399 2.397 2.365 2.333 2.301 2.268 2.246 2.225 2.203 2.182 2.16 2.139 2.117 2.096 2.075 2.053 2.032 2.01 2.041 2.086 2.132 2.177 2.223 2.268 2.313 2.359 2.404 2.45 2.495 2.541 2.572 2.57 2.567 2.564 2.533 2.445 2.358 2.27 2.183 2.095 2.008 1.92 1.833 1.745 1.658 1.57 1.483 1.352 1.194 1.036 0.878 0.849 0.834 0.818 0.803 0.787 0.772 0.757 0.741 0.726 0.71 0.695 0.68 0.664 0.668 0.674 0.679 0.672 0.65
2.71 2.988 3.266 3.58 3.895 4.21 4.525 4.84 5.155 5.235 5.313 5.391 5.469 5.547 5.625 5.703 5.781 5.858 5.936 5.98 5.993 6.007 6.02 6.033 6.047 6.06 6.074 6.087 6.1 6.114 5.93 5.695 5.46 5.225 4.99 4.765 4.622 4.48 4.337 4.195 4.052 3.974 3.947 3.92 3.893 3.866 3.839 3.812 3.785 3.758 3.731 3.704 3.623 3.513 3.403 3.294 3.184 3.075 2.965 2.855 2.746 2.636 2.526 2.472 2.479 2.486 2.492 2.499 2.497 2.465 2.432 2.4 2.368 2.337 2.315 2.294 2.272 2.251 2.23 2.208 2.187 2.165 2.144 2.122 2.101 2.132 2.178 2.223 2.269 2.314 2.36 2.405 2.451 2.496 2.542 2.587 2.626 2.623 2.62 2.617 2.615 2.582 2.494 2.407 2.319 2.232 2.145 2.057 1.97 1.882 1.795 1.707 1.62 1.499 1.341 1.183 1.025 0.867 0.841 0.825 0.81 0.794 0.779 0.764 0.748 0.733 0.717 0.702 0.687 0.671 0.672 0.678 0.683 0.688 0.681 0.659
2.826 3.104 3.382 3.697 4.012 4.327 4.642 4.957 5.272 5.54 5.618 5.696 5.774 5.852 5.93 6.008 6.086 6.164 6.242 6.284 6.298 6.311 6.324 6.338 6.351 6.364 6.378 6.391 6.405 6.257 6.022 5.788 5.553 5.318 5.083 4.859 4.717 4.574 4.431 4.289 4.146 4.004 3.949 3.922 3.895 3.868 3.841 3.814 3.787 3.76 3.734 3.707 3.623 3.514 3.404 3.295 3.185 3.075 2.966 2.856 2.747 2.637 2.565 2.572 2.579 2.586 2.592 2.599 2.596 2.564 2.532 2.499 2.467 2.435 2.406 2.384 2.363 2.342 2.32 2.299 2.277 2.256 2.234 2.213 2.192 2.224 2.27 2.315 2.361 2.406 2.452 2.497 2.543 2.588 2.634 2.679 2.676 2.674 2.671 2.668 2.665 2.631 2.544 2.456 2.369 2.281 2.194 2.106 2.019 1.931 1.844 1.756 1.646 1.488 1.33 1.172 1.014 0.856 0.832 0.817 0.801 0.786 0.771 0.755 0.74 0.724 0.709 0.694 0.678 0.676 0.682 0.687 0.692 0.698 0.69 0.668
2.941 3.219 3.498 3.813 4.128 4.443 4.758 5.073 5.388 5.703 5.923 6.001 6.079 6.157 6.235 6.313 6.391 6.469 6.547 6.588 6.602 6.615 6.628 6.642 6.655 6.669 6.682 6.695 6.585 6.35 6.115 5.881 5.646 5.411 5.176 4.954 4.811 4.668 4.526 4.383 4.241 4.098 3.956 3.924 3.897 3.87 3.843 3.817 3.79 3.763 3.736 3.709 3.624 3.515 3.405 3.295 3.186 3.076 2.967 2.857 2.747 2.659 2.665 2.672 2.679 2.686 2.692 2.699 2.696 2.663 2.631 2.599 2.566 2.534 2.502 2.475 2.454 2.432 2.411 2.389 2.368 2.347 2.325 2.304 2.282 2.316 2.362 2.407 2.452 2.498 2.543 2.589 2.634 2.68 2.725 2.73 2.727 2.724 2.722 2.719 2.716 2.68 2.593 2.505 2.418 2.33 2.243 2.155 2.068 1.98 1.893 1.793 1.635 1.477 1.319 1.161 1.003 0.846 0.824 0.808 0.793 0.778 0.762 0.747 0.731 0.716 0.7 0.685 0.68 0.686 0.691 0.696 0.702 0.707 0.698 0.677
3.057 3.335 3.614 3.929 4.244 4.559 4.874 5.189 5.504 5.819 6.134 6.307 6.385 6.463 6.54 6.618 6.696 6.774 6.852 6.893 6.906 6.919 6.933 6.946 6.959 6.973 6.986 6.913 6.678 6.443 6.208 5.973 5.739 5.504 5.269 5.048 4.905 4.763 4.62 4.478 4.335 4.193 4.05 3.926 3.899 3.873 3.846 3.819 3.792 3.765 3.738 3.711 3.625 3.515 3.406 3.296 3.187 3.077 2.967 2.858 2.752 2.759 2.765 2.772 2.779 2.786 2.792 2.799 2.795 2.763 2.73 2.698 2.666 2.633 2.601 2.569 2.544 2.523 2.502 2.48 2.459 2.437 2.416 2.394 2.373 2.408 2.453 2.499 2.544 2.59 2.635 2.681 2.726 2.772 2.783 2.781 2.778 2.775 2.772 2.769 2.767 2.729 2.642 2.554 2.467 2.38 2.292 2.205 2.117 2.03 1.94 1.782 1.624 1.466 1.308 1.15 0.993 0.835 0.815 0.8 0.784 0.769 0.754 0.738 0.723 0.707 0.692 0.684 0.69 0.695 0.7 0.706 0.711 0.716 0.707 0.685
3.172 3.451 3.73 4.045 4.36 4.675 4.99 5.305 5.62 5.935 6.25 6.565 6.69 6.768 6.846 6.924 7.002 7.08 7.158 7.197 7.21 7.224 7.237 7.25 7.264 7.277 7.24 7.006 6.771 6.536 6.301 6.066 5.832 5.597 5.362 5.142 5.0 4.857 4.715 4.572 4.43 4.287 4.144 4.002 3.902 3.875 3.848 3.821 3.794 3.767 3.74 3.713 3.626 3.516 3.407 3.297 3.187 3.078 2.968 2.859 2.852 2.859 2.865 2.872 2.879 2.886 2.892 2.899 2.894 2.862 2.83 2.797 2.765 2.733 2.7 2.668 2.636 2.614 2.592 2.571 2.549 2.528 2.507 2.485 2.464 2.5 2.545 2.591 2.636 2.682 2.727 2.773 2.818 2.837 2.834 2.831 2.828 2.826 2.823 2.82 2.817 2.779 2.691 2.604 2.516 2.429 2.341 2.254 2.166 2.079 1.929 1.771 1.613 1.455 1.297 1.14 0.982 0.824 0.807 0.791 0.776 0.761 0.745 0.73 0.714 0.699 0.688 0.693 0.699 0.704 0.71 0.715 0.72 0.726 0.716 0.694
3.288 3.566 3.846 4.161 4.476 4.791 5.106 5.421 5.736 6.051 6.366 6.681 6.995 7.073 7.151 7.229 7.307 7.385 7.463 7.501 7.514 7.528 7.541 7.555 7.568 7.568 7.333 7.098 6.864 6.629 6.394 6.159 5.924 5.69 5.455 5.237 5.094 4.952 4.809 4.667 4.524 4.381 4.239 4.096 3.954 3.877 3.85 3.823 3.796 3.769 3.742 3.715 3.627 3.517 3.408 3.298 3.188 3.079 2.969 2.945 2.952 2.959 2.965 2.972 2.979 2.986 2.992 2.999 2.994 2.961 2.929 2.897 2.864 2.832 2.8 2.767 2.735 2.704 2.683 2.661 2.64 2.619 2.597 2.576 2.554 2.591 2.637 2.682 2.728 2.773 2.819 2.864 2.89 2.887 2.885 2.882 2.879 2.876 2.873 2.871 2.868 2.828 2.74 2.653 2.565 2.478 2.39 2.303 2.216 2.076 1.918 1.76 1.602 1.444 1.287 1.129 0.971 0.814 0.798 0.783 0.768 0.752 0.737 0.721 0.706 0.692 0.697 0.703 0.708 0.713 0.719 0.724 0.73 0.735 0.725 0.703
3.403 3.682 3.962 4.277 4.592 4.907 5.222 5.537 5.852 6.167 6.482 6.797 7.112 7.378 7.456 7.534 7.612 7.69 7.768 7.805 7.819 7.832 7.845 7.859 7.872 7.661 7.426 7.191 6.957 6.722 6.487 6.252 6.017 5.783 5.548 5.331 5.189 5.046 4.903 4.761 4.618 4.476 4.333 4.191 4.048 3.905 3.852 3.825 3.798 3.771 3.745 3.718 3.628 3.518 3.408 3.299 3.189 3.08 3.038 3.045 3.052 3.059 3.065 3.072 3.079 3.086 3.092 3.099 3.093 3.061 3.028 2.996 2.964 2.931 2.899 2.867 2.834 2.802 2.774 2.752 2.731 2.709 2.688 2.666 2.645 2.683 2.729 2.774 2.82 2.865 2.911 2.944 2.941 2.938 2.935 2.932 2.93 2.927 2.924 2.921 2.918 2.877 2.79 2.702 2.615 2.527 2.44 2.352 2.223 2.065 1.907 1.749 1.591 1.434 1.276 1.118 0.96 0.805 0.79 0.775 0.759 0.744 0.728 0.713 0.698 0.701 0.707 0.712 0.717 0.723 0.728 0.734 0.739 0.744 0.734 0.712
3.519 3.797 4.079 4.394 4.709 5.024 5.339 5.654 5.969 6.284 6.599 6.914 7.229 7.544 7.762 7.84 7.917 7.995 8.073 8.11 8.123 8.136 8.15 8.163 7.989 7.754 7.519 7.284 7.049 6.815 6.58 6.345 6.11 5.875 5.641 5.426 5.283 5.14 4.998 4.855 4.713 4.57 4.428 4.285 4.142 4.0 3.857 3.827 3.801 3.774 3.747 3.72 3.628 3.519 3.409 3.3 3.19 3.132 3.138 3.145 3.152 3.159 3.165 3.172 3.179 3.186 3.192 3.199 3.192 3.16 3.128 3.095 3.063 3.031 2.998 2.966 2.934 2.902 2.869 2.843 2.821 2.8 2.779 2.757 2.736 2.775 2.821 2.866 2.912 2.957 2.997 2.994 2.991 2.989 2.986 2.983 2.98 2.977 2.975 2.972 2.969 2.926 2.839 2.751 2.664 2.576 2.489 2.37 2.212 2.054 1.896 1.739 1.581 1.423 1.265 1.107 0.949 0.797 0.782 0.766 0.751 0.735 0.72 0.705 0.705 0.711 0.716 0.721 0.727 0.732 0.737 0.743 0.748 0.754 0.742 0.721
3.635 3.913 4.195 4.51 4.825 5.14 5.455 5.77 6.085 6.4 6.715 7.03 7.345 7.66 7.975 8.145 8.223 8.301 8.379 8.414 8.427 8.441 8.454 8.316 8.082 7.847 7.612 7.377 7.142 6.908 6.673 6.438 6.203 5.968 5.734 5.52 5.377 5.235 5.092 4.95 4.807 4.665 4.522 4.379 4.237 4.094 3.952 3.83 3.803 3.776 3.749 3.722 3.629 3.52 3.41 3.3 3.225 3.232 3.238 3.245 3.252 3.259 3.265 3.272 3.279 3.285 3.292 3.299 3.292 3.259 3.227 3.195 3.162 3.13 3.098 3.065 3.033 3.001 2.969 2.936 2.912 2.891 2.869 2.848 2.826 2.867 2.912 2.958 3.003 3.049 3.048 3.045 3.042 3.039 3.036 3.034 3.031 3.028 3.025 3.022 3.02 2.975 2.888 2.8 2.713 2.626 2.517 2.359 2.201 2.043 1.886 1.728 1.57 1.412 1.254 1.096 0.938 0.789 0.773 0.758 0.742 0.727 0.711 0.709 0.715 0.72 0.725 0.731 0.736 0.741 0.747 0.752 0.757 0.763 0.751 0.73
3.75 4.028 4.311 4.626 4.941 5.256 5.571 5.886 6.201 6.516 6.831 7.146 7.461 7.776 8.091 8.406 8.528 8.606 8.684 8.718 8.731 8.745 8.644 8.409 8.174 7.94 7.705 7.47 7.235 7.0 6.766 6.531 6.296 6.061 5.826 5.614 5.472 5.329 5.187 5.044 4.902 4.759 4.616 4.474 4.331 4.189 4.046 3.903 3.805 3.778 3.751 3.724 3.63 3.52 3.411 3.318 3.325 3.332 3.338 3.345 3.352 3.359 3.365 3.372 3.379 3.385 3.392 3.399 3.391 3.359 3.326 3.294 3.262 3.229 3.197 3.165 3.133 3.1 3.068 3.036 3.003 2.981 2.96 2.939 2.917 2.959 3.004 3.05 3.095 3.101 3.098 3.096 3.093 3.09 3.087 3.084 3.082 3.079 3.076 3.073 3.07 3.025 2.937 2.85 2.762 2.664 2.506 2.348 2.19 2.033 1.875 1.717 1.559 1.401 1.243 1.085 0.927 0.78 0.765 0.749 0.734 0.718 0.713 0.718 0.724 0.729 0.735 0.74 0.745 0.751 0.756 0.761 0.767 0.772 0.76 0.738
3.866 4.144 4.427 4.742 5.057 5.372 5.687 6.002 6.317 6.632 6.947 7.262 7.577 7.892 8.207 8.522 8.833 8.911 8.989 9.022 9.036 8.972 8.737 8.502 8.267 8.033 7.798 7.563 7.328 7.093 6.859 6.624 6.389 6.154 5.919 5.709 5.566 5.424 5.281 5.138 4.996 4.853 4.711 4.568 4.426 4.283 4.14 3.998 3.855 3.78 3.753 3.726 3.631 3.521 3.412 3.418 3.425 3.432 3.438 3.445 3.452 3.459 3.465 3.472 3.479 3.485 3.492 3.499 3.49 3.458 3.426 3.393 3.361 3.329 3.296 3.264 3.232 3.2 3.167 3.135 3.103 3.072 3.051 3.029 3.008 3.051 3.096 3.141 3.155 3.152 3.149 3.146 3.143 3.141 3.138 3.135 3.132 3.129 3.127 3.124 3.121 3.074 2.986 2.899 2.811 2.653 2.495 2.337 2.18 2.022 1.864 1.706 1.548 1.39 1.232 1.074 0.916 0.772 0.756 0.741 0.725 0.717 0.722 0.728 0.733 0.738 0.744 0.749 0.755 0.76 0.765 0.771 0.776 0.781 0.769 0.747
3.981 4.26 4.543 4.858 5.173 5.488 5.803 6.118 6.433 6.748 7.063 7.378 7.693 8.008 8.323 8.638 8.953 9.216 9.294 9.327 9.299 9.065 8.83 8.595 8.36 8.125 7.891 7.656 7.421 7.186 6.951 6.717 6.482 6.247 6.012 5.803 5.661 5.518 5.375 5.233 5.09 4.948 4.805 4.663 4.52 4.377 4.235 4.092 3.95 3.807 3.756 3.729 3.632 3.522 3.512 3.518 3.525 3.532 3.538 3.545 3.552 3.559 3.565 3.572 3.579 3.585 3.592 3.599 3.59 3.557 3.525 3.493 3.46 3.428 3.396 3.364 3.331 3.299 3.267 3.234 3.202 3.17 3.141 3.12 3.098 3.142 3.188 3.208 3.205 3.202 3.2 3.197 3.194 3.191 3.188 3.186 3.183 3.18 3.177 3.174 3.172 3.123 3.035 2.948 2.8 2.642 2.484 2.327 2.169 2.011 1.853 1.695 1.537 1.379 1.221 1.063 0.906 0.763 0.748 0.732 0.721 0.726 0.732 0.737 0.742 0.748 0.753 0.759 0.764 0.769 0.775 0.78 0.785 0.791 0.778 0.756
4.097 4.375 4.659 4.974 5.289 5.604 5.919 6.234 6.549 6.864 7.179 7.494 7.809 8.124 8.439 8.754 9.069 9.384 9.6 9.627 9.392 9.158 8.923 8.688 8.453 8.218 7.984 7.749 7.514 7.279 7.044 6.81 6.575 6.34 6.105 5.898 5.755 5.612 5.47 5.327 5.185 5.042 4.9 4.757 4.614 4.472 4.329 4.187 4.044 3.901 3.759 3.731 3.633 3.605 3.612 3.618 3.625 3.632 3.638 3.645 3.652 3.659 3.665 3.672 3.679 3.685 3.692 3.699 3.689 3.657 3.624 3.592 3.56 3.527 3.495 3.463 3.431 3.398 3.366 3.334 3.301 3.269 3.237 3.211 3.189 3.234 3.261 3.259 3.256 3.253 3.25 3.247 3.245 3.242 3.239 3.236 3.233 3.231 3.228 3.225 3.222 3.172 3.085 2.947 2.789 2.631 2.474 2.316 2.158 2.0 1.842 1.684 1.526 1.368 1.21 1.053 0.895 0.755 0.739 0.725 0.73 0.736 0.741 0.746 0.752 0.757 0.762 0.768 0.773 0.779 0.784 0.789 0.795 0.8 0.787 0.765
4.192 4.471 4.882 5.193 5.503 5.814 6.125 6.436 6.747 7.058 7.368 7.679 7.99 8.301 8.612 8.923 9.233 9.544 9.855 9.733 9.497 9.26 9.024 8.788 8.551 8.315 8.079 7.842 7.607 7.372 7.137 6.902 6.668 6.433 6.198 5.992 5.849 5.707 5.564 5.422 5.279 5.137 4.994 4.851 4.709 4.566 4.424 4.281 4.138 3.996 3.853 3.733 3.698 3.705 3.711 3.718 3.725 3.732 3.738 3.745 3.752 3.759 3.765 3.772 3.779 3.785 3.792 3.799 3.788 3.756 3.724 3.691 3.659 3.627 3.595 3.562 3.53 3.498 3.465 3.433 3.401 3.368 3.336 3.304 3.28 3.315 3.312 3.309 3.306 3.304 3.301 3.298 3.295 3.292 3.29 3.287 3.284 3.281 3.278 3.276 3.273 3.221 3.094 2.936 2.778 2.621 2.463 2.305 2.147 1.989 1.831 1.673 1.515 1.357 1.2 1.042 0.884 0.746 0.731 0.734 0.74 0.745 0.75 0.756 0.761 0.766 0.772 0.777 0.782 0.788 0.793 0.799 0.804 0.809 0.795 0.775
4.26 4.675 5.259 5.569 5.88 6.191 6.502 6.813 7.124 7.434 7.745 8.056 8.367 8.678 8.989 9.299 9.61 9.921 10.15 9.941 9.687 9.45 9.214 8.978 8.741 8.505 8.268 8.032 7.796 7.559 7.323 7.087 6.85 6.614 6.377 6.171 6.027 5.883 5.739 5.595 5.451 5.306 5.162 5.018 4.874 4.73 4.586 4.441 4.297 4.153 4.009 3.833 3.744 3.752 3.761 3.769 3.777 3.785 3.793 3.802 3.81 3.818 3.826 3.835 3.843 3.851 3.859 3.867 3.858 3.827 3.796 3.765 3.734 3.704 3.673 3.642 3.611 3.58 3.55 3.519 3.488 3.457 3.426 3.396 3.367 3.366 3.363 3.36 3.357 3.354 3.351 3.349 3.346 3.343 3.34 3.337 3.335 3.332 3.329 3.326 3.323 3.241 3.083 2.925 2.768 2.61 2.452 2.294 2.136 1.978 1.82 1.662 1.504 1.347 1.189 1.031 0.873 0.738 0.738 0.743 0.749 0.754 0.76 0.765 0.77 0.776 0.781 0.786 0.792 0.797 0.803 0.808 0.813 0.819 0.805 0.789
4.41 5.058 5.635 5.946 6.257 6.568 6.879 7.19 7.5 7.811 8.122 8.433 8.744 9.055 9.365 9.676 9.987 10.233 10.429 10.212 9.876 9.64 9.404 9.167 8.931 8.695 8.458 8.222 7.985 7.749 7.513 7.276 7.04 6.804 6.567 6.363 6.219 6.074 5.93 5.786 5.642 5.498 5.354 5.209 5.065 4.921 4.777 4.633 4.489 4.344 4.18 3.957 3.812 3.763 3.771 3.779 3.787 3.795 3.804 3.812 3.82 3.828 3.836 3.845 3.853 3.861 3.869 3.878 3.867 3.836 3.806 3.775 3.744 3.713 3.682 3.652 3.621 3.59 3.559 3.528 3.498 3.467 3.436 3.405 3.365 3.43 3.427 3.424 3.421 3.418 3.415 3.412 3.409 3.406 3.403 3.4 3.397 3.394 3.391 3.388 3.385 3.3 3.141 2.982 2.823 2.663 2.504 2.344 2.185 2.025 1.866 1.707 1.547 1.388 1.228 1.069 0.909 0.779 0.783 0.787 0.791 0.796 0.8 0.804 0.808 0.812 0.816 0.82 0.824 0.828 0.833 0.837 0.841 0.845 0.817 0.801
4.792 5.44 6.012 6.323 6.634 6.945 7.256 7.566 7.877 8.188 8.499 8.81 9.121 9.431 9.742 10.053 10.316 10.512 10.709 10.483 10.144 9.83 9.594 9.357 9.121 8.884 8.648 8.412 8.175 7.939 7.703 7.466 7.23 6.993 6.757 6.554 6.41 6.266 6.122 5.977 5.833 5.689 5.545 5.401 5.257 5.112 4.968 4.824 4.68 4.527 4.304 4.081 3.938 3.801 3.781 3.789 3.797 3.806 3.814 3.822 3.83 3.838 3.847 3.855 3.863 3.871 3.88 3.888 3.877 3.846 3.815 3.784 3.753 3.723 3.692 3.661 3.63 3.599 3.569 3.538 3.507 3.476 3.445 3.402 3.363 3.443 3.492 3.489 3.486 3.483 3.48 3.477 3.474 3.471 3.467 3.464 3.461 3.458 3.455 3.452 3.449 3.362 3.221 3.062 2.902 2.743 2.583 2.424 2.264 2.105 1.946 1.786 1.627 1.467 1.308 1.148 0.989 0.861 0.866 0.87 0.874 0.878 0.882 0.886 0.89 0.894 0.898 0.903 0.907 0.911 0.915 0.919 0.923 0.865 0.827 0.809
5.174 5.822 6.389 6.7 7.011 7.322 7.632 7.943 8.254 8.565 8.876 9.187 9.498 9.808 10.119 10.399 10.595 10.792 10.988 10.753 10.415 10.077 9.783 9.547 9.311 9.074 8.838 8.602 8.365 8.129 7.892 7.656 7.42 7.183 6.947 6.745 6.601 6.457 6.313 6.169 6.025 5.88 5.736 5.592 5.448 5.304 5.16 5.015 4.871 4.651 4.428 4.205 4.064 3.927 3.791 3.799 3.808 3.816 3.824 3.832 3.84 3.849 3.857 3.865 3.873 3.881 3.89 3.898 3.886 3.855 3.825 3.794 3.763 3.732 3.701 3.671 3.64 3.609 3.578 3.547 3.517 3.486 3.445 3.398 3.361 3.441 3.521 3.553 3.55 3.547 3.544 3.541 3.538 3.535 3.532 3.529 3.526 3.523 3.52 3.517 3.514 3.424 3.287 3.141 2.982 2.822 2.663 2.504 2.344 2.185 2.025 1.866 1.706 1.547 1.387 1.228 1.069 0.944 0.948 0.952 0.956 0.96 0.964 0.969 0.973 0.977 0.981 0.985 0.989 0.993 0.997 1.001 0.955 0.879 0.843 0.817
5.556 6.204 6.766 7.077 7.388 7.699 8.009 8.32 8.631 8.942 9.253 9.564 9.874 10.185 10.482 10.679 10.875 11.071 11.268 11.024 10.686 10.348 10.01 9.737 9.5 9.264 9.028 8.791 8.555 8.319 8.082 7.846 7.609 7.373 7.137 6.937 6.792 6.648 6.504 6.36 6.216 6.072 5.928 5.783 5.639 5.495 5.351 5.207 4.998 4.775 4.552 4.329 4.189 4.053 3.916 3.81 3.818 3.826 3.834 3.842 3.851 3.859 3.867 3.875 3.883 3.892 3.9 3.908 3.896 3.865 3.834 3.803 3.772 3.742 3.711 3.68 3.649 3.618 3.588 3.557 3.526 3.487 3.441 3.394 3.359 3.439 3.52 3.6 3.614 3.611 3.608 3.605 3.602 3.599 3.596 3.593 3.59 3.587 3.584 3.581 3.578 3.486 3.349 3.212 3.061 2.902 2.743 2.583 2.424 2.264 2.105 1.945 1.786 1.627 1.467 1.308 1.148 1.026 1.03 1.034 1.039 1.043 1.047 1.051 1.055 1.059 1.063 1.067 1.071 1.076 1.08 1.045 0.969 0.894 0.858 0.833
5.939 6.587 7.143 7.454 7.765 8.075 8.386 8.697 9.008 9.319 9.63 9.94 10.251 10.562 10.762 10.958 11.154 11.351 11.547 11.295 10.957 10.619 10.281 9.943 9.69 9.454 9.218 8.981 8.745 8.508 8.272 8.036 7.799 7.563 7.327 7.128 6.984 6.84 6.695 6.551 6.407 6.263 6.119 5.975 5.831 5.686 5.542 5.345 5.122 4.899 4.676 4.453 4.315 4.178 4.041 3.905 3.828 3.836 3.844 3.853 3.861 3.869 3.877 3.885 3.894 3.902 3.91 3.918 3.905 3.874 3.844 3.813 3.782 3.751 3.72 3.69 3.659 3.628 3.597 3.566 3.53 3.483 3.437 3.39 3.357 3.438 3.518 3.598 3.678 3.676 3.673 3.67 3.666 3.663 3.66 3.657 3.654 3.651 3.648 3.645 3.642 3.548 3.411 3.274 3.136 2.982 2.822 2.663 2.503 2.344 2.184 2.025 1.866 1.706 1.547 1.387 1.228 1.109 1.113 1.117 1.121 1.125 1.129 1.133 1.137 1.142 1.146 1.15 1.154 1.158 1.135 1.059 0.984 0.909 0.874 0.848
6.321 6.969 7.52 7.831 8.141 8.452 8.763 9.074 9.385 9.696 10.006 10.317 10.628 10.845 11.041 11.238 11.434 11.63 11.827 11.566 11.228 10.89 10.552 10.214 9.88 9.644 9.407 9.171 8.935 8.698 8.462 8.225 7.989 7.753 7.516 7.319 7.175 7.031 6.887 6.743 6.598 6.454 6.31 6.166 6.022 5.878 5.693 5.47 5.247 5.024 4.801 4.578 4.44 4.304 4.167 4.03 3.894 3.846 3.855 3.863 3.871 3.879 3.887 3.896 3.904 3.912 3.92 3.928 3.915 3.884 3.853 3.822 3.792 3.761 3.73 3.699 3.668 3.638 3.607 3.573 3.526 3.479 3.433 3.386 3.356 3.436 3.516 3.596 3.676 3.74 3.737 3.734 3.731 3.728 3.725 3.722 3.719 3.716 3.713 3.71 3.707 3.61 3.473 3.336 3.198 3.061 2.902 2.742 2.583 2.423 2.264 2.105 1.945 1.786 1.626 1.467 1.307 1.191 1.195 1.199 1.203 1.207 1.212 1.216 1.22 1.224 1.228 1.232 1.236 1.224 1.149 1.074 0.998 0.923 0.889 0.864
6.703 7.351 7.897 8.207 8.518 8.829 9.14 9.451 9.762 10.072 10.383 10.694 10.928 11.124 11.321 11.517 11.713 11.91 12.106 11.837 11.499 11.161 10.823 10.485 10.147 9.834 9.597 9.361 9.124 8.888 8.652 8.415 8.179 7.943 7.706 7.511 7.366 7.222 7.078 6.934 6.79 6.646 6.501 6.357 6.213 6.04 5.817 5.594 5.371 5.148 4.925 4.703 4.566 4.429 4.293 4.156 4.019 3.883 3.865 3.873 3.881 3.889 3.898 3.906 3.914 3.922 3.93 3.939 3.924 3.893 3.863 3.832 3.801 3.77 3.739 3.709 3.678 3.647 3.615 3.569 3.522 3.475 3.429 3.382 3.354 3.434 3.514 3.594 3.674 3.754 3.801 3.798 3.795 3.792 3.789 3.786 3.783 3.78 3.777 3.774 3.771 3.672 3.535 3.398 3.26 3.123 2.981 2.822 2.662 2.503 2.344 2.184 2.025 1.865 1.706 1.546 1.387 1.273 1.278 1.282 1.286 1.29 1.294 1.298 1.302 1.306 1.31 1.315 1.314 1.239 1.164 1.088 1.013 0.938 0.905 0.879
7.085 7.733 8.273 8.584 8.895 9.206 9.517 9.828 10.138 10.449 10.76 11.011 11.207 11.404 11.6 11.797 11.993 12.189 12.386 12.108 11.77 11.432 11.094 10.756 10.418 10.079 9.787 9.551 9.314 9.078 8.841 8.605 8.369 8.132 7.896 7.702 7.558 7.414 7.269 7.125 6.981 6.837 6.693 6.549 6.387 6.164 5.941 5.718 5.495 5.272 5.049 4.828 4.691 4.555 4.418 4.282 4.145 4.008 3.875 3.883 3.891 3.899 3.908 3.916 3.924 3.932 3.941 3.949 3.934 3.903 3.872 3.841 3.811 3.78 3.749 3.718 3.687 3.657 3.611 3.565 3.518 3.471 3.425 3.378 3.352 3.432 3.512 3.592 3.672 3.752 3.832 3.862 3.859 3.856 3.853 3.85 3.847 3.844 3.841 3.838 3.835 3.734 3.597 3.46 3.322 3.185 3.048 2.901 2.742 2.583 2.423 2.264 2.104 1.945 1.785 1.626 1.467 1.356 1.36 1.364 1.368 1.372 1.376 1.38 1.385 1.389 1.393 1.397 1.329 1.254 1.178 1.103 1.028 0.952 0.92 0.895
7.468 8.115 8.65 8.961 9.272 9.583 9.894 10.205 10.515 10.826 11.094 11.29 11.487 11.683 11.88 12.076 12.272 12.469 12.665 12.379 12.041 11.703 11.365 11.027 10.688 10.35 10.012 9.74 9.504 9.268 9.031 8.795 8.559 8.322 8.086 7.893 7.749 7.605 7.461 7.317 7.172 7.028 6.884 6.734 6.511 6.288 6.065 5.842 5.619 5.396 5.173 4.954 4.817 4.68 4.544 4.407 4.27 4.134 3.997 3.893 3.901 3.91 3.918 3.926 3.934 3.942 3.951 3.959 3.943 3.913 3.882 3.851 3.82 3.789 3.759 3.728 3.697 3.654 3.607 3.561 3.514 3.467 3.421 3.374 3.35 3.43 3.51 3.59 3.67 3.75 3.831 3.911 3.924 3.921 3.918 3.915 3.912 3.909 3.906 3.903 3.899 3.796 3.659 3.522 3.384 3.247 3.11 2.972 2.822 2.662 2.503 2.343 2.184 2.024 1.865 1.706 1.546 1.438 1.442 1.446 1.451 1.455 1.459 1.463 1.467 1.471 1.475 1.419 1.344 1.268 1.193 1.118 1.042 0.967 0.936 0.91
7.85 8.498 9.027 9.338 9.649 9.96 10.271 10.581 10.892 11.177 11.373 11.57 11.766 11.963 12.159 12.356 12.552 12.748 12.945 12.65 12.312 11.974 11.636 11.297 10.959 10.621 10.283 9.945 9.694 9.457 9.221 8.985 8.748 8.512 8.276 8.085 7.94 7.796 7.652 7.508 7.364 7.22 7.075 6.858 6.635 6.412 6.189 5.966 5.743 5.52 5.297 5.079 4.943 4.806 4.669 4.533 4.396 4.259 4.123 3.986 3.912 3.92 3.928 3.936 3.944 3.953 3.961 3.969 3.953 3.922 3.891 3.86 3.83 3.799 3.768 3.737 3.697 3.65 3.603 3.557 3.51 3.463 3.417 3.37 3.348 3.428 3.508 3.588 3.668 3.749 3.829 3.909 3.988 3.985 3.982 3.979 3.976 3.973 3.97 3.967 3.964 3.858 3.721 3.584 3.446 3.309 3.172 3.034 2.897 2.742 2.582 2.423 2.263 2.104 1.945 1.785 1.626 1.521 1.525 1.529 1.533 1.537 1.541 1.545 1.549 1.553 1.509 1.434 1.358 1.283 1.208 1.132 1.057 0.981 0.951 0.926
8.232 8.88 9.404 9.715 10.026 10.337 10.647 10.958 11.26 11.456 11.653 11.849 12.046 12.242 12.439 12.635 12.831 13.028 13.224 12.921 12.583 12.245 11.906 11.568 11.23 10.892 10.554 10.216 9.884 9.647 9.411 9.175 8.938 8.702 8.465 8.276 8.132 7.988 7.843 7.699 7.555 7.411 7.205 6.982 6.759 6.536 6.313 6.09 5.867 5.644 5.421 5.205 5.068 4.932 4.795 4.658 4.522 4.385 4.248 4.112 3.975 3.93 3.938 3.946 3.955 3.963 3.971 3.979 3.962 3.932 3.901 3.87 3.839 3.808 3.778 3.739 3.693 3.646 3.599 3.553 3.506 3.459 3.413 3.366 3.346 3.426 3.506 3.587 3.667 3.747 3.827 3.907 3.987 4.049 4.046 4.043 4.04 4.037 4.034 4.031 4.028 3.921 3.783 3.646 3.508 3.371 3.234 3.096 2.959 2.821 2.662 2.502 2.343 2.184 2.024 1.865 1.705 1.603 1.607 1.611 1.615 1.619 1.624 1.628 1.632 1.599 1.523 1.448 1.373 1.297 1.222 1.147 1.071 0.996 0.966 0.941
8.614 9.262 9.781 10.092 10.403 10.713 11.024 11.335 11.539 11.736 11.932 12.129 12.325 12.522 12.718 12.915 13.111 13.307 13.504 13.192 12.854 12.515 12.177 11.839 11.501 11.163 10.825 10.487 10.149 9.837 9.601 9.364 9.128 8.892 8.655 8.467 8.323 8.179 8.035 7.891 7.746 7.553 7.33 7.107 6.884 6.661 6.438 6.215 5.991 5.768 5.545 5.33 5.194 5.057 4.92 4.784 4.647 4.511 4.374 4.237 4.101 3.964 3.948 3.957 3.965 3.973 3.981 3.989 3.972 3.941 3.91 3.879 3.849 3.818 3.782 3.735 3.689 3.642 3.595 3.549 3.502 3.455 3.409 3.362 3.344 3.424 3.505 3.585 3.665 3.745 3.825 3.905 3.985 4.065 4.111 4.108 4.105 4.102 4.099 4.095 4.092 3.983 3.845 3.708 3.57 3.433 3.296 3.158 3.021 2.884 2.741 2.582 2.423 2.263 2.104 1.944 1.785 1.685 1.689 1.694 1.698 1.702 1.706 1.71 1.689 1.613 1.538 1.463 1.387 1.312 1.237 1.161 1.086 1.011 0.982 0.957
8.996 9.644 10.158 10.469 10.779 11.09 11.401 11.622 11.819 12.015 12.212 12.408 12.605 12.801 12.998 13.194 13.39 13.587 13.783 13.463 13.124 12.786 12.448 12.11 11.772 11.434 11.096 10.758 10.42 10.082 9.791 9.554 9.318 9.081 8.845 8.659 8.514 8.37 8.226 8.082 7.9 7.677 7.454 7.231 7.008 6.785 6.562 6.339 6.116 5.893 5.67 5.456 5.319 5.183 5.046 4.909 4.773 4.636 4.499 4.363 4.226 4.09 3.959 3.967 3.975 3.983 3.991 4.0 3.981 3.951 3.92 3.889 3.858 3.825 3.778 3.731 3.685 3.638 3.591 3.545 3.498 3.451 3.405 3.358 3.342 3.423 3.503 3.583 3.663 3.743 3.823 3.903 3.983 4.063 4.144 4.172 4.169 4.166 4.163 4.16 4.157 4.045 3.907 3.77 3.632 3.495 3.358 3.22 3.083 2.946 2.808 2.662 2.502 2.343 2.183 2.024 1.864 1.768 1.772 1.776 1.78 1.784 1.788 1.779 1.703 1.628 1.553 1.477 1.402 1.327 1.251 1.176 1.101 1.025 0.997 0.972
9.379 10.027 10.535 10.845 11.156 11.467 11.705 11.902 12.098 12.295 12.491 12.688 12.884 13.081 13.277 13.474 13.67 13.866 14.063 13.733 13.395 13.057 12.719 12.381 12.043 11.705 11.367 11.029 10.691 10.352 10.014 9.744 9.508 9.271 9.035 8.85 8.706 8.562 8.417 8.247 8.024 7.801 7.578 7.355 7.132 6.909 6.686 6.463 6.24 6.017 5.794 5.582 5.445 5.308 5.172 5.035 4.898 4.762 4.625 4.488 4.352 4.215 4.078 3.977 3.985 3.993 4.002 4.01 3.991 3.96 3.929 3.899 3.867 3.821 3.774 3.727 3.681 3.634 3.587 3.541 3.494 3.447 3.401 3.354 3.341 3.421 3.501 3.581 3.661 3.741 3.821 3.901 3.981 4.062 4.142 4.222 4.233 4.23 4.227 4.224 4.221 4.107 3.969 3.832 3.695 3.557 3.42 3.282 3.145 3.008 2.87 2.733 2.582 2.422 2.263 2.104 1.944 1.85 1.854 1.858 1.862 1.867 1.869 1.793 1.718 1.643 1.567 1.492 1.417 1.341 1.266 1.191 1.115 1.04 1.013 0.987
9.761 10.409 10.912 11.222 11.533 11.788 11.985 12.181 12.378 12.574 12.771 12.967 13.164 13.36 13.557 13.753 13.949 14.146 14.342 14.004 13.666 13.328 12.99 12.652 12.314 11.976 11.638 11.3 10.961 10.623 10.285 9.947 9.697 9.461 9.225 9.041 8.897 8.753 8.594 8.371 8.148 7.925 7.702 7.479 7.256 7.033 6.81 6.587 6.364 6.141 5.918 5.707 5.57 5.434 5.297 5.161 5.024 4.887 4.751 4.614 4.477 4.341 4.204 4.067 3.995 4.004 4.012 4.02 4.0 3.97 3.939 3.908 3.863 3.817 3.77 3.723 3.677 3.63 3.583 3.537 3.49 3.443 3.397 3.35 3.339 3.419 3.499 3.579 3.659 3.739 3.819 3.899 3.98 4.06 4.14 4.22 4.298 4.294 4.291 4.288 4.285 4.169 4.031 3.894 3.757 3.619 3.482 3.344 3.207 3.07 2.932 2.795 2.658 2.502 2.343 2.183 2.024 1.933 1.937 1.941 1.945 1.949 1.883 1.808 1.732 1.657 1.582 1.506 1.431 1.356 1.28 1.205 1.13 1.054 1.028 1.003
10.143 10.791 11.288 11.599 11.871 12.068 12.264 12.461 12.657 12.854 13.05 13.247 13.443 13.64 13.836 14.032 14.229 14.425 14.613 14.275 13.937 13.599 13.261 12.923 12.585 12.247 11.909 11.57 11.232 10.894 10.556 10.218 9.887 9.651 9.415 9.232 9.088 8.941 8.718 8.495 8.272 8.049 7.826 7.603 7.38 7.157 6.934 6.711 6.488 6.265 6.042 5.833 5.696 5.559 5.423 5.286 5.149 5.013 4.876 4.74 4.603 4.466 4.33 4.193 4.056 4.014 4.022 4.03 4.01 3.979 3.948 3.906 3.859 3.813 3.766 3.719 3.673 3.626 3.579 3.533 3.486 3.439 3.393 3.346 3.337 3.417 3.497 3.577 3.657 3.737 3.817 3.898 3.978 4.058 4.138 4.218 4.298 4.359 4.356 4.353 4.35 4.231 4.093 3.956 3.819 3.681 3.544 3.406 3.269 3.132 2.994 2.857 2.72 2.582 2.422 2.263 2.103 2.015 2.019 2.023 2.027 1.973 1.898 1.822 1.747 1.672 1.596 1.521 1.446 1.37 1.295 1.22 1.144 1.069 1.044 1.018
10.525 11.173 11.665 11.954 12.151 12.347 12.544 12.74 12.937 13.133 13.33 13.526 13.723 13.919 14.116 14.312 14.508 14.705 14.884 14.546 14.208 13.87 13.532 13.194 12.856 12.518 12.179 11.841 11.503 11.165 10.827 10.489 10.151 9.841 9.604 9.424 9.28 9.065 8.842 8.619 8.396 8.173 7.95 7.727 7.504 7.281 7.058 6.835 6.612 6.389 6.166 5.958 5.822 5.685 5.548 5.412 5.275 5.138 5.002 4.865 4.728 4.592 4.455 4.319 4.182 4.045 4.032 4.04 4.019 3.989 3.949 3.902 3.855 3.809 3.762 3.715 3.669 3.622 3.575 3.529 3.482 3.435 3.389 3.342 3.335 3.415 3.495 3.575 3.655 3.736 3.816 3.896 3.976 4.056 4.136 4.216 4.296 4.376 4.42 4.417 4.414 4.293 4.155 4.018 3.881 3.743 3.606 3.468 3.331 3.194 3.056 2.919 2.782 2.644 2.502 2.342 2.183 2.097 2.101 2.106 2.063 1.988 1.912 1.837 1.762 1.686 1.611 1.536 1.46 1.385 1.31 1.234 1.159 1.085 1.059 1.034
10.908 11.555 12.038 12.234 12.43 12.627 12.823 13.02 13.216 13.413 13.609 13.806 14.002 14.199 14.395 14.591 14.788 14.984 15.155 14.817 14.479 14.141 13.803 13.465 13.127 12.788 12.45 12.112 11.774 11.436 11.098 10.76 10.422 10.084 9.794 9.615 9.413 9.189 8.966 8.743 8.52 8.297 8.074 7.851 7.628 7.405 7.182 6.959 6.736 6.513 6.29 6.084 5.947 5.811 5.674 5.537 5.401 5.264 5.127 4.991 4.854 4.717 4.581 4.444 4.307 4.171 4.042 4.05 4.029 3.991 3.945 3.898 3.851 3.805 3.758 3.711 3.665 3.618 3.571 3.525 3.478 3.431 3.385 3.338 3.333 3.413 3.493 3.573 3.654 3.734 3.814 3.894 3.974 4.054 4.134 4.214 4.294 4.374 4.455 4.481 4.478 4.355 4.217 4.08 3.943 3.805 3.668 3.531 3.393 3.256 3.118 2.981 2.844 2.706 2.569 2.422 2.262 2.18 2.184 2.153 2.078 2.002 1.927 1.852 1.776 1.701 1.626 1.55 1.475 1.4 1.324 1.249 1.174 1.1 1.075 1.049
10.894 11.554 11.991 12.199 12.406 12.614 12.822 13.029 13.237 13.444 13.652 13.86 14.067 14.275 14.482 14.69 14.898 15.105 15.349 15.147 14.804 14.461 14.118 13.775 13.432 13.089 12.746 12.403 12.06 11.717 11.374 11.031 10.693 10.355 10.016 9.76 9.537 9.314 9.091 8.868 8.645 8.422 8.199 7.976 7.753 7.53 7.307 7.084 6.861 6.638 6.415 6.209 6.073 5.936 5.799 5.663 5.526 5.39 5.253 5.116 4.98 4.843 4.706 4.57 4.433 4.296 4.16 4.061 4.034 3.987 3.941 3.894 3.847 3.801 3.754 3.707 3.661 3.614 3.567 3.521 3.474 3.427 3.381 3.334 3.331 3.411 3.491 3.572 3.652 3.732 3.812 3.892 3.972 4.052 4.132 4.212 4.292 4.373 4.453 4.533 4.543 4.417 4.279 4.142 4.005 3.867 3.73 3.593 3.455 3.318 3.18 3.043 2.906 2.768 2.631 2.494 2.342 2.262 2.243 2.168 2.092 2.017 1.942 1.866 1.791 1.715 1.64 1.565 1.489 1.414 1.339 1.263 1.188 1.116 1.09 1.065
10.483 11.143 11.573 11.78 11.988 12.196 12.403 12.611 12.818 13.026 13.234 13.441 13.649 13.857 14.064 14.272 14.479 14.68 14.882 15.723 15.38 15.037 14.694 14.351 14.008 13.665 13.322 12.979 12.636 12.293 11.95 11.607 11.264 10.921 10.578 10.308 10.078 9.848 9.617 9.387 9.156 8.926 8.695 8.465 8.235 8.004 7.774 7.543 7.313 7.082 6.852 6.987 7.058 6.9 6.742 6.584 6.425 6.267 6.109 5.951 5.792 5.634 5.476 5.318 5.159 5.001 4.843 4.685 4.596 4.525 4.455 4.384 4.313 4.243 4.172 4.101 4.03 3.96 3.889 3.818 3.748 3.677 3.606 3.536 3.429 3.496 3.562 3.629 3.696 3.763 3.83 3.896 3.97 4.05 4.13 4.211 4.291 4.371 4.451 4.531 4.607 4.479 4.341 4.204 4.067 3.929 3.792 3.655 3.517 3.38 3.242 3.105 2.968 2.83 2.693 2.556 2.418 2.333 2.257 2.182 2.107 2.031 1.956 1.881 1.805 1.73 1.655 1.579 1.504 1.429 1.353 1.278 1.203 1.131 1.106 1.08
10.072 10.732 11.155 11.362 11.57 11.777 11.985 12.193 12.4 12.608 12.815 13.023 13.231 13.438 13.646 13.854 14.061 14.2 14.415 15.38 15.956 15.613 15.27 14.927 14.584 14.241 13.898 13.555 13.212 12.869 12.526 12.183 11.84 11.497 11.154 10.886 10.656 10.425 10.195 9.964 9.734 9.503 9.273 9.043 8.812 8.582 8.351 8.121 7.89 7.66 7.648 7.861 8.403 8.332 8.174 8.016 7.858 7.699 7.541 7.383 7.225 7.066 6.908 6.75 6.592 6.433 6.275 6.117 6.03 5.959 5.888 5.818 5.747 5.676 5.605 5.535 5.464 5.393 5.323 5.252 5.181 5.111 5.04 4.716 4.214 4.28 4.347 4.414 4.481 4.548 4.615 4.681 4.748 4.815 4.882 4.949 5.015 5.082 5.149 5.216 4.804 4.638 4.498 4.359 4.22 4.08 3.941 3.802 3.662 3.523 3.384 3.244 3.105 2.966 2.826 2.687 2.548 2.45 2.371 2.293 2.214 2.136 2.057 1.979 1.901 1.822 1.744 1.665 1.587 1.508 1.43 1.351 1.273 1.199 1.17 1.142
9.661 10.321 10.736 10.944 11.152 11.359 11.567 11.774 11.982 12.19 12.397 12.605 12.812 13.02 13.228 13.435 13.585 13.72 13.948 14.914 15.879 16.189 15.846 15.503 15.16 14.817 14.474 14.131 13.787 13.444 13.101 12.758 12.415 12.072 11.729 11.464 11.233 11.003 10.772 10.542 10.311 10.081 9.851 9.62 9.39 9.159 8.929 8.699 8.468 8.405 8.515 8.736 9.278 9.764 9.606 9.448 9.29 9.131 8.973 8.815 8.657 8.499 8.34 8.182 8.024 7.866 7.707 7.549 7.463 7.393 7.322 7.251 7.18 7.11 7.039 6.968 6.898 6.827 6.756 6.686 6.615 6.544 6.336 5.486 4.999 5.065 5.132 5.199 5.266 5.333 5.4 5.466 5.533 5.6 5.667 5.734 5.8 5.867 5.934 5.629 4.973 4.815 4.676 4.537 4.397 4.258 4.119 3.979 3.84 3.701 3.561 3.422 3.283 3.143 3.004 2.865 2.75 2.652 2.567 2.488 2.41 2.331 2.253 2.175 2.096 2.018 1.939 1.861 1.782 1.704 1.625 1.547 1.468 1.395 1.367 1.338
9.25 9.91 10.318 10.526 10.733 10.941 11.149 11.356 11.564 11.771 11.979 12.187 12.394 12.602 12.809 12.97 13.105 13.24 13.482 14.447 15.412 16.377 16.421 16.078 15.735 15.392 15.049 14.706 14.363 14.02 13.677 13.334 12.991 12.648 12.305 12.041 11.811 11.58 11.35 11.119 10.889 10.659 10.428 10.198 9.967 9.737 9.507 9.276 9.163 9.273 9.382 9.61 10.152 10.694 11.038 10.88 10.722 10.564 10.405 10.247 10.089 9.931 9.772 9.614 9.456 9.298 9.14 8.981 8.897 8.826 8.755 8.685 8.614 8.543 8.473 8.402 8.331 8.261 8.19 8.119 8.049 7.955 7.105 6.255 5.784 5.85 5.917 5.984 6.051 6.118 6.184 6.251 6.318 6.385 6.452 6.519 6.585 6.652 6.453 5.797 5.141 4.993 4.854 4.714 4.575 4.436 4.296 4.157 4.017 3.878 3.739 3.599 3.46 3.321 3.181 3.062 2.952 2.854 2.767 2.684 2.606 2.527 2.449 2.37 2.292 2.213 2.135 2.056 1.978 1.899 1.821 1.742 1.664 1.592 1.563 1.535
8.839 9.499 9.9 10.107 10.315 10.523 10.73 10.938 11.145 11.353 11.561 11.768 11.976 12.184 12.355 12.49 12.625 12.76 13.015 13.98 14.945 15.91 16.876 16.654 16.311 15.968 15.625 15.282 14.939 14.596 14.253 13.91 13.567 13.224 12.881 12.619 12.388 12.158 11.927 11.697 11.467 11.236 11.006 10.775 10.545 10.315 10.084 9.921 10.03 10.14 10.25 10.484 11.027 11.569 12.111 12.312 12.154 11.996 11.838 11.679 11.521 11.363 11.205 11.046 10.888 10.73 10.572 10.413 10.33 10.26 10.189 10.118 10.048 9.977 9.906 9.836 9.765 9.694 9.624 9.553 9.482 8.724 7.875 7.025 6.569 6.635 6.702 6.769 6.836 6.903 6.969 7.036 7.103 7.17 7.237 7.303 7.37 7.278 6.622 5.966 5.31 5.17 5.031 4.892 4.752 4.613 4.474 4.334 4.195 4.056 3.916 3.777 3.638 3.498 3.375 3.264 3.154 3.056 2.969 2.882 2.801 2.723 2.644 2.566 2.487 2.409 2.33 2.252 2.173 2.095 2.016 1.938 1.86 1.788 1.76 1.731
8.428 9.088 9.482 9.689 9.897 10.104 10.312 10.52 10.727 10.935 11.142 11.35 11.558 11.74 11.875 12.01 12.145 12.28 12.548 13.513 14.478 15.444 16.409 17.23 16.887 16.544 16.201 15.858 15.515 15.172 14.829 14.486 14.143 13.8 13.457 13.196 12.966 12.736 12.505 12.275 12.044 11.814 11.583 11.353 11.123 10.892 10.678 10.788 10.898 11.007 11.117 11.359 11.901 12.443 12.985 13.527 13.586 13.428 13.27 13.112 12.953 12.795 12.637 12.479 12.32 12.162 12.004 11.846 11.764 11.693 11.623 11.552 11.481 11.411 11.34 11.269 11.199 11.128 11.057 10.987 10.344 9.494 8.644 7.794 7.353 7.42 7.487 7.554 7.621 7.688 7.754 7.821 7.888 7.955 8.022 8.088 8.102 7.447 6.791 6.135 5.487 5.348 5.209 5.069 4.93 4.791 4.651 4.512 4.373 4.233 4.094 3.955 3.815 3.688 3.577 3.466 3.356 3.259 3.172 3.085 2.998 2.918 2.84 2.761 2.683 2.604 2.526 2.447 2.369 2.291 2.212 2.134 2.055 1.985 1.956 1.927
8.017 8.677 9.063 9.271 9.479 9.686 9.894 10.101 10.309 10.517 10.724 10.932 11.125 11.26 11.395 11.53 11.665 11.8 12.081 13.046 14.012 14.977 15.942 16.907 17.463 17.12 16.777 16.434 16.091 15.748 15.404 15.061 14.718 14.375 14.032 13.774 13.544 13.313 13.083 12.852 12.622 12.391 12.161 11.931 11.7 11.47 11.545 11.655 11.765 11.875 11.984 12.233 12.775 13.317 13.859 14.401 14.944 14.86 14.702 14.544 14.385 14.227 14.069 13.911 13.753 13.594 13.436 13.278 13.198 13.127 13.056 12.986 12.915 12.844 12.774 12.703 12.632 12.562 12.491 11.963 11.113 10.264 9.414 8.564 8.138 8.205 8.272 8.339 8.406 8.473 8.539 8.606 8.673 8.74 8.807 8.873 8.271 7.615 6.96 6.304 5.665 5.526 5.386 5.247 5.108 4.968 4.829 4.69 4.55 4.411 4.271 4.132 4.0 3.89 3.779 3.668 3.558 3.461 3.374 3.287 3.2 3.114 3.035 2.957 2.878 2.8 2.721 2.643 2.565 2.486 2.408 2.329 2.251 2.181 2.152 2.124
7.606 8.266 8.645 8.853 9.06 9.268 9.475 9.683 9.891 10.098 10.306 10.51 10.645 10.78 10.915 11.05 11.184 11.319 11.614 12.58 13.545 14.51 15.475 16.44 17.406 17.695 17.352 17.009 16.666 16.323 15.98 15.637 15.294 14.951 14.608 14.352 14.121 13.891 13.66 13.43 13.199 12.969 12.739 12.508 12.278 12.303 12.413 12.522 12.632 12.742 12.852 13.108 13.65 14.192 14.734 15.276 15.818 16.292 16.134 15.976 15.818 15.659 15.501 15.343 15.185 15.026 14.868 14.71 14.631 14.561 14.49 14.419 14.349 14.278 14.207 14.137 14.066 13.995 13.583 12.733 11.883 11.033 10.183 9.333 8.923 8.99 9.057 9.124 9.191 9.257 9.324 9.391 9.458 9.525 9.592 9.096 8.44 7.784 7.128 6.472 5.842 5.703 5.564 5.424 5.285 5.146 5.006 4.867 4.728 4.588 4.449 4.313 4.202 4.092 3.981 3.87 3.76 3.664 3.577 3.49 3.402 3.315 3.231 3.152 3.074 2.995 2.917 2.839 2.76 2.682 2.603 2.525 2.446 2.377 2.349 2.32
7.195 7.855 8.227 8.434 8.642 8.85 9.057 9.265 9.472 9.68 9.888 10.03 10.165 10.3 10.435 10.569 10.704 10.839 11.148 12.113 13.078 14.043 15.008 15.974 16.939 17.904 17.928 17.585 17.242 16.899 16.556 16.213 15.87 15.527 15.184 14.929 14.699 14.468 14.238 14.007 13.777 13.547 13.316 13.086 13.061 13.17 13.28 13.39 13.499 13.609 13.719 13.982 14.524 15.066 15.608 16.15 16.692 17.234 17.566 17.408 17.25 17.092 16.933 16.775 16.617 16.459 16.3 16.142 16.065 15.994 15.924 15.853 15.782 15.712 15.641 15.57 15.5 15.202 14.352 13.502 12.653 11.803 10.953 10.103 9.708 9.775 9.842 9.909 9.976 10.042 10.109 10.176 10.243 10.31 9.921 9.265 8.609 7.953 7.297 6.641 6.02 5.881 5.741 5.602 5.463 5.323 5.184 5.045 4.905 4.766 4.627 4.515 4.404 4.294 4.183 4.072 3.961 3.866 3.779 3.692 3.605 3.518 3.431 3.348 3.269 3.191 3.113 3.034 2.956 2.877 2.799 2.72 2.642 2.574 2.545 2.517
6.784 7.444 7.809 8.016 8.224 8.431 8.639 8.847 9.054 9.262 9.415 9.55 9.685 9.819 9.954 10.089 10.224 10.359 10.681 11.646 12.611 13.577 14.542 15.507 16.472 17.437 18.403 18.161 17.818 17.475 17.132 16.789 16.446 16.103 15.76 15.507 15.276 15.046 14.815 14.585 14.355 14.124 13.894 13.818 13.928 14.038 14.147 14.257 14.367 14.476 14.586 14.856 15.398 15.941 16.483 17.025 17.567 18.109 18.651 18.84 18.682 18.524 18.366 18.207 18.049 17.891 17.733 17.574 17.499 17.428 17.357 17.287 17.216 17.145 17.075 17.004 16.821 15.972 15.122 14.272 13.422 12.572 11.722 10.873 10.493 10.56 10.627 10.694 10.761 10.827 10.894 10.961 11.028 10.745 10.089 9.433 8.778 8.122 7.466 6.81 6.198 6.058 5.919 5.78 5.64 5.501 5.362 5.222 5.083 4.943 4.828 4.717 4.606 4.496 4.385 4.274 4.163 4.068 3.981 3.894 3.807 3.72 3.633 3.546 3.465 3.387 3.308 3.23 3.151 3.073 2.994 2.916 2.837 2.77 2.742 2.713
6.372 7.033 7.39 7.598 7.806 8.013 8.221 8.428 8.636 8.8 8.935 9.07 9.204 9.339 9.474 9.609 9.744 9.879 10.214 11.179 12.145 13.11 14.075 15.04 16.005 16.971 17.936 18.737 18.394 18.051 17.708 17.365 17.021 16.678 16.335 16.084 15.854 15.623 15.393 15.163 14.932 14.702 14.576 14.685 14.795 14.905 15.015 15.124 15.234 15.344 15.453 15.731 16.273 16.815 17.357 17.899 18.441 18.983 19.525 20.067 20.114 19.956 19.798 19.639 19.481 19.323 19.165 19.007 18.932 18.862 18.791 18.72 18.65 18.579 18.508 18.437 17.591 16.741 15.891 15.041 14.192 13.342 12.492 11.642 11.278 11.345 11.412 11.479 11.546 11.612 11.679 11.746 11.57 10.914 10.258 9.602 8.946 8.291 7.635 6.979 6.375 6.236 6.096 5.957 5.818 5.678 5.539 5.4 5.26 5.14 5.03 4.919 4.808 4.698 4.587 4.476 4.365 4.271 4.184 4.097 4.01 3.923 3.836 3.749 3.662 3.582 3.504 3.425 3.347 3.268 3.19 3.111 3.033 2.967 2.938 2.91
5.961 6.622 6.972 7.18 7.387 7.595 7.802 8.01 8.185 8.32 8.455 8.589 8.724 8.859 8.994 9.129 9.264 9.399 9.747 10.713 11.678 12.643 13.608 14.573 15.539 16.504 17.469 18.434 18.969 18.626 18.283 17.94 17.597 17.254 16.911 16.662 16.431 16.201 15.971 15.74 15.51 15.333 15.443 15.553 15.662 15.772 15.882 15.992 16.101 16.211 16.321 16.605 17.147 17.689 18.231 18.773 19.316 19.858 20.4 20.942 21.484 21.388 21.23 21.072 20.913 20.755 20.597 20.439 20.366 20.295 20.225 20.154 20.083 20.012 19.942 19.21 18.36 17.511 16.661 15.811 14.961 14.111 13.262 12.412 12.063 12.13 12.197 12.264 12.331 12.397 12.464 12.394 11.739 11.083 10.427 9.771 9.115 8.459 7.803 7.148 6.553 6.413 6.274 6.135 5.995 5.856 5.717 5.577 5.453 5.342 5.232 5.121 5.01 4.9 4.789 4.678 4.567 4.473 4.386 4.299 4.212 4.125 4.038 3.951 3.864 3.778 3.699 3.621 3.542 3.464 3.385 3.307 3.229 3.163 3.135 3.106
5.55 6.211 6.554 6.761 6.969 7.177 7.384 7.57 7.705 7.839 7.974 8.109 8.244 8.379 8.514 8.649 8.784 8.919 9.281 10.246 11.211 12.176 13.141 14.107 15.072 16.037 17.002 17.967 18.933 19.202 18.859 18.516 18.173 17.83 17.487 17.24 17.009 16.779 16.548 16.318 16.091 16.201 16.31 16.42 16.53 16.639 16.749 16.859 16.969 17.078 17.188 17.48 18.022 18.564 19.106 19.648 20.19 20.732 21.274 21.816 22.358 22.82 22.662 22.504 22.346 22.187 22.029 21.871 21.8 21.729 21.658 21.587 21.517 21.446 20.83 19.98 19.13 18.28 17.43 16.581 15.731 14.881 14.031 13.181 12.848 12.915 12.982 13.049 13.115 13.182 13.219 12.563 11.907 11.252 10.596 9.94 9.284 8.628 7.972 7.316 6.73 6.591 6.452 6.312 6.173 6.034 5.894 5.766 5.655 5.544 5.434 5.323 5.212 5.102 4.991 4.88 4.769 4.675 4.588 4.501 4.414 4.327 4.24 4.153 4.066 3.979 3.895 3.816 3.738 3.659 3.581 3.503 3.424 3.36 3.331 3.302
5.139 5.8 6.136 6.343 6.551 6.758 6.955 7.09 7.224 7.359 7.494 7.629 7.764 7.899 8.034 8.169 8.304 8.439 8.814 9.779 10.744 11.709 12.675 13.64 14.605 15.57 16.535 17.501 18.466 19.431 19.435 19.092 18.749 18.406 18.063 17.817 17.587 17.356 17.126 16.895 16.958 17.068 17.178 17.287 17.397 17.507 17.616 17.726 17.836 17.946 18.055 18.354 18.896 19.438 19.98 20.522 21.064 21.606 22.148 22.69 23.233 23.775 24.094 23.936 23.778 23.62 23.461 23.304 23.233 23.162 23.092 23.021 22.95 22.449 21.599 20.749 19.9 19.05 18.2 17.35 16.5 15.65 14.801 13.951 13.633 13.7 13.767 13.834 13.9 13.967 13.388 12.732 12.076 11.42 10.764 10.109 9.453 8.797 8.141 7.485 6.908 6.768 6.629 6.49 6.35 6.211 6.078 5.968 5.857 5.746 5.636 5.525 5.414 5.303 5.193 5.082 4.971 4.878 4.791 4.704 4.617 4.53 4.443 4.356 4.269 4.182 4.095 4.012 3.933 3.855 3.777 3.698 3.62 3.556 3.527 3.499
4.728 5.389 5.717 5.925 6.132 6.34 6.474 6.609 6.744 6.879 7.014 7.149 7.284 7.419 7.554 7.689 7.824 7.959 8.347 9.312 10.277 11.243 12.208 13.173 14.138 15.103 16.069 17.034 17.999 18.964 19.929 19.668 19.325 18.982 18.638 18.395 18.164 17.934 17.703 17.716 17.825 17.935 18.045 18.155 18.264 18.374 18.484 18.593 18.703 18.813 18.923 19.228 19.77 20.313 20.855 21.397 21.939 22.481 23.023 23.565 24.107 24.649 25.191 25.368 25.21 25.052 24.893 24.737 24.667 24.596 24.525 24.455 24.068 23.219 22.369 21.519 20.669 19.819 18.97 18.12 17.27 16.42 15.57 14.72 14.418 14.485 14.552 14.619 14.685 14.213 13.557 12.901 12.245 11.589 10.933 10.277 9.622 8.966 8.31 7.654 7.085 6.946 6.807 6.667 6.528 6.391 6.28 6.17 6.059 5.948 5.838 5.727 5.616 5.505 5.395 5.284 5.173 5.08 4.993 4.906 4.819 4.732 4.645 4.558 4.471 4.384 4.297 4.21 4.129 4.051 3.972 3.894 3.815 3.752 3.724 3.695
4.317 4.978 5.299 5.507 5.714 5.859 5.994 6.129 6.264 6.399 6.534 6.669 6.804 6.939 7.074 7.209 7.343 7.478 7.88 8.845 9.811 10.776 11.741 12.706 13.671 14.637 15.602 16.567 17.532 18.497 19.463 20.243 19.9 19.557 19.214 18.972 18.742 18.511 18.473 18.583 18.693 18.802 18.912 19.022 19.132 19.241 19.351 19.461 19.57 19.68 19.79 20.103 20.645 21.187 21.729 22.271 22.813 23.355 23.897 24.439 24.981 25.523 26.065 26.608 26.642 26.484 26.326 26.171 26.1 26.03 25.959 25.688 24.838 23.988 23.138 22.289 21.439 20.589 19.739 18.889 18.039 17.19 16.34 15.49 15.203 15.27 15.337 15.404 15.037 14.381 13.725 13.07 12.414 11.758 11.102 10.446 9.79 9.134 8.479 7.823 7.263 7.124 6.984 6.845 6.706 6.593 6.482 6.372 6.261 6.15 6.04 5.929 5.818 5.707 5.597 5.486 5.375 5.283 5.196 5.109 5.022 4.935 4.847 4.76 4.673 4.586 4.499 4.412 4.325 4.246 4.168 4.089 4.011 3.949 3.92 3.892
