    600    136    276
0.0 0.0 0.0 0.0 0.0 0.0 0.0 0.0 0.0 0.0 0.0 0.0 0.0 0.0 0.0 0.0 0.0 0.0 0.0 0.0 0.0 0.0 0.0 0.0 0.0 0.0 0.0 0.0 0.0 0.0 0.0 0.0 0.0 0.0 0.0 0.0 0.0 0.0 0.0 0.0 0.0 0.0 0.0 0.0 0.0 0.0 0.0 0.0 0.0 0.0 0.0 0.0 0.0 0.0 0.0 0.0 0.0 0.0 0.0 0.0 0.0 0.0 0.0 0.0 0.0 0.0 0.0 0.0 0.0 0.0 0.0 0.0 0.0 0.0 0.0 0.0 0.0 0.0 0.0 0.0 0.0 0.0 0.0 0.0 0.0 0.0 0.0 0.0 0.0 0.0 0.0 0.0 0.0 0.0 0.0 0.0 0.0 0.0 0.0 0.0 0.0 0.0 0.0 0.0 0.083 0.119 0.126 0.2 0.275 0.349 0.423 0.497 0.571 0.646 0.72 0.794 0.868 0.942 1.017 1.091 1.165 1.231 1.159 1.087 1.016 0.944 0.872 0.8 0.728 0.656 0.584 0.512 0.441 0.369 0.297 0.225
0.0 0.0 0.0 0.0 0.0 0.0 0.0 0.0 0.0 0.0 0.0 0.0 0.0 0.0 0.0 0.0 0.0 0.0 0.0 0.0 0.0 0.0 0.0 0.0 0.0 0.0 0.0 0.0 0.0 0.0 0.0 0.0 0.0 0.0 0.0 0.0 0.0 0.0 0.0 0.0 0.0 0.0 0.0 0.0 0.0 0.0 0.0 0.0 0.0 0.0 0.0 0.0 0.0 0.0 0.0 0.0 0.301 0.295 0.288 0.282 0.276 0.27 0.264 0.258 0.252 0.245 0.239 0.233 0.227 0.221 0.215 0.209 0.168 0.163 0.158 0.153 0.148 0.142 0.137 0.132 0.127 0.122 0.117 0.112 0.106 0.101 0.096 0.091 0.086 0.081 0.075 0.07 0.065 0.06 0.055 0.049 0.044 0.039 0.034 0.029 0.023 0.018 0.013 0.008 0.003 0.041 0.115 0.189 0.263 0.337 0.412 0.486 0.56 0.634 0.709 0.783 0.857 0.931 1.005 1.08 1.154 1.217 1.145 1.074 1.002 0.93 0.858 0.786 0.714 0.642 0.57 0.499 0.427 0.355 0.283 0.211
0.0 0.0 0.0 0.0 0.0 0.0 0.0 0.0 0.0 0.0 0.0 0.0 0.0 0.0 0.0 0.0 0.0 0.0 0.0 0.0 0.0 0.0 0.0 0.0 0.0 0.0 0.0 0.0 0.0 0.0 0.0 0.0 0.0 0.0 0.0 0.0 0.0 0.0 0.0 0.0 0.0 0.0 0.0 0.0 0.0 0.0 0.0 0.0 0.0 0.0 0.0 0.0 0.0 0.0 0.0 0.0 0.449 0.668 0.661 0.655 0.649 0.643 0.637 0.631 0.625 0.619 0.612 0.606 0.6 0.594 0.588 0.582 0.536 0.473 0.468 0.462 0.457 0.452 0.447 0.442 0.437 0.432 0.426 0.421 0.416 0.411 0.406 0.401 0.396 0.39 0.385 0.38 0.375 0.37 0.364 0.359 0.354 0.349 0.344 0.338 0.333 0.328 0.323 0.318 0.345 0.316 0.341 0.411 0.481 0.551 0.621 0.691 0.762 0.832 0.902 0.972 1.042 1.112 1.182 1.252 1.322 1.379 1.303 1.227 1.151 1.075 0.999 0.923 0.847 0.771 0.695 0.619 0.543 0.466 0.39 0.314
0.0 0.0 0.0 0.0 0.0 0.0 0.0 0.0 0.0 0.0 0.0 0.0 0.0 0.0 0.0 0.0 0.0 0.0 0.0 0.0 0.0 0.0 0.0 0.0 0.0 0.0 0.0 0.0 0.0 0.0 0.0 0.0 0.0 0.0 0.0 0.0 0.0 0.0 0.0 0.0 0.0 0.0 0.0 0.0 0.0 0.0 0.0 0.0 0.0 0.0 0.0 0.0 0.0 0.0 0.0 0.005 0.456 0.908 1.034 1.028 1.022 1.016 1.01 1.004 0.998 0.992 0.985 0.979 0.973 0.967 0.961 0.955 0.908 0.825 0.777 0.772 0.767 0.762 0.757 0.752 0.746 0.741 0.736 0.731 0.726 0.721 0.716 0.71 0.705 0.7 0.695 0.69 0.684 0.679 0.674 0.669 0.664 0.658 0.653 0.648 0.643 0.638 0.632 0.648 0.724 0.693 0.582 0.644 0.714 0.784 0.854 0.924 0.994 1.064 1.134 1.204 1.274 1.344 1.414 1.485 1.555 1.609 1.533 1.457 1.381 1.305 1.229 1.153 1.077 1.001 0.925 0.849 0.772 0.696 0.62 0.544
0.0 0.0 0.0 0.0 0.0 0.0 0.0 0.0 0.0 0.0 0.0 0.0 0.0 0.0 0.0 0.0 0.0 0.0 0.0 0.0 0.0 0.0 0.0 0.0 0.0 0.0 0.0 0.0 0.0 0.0 0.0 0.0 0.0 0.0 0.0 0.0 0.0 0.0 0.0 0.0 0.0 0.0 0.0 0.0 0.0 0.0 0.0 0.0 0.0 0.0 0.0 0.0 0.0 0.0 0.0 0.012 0.464 0.915 1.367 1.401 1.395 1.389 1.383 1.377 1.371 1.365 1.358 1.352 1.346 1.34 1.334 1.328 1.279 1.197 1.114 1.082 1.077 1.071 1.066 1.061 1.056 1.051 1.046 1.041 1.035 1.03 1.025 1.02 1.015 1.01 1.005 0.999 0.994 0.989 0.984 0.979 0.973 0.968 0.963 0.958 0.953 0.947 0.951 1.028 1.104 1.069 0.959 0.876 0.946 1.016 1.086 1.156 1.226 1.297 1.367 1.437 1.507 1.577 1.647 1.717 1.787 1.839 1.763 1.687 1.611 1.535 1.459 1.383 1.307 1.231 1.155 1.078 1.002 0.926 0.85 0.774
0.0 0.0 0.0 0.0 0.0 0.0 0.0 0.0 0.0 0.0 0.0 0.0 0.0 0.0 0.0 0.0 0.0 0.0 0.0 0.0 0.0 0.0 0.0 0.0 0.0 0.0 0.0 0.0 0.0 0.0 0.0 0.0 0.0 0.0 0.0 0.0 0.0 0.0 0.0 0.0 0.0 0.0 0.0 0.0 0.0 0.0 0.0 0.0 0.0 0.0 0.0 0.0 0.0 0.0 0.0 0.02 0.471 0.923 1.374 1.774 1.768 1.762 1.756 1.75 1.744 1.738 1.732 1.725 1.719 1.713 1.707 1.701 1.651 1.568 1.485 1.403 1.386 1.381 1.376 1.371 1.366 1.361 1.355 1.35 1.345 1.34 1.335 1.33 1.325 1.319 1.314 1.309 1.304 1.299 1.293 1.288 1.283 1.278 1.273 1.267 1.262 1.257 1.331 1.407 1.483 1.445 1.335 1.225 1.179 1.249 1.319 1.389 1.459 1.529 1.599 1.669 1.739 1.809 1.879 1.949 2.02 2.069 1.993 1.917 1.841 1.765 1.689 1.613 1.537 1.461 1.385 1.308 1.232 1.156 1.08 0.891
0.0 0.0 0.0 0.0 0.0 0.0 0.0 0.0 0.0 0.0 0.0 0.0 0.0 0.0 0.0 0.0 0.0 0.0 0.0 0.0 0.0 0.0 0.0 0.0 0.0 0.0 0.0 0.0 0.0 0.0 0.0 0.0 0.0 0.0 0.0 0.0 0.0 0.0 0.0 0.0 0.0 0.0 0.0 0.0 0.0 0.0 0.0 0.0 0.0 0.0 0.0 0.0 0.0 0.0 0.0 0.027 0.479 0.93 1.382 1.833 2.141 2.135 2.129 2.123 2.117 2.111 2.105 2.098 2.092 2.086 2.08 2.074 2.023 1.94 1.857 1.774 1.696 1.691 1.686 1.681 1.675 1.67 1.665 1.66 1.655 1.65 1.645 1.639 1.634 1.629 1.624 1.619 1.613 1.608 1.603 1.598 1.593 1.587 1.582 1.577 1.572 1.634 1.71 1.786 1.862 1.821 1.711 1.601 1.491 1.481 1.551 1.621 1.691 1.761 1.832 1.902 1.972 2.042 2.112 2.182 2.252 2.299 2.223 2.147 2.071 1.995 1.919 1.843 1.767 1.691 1.614 1.538 1.462 1.386 1.227 0.943
0.0 0.0 0.0 0.0 0.0 0.0 0.0 0.0 0.0 0.0 0.0 0.0 0.0 0.0 0.0 0.0 0.0 0.0 0.0 0.0 0.0 0.0 0.0 0.0 0.0 0.0 0.0 0.0 0.0 0.0 0.0 0.0 0.0 0.0 0.0 0.0 0.0 0.0 0.0 0.0 0.0 0.0 0.0 0.0 0.0 0.0 0.0 0.0 0.0 0.0 0.0 0.0 0.0 0.0 0.0 0.034 0.486 0.938 1.389 1.841 2.292 2.508 2.502 2.496 2.49 2.484 2.478 2.471 2.465 2.459 2.453 2.447 2.395 2.312 2.229 2.146 2.063 2.001 1.995 1.99 1.985 1.98 1.975 1.97 1.965 1.959 1.954 1.949 1.944 1.939 1.934 1.928 1.923 1.918 1.913 1.908 1.902 1.897 1.892 1.887 1.937 2.013 2.089 2.165 2.242 2.197 2.087 1.977 1.867 1.757 1.784 1.854 1.924 1.994 2.064 2.134 2.204 2.274 2.344 2.414 2.484 2.529 2.453 2.377 2.301 2.225 2.149 2.073 1.997 1.92 1.844 1.768 1.692 1.563 1.279 0.996
0.0 0.0 0.0 0.0 0.0 0.0 0.0 0.0 0.0 0.0 0.0 0.0 0.0 0.0 0.0 0.0 0.0 0.0 0.0 0.0 0.0 0.0 0.0 0.0 0.0 0.0 0.0 0.0 0.0 0.0 0.0 0.0 0.0 0.0 0.0 0.0 0.0 0.0 0.0 0.0 0.0 0.0 0.0 0.0 0.0 0.0 0.0 0.0 0.0 0.0 0.0 0.0 0.0 0.0 0.0 0.042 0.493 0.945 1.396 1.848 2.3 2.751 2.875 2.869 2.863 2.857 2.851 2.845 2.838 2.832 2.826 2.82 2.767 2.684 2.601 2.518 2.435 2.352 2.305 2.3 2.295 2.29 2.285 2.279 2.274 2.269 2.264 2.259 2.254 2.248 2.243 2.238 2.233 2.228 2.222 2.217 2.212 2.207 2.202 2.24 2.316 2.392 2.469 2.545 2.621 2.573 2.463 2.353 2.243 2.133 2.023 2.086 2.156 2.226 2.296 2.367 2.437 2.507 2.577 2.647 2.717 2.759 2.683 2.607 2.531 2.455 2.379 2.303 2.227 2.15 2.074 1.998 1.899 1.615 1.332 1.049
0.0 0.0 0.0 0.0 0.0 0.0 0.0 0.0 0.0 0.0 0.0 0.0 0.0 0.0 0.0 0.0 0.0 0.0 0.0 0.0 0.0 0.0 0.0 0.0 0.0 0.0 0.0 0.0 0.0 0.0 0.0 0.0 0.0 0.0 0.0 0.0 0.0 0.0 0.0 0.0 0.0 0.0 0.0 0.0 0.0 0.0 0.0 0.0 0.0 0.0 0.0 0.0 0.0 0.0 0.0 0.049 0.501 0.952 1.404 1.855 2.307 2.758 3.21 3.242 3.236 3.23 3.224 3.218 3.211 3.205 3.199 3.193 3.138 3.055 2.973 2.89 2.807 2.724 2.641 2.61 2.604 2.599 2.594 2.589 2.584 2.579 2.574 2.568 2.563 2.558 2.553 2.548 2.543 2.537 2.532 2.527 2.522 2.517 2.543 2.619 2.695 2.772 2.848 2.924 3.0 2.95 2.84 2.729 2.619 2.509 2.399 2.319 2.389 2.459 2.529 2.599 2.669 2.739 2.809 2.879 2.949 2.989 2.913 2.837 2.761 2.685 2.609 2.533 2.456 2.38 2.304 2.228 1.951 1.668 1.385 1.101
0.0 0.0 0.0 0.0 0.0 0.0 0.0 0.0 0.0 0.0 0.0 0.0 0.0 0.0 0.0 0.0 0.0 0.0 0.0 0.0 0.0 0.0 0.0 0.0 0.0 0.0 0.0 0.0 0.0 0.0 0.0 0.0 0.0 0.0 0.0 0.0 0.0 0.0 0.0 0.0 0.0 0.0 0.0 0.0 0.0 0.0 0.0 0.0 0.0 0.0 0.0 0.0 0.0 0.0 0.0 0.057 0.508 0.96 1.411 1.863 2.314 2.766 3.217 3.615 3.609 3.603 3.597 3.591 3.584 3.578 3.572 3.566 3.51 3.427 3.344 3.261 3.179 3.096 3.013 2.93 2.914 2.909 2.904 2.899 2.894 2.888 2.883 2.878 2.873 2.868 2.863 2.857 2.852 2.847 2.842 2.837 2.831 2.846 2.922 2.998 3.075 3.151 3.227 3.303 3.38 3.326 3.216 3.106 2.996 2.886 2.776 2.665 2.621 2.691 2.761 2.831 2.902 2.972 3.042 3.112 3.182 3.219 3.143 3.067 2.991 2.915 2.839 2.762 2.686 2.61 2.534 2.287 2.004 1.721 1.437 1.154
0.0 0.0 0.0 0.0 0.0 0.0 0.0 0.0 0.0 0.0 0.0 0.0 0.0 0.0 0.0 0.0 0.0 0.0 0.0 0.0 0.0 0.0 0.0 0.0 0.0 0.0 0.0 0.0 0.0 0.0 0.0 0.0 0.0 0.0 0.0 0.0 0.0 0.0 0.0 0.0 0.0 0.0 0.0 0.0 0.0 0.0 0.0 0.0 0.0 0.0 0.0 0.0 0.0 0.0 0.0 0.064 0.515 0.967 1.419 1.87 2.322 2.773 3.225 3.676 3.982 3.976 3.97 3.964 3.958 3.951 3.945 3.939 3.882 3.799 3.716 3.633 3.55 3.467 3.385 3.302 3.224 3.219 3.214 3.208 3.203 3.198 3.193 3.188 3.183 3.178 3.172 3.167 3.162 3.157 3.152 3.146 3.149 3.225 3.301 3.378 3.454 3.53 3.606 3.683 3.759 3.702 3.592 3.482 3.372 3.262 3.152 3.042 2.932 2.924 2.994 3.064 3.134 3.204 3.274 3.344 3.414 3.449 3.373 3.297 3.221 3.145 3.068 2.992 2.916 2.84 2.623 2.34 2.057 1.773 1.49 1.206
0.0 0.0 0.0 0.0 0.0 0.0 0.0 0.0 0.0 0.0 0.0 0.0 0.0 0.0 0.0 0.0 0.0 0.0 0.0 0.0 0.0 0.0 0.0 0.0 0.0 0.0 0.0 0.0 0.0 0.0 0.0 0.0 0.0 0.0 0.0 0.0 0.0 0.0 0.0 0.0 0.0 0.0 0.0 0.0 0.0 0.0 0.0 0.0 0.0 0.0 0.0 0.0 0.0 0.0 0.0 0.071 0.523 0.974 1.426 1.878 2.329 2.781 3.232 3.684 4.135 4.349 4.343 4.337 4.331 4.324 4.318 4.312 4.254 4.171 4.088 4.005 3.922 3.839 3.756 3.673 3.591 3.528 3.523 3.518 3.513 3.508 3.503 3.498 3.492 3.487 3.482 3.477 3.472 3.466 3.461 3.456 3.528 3.605 3.681 3.757 3.833 3.91 3.986 4.062 4.138 4.078 3.968 3.858 3.748 3.638 3.528 3.418 3.308 3.198 3.226 3.296 3.366 3.437 3.507 3.577 3.647 3.679 3.603 3.527 3.451 3.375 3.298 3.222 3.146 2.959 2.676 2.392 2.109 1.826 1.542 1.259
0.0 0.0 0.0 0.0 0.0 0.0 0.0 0.0 0.0 0.0 0.0 0.0 0.0 0.0 0.0 0.0 0.0 0.0 0.0 0.0 0.0 0.0 0.0 0.0 0.0 0.0 0.0 0.0 0.0 0.0 0.0 0.0 0.0 0.0 0.0 0.0 0.0 0.0 0.0 0.0 0.0 0.0 0.0 0.0 0.0 0.0 0.0 0.0 0.0 0.0 0.0 0.0 0.0 0.0 0.0 0.079 0.53 0.982 1.433 1.885 2.336 2.788 3.24 3.691 4.143 4.594 4.716 4.71 4.704 4.697 4.691 4.685 4.625 4.543 4.46 4.377 4.294 4.211 4.128 4.045 3.962 3.879 3.833 3.828 3.823 3.818 3.812 3.807 3.802 3.797 3.792 3.786 3.781 3.776 3.771 3.831 3.908 3.984 4.06 4.136 4.213 4.289 4.365 4.441 4.518 4.454 4.344 4.234 4.124 4.014 3.904 3.794 3.684 3.574 3.464 3.529 3.599 3.669 3.739 3.809 3.879 3.909 3.833 3.757 3.681 3.604 3.528 3.452 3.295 3.012 2.728 2.445 2.162 1.878 1.595 1.312
0.0 0.0 0.0 0.0 0.0 0.0 0.0 0.0 0.0 0.0 0.0 0.0 0.0 0.0 0.0 0.0 0.0 0.0 0.0 0.0 0.0 0.0 0.0 0.0 0.0 0.0 0.0 0.0 0.0 0.0 0.0 0.0 0.0 0.0 0.0 0.0 0.0 0.0 0.0 0.0 0.0 0.0 0.0 0.0 0.0 0.0 0.0 0.0 0.0 0.0 0.0 0.0 0.0 0.0 0.0 0.086 0.538 0.989 1.441 1.892 2.344 2.795 3.247 3.698 4.15 4.602 5.053 5.083 5.077 5.071 5.064 5.058 4.997 4.914 4.831 4.749 4.666 4.583 4.5 4.417 4.334 4.251 4.168 4.138 4.132 4.127 4.122 4.117 4.112 4.107 4.101 4.096 4.091 4.086 4.134 4.211 4.287 4.363 4.439 4.516 4.592 4.668 4.744 4.821 4.897 4.83 4.72 4.61 4.5 4.39 4.28 4.17 4.06 3.95 3.84 3.761 3.831 3.901 3.971 4.042 4.112 4.139 4.063 3.987 3.91 3.834 3.758 3.631 3.348 3.064 2.781 2.498 2.214 1.931 1.648 1.364
0.0 0.0 0.0 0.0 0.0 0.0 0.0 0.0 0.0 0.0 0.0 0.0 0.0 0.0 0.0 0.0 0.0 0.0 0.0 0.0 0.0 0.0 0.0 0.0 0.0 0.0 0.0 0.0 0.0 0.0 0.0 0.0 0.0 0.0 0.0 0.0 0.0 0.0 0.0 0.0 0.0 0.0 0.0 0.0 0.0 0.0 0.0 0.0 0.0 0.0 0.0 0.0 0.0 0.0 0.0 0.093 0.545 0.997 1.448 1.9 2.351 2.803 3.254 3.706 4.157 4.609 5.06 5.456 5.45 5.444 5.437 5.431 5.369 5.286 5.203 5.12 5.037 4.955 4.872 4.789 4.706 4.623 4.54 4.457 4.442 4.437 4.432 4.427 4.421 4.416 4.411 4.406 4.401 4.438 4.514 4.59 4.666 4.743 4.819 4.895 4.971 5.047 5.124 5.2 5.276 5.207 5.097 4.986 4.876 4.766 4.656 4.546 4.436 4.326 4.216 4.106 4.064 4.134 4.204 4.274 4.344 4.369 4.293 4.217 4.14 4.064 3.967 3.684 3.4 3.117 2.834 2.55 2.267 1.984 1.7 1.417
0.0 0.0 0.0 0.0 0.0 0.0 0.0 0.0 0.0 0.0 0.0 0.0 0.0 0.0 0.0 0.0 0.0 0.0 0.0 0.0 0.0 0.0 0.0 0.0 0.0 0.0 0.0 0.0 0.0 0.0 0.0 0.0 0.0 0.0 0.0 0.0 0.0 0.0 0.0 0.0 0.0 0.0 0.0 0.0 0.0 0.0 0.0 0.0 0.0 0.0 0.0 0.0 0.0 0.0 0.0 0.101 0.552 1.004 1.455 1.907 2.359 2.81 3.262 3.713 4.165 4.616 5.068 5.519 5.823 5.817 5.81 5.804 5.741 5.658 5.575 5.492 5.409 5.326 5.243 5.161 5.078 4.995 4.912 4.829 4.752 4.747 4.741 4.736 4.731 4.726 4.721 4.716 4.741 4.817 4.893 4.969 5.046 5.122 5.198 5.274 5.351 5.427 5.503 5.579 5.656 5.583 5.473 5.363 5.253 5.143 5.033 4.923 4.812 4.702 4.592 4.482 4.372 4.366 4.436 4.506 4.577 4.599 4.523 4.446 4.37 4.294 4.02 3.736 3.453 3.17 2.886 2.603 2.32 2.036 1.753 1.469
0.0 0.0 0.0 0.0 0.0 0.0 0.0 0.0 0.0 0.0 0.0 0.0 0.0 0.0 0.0 0.0 0.0 0.0 0.0 0.0 0.0 0.0 0.0 0.0 0.0 0.0 0.0 0.0 0.0 0.0 0.0 0.0 0.0 0.0 0.0 0.0 0.0 0.0 0.0 0.0 0.0 0.0 0.0 0.0 0.0 0.0 0.0 0.0 0.0 0.0 0.0 0.0 0.0 0.0 0.0 0.108 0.56 1.011 1.463 1.914 2.366 2.818 3.269 3.721 4.172 4.624 5.075 5.527 5.978 6.19 6.184 6.177 6.112 6.03 5.947 5.864 5.781 5.698 5.615 5.532 5.449 5.367 5.284 5.201 5.118 5.056 5.051 5.046 5.041 5.036 5.03 5.044 5.12 5.196 5.272 5.349 5.425 5.501 5.577 5.654 5.73 5.806 5.882 5.959 6.035 5.959 5.849 5.739 5.629 5.519 5.409 5.299 5.189 5.079 4.969 4.859 4.748 4.638 4.669 4.739 4.809 4.829 4.752 4.676 4.6 4.356 4.072 3.789 3.506 3.222 2.939 2.655 2.372 2.089 1.805 1.522
0.0 0.0 0.0 0.0 0.0 0.0 0.0 0.0 0.0 0.0 0.0 0.0 0.0 0.0 0.0 0.0 0.0 0.0 0.0 0.0 0.0 0.0 0.0 0.0 0.0 0.0 0.0 0.0 0.0 0.0 0.0 0.0 0.0 0.0 0.0 0.0 0.0 0.0 0.0 0.0 0.0 0.0 0.0 0.0 0.0 0.0 0.0 0.0 0.0 0.0 0.0 0.0 0.0 0.0 0.0 0.116 0.567 1.019 1.47 1.922 2.373 2.825 3.276 3.728 4.18 4.631 5.083 5.534 5.986 6.437 6.557 6.55 6.484 6.401 6.318 6.236 6.153 6.07 5.987 5.904 5.821 5.738 5.655 5.573 5.49 5.407 5.361 5.356 5.351 5.345 5.347 5.423 5.499 5.575 5.652 5.728 5.804 5.88 5.957 6.033 6.109 6.185 6.262 6.338 6.414 6.335 6.225 6.115 6.005 5.895 5.785 5.675 5.565 5.455 5.345 5.235 5.125 5.015 4.905 4.971 5.041 5.059 4.982 4.906 4.692 4.408 4.125 3.842 3.558 3.275 2.991 2.708 2.425 2.141 1.858 1.575
0.0 0.0 0.0 0.0 0.0 0.0 0.0 0.0 0.0 0.0 0.0 0.0 0.0 0.0 0.0 0.0 0.0 0.0 0.0 0.0 0.0 0.0 0.0 0.0 0.0 0.0 0.0 0.0 0.0 0.0 0.0 0.0 0.0 0.0 0.0 0.0 0.0 0.0 0.0 0.0 0.0 0.0 0.0 0.0 0.0 0.0 0.0 0.0 0.0 0.0 0.0 0.0 0.0 0.0 0.0 0.123 0.575 1.026 1.478 1.929 2.381 2.832 3.284 3.735 4.187 4.638 5.09 5.542 5.993 6.445 6.896 6.923 6.856 6.773 6.69 6.607 6.524 6.442 6.359 6.276 6.193 6.11 6.027 5.944 5.861 5.779 5.696 5.665 5.66 5.655 5.726 5.802 5.879 5.955 6.031 6.107 6.184 6.26 6.336 6.412 6.489 6.565 6.641 6.717 6.794 6.711 6.601 6.491 6.381 6.271 6.161 6.051 5.941 5.831 5.721 5.611 5.501 5.391 5.281 5.204 5.274 5.288 5.212 5.028 4.744 4.461 4.178 3.894 3.611 3.327 3.044 2.761 2.477 2.194 1.911 1.627
0.0 0.0 0.0 0.0 0.0 0.0 0.0 0.0 0.0 0.0 0.0 0.0 0.0 0.0 0.0 0.0 0.0 0.0 0.0 0.0 0.0 0.0 0.102 0.145 0.139 0.133 0.127 0.122 0.116 0.11 0.104 0.098 0.092 0.087 0.081 0.075 0.069 0.063 0.057 0.052 0.046 0.04 0.034 0.028 0.022 0.016 0.01 0.004 0.0 0.0 0.0 0.0 0.0 0.0 0.0 0.13 0.582 1.033 1.485 1.937 2.388 2.84 3.291 3.743 4.194 4.646 5.097 5.549 6.001 6.452 6.904 7.296 7.228 7.145 7.062 6.979 6.896 6.813 6.731 6.648 6.565 6.482 6.399 6.316 6.233 6.15 6.067 5.985 5.97 6.029 6.105 6.182 6.258 6.334 6.41 6.487 6.563 6.639 6.715 6.792 6.868 6.944 7.02 7.097 7.173 7.087 6.977 6.867 6.757 6.647 6.537 6.427 6.317 6.207 6.097 5.987 5.877 5.767 5.657 5.547 5.506 5.518 5.364 5.08 4.797 4.514 4.23 3.947 3.663 3.38 3.097 2.813 2.53 2.247 1.963 1.68
0.0 0.0 0.0 0.0 0.0 0.0 0.0 0.0 0.0 0.0 0.0 0.0 0.0 0.0 0.0 0.0 0.0 0.0 0.0 0.0 0.0 0.0 0.109 0.507 0.501 0.495 0.49 0.484 0.478 0.472 0.466 0.46 0.455 0.449 0.443 0.437 0.431 0.425 0.42 0.414 0.408 0.402 0.396 0.39 0.384 0.378 0.373 0.367 0.361 0.355 0.349 0.343 0.337 0.331 0.354 0.55 0.53 0.982 1.435 1.888 2.34 2.793 3.246 3.698 4.151 4.604 5.056 5.509 5.962 6.414 6.867 7.32 7.369 7.292 7.216 7.139 7.063 6.986 6.91 6.833 6.757 6.68 6.604 6.527 6.45 6.374 6.297 6.221 6.247 6.328 6.408 6.489 6.569 6.65 6.73 6.811 6.891 6.972 7.052 7.133 7.213 7.294 7.374 7.455 7.535 7.451 7.345 7.239 7.133 7.023 6.913 6.803 6.693 6.583 6.473 6.363 6.253 6.143 6.033 5.923 5.813 5.7 5.416 5.133 4.85 4.566 4.283 3.999 3.716 3.433 3.149 2.866 2.582 2.299 2.016 1.732
0.0 0.0 0.0 0.0 0.0 0.0 0.0 0.0 0.0 0.0 0.0 0.0 0.0 0.0 0.0 0.0 0.0 0.0 0.0 0.0 0.0 0.0 0.116 0.554 0.863 0.858 0.852 0.846 0.84 0.834 0.828 0.823 0.817 0.811 0.805 0.799 0.793 0.788 0.782 0.776 0.77 0.764 0.758 0.752 0.747 0.741 0.735 0.729 0.723 0.717 0.711 0.705 0.699 0.694 1.216 1.392 0.713 0.921 1.373 1.826 2.279 2.732 3.184 3.637 4.09 4.542 4.995 5.448 5.9 6.353 6.806 7.258 7.323 7.281 7.204 7.128 7.051 6.975 6.898 6.822 6.745 6.669 6.592 6.516 6.439 6.363 6.286 6.21 6.255 6.456 6.536 6.617 6.697 6.778 6.858 6.939 7.019 7.099 7.18 7.26 7.341 7.421 7.502 7.582 7.663 7.575 7.47 7.364 7.258 7.152 7.047 6.941 6.835 6.729 6.623 6.518 6.412 6.306 6.2 6.095 6.005 5.91 5.617 5.33 5.043 4.757 4.47 4.183 3.896 3.61 3.323 3.036 2.75 2.463 2.176 1.89
0.0 0.0 0.0 0.0 0.0 0.0 0.0 0.0 0.0 0.0 0.0 0.0 0.0 0.0 0.0 0.0 0.0 0.0 0.0 0.0 0.0 0.0 0.123 0.561 1.0 1.22 1.214 1.208 1.202 1.196 1.191 1.185 1.179 1.173 1.167 1.161 1.156 1.15 1.144 1.138 1.132 1.126 1.12 1.115 1.109 1.103 1.097 1.091 1.085 1.079 1.073 1.067 1.062 1.499 2.079 2.234 1.556 0.877 1.312 1.765 2.217 2.67 3.123 3.575 4.028 4.481 4.933 5.386 5.839 6.291 6.744 7.197 7.254 7.25 7.193 7.116 7.04 6.963 6.887 6.81 6.734 6.657 6.581 6.504 6.428 6.351 6.275 6.198 6.249 6.497 6.664 6.744 6.825 6.905 6.986 7.066 7.147 7.227 7.308 7.388 7.469 7.549 7.63 7.71 7.791 7.7 7.594 7.488 7.383 7.277 7.171 7.065 6.96 6.854 6.748 6.642 6.537 6.431 6.325 6.219 6.286 6.184 5.863 5.576 5.29 5.003 4.716 4.43 4.143 3.856 3.57 3.283 2.996 2.709 2.423 2.136
0.0 0.0 0.0 0.0 0.0 0.0 0.0 0.0 0.0 0.0 0.0 0.0 0.0 0.0 0.0 0.0 0.0 0.0 0.0 0.0 0.0 0.0 0.13 0.568 1.007 1.445 1.576 1.57 1.564 1.559 1.553 1.547 1.541 1.535 1.529 1.524 1.518 1.512 1.506 1.5 1.494 1.489 1.483 1.477 1.471 1.465 1.459 1.453 1.447 1.441 1.436 1.43 1.781 2.361 2.942 3.077 2.398 1.719 1.25 1.703 2.156 2.608 3.061 3.514 3.967 4.419 4.872 5.325 5.777 6.23 6.683 7.135 7.185 7.181 7.177 7.105 7.028 6.952 6.875 6.799 6.722 6.646 6.569 6.493 6.416 6.34 6.263 6.187 6.243 6.491 6.739 6.872 6.953 7.033 7.114 7.194 7.275 7.355 7.435 7.516 7.596 7.677 7.757 7.838 7.918 7.825 7.719 7.613 7.507 7.402 7.296 7.19 7.084 6.978 6.873 6.767 6.661 6.555 6.45 6.49 6.566 6.458 6.137 5.823 5.536 5.25 4.963 4.676 4.389 4.103 3.816 3.529 3.243 2.956 2.669 2.383
0.0 0.0 0.0 0.0 0.0 0.0 0.0 0.0 0.0 0.0 0.0 0.0 0.0 0.0 0.0 0.0 0.0 0.0 0.0 0.0 0.0 0.0 0.137 0.575 1.014 1.452 1.891 1.932 1.927 1.921 1.915 1.909 1.903 1.897 1.892 1.886 1.88 1.874 1.868 1.862 1.857 1.851 1.845 1.839 1.833 1.827 1.821 1.815 1.809 1.804 1.798 2.063 2.644 3.224 3.805 3.919 3.24 2.561 1.882 1.642 2.094 2.547 3.0 3.452 3.905 4.358 4.81 5.263 5.716 6.168 6.621 7.074 7.116 7.112 7.108 7.093 7.017 6.94 6.864 6.787 6.711 6.634 6.558 6.481 6.405 6.328 6.252 6.175 6.237 6.485 6.733 6.981 7.08 7.161 7.241 7.322 7.402 7.483 7.563 7.644 7.724 7.805 7.885 7.966 8.046 7.949 7.843 7.738 7.632 7.526 7.42 7.315 7.209 7.103 6.997 6.892 6.786 6.68 6.694 6.77 6.846 6.731 6.411 6.09 5.783 5.496 5.209 4.923 4.636 4.349 4.063 3.776 3.489 3.202 2.916 2.629
0.0 0.0 0.0 0.0 0.0 0.0 0.0 0.0 0.0 0.0 0.0 0.0 0.0 0.0 0.0 0.0 0.0 0.0 0.0 0.0 0.0 0.0 0.144 0.582 1.021 1.459 1.898 2.295 2.289 2.283 2.277 2.271 2.266 2.26 2.254 2.248 2.242 2.236 2.231 2.225 2.219 2.213 2.207 2.201 2.195 2.189 2.183 2.178 2.172 2.166 2.346 2.926 3.507 4.087 4.668 4.761 4.082 3.403 2.725 2.046 2.033 2.485 2.938 3.391 3.843 4.296 4.749 5.202 5.654 6.107 6.56 7.012 7.047 7.043 7.038 7.034 7.006 6.929 6.853 6.776 6.699 6.623 6.546 6.47 6.393 6.317 6.24 6.164 6.231 6.479 6.727 6.975 7.208 7.289 7.369 7.45 7.53 7.611 7.691 7.771 7.852 7.932 8.013 8.093 8.174 8.074 7.968 7.862 7.757 7.651 7.545 7.439 7.333 7.228 7.122 7.016 6.91 6.897 6.974 7.05 7.127 7.005 6.684 6.364 6.043 5.743 5.456 5.169 4.882 4.596 4.309 4.022 3.736 3.449 3.162 2.876
0.0 0.0 0.0 0.0 0.0 0.0 0.0 0.0 0.0 0.0 0.0 0.0 0.0 0.0 0.0 0.0 0.0 0.0 0.0 0.0 0.0 0.0 0.151 0.589 1.028 1.466 1.905 2.344 2.651 2.645 2.639 2.634 2.628 2.622 2.616 2.61 2.604 2.599 2.593 2.587 2.581 2.575 2.569 2.563 2.557 2.552 2.546 2.54 2.534 2.628 3.208 3.789 4.369 4.95 5.53 5.603 4.925 4.246 3.567 2.888 2.209 2.424 2.877 3.329 3.782 4.235 4.687 5.14 5.593 6.045 6.498 6.951 6.978 6.974 6.969 6.965 6.961 6.918 6.841 6.765 6.688 6.612 6.535 6.459 6.382 6.306 6.229 6.152 6.225 6.473 6.721 6.969 7.217 7.416 7.497 7.577 7.658 7.738 7.819 7.899 7.98 8.06 8.141 8.221 8.302 8.198 8.093 7.987 7.881 7.775 7.67 7.564 7.458 7.352 7.247 7.141 7.101 7.178 7.254 7.331 7.407 7.279 6.958 6.637 6.317 5.996 5.702 5.416 5.129 4.842 4.556 4.269 3.982 3.695 3.409 3.122
0.0 0.0 0.0 0.0 0.0 0.0 0.0 0.0 0.0 0.0 0.0 0.0 0.0 0.0 0.0 0.0 0.0 0.0 0.0 0.0 0.0 0.0 0.158 0.596 1.035 1.473 1.912 2.351 2.789 3.007 3.002 2.996 2.99 2.984 2.978 2.972 2.967 2.961 2.955 2.949 2.943 2.937 2.931 2.925 2.92 2.914 2.908 2.902 2.91 3.491 4.071 4.652 5.232 5.813 6.393 6.446 5.767 5.088 4.409 3.73 3.052 2.373 2.815 3.268 3.72 4.173 4.626 5.078 5.531 5.984 6.437 6.889 6.909 6.905 6.9 6.896 6.892 6.887 6.83 6.753 6.677 6.6 6.524 6.447 6.371 6.294 6.218 6.141 6.219 6.467 6.715 6.963 7.211 7.459 7.625 7.705 7.786 7.866 7.946 8.027 8.107 8.188 8.268 8.349 8.429 8.323 8.217 8.112 8.006 7.9 7.794 7.688 7.583 7.477 7.371 7.305 7.382 7.458 7.535 7.611 7.688 7.552 7.232 6.911 6.59 6.269 5.949 5.662 5.376 5.089 4.802 4.515 4.229 3.942 3.655 3.369
0.0 0.0 0.0 0.0 0.0 0.0 0.0 0.0 0.0 0.0 0.0 0.0 0.0 0.0 0.0 0.0 0.0 0.0 0.0 0.0 0.0 0.0 0.165 0.603 1.042 1.48 1.919 2.358 2.796 3.235 3.364 3.358 3.352 3.346 3.34 3.335 3.329 3.323 3.317 3.311 3.305 3.299 3.294 3.288 3.282 3.276 3.27 3.264 3.773 4.354 4.934 5.515 6.095 6.676 7.256 7.288 6.609 5.93 5.251 4.573 3.894 3.215 2.754 3.206 3.659 4.112 4.564 5.017 5.47 5.922 6.375 6.828 6.84 6.836 6.831 6.827 6.823 6.818 6.814 6.742 6.665 6.589 6.512 6.436 6.359 6.283 6.206 6.13 6.213 6.461 6.709 6.957 7.205 7.453 7.701 7.833 7.913 7.994 8.074 8.155 8.235 8.316 8.396 8.477 8.553 8.448 8.342 8.236 8.13 8.025 7.919 7.813 7.707 7.601 7.509 7.586 7.662 7.739 7.815 7.892 7.968 7.826 7.505 7.184 6.864 6.543 6.222 5.909 5.622 5.335 5.049 4.762 4.475 4.189 3.902 3.615
0.0 0.0 0.0 0.0 0.0 0.0 0.0 0.0 0.0 0.0 0.0 0.0 0.0 0.0 0.0 0.0 0.0 0.0 0.0 0.0 0.0 0.0 0.172 0.61 1.049 1.487 1.926 2.365 2.803 3.242 3.68 3.72 3.714 3.708 3.703 3.697 3.691 3.685 3.679 3.673 3.668 3.662 3.656 3.65 3.644 3.638 3.632 4.055 4.636 5.216 5.797 6.377 6.958 7.538 8.119 8.13 7.451 6.772 6.094 5.415 4.736 4.057 3.379 3.145 3.597 4.05 4.503 4.955 5.408 5.861 6.313 6.766 6.771 6.766 6.762 6.758 6.754 6.749 6.745 6.73 6.654 6.577 6.501 6.424 6.348 6.271 6.195 6.118 6.207 6.455 6.703 6.951 7.199 7.447 7.695 7.943 8.041 8.122 8.202 8.282 8.363 8.443 8.524 8.604 8.678 8.572 8.466 8.361 8.255 8.149 8.043 7.938 7.832 7.726 7.79 7.866 7.943 8.019 8.096 8.172 8.248 8.099 7.779 7.458 7.137 6.817 6.496 6.175 5.869 5.582 5.295 5.008 4.722 4.435 4.148 3.862
0.0 0.0 0.0 0.0 0.0 0.0 0.0 0.0 0.0 0.0 0.0 0.0 0.0 0.0 0.0 0.0 0.0 0.0 0.0 0.0 0.0 0.0 0.179 0.617 1.056 1.495 1.933 2.372 2.81 3.249 3.687 4.082 4.076 4.071 4.065 4.059 4.053 4.047 4.041 4.036 4.03 4.024 4.018 4.012 4.006 4.0 4.338 4.918 5.499 6.079 6.66 7.24 7.821 8.401 8.982 8.972 8.293 7.615 6.936 6.257 5.578 4.9 4.221 3.542 3.536 3.989 4.441 4.894 5.347 5.799 6.252 6.705 6.702 6.697 6.693 6.689 6.684 6.68 6.676 6.672 6.642 6.566 6.489 6.413 6.336 6.26 6.183 6.107 6.201 6.449 6.697 6.945 7.193 7.441 7.689 7.937 8.169 8.249 8.33 8.41 8.491 8.571 8.652 8.732 8.803 8.697 8.591 8.485 8.38 8.274 8.168 8.062 7.956 7.994 8.07 8.146 8.223 8.299 8.376 8.452 8.529 8.373 8.052 7.732 7.411 7.09 6.77 6.449 6.128 5.828 5.542 5.255 4.968 4.682 4.395 4.108
0.0 0.0 0.0 0.0 0.0 0.0 0.0 0.0 0.0 0.0 0.0 0.0 0.0 0.0 0.0 0.0 0.0 0.0 0.0 0.0 0.0 0.0 0.186 0.624 1.063 1.502 1.94 2.379 2.817 3.256 3.694 4.133 4.439 4.433 4.427 4.421 4.415 4.409 4.404 4.398 4.392 4.386 4.38 4.374 4.368 4.62 5.201 5.781 6.362 6.942 7.523 8.103 8.684 9.264 9.845 9.814 9.136 8.457 7.778 7.099 6.421 5.742 5.063 4.384 3.705 3.927 4.38 4.832 5.285 5.738 6.19 6.637 6.633 6.628 6.624 6.62 6.615 6.611 6.607 6.603 6.598 6.554 6.478 6.401 6.325 6.248 6.172 6.095 6.195 6.443 6.691 6.939 7.187 7.435 7.683 7.931 8.179 8.377 8.458 8.538 8.618 8.699 8.779 8.86 8.927 8.821 8.716 8.61 8.504 8.398 8.293 8.187 8.197 8.274 8.35 8.427 8.503 8.58 8.656 8.733 8.809 8.647 8.326 8.005 7.685 7.364 7.043 6.723 6.402 6.081 5.788 5.501 5.215 4.928 4.641 4.355
0.0 0.0 0.0 0.0 0.0 0.0 0.0 0.0 0.0 0.0 0.0 0.0 0.0 0.0 0.0 0.0 0.0 0.0 0.0 0.0 0.0 0.0 0.193 0.631 1.07 1.509 1.947 2.386 2.824 3.263 3.701 4.14 4.579 4.795 4.789 4.783 4.777 4.772 4.766 4.76 4.754 4.748 4.742 4.736 4.902 5.483 6.063 6.644 7.224 7.805 8.385 8.966 9.546 10.127 10.707 10.657 9.978 9.299 8.62 7.942 7.263 6.584 5.905 5.226 4.548 3.869 4.318 4.771 5.224 5.676 6.129 6.568 6.563 6.559 6.555 6.551 6.546 6.542 6.538 6.533 6.529 6.525 6.467 6.39 6.314 6.237 6.161 6.084 6.189 6.437 6.685 6.933 7.181 7.429 7.677 7.925 8.173 8.421 8.585 8.666 8.746 8.827 8.907 8.988 9.052 8.946 8.84 8.735 8.629 8.523 8.417 8.401 8.478 8.554 8.631 8.707 8.784 8.86 8.937 9.013 9.09 8.92 8.6 8.279 7.958 7.638 7.317 6.996 6.675 6.355 6.035 5.748 5.461 5.175 4.888 4.601
0.0 0.0 0.0 0.0 0.0 0.0 0.0 0.0 0.0 0.0 0.0 0.0 0.0 0.0 0.0 0.0 0.0 0.0 0.0 0.0 0.0 0.0 0.2 0.638 1.077 1.516 1.954 2.393 2.831 3.27 3.709 4.147 4.586 5.024 5.151 5.145 5.14 5.134 5.128 5.122 5.116 5.11 5.104 5.185 5.765 6.346 6.926 7.507 8.087 8.668 9.248 9.829 10.409 10.99 11.57 11.499 10.82 10.141 9.463 8.784 8.105 7.426 6.747 6.069 5.39 4.711 4.257 4.709 5.162 5.615 6.067 6.499 6.494 6.49 6.486 6.482 6.477 6.473 6.469 6.464 6.46 6.456 6.452 6.379 6.302 6.226 6.149 6.073 6.183 6.431 6.679 6.927 7.175 7.423 7.671 7.919 8.167 8.415 8.663 8.793 8.874 8.954 9.035 9.115 9.176 9.071 8.965 8.859 8.753 8.648 8.605 8.682 8.758 8.835 8.911 8.988 9.064 9.141 9.217 9.294 9.37 9.194 8.873 8.553 8.232 7.911 7.59 7.27 6.949 6.628 6.308 5.995 5.708 5.421 5.134 4.848
0.0 0.0 0.0 0.0 0.0 0.0 0.0 0.0 0.0 0.0 0.0 0.0 0.0 0.0 0.0 0.0 0.0 0.0 0.0 0.0 0.0 0.0 0.207 0.645 1.084 1.523 1.961 2.4 2.838 3.277 3.716 4.154 4.593 5.031 5.47 5.508 5.502 5.496 5.49 5.484 5.478 5.473 5.467 6.048 6.628 7.209 7.789 8.37 8.95 9.531 10.111 10.692 11.272 11.853 12.433 12.341 11.662 10.984 10.305 9.626 8.947 8.269 7.59 6.911 6.232 5.553 4.875 4.648 5.1 5.553 6.006 6.43 6.425 6.421 6.417 6.412 6.408 6.404 6.4 6.395 6.391 6.387 6.382 6.367 6.291 6.214 6.138 6.061 6.177 6.425 6.673 6.921 7.169 7.417 7.665 7.913 8.161 8.409 8.657 8.905 9.002 9.082 9.163 9.243 9.301 9.195 9.09 8.984 8.878 8.809 8.886 8.962 9.039 9.115 9.192 9.268 9.345 9.421 9.498 9.574 9.65 9.468 9.147 8.826 8.505 8.185 7.864 7.543 7.223 6.902 6.581 6.261 5.954 5.668 5.381 5.094
0.0 0.0 0.0 0.0 0.0 0.0 0.0 0.0 0.0 0.0 0.0 0.0 0.0 0.0 0.0 0.0 0.0 0.0 0.0 0.0 0.0 0.0 0.214 0.652 1.091 1.53 1.968 2.407 2.845 3.284 3.723 4.161 4.6 5.038 5.477 5.87 5.864 5.858 5.852 5.846 5.841 5.835 6.33 6.91 7.491 8.071 8.652 9.232 9.813 10.393 10.974 11.554 12.135 12.715 13.296 13.183 12.505 11.826 11.147 10.468 9.79 9.111 8.432 7.753 7.074 6.396 5.717 5.038 5.039 5.492 5.944 6.361 6.356 6.352 6.348 6.343 6.339 6.335 6.331 6.326 6.322 6.318 6.313 6.309 6.279 6.203 6.126 6.05 6.171 6.419 6.667 6.915 7.163 7.411 7.659 7.907 8.155 8.403 8.651 8.899 9.129 9.21 9.29 9.371 9.426 9.32 9.214 9.108 9.013 9.09 9.166 9.243 9.319 9.396 9.472 9.548 9.625 9.701 9.778 9.854 9.931 9.741 9.42 9.1 8.779 8.458 8.138 7.817 7.496 7.176 6.855 6.534 6.214 5.914 5.627 5.341
0.0 0.0 0.0 0.0 0.0 0.0 0.0 0.0 0.0 0.0 0.0 0.0 0.0 0.0 0.0 0.0 0.0 0.0 0.0 0.0 0.0 0.0 0.221 0.659 1.098 1.537 1.975 2.414 2.852 3.291 3.73 4.168 4.607 5.045 5.484 5.923 6.226 6.22 6.215 6.209 6.203 6.612 7.193 7.773 8.354 8.934 9.515 10.095 10.676 11.256 11.837 12.417 12.998 13.578 14.159 14.026 13.347 12.668 11.989 11.311 10.632 9.953 9.274 8.595 7.917 7.238 6.559 5.88 5.202 5.43 5.883 6.291 6.287 6.283 6.279 6.274 6.27 6.266 6.261 6.257 6.253 6.249 6.244 6.24 6.236 6.191 6.115 6.038 6.165 6.413 6.661 6.909 7.157 7.405 7.653 7.901 8.149 8.397 8.645 8.893 9.141 9.338 9.418 9.499 9.55 9.445 9.339 9.233 9.294 9.37 9.447 9.523 9.599 9.676 9.752 9.829 9.905 9.982 10.058 10.135 10.211 10.015 9.694 9.373 9.053 8.732 8.411 8.091 7.77 7.449 7.129 6.808 6.487 6.167 5.874 5.587
0.0 0.0 0.0 0.0 0.0 0.0 0.0 0.0 0.0 0.0 0.0 0.0 0.0 0.0 0.0 0.0 0.0 0.0 0.0 0.0 0.0 0.0 0.228 0.666 1.105 1.544 1.982 2.421 2.859 3.298 3.737 4.175 4.614 5.052 5.491 5.93 6.368 6.583 6.577 6.571 6.895 7.475 8.056 8.636 9.217 9.797 10.378 10.958 11.539 12.119 12.7 13.28 13.861 14.441 15.022 14.868 14.189 13.51 12.832 12.153 11.474 10.795 10.116 9.438 8.759 8.08 7.401 6.723 6.044 5.369 5.821 6.222 6.218 6.214 6.21 6.205 6.201 6.197 6.192 6.188 6.184 6.179 6.175 6.171 6.167 6.162 6.103 6.027 6.159 6.407 6.655 6.903 7.151 7.399 7.647 7.895 8.143 8.391 8.639 8.887 9.135 9.383 9.546 9.626 9.675 9.569 9.463 9.497 9.574 9.65 9.727 9.803 9.88 9.956 10.033 10.109 10.186 10.262 10.339 10.415 10.492 10.288 9.968 9.647 9.326 9.006 8.685 8.364 8.044 7.723 7.402 7.082 6.761 6.44 6.12 5.834
0.0 0.0 0.0 0.0 0.0 0.0 0.0 0.0 0.0 0.0 0.0 0.0 0.0 0.0 0.0 0.0 0.0 0.0 0.0 0.0 0.0 0.0 0.235 0.673 1.112 1.551 1.989 2.428 2.866 3.305 3.744 4.182 4.621 5.059 5.498 5.937 6.375 6.814 6.939 7.177 7.757 8.338 8.918 9.499 10.079 10.66 11.24 11.821 12.401 12.982 13.562 14.143 14.723 15.304 15.884 15.71 15.031 14.353 13.674 12.995 12.316 11.637 10.959 10.28 9.601 8.922 8.244 7.565 6.886 6.207 5.76 6.153 6.149 6.145 6.14 6.136 6.132 6.128 6.123 6.119 6.115 6.11 6.106 6.102 6.098 6.093 6.089 6.016 6.153 6.401 6.649 6.897 7.145 7.393 7.641 7.889 8.137 8.385 8.633 8.881 9.129 9.377 9.625 9.754 9.8 9.694 9.701 9.778 9.854 9.931 10.007 10.084 10.16 10.237 10.313 10.39 10.466 10.543 10.619 10.696 10.772 10.562 10.241 9.921 9.6 9.279 8.959 8.638 8.317 7.997 7.676 7.355 7.034 6.714 6.393 6.08
0.392 0.385 0.377 0.37 0.362 0.355 0.347 0.34 0.332 0.324 0.317 0.309 0.302 0.294 0.287 0.279 0.272 0.264 0.256 0.249 0.241 0.234 0.504 0.933 1.363 1.793 2.223 2.652 3.082 3.512 3.942 4.371 4.801 5.231 5.661 6.09 6.52 6.95 7.278 7.908 8.499 9.09 9.681 10.272 10.864 11.455 12.046 12.637 13.228 13.819 14.41 15.001 15.586 16.167 16.747 16.552 15.874 15.195 14.516 13.837 13.158 12.48 11.801 11.122 10.443 9.765 9.086 8.407 7.728 7.049 6.371 6.084 6.08 6.076 6.071 6.067 6.063 6.058 6.054 6.05 6.046 6.041 6.037 6.033 6.028 6.024 6.02 6.004 6.147 6.395 6.643 6.891 7.139 7.387 7.635 7.883 8.131 8.379 8.627 8.875 9.123 9.371 9.619 9.867 9.924 9.905 9.982 10.058 10.135 10.211 10.288 10.364 10.441 10.517 10.594 10.67 10.747 10.823 10.899 10.976 11.052 10.836 10.515 10.194 9.874 9.553 9.232 8.912 8.591 8.27 7.949 7.629 7.308 6.987 6.667 6.346
0.867 0.86 0.852 0.845 0.837 0.83 0.822 0.815 0.807 0.799 0.792 0.784 0.777 0.769 0.762 0.754 0.747 0.739 0.731 0.724 0.716 0.781 1.06 1.49 1.92 2.349 2.779 3.209 3.639 4.068 4.498 4.928 5.358 5.787 6.217 6.647 7.077 7.406 7.162 8.12 8.711 9.303 9.894 10.485 11.076 11.667 12.258 12.849 13.44 14.031 14.622 15.213 15.804 16.396 16.987 16.782 16.114 15.446 14.778 14.109 13.441 12.773 12.105 11.437 10.769 10.101 9.433 8.765 8.097 7.429 6.761 5.937 5.858 5.858 5.857 5.857 5.856 5.856 5.855 5.855 5.854 5.854 5.854 5.853 5.853 5.852 5.852 5.851 6.026 6.279 6.532 6.785 7.038 7.291 7.544 7.797 8.049 8.302 8.555 8.808 9.061 9.314 9.567 9.82 10.154 10.224 10.295 10.365 10.436 10.506 10.577 10.647 10.721 10.798 10.874 10.95 11.027 11.103 11.18 11.256 11.333 11.109 10.789 10.468 10.147 9.826 9.506 9.185 8.864 8.544 8.223 7.902 7.582 7.261 6.94 6.62
1.342 1.335 1.327 1.32 1.312 1.305 1.297 1.29 1.282 1.274 1.267 1.259 1.252 1.244 1.237 1.229 1.222 1.214 1.206 1.199 1.25 1.332 1.617 2.046 2.476 2.906 3.336 3.765 4.195 4.625 5.055 5.484 5.914 6.344 6.774 7.203 7.633 7.268 7.046 8.048 8.924 9.515 10.106 10.697 11.288 11.879 12.47 13.061 13.652 14.244 14.835 15.426 16.017 16.608 17.199 16.973 16.305 15.637 14.969 14.301 13.633 12.965 12.297 11.629 10.961 10.293 9.625 8.957 8.288 7.62 6.714 5.796 5.596 5.558 5.557 5.557 5.557 5.556 5.556 5.555 5.555 5.554 5.554 5.553 5.553 5.552 5.552 5.552 5.731 5.984 6.237 6.489 6.742 6.995 7.248 7.501 7.754 8.007 8.26 8.513 8.766 9.019 9.271 9.604 10.305 10.852 10.923 10.994 11.064 11.135 11.205 11.276 11.346 11.417 11.488 11.558 11.629 11.699 11.77 11.84 11.911 11.675 11.348 11.021 10.695 10.368 10.041 9.715 9.388 9.061 8.735 8.408 8.081 7.755 7.428 7.101
1.817 1.81 1.802 1.795 1.787 1.78 1.772 1.765 1.757 1.749 1.742 1.734 1.727 1.719 1.712 1.704 1.697 1.689 1.681 1.72 1.801 1.883 2.173 2.603 3.033 3.462 3.892 4.322 4.752 5.181 5.611 6.041 6.471 6.9 7.33 7.76 7.514 7.129 6.93 7.932 8.934 9.727 10.318 10.909 11.5 12.092 12.683 13.274 13.865 14.456 15.047 15.638 16.229 16.82 17.411 17.165 16.497 15.829 15.161 14.493 13.825 13.157 12.489 11.821 11.152 10.484 9.816 9.148 8.48 7.633 6.558 5.655 5.456 5.258 5.258 5.257 5.257 5.256 5.256 5.255 5.255 5.255 5.254 5.254 5.253 5.253 5.252 5.252 5.435 5.688 5.941 6.194 6.447 6.7 6.953 7.206 7.459 7.711 7.964 8.217 8.47 8.723 8.994 9.674 10.376 11.146 11.551 11.622 11.693 11.763 11.834 11.904 11.975 12.045 12.116 12.186 12.257 12.328 12.398 12.469 12.539 12.296 11.97 11.643 11.316 10.99 10.663 10.336 10.01 9.683 9.356 9.03 8.703 8.376 8.05 7.723
2.292 2.285 2.277 2.27 2.262 2.255 2.247 2.24 2.232 2.224 2.217 2.209 2.202 2.194 2.187 2.179 2.172 2.164 2.189 2.271 2.352 2.434 2.73 3.159 3.589 4.019 4.449 4.878 5.308 5.738 6.168 6.597 7.027 7.457 7.887 7.76 7.376 6.991 6.814 7.816 8.818 9.82 10.531 11.122 11.713 12.304 12.895 13.486 14.077 14.668 15.259 15.85 16.441 17.032 17.624 17.357 16.689 16.021 15.353 14.685 14.017 13.348 12.68 12.012 11.344 10.676 10.008 9.34 8.552 7.478 6.403 5.514 5.315 5.115 4.958 4.958 4.957 4.957 4.956 4.956 4.955 4.955 4.954 4.954 4.954 4.953 4.953 4.952 5.14 5.393 5.646 5.899 6.151 6.404 6.657 6.91 7.163 7.416 7.669 7.922 8.175 8.428 9.063 9.743 10.447 11.217 11.986 12.25 12.321 12.391 12.462 12.533 12.603 12.674 12.744 12.815 12.885 12.956 13.027 13.097 13.168 12.918 12.591 12.264 11.938 11.611 11.284 10.958 10.631 10.305 9.978 9.651 9.325 8.998 8.671 8.284
2.767 2.76 2.752 2.745 2.737 2.73 2.722 2.715 2.707 2.699 2.692 2.684 2.677 2.669 2.662 2.654 2.647 2.659 2.74 2.822 2.903 2.985 3.286 3.716 4.146 4.575 5.005 5.435 5.865 6.294 6.724 7.154 7.584 8.013 8.006 7.622 7.237 6.852 6.698 7.7 8.702 9.704 10.706 11.334 11.925 12.516 13.107 13.698 14.289 14.88 15.472 16.063 16.654 17.245 17.836 17.549 16.881 16.212 15.544 14.876 14.208 13.54 12.872 12.204 11.536 10.868 10.2 9.471 8.397 7.322 6.248 5.374 5.174 4.975 4.775 4.658 4.657 4.657 4.657 4.656 4.656 4.655 4.655 4.654 4.654 4.653 4.653 4.652 4.844 5.097 5.35 5.603 5.856 6.109 6.362 6.615 6.868 7.12 7.373 7.626 7.879 8.453 9.133 9.813 10.518 11.288 12.057 12.826 12.949 13.02 13.09 13.161 13.232 13.302 13.373 13.443 13.514 13.584 13.655 13.725 13.796 13.539 13.213 12.886 12.559 12.233 11.906 11.579 11.253 10.926 10.599 10.273 9.946 9.619 9.25 8.799
3.242 3.235 3.227 3.22 3.212 3.205 3.197 3.19 3.182 3.174 3.167 3.159 3.152 3.144 3.137 3.129 3.128 3.21 3.291 3.373 3.454 3.536 3.843 4.272 4.702 5.132 5.562 5.991 6.421 6.851 7.281 7.71 8.14 8.253 7.868 7.483 7.099 6.714 6.583 7.584 8.586 9.588 10.59 11.546 12.137 12.728 13.32 13.911 14.502 15.093 15.684 16.275 16.866 17.457 18.048 17.74 17.072 16.404 15.736 15.068 14.4 13.732 13.064 12.396 11.728 11.06 10.39 9.316 8.241 7.167 6.093 5.233 5.033 4.834 4.634 4.435 4.358 4.357 4.357 4.356 4.356 4.355 4.355 4.355 4.354 4.354 4.353 4.353 4.549 4.802 5.055 5.308 5.56 5.813 6.066 6.319 6.572 6.825 7.078 7.331 7.842 8.522 9.202 9.882 10.589 11.359 12.128 12.897 13.578 13.648 13.719 13.789 13.86 13.93 14.001 14.072 14.142 14.213 14.283 14.354 14.424 14.161 13.834 13.508 13.181 12.854 12.528 12.201 11.874 11.548 11.221 10.894 10.568 10.216 9.765 9.313
3.717 3.71 3.702 3.695 3.687 3.68 3.672 3.665 3.657 3.649 3.642 3.634 3.627 3.619 3.612 3.604 3.679 3.761 3.842 3.924 4.005 4.087 4.399 4.829 5.259 5.688 6.118 6.548 6.978 7.407 7.837 8.267 8.499 8.114 7.73 7.345 6.96 6.576 6.467 7.468 8.47 9.472 10.474 11.476 12.35 12.941 13.532 14.123 14.714 15.305 15.896 16.487 17.078 17.669 18.261 17.932 17.264 16.596 15.928 15.26 14.592 13.924 13.255 12.587 11.919 11.251 10.235 9.16 8.086 7.012 5.937 5.092 4.892 4.693 4.493 4.294 4.095 4.058 4.057 4.057 4.056 4.056 4.055 4.055 4.054 4.054 4.053 4.053 4.253 4.506 4.759 5.012 5.265 5.518 5.771 6.024 6.277 6.53 6.782 7.232 7.912 8.592 9.272 9.952 10.66 11.43 12.199 12.968 13.738 14.277 14.347 14.418 14.488 14.559 14.629 14.7 14.771 14.841 14.912 14.982 15.053 14.783 14.456 14.129 13.803 13.476 13.149 12.823 12.496 12.169 11.843 11.516 11.182 10.731 10.28 9.828
4.192 4.185 4.177 4.17 4.162 4.155 4.147 4.139 4.132 4.124 4.117 4.109 4.102 4.094 4.087 4.149 4.23 4.312 4.393 4.475 4.556 4.638 4.956 5.385 5.815 6.245 6.675 7.104 7.534 7.964 8.394 8.745 8.361 7.976 7.591 7.207 6.822 6.437 6.351 7.352 8.354 9.356 10.358 11.36 12.362 13.153 13.744 14.335 14.926 15.517 16.108 16.7 17.291 17.882 18.473 18.124 17.456 16.788 16.12 15.451 14.783 14.115 13.447 12.779 12.111 11.154 10.079 9.005 7.931 6.856 5.782 4.951 4.752 4.552 4.353 4.153 3.954 3.758 3.757 3.757 3.756 3.756 3.756 3.755 3.755 3.754 3.754 3.753 3.958 4.211 4.464 4.717 4.97 5.222 5.475 5.728 5.981 6.234 6.622 7.301 7.981 8.661 9.341 10.021 10.731 11.501 12.27 13.039 13.809 14.578 14.976 15.046 15.117 15.187 15.258 15.328 15.399 15.469 15.54 15.611 15.681 15.404 15.077 14.751 14.424 14.097 13.771 13.444 13.118 12.791 12.464 12.138 11.697 11.246 10.795 10.343
4.667 4.659 4.652 4.645 4.637 4.63 4.622 4.614 4.607 4.599 4.592 4.584 4.577 4.569 4.618 4.7 4.781 4.863 4.944 5.026 5.107 5.189 5.512 5.942 6.372 6.801 7.231 7.661 8.091 8.52 8.95 8.607 8.222 7.837 7.453 7.068 6.683 6.299 6.235 7.237 8.238 9.24 10.242 11.244 12.246 13.248 13.956 14.548 15.139 15.73 16.321 16.912 17.503 18.094 18.685 18.315 17.647 16.979 16.311 15.643 14.975 14.307 13.639 12.971 12.073 10.998 9.924 8.85 7.775 6.701 5.627 4.81 4.611 4.411 4.212 4.012 3.813 3.613 3.458 3.457 3.457 3.456 3.456 3.455 3.455 3.455 3.454 3.454 3.662 3.915 4.168 4.421 4.674 4.927 5.18 5.433 5.686 6.011 6.691 7.371 8.051 8.731 9.411 10.091 10.802 11.572 12.341 13.11 13.88 14.649 15.418 15.674 15.745 15.816 15.886 15.957 16.027 16.098 16.168 16.239 16.31 16.026 15.699 15.372 15.046 14.719 14.392 14.066 13.739 13.412 13.086 12.664 12.212 11.761 11.31 10.858
5.142 5.134 5.127 5.12 5.112 5.105 5.097 5.089 5.082 5.074 5.067 5.059 5.052 5.088 5.169 5.251 5.332 5.414 5.495 5.577 5.658 5.739 6.069 6.498 6.928 7.358 7.788 8.217 8.647 9.077 8.853 8.468 8.084 7.699 7.314 6.93 6.545 6.16 6.119 7.121 8.122 9.124 10.126 11.128 12.13 13.132 14.134 14.76 15.351 15.942 16.533 17.124 17.715 18.306 18.897 18.507 17.839 17.171 16.503 15.835 15.167 14.499 13.831 12.992 11.918 10.843 9.769 8.695 7.62 6.546 5.471 4.669 4.47 4.271 4.071 3.872 3.672 3.473 3.273 3.158 3.157 3.157 3.156 3.156 3.155 3.155 3.154 3.154 3.367 3.62 3.873 4.126 4.379 4.632 4.884 5.137 5.401 6.081 6.761 7.44 8.12 8.8 9.48 10.16 10.873 11.643 12.412 13.181 13.951 14.72 15.489 16.258 16.373 16.444 16.515 16.585 16.656 16.726 16.797 16.867 16.938 16.647 16.321 15.994 15.667 15.341 15.014 14.687 14.361 14.034 13.63 13.179 12.727 12.276 11.825 11.373
5.617 5.609 5.602 5.595 5.587 5.58 5.572 5.564 5.557 5.549 5.542 5.534 5.557 5.639 5.72 5.802 5.883 5.965 6.046 6.127 6.209 6.29 6.625 7.055 7.485 7.915 8.344 8.774 9.204 9.099 8.715 8.33 7.945 7.561 7.176 6.791 6.407 6.022 6.003 7.005 8.006 9.008 10.01 11.012 12.014 13.016 14.018 14.972 15.563 16.154 16.745 17.336 17.928 18.519 19.11 18.699 18.031 17.363 16.695 16.027 15.358 14.69 13.911 12.837 11.762 10.688 9.614 8.539 7.465 6.391 5.316 4.529 4.329 4.13 3.93 3.731 3.531 3.332 3.132 2.933 2.857 2.857 2.856 2.856 2.856 2.855 2.855 2.854 3.072 3.324 3.577 3.83 4.083 4.336 4.589 4.842 5.47 6.15 6.83 7.51 8.19 8.87 9.55 10.23 10.944 11.714 12.483 13.252 14.022 14.791 15.56 16.329 17.002 17.072 17.143 17.213 17.284 17.355 17.425 17.496 17.566 17.269 16.942 16.616 16.289 15.962 15.636 15.309 14.982 14.596 14.145 13.694 13.242 12.791 12.34 11.888
6.092 6.084 6.077 6.07 6.062 6.055 6.047 6.039 6.032 6.024 6.017 6.027 6.108 6.19 6.271 6.353 6.434 6.515 6.597 6.678 6.76 6.841 7.182 7.612 8.041 8.471 8.901 9.331 9.346 8.961 8.576 8.192 7.807 7.422 7.037 6.653 6.268 5.883 5.887 6.889 7.89 8.892 9.894 10.896 11.898 12.9 13.902 14.904 15.776 16.367 16.958 17.549 18.14 18.731 19.322 18.891 18.222 17.554 16.886 16.218 15.55 14.83 13.756 12.681 11.607 10.533 9.458 8.384 7.31 6.235 5.161 4.388 4.188 3.989 3.789 3.59 3.391 3.191 2.992 2.792 2.593 2.557 2.557 2.556 2.556 2.555 2.555 2.554 2.776 3.029 3.282 3.535 3.788 4.041 4.293 4.86 5.54 6.22 6.9 7.579 8.259 8.939 9.619 10.299 11.016 11.785 12.554 13.323 14.093 14.862 15.631 16.4 17.17 17.701 17.771 17.842 17.912 17.983 18.054 18.124 18.195 17.89 17.564 17.237 16.91 16.584 16.257 15.931 15.562 15.111 14.66 14.209 13.757 13.306 12.855 12.403
6.567 6.559 6.552 6.545 6.537 6.53 6.522 6.514 6.507 6.499 6.496 6.578 6.659 6.741 6.822 6.903 6.985 7.066 7.148 7.229 7.311 7.392 7.738 8.168 8.598 9.028 9.457 9.592 9.207 8.822 8.438 8.053 7.668 7.284 6.899 6.514 6.13 5.745 5.771 6.773 7.775 8.776 9.778 10.78 11.782 12.784 13.786 14.788 15.79 16.579 17.17 17.761 18.352 18.943 19.534 19.082 18.414 17.746 17.078 16.41 15.742 14.675 13.6 12.526 11.452 10.377 9.303 8.229 7.154 6.08 5.006 4.247 4.048 3.848 3.649 3.449 3.25 3.05 2.851 2.651 2.452 2.257 2.257 2.257 2.256 2.256 2.255 2.255 2.481 2.733 2.986 3.239 3.492 3.745 4.249 4.929 5.609 6.289 6.969 7.649 8.329 9.009 9.689 10.369 11.087 11.856 12.625 13.394 14.164 14.933 15.702 16.471 17.241 18.01 18.4 18.47 18.541 18.611 18.682 18.752 18.823 18.512 18.185 17.859 17.532 17.205 16.879 16.529 16.077 15.626 15.175 14.724 14.272 13.821 13.37 12.918
7.299 7.034 7.027 7.02 7.012 7.005 6.997 6.989 6.982 6.974 7.047 7.129 7.21 7.291 7.373 7.454 7.536 7.617 7.699 7.78 7.862 7.943 8.295 8.725 9.154 9.584 9.838 9.453 9.069 8.684 8.299 7.915 7.53 7.145 6.761 6.376 5.991 5.607 5.655 6.657 7.659 8.66 9.662 10.664 11.666 12.668 13.67 14.672 15.674 16.676 17.382 17.973 18.565 19.156 19.747 19.274 18.606 17.938 17.27 16.602 15.594 14.519 13.445 12.371 11.296 10.222 9.148 8.073 6.999 5.925 4.85 4.106 3.907 3.707 3.508 3.308 3.109 2.909 2.71 2.51 2.311 2.112 1.957 1.957 1.956 1.956 1.955 1.955 2.185 2.438 2.691 2.944 3.197 3.639 4.319 4.999 5.679 6.359 7.039 7.718 8.398 9.078 9.758 10.438 11.158 11.927 12.696 13.465 14.235 15.004 15.773 16.542 17.312 18.081 18.85 19.099 19.169 19.24 19.31 19.381 19.451 19.134 18.807 18.48 18.154 17.827 17.495 17.044 16.592 16.141 15.69 15.239 14.787 14.336 13.885 13.433
8.163 7.669 7.502 7.494 7.487 7.48 7.472 7.464 7.457 7.517 7.598 7.679 7.761 7.842 7.924 8.005 8.087 8.168 8.25 8.331 8.413 8.494 8.851 9.281 9.711 10.084 9.7 9.315 8.93 8.546 8.161 7.776 7.392 7.007 6.622 6.238 5.853 5.468 5.539 6.541 7.543 8.544 9.546 10.548 11.55 12.552 13.554 14.556 15.558 16.56 17.562 18.186 18.777 19.368 19.959 19.466 18.798 18.13 17.461 16.513 15.439 14.364 13.29 12.215 11.141 10.067 8.992 7.918 6.844 5.769 4.695 3.965 3.766 3.566 3.367 3.168 2.968 2.769 2.569 2.37 2.17 1.971 1.771 1.657 1.657 1.656 1.656 1.655 1.89 2.143 2.395 2.648 3.029 3.708 4.388 5.068 5.748 6.428 7.108 7.788 8.468 9.148 9.828 10.508 11.229 11.998 12.767 13.536 14.306 15.075 15.844 16.613 17.383 18.152 18.921 19.691 19.797 19.868 19.939 20.009 20.08 19.755 19.429 19.102 18.775 18.449 18.01 17.559 17.107 16.656 16.205 15.753 15.302 14.851 14.4 13.948
9.026 8.533 8.04 7.969 7.962 7.955 7.947 7.939 7.986 8.067 8.149 8.23 8.312 8.393 8.475 8.556 8.638 8.719 8.801 8.882 8.964 9.045 9.408 9.838 10.267 9.946 9.561 9.176 8.792 8.407 8.022 7.638 7.253 6.868 6.484 6.099 5.714 5.33 5.423 6.425 7.427 8.429 9.43 10.432 11.434 12.436 13.438 14.44 15.442 16.444 17.446 18.398 18.989 19.58 20.171 19.657 18.989 18.321 17.432 16.358 15.283 14.209 13.135 12.06 10.986 9.912 8.837 7.763 6.688 5.614 4.54 3.825 3.625 3.426 3.226 3.027 2.827 2.628 2.428 2.229 2.029 1.83 1.63 1.431 1.357 1.357 1.356 1.356 1.594 1.847 2.1 2.418 3.098 3.778 4.458 5.138 5.818 6.498 7.178 7.857 8.537 9.217 9.897 10.577 11.3 12.069 12.838 13.607 14.377 15.146 15.915 16.684 17.454 18.223 18.992 19.762 20.426 20.496 20.567 20.638 20.703 20.377 20.05 19.724 19.397 18.976 18.525 18.074 17.622 17.171 16.72 16.268 15.817 15.366 14.915 14.463
9.89 9.397 8.903 8.444 8.437 8.43 8.422 8.455 8.537 8.618 8.7 8.781 8.863 8.944 9.026 9.107 9.189 9.27 9.352 9.433 9.515 9.596 9.964 10.394 10.192 9.807 9.423 9.038 8.653 8.269 7.884 7.499 7.115 6.73 6.345 5.961 5.576 5.191 5.307 6.309 7.311 8.313 9.314 10.316 11.318 12.32 13.322 14.324 15.326 16.328 17.33 18.332 19.201 19.793 20.384 19.849 19.181 18.351 17.277 16.202 15.128 14.054 12.979 11.905 10.831 9.756 8.682 7.608 6.533 5.459 4.385 3.684 3.484 3.285 3.085 2.886 2.686 2.487 2.288 2.088 1.889 1.689 1.49 1.29 1.091 1.057 1.056 1.056 1.299 1.552 1.808 2.488 3.168 3.847 4.527 5.207 5.887 6.567 7.247 7.927 8.607 9.287 9.967 10.647 11.371 12.14 12.909 13.678 14.448 15.217 15.986 16.756 17.525 18.294 19.063 19.833 20.602 21.125 21.195 21.266 21.325 20.998 20.672 20.345 19.943 19.491 19.04 18.589 18.137 17.686 17.235 16.783 16.332 15.881 15.43 14.978
10.753 10.26 9.767 9.274 8.912 8.904 8.925 9.006 9.088 9.169 9.251 9.332 9.414 9.495 9.577 9.658 9.74 9.821 9.903 9.984 10.066 10.147 10.521 10.438 10.054 9.669 9.284 8.9 8.515 8.13 7.746 7.361 6.976 6.592 6.207 5.822 5.438 5.053 5.191 6.193 7.195 8.197 9.198 10.2 11.202 12.204 13.206 14.208 15.21 16.212 17.214 18.216 19.218 20.005 20.596 20.041 19.27 18.196 17.121 16.047 14.973 13.898 12.824 11.75 10.675 9.601 8.527 7.452 6.378 5.304 4.229 3.543 3.344 3.144 2.945 2.745 2.546 2.346 2.147 1.947 1.748 1.548 1.349 1.149 0.95 0.757 0.757 0.756 1.003 1.256 1.877 2.557 3.237 3.917 4.597 5.277 5.957 6.637 7.317 7.996 8.676 9.356 10.036 10.716 11.442 12.211 12.98 13.749 14.519 15.288 16.057 16.827 17.596 18.365 19.134 19.904 20.673 21.442 21.824 21.894 21.947 21.62 21.293 20.909 20.458 20.006 19.555 19.104 18.652 18.201 17.75 17.298 16.847 16.396 15.945 15.493
11.617 11.124 10.63 10.137 9.644 9.394 9.476 9.557 9.639 9.72 9.802 9.883 9.965 10.046 10.128 10.209 10.291 10.372 10.454 10.535 10.617 10.698 10.685 10.3 9.915 9.531 9.146 8.761 8.377 7.992 7.607 7.223 6.838 6.453 6.069 5.684 5.299 4.915 5.075 6.077 7.079 8.081 9.083 10.084 11.086 12.088 13.09 14.092 15.094 16.096 17.098 18.1 19.102 20.104 20.808 20.189 19.115 18.04 16.966 15.892 14.817 13.743 12.669 11.594 10.52 9.446 8.371 7.297 6.223 5.148 4.074 3.402 3.203 3.003 2.804 2.604 2.405 2.205 2.006 1.806 1.607 1.408 1.208 1.009 0.809 0.61 0.457 0.456 0.708 1.267 1.947 2.627 3.307 3.986 4.666 5.346 6.026 6.706 7.386 8.066 8.746 9.426 10.106 10.786 11.513 12.282 13.051 13.82 14.59 15.359 16.128 16.898 17.667 18.436 19.205 19.975 20.744 21.513 22.282 22.523 22.568 22.242 21.875 21.424 20.972 20.521 20.07 19.619 19.167 18.716 18.265 17.813 17.362 16.911 16.46 16.008
13.737 13.221 12.706 12.19 11.696 11.656 11.304 11.36 11.416 11.472 11.528 11.583 11.639 11.695 11.751 11.807 11.863 11.919 11.975 12.031 12.087 12.143 10.901 10.506 10.111 9.715 9.32 8.925 8.53 8.134 7.739 7.344 6.949 6.553 6.158 5.763 5.368 4.973 4.783 5.795 6.807 7.819 8.831 9.843 10.855 11.867 12.879 13.891 14.904 15.916 16.928 17.94 18.952 19.964 20.976 20.03 18.959 17.885 16.811 15.736 14.662 13.588 12.513 11.439 10.365 9.29 8.216 7.142 6.067 4.993 3.919 3.261 3.062 2.862 2.663 2.463 2.264 2.065 1.865 1.666 1.466 1.267 1.067 0.868 0.668 0.469 0.269 0.159 0.656 1.336 2.016 2.696 3.376 4.056 4.736 5.416 6.096 6.776 7.456 8.135 8.815 9.495 10.175 10.855 11.584 12.353 13.122 13.891 14.661 15.43 16.199 16.969 17.738 18.507 19.276 20.046 20.815 21.584 22.353 23.123 23.19 22.841 22.39 21.939 21.487 21.036 20.585 20.134 19.682 19.231 18.78 18.328 17.877 17.426 16.975 16.523
16.011 15.496 14.98 14.465 14.873 14.805 13.619 13.516 13.572 13.628 13.684 13.74 13.796 13.852 13.908 13.964 14.02 14.076 14.131 14.187 14.243 14.299 12.178 11.024 10.629 10.234 9.839 9.443 9.048 8.653 8.258 7.862 7.467 7.072 6.677 6.281 5.886 5.491 5.027 5.057 6.069 7.082 8.094 9.106 10.118 11.13 12.142 13.154 14.166 15.178 16.19 17.202 18.214 19.226 20.238 19.259 18.194 17.13 16.066 15.002 13.938 12.873 11.809 10.745 9.681 8.617 7.552 6.488 5.424 4.36 3.434 3.936 3.852 3.631 3.411 3.19 2.969 2.748 2.527 2.307 2.086 1.865 1.644 1.423 1.203 0.982 0.761 0.564 1.226 1.887 2.549 3.211 3.872 4.534 5.195 5.857 6.519 7.18 7.842 8.504 9.165 9.827 10.489 11.15 11.422 12.212 13.002 13.792 14.582 15.372 16.162 16.952 17.742 18.532 19.322 20.112 20.886 21.655 22.425 23.194 23.808 23.356 22.905 22.454 22.002 21.551 21.1 20.649 20.197 19.746 19.295 18.843 18.392 17.941 17.489 17.038
18.286 17.771 17.255 17.507 18.05 17.955 16.768 15.673 15.729 15.785 15.841 15.897 15.953 16.009 16.064 16.12 16.176 16.232 16.288 16.344 16.4 16.456 14.295 11.898 11.147 10.752 10.357 9.962 9.566 9.171 8.776 8.381 7.986 7.59 7.195 6.8 6.405 6.009 5.543 4.985 5.332 6.344 7.356 8.368 9.38 10.392 11.404 12.416 13.428 14.44 15.453 16.465 17.477 18.489 19.501 18.487 17.423 16.359 15.294 14.23 13.166 12.102 11.038 9.973 8.909 7.845 6.781 5.717 4.652 3.588 3.637 4.153 4.994 4.773 4.552 4.332 4.111 3.89 3.669 3.448 3.228 3.007 2.786 2.565 2.344 2.124 1.903 1.72 2.382 3.044 3.705 4.367 5.029 5.69 6.352 7.014 7.675 8.337 8.998 9.66 10.322 10.983 11.645 11.831 11.069 11.06 11.85 12.64 13.43 14.221 15.011 15.801 16.591 17.381 18.171 18.961 19.751 20.541 21.331 22.121 22.773 22.35 21.928 21.506 21.083 20.661 20.239 19.816 19.394 18.972 18.549 18.127 17.705 17.282 16.86 16.438
20.561 20.045 20.141 20.684 21.227 21.105 19.918 18.732 17.886 17.941 17.997 18.053 18.109 18.165 18.221 18.277 18.333 18.389 18.445 18.501 18.557 18.612 16.413 14.016 11.666 11.271 10.875 10.48 10.085 9.69 9.294 8.899 8.504 8.109 7.713 7.318 6.923 6.528 6.058 5.501 4.944 5.606 6.618 7.631 8.643 9.655 10.667 11.679 12.691 13.703 14.715 15.727 16.739 17.751 18.763 17.715 16.651 15.587 14.523 13.459 12.394 11.33 10.266 9.202 8.138 7.073 6.009 4.945 3.881 3.763 3.84 4.37 5.308 5.915 5.694 5.473 5.252 5.032 4.811 4.59 4.369 4.148 3.928 3.707 3.486 3.265 3.044 2.877 3.538 4.2 4.862 5.523 6.185 6.847 7.508 8.17 8.832 9.493 10.155 10.817 11.478 12.14 12.445 12.29 11.51 10.303 10.699 11.489 12.279 13.069 13.859 14.649 15.439 16.229 17.019 17.809 18.6 19.39 20.18 20.97 21.601 21.178 20.756 20.334 19.911 19.489 19.067 18.644 18.222 17.8 17.377 16.955 16.533 16.11 15.688 15.307
22.836 22.776 23.318 23.861 24.404 24.254 23.068 21.881 20.695 20.098 20.154 20.21 20.266 20.322 20.378 20.434 20.49 20.545 20.601 20.657 20.713 20.769 18.53 16.133 13.736 11.789 11.394 10.999 10.603 10.208 9.813 9.418 9.022 8.627 8.232 7.837 7.441 7.046 6.574 6.017 5.46 4.903 5.881 6.893 7.905 8.917 9.929 10.941 11.953 12.965 13.977 14.989 16.002 17.014 18.008 16.944 15.88 14.816 13.751 12.687 11.623 10.559 9.494 8.43 7.366 6.302 5.238 4.173 3.888 3.965 4.042 4.586 5.524 6.462 6.836 6.615 6.394 6.173 5.952 5.732 5.511 5.29 5.069 4.848 4.628 4.407 4.186 4.033 4.695 5.357 6.018 6.68 7.341 8.003 8.665 9.326 9.988 10.65 11.311 11.973 12.635 13.059 12.904 12.749 11.951 10.744 9.548 10.338 11.128 11.918 12.708 13.498 14.288 15.078 15.868 16.658 17.448 18.238 19.028 19.818 20.429 20.006 19.584 19.162 18.739 18.317 17.895 17.472 17.05 16.628 16.205 15.783 15.361 14.938 14.516 15.09
25.41 25.953 26.495 27.038 27.581 27.404 26.217 25.031 23.844 22.658 22.311 22.367 22.422 22.478 22.534 22.59 22.646 22.702 22.758 22.814 22.87 22.926 20.647 18.251 15.854 13.457 11.912 11.517 11.122 10.726 10.331 9.936 9.541 9.145 8.75 8.355 7.96 7.565 7.09 6.533 5.975 5.418 5.143 6.155 7.167 8.18 9.192 10.204 11.216 12.228 13.24 14.252 15.264 16.276 17.237 16.172 15.108 14.044 12.98 11.916 10.851 9.787 8.723 7.659 6.595 5.53 4.466 4.014 4.091 4.168 4.245 4.803 5.741 6.679 7.617 7.757 7.536 7.315 7.094 6.873 6.653 6.432 6.211 5.99 5.769 5.549 5.328 5.19 5.851 6.513 7.175 7.836 8.498 9.16 9.821 10.483 11.145 11.806 12.468 13.129 13.672 13.518 13.363 13.208 12.392 11.185 9.978 9.187 9.977 10.767 11.557 12.347 13.137 13.927 14.717 15.507 16.297 17.087 17.877 18.667 19.257 18.834 18.412 17.99 17.567 17.145 16.723 16.3 15.878 15.456 15.033 14.611 14.189 13.766 14.178 14.873
28.587 29.13 29.672 30.215 30.758 30.553 29.367 28.18 26.994 25.807 24.621 24.523 24.579 24.635 24.691 24.747 24.803 24.859 24.915 24.97 25.026 25.082 22.765 20.368 17.971 15.574 13.177 12.035 11.64 11.245 10.85 10.454 10.059 9.664 9.269 8.873 8.478 8.083 7.606 7.048 6.491 5.934 5.377 5.418 6.43 7.442 8.454 9.466 10.478 11.49 12.502 13.514 14.526 15.538 16.465 15.401 14.337 13.272 12.208 11.144 10.08 9.016 7.951 6.887 5.823 4.759 4.14 4.217 4.294 4.37 4.447 5.02 5.958 6.896 7.834 8.772 8.677 8.457 8.236 8.015 7.794 7.573 7.353 7.132 6.911 6.69 6.469 6.346 7.008 7.669 8.331 8.993 9.654 10.316 10.978 11.639 12.301 12.963 13.624 14.286 14.131 13.977 13.822 13.667 12.834 11.626 10.419 9.212 8.825 9.615 10.405 11.195 11.985 12.776 13.566 14.356 15.146 15.936 16.726 17.516 18.085 17.662 17.24 16.818 16.395 15.973 15.551 15.128 14.706 14.284 13.861 13.439 13.017 13.266 13.961 14.656
31.764 32.307 32.849 33.392 33.935 33.703 32.517 31.33 30.144 28.957 27.771 26.68 26.736 26.792 26.848 26.903 26.959 27.015 27.071 27.127 27.183 27.239 24.882 22.485 20.088 17.691 15.294 12.897 12.158 11.763 11.368 10.973 10.578 10.182 9.787 9.392 8.997 8.601 8.121 7.564 7.007 6.45 5.893 5.335 5.692 6.704 7.716 8.729 9.741 10.753 11.765 12.777 13.789 14.801 15.693 14.629 13.565 12.501 11.437 10.372 9.308 8.244 7.18 6.116 5.051 4.266 4.343 4.419 4.496 4.573 4.65 5.237 6.175 7.113 8.051 8.989 9.819 9.598 9.378 9.157 8.936 8.715 8.494 8.274 8.053 7.832 7.611 7.503 8.164 8.826 9.488 10.149 10.811 11.472 12.134 12.796 13.457 14.119 14.781 14.745 14.59 14.435 14.281 14.126 13.275 12.068 10.86 9.653 8.446 8.464 9.254 10.044 10.834 11.624 12.414 13.204 13.994 14.784 15.574 16.365 16.913 16.49 16.068 15.646 15.223 14.801 14.379 13.956 13.534 13.112 12.689 12.267 12.355 13.05 13.745 14.44
34.941 35.484 36.026 36.569 37.112 36.853 35.666 34.48 33.293 32.107 30.92 29.734 28.892 28.948 29.004 29.06 29.116 29.172 29.228 29.284 29.34 29.396 26.999 24.603 22.206 19.809 17.412 15.015 12.677 12.282 11.886 11.491 11.096 10.701 10.305 9.91 9.515 9.12 8.637 8.08 7.523 6.966 6.408 5.851 5.294 5.967 6.979 7.991 9.003 10.015 11.027 12.039 13.051 14.063 14.922 13.858 12.794 11.729 10.665 9.601 8.537 7.473 6.408 5.344 4.392 4.468 4.545 4.622 4.699 4.776 4.852 5.454 6.392 7.33 8.268 9.206 10.144 10.74 10.519 10.298 10.078 9.857 9.636 9.415 9.194 8.974 8.753 8.659 9.321 9.982 10.644 11.306 11.967 12.629 13.291 13.952 14.614 15.275 15.359 15.204 15.049 14.894 14.74 14.585 13.716 12.509 11.302 10.094 8.887 7.68 8.103 8.893 9.683 10.473 11.263 12.053 12.843 13.633 14.423 15.213 15.741 15.318 14.896 14.474 14.051 13.629 13.207 12.784 12.362 11.94 11.517 11.443 12.138 12.833 13.528 14.223
38.118 38.661 39.203 39.746 40.289 40.002 38.816 37.629 36.443 35.256 34.07 32.883 31.697 31.105 31.161 31.217 31.273 31.329 31.384 31.44 31.496 31.514 29.117 26.72 24.323 21.926 19.529 17.132 14.735 12.8 12.405 12.01 11.614 11.219 10.824 10.429 10.033 9.638 9.153 8.596 8.039 7.481 6.924 6.367 5.81 5.253 6.241 7.253 8.265 9.278 10.29 11.302 12.314 13.326 14.15 13.086 12.022 10.958 9.894 8.829 7.765 6.701 5.637 4.573 4.594 4.671 4.748 4.825 4.901 4.978 5.055 5.671 6.609 7.547 8.485 9.423 10.361 11.299 11.661 11.44 11.219 10.998 10.778 10.557 10.336 10.115 9.895 9.815 10.477 11.139 11.8 12.462 13.124 13.785 14.447 15.109 15.77 15.972 15.818 15.663 15.508 15.353 15.198 15.044 14.157 12.95 11.743 10.536 9.328 8.121 6.952 7.742 8.532 9.322 10.112 10.902 11.692 12.482 13.272 14.062 14.569 14.146 13.724 13.302 12.879 12.457 12.035 11.612 11.19 10.768 10.531 11.226 11.921 12.616 13.311 14.006
41.295 41.838 42.38 42.923 43.466 43.152 41.966 40.779 39.592 38.406 37.219 36.033 34.846 33.66 33.317 33.373 33.429 33.485 33.541 33.597 33.653 33.631 31.234 28.837 26.44 24.043 21.646 19.25 16.853 14.456 12.923 12.528 12.133 11.737 11.342 10.947 10.552 10.157 9.669 9.112 8.554 7.997 7.44 6.883 6.326 5.768 5.504 6.516 7.528 8.54 9.552 10.564 11.576 12.588 13.379 12.315 11.25 10.186 9.122 8.058 6.994 5.929 4.865 4.72 4.797 4.874 4.95 5.027 5.104 5.181 5.258 5.887 6.825 7.763 8.702 9.64 10.578 11.516 12.454 12.582 12.361 12.14 11.919 11.699 11.478 11.257 11.036 10.972 11.634 12.295 12.957 13.618 14.28 14.942 15.603 16.265 16.586 16.431 16.277 16.122 15.967 15.812 15.657 15.503 14.598 13.391 12.184 10.977 9.77 8.562 7.355 6.59 7.38 8.17 8.96 9.75 10.54 11.331 12.121 12.911 13.397 12.974 12.552 12.13 11.707 11.285 10.863 10.44 10.018 9.62 10.315 11.01 11.704 12.399 13.094 13.789
44.472 45.015 45.558 46.1 46.643 46.302 45.115 43.929 42.742 41.556 40.369 39.183 37.996 36.81 35.623 35.53 35.586 35.642 35.698 35.754 35.809 35.748 33.352 30.955 28.558 26.161 23.764 21.367 18.97 16.573 14.176 13.046 12.651 12.256 11.861 11.465 11.07 10.675 10.185 9.627 9.07 8.513 7.956 7.399 6.841 6.284 5.727 5.778 6.79 7.802 8.814 9.827 10.839 11.851 12.607 11.543 10.479 9.415 8.35 7.286 6.222 5.158 4.846 4.923 4.999 5.076 5.153 5.23 5.307 5.383 5.46 6.104 7.042 7.98 8.918 9.856 10.794 11.732 12.67 13.608 13.503 13.282 13.061 12.84 12.619 12.399 12.178 12.128 12.79 13.452 14.113 14.775 15.437 16.098 16.76 17.2 17.045 16.89 16.735 16.581 16.426 16.271 16.116 15.962 15.039 13.832 12.625 11.418 10.211 9.004 7.796 6.589 6.229 7.019 7.809 8.599 9.389 10.179 10.969 11.759 12.225 11.802 11.38 10.958 10.535 10.113 9.691 9.268 8.846 9.403 10.098 10.793 11.488 12.183 12.877 13.572
47.649 48.192 48.735 49.277 49.82 49.451 48.265 47.078 45.892 44.705 43.519 42.332 41.146 39.959 38.773 37.687 37.742 37.798 37.854 37.91 37.966 37.866 35.469 33.072 30.675 28.278 25.881 23.484 21.087 18.69 16.293 13.896 13.169 12.774 12.379 11.984 11.589 11.193 10.7 10.143 9.586 9.029 8.471 7.914 7.357 6.8 6.243 5.685 6.053 7.065 8.077 9.089 10.101 11.113 11.836 10.772 9.707 8.643 7.579 6.515 5.451 4.972 5.048 5.125 5.202 5.279 5.356 5.432 5.509 5.586 5.663 6.321 7.259 8.197 9.135 10.073 11.011 11.949 12.887 13.825 14.644 14.424 14.203 13.982 13.761 13.54 13.32 13.285 13.946 14.608 15.27 15.931 16.593 17.255 17.813 17.659 17.504 17.349 17.194 17.04 16.885 16.73 16.575 16.42 15.48 14.273 13.066 11.859 10.652 9.445 8.238 7.03 5.823 5.868 6.658 7.448 8.238 9.028 9.818 10.608 11.053 10.63 10.208 9.786 9.363 8.941 8.519 8.096 8.491 9.186 9.881 10.576 11.271 11.966 12.661 13.356
50.826 51.369 51.912 52.454 52.997 52.601 51.414 50.228 49.041 47.855 46.668 45.482 44.295 43.109 41.922 40.736 39.899 39.955 40.011 40.067 40.123 39.983 37.586 35.189 32.792 30.395 27.998 25.602 23.205 20.808 18.411 16.014 13.688 13.293 12.897 12.502 12.107 11.712 11.216 10.659 10.102 9.544 8.987 8.43 7.873 7.316 6.758 6.201 5.644 6.327 7.339 8.351 9.363 10.376 11.064 10.0 8.936 7.872 6.807 5.743 5.097 5.174 5.251 5.328 5.405 5.481 5.558 5.635 5.712 5.789 5.865 6.538 7.476 8.414 9.352 10.29 11.228 12.166 13.104 14.042 14.98 15.565 15.344 15.124 14.903 14.682 14.461 14.441 15.103 15.765 16.426 17.088 17.749 18.411 18.272 18.118 17.963 17.808 17.653 17.498 17.344 17.189 17.034 16.879 15.921 14.714 13.507 12.3 11.093 9.886 8.679 7.472 6.264 5.057 5.507 6.297 7.087 7.877 8.667 9.457 9.881 9.458 9.036 8.614 8.191 7.769 7.347 7.58 8.274 8.969 9.664 10.359 11.054 11.749 12.444 13.139
54.003 54.546 55.089 55.631 56.174 55.751 54.564 53.378 52.191 51.005 49.818 48.632 47.445 46.259 45.072 43.885 42.699 42.112 42.168 42.223 42.279 42.101 39.704 37.307 34.91 32.513 30.116 27.719 25.322 22.925 20.528 18.131 15.734 13.811 13.416 13.021 12.625 12.23 11.732 11.175 10.617 10.06 9.503 8.946 8.389 7.831 7.274 6.717 6.16 5.603 6.602 7.614 8.626 9.638 10.293 9.228 8.164 7.1 6.036 5.223 5.3 5.377 5.454 5.53 5.607 5.684 5.761 5.838 5.914 5.991 6.068 6.755 7.693 8.631 9.569 10.507 11.445 12.383 13.321 14.259 15.197 16.135 16.486 16.265 16.044 15.824 15.603 15.598 16.259 16.921 17.583 18.244 18.906 18.886 18.731 18.577 18.422 18.267 18.112 17.957 17.803 17.648 17.493 17.338 16.363 15.155 13.948 12.741 11.534 10.327 9.12 7.913 6.706 5.498 4.355 5.145 5.935 6.725 7.515 8.305 8.709 8.286 7.864 7.442 7.019 6.597 6.668 7.363 8.058 8.753 9.448 10.142 10.837 11.532 12.227 12.922
57.18 57.723 58.266 58.808 59.351 58.9 57.714 56.527 55.341 54.154 52.968 51.781 50.595 49.408 48.222 47.035 45.849 44.662 44.324 44.38 44.436 44.218 41.821 39.424 37.027 34.63 32.233 29.836 27.439 25.042 22.645 20.248 17.852 15.455 13.934 13.539 13.144 12.748 12.248 11.69 11.133 10.576 10.019 9.462 8.904 8.347 7.79 7.233 6.676 6.118 5.864 6.876 7.888 8.9 9.521 8.457 7.393 6.328 5.349 5.426 5.502 5.579 5.656 5.733 5.81 5.886 5.963 6.04 6.117 6.194 6.27 6.972 7.91 8.848 9.786 10.724 11.662 12.6 13.538 14.476 15.414 16.352 17.29 17.407 17.186 16.965 16.745 16.754 17.416 18.077 18.739 19.401 19.5 19.345 19.19 19.035 18.881 18.726 18.571 18.416 18.262 18.107 17.952 17.797 16.804 15.597 14.389 13.182 11.975 10.768 9.561 8.354 7.147 5.939 4.732 3.994 4.784 5.574 6.364 7.154 7.537 7.114 6.692 6.27 5.847 5.756 6.451 7.146 7.841 8.536 9.231 9.926 10.621 11.315 12.01 12.705
60.357 60.9 61.443 61.985 62.528 62.05 60.863 59.677 58.49 57.304 56.117 54.931 53.744 52.558 51.371 50.185 48.998 47.812 46.625 46.537 46.593 46.335 43.938 41.541 39.144 36.747 34.351 31.954 29.557 27.16 24.763 22.366 19.969 17.572 15.175 14.057 13.662 13.267 12.763 12.206 11.649 11.092 10.535 9.977 9.42 8.863 8.306 7.749 7.191 6.634 6.077 6.139 7.151 8.163 8.75 7.685 6.621 5.557 5.551 5.628 5.705 5.782 5.859 5.935 6.012 6.089 6.166 6.243 6.319 6.396 6.473 7.188 8.126 9.064 10.002 10.941 11.879 12.817 13.755 14.693 15.631 16.569 17.507 18.445 18.328 18.107 17.886 17.911 18.572 19.234 19.895 20.113 19.959 19.804 19.649 19.494 19.34 19.185 19.03 18.875 18.72 18.566 18.411 18.256 17.245 16.038 14.831 13.623 12.416 11.209 10.002 8.795 7.588 6.381 5.173 3.966 3.633 4.423 5.213 6.003 6.365 5.942 5.52 5.098 4.845 5.539 6.234 6.929 7.624 8.319 9.014 9.709 10.404 11.099 11.794 12.489
63.534 64.077 64.62 65.162 65.705 65.199 64.013 62.826 61.64 60.453 59.267 58.08 56.894 55.707 54.521 53.334 52.148 50.961 49.775 48.693 48.749 48.453 46.056 43.659 41.262 38.865 36.468 34.071 31.674 29.277 26.88 24.483 22.086 19.689 17.292 14.895 14.181 13.785 13.279 12.722 12.165 11.608 11.05 10.493 9.936 9.379 8.822 8.264 7.707 7.15 6.593 6.036 6.413 7.425 7.978 6.914 5.85 5.677 5.754 5.831 5.908 5.984 6.061 6.138 6.215 6.292 6.368 6.445 6.522 6.599 6.676 7.405 8.343 9.281 10.219 11.157 12.095 13.033 13.971 14.909 15.848 16.786 17.724 18.662 19.47 19.249 19.028 19.067 19.729 20.39 20.727 20.572 20.418 20.263 20.108 19.953 19.798 19.644 19.489 19.334 19.179 19.025 18.87 18.715 17.686 16.479 15.272 14.065 12.857 11.65 10.443 9.236 8.029 6.822 5.615 4.407 3.2 3.272 4.062 4.852 5.193 4.77 4.348 3.933 4.628 5.323 6.018 6.712 7.407 8.102 8.797 9.492 10.187 10.882 11.577 12.272
66.711 67.254 67.797 68.339 68.882 68.349 67.163 65.976 64.79 63.603 62.417 61.23 60.044 58.857 57.671 56.484 55.298 54.111 52.925 51.738 50.906 50.57 48.173 45.776 43.379 40.982 38.585 36.188 33.791 31.394 28.997 26.601 24.204 21.807 19.41 17.013 14.699 14.304 13.795 13.238 12.681 12.123 11.566 11.009 10.452 9.895 9.337 8.78 8.223 7.666 7.108 6.551 5.994 6.688 7.206 6.142 5.803 5.88 5.957 6.033 6.11 6.187 6.264 6.341 6.417 6.494 6.571 6.648 6.725 6.801 6.878 7.622 8.56 9.498 10.436 11.374 12.312 13.25 14.188 15.126 16.064 17.002 17.94 18.878 19.816 20.39 20.17 20.223 20.885 21.341 21.186 21.031 20.877 20.722 20.567 20.412 20.257 20.103 19.948 19.793 19.638 19.484 19.329 19.174 18.127 16.92 15.713 14.506 13.299 12.091 10.884 9.677 8.47 7.263 6.056 4.849 3.641 2.434 2.91 3.7 4.021 3.598 3.176 3.716 4.411 5.106 5.801 6.496 7.191 7.885 8.58 9.275 9.97 10.665 11.36 12.055
69.888 70.431 70.974 71.516 72.059 71.499 70.312 69.126 67.939 66.753 65.566 64.38 63.193 62.007 60.82 59.634 58.447 57.261 56.074 54.888 53.701 52.687 50.29 47.893 45.496 43.099 40.703 38.306 35.909 33.512 31.115 28.718 26.321 23.924 21.527 19.13 16.733 14.822 14.311 13.754 13.196 12.639 12.082 11.525 10.968 10.41 9.853 9.296 8.739 8.181 7.624 7.067 6.51 5.953 6.435 5.929 6.006 6.082 6.159 6.236 6.313 6.39 6.466 6.543 6.62 6.697 6.774 6.85 6.927 7.004 7.081 7.839 8.777 9.715 10.653 11.591 12.529 13.467 14.405 15.343 16.281 17.219 18.157 19.095 20.033 20.971 21.311 21.38 21.955 21.8 21.645 21.49 21.335 21.181 21.026 20.871 20.716 20.562 20.407 20.252 20.097 19.942 19.788 19.633 18.568 17.361 16.154 14.947 13.74 12.533 11.325 10.118 8.911 7.704 6.497 5.29 4.083 2.875 1.759 2.549 2.849 2.426 2.804 3.499 4.194 4.889 5.584 6.279 6.974 7.669 8.364 9.059 9.753 10.448 11.143 11.838
66.651 67.3 67.949 68.598 69.247 69.789 68.791 67.692 66.592 65.493 64.393 63.294 62.194 61.094 59.995 58.895 57.796 56.696 55.597 54.497 53.397 52.063 49.737 47.412 45.087 42.761 40.436 38.111 35.785 33.46 31.135 28.809 26.484 24.159 21.833 19.508 17.183 14.924 14.808 14.252 13.696 13.139 12.583 12.027 11.47 10.914 10.358 9.801 9.245 8.689 8.132 7.576 7.02 6.463 6.077 6.149 6.221 6.294 6.366 6.439 6.515 6.592 6.669 6.746 6.823 6.899 6.976 7.053 7.13 7.207 7.283 8.056 8.994 9.932 10.87 11.808 12.746 13.684 14.622 15.56 16.498 17.436 18.374 19.312 20.25 21.188 22.126 22.536 22.414 22.259 22.104 21.949 21.794 21.64 21.485 21.33 21.175 21.02 20.866 20.711 20.556 20.401 20.247 20.092 19.009 17.802 16.595 15.388 14.181 12.974 11.767 10.559 9.352 8.145 6.938 5.731 4.524 3.317 2.109 1.398 1.677 1.893 2.588 3.282 3.977 4.672 5.367 6.062 6.757 7.452 8.147 8.842 9.537 10.232 10.926 11.621
63.078 63.728 64.377 65.026 65.675 66.214 66.482 65.383 64.283 63.183 62.084 60.984 59.885 58.785 57.686 56.586 55.486 54.387 53.287 52.188 51.088 49.734 47.409 45.083 42.758 40.433 38.107 35.782 33.457 31.131 28.806 26.481 24.155 21.83 19.505 17.179 14.854 14.529 14.894 14.715 14.158 13.602 13.046 12.489 11.933 11.376 10.82 10.264 9.707 9.151 8.595 8.038 7.482 6.926 6.55 6.622 6.694 6.767 6.839 6.911 6.984 7.056 7.128 7.201 7.273 7.346 7.418 7.49 7.563 7.635 7.596 8.342 9.279 10.215 11.152 12.088 13.025 13.961 14.898 15.835 16.771 17.708 18.644 19.581 20.518 21.454 22.391 22.341 22.218 22.084 21.951 21.817 21.683 21.55 21.416 21.283 21.149 21.016 20.882 20.748 20.615 20.481 20.348 20.214 19.135 17.95 16.764 15.578 14.393 13.207 12.021 10.836 9.65 8.464 7.278 6.093 4.907 3.721 2.536 1.343 0.981 1.676 2.371 3.066 3.761 4.456 5.15 5.845 6.54 7.235 7.93 8.625 9.32 10.015 10.71 11.405
59.506 60.155 60.804 61.453 62.103 62.639 63.123 63.073 61.974 60.874 59.775 58.675 57.575 56.476 55.376 54.277 53.177 52.078 50.978 49.878 48.779 47.405 45.08 42.754 40.429 38.104 35.778 33.453 31.128 28.802 26.477 24.152 21.826 19.501 17.176 14.85 14.192 14.134 14.508 15.015 14.621 14.064 13.508 12.952 12.395 11.839 11.283 10.726 10.17 9.614 9.057 8.501 7.945 7.388 7.023 7.095 7.167 7.24 7.312 7.384 7.457 7.529 7.601 7.674 7.746 7.818 7.891 7.963 8.035 8.029 7.881 8.645 9.582 10.518 11.455 12.392 13.328 14.265 15.201 16.138 17.075 18.011 18.948 19.884 20.821 21.758 21.74 21.435 21.415 21.282 21.148 21.014 20.881 20.747 20.614 20.48 20.347 20.213 20.079 19.946 19.812 19.679 19.545 19.412 18.315 17.129 15.944 14.758 13.572 12.387 11.201 10.015 8.829 7.644 6.458 5.272 4.087 2.901 1.715 0.894 0.909 1.329 2.027 2.724 3.421 4.118 4.816 5.513 6.21 6.907 7.604 8.302 8.999 9.696 10.393 11.091
55.934 56.583 57.232 57.881 58.53 59.064 59.548 60.033 59.664 58.565 57.465 56.366 55.266 54.167 53.067 51.967 50.868 49.768 48.669 47.569 46.47 45.076 42.751 40.425 38.1 35.775 33.449 31.124 28.799 26.473 24.148 21.823 19.497 17.172 14.847 13.854 13.797 13.739 14.122 14.629 15.083 14.527 13.971 13.414 12.858 12.302 11.745 11.189 10.633 10.076 9.52 8.964 8.407 7.851 7.495 7.568 7.64 7.712 7.785 7.857 7.93 8.002 8.074 8.147 8.219 8.291 8.364 8.436 8.461 8.314 8.167 8.949 9.885 10.822 11.758 12.695 13.632 14.568 15.505 16.441 17.378 18.315 19.251 20.188 21.124 21.315 20.826 20.528 20.525 20.479 20.345 20.212 20.078 19.945 19.811 19.678 19.544 19.41 19.277 19.143 19.01 18.876 18.743 18.609 17.495 16.309 15.123 13.938 12.752 11.566 10.38 9.195 8.009 6.823 5.638 4.452 3.266 2.081 1.07 1.184 1.196 1.092 1.675 2.372 3.069 3.766 4.464 5.161 5.858 6.555 7.253 7.95 8.647 9.344 10.042 10.739
52.361 53.01 53.66 54.309 54.958 55.489 55.973 56.458 56.942 56.256 55.156 54.056 52.957 51.857 50.758 49.658 48.559 47.459 46.359 45.26 44.16 42.747 40.422 38.096 35.771 33.446 31.12 28.795 26.47 24.144 21.819 19.494 17.168 14.843 13.517 13.459 13.401 13.344 13.736 14.242 14.749 14.99 14.433 13.877 13.321 12.764 12.208 11.652 11.095 10.539 9.983 9.426 8.87 8.313 7.968 8.041 8.113 8.185 8.258 8.33 8.402 8.475 8.547 8.619 8.692 8.764 8.837 8.894 8.747 8.599 8.452 9.252 10.189 11.125 12.062 12.998 13.935 14.871 15.808 16.745 17.681 18.618 19.554 20.491 20.891 20.401 19.911 19.622 19.618 19.615 19.543 19.409 19.276 19.142 19.009 18.875 18.741 18.608 18.474 18.341 18.207 18.074 17.94 17.806 16.674 15.489 14.303 13.117 11.932 10.746 9.56 8.374 7.189 6.003 4.817 3.632 2.446 1.26 1.36 1.474 1.482 1.378 1.323 2.02 2.717 3.415 4.112 4.809 5.506 6.204 6.901 7.598 8.295 8.992 9.69 10.387
48.789 49.438 50.087 50.736 51.385 51.914 52.398 52.883 53.367 53.851 52.847 51.747 50.648 49.548 48.448 47.349 46.249 45.15 44.05 42.951 41.851 40.418 38.093 35.768 33.442 31.117 28.792 26.466 24.141 21.816 19.49 17.165 14.84 13.18 13.122 13.064 13.006 12.948 13.35 13.856 14.363 14.869 14.896 14.339 13.783 13.227 12.67 12.114 11.558 11.001 10.445 9.889 9.332 8.776 8.441 8.514 8.586 8.658 8.731 8.803 8.875 8.948 9.02 9.092 9.165 9.237 9.309 9.179 9.032 8.885 8.737 9.555 10.492 11.428 12.365 13.302 14.238 15.175 16.111 17.048 17.985 18.921 19.858 20.466 19.976 19.487 18.997 18.716 18.712 18.709 18.705 18.607 18.473 18.34 18.206 18.072 17.939 17.805 17.672 17.538 17.405 17.271 17.137 17.004 15.854 14.668 13.483 12.297 11.111 9.925 8.74 7.554 6.368 5.183 3.997 2.811 1.626 1.536 1.65 1.764 1.768 1.665 1.561 1.668 2.366 3.063 3.76 4.457 5.154 5.852 6.549 7.246 7.943 8.641 9.338 10.035
45.216 45.866 46.515 47.164 47.813 48.339 48.823 49.308 49.792 50.276 50.537 49.438 48.338 47.239 46.139 45.04 43.94 42.84 41.741 40.641 39.542 38.089 35.764 33.439 31.113 28.788 26.463 24.137 21.812 19.487 17.161 14.836 12.842 12.784 12.727 12.669 12.611 12.553 12.964 13.47 13.977 14.483 14.99 14.802 14.246 13.689 13.133 12.577 12.02 11.464 10.908 10.351 9.795 9.239 8.914 8.986 9.059 9.131 9.203 9.276 9.348 9.421 9.493 9.565 9.638 9.71 9.612 9.465 9.317 9.17 9.023 9.859 10.795 11.732 12.668 13.605 14.542 15.478 16.415 17.351 18.288 19.225 20.041 19.551 19.062 18.572 18.083 17.809 17.806 17.802 17.799 17.795 17.671 17.537 17.403 17.27 17.136 17.003 16.869 16.736 16.602 16.468 16.335 16.201 15.034 13.848 12.662 11.477 10.291 9.105 7.919 6.734 5.548 4.362 3.177 1.991 1.712 1.826 1.94 2.054 2.054 1.951 1.848 1.744 2.014 2.711 3.408 4.105 4.803 5.5 6.197 6.894 7.592 8.289 8.986 9.683
41.644 42.293 42.942 43.592 44.241 44.764 45.248 45.733 46.217 46.701 47.186 47.129 46.029 44.929 43.83 42.73 41.631 40.531 39.432 38.332 37.232 35.76 33.435 31.11 28.784 26.459 24.134 21.808 19.483 17.158 14.832 12.507 12.447 12.389 12.331 12.274 12.216 12.158 12.578 13.084 13.591 14.097 14.604 15.11 14.708 14.152 13.596 13.039 12.483 11.927 11.37 10.814 10.258 9.701 9.387 9.459 9.532 9.604 9.676 9.749 9.821 9.893 9.966 10.038 10.11 10.045 9.897 9.75 9.603 9.456 9.308 10.162 11.099 12.035 12.972 13.908 14.845 15.781 16.718 17.655 18.591 19.528 19.126 18.637 18.147 17.658 17.168 16.903 16.9 16.896 16.893 16.889 16.868 16.734 16.601 16.467 16.334 16.2 16.067 15.933 15.799 15.666 15.532 15.399 14.213 13.028 11.842 10.656 9.47 8.285 7.099 5.913 4.728 3.542 2.356 1.888 2.002 2.116 2.23 2.344 2.34 2.237 2.134 2.03 1.927 2.359 3.056 3.754 4.451 5.148 5.845 6.542 7.24 7.937 8.634 9.331
38.072 38.721 39.37 40.019 40.668 41.189 41.673 42.158 42.642 43.126 43.611 44.095 43.72 42.62 41.521 40.421 39.321 38.222 37.122 36.023 34.923 33.431 31.106 28.781 26.455 24.13 21.805 19.479 17.154 14.829 12.503 12.109 12.052 11.994 11.936 11.878 11.821 11.763 12.192 12.698 13.205 13.711 14.218 14.724 15.171 14.615 14.058 13.502 12.946 12.389 11.833 11.277 10.72 10.164 9.86 9.932 10.005 10.077 10.149 10.222 10.294 10.366 10.439 10.511 10.477 10.33 10.183 10.036 9.888 9.741 9.594 10.465 11.402 12.338 13.275 14.212 15.148 16.085 17.021 17.958 18.895 18.701 18.212 17.722 17.233 16.743 16.254 15.997 15.993 15.99 15.986 15.983 15.979 15.932 15.798 15.665 15.531 15.398 15.264 15.131 14.997 14.863 14.73 14.579 13.393 12.207 11.021 9.836 8.65 7.464 6.279 5.093 3.907 2.722 2.064 2.178 2.292 2.406 2.52 2.634 2.627 2.523 2.42 2.317 2.213 2.11 2.704 3.402 4.099 4.796 5.493 6.191 6.888 7.585 8.282 8.98
34.499 35.149 35.798 36.447 37.096 37.614 38.098 38.583 39.067 39.551 40.036 40.52 41.005 40.311 39.211 38.112 37.012 35.913 34.813 33.713 32.614 31.102 28.777 26.452 24.126 21.801 19.476 17.15 14.825 12.5 11.772 11.714 11.656 11.599 11.541 11.483 11.425 11.368 11.806 12.312 12.819 13.325 13.832 14.338 14.845 15.077 14.521 13.964 13.408 12.852 12.295 11.739 11.183 10.626 10.333 10.405 10.477 10.55 10.622 10.694 10.767 10.839 10.911 10.91 10.763 10.616 10.468 10.321 10.174 10.026 9.879 10.769 11.705 12.642 13.578 14.515 15.452 16.388 17.325 18.261 18.277 17.787 17.297 16.808 16.318 15.829 15.339 15.09 15.087 15.083 15.08 15.076 15.073 15.069 14.996 14.862 14.729 14.595 14.462 14.328 14.194 14.061 13.927 13.758 12.573 11.387 10.201 9.015 7.83 6.644 5.458 4.273 3.087 2.24 2.354 2.468 2.582 2.696 2.81 2.924 2.913 2.81 2.706 2.603 2.5 2.396 2.353 3.05 3.747 4.444 5.142 5.839 6.536 7.233 7.93 8.628
30.927 31.576 32.225 32.874 33.524 34.039 34.523 35.008 35.492 35.976 36.461 36.945 37.43 37.914 36.902 35.802 34.703 33.603 32.504 31.404 30.305 28.774 26.448 24.123 21.798 19.472 17.147 14.822 12.496 11.435 11.377 11.319 11.261 11.204 11.146 11.088 11.03 10.972 11.42 11.926 12.433 12.939 13.445 13.952 14.458 14.965 14.983 14.427 13.871 13.314 12.758 12.202 11.645 11.089 10.806 10.878 10.95 11.023 11.095 11.167 11.24 11.312 11.343 11.196 11.048 10.901 10.754 10.606 10.459 10.312 10.164 11.072 12.009 12.945 13.882 14.818 15.755 16.691 17.628 17.852 17.362 16.873 16.383 15.893 15.404 14.914 14.425 14.184 14.181 14.177 14.174 14.17 14.167 14.163 14.16 14.06 13.926 13.793 13.659 13.525 13.392 13.258 13.125 12.938 11.752 10.566 9.381 8.195 7.009 5.824 4.638 3.452 2.417 2.53 2.644 2.758 2.872 2.986 3.1 3.214 3.199 3.096 2.992 2.889 2.786 2.682 2.579 2.698 3.395 4.092 4.79 5.487 6.184 6.881 7.579 8.276
27.355 28.004 28.653 29.302 29.951 30.464 30.948 31.433 31.917 32.401 32.886 33.37 33.855 34.339 34.593 33.493 32.394 31.294 30.194 29.095 27.995 26.445 24.119 21.794 19.469 17.143 14.818 12.493 11.097 11.039 10.982 10.924 10.866 10.808 10.751 10.693 10.635 10.577 11.034 11.54 12.046 12.553 13.059 13.566 14.072 14.579 15.085 14.89 14.333 13.777 13.221 12.664 12.108 11.552 11.278 11.351 11.423 11.495 11.568 11.64 11.713 11.776 11.628 11.481 11.334 11.186 11.039 10.892 10.744 10.597 10.45 11.375 12.312 13.248 14.185 15.122 16.058 16.995 17.427 16.937 16.448 15.958 15.469 14.979 14.489 14.0 13.51 13.278 13.274 13.271 13.267 13.264 13.26 13.257 13.253 13.25 13.124 12.99 12.856 12.723 12.589 12.456 12.322 12.118 10.932 9.746 8.56 7.375 6.189 5.003 3.818 2.632 2.706 2.82 2.934 3.048 3.162 3.276 3.39 3.504 3.485 3.382 3.279 3.175 3.072 2.969 2.865 2.762 3.043 3.741 4.438 5.135 5.832 6.53 7.227 7.924
23.782 24.431 25.081 25.73 26.379 26.889 27.373 27.858 28.342 28.826 29.311 29.795 30.28 30.764 31.248 31.184 30.084 28.985 27.885 26.786 25.686 24.116 21.79 19.465 17.14 14.814 12.489 10.76 10.702 10.644 10.586 10.529 10.471 10.413 10.355 10.298 10.24 10.182 10.647 11.154 11.66 12.167 12.673 13.18 13.686 14.193 14.699 15.206 14.796 14.24 13.683 13.127 12.57 12.014 11.751 11.824 11.896 11.968 12.041 12.113 12.185 12.061 11.914 11.766 11.619 11.472 11.324 11.177 11.03 10.883 10.742 11.679 12.615 13.552 14.488 15.425 16.362 17.002 16.512 16.023 15.533 15.044 14.554 14.065 13.575 13.085 12.596 12.371 12.368 12.364 12.361 12.358 12.354 12.351 12.347 12.344 12.321 12.187 12.054 11.92 11.787 11.653 11.52 11.297 10.111 8.926 7.74 6.554 5.369 4.183 2.997 2.882 2.996 3.11 3.224 3.338 3.452 3.566 3.68 3.794 3.771 3.668 3.565 3.462 3.358 3.255 3.152 3.048 2.945 3.389 4.086 4.783 5.48 6.178 6.875 7.572
20.21 20.859 21.508 22.157 22.806 23.314 23.798 24.283 24.767 25.251 25.736 26.22 26.705 27.189 27.673 28.158 27.775 26.675 25.576 24.476 23.377 21.787 19.461 17.136 14.811 12.485 10.422 10.365 10.307 10.249 10.191 10.133 10.076 10.018 9.96 9.902 9.845 9.787 10.261 10.768 11.274 11.781 12.287 12.794 13.3 13.807 14.313 14.82 15.258 14.702 14.146 13.589 13.033 12.477 12.224 12.297 12.369 12.441 12.514 12.586 12.494 12.346 12.199 12.052 11.904 11.757 11.61 11.462 11.315 11.168 11.045 11.982 12.919 13.855 14.792 15.728 16.577 16.088 15.598 15.108 14.619 14.129 13.64 13.15 12.661 12.171 11.681 11.465 11.462 11.458 11.455 11.451 11.448 11.444 11.441 11.437 11.434 11.385 11.251 11.118 10.984 10.851 10.717 10.477 9.291 8.105 6.92 5.734 4.548 3.363 3.058 3.172 3.286 3.4 3.514 3.628 3.742 3.856 3.97 4.084 4.058 3.954 3.851 3.748 3.644 3.541 3.438 3.334 3.231 3.128 3.734 4.431 5.129 5.826 6.523 7.22
16.64 17.287 17.936 18.585 19.234 19.739 20.223 20.708 21.192 21.677 22.161 22.645 23.13 23.614 24.098 24.583 25.067 24.366 23.267 22.167 21.067 19.458 17.133 14.807 12.482 10.157 10.027 9.969 9.912 9.854 9.796 9.738 9.68 9.623 9.565 9.507 9.449 9.392 9.875 10.382 10.888 11.395 11.901 12.408 12.914 13.421 13.927 14.434 14.94 15.165 14.608 14.052 13.496 12.939 12.697 12.769 12.842 12.914 12.986 12.926 12.779 12.632 12.484 12.337 12.19 12.042 11.895 11.748 11.601 11.453 11.349 12.285 13.222 14.158 15.095 16.032 15.663 15.173 14.684 14.194 13.704 13.215 12.725 12.236 11.746 11.257 10.767 10.559 10.555 10.552 10.548 10.545 10.541 10.538 10.534 10.531 10.527 10.524 10.449 10.315 10.182 10.048 9.914 9.656 8.471 7.285 6.099 4.914 3.728 3.234 3.348 3.462 3.576 3.69 3.804 3.918 4.032 4.146 4.26 4.374 4.344 4.241 4.137 4.034 3.931 3.827 3.724 3.621 3.517 3.414 3.382 4.08 4.777 5.474 6.171 6.868
13.488 13.714 14.363 15.013 15.662 16.164 16.648 17.133 17.617 18.102 18.586 19.07 19.555 20.039 20.523 21.008 21.492 21.977 20.957 19.858 18.758 17.129 14.804 12.478 10.153 9.69 9.632 9.574 9.516 9.459 9.401 9.343 9.285 9.227 9.17 9.112 9.054 8.996 9.489 9.996 10.502 11.009 11.515 12.022 12.528 13.035 13.541 14.048 14.554 15.061 15.071 14.515 13.958 13.402 13.17 13.242 13.315 13.387 13.359 13.212 13.064 12.917 12.77 12.622 12.475 12.328 12.181 12.033 11.886 11.739 11.652 12.589 13.525 14.462 15.398 15.238 14.748 14.259 13.769 13.28 12.79 12.3 11.811 11.321 10.832 10.342 9.853 9.653 9.649 9.646 9.642 9.639 9.635 9.632 9.628 9.625 9.621 9.618 9.614 9.513 9.379 9.245 9.112 8.836 7.65 6.465 5.279 4.093 3.41 3.524 3.638 3.752 3.866 3.98 4.094 4.208 4.322 4.436 4.55 4.663 4.63 4.527 4.423 4.32 4.217 4.114 4.01 3.907 3.804 3.7 3.597 3.728 4.425 5.122 5.819 6.517
10.336 10.459 10.791 11.44 12.089 12.589 13.073 13.558 14.042 14.527 15.011 15.495 15.98 16.464 16.948 17.433 17.917 18.402 18.648 17.548 16.449 14.8 12.475 10.149 9.352 9.295 9.237 9.179 9.121 9.063 9.006 8.948 8.89 8.832 8.775 8.717 8.659 8.601 9.103 9.61 10.116 10.623 11.129 11.636 12.142 12.649 13.155 13.661 14.168 14.674 15.181 14.977 14.421 13.864 13.643 13.715 13.788 13.792 13.644 13.497 13.35 13.202 13.055 12.908 12.761 12.613 12.466 12.319 12.171 12.024 11.955 12.892 13.829 14.765 14.813 14.323 13.834 13.344 12.855 12.365 11.876 11.386 10.896 10.407 9.917 9.428 8.938 8.746 8.743 8.739 8.736 8.732 8.729 8.725 8.722 8.718 8.715 8.711 8.708 8.704 8.576 8.443 8.309 8.016 6.83 5.644 4.459 3.586 3.7 3.814 3.928 4.042 4.156 4.27 4.384 4.498 4.612 4.726 4.839 4.953 4.916 4.813 4.71 4.606 4.503 4.4 4.296 4.193 4.09 3.986 3.883 3.78 4.073 4.77 5.468 6.165
7.184 7.307 7.431 7.868 8.517 9.014 9.498 9.983 10.467 10.952 11.436 11.92 12.405 12.889 13.373 13.858 14.342 14.827 15.311 15.239 14.14 12.471 10.146 9.015 8.957 8.899 8.842 8.784 8.726 8.668 8.61 8.553 8.495 8.437 8.379 8.322 8.264 8.211 8.717 9.224 9.73 10.237 10.743 11.25 11.756 12.262 12.769 13.275 13.782 14.288 14.795 15.301 14.883 14.327 14.116 14.188 14.224 14.077 13.93 13.782 13.635 13.488 13.341 13.193 13.046 12.899 12.751 12.604 12.457 12.309 12.259 13.195 14.132 14.388 13.898 13.409 12.919 12.43 11.94 11.451 10.961 10.472 9.982 9.492 9.003 8.513 8.024 7.84 7.836 7.833 7.829 7.826 7.822 7.819 7.816 7.812 7.809 7.805 7.802 7.798 7.774 7.64 7.507 7.195 6.01 4.824 3.763 3.876 3.99 4.104 4.218 4.332 4.446 4.56 4.674 4.788 4.902 5.015 5.129 5.243 5.202 5.099 4.996 4.893 4.789 4.686 4.583 4.479 4.376 4.273 4.169 4.066 3.963 4.419 5.116 5.813
4.032 4.155 4.279 4.402 4.945 5.439 5.923 6.408 6.892 7.377 7.861 8.345 8.83 9.314 9.799 10.283 10.767 11.252 11.736 12.22 11.83 10.142 8.677 8.62 8.562 8.504 8.446 8.389 8.331 8.273 8.215 8.157 8.1 8.042 7.984 7.926 7.869 7.825 8.331 8.838 9.344 9.85 10.357 10.863 11.37 11.876 12.383 12.889 13.396 13.902 14.409 14.915 15.346 14.79 14.589 14.657 14.51 14.362 14.215 14.068 13.921 13.773 13.626 13.479 13.331 13.184 13.037 12.889 12.742 12.595 12.562 13.499 13.963 13.474 12.984 12.494 12.005 11.515 11.026 10.536 10.047 9.557 9.068 8.578 8.088 7.599 7.109 6.934 6.93 6.927 6.923 6.92 6.916 6.913 6.909 6.906 6.902 6.899 6.895 6.892 6.888 6.838 6.704 6.375 5.189 4.004 4.052 4.166 4.28 4.394 4.508 4.622 4.736 4.85 4.964 5.078 5.191 5.305 5.419 5.533 5.489 5.385 5.282 5.179 5.075 4.972 4.869 4.766 4.662 4.559 4.456 4.352 4.249 4.146 4.764 5.461
0.913 1.003 1.127 1.25 1.373 1.864 2.348 2.833 3.317 3.802 4.286 4.77 5.255 5.739 6.224 6.708 7.192 7.677 8.161 8.645 9.13 8.34 8.282 8.224 8.167 8.109 8.051 7.993 7.936 7.878 7.82 7.762 7.704 7.647 7.589 7.531 7.473 7.439 7.945 8.451 8.958 9.464 9.971 10.477 10.984 11.49 11.997 12.503 13.01 13.516 14.023 14.529 15.036 15.252 15.061 14.942 14.795 14.648 14.501 14.353 14.206 14.059 13.911 13.764 13.617 13.469 13.322 13.175 13.028 12.88 12.865 13.538 13.049 12.559 12.07 11.58 11.09 10.601 10.111 9.622 9.132 8.643 8.153 7.664 7.174 6.684 6.195 6.027 6.024 6.02 6.017 6.013 6.01 6.006 6.003 5.999 5.996 5.992 5.989 5.985 5.982 5.978 5.902 5.555 4.369 4.228 4.342 4.456 4.57 4.684 4.798 4.912 5.026 5.14 5.254 5.367 5.481 5.595 5.709 5.823 5.775 5.672 5.568 5.465 5.362 5.258 5.155 5.052 4.948 4.845 4.742 4.638 4.535 4.432 4.412 5.109
0.915 0.988 1.062 1.135 1.436 1.858 2.281 2.704 3.128 3.551 3.974 4.398 4.821 5.245 5.668 6.091 6.515 6.938 7.361 7.785 8.192 8.298 8.234 8.168 8.102 8.036 7.969 7.903 7.837 7.771 7.704 7.638 7.572 7.506 7.439 7.373 7.307 7.251 7.645 8.148 8.651 9.154 9.657 10.16 10.663 11.166 11.669 12.172 12.675 13.178 13.681 14.184 14.687 15.19 15.309 15.169 15.029 14.89 14.75 14.611 14.471 14.332 14.192 14.049 13.902 13.755 13.608 13.46 13.313 13.166 13.113 12.624 12.134 11.645 11.155 10.666 10.176 9.686 9.197 8.707 8.218 7.728 7.239 6.749 6.26 5.77 5.28 5.121 5.118 5.114 5.111 5.107 5.104 5.1 5.097 5.093 5.09 5.086 5.083 5.079 5.076 5.072 5.069 4.734 4.404 4.518 4.632 4.746 4.86 4.974 5.088 5.202 5.316 5.43 5.544 5.657 5.771 5.885 5.999 6.113 6.061 5.958 5.854 5.751 5.648 5.545 5.441 5.338 5.235 5.131 5.028 4.925 4.821 4.718 4.615 4.757
0.916 0.989 1.063 1.319 1.691 2.113 2.537 2.96 3.383 3.807 4.23 4.653 5.077 5.5 5.923 6.347 6.77 7.194 7.617 8.04 8.284 8.386 8.365 8.299 8.233 8.166 8.1 8.034 7.968 7.901 7.835 7.769 7.703 7.636 7.57 7.504 7.438 7.385 7.503 7.974 8.477 8.98 9.483 9.986 10.489 10.992 11.495 11.998 12.501 13.004 13.507 14.01 14.513 15.016 15.125 14.985 14.845 14.706 14.566 14.427 14.287 14.148 14.008 13.868 13.729 13.589 13.45 13.31 13.171 13.031 12.874 12.536 12.031 11.525 11.02 10.514 10.009 9.503 8.998 8.492 7.987 7.481 6.975 6.47 5.964 5.459 4.953 4.786 4.766 4.747 4.727 4.707 4.688 4.668 4.648 4.629 4.609 4.59 4.57 4.55 4.531 4.511 4.491 4.469 4.58 4.7 4.82 4.941 5.061 5.181 5.301 5.421 5.542 5.662 5.782 5.902 6.022 6.143 6.263 6.383 6.334 6.237 6.14 6.037 5.934 5.831 5.727 5.624 5.521 5.418 5.314 5.211 5.108 5.004 4.901 4.798
0.917 0.99 1.203 1.574 1.945 2.369 2.792 3.215 3.639 4.062 4.486 4.909 5.332 5.756 6.179 6.602 7.026 7.449 7.872 8.145 8.376 8.475 8.462 8.429 8.363 8.297 8.231 8.164 8.098 8.032 7.966 7.899 7.833 7.767 7.701 7.634 7.568 7.518 7.637 7.801 8.304 8.807 9.31 9.813 10.316 10.819 11.322 11.825 12.328 12.831 13.334 13.837 14.34 14.843 14.941 14.801 14.662 14.522 14.382 14.243 14.103 13.964 13.824 13.685 13.545 13.405 13.266 13.126 12.987 12.84 12.681 12.474 12.076 11.571 11.065 10.56 10.054 9.549 9.043 8.537 8.032 7.526 7.021 6.515 6.01 5.504 4.999 4.839 4.82 4.8 4.781 4.761 4.741 4.722 4.702 4.682 4.663 4.643 4.623 4.604 4.584 4.564 4.591 4.624 4.499 4.619 4.74 4.86 4.98 5.1 5.22 5.341 5.461 5.581 5.701 5.821 5.942 6.062 6.182 6.302 6.249 6.152 6.055 5.958 5.862 5.765 5.668 5.571 5.474 5.377 5.28 5.183 5.086 4.989 4.892 4.795
0.918 1.087 1.458 1.829 2.201 2.624 3.048 3.471 3.894 4.318 4.741 5.164 5.588 6.011 6.434 6.858 7.281 7.705 8.005 8.237 8.469 8.563 8.55 8.537 8.494 8.428 8.361 8.295 8.229 8.163 8.096 8.03 7.964 7.898 7.831 7.765 7.699 7.652 7.77 7.889 8.13 8.633 9.136 9.639 10.142 10.645 11.148 11.651 12.154 12.657 13.16 13.663 14.166 14.669 14.757 14.617 14.478 14.338 14.198 14.059 13.919 13.78 13.64 13.501 13.361 13.221 13.082 12.942 12.797 12.648 12.487 12.281 12.075 11.616 11.111 10.605 10.099 9.594 9.088 8.583 8.077 7.572 7.066 6.561 6.055 5.55 5.044 4.893 4.873 4.854 4.834 4.814 4.795 4.775 4.755 4.736 4.716 4.697 4.677 4.657 4.638 4.645 4.751 4.78 4.604 4.539 4.659 4.779 4.899 5.02 5.14 5.26 5.38 5.5 5.621 5.741 5.861 5.981 6.101 6.222 6.165 6.068 5.971 5.874 5.777 5.68 5.583 5.486 5.389 5.292 5.195 5.099 5.002 4.905 4.808 4.837
0.97 1.341 1.712 2.083 2.456 2.88 3.303 3.726 4.15 4.573 4.997 5.42 5.843 6.267 6.69 7.113 7.537 7.865 8.097 8.329 8.561 8.651 8.638 8.625 8.612 8.558 8.492 8.426 8.36 8.293 8.227 8.161 8.095 8.028 7.962 7.896 7.83 7.786 7.904 8.022 8.141 8.46 8.963 9.466 9.969 10.472 10.975 11.478 11.981 12.484 12.987 13.49 13.993 14.496 14.573 14.433 14.294 14.154 14.014 13.875 13.735 13.596 13.456 13.317 13.177 13.037 12.898 12.754 12.605 12.455 12.294 12.088 11.881 11.661 11.156 10.65 10.145 9.639 9.134 8.628 8.123 7.617 7.112 6.606 6.101 5.595 5.089 4.947 4.927 4.907 4.888 4.868 4.848 4.829 4.809 4.789 4.77 4.75 4.73 4.711 4.7 4.806 4.911 4.935 4.759 4.583 4.578 4.698 4.819 4.939 5.059 5.179 5.299 5.42 5.54 5.66 5.78 5.9 6.021 6.141 6.08 5.984 5.887 5.79 5.693 5.596 5.499 5.402 5.305 5.208 5.111 5.014 4.917 4.82 4.827 4.882
1.225 1.596 1.967 2.338 2.712 3.135 3.559 3.982 4.405 4.829 5.252 5.675 6.099 6.522 6.946 7.369 7.726 7.958 8.189 8.421 8.653 8.74 8.727 8.713 8.7 8.687 8.623 8.556 8.49 8.424 8.358 8.291 8.225 8.159 8.093 8.026 7.96 7.919 8.038 8.156 8.274 8.393 8.789 9.292 9.795 10.298 10.801 11.304 11.808 12.311 12.814 13.317 13.82 14.323 14.389 14.249 14.11 13.97 13.83 13.691 13.551 13.412 13.272 13.133 12.993 12.853 12.711 12.562 12.412 12.263 12.101 11.895 11.688 11.482 11.201 10.696 10.19 9.685 9.179 8.674 8.168 7.662 7.157 6.651 6.146 5.64 5.135 5.0 4.98 4.961 4.941 4.921 4.902 4.882 4.862 4.843 4.823 4.804 4.784 4.764 4.86 4.966 5.071 5.09 4.914 4.738 4.563 4.618 4.738 4.858 4.978 5.099 5.219 5.339 5.459 5.579 5.7 5.82 5.94 6.06 5.996 5.899 5.802 5.705 5.608 5.511 5.414 5.317 5.221 5.124 5.027 4.93 4.833 4.818 4.872 4.926
1.48 1.851 2.222 2.593 2.967 3.391 3.814 4.238 4.661 5.084 5.508 5.931 6.354 6.778 7.201 7.586 7.818 8.05 8.282 8.513 8.745 8.828 8.815 8.802 8.788 8.775 8.753 8.687 8.621 8.555 8.488 8.422 8.356 8.29 8.223 8.157 8.091 8.053 8.171 8.29 8.408 8.526 8.645 9.119 9.622 10.125 10.628 11.131 11.634 12.137 12.64 13.143 13.646 14.149 14.205 14.065 13.926 13.786 13.647 13.507 13.367 13.228 13.088 12.949 12.809 12.668 12.519 12.369 12.22 12.071 11.908 11.701 11.495 11.288 11.082 10.741 10.236 9.73 9.224 8.719 8.213 7.708 7.202 6.697 6.191 5.686 5.18 5.054 5.034 5.014 4.995 4.975 4.955 4.936 4.916 4.896 4.877 4.857 4.837 4.915 5.021 5.126 5.231 5.246 5.07 4.894 4.718 4.542 4.657 4.777 4.898 5.018 5.138 5.258 5.378 5.499 5.619 5.739 5.859 5.979 5.912 5.815 5.718 5.621 5.524 5.427 5.33 5.233 5.136 5.039 4.942 4.845 4.809 4.863 4.917 4.971
1.734 2.105 2.476 2.848 3.223 3.646 4.07 4.493 4.916 5.34 5.763 6.186 6.61 7.033 7.447 7.678 7.91 8.142 8.374 8.606 8.837 8.916 8.903 8.89 8.877 8.864 8.85 8.818 8.751 8.685 8.619 8.553 8.487 8.42 8.354 8.288 8.222 8.187 8.305 8.423 8.542 8.66 8.778 8.946 9.449 9.952 10.455 10.958 11.461 11.964 12.467 12.97 13.473 13.976 14.021 13.881 13.742 13.602 13.463 13.323 13.183 13.044 12.904 12.765 12.625 12.476 12.326 12.177 12.028 11.878 11.715 11.508 11.302 11.095 10.889 10.682 10.281 9.775 9.27 8.764 8.259 7.753 7.248 6.742 6.237 5.731 5.226 5.107 5.087 5.068 5.048 5.028 5.009 4.989 4.969 4.95 4.93 4.911 4.97 5.075 5.181 5.286 5.391 5.401 5.225 5.049 4.873 4.697 4.577 4.697 4.817 4.937 5.057 5.178 5.298 5.418 5.538 5.658 5.779 5.899 5.827 5.73 5.633 5.536 5.439 5.343 5.246 5.149 5.052 4.955 4.858 4.799 4.853 4.907 4.961 5.016
1.989 2.36 2.731 3.102 3.478 3.902 4.325 4.749 5.172 5.595 6.019 6.442 6.865 7.289 7.539 7.771 8.002 8.234 8.466 8.698 8.93 9.005 8.991 8.978 8.965 8.952 8.939 8.925 8.882 8.816 8.75 8.683 8.617 8.551 8.485 8.418 8.352 8.32 8.439 8.557 8.675 8.794 8.912 9.03 9.275 9.778 10.281 10.784 11.287 11.79 12.293 12.796 13.299 13.802 13.837 13.697 13.558 13.418 13.279 13.139 12.999 12.86 12.72 12.581 12.433 12.283 12.134 11.985 11.835 11.686 11.521 11.315 11.108 10.902 10.696 10.489 10.283 9.821 9.315 8.81 8.304 7.799 7.293 6.788 6.282 5.776 5.271 5.161 5.141 5.121 5.102 5.082 5.062 5.043 5.023 5.003 4.984 5.025 5.13 5.236 5.341 5.446 5.551 5.556 5.38 5.204 5.028 4.853 4.677 4.616 4.736 4.856 4.977 5.097 5.217 5.337 5.457 5.578 5.698 5.818 5.743 5.646 5.549 5.452 5.355 5.258 5.161 5.064 4.967 4.87 4.79 4.844 4.898 4.952 5.006 5.06
2.244 2.615 2.986 3.357 3.734 4.157 4.581 5.004 5.427 5.851 6.274 6.698 7.121 7.399 7.631 7.863 8.095 8.326 8.558 8.79 9.022 9.093 9.08 9.067 9.053 9.04 9.027 9.014 9.001 8.947 8.88 8.814 8.748 8.682 8.615 8.549 8.483 8.454 8.572 8.691 8.809 8.927 9.046 9.164 9.282 9.605 10.108 10.611 11.114 11.617 12.12 12.623 13.126 13.629 13.653 13.513 13.374 13.234 13.095 12.955 12.816 12.676 12.536 12.39 12.24 12.091 11.942 11.793 11.643 11.494 11.328 11.122 10.915 10.709 10.502 10.296 10.089 9.866 9.361 8.855 8.349 7.844 7.338 6.833 6.327 5.822 5.316 5.214 5.194 5.175 5.155 5.135 5.116 5.096 5.076 5.057 5.08 5.185 5.29 5.396 5.501 5.606 5.711 5.712 5.536 5.36 5.184 5.008 4.832 4.656 4.656 4.776 4.896 5.016 5.136 5.257 5.377 5.497 5.617 5.737 5.658 5.561 5.465 5.368 5.271 5.174 5.077 4.98 4.883 4.786 4.834 4.888 4.943 4.997 5.051 5.105
2.498 2.869 3.241 3.612 3.99 4.413 4.836 5.26 5.683 6.106 6.53 6.953 7.26 7.491 7.723 7.955 8.187 8.419 8.651 8.882 9.114 9.181 9.168 9.155 9.142 9.128 9.115 9.102 9.089 9.076 9.011 8.945 8.878 8.812 8.746 8.68 8.613 8.588 8.706 8.824 8.943 9.061 9.179 9.298 9.416 9.534 9.934 10.437 10.94 11.443 11.946 12.449 12.952 13.455 13.469 13.329 13.19 13.05 12.911 12.771 12.632 12.492 12.347 12.198 12.048 11.899 11.75 11.6 11.451 11.302 11.135 10.928 10.722 10.516 10.309 10.103 9.896 9.69 9.406 8.9 8.395 7.889 7.384 6.878 6.373 5.867 5.362 5.268 5.248 5.228 5.209 5.189 5.169 5.15 5.13 5.135 5.24 5.345 5.451 5.556 5.661 5.766 5.871 5.867 5.691 5.515 5.339 5.163 4.987 4.811 4.635 4.695 4.815 4.935 5.056 5.176 5.296 5.416 5.536 5.657 5.574 5.477 5.38 5.283 5.186 5.089 4.992 4.895 4.798 4.825 4.879 4.933 4.987 5.041 5.095 5.149
2.753 3.124 3.495 3.866 4.245 4.668 5.092 5.515 5.938 6.362 6.785 7.12 7.352 7.584 7.815 8.047 8.279 8.511 8.743 8.975 9.206 9.27 9.256 9.243 9.23 9.217 9.204 9.19 9.177 9.164 9.142 9.075 9.009 8.943 8.877 8.81 8.744 8.721 8.84 8.958 9.076 9.195 9.313 9.431 9.55 9.668 9.786 10.264 10.767 11.27 11.773 12.276 12.779 13.282 13.285 13.145 13.006 12.866 12.727 12.587 12.448 12.304 12.155 12.005 11.856 11.707 11.557 11.408 11.259 11.109 10.942 10.735 10.529 10.322 10.116 9.909 9.703 9.497 9.29 8.946 8.44 7.935 7.429 6.924 6.418 5.913 5.407 5.321 5.301 5.282 5.262 5.242 5.223 5.203 5.19 5.295 5.4 5.505 5.611 5.716 5.821 5.926 6.031 6.022 5.846 5.67 5.494 5.318 5.142 4.967 4.791 4.615 4.735 4.855 4.975 5.095 5.215 5.336 5.456 5.576 5.49 5.393 5.296 5.199 5.102 5.005 4.908 4.811 4.816 4.87 4.924 4.978 5.032 5.086 5.14 5.194
3.008 3.379 3.75 4.121 4.501 4.924 5.347 5.771 6.194 6.617 6.98 7.212 7.444 7.676 7.908 8.14 8.371 8.603 8.835 9.067 9.299 9.358 9.345 9.331 9.318 9.305 9.292 9.279 9.265 9.252 9.239 9.206 9.14 9.074 9.007 8.941 8.875 8.855 8.973 9.092 9.21 9.328 9.447 9.565 9.683 9.802 9.92 10.09 10.593 11.097 11.6 12.103 12.606 13.109 13.101 12.961 12.822 12.682 12.543 12.403 12.261 12.112 11.962 11.813 11.664 11.514 11.365 11.216 11.066 10.917 10.748 10.542 10.336 10.129 9.923 9.716 9.51 9.303 9.097 8.89 8.486 7.98 7.475 6.969 6.463 5.958 5.452 5.375 5.355 5.335 5.316 5.296 5.276 5.257 5.35 5.455 5.56 5.666 5.771 5.876 5.981 6.086 6.191 6.177 6.002 5.826 5.65 5.474 5.298 5.122 4.946 4.77 4.654 4.774 4.894 5.014 5.135 5.255 5.375 5.495 5.405 5.308 5.211 5.114 5.017 4.92 4.823 4.806 4.86 4.914 4.968 5.022 5.077 5.131 5.185 5.239
3.262 3.634 4.005 4.376 4.756 5.179 5.603 6.026 6.45 6.841 7.073 7.305 7.536 7.768 8.0 8.232 8.464 8.695 8.927 9.159 9.391 9.446 9.433 9.42 9.407 9.393 9.38 9.367 9.354 9.341 9.327 9.314 9.27 9.204 9.138 9.072 9.005 8.989 9.107 9.225 9.344 9.462 9.58 9.699 9.817 9.935 10.054 10.172 10.42 10.923 11.426 11.929 12.432 12.935 12.917 12.778 12.638 12.498 12.359 12.218 12.069 11.919 11.77 11.621 11.471 11.322 11.173 11.023 10.874 10.725 10.555 10.349 10.142 9.936 9.729 9.523 9.317 9.11 8.904 8.697 8.491 8.025 7.52 7.014 6.509 6.003 5.498 5.428 5.408 5.389 5.369 5.349 5.33 5.405 5.51 5.615 5.72 5.826 5.931 6.036 6.141 6.246 6.351 6.333 6.157 5.981 5.805 5.629 5.453 5.277 5.101 4.925 4.749 4.693 4.814 4.934 5.054 5.174 5.294 5.415 5.321 5.224 5.127 5.03 4.933 4.836 4.797 4.851 4.905 4.959 5.013 5.067 5.121 5.175 5.229 5.283
3.517 3.888 4.259 4.63 5.012 5.435 5.858 6.282 6.701 6.933 7.165 7.397 7.629 7.86 8.092 8.324 8.556 8.788 9.019 9.251 9.483 9.534 9.521 9.508 9.495 9.482 9.468 9.455 9.442 9.429 9.416 9.402 9.389 9.335 9.269 9.202 9.136 9.122 9.241 9.359 9.477 9.596 9.714 9.832 9.951 10.069 10.187 10.306 10.424 10.75 11.253 11.756 12.259 12.762 12.733 12.594 12.454 12.314 12.175 12.026 11.876 11.727 11.578 11.428 11.279 11.13 10.98 10.831 10.682 10.532 10.362 10.156 9.949 9.743 9.536 9.33 9.123 8.917 8.71 8.504 8.298 8.071 7.565 7.06 6.554 6.049 5.543 5.482 5.462 5.442 5.423 5.403 5.46 5.565 5.67 5.775 5.881 5.986 6.091 6.196 6.301 6.406 6.511 6.488 6.312 6.136 5.96 5.784 5.608 5.432 5.257 5.081 4.905 4.729 4.733 4.853 4.973 5.093 5.214 5.333 5.236 5.139 5.042 4.945 4.849 4.787 4.841 4.895 4.949 5.004 5.058 5.112 5.166 5.22 5.274 5.328
3.772 4.143 4.514 4.885 5.267 5.69 6.114 6.537 6.794 7.025 7.257 7.489 7.721 7.953 8.184 8.416 8.648 8.88 9.112 9.343 9.575 9.623 9.61 9.596 9.583 9.57 9.557 9.544 9.53 9.517 9.504 9.491 9.478 9.464 9.399 9.333 9.267 9.256 9.374 9.493 9.611 9.729 9.848 9.966 10.084 10.203 10.321 10.439 10.558 10.676 11.079 11.582 12.085 12.588 12.549 12.41 12.27 12.13 11.983 11.833 11.684 11.535 11.385 11.236 11.087 10.937 10.788 10.639 10.49 10.34 10.169 9.962 9.756 9.549 9.343 9.137 8.93 8.724 8.517 8.311 8.104 7.898 7.611 7.105 6.6 6.094 5.588 5.535 5.515 5.496 5.476 5.515 5.62 5.725 5.83 5.935 6.041 6.146 6.251 6.356 6.461 6.566 6.671 6.643 6.467 6.291 6.116 5.94 5.764 5.588 5.412 5.236 5.06 4.884 4.708 4.772 4.893 5.013 5.133 5.249 5.152 5.055 4.958 4.861 4.778 4.832 4.886 4.94 4.994 5.048 5.102 5.156 5.21 5.265 5.319 5.373
4.026 4.398 4.769 5.14 5.523 5.946 6.369 6.654 6.886 7.118 7.349 7.581 7.813 8.045 8.277 8.508 8.74 8.972 9.204 9.436 9.668 9.711 9.698 9.685 9.671 9.658 9.645 9.632 9.619 9.605 9.592 9.579 9.566 9.553 9.53 9.464 9.397 9.39 9.508 9.626 9.745 9.863 9.981 10.1 10.218 10.336 10.455 10.573 10.691 10.81 10.928 11.409 11.912 12.415 12.365 12.226 12.086 11.94 11.79 11.641 11.492 11.342 11.193 11.044 10.895 10.745 10.596 10.447 10.297 10.148 9.976 9.769 9.563 9.356 9.15 8.943 8.737 8.53 8.324 8.118 7.911 7.705 7.498 7.15 6.645 6.139 5.634 5.589 5.569 5.549 5.57 5.675 5.78 5.885 5.99 6.096 6.201 6.306 6.411 6.516 6.621 6.726 6.831 6.799 6.623 6.447 6.271 6.095 5.919 5.743 5.567 5.391 5.215 5.039 4.863 4.692 4.812 4.932 5.052 5.164 5.067 4.971 4.874 4.777 4.822 4.877 4.931 4.985 5.039 5.093 5.147 5.201 5.255 5.309 5.363 5.417
4.281 4.652 5.023 5.394 5.778 6.202 6.514 6.746 6.978 7.21 7.442 7.673 7.905 8.137 8.369 8.601 8.832 9.064 9.296 9.528 9.76 9.799 9.786 9.773 9.76 9.747 9.733 9.72 9.707 9.694 9.681 9.667 9.654 9.641 9.628 9.594 9.528 9.523 9.642 9.76 9.878 9.997 10.115 10.233 10.352 10.47 10.588 10.707 10.825 10.943 11.062 11.235 11.738 12.241 12.181 12.042 11.897 11.747 11.598 11.449 11.3 11.15 11.001 10.852 10.702 10.553 10.404 10.254 10.105 9.956 9.782 9.576 9.369 9.163 8.957 8.75 8.544 8.337 8.131 7.924 7.718 7.511 7.305 7.099 6.69 6.185 5.679 5.642 5.622 5.625 5.73 5.835 5.94 6.045 6.15 6.256 6.361 6.466 6.571 6.676 6.781 6.886 6.991 6.954 6.778 6.602 6.426 6.25 6.074 5.898 5.722 5.547 5.371 5.195 5.019 4.843 4.731 4.851 4.972 5.08 4.983 4.886 4.789 4.813 4.867 4.921 4.975 5.029 5.083 5.138 5.192 5.246 5.3 5.354 5.408 5.462
4.536 4.907 5.278 5.649 6.034 6.375 6.607 6.838 7.07 7.302 7.534 7.766 7.997 8.229 8.461 8.693 8.925 9.157 9.388 9.62 9.852 9.888 9.874 9.861 9.848 9.835 9.822 9.808 9.795 9.782 9.769 9.756 9.742 9.729 9.716 9.703 9.659 9.657 9.775 9.894 10.012 10.13 10.249 10.367 10.485 10.604 10.722 10.84 10.959 11.077 11.195 11.314 11.565 12.068 11.997 11.854 11.705 11.555 11.406 11.257 11.107 10.958 10.809 10.659 10.51 10.361 10.211 10.062 9.913 9.763 9.589 9.383 9.176 8.97 8.763 8.557 8.35 8.144 7.938 7.731 7.525 7.318 7.112 6.905 6.699 6.23 5.725 5.696 5.68 5.785 5.89 5.995 6.1 6.205 6.311 6.416 6.521 6.626 6.731 6.836 6.941 7.046 7.152 7.109 6.933 6.757 6.581 6.406 6.23 6.054 5.878 5.702 5.526 5.35 5.174 4.998 4.822 4.771 4.891 4.996 4.899 4.802 4.804 4.858 4.912 4.966 5.02 5.074 5.128 5.182 5.236 5.29 5.344 5.398 5.453 5.507
4.809 5.176 5.543 5.91 6.232 6.467 6.699 6.931 7.162 7.394 7.626 7.858 8.09 8.322 8.553 8.785 9.017 9.249 9.481 9.712 9.944 9.976 9.963 9.95 9.936 9.923 9.91 9.897 9.884 9.87 9.857 9.844 9.831 9.818 9.804 9.791 9.778 9.791 9.909 10.027 10.146 10.264 10.382 10.501 10.619 10.737 10.856 10.974 11.092 11.211 11.329 11.447 11.566 11.895 11.811 11.662 11.512 11.363 11.214 11.064 10.915 10.766 10.616 10.467 10.318 10.168 10.019 9.87 9.72 9.571 9.396 9.189 8.983 8.777 8.57 8.364 8.157 7.951 7.744 7.538 7.331 7.125 6.919 6.712 6.506 6.275 5.77 5.749 5.84 5.945 6.05 6.155 6.26 6.365 6.471 6.576 6.681 6.786 6.891 6.996 7.101 7.206 7.312 7.265 7.089 6.913 6.737 6.561 6.385 6.209 6.033 5.857 5.681 5.505 5.329 5.153 4.977 4.802 4.81 4.911 4.814 4.794 4.848 4.902 4.956 5.01 5.065 5.119 5.173 5.227 5.281 5.335 5.389 5.443 5.497 5.551
5.324 5.691 6.058 6.425 6.447 6.112 6.351 6.59 6.829 7.068 7.307 7.546 7.785 8.024 8.263 8.502 8.741 8.98 9.219 9.458 9.697 9.732 9.726 9.72 9.714 9.708 9.702 9.696 9.69 9.684 9.678 9.673 9.667 9.661 9.655 9.649 9.643 9.796 9.919 10.042 10.164 10.287 10.41 10.533 10.655 10.778 10.901 11.023 11.146 11.269 11.391 11.514 11.637 11.714 11.571 11.426 11.28 11.135 10.99 10.844 10.699 10.553 10.408 10.262 10.117 9.971 9.826 9.677 9.528 9.379 9.203 8.996 8.79 8.583 8.377 8.17 7.964 7.758 7.551 7.345 7.138 6.932 6.725 6.519 6.312 6.106 5.822 5.895 6.0 6.105 6.21 6.315 6.42 6.525 6.631 6.736 6.841 6.946 7.051 7.156 7.261 7.367 7.472 7.42 7.244 7.068 6.892 6.716 6.54 6.364 6.188 6.012 5.837 5.661 5.485 5.309 5.133 4.957 4.781 4.827 4.785 4.839 4.893 4.947 5.001 5.055 5.109 5.163 5.217 5.271 5.326 5.38 5.434 5.488 5.542 5.596
5.839 6.206 6.573 6.94 6.943 6.112 5.991 6.23 6.469 6.708 6.947 7.187 7.426 7.665 7.904 8.143 8.382 8.621 8.86 9.099 9.338 9.369 9.363 9.357 9.351 9.345 9.339 9.333 9.327 9.321 9.315 9.31 9.304 9.298 9.292 9.286 9.454 9.663 9.786 9.908 10.031 10.154 10.276 10.399 10.522 10.644 10.767 10.89 11.013 11.135 11.258 11.381 11.503 11.215 11.14 10.999 10.854 10.708 10.563 10.417 10.272 10.126 9.981 9.835 9.69 9.544 9.399 9.254 9.108 8.963 8.789 8.587 8.384 8.182 7.979 7.777 7.574 7.372 7.169 6.967 6.764 6.562 6.359 6.156 5.954 5.751 5.872 5.991 6.098 6.205 6.312 6.418 6.525 6.632 6.739 6.845 6.952 7.059 7.166 7.272 7.379 7.486 7.593 7.605 7.428 7.25 7.073 6.896 6.719 6.541 6.364 6.187 6.01 5.832 5.655 5.478 5.301 5.123 4.946 4.797 4.848 4.899 4.949 5.0 5.051 5.102 5.154 5.208 5.262 5.316 5.37 5.424 5.478 5.532 5.586 5.641
6.354 6.721 7.088 7.455 7.439 6.608 5.776 5.871 6.11 6.349 6.588 6.827 7.066 7.305 7.544 7.783 8.022 8.261 8.5 8.739 8.978 9.006 9.0 8.994 8.988 8.982 8.976 8.97 8.964 8.958 8.952 8.946 8.941 8.935 8.929 9.057 9.323 9.53 9.652 9.775 9.898 10.02 10.143 10.266 10.388 10.511 10.634 10.756 10.879 11.002 11.125 11.247 11.022 10.716 10.645 10.572 10.427 10.281 10.136 9.99 9.845 9.699 9.554 9.408 9.263 9.118 8.972 8.827 8.681 8.536 8.362 8.159 7.956 7.754 7.551 7.349 7.146 6.944 6.741 6.539 6.336 6.134 5.931 5.729 5.526 5.572 5.917 6.047 6.161 6.268 6.374 6.481 6.588 6.695 6.801 6.908 7.015 7.122 7.228 7.335 7.442 7.549 7.656 7.721 7.66 7.483 7.306 7.129 6.951 6.774 6.597 6.42 6.242 6.065 5.888 5.711 5.533 5.356 5.179 5.033 5.084 5.135 5.186 5.237 5.287 5.338 5.389 5.44 5.49 5.541 5.592 5.643 5.694 5.744 5.795 5.781
6.869 7.236 7.603 7.97 7.935 7.104 6.272 5.512 5.751 5.99 6.229 6.468 6.707 6.946 7.185 7.424 7.663 7.902 8.141 8.38 8.619 8.643 8.637 8.631 8.625 8.619 8.613 8.607 8.601 8.595 8.589 8.583 8.577 8.572 8.659 8.925 9.192 9.396 9.519 9.641 9.764 9.887 10.01 10.132 10.255 10.378 10.5 10.623 10.746 10.868 10.991 10.828 10.523 10.217 10.15 10.09 10.0 9.854 9.709 9.563 9.418 9.272 9.127 8.981 8.836 8.691 8.545 8.4 8.254 8.109 7.934 7.731 7.529 7.326 7.124 6.921 6.718 6.516 6.313 6.111 5.908 5.706 5.503 5.301 5.266 5.62 5.961 6.091 6.221 6.331 6.437 6.544 6.651 6.758 6.864 6.971 7.078 7.185 7.291 7.398 7.505 7.612 7.718 7.783 7.82 7.716 7.538 7.361 7.184 7.007 6.829 6.652 6.475 6.298 6.12 5.943 5.766 5.589 5.412 5.27 5.321 5.372 5.422 5.473 5.524 5.575 5.625 5.676 5.727 5.778 5.829 5.879 5.93 5.981 5.992 5.871
7.384 7.751 8.118 8.485 8.431 7.6 6.768 5.937 5.392 5.631 5.87 6.109 6.348 6.587 6.826 7.065 7.304 7.543 7.782 8.021 8.26 8.28 8.274 8.268 8.262 8.256 8.25 8.244 8.238 8.232 8.226 8.22 8.214 8.262 8.528 8.794 9.06 9.263 9.385 9.508 9.631 9.753 9.876 9.999 10.122 10.244 10.367 10.49 10.612 10.735 10.635 10.329 10.023 9.718 9.655 9.595 9.535 9.427 9.282 9.136 8.991 8.845 8.7 8.555 8.409 8.264 8.118 7.973 7.827 7.682 7.506 7.303 7.101 6.898 6.696 6.493 6.291 6.088 5.886 5.683 5.48 5.278 5.075 4.959 5.314 5.668 6.005 6.135 6.265 6.393 6.5 6.607 6.714 6.82 6.927 7.034 7.141 7.248 7.354 7.461 7.568 7.675 7.781 7.845 7.882 7.919 7.771 7.594 7.417 7.239 7.062 6.885 6.708 6.53 6.353 6.176 5.999 5.821 5.644 5.507 5.557 5.608 5.659 5.71 5.76 5.811 5.862 5.913 5.964 6.014 6.065 6.116 6.167 6.202 6.082 5.961
7.898 8.265 8.632 8.999 8.927 8.095 7.264 6.433 5.601 5.272 5.511 5.75 5.989 6.228 6.467 6.706 6.945 7.184 7.423 7.662 7.901 7.916 7.911 7.905 7.899 7.893 7.887 7.881 7.875 7.869 7.863 7.857 7.865 8.131 8.397 8.663 8.929 9.129 9.252 9.375 9.497 9.62 9.743 9.865 9.988 10.111 10.233 10.356 10.479 10.442 10.136 9.83 9.524 9.22 9.16 9.1 9.04 8.98 8.855 8.709 8.564 8.419 8.273 8.128 7.982 7.837 7.691 7.546 7.4 7.255 7.078 6.875 6.673 6.47 6.268 6.065 5.863 5.66 5.458 5.255 5.053 4.85 4.652 5.007 5.362 5.716 6.049 6.179 6.31 6.44 6.563 6.67 6.777 6.883 6.99 7.097 7.204 7.31 7.417 7.524 7.631 7.737 7.844 7.906 7.944 7.981 8.004 7.826 7.649 7.472 7.295 7.118 6.94 6.763 6.586 6.409 6.231 6.054 5.877 5.743 5.794 5.845 5.895 5.946 5.997 6.048 6.099 6.149 6.2 6.251 6.302 6.352 6.403 6.292 6.172 6.052
8.413 8.78 9.147 9.514 9.423 8.591 7.76 6.929 6.097 5.266 5.152 5.391 5.63 5.869 6.108 6.347 6.586 6.825 7.064 7.303 7.542 7.553 7.547 7.542 7.536 7.53 7.524 7.518 7.512 7.506 7.5 7.494 7.734 8.0 8.266 8.532 8.798 8.996 9.119 9.241 9.364 9.487 9.609 9.732 9.855 9.977 10.1 10.223 10.249 9.943 9.637 9.331 9.025 8.725 8.665 8.605 8.545 8.485 8.425 8.283 8.137 7.992 7.846 7.701 7.555 7.41 7.264 7.119 6.973 6.828 6.65 6.448 6.245 6.042 5.84 5.637 5.435 5.232 5.03 4.827 4.625 4.422 4.7 5.055 5.41 5.764 6.094 6.224 6.354 6.484 6.614 6.733 6.84 6.946 7.053 7.16 7.267 7.373 7.48 7.587 7.694 7.8 7.907 7.968 8.005 8.042 8.08 8.059 7.882 7.705 7.527 7.35 7.173 6.996 6.818 6.641 6.464 6.287 6.109 5.98 6.03 6.081 6.132 6.183 6.233 6.284 6.335 6.386 6.437 6.487 6.538 6.589 6.503 6.383 6.262 6.142
8.928 9.295 9.662 10.029 9.919 9.087 8.256 7.425 6.593 5.762 4.931 5.032 5.271 5.51 5.749 5.988 6.227 6.466 6.705 6.944 7.183 7.19 7.184 7.178 7.173 7.167 7.161 7.155 7.149 7.143 7.137 7.336 7.603 7.869 8.135 8.401 8.667 8.862 8.985 9.108 9.23 9.353 9.476 9.599 9.721 9.844 9.967 10.056 9.75 9.444 9.138 8.832 8.526 8.23 8.17 8.11 8.05 7.99 7.93 7.856 7.71 7.565 7.419 7.274 7.128 6.983 6.837 6.692 6.547 6.401 6.222 6.02 5.817 5.615 5.412 5.21 5.007 4.804 4.602 4.399 4.197 4.393 4.748 5.103 5.458 5.812 6.138 6.268 6.398 6.528 6.658 6.789 6.902 7.009 7.116 7.223 7.329 7.436 7.543 7.65 7.757 7.863 7.97 8.03 8.067 8.104 8.141 8.179 8.115 7.937 7.76 7.583 7.406 7.228 7.051 6.874 6.697 6.519 6.342 6.216 6.267 6.318 6.368 6.419 6.47 6.521 6.572 6.622 6.673 6.724 6.775 6.714 6.593 6.473 6.353 6.232
9.443 9.81 10.177 10.544 10.414 9.583 8.752 7.921 7.089 6.258 5.427 4.673 4.912 5.151 5.39 5.629 5.868 6.107 6.346 6.585 6.824 6.827 6.821 6.815 6.81 6.804 6.798 6.792 6.786 6.78 6.939 7.205 7.471 7.738 8.004 8.27 8.536 8.729 8.852 8.974 9.097 9.22 9.342 9.465 9.588 9.711 9.833 9.557 9.251 8.945 8.639 8.333 8.027 7.736 7.675 7.615 7.555 7.495 7.435 7.375 7.283 7.138 6.992 6.847 6.701 6.556 6.411 6.265 6.12 5.974 5.794 5.592 5.389 5.187 4.984 4.782 4.579 4.377 4.174 3.972 4.086 4.441 4.796 5.151 5.506 5.86 6.182 6.312 6.442 6.573 6.703 6.833 6.963 7.072 7.179 7.286 7.392 7.499 7.606 7.713 7.819 7.926 8.033 8.091 8.129 8.166 8.203 8.24 8.278 8.17 7.993 7.815 7.638 7.461 7.284 7.106 6.929 6.752 6.575 6.453 6.503 6.554 6.605 6.656 6.707 6.757 6.808 6.859 6.91 6.96 6.924 6.804 6.684 6.563 6.443 6.323
9.958 10.325 10.692 11.059 10.91 10.079 9.248 8.416 7.585 6.754 5.922 5.091 4.552 4.791 5.03 5.269 5.508 5.747 5.986 6.225 6.464 6.464 6.458 6.452 6.446 6.441 6.435 6.429 6.423 6.542 6.808 7.074 7.34 7.607 7.873 8.139 8.405 8.596 8.718 8.841 8.964 9.086 9.209 9.332 9.454 9.577 9.364 9.058 8.752 8.446 8.14 7.834 7.528 7.241 7.18 7.12 7.06 7.0 6.94 6.88 6.819 6.711 6.565 6.42 6.275 6.129 5.984 5.838 5.693 5.547 5.366 5.164 4.961 4.759 4.556 4.354 4.151 3.949 3.746 3.779 4.134 4.489 4.844 5.199 5.554 5.908 6.226 6.356 6.487 6.617 6.747 6.877 7.007 7.135 7.242 7.348 7.455 7.562 7.669 7.776 7.882 7.989 8.096 8.153 8.19 8.228 8.265 8.302 8.339 8.376 8.225 8.048 7.871 7.694 7.516 7.339 7.162 6.985 6.807 6.689 6.74 6.791 6.842 6.892 6.943 6.994 7.045 7.095 7.146 7.135 7.015 6.894 6.774 6.654 6.533 6.413
10.473 10.84 11.207 11.574 11.406 10.575 9.744 8.912 8.081 7.25 6.418 5.587 4.756 4.432 4.671 4.91 5.149 5.388 5.627 5.866 6.105 6.101 6.095 6.089 6.083 6.077 6.072 6.066 6.145 6.411 6.677 6.943 7.209 7.475 7.742 8.008 8.274 8.462 8.585 8.708 8.83 8.953 9.076 9.198 9.321 9.17 8.865 8.559 8.253 7.947 7.641 7.335 7.029 6.746 6.685 6.625 6.565 6.505 6.445 6.385 6.324 6.264 6.138 5.993 5.848 5.702 5.557 5.411 5.266 5.12 4.939 4.736 4.534 4.331 4.128 3.926 3.723 3.521 3.472 3.827 4.182 4.537 4.892 5.247 5.602 5.956 6.27 6.401 6.531 6.661 6.791 6.921 7.051 7.182 7.305 7.411 7.518 7.625 7.732 7.838 7.945 8.052 8.159 8.215 8.252 8.289 8.327 8.364 8.401 8.438 8.458 8.281 8.103 7.926 7.749 7.572 7.394 7.217 7.04 6.926 6.977 7.027 7.078 7.129 7.18 7.23 7.281 7.332 7.346 7.225 7.105 6.985 6.864 6.744 6.624 6.503
10.988 11.355 11.722 12.089 11.902 11.071 10.24 9.408 8.577 7.746 6.914 6.083 5.252 4.42 4.312 4.551 4.79 5.029 5.268 5.507 5.744 5.738 5.732 5.726 5.72 5.714 5.708 5.747 6.014 6.28 6.546 6.812 7.078 7.344 7.611 7.877 8.143 8.329 8.451 8.574 8.697 8.82 8.942 9.065 8.977 8.671 8.366 8.06 7.754 7.448 7.142 6.836 6.53 6.251 6.19 6.13 6.07 6.01 5.95 5.89 5.829 5.769 5.709 5.566 5.421 5.275 5.13 4.984 4.839 4.693 4.511 4.308 4.106 3.903 3.701 3.498 3.296 3.165 3.52 3.875 4.23 4.585 4.94 5.295 5.65 6.004 6.315 6.445 6.575 6.705 6.835 6.966 7.096 7.226 7.356 7.474 7.581 7.688 7.795 7.901 8.008 8.115 8.222 8.277 8.314 8.351 8.388 8.425 8.463 8.5 8.537 8.513 8.336 8.159 7.982 7.804 7.627 7.45 7.273 7.162 7.213 7.264 7.315 7.365 7.416 7.467 7.518 7.556 7.436 7.316 7.195 7.075 6.955 6.834 6.714 6.594
11.503 11.87 12.237 12.604 12.398 11.567 10.735 9.904 9.073 8.242 7.41 6.579 5.748 4.916 4.085 4.192 4.431 4.67 4.909 5.148 5.381 5.375 5.369 5.363 5.357 5.351 5.35 5.616 5.883 6.149 6.415 6.681 6.947 7.213 7.479 7.746 8.012 8.195 8.318 8.441 8.563 8.686 8.809 8.784 8.478 8.172 7.867 7.561 7.255 6.949 6.643 6.337 6.031 5.756 5.695 5.635 5.575 5.515 5.455 5.395 5.334 5.274 5.214 5.139 4.994 4.848 4.703 4.557 4.412 4.266 4.083 3.88 3.678 3.475 3.273 3.07 2.868 3.213 3.568 3.923 4.278 4.633 4.988 5.343 5.698 6.052 6.359 6.489 6.619 6.749 6.88 7.01 7.14 7.27 7.4 7.53 7.644 7.751 7.857 7.964 8.071 8.178 8.285 8.338 8.376 8.413 8.45 8.487 8.524 8.562 8.599 8.636 8.569 8.391 8.214 8.037 7.86 7.682 7.505 7.399 7.45 7.5 7.551 7.602 7.653 7.703 7.754 7.646 7.526 7.406 7.286 7.165 7.045 6.925 6.804 6.684
12.018 12.385 12.752 13.119 12.894 12.063 11.231 10.4 9.569 8.737 7.906 7.075 6.243 5.412 4.581 3.833 4.072 4.311 4.55 4.789 5.018 5.012 5.006 5.0 4.994 4.988 5.219 5.485 5.751 6.018 6.284 6.55 6.816 7.082 7.348 7.614 7.881 8.062 8.185 8.307 8.43 8.553 8.591 8.285 7.979 7.673 7.368 7.062 6.756 6.45 6.144 5.838 5.532 5.261 5.2 5.14 5.08 5.02 4.96 4.9 4.839 4.779 4.719 4.659 4.567 4.421 4.276 4.13 3.985 3.84 3.655 3.452 3.25 3.047 2.845 2.642 2.907 3.261 3.616 3.971 4.326 4.681 5.036 5.391 5.746 6.1 6.403 6.533 6.664 6.794 6.924 7.054 7.184 7.314 7.445 7.575 7.705 7.814 7.92 8.027 8.134 8.241 8.347 8.4 8.437 8.474 8.512 8.549 8.586 8.623 8.661 8.698 8.735 8.624 8.447 8.27 8.092 7.915 7.738 7.635 7.686 7.737 7.788 7.838 7.889 7.94 7.857 7.737 7.616 7.496 7.376 7.255 7.135 7.015 6.895 6.774
12.533 12.9 13.267 13.634 13.39 12.559 11.727 10.896 10.065 9.233 8.402 7.571 6.739 5.908 5.077 4.245 3.713 3.952 4.191 4.43 4.655 4.649 4.643 4.637 4.631 4.822 5.088 5.354 5.62 5.886 6.153 6.419 6.685 6.951 7.217 7.483 7.75 7.928 8.051 8.174 8.297 8.398 8.092 7.786 7.48 7.174 6.868 6.563 6.257 5.951 5.645 5.339 5.033 4.766 4.705 4.645 4.585 4.525 4.465 4.405 4.344 4.284 4.224 4.164 4.104 3.994 3.849 3.704 3.558 3.413 3.227 3.025 2.822 2.62 2.417 2.6 2.955 3.309 3.664 4.019 4.374 4.729 5.084 5.439 5.794 6.148 6.447 6.578 6.708 6.838 6.968 7.098 7.228 7.359 7.489 7.619 7.749 7.877 7.983 8.09 8.197 8.304 8.41 8.462 8.499 8.536 8.573 8.611 8.648 8.685 8.722 8.759 8.797 8.834 8.679 8.502 8.325 8.148 7.97 7.872 7.923 7.973 8.024 8.075 8.126 8.068 7.947 7.827 7.707 7.586 7.466 7.346 7.225 7.105 6.985 6.865
13.177 13.414 13.782 14.149 13.886 13.055 12.223 11.392 10.561 9.729 8.898 8.067 7.235 6.404 5.573 4.741 3.91 3.593 3.832 4.071 4.292 4.286 4.28 4.274 4.425 4.691 4.957 5.223 5.489 5.755 6.022 6.288 6.554 6.82 7.086 7.352 7.618 7.795 7.918 8.04 8.163 7.899 7.593 7.287 6.981 6.675 6.369 6.064 5.758 5.452 5.146 4.84 4.534 4.271 4.21 4.15 4.09 4.03 3.97 3.91 3.849 3.789 3.729 3.669 3.609 3.549 3.422 3.277 3.131 2.986 2.799 2.597 2.394 2.192 2.293 2.648 3.003 3.357 3.712 4.067 4.422 4.777 5.132 5.487 5.842 6.196 6.492 6.622 6.752 6.882 7.012 7.142 7.273 7.403 7.533 7.663 7.793 7.923 8.046 8.153 8.26 8.366 8.473 8.523 8.561 8.598 8.635 8.672 8.71 8.747 8.784 8.821 8.858 8.896 8.912 8.735 8.558 8.38 8.203 8.108 8.159 8.21 8.261 8.312 8.278 8.158 8.038 7.917 7.797 7.677 7.556 7.436 7.316 7.195 7.075 6.955
14.059 13.966 14.296 14.663 14.382 13.55 12.719 11.888 11.056 10.225 9.394 8.563 7.731 6.9 6.069 5.237 4.406 3.575 3.473 3.712 3.929 3.923 3.917 4.027 4.294 4.56 4.826 5.092 5.358 5.624 5.89 6.157 6.423 6.689 6.955 7.221 7.487 7.662 7.784 7.907 7.706 7.4 7.094 6.788 6.482 6.176 5.87 5.565 5.259 4.953 4.647 4.341 4.035 3.776 3.715 3.655 3.595 3.535 3.475 3.415 3.355 3.294 3.234 3.174 3.114 3.054 2.994 2.85 2.704 2.559 2.371 2.169 1.966 1.986 2.341 2.696 3.051 3.405 3.76 4.115 4.47 4.825 5.18 5.535 5.89 6.244 6.536 6.666 6.796 6.926 7.057 7.187 7.317 7.447 7.577 7.707 7.838 7.968 8.098 8.216 8.323 8.429 8.536 8.585 8.622 8.66 8.697 8.734 8.771 8.808 8.846 8.883 8.92 8.957 8.995 8.967 8.79 8.613 8.436 8.345 8.396 8.446 8.497 8.489 8.369 8.248 8.128 8.008 7.887 7.767 7.647 7.526 7.406 7.286 7.165 7.045
14.941 14.848 14.811 15.178 14.878 14.046 13.215 12.384 11.552 10.721 9.89 9.058 8.227 7.396 6.564 5.733 4.902 4.07 3.239 3.352 3.566 3.56 3.63 3.896 4.162 4.429 4.695 4.961 5.227 5.493 5.759 6.025 6.292 6.558 6.824 7.09 7.356 7.528 7.651 7.512 7.207 6.901 6.595 6.289 5.983 5.677 5.371 5.066 4.76 4.454 4.148 3.842 3.536 3.281 3.22 3.16 3.1 3.04 2.98 2.92 2.86 2.799 2.739 2.679 2.619 2.559 2.499 2.423 2.277 2.132 1.944 1.741 1.679 2.034 2.389 2.744 3.099 3.453 3.808 4.163 4.518 4.873 5.228 5.583 5.938 6.292 6.58 6.71 6.84 6.971 7.101 7.231 7.361 7.491 7.621 7.752 7.882 8.012 8.142 8.272 8.385 8.492 8.599 8.647 8.684 8.721 8.759 8.796 8.833 8.87 8.907 8.945 8.982 9.019 9.056 9.093 9.023 8.846 8.668 8.581 8.632 8.683 8.7 8.579 8.459 8.339 8.218 8.098 7.978 7.857 7.737 7.617 7.496 7.376 7.256 7.135
15.823 15.731 15.638 15.693 15.374 14.542 13.711 12.88 12.048 11.217 10.386 9.554 8.723 7.892 7.06 6.229 5.398 4.566 3.735 2.993 3.203 3.233 3.499 3.765 4.031 4.297 4.564 4.83 5.096 5.362 5.628 5.894 6.161 6.427 6.693 6.959 7.225 7.395 7.319 7.013 6.708 6.402 6.096 5.79 5.484 5.178 4.872 4.567 4.261 3.955 3.649 3.343 3.037 2.786 2.725 2.665 2.605 2.545 2.485 2.425 2.365 2.304 2.244 2.184 2.124 2.064 2.004 1.943 1.85 1.705 1.516 1.372 1.727 2.082 2.437 2.792 3.147 3.501 3.856 4.211 4.566 4.921 5.276 5.631 5.986 6.34 6.624 6.755 6.885 7.015 7.145 7.275 7.405 7.536 7.666 7.796 7.926 8.056 8.186 8.317 8.447 8.555 8.662 8.709 8.746 8.783 8.82 8.858 8.895 8.932 8.969 9.006 9.044 9.081 9.118 9.155 9.192 9.078 8.901 8.818 8.869 8.91 8.79 8.67 8.549 8.429 8.309 8.188 8.068 7.948 7.827 7.707 7.587 7.466 7.346 7.226
16.987 16.861 16.736 16.61 15.853 15.026 14.198 13.37 12.542 11.713 10.882 10.05 9.219 8.388 7.556 6.725 5.894 5.062 4.231 3.4 2.839 3.102 3.368 3.634 3.9 4.166 4.433 4.699 4.965 5.231 5.497 5.763 6.029 6.296 6.562 6.828 7.094 7.126 6.82 6.514 6.209 5.903 5.597 5.291 4.985 4.679 4.373 4.068 3.762 3.456 3.15 2.844 2.538 2.291 2.23 2.17 2.11 2.05 1.99 1.93 1.87 1.809 1.749 1.689 1.629 1.569 1.509 1.448 1.388 1.278 1.088 1.42 1.775 2.13 2.485 2.84 3.195 3.549 3.904 4.259 4.614 4.969 5.324 5.679 6.034 6.388 6.669 6.799 6.929 7.059 7.189 7.319 7.45 7.58 7.71 7.84 7.97 8.1 8.231 8.361 8.491 8.618 8.725 8.77 8.808 8.845 8.882 8.919 8.956 8.994 9.031 9.068 9.105 9.143 9.18 9.217 9.254 9.291 9.134 9.055 9.105 9.001 8.88 8.76 8.64 8.519 8.399 8.279 8.158 8.038 7.918 7.797 7.677 7.557 7.436 7.316
19.947 19.822 19.696 17.942 16.127 15.299 14.471 13.643 12.815 11.988 11.16 10.332 9.504 8.677 7.849 7.021 6.193 5.366 4.538 3.71 3.109 2.911 3.178 3.446 3.713 3.98 4.248 4.515 4.782 5.05 5.317 5.585 5.852 6.119 6.387 6.654 6.921 6.896 6.582 6.268 5.954 5.64 5.326 5.012 4.698 4.385 4.071 3.757 3.443 3.129 2.815 2.501 2.187 1.923 1.855 1.788 1.72 1.653 1.585 1.517 1.45 1.382 1.315 1.247 1.179 1.112 1.044 0.976 0.909 0.841 1.113 1.468 1.823 2.178 2.533 2.888 3.243 3.597 3.952 4.307 4.662 5.017 5.372 5.727 6.082 6.436 6.713 6.843 6.973 7.103 7.233 7.364 7.494 7.624 7.754 7.884 8.014 8.145 8.275 8.405 8.535 8.665 8.788 8.832 8.869 8.907 8.944 8.981 9.018 9.055 9.093 9.13 9.167 9.204 9.241 9.279 9.316 9.353 9.366 9.291 9.211 9.091 8.971 8.85 8.73 8.61 8.489 8.369 8.249 8.128 8.008 7.888 7.767 7.647 7.527 7.406
22.908 22.782 21.503 18.176 16.4 15.572 14.744 13.916 13.089 12.261 11.433 10.605 9.777 8.95 8.122 7.294 6.466 5.639 4.811 4.182 3.626 2.988 2.973 3.24 3.507 3.775 4.042 4.309 4.577 4.844 5.112 5.379 5.646 5.914 6.181 6.448 6.716 6.751 6.579 6.265 5.951 5.637 5.323 5.009 4.695 4.381 4.067 3.753 3.439 3.125 2.812 2.498 2.184 1.922 1.813 1.745 1.678 1.61 1.542 1.475 1.407 1.339 1.272 1.204 1.137 1.069 1.001 0.934 0.866 0.799 1.078 1.434 1.79 2.146 2.503 2.859 3.215 3.571 3.928 4.284 4.64 4.997 5.353 5.709 6.065 6.422 6.48 6.617 6.753 6.89 7.026 7.163 7.299 7.436 7.572 7.709 7.845 7.982 8.118 8.255 8.391 8.528 8.626 8.668 8.714 8.76 8.805 8.851 8.897 8.943 8.989 9.034 9.08 9.126 9.172 9.217 9.263 9.309 9.355 9.322 9.212 9.101 8.99 8.88 8.769 8.659 8.548 8.438 8.327 8.216 8.098 7.978 7.858 7.737 7.617 7.498
25.869 25.063 21.736 18.409 16.673 15.845 15.017 14.189 13.362 12.534 11.706 10.878 10.051 9.223 8.395 7.567 6.74 5.912 5.241 4.701 4.144 3.505 2.866 3.034 3.302 3.569 3.836 4.104 4.371 4.639 4.906 5.173 5.441 5.708 5.975 6.243 6.51 6.54 6.487 6.262 5.948 5.634 5.32 5.006 4.692 4.378 4.064 3.75 3.436 3.122 2.808 2.494 2.18 1.922 1.801 1.702 1.635 1.567 1.5 1.432 1.364 1.297 1.229 1.162 1.094 1.026 0.959 0.891 0.823 0.756 1.042 1.398 1.754 2.111 2.467 2.823 3.18 3.536 3.892 4.248 4.605 4.961 5.317 5.673 6.03 6.092 6.147 6.284 6.42 6.557 6.694 6.83 6.967 7.103 7.24 7.376 7.513 7.649 7.786 7.922 8.059 8.175 8.183 8.226 8.272 8.317 8.363 8.409 8.455 8.501 8.546 8.592 8.638 8.684 8.729 8.775 8.821 8.867 8.895 8.846 8.735 8.625 8.514 8.403 8.293 8.182 8.072 7.961 7.851 7.74 7.629 7.519 7.408 7.298 7.187 7.42
28.624 25.297 21.97 18.643 16.946 16.118 15.29 14.463 13.635 12.807 11.979 11.151 10.324 9.496 8.668 7.84 7.013 6.299 5.76 5.221 4.661 4.023 3.384 2.829 3.096 3.363 3.631 3.898 4.166 4.433 4.7 4.968 5.235 5.502 5.77 6.037 6.304 6.33 6.276 6.222 5.944 5.63 5.316 5.002 4.688 4.375 4.061 3.747 3.433 3.119 2.805 2.491 2.177 1.921 1.801 1.68 1.592 1.525 1.457 1.389 1.322 1.254 1.186 1.119 1.051 0.984 0.916 0.848 0.781 0.713 1.006 1.363 1.719 2.075 2.431 2.788 3.144 3.5 3.856 4.213 4.569 4.925 5.281 5.638 5.751 5.757 5.815 5.951 6.088 6.224 6.361 6.497 6.634 6.77 6.907 7.043 7.18 7.316 7.453 7.589 7.725 7.732 7.74 7.784 7.829 7.875 7.921 7.967 8.012 8.058 8.104 8.15 8.196 8.241 8.287 8.333 8.379 8.412 8.42 8.369 8.259 8.148 8.038 7.927 7.816 7.706 7.595 7.485 7.374 7.264 7.153 7.042 6.932 6.821 7.001 7.325
28.857 25.53 22.203 18.876 17.219 16.391 15.563 14.736 13.908 13.08 12.252 11.425 10.597 9.769 8.941 8.113 7.357 6.818 6.279 5.74 5.179 4.54 3.901 3.263 2.89 3.158 3.425 3.693 3.96 4.227 4.495 4.762 5.029 5.297 5.564 5.831 6.099 6.119 6.065 6.011 5.941 5.627 5.313 4.999 4.685 4.371 4.057 3.743 3.429 3.115 2.802 2.488 2.174 1.921 1.8 1.679 1.559 1.482 1.414 1.347 1.279 1.211 1.144 1.076 1.009 0.941 0.873 0.806 0.738 0.671 0.971 1.327 1.683 2.039 2.396 2.752 3.108 3.465 3.821 4.177 4.533 4.89 5.246 5.411 5.416 5.422 5.482 5.619 5.755 5.892 6.028 6.165 6.301 6.438 6.574 6.711 6.847 6.984 7.12 7.257 7.282 7.289 7.297 7.341 7.387 7.433 7.479 7.524 7.57 7.616 7.662 7.708 7.753 7.799 7.845 7.891 7.93 7.938 7.946 7.893 7.782 7.672 7.561 7.451 7.34 7.229 7.119 7.008 6.898 6.787 6.677 6.566 6.455 6.569 6.914 7.231
29.091 25.764 22.437 19.109 17.492 16.664 15.836 15.009 14.181 13.353 12.525 11.698 10.87 10.042 9.214 8.415 7.876 7.337 6.798 6.259 5.696 5.058 4.419 3.78 3.141 2.952 3.22 3.487 3.754 4.022 4.289 4.556 4.824 5.091 5.358 5.626 5.893 5.908 5.854 5.8 5.746 5.624 5.31 4.996 4.682 4.368 4.054 3.74 3.426 3.112 2.798 2.484 2.17 1.921 1.8 1.679 1.558 1.439 1.372 1.304 1.236 1.169 1.101 1.034 0.966 0.898 0.831 0.763 0.695 0.628 0.935 1.291 1.648 2.004 2.36 2.716 3.073 3.429 3.785 4.141 4.498 4.854 5.07 5.076 5.081 5.087 5.149 5.286 5.422 5.559 5.695 5.832 5.968 6.105 6.241 6.378 6.514 6.651 6.788 6.832 6.839 6.847 6.854 6.899 6.945 6.991 7.036 7.082 7.128 7.174 7.22 7.265 7.311 7.357 7.403 7.447 7.455 7.463 7.472 7.416 7.306 7.195 7.085 6.974 6.863 6.753 6.642 6.532 6.421 6.311 6.2 6.089 6.137 6.482 6.827 7.136
29.324 25.997 22.67 19.343 17.765 16.937 16.11 15.282 14.454 13.626 12.799 11.971 11.143 10.315 9.487 8.934 8.395 7.856 7.317 6.778 6.214 5.575 4.936 4.298 3.659 3.02 3.014 3.281 3.549 3.816 4.083 4.351 4.618 4.885 5.153 5.42 5.687 5.697 5.643 5.589 5.535 5.482 5.306 4.992 4.679 4.365 4.051 3.737 3.423 3.109 2.795 2.481 2.167 1.921 1.8 1.679 1.558 1.437 1.329 1.261 1.194 1.126 1.058 0.991 0.923 0.856 0.788 0.72 0.653 0.585 0.899 1.256 1.612 1.968 2.324 2.681 3.037 3.393 3.749 4.106 4.462 4.73 4.735 4.741 4.747 4.752 4.817 4.953 5.09 5.226 5.363 5.499 5.636 5.772 5.909 6.045 6.182 6.318 6.381 6.389 6.396 6.404 6.411 6.457 6.503 6.548 6.594 6.64 6.686 6.732 6.777 6.823 6.869 6.915 6.961 6.973 6.981 6.989 6.997 6.94 6.829 6.719 6.608 6.498 6.387 6.276 6.166 6.055 5.945 5.834 5.724 5.704 6.05 6.395 6.74 7.041
29.558 26.231 22.903 19.576 18.038 17.21 16.383 15.555 14.727 13.899 13.072 12.244 11.416 10.588 9.992 9.453 8.914 8.375 7.836 7.297 6.731 6.093 5.454 4.815 4.176 3.537 2.899 3.076 3.343 3.61 3.878 4.145 4.412 4.68 4.947 5.214 5.482 5.486 5.432 5.378 5.325 5.271 5.217 4.989 4.675 4.361 4.047 3.733 3.419 3.106 2.792 2.478 2.164 1.921 1.8 1.679 1.558 1.437 1.316 1.219 1.151 1.083 1.016 0.948 0.881 0.813 0.745 0.678 0.61 0.542 0.864 1.22 1.576 1.933 2.289 2.645 3.001 3.358 3.714 4.07 4.389 4.395 4.4 4.406 4.412 4.417 4.484 4.62 4.757 4.893 5.03 5.166 5.303 5.44 5.576 5.713 5.849 5.931 5.938 5.946 5.953 5.961 5.969 6.015 6.06 6.106 6.152 6.198 6.244 6.289 6.335 6.381 6.427 6.473 6.49 6.498 6.507 6.515 6.523 6.463 6.353 6.242 6.132 6.021 5.911 5.8 5.689 5.579 5.468 5.358 5.272 5.617 5.963 6.308 6.653 6.946
29.791 26.464 23.137 19.81 18.311 17.484 16.656 15.828 15.0 14.172 13.345 12.517 11.689 11.051 10.511 9.972 9.433 8.894 8.355 7.816 7.249 6.61 5.971 5.333 4.694 4.055 3.416 2.87 3.137 3.405 3.672 3.939 4.207 4.474 4.741 5.009 5.276 5.275 5.221 5.168 5.114 5.06 5.006 4.952 4.672 4.358 4.044 3.73 3.416 3.102 2.788 2.474 2.16 1.921 1.8 1.679 1.558 1.437 1.316 1.195 1.108 1.041 0.973 0.906 0.838 0.77 0.703 0.635 0.567 0.5 0.828 1.184 1.541 1.897 2.253 2.609 2.966 3.322 3.678 4.034 4.054 4.06 4.066 4.071 4.077 4.082 4.151 4.288 4.424 4.561 4.697 4.834 4.97 5.107 5.243 5.38 5.481 5.488 5.495 5.503 5.51 5.518 5.527 5.572 5.618 5.664 5.71 5.756 5.801 5.847 5.893 5.939 5.984 6.008 6.016 6.024 6.032 6.04 6.048 5.987 5.876 5.766 5.655 5.545 5.434 5.324 5.213 5.102 4.992 4.881 5.185 5.53 5.876 6.221 6.566 6.851
30.025 26.697 23.37 20.043 18.584 17.757 16.929 16.101 15.273 14.446 13.618 12.79 12.109 11.57 11.031 10.491 9.952 9.413 8.874 8.335 7.766 7.128 6.489 5.85 5.211 4.572 3.934 3.295 2.932 3.199 3.466 3.734 4.001 4.268 4.536 4.803 5.07 5.064 5.011 4.957 4.903 4.849 4.795 4.741 4.669 4.355 4.041 3.727 3.413 3.099 2.785 2.471 2.157 1.921 1.8 1.679 1.558 1.437 1.316 1.195 1.074 0.998 0.93 0.863 0.795 0.728 0.66 0.592 0.525 0.457 0.792 1.149 1.505 1.861 2.217 2.574 2.93 3.286 3.643 3.714 3.72 3.725 3.731 3.736 3.742 3.747 3.818 3.955 4.092 4.228 4.365 4.501 4.638 4.774 4.911 5.03 5.038 5.045 5.053 5.06 5.068 5.075 5.084 5.13 5.176 5.222 5.268 5.313 5.359 5.405 5.451 5.496 5.525 5.533 5.541 5.55 5.558 5.566 5.574 5.511 5.4 5.289 5.179 5.068 4.958 4.847 4.736 4.626 4.515 4.753 5.098 5.443 5.789 6.134 6.479 6.756
30.258 26.931 23.604 20.277 18.857 18.03 17.202 16.374 15.546 14.719 13.891 13.167 12.628 12.089 11.55 11.011 10.471 9.932 9.393 8.854 8.284 7.645 7.006 6.368 5.729 5.09 4.451 3.812 3.174 2.993 3.261 3.528 3.795 4.063 4.33 4.597 4.865 4.854 4.8 4.746 4.692 4.638 4.584 4.531 4.477 4.351 4.037 3.723 3.409 3.096 2.782 2.468 2.154 1.92 1.799 1.679 1.558 1.437 1.316 1.195 1.074 0.955 0.888 0.82 0.753 0.685 0.617 0.55 0.482 0.414 0.757 1.113 1.469 1.826 2.182 2.538 2.894 3.251 3.373 3.379 3.385 3.39 3.396 3.401 3.407 3.413 3.486 3.622 3.759 3.895 4.032 4.168 4.305 4.441 4.578 4.587 4.595 4.602 4.61 4.617 4.625 4.632 4.642 4.688 4.734 4.779 4.825 4.871 4.917 4.963 5.008 5.043 5.051 5.059 5.067 5.075 5.083 5.091 5.099 5.034 4.923 4.813 4.702 4.592 4.481 4.371 4.26 4.149 4.32 4.666 5.011 5.356 5.702 6.047 6.392 6.662
30.491 27.164 23.837 20.51 19.131 18.303 17.475 16.647 15.82 14.992 14.225 13.686 13.147 12.608 12.069 11.53 10.991 10.452 9.912 9.373 8.801 8.163 7.524 6.885 6.246 5.607 4.969 4.33 3.691 3.052 3.055 3.322 3.59 3.857 4.124 4.392 4.659 4.643 4.589 4.535 4.481 4.427 4.373 4.32 4.266 4.212 4.034 3.72 3.406 3.092 2.778 2.464 2.15 1.92 1.799 1.678 1.557 1.437 1.316 1.195 1.074 0.953 0.845 0.777 0.71 0.642 0.575 0.507 0.439 0.372 0.721 1.077 1.434 1.79 2.146 2.502 2.859 3.033 3.039 3.044 3.05 3.055 3.061 3.066 3.072 3.078 3.153 3.29 3.426 3.563 3.699 3.836 3.972 4.109 4.137 4.144 4.152 4.159 4.167 4.174 4.182 4.189 4.2 4.246 4.291 4.337 4.383 4.429 4.475 4.52 4.56 4.568 4.576 4.585 4.593 4.601 4.609 4.617 4.625 4.558 4.447 4.336 4.226 4.115 4.005 3.894 3.784 3.888 4.233 4.579 4.924 5.269 5.615 5.96 6.305 6.567
30.725 27.398 24.071 20.744 19.404 18.576 17.748 16.92 16.093 15.283 14.744 14.205 13.666 13.127 12.588 12.049 11.51 10.971 10.432 9.892 9.319 8.68 8.041 7.403 6.764 6.125 5.486 4.847 4.209 3.57 2.931 3.117 3.384 3.651 3.919 4.186 4.454 4.432 4.378 4.324 4.27 4.216 4.163 4.109 4.055 4.001 3.947 3.717 3.403 3.089 2.775 2.461 2.147 1.92 1.799 1.678 1.557 1.436 1.315 1.195 1.074 0.953 0.832 0.735 0.667 0.6 0.532 0.464 0.397 0.329 0.685 1.042 1.398 1.754 2.111 2.467 2.692 2.698 2.704 2.709 2.715 2.72 2.726 2.732 2.737 2.743 2.82 2.957 3.093 3.23 3.366 3.503 3.639 3.687 3.694 3.702 3.709 3.717 3.724 3.731 3.739 3.746 3.758 3.803 3.849 3.895 3.941 3.987 4.032 4.078 4.086 4.094 4.102 4.11 4.118 4.126 4.134 4.142 4.151 4.081 3.971 3.86 3.749 3.639 3.528 3.418 3.456 3.801 4.146 4.492 4.837 5.182 5.528 5.873 6.218 6.472
30.958 27.631 24.304 20.977 19.677 18.849 18.021 17.193 16.366 15.802 15.263 14.724 14.185 13.646 13.107 12.568 12.029 11.49 10.951 10.412 9.836 9.198 8.559 7.92 7.281 6.642 6.004 5.365 4.726 4.087 3.448 2.911 3.178 3.446 3.713 3.981 4.248 4.221 4.167 4.113 4.059 4.006 3.952 3.898 3.844 3.79 3.736 3.683 3.4 3.086 2.772 2.458 2.144 1.92 1.799 1.678 1.557 1.436 1.315 1.194 1.073 0.953 0.832 0.711 0.625 0.557 0.489 0.422 0.354 0.294 0.65 1.006 1.362 1.719 2.075 2.352 2.358 2.363 2.369 2.374 2.38 2.385 2.391 2.397 2.402 2.408 2.488 2.624 2.761 2.897 3.034 3.17 3.236 3.244 3.251 3.259 3.266 3.274 3.281 3.289 3.296 3.303 3.315 3.361 3.407 3.453 3.499 3.544 3.59 3.603 3.611 3.62 3.628 3.636 3.644 3.652 3.66 3.668 3.676 3.605 3.494 3.384 3.273 3.162 3.052 3.023 3.369 3.714 4.059 4.405 4.75 5.095 5.441 5.786 6.131 6.377
31.192 27.865 24.538 21.211 19.95 19.122 18.294 17.467 16.86 16.321 15.782 15.243 14.704 14.165 13.626 13.087 12.548 12.009 11.47 10.931 10.354 9.715 9.076 8.438 7.799 7.16 6.521 5.882 5.244 4.605 3.966 3.327 2.973 3.24 3.508 3.775 4.042 4.01 3.956 3.902 3.849 3.795 3.741 3.687 3.633 3.579 3.526 3.472 3.396 3.082 2.768 2.454 2.14 1.92 1.799 1.678 1.557 1.436 1.315 1.194 1.073 0.952 0.831 0.711 0.59 0.514 0.447 0.379 0.311 0.258 0.614 0.97 1.327 1.683 2.011 2.017 2.023 2.028 2.034 2.039 2.045 2.051 2.056 2.062 2.067 2.073 2.155 2.291 2.428 2.564 2.701 2.786 2.793 2.801 2.808 2.816 2.823 2.831 2.838 2.846 2.853 2.861 2.873 2.919 2.965 3.011 3.056 3.102 3.121 3.129 3.137 3.145 3.153 3.161 3.169 3.177 3.186 3.194 3.202 3.128 3.018 2.907 2.796 2.686 2.591 2.936 3.282 3.627 3.972 4.318 4.663 5.008 5.354 5.699 6.044 6.282
31.425 28.098 24.771 21.444 20.223 19.395 18.567 17.919 17.38 16.841 16.301 15.762 15.223 14.684 14.145 13.606 13.067 12.528 11.989 11.45 10.871 10.233 9.594 8.955 8.316 7.677 7.039 6.4 5.761 5.122 4.483 3.845 3.206 3.035 3.302 3.569 3.837 3.799 3.745 3.692 3.638 3.584 3.53 3.476 3.422 3.369 3.315 3.261 3.207 3.079 2.765 2.451 2.137 1.92 1.799 1.678 1.557 1.436 1.315 1.194 1.073 0.952 0.831 0.71 0.589 0.472 0.404 0.336 0.269 0.222 0.579 0.935 1.291 1.647 1.677 1.682 1.688 1.693 1.699 1.705 1.71 1.716 1.721 1.727 1.732 1.738 1.822 1.959 2.095 2.232 2.336 2.343 2.351 2.358 2.365 2.373 2.38 2.388 2.395 2.403 2.41 2.418 2.431 2.477 2.523 2.568 2.614 2.638 2.646 2.655 2.663 2.671 2.679 2.687 2.695 2.703 2.711 2.719 2.727 2.652 2.541 2.431 2.32 2.209 2.504 2.849 3.195 3.54 3.885 4.231 4.576 4.921 5.267 5.612 5.957 6.187
31.659 28.332 25.005 21.677 20.496 19.668 18.977 18.438 17.899 17.36 16.821 16.281 15.742 15.203 14.664 14.125 13.586 13.047 12.508 11.969 11.389 10.75 10.111 9.473 8.834 8.195 7.556 6.917 6.279 5.64 5.001 4.362 3.723 3.085 3.096 3.364 3.631 3.588 3.535 3.481 3.427 3.373 3.319 3.265 3.212 3.158 3.104 3.05 2.996 2.942 2.762 2.448 2.134 1.919 1.798 1.678 1.557 1.436 1.315 1.194 1.073 0.952 0.831 0.71 0.589 0.468 0.361 0.294 0.226 0.187 0.543 0.899 1.255 1.336 1.342 1.347 1.353 1.358 1.364 1.37 1.375 1.381 1.386 1.392 1.398 1.403 1.489 1.626 1.763 1.885 1.893 1.9 1.908 1.915 1.923 1.93 1.938 1.945 1.952 1.96 1.967 1.975 1.989 2.035 2.08 2.126 2.156 2.164 2.172 2.18 2.188 2.196 2.204 2.212 2.22 2.229 2.237 2.245 2.253 2.175 2.065 1.954 1.844 2.072 2.417 2.762 3.108 3.453 3.798 4.144 4.489 4.834 5.18 5.525 5.87 6.093
31.892 28.565 25.238 21.911 20.769 20.035 19.496 18.957 18.418 17.879 17.34 16.801 16.261 15.722 15.183 14.644 14.105 13.566 13.027 12.488 11.906 11.268 10.629 9.99 9.351 8.712 8.074 7.435 6.796 6.157 5.518 4.88 4.241 3.602 2.963 3.158 3.425 3.378 3.324 3.27 3.216 3.162 3.108 3.055 3.001 2.947 2.893 2.839 2.785 2.731 2.678 2.444 2.13 1.919 1.798 1.677 1.556 1.436 1.315 1.194 1.073 0.952 0.831 0.71 0.589 0.468 0.347 0.251 0.183 0.151 0.507 0.864 0.996 1.001 1.007 1.012 1.018 1.024 1.029 1.035 1.04 1.046 1.051 1.057 1.063 1.068 1.157 1.293 1.43 1.442 1.45 1.457 1.465 1.472 1.48 1.487 1.495 1.502 1.51 1.517 1.524 1.532 1.546 1.592 1.638 1.673 1.681 1.69 1.698 1.706 1.714 1.722 1.73 1.738 1.746 1.754 1.762 1.77 1.778 1.699 1.588 1.478 1.64 1.985 2.33 2.675 3.021 3.366 3.711 4.057 4.402 4.747 5.093 5.438 5.783 5.998
32.126 28.799 25.471 22.144 21.093 20.554 20.015 19.476 18.937 18.398 17.859 17.32 16.781 16.242 15.702 15.163 14.624 14.085 13.546 13.007 12.424 11.785 11.146 10.508 9.869 9.23 8.591 7.952 7.314 6.675 6.036 5.397 4.758 4.12 3.481 2.952 3.22 3.167 3.113 3.059 3.005 2.951 2.897 2.844 2.79 2.736 2.682 2.628 2.574 2.521 2.467 2.413 2.127 1.919 1.798 1.677 1.556 1.435 1.314 1.194 1.073 0.952 0.831 0.71 0.589 0.468 0.347 0.226 0.141 0.115 0.472 0.655 0.661 0.666 0.672 0.677 0.683 0.689 0.694 0.7 0.705 0.711 0.717 0.722 0.728 0.733 0.824 0.961 0.992 1.0 1.007 1.014 1.022 1.029 1.037 1.044 1.052 1.059 1.067 1.074 1.082 1.089 1.104 1.15 1.191 1.199 1.207 1.215 1.223 1.231 1.239 1.247 1.255 1.264 1.272 1.28 1.288 1.296 1.304 1.222 1.112 1.207 1.553 1.898 2.243 2.588 2.934 3.279 3.624 3.97 4.315 4.66 5.006 5.351 5.696 5.903
32.502 29.163 25.825 22.486 21.677 21.13 20.583 20.036 19.489 18.943 18.396 17.849 17.302 16.761 16.222 15.682 15.143 14.604 14.065 13.526 12.941 12.303 11.664 11.025 10.386 9.747 9.109 8.47 7.831 7.192 6.553 5.915 5.276 4.637 3.998 3.359 3.01 2.956 2.902 2.848 2.794 2.74 2.687 2.633 2.579 2.525 2.471 2.417 2.364 2.31 2.256 2.202 2.124 1.919 1.798 1.677 1.556 1.435 1.314 1.193 1.072 0.952 0.831 0.71 0.589 0.468 0.347 0.226 0.105 0.08 0.315 0.32 0.326 0.331 0.337 0.343 0.348 0.354 0.359 0.365 0.37 0.376 0.382 0.387 0.393 0.398 0.491 0.542 0.549 0.557 0.564 0.572 0.579 0.586 0.594 0.601 0.609 0.616 0.624 0.631 0.639 0.646 0.662 0.708 0.716 0.724 0.733 0.741 0.749 0.757 0.765 0.773 0.781 0.789 0.797 0.805 0.813 0.821 0.83 0.746 0.775 1.12 1.466 1.811 2.156 2.501 2.847 3.192 3.537 3.883 4.228 4.573 4.919 5.264 5.609 5.808
33.468 30.129 26.791 23.452 22.687 22.14 21.594 21.047 20.5 19.953 19.406 18.859 18.312 17.765 17.218 16.671 16.124 15.578 15.031 14.207 12.94 12.31 11.681 11.052 10.423 9.793 9.164 8.535 7.906 7.276 6.647 6.018 5.389 4.759 4.13 3.501 3.213 3.148 3.083 3.019 2.954 2.889 2.824 2.76 2.695 2.63 2.565 2.5 2.436 2.371 2.306 2.241 2.177 2.14 2.009 1.877 1.746 1.614 1.482 1.351 1.219 1.087 0.956 0.824 0.692 0.561 0.429 0.298 0.166 0.014 0.011 0.008 0.005 0.002 0.002 0.008 0.013 0.019 0.024 0.03 0.036 0.041 0.047 0.052 0.058 0.063 0.091 0.099 0.106 0.114 0.121 0.129 0.136 0.144 0.151 0.159 0.166 0.173 0.181 0.188 0.196 0.203 0.22 0.234 0.242 0.25 0.258 0.266 0.274 0.282 0.29 0.299 0.307 0.315 0.323 0.331 0.339 0.347 0.355 0.343 0.688 1.033 1.379 1.724 2.069 2.414 2.76 3.105 3.45 3.796 4.141 4.486 4.832 5.177 5.522 5.713
34.434 31.095 27.757 24.418 23.698 23.151 22.604 22.057 21.51 20.963 20.416 19.869 19.322 18.775 18.229 17.682 17.135 16.588 15.957 14.113 12.865 12.236 11.606 10.977 10.348 9.719 9.089 8.46 7.831 7.202 6.572 5.943 5.314 4.685 4.055 3.676 3.671 3.607 3.542 3.477 3.412 3.348 3.283 3.218 3.153 3.089 3.024 2.959 2.894 2.83 2.765 2.7 2.803 2.79 2.659 2.527 2.396 2.264 2.132 2.001 1.869 1.737 1.606 1.474 1.342 1.211 1.079 0.947 0.779 0.085 0.192 0.189 0.186 0.183 0.18 0.177 0.174 0.171 0.168 0.165 0.162 0.159 0.155 0.152 0.149 0.146 0.004 0.003 0.003 0.003 0.003 0.003 0.003 0.003 0.003 0.003 0.003 0.003 0.003 0.003 0.002 0.002 0.002 0.002 0.002 0.002 0.002 0.002 0.002 0.002 0.002 0.002 0.002 0.001 0.001 0.001 0.001 0.001 0.007 0.31 0.651 0.992 1.334 1.675 2.016 2.358 2.699 3.04 3.382 3.723 4.064 4.406 4.747 5.09 5.435 5.618
35.4 32.061 28.723 25.384 24.708 24.161 23.614 23.067 22.52 21.973 21.426 20.88 20.333 19.786 19.239 18.692 18.145 17.598 15.862 14.019 12.79 12.161 11.531 10.902 10.273 9.644 9.014 8.385 7.756 7.127 6.498 5.868 5.239 4.61 4.138 4.136 4.13 4.065 4.0 3.936 3.871 3.806 3.741 3.677 3.612 3.547 3.482 3.418 3.353 3.288 3.223 3.292 3.457 3.44 3.309 3.177 3.045 2.914 2.782 2.651 2.519 2.387 2.256 2.124 1.992 1.861 1.729 1.597 0.824 0.146 0.293 0.369 0.366 0.363 0.36 0.357 0.354 0.351 0.348 0.345 0.342 0.339 0.336 0.333 0.33 0.327 0.171 0.008 0.008 0.008 0.008 0.008 0.007 0.007 0.007 0.007 0.007 0.007 0.007 0.007 0.007 0.007 0.007 0.007 0.007 0.007 0.006 0.006 0.006 0.006 0.006 0.006 0.006 0.006 0.006 0.006 0.006 0.006 0.365 0.504 0.795 1.136 1.478 1.819 2.16 2.502 2.843 3.184 3.526 3.867 4.208 4.55 4.891 5.232 5.574 5.745
36.366 33.027 29.689 26.35 25.718 25.171 24.624 24.077 23.531 22.984 22.437 21.89 21.343 20.796 20.249 19.702 19.155 17.611 15.768 13.924 12.715 12.086 11.457 10.827 10.198 9.569 8.94 8.31 7.681 7.052 6.423 5.793 5.164 4.6 4.598 4.595 4.589 4.524 4.459 4.394 4.329 4.265 4.2 4.135 4.07 4.006 3.941 3.876 3.811 3.747 3.781 3.947 4.112 4.09 3.959 3.827 3.695 3.564 3.432 3.3 3.169 3.037 2.906 2.774 2.642 2.511 2.379 1.71 0.868 0.208 0.355 0.502 0.547 0.544 0.541 0.538 0.535 0.532 0.529 0.526 0.523 0.52 0.517 0.514 0.511 0.508 0.348 0.131 0.012 0.012 0.012 0.012 0.012 0.012 0.012 0.012 0.012 0.012 0.011 0.011 0.011 0.011 0.011 0.011 0.011 0.011 0.011 0.011 0.011 0.011 0.011 0.01 0.01 0.01 0.01 0.01 0.01 0.309 0.722 0.855 0.939 1.28 1.621 1.963 2.304 2.645 2.987 3.328 3.669 4.011 4.352 4.693 5.035 5.376 5.717 5.881
37.332 33.993 30.655 27.316 26.728 26.182 25.635 25.088 24.541 23.994 23.447 22.9 22.353 21.806 21.259 20.712 19.361 17.517 15.674 13.83 12.64 12.011 11.382 10.753 10.123 9.494 8.865 8.236 7.606 6.977 6.348 5.719 5.089 5.059 5.057 5.055 5.047 4.982 4.918 4.853 4.788 4.723 4.659 4.594 4.529 4.464 4.399 4.335 4.27 4.271 4.436 4.602 4.767 4.74 4.609 4.477 4.345 4.214 4.082 3.95 3.819 3.687 3.555 3.424 3.292 3.161 2.596 1.754 0.913 0.269 0.416 0.563 0.71 0.725 0.722 0.719 0.716 0.713 0.71 0.707 0.704 0.701 0.698 0.695 0.692 0.689 0.525 0.308 0.091 0.017 0.016 0.016 0.016 0.016 0.016 0.016 0.016 0.016 0.016 0.016 0.016 0.016 0.016 0.015 0.015 0.015 0.015 0.015 0.015 0.015 0.015 0.015 0.015 0.015 0.015 0.015 0.253 0.666 1.08 1.207 1.287 1.424 1.765 2.107 2.448 2.789 3.131 3.472 3.813 4.155 4.496 4.837 5.179 5.52 5.861 6.017
38.298 34.959 31.621 28.286 27.739 27.192 26.645 26.098 25.551 25.004 24.457 23.91 23.363 22.817 22.27 21.11 19.266 17.423 15.579 13.736 12.565 11.936 11.307 10.678 10.048 9.419 8.79 8.161 7.531 6.902 6.273 5.644 5.521 5.519 5.517 5.515 5.506 5.441 5.376 5.311 5.247 5.182 5.117 5.052 4.988 4.923 4.858 4.793 4.76 4.926 5.091 5.256 5.422 5.39 5.259 5.127 4.995 4.864 4.732 4.6 4.469 4.337 4.205 4.074 3.942 3.482 2.64 1.799 0.958 0.33 0.477 0.624 0.771 0.905 0.902 0.899 0.896 0.893 0.89 0.887 0.884 0.881 0.878 0.875 0.872 0.869 0.702 0.485 0.268 0.052 0.021 0.021 0.021 0.021 0.021 0.02 0.02 0.02 0.02 0.02 0.02 0.02 0.02 0.02 0.02 0.02 0.02 0.02 0.02 0.019 0.019 0.019 0.019 0.019 0.019 0.197 0.61 1.024 1.438 1.559 1.639 1.719 1.909 2.251 2.592 2.933 3.275 3.616 3.957 4.299 4.64 4.981 5.323 5.664 6.005 6.153
39.264 35.925 32.587 29.296 28.749 28.202 27.655 27.108 26.561 26.014 25.468 24.921 24.374 23.827 22.859 21.015 19.172 17.328 15.485 13.641 12.491 11.861 11.232 10.603 9.974 9.344 8.715 8.086 7.457 6.827 6.198 5.982 5.98 5.978 5.976 5.974 5.964 5.899 5.835 5.77 5.705 5.64 5.576 5.511 5.446 5.381 5.317 5.252 5.415 5.58 5.746 5.911 6.077 6.04 5.908 5.777 5.645 5.514 5.382 5.25 5.119 4.987 4.855 4.724 4.367 3.526 2.685 1.844 1.003 0.391 0.538 0.685 0.832 0.979 1.083 1.08 1.077 1.074 1.071 1.068 1.065 1.062 1.059 1.056 1.053 1.05 0.879 0.662 0.446 0.229 0.025 0.025 0.025 0.025 0.025 0.025 0.025 0.025 0.025 0.025 0.025 0.024 0.024 0.024 0.024 0.024 0.024 0.024 0.024 0.024 0.024 0.024 0.024 0.024 0.14 0.554 0.968 1.381 1.795 1.911 1.991 2.071 2.151 2.394 2.736 3.077 3.418 3.76 4.101 4.442 4.784 5.125 5.466 5.808 6.149 6.289
40.23 36.891 33.553 30.306 29.759 29.212 28.665 28.119 27.572 27.025 26.478 25.931 25.384 24.608 22.764 20.921 19.078 17.234 15.391 13.547 12.416 11.786 11.157 10.528 9.899 9.269 8.64 8.011 7.382 6.752 6.444 6.442 6.44 6.438 6.436 6.434 6.423 6.358 6.293 6.228 6.164 6.099 6.034 5.969 5.905 5.84 5.775 5.904 6.07 6.235 6.401 6.566 6.731 6.69 6.558 6.427 6.295 6.163 6.032 5.9 5.769 5.637 5.505 5.253 4.412 3.571 2.73 1.889 1.047 0.452 0.599 0.746 0.893 1.04 1.187 1.261 1.258 1.255 1.252 1.249 1.246 1.243 1.24 1.237 1.234 1.231 1.056 0.839 0.623 0.406 0.189 0.03 0.03 0.029 0.029 0.029 0.029 0.029 0.029 0.029 0.029 0.029 0.029 0.029 0.029 0.029 0.028 0.028 0.028 0.028 0.028 0.028 0.028 0.084 0.498 0.912 1.325 1.739 2.153 2.263 2.343 2.423 2.503 2.583 2.88 3.221 3.562 3.904 4.245 4.586 4.928 5.269 5.61 5.952 6.293 6.425
41.196 37.857 34.519 31.316 30.77 30.223 29.676 29.129 28.582 28.035 27.488 26.941 26.357 24.514 22.67 20.827 18.983 17.14 15.296 13.453 12.341 11.712 11.082 10.453 9.824 9.195 8.565 7.936 7.307 6.906 6.904 6.902 6.899 6.897 6.895 6.893 6.881 6.817 6.752 6.687 6.622 6.558 6.493 6.428 6.363 6.298 6.394 6.559 6.725 6.89 7.055 7.221 7.386 7.34 7.208 7.077 6.945 6.813 6.682 6.55 6.419 6.287 6.139 5.298 4.457 3.616 2.775 1.933 1.092 0.513 0.66 0.807 0.954 1.101 1.248 1.395 1.439 1.435 1.432 1.429 1.426 1.423 1.42 1.417 1.414 1.411 1.233 1.017 0.8 0.583 0.366 0.149 0.034 0.034 0.034 0.034 0.034 0.034 0.034 0.033 0.033 0.033 0.033 0.033 0.033 0.033 0.033 0.033 0.033 0.033 0.033 0.033 0.032 0.442 0.856 1.269 1.683 2.097 2.51 2.615 2.695 2.775 2.855 2.935 3.024 3.365 3.706 4.048 4.389 4.73 5.072 5.413 5.754 6.096 6.437 6.561
42.162 38.823 35.485 32.327 31.78 31.233 30.686 30.139 29.592 29.045 28.498 27.951 26.263 24.419 22.576 20.732 18.889 17.045 15.202 13.358 12.266 11.637 11.007 10.378 9.749 9.12 8.491 7.861 7.367 7.365 7.363 7.361 7.359 7.357 7.355 7.353 7.34 7.275 7.21 7.146 7.081 7.016 6.951 6.887 6.822 6.883 7.048 7.214 7.379 7.545 7.71 7.876 8.041 7.99 7.858 7.727 7.595 7.463 7.332 7.2 7.068 6.937 6.184 5.343 4.502 3.66 2.819 1.978 1.137 0.574 0.721 0.868 1.015 1.162 1.309 1.456 1.603 1.616 1.613 1.61 1.607 1.604 1.601 1.598 1.595 1.592 1.411 1.194 0.977 0.76 0.543 0.326 0.11 0.038 0.038 0.038 0.038 0.038 0.038 0.038 0.038 0.038 0.038 0.038 0.037 0.037 0.037 0.037 0.037 0.037 0.037 0.037 0.386 0.8 1.213 1.627 2.041 2.454 2.868 2.967 3.047 3.127 3.207 3.287 3.367 3.509 3.85 4.191 4.533 4.874 5.215 5.557 5.898 6.239 6.581 6.697
43.128 39.789 36.451 33.337 32.79 32.243 31.696 31.149 30.602 30.056 29.509 28.012 26.168 24.325 22.481 20.638 18.794 16.951 15.108 13.264 12.191 11.562 10.933 10.303 9.674 9.045 8.416 7.829 7.827 7.825 7.823 7.821 7.819 7.817 7.815 7.813 7.798 7.734 7.669 7.604 7.539 7.475 7.41 7.345 7.372 7.538 7.703 7.869 8.034 8.2 8.365 8.53 8.696 8.64 8.508 8.377 8.245 8.113 7.982 7.85 7.718 7.07 6.229 5.388 4.546 3.705 2.864 2.023 1.182 0.636 0.782 0.929 1.076 1.223 1.37 1.517 1.664 1.797 1.794 1.791 1.788 1.785 1.782 1.779 1.776 1.773 1.588 1.371 1.154 0.937 0.72 0.504 0.287 0.07 0.043 0.043 0.042 0.042 0.042 0.042 0.042 0.042 0.042 0.042 0.042 0.042 0.042 0.042 0.042 0.042 0.041 0.33 0.744 1.157 1.571 1.985 2.398 2.812 3.226 3.319 3.399 3.479 3.559 3.639 3.719 3.799 3.994 4.335 4.677 5.018 5.359 5.701 6.042 6.383 6.725 6.833
44.094 40.755 37.416 34.347 33.8 33.253 32.707 32.16 31.613 31.066 29.761 27.918 26.074 24.231 22.387 20.544 18.7 16.857 15.013 13.17 12.116 11.487 10.858 10.229 9.599 8.97 8.341 8.288 8.286 8.284 8.282 8.28 8.278 8.276 8.274 8.272 8.257 8.192 8.127 8.063 7.998 7.933 7.868 7.862 8.027 8.193 8.358 8.524 8.689 8.854 9.02 9.185 9.351 9.29 9.158 9.027 8.895 8.763 8.632 8.5 7.956 7.115 6.274 5.432 4.591 3.75 2.909 2.068 1.226 0.697 0.844 0.991 1.138 1.285 1.432 1.579 1.726 1.873 1.975 1.972 1.969 1.966 1.963 1.96 1.957 1.954 1.765 1.548 1.331 1.114 0.898 0.681 0.464 0.247 0.047 0.047 0.047 0.047 0.047 0.047 0.047 0.047 0.046 0.046 0.046 0.046 0.046 0.046 0.046 0.046 0.274 0.687 1.101 1.515 1.928 2.342 2.756 3.17 3.583 3.671 3.751 3.831 3.911 3.991 4.071 4.151 4.231 4.479 4.821 5.162 5.503 5.845 6.186 6.527 6.869 6.969
45.06 41.721 38.382 35.358 34.811 34.264 33.717 33.17 32.623 31.51 29.667 27.823 25.98 24.136 22.293 20.449 18.606 16.762 14.919 13.075 12.041 11.412 10.783 10.154 9.524 8.895 8.75 8.748 8.746 8.744 8.742 8.74 8.738 8.736 8.734 8.732 8.716 8.651 8.586 8.521 8.457 8.392 8.351 8.517 8.682 8.848 9.013 9.178 9.344 9.509 9.675 9.84 10.005 9.94 9.808 9.676 9.545 9.413 9.282 8.842 8.001 7.16 6.318 5.477 4.636 3.795 2.953 2.112 1.271 0.758 0.905 1.052 1.199 1.346 1.493 1.64 1.787 1.934 2.081 2.152 2.149 2.146 2.143 2.14 2.137 2.134 1.942 1.725 1.508 1.291 1.075 0.858 0.641 0.424 0.207 0.051 0.051 0.051 0.051 0.051 0.051 0.051 0.051 0.051 0.051 0.051 0.051 0.05 0.05 0.218 0.631 1.045 1.459 1.872 2.286 2.7 3.113 3.527 3.941 4.022 4.103 4.183 4.263 4.343 4.423 4.503 4.583 4.663 4.964 5.306 5.647 5.988 6.33 6.671 7.012 7.105
46.026 42.687 39.348 36.368 35.821 35.274 34.727 34.18 33.259 31.416 29.572 27.729 25.885 24.042 22.198 20.355 18.511 16.668 14.825 12.981 11.967 11.337 10.708 10.079 9.45 9.212 9.21 9.208 9.206 9.203 9.201 9.199 9.197 9.195 9.193 9.191 9.174 9.109 9.045 8.98 8.915 8.85 9.006 9.171 9.337 9.502 9.668 9.833 9.999 10.164 10.329 10.495 10.66 10.59 10.458 10.326 10.195 10.063 9.728 8.887 8.046 7.204 6.363 5.522 4.681 3.839 2.998 2.157 1.316 0.819 0.966 1.113 1.26 1.407 1.554 1.701 1.848 1.995 2.142 2.289 2.33 2.327 2.324 2.321 2.318 2.315 2.119 1.902 1.685 1.469 1.252 1.035 0.818 0.601 0.385 0.168 0.056 0.056 0.056 0.055 0.055 0.055 0.055 0.055 0.055 0.055 0.055 0.055 0.162 0.575 0.989 1.403 1.816 2.23 2.644 3.057 3.471 3.885 4.294 4.374 4.454 4.535 4.615 4.695 4.775 4.855 4.935 5.015 5.108 5.45 5.791 6.132 6.474 6.815 7.156 7.242
46.992 43.653 40.314 37.378 36.831 36.284 35.737 35.008 33.165 31.321 29.478 27.635 25.791 23.948 22.104 20.261 18.417 16.574 14.73 12.887 11.892 11.262 10.633 10.004 9.673 9.671 9.669 9.667 9.665 9.663 9.661 9.659 9.657 9.655 9.653 9.651 9.633 9.568 9.503 9.438 9.374 9.495 9.661 9.826 9.992 10.157 10.323 10.488 10.653 10.819 10.984 11.15 11.315 11.24 11.108 10.976 10.845 10.614 9.773 8.932 8.09 7.249 6.408 5.567 4.725 3.884 3.043 2.202 1.361 0.88 1.027 1.174 1.321 1.468 1.615 1.762 1.909 2.056 2.203 2.35 2.497 2.508 2.505 2.502 2.499 2.496 2.296 2.079 1.863 1.646 1.429 1.212 0.995 0.778 0.562 0.345 0.128 0.06 0.06 0.06 0.06 0.06 0.06 0.06 0.06 0.059 0.059 0.106 0.519 0.933 1.347 1.76 2.174 2.588 3.001 3.415 3.829 4.242 4.646 4.726 4.806 4.886 4.967 5.047 5.127 5.207 5.287 5.367 5.447 5.594 5.935 6.276 6.618 6.959 7.3 7.378
47.958 44.619 41.28 38.388 37.841 37.295 36.748 34.914 33.071 31.227 29.384 27.54 25.697 23.853 22.01 20.166 18.323 16.479 14.636 12.792 11.817 11.188 10.558 10.135 10.133 10.131 10.129 10.127 10.125 10.123 10.121 10.119 10.117 10.114 10.112 10.11 10.091 10.026 9.962 9.897 9.985 10.15 10.316 10.481 10.647 10.812 10.977 11.143 11.308 11.474 11.639 11.804 11.97 11.89 11.758 11.626 11.495 10.659 9.818 8.976 8.135 7.294 6.453 5.611 4.77 3.929 3.088 2.246 1.405 0.941 1.088 1.235 1.382 1.529 1.676 1.823 1.97 2.117 2.264 2.411 2.558 2.688 2.685 2.682 2.679 2.676 2.473 2.256 2.04 1.823 1.606 1.389 1.172 0.956 0.739 0.522 0.305 0.088 0.064 0.064 0.064 0.064 0.064 0.064 0.064 0.064 0.064 0.463 0.877 1.291 1.704 2.118 2.532 2.945 3.359 3.773 4.186 4.6 4.998 5.078 5.158 5.238 5.318 5.399 5.479 5.559 5.639 5.719 5.799 5.879 6.079 6.42 6.761 7.103 7.444 7.514
46.106 45.585 42.246 39.399 38.852 38.305 36.663 34.82 32.976 31.133 29.289 27.446 25.602 23.759 21.915 20.072 18.228 16.385 14.542 12.698 11.742 11.113 10.596 10.594 10.592 10.59 10.588 10.586 10.584 10.582 10.58 10.578 10.576 10.574 10.572 10.57 10.55 10.485 10.42 10.474 10.64 10.805 10.97 11.136 11.301 11.467 11.632 11.798 11.963 12.128 12.294 12.459 12.625 12.539 12.408 12.276 11.545 10.703 9.862 9.021 8.18 7.339 6.497 5.656 4.815 3.974 3.132 2.291 1.45 1.002 1.149 1.296 1.443 1.59 1.737 1.884 2.031 2.178 2.325 2.472 2.619 2.766 2.866 2.863 2.86 2.857 2.65 2.434 2.217 2.0 1.783 1.566 1.35 1.133 0.916 0.699 0.482 0.265 0.069 0.069 0.069 0.069 0.069 0.068 0.068 0.068 0.407 0.821 1.234 1.648 2.062 2.475 2.889 3.303 3.717 4.13 4.544 4.958 5.35 5.43 5.51 5.59 5.67 5.75 5.831 5.911 5.991 6.071 6.151 6.231 6.311 6.564 6.905 7.247 7.588 7.65
43.003 44.76 43.212 40.409 39.862 38.412 36.569 34.725 32.882 31.038 29.195 27.352 25.508 23.665 21.821 19.978 18.134 16.291 14.447 12.604 11.667 11.058 11.056 11.054 11.052 11.05 11.048 11.046 11.044 11.042 11.04 11.038 11.036 11.034 11.032 11.03 11.008 10.944 10.964 11.129 11.294 11.46 11.625 11.791 11.956 12.122 12.287 12.452 12.618 12.783 12.949 13.114 13.28 13.189 13.058 12.431 11.589 10.748 9.907 9.066 8.225 7.383 6.542 5.701 4.86 4.018 3.177 2.336 1.495 1.063 1.21 1.357 1.504 1.651 1.798 1.945 2.092 2.239 2.386 2.533 2.68 2.827 2.974 3.044 3.041 3.038 2.828 2.611 2.394 2.177 1.96 1.743 1.527 1.31 1.093 0.876 0.659 0.443 0.226 0.073 0.073 0.073 0.073 0.073 0.073 0.351 0.765 1.178 1.592 2.006 2.419 2.833 3.247 3.66 4.074 4.488 4.901 5.315 5.702 5.782 5.862 5.942 6.022 6.102 6.182 6.263 6.343 6.423 6.503 6.583 6.663 6.743 7.049 7.391 7.732 7.786
39.899 41.656 43.414 41.419 40.162 38.318 36.475 34.631 32.788 30.944 29.101 27.257 25.414 23.57 21.727 19.883 18.04 16.196 14.353 12.509 11.592 11.518 11.516 11.514 11.512 11.51 11.507 11.505 11.503 11.501 11.499 11.497 11.495 11.493 11.491 11.489 11.467 11.453 11.618 11.784 11.949 12.115 12.28 12.446 12.611 12.776 12.942 13.107 13.273 13.438 13.603 13.769 13.934 13.839 13.317 12.475 11.634 10.793 9.952 9.111 8.269 7.428 6.587 5.746 4.904 4.063 3.222 2.381 1.539 1.125 1.272 1.419 1.566 1.713 1.86 2.007 2.153 2.3 2.447 2.594 2.741 2.888 3.035 3.182 3.221 3.218 3.005 2.788 2.571 2.354 2.137 1.921 1.704 1.487 1.27 1.053 0.837 0.62 0.403 0.186 0.077 0.077 0.077 0.077 0.295 0.709 1.122 1.536 1.95 2.363 2.777 3.191 3.604 4.018 4.432 4.845 5.259 5.673 6.054 6.134 6.214 6.294 6.374 6.454 6.534 6.614 6.695 6.775 6.855 6.935 7.015 7.095 7.193 7.534 7.876 7.922
37.726 39.425 41.125 42.008 40.157 38.306 36.455 34.604 32.753 30.902 29.051 27.2 25.349 23.499 21.648 19.797 17.946 16.102 14.258 12.415 11.979 11.977 11.975 11.973 11.971 11.969 11.967 11.965 11.963 11.961 11.959 11.957 11.955 11.953 11.951 11.949 11.942 12.108 12.273 12.439 12.604 12.769 12.935 13.1 13.266 13.431 13.597 13.762 13.927 14.093 14.258 14.424 14.589 14.203 13.361 12.52 11.679 10.838 9.996 9.155 8.314 7.473 6.632 5.79 4.949 4.108 3.267 2.425 1.584 1.186 1.333 1.48 1.627 1.774 1.921 2.068 2.215 2.362 2.509 2.656 2.803 2.95 3.097 3.244 3.391 3.399 3.182 2.965 2.748 2.531 2.315 2.098 1.881 1.664 1.447 1.23 1.014 0.797 0.58 0.363 0.146 0.082 0.082 0.239 0.653 1.066 1.48 1.894 2.307 2.721 3.135 3.548 3.962 4.376 4.789 5.203 5.617 6.03 6.406 6.486 6.566 6.646 6.726 6.806 6.886 6.966 7.046 7.127 7.207 7.287 7.367 7.447 7.527 7.678 8.02 8.058
38.266 39.965 41.036 40.567 40.532 38.681 36.83 34.979 33.128 31.278 29.427 27.576 25.725 23.874 22.023 20.172 18.321 16.47 14.619 12.768 12.238 12.24 12.241 12.243 12.244 12.245 12.247 12.248 12.25 12.251 12.252 12.254 12.255 12.257 12.258 12.26 11.952 11.924 12.111 12.297 12.483 12.669 12.855 13.041 13.227 13.413 13.599 13.785 13.971 14.158 14.344 14.53 14.716 13.978 13.148 12.318 11.487 10.657 9.827 8.997 8.167 7.337 6.507 5.677 4.846 4.016 3.186 2.356 1.526 1.259 1.405 1.55 1.696 1.841 1.987 2.132 2.278 2.423 2.57 2.717 2.864 3.011 3.158 3.305 3.452 3.576 3.359 3.142 2.925 2.708 2.492 2.275 2.058 1.841 1.624 1.408 1.191 0.974 0.757 0.54 0.324 0.107 0.183 0.596 1.01 1.424 1.838 2.251 2.665 3.079 3.492 3.906 4.32 4.733 5.147 5.561 5.974 6.388 6.758 6.838 6.918 6.998 7.078 7.158 7.238 7.318 7.398 7.478 7.559 7.639 7.719 7.799 7.879 7.959 8.164 8.194
38.806 40.248 39.447 39.0 39.582 39.057 37.206 35.355 33.504 31.653 29.802 27.951 26.1 24.249 22.398 20.547 18.696 16.845 14.994 13.143 12.635 12.485 12.486 12.488 12.489 12.491 12.492 12.494 12.495 12.496 12.498 12.499 12.501 12.502 12.504 12.505 12.183 11.313 11.499 11.685 11.871 12.057 12.243 12.429 12.615 12.801 12.988 13.174 13.36 13.546 13.732 13.918 14.104 13.349 12.519 11.689 10.859 10.029 9.199 8.369 7.538 6.708 5.878 5.048 4.218 3.388 2.558 1.728 1.298 1.412 1.558 1.703 1.849 1.994 2.139 2.285 2.43 2.576 2.721 2.867 3.012 3.158 3.303 3.449 3.594 3.689 3.619 3.401 3.182 2.964 2.745 2.527 2.308 2.09 1.871 1.653 1.435 1.216 0.998 0.779 0.561 0.342 0.153 0.578 1.003 1.428 1.853 2.278 2.703 3.128 3.553 3.978 4.403 4.828 5.253 5.678 6.103 6.528 6.903 6.995 7.086 7.178 7.269 7.361 7.452 7.544 7.636 7.727 7.819 7.91 8.002 8.093 8.185 8.276 8.368 8.045
39.346 38.659 37.859 37.433 38.015 38.597 37.581 35.73 33.879 32.028 30.177 28.326 26.475 24.624 22.773 20.922 19.071 17.22 15.369 13.518 13.037 12.843 12.732 12.733 12.735 12.736 12.738 12.739 12.74 12.742 12.743 12.745 12.746 12.747 12.749 12.75 12.415 11.544 10.887 11.073 11.259 11.445 11.631 11.817 12.004 12.19 12.376 12.562 12.748 12.934 13.12 13.306 13.492 12.721 11.891 11.061 10.23 9.4 8.57 7.74 6.91 6.08 5.25 4.42 3.59 2.759 1.929 1.365 1.45 1.565 1.71 1.856 2.001 2.147 2.292 2.438 2.583 2.729 2.874 3.02 3.165 3.31 3.456 3.601 3.709 3.788 3.79 3.675 3.457 3.238 3.02 2.801 2.583 2.364 2.146 1.927 1.709 1.491 1.272 1.054 0.835 0.617 0.346 0.271 0.696 1.121 1.546 1.971 2.396 2.821 3.246 3.671 4.096 4.521 4.946 5.371 5.796 6.221 6.59 6.682 6.773 6.865 6.957 7.048 7.14 7.231 7.323 7.414 7.506 7.597 7.689 7.78 7.872 7.964 7.98 8.009
37.871 37.07 36.27 35.866 36.448 37.03 37.613 36.105 34.254 32.403 30.552 28.701 26.85 24.999 23.148 21.297 19.446 17.595 15.744 13.893 13.439 13.244 13.05 12.979 12.98 12.982 12.983 12.984 12.986 12.987 12.989 12.99 12.991 12.993 12.994 12.996 12.646 11.775 10.904 10.461 10.647 10.833 11.02 11.206 11.392 11.578 11.764 11.95 12.136 12.322 12.508 12.694 12.881 12.092 11.262 10.432 9.602 8.772 7.942 7.112 6.282 5.451 4.621 3.791 2.961 2.131 1.432 1.517 1.602 1.718 1.863 2.009 2.154 2.3 2.445 2.591 2.736 2.881 3.027 3.172 3.318 3.463 3.609 3.725 3.808 3.886 3.889 3.891 3.731 3.513 3.294 3.076 2.857 2.639 2.42 2.202 1.984 1.765 1.547 1.328 1.11 0.891 0.62 0.316 0.389 0.814 1.239 1.664 2.089 2.514 2.939 3.364 3.789 4.214 4.639 5.064 5.489 5.914 6.278 6.369 6.461 6.552 6.644 6.735 6.827 6.918 7.01 7.102 7.193 7.285 7.376 7.468 7.559 7.595 7.558 7.589
36.282 35.482 34.681 34.3 34.882 35.464 36.046 36.48 34.629 32.778 30.927 29.076 27.225 25.374 23.523 21.672 19.821 17.97 16.119 14.268 13.841 13.646 13.451 13.257 13.225 13.227 13.228 13.23 13.231 13.233 13.234 13.235 13.237 13.238 13.24 13.241 12.877 12.006 11.135 10.264 10.036 10.222 10.408 10.594 10.78 10.966 11.152 11.338 11.524 11.71 11.897 12.083 12.269 11.464 10.634 9.804 8.974 8.143 7.313 6.483 5.653 4.823 3.993 3.163 2.333 1.503 1.584 1.669 1.754 1.871 2.016 2.161 2.307 2.452 2.598 2.743 2.889 3.034 3.18 3.325 3.471 3.616 3.742 3.825 3.908 3.985 3.987 3.99 3.992 3.787 3.569 3.35 3.132 2.913 2.695 2.476 2.258 2.04 1.821 1.603 1.384 1.166 0.893 0.589 0.285 0.507 0.932 1.357 1.782 2.207 2.632 3.057 3.482 3.907 4.332 4.757 5.182 5.607 5.965 6.056 6.148 6.239 6.331 6.423 6.514 6.606 6.697 6.789 6.88 6.972 7.063 7.155 7.209 7.173 7.136 7.168
34.693 33.893 33.093 32.733 33.315 33.897 34.479 35.061 35.004 33.153 31.302 29.451 27.6 25.749 23.898 22.047 20.196 18.345 16.494 14.643 14.242 14.048 13.853 13.659 13.471 13.472 13.474 13.475 13.477 13.478 13.479 13.481 13.482 13.484 13.485 13.486 13.108 12.237 11.366 10.496 9.625 9.61 9.796 9.982 10.168 10.354 10.54 10.726 10.913 11.099 11.285 11.471 11.657 10.835 10.005 9.175 8.345 7.515 6.685 5.855 5.025 4.195 3.364 2.534 1.704 1.651 1.735 1.82 1.905 2.023 2.169 2.314 2.46 2.605 2.751 2.896 3.042 3.187 3.333 3.478 3.623 3.758 3.841 3.925 4.008 4.083 4.086 4.088 4.091 4.062 3.843 3.625 3.406 3.188 2.969 2.751 2.533 2.314 2.096 1.877 1.659 1.44 1.166 0.862 0.558 0.255 0.625 1.05 1.475 1.9 2.325 2.75 3.175 3.6 4.025 4.45 4.875 5.3 5.652 5.744 5.835 5.927 6.018 6.11 6.201 6.293 6.384 6.476 6.567 6.659 6.751 6.824 6.787 6.75 6.714 6.747
33.105 32.304 31.504 31.166 31.748 32.33 32.912 33.494 34.076 33.528 31.677 29.826 27.975 26.124 24.273 22.422 20.571 18.721 16.87 15.019 14.644 14.45 14.255 14.06 13.866 13.718 13.719 13.72 13.722 13.723 13.725 13.726 13.728 13.729 13.73 13.732 13.339 12.469 11.598 10.727 9.856 8.998 9.184 9.37 9.556 9.743 9.929 10.115 10.301 10.487 10.673 10.859 11.037 10.207 9.377 8.547 7.717 6.887 6.056 5.226 4.396 3.566 2.736 1.906 1.717 1.802 1.887 1.972 2.057 2.176 2.322 2.467 2.613 2.758 2.903 3.049 3.194 3.34 3.485 3.631 3.774 3.858 3.941 4.025 4.108 4.182 4.184 4.187 4.189 4.192 4.118 3.899 3.681 3.462 3.244 3.026 2.807 2.589 2.37 2.152 1.933 1.715 1.439 1.135 0.831 0.528 0.318 0.743 1.168 1.593 2.018 2.443 2.868 3.293 3.718 4.143 4.568 4.993 5.339 5.431 5.522 5.614 5.705 5.797 5.888 5.98 6.072 6.163 6.255 6.346 6.438 6.401 6.365 6.328 6.292 6.327
31.516 30.716 29.915 29.6 30.182 30.764 31.346 31.928 32.51 33.092 32.052 30.201 28.35 26.5 24.649 22.798 20.947 19.096 17.245 15.394 15.046 14.851 14.657 14.462 14.267 14.073 13.964 13.966 13.967 13.969 13.97 13.972 13.973 13.974 13.976 13.977 13.571 12.7 11.829 10.958 10.087 9.216 8.572 8.759 8.945 9.131 9.317 9.503 9.689 9.875 10.061 10.247 10.409 9.579 8.748 7.918 7.088 6.258 5.428 4.598 3.768 2.938 2.107 1.784 1.869 1.954 2.039 2.124 2.209 2.329 2.474 2.62 2.765 2.911 3.056 3.202 3.347 3.493 3.638 3.784 3.874 3.958 4.041 4.124 4.208 4.28 4.283 4.285 4.288 4.29 4.293 4.174 3.955 3.737 3.518 3.3 3.082 2.863 2.645 2.426 2.208 1.989 1.712 1.408 1.104 0.801 0.497 0.435 0.86 1.285 1.71 2.135 2.56 2.985 3.41 3.835 4.26 4.685 5.026 5.118 5.209 5.301 5.393 5.484 5.576 5.667 5.759 5.85 5.942 6.033 6.016 5.979 5.943 5.906 5.869 5.906
29.927 29.127 28.327 28.033 28.615 29.197 29.779 30.361 30.943 31.525 32.107 30.577 28.726 26.875 25.024 23.173 21.322 19.471 17.62 15.769 15.448 15.253 15.058 14.864 14.669 14.475 14.28 14.211 14.213 14.214 14.215 14.217 14.218 14.22 14.221 14.223 13.802 12.931 12.06 11.189 10.318 9.447 8.576 8.147 8.333 8.519 8.705 8.891 9.077 9.263 9.449 9.636 9.78 8.95 8.12 7.29 6.46 5.63 4.8 3.969 3.139 2.309 1.851 1.936 2.021 2.106 2.191 2.276 2.361 2.482 2.627 2.773 2.918 3.064 3.209 3.355 3.5 3.645 3.791 3.891 3.974 4.058 4.141 4.224 4.308 4.379 4.381 4.384 4.386 4.389 4.391 4.394 4.23 4.011 3.793 3.575 3.356 3.138 2.919 2.701 2.482 2.264 1.985 1.681 1.378 1.074 0.77 0.467 0.553 0.978 1.403 1.828 2.253 2.678 3.103 3.528 3.953 4.378 4.714 4.805 4.897 4.988 5.08 5.171 5.263 5.354 5.446 5.537 5.629 5.63 5.594 5.557 5.52 5.484 5.447 5.486
28.339 27.538 26.738 26.466 27.048 27.63 28.212 28.794 29.376 29.958 30.54 30.952 29.101 27.25 25.399 23.548 21.697 19.846 17.995 16.144 15.849 15.655 15.46 15.266 15.071 14.876 14.682 14.487 14.458 14.459 14.461 14.462 14.464 14.465 14.467 14.468 14.033 13.162 12.291 11.42 10.549 9.679 8.808 7.937 7.721 7.907 8.093 8.279 8.465 8.652 8.838 9.024 9.152 8.322 7.492 6.661 5.831 5.001 4.171 3.341 2.511 1.918 2.003 2.088 2.173 2.258 2.343 2.428 2.513 2.635 2.78 2.926 3.071 3.216 3.362 3.507 3.653 3.798 3.907 3.991 4.074 4.157 4.241 4.324 4.407 4.477 4.48 4.482 4.485 4.487 4.49 4.492 4.495 4.286 4.067 3.849 3.631 3.412 3.194 2.975 2.757 2.538 2.258 1.954 1.651 1.347 1.043 0.74 0.436 0.671 1.096 1.521 1.946 2.371 2.796 3.221 3.646 4.071 4.401 4.492 4.584 4.675 4.767 4.859 4.95 5.042 5.133 5.225 5.244 5.208 5.171 5.135 5.098 5.062 5.025 5.065
26.75 25.95 25.149 24.899 25.481 26.063 26.645 27.227 27.81 28.392 28.974 29.556 29.476 27.625 25.774 23.923 22.072 20.221 18.37 16.519 16.251 16.056 15.862 15.667 15.473 15.278 15.083 14.889 14.703 14.705 14.706 14.708 14.709 14.711 14.712 14.713 14.264 13.393 12.522 11.652 10.781 9.91 9.039 8.168 7.297 7.295 7.481 7.668 7.854 8.04 8.226 8.412 8.523 7.693 6.863 6.033 5.203 4.373 3.543 2.712 1.985 2.07 2.155 2.24 2.325 2.41 2.494 2.579 2.664 2.787 2.933 3.078 3.224 3.369 3.515 3.66 3.806 3.924 4.007 4.09 4.174 4.257 4.341 4.424 4.507 4.576 4.578 4.581 4.583 4.586 4.588 4.591 4.593 4.56 4.342 4.124 3.905 3.687 3.468 3.25 3.031 2.813 2.531 2.227 1.924 1.62 1.316 1.013 0.709 0.405 0.789 1.214 1.639 2.064 2.489 2.914 3.339 3.764 4.088 4.18 4.271 4.363 4.454 4.546 4.637 4.729 4.82 4.859 4.822 4.786 4.749 4.713 4.676 4.639 4.603 4.644
25.161 24.361 23.561 23.333 23.915 24.497 25.079 25.661 26.243 26.825 27.407 27.989 28.571 28.0 26.149 24.298 22.447 20.596 18.745 16.894 16.653 16.458 16.264 16.069 15.874 15.68 15.485 15.291 15.096 14.95 14.952 14.953 14.954 14.956 14.957 14.959 14.496 13.625 12.754 11.883 11.012 10.141 9.27 8.399 7.528 6.684 6.87 7.056 7.242 7.428 7.614 7.8 7.895 7.065 6.235 5.404 4.574 3.744 2.914 2.084 2.137 2.222 2.307 2.392 2.476 2.561 2.646 2.731 2.816 2.94 3.086 3.231 3.377 3.522 3.668 3.813 3.94 4.024 4.107 4.19 4.274 4.357 4.44 4.524 4.607 4.674 4.677 4.679 4.682 4.684 4.687 4.689 4.692 4.694 4.617 4.398 4.18 3.961 3.743 3.524 3.306 3.087 2.804 2.5 2.197 1.893 1.589 1.286 0.982 0.678 0.482 0.907 1.332 1.757 2.182 2.607 3.032 3.457 3.775 3.867 3.958 4.05 4.141 4.233 4.324 4.416 4.473 4.437 4.4 4.363 4.327 4.29 4.254 4.217 4.181 4.224
23.573 22.772 21.972 21.766 22.348 22.93 23.512 24.094 24.676 25.258 25.84 26.422 27.004 27.586 26.524 24.673 22.822 20.971 19.12 17.269 17.054 16.86 16.665 16.471 16.276 16.082 15.887 15.692 15.498 15.303 15.197 15.198 15.2 15.201 15.203 15.204 14.727 13.856 12.985 12.114 11.243 10.372 9.501 8.63 7.76 6.889 6.258 6.444 6.63 6.816 7.002 7.188 7.266 6.436 5.606 4.776 3.946 3.116 2.286 2.204 2.289 2.373 2.458 2.543 2.628 2.713 2.798 2.883 2.968 3.093 3.239 3.384 3.529 3.675 3.82 3.957 4.04 4.123 4.207 4.29 4.374 4.457 4.54 4.624 4.707 4.773 4.775 4.778 4.78 4.783 4.785 4.788 4.79 4.792 4.795 4.673 4.454 4.236 4.017 3.799 3.58 3.362 3.077 2.773 2.47 2.166 1.863 1.559 1.255 0.952 0.648 0.6 1.025 1.45 1.875 2.3 2.725 3.15 3.462 3.554 3.645 3.737 3.829 3.92 4.012 4.088 4.051 4.014 3.978 3.941 3.905 3.868 3.832 3.795 3.758 3.803
21.984 21.184 20.383 20.199 20.781 21.363 21.945 22.527 23.109 23.691 24.273 24.855 25.437 26.02 26.602 25.048 23.197 21.346 19.495 17.651 17.456 17.262 17.067 16.872 16.678 16.483 16.289 16.094 15.899 15.705 15.51 15.444 15.445 15.447 15.448 15.449 14.958 14.087 13.216 12.345 11.474 10.603 9.733 8.862 7.991 7.12 6.249 5.832 6.018 6.204 6.391 6.577 6.638 5.808 4.978 4.148 3.317 2.487 2.271 2.355 2.44 2.525 2.61 2.695 2.78 2.865 2.95 3.035 3.12 3.246 3.391 3.537 3.682 3.828 3.973 4.057 4.14 4.223 4.307 4.39 4.473 4.557 4.64 4.724 4.807 4.871 4.874 4.876 4.879 4.881 4.884 4.886 4.888 4.891 4.893 4.896 4.729 4.51 4.292 4.073 3.855 3.636 3.35 3.047 2.743 2.439 2.136 1.832 1.528 1.225 0.921 0.617 0.718 1.143 1.568 1.993 2.418 2.843 3.15 3.241 3.333 3.424 3.516 3.607 3.699 3.665 3.629 3.592 3.556 3.519 3.482 3.446 3.409 3.373 3.336 3.382
20.395 19.595 18.795 18.632 19.214 19.797 20.379 20.961 21.543 22.125 22.707 23.289 23.871 24.453 25.035 25.423 23.572 21.722 19.871 18.052 17.858 17.663 17.469 17.274 17.08 16.885 16.69 16.496 16.301 16.107 15.912 15.717 15.691 15.692 15.693 15.695 15.189 14.318 13.447 12.576 11.706 10.835 9.964 9.093 8.222 7.351 6.48 5.609 5.407 5.593 5.779 5.965 6.009 5.179 4.349 3.519 2.689 2.337 2.422 2.507 2.592 2.677 2.762 2.847 2.932 3.017 3.102 3.187 3.272 3.399 3.544 3.69 3.835 3.981 4.073 4.156 4.24 4.323 4.406 4.49 4.573 4.657 4.74 4.823 4.907 4.97 4.972 4.975 4.977 4.98 4.982 4.984 4.987 4.989 4.992 4.994 4.997 4.785 4.566 4.348 4.129 3.911 3.623 3.32 3.016 2.712 2.409 2.105 1.801 1.498 1.194 0.89 0.587 0.836 1.261 1.686 2.111 2.536 2.837 2.928 3.02 3.111 3.203 3.294 3.28 3.243 3.207 3.17 3.133 3.097 3.06 3.024 2.987 2.951 2.914 2.962
18.807 18.006 17.206 17.066 17.648 18.23 18.812 19.394 19.976 20.558 21.14 21.722 22.304 22.886 23.468 24.05 23.948 22.097 20.246 18.454 18.26 18.065 17.87 17.676 17.481 17.287 17.092 16.898 16.703 16.508 16.314 16.119 15.936 15.937 15.939 15.94 15.42 14.549 13.679 12.808 11.937 11.066 10.195 9.324 8.453 7.582 6.711 5.841 4.97 4.981 5.167 5.353 5.381 4.551 3.721 2.891 2.404 2.489 2.574 2.659 2.744 2.829 2.914 2.999 3.084 3.169 3.254 3.338 3.423 3.551 3.697 3.842 3.988 4.089 4.173 4.256 4.34 4.423 4.506 4.59 4.673 4.756 4.84 4.923 5.007 5.068 5.071 5.073 5.075 5.078 5.08 5.083 5.085 5.088 5.09 5.093 5.095 5.059 4.841 4.622 4.404 4.185 3.896 3.593 3.289 2.985 2.682 2.378 2.074 1.771 1.467 1.163 0.86 0.556 0.954 1.379 1.804 2.229 2.524 2.616 2.707 2.799 2.89 2.894 2.857 2.821 2.784 2.748 2.711 2.675 2.638 2.601 2.565 2.528 2.492 2.541
17.218 16.418 15.617 15.499 16.081 16.663 17.245 17.827 18.409 18.991 19.573 20.155 20.737 21.319 21.901 22.483 23.065 22.472 20.621 18.856 18.661 18.467 18.272 18.078 17.883 17.688 17.494 17.299 17.105 16.91 16.715 16.521 16.326 16.183 16.184 16.186 15.652 14.781 13.91 13.039 12.168 11.297 10.426 9.555 8.684 7.814 6.943 6.072 5.201 4.369 4.555 4.741 4.753 3.922 3.092 2.471 2.556 2.641 2.726 2.811 2.896 2.981 3.066 3.151 3.235 3.32 3.405 3.49 3.575 3.704 3.85 3.995 4.106 4.189 4.273 4.356 4.439 4.523 4.606 4.69 4.773 4.856 4.94 5.023 5.106 5.167 5.169 5.171 5.174 5.176 5.179 5.181 5.184 5.186 5.189 5.191 5.194 5.196 5.115 4.897 4.678 4.46 4.169 3.866 3.562 3.258 2.955 2.651 2.347 2.044 1.74 1.437 1.133 0.829 0.647 1.072 1.497 1.922 2.211 2.303 2.394 2.486 2.508 2.472 2.435 2.399 2.362 2.326 2.289 2.252 2.216 2.179 2.143 2.106 2.07 2.12
15.629 14.829 14.029 13.932 14.514 15.096 15.678 16.26 16.842 17.424 18.007 18.589 19.171 19.753 20.335 20.917 21.499 22.081 20.996 19.258 19.063 18.868 18.674 18.479 18.285 18.09 17.896 17.701 17.506 17.312 17.117 16.923 16.728 16.533 16.43 16.431 15.883 15.012 14.141 13.27 12.399 11.528 10.657 9.787 8.916 8.045 7.174 6.303 5.432 4.561 3.943 4.13 4.124 3.294 2.538 2.623 2.708 2.793 2.878 2.963 3.048 3.133 3.217 3.302 3.387 3.472 3.557 3.642 3.727 3.857 4.003 4.122 4.206 4.289 4.373 4.456 4.539 4.623 4.706 4.789 4.873 4.956 5.04 5.123 5.206 5.265 5.267 5.27 5.272 5.275 5.277 5.28 5.282 5.285 5.287 5.29 5.292 5.295 5.297 5.171 4.953 4.734 4.442 4.139 3.835 3.532 3.228 2.924 2.621 2.317 2.013 1.71 1.406 1.102 0.799 0.765 1.19 1.615 1.898 1.99 2.081 2.123 2.086 2.05 2.013 1.976 1.94 1.903 1.867 1.83 1.794 1.757 1.72 1.684 1.647 1.7
14.041 13.24 12.44 12.366 12.948 13.53 14.112 14.694 15.276 15.858 16.44 17.022 17.604 18.186 18.768 19.35 19.932 20.514 21.096 19.659 19.465 19.27 19.076 18.881 18.686 18.492 18.297 18.103 17.908 17.714 17.519 17.324 17.13 16.935 16.741 16.676 16.114 15.243 14.372 13.501 12.63 11.76 10.889 10.018 9.147 8.276 7.405 6.534 5.663 4.792 3.921 3.518 3.496 2.666 2.69 2.775 2.86 2.945 3.03 3.114 3.199 3.284 3.369 3.454 3.539 3.624 3.709 3.794 3.879 4.01 4.139 4.222 4.306 4.389 4.472 4.556 4.639 4.723 4.806 4.889 4.973 5.056 5.139 5.223 5.306 5.363 5.366 5.368 5.371 5.373 5.376 5.378 5.381 5.383 5.386 5.388 5.391 5.393 5.396 5.398 5.227 5.009 4.716 4.412 4.108 3.805 3.501 3.197 2.894 2.59 2.286 1.983 1.679 1.375 1.072 0.768 0.882 1.307 1.586 1.677 1.737 1.701 1.664 1.627 1.591 1.554 1.518 1.481 1.445 1.408 1.371 1.335 1.298 1.262 1.225 1.279
13.062 12.231 11.4 11.34 11.889 12.439 12.989 13.539 14.089 14.638 15.188 15.738 16.288 16.837 17.387 17.937 18.487 19.037 19.586 20.058 19.866 19.672 19.477 19.283 19.088 18.894 18.699 18.504 18.31 18.115 17.921 17.726 17.531 17.337 17.142 16.948 16.345 15.474 14.603 13.733 12.862 11.991 11.12 10.249 9.378 8.507 7.636 6.765 5.894 5.024 4.153 3.282 2.867 2.757 2.842 2.927 3.011 3.096 3.181 3.266 3.351 3.436 3.521 3.606 3.691 3.776 3.861 3.946 4.031 4.155 4.239 4.322 4.405 4.489 4.572 4.656 4.739 4.822 4.906 4.989 5.072 5.156 5.239 5.323 5.406 5.462 5.464 5.467 5.469 5.472 5.474 5.477 5.479 5.482 5.484 5.487 5.489 5.492 5.494 5.497 5.499 5.283 4.989 4.685 4.381 4.078 3.774 3.47 3.167 2.863 2.559 2.256 1.952 1.648 1.345 1.041 0.737 1.0 1.273 1.352 1.315 1.278 1.242 1.205 1.169 1.132 1.095 1.059 1.022 0.986 0.949 0.913 0.876 0.839 0.804 0.858
13.409 12.578 11.968 11.918 12.343 12.893 13.442 13.992 14.542 15.092 15.642 16.191 16.741 17.291 17.841 18.39 18.94 19.49 20.04 20.468 20.06 19.869 19.678 19.486 19.295 19.104 18.913 18.722 18.53 18.339 18.148 17.957 17.766 17.574 17.383 17.192 16.54 15.67 14.8 13.93 13.06 12.189 11.319 10.449 9.579 8.709 7.839 6.969 6.099 5.229 4.359 3.489 3.044 3.121 3.198 3.275 3.353 3.43 3.507 3.585 3.662 3.739 3.817 3.894 3.971 4.048 4.126 4.203 4.28 4.243 4.327 4.412 4.496 4.581 4.665 4.749 4.834 4.918 5.003 5.087 5.172 5.256 5.339 5.422 5.506 5.56 5.563 5.565 5.568 5.57 5.573 5.575 5.578 5.58 5.583 5.585 5.588 5.59 5.593 5.595 5.598 5.558 5.262 4.958 4.654 4.351 4.047 3.743 3.44 3.136 2.832 2.529 2.225 1.921 1.618 1.314 1.011 0.707 0.96 0.929 0.893 0.856 0.82 0.783 0.746 0.71 0.673 0.637 0.6 0.564 0.527 0.49 0.454 0.417 0.384 0.438
13.757 13.094 12.617 12.58 12.869 13.346 13.896 14.446 14.995 15.545 16.095 16.645 17.195 17.744 18.294 18.844 19.394 19.943 20.493 20.905 20.408 20.061 19.87 19.679 19.488 19.297 19.105 18.914 18.723 18.532 18.341 18.149 17.958 17.767 17.576 17.385 16.722 15.851 14.981 14.111 13.241 12.371 11.501 10.631 9.761 8.891 8.021 7.151 6.28 5.41 4.54 3.915 3.657 3.734 3.812 3.889 3.966 4.044 4.121 4.198 4.275 4.353 4.43 4.507 4.585 4.662 4.739 4.817 4.531 4.323 4.364 4.448 4.533 4.617 4.701 4.786 4.87 4.955 5.039 5.124 5.208 5.292 5.377 5.461 5.546 5.6 5.604 5.607 5.611 5.614 5.618 5.621 5.625 5.629 5.632 5.636 5.639 5.643 5.646 5.65 5.654 5.66 5.382 5.082 4.783 4.483 4.184 3.884 3.584 3.285 2.985 2.686 2.386 2.086 1.787 1.487 1.188 0.888 0.772 0.725 0.677 0.63 0.583 0.536 0.488 0.441 0.394 0.347 0.3 0.252 0.205 0.158 0.111 0.063 0.028 0.073
14.219 13.743 13.266 13.241 13.53 13.82 14.349 14.899 15.449 15.999 16.548 17.098 17.648 18.198 18.748 19.297 19.847 20.397 20.947 21.341 20.844 20.347 20.063 19.872 19.68 19.489 19.298 19.107 18.916 18.724 18.533 18.342 18.151 17.96 17.768 17.577 16.903 16.033 15.163 14.293 13.423 12.553 11.683 10.813 9.943 9.072 8.202 7.332 6.462 5.592 4.893 4.521 4.27 4.348 4.425 4.502 4.58 4.657 4.734 4.812 4.889 4.966 5.044 5.121 5.198 5.275 5.353 5.132 4.768 4.563 4.4 4.485 4.569 4.653 4.738 4.822 4.907 4.991 5.076 5.16 5.244 5.329 5.413 5.498 5.582 5.635 5.639 5.642 5.646 5.649 5.653 5.656 5.66 5.664 5.667 5.671 5.674 5.678 5.681 5.685 5.691 5.7 5.417 5.117 4.818 4.518 4.219 3.919 3.619 3.32 3.02 2.721 2.421 2.121 1.822 1.522 1.223 1.029 0.951 0.921 0.874 0.826 0.779 0.732 0.685 0.638 0.59 0.543 0.496 0.449 0.401 0.354 0.307 0.26 0.228 0.39
14.868 14.392 13.915 13.902 14.191 14.481 14.803 15.353 15.902 16.452 17.002 17.552 18.102 18.651 19.201 19.751 20.301 20.85 21.4 21.778 21.281 20.784 20.287 20.064 19.873 19.682 19.491 19.3 19.108 18.917 18.726 18.535 18.344 18.152 17.961 17.77 17.085 16.215 15.345 14.475 13.605 12.734 11.864 10.994 10.124 9.254 8.384 7.514 6.644 5.871 5.499 5.127 4.884 4.961 5.039 5.116 5.193 5.27 5.348 5.425 5.502 5.58 5.657 5.734 5.812 5.889 5.733 5.369 5.005 4.804 4.632 4.521 4.605 4.69 4.774 4.859 4.943 5.028 5.112 5.196 5.281 5.365 5.45 5.534 5.619 5.67 5.674 5.677 5.681 5.684 5.688 5.692 5.695 5.699 5.702 5.706 5.709 5.713 5.717 5.721 5.731 5.74 5.452 5.152 4.853 4.553 4.254 3.954 3.654 3.355 3.055 2.756 2.456 2.156 1.857 1.557 1.34 1.201 1.125 1.106 1.07 1.023 0.976 0.928 0.881 0.834 0.787 0.739 0.692 0.645 0.598 0.551 0.503 0.456 0.429 0.617
15.517 15.041 14.564 14.563 14.852 15.142 15.432 15.806 16.356 16.906 17.455 18.005 18.555 19.105 19.655 20.204 20.754 21.304 21.854 22.215 21.717 21.22 20.723 20.257 20.066 19.875 19.683 19.492 19.301 19.11 18.919 18.727 18.536 18.345 18.154 17.963 17.267 16.396 15.526 14.656 13.786 12.916 12.046 11.176 10.306 9.436 8.566 7.696 6.85 6.478 6.105 5.733 5.497 5.575 5.652 5.729 5.807 5.884 5.961 6.039 6.116 6.193 6.27 6.348 6.425 6.334 5.97 5.606 5.243 5.045 4.873 4.701 4.642 4.726 4.811 4.895 4.98 5.064 5.148 5.233 5.317 5.402 5.486 5.571 5.655 5.705 5.709 5.712 5.716 5.719 5.723 5.727 5.73 5.734 5.737 5.741 5.744 5.748 5.752 5.761 5.771 5.781 5.487 5.187 4.888 4.588 4.289 3.989 3.689 3.39 3.09 2.791 2.491 2.191 1.892 1.651 1.512 1.372 1.299 1.28 1.261 1.219 1.172 1.125 1.077 1.03 0.983 0.936 0.889 0.841 0.794 0.747 0.7 0.652 0.629 0.817
16.166 15.689 15.213 15.224 15.513 15.803 16.093 16.383 16.809 17.359 17.909 18.459 19.008 19.558 20.108 20.658 21.208 21.757 22.307 22.651 22.154 21.657 21.16 20.663 20.259 20.067 19.876 19.685 19.494 19.303 19.111 18.92 18.729 18.538 18.347 18.155 17.448 16.578 15.708 14.838 13.968 13.098 12.228 11.358 10.487 9.617 8.747 7.877 7.456 7.084 6.712 6.339 6.111 6.188 6.266 6.343 6.42 6.497 6.575 6.652 6.729 6.807 6.884 6.961 6.935 6.571 6.208 5.844 5.48 5.285 5.113 4.942 4.77 4.763 4.847 4.931 5.016 5.1 5.185 5.269 5.354 5.438 5.523 5.607 5.691 5.74 5.744 5.747 5.751 5.755 5.758 5.762 5.765 5.769 5.772 5.776 5.78 5.783 5.792 5.802 5.811 5.821 5.522 5.222 4.923 4.623 4.323 4.024 3.724 3.425 3.125 2.826 2.526 2.226 1.962 1.823 1.684 1.544 1.472 1.453 1.434 1.415 1.368 1.321 1.274 1.227 1.179 1.132 1.085 1.038 0.99 0.943 0.896 0.849 0.83 1.018
16.815 16.338 15.862 15.885 16.175 16.464 16.754 17.044 17.333 17.813 18.362 18.912 19.462 20.012 20.561 21.111 21.661 22.211 22.761 23.088 22.591 22.094 21.597 21.1 20.603 20.26 20.069 19.878 19.686 19.495 19.304 19.113 18.922 18.73 18.539 18.348 17.63 16.76 15.89 15.02 14.149 13.279 12.409 11.539 10.669 9.799 8.929 8.434 8.062 7.69 7.318 6.945 6.724 6.802 6.879 6.956 7.034 7.111 7.188 7.266 7.343 7.42 7.497 7.536 7.172 6.809 6.445 6.081 5.717 5.526 5.354 5.182 5.01 4.839 4.883 4.968 5.052 5.137 5.221 5.306 5.39 5.474 5.559 5.643 5.728 5.775 5.779 5.782 5.786 5.79 5.793 5.797 5.8 5.804 5.807 5.811 5.815 5.823 5.832 5.842 5.851 5.856 5.557 5.257 4.958 4.658 4.358 4.059 3.759 3.46 3.16 2.86 2.561 2.273 2.134 1.995 1.855 1.716 1.646 1.627 1.608 1.589 1.565 1.517 1.47 1.423 1.376 1.328 1.281 1.234 1.187 1.139 1.092 1.045 1.03 1.218
17.464 16.987 16.511 16.546 16.836 17.125 17.415 17.705 17.994 18.284 18.816 19.366 19.915 20.465 21.015 21.565 22.115 22.664 23.214 23.525 23.027 22.53 22.033 21.536 21.039 20.542 20.262 20.07 19.879 19.688 19.497 19.306 19.114 18.923 18.732 18.541 17.812 16.941 16.071 15.201 14.331 13.461 12.591 11.721 10.851 9.981 9.412 9.04 8.668 8.296 7.924 7.552 7.338 7.415 7.493 7.57 7.647 7.724 7.802 7.879 7.956 8.034 8.111 7.774 7.41 7.046 6.682 6.318 5.955 5.766 5.594 5.423 5.251 5.079 4.92 5.004 5.089 5.173 5.258 5.342 5.426 5.511 5.595 5.68 5.764 5.81 5.814 5.818 5.821 5.825 5.828 5.832 5.835 5.839 5.842 5.846 5.853 5.863 5.872 5.882 5.892 5.891 5.592 5.292 4.993 4.693 4.393 4.094 3.794 3.495 3.195 2.895 2.596 2.445 2.306 2.166 2.027 1.888 1.82 1.801 1.782 1.763 1.744 1.714 1.666 1.619 1.572 1.525 1.478 1.43 1.383 1.336 1.289 1.241 1.23 1.418
18.113 17.636 17.16 17.207 17.497 17.786 18.076 18.366 18.655 18.945 19.269 19.819 20.369 20.919 21.468 22.018 22.568 23.118 23.668 23.961 23.464 22.967 22.47 21.973 21.476 20.979 20.482 20.263 20.072 19.881 19.689 19.498 19.307 19.116 18.925 18.733 17.993 17.123 16.253 15.383 14.513 13.643 12.773 11.903 11.032 10.391 10.018 9.646 9.274 8.902 8.53 8.158 7.951 8.029 8.106 8.183 8.261 8.338 8.415 8.493 8.57 8.647 8.375 8.011 7.647 7.283 6.92 6.556 6.192 6.007 5.835 5.663 5.492 5.32 5.148 5.041 5.125 5.21 5.294 5.378 5.463 5.547 5.632 5.716 5.801 5.845 5.849 5.853 5.856 5.86 5.863 5.867 5.87 5.874 5.878 5.884 5.893 5.903 5.913 5.922 5.932 5.926 5.627 5.327 5.028 4.728 4.428 4.129 3.829 3.53 3.23 2.93 2.756 2.617 2.478 2.338 2.199 2.06 1.994 1.975 1.956 1.937 1.918 1.899 1.863 1.816 1.768 1.721 1.674 1.627 1.579 1.532 1.485 1.438 1.431 1.619
18.762 18.285 17.808 17.868 18.158 18.447 18.737 19.027 19.316 19.606 19.896 20.273 20.822 21.372 21.922 22.472 23.021 23.571 24.121 24.398 23.901 23.404 22.907 22.41 21.913 21.415 20.918 20.456 20.264 20.073 19.882 19.691 19.5 19.308 19.117 18.926 18.175 17.305 16.435 15.565 14.694 13.824 12.954 12.084 11.369 10.997 10.625 10.252 9.88 9.508 9.136 8.764 8.565 8.642 8.719 8.797 8.874 8.951 9.029 9.106 9.183 8.976 8.612 8.248 7.885 7.521 7.157 6.793 6.429 6.247 6.076 5.904 5.732 5.56 5.389 5.217 5.162 5.246 5.33 5.415 5.499 5.584 5.668 5.753 5.837 5.881 5.884 5.888 5.891 5.895 5.898 5.902 5.905 5.909 5.914 5.924 5.934 5.943 5.953 5.963 5.972 5.961 5.662 5.362 5.063 4.763 4.463 4.164 3.864 3.565 3.265 3.067 2.928 2.789 2.649 2.51 2.371 2.231 2.168 2.149 2.13 2.111 2.092 2.073 2.054 2.012 1.965 1.917 1.87 1.823 1.776 1.728 1.681 1.634 1.631 1.819
19.411 18.934 18.457 18.529 18.819 19.108 19.398 19.688 19.977 20.267 20.557 20.847 21.276 21.826 22.375 22.925 23.475 24.025 24.574 24.835 24.337 23.84 23.343 22.846 22.349 21.852 21.355 20.858 20.457 20.266 20.075 19.884 19.692 19.501 19.31 19.119 18.356 17.486 16.616 15.746 14.876 14.006 13.136 12.347 11.975 11.603 11.231 10.858 10.486 10.114 9.742 9.37 9.178 9.256 9.333 9.41 9.488 9.565 9.642 9.719 9.577 9.213 8.849 8.486 8.122 7.758 7.394 7.03 6.667 6.488 6.316 6.144 5.973 5.801 5.629 5.458 5.286 5.282 5.367 5.451 5.536 5.62 5.705 5.789 5.873 5.916 5.919 5.923 5.926 5.93 5.933 5.937 5.941 5.945 5.955 5.964 5.974 5.984 5.993 6.003 6.012 5.996 5.697 5.397 5.098 4.798 4.498 4.199 3.899 3.6 3.378 3.239 3.1 2.96 2.821 2.682 2.542 2.403 2.342 2.323 2.304 2.285 2.266 2.247 2.228 2.208 2.161 2.114 2.066 2.019 1.972 1.925 1.878 1.83 1.832 2.02
20.059 19.583 19.106 19.19 19.48 19.77 20.059 20.349 20.639 20.928 21.218 21.508 21.797 22.279 22.829 23.379 23.928 24.478 25.028 25.271 24.774 24.277 23.78 23.283 22.786 22.289 21.792 21.295 20.798 20.459 20.267 20.076 19.885 19.694 19.503 19.311 18.538 17.668 16.798 15.928 15.058 14.188 13.325 12.953 12.581 12.209 11.837 11.465 11.092 10.72 10.348 9.976 9.792 9.869 9.946 10.024 10.101 10.178 10.256 10.178 9.814 9.451 9.087 8.723 8.359 7.995 7.632 7.268 6.904 6.728 6.557 6.385 6.213 6.041 5.87 5.698 5.526 5.355 5.403 5.488 5.572 5.657 5.741 5.825 5.91 5.951 5.954 5.958 5.961 5.965 5.968 5.972 5.976 5.985 5.995 6.005 6.014 6.024 6.033 6.043 6.053 6.031 5.732 5.432 5.133 4.833 4.533 4.234 3.934 3.689 3.55 3.411 3.271 3.132 2.993 2.854 2.714 2.575 2.515 2.496 2.477 2.459 2.44 2.421 2.402 2.383 2.357 2.31 2.263 2.216 2.168 2.121 2.074 2.027 2.032 2.22
20.708 20.232 19.755 19.851 20.141 20.431 20.72 21.01 21.3 21.589 21.879 22.169 22.458 22.748 23.282 23.832 24.382 24.932 25.481 25.708 25.211 24.714 24.217 23.72 23.222 22.725 22.228 21.731 21.234 20.737 20.46 20.269 20.078 19.887 19.695 19.504 18.72 17.85 16.98 16.11 15.239 14.369 13.931 13.559 13.187 12.815 12.443 12.071 11.699 11.326 10.954 10.582 10.405 10.483 10.56 10.637 10.715 10.792 10.779 10.416 10.052 9.688 9.324 8.96 8.597 8.233 7.869 7.505 7.141 6.969 6.797 6.625 6.454 6.282 6.11 5.939 5.767 5.595 5.44 5.524 5.609 5.693 5.777 5.862 5.946 5.986 5.989 5.993 5.996 6.0 6.004 6.007 6.016 6.026 6.035 6.045 6.054 6.064 6.074 6.083 6.093 6.066 5.767 5.467 5.168 4.868 4.568 4.269 4.0 3.861 3.722 3.583 3.443 3.304 3.165 3.025 2.886 2.747 2.689 2.67 2.651 2.632 2.613 2.594 2.575 2.556 2.537 2.506 2.459 2.412 2.365 2.317 2.27 2.223 2.232 2.42
21.357 20.881 20.404 20.512 20.802 21.092 21.381 21.671 21.961 22.25 22.54 22.83 23.119 23.409 23.736 24.286 24.835 25.385 25.935 26.145 25.647 25.15 24.653 24.156 23.659 23.162 22.665 22.168 21.671 21.174 20.677 20.462 20.27 20.079 19.888 19.697 18.901 18.031 17.161 16.291 15.421 14.91 14.538 14.165 13.793 13.421 13.049 12.677 12.305 11.933 11.56 11.188 11.019 11.096 11.173 11.251 11.328 11.381 11.017 10.653 10.289 9.925 9.562 9.198 8.834 8.47 8.106 7.743 7.381 7.209 7.038 6.866 6.694 6.523 6.351 6.179 6.007 5.836 5.664 5.561 5.645 5.729 5.814 5.898 5.983 6.021 6.024 6.028 6.031 6.035 6.039 6.047 6.056 6.066 6.075 6.085 6.095 6.104 6.114 6.123 6.133 6.101 5.802 5.502 5.202 4.903 4.603 4.312 4.172 4.033 3.894 3.754 3.615 3.476 3.336 3.197 3.058 2.918 2.863 2.844 2.825 2.806 2.787 2.768 2.749 2.73 2.711 2.692 2.655 2.608 2.561 2.514 2.467 2.419 2.433 2.621
22.006 21.529 21.053 21.173 21.463 21.753 22.042 22.332 22.622 22.911 23.201 23.491 23.78 24.07 24.36 24.739 25.289 25.839 26.388 26.581 26.084 25.587 25.09 24.593 24.096 23.599 23.102 22.605 22.108 21.61 21.113 20.654 20.463 20.272 20.081 19.889 19.083 18.213 17.343 16.473 15.888 15.516 15.144 14.771 14.399 14.027 13.655 13.283 12.911 12.539 12.166 11.794 11.632 11.71 11.787 11.864 11.942 11.618 11.254 10.89 10.526 10.163 9.799 9.435 9.071 8.708 8.344 7.98 7.622 7.45 7.278 7.107 6.935 6.763 6.591 6.42 6.248 6.076 5.905 5.733 5.681 5.766 5.85 5.935 6.019 6.056 6.059 6.063 6.067 6.07 6.077 6.087 6.096 6.106 6.116 6.125 6.135 6.144 6.154 6.164 6.173 6.136 5.837 5.537 5.237 4.938 4.638 4.483 4.344 4.205 4.065 3.926 3.787 3.647 3.508 3.369 3.23 3.09 3.037 3.018 2.999 2.98 2.961 2.942 2.923 2.904 2.885 2.866 2.847 2.805 2.757 2.71 2.663 2.616 2.633 2.821
22.655 22.178 21.702 21.834 22.124 22.414 22.703 22.993 23.283 23.572 23.862 24.152 24.442 24.731 25.021 25.311 25.742 26.292 26.842 27.018 26.521 26.024 25.527 25.03 24.532 24.035 23.538 23.041 22.544 22.047 21.55 21.053 20.656 20.465 20.273 20.082 19.265 18.395 17.525 16.866 16.494 16.122 15.75 15.378 15.005 14.633 14.261 13.889 13.517 13.145 12.773 12.4 12.246 12.323 12.4 12.478 12.219 11.855 11.491 11.128 10.764 10.4 10.036 9.672 9.309 8.945 8.581 8.217 7.862 7.69 7.519 7.347 7.175 7.004 6.832 6.66 6.489 6.317 6.145 5.973 5.802 5.802 5.887 5.971 6.056 6.091 6.094 6.098 6.102 6.108 6.117 6.127 6.137 6.146 6.156 6.165 6.175 6.185 6.194 6.204 6.213 6.171 5.872 5.572 5.272 4.973 4.794 4.655 4.516 4.377 4.237 4.098 3.959 3.819 3.68 3.541 3.401 3.262 3.211 3.192 3.173 3.154 3.135 3.116 3.097 3.078 3.059 3.04 3.021 3.001 2.954 2.906 2.859 2.812 2.834 3.022
23.304 22.827 22.351 22.495 22.785 23.075 23.364 23.654 23.944 24.234 24.523 24.813 25.103 25.392 25.682 25.972 26.261 26.746 27.295 27.454 26.957 26.46 25.963 25.466 24.969 24.472 23.975 23.478 22.981 22.484 21.987 21.49 20.993 20.657 20.466 20.275 19.446 18.576 17.844 17.472 17.1 16.728 16.356 15.984 15.612 15.239 14.867 14.495 14.123 13.751 13.379 13.007 12.859 12.937 13.014 12.82 12.456 12.093 11.729 11.365 11.001 10.637 10.274 9.91 9.546 9.182 8.818 8.455 8.103 7.931 7.759 7.588 7.416 7.244 7.072 6.901 6.729 6.557 6.386 6.214 6.042 5.871 5.923 6.008 6.092 6.126 6.13 6.133 6.138 6.148 6.158 6.167 6.177 6.186 6.196 6.206 6.215 6.225 6.234 6.244 6.254 6.206 5.907 5.607 5.307 5.106 4.966 4.827 4.688 4.548 4.409 4.27 4.13 3.991 3.852 3.712 3.573 3.434 3.385 3.366 3.347 3.328 3.309 3.29 3.271 3.252 3.233 3.214 3.195 3.176 3.15 3.103 3.056 3.008 3.034 3.222
23.953 23.476 23.0 23.157 23.446 23.736 24.026 24.315 24.605 24.895 25.184 25.474 25.764 26.053 26.343 26.633 26.922 27.212 27.749 27.891 27.394 26.897 26.4 25.903 25.406 24.909 24.412 23.915 23.418 22.92 22.423 21.926 21.429 20.932 20.659 20.468 19.628 18.823 18.451 18.078 17.706 17.334 16.962 16.59 16.218 15.846 15.473 15.101 14.729 14.357 13.985 13.613 13.473 13.55 13.421 13.058 12.694 12.33 11.966 11.602 11.239 10.875 10.511 10.147 9.783 9.42 9.056 8.692 8.343 8.172 8.0 7.828 7.656 7.485 7.313 7.141 6.97 6.798 6.626 6.455 6.283 6.111 5.96 6.044 6.128 6.161 6.165 6.169 6.179 6.188 6.198 6.207 6.217 6.227 6.236 6.246 6.255 6.265 6.275 6.284 6.294 6.241 5.942 5.642 5.417 5.277 5.138 4.999 4.859 4.72 4.581 4.441 4.302 4.163 4.024 3.884 3.745 3.606 3.558 3.539 3.521 3.502 3.483 3.464 3.445 3.426 3.407 3.388 3.369 3.35 3.331 3.299 3.252 3.205 3.234 3.422
24.602 24.125 23.648 23.818 24.107 24.397 24.687 24.976 25.266 25.556 25.845 26.135 26.425 26.714 27.004 27.294 27.583 27.873 28.202 28.328 27.831 27.334 26.837 26.34 25.842 25.345 24.848 24.351 23.854 23.357 22.86 22.363 21.866 21.369 20.872 20.66 19.81 19.429 19.057 18.685 18.312 17.94 17.568 17.196 16.824 16.452 16.079 15.707 15.335 14.963 14.591 14.219 14.086 14.023 13.659 13.295 12.931 12.567 12.204 11.84 11.476 11.112 10.748 10.385 10.021 9.657 9.293 8.929 8.584 8.412 8.24 8.069 7.897 7.725 7.554 7.382 7.21 7.038 6.867 6.695 6.523 6.352 6.18 6.08 6.165 6.196 6.2 6.209 6.219 6.228 6.238 6.248 6.257 6.267 6.276 6.286 6.296 6.305 6.315 6.325 6.334 6.276 5.977 5.728 5.588 5.449 5.31 5.17 5.031 4.892 4.753 4.613 4.474 4.335 4.195 4.056 3.917 3.777 3.732 3.713 3.694 3.675 3.656 3.637 3.618 3.599 3.58 3.561 3.543 3.524 3.505 3.486 3.448 3.401 3.435 3.623
25.059 24.591 24.055 24.188 24.492 24.795 25.099 25.403 25.706 26.01 26.314 26.617 26.921 27.225 27.528 27.832 28.136 28.439 28.743 28.714 28.228 27.741 27.255 26.769 26.279 25.782 25.285 24.788 24.291 23.794 23.297 22.8 22.303 21.805 21.308 20.853 20.407 20.035 19.663 19.291 18.918 18.546 18.174 17.802 17.43 17.058 16.686 16.313 15.941 15.569 15.197 14.825 14.624 14.26 13.896 13.532 13.168 12.805 12.441 12.077 11.713 11.349 10.986 10.622 10.258 9.894 9.53 9.167 8.824 8.653 8.481 8.309 8.138 7.966 7.794 7.622 7.451 7.279 7.107 6.936 6.764 6.592 6.42 6.249 6.201 6.231 6.24 6.249 6.259 6.269 6.278 6.288 6.297 6.307 6.317 6.326 6.336 6.346 6.355 6.365 6.374 6.311 6.039 5.899 5.76 5.621 5.482 5.342 5.203 5.064 4.924 4.785 4.646 4.506 4.367 4.228 4.088 3.949 3.906 3.887 3.868 3.849 3.83 3.811 3.792 3.773 3.754 3.735 3.716 3.697 3.678 3.659 3.64 3.597 3.635 3.823
25.204 24.735 23.811 23.97 24.277 24.58 24.884 25.188 25.491 25.795 26.099 26.402 26.706 27.01 27.313 27.617 27.921 28.224 28.528 28.486 28.0 27.513 27.027 26.541 26.054 25.568 25.082 24.595 24.109 23.623 23.136 22.65 22.164 21.677 21.191 21.227 20.671 20.306 19.941 19.576 19.21 18.845 18.48 18.115 17.75 17.385 17.019 16.654 16.289 15.924 15.559 15.194 14.83 14.467 14.104 13.741 13.378 13.015 12.653 12.29 11.927 11.564 11.201 10.838 10.476 10.113 9.75 9.387 9.128 8.962 8.786 8.61 8.434 8.257 8.081 7.905 7.729 7.553 7.377 7.201 7.024 6.848 6.672 6.496 6.32 6.27 6.28 6.29 6.299 6.309 6.318 6.328 6.338 6.347 6.357 6.367 6.376 6.386 6.395 6.405 6.415 6.35 6.211 6.071 5.932 5.793 5.653 5.514 5.375 5.235 5.096 4.957 4.817 4.678 4.539 4.4 4.26 4.121 4.08 4.061 4.042 4.023 4.004 3.985 3.966 3.947 3.928 3.909 3.89 3.871 3.852 3.833 3.814 3.794 3.836 4.024
25.349 24.493 23.567 23.746 24.061 24.365 24.669 24.973 25.276 25.58 25.884 26.187 26.491 26.795 27.098 27.402 27.706 28.009 28.313 28.258 27.772 27.286 26.799 26.313 25.827 25.34 24.854 24.368 23.881 23.395 22.909 22.422 21.936 21.45 21.376 21.637 20.983 20.485 20.12 19.755 19.39 19.025 18.659 18.294 17.929 17.564 17.199 16.833 16.468 16.103 15.738 15.373 15.009 14.646 14.283 13.92 13.558 13.195 12.832 12.469 12.106 11.743 11.381 11.018 10.655 10.292 9.929 9.628 9.555 9.468 9.292 9.116 8.94 8.764 8.587 8.411 8.235 8.059 7.883 7.707 7.531 7.354 7.178 7.002 6.826 6.776 6.777 6.779 6.781 6.782 6.784 6.786 6.788 6.789 6.791 6.793 6.794 6.796 6.798 6.799 6.801 6.394 6.258 6.122 5.985 5.849 5.713 5.576 5.44 5.304 5.167 5.031 4.895 4.759 4.622 4.486 4.35 4.232 4.209 4.192 4.175 4.157 4.14 4.123 4.106 4.089 4.072 4.054 4.037 4.02 4.003 3.986 3.968 3.951 4.037 4.225
25.174 24.249 23.324 23.522 23.837 24.15 24.454 24.757 25.061 25.365 25.668 25.972 26.276 26.579 26.883 27.187 27.491 27.794 28.098 28.031 27.544 27.058 26.572 26.085 25.599 25.113 24.626 24.14 23.654 23.167 22.681 22.195 21.708 21.52 21.8 22.047 21.392 20.738 20.299 19.934 19.569 19.204 18.839 18.473 18.108 17.743 17.378 17.013 16.648 16.282 15.917 15.552 15.188 14.825 14.463 14.1 13.737 13.374 13.011 12.648 12.286 11.923 11.56 11.197 10.834 10.471 10.127 10.054 9.981 9.905 9.798 9.622 9.446 9.27 9.094 8.917 8.741 8.565 8.389 8.213 8.037 7.861 7.684 7.508 7.332 7.285 7.286 7.288 7.29 7.292 7.293 7.295 7.297 7.298 7.3 7.302 7.303 7.305 7.307 7.309 6.864 6.389 6.253 6.117 5.98 5.844 5.708 5.571 5.435 5.299 5.163 5.026 4.89 4.754 4.617 4.481 4.35 4.301 4.279 4.262 4.245 4.228 4.21 4.193 4.176 4.159 4.142 4.124 4.107 4.09 4.073 4.056 4.038 4.084 4.247 4.434
24.93 24.005 23.08 23.298 23.613 23.928 24.239 24.542 24.846 25.15 25.453 25.757 26.061 26.364 26.668 26.972 27.275 27.579 27.883 27.803 27.317 26.83 26.344 25.857 25.371 24.885 24.398 23.912 23.426 22.939 22.453 21.967 21.665 21.945 22.225 22.456 21.802 21.148 20.494 20.113 19.748 19.383 19.018 18.653 18.288 17.922 17.557 17.192 16.827 16.462 16.097 15.731 15.368 15.005 14.642 14.279 13.916 13.553 13.191 12.828 12.465 12.102 11.739 11.376 11.014 10.651 10.554 10.481 10.407 10.331 10.255 10.128 9.952 9.776 9.6 9.424 9.247 9.071 8.895 8.719 8.543 8.367 8.191 8.014 7.838 7.794 7.796 7.797 7.799 7.801 7.802 7.804 7.806 7.808 7.809 7.811 7.813 7.814 7.816 7.461 6.851 6.384 6.248 6.112 5.975 5.839 5.703 5.566 5.43 5.294 5.158 5.021 4.885 4.749 4.612 4.476 4.42 4.371 4.349 4.332 4.315 4.298 4.281 4.263 4.246 4.229 4.212 4.195 4.177 4.16 4.143 4.126 4.147 4.292 4.456 4.644
24.686 23.761 22.836 23.074 23.389 23.704 24.019 24.327 24.631 24.935 25.238 25.542 25.846 26.149 26.453 26.757 27.06 27.364 27.668 27.575 27.089 26.602 26.116 25.63 25.143 24.657 24.171 23.684 23.198 22.712 22.225 21.81 22.09 22.37 22.65 22.866 22.212 21.558 20.903 20.293 19.928 19.562 19.197 18.832 18.467 18.102 17.736 17.371 17.006 16.641 16.276 15.911 15.547 15.184 14.821 14.458 14.096 13.733 13.37 13.007 12.644 12.281 11.919 11.556 11.193 11.053 10.98 10.907 10.833 10.758 10.682 10.606 10.458 10.282 10.106 9.93 9.754 9.577 9.401 9.225 9.049 8.873 8.697 8.521 8.344 8.303 8.305 8.306 8.308 8.31 8.312 8.313 8.315 8.317 8.318 8.32 8.322 8.323 8.059 7.448 6.838 6.379 6.243 6.107 5.97 5.834 5.698 5.562 5.425 5.289 5.153 5.016 4.88 4.744 4.608 4.538 4.489 4.44 4.419 4.402 4.385 4.368 4.351 4.333 4.316 4.299 4.282 4.265 4.247 4.23 4.213 4.211 4.356 4.501 4.665 4.853
24.443 23.517 22.592 22.85 23.165 23.48 23.795 24.11 24.416 24.72 25.023 25.327 25.631 25.934 26.238 26.542 26.845 27.149 27.453 27.347 26.861 26.375 25.888 25.402 24.916 24.429 23.943 23.457 22.97 22.484 21.998 22.235 22.515 22.795 23.075 23.275 22.621 21.967 21.313 20.659 20.107 19.742 19.376 19.011 18.646 18.281 17.916 17.551 17.185 16.82 16.455 16.09 15.726 15.363 15.001 14.638 14.275 13.912 13.549 13.186 12.824 12.461 12.098 11.735 11.552 11.479 11.406 11.333 11.26 11.184 11.108 11.032 10.956 10.788 10.612 10.436 10.26 10.084 9.907 9.731 9.555 9.379 9.203 9.027 8.851 8.812 8.814 8.816 8.817 8.819 8.821 8.822 8.824 8.826 8.827 8.829 8.831 8.656 8.046 7.435 6.825 6.374 6.238 6.102 5.966 5.829 5.693 5.557 5.42 5.284 5.148 5.011 4.875 4.739 4.657 4.608 4.559 4.51 4.49 4.472 4.455 4.438 4.421 4.404 4.386 4.369 4.352 4.335 4.318 4.3 4.283 4.42 4.564 4.709 4.874 5.062
24.199 23.274 22.349 22.626 22.941 23.256 23.571 23.886 24.201 24.504 24.808 25.112 25.416 25.719 26.023 26.327 26.63 26.934 27.238 27.12 26.633 26.147 25.661 25.174 24.688 24.201 23.715 23.229 22.742 22.256 22.38 22.66 22.939 23.219 23.499 23.685 23.031 22.377 21.723 21.069 20.414 19.921 19.556 19.191 18.825 18.46 18.095 17.73 17.365 17.0 16.634 16.269 15.906 15.543 15.18 14.817 14.454 14.091 13.728 13.366 13.003 12.64 12.277 12.052 11.979 11.906 11.833 11.76 11.686 11.61 11.534 11.458 11.383 11.294 11.118 10.942 10.766 10.59 10.414 10.237 10.061 9.885 9.709 9.533 9.357 9.321 9.323 9.325 9.326 9.328 9.33 9.332 9.333 9.335 9.337 9.338 9.254 8.643 8.033 7.422 6.812 6.37 6.233 6.097 5.961 5.824 5.688 5.552 5.415 5.279 5.143 5.007 4.87 4.775 4.726 4.677 4.628 4.579 4.56 4.542 4.525 4.508 4.491 4.474 4.457 4.439 4.422 4.405 4.388 4.371 4.483 4.628 4.773 4.918 5.083 5.271
23.955 23.03 22.105 22.402 22.717 23.032 23.347 23.662 23.977 24.289 24.593 24.897 25.2 25.504 25.808 26.111 26.415 26.719 27.022 26.892 26.405 25.919 25.433 24.946 24.46 23.974 23.487 23.001 22.515 22.524 22.804 23.084 23.364 23.644 23.924 24.095 23.44 22.786 22.132 21.478 20.824 20.17 19.735 19.37 19.005 18.639 18.274 17.909 17.544 17.179 16.814 16.448 16.085 15.722 15.359 14.996 14.633 14.271 13.908 13.545 13.182 12.819 12.551 12.478 12.405 12.332 12.259 12.186 12.112 12.036 11.961 11.885 11.809 11.733 11.624 11.448 11.272 11.096 10.92 10.744 10.567 10.391 10.215 10.039 9.863 9.83 9.832 9.834 9.836 9.837 9.839 9.841 9.842 9.844 9.846 9.847 9.241 8.63 8.02 7.409 6.799 6.365 6.228 6.092 5.956 5.819 5.683 5.547 5.411 5.274 5.138 5.002 4.894 4.845 4.796 4.747 4.698 4.649 4.63 4.613 4.595 4.578 4.561 4.544 4.527 4.509 4.492 4.475 4.458 4.547 4.692 4.836 4.981 5.126 5.293 5.481
23.711 22.786 21.863 22.178 22.493 22.808 23.123 23.438 23.753 24.068 24.378 24.682 24.985 25.289 25.593 25.896 26.2 26.504 26.807 26.664 26.178 25.691 25.205 24.719 24.232 23.746 23.26 22.773 22.669 22.949 23.229 23.509 23.789 24.069 24.349 24.504 23.85 23.196 22.542 21.888 21.234 20.58 19.925 19.549 19.184 18.819 18.454 18.088 17.723 17.358 16.993 16.628 16.264 15.901 15.538 15.176 14.813 14.45 14.087 13.724 13.361 13.051 12.978 12.905 12.831 12.758 12.685 12.612 12.539 12.463 12.387 12.311 12.235 12.159 12.083 11.954 11.778 11.602 11.426 11.25 11.074 10.898 10.721 10.545 10.369 10.34 10.341 10.343 10.345 10.346 10.348 10.35 10.352 10.353 10.355 9.838 9.228 8.617 8.007 7.396 6.786 6.36 6.223 6.087 5.951 5.814 5.678 5.542 5.406 5.269 5.133 5.012 4.963 4.914 4.865 4.816 4.768 4.719 4.7 4.683 4.666 4.648 4.631 4.614 4.597 4.58 4.562 4.545 4.61 4.755 4.9 5.045 5.19 5.335 5.502 5.69
23.468 22.542 21.639 21.954 22.269 22.584 22.899 23.214 23.529 23.843 24.158 24.467 24.77 25.074 25.378 25.681 25.985 26.289 26.592 26.436 25.95 25.464 24.977 24.491 24.005 23.518 23.032 22.814 23.094 23.374 23.654 23.934 24.214 24.494 24.774 24.914 24.26 23.606 22.951 22.297 21.643 20.989 20.335 19.728 19.363 18.998 18.633 18.268 17.902 17.537 17.172 16.807 16.443 16.081 15.718 15.355 14.992 14.629 14.266 13.904 13.55 13.477 13.404 13.331 13.258 13.185 13.112 13.039 12.965 12.889 12.813 12.737 12.661 12.586 12.51 12.434 12.284 12.108 11.932 11.756 11.58 11.404 11.228 11.051 10.875 10.849 10.85 10.852 10.854 10.856 10.857 10.859 10.861 10.862 10.435 9.825 9.215 8.604 7.994 7.383 6.773 6.355 6.218 6.082 5.946 5.81 5.673 5.537 5.401 5.264 5.131 5.082 5.033 4.984 4.935 4.886 4.837 4.788 4.77 4.753 4.736 4.718 4.701 4.684 4.667 4.65 4.632 4.674 4.819 4.964 5.109 5.253 5.398 5.543 5.711 5.899
23.224 22.299 21.415 21.73 22.045 22.36 22.675 22.99 23.305 23.619 23.934 24.249 24.555 24.859 25.163 25.466 25.77 26.074 26.377 26.208 25.722 25.236 24.749 24.263 23.777 23.29 22.959 23.239 23.519 23.799 24.079 24.359 24.639 24.918 25.198 25.323 24.669 24.015 23.361 22.707 22.053 21.399 20.745 20.091 19.542 19.177 18.812 18.447 18.082 17.717 17.351 16.986 16.623 16.26 15.897 15.534 15.171 14.809 14.446 14.083 13.976 13.903 13.83 13.757 13.684 13.611 13.538 13.465 13.391 13.315 13.239 13.164 13.088 13.012 12.936 12.86 12.784 12.614 12.438 12.262 12.086 11.91 11.734 11.558 11.381 11.358 11.36 11.361 11.363 11.365 11.366 11.368 11.37 11.033 10.422 9.812 9.202 8.591 7.981 7.371 6.76 6.35 6.214 6.077 5.941 5.805 5.668 5.532 5.396 5.259 5.2 5.152 5.103 5.054 5.005 4.956 4.907 4.858 4.84 4.823 4.806 4.789 4.771 4.754 4.737 4.72 4.737 4.882 5.027 5.172 5.317 5.462 5.607 5.752 5.92 6.108
22.98 22.055 21.191 21.506 21.821 22.136 22.451 22.766 23.08 23.395 23.71 24.025 24.34 24.644 24.947 25.251 25.555 25.858 26.162 25.981 25.494 25.008 24.522 24.035 23.549 23.104 23.384 23.664 23.944 24.223 24.503 24.783 25.063 25.343 25.623 25.733 25.079 24.425 23.771 23.116 22.462 21.808 21.154 20.5 19.846 19.357 18.991 18.626 18.261 17.896 17.531 17.166 16.802 16.439 16.076 15.714 15.351 14.988 14.625 14.476 14.403 14.33 14.257 14.183 14.11 14.037 13.964 13.891 13.817 13.742 13.666 13.59 13.514 13.438 13.362 13.286 13.21 13.121 12.944 12.768 12.592 12.416 12.24 12.064 11.888 11.867 11.869 11.87 11.872 11.874 11.876 11.877 11.63 11.02 10.41 9.799 9.189 8.578 7.968 7.358 6.747 6.345 6.209 6.072 5.936 5.8 5.663 5.527 5.391 5.319 5.27 5.221 5.172 5.123 5.074 5.025 4.976 4.927 4.91 4.893 4.876 4.859 4.841 4.824 4.807 4.801 4.946 5.091 5.236 5.381 5.525 5.67 5.815 5.96 6.13 6.317
22.736 21.811 20.967 21.282 21.597 21.912 22.227 22.541 22.856 23.171 23.486 23.801 24.116 24.429 24.732 25.036 25.34 25.643 25.947 25.753 25.267 24.78 24.294 23.808 23.321 23.528 23.808 24.088 24.368 24.648 24.928 25.208 25.488 25.768 26.048 26.142 25.488 24.834 24.18 23.526 22.872 22.218 21.564 20.91 20.256 19.602 19.171 18.805 18.44 18.075 17.71 17.345 16.981 16.619 16.256 15.893 15.53 15.167 14.975 14.902 14.829 14.756 14.683 14.61 14.537 14.464 14.391 14.318 14.244 14.168 14.092 14.016 13.94 13.864 13.788 13.713 13.637 13.561 13.451 13.274 13.098 12.922 12.746 12.57 12.394 12.376 12.378 12.38 12.381 12.383 12.385 12.228 11.617 11.007 10.397 9.786 9.176 8.565 7.955 7.345 6.734 6.34 6.204 6.067 5.931 5.795 5.658 5.522 5.438 5.389 5.34 5.291 5.242 5.193 5.144 5.095 5.046 4.998 4.98 4.963 4.946 4.929 4.912 4.894 4.877 5.009 5.154 5.299 5.444 5.589 5.734 5.879 6.024 6.169 6.339 6.527
22.493 21.567 20.743 21.058 21.373 21.688 22.002 22.317 22.632 22.947 23.262 23.577 23.892 24.207 24.517 24.821 25.125 25.428 25.732 25.525 25.039 24.552 24.066 23.58 23.673 23.953 24.233 24.513 24.793 25.073 25.353 25.633 25.913 26.193 26.473 26.552 25.898 25.244 24.59 23.936 23.282 22.627 21.973 21.319 20.665 20.011 19.357 18.985 18.62 18.254 17.889 17.524 17.161 16.798 16.435 16.072 15.709 15.474 15.401 15.328 15.255 15.182 15.109 15.036 14.963 14.89 14.817 14.744 14.67 14.594 14.518 14.442 14.367 14.291 14.215 14.139 14.063 13.987 13.911 13.781 13.604 13.428 13.252 13.076 12.9 12.885 12.887 12.889 12.89 12.892 12.825 12.215 11.604 10.994 10.384 9.773 9.163 8.552 7.942 7.332 6.721 6.335 6.199 6.062 5.926 5.79 5.654 5.556 5.507 5.458 5.409 5.36 5.311 5.262 5.213 5.164 5.115 5.068 5.051 5.033 5.016 4.999 4.982 4.965 5.073 5.218 5.363 5.508 5.653 5.798 5.942 6.087 6.232 6.377 6.548 6.736
22.249 21.324 20.519 20.834 21.149 21.463 21.778 22.093 22.408 22.723 23.038 23.353 23.668 23.983 24.298 24.606 24.91 25.213 25.517 25.297 24.811 24.325 23.838 23.818 24.098 24.378 24.658 24.938 25.218 25.498 25.778 26.058 26.338 26.618 26.898 26.962 26.308 25.653 24.999 24.345 23.691 23.037 22.383 21.729 21.075 20.421 19.767 19.164 18.799 18.434 18.068 17.703 17.34 16.977 16.614 16.251 15.974 15.901 15.828 15.755 15.682 15.609 15.536 15.462 15.389 15.316 15.243 15.17 15.096 15.02 14.945 14.869 14.793 14.717 14.641 14.565 14.489 14.413 14.338 14.262 14.111 13.934 13.758 13.582 13.406 13.394 13.396 13.398 13.4 13.401 12.812 12.202 11.591 10.981 10.371 9.76 9.15 8.539 7.929 7.319 6.708 6.33 6.194 6.058 5.921 5.785 5.675 5.626 5.577 5.528 5.479 5.43 5.381 5.332 5.283 5.234 5.185 5.138 5.121 5.103 5.086 5.069 5.052 5.137 5.282 5.426 5.571 5.716 5.861 6.006 6.151 6.296 6.441 6.586 6.757 6.945
22.005 21.08 20.295 20.61 20.925 21.239 21.554 21.869 22.184 22.499 22.814 23.129 23.444 23.759 24.074 24.389 24.694 24.998 25.302 25.07 24.583 24.097 23.963 24.243 24.523 24.803 25.083 25.363 25.643 25.923 26.202 26.482 26.762 27.042 27.322 27.371 26.717 26.063 25.409 24.755 24.101 23.447 22.793 22.138 21.484 20.83 20.176 19.522 18.978 18.613 18.248 17.883 17.519 17.156 16.794 16.473 16.4 16.327 16.254 16.181 16.108 16.035 15.962 15.889 15.816 15.743 15.67 15.597 15.523 15.447 15.371 15.295 15.219 15.143 15.067 14.991 14.916 14.84 14.764 14.688 14.612 14.441 14.264 14.088 13.912 13.904 13.905 13.907 13.909 13.41 12.799 12.189 11.578 10.968 10.358 9.747 9.137 8.526 7.916 7.306 6.695 6.325 6.189 6.053 5.916 5.793 5.744 5.695 5.646 5.597 5.548 5.499 5.45 5.401 5.352 5.304 5.255 5.208 5.191 5.174 5.156 5.139 5.2 5.345 5.49 5.635 5.78 5.925 6.07 6.214 6.359 6.504 6.649 6.794 6.966 7.154
21.761 20.836 20.071 20.386 20.7 21.015 21.33 21.645 21.96 22.275 22.59 22.905 23.22 23.535 23.85 24.165 24.479 24.783 25.087 24.842 24.355 24.108 24.388 24.668 24.948 25.227 25.507 25.787 26.067 26.347 26.627 26.907 27.187 27.467 27.747 27.781 27.127 26.473 25.819 25.164 24.51 23.856 23.202 22.548 21.894 21.24 20.586 19.932 19.278 18.792 18.427 18.062 17.699 17.336 16.973 16.899 16.826 16.753 16.68 16.607 16.534 16.461 16.388 16.315 16.242 16.169 16.096 16.023 15.949 15.873 15.797 15.721 15.645 15.569 15.494 15.418 15.342 15.266 15.19 15.114 15.038 14.947 14.771 14.594 14.418 14.413 14.414 14.416 14.007 13.397 12.786 12.176 11.565 10.955 10.345 9.734 9.124 8.514 7.903 7.293 6.682 6.32 6.184 6.048 5.912 5.863 5.814 5.765 5.716 5.667 5.618 5.569 5.52 5.471 5.422 5.373 5.324 5.278 5.261 5.244 5.226 5.264 5.409 5.554 5.699 5.843 5.988 6.133 6.278 6.423 6.568 6.713 6.858 7.003 7.176 7.364
21.518 20.592 19.847 20.161 20.476 20.791 21.106 21.421 21.736 22.051 22.366 22.681 22.996 23.311 23.626 23.941 24.256 24.568 24.872 24.614 24.253 24.532 24.812 25.092 25.372 25.652 25.932 26.212 26.492 26.772 27.052 27.332 27.612 27.892 28.172 28.19 27.536 26.882 26.228 25.574 24.92 24.266 23.612 22.958 22.304 21.649 20.995 20.341 19.687 19.033 18.606 18.241 17.878 17.515 17.399 17.326 17.253 17.18 17.107 17.034 16.961 16.888 16.815 16.741 16.668 16.595 16.522 16.449 16.375 16.299 16.223 16.148 16.072 15.996 15.92 15.844 15.768 15.692 15.616 15.541 15.465 15.389 15.277 15.101 14.924 14.922 14.924 14.605 13.994 13.384 12.773 12.163 11.553 10.942 10.332 9.721 9.111 8.501 7.89 7.28 6.669 6.315 6.179 6.043 5.981 5.932 5.883 5.834 5.785 5.736 5.688 5.639 5.59 5.541 5.492 5.443 5.394 5.348 5.331 5.314 5.327 5.472 5.617 5.762 5.907 6.052 6.197 6.342 6.487 6.631 6.776 6.921 7.066 7.211 7.385 7.573
21.274 20.349 19.622 19.937 20.252 20.567 20.882 21.197 21.512 21.827 22.142 22.457 22.772 23.087 23.402 23.717 24.031 24.346 24.657 24.397 24.677 24.957 25.237 25.517 25.797 26.077 26.357 26.637 26.917 27.197 27.477 27.757 28.037 28.317 28.597 28.6 27.946 27.292 26.638 25.984 25.33 24.675 24.021 23.367 22.713 22.059 21.405 20.751 20.097 19.443 18.789 18.42 18.057 17.898 17.825 17.752 17.679 17.606 17.533 17.46 17.387 17.314 17.241 17.168 17.095 17.022 16.949 16.876 16.801 16.726 16.65 16.574 16.498 16.422 16.346 16.27 16.194 16.119 16.043 15.967 15.891 15.815 15.739 15.607 15.431 15.431 15.202 14.592 13.981 13.371 12.76 12.15 11.54 10.929 10.319 9.708 9.098 8.488 7.877 7.267 6.656 6.31 6.174 6.1 6.051 6.002 5.953 5.904 5.855 5.806 5.757 5.708 5.659 5.61 5.561 5.512 5.463 5.418 5.401 5.391 5.536 5.681 5.826 5.971 6.115 6.26 6.405 6.55 6.695 6.84 6.985 7.13 7.275 7.419 7.594 7.782
21.043 20.117 19.539 19.849 20.158 20.468 20.777 21.086 21.396 21.705 22.015 22.324 22.633 22.943 23.252 23.562 23.871 24.18 24.49 24.769 25.055 25.341 25.628 25.914 26.2 26.487 26.773 27.059 27.342 27.622 27.902 28.181 28.461 28.741 29.021 29.01 28.355 27.701 27.047 26.393 25.739 25.085 24.431 23.777 23.123 22.469 21.815 21.16 20.506 19.852 19.198 18.6 18.397 18.324 18.251 18.178 18.105 18.032 17.959 17.886 17.813 17.74 17.667 17.594 17.521 17.448 17.375 17.302 17.228 17.152 17.076 17.0 16.924 16.848 16.772 16.697 16.621 16.545 16.469 16.393 16.317 16.241 16.165 16.09 15.938 15.799 15.189 14.579 13.968 13.358 12.747 12.137 11.527 10.916 10.306 9.695 9.085 8.475 7.864 7.254 6.643 6.306 6.218 6.169 6.12 6.072 6.023 5.974 5.925 5.876 5.827 5.778 5.729 5.68 5.631 5.582 5.533 5.488 5.471 5.599 5.744 5.889 6.034 6.179 6.324 6.469 6.614 6.759 6.903 7.048 7.193 7.338 7.483 7.628 7.803 7.981
20.828 20.043 19.661 19.971 20.28 20.589 20.899 21.208 21.518 21.827 22.136 22.446 22.755 23.065 23.374 23.683 23.993 24.302 24.335 24.749 25.085 25.371 25.657 25.944 26.23 26.516 26.803 27.089 27.375 27.662 27.948 28.234 28.521 28.807 29.093 29.073 28.425 27.778 27.13 26.482 25.835 25.187 24.539 23.892 23.244 22.596 21.949 21.301 20.653 20.006 19.358 19.04 18.671 18.603 18.534 18.465 18.396 18.327 18.258 18.19 18.121 18.052 17.983 17.914 17.846 17.777 17.708 17.639 17.569 17.497 17.426 17.354 17.282 17.211 17.139 17.068 16.996 16.924 16.853 16.781 16.709 16.638 16.566 16.494 16.406 15.808 15.19 14.573 13.955 13.345 12.734 12.124 11.514 10.903 10.293 9.682 9.072 8.462 7.851 7.241 6.63 6.337 6.288 6.239 6.19 6.141 6.092 6.043 5.994 5.945 5.896 5.847 5.798 5.749 5.7 5.651 5.602 5.559 5.663 5.808 5.953 6.098 6.243 6.388 6.532 6.677 6.822 6.967 7.112 7.257 7.402 7.547 7.692 7.836 8.009 8.15
20.697 20.151 19.783 20.093 20.402 20.711 21.021 21.33 21.64 21.949 22.258 22.568 22.877 23.187 23.496 23.805 24.115 24.205 24.129 24.553 25.115 25.401 25.687 25.974 26.26 26.546 26.833 27.119 27.405 27.692 27.978 28.264 28.551 28.837 29.123 29.088 28.44 27.792 27.145 26.497 25.849 25.202 24.554 23.906 23.259 22.611 21.963 21.316 20.668 20.021 19.582 19.743 19.104 18.775 18.706 18.637 18.568 18.499 18.431 18.362 18.293 18.224 18.155 18.086 18.018 17.949 17.88 17.811 17.741 17.669 17.598 17.526 17.454 17.383 17.311 17.24 17.168 17.096 17.025 16.953 16.881 16.81 16.738 16.667 16.298 16.213 15.596 14.978 14.361 13.743 13.126 12.508 11.891 11.273 10.656 10.038 9.421 8.803 8.186 7.569 6.951 6.448 6.386 6.336 6.287 6.237 6.188 6.138 6.088 6.039 5.989 5.94 5.89 5.84 5.791 5.741 5.692 5.677 5.823 5.97 6.117 6.263 6.41 6.556 6.703 6.849 6.996 7.143 7.289 7.436 7.582 7.729 7.876 8.022 8.109 8.256
20.805 20.259 19.905 20.214 20.524 20.833 21.143 21.452 21.761 22.071 22.38 22.69 22.999 23.308 23.618 23.927 24.075 23.999 23.922 24.357 24.927 25.431 25.717 26.003 26.29 26.576 26.862 27.149 27.435 27.721 28.008 28.294 28.58 28.867 29.153 29.102 28.455 27.807 27.159 26.512 25.864 25.216 24.569 23.921 23.273 22.626 21.978 21.331 20.683 20.125 20.286 20.446 19.792 19.075 18.878 18.809 18.74 18.671 18.603 18.534 18.465 18.396 18.327 18.258 18.19 18.121 18.052 17.983 17.913 17.841 17.77 17.698 17.626 17.555 17.483 17.412 17.34 17.268 17.197 17.125 17.053 16.982 16.91 16.572 16.189 16.217 16.001 15.384 14.766 14.149 13.531 12.914 12.296 11.679 11.061 10.444 9.826 9.209 8.591 7.974 7.357 6.857 6.493 6.443 6.394 6.344 6.294 6.245 6.195 6.146 6.096 6.046 5.997 5.947 5.898 5.848 5.798 5.787 5.934 6.08 6.227 6.373 6.52 6.667 6.813 6.96 7.106 7.253 7.399 7.546 7.693 7.839 7.986 7.886 7.956 8.103
20.913 20.367 20.027 20.336 20.646 20.955 21.264 21.574 21.883 22.193 22.502 22.811 23.121 23.43 23.74 23.945 23.868 23.792 23.716 24.161 24.731 25.3 25.747 26.033 26.32 26.606 26.892 27.179 27.465 27.751 28.038 28.324 28.61 28.897 29.183 29.117 28.469 27.822 27.174 26.526 25.879 25.231 24.583 23.936 23.288 22.64 21.993 21.345 20.698 20.828 20.989 21.149 20.481 19.764 19.05 18.981 18.912 18.843 18.775 18.706 18.637 18.568 18.499 18.431 18.362 18.293 18.224 18.155 18.085 18.013 17.942 17.87 17.798 17.727 17.655 17.584 17.512 17.44 17.369 17.297 17.225 17.154 16.866 16.457 16.081 16.109 16.137 15.789 15.172 14.554 13.937 13.319 12.702 12.084 11.467 10.849 10.232 9.614 8.997 8.379 7.762 7.266 6.837 6.55 6.501 6.451 6.401 6.352 6.302 6.253 6.203 6.153 6.104 6.054 6.005 5.955 5.905 5.897 6.044 6.19 6.337 6.484 6.63 6.777 6.923 7.07 7.217 7.363 7.51 7.656 7.803 7.949 7.896 7.729 7.805 7.95
21.022 20.476 20.149 20.458 20.768 21.077 21.386 21.696 22.005 22.315 22.624 22.933 23.243 23.552 23.814 23.738 23.662 23.586 23.51 23.965 24.535 25.104 25.674 26.063 26.35 26.636 26.922 27.209 27.495 27.781 28.068 28.354 28.64 28.927 29.213 29.132 28.484 27.836 27.189 26.541 25.893 25.246 24.598 23.95 23.303 22.655 22.008 21.36 21.371 21.531 21.692 21.852 21.17 20.452 19.735 19.153 19.084 19.016 18.947 18.878 18.809 18.74 18.671 18.603 18.534 18.465 18.396 18.327 18.257 18.185 18.114 18.042 17.97 17.899 17.827 17.756 17.684 17.612 17.541 17.469 17.397 17.159 16.75 16.341 15.972 16.0 16.029 16.057 15.577 14.96 14.342 13.725 13.107 12.49 11.872 11.255 10.637 10.02 9.402 8.785 8.167 7.674 7.245 6.817 6.607 6.558 6.508 6.459 6.409 6.359 6.31 6.26 6.211 6.161 6.111 6.062 6.012 6.008 6.154 6.301 6.447 6.594 6.74 6.887 7.034 7.18 7.327 7.473 7.62 7.767 7.913 7.905 7.739 7.572 7.653 7.798
21.13 20.584 20.271 20.58 20.889 21.199 21.508 21.818 22.127 22.436 22.746 23.055 23.365 23.674 23.608 23.532 23.456 23.38 23.303 23.769 24.339 24.908 25.478 26.048 26.379 26.666 26.952 27.238 27.525 27.811 28.097 28.384 28.67 28.956 29.243 29.146 28.499 27.851 27.203 26.556 25.908 25.26 24.613 23.965 23.318 22.67 22.022 21.913 22.074 22.235 22.395 22.556 21.859 21.141 20.424 19.706 19.256 19.188 19.119 19.05 18.981 18.912 18.843 18.775 18.706 18.637 18.568 18.499 18.429 18.357 18.286 18.214 18.142 18.071 17.999 17.928 17.856 17.784 17.713 17.641 17.453 17.043 16.634 16.225 15.864 15.892 15.92 15.948 15.976 15.365 14.748 14.13 13.513 12.895 12.278 11.66 11.043 10.425 9.808 9.19 8.573 8.083 7.654 7.225 6.796 6.665 6.615 6.565 6.516 6.466 6.417 6.367 6.317 6.268 6.218 6.169 6.119 6.118 6.264 6.411 6.557 6.704 6.851 6.997 7.144 7.29 7.437 7.584 7.73 7.877 7.915 7.748 7.582 7.415 7.501 7.646
21.238 20.692 20.392 20.702 21.011 21.321 21.63 21.939 22.249 22.558 22.868 23.177 23.486 23.478 23.402 23.326 23.249 23.173 23.097 23.573 24.143 24.713 25.282 25.852 26.409 26.696 26.982 27.268 27.555 27.841 28.127 28.414 28.7 28.986 29.273 29.161 28.513 27.866 27.218 26.57 25.923 25.275 24.627 23.98 23.332 22.685 22.456 22.617 22.777 22.938 23.098 23.259 22.547 21.83 21.113 20.395 19.678 19.36 19.291 19.222 19.153 19.084 19.015 18.947 18.878 18.809 18.74 18.671 18.601 18.529 18.458 18.386 18.314 18.243 18.171 18.1 18.028 17.956 17.885 17.746 17.337 16.928 16.518 16.109 15.755 15.783 15.812 15.84 15.868 15.77 15.153 14.536 13.918 13.301 12.683 12.066 11.448 10.831 10.213 9.596 8.978 8.492 8.063 7.634 7.205 6.776 6.722 6.672 6.623 6.573 6.524 6.474 6.424 6.375 6.325 6.276 6.226 6.228 6.375 6.521 6.668 6.814 6.961 7.107 7.254 7.401 7.547 7.694 7.84 7.924 7.758 7.591 7.424 7.258 7.35 7.495
21.346 20.801 20.514 20.824 21.133 21.443 21.752 22.061 22.371 22.68 22.99 23.299 23.348 23.272 23.195 23.119 23.043 22.967 22.891 23.377 23.947 24.517 25.086 25.656 26.226 26.725 27.012 27.298 27.584 27.871 28.157 28.443 28.73 29.016 29.302 29.176 28.528 27.88 27.233 26.585 25.937 25.29 24.642 23.995 23.347 22.999 23.159 23.32 23.48 23.641 23.801 23.953 23.236 22.519 21.801 21.084 20.367 19.649 19.463 19.394 19.325 19.256 19.188 19.119 19.05 18.981 18.912 18.843 18.773 18.701 18.63 18.558 18.486 18.415 18.343 18.272 18.2 18.128 18.04 17.63 17.221 16.812 16.402 15.993 15.647 15.675 15.703 15.731 15.759 15.788 15.558 14.941 14.324 13.706 13.089 12.471 11.854 11.236 10.619 10.001 9.384 8.9 8.471 8.043 7.614 7.185 6.829 6.779 6.73 6.68 6.63 6.581 6.531 6.482 6.432 6.382 6.333 6.338 6.485 6.631 6.778 6.925 7.071 7.218 7.364 7.511 7.657 7.804 7.934 7.767 7.601 7.434 7.267 7.101 7.198 7.343
21.455 20.909 20.636 20.946 21.255 21.564 21.874 22.183 22.493 22.802 23.111 23.218 23.141 23.065 22.989 22.913 22.837 22.761 22.684 23.181 23.751 24.321 24.89 25.46 26.03 26.599 27.042 27.328 27.614 27.901 28.187 28.473 28.76 29.046 29.332 29.19 28.543 27.895 27.247 26.6 25.952 25.305 24.657 24.009 23.541 23.702 23.862 24.023 24.183 24.344 24.505 24.642 23.925 23.207 22.49 21.773 21.055 20.338 19.635 19.566 19.497 19.428 19.36 19.291 19.222 19.153 19.084 19.015 18.945 18.873 18.802 18.73 18.658 18.587 18.515 18.444 18.372 18.3 17.924 17.515 17.105 16.696 16.287 15.877 15.538 15.566 15.595 15.623 15.651 15.679 15.707 15.346 14.729 14.112 13.494 12.877 12.259 11.642 11.024 10.407 9.789 9.309 8.88 8.451 8.022 7.593 7.164 6.886 6.837 6.787 6.737 6.688 6.638 6.588 6.539 6.489 6.44 6.448 6.595 6.742 6.888 7.035 7.181 7.328 7.475 7.621 7.768 7.914 7.777 7.61 7.444 7.277 7.11 6.944 7.046 7.191
21.563 21.017 20.758 21.068 21.377 21.686 21.996 22.305 22.615 22.924 23.087 23.011 22.935 22.859 22.783 22.707 22.63 22.554 22.478 22.985 23.555 24.125 24.694 25.264 25.834 26.403 26.973 27.358 27.644 27.931 28.217 28.503 28.79 29.076 29.362 29.205 28.557 27.91 27.262 26.614 25.967 25.319 24.672 24.084 24.244 24.405 24.566 24.726 24.887 25.047 25.208 25.331 24.614 23.896 23.179 22.461 21.744 21.027 20.309 19.738 19.669 19.6 19.532 19.463 19.394 19.325 19.256 19.188 19.117 19.045 18.974 18.902 18.83 18.759 18.687 18.616 18.544 18.217 17.808 17.399 16.989 16.58 16.171 15.761 15.43 15.458 15.486 15.514 15.542 15.571 15.599 15.627 15.134 14.517 13.9 13.282 12.665 12.047 11.43 10.812 10.195 9.718 9.289 8.86 8.431 8.002 7.573 7.144 6.943 6.894 6.844 6.795 6.745 6.695 6.646 6.596 6.547 6.559 6.705 6.852 6.998 7.145 7.292 7.438 7.585 7.731 7.878 7.786 7.62 7.453 7.286 7.12 6.953 6.786 6.895 7.04
21.671 21.125 20.88 21.189 21.499 21.808 22.118 22.427 22.736 22.957 22.881 22.805 22.729 22.653 22.576 22.5 22.424 22.348 22.272 22.789 23.359 23.929 24.498 25.068 25.638 26.207 26.777 27.347 27.674 27.96 28.247 28.533 28.819 29.106 29.392 29.22 28.572 27.924 27.277 26.629 25.982 25.334 24.686 24.787 24.948 25.108 25.269 25.429 25.59 25.75 25.911 26.02 25.302 24.585 23.868 23.15 22.433 21.715 20.998 20.281 19.841 19.773 19.704 19.635 19.566 19.497 19.428 19.36 19.289 19.217 19.146 19.074 19.002 18.931 18.859 18.788 18.511 18.101 17.692 17.283 16.873 16.464 16.055 15.646 15.321 15.349 15.378 15.406 15.434 15.462 15.49 15.518 15.54 14.922 14.305 13.688 13.07 12.453 11.835 11.218 10.6 10.126 9.697 9.269 8.84 8.411 7.982 7.553 7.124 7.001 6.951 6.901 6.852 6.802 6.753 6.703 6.653 6.669 6.816 6.962 7.109 7.255 7.402 7.548 7.695 7.842 7.796 7.629 7.463 7.296 7.129 6.963 6.796 6.629 6.743 6.888
21.78 21.234 21.002 21.311 21.621 21.93 22.239 22.549 22.827 22.751 22.675 22.599 22.522 22.446 22.37 22.294 22.218 22.142 22.065 22.594 23.163 23.733 24.302 24.872 25.442 26.011 26.581 27.151 27.704 27.99 28.277 28.563 28.849 29.136 29.422 29.234 28.587 27.939 27.291 26.644 25.996 25.349 25.33 25.49 25.651 25.811 25.972 26.132 26.293 26.454 26.614 26.708 25.991 25.274 24.556 23.839 23.122 22.404 21.687 20.969 20.252 19.945 19.876 19.807 19.738 19.669 19.6 19.532 19.461 19.389 19.318 19.246 19.174 19.103 19.031 18.804 18.395 17.986 17.576 17.167 16.758 16.348 15.939 15.53 15.213 15.241 15.269 15.297 15.325 15.353 15.382 15.41 15.438 15.328 14.71 14.093 13.476 12.858 12.241 11.623 11.006 10.535 10.106 9.677 9.248 8.819 8.39 7.962 7.533 7.108 7.058 7.008 6.959 6.909 6.859 6.81 6.76 6.779 6.926 7.072 7.219 7.366 7.512 7.659 7.805 7.806 7.639 7.472 7.306 7.139 6.972 6.806 6.639 6.472 6.591 6.736
21.888 21.342 21.124 21.433 21.743 22.052 22.361 22.671 22.621 22.545 22.468 22.392 22.316 22.24 22.164 22.088 22.011 21.935 21.859 22.398 22.967 23.537 24.106 24.676 25.246 25.815 26.385 26.955 27.524 28.02 28.307 28.593 28.879 29.165 29.452 29.249 28.601 27.954 27.306 26.659 26.011 25.872 26.033 26.193 26.354 26.515 26.675 26.836 26.996 27.157 27.317 27.397 26.68 25.962 25.245 24.528 23.81 23.093 22.375 21.658 20.941 20.223 20.048 19.979 19.91 19.841 19.772 19.704 19.633 19.561 19.49 19.418 19.346 19.275 19.098 18.688 18.279 17.87 17.46 17.051 16.642 16.232 15.823 15.414 15.104 15.132 15.16 15.189 15.217 15.245 15.273 15.301 15.329 15.358 15.116 14.498 13.881 13.264 12.646 12.029 11.411 10.944 10.515 10.086 9.657 9.228 8.799 8.37 7.941 7.512 7.165 7.115 7.066 7.016 6.966 6.917 6.867 6.889 7.036 7.183 7.329 7.476 7.622 7.769 7.815 7.648 7.482 7.315 7.148 6.982 6.815 6.648 6.482 6.315 6.44 6.585
21.996 21.45 21.246 21.555 21.864 22.174 22.483 22.49 22.414 22.338 22.262 22.186 22.11 22.034 21.957 21.881 21.805 21.729 21.653 22.202 22.771 23.341 23.911 24.48 25.05 25.619 26.189 26.759 27.328 27.898 28.336 28.623 28.909 29.195 29.482 29.264 28.616 27.969 27.321 26.673 26.415 26.575 26.736 26.897 27.057 27.218 27.378 27.539 27.699 27.86 28.02 28.086 27.369 26.651 25.934 25.216 24.499 23.782 23.064 22.347 21.629 20.912 20.22 20.151 20.082 20.013 19.945 19.876 19.805 19.733 19.662 19.59 19.518 19.391 18.982 18.572 18.163 17.754 17.345 16.935 16.526 16.117 15.707 15.298 14.996 15.024 15.052 15.08 15.108 15.136 15.165 15.193 15.221 15.249 15.277 14.904 14.286 13.669 13.052 12.434 11.817 11.352 10.923 10.494 10.066 9.637 9.208 8.779 8.35 7.921 7.492 7.222 7.172 7.123 7.073 7.024 6.974 7.0 7.146 7.293 7.439 7.586 7.733 7.825 7.658 7.491 7.325 7.158 6.991 6.825 6.658 6.491 6.325 6.158 6.288 6.433
22.104 21.558 21.367 21.677 21.986 22.296 22.36 22.284 22.208 22.132 22.056 21.98 21.903 21.827 21.751 21.675 21.599 21.523 21.446 22.006 22.575 23.145 23.715 24.284 24.854 25.423 25.993 26.563 27.132 27.702 28.272 28.653 28.939 29.225 29.512 29.278 28.631 27.983 27.336 26.958 27.118 27.279 27.439 27.6 27.76 27.921 28.081 28.242 28.403 28.563 28.724 28.775 28.057 27.34 26.623 25.905 25.188 24.47 23.753 23.036 22.318 21.601 20.883 20.323 20.254 20.185 20.117 20.048 19.977 19.905 19.834 19.762 19.684 19.275 18.866 18.457 18.047 17.638 17.229 16.819 16.41 16.001 15.591 15.182 14.887 14.915 14.943 14.972 15.0 15.028 15.056 15.084 15.112 15.141 15.169 15.197 14.692 14.074 13.457 12.84 12.222 11.761 11.332 10.903 10.474 10.045 9.616 9.188 8.759 8.33 7.901 7.472 7.279 7.23 7.18 7.13 7.081 7.11 7.256 7.403 7.55 7.696 7.834 7.668 7.501 7.334 7.168 7.001 6.834 6.668 6.501 6.334 6.168 6.001 6.136 6.281
22.213 21.667 21.489 21.799 22.108 22.23 22.154 22.078 22.002 21.925 21.849 21.773 21.697 21.621 21.545 21.469 21.392 21.316 21.24 21.81 22.379 22.949 23.519 24.088 24.658 25.228 25.797 26.367 26.936 27.506 28.076 28.645 28.969 29.255 29.541 29.293 28.646 27.998 27.5 27.661 27.821 27.982 28.142 28.303 28.463 28.624 28.785 28.945 29.106 29.266 29.427 29.463 28.746 28.029 27.311 26.594 25.877 25.159 24.442 23.724 23.007 22.29 21.572 20.855 20.426 20.357 20.289 20.22 20.149 20.077 20.006 19.934 19.569 19.159 18.75 18.341 17.931 17.522 17.113 16.703 16.294 15.885 15.476 15.066 14.779 14.807 14.835 14.863 14.891 14.919 14.948 14.976 15.004 15.032 15.06 15.088 15.097 14.48 13.862 13.245 12.628 12.17 11.741 11.312 10.883 10.454 10.025 9.596 9.167 8.738 8.309 7.881 7.452 7.337 7.287 7.237 7.188 7.22 7.367 7.513 7.66 7.806 7.677 7.511 7.344 7.177 7.011 6.844 6.677 6.511 6.344 6.177 6.011 5.844 5.984 6.129
22.321 21.775 21.611 21.921 22.1 22.024 21.948 21.871 21.795 21.719 21.643 21.567 21.491 21.415 21.338 21.262 21.186 21.11 21.044 21.614 22.183 22.753 23.323 23.892 24.462 25.032 25.601 26.171 26.74 27.31 27.88 28.449 28.999 29.285 29.571 29.308 28.66 28.043 28.203 28.364 28.524 28.685 28.846 29.006 29.167 29.327 29.488 29.648 29.809 29.969 30.13 30.152 29.435 28.717 28.0 27.283 26.565 25.848 25.13 24.413 23.696 22.978 22.261 21.544 20.826 20.53 20.461 20.392 20.321 20.249 20.178 19.862 19.453 19.043 18.634 18.225 17.816 17.406 16.997 16.588 16.178 15.769 15.36 14.95 14.67 14.698 14.726 14.755 14.783 14.811 14.839 14.867 14.895 14.924 14.952 14.98 15.008 14.885 14.268 13.65 13.033 12.578 12.149 11.72 11.292 10.863 10.434 10.005 9.576 9.147 8.718 8.289 7.86 7.443 7.394 7.344 7.295 7.33 7.477 7.624 7.77 7.687 7.52 7.353 7.187 7.02 6.853 6.687 6.52 6.353 6.187 6.02 5.853 5.688 5.833 5.978
22.429 21.883 21.733 21.97 21.894 21.817 21.741 21.665 21.589 21.513 21.437 21.361 21.284 21.208 21.132 21.056 20.98 20.904 20.848 21.418 21.987 22.557 23.127 23.696 24.266 24.836 25.405 25.975 26.545 27.114 27.684 28.253 28.823 29.315 29.601 29.323 28.675 28.746 28.906 29.067 29.228 29.388 29.549 29.709 29.87 30.03 30.191 30.351 30.512 30.673 30.833 30.841 30.124 29.406 28.689 27.971 27.254 26.537 25.819 25.102 24.384 23.667 22.95 22.232 21.515 20.798 20.633 20.564 20.493 20.421 20.155 19.746 19.337 18.928 18.518 18.109 17.7 17.29 16.881 16.472 16.062 15.653 15.244 14.835 14.562 14.59 14.618 14.646 14.674 14.702 14.731 14.759 14.787 14.815 14.843 14.871 14.899 14.928 14.673 14.056 13.438 12.987 12.558 12.129 11.7 11.271 10.842 10.413 9.985 9.556 9.127 8.698 8.269 7.84 7.501 7.451 7.401 7.441 7.587 7.734 7.696 7.53 7.363 7.196 7.03 6.863 6.696 6.53 6.363 6.196 6.03 5.863 5.696 5.536 5.681 5.826
22.537 21.992 21.84 21.763 21.687 21.611 21.535 21.459 21.383 21.306 21.23 21.154 21.078 21.002 20.926 20.85 20.773 20.697 20.652 21.222 21.791 22.361 22.931 23.5 24.07 24.64 25.209 25.779 26.349 26.918 27.488 28.058 28.627 29.197 29.631 29.337 29.289 29.449 29.61 29.77 29.931 30.091 30.252 30.412 30.573 30.734 30.894 31.055 31.215 31.376 31.536 31.53 30.812 30.095 29.378 28.66 27.943 27.225 26.508 25.791 25.073 24.356 23.638 22.921 22.204 21.486 20.805 20.736 20.665 20.449 20.04 19.63 19.221 18.812 18.402 17.993 17.584 17.175 16.765 16.356 15.947 15.537 15.128 14.719 14.453 14.481 14.509 14.538 14.566 14.594 14.622 14.65 14.678 14.707 14.735 14.763 14.791 14.819 14.847 14.461 13.844 13.396 12.967 12.538 12.109 11.68 11.251 10.822 10.393 9.964 9.535 9.107 8.678 8.249 7.82 7.558 7.508 7.551 7.697 7.706 7.539 7.373 7.206 7.039 6.873 6.706 6.539 6.373 6.206 6.039 5.873 5.706 5.539 5.384 5.529 5.674
22.612 22.068 21.752 21.672 21.592 21.512 21.432 21.351 21.271 21.191 21.111 21.03 20.95 20.87 20.79 20.709 20.629 20.549 20.462 21.012 21.583 22.154 22.725 23.295 23.866 24.437 25.008 25.578 26.149 26.72 27.291 27.861 28.431 29.001 29.57 29.831 29.992 30.152 30.313 30.473 30.634 30.794 30.955 31.116 31.276 31.437 31.597 31.758 31.918 32.079 32.24 32.218 31.501 30.784 30.066 29.349 28.631 27.914 27.197 26.479 25.762 25.045 24.327 23.61 22.892 22.175 21.458 20.908 20.742 20.333 19.924 19.514 19.105 18.696 18.287 17.877 17.468 17.059 16.649 16.24 15.831 15.421 15.012 14.603 14.345 14.373 14.401 14.429 14.457 14.485 14.514 14.542 14.57 14.598 14.626 14.654 14.682 14.711 14.739 14.767 14.249 13.804 13.375 12.946 12.518 12.089 11.66 11.231 10.802 10.373 9.944 9.515 9.086 8.657 8.228 7.8 7.615 7.661 7.715 7.549 7.382 7.215 7.049 6.882 6.715 6.549 6.382 6.215 6.049 5.882 5.715 5.549 5.382 5.233 5.378 5.523
22.654 22.109 21.801 21.721 21.641 21.561 21.48 21.4 21.32 21.24 21.159 21.079 20.999 20.919 20.839 20.758 20.678 20.579 20.348 20.747 21.318 21.889 22.459 23.03 23.601 24.172 24.742 25.313 25.884 26.455 27.025 27.596 28.167 28.738 29.308 29.622 29.798 29.974 30.151 30.327 30.504 30.68 30.857 31.033 31.21 31.386 31.563 31.739 31.916 32.092 32.269 32.911 32.361 31.64 30.918 30.196 29.475 28.753 28.031 27.31 26.588 25.866 25.144 24.423 23.701 22.979 22.258 21.536 21.048 20.621 20.193 19.766 19.339 18.912 18.485 18.057 17.63 17.203 16.776 16.349 15.922 15.494 15.067 14.64 14.353 14.366 14.378 14.391 14.403 14.416 14.428 14.441 14.461 14.489 14.518 14.546 14.574 14.602 14.63 14.658 14.655 14.213 13.784 13.355 12.926 12.497 12.068 11.639 11.211 10.782 10.353 9.924 9.495 9.066 8.637 8.208 7.779 7.725 7.558 7.392 7.225 7.058 6.892 6.725 6.558 6.392 6.225 6.058 5.892 5.725 5.558 5.392 5.225 5.081 5.226 5.371
22.695 22.151 21.85 21.77 21.69 21.61 21.529 21.449 21.369 21.289 21.208 21.128 21.048 20.968 20.887 20.807 20.727 20.454 20.234 20.615 21.053 21.623 22.194 22.765 23.336 23.906 24.477 25.048 25.619 26.189 26.76 27.331 27.902 28.472 29.043 29.35 29.526 29.703 29.879 30.056 30.232 30.409 30.585 30.762 30.938 31.115 31.291 31.468 31.644 31.821 32.619 33.442 33.245 32.589 31.867 31.146 30.424 29.702 28.981 28.259 27.537 26.816 26.094 25.372 24.65 23.929 23.207 22.485 22.002 21.575 21.148 20.721 20.293 19.866 19.439 19.012 18.585 18.157 17.73 17.303 16.876 16.449 16.022 15.538 15.171 15.183 15.196 15.208 15.221 15.233 15.246 15.259 15.271 15.284 15.296 15.309 15.321 15.334 15.346 15.359 15.265 14.846 14.413 13.979 13.546 13.112 12.679 12.245 11.812 11.378 10.945 10.511 10.078 9.644 9.211 8.777 8.343 7.944 7.766 7.588 7.41 7.232 7.054 6.875 6.697 6.519 6.341 6.163 5.985 5.807 5.629 5.45 5.272 5.122 5.255 5.389
22.737 22.192 21.899 21.819 21.739 21.658 21.578 21.498 21.418 21.337 21.257 21.177 21.097 21.017 20.936 20.856 20.614 20.33 20.12 20.501 20.882 21.358 21.929 22.499 23.07 23.641 24.212 24.783 25.353 25.924 26.495 27.066 27.636 28.207 28.778 29.078 29.255 29.431 29.608 29.784 29.961 30.137 30.314 30.49 30.667 30.843 31.02 31.196 31.373 32.027 33.172 33.974 33.777 33.539 32.817 32.095 31.373 30.652 29.93 29.208 28.487 27.765 27.043 26.322 25.6 24.878 24.157 23.435 22.956 22.529 22.102 21.675 21.248 20.821 20.393 19.966 19.539 19.112 18.685 18.257 17.83 17.403 16.945 16.346 15.989 16.001 16.014 16.026 16.039 16.051 16.064 16.076 16.089 16.101 16.114 16.127 16.139 16.152 16.164 16.094 15.946 15.522 15.089 14.655 14.222 13.788 13.355 12.921 12.488 12.055 11.621 11.188 10.754 10.321 9.887 9.454 8.589 8.225 8.274 8.096 7.918 7.74 7.562 7.384 7.206 7.027 6.849 6.671 6.493 6.315 6.137 5.959 5.78 5.636 5.769 5.903
22.778 22.234 21.948 21.868 21.788 21.707 21.627 21.547 21.467 21.386 21.306 21.226 21.146 21.065 20.985 20.773 20.489 20.205 20.006 20.387 20.768 21.149 21.663 22.234 22.805 23.376 23.946 24.517 25.088 25.659 26.23 26.8 27.371 27.942 28.513 28.806 28.983 29.159 29.336 29.512 29.689 29.865 30.042 30.218 30.395 30.571 30.748 30.924 31.435 32.58 33.726 34.505 34.308 34.111 33.766 33.045 32.323 31.601 30.88 30.158 29.436 28.714 27.993 27.271 26.549 25.828 25.106 24.384 23.911 23.484 23.056 22.629 22.202 21.775 21.348 20.92 20.493 20.066 19.639 19.212 18.785 18.352 17.753 17.154 16.807 16.819 16.832 16.844 16.857 16.869 16.882 16.894 16.907 16.919 16.932 16.944 16.957 16.969 16.923 16.775 16.627 16.199 15.765 15.332 14.898 14.465 14.031 13.598 13.164 12.731 12.297 11.864 11.43 10.997 10.563 9.773 8.835 8.489 8.618 8.604 8.426 8.248 8.07 7.892 7.714 7.536 7.357 7.179 7.001 6.823 6.645 6.467 6.289 6.149 6.283 6.416
22.82 22.275 21.997 21.917 21.836 21.756 21.676 21.596 21.516 21.435 21.355 21.275 21.195 21.114 20.933 20.649 20.364 20.08 19.892 20.273 20.654 21.035 21.416 21.969 22.54 23.11 23.681 24.252 24.823 25.393 25.964 26.535 27.106 27.677 28.247 28.535 28.711 28.888 29.064 29.241 29.417 29.594 29.77 29.947 30.123 30.3 30.476 30.843 31.988 33.134 34.279 35.036 34.84 34.643 34.446 33.994 33.272 32.551 31.829 31.107 30.386 29.664 28.942 28.221 27.499 26.777 26.055 25.334 24.865 24.438 24.011 23.584 23.156 22.729 22.302 21.875 21.448 21.02 20.593 20.166 19.739 19.16 18.561 17.961 17.625 17.637 17.65 17.662 17.675 17.687 17.7 17.712 17.725 17.737 17.75 17.762 17.775 17.752 17.604 17.456 17.308 16.875 16.441 16.008 15.574 15.141 14.707 14.274 13.84 13.407 12.974 12.54 12.107 11.673 10.957 10.019 9.08 8.753 8.882 9.011 8.935 8.756 8.578 8.4 8.222 8.044 7.866 7.688 7.509 7.331 7.153 6.975 6.797 6.663 6.796 6.93
22.861 22.317 22.046 21.966 21.885 21.805 21.725 21.645 21.564 21.484 21.404 21.324 21.243 21.092 20.808 20.524 20.24 19.956 19.778 20.159 20.54 20.921 21.302 21.704 22.274 22.845 23.416 23.987 24.557 25.128 25.699 26.27 26.84 27.411 27.982 28.263 28.439 28.616 28.792 28.969 29.145 29.322 29.498 29.675 29.851 30.028 30.251 31.397 32.542 33.687 34.833 35.568 35.371 35.174 34.977 34.781 34.222 33.5 32.778 32.057 31.335 30.613 29.892 29.17 28.448 27.727 27.005 26.283 25.819 25.392 24.965 24.538 24.111 23.684 23.256 22.829 22.402 21.975 21.548 21.12 20.567 19.968 19.368 18.769 18.443 18.455 18.468 18.48 18.493 18.505 18.518 18.53 18.543 18.555 18.568 18.58 18.581 18.433 18.285 18.137 17.985 17.551 17.118 16.684 16.251 15.817 15.384 14.95 14.517 14.083 13.65 13.216 12.783 12.141 11.203 10.264 9.326 9.017 9.146 9.275 9.404 9.265 9.086 8.908 8.73 8.552 8.374 8.196 8.018 7.839 7.661 7.483 7.305 7.176 7.31 7.443
22.903 22.358 22.095 22.014 21.934 21.854 21.774 21.694 21.613 21.533 21.453 21.373 21.252 20.968 20.683 20.399 20.115 19.831 19.664 20.045 20.426 20.807 21.188 21.569 22.009 22.58 23.151 23.721 24.292 24.863 25.434 26.004 26.575 27.146 27.717 27.991 28.168 28.344 28.521 28.697 28.874 29.05 29.227 29.403 29.58 29.756 30.805 31.95 33.095 34.241 35.386 36.099 35.902 35.706 35.509 35.312 35.115 34.45 33.728 33.006 32.285 31.563 30.841 30.119 29.398 28.676 27.954 27.233 26.774 26.347 25.919 25.492 25.065 24.638 24.211 23.784 23.356 22.929 22.502 21.974 21.375 20.775 20.176 19.577 19.261 19.273 19.286 19.298 19.311 19.323 19.336 19.348 19.361 19.373 19.386 19.398 19.262 19.114 18.966 18.818 18.661 18.227 17.794 17.36 16.927 16.493 16.06 15.626 15.193 14.759 14.326 13.893 13.325 12.387 11.448 10.51 9.571 9.28 9.409 9.538 9.667 9.773 9.595 9.416 9.238 9.06 8.882 8.704 8.526 8.348 8.17 7.991 7.813 7.69 7.824 7.957
22.944 22.4 22.144 22.063 21.983 21.903 21.823 21.742 21.662 21.582 21.502 21.411 21.127 20.843 20.559 20.275 19.99 19.706 19.55 19.931 20.312 20.693 21.074 21.455 21.836 22.315 22.885 23.456 24.027 24.598 25.168 25.739 26.31 26.881 27.451 27.72 27.896 28.073 28.249 28.426 28.602 28.779 28.955 29.132 29.308 30.213 31.358 32.503 33.649 34.794 35.939 36.631 36.434 36.237 36.04 35.843 35.647 35.399 34.677 33.956 33.234 32.512 31.791 31.069 30.347 29.625 28.904 28.182 27.728 27.301 26.874 26.447 26.019 25.592 25.165 24.738 24.311 23.884 23.381 22.782 22.182 21.583 20.984 20.384 20.079 20.091 20.104 20.116 20.129 20.141 20.154 20.166 20.179 20.191 20.204 20.091 19.943 19.795 19.647 19.499 19.337 18.904 18.47 18.037 17.603 17.17 16.736 16.303 15.869 15.436 15.002 14.509 13.571 12.633 11.694 10.756 9.817 9.544 9.673 9.802 9.931 10.06 10.103 9.925 9.747 9.568 9.39 9.212 9.034 8.856 8.678 8.5 8.321 8.204 8.337 8.471
22.986 22.441 22.192 22.112 22.032 21.952 21.872 21.791 21.711 21.631 21.551 21.287 21.002 20.718 20.434 20.15 19.866 19.582 19.436 19.817 20.198 20.579 20.96 21.341 21.722 22.103 22.62 23.191 23.762 24.332 24.903 25.474 26.045 26.615 27.186 27.448 27.624 27.801 27.977 28.154 28.33 28.507 28.683 28.86 29.621 30.766 31.912 33.057 34.202 35.348 36.493 37.162 36.965 36.768 36.572 36.375 36.178 35.981 35.627 34.905 34.183 33.462 32.74 32.018 31.297 30.575 29.853 29.132 28.683 28.255 27.828 27.401 26.974 26.547 26.119 25.692 25.265 24.788 24.188 23.589 22.99 22.391 21.791 21.192 20.897 20.909 20.922 20.934 20.947 20.959 20.972 20.984 20.997 21.009 20.92 20.772 20.624 20.476 20.328 20.18 20.013 19.58 19.146 18.713 18.279 17.846 17.412 16.979 16.545 16.112 15.678 14.755 13.817 12.878 11.94 11.001 10.063 9.808 9.937 10.066 10.195 10.324 10.453 10.433 10.255 10.077 9.898 9.72 9.542 9.364 9.186 9.008 8.83 8.717 8.851 8.984
23.027 22.483 22.241 22.161 22.081 22.001 21.92 21.84 21.76 21.68 21.446 21.162 20.878 20.594 20.309 20.025 19.741 19.457 19.322 19.703 20.084 20.465 20.846 21.227 21.608 21.989 22.369 22.925 23.496 24.067 24.638 25.209 25.779 26.35 26.921 27.176 27.353 27.529 27.706 27.882 28.059 28.235 28.412 29.029 30.174 31.32 32.465 33.61 34.756 35.901 37.046 37.693 37.497 37.3 37.103 36.906 36.709 36.512 36.316 35.855 35.133 34.411 33.689 32.968 32.246 31.524 30.803 30.081 29.637 29.21 28.782 28.355 27.928 27.501 27.074 26.647 26.195 25.595 24.996 24.397 23.798 23.198 22.599 22.0 21.714 21.727 21.74 21.752 21.765 21.777 21.79 21.802 21.815 21.749 21.601 21.453 21.305 21.157 21.009 20.862 20.69 20.256 19.823 19.389 18.956 18.522 18.089 17.655 17.222 16.788 15.939 15.001 14.062 13.124 12.185 11.247 10.308 10.072 10.201 10.33 10.459 10.588 10.717 10.846 10.763 10.585 10.407 10.229 10.05 9.872 9.694 9.516 9.338 9.231 9.364 9.498
23.069 22.524 22.29 22.21 22.13 22.05 21.969 21.889 21.809 21.606 21.321 21.037 20.753 20.469 20.185 19.901 19.616 19.332 19.209 19.589 19.97 20.351 20.732 21.113 21.494 21.875 22.255 22.66 23.231 23.802 24.372 24.943 25.514 26.085 26.655 26.904 27.081 27.257 27.434 27.61 27.787 27.963 28.437 29.583 30.728 31.873 33.019 34.164 35.309 36.454 37.6 38.225 38.028 37.831 37.634 37.437 37.241 37.044 36.847 36.65 36.082 35.361 34.639 33.917 33.196 32.474 31.752 31.03 30.591 30.164 29.737 29.31 28.882 28.455 28.028 27.601 27.002 26.403 25.804 25.205 24.605 24.006 23.407 22.807 22.532 22.545 22.557 22.57 22.582 22.595 22.607 22.62 22.579 22.431 22.283 22.135 21.987 21.839 21.691 21.543 21.366 20.932 20.499 20.065 19.632 19.198 18.765 18.331 17.898 17.123 16.185 15.246 14.308 13.369 12.431 11.492 10.554 10.336 10.465 10.594 10.723 10.852 10.981 11.11 11.239 11.093 10.915 10.737 10.559 10.38 10.202 10.024 9.846 9.744 9.878 10.011
23.11 22.566 22.339 22.259 22.179 22.098 22.018 21.938 21.765 21.481 21.197 20.913 20.628 20.344 20.06 19.776 19.492 19.208 19.095 19.475 19.856 20.237 20.618 20.999 21.38 21.761 22.141 22.522 22.966 23.536 24.107 24.678 25.249 25.819 26.39 26.633 26.809 26.986 27.162 27.339 27.515 27.845 28.991 30.136 31.281 32.427 33.572 34.717 35.863 37.008 38.153 38.756 38.559 38.362 38.166 37.969 37.772 37.575 37.378 37.182 36.985 36.31 35.588 34.867 34.145 33.423 32.702 31.98 31.546 31.118 30.691 30.264 29.837 29.41 28.982 28.409 27.81 27.211 26.611 26.012 25.413 24.814 24.214 23.615 23.35 23.363 23.375 23.388 23.4 23.413 23.425 23.408 23.26 23.112 22.964 22.816 22.668 22.52 22.372 22.224 22.042 21.609 21.175 20.742 20.308 19.875 19.441 19.008 18.307 17.369 16.43 15.492 14.553 13.615 12.676 11.738 10.799 10.6 10.729 10.858 10.987 11.116 11.245 11.374 11.503 11.601 11.423 11.245 11.067 10.889 10.711 10.532 10.354 10.258 10.392 10.525
23.152 22.607 22.388 22.308 22.228 22.147 22.067 21.925 21.64 21.356 21.072 20.788 20.504 20.22 19.935 19.651 19.367 19.083 18.981 19.361 19.742 20.123 20.504 20.885 21.266 21.647 22.028 22.408 22.789 23.271 23.842 24.413 24.983 25.554 26.125 26.361 26.538 26.714 26.89 27.067 27.253 28.399 29.544 30.689 31.835 32.98 34.125 35.271 36.416 37.561 38.707 39.287 39.091 38.894 38.697 38.5 38.303 38.107 37.91 37.713 37.516 37.26 36.538 35.816 35.094 34.373 33.651 32.929 32.5 32.073 31.646 31.218 30.791 30.364 29.816 29.217 28.618 28.018 27.419 26.82 26.221 25.621 25.022 24.423 24.168 24.181 24.193 24.206 24.218 24.231 24.237 24.089 23.941 23.793 23.645 23.497 23.349 23.201 23.053 22.905 22.718 22.285 21.851 21.418 20.984 20.551 20.117 19.491 18.553 17.614 16.676 15.737 14.799 13.861 12.922 11.984 11.045 10.864 10.993 11.122 11.251 11.38 11.509 11.638 11.767 11.896 11.931 11.753 11.575 11.397 11.219 11.041 10.862 10.772 10.905 11.039
23.193 22.649 22.437 22.357 22.276 22.196 22.084 21.8 21.516 21.232 20.947 20.663 20.379 20.095 19.811 19.527 19.242 18.958 18.867 19.247 19.628 20.009 20.39 20.771 21.152 21.533 21.914 22.294 22.675 23.056 23.577 24.147 24.718 25.289 25.86 26.089 26.266 26.442 26.619 26.795 27.807 28.952 30.098 31.243 32.388 33.534 34.679 35.824 36.97 38.115 39.26 39.819 39.622 39.425 39.228 39.032 38.835 38.638 38.441 38.244 38.048 37.851 37.487 36.766 36.044 35.322 34.6 33.881 33.454 33.027 32.6 32.173 31.746 31.223 30.624 30.025 29.425 28.826 28.227 27.627 27.028 26.429 25.83 25.23 24.986 24.999 25.011 25.024 25.036 25.049 24.918 24.77 24.622 24.474 24.326 24.178 24.03 23.882 23.734 23.586 23.395 22.961 22.528 22.094 21.661 21.227 20.675 19.737 18.799 17.86 16.922 15.983 15.045 14.106 13.168 12.229 11.291 11.128 11.257 11.386 11.515 11.644 11.773 11.902 12.031 12.16 12.289 12.261 12.083 11.905 11.727 11.549 11.371 11.285 11.419 11.552
23.235 22.69 22.486 22.406 22.325 22.244 21.959 21.675 21.391 21.107 20.823 20.539 20.254 19.97 19.686 19.402 19.118 18.834 18.753 19.134 19.514 19.895 20.276 20.657 21.038 21.419 21.8 22.18 22.561 22.942 23.323 23.882 24.453 25.024 25.594 25.818 25.994 26.171 26.347 27.215 28.36 29.506 30.651 31.796 32.942 34.087 35.232 36.378 37.523 38.668 39.814 40.35 40.153 39.957 39.76 39.563 39.366 39.169 38.973 38.776 38.579 38.382 38.185 37.715 36.993 36.272 35.55 34.836 34.409 33.981 33.554 33.127 32.63 32.031 31.432 30.832 30.233 29.634 29.034 28.435 27.836 27.237 26.637 26.038 25.804 25.817 25.829 25.842 25.854 25.747 25.599 25.451 25.303 25.155 25.007 24.859 24.711 24.563 24.415 24.267 24.071 23.637 23.204 22.77 22.337 21.86 20.921 19.983 19.044 18.106 17.167 16.229 15.29 14.352 13.413 12.475 11.536 11.392 11.521 11.65 11.779 11.908 12.037 12.166 12.295 12.424 12.553 12.682 12.591 12.413 12.235 12.057 11.879 11.799 11.932 12.066
23.276 22.732 22.535 22.454 22.374 22.119 21.835 21.551 21.266 20.982 20.698 20.414 20.13 19.846 19.561 19.277 18.993 18.709 18.639 19.02 19.4 19.781 20.162 20.543 20.924 21.305 21.686 22.066 22.447 22.828 23.209 23.617 24.187 24.758 25.329 25.546 25.722 25.899 26.623 27.768 28.914 30.059 31.204 32.35 33.495 34.64 35.786 36.931 38.076 39.222 40.367 40.882 40.685 40.488 40.291 40.094 39.898 39.701 39.504 39.307 39.11 38.914 38.717 38.52 37.943 37.221 36.499 35.79 35.363 34.936 34.509 34.037 33.438 32.839 32.239 31.64 31.041 30.441 29.842 29.243 28.644 28.044 27.445 26.846 26.622 26.635 26.647 26.66 26.576 26.428 26.28 26.132 25.984 25.836 25.688 25.54 25.392 25.244 25.096 24.948 24.747 24.314 23.88 23.447 23.013 22.105 21.167 20.228 19.29 18.351 17.413 16.474 15.536 14.597 13.659 12.72 11.782 11.656 11.785 11.914 12.043 12.172 12.301 12.43 12.559 12.688 12.817 12.946 13.075 12.921 12.743 12.565 12.387 12.312 12.446 12.579
